date,open,high,low,close,pre_close,change,pct_chg,volume,amount,factor,turnover_rate,turnover_rate_f,volume_ratio,pe,pe_ttm,pb,ps,ps_ttm,dv_ratio,dv_ttm,total_share,float_share,free_share,total_mv,circ_mv,industry,l1_name,l2_name,l3_name,up_limit,down_limit,is_st
2009-01-05,5.68,5.8,5.61,5.8,5.57,0.2299999999999995,4.13,3386839.0,9036103.3,2.142,0.010585,0.01436,1.09,70.283,66.8463,2.2644,3.244,3.3695,0.0,,1011660000.0,319963650.0,235852451.0,2741598600.0,867101492.0,区域地产,房地产,房地产开发,住宅开发,2.86,2.34,
2009-01-06,5.8,6.04,5.72,6.0,5.8,0.2000000000000001,3.45,4627001.0,12780093.5,2.142,0.014461,0.019618,1.47,72.6171,69.0663,2.3396,3.3517,3.4814,0.0,,1011660000.0,319963650.0,235852451.0,2832648000.0,895898220.0,区域地产,房地产,房地产开发,住宅开发,2.98,2.44,
2009-01-07,6.0,6.1,5.91,6.0,6.0,0.0,0.0,4061532.0,11425209.6,2.142,0.012694,0.017221,1.11,72.6171,69.0663,2.3396,3.3517,3.4814,0.0,,1011660000.0,319963650.0,235852451.0,2832648000.0,895898220.0,区域地产,房地产,房地产开发,住宅开发,3.08,2.52,
2009-01-08,5.91,6.0,5.78,5.87,6.0,-0.1299999999999999,-2.17,3558872.0,9787069.9,2.142,0.011123,0.0150889999999999,1.0,71.061,67.5863,2.2894,3.2799,3.4068,0.0,,1011660000.0,319963650.0,235852451.0,2771948400.0000005,876700401.0,区域地产,房地产,房地产开发,住宅开发,3.08,2.52,
2009-01-09,5.87,6.08,5.83,6.02,5.87,0.1499999999999994,2.56,3539871.0,9869415.7,2.142,0.011063,0.015009,0.98,72.8765,69.313,2.3479,3.3637,3.4939,0.0,,1011660000.0,319963650.0,235852451.0,2842764600.0,899097856.9999999,区域地产,房地产,房地产开发,住宅开发,3.01,2.47,
2009-01-12,6.0,6.13,5.89,6.13,6.02,0.1100000000000003,1.83,5390767.0,15207665.7,2.142,0.016848,0.022857,1.41,74.1732,70.5463,2.3897,3.4236,3.556,0.0,,1011660000.0,319963650.0,235852451.0,2893347600.0,915096039.0,区域地产,房地产,房地产开发,住宅开发,3.09,2.53,
2009-01-13,6.13,6.3,6.02,6.02,6.13,-0.1100000000000003,-1.79,5644482.0,16201882.5,2.142,0.017641,0.023932,1.33,72.8765,69.313,2.3479,3.3637,3.4939,0.0,,1011660000.0,319963650.0,235852451.0,2842764600.0,899097856.9999999,区域地产,房地产,房地产开发,住宅开发,3.15,2.57,
2009-01-14,5.95,6.17,5.89,6.17,6.02,0.1500000000000003,2.49,4386398.0,12429571.1,2.142,0.013709,0.018598,0.99,74.6919,71.0396,2.4064,3.4475,3.5809,0.0,,1011660000.0,319963650.0,235852451.0,2913580800.0,921495312.0,区域地产,房地产,房地产开发,住宅开发,3.09,2.53,
2009-01-15,6.17,6.4,6.13,6.21,6.17,0.04,0.65,8290310.000000001,24151656.8,2.142,0.02591,0.03515,1.84,75.2106,71.533,2.4231,3.4714,3.6058,0.0,,1011660000.0,319963650.0,235852451.0,2933814000.0,927894585.0,区域地产,房地产,房地产开发,住宅开发,3.17,2.59,
2009-01-16,6.19,6.36,6.17,6.21,6.21,0.0,0.0,5416953.0,15886400.2,2.142,0.01693,0.022968,0.99,75.2106,71.533,2.4231,3.4714,3.6058,0.0,,1011660000.0,319963650.0,235852451.0,2933814000.0,927894585.0,区域地产,房地产,房地产开发,住宅开发,3.19,2.61,
2009-01-19,6.23,6.38,6.15,6.28,6.21,0.0700000000000002,1.13,3949207.0,11553786.4,2.142,0.012343,0.016744,0.68,75.9886,72.273,2.4482,3.5074,3.6431,0.0,,1011660000.0,319963650.0,235852451.0,2964163800.0,937493495.0,区域地产,房地产,房地产开发,住宅开发,3.19,2.61,
2009-01-20,6.25,6.25,6.04,6.19,6.28,-0.0899999999999998,-1.43,2700524.0,7752024.1,2.142,0.00844,0.01145,0.49,74.9512,71.2863,2.4148,3.4595,3.5933,0.0,,1011660000.0,319963650.0,235852451.0,2923697400.0,924694949.0,区域地产,房地产,房地产开发,住宅开发,3.22,2.64,
2009-01-21,6.13,6.28,6.1,6.19,6.19,0.0,0.0,2609020.0,7560845.1,2.142,0.008154,0.011062,0.53,74.9512,71.2863,2.4148,3.4595,3.5933,0.0,,1011660000.0,319963650.0,235852451.0,2923697400.0,924694949.0,区域地产,房地产,房地产开发,住宅开发,3.18,2.6,
2009-01-22,6.21,6.28,6.17,6.28,6.19,0.0899999999999998,1.45,3053905.0,8876903.200000001,2.142,0.009545,0.012948,0.66,75.9886,72.273,2.4482,3.5074,3.6431,0.0,,1011660000.0,319963650.0,235852451.0,2964163800.0,937493495.0,区域地产,房地产,房地产开发,住宅开发,3.18,2.6,
2009-01-23,6.28,6.3,6.19,6.23,6.28,-0.0499999999999998,-0.8,2947447.0,8588923.8,2.142,0.009212,0.012497,0.83,75.4699,71.7796,2.4315,3.4834,3.6182,0.0,,1011660000.0,319963650.0,235852451.0,2943930600.0,931094222.0,区域地产,房地产,房地产开发,住宅开发,3.22,2.64,
2009-02-02,6.25,6.34,6.21,6.34,6.23,0.1099999999999994,1.77,4622382.0,13591856.1,2.142,0.014447,0.019599,1.51,76.7667,73.013,2.4732,3.5433,3.6804,0.0,,1011660000.0,319963650.0,235852451.0,2994513600.0,947092404.0,区域地产,房地产,房地产开发,住宅开发,3.2,2.62,
2009-02-03,6.32,6.53,6.32,6.51,6.34,0.1699999999999999,2.68,7151338.0,21517249.5,2.142,0.02235,0.0303209999999999,2.24,78.8414,74.9863,2.5401,3.639,3.7798,0.0,,1011660000.0,319963650.0,235852451.0,3075446400.0,972689496.0,区域地产,房地产,房地产开发,住宅开发,3.26,2.66,
2009-02-04,6.55,6.68,6.49,6.68,6.51,0.1699999999999999,2.61,8045767.999999999,24757445.9,2.142,0.025146,0.034114,1.97,80.9162,76.9596,2.6069,3.7348,3.8793,0.0,,1011660000.0,319963650.0,235852451.0,3156379200.0,998286588.0,区域地产,房地产,房地产开发,住宅开发,3.34,2.74,
2009-02-05,6.68,6.83,6.43,6.51,6.68,-0.1699999999999999,-2.54,8734274.0,27159274.8,2.142,0.027298,0.037033,1.69,78.8414,74.9863,2.5401,3.639,3.7798,0.0,,1011660000.0,319963650.0,235852451.0,3075446400.0,972689496.0,区域地产,房地产,房地产开发,住宅开发,3.43,2.81,
2009-02-06,6.55,7.07,6.51,6.96,6.51,0.4500000000000002,6.91,15424379.0,49384159.3,2.142,0.048207,0.065398,2.45,84.2877,80.1662,2.7155,3.8904,4.041,0.0,,1011660000.0,319963650.0,235852451.0,3287895000.0,1039881863.0,区域地产,房地产,房地产开发,住宅开发,3.34,2.74,
2009-02-09,7.0,7.13,6.83,7.07,6.96,0.1100000000000003,1.58,15605610.999999998,50990641.1,2.142,0.048773,0.066167,1.77,85.5845,81.3996,2.7573,3.9503,4.1031,0.0,,1011660000.0,319963650.0,235852451.0,3338478000.0,1055880045.0,区域地产,房地产,房地产开发,住宅开发,3.58,2.93,
2009-02-10,6.96,7.39,6.92,7.33,7.07,0.2599999999999998,3.68,16703276.0,56336261.7,2.142,0.052204,0.070821,1.52,88.6966,84.3596,2.8576,4.0939,4.2523,0.0,,1011660000.0,319963650.0,235852451.0,3459877199.9999995,1094275683.0,区域地产,房地产,房地产开发,住宅开发,3.63,2.97,
2009-02-12,7.45,7.54,7.03,7.41,7.33,0.08,1.09,13685684.0,46439719.1,2.142,0.042773,0.058026,1.06,89.734,85.3462,2.891,4.1418,4.3021,0.0,,1011660000.0,319963650.0,235852451.0,3500343600.0,1107074229.0,区域地产,房地产,房地产开发,住宅开发,3.76,3.08,
2009-02-13,7.28,8.16,7.28,8.16,7.41,0.75,10.12,22179735.0,81434796.10000001,2.142,0.06932,0.094041,1.58,98.8111,93.9795,3.1835,4.5608,4.7372,0.0,,1011660000.0,319963650.0,235852451.0,3854424600.0,1219061507.0,区域地产,房地产,房地产开发,住宅开发,3.81,3.11,
2009-02-16,8.46,8.57,8.1,8.29,8.16,0.129999999999999,1.59,27444097.0,106805289.2,2.142,0.0857729999999999,0.116361,1.64,100.3672,95.4595,3.2336,4.6326,4.8118,0.0,,1011660000.0,319963650.0,235852451.0,3915124200.0,1238259326.0,区域地产,房地产,房地产开发,住宅开发,4.19,3.43,
2009-02-17,8.2,8.25,7.71,7.78,8.29,-0.5099999999999989,-6.15,13573576.0,50419440.8,2.142,0.042422,0.057551,0.71,94.1429,89.5395,3.0331,4.3453,4.5134,0.0,,1011660000.0,319963650.0,235852451.0,3672325800.0,1161468050.0,区域地产,房地产,房地产开发,住宅开发,4.26,3.48,
2009-02-18,7.6,7.88,7.39,7.5,7.78,-0.2800000000000002,-3.6,9280111.0,33058923.9,2.142,0.029004,0.039347,0.5,90.7714,86.3329,2.9244,4.1897,4.3518,0.0,,1011660000.0,319963650.0,235852451.0,3540810000.0,1119872775.0,区域地产,房地产,房地产开发,住宅开发,3.99,3.27,
2009-02-19,7.52,7.78,7.41,7.65,7.5,0.1500000000000003,2.0,8443035.0,29990951.4,2.142,0.026387,0.035798,0.49,92.5868,88.0595,2.9829,4.2735,4.4388,0.0,,1011660000.0,319963650.0,235852451.0,3611626200.0,1142270231.0,区域地产,房地产,房地产开发,住宅开发,3.85,3.15,
2009-02-20,7.6,7.8,7.43,7.78,7.65,0.1299999999999999,1.7,7522861.0,26777245.5,2.142,0.0235119999999999,0.031896,0.46,94.1429,89.5395,3.0331,4.3453,4.5134,0.0,,1011660000.0,319963650.0,235852451.0,3672325800.0,1161468050.0,区域地产,房地产,房地产开发,住宅开发,3.93,3.21,
2009-02-23,7.84,8.31,7.84,8.18,7.78,0.3999999999999994,5.14,14107754.0,53533623.4,2.142,0.044092,0.059816,1.06,99.0705,94.2262,3.1918,4.5727,4.7497,0.0,,1011660000.0,319963650.0,235852451.0,3864541200.0,1222261143.0,区域地产,房地产,房地产开发,住宅开发,3.99,3.27,
2009-02-24,8.14,8.38,7.75,7.78,8.18,-0.3999999999999994,-4.89,14119340.0,53202841.3,2.142,0.044128,0.059865,1.33,94.1429,89.5395,3.0331,4.3453,4.5134,0.0,,1011660000.0,319963650.0,235852451.0,3672325800.0,1161468050.0,区域地产,房地产,房地产开发,住宅开发,4.2,3.44,
2009-02-25,7.82,7.88,7.26,7.63,7.78,-0.1500000000000003,-1.93,10930820.0,38332799.8,2.142,0.034163,0.046346,1.02,92.3275,87.8129,2.9746,4.2615,4.4264,0.0,,1011660000.0,319963650.0,235852451.0,3601509600.0,1139070594.0,区域地产,房地产,房地产开发,住宅开发,3.99,3.27,
2009-02-26,7.52,7.67,6.88,6.98,7.63,-0.6499999999999995,-8.52,7010263.0,24036333.5,2.142,0.02191,0.029723,0.64,84.5471,80.4129,2.7239,3.9024,4.0534,0.0,,1011660000.0,319963650.0,235852451.0,3298011599.9999995,1043081499.0,区域地产,房地产,房地产开发,住宅开发,3.92,3.2,
2009-02-27,6.92,6.94,6.43,6.55,6.98,-0.4300000000000006,-6.16,6213350.0,19305695.0,2.142,0.019419,0.026344,0.58,79.3601,75.4796,2.5568,3.663,3.8047,0.0,,1011660000.0,319963650.0,235852451.0,3095679600.0,979088769.0,区域地产,房地产,房地产开发,住宅开发,3.59,2.93,
2009-03-02,6.47,6.88,6.47,6.79,6.55,0.2400000000000002,3.66,4611134.0,14567470.4,2.142,0.014411,0.019551,0.44,82.213,78.1929,2.6487,3.7946,3.9415,0.0,,1011660000.0,319963650.0,235852451.0,3206962199.9999995,1014284771.0,区域地产,房地产,房地产开发,住宅开发,3.37,2.75,
2009-03-03,6.62,6.9,6.53,6.79,6.79,0.0,0.0,4132790.0,13056037.8,2.142,0.012916,0.017523,0.48,82.213,78.1929,2.6487,3.7946,3.9415,0.0,,1011660000.0,319963650.0,235852451.0,3206962199.9999995,1014284771.0,区域地产,房地产,房地产开发,住宅开发,3.49,2.85,
2009-03-04,6.85,7.24,6.85,7.22,6.79,0.4299999999999997,6.33,7298102.0,24215274.4,2.142,0.022809,0.030944,1.11,87.3999,83.1262,2.8158,4.0341,4.1902,0.0,,1011660000.0,319963650.0,235852451.0,3409294200.0,1078277501.0,区域地产,房地产,房地产开发,住宅开发,3.49,2.85,
2009-03-05,7.28,7.48,7.05,7.26,7.22,0.04,0.55,8092112.0,27532637.2,2.142,0.025291,0.03431,1.38,87.9186,83.6196,2.8325,4.058,4.215,0.0,,1011660000.0,319963650.0,235852451.0,3429527400.0,1084676774.0,区域地产,房地产,房地产开发,住宅开发,3.71,3.03,
2009-03-06,7.18,7.63,7.07,7.39,7.26,0.1299999999999999,1.79,8829806.0,30670883.5,2.142,0.027596,0.037438,1.45,89.4747,85.0996,2.8827,4.1298,4.2896,0.0,,1011660000.0,319963650.0,235852451.0,3490227000.0,1103874593.0,区域地产,房地产,房地产开发,住宅开发,3.73,3.05,
2009-03-09,7.37,7.71,6.9,6.94,7.39,-0.4499999999999993,-6.09,7327324.000000001,25056458.3,2.142,0.0229,0.031067,1.11,84.0284,79.9196,2.7072,3.8784,4.0285,0.0,,1011660000.0,319963650.0,235852451.0,3277778400.0000005,1036682226.0,区域地产,房地产,房地产开发,住宅开发,3.8,3.11,
2009-03-10,6.85,7.22,6.79,7.2,6.94,0.2599999999999998,3.75,3572685.0,11675174.4,2.142,0.011166,0.015148,0.5,87.1405,82.8796,2.8075,4.0221,4.1777,0.0,,1011660000.0,319963650.0,235852451.0,3399177600.0,1075077864.0,区域地产,房地产,房地产开发,住宅开发,3.56,2.92,
2009-03-11,7.28,7.37,7.07,7.11,7.2,-0.0899999999999998,-1.25,4158442.0,14017969.0,2.142,0.012997,0.017632,0.59,86.1032,81.8929,2.774,3.9742,4.128,0.0,,1011660000.0,319963650.0,235852451.0,3358711200.0,1062279318.0,区域地产,房地产,房地产开发,住宅开发,3.7,3.02,
2009-03-12,7.11,7.35,6.77,7.24,7.11,0.1299999999999999,1.83,4978942.0,16322935.1,2.142,0.015561,0.02111,0.78,87.6592,83.3729,2.8242,4.046,4.2026,0.0,,1011660000.0,319963650.0,235852451.0,3419410800.0,1081477137.0,区域地产,房地产,房地产开发,住宅开发,3.65,2.99,
2009-03-13,7.2,7.3,7.07,7.07,7.24,-0.1699999999999999,-2.35,4392305.0,14697883.1,2.142,0.013728,0.018623,0.76,85.5845,81.3996,2.7573,3.9503,4.1031,0.0,,1011660000.0,319963650.0,235852451.0,3338478000.0,1055880045.0,区域地产,房地产,房地产开发,住宅开发,3.72,3.04,
2009-03-16,6.98,7.37,6.96,7.37,7.07,0.2999999999999998,4.24,4779675.0,16044666.0,2.142,0.014938,0.020266,0.98,89.2153,84.8529,2.8743,4.1179,4.2772,0.0,,1011660000.0,319963650.0,235852451.0,3480110400.0,1100674956.0,区域地产,房地产,房地产开发,住宅开发,3.63,2.97,
2009-03-17,7.52,8.1,7.5,8.01,7.37,0.6399999999999997,8.68,23013817.0,83603782.9,2.142,0.0719259999999999,0.097577,5.26,96.9957,92.2529,3.125,4.477,4.6502,0.0,,1011660000.0,319963650.0,235852451.0,3783608400.000001,1196664051.0,区域地产,房地产,房地产开发,住宅开发,3.78,3.1,
2009-03-18,8.03,8.12,7.82,7.88,8.01,-0.1299999999999999,-1.62,17330118.0,64344166.3,2.142,0.0541629999999999,0.073479,2.1,95.4396,90.7729,3.0748,4.4051,4.5756,0.0,,1011660000.0,319963650.0,235852451.0,3722908800.0,1177466232.0,区域地产,房地产,房地产开发,住宅开发,4.11,3.37,
2009-03-19,7.84,7.99,7.8,7.97,7.88,0.0899999999999998,1.14,11166574.0,41209098.0,2.142,0.0349,0.047346,1.02,96.477,91.7595,3.1083,4.453,4.6253,0.0,,1011660000.0,319963650.0,235852451.0,3763375200.0,1190264778.0,区域地产,房地产,房地产开发,住宅开发,4.05,3.31,
2009-03-20,7.97,7.99,7.63,7.75,7.97,-0.2199999999999997,-2.76,8924370.0,32333028.3,2.142,0.027892,0.037839,0.74,93.8836,89.2929,3.0247,4.3333,4.501,0.0,,1011660000.0,319963650.0,235852451.0,3662209200.0,1158268413.0,区域地产,房地产,房地产开发,住宅开发,4.09,3.35,
2009-03-23,7.75,8.1,7.65,7.95,7.75,0.2000000000000001,2.58,10925489.0,40557834.7,2.142,0.034146,0.0463229999999999,0.84,96.2177,91.5129,3.0999,4.4411,4.6129,0.0,,1011660000.0,319963650.0,235852451.0,3753258600.0,1187065142.0,区域地产,房地产,房地产开发,住宅开发,3.98,3.26,
2009-03-24,8.03,8.23,7.93,7.97,7.95,0.0199999999999995,0.25,13833229.999999998,52124532.2,2.142,0.043234,0.0586519999999999,0.97,96.477,91.7595,3.1083,4.453,4.6253,0.0,,1011660000.0,319963650.0,235852451.0,3763375200.0,1190264778.0,区域地产,房地产,房地产开发,住宅开发,4.08,3.34,
2009-03-25,7.93,8.01,7.67,7.67,7.97,-0.2999999999999998,-3.76,8218073.0,30055286.1,2.142,0.025684,0.034844,0.66,92.8462,88.3062,2.9913,4.2854,4.4513,0.0,,1011660000.0,319963650.0,235852451.0,3621742800.000001,1145469867.0,区域地产,房地产,房地产开发,住宅开发,4.09,3.35,
2009-03-26,7.69,7.95,7.54,7.93,7.67,0.2599999999999998,3.39,7164955.0,26008326.4,2.142,0.008036,0.030379,0.68,95.9583,91.2662,3.0915,4.4291,4.6005,0.0,,1011660000.0,891654450.0000001,235852451.0,3743142000.0,3299121464.9999995,区域地产,房地产,房地产开发,住宅开发,3.94,3.22,
2009-03-27,8.01,8.25,7.82,8.18,7.93,0.25,3.15,14833715.0,55567321.1,2.142,0.0166359999999999,0.0628939999999999,1.51,99.0705,94.2262,3.1918,4.5727,4.7497,0.0,,1011660000.0,891654450.0000001,235852451.0,3864541200.0,3406119999.0,区域地产,房地产,房地产开发,住宅开发,4.07,3.33,
2009-03-30,8.25,8.38,8.12,8.14,8.18,-0.0399999999999991,-0.49,16159610.0,62069090.1,2.142,0.018123,0.068516,1.47,98.5518,93.7328,3.1751,4.5488,4.7248,0.0,,1011660000.0,891654450.0000001,235852451.0,3844308000.0,3388286910.0,区域地产,房地产,房地产开发,住宅开发,4.2,3.44,
2009-03-31,7.95,8.2,7.73,8.12,8.14,-0.0200000000000013,-0.25,10255279.0,38220479.8,2.142,0.0115009999999999,0.043482,0.85,98.2925,93.4862,3.1667,4.5368,4.7124,0.0,,1011660000.0,891654450.0000001,235852451.0,3834191400.0,3379370366.0,区域地产,房地产,房地产开发,住宅开发,4.18,3.42,
2009-04-01,8.12,8.33,8.05,8.18,8.12,0.0600000000000005,0.74,11754502.0,45070471.1,2.142,0.013183,0.0498379999999999,1.04,99.0705,94.2262,3.1918,4.5727,4.7497,0.0,,1011660000.0,891654450.0000001,235852451.0,3864541200.0,3406119999.0,区域地产,房地产,房地产开发,住宅开发,4.17,3.41,
2009-04-02,8.23,8.31,8.1,8.12,8.18,-0.0600000000000005,-0.73,10940123.0,42036478.4,2.142,0.012269,0.0463849999999999,0.91,98.2925,93.4862,3.1667,4.5368,4.7124,0.0,,1011660000.0,891654450.0000001,235852451.0,3834191400.0,3379370366.0,区域地产,房地产,房地产开发,住宅开发,4.2,3.44,
2009-04-03,8.18,8.31,8.08,8.14,8.12,0.0200000000000013,0.25,10177010.0,39034290.6,2.142,0.011414,0.04315,0.8,98.5518,93.7328,3.1751,4.5488,4.7248,0.0,,1011660000.0,891654450.0000001,235852451.0,3844308000.0,3388286910.0,区域地产,房地产,房地产开发,住宅开发,4.17,3.41,
2009-04-07,8.2,8.23,7.93,8.05,8.14,-0.0899999999999998,-1.11,7228925.0,27131137.4,2.142,0.008107,0.03065,0.61,97.5144,92.7462,3.1417,4.5009,4.6751,0.0,,1011660000.0,891654450.0000001,235852451.0,3803841600.0,3352620732.0,区域地产,房地产,房地产开发,住宅开发,4.18,3.42,
2009-04-08,8.03,8.27,7.93,7.95,8.05,-0.1000000000000005,-1.24,7942105.0,30100071.7,2.142,0.008907,0.033674,0.79,96.2177,91.5129,3.0999,4.4411,4.6129,0.0,,1011660000.0,891654450.0000001,235852451.0,3753258600.0,3308038010.0,区域地产,房地产,房地产开发,住宅开发,4.14,3.38,
2009-04-09,7.95,8.12,7.73,8.1,7.95,0.1499999999999994,1.89,7416213.0,27337896.700000003,2.142,0.008317,0.031444,0.77,98.0331,93.2395,3.1584,4.5248,4.6999,0.0,,1011660000.0,891654450.0000001,235852451.0,3824074800.0,3370453821.0,区域地产,房地产,房地产开发,住宅开发,4.08,3.34,
2009-04-10,8.12,8.46,7.99,8.35,8.1,0.25,3.09,16548090.0,63942404.9,2.142,0.018559,0.070163,1.89,101.1453,96.1995,3.2587,4.6685,4.8491,0.0,,1011660000.0,891654450.0000001,235852451.0,3945474000.0,3477452355.0,区域地产,房地产,房地产开发,住宅开发,4.16,3.4,
2009-04-13,8.46,8.53,8.23,8.31,8.35,-0.0399999999999991,-0.48,9972931.0,38813490.9,2.142,0.011185,0.042285,1.01,100.6266,95.7062,3.2419,4.6446,4.8243,0.0,,1011660000.0,891654450.0000001,235852451.0,3925240800.0,3459619266.0,区域地产,房地产,房地产开发,住宅开发,4.29,3.51,
2009-04-14,8.35,8.68,8.27,8.59,8.31,0.2799999999999993,3.37,18120490.0,72159560.5,2.142,0.020322,0.07683,1.84,103.9981,98.9128,3.3506,4.8002,4.9859,0.0,,1011660000.0,891654450.0000001,235852451.0,4056756600.0,3575534344.9999995,区域地产,房地产,房地产开发,住宅开发,4.27,3.49,
2009-04-15,8.5,8.53,8.23,8.44,8.59,-0.1500000000000003,-1.75,12384854.0,48396177.4,2.142,0.01389,0.052511,1.03,102.1827,97.1862,3.2921,4.7164,4.8989,0.0,,1011660000.0,891654450.0000001,235852451.0,3985940400.0,3513118533.0,区域地产,房地产,房地产开发,住宅开发,4.41,3.61,
2009-04-16,8.46,8.8,8.35,8.65,8.44,0.2100000000000008,2.49,14675614.000000002,58795115.1,2.142,0.0164589999999999,0.062224,1.14,104.7761,99.6528,3.3756,4.8361,5.0232,0.0,,1011660000.0,891654450.0000001,235852451.0,4087106400.0,3602283978.0,区域地产,房地产,房地产开发,住宅开发,4.33,3.55,
2009-04-17,8.59,9.1,8.57,8.65,8.65,0.0,0.0,18211062.0,75020636.3,2.142,0.020424,0.077214,1.27,104.7761,99.6528,3.3756,4.8361,5.0232,0.0,,1011660000.0,891654450.0000001,235852451.0,4087106400.0,3602283978.0,区域地产,房地产,房地产开发,住宅开发,4.44,3.64,
2009-04-20,8.61,8.93,8.53,8.89,8.65,0.2400000000000002,2.77,12523695.0,51276434.4,2.142,0.014045,0.0530999999999999,0.85,107.6289,102.3661,3.4675,4.9678,5.16,0.0,,1011660000.0,891654450.0000001,235852451.0,4198389000.0,3700365968.0,区域地产,房地产,房地产开发,住宅开发,4.44,3.64,
2009-04-21,8.76,9.04,8.7,9.04,8.89,0.1499999999999985,1.69,13720966.0,57095030.3,2.142,0.0153879999999999,0.058176,0.9,109.4444,104.0928,3.526,5.0516,5.247,0.0,,1011660000.0,891654450.0000001,235852451.0,4269205200.0,3762781779.0,区域地产,房地产,房地产开发,住宅开发,4.57,3.74,
2009-04-22,9.1,9.15,8.27,8.38,9.04,-0.6599999999999984,-7.3,14623526.0,59808694.5,2.142,0.0163999999999999,0.0620019999999999,1.02,206.8414,206.8414,3.2737,5.6028,5.6028,0.0,,1011660000.0,891654450.0000001,235854301.0,3955590600.0,3486368900.0,区域地产,房地产,房地产开发,住宅开发,4.64,3.8,
2009-04-23,8.35,8.89,8.01,8.76,8.38,0.379999999999999,4.53,15430120.000000002,61511572.9,2.142,0.017305,0.065422,1.05,216.3635,231.0089,3.4219,5.8607,5.905,0.0,,1011660000.0,891654450.0000001,235854301.0,4137689400.0,3646866701.0,区域地产,房地产,房地产开发,住宅开发,4.3,3.52,
2009-04-24,8.57,8.72,8.35,8.38,8.76,-0.379999999999999,-4.34,8130975.0,32268133.0,2.142,0.009119,0.034475,0.55,206.8414,220.8422,3.2713,5.6028,5.6451,0.0,,1011660000.0,891654450.0000001,235854301.0,3955590600.0,3486368900.0,区域地产,房地产,房地产开发,住宅开发,4.5,3.68,
2009-04-27,8.4,8.46,7.93,7.97,8.38,-0.410000000000001,-4.89,6464801.0,24372558.9,2.142,0.0072499999999999,0.02741,0.5,196.7903,210.1108,3.1123,5.3305,5.3708,0.0,,1011660000.0,891654450.0000001,235854301.0,3763375200.0,3316954554.0,区域地产,房地产,房地产开发,住宅开发,4.3,3.52,
2009-04-28,7.97,8.12,7.9,8.08,7.97,0.1100000000000003,1.38,3312669.0,12423185.0,2.142,0.003715,0.014045,0.28,199.4353,212.9348,3.1541,5.4022,5.443,0.0,,1011660000.0,891654450.0000001,235854301.0,3813958200.0,3361537277.0,区域地产,房地产,房地产开发,住宅开发,4.09,3.35,
2009-04-29,8.1,8.33,8.03,8.31,8.08,0.2300000000000004,2.85,5812428.0,22255947.3,2.142,0.006519,0.024644,0.61,205.2544,219.1478,3.2462,5.5598,5.6018,0.0,,1011660000.0,891654450.0000001,235854301.0,3925240800.0,3459619266.0,区域地产,房地产,房地产开发,住宅开发,4.15,3.39,
2009-04-30,8.35,8.5,8.25,8.38,8.31,0.0700000000000002,0.84,6194941.0,24308197.0,2.142,0.0069479999999999,0.0262659999999999,0.79,206.8414,220.8422,3.2713,5.6028,5.6451,0.0,,1011660000.0,891654450.0000001,235854301.0,3955590600.0,3486368900.0,区域地产,房地产,房地产开发,住宅开发,4.27,3.49,
2009-05-04,8.38,8.7,8.35,8.63,8.38,0.25,2.98,9366530.0,37384938.8,2.142,0.010505,0.039713,1.57,213.1895,227.62,3.3717,5.7747,5.8184,0.0,,1011660000.0,891654450.0000001,235854301.0,4076989800.0,3593367434.0,区域地产,房地产,房地产开发,住宅开发,4.3,3.52,
2009-05-05,8.63,8.83,8.61,8.68,8.63,0.0499999999999989,0.58,8642234.0,35158031.6,2.142,0.009692,0.036642,1.39,214.2475,228.7496,3.3884,5.8034,5.8473,0.0,,1011660000.0,891654450.0000001,235854301.0,4097223000.0,3611200523.0,区域地产,房地产,房地产开发,住宅开发,4.43,3.63,
2009-05-06,8.63,9.0,8.57,8.89,8.68,0.2100000000000008,2.42,12235947.0,50450101.9,2.142,0.013723,0.051879,1.84,219.5375,234.3978,3.4721,5.9467,5.9916,0.0,,1011660000.0,891654450.0000001,235854301.0,4198389000.0,3700365968.0,区域地产,房地产,房地产开发,住宅开发,4.46,3.65,
2009-05-07,9.0,9.0,8.55,8.76,8.89,-0.1300000000000007,-1.46,9860466.0,40315753.900000006,2.142,0.011059,0.041807,1.17,216.3635,231.0089,3.4219,5.8607,5.905,0.0,,1011660000.0,891654450.0000001,235854301.0,4137689400.0,3646866701.0,区域地产,房地产,房地产开发,住宅开发,4.57,3.74,
2009-05-08,9.0,9.64,8.97,9.64,8.76,0.8800000000000008,10.05,17160600.0,75763433.9,2.142,0.019246,0.072759,1.85,238.0527,254.1663,3.7649,6.4482,6.497,0.0,,1011660000.0,891654450.0000001,235854301.0,4552470000.0,4012445025.0,区域地产,房地产,房地产开发,住宅开发,4.5,3.68,
2009-05-11,10.6,10.6,10.5,10.6,9.64,0.9599999999999992,9.96,45464502.0,224991569.0,2.142,0.050989,0.192765,3.97,261.858,279.5829,4.1414,7.093,7.1467,0.0,,1011660000.0,891654450.0000001,235854301.0,5007717000.0,4413689528.0,区域地产,房地产,房地产开发,住宅开发,4.95,4.05,
2009-05-12,10.6,11.07,10.28,11.03,10.6,0.4299999999999997,4.06,58049177.0,291523462.7,2.142,0.065103,0.246123,3.11,272.4381,290.8792,4.3087,7.3796,7.4354,0.0,,1011660000.0,891654450.0000001,235854301.0,5210049000.0,4592020418.0,区域地产,房地产,房地产开发,住宅开发,5.45,4.46,
2009-05-13,10.84,11.03,10.5,10.77,11.03,-0.2599999999999998,-2.36,30294023.0,152099686.0,2.142,0.033975,0.128444,1.06,266.0901,284.1014,4.2083,7.2077,7.2622,0.0,,1011660000.0,891654450.0000001,235854301.0,5088649800.0,4485021884.0,区域地产,房地产,房地产开发,住宅开发,5.67,4.64,
2009-05-14,10.86,11.46,10.84,11.07,10.77,0.3000000000000007,2.79,32526413.0,168624709.6,2.142,0.036479,0.137909,1.01,273.4962,292.0088,4.3254,7.4083,7.4643,0.0,,1011660000.0,891654450.0000001,235854301.0,5230282200.0,4609853507.0,区域地产,房地产,房地产开发,住宅开发,5.53,4.53,
2009-05-15,10.92,10.99,10.62,10.77,11.07,-0.3000000000000007,-2.71,21690340.0,109189561.4,2.142,0.024326,0.091965,0.59,266.0901,284.1014,4.2083,7.2077,7.2622,0.0,,1011660000.0,891654450.0000001,235854301.0,5088649800.0,4485021884.0,区域地产,房地产,房地产开发,住宅开发,5.69,4.65,
2009-05-18,10.62,10.71,10.28,10.62,10.77,-0.1500000000000003,-1.39,15241895.000000002,74557003.7,2.142,0.017094,0.064624,0.41,262.387,280.1477,4.1498,7.1074,7.1611,0.0,,1011660000.0,891654450.0000001,235854301.0,5017833600.0,4422606072.0,区域地产,房地产,房地产开发,住宅开发,5.53,4.53,
2009-05-19,10.6,11.01,10.5,10.69,10.62,0.0700000000000002,0.66,19710177.0,99027192.7,2.142,0.022105,0.0835689999999999,0.62,263.974,281.8421,4.1749,7.1503,7.2044,0.0,,1011660000.0,891654450.0000001,235854301.0,5048183400.0,4449355706.0,区域地产,房地产,房地产开发,住宅开发,5.46,4.46,
2009-05-20,10.56,10.86,10.43,10.75,10.69,0.0600000000000005,0.56,16032400.0,79276394.0,2.142,0.017981,0.067976,0.67,265.5611,283.5366,4.2,7.1933,7.2477,0.0,,1011660000.0,891654450.0000001,235854301.0,5078533200.0,4476105339.0,区域地产,房地产,房地产开发,住宅开发,5.49,4.49,
2009-05-21,10.65,10.67,10.3,10.37,10.75,-0.3800000000000008,-3.53,11044942.0,53984011.9,2.142,0.0123869999999999,0.04683,0.52,256.039,273.3699,4.0494,6.9354,6.9878,0.0,,1011660000.0,891654450.0000001,235854301.0,4896434400.0,4315607538.0,区域地产,房地产,房地产开发,住宅开发,5.52,4.52,
2009-05-22,10.32,10.62,10.32,10.41,10.37,0.0400000000000009,0.39,7980542.0,39021381.4,2.142,0.00895,0.033837,0.48,257.097,274.4996,4.0661,6.9641,7.0167,0.0,,1011660000.0,891654450.0000001,235854301.0,4916667600.0,4333440627.0,区域地产,房地产,房地产开发,住宅开发,5.32,4.36,
2009-05-25,10.07,10.54,9.75,10.5,10.41,0.0899999999999998,0.86,14327903.0,68168612.7,2.142,0.016069,0.060749,1.02,259.213,276.7588,4.0996,7.0214,7.0745,0.0,,1011660000.0,891654450.0000001,235854301.0,4957134000.0,4369106805.0,区域地产,房地产,房地产开发,住宅开发,5.35,4.37,
2009-05-26,10.28,10.45,10.24,10.24,10.5,-0.2599999999999998,-2.48,8462741.0,40763772.7,2.142,0.009491,0.0358809999999999,0.61,252.8649,269.9811,3.9992,6.8494,6.9012,0.0,,1011660000.0,891654450.0000001,235854301.0,4835734800.0,4262108271.0,区域地产,房地产,房地产开发,住宅开发,5.39,4.41,
2009-05-27,11.03,11.27,10.62,10.73,10.24,0.4900000000000002,4.79,33876054.0,174695643.9,2.142,0.037992,0.1436309999999999,2.93,265.0321,282.9718,4.1916,7.179,7.2333,0.0,,1011660000.0,891654450.0000001,235854301.0,5068416600.0,4467188795.0,区域地产,房地产,房地产开发,住宅开发,5.26,4.3,
2009-06-01,10.67,10.95,10.6,10.84,10.73,0.1099999999999994,1.03,22508861.0,113461809.9,2.142,0.025244,0.0954349999999999,1.49,267.6771,285.7958,4.2334,7.2507,7.3055,0.0,,1011660000.0,891654450.0000001,235854301.0,5118999600.0,4511771517.0,区域地产,房地产,房地产开发,住宅开发,5.51,4.51,
2009-06-02,10.86,10.88,10.62,10.71,10.84,-0.129999999999999,-1.2,15392320.000000002,77215111.39999999,2.142,0.017263,0.065262,0.88,264.503,282.407,4.1832,7.1647,7.2188,0.0,,1011660000.0,891654450.0000001,235854301.0,5058300000.0,4458272250.0,区域地产,房地产,房地产开发,住宅开发,5.57,4.55,
2009-06-03,10.71,11.22,10.71,10.97,10.71,0.2599999999999998,2.43,22073426.0,113368854.8,2.142,0.024756,0.093589,1.17,270.8511,289.1847,4.2836,7.3366,7.3921,0.0,,1011660000.0,891654450.0000001,235854301.0,5179699200.0,4565270784.0,区域地产,房地产,房地产开发,住宅开发,5.5,4.5,
2009-06-04,10.99,11.1,10.67,10.86,10.97,-0.1100000000000012,-1.0,14270518.0,72024279.89999999,2.142,0.016005,0.060506,0.7,268.2061,286.3607,4.2418,7.265,7.3199,0.0,,1011660000.0,891654450.0000001,235854301.0,5129116200.0,4520688062.0,区域地产,房地产,房地产开发,住宅开发,5.63,4.61,
2009-06-05,10.84,10.86,10.6,10.6,10.86,-0.2599999999999998,-2.39,9581433.0,47813420.1,2.142,0.010746,0.040624,0.44,261.858,279.5829,4.1414,7.093,7.1467,0.0,,1011660000.0,891654450.0000001,235854301.0,5007717000.0,4413689528.0,区域地产,房地产,房地产开发,住宅开发,5.58,4.56,
2009-06-08,10.6,10.88,10.54,10.71,10.6,0.1100000000000012,1.04,9805329.0,49119948.1,2.142,0.010997,0.041574,0.58,264.503,282.407,4.1832,7.1647,7.2188,0.0,,1011660000.0,891654450.0000001,235854301.0,5058300000.0,4458272250.0,区域地产,房地产,房地产开发,住宅开发,5.45,4.46,
2009-06-09,10.71,10.84,10.54,10.77,10.71,0.0599999999999987,0.56,12081710.0,60408880.1,2.142,0.01355,0.0512249999999999,0.85,266.0901,284.1014,4.2083,7.2077,7.2622,0.0,,1011660000.0,891654450.0000001,235854301.0,5088649800.0,4485021884.0,区域地产,房地产,房地产开发,住宅开发,5.5,4.5,
2009-06-10,10.75,11.46,10.71,11.1,10.77,0.33,3.06,24756822.0,128144129.4,2.142,0.0277649999999999,0.104967,1.83,274.0252,292.5736,4.3338,7.4226,7.4787,0.0,,1011660000.0,891654450.0000001,235854301.0,5240398800.0,4618770051.0,区域地产,房地产,房地产开发,住宅开发,5.53,4.53,
2009-06-11,10.92,11.01,10.71,10.75,11.1,-0.3499999999999996,-3.15,12948827.0,65480405.1,2.142,0.014522,0.054902,0.92,265.5611,283.5366,4.2,7.1933,7.2477,0.0,,1011660000.0,891654450.0000001,235854301.0,5078533200.0,4476105339.0,区域地产,房地产,房地产开发,住宅开发,5.7,4.66,
2009-06-12,10.71,10.86,10.41,10.58,10.75,-0.1699999999999999,-1.58,7761891.0,38616495.3,2.142,0.008705,0.03291,0.56,261.329,279.0181,4.133,7.0787,7.1322,0.0,,1011660000.0,891654450.0000001,235854301.0,4997600400.0,4404772983.0,区域地产,房地产,房地产开发,住宅开发,5.52,4.52,
2009-06-15,10.62,10.73,10.5,10.73,10.58,0.1500000000000003,1.42,4995558.0,24806994.5,2.142,0.005603,0.021181,0.37,265.0321,282.9718,4.1916,7.179,7.2333,0.0,,1011660000.0,891654450.0000001,235854301.0,5068416600.0,4467188795.0,区域地产,房地产,房地产开发,住宅开发,5.43,4.45,
2009-06-16,10.71,10.73,10.56,10.69,10.73,-0.0400000000000009,-0.37,4318913.0,21432044.2,2.142,0.004844,0.018312,0.35,263.974,281.8421,4.1749,7.1503,7.2044,0.0,,1011660000.0,891654450.0000001,235854301.0,5048183400.0,4449355706.0,区域地产,房地产,房地产开发,住宅开发,5.51,4.51,
2009-06-17,10.69,11.25,10.6,11.05,10.69,0.3600000000000012,3.37,19914866.0,102175875.1,2.142,0.0223349999999999,0.084437,1.82,272.9671,291.444,4.3171,7.3939,7.4499,0.0,,1011660000.0,891654450.0000001,235854301.0,5220165600.0,4600936962.0,区域地产,房地产,房地产开发,住宅开发,5.49,4.49,
2009-06-18,11.03,11.03,10.84,10.86,11.05,-0.1900000000000012,-1.72,11409302.0,58117479.9,2.142,0.012796,0.048374,1.14,268.2061,286.3607,4.2418,7.265,7.3199,0.0,,1011660000.0,891654450.0000001,235854301.0,5129116200.0,4520688062.0,区域地产,房地产,房地产开发,住宅开发,5.68,4.64,
2009-06-19,10.9,11.14,10.8,11.05,10.86,0.1900000000000012,1.75,14980557.999999998,77038557.9,2.142,0.016801,0.063516,1.55,272.9671,291.444,4.3171,7.3939,7.4499,0.0,,1011660000.0,891654450.0000001,235854301.0,5220165600.0,4600936962.0,区域地产,房地产,房地产开发,住宅开发,5.58,4.56,
2009-06-22,11.27,11.27,10.82,10.88,11.05,-0.1699999999999999,-1.54,11529220.0,59171178.9,2.142,0.0129299999999999,0.048883,1.04,268.7351,286.9255,4.2501,7.2793,7.3343,0.0,,1011660000.0,891654450.0000001,235854301.0,5139232800.0,4529604606.0,区域地产,房地产,房地产开发,住宅开发,5.68,4.64,
2009-06-23,10.75,11.01,10.73,10.88,10.88,0.0,0.0,5992941.0,30365267.5,2.142,0.006721,0.02541,0.48,268.7351,286.9255,4.2501,7.2793,7.3343,0.0,,1011660000.0,891654450.0000001,235854301.0,5139232800.0,4529604606.0,区域地产,房地产,房地产开发,住宅开发,5.59,4.57,
2009-06-24,10.86,11.01,10.8,10.92,10.88,0.0399999999999991,0.37,7874989.999999999,40034124.0,2.142,0.008832,0.033389,0.62,269.7931,288.0551,4.2669,7.308,7.3632,0.0,,1011660000.0,891654450.0000001,235854301.0,5159466000.0,4547437695.0,区域地产,房地产,房地产开发,住宅开发,5.59,4.57,
2009-06-25,10.95,11.12,10.82,10.86,10.92,-0.0600000000000005,-0.55,10738577.0,54961282.8,2.142,0.012043,0.0455309999999999,1.04,268.2061,286.3607,4.2418,7.265,7.3199,0.0,,1011660000.0,891654450.0000001,235854301.0,5129116200.0,4520688062.0,区域地产,房地产,房地产开发,住宅开发,5.61,4.59,
2009-06-29,10.99,11.87,10.9,11.48,10.86,0.620000000000001,5.71,30266604.0,161237128.0,2.142,0.033944,0.128328,2.96,283.5473,302.7403,4.4844,7.6805,7.7386,0.0,,1011660000.0,891654450.0000001,235854301.0,5422497600.0,4779267852.0,区域地产,房地产,房地产开发,住宅开发,5.58,4.56,
2009-06-30,11.42,11.42,11.05,11.07,11.48,-0.4100000000000001,-3.57,13708098.000000002,71601080.7,2.142,0.015374,0.058121,1.03,273.4962,292.0088,4.3254,7.4083,7.4643,0.0,,1011660000.0,891654450.0000001,235854301.0,5230282200.0,4609853507.0,区域地产,房地产,房地产开发,住宅开发,5.9,4.82,
2009-07-01,11.05,12.19,11.01,12.19,11.07,1.1199999999999992,10.12,28387926.0,157671197.9,2.142,0.031837,0.120362,2.07,301.0045,321.3791,4.7605,8.1534,8.215,0.0,,1011660000.0,891654450.0000001,235854301.0,5756345400.0,5073513821.0,区域地产,房地产,房地产开发,住宅开发,5.69,4.65,
2009-07-02,12.74,13.41,12.32,13.26,12.19,1.0700000000000005,8.78,61668029.0,370581358.3,2.142,0.069161,0.261467,3.39,327.4548,349.6198,5.1788,8.8699,8.9369,0.0,,1011660000.0,891654450.0000001,235854301.0,6262175400.0,5519341046.0,区域地产,房地产,房地产开发,住宅开发,6.26,5.12,
2009-07-03,12.85,13.92,12.64,13.49,13.26,0.2300000000000004,1.73,42239674.0,263460321.7,2.142,0.047372,0.1790919999999999,1.46,333.2738,355.8328,5.2709,9.0275,9.0957,0.0,,1011660000.0,891654450.0000001,235854301.0,6373458000.0,5617423035.0,区域地产,房地产,房地产开发,住宅开发,6.81,5.57,
2009-07-06,13.47,13.92,13.17,13.22,13.49,-0.2699999999999996,-2.0,25361859.0,158353302.39999998,2.142,0.0284439999999999,0.107532,0.72,326.3968,348.4902,5.1621,8.8412,8.9081,0.0,,1011660000.0,891654450.0000001,235854301.0,6241942200.0,5501507957.0,区域地产,房地产,房地产开发,住宅开发,6.93,5.67,
2009-07-07,13.24,13.28,12.85,12.89,13.22,-0.33,-2.5,17003074.0,102718758.8,2.142,0.019069,0.072091,0.5,318.4617,340.018,5.0366,8.6263,8.6915,0.0,,1011660000.0,891654450.0000001,235854301.0,6090193199.999999,5367759789.0,区域地产,房地产,房地产开发,住宅开发,6.79,5.55,
2009-07-08,12.77,13.32,12.66,13.17,12.89,0.2799999999999993,2.17,16063297.0,97379385.5,2.142,0.018015,0.068107,0.46,325.3388,347.3606,5.1454,8.8126,8.8792,0.0,,1011660000.0,891654450.0000001,235854301.0,6221709000.0,5483674868.0,区域地产,房地产,房地产开发,住宅开发,6.62,5.42,
2009-07-09,13.17,13.17,12.85,13.04,13.17,-0.1300000000000007,-0.99,11193642.0,67889451.7,2.142,0.012554,0.04746,0.34,322.1647,343.9717,5.0952,8.7266,8.7926,0.0,,1011660000.0,891654450.0000001,235854301.0,6161009399.999999,5430175601.0,区域地产,房地产,房地产开发,住宅开发,6.77,5.54,
2009-07-10,13.02,13.39,12.87,13.13,13.04,0.0900000000000016,0.69,15670162.0,96056033.3,2.142,0.017574,0.06644,0.7,324.2807,346.2309,5.1286,8.7839,8.8503,0.0,,1011660000.0,891654450.0000001,235854301.0,6201475800.0,5465841779.0,区域地产,房地产,房地产开发,住宅开发,6.7,5.48,
2009-07-13,13.13,13.17,12.92,12.96,13.13,-0.1699999999999999,-1.29,11927450.0,72395040.6,2.142,0.0133769999999999,0.050571,0.7,320.0487,341.7124,5.0617,8.6693,8.7348,0.0,,1011660000.0,891654450.0000001,235854301.0,6120543000.0,5394509423.0,区域地产,房地产,房地产开发,住宅开发,6.74,5.52,
2009-07-14,12.96,13.13,12.92,13.13,12.96,0.1699999999999999,1.31,12205341.0,74263959.4,2.142,0.013688,0.051749,0.85,324.2807,346.2309,5.1286,8.7839,8.8503,0.0,,1011660000.0,891654450.0000001,235854301.0,6201475800.0,5465841779.0,区域地产,房地产,房地产开发,住宅开发,6.66,5.45,
2009-07-15,13.17,13.22,12.98,13.04,13.13,-0.0900000000000016,-0.69,11760584.0,71563412.4,2.142,0.01319,0.049864,0.88,322.1647,343.9717,5.0952,8.7266,8.7926,0.0,,1011660000.0,891654450.0000001,235854301.0,6161009399.999999,5430175601.0,区域地产,房地产,房地产开发,住宅开发,6.74,5.52,
2009-07-16,13.07,13.49,12.96,13.22,13.04,0.1800000000000015,1.38,22920578.0,141701597.5,2.142,0.025706,0.097181,1.83,326.3968,348.4902,5.1621,8.8412,8.9081,0.0,,1011660000.0,891654450.0000001,235854301.0,6241942200.0,5501507957.0,区域地产,房地产,房地产开发,住宅开发,6.7,5.48,
2009-07-17,13.22,13.24,12.98,13.09,13.22,-0.1300000000000007,-0.98,10695213.0,65335314.400000006,2.142,0.011995,0.045347,0.72,323.2227,345.1013,5.1119,8.7552,8.8214,0.0,,1011660000.0,891654450.0000001,235854301.0,6181242600.0,5448008689.999999,区域地产,房地产,房地产开发,住宅开发,6.79,5.55,
2009-07-20,13.09,13.09,12.85,13.09,13.09,0.0,0.0,14095017.000000002,85289421.8,2.142,0.015808,0.059762,1.01,323.2227,345.1013,5.1119,8.7552,8.8214,0.0,,1011660000.0,891654450.0000001,235854301.0,6181242600.0,5448008689.999999,区域地产,房地产,房地产开发,住宅开发,6.72,5.5,
2009-07-21,13.15,13.49,12.96,13.15,13.09,0.0600000000000005,0.46,26282157.0,163095988.5,2.142,0.029476,0.1114339999999999,1.83,324.8097,346.7957,5.137,8.7982,8.8647,0.0,,1011660000.0,891654450.0000001,235854301.0,6211592400.0,5474758323.0,区域地产,房地产,房地产开发,住宅开发,6.72,5.5,
2009-07-22,13.15,13.56,13.07,13.56,13.15,0.4100000000000001,3.12,24878081.0,155196672.5,2.142,0.027901,0.1054809999999999,1.45,334.8609,357.5272,5.296,9.0705,9.1391,0.0,,1011660000.0,891654450.0000001,235854301.0,6403807800.0,5644172669.0,区域地产,房地产,房地产开发,住宅开发,6.75,5.53,
2009-07-23,13.62,14.89,13.6,14.33,13.56,0.7699999999999996,5.68,40479280.0,269478639.5,2.142,0.0453979999999999,0.171628,2.05,353.9051,377.8605,5.5971,9.5863,9.6588,0.0,,1011660000.0,891654450.0000001,235854301.0,6768005400.0,5965168271.0,区域地产,房地产,房地产开发,住宅开发,6.96,5.7,
2009-07-24,14.33,14.33,13.52,13.88,14.33,-0.4499999999999993,-3.14,22585892.0,146474365.8,2.142,0.02533,0.095762,0.97,342.796,365.9994,5.4215,9.2854,9.3556,0.0,,1011660000.0,891654450.0000001,235854301.0,6555556800.000001,5777920836.0,区域地产,房地产,房地产开发,住宅开发,7.36,6.02,
2009-07-27,13.77,13.99,13.47,13.82,13.88,-0.0600000000000005,-0.43,15117482.0,96506640.9,2.142,0.016954,0.064097,0.59,341.2089,364.305,5.3964,9.2424,9.3123,0.0,,1011660000.0,891654450.0000001,235854301.0,6525207000.0,5751171202.999999,区域地产,房地产,房地产开发,住宅开发,7.13,5.83,
2009-07-28,13.79,14.29,13.49,14.14,13.82,0.3200000000000003,2.32,20799653.0,134830035.29999998,2.142,0.023327,0.0881889999999999,0.8,349.144,372.7772,5.5218,9.4574,9.5289,0.0,,1011660000.0,891654450.0000001,235854301.0,6676956000.0,5884919370.0,区域地产,房地产,房地产开发,住宅开发,7.1,5.81,
2009-07-29,14.03,14.03,12.72,12.85,14.14,-1.290000000000001,-9.12,19342316.0,120527567.9,2.142,0.0216929999999999,0.08201,0.78,317.4037,338.8884,5.0199,8.5976,8.6626,0.0,,1011660000.0,891654450.0000001,235854301.0,6069960000.0,5349926700.0,区域地产,房地产,房地产开发,住宅开发,7.26,5.94,
2009-07-30,12.83,13.24,12.02,12.81,12.85,-0.0399999999999991,-0.31,13510864.000000002,79610117.7,2.142,0.015153,0.057285,0.57,316.3456,337.7587,5.0031,8.569,8.6337,0.0,,1011660000.0,891654450.0000001,235854301.0,6049726800.000001,5332093611.0,区域地产,房地产,房地产开发,住宅开发,6.6,5.4,
2009-07-31,12.85,13.17,12.55,13.15,12.81,0.3399999999999998,2.65,13171232.999999998,79630311.9,2.142,0.014772,0.055845,0.72,324.8097,346.7957,5.137,8.7982,8.8647,0.0,,1011660000.0,891654450.0000001,235854301.0,6211592400.0,5474758323.0,区域地产,房地产,房地产开发,住宅开发,6.58,5.38,
2009-08-03,13.15,13.24,12.87,13.13,13.15,-0.0199999999999995,-0.15,10793560.0,65750236.00000001,2.142,0.012105,0.045764,0.66,324.2807,346.2309,5.1286,8.7839,8.8503,0.0,,1011660000.0,891654450.0000001,235854301.0,6201475800.0,5465841779.0,区域地产,房地产,房地产开发,住宅开发,6.75,5.53,
2009-08-04,13.22,13.41,13.02,13.19,13.13,0.0599999999999987,0.46,11041596.0,68079007.5,2.142,0.012383,0.0468149999999999,0.71,325.8678,347.9254,5.1537,8.8269,8.8936,0.0,,1011660000.0,891654450.0000001,235854301.0,6231825600.000001,5492591412.0,区域地产,房地产,房地产开发,住宅开发,6.74,5.52,
2009-08-05,13.15,13.82,12.92,13.71,13.19,0.5200000000000014,3.94,19564071.0,121844964.7,2.142,0.021941,0.08295,1.44,338.5639,361.4809,5.3545,9.1708,9.2401,0.0,,1011660000.0,891654450.0000001,235854301.0,6474624000.0,5706588480.0,区域地产,房地产,房地产开发,住宅开发,6.78,5.54,
2009-08-06,13.49,14.24,13.02,13.77,13.71,0.0599999999999987,0.44,29562688.0,190207598.2,2.142,0.033155,0.125343,2.17,340.1509,363.1754,5.3796,9.2138,9.2834,0.0,,1011660000.0,891654450.0000001,235854301.0,6504973800.0,5733338114.0,区域地产,房地产,房地产开发,住宅开发,7.04,5.76,
2009-08-07,13.88,14.01,12.87,12.96,13.77,-0.8099999999999987,-5.88,22136905.0,139100919.4,2.142,0.024827,0.093858,1.32,320.0487,341.7124,5.0617,8.6693,8.7348,0.0,,1011660000.0,891654450.0000001,235854301.0,6120543000.0,5394509423.0,区域地产,房地产,房地产开发,住宅开发,7.07,5.79,
2009-08-10,13.07,13.28,12.59,12.74,12.96,-0.2200000000000006,-1.7,9214054.0,55431031.5,2.142,0.010334,0.039067,0.49,314.7586,336.0643,4.978,8.526,8.5904,0.0,,1011660000.0,891654450.0000001,235854301.0,6019377000.0,5305343978.0,区域地产,房地产,房地产开发,住宅开发,6.66,5.45,
2009-08-11,12.85,13.04,12.72,12.94,12.74,0.1999999999999993,1.57,5442912.0,32768738.1,2.142,0.006104,0.023077,0.3,319.5197,341.1476,5.0533,8.6549,8.7204,0.0,,1011660000.0,891654450.0000001,235854301.0,6110426400.0,5385592878.000001,区域地产,房地产,房地产开发,住宅开发,6.55,5.36,
2009-08-12,12.85,12.94,12.38,12.38,12.94,-0.5599999999999987,-4.33,6131769.0,36310861.1,2.142,0.0068769999999999,0.025998,0.36,305.7655,326.4624,4.8358,8.2824,8.345,0.0,,1011660000.0,891654450.0000001,235854301.0,5847394800.0,5153762721.0,区域地产,房地产,房地产开发,住宅开发,6.64,5.44,
2009-08-13,12.36,12.59,12.08,12.51,12.38,0.129999999999999,1.05,5891926.0,34105338.0,2.142,0.006608,0.024981,0.41,308.9396,329.8513,4.886,8.3683,8.4316,0.0,,1011660000.0,891654450.0000001,235854301.0,5908094399.999999,5207261988.0,区域地产,房地产,房地产开发,住宅开发,6.36,5.2,
2009-08-14,12.47,12.68,12.02,12.02,12.51,-0.4900000000000002,-3.92,5782811.0,33180806.5,2.142,0.0064849999999999,0.024519,0.59,296.7724,316.8606,4.6936,8.0388,8.0995,0.0,,1011660000.0,891654450.0000001,235854301.0,5675412600.0,5002181465.0,区域地产,房地产,房地产开发,住宅开发,6.42,5.26,
2009-08-17,11.82,11.82,10.82,10.82,12.02,-1.1999999999999993,-9.98,7706542.999999999,40178215.3,2.142,0.008643,0.032675,1.19,267.1481,395.3103,4.201,7.2363,7.2812,0.0,,1011660000.0,891654450.0000001,235854301.0,5108883000.0,4502854973.0,区域地产,房地产,房地产开发,住宅开发,6.17,5.05,
2009-08-18,10.71,11.01,10.5,10.9,10.82,0.08,0.74,5498371.0,27717887.5,2.142,0.006166,0.023313,0.89,269.2641,398.4415,4.2343,7.2936,7.3389,0.0,,1011660000.0,891654450.0000001,235854301.0,5149349400.0,4538521151.0,区域地产,房地产,房地产开发,住宅开发,5.56,4.55,
2009-08-19,10.97,11.01,9.85,10.05,10.9,-0.8499999999999996,-7.8,5897953.0,28766767.7,2.142,0.0066149999999999,0.025007,0.95,248.1039,367.1298,3.9016,6.7205,6.7622,0.0,,1011660000.0,891654450.0000001,235854301.0,4744685400.0,4181859371.0,区域地产,房地产,房地产开发,住宅开发,5.6,4.58,
2009-08-20,10.05,10.41,10.0,10.37,10.05,0.3199999999999985,3.18,5502660.0,26225636.6,2.142,0.0061709999999999,0.023331,0.89,256.039,378.8716,4.0263,6.9354,6.9785,0.0,,1011660000.0,891654450.0000001,235854301.0,4896434400.0,4315607538.0,区域地产,房地产,房地产开发,住宅开发,5.16,4.22,
2009-08-21,10.41,10.71,10.28,10.67,10.37,0.3000000000000007,2.89,5921652.0,29189125.2,2.142,0.006641,0.025107,0.97,263.445,389.8307,4.1428,7.136,7.1803,0.0,,1011660000.0,891654450.0000001,235854301.0,5038066800.0,4440439161.0,区域地产,房地产,房地产开发,住宅开发,5.32,4.36,
2009-08-24,10.73,10.88,10.6,10.8,10.67,0.1300000000000007,1.22,5042432.0,25289220.0,2.142,0.005655,0.021379,0.83,266.6191,394.5275,4.1927,7.222,7.2668,0.0,,1011660000.0,891654450.0000001,235854301.0,5098766400.0,4493938428.0,区域地产,房地产,房地产开发,住宅开发,5.48,4.48,
2009-08-25,10.82,10.82,10.07,10.37,10.8,-0.4300000000000015,-3.98,5272711.0,25472531.8,2.142,0.005913,0.0223559999999999,0.95,256.039,378.8716,4.0263,6.9354,6.9785,0.0,,1011660000.0,891654450.0000001,235854301.0,4896434400.0,4315607538.0,区域地产,房地产,房地产开发,住宅开发,5.54,4.54,
2009-08-26,10.37,10.88,10.22,10.84,10.37,0.4700000000000006,4.53,6791341.0,34014782.7,2.142,0.007617,0.028795,1.23,267.6771,396.0931,4.2094,7.2507,7.2957,0.0,,1011660000.0,891654450.0000001,235854301.0,5118999600.0,4511771517.0,区域地产,房地产,房地产开发,住宅开发,5.32,4.36,
2009-08-27,10.77,11.03,10.62,11.03,10.84,0.1899999999999995,1.75,8468909.0,43012741.4,2.142,0.009498,0.035907,1.48,272.4381,403.1382,4.2842,7.3796,7.4254,0.0,,1011660000.0,891654450.0000001,235854301.0,5210049000.0,4592020418.0,区域地产,房地产,房地产开发,住宅开发,5.57,4.55,
2009-08-28,11.03,11.46,10.95,11.2,11.03,0.1699999999999999,1.54,16165704.999999998,84926926.60000001,2.142,0.01813,0.068541,2.57,276.6702,409.4006,4.3508,7.4943,7.5408,0.0,,1011660000.0,891654450.0000001,235854301.0,5290981800.000001,4663352774.0,区域地产,房地产,房地产开发,住宅开发,5.67,4.64,
2009-09-01,10.15,11.29,10.15,10.77,11.2,-0.4299999999999997,-3.84,10612446.0,52946144.5,2.142,0.011902,0.044996,1.27,266.0901,393.7447,4.1844,7.2077,7.2524,0.0,,1011660000.0,891654450.0000001,235854301.0,5088649800.0,4485021884.0,区域地产,房地产,房地产开发,住宅开发,5.75,4.71,
2009-09-02,10.43,10.88,10.35,10.6,10.77,-0.1699999999999999,-1.58,4395916.0,21818783.0,2.142,0.00493,0.018638,0.46,261.858,387.4824,4.1178,7.093,7.1371,0.0,,1011660000.0,891654450.0000001,235854301.0,5007717000.0,4413689528.0,区域地产,房地产,房地产开发,住宅开发,5.53,4.53,
2009-09-03,10.6,11.33,10.58,11.27,10.6,0.6699999999999999,6.32,8830221.0,45702935.7,2.142,0.009903,0.037439,0.95,278.2572,411.7489,4.3757,7.5372,7.584,0.0,,1011660000.0,891654450.0000001,235854301.0,5321331600.0,4690102407.0,区域地产,房地产,房地产开发,住宅开发,5.45,4.46,
2009-09-04,11.29,11.4,10.99,11.2,11.27,-0.0700000000000002,-0.62,7750820.0,40527835.2,2.142,0.008693,0.032863,0.8,276.6702,409.4006,4.3508,7.4943,7.5408,0.0,,1011660000.0,891654450.0000001,235854301.0,5290981800.000001,4663352774.0,区域地产,房地产,房地产开发,住宅开发,5.79,4.73,
2009-09-07,11.27,11.33,11.01,11.16,11.2,-0.0399999999999991,-0.36,7491598.0,39177668.7,2.142,0.008402,0.031764,0.78,275.6122,407.835,4.3341,7.4656,7.5119,0.0,,1011660000.0,891654450.0000001,235854301.0,5270748600.0,4645519685.0,区域地产,房地产,房地产开发,住宅开发,5.75,4.71,
2009-09-08,11.14,11.48,11.01,11.48,11.16,0.3200000000000003,2.87,10110537.0,53404689.9,2.142,0.0113389999999999,0.042868,1.29,283.5473,419.5769,4.4589,7.6805,7.7282,0.0,,1011660000.0,891654450.0000001,235854301.0,5422497600.0,4779267852.0,区域地产,房地产,房地产开发,住宅开发,5.73,4.69,
2009-09-09,11.48,11.52,11.07,11.29,11.48,-0.1900000000000012,-1.66,7899820.0,41509102.2,2.142,0.00886,0.033494,1.02,278.7862,412.5317,4.384,7.5516,7.5985,0.0,,1011660000.0,891654450.0000001,235854301.0,5331448199.999999,4699018952.0,区域地产,房地产,房地产开发,住宅开发,5.9,4.82,
2009-09-10,11.25,11.52,11.1,11.25,11.29,-0.0399999999999991,-0.35,6147071.0,32564765.1,2.142,0.006894,0.026063,0.73,277.7282,410.9661,4.3674,7.5229,7.5696,0.0,,1011660000.0,891654450.0000001,235854301.0,5311215000.0,4681185863.0,区域地产,房地产,房地产开发,住宅开发,5.8,4.74,
2009-09-11,11.22,11.87,11.14,11.55,11.25,0.3000000000000007,2.67,9705592.0,52122986.5,2.142,0.010885,0.041151,1.23,285.1343,421.9252,4.4839,7.7235,7.7715,0.0,,1011660000.0,891654450.0000001,235854301.0,5452847400.0,4806017486.0,区域地产,房地产,房地产开发,住宅开发,5.78,4.73,
2009-09-14,11.55,12.08,11.52,11.93,11.55,0.379999999999999,3.29,12294265.0,68091113.6,2.142,0.013788,0.052127,1.49,294.6564,436.0155,4.6336,7.9815,8.031,0.0,,1011660000.0,891654450.0000001,235854301.0,5634946200.0,4966515287.0,区域地产,房地产,房地产开发,住宅开发,5.93,4.85,
2009-09-15,11.91,12.19,11.72,12.02,11.93,0.0899999999999998,0.75,11718714.0,65505056.900000006,2.142,0.013143,0.049686,1.27,296.7724,439.1467,4.6669,8.0388,8.0887,0.0,,1011660000.0,891654450.0000001,235854301.0,5675412600.0,5002181465.0,区域地产,房地产,房地产开发,住宅开发,6.13,5.01,
2009-09-16,11.93,12.02,11.52,11.76,12.02,-0.2599999999999998,-2.16,7733592.999999999,42504884.9,2.142,0.008673,0.03279,0.81,290.4243,429.7532,4.5671,7.8668,7.9157,0.0,,1011660000.0,891654450.0000001,235854301.0,5554013400.0,4895182931.0,区域地产,房地产,房地产开发,住宅开发,6.17,5.05,
2009-09-17,11.76,12.12,11.74,11.97,11.76,0.2100000000000008,1.79,7792406.0,43463871.6,2.142,0.008739,0.033039,0.82,295.7144,437.5811,4.6503,8.0101,8.0598,0.0,,1011660000.0,891654450.0000001,235854301.0,5655179399.999999,4984348376.0,区域地产,房地产,房地产开发,住宅开发,6.04,4.94,
2009-09-18,12.0,12.17,11.2,11.37,11.97,-0.6000000000000014,-5.01,10445251.0,57537687.5,2.142,0.011714,0.044287,1.06,280.9022,415.6629,4.4173,7.6089,7.6561,0.0,,1011660000.0,891654450.0000001,235854301.0,5371914600.0,4734685130.0,区域地产,房地产,房地产开发,住宅开发,6.15,5.03,
2009-09-21,11.31,11.42,10.92,11.37,11.37,0.0,0.0,4638284.0,24239181.2,2.142,0.005202,0.019666,0.46,280.9022,415.6629,4.4173,7.6089,7.6561,0.0,,1011660000.0,891654450.0000001,235854301.0,5371914600.0,4734685130.0,区域地产,房地产,房地产开发,住宅开发,5.84,4.78,
2009-09-23,10.97,11.22,10.65,10.73,11.37,-0.6399999999999988,-5.63,4567002.0,23304427.1,2.142,0.005122,0.019364,0.54,265.0321,392.1791,4.1678,7.179,7.2236,0.0,,1011660000.0,891654450.0000001,235854301.0,5068416600.0,4467188795.0,区域地产,房地产,房地产开发,住宅开发,5.84,4.78,
2009-09-24,10.77,11.01,10.39,10.84,10.73,0.1099999999999994,1.03,4159935.0,20842070.0,2.142,0.004665,0.017638,0.59,267.6771,396.0931,4.2094,7.2507,7.2957,0.0,,1011660000.0,891654450.0000001,235854301.0,5118999600.0,4511771517.0,区域地产,房地产,房地产开发,住宅开发,5.51,4.51,
2009-09-25,10.82,10.88,10.56,10.69,10.84,-0.1500000000000003,-1.38,2528332.0,12645696.9,2.142,0.002836,0.01072,0.4,263.974,390.6135,4.1511,7.1503,7.1947,0.0,,1011660000.0,891654450.0000001,235854301.0,5048183400.0,4449355706.0,区域地产,房地产,房地产开发,住宅开发,5.57,4.55,
2009-09-28,10.75,10.97,10.43,10.52,10.69,-0.1699999999999999,-1.59,2769697.0,13878084.9,2.142,0.003106,0.0117429999999999,0.53,259.742,384.3512,4.0846,7.0357,7.0794,0.0,,1011660000.0,891654450.0000001,235854301.0,4967250600.0,4378023350.0,区域地产,房地产,房地产开发,住宅开发,5.49,4.49,
2009-09-29,10.54,10.65,9.85,10.26,10.52,-0.2599999999999998,-2.47,2684462.0,12836038.7,2.142,0.003011,0.011382,0.72,253.3939,374.9577,3.9847,6.8638,6.9064,0.0,,1011660000.0,891654450.0000001,235854301.0,4845851400.0,4271024816.0,区域地产,房地产,房地产开发,住宅开发,5.4,4.42,
2009-09-30,10.37,10.58,10.28,10.41,10.26,0.1500000000000003,1.46,2943939.0,14436654.5,2.142,0.003302,0.012482,0.88,257.097,380.4372,4.043,6.9641,7.0073,0.0,,1011660000.0,891654450.0000001,235854301.0,4916667600.0,4333440627.0,区域地产,房地产,房地产开发,住宅开发,5.27,4.31,
2009-10-09,10.58,10.88,10.5,10.84,10.41,0.4299999999999997,4.13,2953376.0,14849410.1,2.142,0.003312,0.012522,0.98,267.6771,396.0931,4.2094,7.2507,7.2957,0.0,,1011660000.0,891654450.0000001,235854301.0,5118999600.0,4511771517.0,区域地产,房地产,房地产开发,住宅开发,5.35,4.37,
2009-10-12,10.88,11.22,10.82,10.99,10.84,0.1500000000000003,1.38,5143832.0,26552878.2,2.142,0.005769,0.021809,1.85,271.3801,401.5726,4.2676,7.351,7.3966,0.0,,1011660000.0,891654450.0000001,235854301.0,5189815800.0,4574187329.0,区域地产,房地产,房地产开发,住宅开发,5.57,4.55,
2009-10-13,10.99,12.08,10.95,12.08,10.99,1.09,9.92,10639331.0,58841356.9,2.142,0.011932,0.04511,3.22,298.3594,441.4951,4.6918,8.0818,8.1319,0.0,,1011660000.0,891654450.0000001,235854301.0,5705762400.0,5028931098.0,区域地产,房地产,房地产开发,住宅开发,5.64,4.62,
2009-10-14,12.55,13.28,12.42,13.28,12.08,1.1999999999999993,9.93,25633732.0,156783442.0,2.142,0.0287489999999999,0.1086849999999999,5.26,327.9838,485.3315,5.1577,8.8842,8.9394,0.0,,1011660000.0,891654450.0000001,235854301.0,6272292000.0,5528257590.0,区域地产,房地产,房地产开发,住宅开发,6.2,5.08,
2009-10-15,14.03,14.61,13.71,14.61,13.28,1.33,10.02,84297793.0,563706261.7,2.142,0.094541,0.357415,8.91,360.7822,533.8646,5.6735,9.7726,9.8333,0.0,,1011660000.0,891654450.0000001,235854301.0,6899521200.0,6081083349.0,区域地产,房地产,房地产开发,住宅开发,6.82,5.58,
2009-10-19,14.63,16.06,14.42,16.06,14.61,1.4499999999999993,9.92,53018346.0,378499976.6,2.142,0.059461,0.224793,2.06,396.7546,587.0945,6.2392,10.747,10.8137,0.0,,1011660000.0,891654450.0000001,235854301.0,7587450000.0,6687408375.0,区域地产,房地产,房地产开发,住宅开发,7.5,6.14,
2009-10-20,16.88,17.56,16.24,17.03,16.06,0.9700000000000024,6.04,74050922.0,581998929.6999999,2.142,0.083049,0.313969,2.07,420.5598,622.3202,6.6135,11.3918,11.4626,0.0,,1011660000.0,891654450.0000001,235854301.0,8042697000.0,7088652878.000001,区域地产,房地产,房地产开发,住宅开发,8.25,6.75,
2009-10-21,16.92,18.74,16.79,18.74,17.03,1.7099999999999973,10.04,66178227.0,556379851.6,2.142,0.07422,0.280589,1.34,462.8803,684.9436,7.279,12.5382,12.616,0.0,,1011660000.0,891654450.0000001,235854301.0,8852025000.0,7801976438.0,区域地产,房地产,房地产开发,住宅开发,8.75,7.16,
2009-11-02,16.88,17.78,16.88,17.54,18.74,-1.1999999999999993,-6.4,88092852.0,706906246.4,2.142,0.098797,0.359547,1.45,433.256,618.5319,6.7931,11.7357,11.5633,0.0,,1011660000.0,891654450.0000001,245010888.0,8285495400.0,7302649946.0,区域地产,房地产,房地产开发,住宅开发,9.63,7.88,
2009-11-03,17.37,18.16,17.14,17.99,17.54,0.4499999999999993,2.57,75448065.0,624191844.2,2.142,0.084616,0.307938,1.03,444.3651,634.3916,6.9673,12.0367,11.8598,0.0,,1011660000.0,891654450.0000001,245010888.0,8497944000.0,7489897380.0,区域地产,房地产,房地产开发,住宅开发,9.01,7.37,
2009-11-04,17.78,17.99,17.22,17.74,17.99,-0.25,-1.39,54039694.99999999,442911179.6,2.142,0.060606,0.22056,0.76,438.017,625.3289,6.8677,11.8647,11.6903,0.0,,1011660000.0,891654450.0000001,245010888.0,8376544800.0,7382898846.0,区域地产,房地产,房地产开发,住宅开发,9.24,7.56,
2009-11-06,17.78,18.21,17.52,17.82,17.74,0.0800000000000018,0.45,41077123.0,341824086.5,2.142,0.046068,0.167654,0.57,440.1331,628.3498,6.9009,11.922,11.7468,0.0,,1011660000.0,891654450.0000001,245010888.0,8417011200.0,7418565024.0,区域地产,房地产,房地产开发,住宅开发,9.11,7.45,
2009-11-09,17.65,17.78,17.03,17.48,17.82,-0.3399999999999998,-1.91,34414480.0,278923545.5,2.142,0.038596,0.140461,0.53,431.669,616.2662,6.7682,11.6928,11.5209,0.0,,1011660000.0,891654450.0000001,245010888.0,8255145600.000001,7275900312.0,区域地产,房地产,房地产开发,住宅开发,9.15,7.49,
2009-11-10,17.61,18.19,17.46,17.54,17.48,0.0599999999999987,0.34,55718987.0,460582615.4,2.142,0.0624889999999999,0.2274139999999999,0.95,433.256,618.5319,6.7931,11.7357,11.5633,0.0,,1011660000.0,891654450.0000001,245010888.0,8285495400.0,7302649946.0,区域地产,房地产,房地产开发,住宅开发,8.98,7.34,
2009-11-11,17.16,17.33,16.71,17.26,17.54,-0.2799999999999976,-1.6,35977314.0,286935320.40000004,2.142,0.040349,0.14684,0.69,426.3789,608.7139,6.6852,11.5495,11.3797,0.0,,1011660000.0,891654450.0000001,245010888.0,8153979600.0,7186734867.0,区域地产,房地产,房地产开发,住宅开发,9.01,7.37,
2009-11-12,17.24,17.46,16.84,17.26,17.26,0.0,0.0,30406644.0,243393263.2,2.142,0.034101,0.1241029999999999,0.69,426.3789,608.7139,6.6852,11.5495,11.3797,0.0,,1011660000.0,891654450.0000001,245010888.0,8153979600.0,7186734867.0,区域地产,房地产,房地产开发,住宅开发,8.87,7.25,
2009-11-13,17.2,17.89,17.16,17.78,17.26,0.5199999999999996,3.01,42273252.0,346872656.0,2.142,0.0474099999999999,0.172536,1.07,439.0751,626.8394,6.8843,11.8934,11.7186,0.0,,1011660000.0,891654450.0000001,245010888.0,8396778000.0,7400731935.000001,区域地产,房地产,房地产开发,住宅开发,8.87,7.25,
2009-11-16,17.78,18.53,17.56,17.65,17.78,-0.1300000000000025,-0.73,60562743.99999999,507631199.0,2.142,0.067922,0.247184,1.52,435.901,622.308,6.8345,11.8074,11.6339,0.0,,1011660000.0,891654450.0000001,245010888.0,8336078400.0,7347232668.0,区域地产,房地产,房地产开发,住宅开发,9.13,7.47,
2009-11-17,17.35,17.8,17.03,17.65,17.65,0.0,0.0,33225352.0,271058276.6,2.142,0.037263,0.135608,0.74,435.901,622.308,6.8345,11.8074,11.6339,0.0,,1011660000.0,891654450.0000001,245010888.0,8336078400.0,7347232668.0,区域地产,房地产,房地产开发,住宅开发,9.06,7.42,
2009-11-18,17.69,18.53,17.39,18.14,17.65,0.490000000000002,2.78,47305762.0,396093309.0,2.142,0.053054,0.193076,1.17,448.0682,639.6782,7.0253,12.137,11.9586,0.0,,1011660000.0,891654450.0000001,245010888.0,8568760200.0,7552313192.0,区域地产,房地产,房地产开发,住宅开发,9.06,7.42,
2009-11-19,17.91,19.26,17.74,18.51,18.14,0.370000000000001,2.04,63609431.00000001,548055813.0,2.142,0.071339,0.259619,1.49,457.0613,652.5171,7.1663,12.3806,12.1986,0.0,,1011660000.0,891654450.0000001,245010888.0,8740742400.0,7703894448.000001,区域地产,房地产,房地产开发,住宅开发,9.32,7.62,
2009-11-20,18.1,18.94,17.95,17.97,18.51,-0.5400000000000027,-2.92,44823527.0,384568841.6,2.142,0.05027,0.182945,0.91,443.8361,633.6364,6.959,12.0223,11.8457,0.0,,1011660000.0,891654450.0000001,245010888.0,8487827400.0,7480980836.0,区域地产,房地产,房地产开发,住宅开发,9.5,7.78,
2009-11-23,17.76,18.04,17.59,18.04,17.97,0.0700000000000002,0.39,26945042.0,223885136.2,2.142,0.030219,0.109975,0.54,445.4231,635.9021,6.9838,12.0653,11.888,0.0,,1011660000.0,891654450.0000001,245010888.0,8518177200.0,7507730469.0,区域地产,房地产,房地产开发,住宅开发,9.23,7.55,
2009-11-24,18.04,18.94,17.14,17.35,18.04,-0.6899999999999977,-3.82,47364515.0,402282038.5,2.142,0.05312,0.193316,1.1,428.4949,611.7348,6.7184,11.6068,11.4362,0.0,,1011660000.0,891654450.0000001,245010888.0,8194446000.0,7222401045.0,区域地产,房地产,房地产开发,住宅开发,9.26,7.58,
2009-11-25,17.14,18.1,16.62,17.74,17.35,0.389999999999997,2.25,33505947.0,270648490.9,2.142,0.037577,0.136753,0.73,438.017,625.3289,6.8677,11.8647,11.6903,0.0,,1011660000.0,891654450.0000001,245010888.0,8376544800.0,7382898846.0,区域地产,房地产,房地产开发,住宅开发,8.91,7.29,
2009-11-26,17.69,19.51,17.59,18.64,17.74,0.9000000000000021,5.07,119280287.0,1066128334.8,2.142,0.133774,0.486837,2.76,460.2353,657.0485,7.2161,12.4665,12.2833,0.0,,1011660000.0,891654450.0000001,245010888.0,8801442000.0,7757393715.0,区域地产,房地产,房地产开发,住宅开发,9.11,7.45,
2009-11-27,17.67,17.91,16.77,16.77,18.64,-1.870000000000001,-10.03,71011823.0,560604375.0,2.142,0.079641,0.289831,1.31,414.2118,591.3436,6.4945,11.2199,11.055,0.0,,1011660000.0,891654450.0000001,245010888.0,7921297800.0,6981654344.0,区域地产,房地产,房地产开发,住宅开发,9.57,7.83,
2009-11-30,16.28,16.77,16.02,16.77,16.77,0.0,0.0,36516729.0,280200107.5,2.142,0.040954,0.149041,0.61,414.2118,591.3436,6.4945,11.2199,11.055,0.0,,1011660000.0,891654450.0000001,245010888.0,7921297800.0,6981654344.0,区域地产,房地产,房地产开发,住宅开发,8.61,7.05,
2009-12-01,16.6,17.29,16.06,16.92,16.77,0.1500000000000021,0.89,35471033.0,277007763.0,2.142,0.039781,0.1447729999999999,0.58,417.9148,596.6302,6.5525,11.3202,11.1538,0.0,,1011660000.0,891654450.0000001,245010888.0,7992114000.0,7044070155.0,区域地产,房地产,房地产开发,住宅开发,8.61,7.05,
2009-12-02,16.96,17.35,16.64,16.94,16.92,0.0199999999999995,0.12,34300502.0,271854574.5,2.142,0.038468,0.1399959999999999,0.58,418.4438,597.3855,6.5608,11.3345,11.168,0.0,,1011660000.0,891654450.0000001,245010888.0,8002230600.000001,7052986700.0,区域地产,房地产,房地产开发,住宅开发,8.69,7.11,
2009-12-03,16.92,16.92,16.39,16.62,16.94,-0.3200000000000003,-1.89,24843354.0,192343264.6,2.142,0.027862,0.101397,0.42,410.5087,586.057,6.4364,11.1196,10.9562,0.0,,1011660000.0,891654450.0000001,245010888.0,7850481600.0,6919238532.0,区域地产,房地产,房地产开发,住宅开发,8.7,7.12,
2009-12-04,16.49,16.84,15.64,16.32,16.62,-0.3000000000000007,-1.81,23926006.0,181717919.3,2.142,0.026833,0.097653,0.59,403.1026,575.4838,6.3203,10.919,10.7585,0.0,,1011660000.0,891654450.0000001,245010888.0,7708849200.0,6794406909.0,区域地产,房地产,房地产开发,住宅开发,8.54,6.98,
2009-12-07,16.39,16.71,16.19,16.64,16.32,0.3200000000000003,1.96,14733751.0,113144518.4,2.142,0.016524,0.0601349999999999,0.48,411.0377,586.8123,6.4447,11.1339,10.9703,0.0,,1011660000.0,891654450.0000001,245010888.0,7860598199.999999,6928155077.0,区域地产,房地产,房地产开发,住宅开发,8.38,6.86,
2009-12-08,16.75,17.03,16.58,16.71,16.64,0.0700000000000002,0.42,20858375.0,163756950.79999998,2.142,0.023393,0.085132,0.78,412.6248,589.078,6.4696,11.1769,11.0126,0.0,,1011660000.0,891654450.0000001,245010888.0,7890948000.0,6954904710.0,区域地产,房地产,房地产开发,住宅开发,8.55,6.99,
2009-12-09,16.54,16.58,16.11,16.19,16.71,-0.5199999999999996,-3.11,11117101.0,84650215.6,2.142,0.012468,0.045374,0.47,399.9286,570.9525,6.2705,10.833,10.6738,0.0,,1011660000.0,891654450.0000001,245010888.0,7648149600.0,6740907642.0,区域地产,房地产,房地产开发,住宅开发,8.58,7.02,
2009-12-10,16.28,16.58,16.24,16.36,16.19,0.1699999999999981,1.05,7784067.0,59528803.0,2.142,0.00873,0.03177,0.41,404.1607,576.9943,6.3369,10.9476,10.7867,0.0,,1011660000.0,891654450.0000001,245010888.0,7729082400.0,6812239998.0,区域地产,房地产,房地产开发,住宅开发,8.32,6.8,
2009-12-11,16.45,16.51,16.06,16.13,16.36,-0.2300000000000004,-1.41,8862268.0,67128890.8,2.142,0.009939,0.036171,0.57,398.3416,568.6868,6.2456,10.79,10.6314,0.0,,1011660000.0,891654450.0000001,245010888.0,7617799800.0,6714158009.0,区域地产,房地产,房地产开发,住宅开发,8.4,6.88,
2009-12-14,16.02,16.26,15.55,15.96,16.13,-0.1699999999999981,-1.05,8795526.0,64995720.9,2.142,0.009864,0.035899,0.69,394.1095,562.645,6.1793,10.6754,10.5185,0.0,,1011660000.0,891654450.0000001,245010888.0,7536867000.0,6642825653.0,区域地产,房地产,房地产开发,住宅开发,8.28,6.78,
2009-12-15,15.94,16.17,15.74,15.96,15.96,0.0,0.0,9493470.0,70695657.7,2.142,0.010647,0.038747,0.83,394.1095,562.645,6.1793,10.6754,10.5185,0.0,,1011660000.0,891654450.0000001,245010888.0,7536867000.0,6642825653.0,区域地产,房地产,房地产开发,住宅开发,8.2,6.71,
2009-12-16,15.87,16.28,15.74,16.06,15.96,0.0999999999999978,0.63,11889533.0,89228779.1,2.142,0.0133339999999999,0.0485269999999999,1.29,396.7546,566.4211,6.2208,10.747,10.5891,0.0,,1011660000.0,891654450.0000001,245010888.0,7587450000.0,6687408375.0,区域地产,房地产,房地产开发,住宅开发,8.2,6.71,
2009-12-17,16.0,16.13,15.38,15.38,16.06,-0.6799999999999979,-4.23,9094754.0,66413513.900000006,2.142,0.0102,0.03712,0.97,379.8264,542.2538,5.9553,10.2885,10.1373,0.0,,1011660000.0,891654450.0000001,245010888.0,7263718800.0,6402078951.0,区域地产,房地产,房地产开发,住宅开发,8.25,6.75,
2009-12-18,15.17,15.17,14.24,14.48,15.38,-0.9000000000000004,-5.85,14467343.0,99021477.1,2.142,0.016225,0.0590479999999999,1.5,357.6081,510.5342,5.607,9.6866,9.5443,0.0,,1011660000.0,891654450.0000001,245010888.0,6838821600.0,6027584081.999999,区域地产,房地产,房地产开发,住宅开发,7.9,6.46,
2009-12-21,14.37,15.85,14.2,15.17,14.48,0.6899999999999995,4.77,18178797.0,128298421.8,2.142,0.020388,0.074196,1.69,374.5363,534.7015,5.8724,10.1452,9.9961,0.0,,1011660000.0,891654450.0000001,245010888.0,7162552800.0,6312913506.0,区域地产,房地产,房地产开发,住宅开发,7.44,6.08,
2009-12-22,14.99,15.02,14.14,14.5,15.17,-0.6699999999999999,-4.42,11766735.0,80004936.10000001,2.142,0.013197,0.048025,0.93,358.1371,511.2895,5.6153,9.701,9.5584,0.0,,1011660000.0,891654450.0000001,245010888.0,6848938199.999999,6036500627.0,区域地产,房地产,房地产开发,住宅开发,7.79,6.37,
2009-12-23,14.46,14.78,14.31,14.59,14.5,0.0899999999999998,0.62,8087603.999999999,54875673.1,2.142,0.00907,0.033009,0.62,360.2532,514.3104,5.6485,9.7583,9.6149,0.0,,1011660000.0,891654450.0000001,245010888.0,6889404600.0,6072166805.0,区域地产,房地产,房地产开发,住宅开发,7.45,6.09,
2009-12-24,14.54,15.14,14.27,14.89,14.59,0.3000000000000007,2.06,14079634.0,97163167.6,2.142,0.01579,0.057465,1.14,367.6592,524.8836,5.7646,9.9589,9.8126,0.0,,1011660000.0,891654450.0000001,245010888.0,7031037000.0,6196998428.0,区域地产,房地产,房地产开发,住宅开发,7.49,6.13,
2009-12-25,14.87,15.62,14.76,15.29,14.89,0.3999999999999986,2.69,16211637.0,115174420.9,2.142,0.018182,0.066167,1.22,377.7104,539.2329,5.9222,10.2312,10.0808,0.0,,1011660000.0,891654450.0000001,245010888.0,7223252400.0,6366412773.0,区域地产,房地产,房地产开发,住宅开发,7.65,6.26,
2009-12-28,15.06,15.55,14.99,15.47,15.29,0.1800000000000015,1.18,11405766.0,81860938.4,2.142,0.012792,0.0465519999999999,0.83,381.9424,545.2747,5.9885,10.3458,10.1938,0.0,,1011660000.0,891654450.0000001,245010888.0,7304185200.0,6437745129.0,区域地产,房地产,房地产开发,住宅开发,7.85,6.43,
2009-12-29,15.38,15.42,14.89,15.14,15.47,-0.33,-2.13,9956763.0,70321699.1,2.142,0.011167,0.0406379999999999,0.81,374.0073,533.9463,5.8641,10.1309,9.982,0.0,,1011660000.0,891654450.0000001,245010888.0,7152436200.0,6303996962.0,区域地产,房地产,房地产开发,住宅开发,7.94,6.5,
2009-12-30,15.14,15.59,14.93,15.55,15.14,0.4100000000000001,2.71,14105045.000000002,101100195.2,2.142,0.015819,0.057569,1.18,384.0584,548.2956,6.0217,10.4031,10.2502,0.0,,1011660000.0,891654450.0000001,245010888.0,7344651600.0,6473411307.0,区域地产,房地产,房地产开发,住宅开发,7.78,6.36,
2009-12-31,15.44,15.62,15.17,15.38,15.55,-0.1699999999999999,-1.09,10758308.0,77023535.2,2.142,0.0120659999999999,0.04391,0.82,379.8264,542.2538,5.9553,10.2885,10.1373,0.0,,1011660000.0,891654450.0000001,245010888.0,7263718800.0,6402078951.0,区域地产,房地产,房地产开发,住宅开发,7.99,6.53,
2010-01-04,15.44,15.55,15.21,15.38,15.38,0.0,0.0,8004561.0,57360945.1,2.142,0.008977,0.03267,0.64,379.8264,542.2538,5.9553,10.2885,10.1373,0.0,,1011660000.0,891654450.0000001,245010888.0,7263718800.0,6402078951.0,区域地产,房地产,房地产开发,住宅开发,7.9,6.46,
2010-01-05,15.19,15.32,14.82,15.1,15.38,-0.2800000000000011,-1.82,11600473.0,81468932.7,2.142,0.0130099999999999,0.047347,1.07,372.9493,532.4358,5.8475,10.1022,9.9537,0.0,,1011660000.0,891654450.0000001,245010888.0,7132203000.0,6286163872.999999,区域地产,房地产,房地产开发,住宅开发,7.9,6.46,
2010-01-06,15.12,15.53,14.97,15.19,15.1,0.0899999999999998,0.6,10487315.0,74840708.10000001,2.142,0.011762,0.042803,0.96,375.0653,535.4568,5.8807,10.1595,10.0102,0.0,,1011660000.0,891654450.0000001,245010888.0,7172669399.999999,6321830050.999999,区域地产,房地产,房地产开发,住宅开发,7.76,6.35,
2010-01-07,15.04,15.55,14.72,15.1,15.19,-0.0899999999999998,-0.59,13009249.0,92013891.8,2.142,0.01459,0.053097,1.18,372.9493,532.4358,5.8475,10.1022,9.9537,0.0,,1011660000.0,891654450.0000001,245010888.0,7132203000.0,6286163872.999999,区域地产,房地产,房地产开发,住宅开发,7.8,6.38,
2010-01-08,14.99,15.64,14.78,15.55,15.1,0.450000000000001,2.98,19012099.0,136530787.29999998,2.142,0.021322,0.077597,1.76,384.0584,548.2956,6.0217,10.4031,10.2502,0.0,,1011660000.0,891654450.0000001,245010888.0,7344651600.0,6473411307.0,区域地产,房地产,房地产开发,住宅开发,7.76,6.35,
2010-01-11,15.55,15.94,15.04,15.44,15.55,-0.1100000000000012,-0.71,22092188.0,159423254.7,2.142,0.024777,0.090168,1.78,381.4134,544.5195,5.9802,10.3315,10.1796,0.0,,1011660000.0,891654450.0000001,245010888.0,7294068600.0,6428828585.0,区域地产,房地产,房地产开发,住宅开发,7.99,6.53,
2010-01-12,15.42,15.92,15.38,15.64,15.44,0.200000000000001,1.3,20848752.0,152523067.9,2.142,0.023382,0.085093,1.37,386.1745,551.3165,6.0549,10.4604,10.3067,0.0,,1011660000.0,891654450.0000001,245010888.0,7385118000.0,6509077485.0,区域地产,房地产,房地产开发,住宅开发,7.93,6.49,
2010-01-13,15.38,15.4,14.69,14.72,15.64,-0.92,-5.88,17978608.0,126030889.4,2.142,0.020163,0.073379,1.05,363.4272,518.8417,5.6982,9.8443,9.6996,0.0,,1011660000.0,891654450.0000001,245010888.0,6950104200.0,6125666072.0,区域地产,房地产,房地产开发,住宅开发,8.03,6.57,
2010-01-14,14.67,15.06,14.59,14.95,14.72,0.2299999999999986,1.56,9018377.0,62391452.5,2.142,0.010114,0.036808,0.49,369.2463,527.1492,5.7895,10.0019,9.8549,0.0,,1011660000.0,891654450.0000001,245010888.0,7061386800.000001,6223748061.0,区域地产,房地产,房地产开发,住宅开发,7.56,6.18,
2010-01-15,15.04,15.38,14.95,15.19,14.95,0.2400000000000002,1.61,9144973.0,64829382.6,2.142,0.010256,0.037325,0.51,375.0653,535.4568,5.8807,10.1595,10.0102,0.0,,1011660000.0,891654450.0000001,245010888.0,7172669399.999999,6321830050.999999,区域地产,房地产,房地产开发,住宅开发,7.68,6.28,
2010-01-18,15.17,15.42,14.97,15.38,15.19,0.1900000000000012,1.25,13026320.0,92993721.8,2.142,0.014609,0.053166,0.82,379.8264,542.2538,5.9553,10.2885,10.1373,0.0,,1011660000.0,891654450.0000001,245010888.0,7263718800.0,6402078951.0,区域地产,房地产,房地产开发,住宅开发,7.8,6.38,
2010-01-19,15.36,15.55,15.17,15.38,15.38,0.0,0.0,13860946.0,99264921.8,2.142,0.015545,0.056573,0.99,379.8264,542.2538,5.9553,10.2885,10.1373,0.0,,1011660000.0,891654450.0000001,245010888.0,7263718800.0,6402078951.0,区域地产,房地产,房地产开发,住宅开发,7.9,6.46,
2010-01-20,15.38,15.85,15.12,15.85,15.38,0.4699999999999988,3.06,32574601.0,236839379.7,2.142,0.036533,0.132952,2.58,391.4645,558.8688,6.1378,10.6037,10.4479,0.0,,1011660000.0,891654450.0000001,245010888.0,7486284000.0,6598242929.999999,区域地产,房地产,房地产开发,住宅开发,7.9,6.46,
2010-01-21,15.66,16.84,15.44,16.71,15.85,0.8600000000000012,5.43,51652750.0,393547300.3,2.142,0.057929,0.210818,3.33,412.6248,589.078,6.4696,11.1769,11.0126,0.0,,1011660000.0,891654450.0000001,245010888.0,7890948000.0,6954904710.0,区域地产,房地产,房地产开发,住宅开发,8.14,6.66,
2010-01-22,16.28,16.39,15.04,15.51,16.71,-1.200000000000001,-7.18,26104319.0,190435425.4,2.142,0.029276,0.106544,1.09,383.0004,546.7852,6.0051,10.3745,10.222,0.0,,1011660000.0,891654450.0000001,245010888.0,7324418400.0,6455578218.0,区域地产,房地产,房地产开发,住宅开发,8.58,7.02,
2010-01-25,15.1,15.19,14.29,14.44,15.51,-1.0700000000000005,-6.9,16161835.0,110608529.2,2.142,0.018126,0.065964,0.59,356.5501,509.0238,5.5904,9.658,9.5161,0.0,,1011660000.0,891654450.0000001,245010888.0,6818588400.0,6009750993.0,区域地产,房地产,房地产开发,住宅开发,7.96,6.52,
2010-01-26,14.33,14.48,13.37,13.47,14.44,-0.9699999999999988,-6.72,12659139.0,81287018.0,2.142,0.014197,0.051668,0.45,332.7448,475.0385,5.2171,9.0132,8.8807,0.0,,1011660000.0,891654450.0000001,245010888.0,6363341400.0,5608506491.0,区域地产,房地产,房地产开发,住宅开发,7.41,6.07,
2010-01-27,13.92,13.94,13.49,13.6,13.47,0.129999999999999,0.97,8899228.0,56949958.5,2.142,0.009981,0.036322,0.32,335.9189,479.5699,5.2669,9.0991,8.9654,0.0,,1011660000.0,891654450.0000001,245010888.0,6424041000.0,5662005758.0,区域地产,房地产,房地产开发,住宅开发,6.92,5.66,
2010-01-28,13.58,13.62,13.04,13.54,13.6,-0.0600000000000005,-0.44,7831422.0,48901563.6,2.142,0.008783,0.031964,0.34,334.3319,477.3042,5.242,9.0562,8.9231,0.0,,1011660000.0,891654450.0000001,245010888.0,6393691200.0,5635256124.0,区域地产,房地产,房地产开发,住宅开发,6.99,5.72,
2010-01-29,13.32,13.82,13.32,13.64,13.54,0.1000000000000014,0.74,7387270.0,46922493.6,2.142,0.008285,0.0301509999999999,0.52,336.9769,481.0803,5.2835,9.1278,8.9937,0.0,,1011660000.0,891654450.0000001,245010888.0,6444274200.0,5679838847.000001,区域地产,房地产,房地产开发,住宅开发,6.95,5.69,
2010-02-01,13.64,14.14,13.32,13.9,13.64,0.2599999999999998,1.91,8851012.0,56568029.6,2.142,0.009927,0.036125,0.84,343.325,490.1431,5.383,9.2998,9.1631,0.0,,1011660000.0,891654450.0000001,245010888.0,6565673400.0,5786837381.0,区域地产,房地产,房地产开发,住宅开发,7.01,5.73,
2010-02-02,14.14,14.22,13.6,13.6,13.9,-0.3000000000000007,-2.16,9804073.0,64052084.4,2.142,0.010995,0.040015,1.07,335.9189,479.5699,5.2669,9.0991,8.9654,0.0,,1011660000.0,891654450.0000001,245010888.0,6424041000.0,5662005758.0,区域地产,房地产,房地产开发,住宅开发,7.14,5.84,
2010-02-03,13.69,14.01,13.09,13.94,13.6,0.3399999999999998,2.5,11857221.0,75213694.9,2.142,0.013298,0.048395,1.39,344.383,491.6535,5.3996,9.3284,9.1913,0.0,,1011660000.0,891654450.0000001,245010888.0,6585906600.0,5804670470.0,区域地产,房地产,房地产开发,住宅开发,6.99,5.72,
2010-02-04,13.92,14.65,13.58,14.14,13.94,0.200000000000001,1.43,17955594.0,118680234.2,2.142,0.020137,0.073285,1.96,349.144,498.4506,5.4743,9.4574,9.3184,0.0,,1011660000.0,891654450.0000001,245010888.0,6676956000.0,5884919370.0,区域地产,房地产,房地产开发,住宅开发,7.16,5.86,
2010-02-05,13.69,13.84,13.28,13.41,14.14,-0.7300000000000004,-5.16,12627667.0,79642684.2,2.142,0.014162,0.051539,1.13,331.1578,472.7728,5.1923,8.9702,8.8384,0.0,,1011660000.0,891654450.0000001,245010888.0,6332991600.0,5581756857.0,区域地产,房地产,房地产开发,住宅开发,7.26,5.94,
2010-02-08,13.41,13.56,13.3,13.43,13.41,0.0199999999999995,0.15,4043214.0,25305453.2,2.142,0.004535,0.016502,0.33,331.6868,473.528,5.2006,8.9845,8.8525,0.0,,1011660000.0,891654450.0000001,245010888.0,6343108199.999999,5590673402.0,区域地产,房地产,房地产开发,住宅开发,6.89,5.63,
2010-02-09,13.43,13.47,13.28,13.37,13.43,-0.0600000000000005,-0.45,3827884.0,23879559.2,2.142,0.004293,0.015623,0.34,330.0998,471.2624,5.1757,8.9415,8.8101,0.0,,1011660000.0,891654450.0000001,245010888.0,6312758400.0,5563923768.0,区域地产,房地产,房地产开发,住宅开发,6.9,5.64,
2010-02-10,13.49,13.56,13.32,13.47,13.37,0.1000000000000014,0.75,3672476.0,23051363.1,2.142,0.004119,0.0149889999999999,0.36,332.7448,475.0385,5.2171,9.0132,8.8807,0.0,,1011660000.0,891654450.0000001,245010888.0,6363341400.0,5608506491.0,区域地产,房地产,房地产开发,住宅开发,6.86,5.62,
2010-02-11,13.41,13.67,13.39,13.49,13.47,0.0199999999999995,0.15,4562177.0,28833917.5,2.142,0.005117,0.01862,0.54,333.2738,475.7937,5.2254,9.0275,8.8948,0.0,,1011660000.0,891654450.0000001,245010888.0,6373458000.0,5617423035.0,区域地产,房地产,房地产开发,住宅开发,6.92,5.66,
2010-02-12,13.56,13.62,13.45,13.56,13.49,0.0700000000000002,0.52,3472758.0,22001088.8,2.142,0.003895,0.0141739999999999,0.6,334.8609,478.0594,5.2503,9.0705,8.9372,0.0,,1011660000.0,891654450.0000001,245010888.0,6403807800.0,5644172669.0,区域地产,房地产,房地产开发,住宅开发,6.93,5.67,
2010-02-22,13.52,13.67,13.39,13.54,13.56,-0.0200000000000013,-0.15,4312319.0,27240520.7,2.142,0.004836,0.017601,1.1,334.3319,477.3042,5.242,9.0562,8.9231,0.0,,1011660000.0,891654450.0000001,245010888.0,6393691200.0,5635256124.0,区域地产,房地产,房地产开发,住宅开发,6.96,5.7,
2010-02-23,13.58,13.58,13.04,13.45,13.54,-0.0899999999999998,-0.66,5196021.0,32266834.0,2.142,0.005827,0.0212069999999999,1.31,332.2158,474.2833,5.2089,8.9988,8.8666,0.0,,1011660000.0,891654450.0000001,245010888.0,6353224800.0,5599589946.0,区域地产,房地产,房地产开发,住宅开发,6.95,5.69,
2010-02-24,13.37,13.86,13.17,13.77,13.45,0.3200000000000003,2.38,10496865.0,67108344.7,2.142,0.011772,0.042842,2.47,340.1509,485.6117,5.3333,9.2138,9.0784,0.0,,1011660000.0,891654450.0000001,245010888.0,6504973800.0,5733338114.0,区域地产,房地产,房地产开发,住宅开发,6.91,5.65,
2010-02-25,13.92,14.89,13.86,14.46,13.77,0.6900000000000013,5.01,20890842.0,139221106.70000002,2.142,0.023429,0.085265,3.73,357.0791,509.779,5.5987,9.6723,9.5302,0.0,,1011660000.0,891654450.0000001,245010888.0,6828705000.0,6018667537.999999,区域地产,房地产,房地产开发,住宅开发,7.07,5.79,
2010-02-26,14.27,14.74,14.14,14.57,14.46,0.1099999999999994,0.76,15775969.0,105838237.2,2.142,0.017693,0.064389,1.78,359.7241,513.5551,5.6402,9.744,9.6008,0.0,,1011660000.0,891654450.0000001,245010888.0,6879288000.0,6063250260.0,区域地产,房地产,房地产开发,住宅开发,7.43,6.08,
2010-03-01,14.76,14.93,14.46,14.52,14.57,-0.0500000000000007,-0.34,16473357.0,112548060.7,2.142,0.018475,0.0672349999999999,1.45,358.6661,512.0447,5.6236,9.7153,9.5725,0.0,,1011660000.0,891654450.0000001,245010888.0,6859054800.0,6045417171.0,区域地产,房地产,房地产开发,住宅开发,7.48,6.12,
2010-03-02,14.37,15.64,14.18,15.25,14.52,0.7300000000000004,5.03,33694367.0,234277379.6,2.142,0.037789,0.137522,2.45,376.6523,537.7224,5.9056,10.2025,10.0526,0.0,,1011660000.0,891654450.0000001,245010888.0,7203019200.0,6348579684.0,区域地产,房地产,房地产开发,住宅开发,7.46,6.1,
2010-03-03,14.99,15.1,14.67,14.8,15.25,-0.4499999999999993,-2.95,17707738.0,122379104.3,2.142,0.019859,0.0722729999999999,0.91,365.5432,521.8626,5.7314,9.9016,9.7561,0.0,,1011660000.0,891654450.0000001,245010888.0,6990570600.000001,6161332250.0,区域地产,房地产,房地产开发,住宅开发,7.83,6.41,
2010-03-04,15.02,15.77,14.46,14.63,14.8,-0.1699999999999999,-1.15,22863999.0,161965147.9,2.142,0.025642,0.093318,1.09,361.3112,515.8208,5.665,9.7869,9.6431,0.0,,1011660000.0,891654450.0000001,245010888.0,6909637800.0,6089999894.0,区域地产,房地产,房地产开发,住宅开发,7.6,6.22,
2010-03-05,14.57,14.78,14.09,14.33,14.63,-0.3000000000000007,-2.05,12120882.0,81000556.5,2.142,0.013594,0.049471,0.57,353.9051,505.2476,5.5489,9.5863,9.4455,0.0,,1011660000.0,891654450.0000001,245010888.0,6768005400.0,5965168271.0,区域地产,房地产,房地产开发,住宅开发,7.51,6.15,
2010-03-08,14.78,15.1,14.46,14.61,14.33,0.2799999999999993,1.95,9182795.0,62912076.8,2.142,0.010299,0.037479,0.45,360.7822,515.0656,5.6567,9.7726,9.629,0.0,,1011660000.0,891654450.0000001,245010888.0,6899521200.0,6081083349.0,区域地产,房地产,房地产开发,住宅开发,7.36,6.02,
2010-03-09,14.35,14.99,14.2,14.76,14.61,0.1500000000000003,1.03,14457300.0,99403826.0,2.142,0.016214,0.059007,0.76,364.4852,520.3522,5.7148,9.8729,9.7278,0.0,,1011660000.0,891654450.0000001,245010888.0,6970337400.0,6143499161.0,区域地产,房地产,房地产开发,住宅开发,7.5,6.14,
2010-03-10,14.63,14.74,14.27,14.39,14.76,-0.3699999999999992,-2.51,8206561.0,55415631.1,2.142,0.009204,0.033495,0.54,355.4921,507.5133,5.5738,9.6293,9.4878,0.0,,1011660000.0,891654450.0000001,245010888.0,6798355200.0,5991917904.000001,区域地产,房地产,房地产开发,住宅开发,7.58,6.2,
2010-03-11,14.35,14.95,14.31,14.59,14.39,0.1999999999999993,1.39,7913257.000000001,53858712.2,2.142,0.008875,0.032298,0.59,360.2532,514.3104,5.6485,9.7583,9.6149,0.0,,1011660000.0,891654450.0000001,245010888.0,6889404600.0,6072166805.0,区域地产,房地产,房地产开发,住宅开发,7.39,6.05,
2010-03-12,14.48,14.72,14.18,14.22,14.59,-0.3699999999999992,-2.54,7984380.0,53547023.0,2.142,0.008955,0.032588,0.77,351.26,501.4715,5.5075,9.5147,9.3749,0.0,,1011660000.0,891654450.0000001,245010888.0,6717422400.0,5920585548.0,区域地产,房地产,房地产开发,住宅开发,7.49,6.13,
2010-03-15,14.09,14.2,13.67,13.73,14.22,-0.4900000000000002,-3.45,6331754.0,40931074.3,2.142,0.007101,0.0258429999999999,0.66,339.0929,484.1012,5.3167,9.1851,9.0501,0.0,,1011660000.0,891654450.0000001,245010888.0,6484740600.000001,5715505024.999999,区域地产,房地产,房地产开发,住宅开发,7.3,5.98,
2010-03-16,13.77,14.95,13.73,14.74,13.73,1.0099999999999998,7.36,13385323.000000002,89761128.3,2.142,0.015012,0.0546319999999999,1.49,363.9562,519.597,5.7065,9.8586,9.7137,0.0,,1011660000.0,891654450.0000001,245010888.0,6960220800.0,6134582616.0,区域地产,房地产,房地产开发,住宅开发,7.05,5.77,
2010-03-17,14.61,14.99,14.57,14.89,14.74,0.1500000000000003,1.02,19870599.0,137801849.6,2.142,0.022285,0.0811009999999999,2.27,367.6592,524.8836,5.7646,9.9589,9.8126,0.0,,1011660000.0,891654450.0000001,245010888.0,7031037000.0,6196998428.0,区域地产,房地产,房地产开发,住宅开发,7.57,6.19,
2010-03-18,14.91,15.12,14.67,14.99,14.89,0.0999999999999996,0.67,14815029.999999998,103471186.1,2.142,0.016615,0.060467,1.34,370.3043,528.6597,5.806,10.0305,9.8831,0.0,,1011660000.0,891654450.0000001,245010888.0,7081620000.0,6241581150.0,区域地产,房地产,房地产开发,住宅开发,7.65,6.26,
2010-03-19,14.99,15.27,14.84,14.97,14.99,-0.0199999999999995,-0.13,11410596.0,80103323.2,2.142,0.012797,0.0465719999999999,0.91,369.7753,527.9045,5.7978,10.0162,9.869,0.0,,1011660000.0,891654450.0000001,245010888.0,7071503400.0,6232664606.0,区域地产,房地产,房地产开发,住宅开发,7.7,6.3,
2010-03-22,14.91,14.97,14.63,14.76,14.97,-0.2100000000000008,-1.4,8439686.0,58136402.6,2.142,0.009465,0.034446,0.64,364.4852,520.3522,5.7148,9.8729,9.7278,0.0,,1011660000.0,891654450.0000001,245010888.0,6970337400.0,6143499161.0,区域地产,房地产,房地产开发,住宅开发,7.69,6.29,
2010-03-23,14.78,15.12,14.59,14.84,14.76,0.08,0.54,9080030.0,62952246.7,2.142,0.010183,0.03706,0.67,366.6012,523.3731,5.748,9.9302,9.7843,0.0,,1011660000.0,891654450.0000001,245010888.0,7010803800.0,6179165339.0,区域地产,房地产,房地产开发,住宅开发,7.58,6.2,
2010-03-24,14.8,14.91,14.61,14.72,14.84,-0.1199999999999992,-0.81,6229361.0,42844779.1,2.142,0.006986,0.025425,0.49,363.4272,518.8417,5.6982,9.8443,9.6996,0.0,,1011660000.0,891654450.0000001,245010888.0,6950104200.0,6125666072.0,区域地产,房地产,房地产开发,住宅开发,7.62,6.24,
2010-03-25,14.61,14.67,14.14,14.22,14.72,-0.5,-3.4,8911827.0,59499623.2,2.142,0.009995,0.036373,0.89,351.26,501.4715,5.5075,9.5147,9.3749,0.0,,1011660000.0,891654450.0000001,245010888.0,6717422400.0,5920585548.0,区域地产,房地产,房地产开发,住宅开发,7.56,6.18,
2010-03-26,14.27,14.48,14.14,14.31,14.22,0.0899999999999998,0.63,4997098.0,33438942.8,2.142,0.005604,0.020395,0.57,353.3761,504.4924,5.5406,9.572,9.4313,0.0,,1011660000.0,891654450.0000001,245010888.0,6757888800.0,5956251726.000001,区域地产,房地产,房地产开发,住宅开发,7.3,5.98,
2010-03-29,14.35,14.57,14.35,14.52,14.31,0.209999999999999,1.47,5942515.0,40127403.8,2.142,0.006665,0.0242539999999999,0.79,358.6661,512.0447,5.6236,9.7153,9.5725,0.0,,1011660000.0,891654450.0000001,245010888.0,6859054800.0,6045417171.0,区域地产,房地产,房地产开发,住宅开发,7.35,6.01,
2010-03-30,14.48,14.65,14.42,14.5,14.52,-0.0199999999999995,-0.14,4856027.0,32904970.7,2.142,0.0054459999999999,0.01982,0.69,358.1371,511.2895,5.6153,9.701,9.5584,0.0,,1011660000.0,891654450.0000001,245010888.0,6848938199.999999,6036500627.0,区域地产,房地产,房地产开发,住宅开发,7.46,6.1,
2010-03-31,14.52,14.67,14.31,14.39,14.5,-0.1099999999999994,-0.76,6267634.0,42381432.1,2.142,0.007029,0.025581,1.01,355.4921,507.5133,5.5738,9.6293,9.4878,0.0,,1011660000.0,891654450.0000001,245010888.0,6798355200.0,5991917904.000001,区域地产,房地产,房地产开发,住宅开发,7.45,6.09,
2010-04-01,14.39,14.89,14.35,14.8,14.39,0.4100000000000001,2.85,12689169.0,87228070.60000001,2.142,0.014231,0.05179,2.05,365.5432,521.8626,5.7314,9.9016,9.7561,0.0,,1011660000.0,891654450.0000001,245010888.0,6990570600.000001,6161332250.0,区域地产,房地产,房地产开发,住宅开发,7.39,6.05,
2010-04-02,14.74,15.02,14.69,14.82,14.8,0.0199999999999995,0.14,8902975.0,61713617.0,2.142,0.009985,0.036337,1.28,366.0722,522.6179,5.7397,9.9159,9.7702,0.0,,1011660000.0,891654450.0000001,245010888.0,7000687200.0,6170248794.0,区域地产,房地产,房地产开发,住宅开发,7.6,6.22,
2010-04-06,14.8,15.21,14.52,15.17,14.82,0.3499999999999996,2.36,11799603.0,81469357.5,2.142,0.013233,0.04816,1.53,374.5363,534.7015,5.8724,10.1452,9.9961,0.0,,1011660000.0,891654450.0000001,245010888.0,7162552800.0,6312913506.0,区域地产,房地产,房地产开发,住宅开发,7.61,6.23,
2010-04-07,15.06,15.25,14.74,15.21,15.17,0.0400000000000009,0.26,16610904.999999998,116599768.3,2.142,0.018629,0.067797,1.87,375.5943,536.212,5.889,10.1738,10.0243,0.0,,1011660000.0,891654450.0000001,245010888.0,7182786000.0,6330746594.999999,区域地产,房地产,房地产开发,住宅开发,7.79,6.37,
2010-04-08,15.14,15.51,14.95,14.99,15.21,-0.2200000000000006,-1.45,19505707.0,138708005.10000002,2.142,0.021876,0.079612,1.73,370.3043,528.6597,5.806,10.0305,9.8831,0.0,,1011660000.0,891654450.0000001,245010888.0,7081620000.0,6241581150.0,区域地产,房地产,房地产开发,住宅开发,7.81,6.39,
2010-04-09,14.99,15.02,14.65,14.84,14.99,-0.1500000000000003,-1.0,8426152.0,58396332.7,2.142,0.00945,0.034391,0.61,366.6012,523.3731,5.748,9.9302,9.7843,0.0,,1011660000.0,891654450.0000001,245010888.0,7010803800.0,6179165339.0,区域地产,房地产,房地产开发,住宅开发,7.7,6.3,
2010-04-12,14.82,14.95,14.29,14.44,14.84,-0.4000000000000003,-2.7,12243661.0,82867838.5,2.142,0.013731,0.049972,0.94,356.5501,509.0238,5.5904,9.658,9.5161,0.0,,1011660000.0,891654450.0000001,245010888.0,6818588400.0,6009750993.0,区域地产,房地产,房地产开发,住宅开发,7.62,6.24,
2010-04-13,14.44,14.54,13.94,14.29,14.44,-0.1500000000000003,-1.04,7760964.0,51746919.6,2.142,0.008704,0.031676,0.57,352.8471,503.7372,5.5323,9.5577,9.4172,0.0,,1011660000.0,891654450.0000001,245010888.0,6747772200.0,5947335182.000001,区域地产,房地产,房地产开发,住宅开发,7.41,6.07,
2010-04-14,14.29,15.06,14.2,14.97,14.29,0.6800000000000015,4.76,13173538.0,89861026.0,2.142,0.014774,0.0537669999999999,1.02,369.7753,527.9045,5.7978,10.0162,9.869,0.0,,1011660000.0,891654450.0000001,245010888.0,7071503400.0,6232664606.0,区域地产,房地产,房地产开发,住宅开发,7.34,6.0,
2010-04-15,14.78,15.49,14.59,15.49,14.97,0.5199999999999996,3.47,39524009.0,280213437.4,2.142,0.044327,0.161315,3.23,382.4714,546.0299,5.9968,10.3601,10.2079,0.0,,1011660000.0,891654450.0000001,245010888.0,7314301800.000001,6446661674.0,区域地产,房地产,房地产开发,住宅开发,7.69,6.29,
2010-04-16,15.53,15.85,15.06,15.21,15.49,-0.2799999999999993,-1.81,42085187.0,302193034.4,2.142,0.047199,0.171769,2.59,375.5943,536.212,5.889,10.1738,10.0243,0.0,,1011660000.0,891654450.0000001,245010888.0,7182786000.0,6330746594.999999,区域地产,房地产,房地产开发,住宅开发,7.95,6.51,
2010-04-19,14.67,14.89,13.69,14.22,15.21,-0.9900000000000002,-6.51,20585462.0,136983357.2,2.142,0.023087,0.084019,0.9,351.26,501.4715,5.5075,9.5147,9.3749,0.0,,1011660000.0,891654450.0000001,245010888.0,6717422400.0,5920585548.0,区域地产,房地产,房地产开发,住宅开发,7.81,6.39,
2010-04-20,14.05,14.05,13.39,13.73,14.22,-0.4900000000000002,-3.45,8273497.0,52773550.1,2.142,0.0092789999999999,0.033768,0.34,339.0929,484.1012,5.3167,9.1851,9.0501,0.0,,1011660000.0,891654450.0000001,245010888.0,6484740600.000001,5715505024.999999,区域地产,房地产,房地产开发,住宅开发,7.3,5.98,
2010-04-21,13.71,14.31,13.52,14.2,13.73,0.4699999999999988,3.42,9553437.0,62232361.0,2.142,0.010714,0.038402,0.39,331.7593,331.7593,5.4591,8.9409,8.9409,0.0,,1011660000.0,891660000.0,248775738.0,6707305800.0,5911705800.0,区域地产,房地产,房地产开发,住宅开发,7.05,5.77,
2010-04-22,14.03,14.14,13.49,13.49,14.2,-0.7099999999999991,-5.0,13213309.0,84329190.9,2.142,0.014819,0.053113,0.55,315.2464,315.2464,5.1874,8.4959,8.4959,0.0,,1011660000.0,891660000.0,248775738.0,6373458000.0,5617458000.0,区域地产,房地产,房地产开发,住宅开发,7.29,5.97,
2010-04-23,13.56,13.67,13.3,13.49,13.49,0.0,0.0,8406206.0,53178419.1,2.142,0.0094279999999999,0.03379,0.45,315.2464,315.2464,5.1874,8.4959,8.4959,0.0,,1011660000.0,891660000.0,248775738.0,6373458000.0,5617458000.0,区域地产,房地产,房地产开发,住宅开发,6.93,5.67,
2010-04-26,13.47,13.77,13.26,13.32,13.49,-0.1699999999999999,-1.26,5663366.0,35627662.1,2.142,0.006351,0.022765,0.47,311.2433,311.2433,5.1215,8.388,8.388,0.0,,1011660000.0,891660000.0,248775738.0,6292525200.0,5546125200.0,区域地产,房地产,房地产开发,住宅开发,6.93,5.67,
2010-04-27,13.34,13.34,12.42,12.68,13.32,-0.6400000000000006,-4.8,8042580.0,47758895.900000006,2.142,0.00902,0.032329,0.89,296.2316,241.2574,4.8529,7.9834,8.2306,0.0,,1011660000.0,891660000.0,248775738.0,5989027200.0,5278627200.0,区域地产,房地产,房地产开发,住宅开发,6.84,5.6,
2010-04-28,12.55,13.04,12.45,12.79,12.68,0.1099999999999994,0.87,4528029.0,27066328.5,2.142,0.005078,0.018201,0.5,298.7335,243.295,4.8938,8.0509,8.3001,0.0,,1011660000.0,891660000.0,248775738.0,6039610200.0,5323210200.0,区域地产,房地产,房地产开发,住宅开发,6.51,5.33,
2010-04-29,12.79,13.15,12.53,12.53,12.79,-0.2599999999999998,-2.03,4155823.000000001,24965083.1,2.142,0.004661,0.016705,0.52,292.7288,238.4046,4.7955,7.889,8.1333,0.0,,1011660000.0,891660000.0,248775738.0,5918211000.0,5216211000.0,区域地产,房地产,房地产开发,住宅开发,6.57,5.37,
2010-04-30,12.7,12.94,12.3,12.85,12.53,0.3200000000000003,2.55,6299631.0,37130796.0,2.142,0.007065,0.025323,1.02,300.2347,244.5176,4.9184,8.0913,8.3418,0.0,,1011660000.0,891660000.0,248775738.0,6069960000.0,5349960000.0,区域地产,房地产,房地产开发,住宅开发,6.44,5.27,
2010-05-04,12.62,13.0,12.4,12.57,12.85,-0.2799999999999993,-2.18,3780576.0,22395542.2,2.142,0.00424,0.015197,0.66,293.7296,239.2197,4.8119,7.916,8.1611,0.0,,1011660000.0,891660000.0,248775738.0,5938444200.0,5234044200.0,区域地产,房地产,房地产开发,住宅开发,6.6,5.4,
2010-05-05,12.57,13.28,12.32,12.98,12.57,0.4100000000000001,3.26,19821007.0,118867795.9,2.142,0.022229,0.079674,3.7,303.237,246.9628,4.9676,8.1722,8.4252,0.0,,1011660000.0,891660000.0,248775738.0,6130659600.0,5403459600.0,区域地产,房地产,房地产开发,住宅开发,6.46,5.28,
2010-05-06,12.79,12.79,11.78,11.78,12.98,-1.200000000000001,-9.24,11736635.0,67523482.9,2.142,0.013163,0.047178,1.52,275.2151,224.1411,4.5086,7.417,7.6467,0.0,,1011660000.0,891660000.0,248775738.0,5564130000.0,4904130000.0,区域地产,房地产,房地产开发,住宅开发,6.67,5.45,
2010-05-07,11.57,11.72,10.92,11.27,11.78,-0.5099999999999998,-4.33,6341393.0,33741709.7,2.142,0.007112,0.02549,0.69,263.2057,214.3604,4.3118,7.0934,7.313,0.0,,1011660000.0,891660000.0,248775738.0,5321331600.0,4690131600.0,区域地产,房地产,房地产开发,住宅开发,6.05,4.95,
2010-05-10,11.29,11.57,11.16,11.4,11.27,0.1300000000000007,1.15,4837746.0,25697592.3,2.142,0.0054259999999999,0.019446,0.5,266.2081,216.8056,4.361,7.1743,7.3964,0.0,,1011660000.0,891660000.0,248775738.0,5382031200.0,4743631200.0,区域地产,房地产,房地产开发,住宅开发,5.79,4.73,
2010-05-11,11.63,11.72,11.01,11.16,11.4,-0.2400000000000002,-2.11,4981148.0,26296859.0,2.142,0.005586,0.020023,0.54,260.7038,212.3228,4.2708,7.026,7.2435,0.0,,1011660000.0,891660000.0,248775738.0,5270748600.0,4645548600.0,区域地产,房地产,房地产开发,住宅开发,5.85,4.79,
2010-05-12,11.12,11.46,10.86,11.31,11.16,0.1500000000000003,1.34,9849522.0,51404929.5,2.142,0.011046,0.039592,1.03,264.2065,215.1755,4.3282,7.1204,7.3408,0.0,,1011660000.0,891660000.0,248775738.0,5341564800.0,4707964800.0,区域地产,房地产,房地产开发,住宅开发,5.73,4.69,
2010-05-13,11.27,11.29,10.86,11.16,11.31,-0.1500000000000003,-1.33,7307898.0,37919832.0,2.142,0.008196,0.029375,0.97,260.7038,212.3228,4.2708,7.026,7.2435,0.0,,1011660000.0,891660000.0,248775738.0,5270748600.0,4645548600.0,区域地产,房地产,房地产开发,住宅开发,5.81,4.75,
2010-05-14,11.14,11.18,10.75,10.97,11.16,-0.1899999999999995,-1.7,6560324.000000001,33622463.900000006,2.142,0.007357,0.02637,0.98,256.2003,208.655,4.1971,6.9046,7.1184,0.0,,1011660000.0,891660000.0,248775738.0,5179699200.0,4565299200.0,区域地产,房地产,房地产开发,住宅开发,5.73,4.69,
2010-05-17,10.8,10.8,9.87,9.87,10.97,-1.1000000000000014,-10.03,7916392.999999999,38086812.8,2.142,0.008878,0.031821,1.18,230.6803,187.871,3.779,6.2168,6.4093,0.0,,1011660000.0,891660000.0,248775738.0,4663752600.0,4110552600.0,区域地产,房地产,房地产开发,住宅开发,5.63,4.61,
2010-05-18,9.9,10.47,9.68,10.28,9.87,0.4100000000000001,4.15,8999167.0,42460413.2,2.142,0.010093,0.036174,1.23,240.1878,195.6141,3.9347,6.4731,6.6735,0.0,,1011660000.0,891660000.0,248775738.0,4855968000.0,4279968000.0,区域地产,房地产,房地产开发,住宅开发,5.07,4.15,
2010-05-19,10.24,10.37,9.85,10.05,10.28,-0.2299999999999986,-2.24,6034047.0,28429212.4,2.142,0.006767,0.024255,0.74,234.6835,191.1312,3.8446,6.3247,6.5205,0.0,,1011660000.0,891660000.0,248775738.0,4744685400.0,4181885400.0,区域地产,房地产,房地产开发,住宅开发,5.28,4.32,
2010-05-20,9.96,10.17,9.77,9.79,10.05,-0.2600000000000015,-2.59,4042307.0,18782485.1,2.142,0.004533,0.016249,0.55,228.6788,186.2409,3.7462,6.1629,6.3537,0.0,,1011660000.0,891660000.0,248775738.0,4623286200.0,4074886200.0,区域地产,房地产,房地产开发,住宅开发,5.16,4.22,
2010-05-21,9.51,10.2,9.38,10.07,9.79,0.2800000000000011,2.86,7352856.0,34027416.8,2.142,0.008246,0.029556,1.1,235.1838,191.5388,3.8528,6.3382,6.5344,0.0,,1011660000.0,891660000.0,248775738.0,4754802000.0,4190802000.0,区域地产,房地产,房地产开发,住宅开发,5.03,4.11,
2010-05-24,10.39,10.84,10.39,10.73,10.07,0.6600000000000001,6.55,12861233.0,64203097.1,2.142,0.014424,0.051698,1.87,250.696,204.1722,4.1069,6.7562,6.9654,0.0,,1011660000.0,891660000.0,248775738.0,5068416600.0,4467216600.0,区域地产,房地产,房地产开发,住宅开发,5.17,4.23,
2010-05-25,10.39,10.58,10.28,10.43,10.73,-0.3000000000000007,-2.8,8248834.0,40180858.1,2.142,0.009251,0.033158,1.05,243.6905,198.4668,3.9921,6.5675,6.7708,0.0,,1011660000.0,891660000.0,248775738.0,4926784200.0,4342384200.0,区域地产,房地产,房地产开发,住宅开发,5.51,4.51,
2010-05-26,10.35,10.62,10.35,10.47,10.43,0.0400000000000009,0.38,5259184.0,25772940.7,2.142,0.005898,0.02114,0.68,244.6913,199.2818,4.0085,6.5944,6.7986,0.0,,1011660000.0,891660000.0,248775738.0,4947017400.0,4360217400.0,区域地产,房地产,房地产开发,住宅开发,5.36,4.38,
2010-05-27,10.37,10.92,10.26,10.69,10.47,0.2199999999999988,2.1,8289498.0,41125834.6,2.142,0.009297,0.033321,1.1,249.6952,203.3571,4.0905,6.7293,6.9376,0.0,,1011660000.0,891660000.0,248775738.0,5048183400.0,4449383400.0,区域地产,房地产,房地产开发,住宅开发,5.38,4.4,
2010-05-28,10.71,10.88,10.47,10.71,10.69,0.0200000000000013,0.19,6048971.0,30075198.2,2.142,0.006784,0.024315,0.72,250.1956,203.7647,4.0987,6.7428,6.9515,0.0,,1011660000.0,891660000.0,248775738.0,5058300000.0,4458300000.0,区域地产,房地产,房地产开发,住宅开发,5.49,4.49,
2010-05-31,10.75,11.01,10.37,10.37,10.71,-0.3400000000000016,-3.17,9804219.0,49475284.9,2.142,0.010995,0.03941,1.2,242.1893,197.2442,3.9675,6.527,6.7291,0.0,,1011660000.0,891660000.0,248775738.0,4896434400.0,4315634400.0,区域地产,房地产,房地产开发,住宅开发,5.5,4.5,
2010-06-01,10.13,10.22,9.75,10.02,10.37,-0.3499999999999996,-3.38,6472211.0,30164207.4,2.142,0.007259,0.0260159999999999,0.86,234.1831,190.7237,3.8364,6.3112,6.5066,0.0,,1011660000.0,891660000.0,248775738.0,4734568800.0,4172968800.0,区域地产,房地产,房地产开发,住宅开发,5.32,4.36,
2010-06-02,10.0,10.3,9.85,10.26,10.02,0.2400000000000002,2.4,4959203.0,23435846.0,2.142,0.005562,0.019934,0.69,239.6874,195.2065,3.9265,6.4596,6.6596,0.0,,1011660000.0,891660000.0,248775738.0,4845851400.0,4271051400.0,区域地产,房地产,房地产开发,住宅开发,5.15,4.21,
2010-06-03,10.39,10.5,10.13,10.13,10.26,-0.129999999999999,-1.27,5762625.0,27762632.9,2.142,0.006463,0.0231639999999999,0.81,236.685,192.7614,3.8774,6.3787,6.5761,0.0,,1011660000.0,891660000.0,248775738.0,4785151800.0,4217551800.0,区域地产,房地产,房地产开发,住宅开发,5.27,4.31,
2010-06-04,10.09,10.37,9.87,10.37,10.13,0.2399999999999984,2.37,5689057.0,27044929.9,2.142,0.00638,0.022868,0.86,242.1893,197.2442,3.9675,6.527,6.7291,0.0,,1011660000.0,891660000.0,248775738.0,4896434400.0,4315634400.0,区域地产,房地产,房地产开发,住宅开发,5.2,4.26,
2010-06-07,10.0,10.22,9.94,10.11,10.37,-0.2599999999999998,-2.51,3700016.000000001,17412749.8,2.142,0.00415,0.014873,0.57,236.1846,192.3538,3.8692,6.3652,6.5622,0.0,,1011660000.0,891660000.0,248775738.0,4775035200.0,4208635200.0,区域地产,房地产,房地产开发,住宅开发,5.32,4.36,
2010-06-08,10.05,10.26,9.87,10.13,10.11,0.0200000000000013,0.2,3226181.0,15227723.1,2.142,0.003618,0.012968,0.61,236.685,192.7614,3.8774,6.3787,6.5761,0.0,,1011660000.0,891660000.0,248775738.0,4785151800.0,4217551800.0,区域地产,房地产,房地产开发,住宅开发,5.19,4.25,
2010-06-09,10.13,11.14,10.0,11.14,10.13,1.0099999999999998,9.97,18517346.0,93627150.8,2.142,0.020767,0.074434,3.97,260.2034,211.9152,4.2626,7.0125,7.2296,0.0,,1011660000.0,891660000.0,248775738.0,5260632000.0,4636632000.0,区域地产,房地产,房地产开发,住宅开发,5.2,4.26,
2010-06-10,11.14,11.35,10.97,11.12,11.14,-0.0200000000000013,-0.18,21593072.0,112647723.4,2.142,0.024217,0.086797,2.93,259.703,211.5077,4.2544,6.999,7.2157,0.0,,1011660000.0,891660000.0,248775738.0,5250515400.0,4627715400.0,区域地产,房地产,房地产开发,住宅开发,5.72,4.68,
2010-06-11,11.1,11.18,10.86,10.99,11.12,-0.129999999999999,-1.17,7855442.0,40269468.5,2.142,0.00881,0.031576,0.74,256.7007,209.0625,4.2053,6.9181,7.1323,0.0,,1011660000.0,891660000.0,248775738.0,5189815800.0,4574215800.0,区域地产,房地产,房地产开发,住宅开发,5.71,4.67,
2010-06-17,10.99,11.2,10.95,11.05,10.99,0.0600000000000005,0.55,8533352.0,44198946.0,2.142,0.00957,0.034301,0.78,258.2018,210.2851,4.2299,6.9585,7.174,0.0,,1011660000.0,891660000.0,248775738.0,5220165600.0,4600965600.0,区域地产,房地产,房地产开发,住宅开发,5.64,4.62,
2010-06-18,10.99,11.25,10.73,10.84,11.05,-0.2100000000000008,-1.9,8107535.000000001,41538969.7,2.142,0.009093,0.03259,0.68,253.1979,206.2098,4.1479,6.8237,7.0349,0.0,,1011660000.0,891660000.0,248775738.0,5118999600.0,4511799600.0,区域地产,房地产,房地产开发,住宅开发,5.68,4.64,
2010-06-21,10.84,11.46,10.67,11.31,10.84,0.4700000000000006,4.34,13103595.0,68213427.5,2.142,0.014696,0.052672,1.01,264.2065,215.1755,4.3282,7.1204,7.3408,0.0,,1011660000.0,891660000.0,248775738.0,5341564800.0,4707964800.0,区域地产,房地产,房地产开发,住宅开发,5.57,4.55,
2010-06-22,11.14,11.37,11.05,11.22,11.31,-0.0899999999999998,-0.8,7432721.000000001,38943036.3,2.142,0.008336,0.0298769999999999,0.63,262.205,213.5454,4.2954,7.0664,7.2852,0.0,,1011660000.0,891660000.0,248775738.0,5301098400.0,4672298400.0,区域地产,房地产,房地产开发,住宅开发,5.81,4.75,
2010-06-23,11.16,11.31,10.88,11.07,11.22,-0.1500000000000003,-1.34,6373340.0,32972682.6,2.142,0.007148,0.025619,0.71,258.7022,210.6927,4.238,6.972,7.1879,0.0,,1011660000.0,891660000.0,248775738.0,5230282200.0,4609882200.0,区域地产,房地产,房地产开发,住宅开发,5.76,4.72,
2010-06-24,10.99,11.25,10.92,11.1,11.07,0.0299999999999993,0.27,4101347.0,21250653.1,2.142,0.0046,0.016486,0.47,259.2026,211.1002,4.2462,6.9855,7.2018,0.0,,1011660000.0,891660000.0,248775738.0,5240398800.0,4618798800.0,区域地产,房地产,房地产开发,住宅开发,5.69,4.65,
2010-06-25,11.01,11.1,10.67,10.86,11.1,-0.2400000000000002,-2.16,5285112.0,26715432.3,2.142,0.005927,0.021244,0.68,253.6983,206.6174,4.1561,6.8372,7.0488,0.0,,1011660000.0,891660000.0,248775738.0,5129116200.0,4520716200.0,区域地产,房地产,房地产开发,住宅开发,5.7,4.66,
2010-06-29,10.73,10.8,9.77,9.79,10.86,-1.0700000000000005,-9.85,10224143.0,47998705.8,2.142,0.011466,0.0410979999999999,1.41,228.6788,186.2409,3.7462,6.1629,6.3537,0.0,,1011660000.0,891660000.0,248775738.0,4623286200.0,4074886200.0,区域地产,房地产,房地产开发,住宅开发,5.58,4.56,
2010-06-30,9.62,9.72,9.45,9.49,9.79,-0.2999999999999989,-3.06,3832818.0,17093787.9,2.142,0.004299,0.0154069999999999,0.57,221.6733,180.5355,3.6314,5.9741,6.159,0.0,,1011660000.0,891660000.0,248775738.0,4481653800.0,3950053800.0,区域地产,房地产,房地产开发,住宅开发,5.03,4.11,
2010-07-01,9.51,9.7,9.45,9.49,9.49,0.0,0.0,3614791.000000001,16148160.3,2.142,0.0040539999999999,0.01453,0.61,221.6733,180.5355,3.6314,5.9741,6.159,0.0,,1011660000.0,891660000.0,248775738.0,4481653800.0,3950053800.0,区域地产,房地产,房地产开发,住宅开发,4.87,3.99,
2010-07-02,9.57,10.05,8.85,9.81,9.49,0.3200000000000003,3.37,6391545.0,28487905.4,2.142,0.007168,0.025692,1.18,229.1792,186.6484,3.7544,6.1764,6.3676,0.0,,1011660000.0,891660000.0,248775738.0,4633402800.0,4083802800.000001,区域地产,房地产,房地产开发,住宅开发,4.87,3.99,
2010-07-05,9.57,9.77,9.4,9.55,9.81,-0.2599999999999998,-2.65,3556975.0,15866104.0,2.142,0.0039889999999999,0.014298,0.61,223.1745,181.7581,3.656,6.0145,6.2008,0.0,,1011660000.0,891660000.0,248775738.0,4512003600.0,3976803600.0,区域地产,房地产,房地产开发,住宅开发,5.04,4.12,
2010-07-06,9.49,9.81,9.38,9.72,9.55,0.1699999999999999,1.78,3972411.0,17960570.3,2.142,0.004455,0.015968,0.72,227.1776,185.0183,3.7216,6.1224,6.312,0.0,,1011660000.0,891660000.0,248775738.0,4592936400.0,4048136400.0,区域地产,房地产,房地产开发,住宅开发,4.91,4.01,
2010-07-07,9.64,10.02,9.64,9.94,9.72,0.2199999999999988,2.26,4863686.0,22393858.6,2.142,0.005455,0.01955,1.14,232.1815,189.0936,3.8036,6.2573,6.451,0.0,,1011660000.0,891660000.0,248775738.0,4694102400.0,4137302400.0,区域地产,房地产,房地产开发,住宅开发,4.99,4.09,
2010-07-08,10.92,10.92,10.92,10.92,9.94,0.9800000000000004,9.86,6938972.0,35388757.2,2.142,0.007782,0.027892,1.55,255.1995,207.8399,4.1807,6.8776,7.0906,0.0,,1011660000.0,891660000.0,248775738.0,5159466000.0,4547466000.0,区域地产,房地产,房地产开发,住宅开发,5.1,4.18,
2010-07-09,11.35,11.48,11.05,11.31,10.92,0.3900000000000005,3.57,28503212.0,150129986.20000002,2.142,0.031966,0.114574,5.54,264.2065,215.1755,4.3282,7.1204,7.3408,0.0,,1011660000.0,891660000.0,248775738.0,5341564800.0,4707964800.0,区域地产,房地产,房地产开发,住宅开发,5.61,4.59,
2010-07-12,11.2,11.76,11.07,11.33,11.31,0.0199999999999995,0.18,20671858.0,110313422.0,2.142,0.023184,0.083094,2.16,264.7069,215.583,4.3364,7.1338,7.3547,0.0,,1011660000.0,891660000.0,248775738.0,5351681400.0,4716881400.0,区域地产,房地产,房地产开发,住宅开发,5.81,4.75,
2010-07-13,10.92,10.99,10.32,10.58,11.33,-0.75,-6.62,15479945.000000002,77175852.10000001,2.142,0.017361,0.062224,1.19,247.1932,201.3195,4.0495,6.6618,6.8681,0.0,,1011660000.0,891660000.0,248775738.0,4997600400.0,4404800400.0,区域地产,房地产,房地产开发,住宅开发,5.82,4.76,
2010-07-14,10.6,11.1,10.6,10.77,10.58,0.1899999999999995,1.8,11276903.0,57131800.9,2.142,0.0126469999999999,0.04533,0.74,251.6968,204.9872,4.1233,6.7832,6.9932,0.0,,1011660000.0,891660000.0,248775738.0,5088649800.0,4485049800.0,区域地产,房地产,房地产开发,住宅开发,5.43,4.45,
2010-07-15,10.67,10.95,10.39,10.43,10.77,-0.3399999999999998,-3.16,8617809.0,42847546.6,2.142,0.009665,0.034641,0.52,243.6905,198.4668,3.9921,6.5675,6.7708,0.0,,1011660000.0,891660000.0,248775738.0,4926784200.0,4342384200.0,区域地产,房地产,房地产开发,住宅开发,5.53,4.53,
2010-07-16,10.28,10.73,10.24,10.71,10.43,0.2800000000000011,2.68,7267755.0,35474868.7,2.142,0.008151,0.029214,0.43,250.1956,203.7647,4.0987,6.7428,6.9515,0.0,,1011660000.0,891660000.0,248775738.0,5058300000.0,4458300000.0,区域地产,房地产,房地产开发,住宅开发,5.36,4.38,
2010-07-19,10.5,10.9,10.45,10.82,10.71,0.1099999999999994,1.03,8514429.0,42864046.1,2.142,0.009549,0.034225,0.67,252.6975,205.8023,4.1397,6.8102,7.021,0.0,,1011660000.0,891660000.0,248775738.0,5108883000.0,4502883000.0,区域地产,房地产,房地产开发,住宅开发,5.5,4.5,
2010-07-20,10.86,11.55,10.77,11.12,10.82,0.2999999999999989,2.77,12763762.0,66474929.2,2.142,0.014315,0.051306,1.25,259.703,211.5077,4.2544,6.999,7.2157,0.0,,1011660000.0,891660000.0,248775738.0,5250515400.0,4627715400.0,区域地产,房地产,房地产开发,住宅开发,5.56,4.55,
2010-07-21,11.1,11.65,10.99,11.44,11.12,0.3200000000000003,2.88,15510588.0,81700067.8,2.142,0.017395,0.062348,1.6,267.2089,217.6207,4.3774,7.2013,7.4242,0.0,,1011660000.0,891660000.0,248775738.0,5402264399.999999,4761464400.0,区域地产,房地产,房地产开发,住宅开发,5.71,4.67,
2010-07-22,11.31,11.61,11.25,11.59,11.44,0.1500000000000003,1.31,13611892.000000002,72948730.0,2.142,0.015266,0.0547159999999999,1.29,270.7116,220.4734,4.4348,7.2957,7.5215,0.0,,1011660000.0,891660000.0,248775738.0,5473080600.000001,4823880600.0,区域地产,房地产,房地产开发,住宅开发,5.87,4.81,
2010-07-23,11.57,11.89,11.22,11.72,11.59,0.1300000000000007,1.12,17581493.0,94746372.2,2.142,0.019718,0.070672,1.52,273.714,222.9185,4.484,7.3766,7.605,0.0,,1011660000.0,891660000.0,248775738.0,5533780200.0,4877380200.0,区域地产,房地产,房地产开发,住宅开发,5.95,4.87,
2010-07-26,11.67,12.25,11.52,11.89,11.72,0.1699999999999999,1.45,17747681.0,98780581.8,2.142,0.0199039999999999,0.07134,1.31,277.7171,226.1788,4.5495,7.4845,7.7162,0.0,,1011660000.0,891660000.0,248775738.0,5614713000.0,4948713000.0,区域地产,房地产,房地产开发,住宅开发,6.02,4.92,
2010-07-27,11.78,11.85,11.57,11.57,11.89,-0.3200000000000003,-2.69,12051231.0,65706946.3,2.142,0.0135159999999999,0.048442,0.78,270.2112,220.0658,4.4266,7.2822,7.5076,0.0,,1011660000.0,891660000.0,248775738.0,5462964000.0,4814964000.0,区域地产,房地产,房地产开发,住宅开发,6.11,5.0,
2010-07-28,11.55,12.72,11.35,12.72,11.57,1.1500000000000004,9.94,29107382.0,168367033.7,2.142,0.032644,0.117002,1.9,297.2323,242.0724,4.8692,8.0104,8.2584,0.0,,1011660000.0,891660000.0,248775738.0,6009260400.0,5296460400.0,区域地产,房地产,房地产开发,住宅开发,5.94,4.86,
2010-07-29,12.72,13.19,12.49,12.66,12.72,-0.0600000000000005,-0.47,36376735.0,218213529.6,2.142,0.040797,0.146223,2.02,295.7312,240.8498,4.8447,7.9699,8.2167,0.0,,1011660000.0,891660000.0,248775738.0,5978910600.000001,5269710600.000001,区域地产,房地产,房地产开发,住宅开发,6.53,5.35,
2010-07-30,12.47,12.72,12.21,12.53,12.66,-0.1300000000000007,-1.03,14183399.0,82816093.0,2.142,0.015907,0.057013,0.63,292.7288,238.4046,4.7955,7.889,8.1333,0.0,,1011660000.0,891660000.0,248775738.0,5918211000.0,5216211000.0,区域地产,房地产,房地产开发,住宅开发,6.5,5.32,
2010-08-02,12.49,13.47,12.34,12.98,12.53,0.450000000000001,3.59,22060133.0,132546312.3,2.142,0.024741,0.088675,1.01,303.237,246.9628,4.9676,8.1722,8.4252,0.0,,1011660000.0,891660000.0,248775738.0,6130659600.0,5403459600.0,区域地产,房地产,房地产开发,住宅开发,6.44,5.27,
2010-08-03,12.85,13.07,12.53,12.53,12.98,-0.450000000000001,-3.47,15005490.0,89574131.1,2.142,0.016829,0.0603169999999999,0.66,292.7288,238.4046,4.7955,7.889,8.1333,0.0,,1011660000.0,891660000.0,248775738.0,5918211000.0,5216211000.0,区域地产,房地产,房地产开发,住宅开发,6.67,5.45,
2010-08-04,12.42,12.66,12.27,12.62,12.53,0.0899999999999998,0.72,9810181.0,57085588.7,2.142,0.011002,0.039434,0.42,294.7304,240.0348,4.8283,7.943,8.1889,0.0,,1011660000.0,891660000.0,248775738.0,5958677400.0,5251877400.0,区域地产,房地产,房地产开发,住宅开发,6.44,5.27,
2010-08-05,12.53,12.74,12.42,12.51,12.62,-0.1099999999999994,-0.87,7359732.000000001,43216677.8,2.142,0.008254,0.029584,0.38,292.2284,237.9971,4.7873,7.8755,8.1194,0.0,,1011660000.0,891660000.0,248775738.0,5908094399.999999,5207294400.0,区域地产,房地产,房地产开发,住宅开发,6.48,5.3,
2010-08-06,12.27,12.49,11.89,12.4,12.51,-0.1099999999999994,-0.88,11531114.0,65840900.89999999,2.142,0.0129319999999999,0.046351,0.84,289.7265,235.9595,4.7463,7.8081,8.0499,0.0,,1011660000.0,891660000.0,248775738.0,5857511400.0,5162711400.0,区域地产,房地产,房地产开发,住宅开发,6.42,5.26,
2010-08-09,12.36,12.64,12.25,12.55,12.4,0.1500000000000003,1.21,8433988.0,49151131.0,2.142,0.009459,0.033902,0.64,293.2292,238.8122,4.8037,7.9025,8.1472,0.0,,1011660000.0,891660000.0,248775738.0,5928327600.0,5225127600.0,区域地产,房地产,房地产开发,住宅开发,6.37,5.21,
2010-08-10,12.47,12.64,11.95,12.0,12.55,-0.5500000000000007,-4.38,8580434.0,49291516.4,2.142,0.009623,0.034491,0.82,280.219,228.2164,4.5905,7.5519,7.7857,0.0,,1011660000.0,891660000.0,248775738.0,5665296000.0,4993296000.0,区域地产,房地产,房地产开发,住宅开发,6.45,5.27,
2010-08-11,11.93,12.27,11.89,12.21,12.0,0.2100000000000008,1.75,5985936.0,33872130.4,2.142,0.006713,0.024062,0.65,285.223,232.2917,4.6725,7.6867,7.9247,0.0,,1011660000.0,891660000.0,248775738.0,5766462000.0,5082462000.0,区域地产,房地产,房地产开发,住宅开发,6.16,5.04,
2010-08-12,12.02,12.53,11.97,12.12,12.21,-0.0900000000000016,-0.74,8823750.0,50797668.3,2.142,0.009896,0.035469,1.05,283.2214,230.6616,4.6397,7.6328,7.8691,0.0,,1011660000.0,891660000.0,248775738.0,5725995600.000001,5046795600.0,区域地产,房地产,房地产开发,住宅开发,6.27,5.13,
2010-08-13,12.02,12.4,11.85,12.32,12.12,0.200000000000001,1.65,7776511.0,44235670.1,2.142,0.008721,0.031259,0.9,287.7249,234.3294,4.7135,7.7542,7.9942,0.0,,1011660000.0,891660000.0,248775738.0,5817045000.0,5127045000.0,区域地产,房地产,房地产开发,住宅开发,6.23,5.09,
2010-08-16,12.27,12.57,12.15,12.51,12.32,0.1899999999999995,1.54,8701681.0,50562927.900000006,2.142,0.009759,0.0349779999999999,1.1,292.2284,237.9971,4.7873,7.8755,8.1194,0.0,,1011660000.0,891660000.0,248775738.0,5908094399.999999,5207294400.0,区域地产,房地产,房地产开发,住宅开发,6.33,5.18,
2010-08-17,12.55,12.96,12.47,12.7,12.51,0.1899999999999995,1.52,12553421.0,74460373.1,2.142,0.014079,0.050461,1.57,296.732,241.6649,4.861,7.9969,8.2445,0.0,,1011660000.0,891660000.0,248775738.0,5999143800.0,5287543800.0,区域地产,房地产,房地产开发,住宅开发,6.42,5.26,
2010-08-18,12.21,12.83,12.21,12.57,12.7,-0.129999999999999,-1.02,9143058.0,53661809.0,2.142,0.010254,0.036752,1.04,293.7296,239.2197,4.8119,7.916,8.1611,0.0,,1011660000.0,891660000.0,248775738.0,5938444200.0,5234044200.0,区域地产,房地产,房地产开发,住宅开发,6.52,5.34,
2010-08-19,12.64,12.77,12.45,12.7,12.57,0.129999999999999,1.03,8606570.0,50831072.3,2.142,0.0096519999999999,0.034596,0.92,296.732,241.6649,4.861,7.9969,8.2445,0.0,,1011660000.0,891660000.0,248775738.0,5999143800.0,5287543800.0,区域地产,房地产,房地产开发,住宅开发,6.46,5.28,
2010-08-20,12.64,13.45,12.47,13.11,12.7,0.4100000000000001,3.23,30370360.0,185277243.7,2.142,0.03406,0.122079,3.25,306.2394,249.4079,5.0168,8.2531,8.5087,0.0,,1011660000.0,891660000.0,248775738.0,6191359200.0,5456959200.0,区域地产,房地产,房地产开发,住宅开发,6.52,5.34,
2010-08-23,13.39,13.94,12.85,13.11,13.11,0.0,0.0,23390890.0,145353592.20000002,2.142,0.026233,0.094024,1.69,306.2394,249.4079,5.0168,8.2531,8.5087,0.0,,1011660000.0,891660000.0,248775738.0,6191359200.0,5456959200.0,区域地产,房地产,房地产开发,住宅开发,6.73,5.51,
2010-08-24,13.15,13.43,12.57,13.09,13.11,-0.0199999999999995,-0.15,17001770.0,102960126.4,2.142,0.019068,0.068342,1.01,305.739,80.6603,4.7812,8.2397,6.319,0.0,,1011660000.0,891660000.0,248775738.0,6181242600.0,5448042600.0,区域地产,房地产,房地产开发,住宅开发,6.73,5.51,
2010-08-25,12.89,13.0,12.32,12.42,13.09,-0.6699999999999999,-5.12,12246855.0,72436594.6,2.142,0.0137349999999999,0.0492279999999999,0.69,290.2269,76.5678,4.5386,7.8216,5.9984,0.0,,1011660000.0,891660000.0,248775738.0,5867628000.0,5171628000.0,区域地产,房地产,房地产开发,住宅开发,6.72,5.5,
2010-08-26,12.4,12.57,12.23,12.34,12.42,-0.08,-0.64,6301056.0,36449778.400000006,2.142,0.007067,0.025328,0.34,288.2253,76.0398,4.5073,7.7677,5.957,0.0,,1011660000.0,891660000.0,248775738.0,5827161600.0,5135961600.0,区域地产,房地产,房地产开发,住宅开发,6.38,5.22,
2010-08-27,12.42,12.53,12.25,12.38,12.34,0.0400000000000009,0.32,4706696.0,27222660.8,2.142,0.005279,0.018919,0.26,289.2261,76.3038,4.523,7.7946,5.9777,0.0,,1011660000.0,891660000.0,248775738.0,5847394800.0,5153794800.0,区域地产,房地产,房地产开发,住宅开发,6.34,5.18,
2010-08-30,12.51,12.59,12.32,12.51,12.38,0.129999999999999,1.05,7553539.999999999,43980486.5,2.142,0.008471,0.030363,0.59,292.2284,77.0959,4.5699,7.8755,6.0398,0.0,,1011660000.0,891660000.0,248775738.0,5908094399.999999,5207294400.0,区域地产,房地产,房地产开发,住宅开发,6.36,5.2,
2010-08-31,12.42,12.51,12.19,12.4,12.51,-0.1099999999999994,-0.88,8408446.0,48364138.6,2.142,0.00943,0.033799,0.88,289.7265,76.4358,4.5308,7.8081,5.9881,0.0,,1011660000.0,891660000.0,248775738.0,5857511400.0,5162711400.0,区域地产,房地产,房地产开发,住宅开发,6.42,5.26,
2010-09-01,12.34,12.59,12.21,12.45,12.4,0.0499999999999989,0.4,9768173.0,56614660.4,2.142,0.010955,0.039265,1.25,290.7273,76.6999,4.5465,7.8351,6.0088,0.0,,1011660000.0,891660000.0,248775738.0,5877744600.0,5180544600.0,区域地产,房地产,房地产开发,住宅开发,6.37,5.21,
2010-09-02,12.45,12.53,12.27,12.36,12.45,-0.0899999999999998,-0.72,7817832.000000001,45172288.4,2.142,0.008768,0.031425,1.06,288.7257,76.1718,4.5152,7.7811,5.9674,0.0,,1011660000.0,891660000.0,248775738.0,5837278199.999999,5144878200.0,区域地产,房地产,房地产开发,住宅开发,6.39,5.23,
2010-09-03,12.34,12.53,12.23,12.51,12.36,0.1500000000000003,1.21,8636322.0,50030170.6,2.142,0.009686,0.0347149999999999,1.13,292.2284,77.0959,4.5699,7.8755,6.0398,0.0,,1011660000.0,891660000.0,248775738.0,5908094399.999999,5207294400.0,区域地产,房地产,房地产开发,住宅开发,6.35,5.19,
2010-09-06,12.59,12.79,12.45,12.68,12.51,0.1699999999999999,1.36,10914428.0,64395790.8,2.142,0.012241,0.0438729999999999,1.29,296.2316,78.152,4.6325,7.9834,6.1225,0.0,,1011660000.0,891660000.0,248775738.0,5989027200.0,5278627200.0,区域地产,房地产,房地产开发,住宅开发,6.42,5.26,
2010-09-07,12.72,12.72,12.47,12.59,12.68,-0.0899999999999998,-0.71,6208915.0,36425582.2,2.142,0.006963,0.024958,0.68,294.23,77.6239,4.6012,7.9295,6.0811,0.0,,1011660000.0,891660000.0,248775738.0,5948560800.0,5242960800.0,区域地产,房地产,房地产开发,住宅开发,6.51,5.33,
2010-09-08,12.59,12.59,12.25,12.34,12.59,-0.25,-1.99,6917408.0,39872151.2,2.142,0.007758,0.027806,0.8,288.2253,76.0398,4.5073,7.7677,5.957,0.0,,1011660000.0,891660000.0,248775738.0,5827161600.0,5135961600.0,区域地产,房地产,房地产开发,住宅开发,6.47,5.29,
2010-09-09,12.36,12.47,11.93,12.06,12.34,-0.2799999999999993,-2.27,9340626.0,53159197.7,2.142,0.010476,0.0375459999999999,1.15,281.7202,74.3236,4.4056,7.5923,5.8226,0.0,,1011660000.0,891660000.0,248775738.0,5695645800.0,5020045800.0,区域地产,房地产,房地产开发,住宅开发,6.34,5.18,
2010-09-10,12.06,12.1,11.61,11.85,12.06,-0.2100000000000008,-1.74,6025869.0,33340862.500000004,2.142,0.0067579999999999,0.024222,0.72,276.7163,73.0035,4.3274,7.4575,5.7192,0.0,,1011660000.0,891660000.0,248775738.0,5594479800.0,4930879800.0,区域地产,房地产,房地产开发,住宅开发,6.19,5.07,
2010-09-13,11.85,12.38,11.78,12.19,11.85,0.3399999999999998,2.87,6323558.0,35821504.2,2.142,0.007092,0.025419,0.8,284.7226,75.1157,4.4526,7.6733,5.8846,0.0,,1011660000.0,891660000.0,248775738.0,5756345400.0,5073545400.0,区域地产,房地产,房地产开发,住宅开发,6.08,4.98,
2010-09-14,12.27,12.4,11.97,12.04,12.19,-0.1500000000000003,-1.23,4990278.0,28185312.1,2.142,0.0055969999999999,0.020059,0.72,281.2198,74.1916,4.3978,7.5789,5.8123,0.0,,1011660000.0,891660000.0,248775738.0,5685529200.0,5011129200.0,区域地产,房地产,房地产开发,住宅开发,6.26,5.12,
2010-09-15,12.04,12.08,11.82,11.89,12.04,-0.1499999999999985,-1.25,4177253.0,23271612.6,2.142,0.004685,0.016791,0.62,277.7171,73.2675,4.343,7.4845,5.7399,0.0,,1011660000.0,891660000.0,248775738.0,5614713000.0,4948713000.0,区域地产,房地产,房地产开发,住宅开发,6.18,5.06,
2010-09-16,11.89,12.1,11.44,11.59,11.89,-0.3000000000000007,-2.52,6321678.0,34637414.3,2.142,0.00709,0.025411,1.02,270.7116,71.4193,4.2335,7.2957,5.5951,0.0,,1011660000.0,891660000.0,248775738.0,5473080600.000001,4823880600.0,区域地产,房地产,房地产开发,住宅开发,6.11,5.0,
2010-09-17,11.59,12.04,11.46,11.74,11.59,0.1500000000000003,1.29,6297908.0,34542527.4,2.142,0.007063,0.025316,1.13,274.2144,72.3434,4.2882,7.3901,5.6675,0.0,,1011660000.0,891660000.0,248775738.0,5543896800.000001,4886296800.0,区域地产,房地产,房地产开发,住宅开发,5.95,4.87,
2010-09-20,11.7,11.82,11.27,11.29,11.74,-0.450000000000001,-3.83,4524522.0,24292492.9,2.142,0.0050739999999999,0.018187,0.8,263.7061,69.5711,4.1239,7.1069,5.4503,0.0,,1011660000.0,891660000.0,248775738.0,5331448199.999999,4699048200.0,区域地产,房地产,房地产开发,住宅开发,6.03,4.93,
2010-09-21,11.44,11.44,11.2,11.25,11.29,-0.0399999999999991,-0.35,2893765.0,15236203.4,2.142,0.003245,0.011632,0.55,262.7054,69.3071,4.1083,7.0799,5.4296,0.0,,1011660000.0,891660000.0,248775738.0,5311215000.0,4681215000.0,区域地产,房地产,房地产开发,住宅开发,5.8,4.74,
2010-09-27,11.27,11.42,11.1,11.35,11.25,0.0999999999999996,0.89,3771630.000000001,19852434.1,2.142,0.00423,0.015161,0.78,265.2073,69.9672,4.1474,7.1473,5.4813,0.0,,1011660000.0,891660000.0,248775738.0,5361798000.0,4725798000.0,区域地产,房地产,房地产开发,住宅开发,5.78,4.73,
2010-09-28,11.33,11.33,11.07,11.07,11.35,-0.2799999999999993,-2.47,3559800.0,18609313.3,2.142,0.003992,0.014309,0.75,258.7022,68.251,4.0457,6.972,5.3469,0.0,,1011660000.0,891660000.0,248775738.0,5230282200.0,4609882200.0,区域地产,房地产,房地产开发,住宅开发,5.83,4.77,
2010-09-29,11.1,11.25,11.03,11.03,11.07,-0.0400000000000009,-0.36,3308369.0,17170911.2,2.142,0.0037099999999999,0.013299,0.79,257.7014,67.987,4.03,6.945,5.3262,0.0,,1011660000.0,891660000.0,248775738.0,5210049000.0,4592049000.0,区域地产,房地产,房地产开发,住宅开发,5.69,4.65,
2010-09-30,11.01,11.5,10.84,11.35,11.03,0.3200000000000003,2.9,6015941.0,31775871.6,2.142,0.0067469999999999,0.024182,1.67,265.2073,69.9672,4.1474,7.1473,5.4813,0.0,,1011660000.0,891660000.0,248775738.0,5361798000.0,4725798000.0,区域地产,房地产,房地产开发,住宅开发,5.67,4.64,
2010-10-08,11.33,11.61,11.14,11.44,11.35,0.0899999999999998,0.79,6290170.0,33394506.0,2.142,0.007054,0.025284,1.61,267.2089,70.4952,4.1787,7.2013,5.5227,0.0,,1011660000.0,891660000.0,248775738.0,5402264399.999999,4761464400.0,区域地产,房地产,房地产开发,住宅开发,5.83,4.77,
2010-10-11,11.52,11.85,11.46,11.7,11.44,0.2599999999999998,2.27,7634533.0,41535030.9,2.142,0.008562,0.030688,1.66,273.2136,72.0794,4.2726,7.3631,5.6468,0.0,,1011660000.0,891660000.0,248775738.0,5523663600.0,4868463600.0,区域地产,房地产,房地产开发,住宅开发,5.87,4.81,
2010-10-12,11.59,11.76,11.48,11.57,11.7,-0.129999999999999,-1.11,6027531.0,32631150.5,2.142,0.00676,0.0242289999999999,1.12,270.2112,71.2873,4.2256,7.2822,5.5847,0.0,,1011660000.0,891660000.0,248775738.0,5462964000.0,4814964000.0,区域地产,房地产,房地产开发,住宅开发,6.01,4.91,
2010-10-13,11.55,12.27,11.52,12.06,11.57,0.4900000000000002,4.24,12928336.0,72554792.6,2.142,0.014499,0.0519679999999999,2.21,281.7202,74.3236,4.4056,7.5923,5.8226,0.0,,1011660000.0,891660000.0,248775738.0,5695645800.0,5020045800.0,区域地产,房地产,房地产开发,住宅开发,5.94,4.86,
2010-10-14,12.04,12.08,11.57,11.57,12.06,-0.4900000000000002,-4.06,8154047.0,44981694.7,2.142,0.009145,0.032777,1.05,270.2112,71.2873,4.2256,7.2822,5.5847,0.0,,1011660000.0,891660000.0,248775738.0,5462964000.0,4814964000.0,区域地产,房地产,房地产开发,住宅开发,6.19,5.07,
2010-10-18,11.87,12.15,11.67,11.95,11.57,0.379999999999999,3.28,10748772.0,59908316.3,2.142,0.012055,0.043207,1.31,279.2183,73.6635,4.3665,7.5249,5.7709,0.0,,1011660000.0,891660000.0,248775738.0,5645062800.0,4975462800.0,区域地产,房地产,房地产开发,住宅开发,5.94,4.86,
2010-10-19,11.89,11.97,11.63,11.97,11.95,0.0200000000000013,0.17,7046458.0,38818258.5,2.142,0.007903,0.028325,0.77,279.7187,73.7956,4.3743,7.5384,5.7812,0.0,,1011660000.0,891660000.0,248775738.0,5655179399.999999,4984379400.0,区域地产,房地产,房地产开发,住宅开发,6.14,5.02,
2010-10-20,11.57,11.67,11.29,11.46,11.97,-0.5099999999999998,-4.26,10667924.0,56959055.7,2.142,0.0119639999999999,0.0428819999999999,1.19,267.7093,70.6272,4.1865,7.2148,5.533,0.0,,1011660000.0,891660000.0,248775738.0,5412381000.0,4770381000.0,区域地产,房地产,房地产开发,住宅开发,6.15,5.03,
2010-10-21,11.5,11.5,11.27,11.35,11.46,-0.1100000000000012,-0.96,5294679.0,28093499.7,2.142,0.005938,0.021283,0.53,265.2073,69.9672,4.1474,7.1473,5.4813,0.0,,1011660000.0,891660000.0,248775738.0,5361798000.0,4725798000.0,区域地产,房地产,房地产开发,住宅开发,5.89,4.82,
2010-10-22,11.33,11.55,11.33,11.46,11.35,0.1100000000000012,0.97,4407626.0,23528568.1,2.142,0.004943,0.017717,0.53,267.7093,70.6272,4.1865,7.2148,5.533,0.0,,1011660000.0,891660000.0,248775738.0,5412381000.0,4770381000.0,区域地产,房地产,房地产开发,住宅开发,5.83,4.77,
2010-10-25,11.42,11.63,11.4,11.57,11.46,0.1099999999999994,0.96,6504813.0,35043397.3,2.142,0.007295,0.026147,0.85,270.2112,71.2873,4.2256,7.2822,5.5847,0.0,,1011660000.0,891660000.0,248775738.0,5462964000.0,4814964000.0,区域地产,房地产,房地产开发,住宅开发,5.89,4.82,
2010-10-26,11.59,11.82,11.52,11.74,11.57,0.1699999999999999,1.47,8193284.0,44677798.3,2.142,0.009189,0.032934,1.21,274.2144,72.3434,4.2882,7.3901,5.6675,0.0,,1011660000.0,891660000.0,248775738.0,5543896800.000001,4886296800.0,区域地产,房地产,房地产开发,住宅开发,5.94,4.86,
2010-10-27,11.76,12.08,11.65,11.78,11.74,0.0399999999999991,0.34,10403477.0,57835212.2,2.142,0.011668,0.0418189999999999,1.48,275.2151,72.6074,4.3039,7.417,5.6881,0.0,,1011660000.0,891660000.0,248775738.0,5564130000.0,4904130000.0,区域地产,房地产,房地产开发,住宅开发,6.03,4.93,
2010-10-28,11.8,12.06,11.74,12.02,11.78,0.2400000000000002,2.04,8710612.0,48403437.3,2.142,0.009769,0.0350139999999999,1.25,280.7194,74.0596,4.39,7.5654,5.8019,0.0,,1011660000.0,891660000.0,248775738.0,5675412600.0,5002212600.0,区域地产,房地产,房地产开发,住宅开发,6.05,4.95,
2010-10-29,12.23,12.38,11.78,12.02,12.02,0.0,0.0,12812093.0,71802247.2,2.142,0.014369,0.051501,1.68,280.7194,65.9284,4.341,7.5654,5.6531,0.0,,1011660000.0,891660000.0,248775738.0,5675412600.0,5002212600.0,区域地产,房地产,房地产开发,住宅开发,6.17,5.05,
2010-11-01,12.23,12.3,11.85,12.04,12.02,0.0199999999999995,0.17,14707915.0,82543457.0,2.142,0.016495,0.059121,1.58,281.2198,66.0459,4.3488,7.5789,5.6631,0.0,,1011660000.0,891660000.0,248775738.0,5685529200.0,5011129200.0,区域地产,房地产,房地产开发,住宅开发,6.17,5.05,
2010-11-02,12.0,12.32,11.78,12.12,12.04,0.08,0.66,16619840.0,93659944.1,2.142,0.018639,0.066807,1.52,283.2214,66.516,4.3797,7.6328,5.7035,0.0,,1011660000.0,891660000.0,248775738.0,5725995600.000001,5046795600.0,区域地产,房地产,房地产开发,住宅开发,6.18,5.06,
2010-11-03,12.04,12.15,11.85,11.95,12.12,-0.1699999999999999,-1.4,7340172.0,41038441.2,2.142,0.008232,0.029505,0.58,279.2183,65.5758,4.3178,7.5249,5.6228,0.0,,1011660000.0,891660000.0,248775738.0,5645062800.0,4975462800.0,区域地产,房地产,房地产开发,住宅开发,6.23,5.09,
2010-11-04,11.93,12.19,11.87,12.1,11.95,0.1500000000000003,1.26,11570701.0,64951020.2,2.142,0.012977,0.046511,0.96,282.721,66.3984,4.372,7.6193,5.6934,0.0,,1011660000.0,891660000.0,248775738.0,5715879000.0,5037879000.0,区域地产,房地产,房地产开发,住宅开发,6.14,5.02,
2010-11-05,12.1,12.4,11.95,12.3,12.1,0.200000000000001,1.65,16706320.000000002,95060801.4,2.142,0.018736,0.0671539999999999,1.32,287.2245,67.4561,4.4416,7.7407,5.7841,0.0,,1011660000.0,891660000.0,248775738.0,5806928400.0,5118128400.0,区域地产,房地产,房地产开发,住宅开发,6.22,5.09,
2010-11-08,12.3,12.53,12.25,12.53,12.3,0.2299999999999986,1.87,18378157.0,106570236.6,2.142,0.020611,0.073874,1.37,292.7288,68.7488,4.5267,7.889,5.8949,0.0,,1011660000.0,891660000.0,248775738.0,5918211000.0,5216211000.0,区域地产,房地产,房地产开发,住宅开发,6.31,5.17,
2010-11-09,12.49,12.62,12.15,12.38,12.53,-0.1499999999999985,-1.2,13351910.999999998,77034956.2,2.142,0.014974,0.05367,0.95,289.2261,67.9262,4.4726,7.7946,5.8244,0.0,,1011660000.0,891660000.0,248775738.0,5847394800.0,5153794800.0,区域地产,房地产,房地产开发,住宅开发,6.44,5.27,
2010-11-10,12.38,12.38,12.0,12.08,12.38,-0.3000000000000007,-2.42,9813868.0,55385954.5,2.142,0.011006,0.039449,0.73,282.2206,66.2809,4.3642,7.6058,5.6833,0.0,,1011660000.0,891660000.0,248775738.0,5705762400.0,5028962400.0,区域地产,房地产,房地产开发,住宅开发,6.36,5.2,
2010-11-11,11.97,12.23,11.95,12.0,12.08,-0.08,-0.66,9231765.0,52214015.9,2.142,0.010353,0.037109,0.66,280.219,65.8108,4.3333,7.5519,5.643,0.0,,1011660000.0,891660000.0,248775738.0,5665296000.0,4993296000.0,区域地产,房地产,房地产开发,住宅开发,6.2,5.08,
2010-11-12,12.0,12.0,10.92,10.95,12.0,-1.0500000000000007,-8.75,11382403.0,61087949.9,2.142,0.012765,0.045754,0.84,255.6999,60.0524,3.9541,6.8911,5.1492,0.0,,1011660000.0,891660000.0,248775738.0,5169582600.0,4556382600.0,区域地产,房地产,房地产开发,住宅开发,6.16,5.04,
2010-11-15,11.01,11.22,10.86,11.12,10.95,0.1699999999999999,1.55,5257964.0,27066391.1,2.142,0.005897,0.021135,0.42,259.703,60.9925,4.016,6.999,5.2298,0.0,,1011660000.0,891660000.0,248775738.0,5250515400.0,4627715400.0,区域地产,房地产,房地产开发,住宅开发,5.62,4.6,
2010-11-16,11.1,11.1,10.28,10.5,11.12,-0.6199999999999992,-5.58,6164107.0,31091435.700000003,2.142,0.006913,0.0247779999999999,0.63,245.1917,57.5845,3.7916,6.6079,4.9376,0.0,,1011660000.0,891660000.0,248775738.0,4957134000.0,4369134000.0,区域地产,房地产,房地产开发,住宅开发,5.71,4.67,
2010-11-17,10.52,10.88,10.47,10.52,10.5,0.0199999999999995,0.19,5726618.0,28489441.1,2.142,0.006422,0.0230189999999999,0.68,245.6921,57.702,3.7994,6.6214,4.9477,0.0,,1011660000.0,891660000.0,248775738.0,4967250600.0,4378050600.0,区域地产,房地产,房地产开发,住宅开发,5.39,4.41,
2010-11-18,10.6,10.73,10.39,10.6,10.52,0.08,0.76,4104029.0,20256543.2,2.142,0.0046029999999999,0.0164969999999999,0.54,247.6936,58.1721,3.8303,6.6753,4.988,0.0,,1011660000.0,891660000.0,248775738.0,5007717000.0,4413717000.0,区域地产,房地产,房地产开发,住宅开发,5.4,4.42,
2010-11-19,10.6,10.67,10.37,10.67,10.6,0.0700000000000002,0.66,4347530.0,21345927.2,2.142,0.004876,0.017476,0.67,249.1948,58.5246,3.8535,6.7158,5.0182,0.0,,1011660000.0,891660000.0,248775738.0,5038066800.0,4440466800.0,区域地产,房地产,房地产开发,住宅开发,5.45,4.46,
2010-11-22,10.6,10.82,10.5,10.71,10.67,0.0400000000000009,0.37,5314498.0,26418996.1,2.142,0.00596,0.021363,1.04,250.1956,58.7597,3.869,6.7428,5.0384,0.0,,1011660000.0,891660000.0,248775738.0,5058300000.0,4458300000.0,区域地产,房地产,房地产开发,住宅开发,5.48,4.48,
2010-11-23,10.71,10.71,10.32,10.41,10.71,-0.3000000000000007,-2.8,3326100.0,16265509.1,2.142,0.00373,0.01337,0.65,243.1901,57.1144,3.7607,6.554,4.8973,0.0,,1011660000.0,891660000.0,248775738.0,4916667600.0,4333467600.0,区域地产,房地产,房地产开发,住宅开发,5.5,4.5,
2010-11-24,10.37,10.56,10.28,10.56,10.41,0.1500000000000003,1.44,3061335.0,14974829.1,2.142,0.003433,0.012306,0.67,246.6928,57.937,3.8148,6.6484,4.9679,0.0,,1011660000.0,891660000.0,248775738.0,4987483800.0,4395883800.0,区域地产,房地产,房地产开发,住宅开发,5.35,4.37,
2010-11-25,10.56,11.1,10.47,10.95,10.56,0.3899999999999988,3.69,8368585.000000001,42433870.5,2.142,0.009385,0.033639,2.08,255.6999,60.0524,3.9541,6.8911,5.1492,0.0,,1011660000.0,891660000.0,248775738.0,5169582600.0,4556382600.0,区域地产,房地产,房地产开发,住宅开发,5.42,4.44,
2010-11-26,10.88,10.88,10.52,10.67,10.95,-0.2799999999999993,-2.56,4629262.0,23102005.3,2.142,0.005192,0.018608,0.95,249.1948,58.5246,3.8535,6.7158,5.0182,0.0,,1011660000.0,891660000.0,248775738.0,5038066800.0,4440466800.0,区域地产,房地产,房地产开发,住宅开发,5.62,4.6,
2010-11-29,10.62,10.75,10.5,10.58,10.67,-0.0899999999999998,-0.84,2746317.0,13625266.3,2.142,0.00308,0.011039,0.56,247.1932,58.0546,3.8226,6.6618,4.9779,0.0,,1011660000.0,891660000.0,248775738.0,4997600400.0,4404800400.0,区域地产,房地产,房地产开发,住宅开发,5.48,4.48,
2010-11-30,10.6,10.69,10.0,10.3,10.58,-0.2799999999999993,-2.65,4940327.0,23748513.200000003,2.142,0.005541,0.019859,1.12,240.6881,56.5268,3.722,6.4865,4.8469,0.0,,1011660000.0,891660000.0,248775738.0,4866084600.0,4288884600.0,区域地产,房地产,房地产开发,住宅开发,5.43,4.45,
2010-12-01,10.24,10.56,10.2,10.39,10.3,0.0899999999999998,0.87,2252087.0,10923019.7,2.142,0.002526,0.009053,0.47,242.6897,56.9969,3.7529,6.5405,4.8872,0.0,,1011660000.0,891660000.0,248775738.0,4906551000.0,4324551000.0,区域地产,房地产,房地产开发,住宅开发,5.29,4.33,
2010-12-02,10.5,10.62,10.39,10.45,10.39,0.0599999999999987,0.58,3439614.0,16828470.0,2.142,0.003858,0.013826,0.75,244.1909,57.3494,3.7762,6.5809,4.9175,0.0,,1011660000.0,891660000.0,248775738.0,4936900800.0,4351300800.0,区域地产,房地产,房地产开发,住宅开发,5.34,4.37,
2010-12-03,10.45,10.69,10.37,10.62,10.45,0.1699999999999999,1.63,4478263.0,22073691.0,2.142,0.0050219999999999,0.018001,1.24,248.194,58.2896,3.8381,6.6888,4.9981,0.0,,1011660000.0,891660000.0,248775738.0,5017833600.0,4422633600.0,区域地产,房地产,房地产开发,住宅开发,5.37,4.39,
2010-12-06,10.6,10.8,10.5,10.62,10.62,0.0,0.0,3707288.0,18405036.8,2.142,0.004158,0.014902,1.04,248.194,58.2896,3.8381,6.6888,4.9981,0.0,,1011660000.0,891660000.0,248775738.0,5017833600.0,4422633600.0,区域地产,房地产,房地产开发,住宅开发,5.46,4.46,
2010-12-07,10.6,11.48,10.54,11.12,10.62,0.5,4.71,17063427.0,88890243.0,2.142,0.019137,0.06859,4.53,259.703,60.9925,4.016,6.999,5.2298,0.0,,1011660000.0,891660000.0,248775738.0,5250515400.0,4627715400.0,区域地产,房地产,房地产开发,住宅开发,5.46,4.46,
2010-12-08,10.92,11.03,10.71,10.77,11.12,-0.3499999999999996,-3.15,8667432.0,43804492.7,2.142,0.009721,0.03484,1.4,251.6968,59.1122,3.8922,6.7832,5.0686,0.0,,1011660000.0,891660000.0,248775738.0,5088649800.0,4485049800.0,区域地产,房地产,房地产开发,住宅开发,5.71,4.67,
2010-12-09,10.67,10.67,10.35,10.39,10.77,-0.379999999999999,-3.53,5339894.0,26115287.6,2.142,0.0059889999999999,0.021465,0.71,242.6897,56.9969,3.7529,6.5405,4.8872,0.0,,1011660000.0,891660000.0,248775738.0,4906551000.0,4324551000.0,区域地产,房地产,房地产开发,住宅开发,5.53,4.53,
2010-12-10,10.3,10.5,10.3,10.47,10.39,0.08,0.77,2266490.0,11017544.7,2.142,0.002542,0.009111,0.29,244.6913,57.467,3.7839,6.5944,4.9275,0.0,,1011660000.0,891660000.0,248775738.0,4947017400.0,4360217400.0,区域地产,房地产,房地产开发,住宅开发,5.34,4.37,
2010-12-13,10.5,10.69,10.39,10.67,10.47,0.1999999999999993,1.91,4440226.0,21849613.4,2.142,0.00498,0.017848,0.6,249.1948,58.5246,3.8535,6.7158,5.0182,0.0,,1011660000.0,891660000.0,248775738.0,5038066800.0,4440466800.0,区域地产,房地产,房地产开发,住宅开发,5.38,4.4,
2010-12-14,10.67,10.9,10.52,10.75,10.67,0.08,0.75,5312107.0,26556638.200000003,2.142,0.005958,0.021353,0.7,251.1964,58.9947,3.8845,6.7697,5.0585,0.0,,1011660000.0,891660000.0,248775738.0,5078533200.0,4476133200.0,区域地产,房地产,房地产开发,住宅开发,5.48,4.48,
2010-12-15,10.69,10.75,10.58,10.67,10.75,-0.08,-0.74,3456367.0,17199009.4,2.142,0.003876,0.013894,0.66,249.1948,58.5246,3.8535,6.7158,5.0182,0.0,,1011660000.0,891660000.0,248775738.0,5038066800.0,4440466800.0,区域地产,房地产,房地产开发,住宅开发,5.52,4.52,
2010-12-16,10.65,10.88,10.62,10.77,10.67,0.0999999999999996,0.94,4279620.0,21540287.0,2.142,0.0048,0.017203,1.03,251.6968,59.1122,3.8922,6.7832,5.0686,0.0,,1011660000.0,891660000.0,248775738.0,5088649800.0,4485049800.0,区域地产,房地产,房地产开发,住宅开发,5.48,4.48,
2010-12-17,10.73,10.75,10.6,10.62,10.77,-0.1500000000000003,-1.39,2655657.0,13225054.5,2.142,0.002978,0.0106749999999999,0.67,248.194,58.2896,3.8381,6.6888,4.9981,0.0,,1011660000.0,891660000.0,248775738.0,5017833600.0,4422633600.0,区域地产,房地产,房地产开发,住宅开发,5.53,4.53,
2010-12-20,10.62,10.75,10.26,10.45,10.62,-0.1699999999999999,-1.6,3265371.0,15943087.5,2.142,0.003662,0.013126,0.81,244.1909,57.3494,3.7762,6.5809,4.9175,0.0,,1011660000.0,891660000.0,248775738.0,4936900800.0,4351300800.0,区域地产,房地产,房地产开发,住宅开发,5.46,4.46,
2010-12-21,10.47,11.03,10.47,10.88,10.45,0.4300000000000015,4.11,8463394.0,42744446.2,2.142,0.009492,0.03402,2.23,254.1987,59.6998,3.9309,6.8506,5.119,0.0,,1011660000.0,891660000.0,248775738.0,5139232800.0,4529632800.0,区域地产,房地产,房地产开发,住宅开发,5.37,4.39,
2010-12-22,10.86,10.97,10.58,10.65,10.88,-0.2300000000000004,-2.11,5161480.0,25983938.8,2.142,0.005789,0.020748,1.17,248.6944,58.4071,3.8458,6.7023,5.0082,0.0,,1011660000.0,891660000.0,248775738.0,5027950200.0,4431550200.0,区域地产,房地产,房地产开发,住宅开发,5.59,4.57,
2010-12-23,10.56,10.84,10.54,10.6,10.65,-0.0500000000000007,-0.47,4283836.0,21424057.4,2.142,0.004804,0.01722,0.9,247.6936,58.1721,3.8303,6.6753,4.988,0.0,,1011660000.0,891660000.0,248775738.0,5007717000.0,4413717000.0,区域地产,房地产,房地产开发,住宅开发,5.47,4.47,
2010-12-24,10.56,11.48,10.45,11.03,10.6,0.4299999999999997,4.06,19244154.0,100080692.8,2.142,0.021582,0.077355,4.04,257.7014,60.5225,3.9851,6.945,5.1895,0.0,,1011660000.0,891660000.0,248775738.0,5210049000.0,4592049000.0,区域地产,房地产,房地产开发,住宅开发,5.45,4.46,
2010-12-27,10.99,11.03,10.54,10.6,11.03,-0.4299999999999997,-3.9,11047521.0,55626497.2,2.142,0.01239,0.044408,1.37,247.6936,58.1721,3.8303,6.6753,4.988,0.0,,1011660000.0,891660000.0,248775738.0,5007717000.0,4413717000.0,区域地产,房地产,房地产开发,住宅开发,5.67,4.64,
2010-12-28,10.45,10.52,9.92,9.94,10.6,-0.6600000000000001,-6.23,8219148.0,39179922.5,2.142,0.0092179999999999,0.033038,0.85,232.1815,54.529,3.5904,6.2573,4.6756,0.0,,1011660000.0,891660000.0,248775738.0,4694102400.0,4137302400.0,区域地产,房地产,房地产开发,住宅开发,5.45,4.46,
2010-12-29,9.96,10.13,9.9,10.11,9.94,0.1699999999999999,1.71,2775658.0,12991133.0,2.142,0.003113,0.0111569999999999,0.29,236.1846,55.4691,3.6523,6.3652,4.7562,0.0,,1011660000.0,891660000.0,248775738.0,4775035200.0,4208635200.0,区域地产,房地产,房地产开发,住宅开发,5.1,4.18,
2010-12-30,10.07,10.11,9.68,9.92,10.11,-0.1899999999999995,-1.88,3882085.0,17953730.5,2.142,0.004354,0.015605,0.43,231.6811,54.4115,3.5827,6.2438,4.6655,0.0,,1011660000.0,891660000.0,248775738.0,4683985800.0,4128385800.0,区域地产,房地产,房地产开发,住宅开发,5.19,4.25,
2010-12-31,9.85,10.09,9.85,10.07,9.92,0.1500000000000003,1.51,2515965.0,11739624.2,2.142,0.002822,0.010113,0.28,235.1838,55.2341,3.6369,6.3382,4.7361,0.0,,1011660000.0,891660000.0,248775738.0,4754802000.0,4190802000.0,区域地产,房地产,房地产开发,住宅开发,5.09,4.17,
2011-01-04,10.15,10.54,10.02,10.37,10.07,0.2999999999999989,2.98,5828772.0,28189789.700000003,2.142,0.0065369999999999,0.02343,1.02,242.1893,56.8794,3.7452,6.527,4.8772,0.0,,1011660000.0,891660000.0,248775738.0,4896434400.0,4315634400.0,区域地产,房地产,房地产开发,住宅开发,5.17,4.23,
2011-01-05,10.32,10.5,10.22,10.35,10.37,-0.0199999999999995,-0.19,3544322.0,17139896.700000003,2.142,0.003975,0.014247,0.76,241.6889,56.7618,3.7375,6.5135,4.8671,0.0,,1011660000.0,891660000.0,248775738.0,4886317800.0,4306717800.0,区域地产,房地产,房地产开发,住宅开发,5.32,4.36,
2011-01-06,10.35,10.45,10.24,10.39,10.35,0.0400000000000009,0.39,3530167.0,17032798.8,2.142,0.003959,0.01419,0.95,242.6897,56.9969,3.7529,6.5405,4.8872,0.0,,1011660000.0,891660000.0,248775738.0,4906551000.0,4324551000.0,区域地产,房地产,房地产开发,住宅开发,5.31,4.35,
2011-01-07,10.3,11.12,10.3,10.6,10.39,0.209999999999999,2.02,12081436.0,60769687.0,2.142,0.013549,0.0485639999999999,3.13,247.6936,58.1721,3.8303,6.6753,4.988,0.0,,1011660000.0,891660000.0,248775738.0,5007717000.0,4413717000.0,区域地产,房地产,房地产开发,住宅开发,5.34,4.37,
2011-01-10,10.56,10.8,10.32,10.35,10.6,-0.25,-2.36,5341028.0,26286484.7,2.142,0.00599,0.021469,0.97,241.6889,56.7618,3.7375,6.5135,4.8671,0.0,,1011660000.0,891660000.0,248775738.0,4886317800.0,4306717800.0,区域地产,房地产,房地产开发,住宅开发,5.45,4.46,
2011-01-11,10.37,10.8,10.3,10.69,10.35,0.3399999999999998,3.29,6757460.000000001,33519952.5,2.142,0.007579,0.027163,1.11,249.6952,58.6422,3.8613,6.7293,5.0283,0.0,,1011660000.0,891660000.0,248775738.0,5048183400.0,4449383400.0,区域地产,房地产,房地产开发,住宅开发,5.31,4.35,
2011-01-12,10.6,10.9,10.56,10.75,10.69,0.0600000000000005,0.56,6367301.0,31936274.4,2.142,0.007141,0.025595,1.02,251.1964,58.9947,3.8845,6.7697,5.0585,0.0,,1011660000.0,891660000.0,248775738.0,5078533200.0,4476133200.0,区域地产,房地产,房地产开发,住宅开发,5.49,4.49,
2011-01-13,10.75,10.82,10.56,10.58,10.75,-0.1699999999999999,-1.58,3026864.0,15067900.6,2.142,0.003395,0.0121669999999999,0.44,247.1932,58.0546,3.8226,6.6618,4.9779,0.0,,1011660000.0,891660000.0,248775738.0,4997600400.0,4404800400.0,区域地产,房地产,房地产开发,住宅开发,5.52,4.52,
2011-01-14,10.52,10.67,10.37,10.47,10.58,-0.1099999999999994,-1.04,2960188.0,14498692.6,2.142,0.00332,0.011899,0.44,244.6913,57.467,3.7839,6.5944,4.9275,0.0,,1011660000.0,891660000.0,248775738.0,4947017400.0,4360217400.0,区域地产,房地产,房地产开发,住宅开发,5.43,4.45,
2011-01-17,10.43,10.43,9.87,9.94,10.47,-0.5300000000000011,-5.06,4073394.0,19139923.3,2.142,0.004568,0.016374,0.83,232.1815,54.529,3.5904,6.2573,4.6756,0.0,,1011660000.0,891660000.0,248775738.0,4694102400.0,4137302400.0,区域地产,房地产,房地产开发,住宅开发,5.38,4.4,
2011-01-18,9.87,10.09,9.87,9.92,9.94,-0.0199999999999995,-0.2,2698102.0,12567334.3,2.142,0.0030259999999999,0.010846,0.58,231.6811,54.4115,3.5827,6.2438,4.6655,0.0,,1011660000.0,891660000.0,248775738.0,4683985800.0,4128385800.0,区域地产,房地产,房地产开发,住宅开发,5.1,4.18,
2011-01-19,9.96,10.13,9.87,10.09,9.92,0.1699999999999999,1.71,2268888.0,10598234.9,2.142,0.002545,0.00912,0.59,235.6842,55.3516,3.6446,6.3517,4.7462,0.0,,1011660000.0,891660000.0,248775738.0,4764918600.0,4199718600.0,区域地产,房地产,房地产开发,住宅开发,5.09,4.17,
2011-01-20,10.07,10.07,9.75,9.81,10.09,-0.2799999999999993,-2.78,2465169.0,11399590.8,2.142,0.002765,0.009909,0.82,229.1792,53.8239,3.544,6.1764,4.6152,0.0,,1011660000.0,891660000.0,248775738.0,4633402800.0,4083802800.000001,区域地产,房地产,房地产开发,住宅开发,5.18,4.24,
2011-01-21,9.75,10.3,9.72,10.0,9.81,0.1899999999999995,1.94,3058026.0,14300746.5,2.142,0.00343,0.012292,1.06,233.6827,54.8815,3.6137,6.2977,4.7059,0.0,,1011660000.0,891660000.0,248775738.0,4724452200.0,4164052200.0,区域地产,房地产,房地产开发,住宅开发,5.04,4.12,
2011-01-24,9.9,10.11,9.83,9.96,10.0,-0.0399999999999991,-0.4,1722813.0,8004066.7,2.142,0.001932,0.006925,0.59,232.6819,54.6465,3.5982,6.2708,4.6857,0.0,,1011660000.0,891660000.0,248775738.0,4704219000.0,4146219000.0,区域地产,房地产,房地产开发,住宅开发,5.14,4.2,
2011-01-25,9.92,10.05,9.85,9.92,9.96,-0.0400000000000009,-0.4,1560748.0,7236592.899999999,2.142,0.0017499999999999,0.0062739999999999,0.64,231.6811,54.4115,3.5827,6.2438,4.6655,0.0,,1011660000.0,891660000.0,248775738.0,4683985800.0,4128385800.0,区域地产,房地产,房地产开发,住宅开发,5.12,4.19,
2011-01-26,9.92,10.0,9.83,9.98,9.92,0.0600000000000005,0.6,1968890.0,9120612.1,2.142,0.002208,0.007914,0.89,233.1823,54.764,3.6059,6.2843,4.6958,0.0,,1011660000.0,891660000.0,248775738.0,4714335600.0,4155135600.0,区域地产,房地产,房地产开发,住宅开发,5.09,4.17,
2011-01-27,9.85,9.96,9.64,9.94,9.98,-0.0400000000000009,-0.4,3510951.9999999995,16137563.2,2.142,0.003938,0.014113,1.63,232.1815,54.529,3.5904,6.2573,4.6756,0.0,,1011660000.0,891660000.0,248775738.0,4694102400.0,4137302400.0,区域地产,房地产,房地产开发,住宅开发,5.13,4.19,
2011-01-28,9.9,10.11,9.9,9.96,9.94,0.0200000000000013,0.2,3122097.0,14528848.6,2.142,0.003501,0.0125499999999999,1.32,232.6819,54.6465,3.5982,6.2708,4.6857,0.0,,1011660000.0,891660000.0,248775738.0,4704219000.0,4146219000.0,区域地产,房地产,房地产开发,住宅开发,5.1,4.18,
2011-01-31,9.94,10.0,9.83,9.98,9.96,0.0199999999999995,0.2,3352637.9999999995,15531659.9,2.142,0.00376,0.013477,1.41,233.1823,54.764,3.6059,6.2843,4.6958,0.0,,1011660000.0,891660000.0,248775738.0,4714335600.0,4155135600.0,区域地产,房地产,房地产开发,住宅开发,5.12,4.19,
2011-02-01,9.96,10.07,9.92,10.07,9.98,0.0899999999999998,0.9,3121744.0,14583680.7,2.142,0.003501,0.0125479999999999,1.15,235.1838,55.2341,3.6369,6.3382,4.7361,0.0,,1011660000.0,891660000.0,248775738.0,4754802000.0,4190802000.0,区域地产,房地产,房地产开发,住宅开发,5.13,4.19,
2011-02-09,9.96,10.07,9.9,9.96,10.07,-0.1099999999999994,-1.09,1889731.0,8806527.200000001,2.142,0.002119,0.007596,0.63,232.6819,54.6465,3.5982,6.2708,4.6857,0.0,,1011660000.0,891660000.0,248775738.0,4704219000.0,4146219000.0,区域地产,房地产,房地产开发,住宅开发,5.17,4.23,
2011-02-10,9.96,10.17,9.92,10.15,9.96,0.1899999999999995,1.91,3068099.0,14441337.7,2.142,0.003441,0.012333,1.02,237.1854,55.7042,3.6678,6.3921,4.7764,0.0,,1011660000.0,891660000.0,248775738.0,4795268400.0,4226468400.000001,区域地产,房地产,房地产开发,住宅开发,5.12,4.19,
2011-02-11,10.15,10.56,10.11,10.47,10.15,0.3200000000000003,3.15,7950921.000000001,38491380.5,2.142,0.008917,0.03196,2.73,244.6913,57.467,3.7839,6.5944,4.9275,0.0,,1011660000.0,891660000.0,248775738.0,4947017400.0,4360217400.0,区域地产,房地产,房地产开发,住宅开发,5.21,4.27,
2011-02-14,10.26,10.58,10.26,10.54,10.47,0.0699999999999985,0.67,7316473.0,35739851.6,2.142,0.008205,0.02941,1.89,246.1924,57.8195,3.8071,6.6349,4.9578,0.0,,1011660000.0,891660000.0,248775738.0,4977367200.0,4386967200.0,区域地产,房地产,房地产开发,住宅开发,5.38,4.4,
2011-02-15,10.56,10.65,10.47,10.52,10.54,-0.0199999999999995,-0.19,6314613.0,31132714.9,2.142,0.007082,0.025383,1.35,245.6921,57.702,3.7994,6.6214,4.9477,0.0,,1011660000.0,891660000.0,248775738.0,4967250600.0,4378050600.0,区域地产,房地产,房地产开发,住宅开发,5.41,4.43,
2011-02-16,10.45,10.6,10.35,10.6,10.52,0.08,0.76,5202135.0,25395122.5,2.142,0.005834,0.020911,0.98,247.6936,58.1721,3.8303,6.6753,4.988,0.0,,1011660000.0,891660000.0,248775738.0,5007717000.0,4413717000.0,区域地产,房地产,房地产开发,住宅开发,5.4,4.42,
2011-02-17,10.54,10.6,10.35,10.5,10.6,-0.0999999999999996,-0.94,3703850.0,18107194.3,2.142,0.004154,0.0148879999999999,0.62,245.1917,57.5845,3.7916,6.6079,4.9376,0.0,,1011660000.0,891660000.0,248775738.0,4957134000.0,4369134000.0,区域地产,房地产,房地产开发,住宅开发,5.45,4.46,
2011-02-18,10.47,10.67,10.41,10.5,10.5,0.0,0.0,4064014.0,19991957.8,2.142,0.0045579999999999,0.016336,0.67,245.1917,57.5845,3.7916,6.6079,4.9376,0.0,,1011660000.0,891660000.0,248775738.0,4957134000.0,4369134000.0,区域地产,房地产,房地产开发,住宅开发,5.39,4.41,
2011-02-21,10.45,10.71,10.41,10.67,10.5,0.1699999999999999,1.62,5855935.0,28945189.7,2.142,0.006567,0.0235389999999999,1.1,249.1948,58.5246,3.8535,6.7158,5.0182,0.0,,1011660000.0,891660000.0,248775738.0,5038066800.0,4440466800.0,区域地产,房地产,房地产开发,住宅开发,5.39,4.41,
2011-02-22,10.69,10.88,10.45,10.71,10.67,0.0400000000000009,0.37,12649425.0,63291647.2,2.142,0.014186,0.0508469999999999,2.52,250.1956,58.7597,3.869,6.7428,5.0384,0.0,,1011660000.0,891660000.0,248775738.0,5058300000.0,4458300000.0,区域地产,房地产,房地产开发,住宅开发,5.48,4.48,
2011-02-23,10.71,10.88,10.52,10.88,10.71,0.1699999999999999,1.59,9155800.0,45856284.6,2.142,0.010268,0.036803,1.45,254.1987,59.6998,3.9309,6.8506,5.119,0.0,,1011660000.0,891660000.0,248775738.0,5139232800.0,4529632800.0,区域地产,房地产,房地产开发,住宅开发,5.5,4.5,
2011-02-24,10.77,11.35,10.77,11.01,10.88,0.129999999999999,1.19,13155156.0,67870113.89999999,2.142,0.014754,0.05288,1.86,257.2011,60.4049,3.9773,6.9316,5.1795,0.0,,1011660000.0,891660000.0,248775738.0,5199932400.0,4583132400.0,区域地产,房地产,房地产开发,住宅开发,5.59,4.57,
2011-02-25,10.95,10.99,10.69,10.8,11.01,-0.209999999999999,-1.91,7239280.0,36477882.2,2.142,0.008119,0.0291,0.81,252.1971,59.2298,3.9,6.7967,5.0787,0.0,,1011660000.0,891660000.0,248775738.0,5098766400.0,4493966400.0,区域地产,房地产,房地产开发,住宅开发,5.65,4.63,
2011-02-28,10.8,10.9,10.73,10.8,10.8,0.0,0.0,4899460.0,24757465.9,2.142,0.005495,0.019694,0.51,252.1971,59.2298,3.9,6.7967,5.0787,0.0,,1011660000.0,891660000.0,248775738.0,5098766400.0,4493966400.0,区域地产,房地产,房地产开发,住宅开发,5.54,4.54,
2011-03-01,10.84,11.18,10.75,10.92,10.8,0.1199999999999992,1.11,9368899.0,47987754.0,2.142,0.0105069999999999,0.03766,0.99,255.1995,59.9349,3.9464,6.8776,5.1392,0.0,,1011660000.0,891660000.0,248775738.0,5159466000.0,4547466000.0,区域地产,房地产,房地产开发,住宅开发,5.54,4.54,
2011-03-02,10.9,11.07,10.65,10.97,10.92,0.0500000000000007,0.46,6286974.0,31722956.3,2.142,0.0070509999999999,0.025272,0.72,256.2003,60.1699,3.9619,6.9046,5.1593,0.0,,1011660000.0,891660000.0,248775738.0,5179699200.0,4565299200.0,区域地产,房地产,房地产开发,住宅开发,5.61,4.59,
2011-03-03,10.9,10.99,10.75,10.77,10.97,-0.200000000000001,-1.82,4145125.0,21055489.5,2.142,0.0046489999999999,0.016662,0.51,251.6968,59.1122,3.8922,6.7832,5.0686,0.0,,1011660000.0,891660000.0,248775738.0,5088649800.0,4485049800.0,区域地产,房地产,房地产开发,住宅开发,5.63,4.61,
2011-03-04,10.82,11.1,10.75,10.99,10.77,0.2200000000000006,2.04,5934509.0,30292113.6,2.142,0.006656,0.023855,0.93,256.7007,60.2874,3.9696,6.9181,5.1694,0.0,,1011660000.0,891660000.0,248775738.0,5189815800.0,4574215800.0,区域地产,房地产,房地产开发,住宅开发,5.53,4.53,
2011-03-07,11.01,11.52,11.01,11.27,10.99,0.2799999999999993,2.55,13319690.0,70331797.30000001,2.142,0.014938,0.053541,2.17,263.2057,61.8152,4.0702,7.0934,5.3004,0.0,,1011660000.0,891660000.0,248775738.0,5321331600.0,4690131600.0,区域地产,房地产,房地产开发,住宅开发,5.64,4.62,
2011-03-08,11.27,11.4,11.12,11.29,11.27,0.0199999999999995,0.18,5443818.0,28589367.5,2.142,0.006105,0.021882,0.7,263.7061,61.9327,4.0779,7.1069,5.3105,0.0,,1011660000.0,891660000.0,248775738.0,5331448199.999999,4699048200.0,区域地产,房地产,房地产开发,住宅开发,5.79,4.73,
2011-03-09,11.29,11.35,11.12,11.27,11.29,-0.0199999999999995,-0.18,5022213.0,26277041.8,2.142,0.005632,0.020188,0.71,263.2057,61.8152,4.0702,7.0934,5.3004,0.0,,1011660000.0,891660000.0,248775738.0,5321331600.0,4690131600.0,区域地产,房地产,房地产开发,住宅开发,5.8,4.74,
2011-03-10,11.18,11.91,11.05,11.48,11.27,0.2100000000000008,1.86,16190316.0,86738994.0,2.142,0.018157,0.06508,2.39,268.2097,62.9904,4.1476,7.2282,5.4012,0.0,,1011660000.0,891660000.0,248775738.0,5422497600.0,4779297600.0,区域地产,房地产,房地产开发,住宅开发,5.79,4.73,
2011-03-11,11.29,11.4,11.1,11.18,11.48,-0.3000000000000007,-2.61,8977930.0,47181721.7,2.142,0.010069,0.036088,0.98,261.2042,61.3451,4.0392,7.0394,5.2601,0.0,,1011660000.0,891660000.0,248775738.0,5280865200.0,4654465200.0,区域地产,房地产,房地产开发,住宅开发,5.9,4.82,
2011-03-14,11.14,11.14,10.9,11.03,11.18,-0.1500000000000003,-1.34,5668161.0,29160070.4,2.142,0.006357,0.022784,0.58,257.7014,60.5225,3.9851,6.945,5.1895,0.0,,1011660000.0,891660000.0,248775738.0,5210049000.0,4592049000.0,区域地产,房地产,房地产开发,住宅开发,5.74,4.7,
2011-03-15,11.03,11.05,10.6,10.84,11.03,-0.1899999999999995,-1.72,6401998.0,32174473.2,2.142,0.00718,0.025734,0.78,253.1979,59.4648,3.9154,6.8237,5.0989,0.0,,1011660000.0,891660000.0,248775738.0,5118999600.0,4511799600.0,区域地产,房地产,房地产开发,住宅开发,5.67,4.64,
2011-03-16,10.8,10.95,10.73,10.9,10.84,0.0600000000000005,0.55,5678340.0,28758416.1,2.142,0.006368,0.022825,0.67,254.6991,59.8174,3.9386,6.8641,5.1291,0.0,,1011660000.0,891660000.0,248775738.0,5149349400.0,4538549400.0,区域地产,房地产,房地产开发,住宅开发,5.57,4.55,
2011-03-17,10.82,10.99,10.75,10.82,10.9,-0.08,-0.73,4649485.0,23551623.6,2.142,0.005214,0.018689,0.54,252.6975,59.3473,3.9077,6.8102,5.0888,0.0,,1011660000.0,891660000.0,248775738.0,5108883000.0,4502883000.0,区域地产,房地产,房地产开发,住宅开发,5.6,4.58,
2011-03-18,10.84,11.18,10.84,10.99,10.82,0.1699999999999999,1.57,6052351.0,31140152.6,2.142,0.006788,0.024329,0.96,256.7007,60.2874,3.9696,6.9181,5.1694,0.0,,1011660000.0,891660000.0,248775738.0,5189815800.0,4574215800.0,区域地产,房地产,房地产开发,住宅开发,5.56,4.55,
2011-03-21,10.97,11.31,10.92,11.01,10.99,0.0199999999999995,0.18,4098072.0,21144576.2,2.142,0.004596,0.016473,0.72,257.2011,60.4049,3.9773,6.9316,5.1795,0.0,,1011660000.0,891660000.0,248775738.0,5199932400.0,4583132400.0,区域地产,房地产,房地产开发,住宅开发,5.64,4.62,
2011-03-22,11.03,11.14,10.8,11.03,11.01,0.0199999999999995,0.18,2946834.0,15047489.7,2.142,0.003305,0.011845,0.55,257.7014,60.5225,3.9851,6.945,5.1895,0.0,,1011660000.0,891660000.0,248775738.0,5210049000.0,4592049000.0,区域地产,房地产,房地产开发,住宅开发,5.65,4.63,
2011-03-23,11.01,11.31,10.92,11.27,11.03,0.2400000000000002,2.18,8799909.0,46033716.7,2.142,0.009869,0.035373,1.88,263.2057,61.8152,4.0702,7.0934,5.3004,0.0,,1011660000.0,891660000.0,248775738.0,5321331600.0,4690131600.0,区域地产,房地产,房地产开发,住宅开发,5.67,4.64,
2011-03-24,11.27,11.35,11.12,11.12,11.27,-0.1500000000000003,-1.33,4658935.0,24333507.4,2.142,0.005225,0.018727,0.88,259.703,60.9925,4.016,6.999,5.2298,0.0,,1011660000.0,891660000.0,248775738.0,5250515400.0,4627715400.0,区域地产,房地产,房地产开发,住宅开发,5.79,4.73,
2011-03-25,11.14,11.42,11.12,11.29,11.12,0.1699999999999999,1.53,7504232.000000001,39521413.9,2.142,0.008416,0.030165,1.41,263.7061,61.9327,4.0779,7.1069,5.3105,0.0,,1011660000.0,891660000.0,248775738.0,5331448199.999999,4699048200.0,区域地产,房地产,房地产开发,住宅开发,5.71,4.67,
2011-03-28,11.29,11.46,11.16,11.25,11.29,-0.0399999999999991,-0.35,5639259.0,29828918.5,2.142,0.006324,0.022668,1.01,262.7054,61.6977,4.0625,7.0799,5.2903,0.0,,1011660000.0,891660000.0,248775738.0,5311215000.0,4681215000.0,区域地产,房地产,房地产开发,住宅开发,5.8,4.74,
2011-03-29,11.22,11.57,11.16,11.31,11.25,0.0600000000000005,0.53,9995098.0,53086785.900000006,2.142,0.01121,0.040177,1.69,264.2065,62.0502,4.0857,7.1204,5.3205,0.0,,1011660000.0,891660000.0,248775738.0,5341564800.0,4707964800.0,区域地产,房地产,房地产开发,住宅开发,5.78,4.73,
2011-03-30,11.25,11.31,11.05,11.07,11.31,-0.2400000000000002,-2.12,5070320.0,26435803.0,2.142,0.005686,0.020381,0.69,258.7022,60.7575,4.0006,6.972,5.2097,0.0,,1011660000.0,891660000.0,248775738.0,5230282200.0,4609882200.0,区域地产,房地产,房地产开发,住宅开发,5.81,4.75,
2011-03-31,11.07,11.27,10.95,10.97,11.07,-0.0999999999999996,-0.9,3611701.0,18683074.9,2.142,0.004051,0.014518,0.55,256.2003,60.1699,3.9619,6.9046,5.1593,0.0,,1011660000.0,891660000.0,248775738.0,5179699200.0,4565299200.0,区域地产,房地产,房地产开发,住宅开发,5.69,4.65,
2011-04-01,10.97,11.22,10.95,11.18,10.97,0.209999999999999,1.91,3759706.0,19538447.3,2.142,0.004217,0.015113,0.59,261.2042,61.3451,4.0392,7.0394,5.2601,0.0,,1011660000.0,891660000.0,248775738.0,5280865200.0,4654465200.0,区域地产,房地产,房地产开发,住宅开发,5.63,4.61,
2011-04-06,11.12,11.65,11.05,11.48,11.18,0.3000000000000007,2.68,10577881.0,56242508.8,2.142,0.0118629999999999,0.0425199999999999,1.88,268.2097,62.9904,4.1476,7.2282,5.4012,0.0,,1011660000.0,891660000.0,248775738.0,5422497600.0,4779297600.0,区域地产,房地产,房地产开发,住宅开发,5.74,4.7,
2011-04-07,11.42,11.57,11.29,11.37,11.48,-0.1100000000000012,-0.96,7988864.999999999,42664154.5,2.142,0.00896,0.032113,1.21,265.7077,62.4028,4.1089,7.1608,5.3508,0.0,,1011660000.0,891660000.0,248775738.0,5371914600.0,4734714600.0,区域地产,房地产,房地产开发,住宅开发,5.9,4.82,
2011-04-08,11.35,11.5,11.29,11.48,11.37,0.1100000000000012,0.97,5883279.0,31254775.3,2.142,0.006598,0.023649,0.95,268.2097,62.9904,4.1476,7.2282,5.4012,0.0,,1011660000.0,891660000.0,248775738.0,5422497600.0,4779297600.0,区域地产,房地产,房地产开发,住宅开发,5.84,4.78,
2011-04-11,11.48,11.59,11.31,11.33,11.48,-0.1500000000000003,-1.31,7176800.0,38453103.6,2.142,0.0080489999999999,0.028848,1.13,264.7069,62.1677,4.0934,7.1338,5.3306,0.0,,1011660000.0,891660000.0,248775738.0,5351681400.0,4716881400.0,区域地产,房地产,房地产开发,住宅开发,5.9,4.82,
2011-04-12,11.31,11.63,11.22,11.57,11.33,0.2400000000000002,2.12,10267522.0,54863162.1,2.142,0.011515,0.041272,1.45,270.2112,63.4605,4.1785,7.2822,5.4415,0.0,,1011660000.0,891660000.0,248775738.0,5462964000.0,4814964000.0,区域地产,房地产,房地产开发,住宅开发,5.82,4.76,
2011-04-13,11.48,11.76,11.35,11.67,11.57,0.0999999999999996,0.86,9315654.0,50356320.1,2.142,0.0104479999999999,0.037446,1.11,272.7132,64.0481,4.2172,7.3496,5.4918,0.0,,1011660000.0,891660000.0,248775738.0,5513547000.0,4859547000.0,区域地产,房地产,房地产开发,住宅开发,5.94,4.86,
2011-04-14,11.67,11.67,11.4,11.42,11.67,-0.25,-2.14,6665894.0,35742048.6,2.142,0.007476,0.026795,0.82,266.7085,62.6378,4.1244,7.1878,5.3709,0.0,,1011660000.0,891660000.0,248775738.0,5392147800.0,4752547800.0,区域地产,房地产,房地产开发,住宅开发,6.0,4.91,
2011-04-15,11.42,11.63,11.33,11.61,11.42,0.1899999999999995,1.66,7971394.0,42752173.7,2.142,0.00894,0.032042,1.01,271.212,63.6955,4.194,7.3092,5.4616,0.0,,1011660000.0,891660000.0,248775738.0,5483197200.0,4832797200.0,区域地产,房地产,房地产开发,住宅开发,5.86,4.8,
2011-04-18,11.57,11.82,11.5,11.82,11.61,0.2100000000000008,1.81,11575241.0,63346969.1,2.142,0.012982,0.046529,1.4,276.2159,64.8707,4.2714,7.444,5.5624,0.0,,1011660000.0,891660000.0,248775738.0,5584363199.999999,4921963200.0,区域地产,房地产,房地产开发,住宅开发,5.96,4.88,
2011-04-19,11.72,11.78,11.42,11.65,11.82,-0.1699999999999999,-1.44,8420737.0,45633467.4,2.142,0.009444,0.033849,0.92,272.2128,63.9305,4.2095,7.3361,5.4818,0.0,,1011660000.0,891660000.0,248775738.0,5503430400.0,4850630400.0,区域地产,房地产,房地产开发,住宅开发,6.07,4.97,
2011-04-20,11.74,11.97,11.55,11.61,11.65,-0.0400000000000009,-0.34,11363168.0,62493642.4,2.142,0.012744,0.0456759999999999,1.29,271.212,63.6955,4.194,7.3092,5.4616,0.0,,1011660000.0,891660000.0,248775738.0,5483197200.0,4832797200.0,区域地产,房地产,房地产开发,住宅开发,5.98,4.9,
2011-04-21,11.74,11.78,11.5,11.67,11.61,0.0600000000000005,0.52,6351155.0,34434269.3,2.142,0.007123,0.02553,0.69,272.7132,64.0481,4.2172,7.3496,5.4918,0.0,,1011660000.0,891660000.0,248775738.0,5513547000.0,4859547000.0,区域地产,房地产,房地产开发,住宅开发,5.96,4.88,
2011-04-22,11.57,11.65,11.31,11.33,11.67,-0.3399999999999998,-2.91,9182712.0,49022724.2,2.142,0.010298,0.036912,1.01,264.7069,62.1677,4.0934,7.1338,5.3306,0.0,,1011660000.0,891660000.0,248775738.0,5351681400.0,4716881400.0,区域地产,房地产,房地产开发,住宅开发,6.0,4.91,
2011-04-25,11.35,11.48,10.99,11.16,11.33,-0.1699999999999999,-1.5,7177053.0,37651177.1,2.142,0.0080489999999999,0.028849,0.77,260.7038,61.2276,4.0315,7.026,5.25,0.0,,1011660000.0,891660000.0,248775738.0,5270748600.0,4645548600.0,区域地产,房地产,房地产开发,住宅开发,5.82,4.76,
2011-04-26,11.1,11.22,10.9,10.99,11.16,-0.1699999999999999,-1.52,5246229.0,27002603.7,2.142,0.005884,0.021088,0.62,256.7007,60.2874,3.9696,6.9181,5.1694,0.0,,1011660000.0,891660000.0,248775738.0,5189815800.0,4574215800.0,区域地产,房地产,房地产开发,住宅开发,5.73,4.69,
2011-04-27,10.99,11.16,10.71,10.84,10.99,-0.1500000000000003,-1.36,4728259.0,24198858.5,2.142,0.0053029999999999,0.019006,0.6,253.1979,59.4648,3.9154,6.8237,5.0989,0.0,,1011660000.0,891660000.0,248775738.0,5118999600.0,4511799600.0,区域地产,房地产,房地产开发,住宅开发,5.64,4.62,
2011-04-28,10.88,10.92,10.45,10.56,10.84,-0.2799999999999993,-2.58,4087737.000000001,20371890.200000003,2.142,0.0045839999999999,0.016431,0.63,246.6928,57.937,3.8148,6.6484,4.9679,0.0,,1011660000.0,891660000.0,248775738.0,4987483800.0,4395883800.0,区域地产,房地产,房地产开发,住宅开发,5.57,4.55,
2011-04-29,10.56,10.69,10.52,10.65,10.56,0.0899999999999998,0.85,3374943.0,16723997.4,2.142,0.003785,0.013566,0.55,59.3197,49.1421,3.4639,4.9243,4.3628,0.0,,1011660000.0,891660000.0,248775738.0,5027950200.0,4431550200.0,区域地产,房地产,房地产开发,住宅开发,5.42,4.44,
2011-05-03,10.69,10.84,10.58,10.82,10.65,0.1699999999999999,1.6,3019300.0,15078633.3,2.142,0.003386,0.012137,0.61,60.2746,49.9331,3.5196,5.0035,4.4331,0.0,,1011660000.0,891660000.0,248775738.0,5108883000.0,4502883000.0,区域地产,房地产,房地产开发,住宅开发,5.47,4.47,
2011-05-04,10.8,10.8,10.41,10.43,10.82,-0.3900000000000005,-3.6,3645462.000000001,18033182.3,2.142,0.004088,0.014654,0.89,58.1262,48.1533,3.3942,4.8252,4.275,0.0,,1011660000.0,891660000.0,248775738.0,4926784200.0,4342384200.0,区域地产,房地产,房地产开发,住宅开发,5.56,4.55,
2011-05-05,10.5,10.77,10.45,10.65,10.43,0.2200000000000006,2.11,2737317.0,13572345.0,2.142,0.00307,0.011003,0.73,59.3197,49.1421,3.4639,4.9243,4.3628,0.0,,1011660000.0,891660000.0,248775738.0,5027950200.0,4431550200.0,区域地产,房地产,房地产开发,住宅开发,5.36,4.38,
2011-05-06,10.58,10.71,10.52,10.65,10.65,0.0,0.0,2379866.0,11791289.4,2.142,0.002669,0.009566,0.71,59.3197,49.1421,3.4639,4.9243,4.3628,0.0,,1011660000.0,891660000.0,248775738.0,5027950200.0,4431550200.0,区域地产,房地产,房地产开发,住宅开发,5.47,4.47,
2011-05-09,10.67,10.73,10.6,10.69,10.65,0.0399999999999991,0.38,1896641.0,9441382.1,2.142,0.002127,0.007624,0.63,59.5584,49.3398,3.4778,4.9441,4.3804,0.0,,1011660000.0,891660000.0,248775738.0,5048183400.0,4449383400.0,区域地产,房地产,房地产开发,住宅开发,5.47,4.47,
2011-05-10,10.69,10.71,10.5,10.71,10.69,0.0200000000000013,0.19,2468292.0,12235588.4,2.142,0.002768,0.009922,0.9,59.6778,49.4387,3.4848,4.954,4.3892,0.0,,1011660000.0,891660000.0,248775738.0,5058300000.0,4458300000.0,区域地产,房地产,房地产开发,住宅开发,5.49,4.49,
2011-05-11,10.71,11.05,10.5,10.9,10.71,0.1899999999999995,1.77,9773236.0,49331195.9,2.142,0.010961,0.039285,3.72,60.752,50.3286,3.5475,5.0432,4.4682,0.0,,1011660000.0,891660000.0,248775738.0,5149349400.0,4538549400.0,区域地产,房地产,房地产开发,住宅开发,5.5,4.5,
2011-05-12,10.73,10.92,10.56,10.65,10.9,-0.25,-2.29,6052372.0,30452535.8,2.142,0.006788,0.024329,1.57,59.3197,49.1421,3.4639,4.9243,4.3628,0.0,,1011660000.0,891660000.0,248775738.0,5027950200.0,4431550200.0,区域地产,房地产,房地产开发,住宅开发,5.6,4.58,
2011-05-13,10.62,10.84,10.52,10.82,10.65,0.1699999999999999,1.6,4083811.0,20500511.3,2.142,0.00458,0.016416,0.9,60.2746,49.9331,3.5196,5.0035,4.4331,0.0,,1011660000.0,891660000.0,248775738.0,5108883000.0,4502883000.0,区域地产,房地产,房地产开发,住宅开发,5.47,4.47,
2011-05-16,10.82,11.91,10.75,11.91,10.82,1.09,10.07,23728374.0,129198425.5,2.142,0.026611,0.095381,4.89,66.3617,54.9758,3.8751,5.5088,4.8807,0.0,,1011660000.0,891660000.0,248775738.0,5624829600.0,4957629600.0,区域地产,房地产,房地产开发,住宅开发,5.56,4.55,
2011-05-17,12.21,13.11,12.21,13.11,11.91,1.1999999999999993,10.08,69581185.0,420433062.3,2.142,0.078036,0.279694,7.55,73.0456,60.513,4.2654,6.0637,5.3723,0.0,,1011660000.0,891660000.0,248775738.0,6191359200.0,5456959200.0,区域地产,房地产,房地产开发,住宅开发,6.12,5.0,
2011-05-18,13.49,13.54,12.89,13.28,13.11,0.1699999999999999,1.3,62204386.0,382504109.2,2.142,0.069762,0.250042,2.75,74.0005,61.304,4.3211,6.1429,5.4426,0.0,,1011660000.0,891660000.0,248775738.0,6272292000.0,5528292000.0,区域地产,房地产,房地产开发,住宅开发,6.73,5.51,
2011-05-19,13.09,13.82,12.85,13.22,13.28,-0.0599999999999987,-0.45,43102176.0,264906433.6,2.142,0.048339,0.173257,1.3,73.6424,61.0074,4.3002,6.1132,5.4162,0.0,,1011660000.0,891660000.0,248775738.0,6241942200.0,5501542200.0,区域地产,房地产,房地产开发,住宅开发,6.82,5.58,
2011-05-20,12.98,13.17,12.32,12.85,13.22,-0.370000000000001,-2.8,34448954.0,204239481.8,2.142,0.038635,0.138474,0.85,71.6134,59.3264,4.1817,5.9448,5.267,0.0,,1011660000.0,891660000.0,248775738.0,6069960000.0,5349960000.0,区域地产,房地产,房地产开发,住宅开发,6.79,5.55,
2011-05-23,12.83,13.17,12.55,12.92,12.85,0.0700000000000002,0.54,40259332.0,242066650.8,2.142,0.045151,0.16183,0.86,71.9714,59.6231,4.2027,5.9745,5.2933,0.0,,1011660000.0,891660000.0,248775738.0,6100309800.0,5376709800.0,区域地产,房地产,房地产开发,住宅开发,6.6,5.4,
2011-05-24,12.92,12.98,11.89,12.3,12.92,-0.6199999999999992,-4.8,30035548.0,173260296.8,2.142,0.033685,0.120733,0.6,68.5101,56.7556,4.0005,5.6872,5.0388,0.0,,1011660000.0,891660000.0,248775738.0,5806928400.0,5118128400.0,区域地产,房地产,房地产开发,住宅开发,6.63,5.43,
2011-05-25,12.06,12.53,11.95,12.38,12.3,0.08,0.65,27595836.0,157543895.0,2.142,0.030949,0.110927,0.66,68.9875,57.1511,4.0284,5.7268,5.0739,0.0,,1011660000.0,891660000.0,248775738.0,5847394800.0,5153794800.0,区域地产,房地产,房地产开发,住宅开发,6.31,5.17,
2011-05-26,12.38,12.72,12.1,12.42,12.38,0.0399999999999991,0.32,29864108.0,173680862.8,2.142,0.033493,0.120044,0.85,69.2262,57.3489,4.0424,5.7466,5.0914,0.0,,1011660000.0,891660000.0,248775738.0,5867628000.0,5171628000.0,区域地产,房地产,房地产开发,住宅开发,6.36,5.2,
2011-05-27,12.17,12.3,11.18,11.18,12.42,-1.2400000000000002,-9.98,25133929.0,134579681.29999998,2.142,0.028188,0.10103,0.77,62.3036,51.614,3.6381,5.172,4.5823,0.0,,1011660000.0,891660000.0,248775738.0,5280865200.0,4654465200.0,区域地产,房地产,房地产开发,住宅开发,6.38,5.22,
2011-05-30,10.71,10.82,10.07,10.17,11.18,-1.0099999999999998,-9.03,20520241.0,99455193.3,2.142,0.023014,0.082485,0.67,56.6939,46.9668,3.3105,4.7063,4.1697,0.0,,1011660000.0,891660000.0,248775738.0,4805385000.0,4235385000.0,区域地产,房地产,房地产开发,住宅开发,5.74,4.7,
2011-05-31,10.17,10.58,10.07,10.5,10.17,0.33,3.24,14239026.0,68808845.9,2.142,0.015969,0.057236,0.53,58.4842,48.4499,3.4151,4.8549,4.3014,0.0,,1011660000.0,891660000.0,248775738.0,4957134000.0,4369134000.0,区域地产,房地产,房地产开发,住宅开发,5.23,4.28,
2011-06-01,10.37,10.86,10.32,10.8,10.5,0.3000000000000007,2.86,15550828.0,76684800.39999999,2.142,0.01744,0.062509,0.66,60.1552,49.8342,3.5127,4.9936,4.4243,0.0,,1011660000.0,891660000.0,248775738.0,5098766400.0,4493966400.0,区域地产,房地产,房地产开发,住宅开发,5.39,4.41,
2011-06-02,10.54,10.65,10.13,10.35,10.8,-0.450000000000001,-4.17,11627375.0,56437713.2,2.142,0.01304,0.046738,0.55,57.6488,47.7578,3.3663,4.7856,4.2399,0.0,,1011660000.0,891660000.0,248775738.0,4886317800.0,4306717800.0,区域地产,房地产,房地产开发,住宅开发,5.54,4.54,
2011-06-03,10.3,10.8,10.3,10.58,10.35,0.2300000000000004,2.22,11293855.0,55828410.0,2.142,0.012666,0.0453979999999999,0.65,58.9617,48.8454,3.443,4.8945,4.3365,0.0,,1011660000.0,891660000.0,248775738.0,4997600400.0,4404800400.0,区域地产,房地产,房地产开发,住宅开发,5.31,4.35,
2011-06-07,10.56,11.12,10.39,10.84,10.58,0.2599999999999998,2.46,15961869.0,80372246.19999999,2.142,0.017901,0.064162,1.09,60.3939,50.032,3.5266,5.0134,4.4418,0.0,,1011660000.0,891660000.0,248775738.0,5118999600.0,4511799600.0,区域地产,房地产,房地产开发,住宅开发,5.43,4.45,
2011-06-08,10.73,11.03,10.5,11.01,10.84,0.1699999999999999,1.57,15748310.0,79446687.39999999,2.142,0.017662,0.063303,1.15,61.3488,50.823,3.5824,5.0927,4.5121,0.0,,1011660000.0,891660000.0,248775738.0,5199932400.0,4583132400.0,区域地产,房地产,房地产开发,住宅开发,5.57,4.55,
2011-06-09,10.9,10.97,10.5,10.5,11.01,-0.5099999999999998,-4.63,12833203.0,64275252.3,2.142,0.014392,0.051585,0.91,58.4842,48.4499,3.4151,4.8549,4.3014,0.0,,1011660000.0,891660000.0,248775738.0,4957134000.0,4369134000.0,区域地产,房地产,房地产开发,住宅开发,5.65,4.63,
2011-06-10,10.47,10.77,10.39,10.67,10.5,0.1699999999999999,1.62,9051702.0,44727979.1,2.142,0.010152,0.036385,0.67,59.4391,49.2409,3.4708,4.9342,4.3716,0.0,,1011660000.0,891660000.0,248775738.0,5038066800.0,4440466800.0,区域地产,房地产,房地产开发,住宅开发,5.39,4.41,
2011-06-13,10.58,10.6,10.28,10.47,10.67,-0.1999999999999993,-1.87,5687576.0,27712921.0,2.142,0.006379,0.022862,0.44,58.3649,48.351,3.4081,4.845,4.2926,0.0,,1011660000.0,891660000.0,248775738.0,4947017400.0,4360217400.0,区域地产,房地产,房地产开发,住宅开发,5.48,4.48,
2011-06-14,10.45,11.01,10.43,10.77,10.47,0.2999999999999989,2.87,12250612.0,61900586.4,2.142,0.013739,0.049244,1.03,60.0359,49.7353,3.5057,4.9837,4.4155,0.0,,1011660000.0,891660000.0,248775738.0,5088649800.0,4485049800.0,区域地产,房地产,房地产开发,住宅开发,5.38,4.4,
2011-06-15,10.69,10.86,10.58,10.62,10.77,-0.1500000000000003,-1.39,8533764.0,42662920.6,2.142,0.009571,0.034303,0.77,59.2004,49.0432,3.4569,4.9144,4.354,0.0,,1011660000.0,891660000.0,248775738.0,5017833600.0,4422633600.0,区域地产,房地产,房地产开发,住宅开发,5.53,4.53,
2011-06-16,10.47,10.54,10.24,10.3,10.62,-0.3199999999999985,-3.01,8481656.0,41153092.8,2.142,0.009512,0.034094,0.88,57.41,47.56,3.3524,4.7657,4.2224,0.0,,1011660000.0,891660000.0,248775738.0,4866084600.0,4288884600.0,区域地产,房地产,房地产开发,住宅开发,5.46,4.46,
2011-06-17,10.26,10.43,10.22,10.24,10.3,-0.0600000000000005,-0.58,4835181.0,23293678.0,2.142,0.005423,0.019436,0.55,57.052,47.2634,3.3315,4.736,4.196,0.0,,1011660000.0,891660000.0,248775738.0,4835734800.0,4262134800.0,区域地产,房地产,房地产开发,住宅开发,5.29,4.33,
2011-06-20,10.24,10.41,10.11,10.22,10.24,-0.0199999999999995,-0.2,5405035.0,25848595.4,2.142,0.006062,0.021727,0.68,56.9326,47.1645,3.3245,4.7261,4.1873,0.0,,1011660000.0,891660000.0,248775738.0,4825618200.0,4253218200.0,区域地产,房地产,房地产开发,住宅开发,5.26,4.3,
2011-06-21,10.26,10.71,10.17,10.56,10.22,0.3399999999999998,3.33,9488990.0,46397260.6,2.142,0.010642,0.0381429999999999,1.2,58.8423,48.7466,3.436,4.8846,4.3277,0.0,,1011660000.0,891660000.0,248775738.0,4987483800.0,4395883800.0,区域地产,房地产,房地产开发,住宅开发,5.25,4.29,
2011-06-22,10.56,10.56,10.35,10.41,10.56,-0.1500000000000003,-1.42,5485752.0,26711528.1,2.142,0.0061519999999999,0.0220509999999999,0.75,58.0068,48.0544,3.3872,4.8153,4.2663,0.0,,1011660000.0,891660000.0,248775738.0,4916667600.0,4333467600.0,区域地产,房地产,房地产开发,住宅开发,5.42,4.44,
2011-06-23,10.37,10.77,10.28,10.69,10.41,0.2799999999999993,2.69,12321700.0,60989765.5,2.142,0.013819,0.049529,1.83,59.5584,49.3398,3.4778,4.9441,4.3804,0.0,,1011660000.0,891660000.0,248775738.0,5048183400.0,4449383400.0,区域地产,房地产,房地产开发,住宅开发,5.35,4.37,
2011-06-24,10.88,11.03,10.67,10.84,10.69,0.1500000000000003,1.4,16882837.0,85608154.89999999,2.142,0.018934,0.067864,2.25,60.3939,50.032,3.5266,5.0134,4.4418,0.0,,1011660000.0,891660000.0,248775738.0,5118999600.0,4511799600.0,区域地产,房地产,房地产开发,住宅开发,5.49,4.49,
2011-06-27,10.77,10.95,10.67,10.86,10.84,0.0199999999999995,0.18,11034475.0,55768219.9,2.142,0.012375,0.044355,1.11,60.5133,50.1308,3.5336,5.0233,4.4506,0.0,,1011660000.0,891660000.0,248775738.0,5129116200.0,4520716200.0,区域地产,房地产,房地产开发,住宅开发,5.57,4.55,
2011-06-28,10.88,10.9,10.65,10.82,10.86,-0.0399999999999991,-0.37,9158955.0,46119779.7,2.142,0.0102719999999999,0.036816,0.83,60.2746,49.9331,3.5196,5.0035,4.4331,0.0,,1011660000.0,891660000.0,248775738.0,5108883000.0,4502883000.0,区域地产,房地产,房地产开发,住宅开发,5.58,4.56,
2011-06-30,10.62,11.1,10.58,10.97,10.82,0.1500000000000003,1.39,14271876.0,72193789.3,2.142,0.016006,0.0573679999999999,1.3,61.1101,50.6252,3.5684,5.0729,4.4945,0.0,,1011660000.0,891660000.0,248775738.0,5179699200.0,4565299200.0,区域地产,房地产,房地产开发,住宅开发,5.56,4.55,
2011-07-01,10.88,11.1,10.77,10.9,10.97,-0.0700000000000002,-0.64,12178975.0,62196880.5,2.142,0.013659,0.048956,0.96,60.752,50.3286,3.5475,5.0432,4.4682,0.0,,1011660000.0,891660000.0,248775738.0,5149349400.0,4538549400.0,区域地产,房地产,房地产开发,住宅开发,5.63,4.61,
2011-07-04,10.92,11.2,10.9,11.07,10.9,0.1699999999999999,1.56,11231873.0,57957598.3,2.142,0.012597,0.045149,0.88,61.7068,51.1196,3.6033,5.1224,4.5384,0.0,,1011660000.0,891660000.0,248775738.0,5230282200.0,4609882200.0,区域地产,房地产,房地产开发,住宅开发,5.6,4.58,
2011-07-05,11.1,12.19,11.01,12.19,11.07,1.1199999999999992,10.12,16063222.0,89717660.5,2.142,0.018015,0.064569,1.39,67.9133,56.2612,3.9657,5.6376,4.9949,0.0,,1011660000.0,891660000.0,248775738.0,5756345400.0,5073545400.0,区域地产,房地产,房地产开发,住宅开发,5.69,4.65,
2011-07-06,12.42,12.59,11.8,11.87,12.19,-0.3200000000000003,-2.63,37148643.0,210894976.0,2.142,0.041662,0.149326,2.95,66.123,54.7781,3.8611,5.489,4.8632,0.0,,1011660000.0,891660000.0,248775738.0,5604596400.0,4939796400.0,区域地产,房地产,房地产开发,住宅开发,6.26,5.12,
2011-07-07,11.74,12.02,11.63,11.74,11.87,-0.129999999999999,-1.1,16287114.000000002,89448885.4,2.142,0.018266,0.065469,0.9,65.4069,54.1848,3.8193,5.4296,4.8105,0.0,,1011660000.0,891660000.0,248775738.0,5543896800.000001,4886296800.0,区域地产,房地产,房地产开发,住宅开发,6.09,4.99,
2011-07-08,11.74,11.89,11.52,11.7,11.74,-0.0400000000000009,-0.34,10334208.0,56326853.0,2.142,0.01159,0.04154,0.56,65.1682,53.9871,3.8054,5.4098,4.793,0.0,,1011660000.0,891660000.0,248775738.0,5523663600.0,4868463600.0,区域地产,房地产,房地产开发,住宅开发,6.03,4.93,
2011-07-11,11.65,11.82,11.55,11.74,11.7,0.0400000000000009,0.34,7980063.0,43688846.2,2.142,0.00895,0.032077,0.44,65.4069,54.1848,3.8193,5.4296,4.8105,0.0,,1011660000.0,891660000.0,248775738.0,5543896800.000001,4886296800.0,区域地产,房地产,房地产开发,住宅开发,6.01,4.91,
2011-07-12,11.59,11.63,11.27,11.31,11.74,-0.4299999999999997,-3.66,9937026.0,53099285.7,2.142,0.011144,0.039944,0.57,63.0198,52.2073,3.6799,5.2314,4.635,0.0,,1011660000.0,891660000.0,248775738.0,5341564800.0,4707964800.0,区域地产,房地产,房地产开发,住宅开发,6.03,4.93,
2011-07-13,11.35,11.59,11.33,11.55,11.31,0.2400000000000002,2.12,6991960.000000001,37532361.3,2.142,0.007842,0.028105,0.43,64.3327,53.2949,3.7566,5.3404,4.7315,0.0,,1011660000.0,891660000.0,248775738.0,5452847400.0,4806047400.0,区域地产,房地产,房地产开发,住宅开发,5.81,4.75,
2011-07-14,11.55,11.76,11.5,11.76,11.55,0.209999999999999,1.82,8655182.0,46909495.1,2.142,0.009707,0.0347909999999999,0.84,65.5262,54.2837,3.8263,5.4395,4.8193,0.0,,1011660000.0,891660000.0,248775738.0,5554013400.0,4895213400.0,区域地产,房地产,房地产开发,住宅开发,5.93,4.85,
2011-07-15,11.57,11.67,11.42,11.48,11.76,-0.2799999999999993,-2.38,9306876.0,50027081.1,2.142,0.010438,0.037411,1.06,63.9746,52.9983,3.7357,5.3107,4.7052,0.0,,1011660000.0,891660000.0,248775738.0,5422497600.0,4779297600.0,区域地产,房地产,房地产开发,住宅开发,6.04,4.94,
2011-07-18,11.44,11.67,11.35,11.63,11.48,0.1500000000000003,1.31,7760925.999999999,41911173.2,2.142,0.008704,0.031196,0.91,64.8101,53.6904,3.7845,5.38,4.7666,0.0,,1011660000.0,891660000.0,248775738.0,5493313800.0,4841713800.0,区域地产,房地产,房地产开发,住宅开发,5.9,4.82,
2011-07-19,11.61,11.63,11.35,11.46,11.63,-0.1699999999999999,-1.46,6443582.0,34531252.0,2.142,0.007227,0.025901,0.76,63.8552,52.8994,3.7287,5.3008,4.6964,0.0,,1011660000.0,891660000.0,248775738.0,5412381000.0,4770381000.0,区域地产,房地产,房地产开发,住宅开发,5.97,4.89,
2011-07-20,11.55,11.59,11.31,11.4,11.46,-0.0600000000000005,-0.52,4703987.0,25083632.4,2.142,0.0052759999999999,0.018909,0.6,63.4972,52.6028,3.7078,5.271,4.6701,0.0,,1011660000.0,891660000.0,248775738.0,5382031200.0,4743631200.0,区域地产,房地产,房地产开发,住宅开发,5.89,4.82,
2011-07-21,11.42,11.48,11.27,11.29,11.4,-0.1100000000000012,-0.96,4676892.0,24805685.9,2.142,0.005245,0.0187999999999999,0.63,62.9004,52.1084,3.673,5.2215,4.6262,0.0,,1011660000.0,891660000.0,248775738.0,5331448199.999999,4699048200.0,区域地产,房地产,房地产开发,住宅开发,5.85,4.79,
2011-07-22,11.29,11.44,11.27,11.31,11.29,0.0200000000000013,0.18,4678426.0,24795319.0,2.142,0.005247,0.018806,0.71,63.0198,52.2073,3.6799,5.2314,4.635,0.0,,1011660000.0,891660000.0,248775738.0,5341564800.0,4707964800.0,区域地产,房地产,房地产开发,住宅开发,5.8,4.74,
2011-07-25,11.31,11.31,10.52,10.6,11.31,-0.7100000000000009,-6.28,8540561.0,43234566.5,2.142,0.009578,0.03433,1.51,59.081,48.9443,3.4499,4.9045,4.3453,0.0,,1011660000.0,891660000.0,248775738.0,5007717000.0,4413717000.0,区域地产,房地产,房地产开发,住宅开发,5.81,4.75,
2011-07-26,10.52,10.73,10.52,10.71,10.6,0.1100000000000012,1.04,3898725.0,19383060.9,2.142,0.004372,0.015672,0.67,59.6778,49.4387,3.4848,4.954,4.3892,0.0,,1011660000.0,891660000.0,248775738.0,5058300000.0,4458300000.0,区域地产,房地产,房地产开发,住宅开发,5.45,4.46,
2011-07-27,10.71,10.84,10.58,10.77,10.71,0.0599999999999987,0.56,3746343.0,18779882.3,2.142,0.004202,0.015059,0.71,60.0359,49.7353,3.5057,4.9837,4.4155,0.0,,1011660000.0,891660000.0,248775738.0,5088649800.0,4485049800.0,区域地产,房地产,房地产开发,住宅开发,5.5,4.5,
2011-07-28,10.69,10.9,10.62,10.8,10.77,0.0300000000000011,0.28,3456347.0,17353075.099999998,2.142,0.003876,0.0138929999999999,0.68,60.1552,49.8342,3.5127,4.9936,4.4243,0.0,,1011660000.0,891660000.0,248775738.0,5098766400.0,4493966400.0,区域地产,房地产,房地产开发,住宅开发,5.53,4.53,
2011-07-29,10.77,10.88,10.62,10.73,10.8,-0.0700000000000002,-0.65,4024750.0,20192996.7,2.142,0.004514,0.0161779999999999,0.83,59.7972,49.5376,3.4918,4.9639,4.3979,0.0,,1011660000.0,891660000.0,248775738.0,5068416600.0,4467216600.0,区域地产,房地产,房地产开发,住宅开发,5.54,4.54,
2011-08-01,10.69,10.84,10.62,10.82,10.73,0.0899999999999998,0.84,3070011.0,15427368.7,2.142,0.003443,0.01234,0.65,60.2746,49.9331,3.5196,5.0035,4.4331,0.0,,1011660000.0,891660000.0,248775738.0,5108883000.0,4502883000.0,区域地产,房地产,房地产开发,住宅开发,5.51,4.51,
2011-08-02,10.75,10.8,10.54,10.67,10.82,-0.1500000000000003,-1.39,3350826.9999999995,16614876.499999998,2.142,0.003758,0.013469,0.92,59.4391,49.2409,3.4708,4.9342,4.3716,0.0,,1011660000.0,891660000.0,248775738.0,5038066800.0,4440466800.0,区域地产,房地产,房地产开发,住宅开发,5.56,4.55,
2011-08-03,10.65,10.8,10.5,10.69,10.67,0.0199999999999995,0.19,3585544.0,17870028.900000002,2.142,0.004021,0.014413,1.02,59.5584,49.3398,3.4778,4.9441,4.3804,0.0,,1011660000.0,891660000.0,248775738.0,5048183400.0,4449383400.0,区域地产,房地产,房地产开发,住宅开发,5.48,4.48,
2011-08-04,10.69,11.2,10.69,11.01,10.69,0.3200000000000003,2.99,8459885.0,43418156.4,2.142,0.009488,0.034006,2.42,61.3488,50.823,3.5824,5.0927,4.5121,0.0,,1011660000.0,891660000.0,248775738.0,5199932400.0,4583132400.0,区域地产,房地产,房地产开发,住宅开发,5.49,4.49,
2011-08-05,10.69,10.8,10.54,10.69,11.01,-0.3200000000000003,-2.91,5465450.0,27318273.8,2.142,0.00613,0.021969,1.22,59.5584,49.3398,3.4778,4.9441,4.3804,0.0,,1011660000.0,891660000.0,248775738.0,5048183400.0,4449383400.0,区域地产,房地产,房地产开发,住宅开发,5.65,4.63,
2011-08-08,10.54,10.58,9.64,9.94,10.69,-0.75,-7.02,7039407.000000001,33317384.9,2.142,0.007895,0.028296,1.47,55.381,45.8791,3.2339,4.5973,4.0731,0.0,,1011660000.0,891660000.0,248775738.0,4694102400.0,4137302400.0,区域地产,房地产,房地产开发,住宅开发,5.49,4.49,
2011-08-09,9.64,10.02,9.42,9.92,9.94,-0.0199999999999995,-0.2,6172219.0,28284759.8,2.142,0.006922,0.02481,1.11,55.2616,45.7802,3.2269,4.5874,4.0644,0.0,,1011660000.0,891660000.0,248775738.0,4683985800.0,4128385800.0,区域地产,房地产,房地产开发,住宅开发,5.1,4.18,
2011-08-10,10.09,10.28,9.96,10.07,9.92,0.1500000000000003,1.51,6547846.0,30919936.9,2.142,0.007343,0.02632,1.07,56.0971,46.4724,3.2757,4.6568,4.1258,0.0,,1011660000.0,891660000.0,248775738.0,4754802000.0,4190802000.0,区域地产,房地产,房地产开发,住宅开发,5.09,4.17,
2011-08-11,9.87,11.07,9.68,10.8,10.07,0.7300000000000004,7.25,12065851.0,59558581.400000006,2.142,0.0135319999999999,0.048501,1.79,60.1552,49.8342,3.5127,4.9936,4.4243,0.0,,1011660000.0,891660000.0,248775738.0,5098766400.0,4493966400.0,区域地产,房地产,房地产开发,住宅开发,5.17,4.23,
2011-08-12,10.71,10.82,10.56,10.67,10.8,-0.1300000000000007,-1.2,7743271.000000001,38632210.3,2.142,0.0086839999999999,0.031126,1.04,59.4391,49.2409,3.4708,4.9342,4.3716,0.0,,1011660000.0,891660000.0,248775738.0,5038066800.0,4440466800.0,区域地产,房地产,房地产开发,住宅开发,5.54,4.54,
2011-08-15,10.69,10.8,10.54,10.75,10.67,0.08,0.75,4476200.0,22374498.8,2.142,0.00502,0.017993,0.57,59.9165,49.6365,3.4987,4.9738,4.4067,0.0,,1011660000.0,891660000.0,248775738.0,5078533200.0,4476133200.0,区域地产,房地产,房地产开发,住宅开发,5.48,4.48,
2011-08-16,10.77,10.86,10.67,10.69,10.75,-0.0600000000000005,-0.56,3897206.0,19557587.200000003,2.142,0.004371,0.015666,0.53,59.5584,49.3398,3.4778,4.9441,4.3804,0.0,,1011660000.0,891660000.0,248775738.0,5048183400.0,4449383400.0,区域地产,房地产,房地产开发,住宅开发,5.52,4.52,
2011-08-17,10.69,11.1,10.62,10.8,10.69,0.1100000000000012,1.03,8447201.0,43122190.4,2.142,0.009474,0.033955,1.22,60.1552,49.8342,3.5127,4.9936,4.4243,0.0,,1011660000.0,891660000.0,248775738.0,5098766400.0,4493966400.0,区域地产,房地产,房地产开发,住宅开发,5.49,4.49,
2011-08-18,10.71,10.84,10.43,10.45,10.8,-0.3500000000000014,-3.24,5969731.0,29476223.1,2.142,0.0066949999999999,0.023996,0.81,58.2455,48.2522,3.4012,4.8351,4.2838,0.0,,1011660000.0,891660000.0,248775738.0,4936900800.0,4351300800.0,区域地产,房地产,房地产开发,住宅开发,5.54,4.54,
2011-08-19,10.17,10.37,9.66,10.28,10.45,-0.1699999999999999,-1.63,3308921.0,15793397.2,2.142,0.003711,0.013301,0.54,57.2907,47.4612,3.3454,4.7558,4.2136,0.0,,1011660000.0,891660000.0,248775738.0,4855968000.0,4279968000.0,区域地产,房地产,房地产开发,住宅开发,5.37,4.39,
2011-08-22,10.24,10.43,10.22,10.24,10.28,-0.0399999999999991,-0.39,2776747.0,13375589.4,2.142,0.003114,0.011162,0.53,57.052,47.2634,3.3315,4.736,4.196,0.0,,1011660000.0,891660000.0,248775738.0,4835734800.0,4262134800.0,区域地产,房地产,房地产开发,住宅开发,5.28,4.32,
2011-08-23,10.26,10.52,10.22,10.5,10.24,0.2599999999999998,2.54,2522254.0,12250996.7,2.142,0.002829,0.010139,0.52,58.4842,48.4499,3.4151,4.8549,4.3014,0.0,,1011660000.0,891660000.0,248775738.0,4957134000.0,4369134000.0,区域地产,房地产,房地产开发,住宅开发,5.26,4.3,
2011-08-24,10.56,10.62,10.35,10.37,10.5,-0.1300000000000007,-1.24,2307600.0,11280238.3,2.142,0.0025879999999999,0.009276,0.5,57.7681,47.8567,3.3733,4.7955,4.2487,0.0,,1011660000.0,891660000.0,248775738.0,4896434400.0,4315634400.0,区域地产,房地产,房地产开发,住宅开发,5.39,4.41,
2011-08-25,10.37,10.69,10.37,10.65,10.37,0.2800000000000011,2.7,4220874.0,20831439.6,2.142,0.0047339999999999,0.016967,1.25,59.3197,49.1421,3.4639,4.9243,4.3628,0.0,,1011660000.0,891660000.0,248775738.0,5027950200.0,4431550200.0,区域地产,房地产,房地产开发,住宅开发,5.32,4.36,
2011-08-26,10.65,10.77,10.56,10.67,10.65,0.0199999999999995,0.19,3330940.0,16588075.0,2.142,0.0037359999999999,0.013389,1.1,59.4391,49.2409,3.4708,4.9342,4.3716,0.0,,1011660000.0,891660000.0,248775738.0,5038066800.0,4440466800.0,区域地产,房地产,房地产开发,住宅开发,5.47,4.47,
2011-08-29,10.62,10.71,10.5,10.62,10.67,-0.0500000000000007,-0.47,2695642.0,13325295.0,2.142,0.003023,0.0108359999999999,0.89,59.2004,59.0889,3.3597,4.9144,4.7511,0.0,,1011660000.0,891660000.0,248775738.0,5017833600.0,4422633600.0,区域地产,房地产,房地产开发,住宅开发,5.48,4.48,
2011-08-30,10.71,10.8,10.47,10.5,10.62,-0.1199999999999992,-1.13,3276839.0,16295990.3,2.142,0.003675,0.013172,1.09,58.4842,58.3741,3.3191,4.8549,4.6936,0.0,,1011660000.0,891660000.0,248775738.0,4957134000.0,4369134000.0,区域地产,房地产,房地产开发,住宅开发,5.46,4.46,
2011-08-31,10.5,10.56,10.2,10.39,10.5,-0.1099999999999994,-1.05,3028132.0,14642839.4,2.142,0.003396,0.012172,0.96,57.8875,57.7785,3.2852,4.8054,4.6457,0.0,,1011660000.0,891660000.0,248775738.0,4906551000.0,4324551000.0,区域地产,房地产,房地产开发,住宅开发,5.39,4.41,
2011-09-01,10.35,10.47,10.2,10.26,10.39,-0.1300000000000007,-1.25,2097701.0,10107702.7,2.142,0.002353,0.008432,0.63,57.1713,57.0637,3.2446,4.7459,4.5882,0.0,,1011660000.0,891660000.0,248775738.0,4845851400.0,4271051400.0,区域地产,房地产,房地产开发,住宅开发,5.34,4.37,
2011-09-02,10.28,10.32,10.0,10.11,10.26,-0.1500000000000003,-1.46,2273690.0,10754991.0,2.142,0.00255,0.00914,0.79,56.3358,56.2298,3.1971,4.6766,4.5212,0.0,,1011660000.0,891660000.0,248775738.0,4775035200.0,4208635200.0,区域地产,房地产,房地产开发,住宅开发,5.27,4.31,
2011-09-05,10.07,10.09,9.85,9.85,10.11,-0.2599999999999998,-2.57,1813933.0,8426930.8,2.142,0.002034,0.007291,0.68,54.9036,54.8002,3.1159,4.5577,4.4062,0.0,,1011660000.0,891660000.0,248775738.0,4653636000.0,4101636000.0,区域地产,房地产,房地产开发,住宅开发,5.19,4.25,
2011-09-06,9.85,10.0,9.81,9.9,9.85,0.0500000000000007,0.51,1554906.0,7195070.2,2.142,0.0017439999999999,0.00625,0.62,55.1423,55.0385,3.1294,4.5775,4.4254,0.0,,1011660000.0,891660000.0,248775738.0,4673869200.0,4119469200.0,区域地产,房地产,房地产开发,住宅开发,5.06,4.14,
2011-09-07,9.98,10.15,9.94,10.09,9.9,0.1899999999999995,1.92,1529512.0,7166486.3,2.142,0.001715,0.006148,0.71,56.2165,56.1107,3.1904,4.6667,4.5116,0.0,,1011660000.0,891660000.0,248775738.0,4764918600.0,4199718600.0,区域地产,房地产,房地产开发,住宅开发,5.08,4.16,
2011-09-08,10.24,10.24,9.96,9.96,10.09,-0.129999999999999,-1.29,1514450.0,7121458.5,2.142,0.001698,0.006088,0.82,55.5004,55.3959,3.1497,4.6072,4.4541,0.0,,1011660000.0,891660000.0,248775738.0,4704219000.0,4146219000.0,区域地产,房地产,房地产开发,住宅开发,5.18,4.24,
2011-09-09,9.96,10.09,9.9,9.92,9.96,-0.0400000000000009,-0.4,964280.0,4491936.300000001,2.142,0.001081,0.003876,0.56,55.2616,55.1576,3.1362,4.5874,4.435,0.0,,1011660000.0,891660000.0,248775738.0,4683985800.0,4128385800.0,区域地产,房地产,房地产开发,住宅开发,5.12,4.19,
2011-09-13,9.77,9.87,9.72,9.83,9.92,-0.0899999999999998,-0.91,1107980.0,5063121.600000001,2.142,0.001243,0.004454,0.75,54.7842,54.6811,3.1091,4.5478,4.3967,0.0,,1011660000.0,891660000.0,248775738.0,4643519400.0,4092719400.0,区域地产,房地产,房地产开发,住宅开发,5.09,4.17,
2011-09-14,9.77,9.94,9.75,9.94,9.83,0.1099999999999994,1.12,1504398.0,6926945.1,2.142,0.001687,0.006047,1.13,55.381,55.2767,3.143,4.5973,4.4445,0.0,,1011660000.0,891660000.0,248775738.0,4694102400.0,4137302400.0,区域地产,房地产,房地产开发,住宅开发,5.05,4.13,
2011-09-15,9.94,10.07,9.92,9.94,9.94,0.0,0.0,1495335.0,6972528.100000001,2.142,0.0016769999999999,0.006011,1.13,55.381,55.2767,3.143,4.5973,4.4445,0.0,,1011660000.0,891660000.0,248775738.0,4694102400.0,4137302400.0,区域地产,房地产,房地产开发,住宅开发,5.1,4.18,
2011-09-16,10.02,10.09,9.92,9.94,9.94,0.0,0.0,1503542.0,7034601.3,2.142,0.001686,0.006044,1.14,55.381,55.2767,3.143,4.5973,4.4445,0.0,,1011660000.0,891660000.0,248775738.0,4694102400.0,4137302400.0,区域地产,房地产,房地产开发,住宅开发,5.1,4.18,
2011-09-19,9.94,9.94,9.72,9.75,9.94,-0.1899999999999995,-1.91,1193358.0,5458342.5,2.142,0.001338,0.004797,0.91,54.3068,54.2046,3.082,4.5081,4.3583,0.0,,1011660000.0,891660000.0,248775738.0,4603053000.0,4057053000.0,区域地产,房地产,房地产开发,住宅开发,5.1,4.18,
2011-09-20,9.75,9.87,9.7,9.77,9.75,0.0199999999999995,0.21,971477.0,4441258.5,2.142,0.00109,0.003905,0.71,54.4262,54.3237,3.0888,4.518,4.3679,0.0,,1011660000.0,891660000.0,248775738.0,4613169600.0,4065969600.0,区域地产,房地产,房地产开发,住宅开发,5.01,4.1,
2011-09-21,9.77,10.02,9.75,9.98,9.77,0.2100000000000008,2.15,1848204.0,8569961.799999999,2.142,0.002073,0.007429,1.39,55.6197,55.515,3.1565,4.6171,4.4637,0.0,,1011660000.0,891660000.0,248775738.0,4714335600.0,4155135600.0,区域地产,房地产,房地产开发,住宅开发,5.02,4.1,
2011-09-22,9.9,10.24,9.79,9.81,9.98,-0.1699999999999999,-1.7,3210037.0,15024949.5,2.142,0.0036,0.012903,2.29,54.6649,54.562,3.1023,4.5379,4.3871,0.0,,1011660000.0,891660000.0,248775738.0,4633402800.0,4083802800.000001,区域地产,房地产,房地产开发,住宅开发,5.13,4.19,
2011-09-23,9.68,10.17,9.55,9.96,9.81,0.1500000000000003,1.53,2977973.0,13774692.3,2.142,0.00334,0.011971,1.71,55.5004,55.3959,3.1497,4.6072,4.4541,0.0,,1011660000.0,891660000.0,248775738.0,4704219000.0,4146219000.0,区域地产,房地产,房地产开发,住宅开发,5.04,4.12,
2011-09-26,9.85,10.0,9.68,9.75,9.96,-0.2100000000000008,-2.11,1802065.0,8264507.100000001,2.142,0.002021,0.007244,0.88,54.3068,54.2046,3.082,4.5081,4.3583,0.0,,1011660000.0,891660000.0,248775738.0,4603053000.0,4057053000.0,区域地产,房地产,房地产开发,住宅开发,5.12,4.19,
2011-09-27,9.77,9.92,9.64,9.7,9.75,-0.0500000000000007,-0.51,1621453.0,7395829.0,2.142,0.001818,0.006518,0.75,54.0681,53.9663,3.0684,4.4883,4.3392,0.0,,1011660000.0,891660000.0,248775738.0,4582819800.0,4039219800.0,区域地产,房地产,房地产开发,住宅开发,5.01,4.1,
2011-09-28,9.81,9.85,9.45,9.49,9.7,-0.209999999999999,-2.16,1442830.0,6480663.5,2.142,0.001618,0.0058,0.63,52.8745,52.775,3.0007,4.3892,4.2434,0.0,,1011660000.0,891660000.0,248775738.0,4481653800.0,3950053800.0,区域地产,房地产,房地产开发,住宅开发,4.98,4.08,
2011-09-29,9.42,9.49,8.91,9.02,9.49,-0.4700000000000006,-4.95,3210471.0,13698935.1,2.142,0.0036009999999999,0.012905,1.45,50.2487,50.1541,2.8517,4.1713,4.0327,0.0,,1011660000.0,891660000.0,248775738.0,4259088600.0,3753888600.0,区域地产,房地产,房地产开发,住宅开发,4.87,3.99,
2011-09-30,9.08,9.08,8.93,9.06,9.02,0.0400000000000009,0.44,1519835.0,6398276.7,2.142,0.001705,0.006109,0.69,50.4874,50.3924,2.8652,4.1911,4.0518,0.0,,1011660000.0,891660000.0,248775738.0,4279321800.0,3771721800.0,区域地产,房地产,房地产开发,住宅开发,4.63,3.79,
2011-10-10,9.15,9.19,8.93,8.95,9.06,-0.1100000000000012,-1.21,1112146.0,4681890.6,2.142,0.001247,0.00447,0.58,49.8906,49.7967,2.8314,4.1415,4.0039,0.0,,1011660000.0,891660000.0,248775738.0,4228738800.0,3727138800.0,区域地产,房地产,房地产开发,住宅开发,4.65,3.81,
2011-10-11,9.12,9.19,8.91,8.97,8.95,0.0200000000000013,0.22,1262129.0,5326395.5,2.142,0.0014149999999999,0.0050729999999999,0.71,50.01,49.9159,2.8381,4.1514,4.0135,0.0,,1011660000.0,891660000.0,248775738.0,4238855400.0,3736055400.0,区域地产,房地产,房地产开发,住宅开发,4.6,3.76,
2011-10-12,8.97,9.25,8.85,9.23,8.97,0.2599999999999998,2.9,3863086.0,16489074.9,2.142,0.004332,0.015528,2.26,51.4423,51.3454,2.9194,4.2703,4.1284,0.0,,1011660000.0,891660000.0,248775738.0,4360254600.0,3843054600.0,区域地产,房地产,房地产开发,住宅开发,4.61,3.77,
2011-10-13,9.21,9.36,9.15,9.27,9.23,0.0399999999999991,0.43,2622759.0,11356935.4,2.142,0.0029409999999999,0.010543,1.2,51.681,51.5837,2.933,4.2902,4.1476,0.0,,1011660000.0,891660000.0,248775738.0,4380487800.0,3860887800.000001,区域地产,房地产,房地产开发,住宅开发,4.74,3.88,
2011-10-14,9.27,9.4,9.23,9.38,9.27,0.1100000000000012,1.19,2690143.0,11703504.4,2.142,0.003017,0.0108139999999999,1.3,52.2778,52.1793,2.9668,4.3397,4.1955,0.0,,1011660000.0,891660000.0,248775738.0,4431070800.0,3905470800.0,区域地产,房地产,房地产开发,住宅开发,4.76,3.9,
2011-10-17,9.34,9.42,9.3,9.32,9.38,-0.0600000000000005,-0.64,1556541.0,6789818.4,2.142,0.001746,0.006257,0.67,51.9197,51.8219,2.9465,4.31,4.1668,0.0,,1011660000.0,891660000.0,248775738.0,4400721000.0,3878721000.0,区域地产,房地产,房地产开发,住宅开发,4.82,3.94,
2011-10-18,9.27,9.32,8.91,8.91,9.32,-0.4100000000000001,-4.4,2292800.0,9736106.5,2.142,0.002571,0.009216,0.96,49.6519,49.5585,2.8178,4.1217,3.9848,0.0,,1011660000.0,891660000.0,248775738.0,4208505600.0,3709305600.0,区域地产,房地产,房地产开发,住宅开发,4.79,3.92,
2011-10-19,8.93,9.04,8.85,8.89,8.91,-0.0199999999999995,-0.22,1415299.0,5893804.9,2.142,0.001587,0.005689,0.54,49.5326,49.4393,2.811,4.1118,3.9752,0.0,,1011660000.0,891660000.0,248775738.0,4198389000.0,3700389000.0,区域地产,房地产,房地产开发,住宅开发,4.58,3.74,
2011-10-20,8.87,8.89,8.29,8.33,8.89,-0.5600000000000005,-6.3,3630004.0,14401897.9,2.142,0.004071,0.014591,1.72,46.4293,46.3419,2.6349,3.8542,3.7261,0.0,,1011660000.0,891660000.0,248775738.0,3935357400.0,3468557400.0,区域地产,房地产,房地产开发,住宅开发,4.57,3.74,
2011-10-21,8.33,8.57,8.27,8.35,8.33,0.0199999999999995,0.24,1943641.0,7638050.3,2.142,0.00218,0.007813,0.84,46.5487,46.4611,2.6417,3.8641,3.7357,0.0,,1011660000.0,891660000.0,248775738.0,3945474000.0,3477474000.0,区域地产,房地产,房地产开发,住宅开发,4.28,3.5,
2011-10-24,8.35,8.44,7.8,8.38,8.35,0.0300000000000011,0.36,4411232.0,16747496.1,2.142,0.004947,0.017732,2.04,46.668,41.9375,2.6076,3.874,3.5651,0.0,,1011660000.0,891660000.0,248775738.0,3955590600.0,3486390600.0,区域地产,房地产,房地产开发,住宅开发,4.29,3.51,
2011-10-25,8.27,8.59,8.1,8.53,8.38,0.1499999999999985,1.79,4793389.0,18790371.1,2.142,0.005376,0.019268,1.75,47.5035,42.6883,2.6543,3.9434,3.6289,0.0,,1011660000.0,891660000.0,248775738.0,4026406800.0,3548806800.0,区域地产,房地产,房地产开发,住宅开发,4.3,3.52,
2011-10-26,8.44,8.7,8.4,8.55,8.53,0.0200000000000013,0.23,3491171.0,14011944.9,2.142,0.003915,0.014033,1.08,47.6229,42.7955,2.6609,3.9533,3.638,0.0,,1011660000.0,891660000.0,248775738.0,4036523400.000001,3557723400.0000005,区域地产,房地产,房地产开发,住宅开发,4.38,3.58,
2011-10-27,8.53,8.65,8.5,8.61,8.55,0.0599999999999987,0.7,3223495.0,12914865.2,2.142,0.0036149999999999,0.012957,0.88,47.981,43.1173,2.6809,3.983,3.6654,0.0,,1011660000.0,891660000.0,248775738.0,4066873200.0,3584473200.0,区域地产,房地产,房地产开发,住宅开发,4.39,3.59,
2011-10-28,8.74,9.17,8.7,8.87,8.61,0.2599999999999998,3.02,6143893.0,25602219.4,2.142,0.0068899999999999,0.024697,1.72,49.4132,44.4044,2.761,4.1019,3.7748,0.0,,1011660000.0,891660000.0,248775738.0,4188272400.0,3691472400.0,区域地产,房地产,房地产开发,住宅开发,4.42,3.62,
2011-10-31,8.78,8.78,8.59,8.74,8.87,-0.129999999999999,-1.47,3366072.0,13673186.9,2.142,0.003775,0.013531,0.76,48.6971,43.7608,2.721,4.0425,3.7201,0.0,,1011660000.0,891660000.0,248775738.0,4127572800.000001,3637972800.000001,区域地产,房地产,房地产开发,住宅开发,4.55,3.73,
2011-11-01,8.65,8.8,8.63,8.68,8.74,-0.0600000000000005,-0.69,2029291.0,8246800.199999999,2.142,0.002276,0.008157,0.48,48.339,43.4391,2.701,4.0127,3.6927,0.0,,1011660000.0,891660000.0,248775738.0,4097223000.0,3611223000.0,区域地产,房地产,房地产开发,住宅开发,4.49,3.67,
2011-11-02,8.55,8.76,8.44,8.74,8.68,0.0600000000000005,0.69,2543036.0,10215249.8,2.142,0.002852,0.010222,0.7,48.6971,43.7608,2.721,4.0425,3.7201,0.0,,1011660000.0,891660000.0,248775738.0,4127572800.000001,3637972800.000001,区域地产,房地产,房地产开发,住宅开发,4.46,3.65,
2011-11-03,8.74,9.49,8.74,9.27,8.74,0.5299999999999994,6.06,12617656.0,53726462.3,2.142,0.014151,0.050719,3.65,51.681,46.4422,2.8877,4.2902,3.948,0.0,,1011660000.0,891660000.0,248775738.0,4380487800.0,3860887800.000001,区域地产,房地产,房地产开发,住宅开发,4.49,3.67,
2011-11-04,9.19,9.27,9.02,9.1,9.27,-0.1699999999999999,-1.83,7250503.0,31028514.200000003,2.142,0.008131,0.0291449999999999,1.36,50.7261,45.5842,2.8343,4.2109,3.8751,0.0,,1011660000.0,891660000.0,248775738.0,4299555000.0,3789555000.0,区域地产,房地产,房地产开发,住宅开发,4.76,3.9,
2011-11-07,9.1,9.23,9.02,9.08,9.1,-0.0199999999999995,-0.22,2724314.0,11613384.3,2.142,0.003055,0.0109509999999999,0.49,50.6068,45.4769,2.8277,4.201,3.866,0.0,,1011660000.0,891660000.0,248775738.0,4289438400.000001,3780638400.000001,区域地产,房地产,房地产开发,住宅开发,4.68,3.83,
2011-11-08,9.08,9.15,8.8,8.87,9.08,-0.2100000000000008,-2.31,2447310.0,10230417.3,2.142,0.002745,0.009837,0.45,49.4132,44.4044,2.761,4.1019,3.7748,0.0,,1011660000.0,891660000.0,248775738.0,4188272400.0,3691472400.0,区域地产,房地产,房地产开发,住宅开发,4.66,3.82,
2011-11-09,8.93,9.0,8.83,8.93,8.87,0.0600000000000005,0.68,1707341.0,7103374.7,2.142,0.001915,0.006863,0.31,49.7713,44.7261,2.781,4.1316,3.8021,0.0,,1011660000.0,891660000.0,248775738.0,4218622200.0,3718222200.0,区域地产,房地产,房地产开发,住宅开发,4.55,3.73,
2011-11-10,8.87,8.95,8.76,8.85,8.93,-0.08,-0.9,2129307.0,8791837.7,2.142,0.002388,0.008559,0.4,49.2939,44.2971,2.7543,4.092,3.7657,0.0,,1011660000.0,891660000.0,248775738.0,4178155800.0,3682555800.0,区域地产,房地产,房地产开发,住宅开发,4.59,3.75,
2011-11-11,8.87,9.17,8.83,8.91,8.85,0.0600000000000005,0.68,3148539.0,13179222.8,2.142,0.003531,0.012656,0.97,49.6519,44.6189,2.7743,4.1217,3.793,0.0,,1011660000.0,891660000.0,248775738.0,4208505600.0,3709305600.0,区域地产,房地产,房地产开发,住宅开发,4.54,3.72,
2011-11-14,8.95,9.53,8.91,9.42,8.91,0.5099999999999998,5.72,7912506.0,34036613.599999994,2.142,0.008874,0.031806,3.25,52.5165,47.193,2.9344,4.3595,4.0119,0.0,,1011660000.0,891660000.0,248775738.0,4451304000.0,3923304000.0,区域地产,房地产,房地产开发,住宅开发,4.58,3.74,
2011-11-15,9.3,9.87,9.17,9.66,9.42,0.2400000000000002,2.55,18411169.0,81452863.7,2.142,0.020648,0.0740069999999999,5.31,53.8294,48.3729,3.0077,4.4685,4.1121,0.0,,1011660000.0,891660000.0,248775738.0,4562586600.0,4021386600.0,区域地产,房地产,房地产开发,住宅开发,4.84,3.96,
2011-11-16,9.42,9.55,9.12,9.3,9.66,-0.3599999999999994,-3.73,7523658.0,32879913.9,2.142,0.008438,0.030243,1.13,51.8003,46.5495,2.8944,4.3001,3.9571,0.0,,1011660000.0,891660000.0,248775738.0,4390604400.0,3869804400.0,区域地产,房地产,房地产开发,住宅开发,4.96,4.06,
2011-11-17,9.27,9.34,9.06,9.32,9.3,0.0199999999999995,0.22,2581175.0,11109349.9,2.142,0.002895,0.010376,0.33,51.9197,46.6568,2.901,4.31,3.9663,0.0,,1011660000.0,891660000.0,248775738.0,4400721000.0,3878721000.0,区域地产,房地产,房地产开发,住宅开发,4.77,3.91,
2011-11-18,9.21,9.32,8.95,8.97,9.32,-0.3499999999999996,-3.76,5280366.0,22731281.8,2.142,0.0059219999999999,0.021225,0.67,50.01,44.9406,2.7943,4.1514,3.8204,0.0,,1011660000.0,891660000.0,248775738.0,4238855400.0,3736055400.0,区域地产,房地产,房地产开发,住宅开发,4.79,3.92,
2011-11-21,8.97,9.42,8.87,9.34,8.97,0.3699999999999992,4.12,7884291.0,33372439.6,2.142,0.008842,0.031692,0.95,52.039,46.764,2.9077,4.3199,3.9754,0.0,,1011660000.0,891660000.0,248775738.0,4410837600.0,3887637600.0,区域地产,房地产,房地产开发,住宅开发,4.61,3.77,
2011-11-22,9.1,9.19,8.85,8.91,9.34,-0.4299999999999997,-4.6,9094674.0,38398602.3,2.142,0.0102,0.036558,1.09,49.6519,44.6189,2.7743,4.1217,3.793,0.0,,1011660000.0,891660000.0,248775738.0,4208505600.0,3709305600.0,区域地产,房地产,房地产开发,住宅开发,4.8,3.92,
2011-11-23,8.89,8.91,8.55,8.72,8.91,-0.1899999999999995,-2.13,4766605.0,19399215.6,2.142,0.005346,0.01916,0.74,48.5777,43.6536,2.7143,4.0325,3.711,0.0,,1011660000.0,891660000.0,248775738.0,4117456200.0,3629056200.0,区域地产,房地产,房地产开发,住宅开发,4.58,3.74,
2011-11-24,8.55,8.85,8.48,8.72,8.72,0.0,0.0,2231810.0,9043738.8,2.142,0.002503,0.008971,0.38,48.5777,43.6536,2.7143,4.0325,3.711,0.0,,1011660000.0,891660000.0,248775738.0,4117456200.0,3629056200.0,区域地产,房地产,房地产开发,住宅开发,4.48,3.66,
2011-11-25,8.68,8.76,8.53,8.57,8.72,-0.1500000000000003,-1.72,1721086.0,6922406.5,2.142,0.00193,0.006918,0.29,47.7422,42.9028,2.6676,3.9632,3.6471,0.0,,1011660000.0,891660000.0,248775738.0,4046640000.0,3566640000.0,区域地产,房地产,房地产开发,住宅开发,4.48,3.66,
2011-11-28,8.59,8.63,8.44,8.5,8.57,-0.0700000000000002,-0.82,1197640.0,4764528.0,2.142,0.001343,0.004814,0.23,47.3842,42.581,2.6476,3.9335,3.6198,0.0,,1011660000.0,891660000.0,248775738.0,4016290200.0,3539890200.0,区域地产,房地产,房地产开发,住宅开发,4.4,3.6,
2011-11-29,8.55,8.68,8.53,8.63,8.5,0.1300000000000007,1.53,1405940.0,5644329.899999999,2.142,0.001577,0.005651,0.37,48.1003,43.2245,2.6876,3.9929,3.6745,0.0,,1011660000.0,891660000.0,248775738.0,4076989800.0,3593389800.0,区域地产,房地产,房地产开发,住宅开发,4.37,3.57,
2011-11-30,8.65,8.68,8.05,8.16,8.63,-0.4700000000000006,-5.45,2711679.0,10528256.9,2.142,0.003041,0.0109,1.2,45.4745,40.8649,2.5409,3.7749,3.4739,0.0,,1011660000.0,891660000.0,248775738.0,3854424600.0,3397224600.0,区域地产,房地产,房地产开发,住宅开发,4.43,3.63,
2011-12-01,8.46,8.65,8.35,8.4,8.16,0.2400000000000002,2.94,3225240.0,12778582.6,2.142,0.003617,0.012964,1.74,46.7874,42.0447,2.6143,3.8839,3.5742,0.0,,1011660000.0,891660000.0,248775738.0,3965707200.0,3495307199.9999995,区域地产,房地产,房地产开发,住宅开发,4.19,3.43,
2011-12-02,8.4,8.4,8.14,8.23,8.4,-0.1699999999999999,-2.02,1624060.0,6251677.6,2.142,0.001821,0.006528,0.79,45.8326,41.1867,2.5609,3.8047,3.5013,0.0,,1011660000.0,891660000.0,248775738.0,3884774400.0,3423974400.0,区域地产,房地产,房地产开发,住宅开发,4.31,3.53,
2011-12-05,8.23,8.27,7.93,8.01,8.23,-0.2200000000000006,-2.67,1324098.0,4978998.899999999,2.142,0.001485,0.005322,0.65,44.639,40.1141,2.4942,3.7056,3.4101,0.0,,1011660000.0,891660000.0,248775738.0,3783608400.000001,3334808400.0000005,区域地产,房地产,房地产开发,住宅开发,4.22,3.46,
2011-12-06,8.01,8.14,7.97,8.1,8.01,0.0899999999999998,1.12,1054673.0,3973267.5,2.142,0.001183,0.004239,0.51,45.1164,40.5431,2.5209,3.7452,3.4465,0.0,,1011660000.0,891660000.0,248775738.0,3824074800.0,3370474800.0,区域地产,房地产,房地产开发,住宅开发,4.11,3.37,
2011-12-07,8.1,8.14,7.99,8.1,8.1,0.0,0.0,1056394.0,3989423.9,2.142,0.0011849999999999,0.004246,0.53,45.1164,40.5431,2.5209,3.7452,3.4465,0.0,,1011660000.0,891660000.0,248775738.0,3824074800.0,3370474800.0,区域地产,房地产,房地产开发,住宅开发,4.16,3.4,
2011-12-08,8.1,8.2,7.97,8.12,8.1,0.0199999999999995,0.25,1282414.0,4851385.9,2.142,0.001438,0.005155,0.77,45.2358,40.6504,2.5276,3.7551,3.4557,0.0,,1011660000.0,891660000.0,248775738.0,3834191400.0,3379391400.0,区域地产,房地产,房地产开发,住宅开发,4.16,3.4,
2011-12-09,8.03,8.23,8.03,8.14,8.12,0.0200000000000013,0.25,1549605.0,5887416.100000001,2.142,0.001738,0.006229,1.22,45.3551,40.7576,2.5342,3.765,3.4648,0.0,,1011660000.0,891660000.0,248775738.0,3844308000.0,3388308000.0,区域地产,房地产,房地产开发,住宅开发,4.17,3.41,
2011-12-12,8.1,8.14,7.9,7.93,8.14,-0.2100000000000008,-2.58,1534589.0,5720127.9,2.142,0.001721,0.006169,1.22,44.1616,39.6851,2.4675,3.666,3.3736,0.0,,1011660000.0,891660000.0,248775738.0,3743142000.0,3299142000.0,区域地产,房地产,房地产开发,住宅开发,4.18,3.42,
2011-12-13,7.88,7.88,7.5,7.56,7.93,-0.3700000000000001,-4.67,1732465.0000000002,6165556.800000001,2.142,0.001943,0.006964,1.34,42.1325,37.8617,2.3542,3.4975,3.2186,0.0,,1011660000.0,891660000.0,248775738.0,3571159800.0,3147559800.0,区域地产,房地产,房地产开发,住宅开发,4.07,3.33,
2011-12-14,7.56,7.65,7.39,7.39,7.56,-0.1699999999999999,-2.25,853551.0,3003443.8,2.142,0.000957,0.003431,0.6,41.1777,37.0036,2.3008,3.4183,3.1457,0.0,,1011660000.0,891660000.0,248775738.0,3490227000.0,3076227000.0,区域地产,房地产,房地产开发,住宅开发,3.88,3.18,
2011-12-15,7.3,7.56,7.24,7.35,7.39,-0.04,-0.54,2307278.0,7978439.7,2.142,0.0025879999999999,0.009275,1.66,40.939,36.7891,2.2875,3.3984,3.1274,0.0,,1011660000.0,891660000.0,248775738.0,3469993800.0,3058393800.0,区域地产,房地产,房地产开发,住宅开发,3.8,3.11,
2011-12-16,7.35,7.54,7.28,7.54,7.35,0.1900000000000004,2.59,1413791.0,4897493.3,2.142,0.001586,0.005683,0.89,42.0132,37.7544,2.3475,3.4876,3.2095,0.0,,1011660000.0,891660000.0,248775738.0,3561043200.0,3138643200.0,区域地产,房地产,房地产开发,住宅开发,3.77,3.09,
2011-12-19,7.54,7.54,7.26,7.45,7.54,-0.0899999999999998,-1.19,1580404.0,5455611.899999999,2.142,0.001772,0.006353,1.01,41.5357,37.3254,2.3208,3.448,3.173,0.0,,1011660000.0,891660000.0,248775738.0,3520576800.0,3102976800.0,区域地产,房地产,房地产开发,住宅开发,3.87,3.17,
2011-12-20,7.39,7.58,7.37,7.45,7.45,0.0,0.0,1713737.0,6006142.5,2.142,0.001922,0.0068889999999999,1.09,41.5357,37.3254,2.3208,3.448,3.173,0.0,,1011660000.0,891660000.0,248775738.0,3520576800.0,3102976800.0,区域地产,房地产,房地产开发,住宅开发,3.83,3.13,
2011-12-21,7.48,7.56,7.28,7.28,7.45,-0.1699999999999999,-2.28,1327639.0,4603541.6,2.142,0.001489,0.005337,0.84,40.5809,36.4674,2.2675,3.3687,3.1001,0.0,,1011660000.0,891660000.0,248775738.0,3439644000.0,3031644000.0,区域地产,房地产,房地产开发,住宅开发,3.83,3.13,
2011-12-22,7.28,7.28,6.77,7.03,7.28,-0.25,-3.43,2353115.0,7669254.3,2.142,0.002639,0.009459,1.41,39.1486,35.1803,2.1874,3.2498,2.9907,0.0,,1011660000.0,891660000.0,248775738.0,3318244800.0,2924644800.0,区域地产,房地产,房地产开发,住宅开发,3.74,3.06,
2011-12-23,6.98,7.2,6.98,7.13,7.03,0.0999999999999996,1.42,1507821.0,5007555.4,2.142,0.001691,0.0060609999999999,0.9,39.7454,35.7166,2.2208,3.2994,3.0362,0.0,,1011660000.0,891660000.0,248775738.0,3368827800.0000005,2969227800.0000005,区域地产,房地产,房地产开发,住宅开发,3.61,2.95,
2011-12-26,7.09,7.18,7.03,7.05,7.13,-0.08,-1.12,1057078.0,3506211.3,2.142,0.001186,0.004249,0.62,39.268,35.2875,2.1941,3.2597,2.9998,0.0,,1011660000.0,891660000.0,248775738.0,3328361400.0,2933561400.0,区域地产,房地产,房地产开发,住宅开发,3.66,3.0,
2011-12-27,7.05,7.09,6.88,6.9,7.05,-0.1499999999999994,-2.13,949901.0,3092264.8,2.142,0.001065,0.0038179999999999,0.6,38.4325,34.5367,2.1474,3.1904,2.9359,0.0,,1011660000.0,891660000.0,248775738.0,3257545200.0,2871145200.0,区域地产,房地产,房地产开发,住宅开发,3.62,2.96,
2011-12-28,6.77,6.92,6.75,6.88,6.9,-0.0200000000000004,-0.29,1034330.0,3293158.7,2.142,0.00116,0.004158,0.72,38.3131,34.4295,2.1408,3.1805,2.9268,0.0,,1011660000.0,891660000.0,248775738.0,3247428600.0,2862228600.0,区域地产,房地产,房地产开发,住宅开发,3.54,2.9,
2011-12-29,6.83,6.94,6.83,6.83,6.88,-0.0499999999999998,-0.73,1152629.0,3699508.7,2.142,0.0012929999999999,0.004633,0.83,38.0744,34.215,2.1274,3.1606,2.9086,0.0,,1011660000.0,891660000.0,248775738.0,3227195400.0,2844395400.0,区域地产,房地产,房地产开发,住宅开发,3.53,2.89,
2011-12-30,6.83,7.05,6.83,6.98,6.83,0.1500000000000003,2.2,1207594.0,3920953.3,2.142,0.001354,0.004854,1.06,38.9099,34.9658,2.1741,3.23,2.9724,0.0,,1011660000.0,891660000.0,248775738.0,3298011599.9999995,2906811599.9999995,区域地产,房地产,房地产开发,住宅开发,3.51,2.87,
2012-01-04,6.98,7.2,6.85,6.85,6.98,-0.1300000000000007,-1.86,900250.0,2949261.0,2.142,0.00101,0.003619,0.83,38.1938,34.3222,2.1341,3.1706,2.9177,0.0,,1011660000.0,891660000.0,248775738.0,3237312000.0,2853312000.0,区域地产,房地产,房地产开发,住宅开发,3.59,2.93,
2012-01-05,6.75,6.83,6.64,6.64,6.85,-0.2099999999999999,-3.07,1171256.0,3676969.9,2.142,0.0013139999999999,0.004708,1.12,37.0002,33.2496,2.0674,3.0715,2.8265,0.0,,1011660000.0,891660000.0,248775738.0,3136146000.0,2764146000.0,区域地产,房地产,房地产开发,住宅开发,3.52,2.88,
2012-01-06,6.64,6.75,6.51,6.75,6.64,0.1100000000000003,1.66,1354970.0,4195622.0,2.142,0.0015199999999999,0.005447,1.24,37.597,33.7859,2.1007,3.121,2.8721,0.0,,1011660000.0,891660000.0,248775738.0,3186729000.0,2808729000.0,区域地产,房地产,房地产开发,住宅开发,3.41,2.79,
2012-01-09,6.75,7.03,6.64,7.03,6.75,0.2800000000000002,4.15,1694943.0,5448802.6,2.142,0.001901,0.006813,1.46,39.1486,35.1803,2.1874,3.2498,2.9907,0.0,,1011660000.0,891660000.0,248775738.0,3318244800.0,2924644800.0,区域地产,房地产,房地产开发,住宅开发,3.47,2.84,
2012-01-10,7.03,7.41,6.96,7.3,7.03,0.2699999999999996,3.84,3027355.0,10180728.7,2.142,0.003395,0.012169,2.39,40.7003,36.5746,2.2741,3.3786,3.1092,0.0,,1011660000.0,891660000.0,248775738.0,3449760600.0,3040560600.0,区域地产,房地产,房地产开发,住宅开发,3.61,2.95,
2012-01-11,7.26,7.37,7.18,7.37,7.3,0.0700000000000002,0.96,2680478.0,9097586.6,2.142,0.003006,0.010775,1.64,41.0583,36.8964,2.2941,3.4083,3.1365,0.0,,1011660000.0,891660000.0,248775738.0,3480110400.0,3067310400.0,区域地产,房地产,房地产开发,住宅开发,3.75,3.07,
2012-01-12,7.39,8.1,7.33,7.71,7.37,0.3399999999999998,4.61,12825063.0,47421101.2,2.142,0.014383,0.051553,6.46,42.968,38.6125,2.4008,3.5669,3.2824,0.0,,1011660000.0,891660000.0,248775738.0,3641976000.0,3209976000.0,区域地产,房地产,房地产开发,住宅开发,3.78,3.1,
2012-01-13,7.54,7.58,7.13,7.2,7.71,-0.5099999999999998,-6.61,8677432.0,29593722.6,2.142,0.009732,0.034881,2.01,40.1035,36.0383,2.2408,3.3291,3.0636,0.0,,1011660000.0,891660000.0,248775738.0,3399177600.0,2995977600.0,区域地产,房地产,房地产开发,住宅开发,3.96,3.24,
2012-01-16,7.13,7.18,6.96,6.96,7.2,-0.2400000000000002,-3.33,2712605.0,8930748.5,2.142,0.003042,0.010904,0.47,38.7906,34.8585,2.1674,3.2201,2.9633,0.0,,1011660000.0,891660000.0,248775738.0,3287895000.0,2897895000.0,区域地产,房地产,房地产开发,住宅开发,3.7,3.02,
2012-01-17,7.03,7.41,6.96,7.37,6.96,0.4100000000000001,5.89,3590094.0,12110008.9,2.142,0.004026,0.014431,0.6,41.0583,36.8964,2.2941,3.4083,3.1365,0.0,,1011660000.0,891660000.0,248775738.0,3480110400.0,3067310400.0,区域地产,房地产,房地产开发,住宅开发,3.58,2.93,
2012-01-18,7.39,7.48,7.2,7.22,7.37,-0.1500000000000003,-2.04,2832864.0,9692093.0,2.142,0.0031769999999999,0.011387,0.46,40.2228,36.1456,2.2475,3.339,3.0727,0.0,,1011660000.0,891660000.0,248775738.0,3409294200.0,3004894200.0,区域地产,房地产,房地产开发,住宅开发,3.78,3.1,
2012-01-19,7.2,7.43,7.18,7.35,7.22,0.1299999999999999,1.8,2179348.0,7461184.4,2.142,0.002444,0.00876,0.36,40.939,36.7891,2.2875,3.3984,3.1274,0.0,,1011660000.0,891660000.0,248775738.0,3469993800.0,3058393800.0,区域地产,房地产,房地产开发,住宅开发,3.71,3.03,
2012-01-20,7.43,7.54,7.35,7.48,7.35,0.1300000000000007,1.77,3258085.0,11348043.4,2.142,0.003654,0.013096,0.81,41.6551,37.4327,2.3275,3.4579,3.1821,0.0,,1011660000.0,891660000.0,248775738.0,3530693400.0000005,3111893400.0000005,区域地产,房地产,房地产开发,住宅开发,3.77,3.09,
2012-01-30,7.48,7.48,7.33,7.33,7.48,-0.1500000000000003,-2.01,1788473.0,6166244.800000001,2.142,0.002006,0.007189,0.61,40.8196,36.6819,2.2808,3.3885,3.1183,0.0,,1011660000.0,891660000.0,248775738.0,3459877199.9999995,3049477199.9999995,区域地产,房地产,房地产开发,住宅开发,3.84,3.14,
2012-01-31,7.33,7.39,7.24,7.39,7.33,0.0599999999999996,0.82,1181035.0,4030616.5,2.142,0.001325,0.004747,0.43,41.1777,37.0036,2.3008,3.4183,3.1457,0.0,,1011660000.0,891660000.0,248775738.0,3490227000.0,3076227000.0,区域地产,房地产,房地产开发,住宅开发,3.76,3.08,
2012-02-01,7.33,7.45,7.28,7.35,7.39,-0.04,-0.54,1240152.0,4254534.7,2.142,0.001391,0.004985,0.55,40.939,36.7891,2.2875,3.3984,3.1274,0.0,,1011660000.0,891660000.0,248775738.0,3469993800.0,3058393800.0,区域地产,房地产,房地产开发,住宅开发,3.8,3.11,
2012-02-02,7.35,7.67,7.33,7.5,7.35,0.1500000000000003,2.04,2459746.0,8583715.8,2.142,0.0027589999999999,0.009887,1.27,41.7745,37.5399,2.3342,3.4678,3.1912,0.0,,1011660000.0,891660000.0,248775738.0,3540810000.0,3120810000.0,区域地产,房地产,房地产开发,住宅开发,3.77,3.09,
2012-02-03,7.6,7.88,7.54,7.6,7.5,0.0999999999999996,1.33,4161992.0,14922102.2,2.142,0.004668,0.01673,2.1,42.3712,38.0762,2.3675,3.5173,3.2368,0.0,,1011660000.0,891660000.0,248775738.0,3591393000.0,3165393000.0,区域地产,房地产,房地产开发,住宅开发,3.85,3.15,
2012-02-06,7.5,7.69,7.45,7.6,7.6,0.0,0.0,2766637.0,9805389.0,2.142,0.003103,0.011121,1.28,42.3712,38.0762,2.3675,3.5173,3.2368,0.0,,1011660000.0,891660000.0,248775738.0,3591393000.0,3165393000.0,区域地产,房地产,房地产开发,住宅开发,3.91,3.2,
2012-02-07,7.58,7.58,7.37,7.39,7.6,-0.2099999999999999,-2.76,2019487.0,7007481.2,2.142,0.002265,0.008118,0.86,41.1777,37.0036,2.3008,3.4183,3.1457,0.0,,1011660000.0,891660000.0,248775738.0,3490227000.0,3076227000.0,区域地产,房地产,房地产开发,住宅开发,3.91,3.2,
2012-02-08,7.41,7.63,7.39,7.58,7.39,0.1900000000000004,2.57,2675911.0,9430778.2,2.142,0.0030009999999999,0.0107559999999999,1.06,42.2519,37.969,2.3608,3.5074,3.2277,0.0,,1011660000.0,891660000.0,248775738.0,3581276400.0,3156476400.0,区域地产,房地产,房地产开发,住宅开发,3.8,3.11,
2012-02-09,7.6,7.9,7.56,7.65,7.58,0.0700000000000002,0.92,5012971.0,18126123.1,2.142,0.005622,0.020151,1.78,42.6099,38.2907,2.3808,3.5371,3.2551,0.0,,1011660000.0,891660000.0,248775738.0,3611626200.0,3183226200.0,区域地产,房地产,房地产开发,住宅开发,3.89,3.19,
2012-02-10,7.67,8.03,7.67,7.8,7.65,0.1499999999999994,1.96,6507297.0,23938939.7,2.142,0.007298,0.026157,1.96,43.4454,39.0415,2.4275,3.6065,3.3189,0.0,,1011660000.0,891660000.0,248775738.0,3682442400.0,3245642400.0,区域地产,房地产,房地产开发,住宅开发,3.93,3.21,
2012-02-13,7.54,7.78,7.43,7.67,7.8,-0.1299999999999999,-1.67,4187893.0,14860488.7,2.142,0.004697,0.016834,1.1,42.7293,38.398,2.3875,3.5471,3.2642,0.0,,1011660000.0,891660000.0,248775738.0,3621742800.000001,3192142800.0000005,区域地产,房地产,房地产开发,住宅开发,4.0,3.28,
2012-02-14,7.67,8.03,7.6,7.88,7.67,0.2099999999999999,2.74,5661997.0,20721660.9,2.142,0.00635,0.022759,1.39,43.9229,39.4705,2.4542,3.6461,3.3554,0.0,,1011660000.0,891660000.0,248775738.0,3722908800.0,3281308800.0,区域地产,房地产,房地产开发,住宅开发,3.94,3.22,
2012-02-15,7.88,7.97,7.73,7.95,7.88,0.0700000000000002,0.89,4539577.0,16691060.7,2.142,0.005091,0.018248,0.94,44.2809,39.7923,2.4742,3.6759,3.3827,0.0,,1011660000.0,891660000.0,248775738.0,3753258600.0,3308058600.0,区域地产,房地产,房地产开发,住宅开发,4.05,3.31,
2012-02-16,7.95,8.01,7.84,8.01,7.95,0.0599999999999996,0.75,6451341.0,23898249.4,2.142,0.007235,0.025932,1.24,44.639,40.1141,2.4942,3.7056,3.4101,0.0,,1011660000.0,891660000.0,248775738.0,3783608400.000001,3334808400.0000005,区域地产,房地产,房地产开发,住宅开发,4.08,3.34,
2012-02-17,8.01,8.05,7.78,7.93,8.01,-0.08,-1.0,3857879.0,14249086.0,2.142,0.004327,0.015507,0.71,44.1616,39.6851,2.4675,3.666,3.3736,0.0,,1011660000.0,891660000.0,248775738.0,3743142000.0,3299142000.0,区域地产,房地产,房地产开发,住宅开发,4.11,3.37,
2012-02-20,8.05,8.1,7.95,7.97,7.93,0.04,0.5,4607990.0,17219582.299999997,2.142,0.005168,0.018523,0.93,44.4003,39.8996,2.4809,3.6858,3.3918,0.0,,1011660000.0,891660000.0,248775738.0,3763375200.0,3316975200.0,区域地产,房地产,房地产开发,住宅开发,4.07,3.33,
2012-02-21,7.93,8.01,7.75,7.99,7.97,0.0200000000000004,0.25,3673731.0,13529970.6,2.142,0.0041199999999999,0.0147669999999999,0.73,44.5196,40.0068,2.4875,3.6957,3.401,0.0,,1011660000.0,891660000.0,248775738.0,3773491800.0,3325891800.0,区域地产,房地产,房地产开发,住宅开发,4.09,3.35,
2012-02-22,8.01,8.25,7.95,8.16,7.99,0.1699999999999999,2.13,7341314.999999999,27925185.700000003,2.142,0.008233,0.02951,1.59,45.4745,40.8649,2.5409,3.7749,3.4739,0.0,,1011660000.0,891660000.0,248775738.0,3854424600.0,3397224600.0,区域地产,房地产,房地产开发,住宅开发,4.1,3.36,
2012-02-23,8.12,8.23,8.03,8.14,8.16,-0.0199999999999995,-0.25,4830388.0,18358701.0,2.142,0.005417,0.019417,0.93,45.3551,40.7576,2.5342,3.765,3.4648,0.0,,1011660000.0,891660000.0,248775738.0,3844308000.0,3388308000.0,区域地产,房地产,房地产开发,住宅开发,4.19,3.43,
2012-02-24,8.08,8.95,8.08,8.95,8.14,0.8099999999999987,9.95,30329436.0,124396549.9,2.142,0.034015,0.121915,6.24,49.8906,44.8334,2.7877,4.1415,3.8113,0.0,,1011660000.0,891660000.0,248775738.0,4228738800.0,3727138800.0,区域地产,房地产,房地产开发,住宅开发,4.18,3.42,
2012-02-27,8.78,9.08,8.78,8.83,8.95,-0.1199999999999992,-1.34,21773319.0,90207950.2,2.142,0.024419,0.087522,2.14,49.1745,44.1899,2.7476,4.0821,3.7566,0.0,,1011660000.0,891660000.0,248775738.0,4168039200.0,3673639200.0,区域地产,房地产,房地产开发,住宅开发,4.6,3.76,
2012-02-28,8.74,8.8,8.5,8.59,8.83,-0.2400000000000002,-2.72,11049741.0,44461491.6,2.142,0.012392,0.044416,0.81,47.8616,43.01,2.6743,3.9731,3.6563,0.0,,1011660000.0,891660000.0,248775738.0,4056756600.0,3575556599.9999995,区域地产,房地产,房地产开发,住宅开发,4.53,3.71,
2012-02-29,8.46,8.46,8.29,8.29,8.59,-0.3000000000000007,-3.49,7432889.0,29034047.1,2.142,0.008336,0.029878,0.49,46.1906,41.5084,2.5809,3.8344,3.5286,0.0,,1011660000.0,891660000.0,248775738.0,3915124200.0,3450724200.0,区域地产,房地产,房地产开发,住宅开发,4.41,3.61,
2012-03-01,8.29,8.48,8.29,8.4,8.29,0.1100000000000012,1.33,6069105.0,23821200.2,2.142,0.006807,0.024396,0.4,46.7874,42.0447,2.6143,3.8839,3.5742,0.0,,1011660000.0,891660000.0,248775738.0,3965707200.0,3495307199.9999995,区域地产,房地产,房地产开发,住宅开发,4.26,3.48,
2012-03-02,8.38,8.78,8.33,8.7,8.4,0.2999999999999989,3.57,10110747.0,40555072.5,2.142,0.0113389999999999,0.040642,0.66,48.4584,43.5463,2.7076,4.0226,3.7018,0.0,,1011660000.0,891660000.0,248775738.0,4107339600.0,3620139600.0,区域地产,房地产,房地产开发,住宅开发,4.31,3.53,
2012-03-05,8.68,8.78,8.53,8.57,8.7,-0.129999999999999,-1.49,7189942.999999999,29045705.5,2.142,0.008064,0.028901,0.64,47.7422,42.9028,2.6676,3.9632,3.6471,0.0,,1011660000.0,891660000.0,248775738.0,4046640000.0,3566640000.0,区域地产,房地产,房地产开发,住宅开发,4.47,3.65,
2012-03-06,8.57,8.61,8.4,8.44,8.57,-0.1300000000000007,-1.52,4761554.0,18822358.2,2.142,0.00534,0.01914,0.57,47.0261,42.2592,2.6276,3.9037,3.5924,0.0,,1011660000.0,891660000.0,248775738.0,3985940400.0,3513140400.0,区域地产,房地产,房地产开发,住宅开发,4.4,3.6,
2012-03-07,8.35,8.48,8.29,8.33,8.44,-0.1099999999999994,-1.3,3735413.0,14629754.4,2.142,0.004189,0.015015,0.53,46.4293,41.7229,2.5942,3.8542,3.5468,0.0,,1011660000.0,891660000.0,248775738.0,3935357400.0,3468557400.0,区域地产,房地产,房地产开发,住宅开发,4.33,3.55,
2012-03-08,8.35,8.55,8.35,8.44,8.33,0.1099999999999994,1.32,3346078.0,13219667.7,2.142,0.003753,0.01345,0.53,47.0261,42.2592,2.6276,3.9037,3.5924,0.0,,1011660000.0,891660000.0,248775738.0,3985940400.0,3513140400.0,区域地产,房地产,房地产开发,住宅开发,4.28,3.5,
2012-03-09,8.46,8.55,8.4,8.53,8.44,0.0899999999999998,1.07,3605366.000000001,14264626.0,2.142,0.004043,0.014492,0.62,47.5035,42.6883,2.6543,3.9434,3.6289,0.0,,1011660000.0,891660000.0,248775738.0,4026406800.0,3548806800.0,区域地产,房地产,房地产开发,住宅开发,4.33,3.55,
2012-03-12,8.53,8.63,8.4,8.48,8.53,-0.0499999999999989,-0.59,3560562.9999999995,14162969.6,2.142,0.003993,0.014312,0.79,47.2648,42.4737,2.6409,3.9236,3.6107,0.0,,1011660000.0,891660000.0,248775738.0,4006173600.0,3530973600.0,区域地产,房地产,房地产开发,住宅开发,4.38,3.58,
2012-03-13,8.46,8.63,8.44,8.59,8.48,0.1099999999999994,1.3,3788337.000000001,15162743.0,2.142,0.004249,0.0152279999999999,1.0,47.8616,43.01,2.6743,3.9731,3.6563,0.0,,1011660000.0,891660000.0,248775738.0,4056756600.0,3575556599.9999995,区域地产,房地产,房地产开发,住宅开发,4.36,3.56,
2012-03-14,8.65,8.74,7.99,8.08,8.59,-0.5099999999999998,-5.94,8306560.000000001,32602440.2,2.142,0.009316,0.03339,2.3,44.9971,40.4359,2.5142,3.7353,3.4374,0.0,,1011660000.0,891660000.0,248775738.0,3813958200.0,3361558200.0,区域地产,房地产,房地产开发,住宅开发,4.41,3.61,
2012-03-15,8.03,8.14,7.67,7.78,8.08,-0.2999999999999998,-3.71,5640881.0,20624816.9,2.142,0.006326,0.022675,1.25,43.3261,38.9343,2.4209,3.5966,3.3098,0.0,,1011660000.0,891660000.0,248775738.0,3672325800.0,3236725800.0,区域地产,房地产,房地产开发,住宅开发,4.15,3.39,
2012-03-16,7.78,7.95,7.75,7.93,7.78,0.1499999999999994,1.93,2739914.0,10029125.3,2.142,0.003073,0.011014,0.55,44.1616,39.6851,2.4675,3.666,3.3736,0.0,,1011660000.0,891660000.0,248775738.0,3743142000.0,3299142000.0,区域地产,房地产,房地产开发,住宅开发,3.99,3.27,
2012-03-19,7.95,8.03,7.84,8.01,7.93,0.08,1.01,2624146.0,9735636.4,2.142,0.002943,0.010548,0.55,44.639,40.1141,2.4942,3.7056,3.4101,0.0,,1011660000.0,891660000.0,248775738.0,3783608400.000001,3334808400.0000005,区域地产,房地产,房地产开发,住宅开发,4.07,3.33,
2012-03-20,8.03,8.23,7.93,7.99,8.01,-0.0199999999999995,-0.25,3917296.0,14744511.4,2.142,0.004393,0.015746,0.85,44.5196,40.0068,2.4875,3.6957,3.401,0.0,,1011660000.0,891660000.0,248775738.0,3773491800.0,3325891800.0,区域地产,房地产,房地产开发,住宅开发,4.11,3.37,
2012-03-21,8.03,8.1,7.9,8.01,7.99,0.0199999999999995,0.25,2198964.0,8185036.100000001,2.142,0.002466,0.008839,0.47,44.639,40.1141,2.4942,3.7056,3.4101,0.0,,1011660000.0,891660000.0,248775738.0,3783608400.000001,3334808400.0000005,区域地产,房地产,房地产开发,住宅开发,4.1,3.36,
2012-03-22,8.03,8.16,7.97,8.05,8.01,0.0400000000000009,0.5,2921267.0,11044940.3,2.142,0.003276,0.0117429999999999,0.85,44.8777,40.3286,2.5076,3.7254,3.4283,0.0,,1011660000.0,891660000.0,248775738.0,3803841600.0,3352641599.9999995,区域地产,房地产,房地产开发,住宅开发,4.11,3.37,
2012-03-23,8.05,8.05,7.78,7.84,8.05,-0.2100000000000008,-2.61,2656689.0,9799043.5,2.142,0.002979,0.010679,0.92,43.6841,39.256,2.4409,3.6263,3.3371,0.0,,1011660000.0,891660000.0,248775738.0,3702675600.0,3263475600.0,区域地产,房地产,房地产开发,住宅开发,4.14,3.38,
2012-03-26,7.84,8.1,7.82,7.99,7.84,0.1500000000000003,1.91,2577772.0,9612485.9,2.142,0.002891,0.010362,0.9,44.5196,40.0068,2.4875,3.6957,3.401,0.0,,1011660000.0,891660000.0,248775738.0,3773491800.0,3325891800.0,区域地产,房地产,房地产开发,住宅开发,4.03,3.29,
2012-03-27,8.01,8.08,7.86,7.95,7.99,-0.04,-0.5,1923085.0,7155594.3,2.142,0.002157,0.00773,0.67,44.2809,39.7923,2.4742,3.6759,3.3827,0.0,,1011660000.0,891660000.0,248775738.0,3753258600.0,3308058600.0,区域地产,房地产,房地产开发,住宅开发,4.1,3.36,
2012-03-28,7.9,8.08,7.63,7.65,7.95,-0.2999999999999998,-3.77,3810904.0,14005227.2,2.142,0.004274,0.015319,1.55,42.6099,38.2907,2.3808,3.5371,3.2551,0.0,,1011660000.0,891660000.0,248775738.0,3611626200.0,3183226200.0,区域地产,房地产,房地产开发,住宅开发,4.08,3.34,
2012-03-29,7.5,7.75,7.3,7.58,7.65,-0.0700000000000002,-0.92,2786988.0,9856158.6,2.142,0.003126,0.011203,1.0,42.2519,37.969,2.3608,3.5074,3.2277,0.0,,1011660000.0,891660000.0,248775738.0,3581276400.0,3156476400.0,区域地产,房地产,房地产开发,住宅开发,3.93,3.21,
2012-03-30,7.58,7.67,7.52,7.58,7.58,0.0,0.0,1360195.0,4811715.100000001,2.142,0.0015249999999999,0.005468,0.49,42.2519,37.969,2.3608,3.5074,3.2277,0.0,,1011660000.0,891660000.0,248775738.0,3581276400.0,3156476400.0,区域地产,房地产,房地产开发,住宅开发,3.89,3.19,
2012-04-05,7.54,7.82,7.52,7.78,7.58,0.2000000000000001,2.64,2332953.0,8396143.6,2.142,0.002616,0.009378,0.94,36.2878,36.2878,2.4024,3.5779,3.5779,0.0,,1011660000.0,891660000.0,248775738.0,3672325800.0,3236725800.0,区域地产,房地产,房地产开发,住宅开发,3.89,3.19,
2012-04-06,7.63,8.46,7.63,8.2,7.78,0.419999999999999,5.4,8635330.0,32805539.9,2.142,0.009685,0.034711,3.53,38.2871,38.2871,2.5348,3.775,3.775,0.0,,1011660000.0,891660000.0,248775738.0,3874657800.000001,3415057800.0000005,区域地产,房地产,房地产开发,住宅开发,3.99,3.27,
2012-04-09,8.14,8.31,8.01,8.05,8.2,-0.1499999999999985,-1.83,5203450.0,19789280.0,2.142,0.005836,0.020916,1.37,37.5873,37.5873,2.4885,3.706,3.706,0.0,,1011660000.0,891660000.0,248775738.0,3803841600.0,3352641599.9999995,区域地产,房地产,房地产开发,住宅开发,4.21,3.45,
2012-04-10,7.93,8.29,7.84,8.29,8.05,0.2399999999999984,2.98,5331823.0,20201641.3,2.142,0.00598,0.021432,1.31,38.687,38.687,2.5613,3.8144,3.8144,0.0,,1011660000.0,891660000.0,248775738.0,3915124200.0,3450724200.0,区域地产,房地产,房地产开发,住宅开发,4.14,3.38,
2012-04-11,8.2,8.68,8.08,8.33,8.29,0.0400000000000009,0.48,8682909.0,34155803.6,2.142,0.009738,0.0349029999999999,1.9,38.8869,38.8869,2.5745,3.8342,3.8342,0.0,,1011660000.0,891660000.0,248775738.0,3935357400.0,3468557400.0,区域地产,房地产,房地产开发,住宅开发,4.26,3.48,
2012-04-12,8.4,9.17,8.35,9.17,8.33,0.8399999999999999,10.08,25426952.0,105259539.1,2.142,0.028516,0.102208,4.21,42.7856,42.7856,2.8326,4.2186,4.2186,0.0,,1011660000.0,891660000.0,248775738.0,4329904800.0,3816304800.0,区域地产,房地产,房地产开发,住宅开发,4.28,3.5,
2012-04-13,9.81,10.07,9.4,9.64,9.17,0.4700000000000006,5.13,47234321.0,214645179.6,2.142,0.052973,0.1898669999999999,4.43,44.9849,44.9849,2.9782,4.4354,4.4354,0.0,,1011660000.0,891660000.0,248775738.0,4552470000.0,4012470000.0,区域地产,房地产,房地产开发,住宅开发,4.71,3.85,
2012-04-16,9.36,9.96,9.0,9.45,9.64,-0.1900000000000012,-1.97,30152288.0,133736876.8,2.142,0.033816,0.121203,1.64,44.0852,44.0852,2.9186,4.3467,4.3467,0.0,,1011660000.0,891660000.0,248775738.0,4461420600.0,3932220600.0,区域地产,房地产,房地产开发,住宅开发,4.95,4.05,
2012-04-18,8.76,9.42,8.68,9.32,9.45,-0.129999999999999,-1.38,23567555.0,99467141.2,2.142,0.026431,0.094734,1.01,43.4854,43.4854,2.8789,4.2875,4.2875,0.0,,1011660000.0,891660000.0,248775738.0,4400721000.0,3878721000.0,区域地产,房地产,房地产开发,住宅开发,4.85,3.97,
2012-04-19,9.17,9.17,8.83,8.95,9.32,-0.370000000000001,-3.97,10957942.0,45910551.1,2.142,0.012289,0.044047,0.41,41.7859,42.1918,2.7267,4.12,4.1963,0.0,,1011660000.0,891660000.0,248775738.0,4228738800.0,3727138800.0,区域地产,房地产,房地产开发,住宅开发,4.79,3.92,
2012-04-20,8.91,9.23,8.87,8.95,8.95,0.0,0.0,12639269.0,53404149.8,2.142,0.014175,0.050806,0.46,41.7859,42.1918,2.7267,4.12,4.1963,0.0,,1011660000.0,891660000.0,248775738.0,4228738800.0,3727138800.0,区域地产,房地产,房地产开发,住宅开发,4.6,3.76,
2012-04-23,8.97,8.97,8.63,8.72,8.95,-0.2299999999999986,-2.57,11057581.0,45251804.6,2.142,0.012401,0.044448,0.44,40.6863,41.0815,2.6549,4.0116,4.0859,0.0,,1011660000.0,891660000.0,248775738.0,4117456200.0,3629056200.0,区域地产,房地产,房地产开发,住宅开发,4.6,3.76,
2012-04-24,8.68,9.12,8.53,9.06,8.72,0.3399999999999998,3.9,12991217.0,53508419.8,2.142,0.01457,0.052221,0.74,42.2858,42.6965,2.7593,4.1693,4.2465,0.0,,1011660000.0,891660000.0,248775738.0,4279321800.0,3771721800.0,区域地产,房地产,房地产开发,住宅开发,4.48,3.66,
2012-04-25,9.08,9.77,8.87,9.42,9.06,0.3599999999999994,3.97,24568491.0,108063234.7,2.142,0.027554,0.098758,1.72,43.9852,44.4124,2.8702,4.3368,4.4172,0.0,,1011660000.0,891660000.0,248775738.0,4451304000.0,3923304000.0,区域地产,房地产,房地产开发,住宅开发,4.65,3.81,
2012-04-26,9.45,9.83,9.12,9.17,9.42,-0.25,-2.65,16550140.0,72799331.60000001,2.142,0.018561,0.066526,1.15,42.7856,43.2011,2.7919,4.2186,4.2967,0.0,,1011660000.0,891660000.0,248775738.0,4329904800.0,3816304800.0,区域地产,房地产,房地产开发,住宅开发,4.84,3.96,
2012-04-27,9.21,9.34,8.89,9.08,9.17,-0.0899999999999998,-0.98,9635960.0,40788262.3,2.142,0.010807,0.038734,0.62,42.3857,42.7974,2.7658,4.1791,4.2565,0.0,,1011660000.0,891660000.0,248775738.0,4289438400.000001,3780638400.000001,区域地产,房地产,房地产开发,住宅开发,4.71,3.85,
2012-05-02,9.17,9.21,8.91,8.95,9.08,-0.1300000000000007,-1.43,9828367.0,41464199.2,2.142,0.011023,0.039507,0.66,41.7859,42.1918,2.7267,4.12,4.1963,0.0,,1011660000.0,891660000.0,248775738.0,4228738800.0,3727138800.0,区域地产,房地产,房地产开发,住宅开发,4.66,3.82,
2012-05-03,8.95,9.04,8.72,8.91,8.95,-0.0399999999999991,-0.45,7720966.0,31834220.5,2.142,0.008659,0.031036,0.52,41.586,41.9899,2.7136,4.1003,4.1762,0.0,,1011660000.0,891660000.0,248775738.0,4208505600.0,3709305600.0,区域地产,房地产,房地产开发,住宅开发,4.6,3.76,
2012-05-04,8.85,9.0,8.8,8.97,8.91,0.0600000000000005,0.67,4761734.0,19792570.2,2.142,0.00534,0.019141,0.35,41.8859,42.2927,2.7332,4.1298,4.2063,0.0,,1011660000.0,891660000.0,248775738.0,4238855400.0,3736055400.0,区域地产,房地产,房地产开发,住宅开发,4.58,3.74,
2012-05-07,8.91,8.95,8.74,8.91,8.97,-0.0600000000000005,-0.67,5243349.0,21604670.6,2.142,0.00588,0.021077,0.54,41.586,41.9899,2.7136,4.1003,4.1762,0.0,,1011660000.0,891660000.0,248775738.0,4208505600.0,3709305600.0,区域地产,房地产,房地产开发,住宅开发,4.61,3.77,
2012-05-08,8.85,8.95,8.78,8.87,8.91,-0.0400000000000009,-0.45,3425896.0,14169842.6,2.142,0.003842,0.013771,0.46,41.3861,41.788,2.7006,4.0806,4.1561,0.0,,1011660000.0,891660000.0,248775738.0,4188272400.0,3691472400.0,区域地产,房地产,房地产开发,住宅开发,4.58,3.74,
2012-05-09,8.78,8.8,8.68,8.72,8.87,-0.1499999999999985,-1.69,3623291.000000001,14746031.6,2.142,0.004064,0.0145639999999999,0.58,40.6863,41.0815,2.6549,4.0116,4.0859,0.0,,1011660000.0,891660000.0,248775738.0,4117456200.0,3629056200.0,区域地产,房地产,房地产开发,住宅开发,4.55,3.73,
2012-05-10,8.7,8.78,8.61,8.7,8.72,-0.0200000000000013,-0.23,3300735.0,13425669.6,2.142,0.0037019999999999,0.013268,0.67,40.5863,40.9805,2.6484,4.0017,4.0758,0.0,,1011660000.0,891660000.0,248775738.0,4107339600.0,3620139600.0,区域地产,房地产,房地产开发,住宅开发,4.48,3.66,
2012-05-11,8.7,8.8,8.63,8.68,8.7,-0.0199999999999995,-0.23,2547720.0,10377651.9,2.142,0.002857,0.010241,0.63,40.4864,40.8796,2.6419,3.9919,4.0658,0.0,,1011660000.0,891660000.0,248775738.0,4097223000.0,3611223000.0,区域地产,房地产,房地产开发,住宅开发,4.47,3.65,
2012-05-14,8.83,8.91,8.7,8.76,8.68,0.08,0.92,4793715.0,19773390.8,2.142,0.005376,0.019269,1.32,40.8862,41.2833,2.668,4.0313,4.1059,0.0,,1011660000.0,891660000.0,248775738.0,4137689400.0,3646889400.0,区域地产,房地产,房地产开发,住宅开发,4.46,3.65,
2012-05-15,8.74,8.8,8.53,8.72,8.76,-0.0399999999999991,-0.46,4055524.0,16323878.0,2.142,0.004548,0.016302,1.15,40.6863,41.0815,2.6549,4.0116,4.0859,0.0,,1011660000.0,891660000.0,248775738.0,4117456200.0,3629056200.0,区域地产,房地产,房地产开发,住宅开发,4.5,3.68,
2012-05-16,8.68,8.76,8.53,8.53,8.72,-0.1900000000000012,-2.18,2754130.0,11114561.0,2.142,0.003089,0.011071,0.75,39.7866,40.173,2.5962,3.9229,3.9955,0.0,,1011660000.0,891660000.0,248775738.0,4026406800.0,3548806800.0,区域地产,房地产,房地产开发,住宅开发,4.48,3.66,
2012-05-18,8.59,8.72,8.46,8.46,8.53,-0.0699999999999985,-0.82,4061213.0,16278034.7,2.142,0.004555,0.016325,1.16,39.4867,39.8702,2.5766,3.8933,3.9654,0.0,,1011660000.0,891660000.0,248775738.0,3996057000.0,3522057000.0,区域地产,房地产,房地产开发,住宅开发,4.38,3.58,
2012-05-21,8.46,8.55,8.33,8.4,8.46,-0.0600000000000005,-0.71,2815899.0,11062255.1,2.142,0.003158,0.011319,0.77,39.1868,39.5674,2.5571,3.8637,3.9353,0.0,,1011660000.0,891660000.0,248775738.0,3965707200.0,3495307199.9999995,区域地产,房地产,房地产开发,住宅开发,4.35,3.56,
2012-05-22,8.46,8.74,8.44,8.68,8.4,0.2799999999999993,3.33,4716794.0,19021609.0,2.142,0.00529,0.0189599999999999,1.28,40.4864,40.8796,2.6419,3.9919,4.0658,0.0,,1011660000.0,891660000.0,248775738.0,4097223000.0,3611223000.0,区域地产,房地产,房地产开发,住宅开发,4.31,3.53,
2012-05-23,8.68,9.06,8.61,8.89,8.68,0.2100000000000008,2.42,10129387.0,42142368.9,2.142,0.0113599999999999,0.0407169999999999,2.75,41.486,41.889,2.7071,4.0904,4.1662,0.0,,1011660000.0,891660000.0,248775738.0,4198389000.0,3700389000.0,区域地产,房地产,房地产开发,住宅开发,4.46,3.65,
2012-05-24,8.93,8.95,8.72,8.72,8.89,-0.1699999999999999,-1.91,5285975.0,21801809.6,2.142,0.005928,0.021248,1.08,40.6863,41.0815,2.6549,4.0116,4.0859,0.0,,1011660000.0,891660000.0,248775738.0,4117456200.0,3629056200.0,区域地产,房地产,房地产开发,住宅开发,4.57,3.74,
2012-05-25,8.72,9.04,8.72,8.85,8.72,0.129999999999999,1.49,7074250.0,29443583.8,2.142,0.007934,0.028436,1.31,41.2861,41.6871,2.6941,4.0707,4.1461,0.0,,1011660000.0,891660000.0,248775738.0,4178155800.0,3682555800.0,区域地产,房地产,房地产开发,住宅开发,4.48,3.66,
2012-05-28,8.78,8.85,8.46,8.83,8.85,-0.0199999999999995,-0.23,6415198.0,25892882.6,2.142,0.007195,0.025787,1.07,41.1861,41.5861,2.6875,4.0608,4.1361,0.0,,1011660000.0,891660000.0,248775738.0,4168039200.0,3673639200.0,区域地产,房地产,房地产开发,住宅开发,4.54,3.72,
2012-05-29,8.78,8.89,8.65,8.87,8.83,0.0399999999999991,0.45,5897513.0,24259009.3,2.142,0.006614,0.023706,0.88,41.3861,41.788,2.7006,4.0806,4.1561,0.0,,1011660000.0,891660000.0,248775738.0,4188272400.0,3691472400.0,区域地产,房地产,房地产开发,住宅开发,4.53,3.71,
2012-05-30,8.85,9.06,8.8,8.87,8.87,0.0,0.0,5932366.0,24780181.4,2.142,0.006653,0.023846,0.85,41.3861,41.788,2.7006,4.0806,4.1561,0.0,,1011660000.0,891660000.0,248775738.0,4188272400.0,3691472400.0,区域地产,房地产,房地产开发,住宅开发,4.55,3.73,
2012-05-31,8.74,8.87,8.72,8.76,8.87,-0.1099999999999994,-1.24,3873556.0,15869269.7,2.142,0.004344,0.0155699999999999,0.63,40.8862,41.2833,2.668,4.0313,4.1059,0.0,,1011660000.0,891660000.0,248775738.0,4137689400.0,3646889400.0,区域地产,房地产,房地产开发,住宅开发,4.55,3.73,
2012-06-01,8.76,8.87,8.7,8.74,8.76,-0.0199999999999995,-0.23,2674059.0,10952885.6,2.142,0.002999,0.010749,0.46,40.7863,41.1824,2.6614,4.0214,4.0959,0.0,,1011660000.0,891660000.0,248775738.0,4127572800.000001,3637972800.000001,区域地产,房地产,房地产开发,住宅开发,4.5,3.68,
2012-06-04,8.63,8.65,8.31,8.33,8.74,-0.4100000000000001,-4.69,5017184.0,19920079.2,2.142,0.005627,0.020167,1.01,38.8869,39.2646,2.5375,3.8342,3.9052,0.0,,1011660000.0,891660000.0,248775738.0,3935357400.0,3468557400.0,区域地产,房地产,房地产开发,住宅开发,4.49,3.67,
2012-06-05,8.35,8.4,8.2,8.27,8.33,-0.0600000000000005,-0.72,3155609.0,12263500.8,2.142,0.003539,0.012685,0.67,38.587,38.9618,2.5179,3.8046,3.875,0.0,,1011660000.0,891660000.0,248775738.0,3905007600.0,3441807600.0,区域地产,房地产,房地产开发,住宅开发,4.28,3.5,
2012-06-06,8.35,8.44,8.2,8.27,8.27,0.0,0.0,2943165.0,11443808.2,2.142,0.003301,0.011831,0.71,38.587,38.9618,2.5179,3.8046,3.875,0.0,,1011660000.0,891660000.0,248775738.0,3905007600.0,3441807600.0,区域地产,房地产,房地产开发,住宅开发,4.25,3.47,
2012-06-07,8.46,8.68,8.31,8.35,8.27,0.08,0.97,4069864.0,16101486.1,2.142,0.0045639999999999,0.01636,1.15,38.9869,39.3655,2.544,3.844,3.9152,0.0,,1011660000.0,891660000.0,248775738.0,3945474000.0,3477474000.0,区域地产,房地产,房地产开发,住宅开发,4.25,3.47,
2012-06-08,8.59,8.63,8.29,8.33,8.35,-0.0199999999999995,-0.24,3910800.0,15462318.5,2.142,0.004386,0.01572,1.09,38.8869,39.2646,2.5375,3.8342,3.9052,0.0,,1011660000.0,891660000.0,248775738.0,3935357400.0,3468557400.0,区域地产,房地产,房地产开发,住宅开发,4.29,3.51,
2012-06-11,8.33,8.61,8.27,8.5,8.33,0.1699999999999999,2.04,3492050.0,13814760.0,2.142,0.003916,0.0140369999999999,0.91,39.6866,40.0721,2.5897,3.913,3.9855,0.0,,1011660000.0,891660000.0,248775738.0,4016290200.0,3539890200.0,区域地产,房地产,房地产开发,住宅开发,4.28,3.5,
2012-06-12,8.5,8.74,8.44,8.68,8.5,0.1799999999999997,2.12,5778023.0,23250163.6,2.142,0.00648,0.023226,1.64,40.4864,40.8796,2.6419,3.9919,4.0658,0.0,,1011660000.0,891660000.0,248775738.0,4097223000.0,3611223000.0,区域地产,房地产,房地产开发,住宅开发,4.37,3.57,
2012-06-13,8.65,8.74,8.55,8.7,8.68,0.0199999999999995,0.23,4040446.0,16305496.1,2.142,0.004531,0.016241,1.0,40.5863,40.9805,2.6484,4.0017,4.0758,0.0,,1011660000.0,891660000.0,248775738.0,4107339600.0,3620139600.0,区域地产,房地产,房地产开发,住宅开发,4.46,3.65,
2012-06-14,8.68,8.8,8.5,8.59,8.7,-0.1099999999999994,-1.26,4577249.0,18557639.0,2.142,0.0051329999999999,0.018399,1.07,40.0865,40.4758,2.6158,3.9524,4.0256,0.0,,1011660000.0,891660000.0,248775738.0,4056756600.0,3575556599.9999995,区域地产,房地产,房地产开发,住宅开发,4.47,3.65,
2012-06-15,8.59,8.65,8.35,8.48,8.59,-0.1099999999999994,-1.28,4125094.0,16324777.7,2.142,0.004626,0.016582,0.95,39.5867,39.9712,2.5832,3.9031,3.9754,0.0,,1011660000.0,891660000.0,248775738.0,4006173600.0,3530973600.0,区域地产,房地产,房地产开发,住宅开发,4.41,3.61,
2012-06-18,8.53,8.59,8.46,8.55,8.48,0.0700000000000002,0.83,2013867.0,8029255.3,2.142,0.0022589999999999,0.008095,0.46,39.8866,40.274,2.6027,3.9327,4.0056,0.0,,1011660000.0,891660000.0,248775738.0,4036523400.000001,3557723400.0000005,区域地产,房地产,房地产开发,住宅开发,4.36,3.56,
2012-06-19,8.53,8.61,8.46,8.5,8.55,-0.0500000000000007,-0.58,1715470.0,6833446.9,2.142,0.001924,0.006896,0.42,39.6866,40.0721,2.5897,3.913,3.9855,0.0,,1011660000.0,891660000.0,248775738.0,4016290200.0,3539890200.0,区域地产,房地产,房地产开发,住宅开发,4.39,3.59,
2012-06-20,8.5,8.55,8.33,8.38,8.5,-0.1199999999999992,-1.41,2463039.0,9656505.5,2.142,0.002762,0.009901,0.75,39.0868,39.4665,2.5506,3.8539,3.9252,0.0,,1011660000.0,891660000.0,248775738.0,3955590600.0,3486390600.0,区域地产,房地产,房地产开发,住宅开发,4.37,3.57,
2012-06-21,8.38,8.78,8.35,8.48,8.38,0.0999999999999996,1.19,5300258.0,21202775.9,2.142,0.005944,0.021305,1.78,39.5867,39.9712,2.5832,3.9031,3.9754,0.0,,1011660000.0,891660000.0,248775738.0,4006173600.0,3530973600.0,区域地产,房地产,房地产开发,住宅开发,4.3,3.52,
2012-06-25,8.4,8.87,8.27,8.76,8.48,0.2799999999999993,3.3,12339294.0,50013625.9,2.142,0.0138389999999999,0.0496,3.95,40.8862,41.2833,2.668,4.0313,4.1059,0.0,,1011660000.0,891660000.0,248775738.0,4137689400.0,3646889400.0,区域地产,房地产,房地产开发,住宅开发,4.36,3.56,
2012-06-26,8.68,8.7,7.88,8.27,8.76,-0.4900000000000002,-5.59,9052765.0,34706948.1,2.142,0.010153,0.036389,1.9,38.587,38.9618,2.5179,3.8046,3.875,0.0,,1011660000.0,891660000.0,248775738.0,3905007600.0,3441807600.0,区域地产,房地产,房地产开发,住宅开发,4.5,3.68,
2012-06-27,8.14,8.29,8.01,8.03,8.27,-0.2400000000000002,-2.9,4077806.0,15517251.2,2.142,0.004573,0.016391,0.66,37.4874,37.8515,2.4462,3.6962,3.7646,0.0,,1011660000.0,891660000.0,248775738.0,3793725000.0,3343725000.0,区域地产,房地产,房地产开发,住宅开发,4.25,3.47,
2012-06-28,8.05,8.4,8.03,8.08,8.03,0.0500000000000007,0.62,3909995.0,15003663.3,2.142,0.004385,0.015717,0.59,37.6873,38.0533,2.4592,3.7159,3.7847,0.0,,1011660000.0,891660000.0,248775738.0,3813958200.0,3361558200.0,区域地产,房地产,房地产开发,住宅开发,4.13,3.38,
2012-06-29,8.05,8.05,7.71,8.01,8.08,-0.0700000000000002,-0.87,3939163.0,14508636.1,2.142,0.004418,0.015834,0.57,37.3874,37.7505,2.4397,3.6863,3.7546,0.0,,1011660000.0,891660000.0,248775738.0,3783608400.000001,3334808400.0000005,区域地产,房地产,房地产开发,住宅开发,4.15,3.39,
2012-07-02,8.03,8.08,7.93,8.01,8.01,0.0,0.0,2247282.0,8400865.700000001,2.142,0.00252,0.009033,0.34,37.3874,37.7505,2.4397,3.6863,3.7546,0.0,,1011660000.0,891660000.0,248775738.0,3783608400.000001,3334808400.0000005,区域地产,房地产,房地产开发,住宅开发,4.11,3.37,
2012-07-03,8.01,8.2,7.93,8.05,8.01,0.0400000000000009,0.5,2634687.0,9950433.9,2.142,0.0029549999999999,0.010591,0.57,37.5873,37.9524,2.4527,3.706,3.7747,0.0,,1011660000.0,891660000.0,248775738.0,3803841600.0,3352641599.9999995,区域地产,房地产,房地产开发,住宅开发,4.11,3.37,
2012-07-04,8.14,8.25,8.08,8.18,8.05,0.129999999999999,1.61,3488356.0,13315980.9,2.142,0.003912,0.014022,1.04,38.1871,38.558,2.4918,3.7652,3.8349,0.0,,1011660000.0,891660000.0,248775738.0,3864541200.0,3406141200.0,区域地产,房地产,房地产开发,住宅开发,4.14,3.38,
2012-07-05,8.14,8.14,7.93,7.95,8.18,-0.2299999999999995,-2.81,2524324.0,9434866.7,2.142,0.002831,0.010147,0.78,37.0875,37.4477,2.4201,3.6567,3.7245,0.0,,1011660000.0,891660000.0,248775738.0,3753258600.0,3308058600.0,区域地产,房地产,房地产开发,住宅开发,4.2,3.44,
2012-07-06,8.03,8.23,8.03,8.16,7.95,0.2099999999999999,2.64,3791499.0,14413701.8,2.142,0.004252,0.015241,1.28,38.0872,38.4571,2.4853,3.7553,3.8249,0.0,,1011660000.0,891660000.0,248775738.0,3854424600.0,3397224600.0,区域地产,房地产,房地产开发,住宅开发,4.08,3.34,
2012-07-09,8.12,8.2,7.86,7.88,8.16,-0.2800000000000002,-3.43,3252067.0,12145407.6,2.142,0.003647,0.0130719999999999,1.11,36.7876,37.1449,2.4005,3.6272,3.6943,0.0,,1011660000.0,891660000.0,248775738.0,3722908800.0,3281308800.0,区域地产,房地产,房地产开发,住宅开发,4.19,3.43,
2012-07-10,7.82,7.86,7.6,7.67,7.88,-0.2099999999999999,-2.66,3019294.0,10908370.8,2.142,0.003386,0.012137,0.96,35.788,36.1355,2.3353,3.5286,3.594,0.0,,1011660000.0,891660000.0,248775738.0,3621742800.000001,3192142800.0000005,区域地产,房地产,房地产开发,住宅开发,4.05,3.31,
2012-07-11,7.69,7.78,7.6,7.71,7.67,0.04,0.52,1715234.9999999998,6150503.899999999,2.142,0.001924,0.006895,0.53,35.9879,36.3374,2.3483,3.5483,3.614,0.0,,1011660000.0,891660000.0,248775738.0,3641976000.0,3209976000.0,区域地产,房地产,房地产开发,住宅开发,3.94,3.22,
2012-07-12,7.67,7.86,7.67,7.82,7.71,0.1100000000000003,1.43,1762988.0,6403786.699999999,2.142,0.001977,0.0070869999999999,0.62,36.4877,36.8421,2.3809,3.5976,3.6642,0.0,,1011660000.0,891660000.0,248775738.0,3692559000.0,3254559000.0,区域地产,房地产,房地产开发,住宅开发,3.96,3.24,
2012-07-13,7.78,7.93,7.78,7.86,7.82,0.04,0.51,1356657.0,4985079.399999999,2.142,0.001521,0.005453,0.5,36.6876,37.044,2.394,3.6173,3.6843,0.0,,1011660000.0,891660000.0,248775738.0,3712792200.0,3272392199.9999995,区域地产,房地产,房地产开发,住宅开发,4.02,3.29,
2012-07-16,7.9,7.9,7.45,7.5,7.86,-0.3600000000000003,-4.58,2418058.0,8591336.2,2.142,0.002712,0.00972,1.09,34.9882,35.328,2.2831,3.4498,3.5136,0.0,,1011660000.0,891660000.0,248775738.0,3540810000.0,3120810000.0,区域地产,房地产,房地产开发,住宅开发,4.04,3.3,
2012-07-17,7.48,7.75,7.45,7.69,7.5,0.1900000000000004,2.53,2227446.0,7952727.399999999,2.142,0.002498,0.008954,1.08,35.8879,36.2365,2.3418,3.5385,3.604,0.0,,1011660000.0,891660000.0,248775738.0,3631859400.0,3201059400.0,区域地产,房地产,房地产开发,住宅开发,3.85,3.15,
2012-07-18,7.65,7.69,7.39,7.58,7.69,-0.1100000000000003,-1.43,2431838.0,8544547.3,2.142,0.002727,0.009775,1.28,35.3881,35.7318,2.3092,3.4892,3.5538,0.0,,1011660000.0,891660000.0,248775738.0,3581276400.0,3156476400.0,区域地产,房地产,房地产开发,住宅开发,3.95,3.23,
2012-07-19,7.5,7.9,7.48,7.8,7.58,0.2199999999999997,2.9,4196533.0,15199336.4,2.142,0.004706,0.016869,2.06,36.3877,36.7412,2.3744,3.5877,3.6542,0.0,,1011660000.0,891660000.0,248775738.0,3682442400.0,3245642400.0,区域地产,房地产,房地产开发,住宅开发,3.89,3.19,
2012-07-20,7.69,8.18,7.6,7.86,7.8,0.0600000000000005,0.77,4624597.0,17012381.0,2.142,0.005187,0.018589,1.83,36.6876,37.044,2.394,3.6173,3.6843,0.0,,1011660000.0,891660000.0,248775738.0,3712792200.0,3272392199.9999995,区域地产,房地产,房地产开发,住宅开发,4.0,3.28,
2012-07-23,7.71,7.78,7.6,7.71,7.86,-0.1500000000000003,-1.91,2244640.0,8049012.300000001,2.142,0.0025169999999999,0.009023,0.71,35.9879,36.3374,2.3483,3.5483,3.614,0.0,,1011660000.0,891660000.0,248775738.0,3641976000.0,3209976000.0,区域地产,房地产,房地产开发,住宅开发,4.04,3.3,
2012-07-24,7.65,7.84,7.52,7.75,7.71,0.04,0.52,1609156.0,5817977.3,2.142,0.001805,0.006468,0.51,36.1878,36.5393,2.3614,3.568,3.6341,0.0,,1011660000.0,891660000.0,248775738.0,3662209200.0,3227809200.0,区域地产,房地产,房地产开发,住宅开发,3.96,3.24,
2012-07-25,7.75,7.75,7.6,7.63,7.75,-0.1200000000000001,-1.55,1582201.0,5660270.6,2.142,0.001774,0.00636,0.52,35.588,35.9337,2.3222,3.5089,3.5739,0.0,,1011660000.0,891660000.0,248775738.0,3601509600.0,3174309600.0,区域地产,房地产,房地产开发,住宅开发,3.98,3.26,
2012-07-26,7.63,7.69,7.5,7.54,7.63,-0.0899999999999998,-1.18,1999611.0,7075820.899999999,2.142,0.002243,0.008038,0.7,35.1882,35.5299,2.2961,3.4695,3.5337,0.0,,1011660000.0,891660000.0,248775738.0,3561043200.0,3138643200.0,区域地产,房地产,房地产开发,住宅开发,3.92,3.2,
2012-07-27,7.6,7.63,7.45,7.52,7.54,-0.0200000000000004,-0.27,1091017.0,3839823.4,2.142,0.001224,0.004386,0.45,35.0882,35.429,2.2896,3.4596,3.5237,0.0,,1011660000.0,891660000.0,248775738.0,3550926599.9999995,3129726599.9999995,区域地产,房地产,房地产开发,住宅开发,3.87,3.17,
2012-07-30,7.52,7.58,7.2,7.26,7.52,-0.2599999999999998,-3.46,1726340.0000000002,5907037.4,2.142,0.001936,0.006939,1.01,33.8886,34.2177,2.2113,3.3413,3.4032,0.0,,1011660000.0,891660000.0,248775738.0,3429527400.0,3022727400.0,区域地产,房地产,房地产开发,住宅开发,3.86,3.16,
2012-07-31,7.26,7.3,7.2,7.22,7.26,-0.04,-0.55,1504956.0,5093645.2,2.142,0.001688,0.006049,0.94,33.6887,34.0159,2.1983,3.3216,3.3831,0.0,,1011660000.0,891660000.0,248775738.0,3409294200.0,3004894200.0,区域地产,房地产,房地产开发,住宅开发,3.73,3.05,
2012-08-01,7.26,7.37,7.2,7.3,7.22,0.08,1.11,997370.0,3400044.3,2.142,0.001119,0.0040089999999999,0.63,34.0885,34.4196,2.2244,3.361,3.4233,0.0,,1011660000.0,891660000.0,248775738.0,3449760600.0,3040560600.0,区域地产,房地产,房地产开发,住宅开发,3.71,3.03,
2012-08-02,7.33,7.35,7.07,7.11,7.3,-0.1899999999999995,-2.6,1604971.0,5367728.100000001,2.142,0.0018,0.006451,1.1,33.1888,33.5112,2.1657,3.2723,3.3329,0.0,,1011660000.0,891660000.0,248775738.0,3358711200.0,2960311200.0,区域地产,房地产,房地产开发,住宅开发,3.75,3.07,
2012-08-03,7.13,7.26,7.09,7.26,7.11,0.1499999999999994,2.11,1482068.0,4967607.8,2.142,0.0016619999999999,0.005957,1.07,33.8886,34.2177,2.2113,3.3413,3.4032,0.0,,1011660000.0,891660000.0,248775738.0,3429527400.0,3022727400.0,区域地产,房地产,房地产开发,住宅开发,3.65,2.99,
2012-08-06,7.2,7.39,7.18,7.39,7.26,0.1299999999999999,1.79,1748845.0,5963191.2,2.142,0.001961,0.00703,1.2,34.4884,34.8234,2.2505,3.4005,3.4634,0.0,,1011660000.0,891660000.0,248775738.0,3490227000.0,3076227000.0,区域地产,房地产,房地产开发,住宅开发,3.73,3.05,
2012-08-07,7.39,7.54,7.39,7.48,7.39,0.0900000000000007,1.22,2233796.0,7782185.7,2.142,0.002505,0.008979,1.52,34.8883,35.2271,2.2766,3.4399,3.5036,0.0,,1011660000.0,891660000.0,248775738.0,3530693400.0000005,3111893400.0000005,区域地产,房地产,房地产开发,住宅开发,3.8,3.11,
2012-08-08,7.48,7.56,7.39,7.48,7.48,0.0,0.0,1896674.0,6621163.6,2.142,0.002127,0.007624,1.18,34.8883,35.2271,2.2766,3.4399,3.5036,0.0,,1011660000.0,891660000.0,248775738.0,3530693400.0000005,3111893400.0000005,区域地产,房地产,房地产开发,住宅开发,3.84,3.14,
2012-08-09,7.56,7.84,7.54,7.65,7.48,0.1699999999999999,2.27,3848043.0,13750370.8,2.142,0.0043159999999999,0.0154679999999999,2.15,35.688,36.0346,2.3288,3.5187,3.5839,0.0,,1011660000.0,891660000.0,248775738.0,3611626200.0,3183226200.0,区域地产,房地产,房地产开发,住宅开发,3.84,3.14,
2012-08-10,7.54,7.65,7.48,7.58,7.65,-0.0700000000000002,-0.92,1960121.0,6931935.3,2.142,0.002198,0.007879,0.87,35.3881,35.7318,2.3092,3.4892,3.5538,0.0,,1011660000.0,891660000.0,248775738.0,3581276400.0,3156476400.0,区域地产,房地产,房地产开发,住宅开发,3.93,3.21,
2012-08-13,7.54,7.54,7.37,7.37,7.58,-0.2099999999999999,-2.77,1601981.0,5556222.6,2.142,0.001797,0.006439,0.69,34.3884,34.7224,2.244,3.3906,3.4534,0.0,,1011660000.0,891660000.0,248775738.0,3480110400.0,3067310400.0,区域地产,房地产,房地产开发,住宅开发,3.89,3.19,
2012-08-14,7.37,7.45,7.28,7.43,7.37,0.0599999999999996,0.81,1228497.0,4225248.2,2.142,0.001378,0.004938,0.53,34.6883,35.0252,2.2635,3.4202,3.4835,0.0,,1011660000.0,891660000.0,248775738.0,3510460200.0,3094060200.0,区域地产,房地产,房地产开发,住宅开发,3.78,3.1,
2012-08-15,7.43,7.43,7.3,7.33,7.43,-0.0999999999999996,-1.35,1281090.0,4406870.600000001,2.142,0.001437,0.00515,0.61,34.1885,34.5205,2.2309,3.3709,3.4333,0.0,,1011660000.0,891660000.0,248775738.0,3459877199.9999995,3049477199.9999995,区域地产,房地产,房地产开发,住宅开发,3.82,3.12,
2012-08-16,7.3,7.33,7.24,7.26,7.33,-0.0700000000000002,-0.95,926433.0,3149560.9,2.142,0.001039,0.003724,0.47,33.8886,34.2177,2.2113,3.3413,3.4032,0.0,,1011660000.0,891660000.0,248775738.0,3429527400.0,3022727400.0,区域地产,房地产,房地产开发,住宅开发,3.76,3.08,
2012-08-17,7.28,7.28,7.18,7.24,7.26,-0.0199999999999995,-0.28,818383.0,2755952.0,2.142,0.000918,0.00329,0.58,33.7886,34.1168,2.2048,3.3315,3.3932,0.0,,1011660000.0,891660000.0,248775738.0,3419410800.0,3013810800.0,区域地产,房地产,房地产开发,住宅开发,3.73,3.05,
2012-08-20,7.24,7.28,7.07,7.22,7.24,-0.0200000000000004,-0.28,1157776.0,3871186.5,2.142,0.001298,0.004654,0.99,33.6887,34.0159,2.1983,3.3216,3.3831,0.0,,1011660000.0,891660000.0,248775738.0,3409294200.0,3004894200.0,区域地产,房地产,房地产开发,住宅开发,3.72,3.04,
2012-08-21,7.24,7.37,7.22,7.37,7.22,0.1500000000000003,2.08,1415085.0,4842846.5,2.142,0.001587,0.0056879999999999,1.31,34.3884,34.7224,2.244,3.3906,3.4534,0.0,,1011660000.0,891660000.0,248775738.0,3480110400.0,3067310400.0,区域地产,房地产,房地产开发,住宅开发,3.71,3.03,
2012-08-22,7.37,7.43,7.2,7.26,7.37,-0.1100000000000003,-1.49,1332743.0,4556705.7,2.142,0.001495,0.005357,1.19,33.8886,34.2177,2.2113,3.3413,3.4032,0.0,,1011660000.0,891660000.0,248775738.0,3429527400.0,3022727400.0,区域地产,房地产,房地产开发,住宅开发,3.78,3.1,
2012-08-23,7.33,7.41,7.26,7.35,7.26,0.0899999999999998,1.24,1506232.0,5163281.8,2.142,0.001689,0.006055,1.33,34.2885,34.6215,2.2374,3.3808,3.4434,0.0,,1011660000.0,891660000.0,248775738.0,3469993800.0,3058393800.0,区域地产,房地产,房地产开发,住宅开发,3.73,3.05,
2012-08-24,7.3,7.48,7.28,7.39,7.35,0.04,0.54,3006840.0,10374612.6,2.142,0.003372,0.012087,2.41,34.4884,34.8234,2.2505,3.4005,3.4634,0.0,,1011660000.0,891660000.0,248775738.0,3490227000.0,3076227000.0,区域地产,房地产,房地产开发,住宅开发,3.77,3.09,
2012-08-27,7.37,7.52,7.18,7.24,7.39,-0.1499999999999994,-2.03,3737337.000000001,12847332.4,2.142,0.0041909999999999,0.015023,2.22,33.7886,34.1168,2.2048,3.3315,3.3932,0.0,,1011660000.0,891660000.0,248775738.0,3419410800.0,3013810800.0,区域地产,房地产,房地产开发,住宅开发,3.8,3.11,
2012-08-28,7.2,7.26,7.13,7.18,7.24,-0.0600000000000005,-0.83,1827398.0,6128112.600000001,2.142,0.002049,0.007346,0.83,33.4887,33.814,2.1853,3.3019,3.3631,0.0,,1011660000.0,891660000.0,248775738.0,3389061000.0,2987061000.0,区域地产,房地产,房地产开发,住宅开发,3.72,3.04,
2012-08-29,7.18,7.22,7.09,7.11,7.18,-0.0699999999999994,-0.97,920200.0,3070977.0,2.142,0.001032,0.003699,0.4,33.1888,33.5112,2.1657,3.2723,3.3329,0.0,,1011660000.0,891660000.0,248775738.0,3358711200.0,2960311200.0,区域地产,房地产,房地产开发,住宅开发,3.69,3.02,
2012-08-30,7.11,7.15,6.94,6.98,7.11,-0.1299999999999999,-1.83,1210192.0,3983505.9,2.142,0.001357,0.0048649999999999,0.55,32.589,32.9055,2.1265,3.2132,3.2727,0.0,,1011660000.0,891660000.0,248775738.0,3298011599.9999995,2906811599.9999995,区域地产,房地产,房地产开发,住宅开发,3.65,2.99,
2012-08-31,7.0,7.05,6.94,7.03,6.98,0.0499999999999998,0.72,763757.0,2496674.6,2.142,0.000857,0.00307,0.36,32.789,43.1034,2.1154,3.2329,3.6074,0.0,,1011660000.0,891660000.0,248775738.0,3318244800.0,2924644800.0,区域地产,房地产,房地产开发,住宅开发,3.59,2.93,
2012-09-03,7.03,7.18,6.98,7.15,7.03,0.1200000000000001,1.71,1132621.0,3763991.8,2.142,0.00127,0.004553,0.67,33.3888,43.8919,2.1541,3.292,3.6734,0.0,,1011660000.0,891660000.0,248775738.0,3378944400.0,2978144400.0,区域地产,房地产,房地产开发,住宅开发,3.61,2.95,
2012-09-04,7.15,7.15,7.0,7.03,7.15,-0.1200000000000001,-1.68,795800.0,2629549.0,2.142,0.000892,0.003199,0.68,32.789,43.1034,2.1154,3.2329,3.6074,0.0,,1011660000.0,891660000.0,248775738.0,3318244800.0,2924644800.0,区域地产,房地产,房地产开发,住宅开发,3.67,3.01,
2012-09-05,6.98,7.24,6.98,7.2,7.03,0.1699999999999999,2.42,2141185.0,7120949.7,2.142,0.002401,0.008607,2.22,33.5887,44.1547,2.167,3.3118,3.6954,0.0,,1011660000.0,891660000.0,248775738.0,3399177600.0,2995977600.0,区域地产,房地产,房地产开发,住宅开发,3.61,2.95,
2012-09-06,7.2,7.3,7.15,7.28,7.2,0.08,1.11,2367984.0,8005536.8,2.142,0.002656,0.009519,1.96,33.9886,44.6804,2.1928,3.3512,3.7394,0.0,,1011660000.0,891660000.0,248775738.0,3439644000.0,3031644000.0,区域地产,房地产,房地产开发,住宅开发,3.7,3.02,
2012-09-07,7.3,7.56,7.24,7.52,7.28,0.2399999999999993,3.3,5038360.0,17480249.3,2.142,0.005651,0.020253,3.5,35.0882,46.1259,2.2637,3.4596,3.8604,0.0,,1011660000.0,891660000.0,248775738.0,3550926599.9999995,3129726599.9999995,区域地产,房地产,房地产开发,住宅开发,3.74,3.06,
2012-09-10,7.52,7.56,7.41,7.48,7.52,-0.0399999999999991,-0.53,2385857.0,8324154.399999999,2.142,0.002676,0.00959,1.04,34.8883,45.8631,2.2508,3.4399,3.8384,0.0,,1011660000.0,891660000.0,248775738.0,3530693400.0000005,3111893400.0000005,区域地产,房地产,房地产开发,住宅开发,3.86,3.16,
2012-09-11,7.48,7.48,7.33,7.48,7.48,0.0,0.0,2194837.0,7575840.0,2.142,0.002462,0.008823,0.86,34.8883,45.8631,2.2508,3.4399,3.8384,0.0,,1011660000.0,891660000.0,248775738.0,3530693400.0000005,3111893400.0000005,区域地产,房地产,房地产开发,住宅开发,3.84,3.14,
2012-09-12,7.43,7.6,7.41,7.52,7.48,0.0399999999999991,0.53,2666855.0,9329968.7,2.142,0.0029909999999999,0.01072,0.94,35.0882,46.1259,2.2637,3.4596,3.8604,0.0,,1011660000.0,891660000.0,248775738.0,3550926599.9999995,3129726599.9999995,区域地产,房地产,房地产开发,住宅开发,3.84,3.14,
2012-09-13,7.5,7.5,7.35,7.35,7.52,-0.1699999999999999,-2.26,1634205.0,5655903.7,2.142,0.001833,0.006569,0.56,34.2885,45.0746,2.2121,3.3808,3.7724,0.0,,1011660000.0,891660000.0,248775738.0,3469993800.0,3058393800.0,区域地产,房地产,房地产开发,住宅开发,3.86,3.16,
2012-09-14,7.39,7.56,7.33,7.41,7.35,0.0600000000000005,0.82,3067525.0,10657759.8,2.142,0.00344,0.01233,1.1,34.5884,45.4689,2.2315,3.4103,3.8054,0.0,,1011660000.0,891660000.0,248775738.0,3500343600.0,3085143600.0,区域地产,房地产,房地产开发,住宅开发,3.77,3.09,
2012-09-17,7.45,7.45,7.05,7.07,7.41,-0.3399999999999998,-4.59,2227638.0,7506579.5,2.142,0.002498,0.008954,0.93,32.9889,43.3663,2.1283,3.2526,3.6294,0.0,,1011660000.0,891660000.0,248775738.0,3338478000.0,2942478000.0,区域地产,房地产,房地产开发,住宅开发,3.81,3.11,
2012-09-18,7.11,7.2,7.07,7.13,7.07,0.0599999999999996,0.85,1501415.0,4997711.8,2.142,0.001684,0.006035,0.64,33.2888,43.7605,2.1476,3.2822,3.6624,0.0,,1011660000.0,891660000.0,248775738.0,3368827800.0000005,2969227800.0000005,区域地产,房地产,房地产开发,住宅开发,3.63,2.97,
2012-09-19,7.15,7.28,7.09,7.2,7.13,0.0700000000000002,0.98,1184942.0,3975302.8,2.142,0.0013289999999999,0.004763,0.53,33.5887,44.1547,2.167,3.3118,3.6954,0.0,,1011660000.0,891660000.0,248775738.0,3399177600.0,2995977600.0,区域地产,房地产,房地产开发,住宅开发,3.66,3.0,
2012-09-20,7.18,7.22,7.05,7.07,7.2,-0.1299999999999999,-1.81,1303149.0,4321926.2,2.142,0.001461,0.005238,0.68,32.9889,43.3663,2.1283,3.2526,3.6294,0.0,,1011660000.0,891660000.0,248775738.0,3338478000.0,2942478000.0,区域地产,房地产,房地产开发,住宅开发,3.7,3.02,
2012-09-21,7.07,7.11,7.0,7.0,7.07,-0.0700000000000002,-0.99,1004594.0,3305830.8000000003,2.142,0.001127,0.004038,0.54,32.689,42.972,2.1089,3.2231,3.5964,0.0,,1011660000.0,891660000.0,248775738.0,3308128200.0,2915728200.0,区域地产,房地产,房地产开发,住宅开发,3.63,2.97,
2012-09-24,7.0,7.05,6.85,7.0,7.0,0.0,0.0,1182016.0,3842286.7,2.142,0.001326,0.004751,0.82,32.689,42.972,2.1089,3.2231,3.5964,0.0,,1011660000.0,891660000.0,248775738.0,3308128200.0,2915728200.0,区域地产,房地产,房地产开发,住宅开发,3.6,2.94,
2012-09-25,7.03,7.05,6.94,7.0,7.0,0.0,0.0,768162.0,2510211.5,2.142,0.000861,0.003088,0.62,32.689,42.972,2.1089,3.2231,3.5964,0.0,,1011660000.0,891660000.0,248775738.0,3308128200.0,2915728200.0,区域地产,房地产,房地产开发,住宅开发,3.6,2.94,
2012-09-26,7.0,7.0,6.75,6.77,7.0,-0.2300000000000004,-3.29,1280700.0,4104020.000000001,2.142,0.001436,0.005148,1.18,31.5894,41.5265,2.038,3.1146,3.4754,0.0,,1011660000.0,891660000.0,248775738.0,3196845600.0,2817645600.0,区域地产,房地产,房地产开发,住宅开发,3.6,2.94,
2012-09-27,6.79,6.94,6.7,6.9,6.77,0.1300000000000007,1.92,2387503.0,7623666.0,2.142,0.002678,0.009597,2.16,32.1892,42.315,2.0767,3.1738,3.5414,0.0,,1011660000.0,891660000.0,248775738.0,3257545200.0,2871145200.0,区域地产,房地产,房地产开发,住宅开发,3.48,2.84,
2012-09-28,6.9,7.0,6.83,6.98,6.9,0.08,1.16,2165505.0,7002511.6,2.142,0.002429,0.008705,1.63,32.589,42.8406,2.1025,3.2132,3.5854,0.0,,1011660000.0,891660000.0,248775738.0,3298011599.9999995,2906811599.9999995,区域地产,房地产,房地产开发,住宅开发,3.54,2.9,
2012-10-08,6.96,7.0,6.88,6.92,6.98,-0.0600000000000005,-0.86,1129890.0,3655191.5,2.142,0.001267,0.004542,0.73,32.2891,42.4464,2.0831,3.1836,3.5524,0.0,,1011660000.0,891660000.0,248775738.0,3267661800.0,2880061800.0,区域地产,房地产,房地产开发,住宅开发,3.59,2.93,
2012-10-09,6.92,7.07,6.92,7.05,6.92,0.1299999999999999,1.88,2654512.0,8694820.0,2.142,0.002977,0.0106699999999999,1.72,32.8889,43.2349,2.1218,3.2428,3.6184,0.0,,1011660000.0,891660000.0,248775738.0,3328361400.0,2933561400.0,区域地产,房地产,房地产开发,住宅开发,3.55,2.91,
2012-10-10,7.05,7.18,7.0,7.15,7.05,0.1000000000000005,1.42,2789043.0,9247120.2,2.142,0.003128,0.011211,1.45,33.3888,43.8919,2.1541,3.292,3.6734,0.0,,1011660000.0,891660000.0,248775738.0,3378944400.0,2978144400.0,区域地产,房地产,房地产开发,住宅开发,3.62,2.96,
2012-10-11,7.13,7.18,7.0,7.03,7.15,-0.1200000000000001,-1.68,1641025.9999999998,5430178.0,2.142,0.00184,0.0065959999999999,0.74,32.789,43.1034,2.1154,3.2329,3.6074,0.0,,1011660000.0,891660000.0,248775738.0,3318244800.0,2924644800.0,区域地产,房地产,房地产开发,住宅开发,3.67,3.01,
2012-10-12,7.05,7.13,6.98,7.09,7.03,0.0599999999999996,0.85,1795013.0,5923625.0,2.142,0.002013,0.007215,0.86,33.0889,43.4977,2.1347,3.2625,3.6404,0.0,,1011660000.0,891660000.0,248775738.0,3348594600.0,2951394600.0,区域地产,房地产,房地产开发,住宅开发,3.61,2.95,
2012-10-15,7.09,7.09,6.92,7.0,7.09,-0.0899999999999998,-1.27,1076608.0,3511741.2,2.142,0.001207,0.004328,0.54,32.689,42.972,2.1089,3.2231,3.5964,0.0,,1011660000.0,891660000.0,248775738.0,3308128200.0,2915728200.0,区域地产,房地产,房地产开发,住宅开发,3.64,2.98,
2012-10-16,6.98,7.09,6.96,7.0,7.0,0.0,0.0,1272904.0,4174711.3,2.142,0.001428,0.005117,0.64,32.689,42.972,2.1089,3.2231,3.5964,0.0,,1011660000.0,891660000.0,248775738.0,3308128200.0,2915728200.0,区域地产,房地产,房地产开发,住宅开发,3.6,2.94,
2012-10-17,7.07,7.07,6.96,7.0,7.0,0.0,0.0,1052549.0,3445640.5,2.142,0.0011799999999999,0.0042309999999999,0.61,32.689,42.972,2.1089,3.2231,3.5964,0.0,,1011660000.0,891660000.0,248775738.0,3308128200.0,2915728200.0,区域地产,房地产,房地产开发,住宅开发,3.6,2.94,
2012-10-18,7.05,7.71,7.0,7.35,7.0,0.3499999999999996,5.0,8756857.0,30416199.1,2.142,0.009821,0.0352,6.4,34.2885,45.0746,2.2121,3.3808,3.7724,0.0,,1011660000.0,891660000.0,248775738.0,3469993800.0,3058393800.0,区域地产,房地产,房地产开发,住宅开发,3.6,2.94,
2012-10-19,7.26,7.48,7.15,7.24,7.35,-0.1099999999999994,-1.5,6165853.0,21056071.7,2.142,0.006915,0.0247849999999999,2.21,33.7886,44.4176,2.1799,3.3315,3.7174,0.0,,1011660000.0,891660000.0,248775738.0,3419410800.0,3013810800.0,区域地产,房地产,房地产开发,住宅开发,3.77,3.09,
2012-10-22,7.18,7.45,7.18,7.39,7.24,0.1499999999999994,2.07,3494335.0,11956767.8,2.142,0.003919,0.014046,0.95,34.4884,45.3375,2.225,3.4005,3.7944,0.0,,1011660000.0,891660000.0,248775738.0,3490227000.0,3076227000.0,区域地产,房地产,房地产开发,住宅开发,3.72,3.04,
2012-10-23,7.39,7.99,7.3,7.58,7.39,0.1900000000000004,2.57,10317806.0,36972742.3,2.142,0.011571,0.041474,2.49,35.3881,46.5202,2.2831,3.4892,3.8934,0.0,,1011660000.0,891660000.0,248775738.0,3581276400.0,3156476400.0,区域地产,房地产,房地产开发,住宅开发,3.8,3.11,
2012-10-24,7.56,7.65,7.41,7.63,7.58,0.0499999999999998,0.66,4703537.0,16509133.8,2.142,0.0052749999999999,0.018907,0.79,35.588,46.783,2.296,3.5089,3.9154,0.0,,1011660000.0,891660000.0,248775738.0,3601509600.0,3174309600.0,区域地产,房地产,房地产开发,住宅开发,3.89,3.19,
2012-10-25,7.58,7.71,7.35,7.35,7.63,-0.2800000000000002,-3.67,3932188.0,13821654.9,2.142,0.00441,0.015806,0.59,34.2885,45.0746,2.2121,3.3808,3.7724,0.0,,1011660000.0,891660000.0,248775738.0,3469993800.0,3058393800.0,区域地产,房地产,房地产开发,住宅开发,3.92,3.2,
2012-10-26,7.35,7.39,7.09,7.15,7.35,-0.1999999999999993,-2.72,3524321.0,11858302.2,2.142,0.003953,0.014167,0.62,33.3888,43.8919,2.1541,3.292,3.6734,0.0,,1011660000.0,891660000.0,248775738.0,3378944400.0,2978144400.0,区域地产,房地产,房地产开发,住宅开发,3.77,3.09,
2012-10-29,7.15,7.26,7.11,7.24,7.15,0.0899999999999998,1.26,1552136.0,5208445.800000001,2.142,0.001741,0.006239,0.3,33.7886,44.4176,2.1799,3.3315,3.7174,0.0,,1011660000.0,891660000.0,248775738.0,3419410800.0,3013810800.0,区域地产,房地产,房地产开发,住宅开发,3.67,3.01,
2012-10-30,7.24,7.54,7.18,7.43,7.24,0.1899999999999995,2.62,4454269.0,15361349.9,2.142,0.004995,0.017905,0.93,34.6883,45.6003,2.2379,3.4202,3.8164,0.0,,1011660000.0,891660000.0,248775738.0,3510460200.0,3094060200.0,区域地产,房地产,房地产开发,住宅开发,3.72,3.04,
2012-10-31,7.39,7.54,7.26,7.43,7.43,0.0,0.0,3565969.0,12295530.9,2.142,0.003999,0.014334,0.98,34.6883,45.055,2.2053,3.4202,3.7432,0.0,,1011660000.0,891660000.0,248775738.0,3510460200.0,3094060200.0,区域地产,房地产,房地产开发,住宅开发,3.82,3.12,
2012-11-01,7.41,7.8,7.35,7.65,7.43,0.2200000000000006,2.96,9382556.0,33535040.8,2.142,0.010523,0.037715,2.75,35.688,46.3534,2.2689,3.5187,3.8511,0.0,,1011660000.0,891660000.0,248775738.0,3611626200.0,3183226200.0,区域地产,房地产,房地产开发,住宅开发,3.82,3.12,
2012-11-02,7.67,8.31,7.58,8.1,7.65,0.4499999999999993,5.88,15942973.000000002,59022015.4,2.142,0.01788,0.064086,3.55,37.7873,49.0801,2.4024,3.7257,4.0777,0.0,,1011660000.0,891660000.0,248775738.0,3824074800.0,3370474800.0,区域地产,房地产,房地产开发,住宅开发,3.93,3.21,
2012-11-05,8.03,8.03,7.71,7.8,8.1,-0.2999999999999998,-3.7,9466652.0,34677646.4,2.142,0.010617,0.038053,1.36,36.3877,47.2623,2.3134,3.5877,3.9266,0.0,,1011660000.0,891660000.0,248775738.0,3682442400.0,3245642400.0,区域地产,房地产,房地产开发,住宅开发,4.16,3.4,
2012-11-06,7.75,7.88,7.41,7.65,7.8,-0.1499999999999994,-1.92,6717656.0,23792556.0,2.142,0.007534,0.027003,0.78,35.688,46.3534,2.2689,3.5187,3.8511,0.0,,1011660000.0,891660000.0,248775738.0,3611626200.0,3183226200.0,区域地产,房地产,房地产开发,住宅开发,4.0,3.28,
2012-11-07,7.6,7.73,7.52,7.6,7.65,-0.0500000000000007,-0.65,2888702.0,10308760.1,2.142,0.00324,0.011612,0.32,35.4881,46.0937,2.2562,3.499,3.8295,0.0,,1011660000.0,891660000.0,248775738.0,3591393000.0,3165393000.0,区域地产,房地产,房地产开发,住宅开发,3.93,3.21,
2012-11-08,7.6,7.75,7.39,7.39,7.6,-0.2099999999999999,-2.76,4292973.0,15151578.4,2.142,0.004815,0.017256,0.48,34.4884,44.7953,2.1926,3.4005,3.7217,0.0,,1011660000.0,891660000.0,248775738.0,3490227000.0,3076227000.0,区域地产,房地产,房地产开发,住宅开发,3.91,3.2,
2012-11-09,7.37,7.52,7.3,7.48,7.39,0.0900000000000007,1.22,3194170.0,11073303.0,2.142,0.003582,0.01284,0.41,34.8883,45.3147,2.2181,3.4399,3.7648,0.0,,1011660000.0,891660000.0,248775738.0,3530693400.0000005,3111893400.0000005,区域地产,房地产,房地产开发,住宅开发,3.8,3.11,
2012-11-12,7.5,7.65,7.45,7.65,7.48,0.1699999999999999,2.27,2668736.0,9403789.6,2.142,0.002993,0.010727,0.5,35.688,46.3534,2.2689,3.5187,3.8511,0.0,,1011660000.0,891660000.0,248775738.0,3611626200.0,3183226200.0,区域地产,房地产,房地产开发,住宅开发,3.84,3.14,
2012-11-13,7.65,7.65,7.28,7.3,7.65,-0.3500000000000005,-4.58,3216087.0,11136376.3,2.142,0.003607,0.012928,0.81,34.0885,44.276,2.1672,3.361,3.6785,0.0,,1011660000.0,891660000.0,248775738.0,3449760600.0,3040560600.0,区域地产,房地产,房地产开发,住宅开发,3.93,3.21,
2012-11-14,7.3,7.33,7.2,7.28,7.3,-0.0199999999999995,-0.27,1642018.0,5558062.5,2.142,0.001842,0.0066,0.5,33.9886,44.1461,2.1609,3.3512,3.6677,0.0,,1011660000.0,891660000.0,248775738.0,3439644000.0,3031644000.0,区域地产,房地产,房地产开发,住宅开发,3.75,3.07,
2012-11-15,7.24,7.39,7.18,7.2,7.28,-0.08,-1.1,1515850.0,5159332.6,2.142,0.0017,0.0060929999999999,0.5,33.5887,43.6267,2.1354,3.3118,3.6246,0.0,,1011660000.0,891660000.0,248775738.0,3399177600.0,2995977600.0,区域地产,房地产,房地产开发,住宅开发,3.74,3.06,
2012-11-16,7.2,7.26,7.13,7.24,7.2,0.04,0.56,1260226.0,4233531.9,2.142,0.001413,0.005066,0.51,33.7886,43.8864,2.1481,3.3315,3.6462,0.0,,1011660000.0,891660000.0,248775738.0,3419410800.0,3013810800.0,区域地产,房地产,房地产开发,住宅开发,3.7,3.02,
2012-11-19,7.26,7.35,7.18,7.3,7.24,0.0599999999999996,0.83,973433.0,3305950.3,2.142,0.001092,0.003913,0.47,34.0885,44.276,2.1672,3.361,3.6785,0.0,,1011660000.0,891660000.0,248775738.0,3449760600.0,3040560600.0,区域地产,房地产,房地产开发,住宅开发,3.72,3.04,
2012-11-20,7.37,7.39,7.18,7.26,7.3,-0.04,-0.55,1236257.0,4196029.2,2.142,0.001386,0.004969,0.72,33.8886,44.0163,2.1545,3.3413,3.6569,0.0,,1011660000.0,891660000.0,248775738.0,3429527400.0,3022727400.0,区域地产,房地产,房地产开发,住宅开发,3.75,3.07,
2012-11-21,7.24,7.45,7.2,7.43,7.26,0.1699999999999999,2.34,2489451.0,8533803.1,2.142,0.002792,0.0100069999999999,1.88,34.6883,45.055,2.2053,3.4202,3.7432,0.0,,1011660000.0,891660000.0,248775738.0,3510460200.0,3094060200.0,区域地产,房地产,房地产开发,住宅开发,3.73,3.05,
2012-11-22,7.39,7.39,7.28,7.3,7.43,-0.1299999999999999,-1.75,1258739.0,4306926.9,2.142,0.0014119999999999,0.00506,0.84,34.0885,44.276,2.1672,3.361,3.6785,0.0,,1011660000.0,891660000.0,248775738.0,3449760600.0,3040560600.0,区域地产,房地产,房地产开发,住宅开发,3.82,3.12,
2012-11-23,7.3,7.39,7.26,7.33,7.3,0.0300000000000002,0.41,1122566.0,3855304.0,2.142,0.001259,0.0045119999999999,0.78,34.1885,44.4058,2.1736,3.3709,3.6893,0.0,,1011660000.0,891660000.0,248775738.0,3459877199.9999995,3049477199.9999995,区域地产,房地产,房地产开发,住宅开发,3.75,3.07,
2012-11-26,7.33,7.35,7.26,7.3,7.33,-0.0300000000000002,-0.41,945566.0,3220080.4,2.142,0.00106,0.003801,0.67,34.0885,44.276,2.1672,3.361,3.6785,0.0,,1011660000.0,891660000.0,248775738.0,3449760600.0,3040560600.0,区域地产,房地产,房地产开发,住宅开发,3.76,3.08,
2012-11-27,7.26,7.28,6.92,6.94,7.3,-0.3599999999999994,-4.93,2286776.0,7587946.5,2.142,0.002565,0.009192,1.62,32.3891,42.0686,2.0592,3.1935,3.4951,0.0,,1011660000.0,891660000.0,248775738.0,3277778400.0000005,2888978400.0000005,区域地产,房地产,房地产开发,住宅开发,3.75,3.07,
2012-11-28,6.96,7.03,6.77,6.83,6.94,-0.1100000000000003,-1.59,1237803.0,3964392.0,2.142,0.001388,0.0049759999999999,0.76,31.8893,41.4194,2.0274,3.1442,3.4412,0.0,,1011660000.0,891660000.0,248775738.0,3227195400.0,2844395400.0,区域地产,房地产,房地产开发,住宅开发,3.56,2.92,
2012-11-29,6.83,6.96,6.79,6.81,6.83,-0.0200000000000004,-0.29,940280.0,3017629.1,2.142,0.001055,0.00378,0.69,31.7893,41.2896,2.021,3.1343,3.4304,0.0,,1011660000.0,891660000.0,248775738.0,3217078800.0,2835478800.0,区域地产,房地产,房地产开发,住宅开发,3.51,2.87,
2012-11-30,6.81,7.11,6.81,7.05,6.81,0.2400000000000002,3.52,2185261.0,7114156.600000001,2.142,0.002451,0.008784,1.67,32.8889,42.7179,2.0909,3.2428,3.5491,0.0,,1011660000.0,891660000.0,248775738.0,3328361400.0,2933561400.0,区域地产,房地产,房地产开发,住宅开发,3.5,2.86,
2012-12-03,7.05,7.22,6.92,6.96,7.05,-0.0899999999999998,-1.28,1960971.0,6476423.2,2.142,0.002199,0.007882,1.29,32.4891,42.1985,2.0655,3.2033,3.5059,0.0,,1011660000.0,891660000.0,248775738.0,3287895000.0,2897895000.0,区域地产,房地产,房地产开发,住宅开发,3.62,2.96,
2012-12-04,6.98,7.11,6.85,7.11,6.96,0.1500000000000003,2.16,1768472.0,5760809.9,2.142,0.001983,0.007109,1.03,33.1888,43.1074,2.11,3.2723,3.5814,0.0,,1011660000.0,891660000.0,248775738.0,3358711200.0,2960311200.0,区域地产,房地产,房地产开发,住宅开发,3.58,2.93,
2012-12-05,7.07,7.45,7.05,7.3,7.11,0.1899999999999995,2.67,4310820.0,14658843.6,2.142,0.004835,0.017328,2.66,34.0885,44.276,2.1672,3.361,3.6785,0.0,,1011660000.0,891660000.0,248775738.0,3449760600.0,3040560600.0,区域地产,房地产,房地产开发,住宅开发,3.65,2.99,
2012-12-06,7.26,7.37,7.2,7.28,7.3,-0.0199999999999995,-0.27,2421273.0,8231759.5,2.142,0.002715,0.009733,1.08,33.9886,44.1461,2.1609,3.3512,3.6677,0.0,,1011660000.0,891660000.0,248775738.0,3439644000.0,3031644000.0,区域地产,房地产,房地产开发,住宅开发,3.75,3.07,
2012-12-07,7.33,8.01,7.2,8.01,7.28,0.7299999999999995,10.03,14713063.0,53443259.5,2.142,0.016501,0.059142,5.82,37.3874,48.5607,2.3769,3.6863,4.0345,0.0,,1011660000.0,891660000.0,248775738.0,3783608400.000001,3334808400.0000005,区域地产,房地产,房地产开发,住宅开发,3.74,3.06,
2012-12-10,8.1,8.25,7.82,7.97,8.01,-0.04,-0.5,20292287.0,75913647.5,2.142,0.0227579999999999,0.081569,4.03,37.1875,48.301,2.3642,3.6666,4.0129,0.0,,1011660000.0,891660000.0,248775738.0,3763375200.0,3316975200.0,区域地产,房地产,房地产开发,住宅开发,4.11,3.37,
2012-12-11,7.86,8.76,7.78,8.76,7.97,0.79,9.91,23970374.0,95269354.2,2.142,0.026883,0.096353,2.75,40.8862,53.1052,2.5994,4.0313,4.4121,0.0,,1011660000.0,891660000.0,248775738.0,4137689400.0,3646889400.0,区域地产,房地产,房地产开发,住宅开发,4.09,3.35,
2012-12-12,8.74,8.76,8.27,8.46,8.76,-0.2999999999999989,-3.42,22955496.0,90289216.5,2.142,0.025745,0.092274,1.75,39.4867,51.2874,2.5104,3.8933,4.261,0.0,,1011660000.0,891660000.0,248775738.0,3996057000.0,3522057000.0,区域地产,房地产,房地产开发,住宅开发,4.5,3.68,
2012-12-13,8.31,8.55,8.12,8.16,8.46,-0.3000000000000007,-3.55,17107404.0,66246149.1,2.142,0.019186,0.068766,1.01,38.0872,49.4696,2.4214,3.7553,4.11,0.0,,1011660000.0,891660000.0,248775738.0,3854424600.0,3397224600.0,区域地产,房地产,房地产开发,住宅开发,4.35,3.56,
2012-12-14,8.08,8.46,8.03,8.4,8.16,0.2400000000000002,2.94,17347226.0,67430916.5,2.142,0.019455,0.06973,0.88,39.1868,50.8979,2.4913,3.8637,4.2287,0.0,,1011660000.0,891660000.0,248775738.0,3965707200.0,3495307199.9999995,区域地产,房地产,房地产开发,住宅开发,4.19,3.43,
2012-12-17,8.38,8.74,8.25,8.33,8.4,-0.0700000000000002,-0.83,14275743.0,56269587.9,2.142,0.01601,0.057384,0.7,38.8869,50.5083,2.4723,3.8342,4.1963,0.0,,1011660000.0,891660000.0,248775738.0,3935357400.0,3468557400.0,区域地产,房地产,房地产开发,住宅开发,4.31,3.53,
2012-12-18,8.29,8.38,8.05,8.2,8.33,-0.1300000000000007,-1.56,8876598.0,33998949.4,2.142,0.009955,0.035681,0.46,38.2871,49.7293,2.4341,3.775,4.1316,0.0,,1011660000.0,891660000.0,248775738.0,3874657800.000001,3415057800.0000005,区域地产,房地产,房地产开发,住宅开发,4.28,3.5,
2012-12-19,8.14,8.65,8.1,8.35,8.2,0.1500000000000003,1.83,14516474.0,56782709.4,2.142,0.01628,0.058352,0.9,38.9869,50.6382,2.4786,3.844,4.2071,0.0,,1011660000.0,891660000.0,248775738.0,3945474000.0,3477474000.0,区域地产,房地产,房地产开发,住宅开发,4.21,3.45,
2012-12-20,8.25,8.38,8.03,8.38,8.35,0.0300000000000011,0.36,9965587.0,38111236.3,2.142,0.0111759999999999,0.040059,0.69,39.0868,50.768,2.485,3.8539,4.2179,0.0,,1011660000.0,891660000.0,248775738.0,3955590600.0,3486390600.0,区域地产,房地产,房地产开发,住宅开发,4.29,3.51,
2012-12-21,8.35,8.4,8.1,8.12,8.38,-0.2600000000000015,-3.1,8606460.0,33030912.2,2.142,0.0096519999999999,0.034595,0.66,37.8872,49.2099,2.4087,3.7356,4.0884,0.0,,1011660000.0,891660000.0,248775738.0,3834191400.0,3379391400.0,区域地产,房地产,房地产开发,住宅开发,4.3,3.52,
2012-12-24,8.08,8.31,8.03,8.2,8.12,0.08,0.99,5711705.0,21788601.1,2.142,0.0064059999999999,0.022959,0.51,38.2871,49.7293,2.4341,3.775,4.1316,0.0,,1011660000.0,891660000.0,248775738.0,3874657800.000001,3415057800.0000005,区域地产,房地产,房地产开发,住宅开发,4.17,3.41,
2012-12-25,8.14,8.57,8.05,8.42,8.2,0.2200000000000006,2.68,13817569.0,54228487.9,2.142,0.015496,0.055542,1.45,39.2868,51.0277,2.4977,3.8736,4.2395,0.0,,1011660000.0,891660000.0,248775738.0,3975823800.0,3504223800.0,区域地产,房地产,房地产开发,住宅开发,4.21,3.45,
2012-12-26,8.35,9.25,8.35,8.89,8.42,0.4700000000000006,5.58,30678692.0,129020434.4,2.142,0.034406,0.123319,2.92,41.486,53.8842,2.6375,4.0904,4.4768,0.0,,1011660000.0,891660000.0,248775738.0,4198389000.0,3700389000.0,区域地产,房地产,房地产开发,住宅开发,4.32,3.54,
2012-12-27,8.74,8.85,8.46,8.55,8.89,-0.3399999999999998,-3.82,16644894.0,66890212.9,2.142,0.018667,0.066907,1.21,39.8866,51.8068,2.5358,3.9327,4.3042,0.0,,1011660000.0,891660000.0,248775738.0,4036523400.000001,3557723400.0000005,区域地产,房地产,房地产开发,住宅开发,4.57,3.74,
2012-12-28,8.55,8.8,8.46,8.72,8.55,0.1699999999999999,1.99,10578292.0,42735263.3,2.142,0.011864,0.042521,0.7,40.6863,52.8455,2.5867,4.0116,4.3905,0.0,,1011660000.0,891660000.0,248775738.0,4117456200.0,3629056200.0,区域地产,房地产,房地产开发,住宅开发,4.39,3.59,
2012-12-31,8.78,9.04,8.63,8.8,8.72,0.08,0.92,13787275.0,57057454.6,2.142,0.015462,0.05542,0.89,41.0862,53.3649,2.6121,4.051,4.4336,0.0,,1011660000.0,891660000.0,248775738.0,4157922600.0,3664722600.0,区域地产,房地产,房地产开发,住宅开发,4.48,3.66,
2013-01-04,8.89,8.93,8.57,8.63,8.8,-0.1699999999999999,-1.93,8817132.0,35839087.099999994,2.142,0.009888,0.035442,0.52,40.2864,52.3261,2.5613,3.9721,4.3473,0.0,,1011660000.0,891660000.0,248775738.0,4076989800.0,3593389800.0,区域地产,房地产,房地产开发,住宅开发,4.52,3.7,
2013-01-07,8.63,8.68,8.48,8.61,8.63,-0.0200000000000013,-0.23,5574050.0,22284524.5,2.142,0.006251,0.022406,0.35,40.1865,52.1963,2.5549,3.9623,4.3366,0.0,,1011660000.0,891660000.0,248775738.0,4066873200.0,3584473200.0,区域地产,房地产,房地产开发,住宅开发,4.43,3.63,
2013-01-08,8.65,8.74,8.5,8.63,8.61,0.0200000000000013,0.23,5166842.0,20775634.0,2.142,0.005795,0.020769,0.47,40.2864,52.3261,2.5613,3.9721,4.3473,0.0,,1011660000.0,891660000.0,248775738.0,4076989800.0,3593389800.0,区域地产,房地产,房地产开发,住宅开发,4.42,3.62,
2013-01-09,8.63,8.63,8.5,8.57,8.63,-0.0600000000000005,-0.7,4868428.0,19445493.3,2.142,0.00546,0.01957,0.55,39.9865,51.9366,2.5422,3.9426,4.315,0.0,,1011660000.0,891660000.0,248775738.0,4046640000.0,3566640000.0,区域地产,房地产,房地产开发,住宅开发,4.43,3.63,
2013-01-10,8.63,8.72,8.5,8.61,8.57,0.0399999999999991,0.47,4983043.0,20024640.3,2.142,0.0055889999999999,0.02003,0.65,40.1865,52.1963,2.5549,3.9623,4.3366,0.0,,1011660000.0,891660000.0,248775738.0,4066873200.0,3584473200.0,区域地产,房地产,房地产开发,住宅开发,4.4,3.6,
2013-01-11,8.59,8.65,8.27,8.29,8.61,-0.3200000000000003,-3.72,5679625.0,22455634.3,2.142,0.00637,0.02283,0.97,38.687,50.2487,2.4596,3.8144,4.1747,0.0,,1011660000.0,891660000.0,248775738.0,3915124200.0,3450724200.0,区域地产,房地产,房地产开发,住宅开发,4.42,3.62,
2013-01-14,8.25,8.55,8.25,8.5,8.29,0.2100000000000008,2.53,4968323.0,19565408.6,2.142,0.005572,0.019971,0.95,39.6866,51.5471,2.5231,3.913,4.2826,0.0,,1011660000.0,891660000.0,248775738.0,4016290200.0,3539890200.0,区域地产,房地产,房地产开发,住宅开发,4.26,3.48,
2013-01-15,8.5,8.61,8.48,8.59,8.5,0.0899999999999998,1.06,6043354.0,24120411.2,2.142,0.0067779999999999,0.0242919999999999,1.18,40.0865,52.0664,2.5485,3.9524,4.3258,0.0,,1011660000.0,891660000.0,248775738.0,4056756600.0,3575556599.9999995,区域地产,房地产,房地产开发,住宅开发,4.37,3.57,
2013-01-16,8.63,8.63,8.35,8.48,8.59,-0.1099999999999994,-1.28,4977518.0,19673317.9,2.142,0.005582,0.0200079999999999,0.94,39.5867,51.4172,2.5168,3.9031,4.2718,0.0,,1011660000.0,891660000.0,248775738.0,4006173600.0,3530973600.0,区域地产,房地产,房地产开发,住宅开发,4.41,3.61,
2013-01-17,8.46,8.57,8.38,8.46,8.48,-0.0199999999999995,-0.24,3425233.9999999995,13555612.0,2.142,0.003841,0.013768,0.64,39.4867,51.2874,2.5104,3.8933,4.261,0.0,,1011660000.0,891660000.0,248775738.0,3996057000.0,3522057000.0,区域地产,房地产,房地产开发,住宅开发,4.36,3.56,
2013-01-18,8.46,9.32,8.46,9.06,8.46,0.5999999999999996,7.09,26692972.0,111801964.5,2.142,0.0299359999999999,0.1072969999999999,5.32,42.2858,54.923,2.6884,4.1693,4.5631,0.0,,1011660000.0,891660000.0,248775738.0,4279321800.0,3771721800.0,区域地产,房地产,房地产开发,住宅开发,4.35,3.56,
2013-01-21,9.0,9.34,8.89,9.06,9.06,0.0,0.0,17590793.0,74761229.8,2.142,0.019728,0.070709,1.91,42.2858,54.923,2.6884,4.1693,4.5631,0.0,,1011660000.0,891660000.0,248775738.0,4279321800.0,3771721800.0,区域地产,房地产,房地产开发,住宅开发,4.65,3.81,
2013-01-22,9.0,9.0,8.74,8.87,9.06,-0.1900000000000012,-2.1,9933134.0,41083964.8,2.142,0.01114,0.039928,0.85,41.3861,53.7544,2.6312,4.0806,4.466,0.0,,1011660000.0,891660000.0,248775738.0,4188272400.0,3691472400.0,区域地产,房地产,房地产开发,住宅开发,4.65,3.81,
2013-01-23,8.83,9.75,8.76,9.32,8.87,0.450000000000001,5.07,22916530.0,100339618.0,2.142,0.025701,0.092117,1.83,43.4854,56.4811,2.7646,4.2875,4.6925,0.0,,1011660000.0,891660000.0,248775738.0,4400721000.0,3878721000.0,区域地产,房地产,房地产开发,住宅开发,4.55,3.73,
2013-01-24,9.0,9.38,8.83,8.91,9.32,-0.4100000000000001,-4.4,13595642.000000002,57322472.1,2.142,0.015248,0.05465,0.84,41.586,54.0141,2.6439,4.1003,4.4876,0.0,,1011660000.0,891660000.0,248775738.0,4208505600.0,3709305600.0,区域地产,房地产,房地产开发,住宅开发,4.79,3.92,
2013-01-25,8.78,8.91,8.74,8.78,8.91,-0.1300000000000007,-1.46,4135927.0,16998315.7,2.142,0.004638,0.016625,0.23,40.9862,53.235,2.6057,4.0411,4.4229,0.0,,1011660000.0,891660000.0,248775738.0,4147806000.0,3655806000.0,区域地产,房地产,房地产开发,住宅开发,4.58,3.74,
2013-01-28,8.83,9.17,8.8,9.08,8.78,0.3000000000000007,3.42,6295340.0,26411806.3,2.142,0.0070599999999999,0.025305,0.46,42.3857,55.0528,2.6947,4.1791,4.5739,0.0,,1011660000.0,891660000.0,248775738.0,4289438400.000001,3780638400.000001,区域地产,房地产,房地产开发,住宅开发,4.51,3.69,
2013-01-29,9.08,9.27,8.87,9.04,9.08,-0.0400000000000009,-0.44,10056149.0,42413875.7,2.142,0.011278,0.040423,0.88,42.1858,54.7931,2.682,4.1594,4.5523,0.0,,1011660000.0,891660000.0,248775738.0,4269205200.0,3762805200.0,区域地产,房地产,房地产开发,住宅开发,4.66,3.82,
2013-01-30,8.97,9.06,8.87,9.04,9.04,0.0,0.0,5360768.0,22443637.4,2.142,0.006012,0.021549,0.47,42.1858,54.7931,2.682,4.1594,4.5523,0.0,,1011660000.0,891660000.0,248775738.0,4269205200.0,3762805200.0,区域地产,房地产,房地产开发,住宅开发,4.64,3.8,
2013-01-31,9.0,9.02,8.78,8.83,9.04,-0.209999999999999,-2.32,5260405.0,21719920.1,2.142,0.0059,0.021145,0.67,41.1861,53.4947,2.6185,4.0608,4.4444,0.0,,1011660000.0,891660000.0,248775738.0,4168039200.0,3673639200.0,区域地产,房地产,房地产开发,住宅开发,4.64,3.8,
2013-02-01,8.85,8.89,8.74,8.85,8.83,0.0199999999999995,0.23,5356183.0,22044551.200000003,2.142,0.006007,0.02153,0.86,41.2861,53.6245,2.6248,4.0707,4.4552,0.0,,1011660000.0,891660000.0,248775738.0,4178155800.0,3682555800.0,区域地产,房地产,房地产开发,住宅开发,4.53,3.71,
2013-02-04,8.8,8.87,8.68,8.8,8.85,-0.0499999999999989,-0.56,5437223.0,22281722.7,2.142,0.006098,0.021856,0.84,41.0862,53.3649,2.6121,4.051,4.4336,0.0,,1011660000.0,891660000.0,248775738.0,4157922600.0,3664722600.0,区域地产,房地产,房地产开发,住宅开发,4.54,3.72,
2013-02-05,8.78,9.12,8.72,9.04,8.8,0.2399999999999984,2.73,10445327.0,43818193.6,2.142,0.011714,0.041987,1.66,42.1858,54.7931,2.682,4.1594,4.5523,0.0,,1011660000.0,891660000.0,248775738.0,4269205200.0,3762805200.0,区域地产,房地产,房地产开发,住宅开发,4.52,3.7,
2013-02-06,8.97,9.02,8.87,8.91,9.04,-0.129999999999999,-1.44,4792585.0,19945312.5,2.142,0.005375,0.019265,0.75,41.586,54.0141,2.6439,4.1003,4.4876,0.0,,1011660000.0,891660000.0,248775738.0,4208505600.0,3709305600.0,区域地产,房地产,房地产开发,住宅开发,4.64,3.8,
2013-02-07,8.87,8.93,8.83,8.89,8.91,-0.0199999999999995,-0.22,3424768.0,14205970.9,2.142,0.003841,0.013766,0.55,41.486,53.8842,2.6375,4.0904,4.4768,0.0,,1011660000.0,891660000.0,248775738.0,4198389000.0,3700389000.0,区域地产,房地产,房地产开发,住宅开发,4.58,3.74,
2013-02-08,8.91,9.0,8.8,8.89,8.89,0.0,0.0,5990988.0,24888242.1,2.142,0.006719,0.024082,1.02,41.486,53.8842,2.6375,4.0904,4.4768,0.0,,1011660000.0,891660000.0,248775738.0,4198389000.0,3700389000.0,区域地产,房地产,房地产开发,住宅开发,4.57,3.74,
2013-02-18,8.91,9.0,8.85,8.91,8.89,0.0199999999999995,0.22,5075971.0,21126284.1,2.142,0.005693,0.020404,0.84,41.586,54.0141,2.6439,4.1003,4.4876,0.0,,1011660000.0,891660000.0,248775738.0,4208505600.0,3709305600.0,区域地产,房地产,房地产开发,住宅开发,4.57,3.74,
2013-02-19,8.93,8.95,8.57,8.63,8.91,-0.2799999999999993,-3.14,6944297.0,28201458.0,2.142,0.007788,0.0279139999999999,1.17,40.2864,52.3261,2.5613,3.9721,4.3473,0.0,,1011660000.0,891660000.0,248775738.0,4076989800.0,3593389800.0,区域地产,房地产,房地产开发,住宅开发,4.58,3.74,
2013-02-20,8.63,8.74,8.59,8.72,8.63,0.0899999999999998,1.04,4418612.0,17865725.6,2.142,0.004955,0.017761,0.84,40.6863,52.8455,2.5867,4.0116,4.3905,0.0,,1011660000.0,891660000.0,248775738.0,4117456200.0,3629056200.0,区域地产,房地产,房地产开发,住宅开发,4.43,3.63,
2013-02-21,8.55,8.63,8.33,8.4,8.72,-0.3200000000000003,-3.67,6210709.0,24518516.6,2.142,0.006965,0.024965,1.2,39.1868,50.8979,2.4913,3.8637,4.2287,0.0,,1011660000.0,891660000.0,248775738.0,3965707200.0,3495307199.9999995,区域地产,房地产,房地产开发,住宅开发,4.48,3.66,
2013-02-22,8.4,8.5,8.35,8.4,8.4,0.0,0.0,3179245.0,12504131.5,2.142,0.0035659999999999,0.01278,0.56,39.1868,50.8979,2.4913,3.8637,4.2287,0.0,,1011660000.0,891660000.0,248775738.0,3965707200.0,3495307199.9999995,区域地产,房地产,房地产开发,住宅开发,4.31,3.53,
2013-02-25,8.38,8.48,8.31,8.42,8.4,0.0199999999999995,0.24,2679638.0,10486528.4,2.142,0.003005,0.010771,0.52,39.2868,51.0277,2.4977,3.8736,4.2395,0.0,,1011660000.0,891660000.0,248775738.0,3975823800.0,3504223800.0,区域地产,房地产,房地产开发,住宅开发,4.31,3.53,
2013-02-26,8.35,8.42,8.18,8.2,8.42,-0.2200000000000006,-2.61,2869300.0,11134744.4,2.142,0.003218,0.0115339999999999,0.61,38.2871,49.7293,2.4341,3.775,4.1316,0.0,,1011660000.0,891660000.0,248775738.0,3874657800.000001,3415057800.0000005,区域地产,房地产,房地产开发,住宅开发,4.32,3.54,
2013-02-27,8.27,8.33,8.2,8.31,8.2,0.1100000000000012,1.34,2501956.0,9678734.9,2.142,0.002806,0.010057,0.65,38.7869,50.3785,2.4659,3.8243,4.1855,0.0,,1011660000.0,891660000.0,248775738.0,3925240800.0,3459640800.0,区域地产,房地产,房地产开发,住宅开发,4.21,3.45,
2013-02-28,8.25,8.57,8.25,8.53,8.31,0.2199999999999988,2.65,4994654.0,19742459.3,2.142,0.005602,0.0200769999999999,1.43,39.7866,51.6769,2.5295,3.9229,4.2934,0.0,,1011660000.0,891660000.0,248775738.0,4026406800.0,3548806800.0,区域地产,房地产,房地产开发,住宅开发,4.27,3.49,
2013-03-01,8.48,8.5,8.35,8.46,8.53,-0.0699999999999985,-0.82,2937627.0,11556775.8,2.142,0.003295,0.011808,0.91,39.4867,51.2874,2.5104,3.8933,4.261,0.0,,1011660000.0,891660000.0,248775738.0,3996057000.0,3522057000.0,区域地产,房地产,房地产开发,住宅开发,4.38,3.58,
2013-03-04,8.27,8.27,7.69,7.8,8.46,-0.660000000000001,-7.8,7011010.000000001,25832956.5,2.142,0.007863,0.028182,2.19,36.3877,47.2623,2.3134,3.5877,3.9266,0.0,,1011660000.0,891660000.0,248775738.0,3682442400.0,3245642400.0,区域地产,房地产,房地产开发,住宅开发,4.35,3.56,
2013-03-05,7.71,7.9,7.71,7.88,7.8,0.08,1.03,2517547.0,9197024.1,2.142,0.002823,0.01012,0.62,36.7876,47.7817,2.3388,3.6272,3.9698,0.0,,1011660000.0,891660000.0,248775738.0,3722908800.0,3281308800.0,区域地产,房地产,房地产开发,住宅开发,4.0,3.28,
2013-03-06,7.93,7.99,7.86,7.97,7.88,0.0899999999999998,1.14,3360212.0000000005,12463641.0,2.142,0.003768,0.013507,0.84,37.1875,48.301,2.3642,3.6666,4.0129,0.0,,1011660000.0,891660000.0,248775738.0,3763375200.0,3316975200.0,区域地产,房地产,房地产开发,住宅开发,4.05,3.31,
2013-03-07,7.97,8.12,7.88,8.05,7.97,0.0800000000000009,1.0,4375112.0,16346301.8,2.142,0.004907,0.017587,1.05,37.5873,48.8204,2.3897,3.706,4.0561,0.0,,1011660000.0,891660000.0,248775738.0,3803841600.0,3352641599.9999995,区域地产,房地产,房地产开发,住宅开发,4.09,3.35,
2013-03-08,7.97,8.03,7.88,7.97,8.05,-0.0800000000000009,-0.99,2866127.0,10635820.5,2.142,0.003214,0.0115209999999999,0.71,37.1875,48.301,2.3642,3.6666,4.0129,0.0,,1011660000.0,891660000.0,248775738.0,3763375200.0,3316975200.0,区域地产,房地产,房地产开发,住宅开发,4.14,3.38,
2013-03-11,7.95,8.03,7.93,7.97,7.97,0.0,0.0,1525989.0,5678123.5,2.142,0.001711,0.006134,0.38,37.1875,48.301,2.3642,3.6666,4.0129,0.0,,1011660000.0,891660000.0,248775738.0,3763375200.0,3316975200.0,区域地产,房地产,房地产开发,住宅开发,4.09,3.35,
2013-03-12,7.99,8.08,7.75,7.88,7.97,-0.0899999999999998,-1.13,3019697.0,11177019.9,2.142,0.003387,0.012138,1.03,36.7876,47.7817,2.3388,3.6272,3.9698,0.0,,1011660000.0,891660000.0,248775738.0,3722908800.0,3281308800.0,区域地产,房地产,房地产开发,住宅开发,4.09,3.35,
2013-03-13,7.84,7.88,7.67,7.71,7.88,-0.1699999999999999,-2.16,2284369.0,8262090.399999999,2.142,0.002562,0.009182,0.75,35.9879,46.7429,2.288,3.5483,3.8835,0.0,,1011660000.0,891660000.0,248775738.0,3641976000.0,3209976000.0,区域地产,房地产,房地产开发,住宅开发,4.05,3.31,
2013-03-14,7.67,7.8,7.67,7.71,7.71,0.0,0.0,1598632.0,5779715.199999999,2.142,0.0017929999999999,0.0064259999999999,0.57,35.9879,46.7429,2.288,3.5483,3.8835,0.0,,1011660000.0,891660000.0,248775738.0,3641976000.0,3209976000.0,区域地产,房地产,房地产开发,住宅开发,3.96,3.24,
2013-03-15,7.71,7.73,7.45,7.58,7.71,-0.1299999999999999,-1.69,3309614.0,11752444.2,2.142,0.0037119999999999,0.013304,1.47,35.3881,45.9639,2.2498,3.4892,3.8188,0.0,,1011660000.0,891660000.0,248775738.0,3581276400.0,3156476400.0,区域地产,房地产,房地产开发,住宅开发,3.96,3.24,
2013-03-18,7.6,7.67,7.5,7.52,7.58,-0.0600000000000005,-0.79,1065784.0,3761127.5,2.142,0.0011949999999999,0.004284,0.45,35.0882,45.5744,2.2308,3.4596,3.7864,0.0,,1011660000.0,891660000.0,248775738.0,3550926599.9999995,3129726599.9999995,区域地产,房地产,房地产开发,住宅开发,3.89,3.19,
2013-03-19,7.5,7.69,7.43,7.67,7.52,0.1500000000000003,1.99,2402423.0,8504691.7,2.142,0.0026939999999999,0.009657,1.07,35.788,46.4833,2.2753,3.5286,3.8619,0.0,,1011660000.0,891660000.0,248775738.0,3621742800.000001,3192142800.0000005,区域地产,房地产,房地产开发,住宅开发,3.86,3.16,
2013-03-20,7.67,7.88,7.6,7.86,7.67,0.1900000000000004,2.48,2749996.0,10006416.4,2.142,0.003084,0.011054,1.29,36.6876,47.6518,2.3325,3.6173,3.959,0.0,,1011660000.0,891660000.0,248775738.0,3712792200.0,3272392199.9999995,区域地产,房地产,房地产开发,住宅开发,3.94,3.22,
2013-03-21,7.82,8.16,7.8,8.01,7.86,0.1499999999999994,1.91,6829103.999999999,25526857.6,2.142,0.007659,0.027451,3.07,37.3874,48.5607,2.3769,3.6863,4.0345,0.0,,1011660000.0,891660000.0,248775738.0,3783608400.000001,3334808400.0000005,区域地产,房地产,房地产开发,住宅开发,4.04,3.3,
2013-03-22,7.97,8.12,7.9,7.99,8.01,-0.0199999999999995,-0.25,4120567.0,15382929.6,2.142,0.004621,0.016563,1.26,37.2874,48.4309,2.3706,3.6764,4.0237,0.0,,1011660000.0,891660000.0,248775738.0,3773491800.0,3325891800.0,区域地产,房地产,房地产开发,住宅开发,4.11,3.37,
2013-03-25,7.93,8.16,7.93,8.01,7.99,0.0199999999999995,0.25,5304848.0,19891306.5,2.142,0.0059489999999999,0.021324,1.54,37.3874,48.5607,2.3769,3.6863,4.0345,0.0,,1011660000.0,891660000.0,248775738.0,3783608400.000001,3334808400.0000005,区域地产,房地产,房地产开发,住宅开发,4.1,3.36,
2013-03-26,7.95,8.05,7.86,7.9,8.01,-0.1099999999999994,-1.37,3234525.0,11973643.4,2.142,0.003628,0.013002,0.76,36.8876,47.9115,2.3452,3.637,3.9806,0.0,,1011660000.0,891660000.0,248775738.0,3733025400.0,3290225400.0,区域地产,房地产,房地产开发,住宅开发,4.11,3.37,
2013-03-27,7.9,7.99,7.84,7.9,7.9,0.0,0.0,1683818.0,6221533.1,2.142,0.001888,0.006768,0.38,36.8876,47.9115,2.3452,3.637,3.9806,0.0,,1011660000.0,891660000.0,248775738.0,3733025400.0,3290225400.0,区域地产,房地产,房地产开发,住宅开发,4.06,3.32,
2013-03-28,7.88,7.88,7.58,7.58,7.9,-0.3200000000000003,-4.05,2685200.0,9591712.0,2.142,0.003011,0.010794,0.63,35.3881,45.9639,2.2498,3.4892,3.8188,0.0,,1011660000.0,891660000.0,248775738.0,3581276400.0,3156476400.0,区域地产,房地产,房地产开发,住宅开发,4.06,3.32,
2013-03-29,7.6,7.78,7.56,7.63,7.58,0.0499999999999998,0.66,2772431.0,9912542.0,2.142,0.003109,0.011144,0.81,35.588,46.2236,2.2625,3.5089,3.8403,0.0,,1011660000.0,891660000.0,248775738.0,3601509600.0,3174309600.0,区域地产,房地产,房地产开发,住宅开发,3.89,3.19,
2013-04-01,7.67,7.86,7.58,7.71,7.63,0.08,1.05,2685814.0,9706142.8,2.142,0.003012,0.0107959999999999,0.86,34.0963,34.0963,2.227,3.5354,3.5354,0.0,,1011660000.0,891660000.0,248775738.0,3641976000.0,3209976000.0,区域地产,房地产,房地产开发,住宅开发,3.92,3.2,
2013-04-02,7.67,7.84,7.67,7.8,7.71,0.0899999999999998,1.17,2507116.0,9086557.4,2.142,0.002812,0.010078,0.96,34.4751,34.4751,2.2517,3.5747,3.5747,0.0,,1011660000.0,891660000.0,248775738.0,3682442400.0,3245642400.0,区域地产,房地产,房地产开发,住宅开发,3.96,3.24,
2013-04-03,7.73,7.84,7.63,7.69,7.8,-0.1099999999999994,-1.41,1536421.0,5538388.9,2.142,0.001723,0.006176,0.62,34.0015,34.0015,2.2208,3.5256,3.5256,0.0,,1011660000.0,891660000.0,248775738.0,3631859400.0,3201059400.0,区域地产,房地产,房地产开发,住宅开发,4.0,3.28,
2013-04-08,7.56,7.58,7.39,7.54,7.69,-0.1500000000000003,-1.95,1936214.0,6761468.399999999,2.142,0.0021709999999999,0.007783,0.79,33.3386,33.3386,2.1775,3.4568,3.4568,0.0,,1011660000.0,891660000.0,248775738.0,3561043200.0,3138643200.0,区域地产,房地产,房地产开发,住宅开发,3.95,3.23,
2013-04-09,7.63,7.78,7.6,7.73,7.54,0.1900000000000004,2.52,2129709.0,7655051.0,2.142,0.002388,0.008561,0.93,34.191,34.191,2.2332,3.5452,3.5452,0.0,,1011660000.0,891660000.0,248775738.0,3652092600.0,3218892600.0,区域地产,房地产,房地产开发,住宅开发,3.87,3.17,
2013-04-10,7.71,7.86,7.69,7.78,7.73,0.0499999999999998,0.65,2408010.0,8725318.9,2.142,0.002701,0.009679,1.12,34.3804,34.3804,2.2456,3.5649,3.5649,0.0,,1011660000.0,891660000.0,248775738.0,3672325800.0,3236725800.0,区域地产,房地产,房地产开发,住宅开发,3.97,3.25,
2013-04-11,7.75,8.25,7.73,7.84,7.78,0.0599999999999996,0.77,6038824.0,22489177.6,2.142,0.006773,0.024274,2.87,34.6645,34.6645,2.2641,3.5943,3.5943,0.0,,1011660000.0,891660000.0,248775738.0,3702675600.0,3263475600.0,区域地产,房地产,房地产开发,住宅开发,3.99,3.27,
2013-04-12,7.78,7.82,7.69,7.8,7.84,-0.04,-0.51,2698794.0,9761234.8,2.142,0.003027,0.010848,0.96,34.4751,34.4751,2.2517,3.5747,3.5747,0.0,,1011660000.0,891660000.0,248775738.0,3682442400.0,3245642400.0,区域地产,房地产,房地产开发,住宅开发,4.03,3.29,
2013-04-15,7.71,7.8,7.63,7.71,7.8,-0.0899999999999998,-1.15,1952457.0,7013963.2,2.142,0.00219,0.007848,0.64,34.0963,34.0963,2.227,3.5354,3.5354,0.0,,1011660000.0,891660000.0,248775738.0,3641976000.0,3209976000.0,区域地产,房地产,房地产开发,住宅开发,4.0,3.28,
2013-04-16,7.63,7.9,7.6,7.88,7.71,0.1699999999999999,2.2,3669024.0,13369492.4,2.142,0.004115,0.014748,1.2,34.854,34.854,2.2765,3.614,3.614,0.0,,1011660000.0,891660000.0,248775738.0,3722908800.0,3281308800.0,区域地产,房地产,房地产开发,住宅开发,3.96,3.24,
2013-04-17,7.9,8.16,7.82,7.9,7.88,0.0200000000000004,0.25,3799366.000000001,14092652.7,2.142,0.004261,0.0152719999999999,1.13,34.9487,34.9487,2.2827,3.6238,3.6238,0.0,,1011660000.0,891660000.0,248775738.0,3733025400.0,3290225400.0,区域地产,房地产,房地产开发,住宅开发,4.05,3.31,
2013-04-18,7.86,7.97,7.71,7.84,7.9,-0.0600000000000005,-0.76,1954799.0,7182789.1,2.142,0.002192,0.007858,0.54,34.6645,34.6645,2.2641,3.5943,3.5943,0.0,,1011660000.0,891660000.0,248775738.0,3702675600.0,3263475600.0,区域地产,房地产,房地产开发,住宅开发,4.06,3.32,
2013-04-19,7.84,8.03,7.82,7.99,7.84,0.1500000000000003,1.91,3390983.9999999995,12573056.7,2.142,0.003803,0.0136309999999999,1.2,35.3275,35.3275,2.3074,3.6631,3.6631,0.0,,1011660000.0,891660000.0,248775738.0,3773491800.0,3325891800.0,区域地产,房地产,房地产开发,住宅开发,4.03,3.29,
2013-04-22,7.84,7.95,7.75,7.88,7.99,-0.1100000000000003,-1.38,3045012.0,11140730.2,2.142,0.003415,0.01224,1.03,34.854,34.854,2.2765,3.614,3.614,0.0,,1011660000.0,891660000.0,248775738.0,3722908800.0,3281308800.0,区域地产,房地产,房地产开发,住宅开发,4.1,3.36,
2013-04-23,7.88,7.88,7.6,7.63,7.88,-0.25,-3.17,2397657.0,8654473.6,2.142,0.0026889999999999,0.009638,0.76,33.7174,33.7174,2.2023,3.4961,3.4961,0.0,,1011660000.0,891660000.0,248775738.0,3601509600.0,3174309600.0,区域地产,房地产,房地产开发,住宅开发,4.05,3.31,
2013-04-24,7.63,7.75,7.63,7.71,7.63,0.08,1.05,1800859.9999999998,6469188.5,2.142,0.00202,0.007239,0.62,34.0963,41.2531,2.2217,3.5354,3.7885,0.0,,1011660000.0,891660000.0,248775738.0,3641976000.0,3209976000.0,区域地产,房地产,房地产开发,住宅开发,3.92,3.2,
2013-04-25,7.67,7.71,7.52,7.63,7.71,-0.08,-1.04,2573792.0,9140793.0,2.142,0.002887,0.010346,1.02,33.7174,40.7948,2.197,3.4961,3.7464,0.0,,1011660000.0,891660000.0,248775738.0,3601509600.0,3174309600.0,区域地产,房地产,房地产开发,住宅开发,3.96,3.24,
2013-04-26,7.58,7.63,7.41,7.52,7.63,-0.1100000000000003,-1.44,1596544.0,5608724.0,2.142,0.001791,0.006418,0.6,33.2438,40.2218,2.1661,3.447,3.6938,0.0,,1011660000.0,891660000.0,248775738.0,3550926599.9999995,3129726599.9999995,区域地产,房地产,房地产开发,住宅开发,3.92,3.2,
2013-05-02,7.48,7.6,7.48,7.58,7.52,0.0600000000000005,0.8,1234501.0,4347310.2,2.142,0.001384,0.0049619999999999,0.54,33.528,40.5656,2.1846,3.4765,3.7254,0.0,,1011660000.0,891660000.0,248775738.0,3581276400.0,3156476400.0,区域地产,房地产,房地产开发,住宅开发,3.86,3.16,
2013-05-03,7.58,7.73,7.58,7.69,7.58,0.1100000000000003,1.45,1728909.0,6198181.800000001,2.142,0.001939,0.00695,0.9,34.0015,41.1385,2.2155,3.5256,3.778,0.0,,1011660000.0,891660000.0,248775738.0,3631859400.0,3201059400.0,区域地产,房地产,房地产开发,住宅开发,3.89,3.19,
2013-05-06,7.69,7.75,7.67,7.73,7.69,0.04,0.52,1446966.0,5209130.100000001,2.142,0.001623,0.005816,0.81,34.191,41.3677,2.2278,3.5452,3.799,0.0,,1011660000.0,891660000.0,248775738.0,3652092600.0,3218892600.0,区域地产,房地产,房地产开发,住宅开发,3.95,3.23,
2013-05-07,7.71,7.78,7.67,7.73,7.73,0.0,0.0,1644072.0,5930073.5,2.142,0.001844,0.006609,0.96,34.191,41.3677,2.2278,3.5452,3.799,0.0,,1011660000.0,891660000.0,248775738.0,3652092600.0,3218892600.0,区域地产,房地产,房地产开发,住宅开发,3.97,3.25,
2013-05-08,7.75,7.82,7.71,7.8,7.73,0.0699999999999994,0.91,2151930.0,7808386.8,2.142,0.0024129999999999,0.00865,1.41,34.4751,41.7115,2.2463,3.5747,3.8306,0.0,,1011660000.0,891660000.0,248775738.0,3682442400.0,3245642400.0,区域地产,房地产,房地产开发,住宅开发,3.97,3.25,
2013-05-09,7.8,7.82,7.6,7.67,7.8,-0.1299999999999999,-1.67,1674518.0,6001482.600000001,2.142,0.001878,0.006731,1.02,33.9068,41.0239,2.2093,3.5157,3.7675,0.0,,1011660000.0,891660000.0,248775738.0,3621742800.000001,3192142800.0000005,区域地产,房地产,房地产开发,住宅开发,4.0,3.28,
2013-05-10,7.67,7.78,7.58,7.73,7.67,0.0600000000000005,0.78,2142777.0,7697827.199999999,2.142,0.002403,0.0086129999999999,1.24,34.191,41.3677,2.2278,3.5452,3.799,0.0,,1011660000.0,891660000.0,248775738.0,3652092600.0,3218892600.0,区域地产,房地产,房地产开发,住宅开发,3.94,3.22,
2013-05-13,7.78,7.82,7.71,7.75,7.73,0.0199999999999995,0.26,2188386.0,7934346.3,2.142,0.002454,0.008797,1.21,34.2857,41.4823,2.234,3.555,3.8095,0.0,,1011660000.0,891660000.0,248775738.0,3662209200.0,3227809200.0,区域地产,房地产,房地产开发,住宅开发,3.97,3.25,
2013-05-14,7.8,8.05,7.71,7.93,7.75,0.1799999999999997,2.32,8526445.0,31435498.200000003,2.142,0.009562,0.034274,4.35,35.0434,42.399,2.2834,3.6336,3.8937,0.0,,1011660000.0,891660000.0,248775738.0,3743142000.0,3299142000.0,区域地产,房地产,房地产开发,住宅开发,3.98,3.26,
2013-05-15,7.9,7.93,7.78,7.88,7.93,-0.0499999999999998,-0.63,4311575.0,15785232.2,2.142,0.004835,0.017331,1.29,34.854,42.1699,2.271,3.614,3.8727,0.0,,1011660000.0,891660000.0,248775738.0,3722908800.0,3281308800.0,区域地产,房地产,房地产开发,住宅开发,4.07,3.33,
2013-05-16,7.88,8.08,7.75,8.05,7.88,0.1700000000000008,2.16,7673428.999999999,28588474.9,2.142,0.008606,0.0308449999999999,2.04,35.6116,43.0866,2.3204,3.6925,3.9569,0.0,,1011660000.0,891660000.0,248775738.0,3803841600.0,3352641599.9999995,区域地产,房地产,房地产开发,住宅开发,4.05,3.31,
2013-05-17,8.01,8.25,7.99,8.14,8.05,0.0899999999999998,1.12,7735750.999999999,29369548.0,2.142,0.008676,0.031095,1.56,35.9905,43.545,2.3451,3.7318,3.999,0.0,,1011660000.0,891660000.0,248775738.0,3844308000.0,3388308000.0,区域地产,房地产,房地产开发,住宅开发,4.14,3.38,
2013-05-20,8.14,8.23,8.05,8.1,8.14,-0.0400000000000009,-0.49,5661640.0,21498051.5,2.142,0.00635,0.0227579999999999,0.93,35.8011,43.3158,2.3327,3.7122,3.9779,0.0,,1011660000.0,891660000.0,248775738.0,3824074800.0,3370474800.0,区域地产,房地产,房地产开发,住宅开发,4.18,3.42,
2013-05-21,8.05,8.14,8.01,8.12,8.1,0.0199999999999995,0.25,3650279.0,13769702.6,2.142,0.0040939999999999,0.014673,0.54,35.8958,43.4304,2.3389,3.722,3.9884,0.0,,1011660000.0,891660000.0,248775738.0,3834191400.0,3379391400.0,区域地产,房地产,房地产开发,住宅开发,4.16,3.4,
2013-05-22,8.1,8.29,8.03,8.23,8.12,0.1100000000000012,1.35,7481834.0,28644434.1,2.142,0.008391,0.0300749999999999,1.29,36.3693,44.0033,2.3698,3.7711,4.0411,0.0,,1011660000.0,891660000.0,248775738.0,3884774400.0,3423974400.0,区域地产,房地产,房地产开发,住宅开发,4.17,3.41,
2013-05-23,8.23,8.23,8.01,8.08,8.23,-0.1500000000000003,-1.82,4708473.0,17851838.5,2.142,0.005281,0.018927,0.73,35.7064,43.2012,2.3266,3.7023,3.9674,0.0,,1011660000.0,891660000.0,248775738.0,3813958200.0,3361558200.0,区域地产,房地产,房地产开发,住宅开发,4.22,3.46,
2013-05-24,8.35,8.53,8.25,8.29,8.08,0.209999999999999,2.6,14622995.000000002,57110052.4,2.142,0.0163999999999999,0.05878,2.5,36.6535,44.3471,2.3883,3.8005,4.0726,0.0,,1011660000.0,891660000.0,248775738.0,3915124200.0,3450724200.0,区域地产,房地产,房地产开发,住宅开发,4.15,3.39,
2013-05-27,8.14,8.23,8.1,8.18,8.29,-0.1099999999999994,-1.33,6667828.0,25369693.6,2.142,0.007478,0.026803,0.92,36.1799,43.7741,2.3574,3.7514,4.02,0.0,,1011660000.0,891660000.0,248775738.0,3864541200.0,3406141200.0,区域地产,房地产,房地产开发,住宅开发,4.26,3.48,
2013-05-28,8.18,8.44,8.16,8.38,8.18,0.200000000000001,2.44,8697533.0,33839519.800000004,2.142,0.009754,0.034961,1.17,37.0323,44.8055,2.413,3.8398,4.1147,0.0,,1011660000.0,891660000.0,248775738.0,3955590600.0,3486390600.0,区域地产,房地产,房地产开发,住宅开发,4.2,3.44,
2013-05-29,8.4,8.61,8.35,8.38,8.38,0.0,0.0,8096067.999999999,31963616.1,2.142,0.00908,0.032544,0.96,37.0323,44.8055,2.413,3.8398,4.1147,0.0,,1011660000.0,891660000.0,248775738.0,3955590600.0,3486390600.0,区域地产,房地产,房地产开发,住宅开发,4.3,3.52,
2013-05-30,8.38,8.38,8.25,8.31,8.38,-0.0700000000000002,-0.84,3831773.000000001,14836419.1,2.142,0.004297,0.015403,0.45,36.7482,44.4617,2.3945,3.8104,4.0832,0.0,,1011660000.0,891660000.0,248775738.0,3925240800.0,3459640800.0,区域地产,房地产,房地产开发,住宅开发,4.3,3.52,
2013-05-31,8.31,8.38,8.2,8.23,8.31,-0.08,-0.96,3236862.0,12491374.9,2.142,0.00363,0.013011,0.39,36.3693,44.0033,2.3698,3.7711,4.0411,0.0,,1011660000.0,891660000.0,248775738.0,3884774400.0,3423974400.0,区域地产,房地产,房地产开发,住宅开发,4.27,3.49,
2013-06-03,8.23,8.31,8.16,8.2,8.23,-0.0300000000000011,-0.36,2495029.0,9587444.7,2.142,0.002798,0.010029,0.41,36.2746,43.8887,2.3636,3.7613,4.0305,0.0,,1011660000.0,891660000.0,248775738.0,3874657800.000001,3415057800.0000005,区域地产,房地产,房地产开发,住宅开发,4.22,3.46,
2013-06-04,8.2,8.27,7.99,8.03,8.2,-0.1699999999999999,-2.07,3158839.0,11911035.5,2.142,0.003543,0.012698,0.6,35.5169,42.972,2.3142,3.6827,3.9464,0.0,,1011660000.0,891660000.0,248775738.0,3793725000.0,3343725000.0,区域地产,房地产,房地产开发,住宅开发,4.21,3.45,
2013-06-05,8.08,8.1,7.95,8.03,8.03,0.0,0.0,1736890.0000000002,6511296.5,2.142,0.001948,0.006982,0.42,35.5169,42.972,2.3142,3.6827,3.9464,0.0,,1011660000.0,891660000.0,248775738.0,3793725000.0,3343725000.0,区域地产,房地产,房地产开发,住宅开发,4.13,3.38,
2013-06-06,8.14,8.14,7.95,7.99,8.03,-0.0399999999999991,-0.5,2368510.0,8883843.9,2.142,0.002656,0.009521,0.82,35.3275,42.7428,2.3019,3.6631,3.9253,0.0,,1011660000.0,891660000.0,248775738.0,3773491800.0,3325891800.0,区域地产,房地产,房地产开发,住宅开发,4.13,3.38,
2013-06-07,7.93,8.03,7.82,7.84,7.99,-0.1500000000000003,-1.88,2365896.0,8719154.3,2.142,0.002653,0.00951,0.91,34.6645,41.9407,2.2587,3.5943,3.8516,0.0,,1011660000.0,891660000.0,248775738.0,3702675600.0,3263475600.0,区域地产,房地产,房地产开发,住宅开发,4.1,3.36,
2013-06-13,7.78,7.78,7.5,7.6,7.84,-0.2400000000000002,-3.06,1778075.0,6312083.7,2.142,0.001994,0.007147,0.73,33.6227,40.6802,2.1908,3.4863,3.7359,0.0,,1011660000.0,891660000.0,248775738.0,3591393000.0,3165393000.0,区域地产,房地产,房地产开发,住宅开发,4.03,3.29,
2013-06-14,7.6,7.67,7.56,7.63,7.6,0.0300000000000002,0.39,1328068.0,4731224.100000001,2.142,0.001489,0.005338,0.58,33.7174,40.7948,2.197,3.4961,3.7464,0.0,,1011660000.0,891660000.0,248775738.0,3601509600.0,3174309600.0,区域地产,房地产,房地产开发,住宅开发,3.91,3.2,
2013-06-17,7.67,7.69,7.54,7.6,7.63,-0.0300000000000002,-0.39,1822802.0,6460095.7,2.142,0.002044,0.007327,0.95,33.6227,40.6802,2.1908,3.4863,3.7359,0.0,,1011660000.0,891660000.0,248775738.0,3591393000.0,3165393000.0,区域地产,房地产,房地产开发,住宅开发,3.92,3.2,
2013-06-18,7.65,7.65,7.45,7.54,7.6,-0.0599999999999996,-0.79,1963358.0,6906233.3,2.142,0.002202,0.007892,1.02,33.3386,40.3364,2.1723,3.4568,3.7043,0.0,,1011660000.0,891660000.0,248775738.0,3561043200.0,3138643200.0,区域地产,房地产,房地产开发,住宅开发,3.91,3.2,
2013-06-19,7.48,7.56,7.35,7.52,7.54,-0.0200000000000004,-0.27,2953595.0,10268907.8,2.142,0.003312,0.011873,1.6,33.2438,40.2218,2.1661,3.447,3.6938,0.0,,1011660000.0,891660000.0,248775738.0,3550926599.9999995,3129726599.9999995,区域地产,房地产,房地产开发,住宅开发,3.87,3.17,
2013-06-20,7.5,7.5,7.24,7.28,7.52,-0.2399999999999993,-3.19,1754300.9999999998,6050591.5,2.142,0.001967,0.007052,0.89,32.202,38.9613,2.0982,3.339,3.578,0.0,,1011660000.0,891660000.0,248775738.0,3439644000.0,3031644000.0,区域地产,房地产,房地产开发,住宅开发,3.86,3.16,
2013-06-21,7.15,7.28,7.11,7.24,7.28,-0.04,-0.55,1453961.0,4897020.5,2.142,0.0016309999999999,0.005844,0.74,32.0126,38.7321,2.0859,3.3193,3.557,0.0,,1011660000.0,891660000.0,248775738.0,3419410800.0,3013810800.0,区域地产,房地产,房地产开发,住宅开发,3.74,3.06,
2013-06-24,7.24,7.24,6.7,6.77,7.24,-0.4700000000000006,-6.49,2464670.0,7968897.8,2.142,0.002764,0.009907,1.24,29.9289,36.2111,1.9501,3.1033,3.3255,0.0,,1011660000.0,891660000.0,248775738.0,3196845600.0,2817645600.0,区域地产,房地产,房地产开发,住宅开发,3.72,3.04,
2013-06-25,6.75,6.81,6.3,6.64,6.77,-0.1299999999999999,-1.92,3044381.0,9363082.4,2.142,0.003414,0.012237,1.44,29.3607,35.5235,1.9131,3.0444,3.2623,0.0,,1011660000.0,891660000.0,248775738.0,3136146000.0,2764146000.0,区域地产,房地产,房地产开发,住宅开发,3.48,2.84,
2013-06-26,6.66,6.77,6.64,6.7,6.64,0.0600000000000005,0.9,1519676.0,4751521.1,2.142,0.001704,0.006109,0.65,29.6448,35.8673,1.9316,3.0738,3.2939,0.0,,1011660000.0,891660000.0,248775738.0,3166495800.0,2790895800.0,区域地产,房地产,房地产开发,住宅开发,3.41,2.79,
2013-06-27,6.77,7.2,6.73,6.92,6.7,0.2199999999999997,3.28,4748046.0,15423418.6,2.142,0.005325,0.019086,2.32,30.5919,37.0132,1.9933,3.172,3.3991,0.0,,1011660000.0,891660000.0,248775738.0,3267661800.0,2880061800.0,区域地产,房地产,房地产开发,住宅开发,3.44,2.82,
2013-06-28,6.92,7.28,6.79,7.05,6.92,0.1299999999999999,1.88,4621904.0,15304364.5,2.142,0.005183,0.018579,1.75,31.1602,37.7008,2.0303,3.231,3.4623,0.0,,1011660000.0,891660000.0,248775738.0,3328361400.0,2933561400.0,区域地产,房地产,房地产开发,住宅开发,3.55,2.91,
2013-07-01,6.98,6.98,6.75,6.9,7.05,-0.1499999999999994,-2.13,3109491.0,9941098.1,2.142,0.003487,0.012499,0.95,30.4972,36.8986,1.9871,3.1622,3.3886,0.0,,1011660000.0,891660000.0,248775738.0,3257545200.0,2871145200.0,区域地产,房地产,房地产开发,住宅开发,3.62,2.96,
2013-07-02,6.9,6.9,6.77,6.9,6.9,0.0,0.0,2076388.0,6633981.899999999,2.142,0.002329,0.008346,0.61,30.4972,36.8986,1.9871,3.1622,3.3886,0.0,,1011660000.0,891660000.0,248775738.0,3257545200.0,2871145200.0,区域地产,房地产,房地产开发,住宅开发,3.54,2.9,
2013-07-03,6.9,6.9,6.73,6.81,6.9,-0.0900000000000007,-1.3,1332486.0,4234094.5,2.142,0.001494,0.005356,0.41,30.1184,36.4403,1.9625,3.1229,3.3465,0.0,,1011660000.0,891660000.0,248775738.0,3217078800.0,2835478800.0,区域地产,房地产,房地产开发,住宅开发,3.54,2.9,
2013-07-04,6.81,6.98,6.81,6.9,6.81,0.0900000000000007,1.32,2229197.0,7184703.6,2.142,0.0025,0.008961,0.7,30.4972,36.8986,1.9871,3.1622,3.3886,0.0,,1011660000.0,891660000.0,248775738.0,3257545200.0,2871145200.0,区域地产,房地产,房地产开发,住宅开发,3.5,2.86,
2013-07-05,6.94,7.11,6.94,6.94,6.9,0.04,0.58,2654041.0,8667282.4,2.142,0.002977,0.010668,0.99,30.6866,37.1278,1.9995,3.1818,3.4096,0.0,,1011660000.0,891660000.0,248775738.0,3277778400.0000005,2888978400.0000005,区域地产,房地产,房地产开发,住宅开发,3.54,2.9,
2013-07-08,6.9,6.9,6.64,6.66,6.94,-0.2800000000000002,-4.03,2870796.0,9017050.0,2.142,0.00322,0.01154,1.26,29.4554,35.6381,1.9193,3.0542,3.2728,0.0,,1011660000.0,891660000.0,248775738.0,3146262600.0,2773062600.0,区域地产,房地产,房地产开发,住宅开发,3.56,2.92,
2013-07-09,6.66,6.68,6.49,6.58,6.66,-0.08,-1.2,1895491.0,5822119.399999999,2.142,0.002126,0.007619,0.85,29.0765,35.1797,1.8946,3.0149,3.2307,0.0,,1011660000.0,891660000.0,248775738.0,3105796200.0,2737396200.0,区域地产,房地产,房地产开发,住宅开发,3.42,2.8,
2013-07-10,6.58,6.79,6.55,6.77,6.58,0.1899999999999995,2.89,2392711.0,7467779.4,2.142,0.0026829999999999,0.009618,1.09,29.9289,36.2111,1.9501,3.1033,3.3255,0.0,,1011660000.0,891660000.0,248775738.0,3196845600.0,2817645600.0,区域地产,房地产,房地产开发,住宅开发,3.38,2.76,
2013-07-11,6.77,7.11,6.77,7.0,6.77,0.2300000000000004,3.4,4217329.0,13755425.2,2.142,0.00473,0.016952,1.75,30.9708,37.4716,2.018,3.2113,3.4412,0.0,,1011660000.0,891660000.0,248775738.0,3308128200.0,2915728200.0,区域地产,房地产,房地产开发,住宅开发,3.48,2.84,
2013-07-12,7.0,7.07,6.85,6.85,7.0,-0.1500000000000003,-2.14,2171200.0,7044670.0,2.142,0.002435,0.008728,0.77,30.3078,36.6694,1.9748,3.1426,3.3676,0.0,,1011660000.0,891660000.0,248775738.0,3237312000.0,2853312000.0,区域地产,房地产,房地产开发,住宅开发,3.6,2.94,
2013-07-15,6.88,7.05,6.88,6.96,6.85,0.1100000000000003,1.61,1548000.0,5037949.3,2.142,0.001736,0.006222,0.57,30.7813,37.2424,2.0057,3.1917,3.4202,0.0,,1011660000.0,891660000.0,248775738.0,3287895000.0,2897895000.0,区域地产,房地产,房地产开发,住宅开发,3.52,2.88,
2013-07-16,6.98,7.09,6.88,7.09,6.96,0.1299999999999999,1.87,2551428.0,8343881.2,2.142,0.002861,0.010256,1.04,31.3496,37.93,2.0427,3.2506,3.4833,0.0,,1011660000.0,891660000.0,248775738.0,3348594600.0,2951394600.0,区域地产,房地产,房地产开发,住宅开发,3.58,2.93,
2013-07-17,7.09,7.28,6.98,7.07,7.09,-0.0199999999999995,-0.28,4353123.0,14459749.1,2.142,0.004882,0.017498,1.69,31.2549,37.8154,2.0365,3.2408,3.4728,0.0,,1011660000.0,891660000.0,248775738.0,3338478000.0,2942478000.0,区域地产,房地产,房地产开发,住宅开发,3.64,2.98,
2013-07-18,7.11,7.13,6.94,6.98,7.07,-0.0899999999999998,-1.27,1778813.0,5826763.5,2.142,0.001995,0.00715,0.6,30.8761,37.357,2.0118,3.2015,3.4307,0.0,,1011660000.0,891660000.0,248775738.0,3298011599.9999995,2906811599.9999995,区域地产,房地产,房地产开发,住宅开发,3.63,2.97,
2013-07-19,7.03,7.03,6.68,6.7,6.98,-0.2800000000000002,-4.01,2238200.0,7196494.0,2.142,0.00251,0.008997,0.9,29.6448,35.8673,1.9316,3.0738,3.2939,0.0,,1011660000.0,891660000.0,248775738.0,3166495800.0,2790895800.0,区域地产,房地产,房地产开发,住宅开发,3.59,2.93,
2013-07-22,6.7,6.79,6.64,6.73,6.7,0.0300000000000002,0.45,1543663.0,4840547.3,2.142,0.001731,0.006205,0.62,29.7395,35.9819,1.9378,3.0836,3.3044,0.0,,1011660000.0,891660000.0,248775738.0,3176612400.0,2799812400.0,区域地产,房地产,房地产开发,住宅开发,3.44,2.82,
2013-07-23,6.77,6.94,6.75,6.9,6.73,0.1699999999999999,2.53,2084738.0,6687746.8,2.142,0.002338,0.00838,0.84,30.4972,36.8986,1.9871,3.1622,3.3886,0.0,,1011660000.0,891660000.0,248775738.0,3257545200.0,2871145200.0,区域地产,房地产,房地产开发,住宅开发,3.45,2.83,
2013-07-24,6.9,6.92,6.75,6.81,6.9,-0.0900000000000007,-1.3,1697521.0,5399434.8,2.142,0.001904,0.006823,0.71,30.1184,36.4403,1.9625,3.1229,3.3465,0.0,,1011660000.0,891660000.0,248775738.0,3217078800.0,2835478800.0,区域地产,房地产,房地产开发,住宅开发,3.54,2.9,
2013-07-25,6.85,6.9,6.77,6.83,6.81,0.0200000000000004,0.29,1311714.0,4179954.6,2.142,0.001471,0.005273,0.7,30.2131,36.5548,1.9686,3.1327,3.357,0.0,,1011660000.0,891660000.0,248775738.0,3227195400.0,2844395400.0,区域地产,房地产,房地产开发,住宅开发,3.5,2.86,
2013-07-26,6.81,6.88,6.77,6.83,6.83,0.0,0.0,1284506.0,4084994.1,2.142,0.001441,0.005163,0.72,30.2131,36.5548,1.9686,3.1327,3.357,0.0,,1011660000.0,891660000.0,248775738.0,3227195400.0,2844395400.0,区域地产,房地产,房地产开发,住宅开发,3.51,2.87,
2013-07-29,6.83,6.88,6.66,6.68,6.83,-0.1500000000000003,-2.2,1581520.0,4980667.3,2.142,0.001774,0.006357,1.0,29.5501,35.7527,1.9254,3.064,3.2834,0.0,,1011660000.0,891660000.0,248775738.0,3156379200.0,2781979200.0,区域地产,房地产,房地产开发,住宅开发,3.51,2.87,
2013-07-30,6.66,6.79,6.64,6.73,6.68,0.0500000000000007,0.75,1390650.0,4364723.5,2.142,0.00156,0.00559,0.87,29.7395,35.9819,1.9378,3.0836,3.3044,0.0,,1011660000.0,891660000.0,248775738.0,3176612400.0,2799812400.0,区域地产,房地产,房地产开发,住宅开发,3.43,2.81,
2013-07-31,6.81,7.07,6.77,6.79,6.73,0.0599999999999996,0.89,2230047.0,7150112.4,2.142,0.0025009999999999,0.008964,1.53,30.0236,36.3257,1.9563,3.1131,3.336,0.0,,1011660000.0,891660000.0,248775738.0,3206962199.9999995,2826562199.9999995,区域地产,房地产,房地产开发,住宅开发,3.45,2.83,
2013-08-01,6.81,6.9,6.77,6.88,6.79,0.0899999999999998,1.33,2055552.0,6579932.899999999,2.142,0.002305,0.008263,1.32,30.4025,36.784,1.981,3.1524,3.3781,0.0,,1011660000.0,891660000.0,248775738.0,3247428600.0,2862228600.0,区域地产,房地产,房地产开发,住宅开发,3.49,2.85,
2013-08-02,6.94,7.05,6.9,6.9,6.88,0.0200000000000004,0.29,2497701.0,8137845.8,2.142,0.002801,0.01004,1.46,30.4972,36.8986,1.9871,3.1622,3.3886,0.0,,1011660000.0,891660000.0,248775738.0,3257545200.0,2871145200.0,区域地产,房地产,房地产开发,住宅开发,3.53,2.89,
2013-08-05,6.92,7.0,6.88,6.96,6.9,0.0599999999999996,0.87,1777216.9999999998,5761608.3,2.142,0.001993,0.007144,0.91,30.7813,37.2424,2.0057,3.1917,3.4202,0.0,,1011660000.0,891660000.0,248775738.0,3287895000.0,2897895000.0,区域地产,房地产,房地产开发,住宅开发,3.54,2.9,
2013-08-06,6.94,7.05,6.9,7.03,6.96,0.0700000000000002,1.01,1827027.0,5955869.399999999,2.142,0.002049,0.007344,0.92,31.0655,37.5862,2.0242,3.2211,3.4517,0.0,,1011660000.0,891660000.0,248775738.0,3318244800.0,2924644800.0,区域地产,房地产,房地产开发,住宅开发,3.58,2.93,
2013-08-07,7.07,7.18,6.98,7.0,7.03,-0.0300000000000002,-0.43,2633902.0,8720130.8,2.142,0.002954,0.010587,1.27,30.9708,37.4716,2.018,3.2113,3.4412,0.0,,1011660000.0,891660000.0,248775738.0,3308128200.0,2915728200.0,区域地产,房地产,房地产开发,住宅开发,3.61,2.95,
2013-08-08,6.98,7.11,6.92,6.98,7.0,-0.0199999999999995,-0.29,1712013.0,5602908.6,2.142,0.00192,0.006882,0.79,30.8761,37.357,2.0118,3.2015,3.4307,0.0,,1011660000.0,891660000.0,248775738.0,3298011599.9999995,2906811599.9999995,区域地产,房地产,房地产开发,住宅开发,3.6,2.94,
2013-08-09,7.03,7.07,6.94,7.05,6.98,0.0699999999999994,1.0,1568802.0,5142301.9,2.142,0.001759,0.006306,0.75,31.1602,37.7008,2.0303,3.231,3.4623,0.0,,1011660000.0,891660000.0,248775738.0,3328361400.0,2933561400.0,区域地产,房地产,房地产开发,住宅开发,3.59,2.93,
2013-08-12,7.05,7.2,7.0,7.18,7.05,0.1299999999999999,1.84,3190687.0,10630646.7,2.142,0.003578,0.0128259999999999,1.68,31.7285,38.3883,2.0674,3.2899,3.5254,0.0,,1011660000.0,891660000.0,248775738.0,3389061000.0,2987061000.0,区域地产,房地产,房地产开发,住宅开发,3.62,2.96,
2013-08-13,7.18,7.22,7.13,7.2,7.18,0.0200000000000004,0.28,2262231.0,7577994.2,2.142,0.0025369999999999,0.009093,1.03,31.8232,38.5029,2.0735,3.2997,3.5359,0.0,,1011660000.0,891660000.0,248775738.0,3399177600.0,2995977600.0,区域地产,房地产,房地产开发,住宅开发,3.69,3.02,
2013-08-14,7.22,7.26,7.13,7.15,7.2,-0.0499999999999998,-0.69,2434964.0,8200604.300000001,2.142,0.002731,0.009788,1.07,31.6337,38.2737,2.0612,3.2801,3.5149,0.0,,1011660000.0,891660000.0,248775738.0,3378944400.0,2978144400.0,区域地产,房地产,房地产开发,住宅开发,3.7,3.02,
2013-08-15,7.15,7.22,7.09,7.11,7.15,-0.04,-0.56,1652347.0,5517505.5,2.142,0.0018529999999999,0.006642,0.74,31.4443,38.0445,2.0489,3.2604,3.4938,0.0,,1011660000.0,891660000.0,248775738.0,3358711200.0,2960311200.0,区域地产,房地产,房地产开发,住宅开发,3.67,3.01,
2013-08-16,7.07,7.26,7.0,7.0,7.11,-0.1100000000000003,-1.55,2951932.0,9807416.0,2.142,0.003311,0.011866,1.33,30.9708,37.4716,2.018,3.2113,3.4412,0.0,,1011660000.0,891660000.0,248775738.0,3308128200.0,2915728200.0,区域地产,房地产,房地产开发,住宅开发,3.65,2.99,
2013-08-19,6.96,7.09,6.94,7.09,7.0,0.0899999999999998,1.29,1438754.0,4728890.9,2.142,0.001614,0.005783,0.58,31.3496,37.93,2.0427,3.2506,3.4833,0.0,,1011660000.0,891660000.0,248775738.0,3348594600.0,2951394600.0,区域地产,房地产,房地产开发,住宅开发,3.6,2.94,
2013-08-20,7.09,7.15,6.98,7.03,7.09,-0.0599999999999996,-0.85,1649813.0,5447491.3,2.142,0.00185,0.006632,0.77,31.0655,37.5862,2.0242,3.2211,3.4517,0.0,,1011660000.0,891660000.0,248775738.0,3318244800.0,2924644800.0,区域地产,房地产,房地产开发,住宅开发,3.64,2.98,
2013-08-21,7.05,7.18,6.98,7.13,7.03,0.0999999999999996,1.42,2297155.0,7588417.3,2.142,0.002576,0.009234,1.13,31.539,42.2261,2.0422,3.2702,3.7288,0.0,,1011660000.0,891660000.0,248775738.0,3368827800.0000005,2969227800.0000005,区域地产,房地产,房地产开发,住宅开发,3.61,2.95,
2013-08-22,7.07,7.84,7.05,7.54,7.13,0.4100000000000001,5.75,23608990.0,85017994.2,2.142,0.026478,0.094901,11.82,33.3386,44.6353,2.1587,3.4568,3.9415,0.0,,1011660000.0,891660000.0,248775738.0,3561043200.0,3138643200.0,区域地产,房地产,房地产开发,住宅开发,3.66,3.0,
2013-08-23,7.33,7.58,7.2,7.28,7.54,-0.2599999999999998,-3.45,15479059.0,52882798.5,2.142,0.01736,0.062221,2.42,32.202,43.1137,2.0851,3.339,3.8071,0.0,,1011660000.0,891660000.0,248775738.0,3439644000.0,3031644000.0,区域地产,房地产,房地产开发,住宅开发,3.87,3.17,
2013-08-26,7.3,7.5,7.2,7.41,7.28,0.1299999999999999,1.79,9367345.0,32218699.4,2.142,0.010506,0.037654,1.05,32.7703,43.8745,2.1219,3.3979,3.8743,0.0,,1011660000.0,891660000.0,248775738.0,3500343600.0,3085143600.0,区域地产,房地产,房地产开发,住宅开发,3.74,3.06,
2013-08-27,7.43,7.71,7.41,7.48,7.41,0.0700000000000002,0.94,9864240.0,34778338.6,2.142,0.011063,0.039651,0.94,33.0544,44.2549,2.1403,3.4274,3.9079,0.0,,1011660000.0,891660000.0,248775738.0,3530693400.0000005,3111893400.0000005,区域地产,房地产,房地产开发,住宅开发,3.81,3.11,
2013-08-28,7.43,8.2,7.24,7.82,7.48,0.3399999999999998,4.55,16645632.999999998,60318586.2,2.142,0.018668,0.06691,1.37,34.5698,46.2838,2.2384,3.5845,4.0871,0.0,,1011660000.0,891660000.0,248775738.0,3692559000.0,3254559000.0,区域地产,房地产,房地产开发,住宅开发,3.84,3.14,
2013-08-29,7.71,8.27,7.65,8.01,7.82,0.1899999999999995,2.43,19767836.0,74199638.5,2.142,0.02217,0.07946,1.32,35.4222,47.4251,2.2936,3.6729,4.1879,0.0,,1011660000.0,891660000.0,248775738.0,3783608400.000001,3334808400.0000005,区域地产,房地产,房地产开发,住宅开发,4.02,3.29,
2013-08-30,8.01,8.5,7.88,8.1,8.01,0.0899999999999998,1.12,17759523.0,68056314.10000001,2.142,0.019917,0.071388,1.25,35.8011,47.9323,2.3181,3.7122,4.2326,0.0,,1011660000.0,891660000.0,248775738.0,3824074800.0,3370474800.0,区域地产,房地产,房地产开发,住宅开发,4.11,3.37,
2013-09-02,8.23,8.23,7.56,7.78,8.1,-0.3199999999999994,-3.95,8503154.0,30780703.0,2.142,0.009536,0.03418,0.58,34.3804,46.0302,2.2261,3.5649,4.0647,0.0,,1011660000.0,891660000.0,248775738.0,3672325800.0,3236725800.0,区域地产,房地产,房地产开发,住宅开发,4.16,3.4,
2013-09-03,7.69,8.1,7.69,8.05,7.78,0.2700000000000004,3.47,10397961.0,38376911.3,2.142,0.011661,0.041797,0.72,35.6116,47.6787,2.3059,3.6925,4.2102,0.0,,1011660000.0,891660000.0,248775738.0,3803841600.0,3352641599.9999995,区域地产,房地产,房地产开发,住宅开发,3.99,3.27,
2013-09-04,8.01,8.05,7.67,7.84,8.05,-0.2100000000000008,-2.61,10883106.0,39753754.2,2.142,0.0122049999999999,0.043747,0.74,34.6645,46.4106,2.2445,3.5943,4.0983,0.0,,1011660000.0,891660000.0,248775738.0,3702675600.0,3263475600.0,区域地产,房地产,房地产开发,住宅开发,4.14,3.38,
2013-09-05,7.82,7.9,7.56,7.65,7.84,-0.1899999999999995,-2.42,7443181.0,26805344.6,2.142,0.008348,0.0299189999999999,0.55,33.8121,45.2694,2.1893,3.5059,3.9975,0.0,,1011660000.0,891660000.0,248775738.0,3611626200.0,3183226200.0,区域地产,房地产,房地产开发,住宅开发,4.03,3.29,
2013-09-06,7.6,7.82,7.56,7.73,7.65,0.08,1.05,5723835.0,20589677.7,2.142,0.006419,0.023008,0.52,34.191,45.7766,2.2139,3.5452,4.0423,0.0,,1011660000.0,891660000.0,248775738.0,3652092600.0,3218892600.0,区域地产,房地产,房地产开发,住宅开发,3.93,3.21,
2013-09-09,7.73,8.1,7.69,7.97,7.73,0.2399999999999993,3.1,12150143.0,45237450.7,2.142,0.013626,0.04884,1.41,35.2328,47.1714,2.2813,3.6532,4.1655,0.0,,1011660000.0,891660000.0,248775738.0,3763375200.0,3316975200.0,区域地产,房地产,房地产开发,住宅开发,3.97,3.25,
2013-09-10,7.93,8.33,7.82,8.2,7.97,0.2299999999999995,2.89,14825272.0,56333654.8,2.142,0.016627,0.059593,1.59,36.2746,48.5663,2.3488,3.7613,4.2886,0.0,,1011660000.0,891660000.0,248775738.0,3874657800.000001,3415057800.0000005,区域地产,房地产,房地产开发,住宅开发,4.09,3.35,
2013-09-11,8.12,8.23,7.9,8.05,8.2,-0.1499999999999985,-1.83,8533238.0,31986822.6,2.142,0.00957,0.034301,0.84,35.6116,47.6787,2.3059,3.6925,4.2102,0.0,,1011660000.0,891660000.0,248775738.0,3803841600.0,3352641599.9999995,区域地产,房地产,房地产开发,住宅开发,4.21,3.45,
2013-09-12,8.03,8.14,7.93,8.03,8.05,-0.0200000000000013,-0.25,6100102.0,22920964.6,2.142,0.006841,0.02452,0.63,35.5169,47.5519,2.2997,3.6827,4.199,0.0,,1011660000.0,891660000.0,248775738.0,3793725000.0,3343725000.0,区域地产,房地产,房地产开发,住宅开发,4.14,3.38,
2013-09-13,8.01,8.44,7.97,8.31,8.03,0.2800000000000011,3.49,15458751.999999998,59403415.5,2.142,0.017337,0.062139,1.63,36.7482,49.2003,2.3794,3.8104,4.3446,0.0,,1011660000.0,891660000.0,248775738.0,3925240800.0,3459640800.0,区域地产,房地产,房地产开发,住宅开发,4.13,3.38,
2013-09-16,8.23,8.4,8.1,8.12,8.31,-0.1900000000000012,-2.29,8272252.0,31726636.2,2.142,0.009277,0.033252,0.72,35.8958,48.0591,2.3243,3.722,4.2438,0.0,,1011660000.0,891660000.0,248775738.0,3834191400.0,3379391400.0,区域地产,房地产,房地产开发,住宅开发,4.27,3.49,
2013-09-17,8.14,8.31,7.82,7.84,8.12,-0.2799999999999993,-3.45,5942673.0,22290433.4,2.142,0.006665,0.023888,0.56,34.6645,46.4106,2.2445,3.5943,4.0983,0.0,,1011660000.0,891660000.0,248775738.0,3702675600.0,3263475600.0,区域地产,房地产,房地产开发,住宅开发,4.17,3.41,
2013-09-18,7.8,7.86,7.65,7.73,7.84,-0.1099999999999994,-1.4,4511082.0,16302098.1,2.142,0.005059,0.018133,0.51,34.191,45.7766,2.2139,3.5452,4.0423,0.0,,1011660000.0,891660000.0,248775738.0,3652092600.0,3218892600.0,区域地产,房地产,房地产开发,住宅开发,4.03,3.29,
2013-09-23,7.75,7.9,7.75,7.88,7.73,0.1499999999999994,1.94,3745758.0,13682942.8,2.142,0.004201,0.015057,0.46,34.854,46.6642,2.2568,3.614,4.1207,0.0,,1011660000.0,891660000.0,248775738.0,3722908800.0,3281308800.0,区域地产,房地产,房地产开发,住宅开发,3.97,3.25,
2013-09-24,7.88,7.88,7.65,7.75,7.88,-0.1299999999999999,-1.65,5438602.0,19738876.5,2.142,0.006099,0.021861,0.72,34.2857,45.9034,2.22,3.555,4.0535,0.0,,1011660000.0,891660000.0,248775738.0,3662209200.0,3227809200.0,区域地产,房地产,房地产开发,住宅开发,4.05,3.31,
2013-09-25,7.78,7.88,7.71,7.75,7.75,0.0,0.0,4037091.000000001,14696726.9,2.142,0.004528,0.016228,0.72,34.2857,45.9034,2.22,3.555,4.0535,0.0,,1011660000.0,891660000.0,248775738.0,3662209200.0,3227809200.0,区域地产,房地产,房地产开发,住宅开发,3.98,3.26,
2013-09-26,7.8,7.82,7.43,7.5,7.75,-0.25,-3.23,4037030.000000001,14363675.8,2.142,0.004528,0.016228,0.85,33.1491,44.3817,2.1464,3.4372,3.9191,0.0,,1011660000.0,891660000.0,248775738.0,3540810000.0,3120810000.0,区域地产,房地产,房地产开发,住宅开发,3.98,3.26,
2013-09-27,7.56,7.56,7.41,7.48,7.5,-0.0199999999999995,-0.27,2429521.0,8472175.1,2.142,0.002725,0.009766,0.56,33.0544,44.2549,2.1403,3.4274,3.9079,0.0,,1011660000.0,891660000.0,248775738.0,3530693400.0000005,3111893400.0000005,区域地产,房地产,房地产开发,住宅开发,3.85,3.15,
2013-09-30,7.48,7.67,7.48,7.6,7.48,0.1199999999999992,1.6,2216882.0,7862806.5,2.142,0.002486,0.008911,0.56,33.6227,45.0158,2.1771,3.4863,3.9751,0.0,,1011660000.0,891660000.0,248775738.0,3591393000.0,3165393000.0,区域地产,房地产,房地产开发,住宅开发,3.84,3.14,
2013-10-08,7.65,7.84,7.52,7.78,7.6,0.1800000000000006,2.37,3493119.0,12622745.0,2.142,0.003918,0.014041,0.96,34.3804,46.0302,2.2261,3.5649,4.0647,0.0,,1011660000.0,891660000.0,248775738.0,3672325800.0,3236725800.0,区域地产,房地产,房地产开发,住宅开发,3.91,3.2,
2013-10-09,7.73,8.08,7.71,8.01,7.78,0.2299999999999995,2.96,6377755.0,23586012.1,2.142,0.007153,0.025637,1.97,35.4222,47.4251,2.2936,3.6729,4.1879,0.0,,1011660000.0,891660000.0,248775738.0,3783608400.000001,3334808400.0000005,区域地产,房地产,房地产开发,住宅开发,3.99,3.27,
2013-10-10,7.93,8.8,7.88,8.42,8.01,0.4100000000000001,5.12,26835565.000000004,107941618.7,2.142,0.0300959999999999,0.107871,7.23,37.2217,49.8344,2.4101,3.8595,4.4006,0.0,,1011660000.0,891660000.0,248775738.0,3975823800.0,3504223800.0,区域地产,房地产,房地产开发,住宅开发,4.11,3.37,
2013-10-11,8.23,8.4,8.08,8.31,8.42,-0.1099999999999994,-1.31,15319599.0,58954038.9,2.142,0.017181,0.06158,1.85,36.7482,49.2003,2.3794,3.8104,4.3446,0.0,,1011660000.0,891660000.0,248775738.0,3925240800.0,3459640800.0,区域地产,房地产,房地产开发,住宅开发,4.32,3.54,
2013-10-14,8.2,8.44,8.14,8.18,8.31,-0.1300000000000007,-1.56,7230920.0,27954184.8,2.142,0.00811,0.029066,0.67,36.1799,48.4395,2.3427,3.7514,4.2774,0.0,,1011660000.0,891660000.0,248775738.0,3864541200.0,3406141200.0,区域地产,房地产,房地产开发,住宅开发,4.27,3.49,
2013-10-15,8.23,8.53,8.14,8.48,8.18,0.3000000000000007,3.67,10150153.0,39567956.1,2.142,0.011383,0.0408,0.86,37.5059,50.2148,2.4285,3.8889,4.4342,0.0,,1011660000.0,891660000.0,248775738.0,4006173600.0,3530973600.0,区域地产,房地产,房地产开发,住宅开发,4.2,3.44,
2013-10-16,8.4,8.4,8.01,8.08,8.48,-0.4000000000000003,-4.72,6932649.000000001,26476774.700000003,2.142,0.007775,0.027867,0.53,35.7064,47.8055,2.312,3.7023,4.2214,0.0,,1011660000.0,891660000.0,248775738.0,3813958200.0,3361558200.0,区域地产,房地产,房地产开发,住宅开发,4.36,3.56,
2013-10-17,8.18,8.18,7.93,7.99,8.08,-0.0899999999999998,-1.11,4001957.0,15078054.2,2.142,0.004488,0.016087,0.3,35.3275,47.2983,2.2875,3.6631,4.1767,0.0,,1011660000.0,891660000.0,248775738.0,3773491800.0,3325891800.0,区域地产,房地产,房地产开发,住宅开发,4.15,3.39,
2013-10-18,7.99,8.18,7.99,8.08,7.99,0.0899999999999998,1.13,3334243.0,12620383.5,2.142,0.003739,0.013403,0.38,35.7064,47.8055,2.312,3.7023,4.2214,0.0,,1011660000.0,891660000.0,248775738.0,3813958200.0,3361558200.0,区域地产,房地产,房地产开发,住宅开发,4.1,3.36,
2013-10-21,8.1,8.42,8.05,8.42,8.08,0.3399999999999998,4.21,6221130.0,23954222.3,2.142,0.006977,0.025007,0.98,37.2217,49.8344,2.4101,3.8595,4.4006,0.0,,1011660000.0,891660000.0,248775738.0,3975823800.0,3504223800.0,区域地产,房地产,房地产开发,住宅开发,4.15,3.39,
2013-10-22,8.42,8.57,8.29,8.53,8.42,0.1099999999999994,1.31,13774128.0,54388299.5,2.142,0.015448,0.055368,2.25,37.6953,50.4684,2.4408,3.9086,4.4566,0.0,,1011660000.0,891660000.0,248775738.0,4026406800.0,3548806800.0,区域地产,房地产,房地产开发,住宅开发,4.32,3.54,
2013-10-23,8.55,8.57,8.08,8.14,8.53,-0.3899999999999988,-4.57,10201224.0,39454552.2,2.142,0.011441,0.041006,1.49,35.9905,64.0925,2.3254,3.7318,4.8194,0.0,,1011660000.0,891660000.0,248775738.0,3844308000.0,3388308000.0,区域地产,房地产,房地产开发,住宅开发,4.38,3.58,
2013-10-24,8.1,8.14,7.82,7.9,8.14,-0.2400000000000002,-2.95,5481701.0,20399638.0,2.142,0.006148,0.022035,0.73,34.9487,62.2372,2.2581,3.6238,4.6799,0.0,,1011660000.0,891660000.0,248775738.0,3733025400.0,3290225400.0,区域地产,房地产,房地产开发,住宅开发,4.18,3.42,
2013-10-25,7.9,8.01,7.73,7.78,7.9,-0.1200000000000001,-1.52,3187250.0,11707721.0,2.142,0.003575,0.0128119999999999,0.41,34.3804,61.2252,2.2214,3.5649,4.6038,0.0,,1011660000.0,891660000.0,248775738.0,3672325800.0,3236725800.0,区域地产,房地产,房地产开发,住宅开发,4.06,3.32,
2013-10-28,7.82,7.88,7.75,7.84,7.78,0.0599999999999996,0.77,1807639.0,6599532.6,2.142,0.0020269999999999,0.007266,0.23,34.6645,61.7312,2.2397,3.5943,4.6419,0.0,,1011660000.0,891660000.0,248775738.0,3702675600.0,3263475600.0,区域地产,房地产,房地产开发,住宅开发,3.99,3.27,
2013-10-29,7.86,7.9,7.41,7.63,7.84,-0.2099999999999999,-2.68,3430390.0,12275791.1,2.142,0.0038469999999999,0.013789,0.5,33.7174,60.0446,2.1785,3.4961,4.5151,0.0,,1011660000.0,891660000.0,248775738.0,3601509600.0,3174309600.0,区域地产,房地产,房地产开发,住宅开发,4.03,3.29,
2013-10-30,7.63,7.8,7.58,7.78,7.63,0.1500000000000003,1.97,1643573.0,5915280.800000001,2.142,0.001843,0.0066069999999999,0.34,34.3804,61.2252,2.2214,3.5649,4.6038,0.0,,1011660000.0,891660000.0,248775738.0,3672325800.0,3236725800.0,区域地产,房地产,房地产开发,住宅开发,3.92,3.2,
2013-10-31,7.84,8.01,7.78,7.86,7.78,0.08,1.03,4162786.0,15321332.7,2.142,0.0046689999999999,0.016733,1.34,34.7592,61.8999,2.2458,3.6041,4.6546,0.0,,1011660000.0,891660000.0,248775738.0,3712792200.0,3272392199.9999995,区域地产,房地产,房地产开发,住宅开发,3.99,3.27,
2013-11-01,7.73,7.84,7.6,7.73,7.86,-0.1299999999999999,-1.65,3050923.0,11008698.7,2.142,0.003422,0.0122639999999999,1.07,34.191,60.8879,2.2091,3.5452,4.5785,0.0,,1011660000.0,891660000.0,248775738.0,3652092600.0,3218892600.0,区域地产,房地产,房地产开发,住宅开发,4.04,3.3,
2013-11-04,7.75,7.82,7.69,7.78,7.73,0.0499999999999998,0.65,1713505.0,6204217.7,2.142,0.001922,0.006888,0.61,34.3804,61.2252,2.2214,3.5649,4.6038,0.0,,1011660000.0,891660000.0,248775738.0,3672325800.0,3236725800.0,区域地产,房地产,房地产开发,住宅开发,3.97,3.25,
2013-11-05,7.71,7.88,7.63,7.84,7.78,0.0599999999999996,0.77,2919324.0,10634762.4,2.142,0.003274,0.011735,1.04,34.6645,61.7312,2.2397,3.5943,4.6419,0.0,,1011660000.0,891660000.0,248775738.0,3702675600.0,3263475600.0,区域地产,房地产,房地产开发,住宅开发,3.99,3.27,
2013-11-06,7.82,8.27,7.82,7.99,7.84,0.1500000000000003,1.91,7021692.0,26434478.7,2.142,0.007875,0.0282249999999999,2.6,35.3275,62.9119,2.2826,3.6631,4.7307,0.0,,1011660000.0,891660000.0,248775738.0,3773491800.0,3325891800.0,区域地产,房地产,房地产开发,住宅开发,4.03,3.29,
2013-11-07,7.93,8.31,7.88,8.18,7.99,0.1899999999999995,2.38,6989673.0,26675420.6,2.142,0.007839,0.028096,1.85,36.1799,64.4298,2.3376,3.7514,4.8448,0.0,,1011660000.0,891660000.0,248775738.0,3864541200.0,3406141200.0,区域地产,房地产,房地产开发,住宅开发,4.1,3.36,
2013-11-08,8.14,8.18,7.99,8.03,8.18,-0.1500000000000003,-1.83,3679574.0,13880791.8,2.142,0.004127,0.014791,0.85,35.5169,63.2492,2.2948,3.6827,4.756,0.0,,1011660000.0,891660000.0,248775738.0,3793725000.0,3343725000.0,区域地产,房地产,房地产开发,住宅开发,4.2,3.44,
2013-11-11,8.03,8.27,7.97,8.23,8.03,0.200000000000001,2.49,6214739.0,23745433.4,2.142,0.00697,0.024981,1.39,36.3693,64.7672,2.3499,3.7711,4.8702,0.0,,1011660000.0,891660000.0,248775738.0,3884774400.0,3423974400.0,区域地产,房地产,房地产开发,住宅开发,4.13,3.38,
2013-11-12,8.2,8.31,8.1,8.25,8.23,0.0199999999999995,0.24,4121583.0,15770856.8,2.142,0.004622,0.016567,0.77,36.4641,64.9358,2.356,3.7809,4.8829,0.0,,1011660000.0,891660000.0,248775738.0,3894891000.0,3432891000.0,区域地产,房地产,房地产开发,住宅开发,4.22,3.46,
2013-11-13,8.23,8.23,7.86,7.9,8.25,-0.3499999999999996,-4.24,4393908.0,16387047.4,2.142,0.004928,0.017662,0.78,34.9487,62.2372,2.2581,3.6238,4.6799,0.0,,1011660000.0,891660000.0,248775738.0,3733025400.0,3290225400.0,区域地产,房地产,房地产开发,住宅开发,4.24,3.47,
2013-11-14,7.88,7.99,7.82,7.88,7.9,-0.0200000000000004,-0.25,2615344.0,9638153.9,2.142,0.002933,0.010513,0.51,34.854,62.0685,2.252,3.614,4.6672,0.0,,1011660000.0,891660000.0,248775738.0,3722908800.0,3281308800.0,区域地产,房地产,房地产开发,住宅开发,4.06,3.32,
2013-11-15,7.88,8.16,7.84,8.05,7.88,0.1700000000000008,2.16,4087331.0,15329266.7,2.142,0.0045839999999999,0.01643,0.97,35.6116,63.4179,2.3009,3.6925,4.7687,0.0,,1011660000.0,891660000.0,248775738.0,3803841600.0,3352641599.9999995,区域地产,房地产,房地产开发,住宅开发,4.05,3.31,
2013-11-18,8.05,8.29,8.03,8.27,8.05,0.2199999999999988,2.73,5679249.0,21798236.5,2.142,0.006369,0.022829,1.32,36.5588,65.1045,2.3621,3.7907,4.8955,0.0,,1011660000.0,891660000.0,248775738.0,3905007600.0,3441807600.0,区域地产,房地产,房地产开发,住宅开发,4.14,3.38,
2013-11-19,8.27,8.63,8.14,8.42,8.27,0.1500000000000003,1.81,9889938.0,38898819.0,2.142,0.011092,0.039754,2.37,37.2217,66.2851,2.4049,3.8595,4.9843,0.0,,1011660000.0,891660000.0,248775738.0,3975823800.0,3504223800.0,区域地产,房地产,房地产开发,住宅开发,4.25,3.47,
2013-11-20,8.33,8.5,8.25,8.44,8.42,0.0199999999999995,0.24,6616755.0,25940580.8,2.142,0.007421,0.026597,1.24,37.3165,66.4538,2.4111,3.8693,4.997,0.0,,1011660000.0,891660000.0,248775738.0,3985940400.0,3513140400.0,区域地产,房地产,房地产开发,住宅开发,4.32,3.54,
2013-11-21,8.38,8.89,8.33,8.48,8.44,0.0400000000000009,0.47,15195662.0,61114356.6,2.142,0.0170419999999999,0.061082,2.63,37.5059,66.7911,2.4233,3.8889,5.0224,0.0,,1011660000.0,891660000.0,248775738.0,4006173600.0,3530973600.0,区域地产,房地产,房地产开发,住宅开发,4.33,3.55,
2013-11-22,8.38,8.46,8.23,8.35,8.48,-0.1300000000000007,-1.53,6867848.0,26755405.3,2.142,0.007702,0.027607,0.83,36.9376,65.7792,2.3866,3.83,4.9463,0.0,,1011660000.0,891660000.0,248775738.0,3945474000.0,3477474000.0,区域地产,房地产,房地产开发,住宅开发,4.36,3.56,
2013-11-25,8.29,8.55,8.25,8.38,8.35,0.0300000000000011,0.36,3837866.000000001,15067860.5,2.142,0.004304,0.015427,0.43,37.0323,65.9478,2.3927,3.8398,4.959,0.0,,1011660000.0,891660000.0,248775738.0,3955590600.0,3486390600.0,区域地产,房地产,房地产开发,住宅开发,4.29,3.51,
2013-11-26,8.4,8.42,8.12,8.18,8.38,-0.200000000000001,-2.39,4865590.0,18698457.1,2.142,0.005457,0.019558,0.57,36.1799,64.4298,2.3376,3.7514,4.8448,0.0,,1011660000.0,891660000.0,248775738.0,3864541200.0,3406141200.0,区域地产,房地产,房地产开发,住宅开发,4.3,3.52,
2013-11-27,8.16,8.33,8.14,8.31,8.18,0.1300000000000007,1.59,2402428.0,9274963.2,2.142,0.0026939999999999,0.009657,0.32,36.7482,65.4418,2.3743,3.8104,4.9209,0.0,,1011660000.0,891660000.0,248775738.0,3925240800.0,3459640800.0,区域地产,房地产,房地产开发,住宅开发,4.2,3.44,
2013-11-28,8.35,8.42,8.18,8.27,8.31,-0.0400000000000009,-0.48,5131504.0,19905516.0,2.142,0.005755,0.020627,0.77,36.5588,65.1045,2.3621,3.7907,4.8955,0.0,,1011660000.0,891660000.0,248775738.0,3905007600.0,3441807600.0,区域地产,房地产,房地产开发,住宅开发,4.27,3.49,
2013-11-29,8.27,8.33,8.2,8.29,8.27,0.0199999999999995,0.24,2976778.0,11475772.1,2.142,0.003338,0.011966,0.64,36.6535,65.2732,2.3682,3.8005,4.9082,0.0,,1011660000.0,891660000.0,248775738.0,3915124200.0,3450724200.0,区域地产,房地产,房地产开发,住宅开发,4.25,3.47,
2013-12-02,8.16,8.23,7.75,7.86,8.29,-0.4299999999999988,-5.19,5436359.0,20291127.2,2.142,0.006097,0.021852,1.41,34.7592,61.8999,2.2458,3.6041,4.6546,0.0,,1011660000.0,891660000.0,248775738.0,3712792200.0,3272392199.9999995,区域地产,房地产,房地产开发,住宅开发,4.26,3.48,
2013-12-03,7.86,8.05,7.84,8.01,7.86,0.1499999999999994,1.91,2463877.0,9136447.8,2.142,0.002763,0.009904,0.59,35.4222,63.0805,2.2887,3.6729,4.7433,0.0,,1011660000.0,891660000.0,248775738.0,3783608400.000001,3334808400.0000005,区域地产,房地产,房地产开发,住宅开发,4.04,3.3,
2013-12-04,7.97,8.16,7.95,8.08,8.01,0.0700000000000002,0.87,3441399.0,13000040.3,2.142,0.00386,0.013833,0.93,35.7064,63.5865,2.307,3.7023,4.7814,0.0,,1011660000.0,891660000.0,248775738.0,3813958200.0,3361558200.0,区域地产,房地产,房地产开发,住宅开发,4.11,3.37,
2013-12-05,8.08,8.25,8.03,8.16,8.08,0.08,0.99,2310534.0,8773436.100000001,2.142,0.002591,0.009288,0.59,36.0852,64.2612,2.3315,3.7416,4.8321,0.0,,1011660000.0,891660000.0,248775738.0,3854424600.0,3397224600.0,区域地产,房地产,房地产开发,住宅开发,4.15,3.39,
2013-12-06,8.1,8.16,7.99,8.1,8.16,-0.0600000000000005,-0.74,2387875.0,8999145.200000001,2.142,0.002678,0.009599,0.72,35.8011,63.7552,2.3131,3.7122,4.7941,0.0,,1011660000.0,891660000.0,248775738.0,3824074800.0,3370474800.0,区域地产,房地产,房地产开发,住宅开发,4.19,3.43,
2013-12-09,8.1,8.18,8.08,8.1,8.1,0.0,0.0,1652309.0,6267781.9,2.142,0.0018529999999999,0.006642,0.52,35.8011,63.7552,2.3131,3.7122,4.7941,0.0,,1011660000.0,891660000.0,248775738.0,3824074800.0,3370474800.0,区域地产,房地产,房地产开发,住宅开发,4.16,3.4,
2013-12-10,8.14,8.5,8.08,8.4,8.1,0.3000000000000007,3.7,9764365.0,38212344.8,2.142,0.0109509999999999,0.03925,3.98,37.127,66.1165,2.3988,3.8496,4.9716,0.0,,1011660000.0,891660000.0,248775738.0,3965707200.0,3495307199.9999995,区域地产,房地产,房地产开发,住宅开发,4.16,3.4,
2013-12-11,8.38,8.74,8.25,8.46,8.4,0.0600000000000005,0.71,13873666.0,55210492.0,2.142,0.015559,0.055768,3.55,37.4112,66.6225,2.4172,3.8791,5.0097,0.0,,1011660000.0,891660000.0,248775738.0,3996057000.0,3522057000.0,区域地产,房地产,房地产开发,住宅开发,4.31,3.53,
2013-12-12,8.5,9.32,8.46,9.32,8.46,0.8599999999999994,10.17,34953847.0,150913240.0,2.142,0.039201,0.140503,5.83,41.1996,73.3691,2.662,4.2719,5.517,0.0,,1011660000.0,891660000.0,248775738.0,4400721000.0,3878721000.0,区域地产,房地产,房地产开发,住宅开发,4.35,3.56,
2013-12-13,9.32,9.57,9.06,9.15,9.32,-0.1699999999999999,-1.82,38387855.0,166434663.1,2.142,0.043052,0.154307,3.06,40.4419,72.0197,2.613,4.1934,5.4155,0.0,,1011660000.0,891660000.0,248775738.0,4319788200.0,3807388200.0,区域地产,房地产,房地产开发,住宅开发,4.79,3.92,
2013-12-16,9.02,9.25,8.85,8.89,9.15,-0.2599999999999998,-2.84,17472292.0,73378817.89999999,2.142,0.019595,0.070233,0.89,39.3054,69.9958,2.5396,4.0755,5.2633,0.0,,1011660000.0,891660000.0,248775738.0,4198389000.0,3700389000.0,区域地产,房地产,房地产开发,住宅开发,4.7,3.84,
2013-12-17,8.8,9.12,8.72,8.87,8.89,-0.0200000000000013,-0.22,12620316.0,52675566.400000006,2.142,0.014154,0.05073,0.55,39.2107,69.8271,2.5334,4.0657,5.2507,0.0,,1011660000.0,891660000.0,248775738.0,4188272400.0,3691472400.0,区域地产,房地产,房地产开发,住宅开发,4.57,3.74,
2013-12-18,8.87,9.04,8.72,8.74,8.87,-0.129999999999999,-1.47,6492964.0,26820396.6,2.142,0.0072819999999999,0.0260999999999999,0.28,38.6424,68.8151,2.4967,4.0068,5.1746,0.0,,1011660000.0,891660000.0,248775738.0,4127572800.000001,3637972800.000001,区域地产,房地产,房地产开发,住宅开发,4.55,3.73,
2013-12-19,8.76,8.87,8.44,8.53,8.74,-0.2100000000000008,-2.4,9893683.0,39685475.2,2.142,0.011096,0.039769,0.45,37.6953,67.1285,2.4355,3.9086,5.0477,0.0,,1011660000.0,891660000.0,248775738.0,4026406800.0,3548806800.0,区域地产,房地产,房地产开发,住宅开发,4.49,3.67,
2013-12-20,8.5,8.57,8.2,8.25,8.53,-0.2799999999999993,-3.28,8849624.0,34519196.300000004,2.142,0.009925,0.035573,0.52,36.4641,64.9358,2.356,3.7809,4.8829,0.0,,1011660000.0,891660000.0,248775738.0,3894891000.0,3432891000.0,区域地产,房地产,房地产开发,住宅开发,4.38,3.58,
2013-12-23,8.18,8.31,8.03,8.14,8.25,-0.1099999999999994,-1.33,6594483.0,25026411.7,2.142,0.007396,0.0265079999999999,0.6,35.9905,64.0925,2.3254,3.7318,4.8194,0.0,,1011660000.0,891660000.0,248775738.0,3844308000.0,3388308000.0,区域地产,房地产,房地产开发,住宅开发,4.24,3.47,
2013-12-24,8.18,8.33,8.03,8.14,8.14,0.0,0.0,7392760.000000001,28322331.3,2.142,0.008291,0.0297169999999999,0.83,35.9905,64.0925,2.3254,3.7318,4.8194,0.0,,1011660000.0,891660000.0,248775738.0,3844308000.0,3388308000.0,区域地产,房地产,房地产开发,住宅开发,4.18,3.42,
2013-12-25,8.12,8.18,7.97,8.16,8.14,0.0199999999999995,0.25,6235243.0,23474455.0,2.142,0.006993,0.025064,0.79,36.0852,64.2612,2.3315,3.7416,4.8321,0.0,,1011660000.0,891660000.0,248775738.0,3854424600.0,3397224600.0,区域地产,房地产,房地产开发,住宅开发,4.18,3.42,
2013-12-26,8.14,8.14,7.84,7.84,8.16,-0.3200000000000003,-3.92,6833542.0,25342851.2,2.142,0.007664,0.027469,0.88,34.6645,61.7312,2.2397,3.5943,4.6419,0.0,,1011660000.0,891660000.0,248775738.0,3702675600.0,3263475600.0,区域地产,房地产,房地产开发,住宅开发,4.19,3.43,
2013-12-27,7.86,8.01,7.8,7.97,7.84,0.1299999999999999,1.66,4774039.0,17664160.3,2.142,0.005354,0.01919,0.66,35.2328,62.7432,2.2764,3.6532,4.718,0.0,,1011660000.0,891660000.0,248775738.0,3763375200.0,3316975200.0,区域地产,房地产,房地产开发,住宅开发,4.03,3.29,
2013-12-30,7.93,8.08,7.9,8.03,7.97,0.0599999999999996,0.75,4406518.0,16487108.0,2.142,0.0049419999999999,0.017713,0.69,35.5169,63.2492,2.2948,3.6827,4.756,0.0,,1011660000.0,891660000.0,248775738.0,3793725000.0,3343725000.0,区域地产,房地产,房地产开发,住宅开发,4.09,3.35,
2013-12-31,8.01,8.05,7.88,8.03,8.03,0.0,0.0,4763816.0,17719595.4,2.142,0.005343,0.019149,0.8,35.5169,63.2492,2.2948,3.6827,4.756,0.0,,1011660000.0,891660000.0,248775738.0,3793725000.0,3343725000.0,区域地产,房地产,房地产开发,住宅开发,4.13,3.38,
2014-01-02,8.03,8.12,7.99,8.12,8.03,0.0899999999999998,1.12,4041922.0,15203417.4,2.142,0.004533,0.016247,0.75,35.8958,63.9238,2.3193,3.722,4.8068,0.0,,1011660000.0,891660000.0,248775738.0,3834191400.0,3379391400.0,区域地产,房地产,房地产开发,住宅开发,4.13,3.38,
2014-01-03,8.08,8.1,7.86,7.95,8.12,-0.169999999999999,-2.09,3777572.0,14021614.8,2.142,0.004237,0.0151849999999999,0.76,35.1381,62.5745,2.2703,3.6434,4.7053,0.0,,1011660000.0,891660000.0,248775738.0,3753258600.0,3308058600.0,区域地产,房地产,房地产开发,住宅开发,4.17,3.41,
2014-01-06,7.95,7.95,7.5,7.56,7.95,-0.3900000000000005,-4.91,5078376.0,18123452.9,2.142,0.005695,0.020413,1.17,33.4333,59.5386,2.1602,3.4666,4.477,0.0,,1011660000.0,891660000.0,248775738.0,3571159800.0,3147559800.0,区域地产,房地产,房地产开发,住宅开发,4.08,3.34,
2014-01-07,7.5,7.67,7.48,7.5,7.56,-0.0599999999999996,-0.79,3903427.0,13758166.5,2.142,0.004378,0.015691,0.88,33.1491,59.0326,2.1418,3.4372,4.439,0.0,,1011660000.0,891660000.0,248775738.0,3540810000.0,3120810000.0,区域地产,房地产,房地产开发,住宅开发,3.88,3.18,
2014-01-08,7.5,7.58,7.45,7.5,7.5,0.0,0.0,3306726.0,11585304.7,2.142,0.003709,0.013292,0.77,33.1491,59.0326,2.1418,3.4372,4.439,0.0,,1011660000.0,891660000.0,248775738.0,3540810000.0,3120810000.0,区域地产,房地产,房地产开发,住宅开发,3.85,3.15,
2014-01-09,7.5,7.56,7.24,7.24,7.5,-0.2599999999999998,-3.47,3408829.0,11849324.9,2.142,0.0038229999999999,0.013702,0.85,32.0126,57.0086,2.0684,3.3193,4.2868,0.0,,1011660000.0,891660000.0,248775738.0,3419410800.0,3013810800.0,区域地产,房地产,房地产开发,住宅开发,3.85,3.15,
2014-01-10,7.2,7.3,7.18,7.28,7.24,0.04,0.55,2291788.0,7755161.4,2.142,0.00257,0.009212,0.59,32.202,57.3459,2.0806,3.339,4.3121,0.0,,1011660000.0,891660000.0,248775738.0,3439644000.0,3031644000.0,区域地产,房地产,房地产开发,住宅开发,3.72,3.04,
2014-01-13,7.2,7.3,7.18,7.24,7.28,-0.04,-0.55,1991198.0,6718100.1,2.142,0.002233,0.008004,0.55,32.0126,57.0086,2.0684,3.3193,4.2868,0.0,,1011660000.0,891660000.0,248775738.0,3419410800.0,3013810800.0,区域地产,房地产,房地产开发,住宅开发,3.74,3.06,
2014-01-14,7.28,7.41,7.2,7.41,7.24,0.1699999999999999,2.35,2500249.0,8561016.299999999,2.142,0.0028039999999999,0.0100499999999999,0.84,32.7703,58.3579,2.1173,3.3979,4.3882,0.0,,1011660000.0,891660000.0,248775738.0,3500343600.0,3085143600.0,区域地产,房地产,房地产开发,住宅开发,3.72,3.04,
2014-01-15,7.39,7.43,7.28,7.39,7.41,-0.0200000000000004,-0.27,2031748.0,6963530.399999999,2.142,0.0022789999999999,0.008167,0.75,32.6756,58.1893,2.1112,3.3881,4.3755,0.0,,1011660000.0,891660000.0,248775738.0,3490227000.0,3076227000.0,区域地产,房地产,房地产开发,住宅开发,3.81,3.11,
2014-01-16,7.39,7.48,7.3,7.39,7.39,0.0,0.0,2401064.0,8291588.7,2.142,0.0026929999999999,0.0096519999999999,0.98,32.6756,58.1893,2.1112,3.3881,4.3755,0.0,,1011660000.0,891660000.0,248775738.0,3490227000.0,3076227000.0,区域地产,房地产,房地产开发,住宅开发,3.8,3.11,
2014-01-17,7.35,7.41,6.98,7.13,7.39,-0.2599999999999998,-3.52,5028904.0,16814618.7,2.142,0.0056399999999999,0.020215,2.24,31.539,56.1653,2.0378,3.2702,4.2234,0.0,,1011660000.0,891660000.0,248775738.0,3368827800.0000005,2969227800.0000005,区域地产,房地产,房地产开发,住宅开发,3.8,3.11,
2014-01-20,7.11,7.11,6.98,7.07,7.13,-0.0599999999999996,-0.84,1903207.0,6263884.699999999,2.142,0.002134,0.00765,0.68,31.2549,55.6593,2.0194,3.2408,4.1853,0.0,,1011660000.0,891660000.0,248775738.0,3338478000.0,2942478000.0,区域地产,房地产,房地产开发,住宅开发,3.66,3.0,
2014-01-21,7.03,7.2,7.03,7.13,7.07,0.0599999999999996,0.85,1719187.0,5730652.3,2.142,0.001928,0.006911,0.62,31.539,56.1653,2.0378,3.2702,4.2234,0.0,,1011660000.0,891660000.0,248775738.0,3368827800.0000005,2969227800.0000005,区域地产,房地产,房地产开发,住宅开发,3.63,2.97,
2014-01-22,7.13,7.41,7.13,7.35,7.13,0.2199999999999997,3.09,4039364.0,13822547.6,2.142,0.00453,0.0162369999999999,1.54,32.4862,57.8519,2.099,3.3684,4.3502,0.0,,1011660000.0,891660000.0,248775738.0,3469993800.0,3058393800.0,区域地产,房地产,房地产开发,住宅开发,3.66,3.0,
2014-01-23,7.33,7.5,7.3,7.37,7.35,0.0200000000000004,0.27,3300418.0,11373706.3,2.142,0.003701,0.013267,1.09,32.5809,58.0206,2.1051,3.3783,4.3629,0.0,,1011660000.0,891660000.0,248775738.0,3480110400.0,3067310400.0,区域地产,房地产,房地产开发,住宅开发,3.77,3.09,
2014-01-24,7.39,7.6,7.35,7.54,7.37,0.1699999999999999,2.31,4348864.0,15266708.4,2.142,0.004877,0.017481,1.36,33.3386,59.3699,2.154,3.4568,4.4643,0.0,,1011660000.0,891660000.0,248775738.0,3561043200.0,3138643200.0,区域地产,房地产,房地产开发,住宅开发,3.78,3.1,
2014-01-27,7.5,7.52,7.39,7.45,7.54,-0.0899999999999998,-1.19,2352751.0,8187907.0,2.142,0.002639,0.009457,0.77,32.9597,58.6952,2.1296,3.4175,4.4136,0.0,,1011660000.0,891660000.0,248775738.0,3520576800.0,3102976800.0,区域地产,房地产,房地产开发,住宅开发,3.87,3.17,
2014-01-28,7.41,7.52,7.39,7.52,7.45,0.0699999999999994,0.94,1839561.0,6415198.7,2.142,0.002063,0.0073939999999999,0.58,33.2438,59.2012,2.1479,3.447,4.4516,0.0,,1011660000.0,891660000.0,248775738.0,3550926599.9999995,3129726599.9999995,区域地产,房地产,房地产开发,住宅开发,3.83,3.13,
2014-01-29,7.48,7.54,7.39,7.48,7.52,-0.0399999999999991,-0.53,1758454.0,6124998.5,2.142,0.001972,0.007068,0.55,33.0544,58.8639,2.1357,3.4274,4.4263,0.0,,1011660000.0,891660000.0,248775738.0,3530693400.0000005,3111893400.0000005,区域地产,房地产,房地产开发,住宅开发,3.86,3.16,
2014-01-30,7.43,7.56,7.39,7.5,7.48,0.0199999999999995,0.27,2190213.0,7646102.1,2.142,0.002456,0.008804,0.81,33.1491,59.0326,2.1418,3.4372,4.439,0.0,,1011660000.0,891660000.0,248775738.0,3540810000.0,3120810000.0,区域地产,房地产,房地产开发,住宅开发,3.84,3.14,
2014-02-07,7.5,7.54,7.41,7.54,7.5,0.04,0.53,2232536.0,7794170.4,2.142,0.002504,0.008974,0.89,33.3386,59.3699,2.154,3.4568,4.4643,0.0,,1011660000.0,891660000.0,248775738.0,3561043200.0,3138643200.0,区域地产,房地产,房地产开发,住宅开发,3.85,3.15,
2014-02-10,7.56,7.73,7.54,7.71,7.54,0.1699999999999999,2.25,4726659.0,16906658.0,2.142,0.005301,0.019,2.28,34.0963,60.7192,2.203,3.5354,4.5658,0.0,,1011660000.0,891660000.0,248775738.0,3641976000.0,3209976000.0,区域地产,房地产,房地产开发,住宅开发,3.87,3.17,
2014-02-11,7.67,7.8,7.6,7.69,7.71,-0.0199999999999995,-0.26,4116962.000000001,14814628.2,2.142,0.004617,0.016549,1.61,34.0015,60.5506,2.1969,3.5256,4.5531,0.0,,1011660000.0,891660000.0,248775738.0,3631859400.0,3201059400.0,区域地产,房地产,房地产开发,住宅开发,3.96,3.24,
2014-02-12,7.71,7.82,7.67,7.82,7.69,0.1299999999999999,1.69,3925156.0,14213321.8,2.142,0.004402,0.015778,1.31,34.5698,61.5625,2.2336,3.5845,4.6292,0.0,,1011660000.0,891660000.0,248775738.0,3692559000.0,3254559000.0,区域地产,房地产,房地产开发,住宅开发,3.95,3.23,
2014-02-13,7.82,7.86,7.65,7.65,7.82,-0.1699999999999999,-2.17,3349908.9999999995,12076179.4,2.142,0.003757,0.013466,0.97,33.8121,60.2132,2.1846,3.5059,4.5277,0.0,,1011660000.0,891660000.0,248775738.0,3611626200.0,3183226200.0,区域地产,房地产,房地产开发,住宅开发,4.02,3.29,
2014-02-14,7.6,7.82,7.6,7.82,7.65,0.1699999999999999,2.22,3110653.0,11223854.1,2.142,0.003489,0.012504,0.85,34.5698,61.5625,2.2336,3.5845,4.6292,0.0,,1011660000.0,891660000.0,248775738.0,3692559000.0,3254559000.0,区域地产,房地产,房地产开发,住宅开发,3.93,3.21,
2014-02-17,7.82,8.01,7.75,7.97,7.82,0.1499999999999994,1.92,6254457.0,22982938.2,2.142,0.007014,0.025141,1.63,35.2328,62.7432,2.2764,3.6532,4.718,0.0,,1011660000.0,891660000.0,248775738.0,3763375200.0,3316975200.0,区域地产,房地产,房地产开发,住宅开发,4.02,3.29,
2014-02-18,7.95,7.97,7.8,7.88,7.97,-0.0899999999999998,-1.13,3918876.0,14405210.1,2.142,0.004395,0.015753,0.94,34.854,62.0685,2.252,3.614,4.6672,0.0,,1011660000.0,891660000.0,248775738.0,3722908800.0,3281308800.0,区域地产,房地产,房地产开发,住宅开发,4.09,3.35,
2014-02-19,7.88,8.14,7.86,8.05,7.88,0.1700000000000008,2.16,6100528.0,22804578.2,2.142,0.006842,0.024522,1.48,35.6116,63.4179,2.3009,3.6925,4.7687,0.0,,1011660000.0,891660000.0,248775738.0,3803841600.0,3352641599.9999995,区域地产,房地产,房地产开发,住宅开发,4.05,3.31,
2014-02-20,8.01,8.12,7.9,8.08,8.05,0.0299999999999993,0.37,6001311.0,22456780.1,2.142,0.00673,0.024123,1.32,35.7064,63.5865,2.307,3.7023,4.7814,0.0,,1011660000.0,891660000.0,248775738.0,3813958200.0,3361558200.0,区域地产,房地产,房地产开发,住宅开发,4.14,3.38,
2014-02-21,8.03,8.14,7.69,7.8,8.08,-0.2800000000000002,-3.47,4677198.0,17311552.3,2.142,0.005245,0.018801,0.92,34.4751,61.3939,2.2275,3.5747,4.6165,0.0,,1011660000.0,891660000.0,248775738.0,3682442400.0,3245642400.0,区域地产,房地产,房地产开发,住宅开发,4.15,3.39,
2014-02-24,7.75,7.75,7.28,7.41,7.8,-0.3899999999999997,-5.0,5181387.0,18015766.7,2.142,0.0058109999999999,0.020828,0.96,32.7703,58.3579,2.1173,3.3979,4.3882,0.0,,1011660000.0,891660000.0,248775738.0,3500343600.0,3085143600.0,区域地产,房地产,房地产开发,住宅开发,4.0,3.28,
2014-02-25,7.43,7.45,7.11,7.13,7.41,-0.2800000000000002,-3.78,4789658.0,16256677.9,2.142,0.005372,0.019253,0.93,31.539,56.1653,2.0378,3.2702,4.2234,0.0,,1011660000.0,891660000.0,248775738.0,3368827800.0000005,2969227800.0000005,区域地产,房地产,房地产开发,住宅开发,3.81,3.11,
2014-02-26,7.15,7.3,7.09,7.28,7.13,0.1500000000000003,2.1,2393317.0,8053692.4,2.142,0.002684,0.00962,0.45,32.202,57.3459,2.0806,3.339,4.3121,0.0,,1011660000.0,891660000.0,248775738.0,3439644000.0,3031644000.0,区域地产,房地产,房地产开发,住宅开发,3.66,3.0,
2014-02-27,7.28,7.35,7.22,7.24,7.28,-0.04,-0.55,2232548.0,7591751.199999999,2.142,0.002504,0.008974,0.48,32.0126,57.0086,2.0684,3.3193,4.2868,0.0,,1011660000.0,891660000.0,248775738.0,3419410800.0,3013810800.0,区域地产,房地产,房地产开发,住宅开发,3.74,3.06,
2014-02-28,7.24,7.35,7.11,7.35,7.24,0.1099999999999994,1.52,2550780.0,8647262.4,2.142,0.002861,0.010253,0.66,32.4862,57.8519,2.099,3.3684,4.3502,0.0,,1011660000.0,891660000.0,248775738.0,3469993800.0,3058393800.0,区域地产,房地产,房地产开发,住宅开发,3.72,3.04,
2014-03-03,7.39,7.97,7.3,7.73,7.35,0.3800000000000008,5.17,7358978.999999999,26485991.1,2.142,0.008253,0.029581,2.15,34.191,60.8879,2.2091,3.5452,4.5785,0.0,,1011660000.0,891660000.0,248775738.0,3652092600.0,3218892600.0,区域地产,房地产,房地产开发,住宅开发,3.77,3.09,
2014-03-04,7.63,7.69,7.48,7.58,7.73,-0.1500000000000003,-1.94,4074172.0,14402438.9,2.142,0.004569,0.016377,1.05,33.528,59.7072,2.1663,3.4765,4.4897,0.0,,1011660000.0,891660000.0,248775738.0,3581276400.0,3156476400.0,区域地产,房地产,房地产开发,住宅开发,3.97,3.25,
2014-03-05,7.58,7.65,7.5,7.52,7.58,-0.0600000000000005,-0.79,2256761.0,7985292.1,2.142,0.002531,0.009071,0.61,33.2438,59.2012,2.1479,3.447,4.4516,0.0,,1011660000.0,891660000.0,248775738.0,3550926599.9999995,3129726599.9999995,区域地产,房地产,房地产开发,住宅开发,3.89,3.19,
2014-03-06,7.52,7.9,7.37,7.73,7.52,0.2100000000000008,2.79,5759228.0,20639474.1,2.142,0.006459,0.02315,1.56,34.191,60.8879,2.2091,3.5452,4.5785,0.0,,1011660000.0,891660000.0,248775738.0,3652092600.0,3218892600.0,区域地产,房地产,房地产开发,住宅开发,3.86,3.16,
2014-03-07,7.67,7.71,7.52,7.54,7.73,-0.1900000000000004,-2.46,2819424.0,10005166.4,2.142,0.003162,0.011333,0.64,33.3386,59.3699,2.154,3.4568,4.4643,0.0,,1011660000.0,891660000.0,248775738.0,3561043200.0,3138643200.0,区域地产,房地产,房地产开发,住宅开发,3.97,3.25,
2014-03-10,7.52,7.52,7.22,7.24,7.54,-0.2999999999999998,-3.98,2757456.0,9462525.7,2.142,0.0030919999999999,0.011084,0.62,32.0126,57.0086,2.0684,3.3193,4.2868,0.0,,1011660000.0,891660000.0,248775738.0,3419410800.0,3013810800.0,区域地产,房地产,房地产开发,住宅开发,3.87,3.17,
2014-03-11,7.28,7.6,7.28,7.48,7.24,0.2400000000000002,3.31,3059537.0,10615522.7,2.142,0.003431,0.012298,0.87,33.0544,58.8639,2.1357,3.4274,4.4263,0.0,,1011660000.0,891660000.0,248775738.0,3530693400.0000005,3111893400.0000005,区域地产,房地产,房地产开发,住宅开发,3.72,3.04,
2014-03-12,7.41,7.75,7.39,7.63,7.48,0.1499999999999994,2.01,4146757.0,14721312.9,2.142,0.004651,0.016669,1.25,33.7174,60.0446,2.1785,3.4961,4.5151,0.0,,1011660000.0,891660000.0,248775738.0,3601509600.0,3174309600.0,区域地产,房地产,房地产开发,住宅开发,3.84,3.14,
2014-03-13,7.63,7.86,7.54,7.71,7.63,0.08,1.05,5789362.0,20842977.3,2.142,0.006493,0.023271,1.56,34.0963,60.7192,2.203,3.5354,4.5658,0.0,,1011660000.0,891660000.0,248775738.0,3641976000.0,3209976000.0,区域地产,房地产,房地产开发,住宅开发,3.92,3.2,
2014-03-14,7.63,7.9,7.63,7.86,7.71,0.1500000000000003,1.95,6493285.0,23601809.4,2.142,0.0072819999999999,0.026101,1.75,34.7592,61.8999,2.2458,3.6041,4.6546,0.0,,1011660000.0,891660000.0,248775738.0,3712792200.0,3272392199.9999995,区域地产,房地产,房地产开发,住宅开发,3.96,3.24,
2014-03-17,7.88,7.93,7.73,7.88,7.86,0.0199999999999995,0.25,3701378.0,13543229.4,2.142,0.004151,0.014878,0.83,34.854,62.0685,2.252,3.614,4.6672,0.0,,1011660000.0,891660000.0,248775738.0,3722908800.0,3281308800.0,区域地产,房地产,房地产开发,住宅开发,4.04,3.3,
2014-03-18,7.84,7.9,7.67,7.69,7.88,-0.1899999999999995,-2.41,4832539.0,17491378.799999997,2.142,0.00542,0.0194249999999999,1.04,34.0015,60.5506,2.1969,3.5256,4.5531,0.0,,1011660000.0,891660000.0,248775738.0,3631859400.0,3201059400.0,区域地产,房地产,房地产开发,住宅开发,4.05,3.31,
2014-03-19,7.71,7.71,7.43,7.63,7.69,-0.0600000000000005,-0.78,4575879.0,16110299.4,2.142,0.005132,0.018394,0.92,33.7174,60.0446,2.1785,3.4961,4.5151,0.0,,1011660000.0,891660000.0,248775738.0,3601509600.0,3174309600.0,区域地产,房地产,房地产开发,住宅开发,3.95,3.23,
2014-03-20,7.6,7.82,7.52,7.52,7.63,-0.1100000000000003,-1.44,6429799.0,23113176.7,2.142,0.0072109999999999,0.025846,1.27,33.2438,59.2012,2.1479,3.447,4.4516,0.0,,1011660000.0,891660000.0,248775738.0,3550926599.9999995,3129726599.9999995,区域地产,房地产,房地产开发,住宅开发,3.92,3.2,
2014-03-21,7.54,8.27,7.5,8.27,7.52,0.75,9.97,13828279.0,52965350.6,2.142,0.015508,0.055585,2.66,36.5588,65.1045,2.3621,3.7907,4.8955,0.0,,1011660000.0,891660000.0,248775738.0,3905007600.0,3441807600.0,区域地产,房地产,房地产开发,住宅开发,3.86,3.16,
2014-03-24,9.0,9.1,8.74,9.1,8.27,0.8300000000000001,10.04,57575502.0,242563731.0,2.142,0.0645709999999999,0.231435,8.63,40.2525,71.6824,2.6008,4.1737,5.3902,0.0,,1011660000.0,891660000.0,248775738.0,4299555000.0,3789555000.0,区域地产,房地产,房地产开发,住宅开发,4.25,3.47,
2014-03-25,8.85,9.7,8.8,9.45,9.1,0.3499999999999996,3.85,57396455.00000001,247880695.0,2.142,0.06437,0.230716,3.29,41.7679,74.381,2.6987,4.3309,5.5931,0.0,,1011660000.0,891660000.0,248775738.0,4461420600.0,3932220600.0,区域地产,房地产,房地产开发,住宅开发,4.68,3.83,
2014-03-26,9.27,9.55,9.12,9.23,9.45,-0.2199999999999988,-2.33,32157972.0,139579488.9,2.142,0.036065,0.129265,1.15,40.8208,72.6944,2.6375,4.2326,5.4663,0.0,,1011660000.0,891660000.0,248775738.0,4360254600.0,3843054600.0,区域地产,房地产,房地产开发,住宅开发,4.85,3.97,
2014-03-27,9.12,10.15,9.12,9.66,9.23,0.4299999999999997,4.66,56805821.0,260549574.5,2.142,0.063708,0.228341,1.7,42.715,76.0677,2.7599,4.4291,5.7199,0.0,,1011660000.0,891660000.0,248775738.0,4562586600.0,4021386600.0,区域地产,房地产,房地产开发,住宅开发,4.74,3.88,
2014-03-28,9.51,10.6,9.47,10.0,9.66,0.3399999999999998,3.52,54264812.0,253362176.5,2.142,0.0608579999999999,0.218127,1.25,44.2304,78.7663,2.8578,4.5862,5.9228,0.0,,1011660000.0,891660000.0,248775738.0,4724452200.0,4164052200.0,区域地产,房地产,房地产开发,住宅开发,4.96,4.06,
2014-03-31,9.9,9.98,9.02,9.64,10.0,-0.3599999999999994,-3.6,29831865.000000004,131286219.1,2.142,0.033457,0.119915,0.58,19.9435,19.9435,2.4432,2.151,2.151,0.0,,1011660000.0,891660000.0,248775738.0,4552470000.0,4012470000.0,区域地产,房地产,房地产开发,住宅开发,5.14,4.2,
2014-04-01,9.47,9.64,9.17,9.57,9.64,-0.0700000000000002,-0.73,23128434.0,101609225.5,2.142,0.025939,0.092969,0.5,19.8106,19.8106,2.4269,2.1366,2.1366,0.0,,1011660000.0,891660000.0,248775738.0,4522120200.0,3985720200.0,区域地产,房地产,房地产开发,住宅开发,4.95,4.05,
2014-04-02,9.51,10.54,9.34,10.54,9.57,0.9699999999999988,10.14,60810731.00000001,293115504.29999995,2.142,0.068199,0.24444,1.55,21.8049,21.8049,2.6712,2.3517,2.3517,0.0,,1011660000.0,891660000.0,248775738.0,4977367200.0,4386967200.0,区域地产,房地产,房地产开发,住宅开发,4.92,4.02,
2014-04-03,10.45,10.45,9.92,9.98,10.54,-0.5599999999999987,-5.31,36882162.0,175154628.7,2.142,0.041363,0.148255,0.82,20.6526,20.6526,2.53,2.2274,2.2274,0.0,,1011660000.0,891660000.0,248775738.0,4714335600.0,4155135600.0,区域地产,房地产,房地产开发,住宅开发,5.41,4.43,
2014-04-04,9.85,10.37,9.77,10.13,9.98,0.1500000000000003,1.5,27800550.0,131675684.6,2.142,0.0311779999999999,0.1117489999999999,0.68,20.9628,20.9628,2.568,2.2609,2.2609,0.0,,1011660000.0,891660000.0,248775738.0,4785151800.0,4217551800.0,区域地产,房地产,房地产开发,住宅开发,5.13,4.19,
2014-04-08,10.07,10.39,9.92,10.15,10.13,0.0199999999999995,0.2,16843483.0,79647022.6,2.142,0.01889,0.067705,0.47,21.0072,21.0072,2.5735,2.2657,2.2657,0.0,,1011660000.0,891660000.0,248775738.0,4795268400.0,4226468400.000001,区域地产,房地产,房地产开发,住宅开发,5.2,4.26,
2014-04-09,10.09,10.17,9.68,9.77,10.15,-0.3800000000000008,-3.74,21949922.0,100799678.2,2.142,0.024617,0.088232,0.66,20.2094,20.2094,2.4757,2.1796,2.1796,0.0,,1011660000.0,891660000.0,248775738.0,4613169600.0,4065969600.0,区域地产,房地产,房地产开发,住宅开发,5.21,4.27,
2014-04-10,9.75,9.83,9.51,9.64,9.77,-0.129999999999999,-1.33,20424036.0,92034547.3,2.142,0.022906,0.0820979999999999,0.62,19.9435,19.9435,2.4432,2.151,2.151,0.0,,1011660000.0,891660000.0,248775738.0,4552470000.0,4012470000.0,区域地产,房地产,房地产开发,住宅开发,5.02,4.1,
2014-04-11,9.53,9.64,9.36,9.6,9.64,-0.0400000000000009,-0.41,15739175.0,69784225.39999999,2.142,0.017652,0.063267,0.64,19.8549,19.8549,2.4323,2.1414,2.1414,0.0,,1011660000.0,891660000.0,248775738.0,4532236800.0,3994636800.0,区域地产,房地产,房地产开发,住宅开发,4.95,4.05,
2014-04-14,9.62,9.68,9.47,9.64,9.6,0.0400000000000009,0.42,10236048.0,45798461.0,2.142,0.0114799999999999,0.041146,0.5,19.9435,19.9435,2.4432,2.151,2.151,0.0,,1011660000.0,891660000.0,248775738.0,4552470000.0,4012470000.0,区域地产,房地产,房地产开发,住宅开发,4.93,4.03,
2014-04-15,9.64,9.66,9.36,9.38,9.64,-0.2599999999999998,-2.7,10454295.0,46301834.5,2.142,0.011725,0.042023,0.61,19.4117,19.4117,2.378,2.0936,2.0936,0.0,,1011660000.0,891660000.0,248775738.0,4431070800.0,3905470800.0,区域地产,房地产,房地产开发,住宅开发,4.95,4.05,
2014-04-16,9.4,9.81,9.38,9.6,9.38,0.2199999999999988,2.35,16559373.000000002,74686001.0,2.142,0.018571,0.066563,1.05,19.8549,19.8549,2.4323,2.1414,2.1414,0.0,,1011660000.0,891660000.0,248775738.0,4532236800.0,3994636800.0,区域地产,房地产,房地产开发,住宅开发,4.82,3.94,
2014-04-17,9.6,9.64,9.21,9.25,9.6,-0.3499999999999996,-3.65,11581573.0,50622300.2,2.142,0.0129889999999999,0.046554,0.79,19.1458,19.1458,2.3454,2.0649,2.0649,0.0,,1011660000.0,891660000.0,248775738.0,4370371200.0,3851971200.0,区域地产,房地产,房地产开发,住宅开发,4.93,4.03,
2014-04-18,9.25,9.38,9.12,9.36,9.25,0.1099999999999994,1.19,6116040.0,26540919.2,2.142,0.006859,0.024585,0.47,19.3674,19.3674,2.3726,2.0888,2.0888,0.0,,1011660000.0,891660000.0,248775738.0,4420954200.0,3896554200.0,区域地产,房地产,房地产开发,住宅开发,4.75,3.89,
2014-04-21,9.21,9.53,9.17,9.21,9.36,-0.1499999999999985,-1.6,7451231.0,32507936.2,2.142,0.008357,0.029952,0.68,19.0571,19.0571,2.3346,2.0554,2.0554,0.0,,1011660000.0,891660000.0,248775738.0,4350138000.0,3834138000.0,区域地产,房地产,房地产开发,住宅开发,4.81,3.93,
2014-04-22,9.21,9.57,9.15,9.51,9.21,0.2999999999999989,3.26,11553121.0,50617149.1,2.142,0.012957,0.04644,1.11,19.6776,19.6776,2.4106,2.1223,2.1223,0.0,,1011660000.0,891660000.0,248775738.0,4491770400.0,3958970400.0,区域地产,房地产,房地产开发,住宅开发,4.73,3.87,
2014-04-23,9.51,9.51,9.21,9.3,9.51,-0.209999999999999,-2.21,6849252.0,29911317.5,2.142,0.007681,0.027532,0.64,19.2344,19.2344,2.3563,2.0745,2.0745,0.0,,1011660000.0,891660000.0,248775738.0,4390604400.0,3869804400.0,区域地产,房地产,房地产开发,住宅开发,4.88,4.0,
2014-04-24,9.21,9.81,9.21,9.36,9.3,0.0599999999999987,0.65,12946674.0,57755442.6,2.142,0.01452,0.052042,1.49,19.3674,17.9142,2.3454,2.0888,1.9601,0.0,,1011660000.0,891660000.0,248775738.0,4420954200.0,3896554200.0,区域地产,房地产,房地产开发,住宅开发,4.77,3.91,
2014-04-25,9.32,9.42,8.53,8.57,9.36,-0.7899999999999991,-8.44,20914095.0,86709930.60000001,2.142,0.023455,0.084068,2.33,17.7276,16.3974,2.1468,1.912,1.7942,0.0,,1011660000.0,891660000.0,248775738.0,4046640000.0,3566640000.0,区域地产,房地产,房地产开发,住宅开发,4.81,3.93,
2014-04-28,8.57,8.57,8.29,8.4,8.57,-0.1699999999999999,-1.98,7134217.999999999,27977036.2,2.142,0.008001,0.028677,0.6,17.373,16.0695,2.1039,1.8737,1.7583,0.0,,1011660000.0,891660000.0,248775738.0,3965707200.0,3495307199.9999995,区域地产,房地产,房地产开发,住宅开发,4.4,3.6,
2014-04-29,8.35,8.61,8.29,8.61,8.4,0.209999999999999,2.5,5918737.0,23285400.5,2.142,0.006638,0.023791,0.5,17.8162,16.4794,2.1575,1.9215,1.8031,0.0,,1011660000.0,891660000.0,248775738.0,4066873200.0,3584473200.0,区域地产,房地产,房地产开发,住宅开发,4.31,3.53,
2014-04-30,8.61,8.65,8.48,8.61,8.61,0.0,0.0,4849441.0,19442210.0,2.142,0.005439,0.019493,0.45,17.8162,16.4794,2.1575,1.9215,1.8031,0.0,,1011660000.0,891660000.0,248775738.0,4066873200.0,3584473200.0,区域地产,房地产,房地产开发,住宅开发,4.42,3.62,
2014-05-05,8.61,8.8,8.2,8.78,8.61,0.1699999999999999,1.97,8355113.0,33228308.1,2.142,0.00937,0.033585,0.81,18.1708,16.8074,2.2005,1.9598,1.839,0.0,,1011660000.0,891660000.0,248775738.0,4147806000.0,3655806000.0,区域地产,房地产,房地产开发,住宅开发,4.42,3.62,
2014-05-06,8.68,8.85,8.65,8.83,8.78,0.0500000000000007,0.57,7064050.0,28960636.5,2.142,0.007922,0.028395,0.75,18.2594,16.8893,2.2112,1.9693,1.848,0.0,,1011660000.0,891660000.0,248775738.0,4168039200.0,3673639200.0,区域地产,房地产,房地产开发,住宅开发,4.51,3.69,
2014-05-07,8.74,8.78,8.42,8.44,8.83,-0.3900000000000005,-4.42,4284986.0,17221879.5,2.142,0.004806,0.017224,0.64,17.4616,16.1515,2.1146,1.8833,1.7673,0.0,,1011660000.0,891660000.0,248775738.0,3985940400.0,3513140400.0,区域地产,房地产,房地产开发,住宅开发,4.53,3.71,
2014-05-08,8.35,8.8,8.31,8.57,8.44,0.1300000000000007,1.54,6551449.0,26563579.0,2.142,0.007347,0.026335,1.07,17.7276,16.3974,2.1468,1.912,1.7942,0.0,,1011660000.0,891660000.0,248775738.0,4046640000.0,3566640000.0,区域地产,房地产,房地产开发,住宅开发,4.33,3.55,
2014-05-09,8.57,8.59,8.31,8.46,8.57,-0.1099999999999994,-1.28,3340674.0,13164379.1,2.142,0.003747,0.013428,0.54,17.506,16.1925,2.12,1.8881,1.7717,0.0,,1011660000.0,891660000.0,248775738.0,3996057000.0,3522057000.0,区域地产,房地产,房地产开发,住宅开发,4.4,3.6,
2014-05-12,8.53,8.72,8.42,8.63,8.46,0.1699999999999999,2.01,3417326.0,13714281.2,2.142,0.0038329999999999,0.013737,0.58,17.8605,16.5204,2.1629,1.9263,1.8076,0.0,,1011660000.0,891660000.0,248775738.0,4076989800.0,3593389800.0,区域地产,房地产,房地产开发,住宅开发,4.35,3.56,
2014-05-13,8.59,8.74,8.55,8.63,8.63,0.0,0.0,3663919.0,14787067.1,2.142,0.004109,0.014728,0.74,17.8605,16.5204,2.1629,1.9263,1.8076,0.0,,1011660000.0,891660000.0,248775738.0,4076989800.0,3593389800.0,区域地产,房地产,房地产开发,住宅开发,4.43,3.63,
2014-05-14,8.83,8.95,8.63,8.65,8.63,0.0199999999999995,0.23,6022826.0,24679704.5,2.142,0.006755,0.02421,1.42,17.9048,16.5614,2.1683,1.9311,1.8121,0.0,,1011660000.0,891660000.0,248775738.0,4087106400.0,3602306400.0,区域地产,房地产,房地产开发,住宅开发,4.43,3.63,
2014-05-15,8.57,8.57,8.31,8.33,8.65,-0.3200000000000003,-3.7,6067881.0,23717821.8,2.142,0.006805,0.024391,1.32,17.2401,15.9465,2.0878,1.8594,1.7448,0.0,,1011660000.0,891660000.0,248775738.0,3935357400.0,3468557400.0,区域地产,房地产,房地产开发,住宅开发,4.44,3.64,
2014-05-16,8.27,8.44,8.27,8.35,8.33,0.0199999999999995,0.24,2677619.0,10432288.7,2.142,0.003003,0.010763,0.59,17.2844,15.9875,2.0931,1.8642,1.7493,0.0,,1011660000.0,891660000.0,248775738.0,3945474000.0,3477474000.0,区域地产,房地产,房地产开发,住宅开发,4.28,3.5,
2014-05-19,8.33,8.4,8.2,8.29,8.35,-0.0600000000000005,-0.72,2663652.0,10281406.7,2.142,0.002987,0.010707,0.61,17.1514,15.8645,2.077,1.8498,1.7359,0.0,,1011660000.0,891660000.0,248775738.0,3915124200.0,3450724200.0,区域地产,房地产,房地产开发,住宅开发,4.29,3.51,
2014-05-20,8.29,8.38,8.2,8.25,8.29,-0.0399999999999991,-0.48,2177883.0,8412463.5,2.142,0.002443,0.008754,0.52,17.0628,15.7825,2.0663,1.8403,1.7269,0.0,,1011660000.0,891660000.0,248775738.0,3894891000.0,3432891000.0,区域地产,房地产,房地产开发,住宅开发,4.26,3.48,
2014-05-21,8.18,8.29,8.01,8.29,8.25,0.0399999999999991,0.48,3323147.0,12680559.5,2.142,0.003727,0.013358,0.85,17.1514,15.8645,2.077,1.8498,1.7359,0.0,,1011660000.0,891660000.0,248775738.0,3915124200.0,3450724200.0,区域地产,房地产,房地产开发,住宅开发,4.24,3.47,
2014-05-22,8.29,8.42,8.25,8.27,8.29,-0.0199999999999995,-0.24,3447742.0,13420859.3,2.142,0.0038669999999999,0.013859,1.02,17.1071,15.8235,2.0717,1.845,1.7314,0.0,,1011660000.0,891660000.0,248775738.0,3905007600.0,3441807600.0,区域地产,房地产,房地产开发,住宅开发,4.26,3.48,
2014-05-23,8.25,8.48,8.25,8.46,8.27,0.1900000000000012,2.3,5525151.0,21696055.6,2.142,0.006196,0.022209,1.93,17.506,16.1925,2.12,1.8881,1.7717,0.0,,1011660000.0,891660000.0,248775738.0,3996057000.0,3522057000.0,区域地产,房地产,房地产开发,住宅开发,4.25,3.47,
2014-05-26,8.46,8.46,8.35,8.4,8.46,-0.0600000000000005,-0.71,2603904.0,10200118.0,2.142,0.00292,0.0104669999999999,0.76,17.373,16.0695,2.1039,1.8737,1.7583,0.0,,1011660000.0,891660000.0,248775738.0,3965707200.0,3495307199.9999995,区域地产,房地产,房地产开发,住宅开发,4.35,3.56,
2014-05-27,8.42,8.44,8.31,8.35,8.4,-0.0500000000000007,-0.6,2573088.0,10076499.9,2.142,0.002886,0.010343,0.75,17.2844,15.9875,2.0931,1.8642,1.7493,0.0,,1011660000.0,891660000.0,248775738.0,3945474000.0,3477474000.0,区域地产,房地产,房地产开发,住宅开发,4.31,3.53,
2014-05-28,8.35,8.44,8.23,8.42,8.35,0.0700000000000002,0.84,3899035.0,15213836.3,2.142,0.004373,0.015673,1.12,17.4173,16.1105,2.1092,1.8785,1.7628,0.0,,1011660000.0,891660000.0,248775738.0,3975823800.0,3504223800.0,区域地产,房地产,房地产开发,住宅开发,4.29,3.51,
2014-05-29,8.4,8.44,8.27,8.27,8.42,-0.1500000000000003,-1.78,2775734.0,10793616.2,2.142,0.003113,0.011158,0.77,17.1071,15.8235,2.0717,1.845,1.7314,0.0,,1011660000.0,891660000.0,248775738.0,3905007600.0,3441807600.0,区域地产,房地产,房地产开发,住宅开发,4.32,3.54,
2014-05-30,8.27,8.31,8.03,8.12,8.27,-0.1500000000000003,-1.81,4397991.0,16700793.9,2.142,0.004932,0.017679,1.27,16.7969,15.5366,2.0341,1.8116,1.7,0.0,,1011660000.0,891660000.0,248775738.0,3834191400.0,3379391400.0,区域地产,房地产,房地产开发,住宅开发,4.25,3.47,
2014-06-03,8.14,8.23,8.05,8.08,8.12,-0.0399999999999991,-0.49,4840559.0,18391808.8,2.142,0.005429,0.019458,1.49,16.7082,15.4546,2.0234,1.802,1.691,0.0,,1011660000.0,891660000.0,248775738.0,3813958200.0,3361558200.0,区域地产,房地产,房地产开发,住宅开发,4.17,3.41,
2014-06-04,8.1,8.12,7.9,7.97,8.08,-0.1100000000000003,-1.36,5149494.0,19205399.1,2.142,0.005775,0.020699,1.39,16.4866,15.2496,1.9965,1.7781,1.6686,0.0,,1011660000.0,891660000.0,248775738.0,3763375200.0,3316975200.0,区域地产,房地产,房地产开发,住宅开发,4.15,3.39,
2014-06-05,8.01,8.12,7.88,8.05,7.97,0.0800000000000009,1.0,5317261.0,19777505.2,2.142,0.005963,0.021374,1.26,16.6639,15.4136,2.018,1.7972,1.6865,0.0,,1011660000.0,891660000.0,248775738.0,3803841600.0,3352641599.9999995,区域地产,房地产,房地产开发,住宅开发,4.09,3.35,
2014-06-06,8.03,8.08,7.84,7.93,8.05,-0.120000000000001,-1.49,4087942.0,15171828.5,2.142,0.004585,0.016432,0.91,16.398,15.1676,1.9858,1.7686,1.6596,0.0,,1011660000.0,891660000.0,248775738.0,3743142000.0,3299142000.0,区域地产,房地产,房地产开发,住宅开发,4.14,3.38,
2014-06-09,7.86,8.05,7.82,7.99,7.93,0.0600000000000005,0.76,3835760.0,14256006.3,2.142,0.004302,0.015419,0.81,16.531,15.2906,2.0019,1.7829,1.6731,0.0,,1011660000.0,891660000.0,248775738.0,3773491800.0,3325891800.0,区域地产,房地产,房地产开发,住宅开发,4.07,3.33,
2014-06-10,7.99,8.05,7.93,8.05,7.99,0.0600000000000005,0.75,2741557.0,10251330.3,2.142,0.003075,0.01102,0.59,16.6639,15.4136,2.018,1.7972,1.6865,0.0,,1011660000.0,891660000.0,248775738.0,3803841600.0,3352641599.9999995,区域地产,房地产,房地产开发,住宅开发,4.1,3.36,
2014-06-11,8.03,8.08,7.97,8.01,8.05,-0.0400000000000009,-0.5,2657019.0,9941090.7,2.142,0.00298,0.01068,0.63,16.5753,15.3316,2.0073,1.7877,1.6775,0.0,,1011660000.0,891660000.0,248775738.0,3783608400.000001,3334808400.0000005,区域地产,房地产,房地产开发,住宅开发,4.14,3.38,
2014-06-12,7.99,8.05,7.95,8.03,8.01,0.0199999999999995,0.25,2507851.0,9370485.9,2.142,0.002813,0.010081,0.67,16.6196,15.3726,2.0126,1.7925,1.682,0.0,,1011660000.0,891660000.0,248775738.0,3793725000.0,3343725000.0,区域地产,房地产,房地产开发,住宅开发,4.11,3.37,
2014-06-13,8.05,8.18,8.01,8.1,8.03,0.0700000000000002,0.87,4414664.0,16682065.8,2.142,0.004951,0.0177459999999999,1.39,16.7525,15.4956,2.0287,1.8068,1.6955,0.0,,1011660000.0,891660000.0,248775738.0,3824074800.0,3370474800.0,区域地产,房地产,房地产开发,住宅开发,4.13,3.38,
2014-06-16,8.05,8.46,8.05,8.2,8.1,0.0999999999999996,1.23,7973995.0,30791147.4,2.142,0.008943,0.032053,2.47,16.9741,15.7005,2.0556,1.8307,1.7179,0.0,,1011660000.0,891660000.0,248775738.0,3874657800.000001,3415057800.0000005,区域地产,房地产,房地产开发,住宅开发,4.16,3.4,
2014-06-17,8.1,8.14,7.9,8.01,8.2,-0.1899999999999995,-2.32,5825489.0,21765843.9,2.142,0.006533,0.023417,1.44,16.5753,15.3316,2.0073,1.7877,1.6775,0.0,,1011660000.0,891660000.0,248775738.0,3783608400.000001,3334808400.0000005,区域地产,房地产,房地产开发,住宅开发,4.21,3.45,
2014-06-18,8.01,8.01,7.88,7.88,8.01,-0.1299999999999999,-1.62,2931300.0,10860497.0,2.142,0.003287,0.0117829999999999,0.63,16.3094,15.0856,1.9751,1.759,1.6506,0.0,,1011660000.0,891660000.0,248775738.0,3722908800.0,3281308800.0,区域地产,房地产,房地产开发,住宅开发,4.11,3.37,
2014-06-19,7.93,7.95,7.6,7.67,7.88,-0.2099999999999999,-2.66,3461911.0,12607157.3,2.142,0.0038829999999999,0.013916,0.73,15.8662,14.6757,1.9214,1.7112,1.6058,0.0,,1011660000.0,891660000.0,248775738.0,3621742800.000001,3192142800.0000005,区域地产,房地产,房地产开发,住宅开发,4.05,3.31,
2014-06-20,7.65,7.75,7.6,7.73,7.67,0.0600000000000005,0.78,2303235.0,8269504.999999999,2.142,0.002583,0.0092579999999999,0.47,15.9991,14.7987,1.9375,1.7255,1.6192,0.0,,1011660000.0,891660000.0,248775738.0,3652092600.0,3218892600.0,区域地产,房地产,房地产开发,住宅开发,3.94,3.22,
2014-06-23,7.69,7.82,7.67,7.78,7.73,0.0499999999999998,0.65,2708724.0,9768896.9,2.142,0.003038,0.010888,0.6,16.0878,14.8807,1.9482,1.7351,1.6282,0.0,,1011660000.0,891660000.0,248775738.0,3672325800.0,3236725800.0,区域地产,房地产,房地产开发,住宅开发,3.97,3.25,
2014-06-24,7.75,7.86,7.69,7.84,7.78,0.0599999999999996,0.77,2389397.0,8690046.1,2.142,0.00268,0.009605,0.69,16.2207,15.0036,1.9643,1.7494,1.6417,0.0,,1011660000.0,891660000.0,248775738.0,3702675600.0,3263475600.0,区域地产,房地产,房地产开发,住宅开发,3.99,3.27,
2014-06-25,7.82,7.84,7.73,7.82,7.84,-0.0199999999999995,-0.26,2118628.0,7713131.0,2.142,0.002376,0.008516,0.77,16.1764,14.9626,1.959,1.7447,1.6372,0.0,,1011660000.0,891660000.0,248775738.0,3692559000.0,3254559000.0,区域地产,房地产,房地产开发,住宅开发,4.03,3.29,
2014-06-26,7.82,8.08,7.8,8.03,7.82,0.209999999999999,2.69,5395964.0,20068022.700000003,2.142,0.0060519999999999,0.02169,2.08,16.6196,15.3726,2.0126,1.7925,1.682,0.0,,1011660000.0,891660000.0,248775738.0,3793725000.0,3343725000.0,区域地产,房地产,房地产开发,住宅开发,4.02,3.29,
2014-06-27,8.01,8.1,7.9,8.05,8.03,0.0200000000000013,0.25,4772170.0,17868705.5,2.142,0.005352,0.019183,1.6,16.6639,15.4136,2.018,1.7972,1.6865,0.0,,1011660000.0,891660000.0,248775738.0,3803841600.0,3352641599.9999995,区域地产,房地产,房地产开发,住宅开发,4.13,3.38,
2014-06-30,8.01,8.12,8.01,8.08,8.05,0.0299999999999993,0.37,2741187.0,10336076.5,2.142,0.003074,0.011019,0.79,16.7082,15.4546,2.0234,1.802,1.691,0.0,,1011660000.0,891660000.0,248775738.0,3813958200.0,3361558200.0,区域地产,房地产,房地产开发,住宅开发,4.14,3.38,
2014-07-01,8.12,8.12,7.99,8.1,8.08,0.0199999999999995,0.25,3717481.0,13997614.7,2.142,0.004169,0.014943,1.07,16.7525,15.4956,2.0287,1.8068,1.6955,0.0,,1011660000.0,891660000.0,248775738.0,3824074800.0,3370474800.0,区域地产,房地产,房地产开发,住宅开发,4.15,3.39,
2014-07-02,8.08,8.18,8.03,8.16,8.1,0.0600000000000005,0.74,3178003.0,12047973.4,2.142,0.003564,0.012775,0.85,16.8855,15.6185,2.0448,1.8211,1.7089,0.0,,1011660000.0,891660000.0,248775738.0,3854424600.0,3397224600.0,区域地产,房地产,房地产开发,住宅开发,4.16,3.4,
2014-07-03,8.14,8.48,8.12,8.25,8.16,0.0899999999999998,1.1,9550702.0,37130476.7,2.142,0.010711,0.038391,2.41,17.0628,15.7825,2.0663,1.8403,1.7269,0.0,,1011660000.0,891660000.0,248775738.0,3894891000.0,3432891000.0,区域地产,房地产,房地产开发,住宅开发,4.19,3.43,
2014-07-04,8.33,8.48,8.25,8.33,8.25,0.08,0.97,6703577.0,26135155.1,2.142,0.007518,0.0269459999999999,1.4,17.2401,15.9465,2.0878,1.8594,1.7448,0.0,,1011660000.0,891660000.0,248775738.0,3935357400.0,3468557400.0,区域地产,房地产,房地产开发,住宅开发,4.24,3.47,
2014-07-07,8.2,8.42,8.18,8.27,8.33,-0.0600000000000005,-0.72,4173274.0,16146019.5,2.142,0.00468,0.0167749999999999,0.81,17.1071,15.8235,2.0717,1.845,1.7314,0.0,,1011660000.0,891660000.0,248775738.0,3905007600.0,3441807600.0,区域地产,房地产,房地产开发,住宅开发,4.28,3.5,
2014-07-08,8.27,8.29,8.08,8.2,8.27,-0.0700000000000002,-0.85,4128789.0,15735167.6,2.142,0.00463,0.016596,0.76,16.9741,15.7005,2.0556,1.8307,1.7179,0.0,,1011660000.0,891660000.0,248775738.0,3874657800.000001,3415057800.0000005,区域地产,房地产,房地产开发,住宅开发,4.25,3.47,
2014-07-09,8.16,8.2,8.01,8.03,8.2,-0.1699999999999999,-2.07,4352749.0,16483998.8,2.142,0.004882,0.017497,0.78,16.6196,15.3726,2.0126,1.7925,1.682,0.0,,1011660000.0,891660000.0,248775738.0,3793725000.0,3343725000.0,区域地产,房地产,房地产开发,住宅开发,4.21,3.45,
2014-07-10,8.03,8.12,8.01,8.05,8.03,0.0200000000000013,0.25,3078037.0,11595964.2,2.142,0.003452,0.012373,0.53,16.6639,15.4136,2.018,1.7972,1.6865,0.0,,1011660000.0,891660000.0,248775738.0,3803841600.0,3352641599.9999995,区域地产,房地产,房地产开发,住宅开发,4.13,3.38,
2014-07-11,8.08,8.25,8.03,8.25,8.05,0.1999999999999993,2.48,4602836.0,17581971.099999998,2.142,0.005162,0.018502,1.03,17.0628,15.7825,2.0663,1.8403,1.7269,0.0,,1011660000.0,891660000.0,248775738.0,3894891000.0,3432891000.0,区域地产,房地产,房地产开发,住宅开发,4.14,3.38,
2014-07-14,8.25,8.53,8.2,8.42,8.25,0.1699999999999999,2.06,6502026.0,25442390.5,2.142,0.007292,0.026136,1.6,17.4173,16.1105,2.1092,1.8785,1.7628,0.0,,1011660000.0,891660000.0,248775738.0,3975823800.0,3504223800.0,区域地产,房地产,房地产开发,住宅开发,4.24,3.47,
2014-07-15,8.4,8.61,8.31,8.55,8.42,0.1300000000000007,1.54,9030926.0,35684698.6,2.142,0.010128,0.036301,1.99,17.6832,16.3564,2.1414,1.9072,1.7897,0.0,,1011660000.0,891660000.0,248775738.0,4036523400.000001,3557723400.0000005,区域地产,房地产,房地产开发,住宅开发,4.32,3.54,
2014-07-16,8.53,8.72,8.42,8.48,8.55,-0.0700000000000002,-0.82,6179995.0,24644321.7,2.142,0.006931,0.024842,1.12,17.5503,16.2334,2.1253,1.8928,1.7762,0.0,,1011660000.0,891660000.0,248775738.0,4006173600.0,3530973600.0,区域地产,房地产,房地产开发,住宅开发,4.39,3.59,
2014-07-17,8.5,8.5,8.31,8.42,8.48,-0.0600000000000005,-0.71,3687335.0,14454853.7,2.142,0.004135,0.014822,0.63,17.4173,16.1105,2.1092,1.8785,1.7628,0.0,,1011660000.0,891660000.0,248775738.0,3975823800.0,3504223800.0,区域地产,房地产,房地产开发,住宅开发,4.36,3.56,
2014-07-18,8.4,8.89,8.35,8.7,8.42,0.2799999999999993,3.33,12330732.0,50030452.7,2.142,0.013829,0.049566,2.05,17.9935,16.6434,2.179,1.9406,1.8211,0.0,,1011660000.0,891660000.0,248775738.0,4107339600.0,3620139600.0,区域地产,房地产,房地产开发,住宅开发,4.32,3.54,
2014-07-21,8.68,8.7,8.55,8.57,8.7,-0.129999999999999,-1.49,5248381.0,21091217.0,2.142,0.005886,0.021097,0.7,17.7276,16.3974,2.1468,1.912,1.7942,0.0,,1011660000.0,891660000.0,248775738.0,4046640000.0,3566640000.0,区域地产,房地产,房地产开发,住宅开发,4.47,3.65,
2014-07-22,8.53,8.78,8.53,8.65,8.57,0.08,0.93,7037699.000000001,28485065.6,2.142,0.007893,0.0282889999999999,0.96,17.9048,16.5614,2.1683,1.9311,1.8121,0.0,,1011660000.0,891660000.0,248775738.0,4087106400.0,3602306400.0,区域地产,房地产,房地产开发,住宅开发,4.4,3.6,
2014-07-23,8.63,8.93,8.61,8.8,8.65,0.1500000000000003,1.73,9028468.0,37122704.7,2.142,0.010125,0.036292,1.31,18.2151,16.8483,2.2058,1.9645,1.8435,0.0,,1011660000.0,891660000.0,248775738.0,4157922600.0,3664722600.0,区域地产,房地产,房地产开发,住宅开发,4.44,3.64,
2014-07-24,8.78,9.25,8.74,8.95,8.8,0.1499999999999985,1.7,13193447.0,55488106.7,2.142,0.014796,0.053033,1.77,18.5253,17.1353,2.2434,1.998,1.8749,0.0,,1011660000.0,891660000.0,248775738.0,4228738800.0,3727138800.0,区域地产,房地产,房地产开发,住宅开发,4.52,3.7,
2014-07-25,8.95,9.08,8.72,9.0,8.95,0.0500000000000007,0.56,8381596.000000001,34689355.6,2.142,0.0093999999999999,0.033691,0.89,18.6139,17.2173,2.2541,2.0076,1.8839,0.0,,1011660000.0,891660000.0,248775738.0,4248972000.0,3744972000.0,区域地产,房地产,房地产开发,住宅开发,4.6,3.76,
2014-07-28,8.95,9.15,8.87,9.02,9.0,0.0199999999999995,0.22,8438768.0,35517349.2,2.142,0.009464,0.033921,0.98,18.6583,17.2583,2.2595,2.0123,1.8884,0.0,,1011660000.0,891660000.0,248775738.0,4259088600.0,3753888600.0,区域地产,房地产,房地产开发,住宅开发,4.62,3.78,
2014-07-29,9.04,9.19,8.89,9.04,9.02,0.0199999999999995,0.22,7210296.000000001,30415002.4,2.142,0.008086,0.028983,0.78,18.7026,17.2993,2.2649,2.0171,1.8928,0.0,,1011660000.0,891660000.0,248775738.0,4269205200.0,3762805200.0,区域地产,房地产,房地产开发,住宅开发,4.63,3.79,
2014-07-30,9.0,9.0,8.78,8.85,9.04,-0.1899999999999995,-2.1,6067134.0,25130713.8,2.142,0.006804,0.024388,0.66,18.3037,16.9303,2.2166,1.9741,1.8525,0.0,,1011660000.0,891660000.0,248775738.0,4178155800.0,3682555800.0,区域地产,房地产,房地产开发,住宅开发,4.64,3.8,
2014-07-31,8.85,9.08,8.83,9.0,8.85,0.1500000000000003,1.69,6735024.000000001,28206007.8,2.142,0.007553,0.027073,0.78,18.6139,17.2173,2.2541,2.0076,1.8839,0.0,,1011660000.0,891660000.0,248775738.0,4248972000.0,3744972000.0,区域地产,房地产,房地产开发,住宅开发,4.54,3.72,
2014-08-01,8.95,8.97,8.83,8.83,9.0,-0.1699999999999999,-1.89,6975644.0,28959089.1,2.142,0.007823,0.02804,0.95,18.2594,16.8893,2.2112,1.9693,1.848,0.0,,1011660000.0,891660000.0,248775738.0,4168039200.0,3673639200.0,区域地产,房地产,房地产开发,住宅开发,4.62,3.78,
2014-08-04,8.7,9.0,8.7,8.97,8.83,0.1400000000000005,1.59,6836849.000000001,28322514.9,2.142,0.007668,0.027482,0.96,18.5696,17.1763,2.2488,2.0028,1.8794,0.0,,1011660000.0,891660000.0,248775738.0,4238855400.0,3736055400.0,区域地产,房地产,房地产开发,住宅开发,4.53,3.71,
2014-08-05,8.97,9.06,8.89,9.0,8.97,0.0299999999999993,0.33,7154514.0,29968002.8,2.142,0.008024,0.028759,1.06,18.6139,17.2173,2.2541,2.0076,1.8839,0.0,,1011660000.0,891660000.0,248775738.0,4248972000.0,3744972000.0,区域地产,房地产,房地产开发,住宅开发,4.61,3.77,
2014-08-06,9.0,9.19,8.97,9.06,9.0,0.0600000000000005,0.67,8231803.0,34887806.0,2.142,0.009232,0.033089,1.22,18.7469,17.3403,2.2702,2.0219,1.8973,0.0,,1011660000.0,891660000.0,248775738.0,4279321800.0,3771721800.0,区域地产,房地产,房地产开发,住宅开发,4.62,3.78,
2014-08-07,9.08,9.1,8.87,8.87,9.06,-0.1900000000000012,-2.1,5094681.0,21383128.3,2.142,0.005714,0.0204789999999999,0.71,18.348,16.9713,2.2219,1.9789,1.857,0.0,,1011660000.0,891660000.0,248775738.0,4188272400.0,3691472400.0,区域地产,房地产,房地产开发,住宅开发,4.65,3.81,
2014-08-08,8.87,8.97,8.8,8.89,8.87,0.0200000000000013,0.23,3787446.0,15719146.9,2.142,0.004248,0.015224,0.55,18.3923,17.0123,2.2273,1.9837,1.8614,0.0,,1011660000.0,891660000.0,248775738.0,4198389000.0,3700389000.0,区域地产,房地产,房地产开发,住宅开发,4.55,3.73,
2014-08-11,8.87,9.06,8.8,9.02,8.89,0.129999999999999,1.46,5303856.0,22270682.700000003,2.142,0.005948,0.02132,0.85,18.6583,17.2583,2.2595,2.0123,1.8884,0.0,,1011660000.0,891660000.0,248775738.0,4259088600.0,3753888600.0,区域地产,房地产,房地产开发,住宅开发,4.57,3.74,
2014-08-12,9.02,9.1,8.91,9.1,9.02,0.08,0.89,5253899.0,22097565.8,2.142,0.005892,0.021119,0.89,18.8355,17.4223,2.281,2.0315,1.9063,0.0,,1011660000.0,891660000.0,248775738.0,4299555000.0,3789555000.0,区域地产,房地产,房地产开发,住宅开发,4.63,3.79,
2014-08-13,9.1,9.19,8.97,9.17,9.1,0.0700000000000002,0.77,7347408.0,31225929.4,2.142,0.0082399999999999,0.0295339999999999,1.33,18.9685,17.5452,2.2971,2.0458,1.9198,0.0,,1011660000.0,891660000.0,248775738.0,4329904800.0,3816304800.0,区域地产,房地产,房地产开发,住宅开发,4.68,3.83,
2014-08-14,9.25,9.36,9.04,9.06,9.17,-0.1099999999999994,-1.2,7847024.000000001,33750368.8,2.142,0.0088,0.031543,1.46,18.7469,17.3403,2.2702,2.0219,1.8973,0.0,,1011660000.0,891660000.0,248775738.0,4279321800.0,3771721800.0,区域地产,房地产,房地产开发,住宅开发,4.71,3.85,
2014-08-15,9.0,9.3,9.0,9.21,9.06,0.1500000000000003,1.66,6369910.0,27262206.4,2.142,0.007144,0.025605,1.08,19.0571,17.6272,2.3078,2.0554,1.9287,0.0,,1011660000.0,891660000.0,248775738.0,4350138000.0,3834138000.0,区域地产,房地产,房地产开发,住宅开发,4.65,3.81,
2014-08-18,9.23,9.75,9.17,9.47,9.21,0.2599999999999998,2.82,14298145.000000002,63291413.0,2.142,0.016035,0.057474,2.23,19.589,18.1191,2.3722,2.1127,1.9826,0.0,,1011660000.0,891660000.0,248775738.0,4471537200.0,3941137200.0,区域地产,房地产,房地产开发,住宅开发,4.73,3.87,
2014-08-19,9.36,9.51,9.34,9.42,9.47,-0.0500000000000007,-0.53,7445241.0,32668041.4,2.142,0.00835,0.029928,0.91,19.5003,18.0372,2.3615,2.1032,1.9736,0.0,,1011660000.0,891660000.0,248775738.0,4451304000.0,3923304000.0,区域地产,房地产,房地产开发,住宅开发,4.86,3.98,
2014-08-20,9.38,9.68,9.36,9.45,9.42,0.0299999999999993,0.32,10947181.0,48729645.8,2.142,0.012277,0.044004,1.26,19.5446,18.0782,2.3668,2.1079,1.9781,0.0,,1011660000.0,891660000.0,248775738.0,4461420600.0,3932220600.0,区域地产,房地产,房地产开发,住宅开发,4.84,3.96,
2014-08-21,9.45,9.6,9.27,9.4,9.45,-0.0499999999999989,-0.53,6207659.0,27317325.8,2.142,0.006962,0.024953,0.66,19.456,17.9962,2.3561,2.0984,1.9691,0.0,,1011660000.0,891660000.0,248775738.0,4441187400.0,3914387400.0,区域地产,房地产,房地产开发,住宅开发,4.85,3.97,
2014-08-22,9.4,9.72,9.38,9.68,9.4,0.2799999999999993,2.98,11344231.0,50705424.9,2.142,0.012723,0.0455999999999999,1.25,20.0321,18.5291,2.4259,2.1605,2.0274,0.0,,1011660000.0,891660000.0,248775738.0,4572703200.0,4030303200.0,区域地产,房地产,房地产开发,住宅开发,4.83,3.95,
2014-08-25,9.72,10.22,9.57,9.81,9.68,0.1300000000000007,1.34,16988165.0,78316945.60000001,2.142,0.019052,0.068287,1.69,20.2981,18.5373,2.4417,2.1892,1.956,0.0,,1011660000.0,891660000.0,248775738.0,4633402800.0,4083802800.000001,区域地产,房地产,房地产开发,住宅开发,4.97,4.07,
2014-08-26,9.66,9.7,9.21,9.4,9.81,-0.4100000000000001,-4.18,9145580.0,40562726.2,2.142,0.010257,0.036762,0.86,19.456,17.7683,2.3404,2.0984,1.8748,0.0,,1011660000.0,891660000.0,248775738.0,4441187400.0,3914387400.0,区域地产,房地产,房地产开发,住宅开发,5.04,4.12,
2014-08-27,9.4,9.57,9.32,9.51,9.4,0.1099999999999994,1.17,5375795.0,23697755.700000003,2.142,0.006029,0.021609,0.49,19.6776,17.9707,2.367,2.1223,1.8962,0.0,,1011660000.0,891660000.0,248775738.0,4491770400.0,3958970400.0,区域地产,房地产,房地产开发,住宅开发,4.83,3.95,
2014-08-28,9.47,9.51,9.25,9.36,9.51,-0.1500000000000003,-1.58,3436697.0,15069176.7,2.142,0.003854,0.013814,0.35,19.3674,17.6873,2.3297,2.0888,1.8663,0.0,,1011660000.0,891660000.0,248775738.0,4420954200.0,3896554200.0,区域地产,房地产,房地产开发,住宅开发,4.88,4.0,
2014-08-29,9.36,9.51,9.32,9.51,9.36,0.1500000000000003,1.6,3628464.0,16013686.3,2.142,0.004069,0.0145849999999999,0.39,19.6776,17.9707,2.367,2.1223,1.8962,0.0,,1011660000.0,891660000.0,248775738.0,4491770400.0,3958970400.0,区域地产,房地产,房地产开发,住宅开发,4.81,3.93,
2014-09-01,9.51,9.57,9.4,9.55,9.51,0.0400000000000009,0.42,5365145.0,23776518.5,2.142,0.006017,0.021566,0.7,19.7662,18.0516,2.3777,2.1318,1.9047,0.0,,1011660000.0,891660000.0,248775738.0,4512003600.0,3976803600.0,区域地产,房地产,房地产开发,住宅开发,4.88,4.0,
2014-09-02,9.53,9.75,9.53,9.68,9.55,0.129999999999999,1.36,8540720.0,38522795.0,2.142,0.009578,0.034331,1.58,20.0321,18.2944,2.4097,2.1605,1.9303,0.0,,1011660000.0,891660000.0,248775738.0,4572703200.0,4030303200.0,区域地产,房地产,房地产开发,住宅开发,4.91,4.01,
2014-09-03,9.7,9.81,9.62,9.72,9.68,0.0400000000000009,0.41,8083561.0,36647691.6,2.142,0.009066,0.032493,1.53,20.1208,18.3754,2.4203,2.1701,1.9389,0.0,,1011660000.0,891660000.0,248775738.0,4592936400.0,4048136400.0,区域地产,房地产,房地产开发,住宅开发,4.97,4.07,
2014-09-04,9.72,9.83,9.66,9.83,9.72,0.1099999999999994,1.13,7520289.0,34336792.800000004,2.142,0.008434,0.030229,1.29,20.3424,18.5778,2.447,2.194,1.9602,0.0,,1011660000.0,891660000.0,248775738.0,4643519400.0,4092719400.0,区域地产,房地产,房地产开发,住宅开发,4.99,4.09,
2014-09-05,9.83,9.85,9.66,9.81,9.83,-0.0199999999999995,-0.2,6593021.000000001,29979630.6,2.142,0.0073939999999999,0.0265019999999999,0.99,20.2981,18.5373,2.4417,2.1892,1.956,0.0,,1011660000.0,891660000.0,248775738.0,4633402800.0,4083802800.000001,区域地产,房地产,房地产开发,住宅开发,5.05,4.13,
2014-09-09,9.79,9.81,9.66,9.79,9.81,-0.0200000000000013,-0.2,5989490.0,27176124.3,2.142,0.006717,0.024076,0.83,20.2537,18.4968,2.4363,2.1844,1.9517,0.0,,1011660000.0,891660000.0,248775738.0,4623286200.0,4074886200.0,区域地产,房地产,房地产开发,住宅开发,5.04,4.12,
2014-09-10,9.72,9.85,9.64,9.79,9.79,0.0,0.0,5815551.0,26458941.200000003,2.142,0.006522,0.023377,0.79,20.2537,18.4968,2.4363,2.1844,1.9517,0.0,,1011660000.0,891660000.0,248775738.0,4623286200.0,4074886200.0,区域地产,房地产,房地产开发,住宅开发,5.03,4.11,
2014-09-11,9.79,10.0,9.68,9.96,9.79,0.1700000000000017,1.74,11350966.0,52366380.8,2.142,0.0127299999999999,0.045627,1.67,20.6083,18.8206,2.479,2.2227,1.9859,0.0,,1011660000.0,891660000.0,248775738.0,4704219000.0,4146219000.0,区域地产,房地产,房地产开发,住宅开发,5.03,4.11,
2014-09-12,9.92,10.37,9.81,10.13,9.96,0.1699999999999999,1.71,12416519.0,58524857.900000006,2.142,0.013925,0.0499099999999999,1.67,20.9628,19.1444,2.5216,2.2609,2.02,0.0,,1011660000.0,891660000.0,248775738.0,4785151800.0,4217551800.0,区域地产,房地产,房地产开发,住宅开发,5.12,4.19,
2014-09-15,10.13,10.32,10.0,10.24,10.13,0.1099999999999994,1.09,11042767.0,52373402.3,2.142,0.012385,0.044388,1.31,21.1844,19.3468,2.5483,2.2848,2.0414,0.0,,1011660000.0,891660000.0,248775738.0,4835734800.0,4262134800.0,区域地产,房地产,房地产开发,住宅开发,5.2,4.26,
2014-09-16,10.3,10.84,10.02,10.07,10.24,-0.1699999999999999,-1.66,17795838.0,86798985.0,2.142,0.019958,0.071534,1.91,20.8299,19.023,2.5056,2.2466,2.0072,0.0,,1011660000.0,891660000.0,248775738.0,4754802000.0,4190802000.0,区域地产,房地产,房地产开发,住宅开发,5.26,4.3,
2014-09-17,10.0,11.07,9.96,11.07,10.07,1.0,9.93,36950464.0,185981776.3,2.142,0.04144,0.148529,3.16,22.9129,20.9253,2.7562,2.4712,2.2079,0.0,,1011660000.0,891660000.0,248775738.0,5230282200.0,4609882200.0,区域地产,房地产,房地产开发,住宅开发,5.17,4.23,
2014-09-18,11.31,11.67,10.73,10.99,11.07,-0.08,-0.72,31029870.0,161502050.7,2.142,0.0348,0.12473,1.73,22.7356,20.7634,2.7349,2.4521,2.1908,0.0,,1011660000.0,891660000.0,248775738.0,5189815800.0,4574215800.0,区域地产,房地产,房地产开发,住宅开发,5.69,4.65,
2014-09-19,10.86,10.9,10.6,10.84,10.99,-0.1500000000000003,-1.36,17655100.0,88460499.5,2.142,0.0197999999999999,0.070968,0.81,22.4254,20.4801,2.6976,2.4186,2.1609,0.0,,1011660000.0,891660000.0,248775738.0,5118999600.0,4511799600.0,区域地产,房地产,房地产开发,住宅开发,5.64,4.62,
2014-09-22,10.75,10.86,10.5,10.56,10.84,-0.2799999999999993,-2.58,13821515.0,68719537.3,2.142,0.015501,0.0555579999999999,0.6,21.8492,19.9539,2.6283,2.3565,2.1054,0.0,,1011660000.0,891660000.0,248775738.0,4987483800.0,4395883800.0,区域地产,房地产,房地产开发,住宅开发,5.57,4.55,
2014-09-23,10.69,10.8,10.56,10.69,10.56,0.129999999999999,1.23,10031865.0,49969018.3,2.142,0.011251,0.040325,0.43,22.1151,20.1967,2.6602,2.3852,2.1311,0.0,,1011660000.0,891660000.0,248775738.0,5048183400.0,4449383400.0,区域地产,房地产,房地产开发,住宅开发,5.42,4.44,
2014-09-24,10.67,11.01,10.5,10.9,10.69,0.2100000000000008,1.96,23238700.0,116488755.7,2.142,0.026062,0.093412,1.06,22.5583,20.6015,2.7136,2.433,2.1738,0.0,,1011660000.0,891660000.0,248775738.0,5149349400.0,4538549400.0,区域地产,房地产,房地产开发,住宅开发,5.49,4.49,
2014-09-25,10.84,11.07,10.73,10.77,10.9,-0.1300000000000007,-1.19,14017160.999999998,71274613.5,2.142,0.01572,0.056345,0.73,22.2924,20.3586,2.6816,2.4043,2.1481,0.0,,1011660000.0,891660000.0,248775738.0,5088649800.0,4485049800.0,区域地产,房地产,房地产开发,住宅开发,5.6,4.58,
2014-09-26,10.75,10.8,10.52,10.65,10.77,-0.1199999999999992,-1.11,10292705.0,51117810.4,2.142,0.011543,0.041373,0.65,22.0265,20.1158,2.6496,2.3756,2.1225,0.0,,1011660000.0,891660000.0,248775738.0,5027950200.0,4431550200.0,区域地产,房地产,房地产开发,住宅开发,5.53,4.53,
2014-09-29,10.65,10.95,10.65,10.9,10.65,0.25,2.35,12763834.0,64662097.1,2.142,0.014315,0.051307,0.89,22.5583,20.6015,2.7136,2.433,2.1738,0.0,,1011660000.0,891660000.0,248775738.0,5149349400.0,4538549400.0,区域地产,房地产,房地产开发,住宅开发,5.47,4.47,
2014-09-30,10.9,11.22,10.84,11.1,10.9,0.1999999999999993,1.83,12059805.0,62290096.9,2.142,0.013525,0.048477,0.86,22.9572,20.9658,2.7615,2.476,2.2122,0.0,,1011660000.0,891660000.0,248775738.0,5240398800.0,4618798800.0,区域地产,房地产,房地产开发,住宅开发,5.6,4.58,
2014-10-08,11.29,11.95,11.29,11.82,11.1,0.7200000000000006,6.49,22871744.0,124631715.3,2.142,0.025651,0.0919369999999999,1.58,24.464,22.3419,2.9428,2.6385,2.3574,0.0,,1011660000.0,891660000.0,248775738.0,5584363199.999999,4921963200.0,区域地产,房地产,房地产开发,住宅开发,5.7,4.66,
2014-10-09,11.61,12.12,11.55,11.93,11.82,0.1099999999999994,0.93,16625907.999999998,91332835.2,2.142,0.018646,0.066831,1.15,24.6856,22.5443,2.9694,2.6624,2.3787,0.0,,1011660000.0,891660000.0,248775738.0,5634946200.0,4966546200.0,区域地产,房地产,房地产开发,住宅开发,6.07,4.97,
2014-10-10,11.93,12.83,11.74,12.66,11.93,0.7300000000000004,6.12,20288935.0,116782649.6,2.142,0.022754,0.081555,1.36,26.1925,23.9204,3.1507,2.8249,2.524,0.0,,1011660000.0,891660000.0,248775738.0,5978910600.000001,5269710600.000001,区域地产,房地产,房地产开发,住宅开发,6.13,5.01,
2014-10-13,12.55,12.89,12.36,12.62,12.66,-0.0400000000000009,-0.32,13531119.0,79770718.5,2.142,0.015175,0.0543909999999999,0.8,26.1038,23.8394,3.14,2.8154,2.5154,0.0,,1011660000.0,891660000.0,248775738.0,5958677400.0,5251877400.0,区域地产,房地产,房地产开发,住宅开发,6.5,5.32,
2014-10-14,12.49,13.26,12.49,12.7,12.62,0.08,0.63,10535054.0,63400879.2,2.142,0.0118149999999999,0.042348,0.62,26.2811,24.0013,3.1614,2.8345,2.5325,0.0,,1011660000.0,891660000.0,248775738.0,5999143800.0,5287543800.0,区域地产,房地产,房地产开发,住宅开发,6.48,5.3,
2014-10-15,12.77,12.81,12.23,12.32,12.7,-0.379999999999999,-2.99,11056949.0,64233492.7,2.142,0.0124,0.044445,0.66,25.4834,23.2728,3.0654,2.7484,2.4556,0.0,,1011660000.0,891660000.0,248775738.0,5817045000.0,5127045000.0,区域地产,房地产,房地产开发,住宅开发,6.52,5.34,
2014-10-16,12.27,13.13,12.06,12.64,12.32,0.3200000000000003,2.6,16945358.0,100436682.1,2.142,0.019004,0.068115,1.18,26.1482,23.8799,3.1454,2.8201,2.5197,0.0,,1011660000.0,891660000.0,248775738.0,5968794000.0,5260794000.0,区域地产,房地产,房地产开发,住宅开发,6.33,5.18,
2014-10-17,12.57,12.89,12.19,12.66,12.64,0.0199999999999995,0.16,10566260.0,62147986.2,2.142,0.01185,0.042473,0.73,26.1925,23.9204,3.1507,2.8249,2.524,0.0,,1011660000.0,891660000.0,248775738.0,5978910600.000001,5269710600.000001,区域地产,房地产,房地产开发,住宅开发,6.49,5.31,
2014-10-20,12.59,13.69,12.59,13.56,12.66,0.9000000000000004,7.11,13480615.0,83633780.6,2.142,0.015119,0.054188,1.08,28.0539,25.6203,3.3746,3.0257,2.7033,0.0,,1011660000.0,891660000.0,248775738.0,6403807800.0,5644207800.0,区域地产,房地产,房地产开发,住宅开发,6.5,5.32,
2014-10-21,13.52,13.79,13.17,13.24,13.56,-0.3200000000000003,-2.36,12684803.0,79675242.0,2.142,0.014226,0.050989,1.01,27.3891,25.0132,3.2946,2.954,2.6393,0.0,,1011660000.0,891660000.0,248775738.0,6252058800.0,5510458800.0,区域地产,房地产,房地产开发,住宅开发,6.96,5.7,
2014-10-22,13.22,13.47,13.09,13.32,13.24,0.08,0.6,7433625.0,45993406.5,2.142,0.008337,0.029881,0.57,27.5664,25.1751,3.316,2.9731,2.6563,0.0,,1011660000.0,891660000.0,248775738.0,6292525200.0,5546125200.0,区域地产,房地产,房地产开发,住宅开发,6.8,5.56,
2014-10-23,13.32,13.6,12.12,12.32,13.32,-1.0,-7.51,14222554.0,83739118.60000001,2.142,0.015951,0.05717,1.16,25.4834,21.6493,3.0298,2.7484,2.3182,0.0,,1011660000.0,891660000.0,248775738.0,5817045000.0,5127045000.0,区域地产,房地产,房地产开发,住宅开发,6.84,5.6,
2014-10-24,12.38,12.51,12.02,12.34,12.32,0.0199999999999995,0.16,5266666.0,30108613.1,2.142,0.005907,0.02117,0.45,25.5277,21.6869,3.0351,2.7532,2.3222,0.0,,1011660000.0,891660000.0,248775738.0,5827161600.0,5135961600.0,区域地产,房地产,房地产开发,住宅开发,6.33,5.18,
2014-10-27,12.3,12.62,12.06,12.53,12.34,0.1899999999999995,1.54,5633852.0,32645949.6,2.142,0.006318,0.022646,0.53,25.9266,22.0258,3.0825,2.7962,2.3585,0.0,,1011660000.0,891660000.0,248775738.0,5918211000.0,5216211000.0,区域地产,房地产,房地产开发,住宅开发,6.34,5.18,
2014-10-28,12.64,12.83,12.55,12.79,12.53,0.2599999999999998,2.08,5242546.0,31043540.4,2.142,0.00588,0.0210729999999999,0.58,26.4584,22.4776,3.1458,2.8536,2.4068,0.0,,1011660000.0,891660000.0,248775738.0,6039610200.0,5323210200.0,区域地产,房地产,房地产开发,住宅开发,6.44,5.27,
2014-10-29,12.79,13.58,12.79,13.28,12.79,0.4900000000000002,3.83,12149081.0,75163591.3,2.142,0.013625,0.0488349999999999,1.61,27.4777,23.3436,3.2669,2.9635,2.4996,0.0,,1011660000.0,891660000.0,248775738.0,6272292000.0,5528292000.0,区域地产,房地产,房地产开发,住宅开发,6.57,5.37,
2014-10-30,13.28,13.49,12.94,13.02,13.28,-0.2599999999999998,-1.96,8574017.0,52545037.5,2.142,0.009616,0.0344649999999999,1.01,26.9459,22.8918,3.2037,2.9062,2.4512,0.0,,1011660000.0,891660000.0,248775738.0,6150892800.0,5421292800.0,区域地产,房地产,房地产开发,住宅开发,6.82,5.58,
2014-10-31,13.34,14.33,12.85,13.43,13.02,0.4100000000000001,3.15,22106316.0,140991665.9,2.142,0.024792,0.08886,3.0,27.788,23.6071,3.3038,2.997,2.5278,0.0,,1011660000.0,891660000.0,248775738.0,6343108199.999999,5590708199.999999,区域地产,房地产,房地产开发,住宅开发,6.69,5.47,
2014-11-03,13.28,13.86,13.07,13.79,13.43,0.3599999999999994,2.68,17095615.0,107884908.7,2.142,0.019173,0.068719,1.59,28.5414,24.2472,3.3934,3.0783,2.5963,0.0,,1011660000.0,891660000.0,248775738.0,6515090400.0,5742290400.0,区域地产,房地产,房地产开发,住宅开发,6.9,5.64,
2014-11-04,13.54,13.77,13.39,13.45,13.79,-0.3399999999999998,-2.47,8138039.999999999,51504302.900000006,2.142,0.009127,0.032712,0.62,27.8323,23.6448,3.3091,3.0018,2.5318,0.0,,1011660000.0,891660000.0,248775738.0,6353224800.0,5599624800.0,区域地产,房地产,房地产开发,住宅开发,7.08,5.8,
2014-11-05,13.52,13.71,13.26,13.32,13.45,-0.129999999999999,-0.97,6930673.0,43435889.5,2.142,0.0077729999999999,0.027859,0.51,27.5664,23.4189,3.2775,2.9731,2.5076,0.0,,1011660000.0,891660000.0,248775738.0,6292525200.0,5546125200.0,区域地产,房地产,房地产开发,住宅开发,6.91,5.65,
2014-11-06,13.24,13.52,13.19,13.37,13.32,0.0499999999999989,0.38,4852073.0,30246328.6,2.142,0.005442,0.019504,0.39,27.655,23.4942,3.288,2.9827,2.5157,0.0,,1011660000.0,891660000.0,248775738.0,6312758400.0,5563958400.0,区域地产,房地产,房地产开发,住宅开发,6.84,5.6,
2014-11-07,13.39,13.67,13.26,13.26,13.37,-0.1099999999999994,-0.82,6777186.0,42666054.8,2.142,0.007601,0.027242,0.57,27.4334,23.3059,3.2617,2.9588,2.4955,0.0,,1011660000.0,891660000.0,248775738.0,6262175400.0,5519375400.0,区域地产,房地产,房地产开发,住宅开发,6.86,5.62,
2014-11-10,13.34,13.37,13.09,13.26,13.26,0.0,0.0,5783236.0,35608348.400000006,2.142,0.006486,0.023247,0.66,27.4334,23.3059,3.2617,2.9588,2.4955,0.0,,1011660000.0,891660000.0,248775738.0,6262175400.0,5519375400.0,区域地产,房地产,房地产开发,住宅开发,6.81,5.57,
2014-11-11,13.24,13.41,12.59,12.66,13.26,-0.5999999999999996,-4.52,7959564.0,48199405.8,2.142,0.008927,0.031995,1.23,26.1925,22.2517,3.1141,2.8249,2.3827,0.0,,1011660000.0,891660000.0,248775738.0,5978910600.000001,5269710600.000001,区域地产,房地产,房地产开发,住宅开发,6.81,5.57,
2014-11-12,12.59,12.85,12.42,12.83,12.66,0.1699999999999999,1.34,5122294.0,30260719.5,2.142,0.005745,0.02059,0.79,26.547,22.5529,3.1563,2.8632,2.4149,0.0,,1011660000.0,891660000.0,248775738.0,6059843400.0,5341043400.0,区域地产,房地产,房地产开发,住宅开发,6.5,5.32,
2014-11-13,12.92,13.22,12.57,12.85,12.83,0.0199999999999995,0.16,10020060.0,60385670.9,2.142,0.011238,0.040277,1.64,26.5913,22.5906,3.1616,2.8679,2.4189,0.0,,1011660000.0,891660000.0,248775738.0,6069960000.0,5349960000.0,区域地产,房地产,房地产开发,住宅开发,6.59,5.39,
2014-11-14,12.68,12.7,12.17,12.3,12.85,-0.5499999999999989,-4.28,8852306.0,50998743.0,2.142,0.009928,0.035583,1.24,25.4391,21.6116,3.0246,2.7437,2.3141,0.0,,1011660000.0,891660000.0,248775738.0,5806928400.0,5118128400.0,区域地产,房地产,房地产开发,住宅开发,6.6,5.4,
2014-11-17,12.32,12.57,12.02,12.49,12.3,0.1899999999999995,1.54,5748661.0,33167555.6,2.142,0.006447,0.023108,0.76,25.8379,21.9505,3.072,2.7867,2.3504,0.0,,1011660000.0,891660000.0,248775738.0,5897977800.0,5198377800.0,区域地产,房地产,房地产开发,住宅开发,6.31,5.17,
2014-11-18,12.42,12.68,12.32,12.55,12.49,0.0600000000000005,0.48,4697061.0,27473273.4,2.142,0.005268,0.018881,0.62,25.9709,22.0635,3.0878,2.801,2.3625,0.0,,1011660000.0,891660000.0,248775738.0,5928327600.0,5225127600.0,区域地产,房地产,房地产开发,住宅开发,6.41,5.25,
2014-11-19,12.55,12.7,12.42,12.47,12.55,-0.08,-0.64,4511275.0,26438972.6,2.142,0.005059,0.0181339999999999,0.65,25.7936,21.9129,3.0667,2.7819,2.3464,0.0,,1011660000.0,891660000.0,248775738.0,5887861200.0,5189461200.0,区域地产,房地产,房地产开发,住宅开发,6.45,5.27,
2014-11-20,12.51,12.51,12.21,12.42,12.47,-0.0500000000000007,-0.4,2855468.0,16532537.499999998,2.142,0.003202,0.0114779999999999,0.42,25.705,21.8376,3.0562,2.7723,2.3383,0.0,,1011660000.0,891660000.0,248775738.0,5867628000.0,5171628000.0,区域地产,房地产,房地产开发,住宅开发,6.4,5.24,
2014-11-21,12.49,12.87,12.38,12.72,12.42,0.3000000000000007,2.42,6269661.0,37064184.2,2.142,0.0070309999999999,0.025202,1.18,26.3254,22.3647,3.1299,2.8393,2.3948,0.0,,1011660000.0,891660000.0,248775738.0,6009260400.0,5296460400.0,区域地产,房地产,房地产开发,住宅开发,6.38,5.22,
2014-11-24,13.07,13.6,13.02,13.28,12.72,0.5599999999999987,4.4,19362413.0,120011337.2,2.142,0.0217149999999999,0.077831,4.02,27.4777,23.3436,3.2669,2.9635,2.4996,0.0,,1011660000.0,891660000.0,248775738.0,6272292000.0,5528292000.0,区域地产,房地产,房地产开发,住宅开发,6.53,5.35,
2014-11-25,13.32,13.37,13.11,13.24,13.28,-0.0399999999999991,-0.3,8481815.0,52215970.6,2.142,0.009512,0.034094,1.13,27.3891,23.2683,3.2564,2.954,2.4915,0.0,,1011660000.0,891660000.0,248775738.0,6252058800.0,5510458800.0,区域地产,房地产,房地产开发,住宅开发,6.82,5.58,
2014-11-26,13.24,13.24,13.0,13.15,13.24,-0.0899999999999998,-0.68,6803478.0,41608920.5,2.142,0.00763,0.0273479999999999,0.82,27.2118,23.1177,3.2353,2.9349,2.4754,0.0,,1011660000.0,891660000.0,248775738.0,6211592400.0,5474792400.0,区域地产,房地产,房地产开发,住宅开发,6.8,5.56,
2014-11-27,13.24,13.34,13.09,13.26,13.15,0.1099999999999994,0.84,9282249.0,57285007.1,2.142,0.0104099999999999,0.037312,1.06,27.4334,23.3059,3.2617,2.9588,2.4955,0.0,,1011660000.0,891660000.0,248775738.0,6262175400.0,5519375400.0,区域地产,房地产,房地产开发,住宅开发,6.75,5.53,
2014-11-28,13.26,13.82,13.17,13.67,13.26,0.4100000000000001,3.09,16992795.0,107051459.6,2.142,0.019057,0.0683059999999999,1.69,28.2755,24.0213,3.3618,3.0496,2.5721,0.0,,1011660000.0,891660000.0,248775738.0,6454390800.0,5688790800.0,区域地产,房地产,房地产开发,住宅开发,6.81,5.57,
2014-12-01,13.67,13.67,13.11,13.17,13.67,-0.5,-3.66,10829741.0,67392366.89999999,2.142,0.0121459999999999,0.043532,0.89,27.2561,23.1553,3.2406,2.9396,2.4794,0.0,,1011660000.0,891660000.0,248775738.0,6221709000.0,5483709000.0,区域地产,房地产,房地产开发,住宅开发,7.02,5.74,
2014-12-02,13.19,13.3,13.09,13.15,13.17,-0.0199999999999995,-0.15,7794196.000000001,48010806.0,2.142,0.008741,0.03133,0.74,27.2118,23.1177,3.2353,2.9349,2.4754,0.0,,1011660000.0,891660000.0,248775738.0,6211592400.0,5474792400.0,区域地产,房地产,房地产开发,住宅开发,6.77,5.54,
2014-12-03,13.17,14.24,13.17,14.16,13.15,1.0099999999999998,7.68,34210039.0,220674730.4,2.142,0.038367,0.137514,3.31,29.2948,24.8873,3.483,3.1595,2.6649,0.0,,1011660000.0,891660000.0,248775738.0,6687072600.0,5893872600.0,区域地产,房地产,房地产开发,住宅开发,6.75,5.53,
2014-12-04,14.07,14.97,13.79,14.78,14.16,0.6199999999999992,4.38,20498510.0,139371060.6,2.142,0.022989,0.082398,1.3,30.58,25.9792,3.6358,3.2981,2.7818,0.0,,1011660000.0,891660000.0,248775738.0,6980454000.0,6152454000.0,区域地产,房地产,房地产开发,住宅开发,7.27,5.95,
2014-12-05,14.78,14.87,13.45,13.88,14.78,-0.8999999999999986,-6.09,15750671.0,103601260.5,2.142,0.017664,0.063313,0.87,28.7187,24.3978,3.4145,3.0974,2.6125,0.0,,1011660000.0,891660000.0,248775738.0,6555556800.000001,5777956800.000001,区域地产,房地产,房地产开发,住宅开发,7.59,6.21,
2014-12-08,13.79,14.39,13.41,14.05,13.88,0.1699999999999999,1.22,12689419.0,82721326.8,2.142,0.014231,0.051007,0.71,29.0732,24.699,3.4566,3.1356,2.6447,0.0,,1011660000.0,891660000.0,248775738.0,6636489600.0,5849289600.0,区域地产,房地产,房地产开发,住宅开发,7.13,5.83,
2014-12-09,13.92,14.69,13.37,13.37,14.05,-0.6800000000000015,-4.84,18575948.0,121237186.6,2.142,0.020833,0.074669,1.02,27.655,23.4942,3.288,2.9827,2.5157,0.0,,1011660000.0,891660000.0,248775738.0,6312758400.0,5563958400.0,区域地产,房地产,房地产开发,住宅开发,7.22,5.9,
2014-12-10,13.22,13.67,13.04,13.64,13.37,0.2700000000000013,2.02,8806471.0,55065418.1,2.142,0.009876,0.035399,0.43,28.2311,23.9837,3.3565,3.0448,2.5681,0.0,,1011660000.0,891660000.0,248775738.0,6444274200.0,5679874200.0,区域地产,房地产,房地产开发,住宅开发,6.86,5.62,
2014-12-11,13.58,14.69,13.32,14.31,13.64,0.6699999999999999,4.91,14092473.000000002,93437088.5,2.142,0.015805,0.0566469999999999,0.92,29.605,25.1508,3.5199,3.193,2.6931,0.0,,1011660000.0,891660000.0,248775738.0,6757888800.0,5956288800.0,区域地产,房地产,房地产开发,住宅开发,7.01,5.73,
2014-12-12,14.12,14.57,13.99,14.14,14.31,-0.1699999999999999,-1.19,8212813.0,54358523.3,2.142,0.009211,0.033013,0.59,29.2505,24.8496,3.4777,3.1547,2.6608,0.0,,1011660000.0,891660000.0,248775738.0,6676956000.0,5884956000.0,区域地产,房地产,房地产开发,住宅开发,7.35,6.01,
2014-12-15,14.37,14.78,14.16,14.63,14.14,0.4900000000000002,3.47,13803548.000000002,93828941.2,2.142,0.015481,0.055486,1.11,30.2698,25.7156,3.5989,3.2647,2.7536,0.0,,1011660000.0,891660000.0,248775738.0,6909637800.0,6090037800.0,区域地产,房地产,房地产开发,住宅开发,7.26,5.94,
2014-12-16,14.46,14.76,14.24,14.74,14.63,0.1099999999999994,0.75,11846545.0,80188535.2,2.142,0.013286,0.0476189999999999,0.93,30.4914,25.9039,3.6253,3.2886,2.7737,0.0,,1011660000.0,891660000.0,248775738.0,6960220800.0,6134620800.0,区域地产,房地产,房地产开发,住宅开发,7.51,6.15,
2014-12-17,14.52,15.77,14.52,15.34,14.74,0.5999999999999996,4.07,22454999.0,160995608.10000002,2.142,0.025183,0.090262,1.98,31.7323,26.9581,3.7728,3.4224,2.8866,0.0,,1011660000.0,891660000.0,248775738.0,7243485600.000001,6384285600.000001,区域地产,房地产,房地产开发,住宅开发,7.57,6.19,
2014-12-18,15.36,15.51,14.46,14.69,15.34,-0.6500000000000004,-4.24,14517679.999999998,100809705.4,2.142,0.016282,0.058356,1.03,30.4028,25.8286,3.6147,3.279,2.7657,0.0,,1011660000.0,891660000.0,248775738.0,6939987600.0,6116787600.0,区域地产,房地产,房地产开发,住宅开发,7.88,6.44,
2014-12-19,14.59,14.65,13.9,14.14,14.69,-0.5499999999999989,-3.74,11748177.0,77557289.39999999,2.142,0.013176,0.047224,0.83,29.2505,24.8496,3.4777,3.1547,2.6608,0.0,,1011660000.0,891660000.0,248775738.0,6676956000.0,5884956000.0,区域地产,房地产,房地产开发,住宅开发,7.55,6.17,
2014-12-22,14.05,14.14,13.26,13.34,14.14,-0.8000000000000007,-5.66,10848917.0,69110674.3,2.142,0.0121669999999999,0.043609,0.73,27.6107,23.4565,3.2828,2.9779,2.5117,0.0,,1011660000.0,891660000.0,248775738.0,6302641800.000001,5555041800.000001,区域地产,房地产,房地产开发,住宅开发,7.26,5.94,
2014-12-23,13.24,13.79,13.13,13.37,13.34,0.0299999999999993,0.22,5902068.0,37091194.2,2.142,0.006619,0.023724,0.41,27.655,23.4942,3.288,2.9827,2.5157,0.0,,1011660000.0,891660000.0,248775738.0,6312758400.0,5563958400.0,区域地产,房地产,房地产开发,住宅开发,6.85,5.61,
2014-12-24,13.39,13.54,13.3,13.49,13.37,0.120000000000001,0.9,3849826.0,24181838.5,2.142,0.004318,0.015475,0.29,27.9209,23.7201,3.3196,3.0113,2.5399,0.0,,1011660000.0,891660000.0,248775738.0,6373458000.0,5617458000.0,区域地产,房地产,房地产开发,住宅开发,6.86,5.62,
2014-12-25,13.58,13.67,13.49,13.67,13.49,0.1799999999999997,1.33,3793870.0,24081361.2,2.142,0.004255,0.01525,0.4,28.2755,24.0213,3.3618,3.0496,2.5721,0.0,,1011660000.0,891660000.0,248775738.0,6454390800.0,5688790800.0,区域地产,房地产,房地产开发,住宅开发,6.93,5.67,
2014-12-26,13.6,13.92,13.47,13.88,13.67,0.2100000000000008,1.54,7463967.0,47526223.7,2.142,0.008371,0.030003,1.03,28.7187,24.3978,3.4145,3.0974,2.6125,0.0,,1011660000.0,891660000.0,248775738.0,6555556800.000001,5777956800.000001,区域地产,房地产,房地产开发,住宅开发,7.02,5.74,
2014-12-29,13.82,14.57,13.54,13.92,13.88,0.0399999999999991,0.29,12667260.0,83116268.4,2.142,0.014206,0.050918,1.99,28.8073,24.4731,3.425,3.1069,2.6205,0.0,,1011660000.0,891660000.0,248775738.0,6575790000.0,5795790000.0,区域地产,房地产,房地产开发,住宅开发,7.13,5.83,
2014-12-30,13.82,15.04,13.49,14.61,13.92,0.6899999999999995,4.96,17075747.0,114221732.4,2.142,0.019151,0.068639,2.54,30.2255,25.678,3.5936,3.2599,2.7495,0.0,,1011660000.0,891660000.0,248775738.0,6899521200.0,6081121200.0,区域地产,房地产,房地产开发,住宅开发,7.15,5.85,
2014-12-31,14.35,14.87,14.12,14.72,14.61,0.1100000000000012,0.75,17817245.0,120664725.1,2.142,0.019982,0.07162,1.99,30.4471,25.8662,3.62,3.2838,2.7697,0.0,,1011660000.0,891660000.0,248775738.0,6950104200.0,6125704200.0,区域地产,房地产,房地产开发,住宅开发,7.5,6.14,
2015-01-05,14.89,15.53,14.69,15.04,14.72,0.3199999999999985,2.17,23154726.0,163977877.5,2.142,0.025968,0.0930749999999999,1.97,31.1119,26.431,3.699,3.3555,2.8302,0.0,,1011660000.0,891660000.0,248775738.0,7101853199.999999,6259453199.999999,区域地产,房地产,房地产开发,住宅开发,7.56,6.18,
2015-01-06,14.89,14.89,14.2,14.67,15.04,-0.3699999999999992,-2.46,16212495.000000002,109926445.5,2.142,0.018182,0.0651689999999999,1.04,30.3585,25.7909,3.6095,3.2742,2.7616,0.0,,1011660000.0,891660000.0,248775738.0,6929871000.0,6107871000.0,区域地产,房地产,房地产开发,住宅开发,7.72,6.32,
2015-01-07,14.54,14.91,14.42,14.89,14.67,0.2200000000000006,1.5,11292841.0,77689441.5,2.142,0.012665,0.045394,0.65,30.8016,26.1674,3.6621,3.322,2.8019,0.0,,1011660000.0,891660000.0,248775738.0,7031037000.0,6197037000.0,区域地产,房地产,房地产开发,住宅开发,7.54,6.17,
2015-01-08,14.89,15.32,14.65,14.65,14.89,-0.2400000000000002,-1.61,15045223.000000002,105589345.0,2.142,0.016873,0.0604769999999999,0.88,30.3141,25.7533,3.6042,3.2695,2.7576,0.0,,1011660000.0,891660000.0,248775738.0,6919754399.999999,6098954399.999999,区域地产,房地产,房地产开发,住宅开发,7.65,6.26,
2015-01-09,14.57,14.8,14.27,14.27,14.65,-0.3800000000000008,-2.59,6921737.0,47099014.0,2.142,0.007763,0.027823,0.41,29.5164,25.0755,3.5093,3.1834,2.685,0.0,,1011660000.0,891660000.0,248775738.0,6737655600.000001,5938455600.000001,区域地产,房地产,房地产开发,住宅开发,7.52,6.16,
2015-01-12,14.12,14.12,13.41,13.47,14.27,-0.7999999999999989,-5.61,7744442.999999999,49355379.9,2.142,0.008685,0.03113,0.53,27.8766,23.6825,3.3144,3.0066,2.5359,0.0,,1011660000.0,891660000.0,248775738.0,6363341400.0,5608541400.0,区域地产,房地产,房地产开发,住宅开发,7.33,5.99,
2015-01-13,13.49,13.75,13.45,13.67,13.47,0.1999999999999993,1.48,4761798.0,30267340.1,2.142,0.00534,0.019141,0.42,28.2755,24.0213,3.3618,3.0496,2.5721,0.0,,1011660000.0,891660000.0,248775738.0,6454390800.0,5688790800.0,区域地产,房地产,房地产开发,住宅开发,6.92,5.66,
2015-01-14,13.71,13.99,13.49,13.52,13.67,-0.1500000000000003,-1.1,5840227.0,37352193.8,2.142,0.00655,0.023476,0.64,27.9652,23.7578,3.3249,3.0161,2.5439,0.0,,1011660000.0,891660000.0,248775738.0,6383574600.0,5626374600.0,区域地产,房地产,房地产开发,住宅开发,7.02,5.74,
2015-01-15,13.47,13.79,13.43,13.77,13.52,0.25,1.85,4366796.0,27800755.0,2.142,0.004897,0.017553,0.54,28.4971,24.2096,3.3881,3.0735,2.5923,0.0,,1011660000.0,891660000.0,248775738.0,6504973800.0,5733373800.0,区域地产,房地产,房地产开发,住宅开发,6.94,5.68,
2015-01-16,13.84,13.88,13.49,13.71,13.77,-0.0599999999999987,-0.44,5785846.0,36939323.900000006,2.142,0.006489,0.023257,0.98,28.3641,24.0966,3.3723,3.0591,2.5802,0.0,,1011660000.0,891660000.0,248775738.0,6474624000.0,5706624000.0,区域地产,房地产,房地产开发,住宅开发,7.07,5.79,
2015-01-19,13.58,13.58,12.34,12.42,13.71,-1.290000000000001,-9.41,10024744.0,59826474.0,2.142,0.011243,0.040296,1.76,25.705,21.8376,3.0562,2.7723,2.3383,0.0,,1011660000.0,891660000.0,248775738.0,5867628000.0,5171628000.0,区域地产,房地产,房地产开发,住宅开发,7.04,5.76,
2015-01-20,12.42,12.83,12.42,12.83,12.42,0.4100000000000001,3.3,6753258.0,39818651.2,2.142,0.007574,0.027146,1.1,26.547,22.5529,3.1563,2.8632,2.4149,0.0,,1011660000.0,891660000.0,248775738.0,6059843400.0,5341043400.0,区域地产,房地产,房地产开发,住宅开发,6.38,5.22,
2015-01-21,12.85,13.3,12.74,13.22,12.83,0.3900000000000005,3.04,6879964.0,42009121.2,2.142,0.007716,0.027655,1.05,27.3448,23.2306,3.2511,2.9492,2.4875,0.0,,1011660000.0,891660000.0,248775738.0,6241942200.0,5501542200.0,区域地产,房地产,房地产开发,住宅开发,6.59,5.39,
2015-01-22,13.19,13.45,13.17,13.39,13.22,0.1699999999999999,1.29,5293369.0,32922050.5,2.142,0.005937,0.021278,0.78,27.6993,23.5318,3.2933,2.9874,2.5197,0.0,,1011660000.0,891660000.0,248775738.0,6322875000.0,5572875000.0,区域地产,房地产,房地产开发,住宅开发,6.79,5.55,
2015-01-23,13.41,13.54,13.17,13.26,13.39,-0.1300000000000007,-0.97,6046938.0,37616452.8,2.142,0.006782,0.024307,0.87,27.4334,23.3059,3.2617,2.9588,2.4955,0.0,,1011660000.0,891660000.0,248775738.0,6262175400.0,5519375400.0,区域地产,房地产,房地产开发,住宅开发,6.88,5.63,
2015-01-26,13.15,14.59,13.13,14.46,13.26,1.200000000000001,9.05,25115773.0,168125011.6,2.142,0.028167,0.100957,3.59,29.9153,25.4144,3.5568,3.2264,2.7213,0.0,,1011660000.0,891660000.0,248775738.0,6828705000.0,6018705000.0,区域地产,房地产,房地产开发,住宅开发,6.81,5.57,
2015-01-27,14.39,14.39,13.84,14.03,14.46,-0.4300000000000015,-2.97,16985128.0,111774090.4,2.142,0.019049,0.068275,1.7,29.0289,24.6614,3.4514,3.1308,2.6407,0.0,,1011660000.0,891660000.0,248775738.0,6626373000.0,5840373000.0,区域地产,房地产,房地产开发,住宅开发,7.43,6.08,
2015-01-28,13.92,14.18,13.79,13.97,14.03,-0.0599999999999987,-0.43,5750119.0,37581795.8,2.142,0.006449,0.023114,0.48,28.8959,24.5484,3.4356,3.1165,2.6286,0.0,,1011660000.0,891660000.0,248775738.0,6596023199.999999,5813623199.999999,区域地产,房地产,房地产开发,住宅开发,7.21,5.9,
2015-01-29,13.82,14.12,13.67,13.92,13.97,-0.0500000000000007,-0.36,3954140.0,25754122.3,2.142,0.004435,0.015894,0.33,28.8073,24.4731,3.425,3.1069,2.6205,0.0,,1011660000.0,891660000.0,248775738.0,6575790000.0,5795790000.0,区域地产,房地产,房地产开发,住宅开发,7.17,5.87,
2015-01-30,14.01,14.54,13.58,14.03,13.92,0.1099999999999994,0.79,12059020.0,79645471.60000001,2.142,0.013524,0.0484729999999999,1.04,29.0289,24.6614,3.4514,3.1308,2.6407,0.0,,1011660000.0,891660000.0,248775738.0,6626373000.0,5840373000.0,区域地产,房地产,房地产开发,住宅开发,7.15,5.85,
2015-02-02,13.67,13.86,13.28,13.37,14.03,-0.6600000000000001,-4.7,7397053.999999999,46930368.3,2.142,0.008296,0.0297339999999999,0.58,27.655,23.4942,3.288,2.9827,2.5157,0.0,,1011660000.0,891660000.0,248775738.0,6312758400.0,5563958400.0,区域地产,房地产,房地产开发,住宅开发,7.21,5.9,
2015-02-03,13.45,13.67,13.26,13.54,13.37,0.1699999999999999,1.27,4969412.0,31174164.2,2.142,0.005573,0.019975,0.54,28.0095,23.7954,3.3302,3.0209,2.5479,0.0,,1011660000.0,891660000.0,248775738.0,6393691200.0,5635291200.0,区域地产,房地产,房地产开发,住宅开发,6.86,5.62,
2015-02-04,13.47,13.75,13.26,13.32,13.54,-0.2199999999999988,-1.62,4678842.0,29609034.4,2.142,0.005247,0.018807,0.69,27.5664,23.4189,3.2775,2.9731,2.5076,0.0,,1011660000.0,891660000.0,248775738.0,6292525200.0,5546125200.0,区域地产,房地产,房地产开发,住宅开发,6.95,5.69,
2015-02-05,13.69,13.77,13.37,13.37,13.32,0.0499999999999989,0.38,6116360.0,38662451.5,2.142,0.00686,0.024586,0.93,27.655,23.4942,3.288,2.9827,2.5157,0.0,,1011660000.0,891660000.0,248775738.0,6312758400.0,5563958400.0,区域地产,房地产,房地产开发,住宅开发,6.84,5.6,
2015-02-06,13.17,13.45,12.77,12.81,13.37,-0.5599999999999987,-4.19,5165448.0,31566404.6,2.142,0.005793,0.0207629999999999,0.73,26.5027,22.5153,3.151,2.8584,2.4109,0.0,,1011660000.0,891660000.0,248775738.0,6049726800.000001,5332126800.000001,区域地产,房地产,房地产开发,住宅开发,6.86,5.62,
2015-02-09,12.66,12.98,12.66,12.87,12.81,0.0599999999999987,0.47,2490055.0,14932841.9,2.142,0.002793,0.0100089999999999,0.44,26.6357,22.6282,3.1668,2.8727,2.423,0.0,,1011660000.0,891660000.0,248775738.0,6080076600.0,5358876600.0,区域地产,房地产,房地产开发,住宅开发,6.58,5.38,
2015-02-10,12.94,13.15,12.7,12.94,12.87,0.0700000000000002,0.54,4010382.0,24109381.6,2.142,0.0044979999999999,0.01612,0.86,26.7686,22.7412,3.1826,2.8871,2.4351,0.0,,1011660000.0,891660000.0,248775738.0,6110426400.0,5385626400.0,区域地产,房地产,房地产开发,住宅开发,6.61,5.41,
2015-02-11,12.96,13.04,12.89,12.98,12.94,0.0400000000000009,0.31,3576958.0,21638992.9,2.142,0.004012,0.014378,0.8,26.8573,22.8165,3.1932,2.8966,2.4431,0.0,,1011660000.0,891660000.0,248775738.0,6130659600.0,5403459600.0,区域地产,房地产,房地产开发,住宅开发,6.64,5.44,
2015-02-12,12.98,13.11,12.96,13.11,12.98,0.129999999999999,1.0,3029355.0,18462522.4,2.142,0.003397,0.012177,0.71,27.1232,23.0424,3.2248,2.9253,2.4673,0.0,,1011660000.0,891660000.0,248775738.0,6191359200.0,5456959200.0,区域地产,房地产,房地产开发,住宅开发,6.67,5.45,
2015-02-13,13.17,13.52,13.17,13.32,13.11,0.2100000000000008,1.6,5390724.0,33638436.0,2.142,0.006046,0.021669,1.48,27.5664,23.4189,3.2775,2.9731,2.5076,0.0,,1011660000.0,891660000.0,248775738.0,6292525200.0,5546125200.0,区域地产,房地产,房地产开发,住宅开发,6.73,5.51,
2015-02-16,13.24,13.45,13.24,13.45,13.32,0.129999999999999,0.98,3144886.0,19645227.8,2.142,0.003527,0.012641,0.85,27.8323,23.6448,3.3091,3.0018,2.5318,0.0,,1011660000.0,891660000.0,248775738.0,6353224800.0,5599624800.0,区域地产,房地产,房地产开发,住宅开发,6.84,5.6,
2015-02-17,13.45,13.64,13.39,13.6,13.45,0.1500000000000003,1.12,4433680.0,28025756.8,2.142,0.004972,0.017822,1.16,28.1425,23.9084,3.346,3.0352,2.56,0.0,,1011660000.0,891660000.0,248775738.0,6424041000.0,5662041000.0,区域地产,房地产,房地产开发,住宅开发,6.91,5.65,
2015-02-25,13.67,13.67,13.39,13.49,13.6,-0.1099999999999994,-0.81,3332473.0000000005,21024083.4,2.142,0.003737,0.0133949999999999,0.85,27.9209,23.7201,3.3196,3.0113,2.5399,0.0,,1011660000.0,891660000.0,248775738.0,6373458000.0,5617458000.0,区域地产,房地产,房地产开发,住宅开发,6.99,5.72,
2015-02-26,13.47,13.64,13.37,13.62,13.49,0.129999999999999,0.96,4290891.0,27149250.7,2.142,0.004812,0.017248,1.11,28.1868,23.946,3.3513,3.04,2.5641,0.0,,1011660000.0,891660000.0,248775738.0,6434157600.0,5670957600.0,区域地产,房地产,房地产开发,住宅开发,6.93,5.67,
2015-02-27,13.64,13.77,13.58,13.69,13.62,0.0700000000000002,0.51,5021103.0,32091521.8,2.142,0.005631,0.020183,1.22,28.3198,24.059,3.3671,3.0544,2.5762,0.0,,1011660000.0,891660000.0,248775738.0,6464507400.0,5697707400.0,区域地产,房地产,房地产开发,住宅开发,7.0,5.72,
2015-03-02,13.92,14.01,13.71,13.82,13.69,0.1300000000000007,0.95,8005810.000000001,51761501.1,2.142,0.008979,0.032181,1.98,28.5857,24.2849,3.3987,3.083,2.6004,0.0,,1011660000.0,891660000.0,248775738.0,6525207000.0,5751207000.0,区域地产,房地产,房地产开发,住宅开发,7.03,5.75,
2015-03-03,13.79,13.79,13.47,13.47,13.82,-0.3499999999999996,-2.53,6207003.0,39481484.7,2.142,0.006961,0.02495,1.24,27.8766,23.6825,3.3144,3.0066,2.5359,0.0,,1011660000.0,891660000.0,248775738.0,6363341400.0,5608541400.0,区域地产,房地产,房地产开发,住宅开发,7.1,5.81,
2015-03-04,13.54,14.03,13.39,13.9,13.47,0.4299999999999997,3.19,8702362.0,55907367.1,2.142,0.00976,0.034981,1.62,28.763,24.4355,3.4198,3.1022,2.6165,0.0,,1011660000.0,891660000.0,248775738.0,6565673400.0,5786873400.0,区域地产,房地产,房地产开发,住宅开发,6.92,5.66,
2015-03-05,13.79,14.54,13.71,14.18,13.9,0.2799999999999993,2.01,14347023.000000002,94414037.9,2.142,0.01609,0.057671,2.23,29.3391,24.9249,3.4883,3.1643,2.6689,0.0,,1011660000.0,891660000.0,248775738.0,6697189200.0,5902789200.0,区域地产,房地产,房地产开发,住宅开发,7.14,5.84,
2015-03-06,14.16,15.44,13.99,14.67,14.18,0.4900000000000002,3.46,28034981.0,193607563.9,2.142,0.031441,0.112692,3.32,30.3585,25.7909,3.6095,3.2742,2.7616,0.0,,1011660000.0,891660000.0,248775738.0,6929871000.0,6107871000.0,区域地产,房地产,房地产开发,住宅开发,7.28,5.96,
2015-03-09,14.54,15.06,13.94,14.69,14.67,0.0199999999999995,0.14,17035410.0,114713534.7,2.142,0.019105,0.068477,1.3,30.4028,25.8286,3.6147,3.279,2.7657,0.0,,1011660000.0,891660000.0,248775738.0,6939987600.0,6116787600.0,区域地产,房地产,房地产开发,住宅开发,7.54,6.17,
2015-03-10,14.57,14.78,14.37,14.44,14.69,-0.25,-1.7,11003745.0,74755212.3,2.142,0.012341,0.0442319999999999,0.74,29.8709,25.3767,3.5515,3.2217,2.7173,0.0,,1011660000.0,891660000.0,248775738.0,6818588400.0,6009788400.0,区域地产,房地产,房地产开发,住宅开发,7.55,6.17,
2015-03-11,14.46,14.97,14.18,14.72,14.44,0.2800000000000011,1.94,13153868.0,89040517.1,2.142,0.014752,0.052874,0.83,30.4471,25.8662,3.62,3.2838,2.7697,0.0,,1011660000.0,891660000.0,248775738.0,6950104200.0,6125704200.0,区域地产,房地产,房地产开发,住宅开发,7.41,6.07,
2015-03-12,14.57,15.36,14.48,15.08,14.72,0.3599999999999994,2.45,17808357.0,124175182.6,2.142,0.019972,0.071584,1.07,31.2005,26.5063,3.7096,3.3651,2.8382,0.0,,1011660000.0,891660000.0,248775738.0,7122086400.0,6277286400.0,区域地产,房地产,房地产开发,住宅开发,7.56,6.18,
2015-03-13,14.93,15.19,14.91,14.95,15.08,-0.1300000000000007,-0.86,10478649.0,73464495.8,2.142,0.011752,0.042121,0.6,30.9346,26.2804,3.678,3.3364,2.814,0.0,,1011660000.0,891660000.0,248775738.0,7061386800.000001,6223786800.000001,区域地产,房地产,房地产开发,住宅开发,7.74,6.34,
2015-03-16,14.99,15.34,14.78,15.21,14.95,0.2600000000000015,1.74,12936568.0,91416056.9,2.142,0.014508,0.052001,0.93,31.4664,26.7322,3.7412,3.3937,2.8624,0.0,,1011660000.0,891660000.0,248775738.0,7182786000.0,6330786000.0,区域地产,房地产,房地产开发,住宅开发,7.68,6.28,
2015-03-17,15.38,16.19,15.25,15.68,15.21,0.4699999999999988,3.09,19683761.0,143922646.79999998,2.142,0.022075,0.079123,1.51,32.4414,27.5605,3.8571,3.4989,2.9511,0.0,,1011660000.0,891660000.0,248775738.0,7405351200.0,6526951200.0,区域地产,房地产,房地产开发,住宅开发,7.81,6.39,
2015-03-18,15.7,16.13,15.47,15.87,15.68,0.1899999999999995,1.21,14350018.0,105679289.0,2.142,0.016094,0.057683,0.97,32.8403,27.8994,3.9045,3.5419,2.9874,0.0,,1011660000.0,891660000.0,248775738.0,7496400600.000001,6607200600.000001,区域地产,房地产,房地产开发,住宅开发,8.05,6.59,
2015-03-19,15.96,16.02,15.53,15.85,15.87,-0.0199999999999995,-0.13,12685020.0,93282990.9,2.142,0.014226,0.05099,0.84,32.796,27.8617,3.8993,3.5371,2.9834,0.0,,1011660000.0,891660000.0,248775738.0,7486284000.0,6598284000.0,区域地产,房地产,房地产开发,住宅开发,8.15,6.67,
2015-03-20,15.87,17.44,15.79,16.84,15.85,0.9900000000000002,6.25,22491806.0,175393539.8,2.142,0.025225,0.09041,1.6,34.8347,29.5937,4.1416,3.757,3.1688,0.0,,1011660000.0,891660000.0,248775738.0,7951647600.0,7008447600.0,区域地产,房地产,房地产开发,住宅开发,8.14,6.66,
2015-03-23,17.03,18.16,16.86,17.37,16.84,0.5300000000000011,3.15,23110509.0,188499233.1,2.142,0.0259189999999999,0.092897,1.41,35.9426,30.5349,4.2734,3.8765,3.2696,0.0,,1011660000.0,891660000.0,248775738.0,8204562600.0,7231362600.0,区域地产,房地产,房地产开发,住宅开发,8.65,7.07,
2015-03-24,17.37,17.63,16.64,17.26,17.37,-0.1099999999999994,-0.63,17113903.0,137488908.3,2.142,0.019193,0.068792,0.93,35.721,30.3467,4.247,3.8526,3.2494,0.0,,1011660000.0,891660000.0,248775738.0,8153979600.0,7186779600.0,区域地产,房地产,房地产开发,住宅开发,8.92,7.3,
2015-03-25,17.35,17.76,16.99,17.24,17.26,-0.0200000000000031,-0.12,11479758.0,93225096.3,2.142,0.012875,0.046145,0.64,35.6767,30.309,4.2418,3.8478,3.2454,0.0,,1011660000.0,891660000.0,248775738.0,8143863000.0,7177863000.0,区域地产,房地产,房地产开发,住宅开发,8.87,7.25,
2015-03-26,17.5,18.98,17.29,18.42,17.24,1.1800000000000033,6.84,23226863.0,199665934.3,2.142,0.026049,0.0933649999999999,1.34,38.1143,32.3798,4.5316,4.1107,3.4671,0.0,,1011660000.0,891660000.0,248775738.0,8700276000.0,7668276000.0,区域地产,房地产,房地产开发,住宅开发,8.86,7.25,
2015-03-27,20.26,20.26,18.85,20.26,18.42,1.84,9.99,37739052.0,350609506.0,2.142,0.042324,0.151699,1.94,41.9257,35.6178,4.9847,4.5218,3.8139,0.0,,1011660000.0,891660000.0,248775738.0,9570303600.0,8435103600.0,区域地产,房地产,房地产开发,住宅开发,9.46,7.74,
2015-03-30,20.78,22.3,20.26,22.3,20.26,2.039999999999999,10.07,44381442.0,441036021.5,2.142,0.049774,0.178399,1.97,35.3363,35.3363,4.8722,4.939,4.939,0.0,,1011660000.0,891660000.0,248775738.0,10531380600.0,9282180600.0,区域地产,房地产,房地产开发,住宅开发,10.41,8.51,
2015-03-31,23.35,24.53,23.07,24.53,22.3,2.2300000000000004,10.0,56551997.0,639415841.0,2.142,0.063423,0.227321,2.11,38.8665,38.8665,5.3589,5.4324,5.4324,0.0,,1011660000.0,891660000.0,248775738.0,11583507000.0,10209507000.0,区域地产,房地产,房地产开发,住宅开发,11.45,9.37,
2015-04-01,23.99,24.95,23.13,24.68,24.53,0.1499999999999985,0.61,64301861.0,719855034.8000001,2.142,0.072115,0.258473,1.85,39.1041,39.1041,5.3917,5.4656,5.4656,0.0,,1011660000.0,891660000.0,248775738.0,11654323200.0,10271923200.0,区域地产,房地产,房地产开发,住宅开发,12.6,10.31,
2015-04-02,24.42,24.42,23.56,24.03,24.68,-0.6499999999999986,-2.63,40270473.0,448961498.5,2.142,0.045163,0.161875,0.89,38.0858,38.0858,5.2513,5.3232,5.3232,0.0,,1011660000.0,891660000.0,248775738.0,11350825200.0,10004425200.0,区域地产,房地产,房地产开发,住宅开发,12.67,10.37,
2015-04-03,23.67,23.93,23.33,23.6,24.03,-0.4299999999999997,-1.79,29307427.0,322495857.4,2.142,0.032868,0.117807,0.6,37.4069,37.4069,5.1577,5.2284,5.2284,0.0,,1011660000.0,891660000.0,248775738.0,11148493200.0,9826093200.0,区域地产,房地产,房地产开发,住宅开发,12.34,10.1,
2015-04-07,23.56,24.53,23.26,24.14,23.6,0.5399999999999991,2.29,49764953.0,556056463.1,2.142,0.055812,0.200039,1.06,38.2555,38.2555,5.2747,5.347,5.347,0.0,,1011660000.0,891660000.0,248775738.0,11401408200.0,10049008200.0,区域地产,房地产,房地产开发,住宅开发,12.12,9.92,
2015-04-08,23.97,24.72,23.35,24.2,24.14,0.0599999999999987,0.25,39934604.0,448015109.6,2.142,0.044787,0.1605249999999999,0.83,38.3573,38.3573,5.2887,5.3612,5.3612,0.0,,1011660000.0,891660000.0,248775738.0,11431758000.0,10075758000.0,区域地产,房地产,房地产开发,住宅开发,12.4,10.14,
2015-04-09,24.01,26.63,23.63,26.63,24.2,2.43,10.04,57873062.0,685213055.5,2.142,0.064905,0.232631,1.29,42.193,42.193,5.8176,5.8973,5.8973,0.0,,1011660000.0,891660000.0,248775738.0,12574933799.999998,11083333799.999998,区域地产,房地产,房地产开发,住宅开发,12.43,10.17,
2015-04-10,26.75,28.81,26.11,26.69,26.63,0.0600000000000022,0.23,57744264.0,744648084.4000001,2.142,0.06476,0.232114,1.33,42.2949,42.2949,5.8316,5.9116,5.9116,0.0,,1011660000.0,891660000.0,248775738.0,12605283600.000002,11110083600.000002,区域地产,房地产,房地产开发,住宅开发,13.67,11.19,
2015-04-13,26.65,26.67,25.38,26.2,26.69,-0.490000000000002,-1.84,34397818.0,417971835.9,2.142,0.038577,0.138268,0.73,41.5142,41.5142,5.724,5.8024,5.8024,0.0,,1011660000.0,891660000.0,248775738.0,12372601800.0,10905001800.0,区域地产,房地产,房地产开发,住宅开发,13.71,11.21,
2015-04-14,25.68,25.68,24.95,25.49,26.2,-0.7100000000000009,-2.71,26657578.000000004,314766857.4,2.142,0.029897,0.107155,0.56,40.394,40.394,5.5695,5.6459,5.6459,0.0,,1011660000.0,891660000.0,248775738.0,12038754000.0,10610754000.0,区域地产,房地产,房地产开发,住宅开发,13.45,11.01,
2015-04-15,25.25,25.25,23.58,23.78,25.49,-1.7099999999999973,-6.71,21797336.0,247515099.4,2.142,0.024446,0.0876179999999999,0.5,37.6784,37.6784,5.1951,5.2663,5.2663,0.0,,1011660000.0,891660000.0,248775738.0,11229426000.0,9897426000.0,区域地产,房地产,房地产开发,住宅开发,13.09,10.71,
2015-04-16,23.24,24.85,22.66,24.46,23.78,0.6799999999999997,2.86,19365323.0,218794395.3,2.142,0.021718,0.077842,0.49,38.7646,38.7646,5.3449,5.4181,5.4181,0.0,,1011660000.0,891660000.0,248775738.0,11553157200.0,10182757200.0,区域地产,房地产,房地产开发,住宅开发,12.21,9.99,
2015-04-17,24.42,25.02,24.01,24.35,24.46,-0.1099999999999994,-0.45,19065680.0,217774424.4,2.142,0.0213819999999999,0.076638,0.6,38.5949,38.5949,5.3215,5.3944,5.3944,0.0,,1011660000.0,891660000.0,248775738.0,11502574200.0,10138174200.0,区域地产,房地产,房地产开发,住宅开发,12.56,10.28,
2015-04-20,24.48,25.49,23.56,23.82,24.35,-0.5300000000000011,-2.18,26406312.0,303807955.6,2.142,0.029615,0.1061449999999999,1.09,37.7463,37.7463,5.2045,5.2758,5.2758,0.0,,1011660000.0,891660000.0,248775738.0,11249659200.0,9915259200.0,区域地产,房地产,房地产开发,住宅开发,12.51,10.23,
2015-04-21,23.82,25.0,23.69,24.74,23.82,0.9199999999999982,3.86,17485282.0,198513778.5,2.142,0.01961,0.070285,0.77,39.2059,39.2059,5.4057,5.4798,5.4798,0.0,,1011660000.0,891660000.0,248775738.0,11684673000.0,10298673000.0,区域地产,房地产,房地产开发,住宅开发,12.23,10.01,
2015-04-22,24.65,25.9,24.53,25.58,24.74,0.8399999999999999,3.4,24944357.0,293519791.6,2.142,0.027975,0.100268,1.2,40.5298,40.5298,5.5883,5.6648,5.6648,0.0,,1011660000.0,891660000.0,248775738.0,12079220400.0,10646420400.0,区域地产,房地产,房地产开发,住宅开发,12.71,10.4,
2015-04-23,25.51,25.92,24.87,25.13,25.58,-0.4499999999999993,-1.76,18098944.0,213213054.2,2.142,0.0202979999999999,0.072752,0.84,39.8169,39.8169,5.49,5.5652,5.5652,0.0,,1011660000.0,891660000.0,248775738.0,11866771800.0,10459171800.0,区域地产,房地产,房地产开发,住宅开发,13.13,10.75,
2015-04-24,24.65,24.65,23.56,24.12,25.13,-1.009999999999998,-4.02,19284277.0,217568768.2,2.142,0.021627,0.077517,0.91,38.2215,38.2215,5.27,5.3422,5.3422,0.0,,1011660000.0,891660000.0,248775738.0,11391291600.0,10040091600.0,区域地产,房地产,房地产开发,住宅开发,12.9,10.56,
2015-04-27,24.14,24.74,23.99,24.27,24.12,0.1499999999999985,0.62,15772621.0,178948637.4,2.142,0.017689,0.063401,0.74,38.4591,38.4591,5.3028,5.3754,5.3754,0.0,,1011660000.0,891660000.0,248775738.0,11462107800.0,10102507800.0,区域地产,房地产,房地产开发,住宅开发,12.39,10.13,
2015-04-28,24.23,24.23,22.75,23.8,24.27,-0.4699999999999988,-1.94,20833924.0,228996167.6,2.142,0.023365,0.0837459999999999,1.09,37.7124,37.7124,5.1998,5.2711,5.2711,0.0,,1011660000.0,891660000.0,248775738.0,11239542600.0,9906342600.0,区域地产,房地产,房地产开发,住宅开发,12.46,10.2,
2015-04-29,23.52,24.72,23.35,24.68,23.8,0.879999999999999,3.7,23693515.0,267561819.5,2.142,0.026572,0.0952399999999999,1.2,39.1041,38.7281,5.331,5.4656,5.4206,0.0,,1011660000.0,891660000.0,248775738.0,11654323200.0,10271923200.0,区域地产,房地产,房地产开发,住宅开发,12.22,10.0,
2015-04-30,25.0,26.45,24.68,25.58,24.68,0.8999999999999986,3.65,35333804.0,421288124.0,2.142,0.0396269999999999,0.142031,1.81,40.5298,40.1401,5.5254,5.6648,5.6182,0.0,,1011660000.0,891660000.0,248775738.0,12079220400.0,10646420400.0,区域地产,房地产,房地产开发,住宅开发,12.67,10.37,
2015-05-04,25.62,26.07,24.87,25.04,25.58,-0.5399999999999991,-2.11,15947528.0,187631659.4,2.142,0.0178849999999999,0.064104,0.69,39.6812,39.2996,5.4097,5.5462,5.5005,0.0,,1011660000.0,891660000.0,248775738.0,11826305400.0,10423505400.0,区域地产,房地产,房地产开发,住宅开发,13.13,10.75,
2015-05-05,24.85,24.85,23.56,23.88,25.04,-1.16,-4.63,13582288.0,152548882.79999998,2.142,0.015233,0.054597,0.61,37.8481,37.4842,5.1598,5.29,5.2465,0.0,,1011660000.0,891660000.0,248775738.0,11280009000.0,9942009000.0,区域地产,房地产,房地产开发,住宅开发,12.86,10.52,
2015-05-06,23.82,24.5,23.52,23.6,23.88,-0.2799999999999976,-1.17,11141960.0,125254307.8,2.142,0.012496,0.044787,0.51,37.4069,37.0472,5.0997,5.2284,5.1853,0.0,,1011660000.0,891660000.0,248775738.0,11148493200.0,9826093200.0,区域地产,房地产,房地产开发,住宅开发,12.27,10.04,
2015-05-07,23.58,24.2,23.13,23.84,23.6,0.2399999999999984,1.02,10057565.0,111454464.2,2.142,0.0112799999999999,0.040428,0.5,37.7803,37.417,5.1506,5.2805,5.2371,0.0,,1011660000.0,891660000.0,248775738.0,11259775800.0,9924175800.0,区域地产,房地产,房地产开发,住宅开发,12.12,9.92,
2015-05-08,23.95,25.7,23.95,25.64,23.84,1.8000000000000007,7.55,17614825.0,203815533.4,2.142,0.019755,0.070806,1.02,40.6316,40.2409,5.5393,5.6791,5.6323,0.0,,1011660000.0,891660000.0,248775738.0,12109570200.0,10673170200.0,区域地产,房地产,房地产开发,住宅开发,12.24,10.02,
2015-05-11,26.45,27.85,26.13,26.75,25.64,1.1099999999999994,4.33,30962191.0,388016292.7,2.142,0.034724,0.124458,2.27,42.3967,41.9891,5.7799,5.9258,5.877,0.0,,1011660000.0,891660000.0,248775738.0,12635633400.0,11136833400.0,区域地产,房地产,房地产开发,住宅开发,13.17,10.77,
2015-05-12,26.73,26.73,25.75,26.35,26.75,-0.3999999999999986,-1.5,18897052.0,231336839.1,2.142,0.021193,0.07596,1.13,41.7518,41.3503,5.692,5.8356,5.7876,0.0,,1011660000.0,891660000.0,248775738.0,12443418000.0,10967418000.0,区域地产,房地产,房地产开发,住宅开发,13.74,11.24,
2015-05-13,26.41,27.93,26.41,27.93,26.35,1.5799999999999983,6.0,30550601.0,389690700.4,2.142,0.034263,0.122804,1.72,44.2637,43.8381,6.0344,6.1867,6.1358,0.0,,1011660000.0,891660000.0,248775738.0,13192046399.999998,11627246399.999998,区域地产,房地产,房地产开发,住宅开发,13.53,11.07,
2015-05-14,28.49,29.84,27.42,27.42,27.93,-0.509999999999998,-1.83,30956126.0,409735597.1,2.142,0.034717,0.124434,1.43,43.449,43.0312,5.9234,6.0729,6.0228,0.0,,1011660000.0,891660000.0,248775738.0,12949248000.0,11413248000.0,区域地产,房地产,房地产开发,住宅开发,14.34,11.74,
2015-05-15,26.8,26.99,25.7,25.81,27.42,-1.610000000000003,-5.87,22023235.0,268292760.6,2.142,0.024699,0.088526,0.85,40.9032,40.5099,5.5763,5.717,5.6699,0.0,,1011660000.0,891660000.0,248775738.0,12190503000.0,10744503000.0,区域地产,房地产,房地产开发,住宅开发,14.08,11.52,
2015-05-18,25.77,26.41,25.13,25.47,25.81,-0.3399999999999998,-1.32,16722129.999999998,200552506.3,2.142,0.018754,0.067218,0.63,40.36,39.972,5.5023,5.6411,5.5947,0.0,,1011660000.0,891660000.0,248775738.0,12028637400.0,10601837400.0,区域地产,房地产,房地产开发,住宅开发,13.26,10.85,
2015-05-19,25.28,26.22,25.17,26.18,25.47,0.7100000000000009,2.79,13298134.0,160710905.5,2.142,0.014914,0.0534539999999999,0.56,41.4802,41.0814,5.655,5.7977,5.7499,0.0,,1011660000.0,891660000.0,248775738.0,12362485200.0,10896085200.0,区域地产,房地产,房地产开发,住宅开发,13.08,10.7,
2015-05-20,26.18,27.7,25.92,26.5,26.18,0.3200000000000003,1.22,22544339.0,281212620.3,2.142,0.025284,0.090621,0.99,41.9894,41.5856,5.7244,5.8689,5.8205,0.0,,1011660000.0,891660000.0,248775738.0,12514234200.0,11029834200.0,区域地产,房地产,房地产开发,住宅开发,13.44,11.0,
2015-05-21,26.35,27.85,26.13,27.85,26.5,1.3500000000000014,5.09,22676966.0,287193154.2,2.142,0.025432,0.091154,1.07,44.1279,43.7036,6.0159,6.1678,6.117,0.0,,1011660000.0,891660000.0,248775738.0,13151580000.0,11591580000.0,区域地产,房地产,房地产开发,住宅开发,13.61,11.13,
2015-05-22,28.38,30.63,28.38,29.39,27.85,1.5399999999999991,5.53,34904882.0,483351270.1,2.142,0.039146,0.140307,1.79,46.5719,46.1241,6.3491,6.5094,6.4557,0.0,,1011660000.0,891660000.0,248775738.0,13879975200.0,12233575200.0,区域地产,房地产,房地产开发,住宅开发,14.3,11.7,
2015-05-25,29.39,32.32,29.35,32.32,29.39,2.93,9.97,31213933.0,452237211.5,2.142,0.035007,0.12547,1.42,51.2223,50.7298,6.9831,7.1593,7.1004,0.0,,1011660000.0,891660000.0,248775738.0,15265949400.0,13455149400.0,区域地产,房地产,房地产开发,住宅开发,15.09,12.35,
2015-05-26,34.91,35.56,32.77,34.08,32.32,1.759999999999998,5.45,41642591.0,670286564.2,2.142,0.046702,0.16739,1.67,54.0057,53.4865,7.3626,7.5484,7.4862,0.0,,1011660000.0,891660000.0,248775738.0,16095510600.0,14186310600.0,区域地产,房地产,房地产开发,住宅开发,16.6,13.58,
2015-05-27,34.25,37.31,32.34,37.04,34.08,2.960000000000001,8.69,32573276.0,526988044.3,2.142,0.036531,0.130934,1.06,58.6901,58.1258,8.0012,8.2031,8.1355,0.0,,1011660000.0,891660000.0,248775738.0,17491601400.0,15416801399.999998,区域地产,房地产,房地产开发,住宅开发,17.5,14.32,
2015-05-28,35.92,39.63,34.91,35.9,37.04,-1.1400000000000006,-3.08,42085137.0,726724164.8000001,2.142,0.047199,0.1691689999999999,1.29,56.891,56.344,7.7559,7.9517,7.8862,0.0,,1011660000.0,891660000.0,248775738.0,16955421600.0,14944221600.0,区域地产,房地产,房地产开发,住宅开发,19.02,15.56,
2015-05-29,35.26,37.34,32.56,35.99,35.9,0.0900000000000034,0.25,23196449.0,385009384.7,2.142,0.026015,0.0932419999999999,0.64,57.0268,56.4785,7.7744,7.9706,7.905,0.0,,1011660000.0,891660000.0,248775738.0,16995888000.0,14979888000.0,区域地产,房地产,房地产开发,住宅开发,18.44,15.08,
2015-06-01,36.48,39.09,36.48,38.51,35.99,2.519999999999996,7.0,24237689.0,432706351.8,2.142,0.027183,0.097428,0.71,61.0323,60.4454,8.3205,8.5305,8.4602,0.0,,1011660000.0,891660000.0,248775738.0,18189646800.0,16032046800.0,区域地产,房地产,房地产开发,住宅开发,18.48,15.12,
2015-06-02,38.64,40.91,38.62,40.06,38.51,1.5500000000000045,4.02,20021279.0,372203419.0,2.142,0.022454,0.080479,0.61,63.4763,62.8659,8.6537,8.8721,8.799,0.0,,1011660000.0,891660000.0,248775738.0,18918042000.0,16674042000.0,区域地产,房地产,房地产开发,住宅开发,19.78,16.18,
2015-06-03,39.76,40.06,36.78,38.04,40.06,-2.020000000000003,-5.04,20459387.0,367521056.9,2.142,0.022945,0.08224,0.72,60.2855,59.7058,8.2187,8.4261,8.3567,0.0,,1011660000.0,891660000.0,248775738.0,17967081600.0,15835881600.0,区域地产,房地产,房地产开发,住宅开发,20.57,16.83,
2015-06-04,37.89,37.89,34.7,36.67,38.04,-1.3699999999999974,-3.6,17502003.0,295709330.5,2.142,0.019629,0.070353,0.67,58.113,57.5543,7.9225,8.1225,8.0556,0.0,,1011660000.0,891660000.0,248775738.0,17319619200.0,15265219200.0,区域地产,房地产,房地产开发,住宅开发,19.54,15.98,
2015-06-05,36.97,38.56,36.82,37.85,36.67,1.1799999999999995,3.22,18766620.0,330452505.5,2.142,0.0210469999999999,0.075436,0.89,59.98,59.4033,8.177,8.3834,8.3143,0.0,,1011660000.0,891660000.0,248775738.0,17876032200.0,15755632200.0,区域地产,房地产,房地产开发,住宅开发,18.83,15.41,
2015-06-08,39.2,39.63,37.7,39.22,37.85,1.3699999999999974,3.62,21150883.0,382942161.6,2.142,0.023721,0.08502,1.05,62.1524,61.5548,8.4732,8.6871,8.6155,0.0,,1011660000.0,891660000.0,248775738.0,18523494600.0,16326294600.0,区域地产,房地产,房地产开发,住宅开发,19.44,15.9,
2015-06-09,39.22,39.26,36.95,37.44,39.22,-1.7800000000000011,-4.54,17670843.0,310178342.7,2.142,0.019818,0.071031,0.9,59.335,58.7645,8.0891,8.2933,8.2249,0.0,,1011660000.0,891660000.0,248775738.0,17683816800.0,15586216800.0,区域地产,房地产,房地产开发,住宅开发,20.14,16.48,
2015-06-10,36.84,39.09,35.56,38.3,37.44,0.8599999999999994,2.3,19322831.0,339704645.29999995,2.142,0.021671,0.077672,1.01,60.6928,60.1092,8.2742,8.483,8.4132,0.0,,1011660000.0,891660000.0,248775738.0,18088480800.0,15942880800.0,区域地产,房地产,房地产开发,住宅开发,19.23,15.73,
2015-06-11,37.59,38.34,37.21,37.55,38.3,-0.75,-1.96,14368776.0,252964449.9,2.142,0.016115,0.057758,0.76,59.5048,58.9326,8.1122,8.317,8.2485,0.0,,1011660000.0,891660000.0,248775738.0,17734399800.0,15630799800.0,区域地产,房地产,房地产开发,住宅开发,19.67,16.09,
2015-06-12,37.74,38.28,36.99,38.11,37.55,0.5600000000000023,1.49,23352338.0,411848131.6,2.142,0.02619,0.093869,1.28,60.3873,59.8067,8.2326,8.4403,8.3708,0.0,,1011660000.0,891660000.0,248775738.0,17997431400.0,15862631399.999998,区域地产,房地产,房地产开发,住宅开发,19.28,15.78,
2015-06-15,38.62,40.55,38.04,38.71,38.11,0.6000000000000014,1.57,24402609.0,446524506.5,2.142,0.027368,0.098091,1.27,61.3378,60.748,8.3621,8.5732,8.5026,0.0,,1011660000.0,891660000.0,248775738.0,18280696200.0,16112296200.000002,区域地产,房地产,房地产开发,住宅开发,19.57,16.01,
2015-06-16,38.02,38.32,36.29,36.82,38.71,-1.8900000000000008,-4.88,13217860.999999998,229384554.8,2.142,0.0148239999999999,0.053132,0.67,58.3506,57.7896,7.9549,8.1557,8.0885,0.0,,1011660000.0,891660000.0,248775738.0,17390435400.0,15327635400.0,区域地产,房地产,房地产开发,住宅开发,19.88,16.26,
2015-06-17,36.44,38.13,33.74,36.89,36.82,0.0700000000000002,0.19,15818624.0,263110495.50000003,2.142,0.017741,0.063586,0.84,58.4525,57.8905,7.9688,8.1699,8.1026,0.0,,1011660000.0,891660000.0,248775738.0,17420785200.0,15354385200.0,区域地产,房地产,房地产开发,住宅开发,18.91,15.47,
2015-06-18,37.16,39.52,36.16,37.36,36.89,0.4699999999999988,1.27,24286496.0,432256613.2000001,2.142,0.027237,0.0976239999999999,1.33,59.1993,58.6301,8.0706,8.2743,8.2061,0.0,,1011660000.0,891660000.0,248775738.0,17643350400.0,15550550400.0,区域地产,房地产,房地产开发,住宅开发,18.94,15.5,
2015-06-19,35.92,37.16,33.84,34.85,37.36,-2.509999999999998,-6.72,14381997.0,240453385.7,2.142,0.016129,0.057811,0.71,55.2277,54.6967,7.5292,7.7192,7.6556,0.0,,1011660000.0,891660000.0,248775738.0,16459708200.0,14507308200.0,区域地产,房地产,房地产开发,住宅开发,19.18,15.7,
2015-06-23,34.85,35.43,31.47,34.25,34.85,-0.6000000000000014,-1.72,13165626.0,206218525.9,2.142,0.0147649999999999,0.052922,0.71,54.2773,53.7554,7.3996,7.5863,7.5238,0.0,,1011660000.0,891660000.0,248775738.0,16176443400.0,14257643400.0,区域地产,房地产,房地产开发,住宅开发,17.9,14.64,
2015-06-24,34.25,35.75,33.63,35.3,34.25,1.0499999999999972,3.07,13608885.0,221452335.8,2.142,0.015262,0.054703,0.84,55.9406,55.4027,7.6263,7.8188,7.7544,0.0,,1011660000.0,891660000.0,248775738.0,16672156800.0,14694556800.0,区域地产,房地产,房地产开发,住宅开发,17.59,14.39,
2015-06-25,35.64,35.81,33.16,33.57,35.3,-1.7299999999999969,-4.9,12547231.0,203632056.4,2.142,0.014072,0.0504359999999999,0.77,53.1911,52.6796,7.2515,7.4345,7.3733,0.0,,1011660000.0,891660000.0,248775738.0,15852712200.0,13972312200.0,区域地产,房地产,房地产开发,住宅开发,18.13,14.83,
2015-06-26,32.13,32.52,30.2,30.2,33.57,-3.370000000000001,-10.04,9649681.0,139679456.6,2.142,0.010822,0.038789,0.62,47.8618,47.4016,6.525,6.6896,6.6345,0.0,,1011660000.0,891660000.0,248775738.0,14264406000.0,12572406000.0,区域地产,房地产,房地产开发,住宅开发,17.24,14.1,
2015-06-29,31.06,31.66,27.18,27.18,30.2,-3.02,-10.0,19040641.0,258715907.2,2.142,0.021354,0.076537,1.5,43.0756,42.6614,5.8725,6.0207,5.9711,0.0,,1011660000.0,891660000.0,248775738.0,12837965400.0,11315165400.0,区域地产,房地产,房地产开发,住宅开发,15.51,12.69,
2015-06-30,26.43,28.87,24.46,28.85,27.18,1.6700000000000017,6.14,20132168.0,249486128.3,2.142,0.022578,0.080925,1.48,45.7233,45.2836,6.2334,6.3907,6.3381,0.0,,1011660000.0,891660000.0,248775738.0,13627060200.0,12010660200.0,区域地产,房地产,房地产开发,住宅开发,13.96,11.42,
2015-07-01,28.15,29.54,25.96,25.96,28.85,-2.890000000000001,-10.02,13710670.000000002,178866743.1,2.142,0.015377,0.055113,0.91,41.1408,40.7452,5.6087,5.7502,5.7029,0.0,,1011660000.0,891660000.0,248775738.0,12261319200.0,10806919200.0,区域地产,房地产,房地产开发,住宅开发,14.82,12.12,
2015-07-02,25.17,26.05,23.37,23.37,25.96,-2.59,-9.98,11627141.0,131284132.8,2.142,0.01304,0.046737,0.77,37.0335,36.6774,5.0488,5.1762,5.1335,0.0,,1011660000.0,891660000.0,248775738.0,11037210600.0,9728010600.0,区域地产,房地产,房地产开发,住宅开发,13.33,10.91,
2015-07-03,21.31,23.3,21.03,21.03,23.37,-2.34,-10.01,11267246.0,112931868.3,2.142,0.012636,0.045291,0.76,33.3335,33.013,4.5443,4.659,4.6207,0.0,,1011660000.0,891660000.0,248775738.0,9934501200.0,8756101200.0,区域地产,房地产,房地产开发,住宅开发,12.0,9.82,
2015-07-06,23.01,23.01,18.94,18.94,21.03,-2.09,-9.94,18114766.0,170769190.20000002,2.142,0.020316,0.072816,1.2,30.007,29.7184,4.0908,4.1941,4.1595,0.0,,1011660000.0,891660000.0,248775738.0,8943074400.0,7882274399.999999,区域地产,房地产,房地产开发,住宅开发,10.8,8.84,
2015-07-07,17.78,17.78,17.05,17.05,18.94,-1.8900000000000008,-9.98,2831000.0,22563372.200000003,2.142,0.003175,0.01138,0.19,27.0198,26.76,3.6836,3.7766,3.7455,0.0,,1011660000.0,891660000.0,248775738.0,8052813600.0,7097613600.0,区域地产,房地产,房地产开发,住宅开发,9.72,7.96,
2015-07-08,15.34,15.34,15.34,15.34,17.05,-1.7100000000000009,-10.03,729100.0,5220356.0,2.142,0.0008179999999999,0.002931,0.06,24.3043,24.0706,3.3134,3.397,3.369,0.0,,1011660000.0,891660000.0,248775738.0,7243485600.000001,6384285600.000001,区域地产,房地产,房地产开发,住宅开发,8.76,7.16,
2015-07-09,13.79,16.88,13.79,16.88,15.34,1.5399999999999991,10.04,42105341.0,294518327.1,2.142,0.047221,0.16925,4.72,26.7483,26.4911,3.6466,3.7386,3.7078,0.0,,1011660000.0,891660000.0,248775738.0,7971880800.0,7026280800.0,区域地产,房地产,房地产开发,住宅开发,7.88,6.44,
2015-07-10,17.14,18.57,16.96,18.57,16.88,1.6900000000000013,10.01,23156014.0,195866276.6,2.142,0.02597,0.09308,1.54,29.4299,29.1469,4.0122,4.1134,4.0795,0.0,,1011660000.0,891660000.0,248775738.0,8771092200.0,7730692200.0,区域地产,房地产,房地产开发,住宅开发,8.67,7.09,
2015-07-13,19.49,20.43,19.41,20.43,18.57,1.86,10.02,32745709.000000004,306655291.90000004,2.142,0.036724,0.131627,1.88,32.3831,32.0717,4.4148,4.5262,4.4889,0.0,,1011660000.0,891660000.0,248775738.0,9651236400.0,8506436400.0,区域地产,房地产,房地产开发,住宅开发,9.54,7.8,
2015-07-14,20.84,22.06,19.71,21.42,20.43,0.990000000000002,4.85,44292877.0,436610947.4,2.142,0.049675,0.178043,2.18,33.9445,33.6181,4.6276,4.7444,4.7053,0.0,,1011660000.0,891660000.0,248775738.0,10116600000.0,8916600000.0,区域地产,房地产,房地产开发,住宅开发,10.49,8.59,
2015-07-15,20.78,21.14,19.28,19.28,21.42,-2.140000000000001,-9.99,15227335.0,141945064.5,2.142,0.017078,0.061209,0.53,30.5501,30.2563,4.1649,4.27,4.2348,0.0,,1011660000.0,891660000.0,248775738.0,9104940000.0,8024940000.0,区域地产,房地产,房地产开发,住宅开发,11.0,9.0,
2015-07-16,17.44,20.03,17.41,18.85,19.28,-0.4299999999999997,-2.23,19738704.0,174167168.6,2.142,0.0221369999999999,0.079343,0.63,29.8712,29.584,4.0723,4.1751,4.1407,0.0,,1011660000.0,891660000.0,248775738.0,8902608000.0,7846608000.0,区域地产,房地产,房地产开发,住宅开发,9.9,8.1,
2015-07-17,18.94,20.33,18.94,19.92,18.85,1.0700000000000005,5.68,20275275.0,186756541.8,2.142,0.022739,0.0815,0.75,31.5684,31.2649,4.3037,4.4123,4.376,0.0,,1011660000.0,891660000.0,248775738.0,9408438000.0,8292438000.0,区域地产,房地产,房地产开发,住宅开发,9.68,7.92,
2015-07-20,20.35,20.95,19.56,20.39,19.92,0.4699999999999988,2.36,18864714.0,179011942.79999998,2.142,0.021157,0.07583,0.71,32.3152,32.0045,4.4055,4.5167,4.4795,0.0,,1011660000.0,891660000.0,248775738.0,9631003200.0,8488603199.999999,区域地产,房地产,房地产开发,住宅开发,10.23,8.37,
2015-07-21,20.35,21.33,19.49,20.73,20.39,0.3399999999999998,1.67,18437596.0,176625455.6,2.142,0.020678,0.074113,0.78,32.8583,32.5424,4.4796,4.5926,4.5548,0.0,,1011660000.0,891660000.0,248775738.0,9792868800.0,8631268800.0,区域地产,房地产,房地产开发,住宅开发,10.47,8.57,
2015-07-22,20.35,21.74,19.92,21.36,20.73,0.629999999999999,3.04,21470562.0,208701650.3,2.142,0.024079,0.0863049999999999,1.16,33.8427,33.5173,4.6138,4.7302,4.6912,0.0,,1011660000.0,891660000.0,248775738.0,10086250200.0,8889850200.0,区域地产,房地产,房地产开发,住宅开发,10.65,8.71,
2015-07-23,21.18,22.47,21.03,22.41,21.36,1.0500000000000007,4.92,25047966.0,257776449.9,2.142,0.0280909999999999,0.100685,1.27,35.506,35.1646,4.8405,4.9627,4.9218,0.0,,1011660000.0,891660000.0,248775738.0,10581963600.000002,9326763600.0,区域地产,房地产,房地产开发,住宅开发,10.97,8.97,
2015-07-24,22.79,23.37,21.66,21.93,22.41,-0.4800000000000004,-2.14,29843586.0,313876490.70000005,2.142,0.03347,0.119962,1.43,34.7592,34.425,4.7387,4.8583,4.8183,0.0,,1011660000.0,891660000.0,248775738.0,10359398400.0,9130598400.0,区域地产,房地产,房地产开发,住宅开发,11.51,9.41,
2015-07-27,21.44,22.11,19.75,19.75,21.93,-2.18,-9.94,19328114.0,190190998.9,2.142,0.021677,0.077693,0.85,31.2969,30.9959,4.2667,4.3744,4.3383,0.0,,1011660000.0,891660000.0,248775738.0,9327505200.0,8221105200.0,区域地产,房地产,房地产开发,住宅开发,11.26,9.22,
2015-07-28,17.91,19.92,17.78,18.19,19.75,-1.5599999999999987,-7.9,22902248.0,196743689.0,2.142,0.025685,0.0920599999999999,1.0,28.8189,28.5418,3.9289,4.028,3.9948,0.0,,1011660000.0,891660000.0,248775738.0,8588993400.0,7570193400.0,区域地产,房地产,房地产开发,住宅开发,10.14,8.3,
2015-07-29,18.64,19.56,17.82,19.45,18.19,1.259999999999998,6.93,13193560.0,114155213.8,2.142,0.014797,0.053034,0.56,30.8216,30.5253,4.2019,4.3079,4.2725,0.0,,1011660000.0,891660000.0,248775738.0,9185872800.0,8096272800.0,区域地产,房地产,房地产开发,住宅开发,9.34,7.64,
2015-07-30,19.28,20.73,19.02,19.36,19.45,-0.0899999999999998,-0.46,16709612.0,155352221.6,2.142,0.01874,0.067167,0.76,30.6859,30.3908,4.1834,4.289,4.2536,0.0,,1011660000.0,891660000.0,248775738.0,9145406400.0,8060606400.0,区域地产,房地产,房地产开发,住宅开发,9.99,8.17,
2015-07-31,18.89,21.16,18.64,20.88,19.36,1.5199999999999996,7.85,22780658.0,214566534.8,2.142,0.025549,0.091571,1.12,33.0959,32.7777,4.5119,4.6258,4.5877,0.0,,1011660000.0,891660000.0,248775738.0,9863685000.0,8693685000.0,区域地产,房地产,房地产开发,住宅开发,9.94,8.14,
2015-08-03,20.56,20.88,18.83,19.39,20.88,-1.4899999999999984,-7.14,18440232.0,171201046.0,2.142,0.0206809999999999,0.074124,0.97,30.7198,30.4244,4.188,4.2937,4.2583,0.0,,1011660000.0,891660000.0,248775738.0,9155523000.0,8069523000.0,区域地产,房地产,房地产开发,住宅开发,10.73,8.78,
2015-08-04,19.34,20.99,19.13,20.91,19.39,1.5199999999999996,7.84,18355922.0,171945167.2,2.142,0.020586,0.073785,0.98,33.1299,32.8113,4.5166,4.6306,4.5924,0.0,,1011660000.0,891660000.0,248775738.0,9873801600.0,8702601600.0,区域地产,房地产,房地产开发,住宅开发,9.96,8.15,
2015-08-05,20.78,22.06,20.63,21.16,20.91,0.25,1.2,23511353.0,234790698.4,2.142,0.026368,0.094508,1.31,33.5372,33.2147,4.5721,4.6875,4.6489,0.0,,1011660000.0,891660000.0,248775738.0,9995200800.0,8809600800.0,区域地产,房地产,房地产开发,住宅开发,10.74,8.78,
2015-08-06,20.8,22.41,20.63,22.04,21.16,0.879999999999999,4.16,23785829.0,242529805.8,2.142,0.026676,0.0956119999999999,1.19,34.9289,34.5931,4.7618,4.882,4.8418,0.0,,1011660000.0,891660000.0,248775738.0,10409981400.0,9175181400.0,区域地产,房地产,房地产开发,住宅开发,10.87,8.89,
2015-08-07,22.26,23.5,21.74,23.13,22.04,1.09,4.95,29570428.000000004,310720926.3,2.142,0.033163,0.118864,1.38,36.6601,36.3076,4.9978,5.124,5.0818,0.0,,1011660000.0,891660000.0,248775738.0,10925928000.0,9629928000.0,区域地产,房地产,房地产开发,住宅开发,11.32,9.26,
2015-08-10,23.3,24.55,22.92,23.95,23.13,0.8200000000000003,3.55,30329008.0,337589215.6,2.142,0.034014,0.121913,1.33,37.95,37.5851,5.1737,5.3043,5.2606,0.0,,1011660000.0,891660000.0,248775738.0,11310358799.999998,9968758800.0,区域地产,房地产,房地产开发,住宅开发,11.88,9.72,
2015-08-11,23.9,24.25,23.03,23.33,23.95,-0.620000000000001,-2.59,28297132.0,310708863.4,2.142,0.031735,0.1137459999999999,1.13,36.9656,36.6102,5.0395,5.1667,5.1241,0.0,,1011660000.0,891660000.0,248775738.0,11016977400.0,9710177400.0,区域地产,房地产,房地产开发,住宅开发,12.3,10.06,
2015-08-12,22.58,25.66,22.38,25.66,23.33,2.330000000000002,9.99,35379167.0,405941242.9,2.142,0.039678,0.142213,1.31,40.6655,40.2745,5.5439,5.6838,5.637,0.0,,1011660000.0,891660000.0,248775738.0,12119686800.0,10682086800.0,区域地产,房地产,房地产开发,住宅开发,11.98,9.8,
2015-08-13,26.13,28.23,25.83,28.23,25.66,2.5700000000000003,10.02,69927986.0,903022972.2,2.142,0.078424,0.281088,2.37,44.7389,44.3087,6.0992,6.2532,6.2016,0.0,,1011660000.0,891660000.0,248775738.0,13333678799.999998,11752078799.999998,区域地产,房地产,房地产开发,住宅开发,13.18,10.78,
2015-08-14,29.15,31.06,28.81,31.06,28.23,2.8299999999999983,10.02,62798034.0,874389168.4,2.142,0.0704279999999999,0.252428,1.62,49.2196,48.7463,6.7101,6.8794,6.8228,0.0,,1011660000.0,891660000.0,248775738.0,14669070000.0,12929070000.0,区域地产,房地产,房地产开发,住宅开发,14.5,11.86,
2015-08-17,32.04,34.16,29.6,34.16,31.06,3.099999999999998,9.98,68497863.0,1015948973.4,2.142,0.076821,0.27534,1.51,54.1415,53.6209,7.3811,7.5674,7.505,0.0,,1011660000.0,891660000.0,248775738.0,16135977000.0,14221977000.0,区域地产,房地产,房地产开发,住宅开发,15.95,13.05,
2015-08-18,33.84,33.84,30.76,30.76,34.16,-3.399999999999995,-9.95,43749118.0,648417268.8,2.142,0.049065,0.175858,0.83,48.7443,48.2757,6.6453,6.813,6.7569,0.0,,1011660000.0,891660000.0,248775738.0,14527437600.0,12804237600.0,区域地产,房地产,房地产开发,住宅开发,17.55,14.36,
2015-08-19,27.93,32.9,27.67,30.84,30.76,0.0799999999999983,0.26,56950756.00000001,775541619.3000001,2.142,0.06387,0.228924,1.02,48.8801,48.4101,6.6638,6.832,6.7757,0.0,,1011660000.0,891660000.0,248775738.0,14567904000.0,12839904000.0,区域地产,房地产,房地产开发,住宅开发,15.8,12.92,
2015-08-20,29.35,30.84,27.76,27.76,30.84,-3.0799999999999983,-9.99,39179699.0,528394848.1,2.142,0.04394,0.15749,0.65,43.9921,43.5691,5.9974,6.1488,6.0981,0.0,,1011660000.0,891660000.0,248775738.0,13111113600.000002,11555913600.000002,区域地产,房地产,房地产开发,住宅开发,15.84,12.96,
2015-08-21,26.73,27.52,25.0,25.02,27.76,-2.740000000000002,-9.87,30706706.0,374380218.8,2.142,0.0344379999999999,0.123431,0.57,39.6472,39.266,5.4051,5.5415,5.4958,0.0,,1011660000.0,891660000.0,248775738.0,11816188799.999998,10414588800.0,区域地产,房地产,房地产开发,住宅开发,14.26,11.66,
2015-08-24,23.58,24.2,22.51,22.51,25.02,-2.509999999999998,-10.03,24837790.0,268203252.1,2.142,0.027856,0.09984,0.52,35.6757,35.3327,4.8636,4.9864,4.9453,0.0,,1011660000.0,891660000.0,248775738.0,10632546600.0,9371346600.0,区域地产,房地产,房地产开发,住宅开发,12.85,10.51,
2015-08-25,20.37,21.53,20.26,20.26,22.51,-2.25,-10.0,24924132.0,239739640.7,2.142,0.027953,0.100187,0.64,32.1115,31.8028,4.3777,4.4882,4.4513,0.0,,1011660000.0,891660000.0,248775738.0,9570303600.0,8435103600.0,区域地产,房地产,房地产开发,住宅开发,11.56,9.46,
2015-08-26,19.94,22.0,18.74,19.81,20.26,-0.4500000000000028,-2.22,45455353.0,434973413.7,2.142,0.050978,0.182716,1.29,31.3987,31.0968,4.2806,4.3886,4.3524,0.0,,1011660000.0,891660000.0,248775738.0,9357855000.0,8247855000.0,区域地产,房地产,房地产开发,住宅开发,10.41,8.51,
2015-08-27,20.46,21.1,18.06,20.46,19.81,0.6500000000000021,3.28,36619583.0,344131932.1,2.142,0.041069,0.147199,1.11,32.417,32.1053,4.4194,4.5309,4.4936,0.0,,1011660000.0,891660000.0,248775738.0,9661353000.0,8515353000.0,区域地产,房地产,房地产开发,住宅开发,10.18,8.33,
2015-08-28,20.54,22.51,20.54,22.51,20.46,2.0500000000000007,10.02,22692715.0,230382443.6,2.142,0.02545,0.091218,0.7,35.6757,35.3327,4.8636,4.9864,4.9453,0.0,,1011660000.0,891660000.0,248775738.0,10632546600.0,9371346600.0,区域地产,房地产,房地产开发,住宅开发,10.51,8.6,
2015-08-31,23.78,24.76,23.2,24.76,22.51,2.25,10.0,58212718.99999999,664437139.1,2.142,0.065286,0.2339969999999999,1.88,39.2399,26.0053,4.9806,5.4846,4.3205,0.0,,1011660000.0,891660000.0,248775738.0,11694789600.0,10307589600.0,区域地产,房地产,房地产开发,住宅开发,11.56,9.46,
2015-09-01,24.42,25.98,22.28,22.9,24.76,-1.860000000000003,-7.51,67484631.0,748752661.4,2.142,0.075684,0.271267,1.8,36.2867,24.0481,4.6058,5.0718,3.9954,0.0,,1011660000.0,891660000.0,248775738.0,10814645400.0,9531845400.0,区域地产,房地产,房地产开发,住宅开发,12.72,10.4,
2015-09-02,21.48,24.8,21.01,22.04,22.9,-0.8599999999999994,-3.76,45032458.0,484407323.8,2.142,0.050504,0.181016,0.98,34.9289,23.1483,4.4335,4.882,3.8459,0.0,,1011660000.0,891660000.0,248775738.0,10409981400.0,9175181400.0,区域地产,房地产,房地产开发,住宅开发,11.76,9.62,
2015-09-07,22.06,23.52,21.85,22.47,22.04,0.4299999999999997,1.95,35976438.0,382450824.6,2.142,0.0403479999999999,0.144614,0.78,35.6078,23.5982,4.5196,4.9769,3.9206,0.0,,1011660000.0,891660000.0,248775738.0,10612313400.0,9353513400.0,区域地产,房地产,房地产开发,住宅开发,11.32,9.26,
2015-09-08,21.83,23.56,20.22,23.11,22.47,0.6400000000000006,2.85,39677742.0,400582021.3,2.142,0.044499,0.159492,0.86,36.6261,24.2731,4.6489,5.1192,4.0328,0.0,,1011660000.0,891660000.0,248775738.0,10915811399.999998,9621011400.0,区域地产,房地产,房地产开发,住宅开发,11.54,9.44,
2015-09-09,23.11,25.43,22.71,25.43,23.11,2.3200000000000003,10.04,50403526.0,573421367.6999999,2.142,0.056528,0.202606,1.02,40.2922,26.7026,5.1142,5.6316,4.4364,0.0,,1011660000.0,891660000.0,248775738.0,12008404200.0,10584004200.0,区域地产,房地产,房地产开发,住宅开发,11.87,9.71,
2015-09-10,25.06,27.4,24.42,25.96,25.43,0.5300000000000011,2.08,55206523.0,674467670.2,2.142,0.061914,0.2219129999999999,1.16,41.1408,27.265,5.2219,5.7502,4.5298,0.0,,1011660000.0,891660000.0,248775738.0,12261319200.0,10806919200.0,区域地产,房地产,房地产开发,住宅开发,13.06,10.68,
2015-09-11,25.7,28.55,24.87,28.19,25.96,2.2300000000000004,8.59,47998312.0,588290616.5,2.142,0.05383,0.192938,1.06,44.671,29.6046,5.67,6.2437,4.9185,0.0,,1011660000.0,891660000.0,248775738.0,13313445600.0,11734245600.0,区域地产,房地产,房地产开发,住宅开发,13.33,10.91,
2015-09-14,28.45,29.77,25.36,25.36,28.19,-2.830000000000002,-10.04,58019371.0,753622916.6999999,2.142,0.065069,0.2332199999999999,1.27,40.1903,26.6351,5.1013,5.6174,4.4252,0.0,,1011660000.0,891660000.0,248775738.0,11978054400.0,10557254400.0,区域地产,房地产,房地产开发,住宅开发,14.48,11.84,
2015-09-15,23.37,25.06,22.83,22.83,25.36,-2.530000000000001,-9.98,34576832.0,379500256.3,2.142,0.038778,0.138988,0.69,36.1849,23.9806,4.5929,5.0576,3.9842,0.0,,1011660000.0,891660000.0,248775738.0,10784295600.0,9505095600.0,区域地产,房地产,房地产开发,住宅开发,13.02,10.66,
2015-09-16,23.13,25.13,22.9,25.13,22.83,2.3000000000000007,10.07,34463470.0,386403524.4,2.142,0.038651,0.138532,0.7,39.8169,26.3877,5.0539,5.5652,4.3841,0.0,,1011660000.0,891660000.0,248775738.0,11866771800.0,10459171800.0,区域地产,房地产,房地产开发,住宅开发,11.73,9.59,
2015-09-17,25.49,27.63,25.04,25.83,25.13,0.6999999999999993,2.79,53930493.00000001,663964619.0,2.142,0.060483,0.216784,1.17,40.9371,27.13,5.1961,5.7218,4.5074,0.0,,1011660000.0,891660000.0,248775738.0,12200619600.0,10753419600.0,区域地产,房地产,房地产开发,住宅开发,12.9,10.56,
2015-09-18,26.77,28.42,26.35,28.42,25.83,2.5900000000000034,10.03,70438984.0,912083886.9,2.142,0.078998,0.283142,1.54,45.0444,29.852,5.7174,6.2959,4.9596,0.0,,1011660000.0,891660000.0,248775738.0,13424728200.0,11832328200.0,区域地产,房地产,房地产开发,住宅开发,13.27,10.85,
2015-09-21,27.4,29.67,26.99,29.0,28.42,0.5799999999999983,2.04,67621654.0,891661090.5,2.142,0.075838,0.271818,1.34,45.9609,30.4594,5.8337,6.424,5.0606,0.0,,1011660000.0,891660000.0,248775738.0,13697876399.999998,12073076399.999998,区域地产,房地产,房地产开发,住宅开发,14.6,11.94,
2015-09-22,28.47,29.02,27.63,27.72,29.0,-1.2800000000000011,-4.41,50561887.0,663973751.2,2.142,0.056705,0.203243,0.97,43.9242,29.1097,5.5752,6.1393,4.8363,0.0,,1011660000.0,891660000.0,248775738.0,13090880400.0,11538080400.0,区域地产,房地产,房地产开发,住宅开发,14.89,12.19,
2015-09-23,27.2,30.12,26.8,29.67,27.72,1.9500000000000028,7.03,60774536.0,818970380.0,2.142,0.068159,0.244294,1.1,47.0132,31.1568,5.9673,6.571,5.1764,0.0,,1011660000.0,891660000.0,248775738.0,14011491000.0,12349491000.0,区域地产,房地产,房地产开发,住宅开发,14.23,11.65,
2015-09-24,30.52,30.84,28.4,28.85,29.67,-0.8200000000000003,-2.76,53297426.0,734019347.3000001,2.142,0.0597729999999999,0.2142389999999999,0.88,45.7233,30.302,5.8036,6.3907,5.0344,0.0,,1011660000.0,891660000.0,248775738.0,13627060200.0,12010660200.0,区域地产,房地产,房地产开发,住宅开发,15.24,12.47,
2015-09-25,28.23,29.6,26.05,26.67,28.85,-2.18,-7.56,40036339.0,524524850.0,2.142,0.0449009999999999,0.160933,0.66,42.2609,28.0074,5.3641,5.9068,4.6532,0.0,,1011660000.0,891660000.0,248775738.0,12595167000.0,11101167000.0,区域地产,房地产,房地产开发,住宅开发,14.82,12.12,
2015-09-28,27.1,27.95,25.7,27.93,26.67,1.259999999999998,4.72,27807433.0,350025025.29999995,2.142,0.031186,0.111777,0.51,44.2637,29.3346,5.6183,6.1867,4.8737,0.0,,1011660000.0,891660000.0,248775738.0,13192046399.999998,11627246399.999998,区域地产,房地产,房地产开发,住宅开发,13.7,11.21,
2015-09-29,26.99,27.37,25.98,26.15,27.93,-1.7800000000000011,-6.37,22606028.0,281428680.0,2.142,0.025353,0.090869,0.49,41.4463,27.4675,5.2607,5.7929,4.5635,0.0,,1011660000.0,891660000.0,248775738.0,12352368600.000002,10887168600.000002,区域地产,房地产,房地产开发,住宅开发,14.34,11.74,
2015-09-30,26.5,26.75,25.28,25.75,26.15,-0.3999999999999986,-1.53,17383487.0,210906801.3,2.142,0.019496,0.069876,0.42,40.8013,27.0401,5.1788,5.7028,4.4925,0.0,,1011660000.0,891660000.0,248775738.0,12160153200.0,10717753200.0,区域地产,房地产,房地产开发,住宅开发,13.43,10.99,
2015-10-08,27.01,27.52,26.24,27.16,25.75,1.41,5.48,21708842.0,272865377.0,2.142,0.0243469999999999,0.087263,0.67,43.0417,28.5248,5.4632,6.0159,4.7391,0.0,,1011660000.0,891660000.0,248775738.0,12827848799.999998,11306248799.999998,区域地产,房地产,房地产开发,住宅开发,13.22,10.82,
2015-10-09,26.95,27.5,26.45,26.92,27.16,-0.2399999999999984,-0.88,23621408.0,297652439.6,2.142,0.0264909999999999,0.094951,0.91,42.6683,28.2773,5.4158,5.9637,4.698,0.0,,1011660000.0,891660000.0,248775738.0,12716566200.000002,11208166200.000002,区域地产,房地产,房地产开发,住宅开发,13.95,11.41,
2015-10-12,27.2,28.55,26.99,28.08,26.92,1.1599999999999966,4.31,35027003.0,456583197.5,2.142,0.039283,0.140798,1.55,44.5013,29.4921,5.6485,6.2199,4.8998,0.0,,1011660000.0,891660000.0,248775738.0,13262862600.0,11689662600.0,区域地产,房地产,房地产开发,住宅开发,13.83,11.31,
2015-10-13,27.89,29.65,27.5,29.05,28.08,0.9700000000000024,3.45,38952827.0,518935802.9,2.142,0.0436859999999999,0.156578,1.62,46.0288,30.5044,5.8424,6.4334,5.068,0.0,,1011660000.0,891660000.0,248775738.0,13718109600.0,12090909600.0,区域地产,房地产,房地产开发,住宅开发,14.42,11.8,
2015-10-14,28.7,29.11,27.31,27.5,29.05,-1.5500000000000007,-5.34,30011795.0,394479413.5,2.142,0.033658,0.120638,1.1,43.5848,28.8847,5.5321,6.0918,4.7989,0.0,,1011660000.0,891660000.0,248775738.0,12989714400.0,11448914400.0,区域地产,房地产,房地产开发,住宅开发,14.92,12.2,
2015-10-15,27.2,28.49,26.95,28.21,27.5,0.7100000000000009,2.58,28875597.0,375238088.8,2.142,0.0323839999999999,0.116071,0.97,44.7049,29.6271,5.6743,6.2484,4.9223,0.0,,1011660000.0,891660000.0,248775738.0,13323562200.0,11743162200.0,区域地产,房地产,房地产开发,住宅开发,14.12,11.56,
2015-10-16,28.3,30.95,27.85,29.99,28.21,1.7799999999999976,6.31,58629323.0,805559649.0,2.142,0.065753,0.235671,1.87,47.5223,31.4942,6.0319,6.6422,5.2325,0.0,,1011660000.0,891660000.0,248775738.0,14163240000.0,12483240000.0,区域地产,房地产,房地产开发,住宅开发,14.49,11.85,
2015-10-19,29.77,31.59,29.24,30.2,29.99,0.2100000000000008,0.7,56548382.99999999,800546307.7,2.142,0.063419,0.2273069999999999,1.48,47.8618,31.7192,6.075,6.6896,5.2699,0.0,,1011660000.0,891660000.0,248775738.0,14264406000.0,12572406000.0,区域地产,房地产,房地产开发,住宅开发,15.4,12.6,
2015-10-20,30.2,30.2,28.96,29.77,30.2,-0.4299999999999997,-1.42,31733532.0,437813406.2000001,2.142,0.035589,0.127559,0.74,47.1829,31.2693,5.9888,6.5948,5.1951,0.0,,1011660000.0,891660000.0,248775738.0,14062074000.0,12394074000.0,区域地产,房地产,房地产开发,住宅开发,15.51,12.69,
2015-10-21,30.12,31.27,26.8,26.8,29.77,-2.969999999999999,-9.98,42006543.0,570152753.8,2.142,0.04711,0.168853,1.02,42.4646,28.1424,5.39,5.9353,4.6756,0.0,,1011660000.0,891660000.0,248775738.0,12655866600.0,11154666600.0,区域地产,房地产,房地产开发,住宅开发,15.29,12.51,
2015-10-22,26.13,27.8,26.03,27.63,26.8,0.8299999999999983,3.1,32290433.0,408174642.9,2.142,0.0362139999999999,0.129797,0.74,43.7884,29.0197,5.558,6.1203,4.8214,0.0,,1011660000.0,891660000.0,248775738.0,13050414000.0,11502414000.0,区域地产,房地产,房地产开发,住宅开发,13.76,11.26,
2015-10-23,27.61,30.16,27.35,29.67,27.63,2.0400000000000027,7.38,42860512.0,581758115.9,2.142,0.048068,0.172286,0.97,47.0132,31.1568,5.9673,6.571,5.1764,0.0,,1011660000.0,891660000.0,248775738.0,14011491000.0,12349491000.0,区域地产,房地产,房地产开发,住宅开发,14.19,11.61,
2015-10-26,30.16,30.76,28.3,28.87,29.67,-0.8000000000000007,-2.7,34816022.0,476612312.5,2.142,0.039046,0.139949,0.85,45.7572,30.3245,5.8079,6.3955,5.0381,0.0,,1011660000.0,891660000.0,248775738.0,13637176800.0,12019576800.0,区域地产,房地产,房地产开发,住宅开发,15.24,12.47,
2015-10-27,28.49,29.0,26.99,28.45,28.87,-0.4200000000000017,-1.45,20303650.0,264550810.2,2.142,0.022771,0.081614,0.55,45.0783,29.8745,5.7217,6.3006,4.9634,0.0,,1011660000.0,891660000.0,248775738.0,13434844800.0,11841244800.0,区域地产,房地产,房地产开发,住宅开发,14.83,12.13,
2015-10-28,28.34,29.2,27.87,28.04,28.45,-0.4100000000000001,-1.44,20204319.0,268924207.2,2.142,0.022659,0.081215,0.59,44.4334,29.4471,5.6399,6.2105,4.8924,0.0,,1011660000.0,891660000.0,248775738.0,13242629400.0,11671829400.0,区域地产,房地产,房地产开发,住宅开发,14.61,11.95,
2015-10-29,28.27,30.84,28.06,30.05,28.04,2.0100000000000016,7.17,56841187.0,799042167.0,2.142,0.063748,0.228484,1.89,47.6242,31.5617,6.0449,6.6564,5.2437,0.0,,1011660000.0,891660000.0,248775738.0,14193589800.0,12509989800.0,区域地产,房地产,房地产开发,住宅开发,14.4,11.78,
2015-10-30,29.52,29.99,28.49,28.94,30.05,-1.1099999999999994,-3.69,36317854.0,494224819.2000001,2.142,0.040731,0.145986,1.04,45.8591,30.392,5.8208,6.4097,5.0493,0.0,,1011660000.0,891660000.0,248775738.0,13667526600.0,12046326600.0,区域地产,房地产,房地产开发,住宅开发,15.43,12.63,
2015-11-02,27.85,28.4,26.99,27.29,28.94,-1.650000000000002,-5.7,22402583.0,289735746.8,2.142,0.025125,0.090051,0.66,43.2453,27.1326,5.6984,6.0444,4.4866,0.0,,1011660000.0,891660000.0,248775738.0,12888548400.0,11359748400.0,区域地产,房地产,房地产开发,住宅开发,14.86,12.16,
2015-11-03,27.35,27.76,26.56,26.92,27.29,-0.3699999999999974,-1.36,13272548.000000002,167485413.5,2.142,0.0148849999999999,0.0533509999999999,0.43,42.6683,26.7705,5.6224,5.9637,4.4267,0.0,,1011660000.0,891660000.0,248775738.0,12716566200.000002,11208166200.000002,区域地产,房地产,房地产开发,住宅开发,14.01,11.47,
2015-11-04,26.99,28.32,26.99,28.25,26.92,1.3299999999999983,4.94,18792195.0,243996186.9,2.142,0.021076,0.075539,0.63,44.7728,28.091,5.8997,6.2579,4.6451,0.0,,1011660000.0,891660000.0,248775738.0,13343795400.0,11760995400.0,区域地产,房地产,房地产开发,住宅开发,13.83,11.31,
2015-11-05,28.27,28.96,27.85,28.66,28.25,0.4100000000000001,1.45,27738454.0,368291629.7,2.142,0.031109,0.1115,0.94,45.4178,28.4956,5.9847,6.348,4.712,0.0,,1011660000.0,891660000.0,248775738.0,13536010800.0,11930410800.0,区域地产,房地产,房地产开发,住宅开发,14.51,11.87,
2015-11-06,28.38,29.73,28.23,28.98,28.66,0.3200000000000003,1.12,27091733.0,368916576.3,2.142,0.030383,0.1089,1.14,45.9269,28.8151,6.0518,6.4192,4.7648,0.0,,1011660000.0,891660000.0,248775738.0,13687759800.0,12064159800.0,区域地产,房地产,房地产开发,住宅开发,14.72,12.04,
2015-11-09,28.62,30.12,28.17,29.32,28.98,0.3399999999999998,1.17,31053716.0,422909367.4,2.142,0.034827,0.1248259999999999,1.42,46.4701,29.1558,6.1234,6.4951,4.8212,0.0,,1011660000.0,891660000.0,248775738.0,13849625400.0,12206825400.0,区域地产,房地产,房地产开发,住宅开发,14.88,12.18,
2015-11-10,29.33,30.48,28.14,29.55,29.33,0.2200000000000024,0.75,33086313.0,448667842.6,2.163,0.037106,0.132997,1.4,46.3682,29.0919,6.4872,6.4809,4.8106,0.0,0.009517,1011660000.0,891660000.0,248775738.0,13819275600.0,12180075600.0,区域地产,房地产,房地产开发,住宅开发,14.92,12.2,
2015-11-11,29.74,31.15,29.27,30.33,29.55,0.7799999999999976,2.64,39583884.0,555353484.1999999,2.163,0.044393,0.159115,1.44,47.5902,29.8586,6.6581,6.6517,4.9374,0.0,0.009272,1011660000.0,891660000.0,248775738.0,14183473200.0,12501073200.0,区域地产,房地产,房地产开发,住宅开发,15.03,12.29,
2015-11-12,30.3,30.33,28.94,29.35,30.33,-0.9799999999999968,-3.23,27576649.0,376939783.7000001,2.163,0.0309269999999999,0.1108489999999999,0.87,46.0627,28.9003,6.4444,6.4382,4.7789,0.0,0.00958,1011660000.0,891660000.0,248775738.0,13728226200.000002,12099826200.000002,区域地产,房地产,房地产开发,住宅开发,15.42,12.62,
2015-11-13,29.42,29.78,28.79,29.05,29.35,-0.3000000000000007,-1.02,19626078.0,266665196.0,2.163,0.022011,0.078891,0.62,45.5875,28.6021,6.3779,6.3718,4.7296,0.0,0.00968,1011660000.0,891660000.0,248775738.0,13586593799.999998,11974993799.999998,区域地产,房地产,房地产开发,住宅开发,14.93,12.21,
2015-11-16,28.08,29.09,27.79,29.03,29.05,-0.0199999999999995,-0.07,14482868.0,191105836.9,2.163,0.016243,0.058217,0.48,45.5536,28.5808,6.3732,6.367,4.7261,0.0,0.009687,1011660000.0,891660000.0,248775738.0,13576477200.0,11966077200.0,区域地产,房地产,房地产开发,住宅开发,14.77,12.09,
2015-11-17,29.2,30.15,28.94,29.01,29.03,-0.0199999999999995,-0.07,20723322.0,282968355.1,2.163,0.023241,0.083301,0.77,45.5196,28.5595,6.3684,6.3623,4.7226,0.0,0.009694,1011660000.0,891660000.0,248775738.0,13566360600.0,11957160600.0,区域地产,房地产,房地产开发,住宅开发,14.76,12.08,
2015-11-18,29.05,30.82,28.34,29.2,29.01,0.1899999999999977,0.65,34091006.0,468501172.4,2.163,0.038233,0.137035,1.4,45.8251,28.7512,6.4112,6.405,4.7542,0.0,0.00963,1011660000.0,891660000.0,248775738.0,13657410000.0,12037410000.0,区域地产,房地产,房地产开发,住宅开发,14.75,12.07,
2015-11-19,29.18,29.42,28.62,29.4,29.2,0.1999999999999993,0.68,19004424.0,254377052.1,2.163,0.021314,0.076392,0.82,46.1306,28.9429,6.4539,6.4477,4.7859,0.0,0.009566,1011660000.0,891660000.0,248775738.0,13748459400.0,12117659400.0,区域地产,房地产,房地产开发,住宅开发,14.85,12.15,
2015-11-20,29.61,30.24,29.2,29.63,29.4,0.2300000000000004,0.78,20874642.0,286316024.8,2.163,0.023411,0.083909,0.97,46.504,29.1771,6.5062,6.4999,4.8247,0.0,0.009489,1011660000.0,891660000.0,248775738.0,13859742000.0,12215742000.0,区域地产,房地产,房地产开发,住宅开发,14.95,12.23,
2015-11-23,29.94,32.45,29.76,30.91,29.63,1.2800000000000011,4.32,43593183.0,627519963.2,2.163,0.04889,0.175231,2.0,48.5067,30.4337,6.7864,6.7798,5.0325,0.0,0.009097,1011660000.0,891660000.0,248775738.0,14456621399.999998,12741821399.999998,区域地产,房地产,房地产开发,住宅开发,15.07,12.33,
2015-11-24,30.63,31.32,29.65,30.76,30.91,-0.1499999999999985,-0.49,22431660.0,315475233.40000004,2.163,0.025157,0.090168,0.81,48.2691,30.2846,6.7531,6.7466,5.0078,0.0,0.009142,1011660000.0,891660000.0,248775738.0,14385805200.0,12679405200.0,区域地产,房地产,房地产开发,住宅开发,15.72,12.86,
2015-11-25,30.52,32.01,30.17,31.13,30.76,0.3699999999999974,1.2,23838282.0,343264441.3,2.163,0.026735,0.095822,0.85,48.8462,30.6466,6.8338,6.8272,5.0677,0.0,0.009034,1011660000.0,891660000.0,248775738.0,14557787400.0,12830987400.0,区域地产,房地产,房地产开发,住宅开发,15.64,12.8,
2015-11-26,31.15,32.45,30.39,31.95,31.13,0.8200000000000003,2.63,34229974.0,498626110.9,2.163,0.038389,0.137594,1.32,50.1361,31.4559,7.0143,7.0075,5.2015,0.0,0.0088019999999999,1011660000.0,891660000.0,248775738.0,14942218200.0,13169818200.0,区域地产,房地产,房地产开发,住宅开发,15.83,12.95,
2015-11-27,31.6,34.09,30.09,30.35,31.95,-1.599999999999998,-5.01,46975359.0,702117352.1,2.163,0.052683,0.188826,1.62,47.6242,29.8799,6.6629,6.6564,4.9409,0.0,0.009266,1011660000.0,891660000.0,248775738.0,14193589800.0,12509989800.0,区域地产,房地产,房地产开发,住宅开发,16.25,13.29,
2015-11-30,30.67,31.1,27.56,29.72,30.35,-0.6300000000000026,-2.08,25090798.0,346077469.0,2.163,0.0281389999999999,0.1008569999999999,0.73,46.6398,29.2623,6.5252,6.5188,4.8388,0.0,0.009461,1011660000.0,891660000.0,248775738.0,13900208400.0,12251408400.0,区域地产,房地产,房地产开发,住宅开发,15.43,12.63,
2015-12-01,29.42,32.42,29.42,31.95,29.72,2.2300000000000004,7.5,30859903.000000004,442591444.7,2.163,0.034609,0.124047,1.01,50.1361,31.4559,7.0143,7.0075,5.2015,0.0,0.0088019999999999,1011660000.0,891660000.0,248775738.0,14942218200.0,13169818200.0,区域地产,房地产,房地产开发,住宅开发,15.11,12.37,
2015-12-02,31.15,32.7,30.3,30.87,31.95,-1.0799999999999983,-3.38,26459846.000000004,382536626.1,2.163,0.0296749999999999,0.10636,0.82,48.4388,30.3911,6.7769,6.7703,5.0254,0.0,0.00911,1011660000.0,891660000.0,248775738.0,14436388200.0,12723988200.0,区域地产,房地产,房地产开发,住宅开发,16.25,13.29,
2015-12-03,30.61,31.64,29.98,31.06,30.87,0.1899999999999977,0.62,25208629.0,360021001.1,2.163,0.028272,0.101331,0.77,48.7443,30.5827,6.8196,6.813,5.0571,0.0,0.009053,1011660000.0,891660000.0,248775738.0,14527437600.0,12804237600.0,区域地产,房地产,房地产开发,住宅开发,15.7,12.84,
2015-12-04,30.8,32.68,30.35,32.1,31.06,1.0400000000000027,3.35,40219294.0,590439290.9,2.163,0.045106,0.1616689999999999,1.3,50.3737,31.605,7.0476,7.0407,5.2262,0.0,0.00876,1011660000.0,891660000.0,248775738.0,15013034400.0,13232234400.0,区域地产,房地产,房地产开发,住宅开发,15.8,12.92,
2015-12-07,32.47,33.81,31.43,32.99,32.1,0.8900000000000006,2.77,35577032.0,538890448.9,2.163,0.0399,0.143008,1.2,51.7654,32.4782,7.2423,7.2353,5.3705,0.0,0.008525,1011660000.0,891660000.0,248775738.0,15427815000.0,13597815000.0,区域地产,房地产,房地产开发,住宅开发,16.32,13.36,
2015-12-08,32.45,32.49,30.71,30.89,32.99,-2.1000000000000014,-6.37,25915879.0,377065876.1,2.163,0.0290649999999999,0.104174,0.82,48.4728,30.4124,6.7816,6.775,5.0289,0.0,0.009104,1011660000.0,891660000.0,248775738.0,14446504800.0,12732904800.0,区域地产,房地产,房地产开发,住宅开发,16.78,13.73,
2015-12-09,30.67,31.32,30.39,30.84,30.89,-0.0500000000000007,-0.16,16174172.0,230745556.5,2.163,0.018139,0.065015,0.53,48.4049,30.3698,6.7721,6.7656,5.0219,0.0,0.0091159999999999,1011660000.0,891660000.0,248775738.0,14426271600.0,12715071600.0,区域地产,房地产,房地产开发,住宅开发,15.71,12.85,
2015-12-10,30.74,30.93,29.33,29.5,30.84,-1.34,-4.35,19228207.0,267713240.9,2.163,0.0215649999999999,0.077291,0.67,46.3003,29.0493,6.4777,6.4714,4.8036,0.0,0.009531,1011660000.0,891660000.0,248775738.0,13799042400.0,12162242400.0,区域地产,房地产,房地产开发,住宅开发,15.69,12.83,
2015-12-11,29.27,29.96,28.98,29.22,29.5,-0.2800000000000011,-0.95,10483666.0,142616661.4,2.163,0.011757,0.042141,0.38,45.8591,28.7725,6.4159,6.4097,4.7578,0.0,0.009623,1011660000.0,891660000.0,248775738.0,13667526600.0,12046326600.0,区域地产,房地产,房地产开发,住宅开发,15.0,12.28,
2015-12-14,28.77,29.57,27.86,29.35,29.22,0.1300000000000025,0.44,15752070.000000002,209005852.0,2.163,0.017666,0.063318,0.73,46.0627,28.9003,6.4444,6.4382,4.7789,0.0,0.00958,1011660000.0,891660000.0,248775738.0,13728226200.000002,12099826200.000002,区域地产,房地产,房地产开发,住宅开发,14.86,12.16,
2015-12-15,29.42,30.07,28.81,29.33,29.35,-0.0200000000000031,-0.07,15636973.000000002,212294076.7,2.163,0.017537,0.062856,0.89,46.0288,28.879,6.4397,6.4334,4.7754,0.0,0.009587,1011660000.0,891660000.0,248775738.0,13718109600.0,12090909600.0,区域地产,房地产,房地产开发,住宅开发,14.93,12.21,
2015-12-16,29.33,29.44,28.7,28.79,29.33,-0.5399999999999991,-1.84,13147010.999999998,176238867.39999998,2.163,0.014744,0.052847,0.85,45.1802,28.3465,6.3209,6.3148,4.6873,0.0,0.009767,1011660000.0,891660000.0,248775738.0,13465194600.0,11867994600.0,区域地产,房地产,房地产开发,住宅开发,14.92,12.2,
2015-12-17,28.83,29.98,28.83,29.7,28.79,0.91,3.16,16918436.0,231264273.9,2.163,0.018974,0.068007,1.14,46.6058,29.241,6.5204,6.5141,4.8352,0.0,0.0094679999999999,1011660000.0,891660000.0,248775738.0,13890091800.0,12242491800.0,区域地产,房地产,房地产开发,住宅开发,14.64,11.98,
2015-12-18,29.63,30.61,29.14,29.83,29.7,0.129999999999999,0.44,20641172.0,285192474.8,2.163,0.023149,0.082971,1.43,46.8095,29.3688,6.5489,6.5426,4.8564,0.0,0.009427,1011660000.0,891660000.0,248775738.0,13950791399.999998,12295991399.999998,区域地产,房地产,房地产开发,住宅开发,15.1,12.36,
2015-12-21,29.37,30.15,29.2,30.11,29.83,0.2800000000000011,0.94,18096667.0,248348437.7,2.163,0.020295,0.072743,1.1,47.2508,29.6457,6.6106,6.6042,4.9022,0.0,0.009339,1011660000.0,891660000.0,248775738.0,14082307200.0,12411907200.0,区域地产,房地产,房地产开发,住宅开发,15.17,12.41,
2015-12-22,30.17,30.91,29.63,30.67,30.11,0.5600000000000023,1.86,25154792.0,353782890.9,2.163,0.028211,0.101114,1.49,48.1333,30.1994,6.7341,6.7276,4.9937,0.0,0.0091679999999999,1011660000.0,891660000.0,248775738.0,14345338799.999998,12643738799.999998,区域地产,房地产,房地产开发,住宅开发,15.31,12.53,
2015-12-23,30.56,31.49,29.89,30.48,30.67,-0.1900000000000012,-0.62,32956903.000000004,468555231.8,2.163,0.036961,0.132476,1.75,47.8278,30.0077,6.6914,6.6849,4.962,0.0,0.009226,1011660000.0,891660000.0,248775738.0,14254289400.0,12563489400.0,区域地产,房地产,房地产开发,住宅开发,15.6,12.76,
2015-12-24,30.35,30.35,28.66,29.16,30.48,-1.3200000000000005,-4.33,18472190.0,251124655.3,2.163,0.020717,0.074252,0.81,45.7572,28.7086,6.4017,6.3955,4.7472,0.0,0.009644,1011660000.0,891660000.0,248775738.0,13637176800.0,12019576800.0,区域地产,房地产,房地产开发,住宅开发,15.5,12.68,
2015-12-25,29.05,29.48,28.79,29.11,29.16,-0.0500000000000007,-0.17,10982078.0,147908416.3,2.163,0.012316,0.0441439999999999,0.48,45.6893,28.666,6.3922,6.386,4.7402,0.0,0.009658,1011660000.0,891660000.0,248775738.0,13616943600.000002,12001743600.000002,区域地产,房地产,房地产开发,住宅开发,14.83,12.13,
2015-12-28,29.18,29.27,27.88,27.95,29.11,-1.16,-3.98,15999071.0,210656138.0,2.163,0.017943,0.064311,0.76,43.8563,27.5159,6.1357,6.1298,4.55,0.0,0.010062,1011660000.0,891660000.0,248775738.0,13070647200.0,11520247200.0,区域地产,房地产,房地产开发,住宅开发,14.81,12.11,
2015-12-29,27.73,28.12,27.47,27.95,27.95,0.0,0.0,8525068.0,109243465.8,2.163,0.009561,0.034268,0.41,43.8563,27.5159,6.1357,6.1298,4.55,0.0,0.010062,1011660000.0,891660000.0,248775738.0,13070647200.0,11520247200.0,区域地产,房地产,房地产开发,住宅开发,14.21,11.63,
2015-12-30,28.03,28.16,27.43,27.75,27.95,-0.1999999999999993,-0.72,8759603.0,112184806.3,2.163,0.009824,0.035211,0.5,43.5508,27.3243,6.093,6.0871,4.5183,0.0,0.010133,1011660000.0,891660000.0,248775738.0,12979597800.0,11439997800.0,区域地产,房地产,房地产开发,住宅开发,14.21,11.63,
2015-12-31,27.75,28.34,27.38,27.95,27.75,0.1999999999999993,0.72,8326114.0,107131829.9,2.163,0.0093379999999999,0.033468,0.66,43.8563,27.5159,6.1357,6.1298,4.55,0.0,0.010062,1011660000.0,891660000.0,248775738.0,13070647200.0,11520247200.0,区域地产,房地产,房地产开发,住宅开发,14.11,11.55,
2016-01-04,27.86,28.08,25.16,25.16,27.95,-2.789999999999999,-9.98,10683522.0,129758833.0,2.163,0.011982,0.042944,1.02,39.4775,24.7686,5.5231,5.5178,4.0957,0.0111779999999999,0.0111779999999999,1011660000.0,891660000.0,248775738.0,11765605800.0,10370005800.0,区域地产,房地产,房地产开发,住宅开发,14.21,11.63,0.0
2016-01-05,23.75,25.0,22.71,23.62,25.16,-1.5399999999999991,-6.12,14143072.0,155271768.9,2.163,0.015862,0.056851,1.35,37.0674,23.2565,5.1859,5.1809,3.8457,0.0119049999999999,0.0119049999999999,1011660000.0,891660000.0,248775738.0,11047327200.0,9736927200.0,区域地产,房地产,房地产开发,住宅开发,12.79,10.47,0.0
2016-01-06,24.01,24.23,23.45,24.23,23.62,0.6099999999999994,2.58,10216519.0,113020564.9,2.163,0.011458,0.041067,1.01,38.0179,23.8528,5.3189,5.3138,3.9443,0.011607,0.011607,1011660000.0,891660000.0,248775738.0,11330592000.0,9986592000.0,区域地产,房地产,房地产开发,住宅开发,12.01,9.83,0.0
2016-01-07,23.6,23.71,21.8,21.8,24.23,-2.43,-10.03,2845500.0,29749613.6,2.163,0.003191,0.0114379999999999,0.27,34.2161,21.4675,4.787,4.7824,3.5498,0.012897,0.012897,1011660000.0,891660000.0,248775738.0,10197532800.0,8987932800.0,区域地产,房地产,房地产开发,住宅开发,12.32,10.08,0.0
2016-01-08,22.08,22.6,20.05,21.87,21.8,0.0700000000000002,0.32,10862768.0,109491968.8,2.163,0.012183,0.043665,1.18,34.3179,21.5314,4.8013,4.7966,3.5604,0.012859,0.012859,1011660000.0,891660000.0,248775738.0,10227882600.0,9014682600.0,区域地产,房地产,房地产开发,住宅开发,11.09,9.07,0.0
2016-01-11,21.2,21.46,19.68,19.68,21.87,-2.1900000000000013,-10.01,10363985.0,98505223.8,2.163,0.011623,0.04166,1.06,30.8895,19.3804,4.3216,4.3174,3.2047,0.014286,0.014286,1011660000.0,891660000.0,248775738.0,9206106000.0,8114106000.0,区域地产,房地产,房地产开发,住宅开发,11.12,9.1,0.0
2016-01-12,19.21,19.9,18.84,19.66,19.68,-0.0199999999999995,-0.1,9244625.0,83247296.6,2.163,0.0103679999999999,0.03716,0.95,30.8556,19.3591,4.3169,4.3127,3.2012,0.014301,0.014301,1011660000.0,891660000.0,248775738.0,9195989400.0,8105189399.999999,区域地产,房地产,房地产开发,住宅开发,10.01,8.19,0.0
2016-01-13,19.73,19.88,18.6,18.8,19.66,-0.8599999999999994,-4.37,6834938.0,61485686.8,2.163,0.007665,0.027474,0.79,29.4978,18.5072,4.1269,4.1229,3.0603,0.01496,0.01496,1011660000.0,891660000.0,248775738.0,8791325400.0,7748525400.0,区域地产,房地产,房地产开发,住宅开发,10.0,8.18,0.0
2016-01-14,18.17,19.55,18.0,19.47,18.8,0.6699999999999982,3.56,7865667.0,68472212.3,2.163,0.008821,0.031618,0.98,30.5501,19.1675,4.2741,4.27,3.1695,0.0144439999999999,0.0144439999999999,1011660000.0,891660000.0,248775738.0,9104940000.0,8024940000.0,区域地产,房地产,房地产开发,住宅开发,9.56,7.82,0.0
2016-01-15,19.36,20.01,18.62,18.77,19.47,-0.6999999999999993,-3.6,9163572.0,82449704.10000001,2.163,0.010277,0.036835,1.01,29.4638,18.4859,4.1222,4.1182,3.0568,0.014977,0.014977,1011660000.0,891660000.0,248775738.0,8781208800.0,7739608800.0,区域地产,房地产,房地产开发,住宅开发,9.9,8.1,0.0
2016-01-18,18.19,19.79,18.02,19.45,18.77,0.6799999999999997,3.62,8791333.0,77954710.9,2.163,0.00986,0.035338,1.01,30.5161,19.1462,4.2694,4.2652,3.166,0.014461,0.014461,1011660000.0,891660000.0,248775738.0,9094823400.0,8016023400.0,区域地产,房地产,房地产开发,住宅开发,9.55,7.81,0.0
2016-01-19,19.27,20.33,19.25,20.2,19.45,0.75,3.86,10218846.0,94064410.1,2.163,0.01146,0.041077,1.22,31.7042,19.8916,4.4356,4.4313,3.2892,0.0139189999999999,0.0139189999999999,1011660000.0,891660000.0,248775738.0,9448904400.0,8328104399.999999,区域地产,房地产,房地产开发,住宅开发,9.89,8.09,0.0
2016-01-20,20.2,20.87,19.96,20.25,20.2,0.0500000000000007,0.25,10085682.0,94990907.3,2.163,0.011311,0.040541,1.18,31.7721,19.9342,4.4451,4.4408,3.2963,0.013889,0.013889,1011660000.0,891660000.0,248775738.0,9469137600.0,8345937600.0,区域地产,房地产,房地产开发,住宅开发,10.27,8.41,0.0
2016-01-21,19.81,20.46,19.03,19.1,20.25,-1.1499999999999986,-5.68,8291857.000000001,76290452.30000001,2.163,0.009299,0.033331,0.9,29.973,18.8054,4.1934,4.1893,3.1096,0.014723,0.014723,1011660000.0,891660000.0,248775738.0,8932957800.0,7873357800.0,区域地产,房地产,房地产开发,住宅开发,10.3,8.42,0.0
2016-01-22,19.36,19.58,18.75,19.1,19.1,0.0,0.0,7567997.0,67022951.6,2.163,0.008488,0.030421,0.81,29.973,18.8054,4.1934,4.1893,3.1096,0.014723,0.014723,1011660000.0,891660000.0,248775738.0,8932957800.0,7873357800.0,区域地产,房地产,房地产开发,住宅开发,9.71,7.95,0.0
2016-01-25,19.29,19.55,19.03,19.34,19.1,0.2399999999999984,1.26,4660499.0,41680934.4,2.163,0.005227,0.018734,0.52,30.3464,19.0397,4.2456,4.2415,3.1484,0.014541,0.014541,1011660000.0,891660000.0,248775738.0,9044240400.0,7971440400.0,区域地产,房地产,房地产开发,住宅开发,9.71,7.95,0.0
2016-01-26,19.03,19.21,17.41,17.41,19.34,-1.93,-9.98,8310750.0,70242841.6,2.163,0.009321,0.033407,1.02,27.3253,17.1442,3.823,3.8193,2.8349,0.016149,0.016149,1011660000.0,891660000.0,248775738.0,8143863000.0,7177863000.0,区域地产,房地产,房地产开发,住宅开发,9.83,8.05,0.0
2016-01-27,17.48,17.61,15.77,16.74,17.41,-0.6700000000000017,-3.85,10309298.0,78449245.3,2.163,0.011562,0.04144,1.32,26.2731,16.484,3.6757,3.6722,2.7258,0.016796,0.016796,1011660000.0,891660000.0,248775738.0,7830248400.0,6901448400.0,区域地产,房地产,房地产开发,住宅开发,8.86,7.25,0.0
2016-01-28,16.37,18.41,16.24,18.41,16.74,1.6700000000000017,9.98,32003885.0,267997437.0,2.163,0.035892,0.1286459999999999,4.09,28.8868,18.1239,4.0414,4.0375,2.9969,0.015276,0.015276,1011660000.0,891660000.0,248775738.0,8609226600.0,7588026600.0,区域地产,房地产,房地产开发,住宅开发,8.51,6.97,0.0
2016-01-29,18.84,20.25,18.43,20.25,18.41,1.84,9.99,29534840.000000004,268687782.1,2.163,0.033123,0.118721,2.35,31.7721,19.9342,4.4451,4.4408,3.2963,0.013889,0.013889,1011660000.0,891660000.0,248775738.0,9469137600.0,8345937600.0,区域地产,房地产,房地产开发,住宅开发,9.36,7.66,0.0
2016-02-01,21.37,21.89,19.92,20.2,20.25,-0.0500000000000007,-0.25,38412042.0,368891129.4,2.163,0.043079,0.154404,2.26,31.7042,19.8916,4.4356,4.4313,3.2892,0.0139189999999999,0.0139189999999999,1011660000.0,891660000.0,248775738.0,9448904400.0,8328104399.999999,区域地产,房地产,房地产开发,住宅开发,10.3,8.42,0.0
2016-02-02,20.01,22.04,19.27,21.39,20.2,1.1900000000000013,5.89,35093215.0,332357869.7,2.163,0.039357,0.141064,1.48,33.5711,21.0629,4.6968,4.6922,3.4829,0.013145,0.013145,1011660000.0,891660000.0,248775738.0,10005317400.0,8818517400.0,区域地产,房地产,房地产开发,住宅开发,10.27,8.41,0.0
2016-02-03,20.74,23.34,20.44,22.28,21.39,0.8900000000000006,4.16,34539508.0,353485049.2,2.163,0.038736,0.138838,1.19,34.9629,21.9361,4.8915,4.8868,3.6273,0.012621,0.012621,1011660000.0,891660000.0,248775738.0,10420098000.0,9184098000.0,区域地产,房地产,房地产开发,住宅开发,10.88,8.9,0.0
2016-02-04,22.17,23.75,21.69,22.5,22.28,0.2199999999999988,0.99,32998045.0,344430286.29999995,2.163,0.037007,0.132642,0.97,35.3023,22.1491,4.939,4.9342,3.6625,0.0125,0.0125,1011660000.0,891660000.0,248775738.0,10521264000.0,9273264000.0,区域地产,房地产,房地产开发,住宅开发,11.33,9.27,0.0
2016-02-05,22.06,22.56,20.68,21.15,22.5,-1.3500000000000014,-6.0,21150638.0,211937236.5,2.163,0.023721,0.085019,0.62,33.1977,20.8286,4.6445,4.6401,3.4442,0.013292,0.013292,1011660000.0,891660000.0,248775738.0,9894034800.0,8720434800.0,区域地产,房地产,房地产开发,住宅开发,11.44,9.36,0.0
2016-02-15,20.44,22.02,20.16,21.48,21.15,0.3300000000000018,1.56,19440083.0,192074002.4,2.163,0.021802,0.078143,0.6,33.7069,21.1481,4.7158,4.7112,3.497,0.013092,0.013092,1011660000.0,891660000.0,248775738.0,10045783800.0,8854183800.0,区域地产,房地产,房地产开发,住宅开发,10.76,8.8,0.0
2016-02-16,21.61,23.62,21.41,23.62,21.48,2.140000000000001,9.96,21832464.0,229528507.2,2.163,0.024485,0.08776,0.76,37.0674,23.2565,5.1859,5.1809,3.8457,0.0119049999999999,0.0119049999999999,1011660000.0,891660000.0,248775738.0,11047327200.0,9736927200.0,区域地产,房地产,房地产开发,住宅开发,10.92,8.94,0.0
2016-02-17,24.36,25.2,23.1,24.31,23.62,0.6899999999999977,2.92,37193396.0,417920205.4,2.163,0.0417129999999999,0.149506,1.43,38.1536,23.938,5.3379,5.3327,3.9584,0.011566,0.011566,1011660000.0,891660000.0,248775738.0,11371058400.0,10022258400.0,区域地产,房地产,房地产开发,住宅开发,12.01,9.83,0.0
2016-02-18,23.79,25.91,23.51,24.36,24.31,0.0500000000000007,0.21,32634568.0,370552216.0,2.163,0.0366,0.131181,1.23,38.2215,23.9806,5.3474,5.3422,3.9654,0.011545,0.011545,1011660000.0,891660000.0,248775738.0,11391291600.0,10040091600.0,区域地产,房地产,房地产开发,住宅开发,12.36,10.12,0.0
2016-02-19,23.81,24.96,23.53,23.75,24.36,-0.6099999999999994,-2.5,24688832.0,275431908.5,2.163,0.027689,0.099241,0.93,37.2711,23.3843,5.2144,5.2094,3.8668,0.01184,0.01184,1011660000.0,891660000.0,248775738.0,11108026800.0,9790426800.0,区域地产,房地产,房地产开发,住宅开发,12.39,10.13,0.0
2016-02-22,24.44,24.57,23.64,23.84,23.75,0.0899999999999998,0.38,20436809.0,226928423.2,2.163,0.02292,0.08215,0.75,37.4069,23.4695,5.2334,5.2284,3.8809,0.011797,0.011797,1011660000.0,891660000.0,248775738.0,11148493200.0,9826093200.0,区域地产,房地产,房地产开发,住宅开发,12.08,9.88,0.0
2016-02-23,23.86,24.16,22.99,23.62,23.84,-0.2199999999999988,-0.92,20150366.0,218896416.6,2.163,0.022599,0.080998,0.74,37.0674,23.2565,5.1859,5.1809,3.8457,0.0119049999999999,0.0119049999999999,1011660000.0,891660000.0,248775738.0,11047327200.0,9736927200.0,区域地产,房地产,房地产开发,住宅开发,12.12,9.92,0.0
2016-02-24,23.36,23.86,23.1,23.79,23.62,0.1699999999999981,0.72,15304090.0,166283468.3,2.163,0.017164,0.0615179999999999,0.57,37.339,23.4269,5.2239,5.2189,3.8738,0.011818,0.011818,1011660000.0,891660000.0,248775738.0,11128260000.0,9808260000.0,区域地产,房地产,房地产开发,住宅开发,12.01,9.83,0.0
2016-02-25,23.66,23.66,21.41,21.41,23.79,-2.379999999999999,-10.0,20821971.0,213554242.5,2.163,0.0233519999999999,0.083698,0.92,33.6051,21.0842,4.7015,4.697,3.4864,0.0131309999999999,0.0131309999999999,1011660000.0,891660000.0,248775738.0,10015434000.0,8827434000.0,区域地产,房地产,房地产开发,住宅开发,12.1,9.9,0.0
2016-02-26,21.31,21.69,19.36,20.55,21.41,-0.8599999999999994,-4.02,15097407.999999998,144928020.2,2.163,0.016932,0.060687,0.74,32.2473,20.2323,4.5116,4.5072,3.3456,0.013684,0.013684,1011660000.0,891660000.0,248775738.0,9610770000.0,8470770000.0,区域地产,房地产,房地产开发,住宅开发,10.89,8.91,0.0
2016-02-29,20.87,21.2,18.73,19.23,20.55,-1.3200000000000005,-6.42,18006201.0,163385975.79999998,2.163,0.020194,0.072379,0.98,30.1767,18.9332,4.2219,4.2178,3.1308,0.0146229999999999,0.0146229999999999,1011660000.0,891660000.0,248775738.0,8993657400.0,7926857400.0,区域地产,房地产,房地产开发,住宅开发,10.45,8.55,0.0
2016-03-01,19.42,21.15,19.25,21.15,19.23,1.9199999999999984,9.98,12234234.0,117012999.5,2.163,0.013721,0.049178,0.68,33.1977,20.8286,4.6445,4.6401,3.4442,0.013292,0.013292,1011660000.0,891660000.0,248775738.0,9894034800.0,8720434800.0,区域地产,房地产,房地产开发,住宅开发,9.78,8.0,0.0
2016-03-02,23.27,23.27,23.27,23.27,21.15,2.120000000000001,10.02,6887655.0,74111167.8,2.163,0.0077249999999999,0.027686,0.42,36.5243,22.9158,5.1099,5.105,3.7893,0.0120819999999999,0.0120819999999999,1011660000.0,891660000.0,248775738.0,10885461600.0,9594261600.0,区域地产,房地产,房地产开发,住宅开发,10.76,8.8,0.0
2016-03-03,25.61,25.61,25.61,25.61,23.27,2.34,10.06,4845529.0,57371063.4,2.163,0.005434,0.019477,0.33,40.1903,25.2159,5.6228,5.6174,4.1697,0.01098,0.01098,1011660000.0,891660000.0,248775738.0,11978054400.0,10557254400.0,区域地产,房地产,房地产开发,住宅开发,11.84,9.68,0.0
2016-03-04,28.16,28.16,27.32,28.16,25.61,2.5500000000000007,9.96,113854807.0,1475606770.9,2.163,0.127689,0.4576599999999999,9.97,44.1958,27.7289,6.1832,6.1772,4.5852,0.009985,0.009985,1011660000.0,891660000.0,248775738.0,13171813200.0,11609413200.0,区域地产,房地产,房地产开发,住宅开发,13.02,10.66,0.0
2016-03-07,28.1,30.97,27.49,28.83,28.16,0.6699999999999982,2.38,102618127.0,1377066501.4,2.163,0.115087,0.412493,3.29,45.2481,28.3891,6.3304,6.3243,4.6944,0.009752,0.009752,1011660000.0,891660000.0,248775738.0,13485427800.0,11885827800.0,区域地产,房地产,房地产开发,住宅开发,14.32,11.72,0.0
2016-03-08,28.36,28.53,26.3,27.69,28.83,-1.139999999999997,-3.95,71313742.0,901203811.7,2.163,0.079979,0.286659,1.48,43.449,27.2604,6.0787,6.0729,4.5077,0.010156,0.010156,1011660000.0,891660000.0,248775738.0,12949248000.0,11413248000.0,区域地产,房地产,房地产开发,住宅开发,14.66,12.0,0.0
2016-03-09,25.93,27.25,25.09,26.06,27.69,-1.6300000000000026,-5.89,58515907.99999999,710386274.3000001,2.163,0.065626,0.235215,0.98,40.9032,25.6631,5.7226,5.717,4.2436,0.0107879999999999,0.0107879999999999,1011660000.0,891660000.0,248775738.0,12190503000.0,10744503000.0,区域地产,房地产,房地产开发,住宅开发,14.08,11.52,0.0
2016-03-10,26.19,26.99,24.72,24.96,26.06,-1.099999999999998,-4.22,50371758.0,603385167.7,2.163,0.056492,0.202479,0.72,39.172,24.5769,5.4804,5.4751,4.064,0.011265,0.011265,1011660000.0,891660000.0,248775738.0,11674556399.999998,10289756400.0,区域地产,房地产,房地产开发,住宅开发,13.26,10.85,0.0
2016-03-11,24.33,25.72,24.18,24.66,24.96,-0.3000000000000007,-1.2,41626434.0,479008436.0,2.163,0.046684,0.167325,0.52,38.6968,24.2788,5.4139,5.4086,4.0147,0.011404,0.011404,1011660000.0,891660000.0,248775738.0,11532924000.0,10164924000.0,区域地产,房地产,房地产开发,住宅开发,12.69,10.39,0.0
2016-03-14,25.07,26.45,24.55,25.26,24.66,0.6000000000000014,2.43,48622937.0,572711121.9,2.163,0.054531,0.1954489999999999,0.75,39.6472,24.8751,5.5469,5.5415,4.1133,0.01113,0.01113,1011660000.0,891660000.0,248775738.0,11816188799.999998,10414588800.0,区域地产,房地产,房地产开发,住宅开发,12.54,10.26,0.0
2016-03-15,24.85,25.22,23.86,24.29,25.26,-0.9700000000000024,-3.84,38937559.0,439911490.0,2.163,0.043669,0.156517,0.72,38.1197,23.9167,5.3332,5.328,3.9548,0.011576,0.011576,1011660000.0,891660000.0,248775738.0,11360941800.0,10013341800.0,区域地产,房地产,房地产开发,住宅开发,12.85,10.51,0.0
2016-03-16,24.55,24.66,23.14,24.07,24.29,-0.2199999999999988,-0.91,31546195.0,347083043.9,2.163,0.035379,0.126806,0.66,37.7803,23.7038,5.2857,5.2805,3.9196,0.01168,0.01168,1011660000.0,891660000.0,248775738.0,11259775800.0,9924175800.0,区域地产,房地产,房地产开发,住宅开发,12.35,10.11,0.0
2016-03-17,24.07,25.48,23.6,25.09,24.07,1.0199999999999996,4.24,47947396.0,548209725.1,2.163,0.053773,0.192733,1.14,39.3757,24.7047,5.5089,5.5035,4.0851,0.011207,0.011207,1011660000.0,891660000.0,248775738.0,11735256000.0,10343256000.0,区域地产,房地产,房地产开发,住宅开发,12.24,10.02,0.0
2016-03-18,24.87,26.39,24.66,25.52,25.09,0.4299999999999997,1.71,55464116.0,652182714.1,2.163,0.062203,0.2229479999999999,1.33,40.0545,25.1307,5.6038,5.5984,4.1556,0.0110169999999999,0.0110169999999999,1011660000.0,891660000.0,248775738.0,11937588000.0,10521588000.0,区域地产,房地产,房地产开发,住宅开发,12.76,10.44,0.0
2016-03-21,25.31,28.08,25.09,27.15,25.52,1.629999999999999,6.39,67561965.0,827106770.0,2.163,0.0757709999999999,0.271578,1.52,42.6004,26.728,5.96,5.9543,4.4197,0.010359,0.010359,1011660000.0,891660000.0,248775738.0,12696333000.0,11190333000.0,区域地产,房地产,房地产开发,住宅开发,12.98,10.62,0.0
2016-03-22,26.19,26.91,25.98,26.11,27.15,-1.0399999999999991,-3.83,40982653.0,498460605.2,2.163,0.0459619999999999,0.164737,0.85,40.971,25.7057,5.7321,5.7265,4.2506,0.010771,0.010771,1011660000.0,891660000.0,248775738.0,12210736200.000002,10762336200.000002,区域地产,房地产,房地产开发,住宅开发,13.81,11.3,0.0
2016-03-23,26.17,26.45,25.35,26.04,26.11,-0.0700000000000002,-0.27,28161745.0,336479704.5,2.163,0.031584,0.113201,0.58,40.8692,25.6418,5.7178,5.7123,4.2401,0.010797,0.010797,1011660000.0,891660000.0,248775738.0,12180386399.999998,10735586399.999998,区域地产,房地产,房地产开发,住宅开发,13.28,10.86,0.0
2016-03-24,26.09,27.17,25.63,26.0,26.04,-0.0399999999999991,-0.15,40594978.0,494292115.2,2.163,0.045527,0.163179,0.85,40.8013,25.5992,5.7083,5.7028,4.233,0.0108149999999999,0.0108149999999999,1011660000.0,891660000.0,248775738.0,12160153200.0,10717753200.0,区域地产,房地产,房地产开发,住宅开发,13.24,10.84,0.0
2016-03-25,26.04,27.15,26.02,26.48,26.0,0.4800000000000004,1.85,32989824.0,404531061.1,2.163,0.036998,0.132609,0.71,41.5481,26.0677,5.8128,5.8072,4.3105,0.010621,0.010621,1011660000.0,891660000.0,248775738.0,12382718400.0,10913918400.0,区域地产,房地产,房地产开发,住宅开发,13.22,10.82,0.0
2016-03-28,25.85,26.43,24.9,25.2,26.48,-1.2800000000000011,-4.83,33806969.0,401726929.4,2.163,0.037915,0.1358929999999999,0.8,39.5454,24.8112,5.5326,5.5273,4.1027,0.0111589999999999,0.0111589999999999,1011660000.0,891660000.0,248775738.0,11785839000.0,10387839000.0,区域地产,房地产,房地产开发,住宅开发,13.46,11.02,0.0
2016-03-29,25.26,25.37,23.75,24.07,25.2,-1.129999999999999,-4.48,21163816.0,237689169.9,2.163,0.023735,0.085072,0.6,37.7803,23.7038,5.2857,5.2805,3.9196,0.01168,0.01168,1011660000.0,891660000.0,248775738.0,11259775800.0,9924175800.0,区域地产,房地产,房地产开发,住宅开发,12.82,10.49,0.0
2016-03-30,24.14,24.87,24.07,24.74,24.07,0.6699999999999982,2.78,17780161.0,201275790.8,2.163,0.019941,0.071471,0.57,38.4332,38.4332,4.9635,5.3497,5.3497,0.011364,0.011364,1011660000.0,891660000.0,248775738.0,11573390400.0,10200590400.0,区域地产,房地产,房地产开发,住宅开发,12.24,10.02,0.0
2016-03-31,24.77,25.44,24.55,24.7,24.74,-0.0399999999999991,-0.16,20261876.0,234082729.7,2.163,0.022724,0.081446,0.69,38.366,38.366,4.9548,5.3404,5.3404,0.011384,0.011384,1011660000.0,891660000.0,248775738.0,11553157200.0,10182757200.0,区域地产,房地产,房地产开发,住宅开发,12.58,10.3,0.0
2016-04-01,24.66,25.31,24.44,25.03,24.7,0.3300000000000018,1.34,18868857.0,218040922.7,2.163,0.021161,0.075847,0.75,38.87,38.87,5.0199,5.4105,5.4105,0.011236,0.011236,1011660000.0,891660000.0,248775738.0,11704906200.000002,10316506200.0,区域地产,房地产,房地产开发,住宅开发,12.56,10.28,0.0
2016-04-05,24.79,25.65,24.77,25.46,25.03,0.4299999999999997,1.72,17664100.0,207509212.4,2.163,0.01981,0.071004,0.79,39.5419,39.5419,5.1067,5.504,5.504,0.011045,0.011045,1011660000.0,891660000.0,248775738.0,11907238200.0,10494838200.0,区域地产,房地产,房地产开发,住宅开发,12.73,10.41,0.0
2016-04-06,25.52,25.96,25.16,25.42,25.46,-0.0399999999999991,-0.16,15797582.0,186162608.3,2.163,0.017717,0.063501,0.83,39.4747,39.4747,5.098,5.4947,5.4947,0.011064,0.011064,1011660000.0,891660000.0,248775738.0,11887005000.0,10477005000.0,区域地产,房地产,房地产开发,住宅开发,12.95,10.59,0.0
2016-04-07,25.35,26.17,25.05,25.16,25.42,-0.2600000000000015,-1.02,18206929.0,214929645.5,2.163,0.020419,0.073186,1.01,39.0715,39.0715,5.0459,5.4386,5.4386,0.0111779999999999,0.0111779999999999,1011660000.0,891660000.0,248775738.0,11765605800.0,10370005800.0,区域地产,房地产,房地产开发,住宅开发,12.93,10.58,0.0
2016-04-08,24.77,24.77,24.03,24.4,25.16,-0.7600000000000016,-3.02,17339129.0,194672202.1,2.163,0.019446,0.069698,0.95,37.8957,37.8957,4.8941,5.2749,5.2749,0.011525,0.011525,1011660000.0,891660000.0,248775738.0,11411524800.0,10057924800.0,区域地产,房地产,房地产开发,住宅开发,12.79,10.47,0.0
2016-04-11,24.68,24.85,24.4,24.57,24.4,0.1700000000000017,0.7,10383625.0,118403615.8,2.163,0.011645,0.041739,0.59,38.1645,38.1645,4.9288,5.3123,5.3123,0.011444,0.011444,1011660000.0,891660000.0,248775738.0,11492457600.0,10129257600.0,区域地产,房地产,房地产开发,住宅开发,12.41,10.15,0.0
2016-04-12,24.74,24.85,24.07,24.53,24.57,-0.0399999999999991,-0.16,10178984.0,114876123.1,2.163,0.0114159999999999,0.0409159999999999,0.64,38.0973,38.0973,4.9201,5.303,5.303,0.011464,0.011464,1011660000.0,891660000.0,248775738.0,11472224400.0,10111424400.0,区域地产,房地产,房地产开发,住宅开发,12.5,10.22,0.0
2016-04-13,24.46,25.11,24.46,24.66,24.53,0.129999999999999,0.53,13677525.0,156913006.1,2.163,0.015339,0.0549789999999999,0.95,38.2988,38.2988,4.9461,5.331,5.331,0.011404,0.011404,1011660000.0,891660000.0,248775738.0,11532924000.0,10164924000.0,区域地产,房地产,房地产开发,住宅开发,12.47,10.21,0.0
2016-04-14,24.85,24.98,24.46,24.74,24.66,0.0799999999999983,0.32,10857275.0,123910290.9,2.163,0.012176,0.043643,0.78,38.4332,38.4332,4.9635,5.3497,5.3497,0.011364,0.011364,1011660000.0,891660000.0,248775738.0,11573390400.0,10200590400.0,区域地产,房地产,房地产开发,住宅开发,12.54,10.26,0.0
2016-04-15,24.64,25.37,24.64,25.0,24.74,0.2600000000000015,1.05,15905425.0,184354059.3,2.163,0.017838,0.063935,1.27,38.8364,38.8364,5.0156,5.4058,5.4058,0.011246,0.011246,1011660000.0,891660000.0,248775738.0,11694789600.0,10307589600.0,区域地产,房地产,房地产开发,住宅开发,12.58,10.3,0.0
2016-04-18,24.64,24.64,24.03,24.18,25.0,-0.8200000000000003,-3.28,10676970.0,119732184.6,2.163,0.011974,0.042918,0.88,37.5597,37.5597,4.8507,5.2281,5.2281,0.011628,0.011628,1011660000.0,891660000.0,248775738.0,11310358799.999998,9968758800.0,区域地产,房地产,房地产开发,住宅开发,12.72,10.4,0.0
2016-04-19,24.29,25.61,24.29,25.13,24.18,0.9499999999999992,3.93,24406065.0,282664358.2,2.163,0.027371,0.098105,1.99,39.0379,39.0379,5.0416,5.4339,5.4339,0.011188,0.011188,1011660000.0,891660000.0,248775738.0,11755489200.0,10361089200.0,区域地产,房地产,房地产开发,住宅开发,12.3,10.06,0.0
2016-04-20,25.26,27.02,23.17,26.93,25.13,1.8000000000000007,7.16,40099810.0,470157014.8,2.163,0.044972,0.161189,2.65,41.8264,41.8264,5.4017,5.822,5.822,0.010442,0.010442,1011660000.0,891660000.0,248775738.0,12595167000.0,11101167000.0,区域地产,房地产,房地产开发,住宅开发,12.78,10.46,0.0
2016-04-21,25.98,28.53,25.78,26.71,26.93,-0.2199999999999988,-0.82,55711171.0,701776553.9000001,2.163,0.06248,0.223941,2.73,41.4904,41.4904,5.3583,5.7753,5.7753,0.010526,0.010526,1011660000.0,891660000.0,248775738.0,12494001000.0,11012001000.0,区域地产,房地产,房地产开发,住宅开发,13.7,11.21,0.0
2016-04-22,25.57,25.91,24.23,24.55,26.71,-2.16,-8.09,30132384.000000004,349123609.0,2.163,0.033794,0.121123,1.03,38.1309,38.1309,4.9244,5.3076,5.3076,0.0114539999999999,0.0114539999999999,1011660000.0,891660000.0,248775738.0,11482341000.0,10120341000.0,区域地产,房地产,房地产开发,住宅开发,13.59,11.12,0.0
2016-04-25,24.61,24.61,23.86,23.99,24.55,-0.5600000000000023,-2.28,14694645.000000002,163622995.6,2.163,0.0164799999999999,0.0590679999999999,0.46,37.2574,37.2574,4.8116,5.186,5.186,0.011722,0.011722,1011660000.0,891660000.0,248775738.0,11219309400.0,9888509400.0,区域地产,房地产,房地产开发,住宅开发,12.49,10.22,0.0
2016-04-26,23.99,24.61,23.81,24.49,23.99,0.5,2.08,12686976.0,142154987.0,2.163,0.014228,0.050998,0.38,38.0301,38.0301,4.9114,5.2936,5.2936,0.011484,0.011484,1011660000.0,891660000.0,248775738.0,11451991200.000002,10093591200.0,区域地产,房地产,房地产开发,住宅开发,12.2,9.98,0.0
2016-04-27,24.44,24.7,24.14,24.23,24.49,-0.259999999999998,-1.06,11435122.0,129052004.4,2.163,0.012825,0.0459659999999999,0.37,37.6269,37.6269,4.8594,5.2375,5.2375,0.011607,0.011607,1011660000.0,891660000.0,248775738.0,11330592000.0,9986592000.0,区域地产,房地产,房地产开发,住宅开发,12.45,10.19,0.0
2016-04-28,24.27,24.31,23.14,23.77,24.23,-0.4600000000000008,-1.9,12851755.0,140753542.7,2.163,0.014413,0.05166,0.52,36.9214,36.9214,4.7682,5.1393,5.1393,0.011829,0.011829,1011660000.0,891660000.0,248775738.0,11118143400.0,9799343400.0,区域地产,房地产,房地产开发,住宅开发,12.32,10.08,0.0
2016-04-29,23.53,24.03,23.53,23.86,23.77,0.0899999999999998,0.38,7621745.0,84135765.8,2.163,0.008548,0.0306369999999999,0.47,37.0558,36.306,4.7285,5.158,5.1308,0.011786,0.011786,1011660000.0,891660000.0,248775738.0,11158609800.0,9835009800.0,区域地产,房地产,房地产开发,住宅开发,12.09,9.89,0.0
2016-05-03,23.97,24.27,23.64,24.25,23.86,0.3900000000000005,1.63,8550477.0,95272179.7,2.163,0.009589,0.03437,0.72,37.6605,36.8984,4.8057,5.2422,5.2146,0.011597,0.011597,1011660000.0,891660000.0,248775738.0,11340708600.000002,9995508600.0,区域地产,房地产,房地产开发,住宅开发,12.13,9.93,0.0
2016-05-04,24.1,24.55,24.03,24.23,24.25,-0.0199999999999995,-0.08,9275182.0,104336604.9,2.163,0.010402,0.037283,0.87,37.6269,36.8655,4.8014,5.2375,5.2099,0.011607,0.011607,1011660000.0,891660000.0,248775738.0,11330592000.0,9986592000.0,区域地产,房地产,房地产开发,住宅开发,12.33,10.09,0.0
2016-05-05,24.1,24.31,24.01,24.2,24.23,-0.0300000000000011,-0.12,7155050.999999999,79850422.69999999,2.163,0.008024,0.028761,0.72,37.5933,36.8326,4.7971,5.2328,5.2053,0.011618,0.011618,1011660000.0,891660000.0,248775738.0,11320475400.0,9977675400.0,区域地产,房地产,房地产开发,住宅开发,12.32,10.08,0.0
2016-05-06,24.25,24.33,23.19,23.23,24.2,-0.9699999999999988,-4.01,11412591.0,124708400.4,2.163,0.012799,0.045875,1.26,36.0815,35.3514,4.6042,5.0224,4.9959,0.0121039999999999,0.0121039999999999,1011660000.0,891660000.0,248775738.0,10865228400.0,9576428400.0,区域地产,房地产,房地产开发,住宅开发,12.31,10.07,0.0
2016-05-09,22.71,22.71,21.57,21.67,23.23,-1.5599999999999987,-6.72,9673269.0,97981249.4,2.163,0.010849,0.038883,1.1,33.6627,32.9815,4.2955,4.6857,4.661,0.012974,0.012974,1011660000.0,891660000.0,248775738.0,10136833200.0,8934433200.0,区域地产,房地产,房地产开发,住宅开发,11.81,9.67,0.0
2016-05-10,21.67,22.02,21.61,21.76,21.67,0.0899999999999998,0.42,5353728.0,53897832.2,2.163,0.006004,0.02152,0.58,33.797,33.1131,4.3127,4.7044,4.6796,0.012922,0.012922,1011660000.0,891660000.0,248775738.0,10177299600.0,8970099600.0,区域地产,房地产,房地产开发,住宅开发,11.02,9.02,0.0
2016-05-11,21.98,22.37,21.63,21.93,21.76,0.1699999999999981,0.78,6637856.0,67741914.2,2.163,0.0074439999999999,0.026682,0.77,34.0658,33.3765,4.347,4.7418,4.7168,0.012821,0.012821,1011660000.0,891660000.0,248775738.0,10258232400.0,9041432400.0,区域地产,房地产,房地产开发,住宅开发,11.07,9.05,0.0
2016-05-12,21.63,21.63,20.35,21.33,21.93,-0.6000000000000014,-2.74,6447782.0,63030742.9,2.163,0.007231,0.025918,0.8,33.1251,32.4548,4.2269,4.6109,4.5866,0.013185,0.013185,1011660000.0,891660000.0,248775738.0,9974967600.0,8791767600.0,区域地产,房地产,房地产开发,住宅开发,11.15,9.13,0.0
2016-05-13,21.22,21.91,21.2,21.46,21.33,0.1300000000000025,0.61,5476210.0,54691892.7,2.163,0.006142,0.0220129999999999,0.69,33.3267,32.6523,4.2527,4.6389,4.6145,0.013105,0.013105,1011660000.0,891660000.0,248775738.0,10035667200.0,8845267200.0,区域地产,房地产,房地产开发,住宅开发,10.85,8.87,0.0
2016-05-16,21.65,21.78,21.44,21.78,21.46,0.3200000000000003,1.49,4430312.0,44248694.2,2.163,0.004969,0.017808,0.66,33.8306,33.1461,4.317,4.7091,4.6843,0.01291,0.01291,1011660000.0,891660000.0,248775738.0,10187416200.0,8979016200.0,区域地产,房地产,房地产开发,住宅开发,10.91,8.93,0.0
2016-05-17,21.82,22.26,21.59,21.87,21.78,0.0899999999999998,0.41,6142041.0,62047139.1,2.163,0.006888,0.024689,1.08,33.965,33.2777,4.3341,4.7278,4.7029,0.012859,0.012859,1011660000.0,891660000.0,248775738.0,10227882600.0,9014682600.0,区域地产,房地产,房地产开发,住宅开发,11.08,9.06,0.0
2016-05-18,21.63,21.78,20.79,21.2,21.87,-0.6700000000000017,-3.06,6043595.0,59529104.0,2.163,0.0067779999999999,0.024293,1.04,32.9236,32.2573,4.2012,4.5828,4.5587,0.013265,0.013265,1011660000.0,891660000.0,248775738.0,9914268000.0,8738268000.0,区域地产,房地产,房地产开发,住宅开发,11.12,9.1,0.0
2016-05-19,21.18,21.57,20.94,21.07,21.2,-0.129999999999999,-0.61,4339991.0,42699305.8,2.163,0.004867,0.017445,0.76,32.722,32.0598,4.1755,4.5547,4.5308,0.013347,0.013347,1011660000.0,891660000.0,248775738.0,9853568400.0,8684768400.0,区域地产,房地产,房地产开发,住宅开发,10.78,8.82,0.0
2016-05-20,20.96,21.44,20.55,21.28,21.07,0.2100000000000008,1.0,4614630.0,44930534.9,2.163,0.005175,0.018549,0.87,33.0579,32.389,4.2184,4.6015,4.5773,0.0132109999999999,0.0132109999999999,1011660000.0,891660000.0,248775738.0,9954734400.0,8773934400.0,区域地产,房地产,房地产开发,住宅开发,10.71,8.77,0.0
2016-05-23,21.26,21.54,21.26,21.39,21.28,0.1099999999999994,0.52,5210197.0,51511307.5,2.163,0.005843,0.020943,1.02,33.2259,32.5536,4.2398,4.6249,4.6005,0.013145,0.013145,1011660000.0,891660000.0,248775738.0,10005317400.0,8818517400.0,区域地产,房地产,房地产开发,住宅开发,10.82,8.86,0.0
2016-05-24,21.31,21.31,20.87,20.92,21.39,-0.4699999999999988,-2.2,4250964.0,41360362.1,2.163,0.004767,0.017088,0.81,32.4868,31.8294,4.1455,4.522,4.4982,0.013444,0.013444,1011660000.0,891660000.0,248775738.0,9782752200.0,8622352200.0,区域地产,房地产,房地产开发,住宅开发,10.88,8.9,0.0
2016-05-25,20.98,21.24,20.7,21.07,20.92,0.1499999999999985,0.72,4194420.0,40723354.0,2.163,0.004704,0.01686,0.86,32.722,32.0598,4.1755,4.5547,4.5308,0.013347,0.013347,1011660000.0,891660000.0,248775738.0,9853568400.0,8684768400.0,区域地产,房地产,房地产开发,住宅开发,10.64,8.7,0.0
2016-05-26,20.98,21.26,20.46,20.85,21.07,-0.2199999999999988,-1.04,3967613.0,38074552.8,2.163,0.00445,0.015949,0.88,32.386,31.7307,4.1326,4.508,4.4842,0.013485,0.013485,1011660000.0,891660000.0,248775738.0,9752402400.0,8595602400.0,区域地产,房地产,房地产开发,住宅开发,10.71,8.77,0.0
2016-05-27,20.81,22.71,20.64,21.95,20.85,1.099999999999998,5.28,16127064.000000002,163610109.7,2.163,0.018087,0.064826,3.63,34.0994,33.4094,4.3513,4.7465,4.7215,0.012808,0.012808,1011660000.0,891660000.0,248775738.0,10268349000.0,9050349000.0,区域地产,房地产,房地产开发,住宅开发,10.6,8.68,0.0
2016-05-30,21.44,21.91,21.41,21.41,21.95,-0.5399999999999991,-2.46,6378654.0,63740490.400000006,2.163,0.007154,0.02564,0.94,33.2595,32.5865,4.2441,4.6296,4.6052,0.0131309999999999,0.0131309999999999,1011660000.0,891660000.0,248775738.0,10015434000.0,8827434000.0,区域地产,房地产,房地产开发,住宅开发,11.17,9.14,0.0
2016-05-31,21.52,22.17,21.44,22.13,21.41,0.7199999999999989,3.36,9280750.0,94127640.6,2.163,0.0104079999999999,0.037306,1.33,34.3682,33.6727,4.3856,4.7839,4.7587,0.0127079999999999,0.0127079999999999,1011660000.0,891660000.0,248775738.0,10349281800.0,9121681800.0,区域地产,房地产,房地产开发,住宅开发,10.89,8.91,0.0
2016-06-01,22.11,22.34,21.95,22.11,22.13,-0.0199999999999995,-0.09,7802541.0,79941865.60000001,2.163,0.008751,0.031364,0.98,34.3346,33.6398,4.3813,4.7792,4.754,0.01272,0.01272,1011660000.0,891660000.0,248775738.0,10339165200.0,9112765200.0,区域地产,房地产,房地产开发,住宅开发,11.25,9.21,0.0
2016-06-02,22.11,22.71,22.02,22.28,22.11,0.1700000000000017,0.77,7728367.0,79734847.4,2.163,0.008667,0.0310659999999999,0.89,34.6033,33.9031,4.4156,4.8166,4.7913,0.012621,0.012621,1011660000.0,891660000.0,248775738.0,10420098000.0,9184098000.0,区域地产,房地产,房地产开发,住宅开发,11.24,9.2,0.0
2016-06-03,22.43,22.88,22.3,22.67,22.28,0.3900000000000005,1.75,11712189.0,122529348.4,2.163,0.0131349999999999,0.047079,1.24,35.2081,34.4956,4.4927,4.9008,4.875,0.012405,0.012405,1011660000.0,891660000.0,248775738.0,10602196800.0,9344596800.0,区域地产,房地产,房地产开发,住宅开发,11.33,9.27,0.0
2016-06-06,22.82,23.06,22.02,22.58,22.67,-0.0900000000000034,-0.4,9668436.0,100820020.4,2.163,0.010843,0.038864,1.13,35.0737,34.3639,4.4756,4.8821,4.8564,0.012452,0.012452,1011660000.0,891660000.0,248775738.0,10561730400.0,9308930400.0,区域地产,房地产,房地产开发,住宅开发,11.53,9.43,0.0
2016-06-07,22.58,22.58,22.11,22.28,22.58,-0.2999999999999971,-1.33,6541005.0,67319890.6,2.163,0.007336,0.026293,0.71,34.6033,33.9031,4.4156,4.8166,4.7913,0.012621,0.012621,1011660000.0,891660000.0,248775738.0,10420098000.0,9184098000.0,区域地产,房地产,房地产开发,住宅开发,11.48,9.4,0.0
2016-06-08,22.26,22.43,22.04,22.19,22.28,-0.0899999999999998,-0.4,4980867.0,51269646.6,2.163,0.005586,0.020022,0.57,34.469,33.7715,4.3984,4.7979,4.7726,0.0126709999999999,0.0126709999999999,1011660000.0,891660000.0,248775738.0,10379631600.0,9148431600.0,区域地产,房地产,房地产开发,住宅开发,11.33,9.27,0.0
2016-06-13,21.95,21.95,20.85,20.87,22.19,-1.3200000000000005,-5.95,7674850.999999999,76211678.19999999,2.163,0.008607,0.03085,0.94,32.4196,31.7636,4.1369,4.5127,4.4889,0.013472,0.013472,1011660000.0,891660000.0,248775738.0,9762519000.0,8604519000.0,区域地产,房地产,房地产开发,住宅开发,11.29,9.23,0.0
2016-06-14,20.57,21.07,20.57,21.02,20.87,0.1499999999999985,0.72,4682068.0,45142928.3,2.163,0.005251,0.01882,0.58,32.6548,31.994,4.1669,4.5454,4.5215,0.0133739999999999,0.0133739999999999,1011660000.0,891660000.0,248775738.0,9833335200.0,8666935200.0,区域地产,房地产,房地产开发,住宅开发,10.62,8.69,0.0
2016-06-15,20.76,21.72,20.68,21.46,21.02,0.4400000000000013,2.09,6516733.0,64432925.3,2.163,0.0073089999999999,0.026195,0.97,33.3267,32.6523,4.2527,4.6389,4.6145,0.013105,0.013105,1011660000.0,891660000.0,248775738.0,10035667200.0,8845267200.0,区域地产,房地产,房地产开发,住宅开发,10.69,8.75,0.0
2016-06-16,21.37,21.5,20.81,20.96,21.46,-0.5,-2.33,6665541.0,65133954.3,2.163,0.007475,0.026793,1.1,32.554,31.8953,4.1541,4.5314,4.5075,0.0134159999999999,0.0134159999999999,1011660000.0,891660000.0,248775738.0,9802985400.0,8640185400.0,区域地产,房地产,房地产开发,住宅开发,10.91,8.93,0.0
2016-06-17,21.0,22.24,21.0,22.08,20.96,1.1199999999999974,5.34,14269043.0,143263505.29999998,2.163,0.016003,0.057357,2.34,34.301,33.6069,4.377,4.7745,4.7494,0.012733,0.012733,1011660000.0,891660000.0,248775738.0,10329048600.0,9103848600.0,区域地产,房地产,房地产开发,住宅开发,10.66,8.72,0.0
2016-06-20,21.67,21.89,21.37,21.67,22.08,-0.4099999999999966,-1.86,6429713.0,64310668.7,2.163,0.0072109999999999,0.0258449999999999,0.81,33.6627,32.9815,4.2955,4.6857,4.661,0.012974,0.012974,1011660000.0,891660000.0,248775738.0,10136833200.0,8934433200.0,区域地产,房地产,房地产开发,住宅开发,11.23,9.19,0.0
2016-06-21,21.98,22.08,21.24,21.31,21.67,-0.360000000000003,-1.66,5669987.0,56688308.5,2.163,0.006359,0.022792,0.74,33.0915,32.4219,4.2226,4.6062,4.5819,0.013198,0.013198,1011660000.0,891660000.0,248775738.0,9964851000.0,8782851000.0,区域地产,房地产,房地产开发,住宅开发,11.02,9.02,0.0
2016-06-22,21.15,22.71,21.15,22.08,21.31,0.7699999999999996,3.61,10987858.0,112443510.4,2.163,0.0123229999999999,0.044168,1.39,34.301,33.6069,4.377,4.7745,4.7494,0.012733,0.012733,1011660000.0,891660000.0,248775738.0,10329048600.0,9103848600.0,区域地产,房地产,房地产开发,住宅开发,10.84,8.87,0.0
2016-06-23,22.28,23.14,22.13,22.24,22.08,0.1600000000000001,0.72,13958717.000000002,145586887.4,2.163,0.015655,0.05611,1.59,34.5361,33.8373,4.407,4.8073,4.7819,0.012646,0.012646,1011660000.0,891660000.0,248775738.0,10399864800.0,9166264800.0,区域地产,房地产,房地产开发,住宅开发,11.23,9.19,0.0
2016-06-24,21.95,23.12,21.33,22.39,22.24,0.1500000000000021,0.67,19553214.0,201676572.8,2.163,0.0219289999999999,0.078598,1.91,34.7713,34.0677,4.437,4.84,4.8145,0.01256,0.01256,1011660000.0,891660000.0,248775738.0,10470681000.0,9228681000.0,区域地产,房地产,房地产开发,住宅开发,11.31,9.25,0.0
2016-06-27,22.0,22.58,21.8,22.47,22.39,0.0799999999999983,0.36,9270141.0,95505251.5,2.163,0.010396,0.037263,0.82,34.9057,34.1994,4.4541,4.8587,4.8331,0.012512,0.012512,1011660000.0,891660000.0,248775738.0,10511147400.0,9264347400.0,区域地产,房地产,房地产开发,住宅开发,11.39,9.32,0.0
2016-06-28,22.28,23.08,22.17,22.84,22.47,0.370000000000001,1.65,14608170.000000002,153924776.3,2.163,0.016383,0.05872,1.23,35.4768,34.7589,4.527,4.9382,4.9122,0.012311,0.012311,1011660000.0,891660000.0,248775738.0,10683129600.0,9415929600.0,区域地产,房地产,房地产开发,住宅开发,11.43,9.35,0.0
2016-06-29,22.73,22.93,22.26,22.52,22.84,-0.3200000000000003,-1.4,10501432.0,109370858.9,2.163,0.011777,0.042212,0.77,34.9729,34.2652,4.4627,4.8681,4.8424,0.0124879999999999,0.0124879999999999,1011660000.0,891660000.0,248775738.0,10531380600.0,9282180600.0,区域地产,房地产,房地产开发,住宅开发,11.62,9.5,0.0
2016-06-30,22.5,22.82,22.3,22.5,22.52,-0.0199999999999995,-0.09,8116531.0,84523080.4,2.163,0.009103,0.032626,0.6,34.9393,34.2323,4.4584,4.8634,4.8378,0.0125,0.0125,1011660000.0,891660000.0,248775738.0,10521264000.0,9273264000.0,区域地产,房地产,房地产开发,住宅开发,11.45,9.37,0.0
2016-07-01,22.8,22.93,22.32,22.34,22.5,-0.1600000000000001,-0.71,6920158.0,72176432.4,2.163,0.007761,0.0278169999999999,0.56,34.7041,34.0019,4.4284,4.8306,4.8052,0.0125849999999999,0.0125849999999999,1011660000.0,891660000.0,248775738.0,10450447800.0,9210847800.0,区域地产,房地产,房地产开发,住宅开发,11.44,9.36,0.0
2016-07-04,22.17,22.56,21.91,22.37,22.34,0.0300000000000011,0.13,8998763.0,92694981.6,2.163,0.010092,0.036172,0.91,34.7377,34.0348,4.4327,4.8353,4.8099,0.012573,0.012573,1011660000.0,891660000.0,248775738.0,10460564400.0,9219764400.0,区域地产,房地产,房地产开发,住宅开发,11.36,9.3,0.0
2016-07-05,22.47,22.71,22.32,22.5,22.37,0.129999999999999,0.58,8490587.0,88313417.8,2.163,0.009522,0.034129,0.86,34.9393,34.2323,4.4584,4.8634,4.8378,0.0125,0.0125,1011660000.0,891660000.0,248775738.0,10521264000.0,9273264000.0,区域地产,房地产,房地产开发,住宅开发,11.37,9.31,0.0
2016-07-06,22.82,24.74,22.8,24.03,22.5,1.5300000000000011,6.8,34703077.0,388874419.1,2.163,0.0389199999999999,0.139495,4.03,37.3246,36.5693,4.7628,5.1954,5.168,0.011701,0.011701,1011660000.0,891660000.0,248775738.0,11239542600.0,9906342600.0,区域地产,房地产,房地产开发,住宅开发,11.44,9.36,0.0
2016-07-07,23.17,23.49,22.93,23.12,24.03,-0.91,-3.79,23283398.0,249397017.9,2.163,0.026112,0.093592,1.73,35.9136,35.1868,4.5828,4.999,4.9727,0.012161,0.012161,1011660000.0,891660000.0,248775738.0,10814645400.0,9531845400.0,区域地产,房地产,房地产开发,住宅开发,12.22,10.0,0.0
2016-07-08,23.12,23.36,22.71,22.91,23.12,-0.2100000000000008,-0.91,13218560.999999998,140513824.9,2.163,0.014825,0.0531339999999999,0.8,35.5776,34.8577,4.5399,4.9522,4.9262,0.012276,0.012276,1011660000.0,891660000.0,248775738.0,10713479400.0,9442679400.0,区域地产,房地产,房地产开发,住宅开发,11.76,9.62,0.0
2016-07-11,22.75,23.06,22.69,22.71,22.91,-0.1999999999999993,-0.87,8690662.0,91709427.5,2.163,0.009747,0.034934,0.49,35.2752,34.5614,4.5013,4.9101,4.8843,0.012381,0.012381,1011660000.0,891660000.0,248775738.0,10622430000.0,9362430000.0,区域地产,房地产,房地产开发,住宅开发,11.65,9.53,0.0
2016-07-12,22.75,23.06,22.43,23.06,22.71,0.3499999999999978,1.54,9317865.0,98310220.6,2.163,0.01045,0.0374549999999999,0.53,35.8128,35.0881,4.5699,4.985,4.9587,0.012195,0.012195,1011660000.0,891660000.0,248775738.0,10784295600.0,9505095600.0,区域地产,房地产,房地产开发,住宅开发,11.55,9.45,0.0
2016-07-13,23.06,24.23,22.8,23.45,23.06,0.3900000000000005,1.69,17095783.0,184930362.4,2.163,0.019173,0.06872,0.96,36.4175,35.6806,4.6471,5.0691,5.0424,0.011993,0.011993,1011660000.0,891660000.0,248775738.0,10966394400.0,9665594400.0,区域地产,房地产,房地产开发,住宅开发,11.73,9.59,0.0
2016-07-14,23.3,24.12,23.17,23.3,23.45,-0.1499999999999985,-0.64,14757448.000000002,161008021.6,2.163,0.016551,0.05932,1.03,36.1823,35.4502,4.617,5.0364,5.0099,0.012071,0.012071,1011660000.0,891660000.0,248775738.0,10895578200.0,9603178200.0,区域地产,房地产,房地产开发,住宅开发,11.92,9.76,0.0
2016-07-15,23.38,24.07,23.38,23.51,23.3,0.2100000000000008,0.9,13648070.000000002,149480751.8,2.163,0.015306,0.054861,1.08,36.5183,35.7793,4.6599,5.0832,5.0564,0.01196,0.01196,1011660000.0,891660000.0,248775738.0,10996744200.0,9692344200.0,区域地产,房地产,房地产开发,住宅开发,11.85,9.69,0.0
2016-07-18,23.3,23.43,22.88,22.99,23.51,-0.5200000000000031,-2.21,10440811.0,111253832.8,2.163,0.011709,0.041969,0.82,35.712,34.9893,4.557,4.9709,4.9448,0.01223,0.01223,1011660000.0,891660000.0,248775738.0,10753945800.0,9478345800.0,区域地产,房地产,房地产开发,住宅开发,11.96,9.78,0.0
2016-07-19,22.99,23.68,22.86,23.49,22.99,0.5,2.17,10620681.0,114548955.3,2.163,0.011911,0.0426919999999999,0.81,36.4847,35.7464,4.6556,5.0785,5.0517,0.011971,0.011971,1011660000.0,891660000.0,248775738.0,10986627600.0,9683427600.0,区域地产,房地产,房地产开发,住宅开发,11.69,9.57,0.0
2016-07-20,23.32,23.79,23.06,23.17,23.49,-0.3199999999999967,-1.36,10273985.0,110858825.7,2.163,0.011522,0.041298,0.77,35.9808,35.2527,4.5913,5.0083,4.982,0.012138,0.012138,1011660000.0,891660000.0,248775738.0,10834878600.000002,9549678600.0,区域地产,房地产,房地产开发,住宅开发,11.95,9.77,0.0
2016-07-21,23.04,23.77,23.04,23.36,23.17,0.1899999999999977,0.82,10365559.0,112201256.1,2.163,0.011625,0.041666,0.87,36.2831,35.5489,4.6299,5.0504,5.0238,0.0120369999999999,0.0120369999999999,1011660000.0,891660000.0,248775738.0,10925928000.0,9629928000.0,区域地产,房地产,房地产开发,住宅开发,11.78,9.64,0.0
2016-07-22,23.34,23.68,23.14,23.14,23.36,-0.2199999999999988,-0.94,8692729.0,93988018.1,2.163,0.009749,0.034942,0.79,35.9472,35.2197,4.587,5.0037,4.9773,0.01215,0.01215,1011660000.0,891660000.0,248775738.0,10824762000.0,9540762000.0,区域地产,房地产,房地产开发,住宅开发,11.88,9.72,0.0
2016-07-25,23.04,23.36,23.04,23.17,23.14,0.0300000000000011,0.13,5671793.0,60833168.3,2.163,0.006361,0.022799,0.56,35.9808,35.2527,4.5913,5.0083,4.982,0.012138,0.012138,1011660000.0,891660000.0,248775738.0,10834878600.000002,9549678600.0,区域地产,房地产,房地产开发,住宅开发,11.77,9.63,0.0
2016-07-26,23.14,23.51,23.08,23.43,23.17,0.259999999999998,1.12,6699577.0,72295170.6,2.163,0.007514,0.02693,0.73,36.3839,35.6476,4.6428,5.0645,5.0378,0.0120039999999999,0.0120039999999999,1011660000.0,891660000.0,248775738.0,10956277800.0,9656677800.0,区域地产,房地产,房地产开发,住宅开发,11.78,9.64,0.0
2016-07-27,23.43,23.64,21.69,22.69,23.43,-0.7399999999999984,-3.16,13896851.999999998,147851335.2,2.163,0.015585,0.055861,1.67,35.2417,34.5285,4.497,4.9055,4.8796,0.012393,0.012393,1011660000.0,891660000.0,248775738.0,10612313400.0,9353513400.0,区域地产,房地产,房地产开发,住宅开发,11.91,9.75,0.0
2016-07-28,22.45,22.8,21.82,22.3,22.69,-0.3900000000000005,-1.72,8956672.0,92147840.6,2.163,0.010045,0.036003,0.99,34.6369,33.936,4.4198,4.8213,4.7959,0.0126089999999999,0.0126089999999999,1011660000.0,891660000.0,248775738.0,10430214600.0,9193014600.0,区域地产,房地产,房地产开发,住宅开发,11.54,9.44,0.0
2016-07-29,22.3,22.78,22.17,22.39,22.3,0.0899999999999998,0.4,6858375.0,71254207.8,2.163,0.007692,0.027569,0.78,34.7713,34.0677,4.437,4.84,4.8145,0.01256,0.01256,1011660000.0,891660000.0,248775738.0,10470681000.0,9228681000.0,区域地产,房地产,房地产开发,住宅开发,11.34,9.28,0.0
2016-08-01,22.24,22.58,21.85,21.87,22.39,-0.5199999999999996,-2.32,6079415.0,62349218.4,2.163,0.0068179999999999,0.024437,0.72,33.965,33.2777,4.3341,4.7278,4.7029,0.012859,0.012859,1011660000.0,891660000.0,248775738.0,10227882600.0,9014682600.0,区域地产,房地产,房地产开发,住宅开发,11.39,9.32,0.0
2016-08-02,21.78,22.43,21.78,22.34,21.87,0.4699999999999988,2.15,6446580.0,65738093.8,2.163,0.0072299999999999,0.025913,0.76,34.7041,34.0019,4.4284,4.8306,4.8052,0.0125849999999999,0.0125849999999999,1011660000.0,891660000.0,248775738.0,10450447800.0,9210847800.0,区域地产,房地产,房地产开发,住宅开发,11.12,9.1,0.0
2016-08-03,22.47,23.81,22.45,23.36,22.34,1.0199999999999996,4.57,23752249.0,256657556.2,2.163,0.026638,0.095477,2.81,36.2831,35.5489,4.6299,5.0504,5.0238,0.0120369999999999,0.0120369999999999,1011660000.0,891660000.0,248775738.0,10925928000.0,9629928000.0,区域地产,房地产,房地产开发,住宅开发,11.36,9.3,0.0
2016-08-04,23.1,23.53,22.67,23.32,23.36,-0.0399999999999991,-0.17,15093835.0,160451910.4,2.163,0.016928,0.060672,1.45,36.2159,35.4831,4.6213,5.0411,5.0145,0.012059,0.012059,1011660000.0,891660000.0,248775738.0,10905694800.0,9612094800.0,区域地产,房地产,房地产开发,住宅开发,11.88,9.72,0.0
2016-08-05,23.21,24.29,23.14,23.4,23.32,0.0799999999999983,0.34,23827019.0,260763725.8,2.163,0.026722,0.095777,2.05,36.3503,35.6147,4.6385,5.0598,5.0331,0.012015,0.012015,1011660000.0,891660000.0,248775738.0,10946161200.000002,9647761200.0,区域地产,房地产,房地产开发,住宅开发,11.86,9.7,0.0
2016-08-08,23.19,24.2,23.1,23.38,23.4,-0.0199999999999995,-0.09,18973264.0,206645282.5,2.163,0.021279,0.076267,1.26,36.3167,35.5818,4.6342,5.0551,5.0285,0.0120259999999999,0.0120259999999999,1011660000.0,891660000.0,248775738.0,10936044600.0,9638844600.0,区域地产,房地产,房地产开发,住宅开发,11.9,9.74,0.0
2016-08-09,23.36,23.68,23.14,23.58,23.38,0.1999999999999993,0.86,13464743.0,145749552.39999998,2.163,0.015101,0.054124,0.76,36.6191,35.8781,4.6728,5.0972,5.0704,0.011927,0.011927,1011660000.0,891660000.0,248775738.0,11027094000.0,9719094000.0,区域地产,房地产,房地产开发,住宅开发,11.89,9.73,0.0
2016-08-10,23.4,23.75,23.1,23.4,23.58,-0.1799999999999997,-0.76,13266297.0,143752883.8,2.163,0.014878,0.053326,0.7,36.3503,35.6147,4.6385,5.0598,5.0331,0.012015,0.012015,1011660000.0,891660000.0,248775738.0,10946161200.000002,9647761200.0,区域地产,房地产,房地产开发,住宅开发,11.99,9.81,0.0
2016-08-11,23.3,24.16,23.21,23.75,23.4,0.3500000000000014,1.5,26229323.0,288591192.3,2.163,0.029416,0.105434,1.55,36.8878,36.1414,4.7071,5.1346,5.1076,0.01184,0.01184,1011660000.0,891660000.0,248775738.0,11108026800.0,9790426800.0,区域地产,房地产,房地产开发,住宅开发,11.9,9.74,0.0
2016-08-12,23.58,24.44,23.25,24.36,23.75,0.6099999999999994,2.57,27602986.0,305438447.6,2.163,0.030957,0.110955,1.44,37.8285,37.063,4.8271,5.2655,5.2378,0.011545,0.011545,1011660000.0,891660000.0,248775738.0,11391291600.0,10040091600.0,区域地产,房地产,房地产开发,住宅开发,12.08,9.88,0.0
2016-08-15,24.29,25.91,24.16,25.0,24.36,0.6400000000000006,2.63,34460129.0,399051174.1,2.163,0.038647,0.138519,1.73,38.8364,38.0505,4.9557,5.4058,5.3774,0.011246,0.011246,1011660000.0,891660000.0,248775738.0,11694789600.0,10307589600.0,区域地产,房地产,房地产开发,住宅开发,12.39,10.13,0.0
2016-08-16,25.22,26.6,24.55,25.83,25.0,0.8299999999999983,3.32,40533843.0,477715948.1,2.163,0.045459,0.162933,1.76,40.113,39.3013,5.1186,5.5835,5.5541,0.010888,0.010888,1011660000.0,891660000.0,248775738.0,12079220400.0,10646420400.0,区域地产,房地产,房地产开发,住宅开发,12.72,10.4,0.0
2016-08-17,25.93,27.84,25.72,26.02,25.83,0.1900000000000012,0.74,47097761.0,579588247.5,2.163,0.05282,0.189318,1.66,40.4154,39.5975,5.1572,5.6256,5.596,0.010806,0.010806,1011660000.0,891660000.0,248775738.0,12170269800.0,10726669800.0,区域地产,房地产,房地产开发,住宅开发,13.13,10.75,0.0
2016-08-18,25.52,27.47,25.22,26.28,26.02,0.2600000000000015,1.0,42482535.0,518592928.7,2.163,0.047644,0.170766,1.21,40.8185,39.9925,5.2086,5.6817,5.6518,0.0107,0.0107,1011660000.0,891660000.0,248775738.0,12291669000.0,10833669000.0,区域地产,房地产,房地产开发,住宅开发,13.23,10.83,0.0
2016-08-19,26.06,26.09,25.09,25.39,26.28,-0.8900000000000006,-3.39,26004477.0,306672435.1,2.163,0.029164,0.10453,0.68,39.4411,38.643,5.0329,5.49,5.4611,0.011073,0.011073,1011660000.0,891660000.0,248775738.0,11876888400.0,10468088400.0,区域地产,房地产,房地产开发,住宅开发,13.37,10.94,0.0
2016-08-22,25.33,25.59,24.7,24.87,25.39,-0.5199999999999996,-2.05,13755524.0,159201132.2,2.163,0.015427,0.055293,0.36,38.6348,37.853,4.93,5.3778,5.3495,0.011304,0.011304,1011660000.0,891660000.0,248775738.0,11634090000.0,10254090000.0,区域地产,房地产,房地产开发,住宅开发,12.91,10.57,0.0
2016-08-23,24.87,25.09,24.51,24.7,24.87,-0.1700000000000017,-0.68,8783101.0,100904117.5,2.163,0.00985,0.035305,0.26,38.366,37.5897,4.8957,5.3404,5.3122,0.011384,0.011384,1011660000.0,891660000.0,248775738.0,11553157200.0,10182757200.0,区域地产,房地产,房地产开发,住宅开发,12.65,10.35,0.0
2016-08-24,24.74,25.42,24.31,24.55,24.7,-0.1499999999999985,-0.61,11448427.0,131429516.8,2.163,0.012839,0.046019,0.41,38.1309,37.3593,4.8657,5.3076,5.2797,0.0114539999999999,0.0114539999999999,1011660000.0,891660000.0,248775738.0,11482341000.0,10120341000.0,区域地产,房地产,房地产开发,住宅开发,12.56,10.28,0.0
2016-08-25,24.16,24.53,23.86,24.4,24.55,-0.1500000000000021,-0.61,11568457.0,129233018.0,2.163,0.012974,0.046502,0.56,37.8957,37.1289,4.8357,5.2749,5.2471,0.011525,0.011525,1011660000.0,891660000.0,248775738.0,11411524800.0,10057924800.0,区域地产,房地产,房地产开发,住宅开发,12.49,10.22,0.0
2016-08-26,24.49,24.96,24.33,24.33,24.4,-0.0700000000000002,-0.29,9956702.0,113403255.3,2.163,0.011166,0.040023,0.7,37.7949,37.0301,4.8228,5.2609,5.2332,0.011556,0.011556,1011660000.0,891660000.0,248775738.0,11381175000.0,10031175000.0,区域地产,房地产,房地产开发,住宅开发,12.41,10.15,0.0
2016-08-29,24.23,24.64,23.79,24.44,24.33,0.1100000000000029,0.45,6463099.0,72810767.7,2.163,0.007248,0.02598,0.58,37.9629,45.8218,4.6378,5.2842,5.4084,0.011504,0.011504,1011660000.0,891660000.0,248775738.0,11431758000.0,10075758000.0,区域地产,房地产,房地产开发,住宅开发,12.38,10.13,0.0
2016-08-30,24.44,24.77,24.16,24.16,24.44,-0.2800000000000011,-1.15,9258714.0,104829909.7,2.163,0.010384,0.037217,0.96,37.5261,45.2946,4.5845,5.2235,5.3462,0.0116379999999999,0.0116379999999999,1011660000.0,891660000.0,248775738.0,11300242200.0,9959842200.0,区域地产,房地产,房地产开发,住宅开发,12.43,10.17,0.0
2016-08-31,24.16,24.77,24.14,24.61,24.16,0.4499999999999993,1.86,14004890.0,159209369.4,2.163,0.015707,0.056295,1.44,38.2317,46.1462,4.6707,5.3217,5.4467,0.011424,0.011424,1011660000.0,891660000.0,248775738.0,11512690800.0,10147090800.0,区域地产,房地产,房地产开发,住宅开发,12.29,10.05,0.0
2016-09-01,24.55,24.55,23.84,23.86,24.61,-0.75,-3.05,13640576.0,151888795.2,2.163,0.015298,0.054831,1.33,37.0558,44.7269,4.527,5.158,5.2792,0.011786,0.011786,1011660000.0,891660000.0,248775738.0,11158609800.0,9835009800.0,区域地产,房地产,房地产开发,住宅开发,12.52,10.24,0.0
2016-09-02,23.86,24.05,23.36,23.62,23.86,-0.2399999999999984,-1.01,7185292.999999999,78830284.5,2.163,0.008058,0.028883,0.67,36.6863,44.2809,4.4819,5.1065,5.2265,0.0119049999999999,0.0119049999999999,1011660000.0,891660000.0,248775738.0,11047327200.0,9736927200.0,区域地产,房地产,房地产开发,住宅开发,12.13,9.93,0.0
2016-09-05,23.64,24.01,23.53,23.86,23.62,0.2399999999999984,1.02,6602541.0,72560725.9,2.163,0.007405,0.0265399999999999,0.65,37.0558,44.7269,4.527,5.158,5.2792,0.011786,0.011786,1011660000.0,891660000.0,248775738.0,11158609800.0,9835009800.0,区域地产,房地产,房地产开发,住宅开发,12.01,9.83,0.0
2016-09-06,23.73,23.92,23.32,23.86,23.86,0.0,0.0,6728517.0,73503701.6,2.163,0.007546,0.0270469999999999,0.66,37.0558,44.7269,4.527,5.158,5.2792,0.011786,0.011786,1011660000.0,891660000.0,248775738.0,11158609800.0,9835009800.0,区域地产,房地产,房地产开发,住宅开发,12.13,9.93,0.0
2016-09-07,23.9,24.16,23.81,23.86,23.86,0.0,0.0,6462200.0,71651977.0,2.163,0.007247,0.025976,0.67,37.0558,44.7269,4.527,5.158,5.2792,0.011786,0.011786,1011660000.0,891660000.0,248775738.0,11158609800.0,9835009800.0,区域地产,房地产,房地产开发,住宅开发,12.13,9.93,0.0
2016-09-08,23.9,24.07,23.62,23.75,23.86,-0.1099999999999994,-0.46,5316000.0,58551601.1,2.163,0.0059619999999999,0.021369,0.65,36.8878,44.5242,4.5065,5.1346,5.2553,0.01184,0.01184,1011660000.0,891660000.0,248775738.0,11108026800.0,9790426800.0,区域地产,房地产,房地产开发,住宅开发,12.13,9.93,0.0
2016-09-09,23.75,23.75,23.1,23.14,23.75,-0.6099999999999994,-2.57,6773900.0,73545919.0,2.163,0.007597,0.027229,1.05,35.9472,43.3888,4.3916,5.0037,5.1212,0.01215,0.01215,1011660000.0,891660000.0,248775738.0,10824762000.0,9540762000.0,区域地产,房地产,房地产开发,住宅开发,12.08,9.88,0.0
2016-09-12,22.97,24.66,22.82,23.99,23.14,0.8499999999999979,3.67,24997839.0,278617262.9,2.163,0.028035,0.1004829999999999,3.92,37.2574,44.9702,4.5516,5.186,5.3079,0.011722,0.011722,1011660000.0,891660000.0,248775738.0,11219309400.0,9888509400.0,区域地产,房地产,房地产开发,住宅开发,11.77,9.63,0.0
2016-09-13,23.79,24.83,23.58,24.16,23.99,0.1700000000000017,0.71,22065514.0,248316468.6,2.163,0.0247469999999999,0.088696,2.19,37.5261,45.2946,4.5845,5.2235,5.3462,0.0116379999999999,0.0116379999999999,1011660000.0,891660000.0,248775738.0,11300242200.0,9959842200.0,区域地产,房地产,房地产开发,住宅开发,12.2,9.98,0.0
2020-11-09,23.13,26.57,23.13,26.57,24.16,2.41,9.98,97476970.0,1093990399.0,2.2348,0.109321,0.391827,7.43,21.7732,38.5811,3.2511,4.7194,6.4569,0.016821,0.0138769999999999,1011660000.0,891660000.0,248775738.0,12028637400.0,10601837400.0,区域地产,房地产,房地产开发,住宅开发,11.89,9.73,0.0
2020-11-10,24.83,25.9,23.91,23.91,26.57,-2.66,-10.01,75036977.0,833129921.0,2.2348,0.084154,0.301625,2.4,19.594,34.7198,2.9257,4.2471,5.8107,0.018692,0.015421,1011660000.0,891660000.0,248775738.0,10824762000.0,9540762000.0,区域地产,房地产,房地产开发,住宅开发,13.08,10.7,0.0
2020-11-11,22.35,22.68,21.52,21.52,23.91,-2.390000000000001,-10.0,52935746.0,517059929.0,2.2348,0.059368,0.212785,1.17,17.6346,31.2478,2.6332,3.8224,5.2296,0.020768,0.017134,1011660000.0,891660000.0,248775738.0,9742285800.0,8586685800.0,区域地产,房地产,房地产开发,住宅开发,11.77,9.63,0.0
2020-11-12,20.78,21.01,19.85,20.07,21.52,-1.4499999999999993,-6.74,43881376.0,397856718.0,2.2348,0.0492129999999999,0.176389,0.81,16.4443,29.1387,2.4554,3.5644,4.8766,0.022272,0.0183739999999999,1011660000.0,891660000.0,248775738.0,9084706800.0,8007106800.000001,区域地产,房地产,房地产开发,住宅开发,10.59,8.67,0.0
2020-11-13,19.82,20.45,19.49,19.91,20.07,-0.1600000000000001,-0.8,30447383.0,271788203.0,2.2348,0.034147,0.122389,0.52,16.3161,28.9115,2.4363,3.5366,4.8386,0.0224469999999999,0.018519,1011660000.0,891660000.0,248775738.0,9013890600.0,7944690600.000001,区域地产,房地产,房地产开发,住宅开发,9.88,8.08,0.0
2020-11-16,19.89,19.89,19.15,19.51,19.91,-0.3999999999999986,-2.01,29160190.000000004,254123669.0,2.2348,0.032703,0.117215,0.49,15.9865,28.3274,2.3871,3.4652,4.7409,0.02291,0.0189,1011660000.0,891660000.0,248775738.0,8831791800.0,7784191800.000001,区域地产,房地产,房地产开发,住宅开发,9.8,8.02,0.0
2020-11-17,19.42,21.23,19.24,20.43,19.51,0.9199999999999982,4.72,46407761.0,419801394.0,2.2348,0.052046,0.186545,1.0,16.7373,29.6578,2.4992,3.6279,4.9635,0.021882,0.018053,1011660000.0,891660000.0,248775738.0,9246572400.0,8149772400.0,区域地产,房地产,房地产开发,住宅开发,9.6,7.86,0.0
2020-11-18,20.11,20.27,19.67,19.8,20.43,-0.629999999999999,-3.08,26545664.0,235921725.0,2.2348,0.029771,0.106705,0.65,16.2246,28.7493,2.4226,3.5168,4.8115,0.022573,0.018623,1011660000.0,891660000.0,248775738.0,8963307600.0,7900107600.0,区域地产,房地产,房地产开发,住宅开发,10.05,8.23,0.0
2020-11-19,19.69,19.93,19.47,19.53,19.8,-0.2699999999999996,-1.36,17825020.0,156441709.0,2.2348,0.019991,0.0716509999999999,0.51,16.0048,28.3599,2.3898,3.4691,4.7463,0.022883,0.018879,1011660000.0,891660000.0,248775738.0,8841908400.0,7793108400.0,区域地产,房地产,房地产开发,住宅开发,9.75,7.97,0.0
2020-11-20,19.51,19.53,19.17,19.29,19.53,-0.240000000000002,-1.23,16146509.0,139338796.0,2.2348,0.018108,0.064904,0.54,15.8034,28.003,2.3597,3.4255,4.6866,0.0231749999999999,0.019119,1011660000.0,891660000.0,248775738.0,8730625800.0,7695025800.0,区域地产,房地产,房地产开发,住宅开发,9.61,7.87,0.0
2020-11-23,19.17,19.4,19.11,19.29,19.29,0.0,0.0,15040092.000000002,129615799.0,2.2348,0.016868,0.060456,0.55,15.8034,28.003,2.3597,3.4255,4.6866,0.0231749999999999,0.019119,1011660000.0,891660000.0,248775738.0,8730625800.0,7695025800.0,区域地产,房地产,房地产开发,住宅开发,9.49,7.77,0.0
2020-11-24,19.33,20.09,19.15,19.64,19.29,0.3500000000000014,1.81,24905541.0,218663215.0,2.2348,0.027932,0.100112,1.02,16.0964,28.5221,2.4035,3.489,4.7735,0.022753,0.018771,1011660000.0,891660000.0,248775738.0,8892491400.0,7837691400.0,区域地产,房地产,房地产开发,住宅开发,9.49,7.77,0.0
2020-11-25,19.55,19.64,19.2,19.2,19.64,-0.4400000000000013,-2.24,16776610.0,145269306.0,2.2348,0.018815,0.067437,0.83,15.7302,27.8732,2.3488,3.4096,4.6649,0.023283,0.019208,1011660000.0,891660000.0,248775738.0,8690159400.0,7659359399.999999,区域地产,房地产,房地产开发,住宅开发,9.67,7.91,0.0
2020-11-26,19.13,19.29,18.62,18.66,19.2,-0.5399999999999991,-2.81,15798393.0,133534283.0,2.2348,0.017718,0.063505,0.87,15.2907,27.0944,2.2832,3.3143,4.5345,0.023952,0.01976,1011660000.0,891660000.0,248775738.0,8447361000.0,7445361000.0,区域地产,房地产,房地产开发,住宅开发,9.45,7.73,0.0
2020-11-27,18.62,18.95,18.62,18.79,18.66,0.129999999999999,0.7,9088116.0,76330276.0,2.2348,0.010192,0.036531,0.51,15.4005,27.2891,2.2996,3.3381,4.5671,0.023781,0.01962,1011660000.0,891660000.0,248775738.0,8508060600.000001,7498860600.000001,区域地产,房地产,房地产开发,住宅开发,9.19,7.52,0.0
2020-11-30,18.73,19.2,18.68,18.84,18.79,0.0500000000000007,0.27,11939530.0,101391987.0,2.2348,0.0133899999999999,0.0479929999999999,0.73,15.4372,27.354,2.305,3.3461,4.578,0.023725,0.019573,1011660000.0,891660000.0,248775738.0,8528293800.0,7516693800.0,区域地产,房地产,房地产开发,住宅开发,9.25,7.57,0.0
2020-12-01,18.73,19.04,18.53,18.91,18.84,0.0700000000000002,0.37,12948334.0,108806039.0,2.2348,0.014522,0.052048,0.82,15.4921,27.4513,2.3132,3.358,4.5943,0.023641,0.019504,1011660000.0,891660000.0,248775738.0,8558643600.0,7543443600.0,区域地产,房地产,房地产开发,住宅开发,9.27,7.59,0.0
2020-12-02,18.79,19.26,18.75,19.04,18.91,0.129999999999999,0.69,14302054.0,122045786.0,2.2348,0.01604,0.05749,1.07,15.602,27.646,2.3296,3.3818,4.6268,0.023474,0.019366,1011660000.0,891660000.0,248775738.0,8619343200.0,7596943199.999999,区域地产,房地产,房地产开发,住宅开发,9.31,7.61,0.0
2020-12-03,18.97,19.82,18.84,19.58,19.04,0.5399999999999991,2.84,22417664.0,194246523.0,2.2348,0.025141,0.090112,1.75,16.0415,28.4248,2.3953,3.4771,4.7572,0.022831,0.018836,1011660000.0,891660000.0,248775738.0,8862141600.0,7810941600.0,区域地产,房地产,房地产开发,住宅开发,9.37,7.67,0.0
2020-12-04,19.38,19.62,19.15,19.17,19.58,-0.4099999999999966,-2.09,11949415.0,103187174.0,2.2348,0.013401,0.048033,0.85,15.7118,27.8407,2.3461,3.4056,4.6594,0.02331,0.019231,1011660000.0,891660000.0,248775738.0,8680042800.0,7650442800.0,区域地产,房地产,房地产开发,住宅开发,9.64,7.88,0.0
2020-12-07,19.09,19.09,18.75,18.77,19.17,-0.4000000000000021,-2.09,9802017.0,82681422.0,2.2348,0.010993,0.039401,0.67,15.3822,27.2566,2.2968,3.3342,4.5617,0.0238099999999999,0.019643,1011660000.0,891660000.0,248775738.0,8497944000.0,7489944000.0,区域地产,房地产,房地产开发,住宅开发,9.44,7.72,0.0
2020-12-08,18.75,18.93,18.66,18.75,18.77,-0.0199999999999995,-0.11,6040271.0,50733036.0,2.2348,0.006774,0.02428,0.42,15.3639,27.2242,2.2941,3.3302,4.5562,0.0238379999999999,0.019666,1011660000.0,891660000.0,248775738.0,8487827400.0,7481027400.0,区域地产,房地产,房地产开发,住宅开发,9.24,7.56,0.0
2020-12-09,18.75,18.79,18.17,18.19,18.75,-0.5599999999999987,-2.99,11129634.0,91959277.0,2.2348,0.012482,0.044738,0.86,14.9061,26.413,2.2257,3.231,4.4205,0.0245699999999999,0.02027,1011660000.0,891660000.0,248775738.0,8234912400.0,7258112400.0,区域地产,房地产,房地产开发,住宅开发,9.23,7.55,0.0
2020-12-10,18.01,18.17,17.83,17.83,18.19,-0.360000000000003,-1.98,8668680.0,69696781.0,2.2348,0.009722,0.034845,0.71,14.6131,25.8938,2.182,3.1675,4.3336,0.025063,0.0206769999999999,1011660000.0,891660000.0,248775738.0,8073046800.000001,7115446800.000001,区域地产,房地产,房地产开发,住宅开发,8.95,7.33,0.0
2020-12-11,17.81,17.92,17.05,17.3,17.83,-0.5299999999999976,-2.97,12222217.0,95095726.0,2.2348,0.013707,0.049129,1.28,14.1736,25.1151,2.1164,3.0722,4.2033,0.02584,0.021318,1011660000.0,891660000.0,248775738.0,7830248400.0,6901448400.0,区域地产,房地产,房地产开发,住宅开发,8.78,7.18,0.0
2020-12-14,17.32,17.52,17.19,17.41,17.3,0.1099999999999994,0.64,6369072.0,49619094.0,2.2348,0.007143,0.025602,0.67,14.2652,25.2773,2.13,3.092,4.2304,0.025674,0.021181,1011660000.0,891660000.0,248775738.0,7880831400.0,6946031400.0,区域地产,房地产,房地产开发,住宅开发,8.51,6.97,0.0
2020-12-15,17.32,18.03,17.21,17.72,17.41,0.3099999999999987,1.78,10454646.0,82590745.0,2.2348,0.011725,0.042024,1.18,14.5215,25.7316,2.1683,3.1476,4.3064,0.025221,0.020807,1011660000.0,891660000.0,248775738.0,8022463800.0,7070863800.0,区域地产,房地产,房地产开发,住宅开发,8.57,7.01,0.0
2020-12-16,17.63,17.79,17.23,17.23,17.72,-0.4899999999999984,-2.77,7305921.000000001,56761154.0,2.2348,0.008194,0.029367,0.75,14.1187,25.0177,2.1082,3.0603,4.187,0.0259399999999999,0.021401,1011660000.0,891660000.0,248775738.0,7799898600.0,6874698600.0,区域地产,房地产,房地产开发,住宅开发,8.72,7.14,0.0
2020-12-17,17.23,17.28,16.63,17.14,17.23,-0.0899999999999998,-0.52,9522998.0,72189973.0,2.2348,0.01068,0.038279,1.06,14.0454,24.8879,2.0972,3.0444,4.1652,0.026076,0.0215119999999999,1011660000.0,891660000.0,248775738.0,7759432200.0,6839032200.0,区域地产,房地产,房地产开发,住宅开发,8.48,6.94,0.0
2020-12-18,17.14,17.25,16.87,16.87,17.14,-0.2699999999999996,-1.58,6510661.0,49723488.0,2.2348,0.0073019999999999,0.026171,0.71,13.8257,24.4985,2.0644,2.9968,4.1001,0.02649,0.021854,1011660000.0,891660000.0,248775738.0,7638033000.0,6732033000.0,区域地产,房地产,房地产开发,住宅开发,8.44,6.9,0.0
2020-12-21,16.81,16.98,16.74,16.78,16.87,-0.0899999999999998,-0.53,6189281.0,46608342.0,2.2348,0.006941,0.024879,0.77,13.7524,24.3687,2.0535,2.9809,4.0784,0.026631,0.0219709999999999,1011660000.0,891660000.0,248775738.0,7597566600.0,6696366600.0,区域地产,房地产,房地产开发,住宅开发,8.31,6.8,0.0
2020-12-22,16.74,16.76,15.98,16.09,16.78,-0.6900000000000013,-4.11,12525014.0,91697369.0,2.2348,0.014047,0.050347,1.57,13.1848,23.3628,1.9687,2.8579,3.91,0.027778,0.022917,1011660000.0,891660000.0,248775738.0,7283952000.0,6419952000.0,区域地产,房地产,房地产开发,住宅开发,8.26,6.76,0.0
2020-12-23,16.18,16.38,15.98,16.29,16.09,0.1999999999999993,1.24,7153703.999999999,51900373.0,2.2348,0.008023,0.028756,0.85,13.3496,23.6549,1.9933,2.8936,3.9589,0.027435,0.0226339999999999,1011660000.0,891660000.0,248775738.0,7375001400.0,6500201400.0,区域地产,房地产,房地产开发,住宅开发,7.92,6.48,0.0
2020-12-24,16.18,16.29,15.55,15.58,16.29,-0.7099999999999991,-4.36,9727402.0,68852018.0,2.2348,0.010909,0.039101,1.16,12.7636,22.6165,1.9058,2.7666,3.7851,0.028694,0.023673,1011660000.0,891660000.0,248775738.0,7051270200.0,6214870200.0,区域地产,房地产,房地产开发,住宅开发,8.02,6.56,0.0
2020-12-25,15.64,15.84,15.46,15.64,15.58,0.0600000000000005,0.39,6775236.0,47569417.0,2.2348,0.007598,0.0272339999999999,0.8,12.8185,22.7139,1.914,2.7785,3.8014,0.028571,0.0235709999999999,1011660000.0,891660000.0,248775738.0,7081620000.0,6241620000.0,区域地产,房地产,房地产开发,住宅开发,7.67,6.27,0.0
2020-12-28,15.64,16.02,15.53,15.73,15.64,0.0899999999999998,0.58,7296400.999999999,51516317.0,2.2348,0.008183,0.029329,0.86,12.8918,22.8437,1.925,2.7944,3.8231,0.028409,0.023438,1011660000.0,891660000.0,248775738.0,7122086400.0,6277286400.0,区域地产,房地产,房地产开发,住宅开发,7.7,6.3,0.0
2020-12-29,15.73,16.2,15.67,15.98,15.73,0.25,1.59,8453954.0,60571831.0,2.2348,0.009481,0.033982,0.97,13.0932,23.2006,1.955,2.838,3.8829,0.027972,0.023077,1011660000.0,891660000.0,248775738.0,7233369000.0,6375369000.0,区域地产,房地产,房地产开发,住宅开发,7.74,6.34,0.0
2020-12-30,15.93,16.02,15.76,15.82,15.98,-0.1600000000000001,-1.0,5039968.0,35778779.0,2.2348,0.005652,0.020259,0.64,12.965,22.9735,1.9359,2.8102,3.8448,0.028249,0.023305,1011660000.0,891660000.0,248775738.0,7162552800.0,6312952800.0,区域地产,房地产,房地产开发,住宅开发,7.87,6.44,0.0
2020-12-31,15.82,16.02,15.8,15.96,15.82,0.1400000000000005,0.88,4409484.0,31442541.0,2.2348,0.004945,0.017725,0.59,13.0749,23.1682,1.9523,2.834,3.8774,0.0280109999999999,0.023109,1011660000.0,891660000.0,248775738.0,7223252400.0,6366452400.0,区域地产,房地产,房地产开发,住宅开发,7.79,6.37,0.0
2021-01-04,15.89,15.96,15.46,15.69,15.96,-0.2700000000000013,-1.69,10622520.0,74280693.0,2.2348,0.011913,0.042699,1.66,12.8551,22.7788,1.9195,2.7864,3.8123,0.023504,0.023504,1011660000.0,891660000.0,248775738.0,7101853199.999999,6259453199.999999,区域地产,房地产,房地产开发,住宅开发,7.85,6.43,0.0
2021-01-05,15.69,15.84,15.46,15.8,15.69,0.1100000000000012,0.7,9666158.0,67604821.0,2.2348,0.010841,0.038855,1.35,12.9467,22.941,1.9332,2.8063,3.8394,0.023338,0.023338,1011660000.0,891660000.0,248775738.0,7152436200.0,6304036200.0,区域地产,房地产,房地产开发,住宅开发,7.72,6.32,0.0
2021-01-06,15.76,15.78,15.31,15.31,15.8,-0.4900000000000002,-3.1,8116786.0,56322273.0,2.2348,0.009103,0.032627,1.06,12.5438,22.2271,1.873,2.7189,3.7199,0.024088,0.024088,1011660000.0,891660000.0,248775738.0,6929871000.0,6107871000.0,区域地产,房地产,房地产开发,住宅开发,7.78,6.36,0.0
2021-01-07,15.33,15.4,14.24,14.42,15.31,-0.8900000000000006,-5.81,13798144.0,90551952.0,2.235,0.015475,0.055464,1.82,11.8113,20.9292,1.7636,2.5602,3.5027,0.025581,0.025581,1011660000.0,891660000.0,248775738.0,6525207000.0,5751207000.0,区域地产,房地产,房地产开发,住宅开发,7.54,6.17,0.0
2021-01-08,14.3,15.53,14.13,15.06,14.42,0.6400000000000006,4.44,16348821.0,109227976.0,2.235,0.018335,0.065717,1.75,12.3424,21.8702,1.8429,2.6753,3.6602,0.024481,0.024481,1011660000.0,891660000.0,248775738.0,6818588400.0,6009788400.0,区域地产,房地产,房地产开发,住宅开发,7.1,5.81,0.0
2021-01-11,14.91,15.67,14.84,15.11,15.06,0.0499999999999989,0.33,11643046.0,79422004.0,2.235,0.013058,0.046801,0.99,12.379,21.9351,1.8484,2.6832,3.6711,0.024408,0.024408,1011660000.0,891660000.0,248775738.0,6838821600.0,6027621600.0,区域地产,房地产,房地产开发,住宅开发,7.41,6.07,0.0
2021-01-12,14.97,15.58,14.89,15.18,15.11,0.0700000000000002,0.46,8984952.0,61231032.0,2.235,0.010077,0.0361169999999999,0.75,12.434,22.0325,1.8566,2.6951,3.6874,0.0243,0.0243,1011660000.0,891660000.0,248775738.0,6869171400.0,6054371400.0,区域地产,房地产,房地产开发,住宅开发,7.44,6.08,0.0
2021-01-13,15.06,15.49,14.8,15.27,15.18,0.0899999999999998,0.59,10212661.0,69260184.0,2.235,0.0114539999999999,0.041052,0.87,12.5072,22.1623,1.8675,2.711,3.7091,0.024158,0.024158,1011660000.0,891660000.0,248775738.0,6909637800.0,6090037800.0,区域地产,房地产,房地产开发,住宅开发,7.47,6.11,0.0
2021-01-14,15.2,16.78,15.18,16.78,15.27,1.5100000000000016,9.89,25446188.0,183729767.0,2.235,0.028538,0.102286,2.09,13.7524,24.3687,2.0535,2.9809,4.0784,0.0219709999999999,0.0219709999999999,1011660000.0,891660000.0,248775738.0,7597566600.0,6696366600.0,区域地产,房地产,房地产开发,住宅开发,7.51,6.15,0.0
2021-01-15,16.85,18.28,16.49,17.52,16.78,0.7399999999999984,4.41,41511955.0,324197992.0,2.235,0.046556,0.1668649999999999,2.86,14.3567,25.4395,2.1437,3.1119,4.2576,0.021046,0.021046,1011660000.0,891660000.0,248775738.0,7931414399.999999,6990614399.999999,区域地产,房地产,房地产开发,住宅开发,8.26,6.76,0.0
2021-01-18,16.94,18.22,16.56,17.43,17.52,-0.0899999999999998,-0.51,26124730.0,201627541.0,2.235,0.029299,0.105013,1.34,14.2835,25.3097,2.1328,3.096,4.2358,0.021154,0.021154,1011660000.0,891660000.0,248775738.0,7890948000.0,6954948000.0,区域地产,房地产,房地产开发,住宅开发,8.62,7.06,0.0
2021-01-19,17.23,18.24,16.87,17.59,17.43,0.1600000000000001,0.92,27057078.000000004,213136047.0,2.235,0.030345,0.108761,1.2,14.4117,25.5369,2.1519,3.1238,4.2739,0.020966,0.020966,1011660000.0,891660000.0,248775738.0,7961764200.0,7017364200.0,区域地产,房地产,房地产开发,住宅开发,8.58,7.02,0.0
2021-01-20,17.43,18.08,16.83,16.92,17.59,-0.6699999999999982,-3.81,18216311.0,141580340.0,2.235,0.02043,0.073224,0.7,13.8623,24.5634,2.0699,3.0047,4.1109,0.021797,0.021797,1011660000.0,891660000.0,248775738.0,7658266200.0,6749866200.0,区域地产,房地产,房地产开发,住宅开发,8.66,7.08,0.0
2021-01-21,16.9,17.3,16.54,16.83,16.92,-0.0900000000000034,-0.53,15432304.999999998,116508675.0,2.235,0.017307,0.062033,0.56,13.7891,24.4336,2.0589,2.9888,4.0892,0.0219119999999999,0.0219119999999999,1011660000.0,891660000.0,248775738.0,7617799800.0,6714199800.0,区域地产,房地产,房地产开发,住宅开发,8.33,6.81,0.0
2021-01-22,16.7,16.83,16.0,16.0,16.83,-0.8299999999999983,-4.93,16446829.0,119993698.0,2.235,0.018445,0.066111,0.64,13.1115,23.233,1.9578,2.842,3.8883,0.023045,0.023045,1011660000.0,891660000.0,248775738.0,7243485600.000001,6384285600.000001,区域地产,房地产,房地产开发,住宅开发,8.28,6.78,0.0
2021-01-25,15.91,15.96,15.24,15.31,16.0,-0.6899999999999995,-4.31,11265192.0,78143936.0,2.235,0.012634,0.045283,0.55,12.5438,22.2271,1.873,2.7189,3.7199,0.024088,0.024088,1011660000.0,891660000.0,248775738.0,6929871000.0,6107871000.0,区域地产,房地产,房地产开发,住宅开发,7.88,6.44,0.0
2021-01-26,15.24,15.6,14.95,15.0,15.31,-0.3100000000000005,-2.02,8355941.0,57150907.0,2.235,0.009371,0.033588,0.47,12.2875,21.7729,1.8347,2.6634,3.6439,0.02459,0.02459,1011660000.0,891660000.0,248775738.0,6788238600.0,5983038600.0,区域地产,房地产,房地产开发,住宅开发,7.54,6.17,0.0
2021-01-27,15.09,15.33,14.89,14.91,15.0,-0.0899999999999998,-0.6,8012914.0,53913382.0,2.235,0.008987,0.032209,0.57,12.2142,21.6431,1.8238,2.6475,3.6222,0.024738,0.024738,1011660000.0,891660000.0,248775738.0,6747772200.0,5947372200.0,区域地产,房地产,房地产开发,住宅开发,7.38,6.04,0.0
2021-01-28,14.66,14.91,14.55,14.59,14.91,-0.3200000000000003,-2.15,5805128.0,38282024.0,2.235,0.00651,0.0233349999999999,0.49,11.9578,21.1888,1.7855,2.5919,3.5462,0.025268,0.025268,1011660000.0,891660000.0,248775738.0,6606139800.0,5822539800.0,区域地产,房地产,房地产开发,住宅开发,7.34,6.0,0.0
2021-01-29,14.62,15.0,14.3,14.46,14.59,-0.129999999999999,-0.89,7425259.0,48552960.0,2.235,0.008327,0.029847,0.74,11.848,20.9941,1.7691,2.5681,3.5136,0.0255019999999999,0.0255019999999999,1011660000.0,891660000.0,248775738.0,6545440200.0,5769040200.0,区域地产,房地产,房地产开发,住宅开发,7.18,5.88,0.0
2021-02-01,14.46,14.89,14.42,14.68,14.46,0.2199999999999988,1.52,6611984.0,43361845.0,2.235,0.007415,0.026578,0.81,12.0311,21.3186,1.7965,2.6078,3.5679,0.025114,0.025114,1011660000.0,891660000.0,248775738.0,6646606200.0,5858206200.0,区域地产,房地产,房地产开发,住宅开发,7.12,5.82,0.0
2021-02-02,14.64,15.31,14.64,14.95,14.68,0.2699999999999996,1.84,8934281.0,60080552.0,2.235,0.01002,0.035913,1.23,12.2508,21.708,1.8293,2.6554,3.633,0.024664,0.024664,1011660000.0,891660000.0,248775738.0,6768005400.0,5965205400.0,区域地产,房地产,房地产开发,住宅开发,7.23,5.91,0.0
2021-02-03,15.02,15.11,14.28,14.35,14.95,-0.5999999999999996,-4.01,7423300.999999999,48595851.0,2.235,0.008325,0.029839,1.01,11.7564,20.8319,1.7554,2.5483,3.4864,0.025701,0.025701,1011660000.0,891660000.0,248775738.0,6494857200.0,5724457200.0,区域地产,房地产,房地产开发,住宅开发,7.36,6.02,0.0
2021-02-04,14.33,14.33,13.5,13.61,14.35,-0.7400000000000002,-5.16,9623244.0,59399912.0,2.235,0.0107929999999999,0.038682,1.33,11.1521,19.7611,1.6652,2.4173,3.3072,0.027094,0.027094,1011660000.0,891660000.0,248775738.0,6161009399.999999,5430209399.999999,区域地产,房地产,房地产开发,住宅开发,7.06,5.78,0.0
2021-02-05,13.63,14.01,13.57,13.66,13.61,0.0500000000000007,0.37,5621162.0,34686917.0,2.235,0.006304,0.022595,0.7,11.1887,19.826,1.6707,2.4252,3.3181,0.0270049999999999,0.0270049999999999,1011660000.0,891660000.0,248775738.0,6181242600.0,5448042600.0,区域地产,房地产,房地产开发,住宅开发,6.7,5.48,0.0
2021-02-08,13.77,13.83,13.5,13.54,13.66,-0.120000000000001,-0.88,4843830.0,29520362.0,2.235,0.005432,0.019471,0.63,11.0972,19.6637,1.657,2.4054,3.2909,0.027228,0.027228,1011660000.0,891660000.0,248775738.0,6130659600.0,5403459600.0,区域地产,房地产,房地产开发,住宅开发,6.72,5.5,0.0
2021-02-09,13.54,13.61,13.37,13.52,13.54,-0.0199999999999995,-0.15,4973043.0,30042564.0,2.235,0.0055769999999999,0.01999,0.68,11.0789,19.6313,1.6543,2.4014,3.2855,0.027273,0.027273,1011660000.0,891660000.0,248775738.0,6120543000.0,5394543000.0,区域地产,房地产,房地产开发,住宅开发,6.67,5.45,0.0
2021-02-10,13.52,13.75,13.48,13.52,13.52,0.0,0.0,5175473.0,31407433.0,2.235,0.005804,0.020804,0.8,11.0789,19.6313,1.6543,2.4014,3.2855,0.027273,0.027273,1011660000.0,891660000.0,248775738.0,6120543000.0,5394543000.0,区域地产,房地产,房地产开发,住宅开发,6.66,5.45,0.0
2021-02-18,13.63,14.24,13.59,14.04,13.52,0.5199999999999996,3.85,8077627.0,50395764.0,2.235,0.009059,0.03247,1.34,11.5,20.3776,1.7172,2.4927,3.4104,0.026274,0.026274,1011660000.0,891660000.0,248775738.0,6353224800.0,5599624800.0,区域地产,房地产,房地产开发,住宅开发,6.66,5.45,0.0
2021-02-19,14.06,14.84,13.99,14.75,14.04,0.7100000000000009,5.06,9341373.0,60471594.0,2.235,0.010476,0.037549,1.63,12.086,21.4159,1.8047,2.6197,3.5842,0.025,0.025,1011660000.0,891660000.0,248775738.0,6676956000.0,5884956000.0,区域地产,房地产,房地产开发,住宅开发,6.91,5.65,0.0
2021-02-22,14.77,15.38,14.75,15.09,14.75,0.3399999999999998,2.31,11210167.0,75714189.0,2.235,0.012572,0.045061,1.73,12.3607,21.9027,1.8457,2.6792,3.6656,0.024444,0.024444,1011660000.0,891660000.0,248775738.0,6828705000.0,6018705000.0,区域地产,房地产,房地产开发,住宅开发,7.26,5.94,0.0
2021-02-23,15.09,15.2,14.55,14.62,15.09,-0.4700000000000006,-3.11,7905648.0,52217610.0,2.235,0.008866,0.031778,1.02,11.9762,21.2212,1.7883,2.5959,3.5516,0.0252289999999999,0.0252289999999999,1011660000.0,891660000.0,248775738.0,6616256400.0,5831456400.0,区域地产,房地产,房地产开发,住宅开发,7.43,6.08,0.0
2021-02-24,14.59,16.07,14.48,16.07,14.62,1.450000000000001,9.92,25693095.0,180084371.0,2.235,0.028815,0.103278,3.08,13.1664,23.3304,1.966,2.8539,3.9046,0.022949,0.022949,1011660000.0,891660000.0,248775738.0,7273835400.0,6411035400.0,区域地产,房地产,房地产开发,住宅开发,7.19,5.89,0.0
2021-02-25,16.16,17.68,15.71,17.68,16.07,1.6099999999999994,10.02,30938227.0,232982991.0,2.235,0.034697,0.124362,2.49,14.4849,25.6667,2.1629,3.1397,4.2956,0.02086,0.02086,1011660000.0,891660000.0,248775738.0,8002230600.000001,7053030600.000001,区域地产,房地产,房地产开发,住宅开发,7.91,6.47,0.0
2021-02-26,17.12,18.33,16.58,16.65,17.68,-1.0300000000000011,-5.83,37690258.0,290774806.0,2.235,0.04227,0.151503,2.21,13.6426,24.1741,2.0371,2.9571,4.0458,0.0221479999999999,0.0221479999999999,1011660000.0,891660000.0,248775738.0,7536867000.0,6642867000.0,区域地产,房地产,房地产开发,住宅开发,8.7,7.12,0.0
2021-03-01,16.45,17.03,16.11,16.78,16.65,0.1300000000000025,0.78,21806472.0,162147824.0,2.235,0.024456,0.087655,0.96,13.7524,24.3687,2.0535,2.9809,4.0784,0.0219709999999999,0.0219709999999999,1011660000.0,891660000.0,248775738.0,7597566600.0,6696366600.0,区域地产,房地产,房地产开发,住宅开发,8.2,6.71,0.0
2021-03-02,16.54,17.19,16.32,16.43,16.78,-0.3500000000000014,-2.09,17928432.0,133883189.0,2.235,0.020107,0.0720669999999999,0.72,13.4594,23.8496,2.0097,2.9174,3.9915,0.022449,0.022449,1011660000.0,891660000.0,248775738.0,7435701000.0,6553701000.0,区域地产,房地产,房地产开发,住宅开发,8.26,6.76,0.0
2021-03-03,16.36,16.94,16.14,16.63,16.43,0.1999999999999993,1.22,12986954.0,96357008.0,2.235,0.014565,0.052203,0.48,13.6243,24.1416,2.0343,2.9531,4.0403,0.022177,0.022177,1011660000.0,891660000.0,248775738.0,7526750400.0,6633950400.0,区域地产,房地产,房地产开发,住宅开发,8.09,6.62,0.0
2021-03-04,16.45,17.08,16.32,16.36,16.63,-0.2699999999999996,-1.62,11033203.0,82139335.0,2.235,0.012374,0.0443499999999999,0.45,13.4045,23.7522,2.0015,2.9055,3.9752,0.022541,0.022541,1011660000.0,891660000.0,248775738.0,7405351200.0,6526951200.0,区域地产,房地产,房地产开发,住宅开发,8.18,6.7,0.0
2021-03-05,16.29,16.52,16.16,16.43,16.36,0.0700000000000002,0.43,8563381.0,62558511.0,2.235,0.009604,0.034422,0.42,13.4594,23.8496,2.0097,2.9174,3.9915,0.022449,0.022449,1011660000.0,891660000.0,248775738.0,7435701000.0,6553701000.0,区域地产,房地产,房地产开发,住宅开发,8.05,6.59,0.0
2021-03-08,16.45,16.94,16.36,16.61,16.43,0.1799999999999997,1.1,10756327.0,80238597.0,2.235,0.0120629999999999,0.043237,0.74,13.6059,24.1092,2.0316,2.9492,4.0349,0.0222069999999999,0.0222069999999999,1011660000.0,891660000.0,248775738.0,7516633800.0,6625033800.0,区域地产,房地产,房地产开发,住宅开发,8.09,6.62,0.0
2021-03-09,16.54,16.76,15.67,16.27,16.61,-0.3399999999999998,-2.05,10098341.0,73567701.0,2.235,0.011325,0.0405919999999999,0.82,13.3313,23.6224,1.9906,2.8896,3.9534,0.022665,0.022665,1011660000.0,891660000.0,248775738.0,7364884800.0,6491284800.0,区域地产,房地产,房地产开发,住宅开发,8.17,6.69,0.0
2021-03-10,16.52,16.61,16.05,16.11,16.27,-0.1600000000000001,-0.98,7271288.0,53111573.0,2.235,0.008155,0.029228,0.68,13.2031,23.3953,1.9715,2.8618,3.9154,0.022885,0.022885,1011660000.0,891660000.0,248775738.0,7294068600.0,6428868600.0,区域地产,房地产,房地产开发,住宅开发,8.01,6.55,0.0
2021-03-11,16.14,17.63,16.14,16.85,16.11,0.740000000000002,4.59,13311140.0,99621435.0,2.235,0.0149279999999999,0.053507,1.39,13.8074,24.4661,2.0617,2.9928,4.0946,0.021883,0.021883,1011660000.0,891660000.0,248775738.0,7627916400.0,6723116400.0,区域地产,房地产,房地产开发,住宅开发,7.93,6.49,0.0
2021-03-12,16.76,17.5,16.67,17.03,16.85,0.1799999999999997,1.07,13046294.0,99572536.0,2.235,0.014631,0.052442,1.3,13.9539,24.7257,2.0836,3.0246,4.1381,0.021654,0.021654,1011660000.0,891660000.0,248775738.0,7708849200.0,6794449200.0,区域地产,房地产,房地产开发,住宅开发,8.29,6.79,0.0
2021-03-15,16.92,17.86,16.92,17.32,17.03,0.2899999999999991,1.7,11040757.0,85820360.0,2.235,0.0123819999999999,0.0443799999999999,1.01,14.1919,25.1475,2.1191,3.0762,4.2087,0.02129,0.02129,1011660000.0,891660000.0,248775738.0,7840365000.0,6910365000.0,区域地产,房地产,房地产开发,住宅开发,8.38,6.86,0.0
2021-03-16,17.25,18.6,17.21,18.1,17.32,0.7800000000000011,4.5,20842222.0,167423925.0,2.235,0.023375,0.083779,1.9,14.8329,26.2832,2.2148,3.2151,4.3988,0.02037,0.02037,1011660000.0,891660000.0,248775738.0,8194446000.0,7222446000.0,区域地产,房地产,房地产开发,住宅开发,8.53,6.98,0.0
2021-03-17,17.97,19.29,17.88,18.33,18.1,0.2299999999999968,1.27,24771458.0,206397021.0,2.235,0.0277809999999999,0.099573,1.89,15.016,26.6077,2.2421,3.2548,4.4531,0.020122,0.020122,1011660000.0,891660000.0,248775738.0,8295612000.0,7311612000.0,区域地产,房地产,房地产开发,住宅开发,8.91,7.29,0.0
2021-03-18,17.95,18.19,17.37,17.43,18.33,-0.8999999999999986,-4.91,17146613.0,135491751.0,2.235,0.01923,0.068924,1.03,14.2835,25.3097,2.1328,3.096,4.2358,0.021154,0.021154,1011660000.0,891660000.0,248775738.0,7890948000.0,6954948000.0,区域地产,房地产,房地产开发,住宅开发,9.02,7.38,0.0
2021-03-19,17.23,17.41,17.01,17.19,17.43,-0.2399999999999984,-1.38,9228445.0,71008335.0,2.235,0.01035,0.0370949999999999,0.53,14.0821,24.9528,2.1027,3.0524,4.1761,0.021456,0.021456,1011660000.0,891660000.0,248775738.0,7779665400.0,6856865400.0,区域地产,房地产,房地产开发,住宅开发,8.58,7.02,0.0
2021-03-22,17.1,17.59,17.03,17.23,17.19,0.0399999999999991,0.23,9274301.0,71706866.0,2.235,0.010401,0.03728,0.56,26.8749,26.8749,2.0539,4.8296,4.8296,0.021401,0.021401,1011660000.0,891660000.0,248775738.0,7799898600.0,6874698600.0,区域地产,房地产,房地产开发,住宅开发,8.46,6.92,0.0
2021-03-23,17.21,17.41,16.81,16.85,17.23,-0.379999999999999,-2.21,8724305.0,66733335.00000001,2.235,0.009784,0.0350689999999999,0.54,26.2823,26.2823,2.0087,4.7231,4.7231,0.021883,0.021883,1011660000.0,891660000.0,248775738.0,7627916400.0,6723116400.0,区域地产,房地产,房地产开发,住宅开发,8.48,6.94,0.0
2021-03-24,16.65,16.96,16.38,16.47,16.85,-0.3800000000000025,-2.26,7066227.0,52429009.0,2.235,0.007925,0.028404,0.51,25.6898,25.6898,1.9634,4.6166,4.6166,0.0223879999999999,0.0223879999999999,1011660000.0,891660000.0,248775738.0,7455934200.0,6571534200.0,区域地产,房地产,房地产开发,住宅开发,8.29,6.79,0.0
2021-03-25,16.47,16.56,16.23,16.29,16.47,-0.1799999999999997,-1.09,4434847.0,32470957.0,2.235,0.004974,0.017827,0.43,25.4109,25.4109,1.9421,4.5665,4.5665,0.0226339999999999,0.0226339999999999,1011660000.0,891660000.0,248775738.0,7375001400.0,6500201400.0,区域地产,房地产,房地产开发,住宅开发,8.11,6.63,0.0
2021-03-26,16.47,16.56,16.25,16.54,16.29,0.25,1.53,3651866.000000001,26870344.0,2.235,0.004096,0.014679,0.47,25.7943,25.7943,1.9714,4.6354,4.6354,0.0222969999999999,0.0222969999999999,1011660000.0,891660000.0,248775738.0,7486284000.0,6598284000.0,区域地产,房地产,房地产开发,住宅开发,8.02,6.56,0.0
2021-03-29,16.49,16.49,16.14,16.43,16.54,-0.1099999999999994,-0.67,4283828.0,31286704.0,2.235,0.004804,0.01722,0.65,25.62,25.62,1.958,4.6041,4.6041,0.022449,0.022449,1011660000.0,891660000.0,248775738.0,7435701000.0,6553701000.0,区域地产,房地产,房地产开发,住宅开发,8.14,6.66,0.0
2021-03-30,16.43,16.43,15.96,16.05,16.43,-0.379999999999999,-2.31,5405612.0,38997251.0,2.235,0.006062,0.021729,0.96,25.0275,25.0275,1.9128,4.4976,4.4976,0.0229809999999999,0.0229809999999999,1011660000.0,891660000.0,248775738.0,7263718800.0,6402118800.0,区域地产,房地产,房地产开发,住宅开发,8.09,6.62,0.0
2021-03-31,16.02,16.47,15.91,16.4,16.05,0.3499999999999978,2.18,4481728.0,32569714.0,2.235,0.005026,0.018015,0.9,25.5852,25.5852,1.9554,4.5979,4.5979,0.02248,0.02248,1011660000.0,891660000.0,248775738.0,7425584399.999999,6544784399.999999,区域地产,房地产,房地产开发,住宅开发,7.9,6.46,0.0
2021-04-01,16.43,16.43,16.16,16.27,16.4,-0.129999999999999,-0.79,2991511.0,21806254.0,2.235,0.003355,0.012025,0.67,25.376,25.376,1.9394,4.5603,4.5603,0.022665,0.022665,1011660000.0,891660000.0,248775738.0,7364884800.0,6491284800.0,区域地产,房地产,房地产开发,住宅开发,8.07,6.61,0.0
2021-04-02,16.32,16.38,16.07,16.18,16.27,-0.0899999999999998,-0.55,2980600.0,21593662.0,2.235,0.003343,0.0119809999999999,0.72,25.2366,25.2366,1.9287,4.5352,4.5352,0.0227899999999999,0.0227899999999999,1011660000.0,891660000.0,248775738.0,7324418400.0,6455618400.0,区域地产,房地产,房地产开发,住宅开发,8.01,6.55,0.0
2021-04-06,16.16,16.63,16.0,16.43,16.18,0.25,1.55,3930274.0,28773710.0,2.235,0.004408,0.015798,0.98,25.62,25.62,1.958,4.6041,4.6041,0.022449,0.022449,1011660000.0,891660000.0,248775738.0,7435701000.0,6553701000.0,区域地产,房地产,房地产开发,住宅开发,7.96,6.52,0.0
2021-04-07,16.43,17.21,16.4,17.05,16.43,0.620000000000001,3.77,7066837.0,53384307.0,2.235,0.007925,0.0284059999999999,1.79,26.5961,26.5961,2.0326,4.7795,4.7795,0.021625,0.021625,1011660000.0,891660000.0,248775738.0,7718965800.0,6803365800.0,区域地产,房地产,房地产开发,住宅开发,8.09,6.62,0.0
2021-04-08,16.92,17.14,16.72,16.83,17.05,-0.2200000000000024,-1.29,5457865.0,41285632.0,2.235,0.006121,0.021939,1.27,26.2475,26.2475,2.006,4.7169,4.7169,0.0219119999999999,0.0219119999999999,1011660000.0,891660000.0,248775738.0,7617799800.0,6714199800.0,区域地产,房地产,房地产开发,住宅开发,8.39,6.87,0.0
2021-04-09,16.83,16.83,16.38,16.43,16.83,-0.3999999999999986,-2.38,3771086.0,27976937.0,2.235,0.004229,0.015159,0.84,25.62,25.62,1.958,4.6041,4.6041,0.022449,0.022449,1011660000.0,891660000.0,248775738.0,7435701000.0,6553701000.0,区域地产,房地产,房地产开发,住宅开发,8.28,6.78,0.0
2021-04-12,16.45,16.54,16.18,16.4,16.43,-0.0300000000000011,-0.18,3089124.0,22636896.0,2.235,0.003464,0.012417,0.67,25.5852,25.5852,1.9554,4.5979,4.5979,0.02248,0.02248,1011660000.0,891660000.0,248775738.0,7425584399.999999,6544784399.999999,区域地产,房地产,房地产开发,住宅开发,8.09,6.62,0.0
2021-04-13,16.34,16.54,16.14,16.45,16.4,0.0500000000000007,0.3,3999419.0,29201465.0,2.235,0.004485,0.016076,0.86,25.6549,25.6549,1.9607,4.6104,4.6104,0.022418,0.022418,1011660000.0,891660000.0,248775738.0,7445817600.0,6562617600.0,区域地产,房地产,房地产开发,住宅开发,8.07,6.61,0.0
2021-04-14,16.54,16.61,16.29,16.58,16.45,0.129999999999999,0.79,2744889.0,20221023.0,2.235,0.003078,0.0110339999999999,0.59,25.864,25.864,1.9767,4.648,4.648,0.022237,0.022237,1011660000.0,891660000.0,248775738.0,7506517200.0,6616117200.0,区域地产,房地产,房地产开发,住宅开发,8.1,6.62,0.0
2021-04-15,16.54,17.25,16.43,17.01,16.58,0.4300000000000032,2.59,6357593.0,48247741.0,2.235,0.00713,0.025556,1.67,26.5263,26.5263,2.0273,4.767,4.767,0.021682,0.021682,1011660000.0,891660000.0,248775738.0,7698732600.0,6785532600.0,区域地产,房地产,房地产开发,住宅开发,8.16,6.68,0.0
2021-04-16,17.01,17.19,16.9,17.14,17.01,0.129999999999999,0.76,4148708.0,31710641.0,2.235,0.004653,0.016676,1.04,26.7355,26.7355,2.0433,4.8046,4.8046,0.0215119999999999,0.0215119999999999,1011660000.0,891660000.0,248775738.0,7759432200.0,6839032200.0,区域地产,房地产,房地产开发,住宅开发,8.37,6.85,0.0
2021-04-19,17.05,17.14,16.9,17.01,17.14,-0.129999999999999,-0.76,3831743.0,29132788.0,2.235,0.004297,0.015402,0.94,26.5263,26.5263,2.0273,4.767,4.767,0.021682,0.021682,1011660000.0,891660000.0,248775738.0,7698732600.0,6785532600.0,区域地产,房地产,房地产开发,住宅开发,8.44,6.9,0.0
2021-04-20,16.99,17.34,16.9,17.16,17.01,0.1499999999999985,0.88,4302422.0,33041396.0,2.235,0.0048249999999999,0.017294,1.02,26.7703,26.7703,2.046,4.8108,4.8108,0.021484,0.021484,1011660000.0,891660000.0,248775738.0,7769548800.0,6847948800.0,区域地产,房地产,房地产开发,住宅开发,8.37,6.85,0.0
2021-04-21,17.28,17.61,17.01,17.32,17.16,0.1600000000000001,0.93,6570628.999999999,51105853.0,2.235,0.007369,0.026412,1.54,27.0143,27.0143,2.0646,4.8547,4.8547,0.02129,0.02129,1011660000.0,891660000.0,248775738.0,7840365000.0,6910365000.0,区域地产,房地产,房地产开发,住宅开发,8.45,6.91,0.0
2021-04-22,17.3,17.39,16.96,17.01,17.32,-0.3099999999999987,-1.79,5198334.0,39851400.0,2.235,0.0058299999999999,0.0208959999999999,1.03,26.5263,26.5263,2.0273,4.767,4.767,0.021682,0.021682,1011660000.0,891660000.0,248775738.0,7698732600.0,6785532600.0,区域地产,房地产,房地产开发,住宅开发,8.53,6.98,0.0
2021-04-23,17.05,17.12,16.81,16.87,17.01,-0.1400000000000005,-0.82,2879680.0,21782418.0,2.235,0.00323,0.011575,0.6,26.3172,26.3172,2.0113,4.7294,4.7294,0.021854,0.021854,1011660000.0,891660000.0,248775738.0,7638033000.0,6732033000.0,区域地产,房地产,房地产开发,住宅开发,8.37,6.85,0.0
2021-04-26,16.9,16.94,16.47,16.56,16.87,-0.3100000000000023,-1.84,3996716.000000001,29794669.0,2.235,0.004482,0.016066,0.88,25.8292,25.8292,1.974,4.6417,4.6417,0.022267,0.022267,1011660000.0,891660000.0,248775738.0,7496400600.000001,6607200600.000001,区域地产,房地产,房地产开发,住宅开发,8.31,6.8,0.0
2021-04-27,16.43,16.76,16.29,16.72,16.56,0.1600000000000001,0.97,3990361.0,29428536.0,2.235,0.004475,0.01604,0.87,26.0732,26.0732,1.9927,4.6856,4.6856,0.022059,0.022059,1011660000.0,891660000.0,248775738.0,7567216800.000001,6669616800.000001,区域地产,房地产,房地产开发,住宅开发,8.15,6.67,0.0
2021-04-28,16.7,16.85,16.54,16.85,16.72,0.1300000000000025,0.78,2288584.0,17115193.0,2.235,0.002567,0.009199,0.51,26.2823,26.2823,2.0087,4.7231,4.7231,0.021883,0.021883,1011660000.0,891660000.0,248775738.0,7627916400.0,6723116400.0,区域地产,房地产,房地产开发,住宅开发,8.23,6.73,0.0
2021-04-29,16.87,17.19,16.74,17.01,16.85,0.1600000000000001,0.95,3755509.0,28557158.0,2.235,0.004212,0.015096,1.02,26.5263,21.9866,1.9802,4.767,4.3411,0.021682,0.021682,1011660000.0,891660000.0,248775738.0,7698732600.0,6785532600.0,区域地产,房地产,房地产开发,住宅开发,8.29,6.79,0.0
2021-04-30,16.99,17.21,16.61,16.87,17.01,-0.1400000000000005,-0.82,3495210.0,26381367.0,2.235,0.00392,0.01405,1.03,26.3172,21.8133,1.9646,4.7294,4.3069,0.021854,0.021854,1011660000.0,891660000.0,248775738.0,7638033000.0,6732033000.0,区域地产,房地产,房地产开发,住宅开发,8.37,6.85,0.0
2021-05-06,17.34,17.66,16.83,16.87,16.87,0.0,0.0,6971448.0,53356006.0,2.235,0.007819,0.028023,1.99,26.3172,21.8133,1.9646,4.7294,4.3069,0.021854,0.021854,1011660000.0,891660000.0,248775738.0,7638033000.0,6732033000.0,区域地产,房地产,房地产开发,住宅开发,8.31,6.8,0.0
2021-05-07,16.76,16.87,16.38,16.47,16.87,-0.4000000000000021,-2.37,4582227.0,33972438.0,2.235,0.005139,0.018419,1.12,25.6898,21.2932,1.9177,4.6166,4.2042,0.0223879999999999,0.0223879999999999,1011660000.0,891660000.0,248775738.0,7455934200.0,6571534200.0,区域地产,房地产,房地产开发,住宅开发,8.31,6.8,0.0
2021-05-10,16.56,16.65,16.2,16.45,16.47,-0.0199999999999995,-0.12,3830220.0,28115915.0,2.235,0.0042959999999999,0.015396,0.91,25.6549,21.2643,1.9151,4.6104,4.1985,0.022418,0.022418,1011660000.0,891660000.0,248775738.0,7445817600.0,6562617600.0,区域地产,房地产,房地产开发,住宅开发,8.11,6.63,0.0
2021-05-11,16.45,16.56,16.16,16.54,16.45,0.0899999999999998,0.55,2646188.0,19426959.0,2.235,0.002968,0.010637,0.58,25.7943,21.3799,1.9256,4.6354,4.2213,0.0222969999999999,0.0222969999999999,1011660000.0,891660000.0,248775738.0,7486284000.0,6598284000.0,区域地产,房地产,房地产开发,住宅开发,8.1,6.62,0.0
2021-05-12,16.49,16.65,16.36,16.65,16.54,0.1099999999999994,0.67,2408959.0,17795078.0,2.235,0.002702,0.009683,0.56,25.9686,21.5244,1.9386,4.6668,4.2498,0.0221479999999999,0.0221479999999999,1011660000.0,891660000.0,248775738.0,7536867000.0,6642867000.0,区域地产,房地产,房地产开发,住宅开发,8.14,6.66,0.0
2021-05-13,16.43,17.34,16.43,16.96,16.65,0.3100000000000023,1.86,7386550.999999999,55816883.0,2.235,0.008284,0.029692,1.81,26.4566,21.9289,1.975,4.7545,4.3297,0.021739,0.021739,1011660000.0,891660000.0,248775738.0,7678499399.999999,6767699399.999999,区域地产,房地产,房地产开发,住宅开发,8.2,6.71,0.0
2021-05-14,16.76,16.96,16.58,16.74,16.96,-0.2200000000000024,-1.3,4901808.0,36688112.0,2.235,0.0054969999999999,0.019704,1.18,26.108,21.6399,1.949,4.6918,4.2727,0.022029,0.022029,1011660000.0,891660000.0,248775738.0,7577333400.0,6678533400.0,区域地产,房地产,房地产开发,住宅开发,8.35,6.83,0.0
2021-05-17,16.74,16.74,16.32,16.43,16.74,-0.3099999999999987,-1.85,4015588.0,29542002.0,2.235,0.004503,0.016141,0.95,25.62,21.2355,1.9125,4.6041,4.1928,0.022449,0.022449,1011660000.0,891660000.0,248775738.0,7435701000.0,6553701000.0,区域地产,房地产,房地产开发,住宅开发,8.24,6.74,0.0
2021-05-18,16.4,16.4,16.16,16.29,16.43,-0.1400000000000005,-0.85,3328856.0,24222676.0,2.235,0.003733,0.013381,0.78,25.4109,21.0621,1.8969,4.5665,4.1586,0.0226339999999999,0.0226339999999999,1011660000.0,891660000.0,248775738.0,7375001400.0,6500201400.0,区域地产,房地产,房地产开发,住宅开发,8.09,6.62,0.0
2021-05-19,16.32,16.52,16.2,16.52,16.29,0.2300000000000004,1.41,2623956.0,19191329.0,2.235,0.002943,0.0105469999999999,0.6,25.7595,21.351,1.923,4.6292,4.2156,0.022327,0.022327,1011660000.0,891660000.0,248775738.0,7476167400.0,6589367400.0,区域地产,房地产,房地产开发,住宅开发,8.02,6.56,0.0
2021-05-20,16.52,16.56,16.27,16.34,16.52,-0.1799999999999997,-1.09,1905452.0,13974878.0,2.235,0.002137,0.007659,0.43,25.4806,21.1199,1.9021,4.5791,4.17,0.022572,0.022572,1011660000.0,891660000.0,248775738.0,7395234600.0,6518034600.0,区域地产,房地产,房地产开发,住宅开发,8.13,6.65,0.0
2021-05-21,16.38,16.56,16.32,16.45,16.34,0.1099999999999994,0.67,2799876.0,20586505.0,2.235,0.00314,0.011255,0.83,25.6549,21.2643,1.9151,4.6104,4.1985,0.022418,,1011660000.0,891660000.0,248775738.0,7445817600.0,6562617600.0,区域地产,房地产,房地产开发,住宅开发,8.04,6.58,0.0
2021-05-24,16.58,16.65,16.45,16.61,16.45,0.1600000000000001,0.97,3507217.0,25983560.0,2.235,0.003933,0.014098,1.2,25.8989,21.4666,1.9334,4.6542,4.2384,0.0222069999999999,,1011660000.0,891660000.0,248775738.0,7516633800.0,6625033800.0,区域地产,房地产,房地产开发,住宅开发,8.1,6.62,0.0
2021-05-25,16.61,16.61,16.38,16.56,16.61,-0.0500000000000007,-0.3,2899351.0,21390926.0,2.235,0.0032519999999999,0.011654,1.02,25.8292,21.4088,1.9282,4.6417,4.227,0.022267,,1011660000.0,891660000.0,248775738.0,7496400600.000001,6607200600.000001,区域地产,房地产,房地产开发,住宅开发,8.17,6.69,0.0
2021-05-26,16.49,17.01,16.49,16.78,16.56,0.2200000000000024,1.33,5564731.0,41894591.0,2.235,0.006241,0.022368,2.03,26.1778,21.6977,1.9542,4.7043,4.2841,0.0219709999999999,,1011660000.0,891660000.0,248775738.0,7597566600.0,6696366600.0,区域地产,房地产,房地产开发,住宅开发,8.15,6.67,0.0
2021-05-27,16.78,17.14,16.65,17.05,16.78,0.2699999999999996,1.61,5468571.0,41586407.0,2.235,0.0061329999999999,0.0219819999999999,1.64,26.5961,22.0444,1.9854,4.7795,4.3525,0.021625,,1011660000.0,891660000.0,248775738.0,7718965800.0,6803365800.0,区域地产,房地产,房地产开发,住宅开发,8.26,6.76,0.0
2021-05-28,17.16,17.23,16.83,16.99,17.05,-0.0600000000000022,-0.35,3736698.000000001,28456153.0,2.235,0.0041909999999999,0.01502,0.92,26.4915,21.9577,1.9776,4.7607,4.3354,0.021711,,1011660000.0,891660000.0,248775738.0,7688616000.0,6776616000.0,区域地产,房地产,房地产开发,住宅开发,8.39,6.87,0.0
2021-05-31,17.12,17.15,16.76,16.87,16.99,-0.1199999999999974,-0.71,3570123.0000000005,26669922.0,2.262,0.004004,0.014351,0.84,26.0035,21.5533,1.9861,4.673,4.2555,0.022118,0.0116619999999999,1011660000.0,891660000.0,248775738.0,7546983600.0,6651783600.0,区域地产,房地产,房地产开发,住宅开发,8.26,6.76,0.0
2021-06-01,16.94,17.8,16.81,17.21,16.87,0.3399999999999998,2.02,7994280.0,61291508.0,2.262,0.008966,0.032134,1.88,26.5263,21.9866,2.0261,4.767,4.3411,0.021682,0.011432,1011660000.0,891660000.0,248775738.0,7698732600.0,6785532600.0,区域地产,房地产,房地产开发,住宅开发,8.21,6.71,0.0
2021-06-02,17.37,17.39,17.03,17.12,17.21,-0.0899999999999998,-0.52,3392376.9999999995,25772089.0,2.262,0.003805,0.0136359999999999,0.64,26.3869,21.8711,2.0154,4.7419,4.3183,0.021797,0.011493,1011660000.0,891660000.0,248775738.0,7658266200.0,6749866200.0,区域地产,房地产,房地产开发,住宅开发,8.37,6.85,0.0
2021-06-03,17.1,17.92,17.06,17.76,17.12,0.6400000000000006,3.74,10832909.0,84004929.0,2.262,0.012149,0.043545,2.24,27.3629,22.68,2.09,4.9173,4.478,0.021019,0.011083,1011660000.0,891660000.0,248775738.0,7941531000.0,6999531000.0,区域地产,房地产,房地产开发,住宅开发,8.33,6.81,0.0
2021-06-04,17.76,17.98,17.33,17.44,17.76,-0.3200000000000003,-1.8,7194339.0,55877367.0,2.262,0.0080679999999999,0.028919,1.22,26.8749,22.2756,2.0527,4.8296,4.3982,0.021401,0.011284,1011660000.0,891660000.0,248775738.0,7799898600.0,6874698600.0,区域地产,房地产,房地产开发,住宅开发,8.64,7.07,0.0
2021-06-07,17.42,17.42,17.08,17.08,17.44,-0.360000000000003,-2.06,3928371.0,29858549.0,2.262,0.004406,0.015791,0.6,26.3172,21.8133,2.0101,4.7294,4.3069,0.021854,0.011523,1011660000.0,891660000.0,248775738.0,7638033000.0,6732033000.0,区域地产,房地产,房地产开发,住宅开发,8.48,6.94,0.0
2021-06-08,17.03,17.19,16.96,17.03,17.08,-0.0499999999999971,-0.29,3365631.0,25367986.0,2.262,0.003775,0.013529,0.5,26.2475,21.7555,2.0048,4.7169,4.2955,0.0219119999999999,0.011554,1011660000.0,891660000.0,248775738.0,7617799800.0,6714199800.0,区域地产,房地产,房地产开发,住宅开发,8.31,6.8,0.0
2021-06-09,17.1,17.15,16.92,16.99,17.03,-0.0400000000000027,-0.23,2635021.0,19794024.0,2.262,0.0029549999999999,0.0105919999999999,0.46,26.1778,21.6977,1.9994,4.7043,4.2841,0.0219709999999999,0.011585,1011660000.0,891660000.0,248775738.0,7597566600.0,6696366600.0,区域地产,房地产,房地产开发,住宅开发,8.28,6.78,0.0
2021-06-10,16.99,17.08,16.83,17.03,16.99,0.0400000000000027,0.24,3163802.0,23712705.0,2.262,0.003548,0.012717,0.57,26.2475,21.7555,2.0048,4.7169,4.2955,0.0219119999999999,0.011554,1011660000.0,891660000.0,248775738.0,7617799800.0,6714199800.0,区域地产,房地产,房地产开发,住宅开发,8.26,6.76,0.0
2021-06-11,17.03,17.08,16.65,16.69,17.03,-0.3399999999999998,-2.0,3631725.0,27028521.0,2.262,0.004073,0.014598,0.9,25.7246,21.3221,1.9648,4.6229,4.2099,0.022358,0.011789,1011660000.0,891660000.0,248775738.0,7466050800.0,6580450800.0,区域地产,房地产,房地产开发,住宅开发,8.28,6.78,0.0
2021-06-15,16.63,16.74,16.38,16.4,16.69,-0.2900000000000027,-1.74,2681258.0,19594085.0,2.262,0.003007,0.010778,0.8,25.2715,20.9465,1.9302,4.5415,4.1357,0.022759,0.012,1011660000.0,891660000.0,248775738.0,7334535000.0,6464535000.0,区域地产,房地产,房地产开发,住宅开发,8.12,6.64,0.0
2021-06-16,16.4,16.67,16.29,16.4,16.4,0.0,0.0,2204506.0,16060626.0,2.262,0.002472,0.008861,0.71,25.2715,20.9465,1.9302,4.5415,4.1357,0.022759,0.012,1011660000.0,891660000.0,248775738.0,7334535000.0,6464535000.0,区域地产,房地产,房地产开发,住宅开发,7.98,6.53,0.0
2021-06-17,16.35,16.44,16.22,16.4,16.4,0.0,0.0,3089500.0,22297003.0,2.262,0.0034649999999999,0.012419,1.08,25.2715,20.9465,1.9302,4.5415,4.1357,0.022759,0.012,1011660000.0,891660000.0,248775738.0,7334535000.0,6464535000.0,区域地产,房地产,房地产开发,住宅开发,7.98,6.53,0.0
2021-06-18,16.38,16.54,16.33,16.47,16.4,0.0700000000000002,0.43,2181338.0,15868331.0,2.262,0.002446,0.008768,0.74,25.376,21.0332,1.9382,4.5603,4.1529,0.022665,0.011951,1011660000.0,891660000.0,248775738.0,7364884800.0,6491284800.0,区域地产,房地产,房地产开发,住宅开发,7.98,6.53,0.0
2021-06-21,16.44,16.58,16.35,16.51,16.47,0.0400000000000027,0.24,2296242.0,16718384.999999998,2.262,0.002575,0.00923,0.83,25.4458,21.091,1.9435,4.5728,4.1643,0.0226029999999999,0.011918,1011660000.0,891660000.0,248775738.0,7385118000.0,6509118000.0,区域地产,房地产,房地产开发,住宅开发,8.01,6.55,0.0
2021-06-22,16.54,16.58,16.35,16.42,16.51,-0.0899999999999998,-0.55,3136828.0,22842152.0,2.262,0.003518,0.0126089999999999,1.26,25.3063,20.9754,1.9329,4.5477,4.1414,0.022727,0.0119829999999999,1011660000.0,891660000.0,248775738.0,7344651600.0,6473451600.0,区域地产,房地产,房地产开发,住宅开发,8.03,6.57,0.0
2021-06-23,16.4,16.47,16.33,16.38,16.42,-0.0400000000000027,-0.24,2872515.0,20808073.0,2.262,0.003222,0.011547,1.11,25.2366,20.9176,1.9276,4.5352,4.13,0.0227899999999999,0.012017,1011660000.0,891660000.0,248775738.0,7324418400.0,6455618400.0,区域地产,房地产,房地产开发,住宅开发,7.99,6.53,0.0
2021-06-24,16.4,16.44,16.26,16.35,16.38,-0.0299999999999975,-0.18,2433192.0,17583419.0,2.262,0.0027289999999999,0.009781,0.9,25.2018,20.8888,1.9249,4.529,4.1243,0.022822,0.012033,1011660000.0,891660000.0,248775738.0,7314301800.000001,6446701800.000001,区域地产,房地产,房地产开发,住宅开发,7.96,6.52,0.0
2021-06-25,16.35,16.49,16.17,16.47,16.35,0.1199999999999974,0.73,3782909.0,27333927.0,2.262,0.004243,0.0152059999999999,1.46,25.376,21.0332,1.9382,4.5603,4.1529,0.022665,0.011951,1011660000.0,891660000.0,248775738.0,7364884800.0,6491284800.0,区域地产,房地产,房地产开发,住宅开发,7.95,6.51,0.0
2021-06-28,16.51,17.17,16.44,16.96,16.47,0.490000000000002,2.98,7602442.0,56851338.0,2.262,0.008526,0.030559,2.62,26.1429,21.6688,1.9968,4.6981,4.2784,0.022,0.0116,1011660000.0,891660000.0,248775738.0,7587450000.0,6687450000.0,区域地产,房地产,房地产开发,住宅开发,8.01,6.55,0.0
2021-06-29,17.15,17.42,16.85,17.06,16.96,0.0999999999999978,0.59,5211185.0,39486423.0,2.262,0.005844,0.020947,1.31,26.2823,21.7844,2.0074,4.7231,4.3012,0.021883,0.011538,1011660000.0,891660000.0,248775738.0,7627916400.0,6723116400.0,区域地产,房地产,房地产开发,住宅开发,8.25,6.75,0.0
2021-06-30,17.21,17.21,17.01,17.12,17.06,0.0600000000000022,0.35,3435786.0,25979644.0,2.262,0.0038529999999999,0.013811,0.78,26.3869,21.8711,2.0154,4.7419,4.3183,0.021797,0.011493,1011660000.0,891660000.0,248775738.0,7658266200.0,6749866200.0,区域地产,房地产,房地产开发,住宅开发,8.29,6.79,0.0
2021-07-01,17.06,17.19,16.83,16.87,17.12,-0.25,-1.46,3449600.0,25893903.0,2.262,0.003869,0.013866,0.77,26.0035,21.5533,1.9861,4.673,4.2555,0.022118,0.0116619999999999,1011660000.0,891660000.0,248775738.0,7546983600.0,6651783600.0,区域地产,房地产,房地产开发,住宅开发,8.33,6.81,0.0
2021-07-02,16.96,17.55,16.78,17.3,16.87,0.4299999999999997,2.55,6061650.0,46084082.0,2.262,0.0067979999999999,0.024366,1.29,26.6658,22.1022,2.0367,4.792,4.3639,0.0215689999999999,0.011373,1011660000.0,891660000.0,248775738.0,7739199000.0,6821199000.0,区域地产,房地产,房地产开发,住宅开发,8.21,6.71,0.0
2021-07-05,17.3,17.35,16.83,16.9,17.3,-0.4000000000000021,-2.31,3624014.0,27156112.0,2.262,0.004064,0.014567,0.7,26.0383,21.5822,1.9888,4.6793,4.2612,0.022088,0.011647,1011660000.0,891660000.0,248775738.0,7557100200.0,6660700200.0,区域地产,房地产,房地产开发,住宅开发,8.42,6.89,0.0
2021-07-06,16.9,17.01,16.83,16.92,16.9,0.0200000000000031,0.12,2110178.0,15779273.0,2.262,0.0023669999999999,0.008482,0.48,26.0732,21.611,1.9915,4.6856,4.2669,0.022059,0.011631,1011660000.0,891660000.0,248775738.0,7567216800.000001,6669616800.000001,区域地产,房地产,房地产开发,住宅开发,8.22,6.72,0.0
2021-07-07,16.87,17.03,16.56,16.72,16.92,-0.2000000000000028,-1.18,3814994.0,28205161.0,2.262,0.004279,0.015335,1.02,25.7595,21.351,1.9675,4.6292,4.2156,0.022327,0.011773,1011660000.0,891660000.0,248775738.0,7476167400.0,6589367400.0,区域地产,房地产,房地产开发,住宅开发,8.23,6.73,0.0
2021-07-08,16.76,16.9,16.51,16.58,16.72,-0.1400000000000005,-0.84,3076387.0,22704043.0,2.262,0.00345,0.0123659999999999,0.81,25.5503,21.1777,1.9515,4.5916,4.1814,0.02251,0.011869,1011660000.0,891660000.0,248775738.0,7415467800.0,6535867800.0,区域地产,房地产,房地产开发,住宅开发,8.13,6.65,0.0
2021-07-09,16.49,16.76,16.49,16.74,16.58,0.1600000000000001,0.97,2076254.0,15258151.0,2.262,0.002329,0.008346,0.56,25.7943,21.3799,1.9702,4.6354,4.2213,0.0222969999999999,0.011757,1011660000.0,891660000.0,248775738.0,7486284000.0,6598284000.0,区域地产,房地产,房地产开发,住宅开发,8.06,6.6,0.0
2021-07-12,16.76,16.96,16.65,16.67,16.74,-0.0699999999999967,-0.42,2926936.0,21671619.0,2.262,0.003283,0.011765,1.0,25.6898,21.2932,1.9622,4.6166,4.2042,0.0223879999999999,0.011805,1011660000.0,891660000.0,248775738.0,7455934200.0,6571534200.0,区域地产,房地产,房地产开发,住宅开发,8.14,6.66,0.0
2021-07-13,16.65,17.33,16.47,17.21,16.67,0.5399999999999991,3.24,5907211.0,44491030.0,2.262,0.006625,0.023745,2.11,26.5263,21.9866,2.0261,4.767,4.3411,0.021682,0.011432,1011660000.0,891660000.0,248775738.0,7698732600.0,6785532600.0,区域地产,房地产,房地产开发,住宅开发,8.11,6.63,0.0
2021-07-14,17.12,17.62,17.03,17.28,17.21,0.0700000000000002,0.41,5206907.0,39992489.0,2.262,0.00584,0.02093,1.46,26.6309,22.0733,2.0341,4.7858,4.3582,0.0215969999999999,0.011387,1011660000.0,891660000.0,248775738.0,7729082400.0,6812282400.0,区域地产,房地产,房地产开发,住宅开发,8.37,6.85,0.0
2021-07-15,17.19,17.49,16.87,17.15,17.28,-0.1300000000000025,-0.75,2859029.0,21613085.0,2.262,0.003206,0.011492,0.74,26.4218,21.9,2.0181,4.7482,4.324,0.021768,0.0114779999999999,1011660000.0,891660000.0,248775738.0,7668382800.0,6758782800.0,区域地产,房地产,房地产开发,住宅开发,8.4,6.88,0.0
2021-07-16,17.08,17.26,16.74,16.83,17.15,-0.3200000000000003,-1.87,2766219.0,20668822.0,2.262,0.0031019999999999,0.011119,0.73,25.9338,21.4955,1.9808,4.6605,4.2441,0.022177,0.011694,1011660000.0,891660000.0,248775738.0,7526750400.0,6633950400.0,区域地产,房地产,房地产开发,住宅开发,8.34,6.82,0.0
2021-07-19,16.87,17.03,16.54,16.78,16.83,-0.0499999999999971,-0.3,3142795.0,23262313.0,2.262,0.003525,0.012633,0.8,25.864,21.4377,1.9755,4.648,4.2327,0.022237,0.011725,1011660000.0,891660000.0,248775738.0,7506517200.0,6616117200.0,区域地产,房地产,房地产开发,住宅开发,8.18,6.7,0.0
2021-07-20,16.69,16.85,16.56,16.85,16.78,0.0700000000000002,0.42,2194621.0,16219862.0,2.262,0.002461,0.008822,0.55,25.9686,21.5244,1.9835,4.6668,4.2498,0.0221479999999999,0.011678,1011660000.0,891660000.0,248775738.0,7536867000.0,6642867000.0,区域地产,房地产,房地产开发,住宅开发,8.16,6.68,0.0
2021-07-21,16.85,16.92,16.54,16.58,16.85,-0.2700000000000031,-1.6,3872788.0,28504402.0,2.262,0.004343,0.015567,1.2,25.5503,21.1777,1.9515,4.5916,4.1814,0.02251,0.011869,1011660000.0,891660000.0,248775738.0,7415467800.0,6535867800.0,区域地产,房地产,房地产开发,住宅开发,8.2,6.71,0.0
2021-07-22,16.67,17.17,16.51,17.17,16.58,0.5900000000000034,3.56,5989006.0,44681044.0,2.262,0.006717,0.0240739999999999,2.02,26.4566,21.9289,2.0207,4.7545,4.3297,0.021739,0.011462,1011660000.0,891660000.0,248775738.0,7678499399.999999,6767699399.999999,区域地产,房地产,房地产开发,住宅开发,8.06,6.6,0.0
2021-07-23,17.3,17.39,16.9,17.06,17.17,-0.1100000000000029,-0.64,4876965.0,36723823.0,2.262,0.00547,0.019604,1.36,26.2823,21.7844,2.0074,4.7231,4.3012,0.021883,0.011538,1011660000.0,891660000.0,248775738.0,7627916400.0,6723116400.0,区域地产,房地产,房地产开发,住宅开发,8.35,6.83,0.0
2021-07-26,16.9,16.92,16.35,16.58,17.06,-0.4800000000000004,-2.81,3999791.000000001,29327188.0,2.262,0.004486,0.016078,1.0,25.5503,21.1777,1.9515,4.5916,4.1814,0.02251,0.011869,1011660000.0,891660000.0,248775738.0,7415467800.0,6535867800.0,区域地产,房地产,房地产开发,住宅开发,8.29,6.79,0.0
2021-07-27,16.58,16.65,16.11,16.11,16.58,-0.4699999999999988,-2.83,3828593.0,27613464.0,2.262,0.004294,0.01539,0.91,24.8183,20.5709,1.8956,4.46,4.0616,0.023174,0.012219,1011660000.0,891660000.0,248775738.0,7203019200.0,6348619200.0,区域地产,房地产,房地产开发,住宅开发,8.06,6.6,0.0
2021-07-28,16.11,16.17,15.34,15.74,16.11,-0.3699999999999992,-2.3,3183550.0,22091497.0,2.262,0.00357,0.012797,0.71,24.2606,20.1087,1.853,4.3598,3.9703,0.023707,0.0125,1011660000.0,891660000.0,248775738.0,7041153600.0,6205953600.0,区域地产,房地产,房地产开发,住宅开发,7.83,6.41,0.0
2021-07-29,15.81,15.99,15.63,15.72,15.74,-0.0199999999999995,-0.13,2047206.0,14318979.0,2.262,0.002296,0.008229,0.47,24.2258,20.0798,1.8503,4.3536,3.9646,0.0237409999999999,0.012518,1011660000.0,891660000.0,248775738.0,7031037000.0,6197037000.0,区域地产,房地产,房地产开发,住宅开发,7.66,6.26,0.0
2021-07-30,15.72,15.72,15.09,15.34,15.72,-0.3800000000000008,-2.42,3280026.0,22195026.0,2.262,0.003679,0.013185,0.91,23.6332,19.5886,1.8051,4.2471,3.8676,0.024336,0.012832,1011660000.0,891660000.0,248775738.0,6859054800.0,6045454800.0,区域地产,房地产,房地产开发,住宅开发,7.65,6.26,0.0
2021-08-02,15.16,15.52,14.79,15.43,15.34,0.0899999999999998,0.59,3262637.0,21867713.0,2.262,0.003659,0.013115,1.0,23.7726,19.7042,1.8157,4.2721,3.8905,0.024194,0.012757,1011660000.0,891660000.0,248775738.0,6899521200.0,6081121200.0,区域地产,房地产,房地产开发,住宅开发,7.46,6.1,0.0
2021-08-03,15.49,15.49,15.11,15.31,15.43,-0.1199999999999992,-0.78,1686500.9999999998,11447583.0,2.262,0.0018909999999999,0.0067789999999999,0.54,23.5983,19.5597,1.8024,4.2408,3.8619,0.0243719999999999,0.012851,1011660000.0,891660000.0,248775738.0,6848938199.999999,6036538199.999999,区域地产,房地产,房地产开发,住宅开发,7.5,6.14,0.0
2021-08-04,15.34,15.34,15.0,15.11,15.31,-0.200000000000001,-1.31,2687906.0,17930795.0,2.262,0.003014,0.010805,1.0,23.2846,19.2997,1.7785,4.1844,3.8106,0.024701,0.013024,1011660000.0,891660000.0,248775738.0,6757888800.0,5956288800.0,区域地产,房地产,房地产开发,住宅开发,7.45,6.09,0.0
2021-08-05,15.25,15.63,15.13,15.38,15.11,0.2700000000000013,1.79,3341100.0,22779202.0,2.262,0.003747,0.01343,1.29,23.7029,19.6464,1.8104,4.2596,3.879,0.024265,0.012794,1011660000.0,891660000.0,248775738.0,6879288000.0,6063288000.0,区域地产,房地产,房地产开发,住宅开发,7.35,6.01,0.0
2021-08-06,15.2,15.25,14.95,15.04,15.38,-0.3400000000000016,-2.21,2546123.0,16909697.0,2.262,0.002855,0.010235,0.89,23.18,19.213,1.7705,4.1656,3.7935,0.0248119999999999,0.013083,1011660000.0,891660000.0,248775738.0,6727539000.0,5929539000.0,区域地产,房地产,房地产开发,住宅开发,7.48,6.12,0.0
2021-08-09,14.82,15.43,14.79,15.27,15.04,0.2300000000000004,1.53,3112637.0,20928197.0,2.262,0.003491,0.012512,1.15,23.5286,19.5019,1.7971,4.2283,3.8505,0.024444,0.012889,1011660000.0,891660000.0,248775738.0,6828705000.0,6018705000.0,区域地产,房地产,房地产开发,住宅开发,7.32,5.99,0.0
2021-08-10,15.16,15.59,15.13,15.54,15.27,0.2699999999999996,1.77,3030703.0,20567999.0,2.262,0.0033989999999999,0.012182,1.13,23.9469,19.8486,1.829,4.3034,3.919,0.024017,0.012664,1011660000.0,891660000.0,248775738.0,6950104200.0,6125704200.0,区域地产,房地产,房地产开发,住宅开发,7.43,6.08,0.0
2021-08-11,15.49,16.22,15.45,15.99,15.54,0.450000000000001,2.9,4737415.0,33456064.0,2.262,0.005313,0.019043,1.61,24.644,20.4265,1.8823,4.4287,4.0331,0.023338,0.012306,1011660000.0,891660000.0,248775738.0,7152436200.0,6304036200.0,区域地产,房地产,房地产开发,住宅开发,7.56,6.18,0.0
2021-08-12,15.88,16.26,15.61,15.74,15.99,-0.25,-1.56,2703477.0,18883920.0,2.262,0.003032,0.010867,0.81,24.2606,20.1087,1.853,4.3598,3.9703,0.023707,0.0125,1011660000.0,891660000.0,248775738.0,7041153600.0,6205953600.0,区域地产,房地产,房地产开发,住宅开发,7.78,6.36,0.0
2021-08-13,15.77,15.77,15.4,15.49,15.74,-0.25,-1.59,2414503.0,16588011.999999998,2.262,0.002708,0.009706,0.75,23.8772,19.7909,1.8237,4.2909,3.9076,0.024088,0.012701,1011660000.0,891660000.0,248775738.0,6929871000.0,6107871000.0,区域地产,房地产,房地产开发,住宅开发,7.66,6.26,0.0
2021-08-16,15.56,15.79,15.45,15.59,15.49,0.0999999999999996,0.65,1776981.0000000002,12280854.0,2.262,0.001993,0.007143,0.56,24.0166,19.9064,1.8344,4.316,3.9304,0.023948,0.012627,1011660000.0,891660000.0,248775738.0,6970337400.0,6143537400.0,区域地产,房地产,房地产开发,住宅开发,7.54,6.17,0.0
2021-08-17,15.47,15.72,15.4,15.56,15.59,-0.0299999999999993,-0.19,2365590.0,16246686.0,2.262,0.002653,0.009509,0.81,23.9818,19.8775,1.8317,4.3097,3.9247,0.0239829999999999,0.012645,1011660000.0,891660000.0,248775738.0,6960220800.0,6134620800.0,区域地产,房地产,房地产开发,住宅开发,7.58,6.2,0.0
2021-08-18,15.54,15.54,15.13,15.38,15.56,-0.1799999999999997,-1.16,2922585.0,19730986.0,2.262,0.0032779999999999,0.011748,1.04,23.7029,19.6464,1.8104,4.2596,3.879,0.024265,0.012794,1011660000.0,891660000.0,248775738.0,6879288000.0,6063288000.0,区域地产,房地产,房地产开发,住宅开发,7.57,6.19,0.0
2021-08-19,15.38,15.43,15.06,15.27,15.38,-0.1100000000000012,-0.72,1887273.0,12726049.0,2.262,0.002117,0.007586,0.77,23.5286,19.5019,1.7971,4.2283,3.8505,0.024444,0.012889,1011660000.0,891660000.0,248775738.0,6828705000.0,6018705000.0,区域地产,房地产,房地产开发,住宅开发,7.48,6.12,0.0
2021-08-20,15.2,15.34,15.09,15.27,15.27,0.0,0.0,1684691.0,11328374.0,2.262,0.001889,0.006772,0.74,23.5286,19.5019,1.7971,4.2283,3.8505,0.024444,0.012889,1011660000.0,891660000.0,248775738.0,6828705000.0,6018705000.0,区域地产,房地产,房地产开发,住宅开发,7.43,6.08,0.0
2021-08-23,15.31,15.45,15.22,15.31,15.27,0.0400000000000009,0.26,1374026.0,9310206.0,2.262,0.0015409999999999,0.005523,0.65,23.5983,19.5597,1.8024,4.2408,3.8619,0.0243719999999999,0.012851,1011660000.0,891660000.0,248775738.0,6848938199.999999,6036538199.999999,区域地产,房地产,房地产开发,住宅开发,7.43,6.08,0.0
2021-08-24,15.31,15.43,15.29,15.4,15.31,0.0899999999999998,0.59,1393200.0,9465532.0,2.262,0.001562,0.0056,0.68,23.7378,19.6753,1.8131,4.2659,3.8847,0.0242289999999999,0.012775,1011660000.0,891660000.0,248775738.0,6889404600.0,6072204600.0,区域地产,房地产,房地产开发,住宅开发,7.45,6.09,0.0
2021-08-25,15.4,15.45,15.25,15.4,15.4,0.0,0.0,1756583.0000000002,11915142.0,2.262,0.00197,0.007061,0.95,23.7378,19.6753,1.8131,4.2659,3.8847,0.0242289999999999,0.012775,1011660000.0,891660000.0,248775738.0,6889404600.0,6072204600.0,区域地产,房地产,房地产开发,住宅开发,7.49,6.13,0.0
2021-08-26,15.4,15.65,15.27,15.47,15.4,0.0700000000000002,0.45,2392921.0,16382701.0,2.262,0.002684,0.0096189999999999,1.48,23.8423,19.762,1.8211,4.2847,3.9019,0.024123,0.012719,1011660000.0,891660000.0,248775738.0,6919754399.999999,6098954399.999999,区域地产,房地产,房地产开发,住宅开发,7.49,6.13,0.0
2021-08-27,15.38,16.13,15.18,15.88,15.47,0.4100000000000001,2.65,5177587.0,35760837.0,2.262,0.005807,0.020812,3.01,24.4698,20.282,1.869,4.3974,4.0045,0.023504,0.012393,1011660000.0,891660000.0,248775738.0,7101853199.999999,6259453199.999999,区域地产,房地产,房地产开发,住宅开发,7.52,6.16,0.0
2021-08-30,15.72,15.86,15.49,15.49,15.88,-0.3900000000000005,-2.46,3772900.0,26072781.0,2.262,0.0042309999999999,0.0151659999999999,1.56,23.8772,21.2963,1.8032,4.2909,4.0446,0.024088,0.012701,1011660000.0,891660000.0,248775738.0,6929871000.0,6107871000.0,区域地产,房地产,房地产开发,住宅开发,7.72,6.32,0.0
2021-08-31,15.49,15.81,15.34,15.7,15.49,0.209999999999999,1.36,2952494.0,20234998.0,2.262,0.003311,0.011868,1.02,24.1909,21.5762,1.8269,4.3473,4.0978,0.023775,0.012536,1011660000.0,891660000.0,248775738.0,7020920400.0,6188120400.0,区域地产,房地产,房地产开发,住宅开发,7.54,6.17,0.0
2021-09-01,15.61,16.26,15.59,16.01,15.7,0.3100000000000023,1.97,5315584.0,37445096.0,2.262,0.0059609999999999,0.0213669999999999,1.66,24.6789,22.0114,1.8637,4.435,4.1804,0.023305,0.0122879999999999,1011660000.0,891660000.0,248775738.0,7162552800.0,6312952800.0,区域地产,房地产,房地产开发,住宅开发,7.63,6.25,0.0
2021-09-02,15.97,16.26,15.86,16.01,16.01,0.0,0.0,3309062.0000000005,23495088.0,2.262,0.003711,0.013301,0.84,24.6789,22.0114,1.8637,4.435,4.1804,0.023305,0.0122879999999999,1011660000.0,891660000.0,248775738.0,7162552800.0,6312952800.0,区域地产,房地产,房地产开发,住宅开发,7.79,6.37,0.0
2021-09-03,15.9,16.6,15.9,16.47,16.01,0.4599999999999973,2.87,6089223.0,43919227.0,2.262,0.0068289999999999,0.024477,1.48,25.376,22.6332,1.9164,4.5603,4.2985,0.022665,0.011951,1011660000.0,891660000.0,248775738.0,7364884800.0,6491284800.0,区域地产,房地产,房地产开发,住宅开发,7.79,6.37,0.0
2021-09-06,16.44,16.65,16.06,16.17,16.47,-0.2999999999999971,-1.82,4123438.0,29580424.0,2.262,0.004624,0.016575,0.96,24.9229,22.229,1.8822,4.4788,4.2218,0.023077,0.012168,1011660000.0,891660000.0,248775738.0,7233369000.0,6375369000.0,区域地产,房地产,房地产开发,住宅开发,8.01,6.55,0.0
2021-09-07,16.31,16.6,16.2,16.38,16.17,0.2099999999999973,1.3,4515361.0,32680803.0,2.262,0.005064,0.01815,1.04,25.2366,22.5088,1.9059,4.5352,4.2749,0.0227899999999999,0.012017,1011660000.0,891660000.0,248775738.0,7324418400.0,6455618400.0,区域地产,房地产,房地产开发,住宅开发,7.87,6.44,0.0
2021-09-08,16.54,16.54,16.31,16.44,16.38,0.0600000000000022,0.37,3040578.0,22080532.0,2.262,0.00341,0.012222,0.65,25.3412,22.6021,1.9138,4.554,4.2926,0.022696,0.011967,1011660000.0,891660000.0,248775738.0,7354768199.999999,6482368199.999999,区域地产,房地产,房地产开发,住宅开发,7.96,6.52,0.0
2021-09-09,16.29,16.54,16.26,16.42,16.44,-0.0199999999999995,-0.12,2632388.0,19139936.0,2.262,0.002952,0.010581,0.62,25.3063,22.571,1.9111,4.5477,4.2867,0.022727,0.0119829999999999,1011660000.0,891660000.0,248775738.0,7344651600.0,6473451600.0,区域地产,房地产,房地产开发,住宅开发,8.0,6.54,0.0
2021-09-10,16.51,16.92,16.42,16.74,16.42,0.3199999999999967,1.95,5199798.0,38398049.0,2.262,0.005832,0.0209019999999999,1.27,25.7943,23.0063,1.948,4.6354,4.3694,0.0222969999999999,0.011757,1011660000.0,891660000.0,248775738.0,7486284000.0,6598284000.0,区域地产,房地产,房地产开发,住宅开发,7.99,6.53,0.0
2021-09-13,16.74,17.64,16.74,17.58,16.74,0.8399999999999999,5.02,9818254.0,75197588.0,2.262,0.011011,0.039466,2.52,27.0841,24.1566,2.0454,4.8672,4.5879,0.021236,0.0111969999999999,1011660000.0,891660000.0,248775738.0,7860598199.999999,6928198199.999999,区域地产,房地产,房地产开发,住宅开发,8.14,6.66,0.0
2021-09-14,17.64,17.64,16.67,16.81,17.58,-0.7699999999999996,-4.38,5976305.0,45174807.0,2.262,0.006702,0.024023,1.19,25.8989,23.0995,1.9559,4.6542,4.3871,0.0222069999999999,0.011709,1011660000.0,891660000.0,248775738.0,7516633800.0,6625033800.0,区域地产,房地产,房地产开发,住宅开发,8.55,6.99,0.0
2021-09-15,16.72,17.15,16.4,16.85,16.81,0.0400000000000027,0.24,2832802.0,21041222.0,2.262,0.0031769999999999,0.011387,0.53,25.9686,23.1617,1.9611,4.6668,4.3989,0.0221479999999999,0.011678,1011660000.0,891660000.0,248775738.0,7536867000.0,6642867000.0,区域地产,房地产,房地产开发,住宅开发,8.17,6.69,0.0
2021-09-16,16.83,17.12,16.38,16.63,16.85,-0.2200000000000024,-1.31,3580194.0,26418268.0,2.262,0.004015,0.014391,0.68,25.62,22.8508,1.9348,4.6041,4.3399,0.022449,0.011837,1011660000.0,891660000.0,248775738.0,7435701000.0,6553701000.0,区域地产,房地产,房地产开发,住宅开发,8.2,6.71,0.0
2021-09-17,16.58,16.67,16.2,16.33,16.63,-0.3000000000000007,-1.8,2705896.0,19591276.0,2.262,0.003035,0.010877,0.49,25.1669,22.4467,1.9006,4.5227,4.2631,0.022853,0.01205,1011660000.0,891660000.0,248775738.0,7304185200.0,6437785200.0,区域地产,房地产,房地产开发,住宅开发,8.09,6.62,0.0
2021-09-22,15.99,16.67,15.81,16.47,16.33,0.1400000000000005,0.86,3300964.0,23801026.0,2.262,0.0037019999999999,0.013269,0.66,25.376,22.6332,1.9164,4.5603,4.2985,0.022665,0.011951,1011660000.0,891660000.0,248775738.0,7364884800.0,6491284800.0,区域地产,房地产,房地产开发,住宅开发,7.94,6.5,0.0
2021-09-23,16.49,17.06,16.49,16.85,16.47,0.3800000000000025,2.31,3795683.0,28304206.0,2.262,0.004257,0.015257,1.03,25.9686,23.1617,1.9611,4.6668,4.3989,0.0221479999999999,0.011678,1011660000.0,891660000.0,248775738.0,7536867000.0,6642867000.0,区域地产,房地产,房地产开发,住宅开发,8.01,6.55,0.0
2021-09-24,16.83,16.94,16.44,16.47,16.85,-0.3800000000000025,-2.26,2651947.0,19472742.0,2.262,0.002974,0.01066,0.82,25.376,22.6332,1.9164,4.5603,4.2985,0.022665,0.011951,1011660000.0,891660000.0,248775738.0,7364884800.0,6491284800.0,区域地产,房地产,房地产开发,住宅开发,8.2,6.71,0.0
2021-09-27,16.44,16.44,15.92,15.99,16.47,-0.4799999999999986,-2.91,2370363.0,16856571.0,2.262,0.0026579999999999,0.009528,0.74,24.644,21.9803,1.8611,4.4287,4.1745,0.023338,0.012306,1011660000.0,891660000.0,248775738.0,7152436200.0,6304036200.0,区域地产,房地产,房地产开发,住宅开发,8.01,6.55,0.0
2021-09-28,16.11,16.29,16.01,16.08,15.99,0.089999999999998,0.56,1989187.0,14188004.0,2.262,0.002231,0.007996,0.67,24.7835,22.1047,1.8716,4.4538,4.1982,0.023207,0.012236,1011660000.0,891660000.0,248775738.0,7192902600.0,6339702600.0,区域地产,房地产,房地产开发,住宅开发,7.78,6.36,0.0
2021-09-29,15.97,16.15,15.77,15.79,16.08,-0.2899999999999991,-1.8,1786377.0,12582073.0,2.262,0.002003,0.007181,0.63,24.3303,21.7005,1.8374,4.3723,4.1214,0.023639,0.012464,1011660000.0,891660000.0,248775738.0,7061386800.000001,6223786800.000001,区域地产,房地产,房地产开发,住宅开发,7.82,6.4,0.0
2021-09-30,15.79,16.15,15.79,16.08,15.79,0.2899999999999991,1.84,1708300.0,12058174.0,2.262,0.001916,0.006867,0.68,24.7835,22.1047,1.8716,4.4538,4.1982,0.023207,0.012236,1011660000.0,891660000.0,248775738.0,7192902600.0,6339702600.0,区域地产,房地产,房地产开发,住宅开发,7.68,6.28,0.0
2021-10-08,16.31,16.38,16.13,16.22,16.08,0.1400000000000005,0.87,2232635.0,16062284.0,2.262,0.002504,0.008974,1.06,24.9926,22.2912,1.8874,4.4914,4.2336,0.023013,0.012134,1011660000.0,891660000.0,248775738.0,7253602200.0,6393202200.0,区域地产,房地产,房地产开发,住宅开发,7.82,6.4,0.0
2021-10-11,16.2,16.35,16.13,16.2,16.22,-0.0199999999999995,-0.12,1490700.0,10692954.0,2.262,0.0016719999999999,0.005992,0.74,24.9578,22.2601,1.8848,4.4851,4.2277,0.023045,0.012151,1011660000.0,891660000.0,248775738.0,7243485600.000001,6384285600.000001,区域地产,房地产,房地产开发,住宅开发,7.89,6.45,0.0
2021-10-12,16.2,16.29,15.95,16.17,16.2,-0.0299999999999975,-0.19,1788300.9999999998,12740872.0,2.262,0.002006,0.007188,0.97,24.9229,22.229,1.8822,4.4788,4.2218,0.023077,0.012168,1011660000.0,891660000.0,248775738.0,7233369000.0,6375369000.0,区域地产,房地产,房地产开发,住宅开发,7.88,6.44,0.0
2021-10-13,16.15,16.15,15.49,15.81,16.17,-0.3600000000000012,-2.23,2295200.0,16015786.0,2.262,0.002574,0.009226,1.27,24.3652,21.7316,1.8401,4.3786,4.1273,0.023605,0.0124459999999999,1011660000.0,891660000.0,248775738.0,7071503400.0,6232703400.0,区域地产,房地产,房地产开发,住宅开发,7.87,6.44,0.0
2021-10-14,15.88,15.92,15.59,15.77,15.81,-0.0400000000000009,-0.25,1589456.0,11065964.0,2.262,0.0017829999999999,0.006389,0.84,24.2955,21.6694,1.8348,4.3661,4.1155,0.023673,0.012482,1011660000.0,891660000.0,248775738.0,7051270200.0,6214870200.0,区域地产,房地产,房地产开发,住宅开发,7.69,6.29,0.0
2021-10-15,15.79,15.88,15.68,15.74,15.77,-0.0299999999999993,-0.19,900494.0,6265644.0,2.262,0.00101,0.00362,0.48,24.2606,21.6383,1.8322,4.3598,4.1096,0.023707,0.0125,1011660000.0,891660000.0,248775738.0,7041153600.0,6205953600.0,区域地产,房地产,房地产开发,住宅开发,7.67,6.27,0.0
2021-10-18,15.83,16.01,15.61,15.95,15.74,0.209999999999999,1.33,1240400.0,8651626.0,2.262,0.001391,0.004986,0.77,24.5743,21.9181,1.8558,4.4162,4.1627,0.0234039999999999,0.01234,1011660000.0,891660000.0,248775738.0,7132203000.0,6286203000.0,区域地产,房地产,房地产开发,住宅开发,7.66,6.26,0.0
2021-10-19,15.92,16.06,15.65,15.81,15.95,-0.1399999999999988,-0.88,1244700.0,8722105.0,2.262,0.001396,0.005003,0.8,24.3652,21.7316,1.8401,4.3786,4.1273,0.023605,0.0124459999999999,1011660000.0,891660000.0,248775738.0,7071503400.0,6232703400.0,区域地产,房地产,房地产开发,住宅开发,7.76,6.35,0.0
2021-10-20,15.81,15.88,15.56,15.61,15.81,-0.200000000000001,-1.27,1225000.0,8495156.0,2.262,0.001374,0.004924,0.84,24.0515,21.4518,1.8164,4.3222,4.0742,0.023913,0.0126089999999999,1011660000.0,891660000.0,248775738.0,6980454000.0,6152454000.0,区域地产,房地产,房地产开发,住宅开发,7.69,6.29,0.0
2021-10-21,15.95,15.97,15.63,15.65,15.61,0.0400000000000009,0.26,1256400.0,8762976.0,2.262,0.0014089999999999,0.00505,1.01,24.1212,21.514,1.8216,4.3348,4.086,0.0238439999999999,0.012572,1011660000.0,891660000.0,248775738.0,7000687200.0,6170287200.0,区域地产,房地产,房地产开发,住宅开发,7.59,6.21,0.0
2021-10-22,15.97,17.15,15.79,16.2,15.65,0.5499999999999989,3.51,5667957.0,41133861.0,2.262,0.006357,0.022783,4.83,24.9578,22.2601,1.8848,4.4851,4.2277,0.023045,0.012151,1011660000.0,891660000.0,248775738.0,7243485600.000001,6384285600.000001,区域地产,房地产,房地产开发,住宅开发,7.61,6.23,0.0
2021-10-25,15.83,16.04,15.2,15.79,16.2,-0.4100000000000001,-2.53,4118651.0,28567176.0,2.262,0.004619,0.016556,1.94,24.3303,21.7005,1.8374,4.3723,4.1214,0.023639,0.012464,1011660000.0,891660000.0,248775738.0,7061386800.000001,6223786800.000001,区域地产,房地产,房地产开发,住宅开发,7.88,6.44,0.0
2021-10-26,15.65,15.77,15.38,15.4,15.79,-0.3899999999999988,-2.47,2019100.0,13873757.0,2.262,0.002264,0.008116,0.75,23.7378,27.0248,1.7788,4.2659,5.0508,0.0242289999999999,0.012775,1011660000.0,891660000.0,248775738.0,6889404600.0,6072204600.0,区域地产,房地产,房地产开发,住宅开发,7.68,6.28,0.0
2021-10-27,15.52,15.52,15.13,15.18,15.4,-0.2200000000000006,-1.43,1549200.0,10479354.0,2.262,0.0017369999999999,0.006227,0.54,23.3892,26.6279,1.7527,4.2032,4.9767,0.02459,0.012966,1011660000.0,891660000.0,248775738.0,6788238600.0,5983038600.0,区域地产,房地产,房地产开发,住宅开发,7.49,6.13,0.0
2021-10-28,15.18,15.38,15.11,15.27,15.18,0.0899999999999998,0.59,1160007.0,7816441.0,2.262,0.0013009999999999,0.004663,0.4,23.5286,26.7867,1.7631,4.2283,5.0063,0.024444,0.012889,1011660000.0,891660000.0,248775738.0,6828705000.0,6018705000.0,区域地产,房地产,房地产开发,住宅开发,7.38,6.04,0.0
2021-10-29,15.31,15.43,15.16,15.4,15.27,0.1300000000000007,0.85,978701.0,6610611.0,2.262,0.001098,0.003934,0.34,23.7378,27.0248,1.7788,4.2659,5.0508,0.0242289999999999,0.012775,1011660000.0,891660000.0,248775738.0,6889404600.0,6072204600.0,区域地产,房地产,房地产开发,住宅开发,7.43,6.08,0.0
2021-11-01,15.38,15.54,15.29,15.47,15.4,0.0700000000000002,0.45,1118101.0,7630359.0,2.262,0.001254,0.004494,0.57,23.8423,27.1438,1.7866,4.2847,5.0731,0.024123,0.012719,1011660000.0,891660000.0,248775738.0,6919754399.999999,6098954399.999999,区域地产,房地产,房地产开发,住宅开发,7.49,6.13,0.0
2021-11-02,15.47,15.54,15.27,15.38,15.47,-0.0899999999999998,-0.58,1130600.0,7702018.0,2.262,0.001268,0.004545,0.83,23.7029,26.9851,1.7762,4.2596,5.0434,0.024265,0.012794,1011660000.0,891660000.0,248775738.0,6879288000.0,6063288000.0,区域地产,房地产,房地产开发,住宅开发,7.52,6.16,0.0
2021-11-03,15.38,15.79,15.29,15.49,15.38,0.1099999999999994,0.72,1366987.0,9413722.0,2.262,0.0015329999999999,0.005495,1.15,23.8772,27.1835,1.7892,4.2909,5.0805,0.024088,0.012701,1011660000.0,891660000.0,248775738.0,6929871000.0,6107871000.0,区域地产,房地产,房地产开发,住宅开发,7.48,6.12,0.0
2021-11-04,15.49,15.79,15.43,15.79,15.49,0.2999999999999989,1.94,1582503.0,10937769.0,2.262,0.0017749999999999,0.006361,1.38,24.3303,27.6994,1.8232,4.3723,5.1769,0.023639,0.012464,1011660000.0,891660000.0,248775738.0,7061386800.000001,6223786800.000001,区域地产,房地产,房地产开发,住宅开发,7.54,6.17,0.0
2021-11-05,15.88,16.04,15.72,15.99,15.79,0.200000000000001,1.27,1451261.0,10176114.0,2.262,0.001628,0.005834,1.17,24.644,28.0565,1.8467,4.4287,5.2437,0.023338,0.012306,1011660000.0,891660000.0,248775738.0,7152436200.0,6304036200.0,区域地产,房地产,房地产开发,住宅开发,7.68,6.28,0.0
2021-11-08,16.06,16.06,15.86,16.01,15.99,0.0200000000000013,0.13,1062021.0,7489492.0,2.262,0.001191,0.004269,0.8,24.6789,28.0962,1.8493,4.435,5.2511,0.023305,0.0122879999999999,1011660000.0,891660000.0,248775738.0,7162552800.0,6312952800.0,区域地产,房地产,房地产开发,住宅开发,7.78,6.36,0.0
2021-11-09,16.06,16.06,15.9,15.99,16.01,-0.0200000000000013,-0.12,870373.0,6148688.0,2.262,0.000976,0.003499,0.66,24.644,28.0565,1.8467,4.4287,5.2437,0.023338,0.012306,1011660000.0,891660000.0,248775738.0,7152436200.0,6304036200.0,区域地产,房地产,房地产开发,住宅开发,7.79,6.37,0.0
2021-11-10,15.99,16.01,15.74,15.92,15.99,-0.0700000000000002,-0.44,906313.0,6357619.0,2.262,0.001016,0.003643,0.72,24.5395,27.9375,1.8389,4.4099,5.2214,0.023438,0.012358,1011660000.0,891660000.0,248775738.0,7122086400.0,6277286400.0,区域地产,房地产,房地产开发,住宅开发,7.78,6.36,0.0
2021-11-11,15.92,16.38,15.83,16.26,15.92,0.3400000000000016,2.14,2790297.0,19999955.0,2.262,0.003129,0.0112159999999999,2.38,25.0623,28.5328,1.8781,4.5039,5.3327,0.022949,0.0121,1011660000.0,891660000.0,248775738.0,7273835400.0,6411035400.0,区域地产,房地产,房地产开发,住宅开发,7.74,6.34,0.0
2021-11-12,16.2,16.24,15.86,15.97,16.26,-0.2900000000000009,-1.78,1872153.0,13248568.0,2.262,0.0021,0.007525,1.32,24.6092,28.0169,1.8441,4.4225,5.2363,0.023371,0.0123229999999999,1011660000.0,891660000.0,248775738.0,7142319600.0,6295119600.0,区域地产,房地产,房地产开发,住宅开发,7.91,6.47,0.0
2021-11-15,15.97,16.06,15.86,16.01,15.97,0.0400000000000009,0.25,1227400.0,8654397.0,2.262,0.001377,0.004934,0.82,24.6789,28.0962,1.8493,4.435,5.2511,0.023305,0.0122879999999999,1011660000.0,891660000.0,248775738.0,7162552800.0,6312952800.0,区域地产,房地产,房地产开发,住宅开发,7.77,6.35,0.0
2021-11-16,16.04,16.13,15.79,15.88,16.01,-0.1300000000000007,-0.81,1311690.0,9234690.0,2.262,0.001471,0.005273,0.86,24.4698,27.8581,1.8336,4.3974,5.2066,0.023504,0.012393,1011660000.0,891660000.0,248775738.0,7101853199.999999,6259453199.999999,区域地产,房地产,房地产开发,住宅开发,7.79,6.37,0.0
2021-11-17,15.88,15.9,15.77,15.83,15.88,-0.0500000000000007,-0.31,1068301.0,7480219.0,2.262,0.001198,0.004294,0.66,24.4,27.7788,1.8284,4.3849,5.1918,0.0235709999999999,0.0124289999999999,1011660000.0,891660000.0,248775738.0,7081620000.0,6241620000.0,区域地产,房地产,房地产开发,住宅开发,7.72,6.32,0.0
2021-11-18,15.83,15.83,15.56,15.63,15.83,-0.1999999999999993,-1.26,1782650.0,12371663.0,2.262,0.001999,0.007166,1.08,24.0863,27.4216,1.8049,4.3285,5.125,0.023878,0.0125899999999999,1011660000.0,891660000.0,248775738.0,6990570600.000001,6161370600.000001,区域地产,房地产,房地产开发,住宅开发,7.7,6.3,0.0
2021-11-19,15.63,15.99,15.59,15.88,15.63,0.25,1.6,1426146.0,9957566.0,2.262,0.001599,0.005733,0.98,24.4698,27.8581,1.8336,4.3974,5.2066,0.023504,0.012393,1011660000.0,891660000.0,248775738.0,7101853199.999999,6259453199.999999,区域地产,房地产,房地产开发,住宅开发,7.6,6.22,0.0
2021-11-22,15.9,15.92,15.74,15.88,15.88,0.0,0.0,1443774.0,10106327.0,2.262,0.0016189999999999,0.005804,1.06,24.4698,27.8581,1.8336,4.3974,5.2066,0.023504,0.012393,1011660000.0,891660000.0,248775738.0,7101853199.999999,6259453199.999999,区域地产,房地产,房地产开发,住宅开发,7.72,6.32,0.0
2021-11-23,15.88,16.24,15.79,16.22,15.88,0.3399999999999981,2.14,1983932.0,14055101.0,2.262,0.002225,0.007975,1.41,24.9926,28.4534,1.8728,4.4914,5.3178,0.023013,0.012134,1011660000.0,891660000.0,248775738.0,7253602200.0,6393202200.0,区域地产,房地产,房地产开发,住宅开发,7.72,6.32,0.0
2021-11-24,16.17,16.4,16.04,16.35,16.22,0.1300000000000025,0.8,1828417.0,13123829.0,2.262,0.002051,0.00735,1.19,25.2018,28.6915,1.8885,4.529,5.3623,0.022822,0.012033,1011660000.0,891660000.0,248775738.0,7314301800.000001,6446701800.000001,区域地产,房地产,房地产开发,住宅开发,7.89,6.45,0.0
2021-11-25,16.51,16.51,16.24,16.29,16.35,-0.0600000000000022,-0.37,1302467.0,9415677.0,2.262,0.001461,0.0052359999999999,0.77,25.0972,28.5724,1.8807,4.5102,5.3401,0.022917,0.012083,1011660000.0,891660000.0,248775738.0,7283952000.0,6419952000.0,区域地产,房地产,房地产开发,住宅开发,7.95,6.51,0.0
2021-11-26,16.33,16.33,16.04,16.17,16.29,-0.1199999999999974,-0.74,1494184.0,10675223.0,2.262,0.001676,0.006006,0.94,24.9229,28.374,1.8676,4.4788,5.303,0.023077,0.012168,1011660000.0,891660000.0,248775738.0,7233369000.0,6375369000.0,区域地产,房地产,房地产开发,住宅开发,7.92,6.48,0.0
2021-11-29,16.04,16.11,15.95,16.01,16.17,-0.1600000000000001,-0.99,1340280.0,9482665.0,2.262,0.001503,0.0053879999999999,0.83,24.6789,28.0962,1.8493,4.435,5.2511,0.023305,0.0122879999999999,1011660000.0,891660000.0,248775738.0,7162552800.0,6312952800.0,区域地产,房地产,房地产开发,住宅开发,7.87,6.44,0.0
2021-11-30,16.06,16.15,15.97,16.04,16.01,0.0299999999999975,0.19,1211050.0,8597108.0,2.262,0.001358,0.004868,0.76,24.7138,28.1359,1.8519,4.4413,5.2585,0.023272,0.012271,1011660000.0,891660000.0,248775738.0,7172669399.999999,6321869399.999999,区域地产,房地产,房地产开发,住宅开发,7.79,6.37,0.0
2021-12-01,16.04,16.35,15.95,16.26,16.04,0.2200000000000024,1.37,2090715.0,15003869.0,2.262,0.002345,0.008404,1.46,25.0623,28.5328,1.8781,4.5039,5.3327,0.022949,0.0121,1011660000.0,891660000.0,248775738.0,7273835400.0,6411035400.0,区域地产,房地产,房地产开发,住宅开发,7.8,6.38,0.0
2021-12-02,16.22,16.4,16.15,16.24,16.26,-0.0200000000000031,-0.12,1369950.0,9835651.0,2.262,0.0015359999999999,0.005507,0.92,25.0275,28.4931,1.8754,4.4976,5.3253,0.0229809999999999,0.012117,1011660000.0,891660000.0,248775738.0,7263718800.0,6402118800.0,区域地产,房地产,房地产开发,住宅开发,7.91,6.47,0.0
2021-12-03,16.31,16.31,16.01,16.24,16.24,0.0,0.0,1499273.0,10709757.0,2.262,0.001681,0.006027,1.0,25.0275,28.4931,1.8754,4.4976,5.3253,0.0229809999999999,0.012117,1011660000.0,891660000.0,248775738.0,7263718800.0,6402118800.0,区域地产,房地产,房地产开发,住宅开发,7.9,6.46,0.0
2021-12-06,16.31,16.42,16.08,16.11,16.24,-0.129999999999999,-0.8,1458680.0,10430960.0,2.262,0.0016359999999999,0.005863,0.97,24.8183,28.255,1.8598,4.46,5.2808,0.023174,0.012219,1011660000.0,891660000.0,248775738.0,7203019200.0,6348619200.0,区域地产,房地产,房地产开发,住宅开发,7.9,6.46,0.0
2021-12-07,16.4,16.56,16.13,16.29,16.11,0.1799999999999997,1.12,2496619.0,18007909.0,2.262,0.0028,0.010036,1.64,25.0972,28.5724,1.8807,4.5102,5.3401,0.022917,0.012083,1011660000.0,891660000.0,248775738.0,7283952000.0,6419952000.0,区域地产,房地产,房地产开发,住宅开发,7.83,6.41,0.0
2021-12-08,16.17,16.29,16.11,16.26,16.29,-0.0299999999999975,-0.18,1545094.0,11048379.0,2.262,0.001733,0.0062109999999999,0.87,25.0623,28.5328,1.8781,4.5039,5.3327,0.022949,0.0121,1011660000.0,891660000.0,248775738.0,7273835400.0,6411035400.0,区域地产,房地产,房地产开发,住宅开发,7.92,6.48,0.0
2021-12-09,16.2,16.4,16.2,16.26,16.26,0.0,0.0,2312501.0,16656362.000000002,2.262,0.002593,0.009296,1.38,25.0623,28.5328,1.8781,4.5039,5.3327,0.022949,0.0121,1011660000.0,891660000.0,248775738.0,7273835400.0,6411035400.0,区域地产,房地产,房地产开发,住宅开发,7.91,6.47,0.0
2021-12-10,16.17,16.29,16.13,16.22,16.26,-0.0400000000000027,-0.25,1498003.0,10729691.0,2.262,0.00168,0.0060209999999999,0.8,24.9926,28.4534,1.8728,4.4914,5.3178,0.023013,0.012134,1011660000.0,891660000.0,248775738.0,7253602200.0,6393202200.0,区域地产,房地产,房地产开发,住宅开发,7.91,6.47,0.0
2021-12-13,16.22,16.69,16.11,16.44,16.22,0.2200000000000024,1.36,3088158.0,22278746.0,2.262,0.003463,0.012413,1.66,25.3412,28.8502,1.8989,4.554,5.392,0.022696,0.011967,1011660000.0,891660000.0,248775738.0,7354768199.999999,6482368199.999999,区域地产,房地产,房地产开发,住宅开发,7.89,6.45,0.0
2021-12-14,16.44,16.58,16.24,16.44,16.44,0.0,0.0,2531040.0,18312327.0,2.262,0.002839,0.010174,1.16,25.3412,28.8502,1.8989,4.554,5.392,0.022696,0.011967,1011660000.0,891660000.0,248775738.0,7354768199.999999,6482368199.999999,区域地产,房地产,房地产开发,住宅开发,8.0,6.54,0.0
2021-12-15,16.4,16.67,16.31,16.56,16.44,0.1199999999999974,0.73,3098530.0,22671193.0,2.262,0.003475,0.012455,1.41,25.5155,29.0486,1.912,4.5853,5.4291,0.022541,0.011885,1011660000.0,891660000.0,248775738.0,7405351200.0,6526951200.0,区域地产,房地产,房地产开发,住宅开发,8.0,6.54,0.0
2021-12-16,16.56,16.69,16.35,16.56,16.56,0.0,0.0,1817736.0,13253862.0,2.262,0.002039,0.007307,0.73,25.5155,29.0486,1.912,4.5853,5.4291,0.022541,0.011885,1011660000.0,891660000.0,248775738.0,7405351200.0,6526951200.0,区域地产,房地产,房地产开发,住宅开发,8.05,6.59,0.0
2021-12-17,16.56,17.6,16.42,17.19,16.56,0.6300000000000026,3.8,7502571.000000001,56814972.0,2.262,0.008414,0.030158,3.12,26.4915,30.1598,1.9851,4.7607,5.6368,0.021711,0.011447,1011660000.0,891660000.0,248775738.0,7688616000.0,6776616000.0,区域地产,房地产,房地产开发,住宅开发,8.05,6.59,0.0
2021-12-20,17.19,18.91,17.01,18.75,17.19,1.5599999999999987,9.08,23075436.0,188432291.0,2.262,0.025879,0.092756,6.4,28.8966,32.898,2.1654,5.1929,6.1485,0.019903,0.010495,1011660000.0,891660000.0,248775738.0,8386661400.0,7391861400.0,区域地产,房地产,房地产开发,住宅开发,8.36,6.84,0.0
2021-12-21,18.14,20.02,17.92,18.82,18.75,0.0700000000000002,0.37,27107393.0,228332005.0,2.262,0.0304009999999999,0.108963,3.56,29.0012,33.017,2.1732,5.2117,6.1708,0.019832,0.010457,1011660000.0,891660000.0,248775738.0,8417011200.0,7418611200.0,区域地产,房地产,房地产开发,住宅开发,9.12,7.46,0.0
2021-12-22,18.59,19.18,17.94,18.03,18.82,-0.7899999999999991,-4.2,15635189.000000002,126748654.0,2.262,0.017535,0.062849,1.25,27.7812,31.6281,2.0818,4.9925,5.9112,0.020703,0.0109159999999999,1011660000.0,891660000.0,248775738.0,8062930200.0,7106530200.0,区域地产,房地产,房地产开发,住宅开发,9.15,7.49,0.0
2021-12-23,17.76,18.19,17.58,17.6,18.03,-0.4299999999999997,-2.38,8860120.0,69591680.0,2.262,0.009937,0.035615,0.59,27.1189,30.8741,2.0322,4.8735,5.7703,0.021208,0.011183,1011660000.0,891660000.0,248775738.0,7870714800.0,6937114800.0,区域地产,房地产,房地产开发,住宅开发,8.77,7.17,0.0
2021-12-24,17.53,17.71,17.33,17.35,17.6,-0.25,-1.42,6552512.0,50582621.0,2.262,0.007349,0.026339,0.4,26.7355,30.4376,2.0034,4.8046,5.6887,0.0215119999999999,0.011343,1011660000.0,891660000.0,248775738.0,7759432200.0,6839032200.0,区域地产,房地产,房地产开发,住宅开发,8.56,7.0,0.0
2021-12-27,17.37,17.76,17.24,17.44,17.35,0.0899999999999998,0.52,5050640.0,39072017.0,2.262,0.005664,0.0203019999999999,0.31,26.8749,30.5963,2.0139,4.8296,5.7183,0.021401,0.011284,1011660000.0,891660000.0,248775738.0,7799898600.0,6874698600.0,区域地产,房地产,房地产开发,住宅开发,8.44,6.9,0.0
2021-12-28,17.42,17.55,17.1,17.35,17.44,-0.0899999999999998,-0.52,4782745.0,36604189.0,2.262,0.005364,0.019225,0.38,26.7355,30.4376,2.0034,4.8046,5.6887,0.0215119999999999,0.011343,1011660000.0,891660000.0,248775738.0,7759432200.0,6839032200.0,区域地产,房地产,房地产开发,住宅开发,8.48,6.94,0.0
2021-12-29,17.42,17.62,17.19,17.33,17.35,-0.0200000000000031,-0.12,3527150.0,27179730.0,2.262,0.003956,0.014178,0.43,26.7006,30.3979,2.0008,4.7983,5.6813,0.02154,0.011358,1011660000.0,891660000.0,248775738.0,7749315600.000001,6830115600.000001,区域地产,房地产,房地产开发,住宅开发,8.44,6.9,0.0
2021-12-30,17.33,17.51,17.21,17.39,17.33,0.0600000000000022,0.35,3019726.0,23154710.0,2.262,0.003387,0.012138,0.52,26.8052,30.517,2.0087,4.8171,5.7035,0.021456,0.011313,1011660000.0,891660000.0,248775738.0,7779665400.0,6856865400.0,区域地产,房地产,房地产开发,住宅开发,8.43,6.89,0.0
2021-12-31,17.51,18.12,17.24,17.71,17.39,0.3200000000000003,1.84,6177678.0,48309195.0,2.262,0.006928,0.024832,1.35,27.2932,31.0725,2.0452,4.9048,5.8073,0.0210729999999999,0.011111,1011660000.0,891660000.0,248775738.0,7921297800.0,6981697800.0,区域地产,房地产,房地产开发,住宅开发,8.46,6.92,0.0
2022-01-04,17.58,17.98,17.46,17.87,17.71,0.1600000000000001,0.9,5052207.0,39746631.0,2.262,0.005666,0.020308,1.12,27.5372,31.3503,2.0635,4.9486,5.8593,0.011013,0.011013,1011660000.0,891660000.0,248775738.0,7992114000.0,7044114000.0,区域地产,房地产,房地产开发,住宅开发,8.61,7.05,0.0
2022-01-05,17.94,18.14,17.73,17.94,17.87,0.0700000000000002,0.39,5045300.0,39986688.0,2.262,0.005658,0.0202809999999999,1.12,27.6418,31.4694,2.0713,4.9674,5.8815,0.010971,0.010971,1011660000.0,891660000.0,248775738.0,8022463800.0,7070863800.0,区域地产,房地产,房地产开发,住宅开发,8.69,7.11,0.0
2022-01-06,17.76,18.5,17.76,18.19,17.94,0.25,1.39,5374085.0,43407387.0,2.262,0.006027,0.021602,1.18,28.0252,31.9059,2.1001,5.0363,5.9631,0.010821,0.010821,1011660000.0,891660000.0,248775738.0,8133746400.0,7168946400.0,区域地产,房地产,房地产开发,住宅开发,8.72,7.14,0.0
2022-01-07,18.19,18.84,18.12,18.55,18.19,0.3599999999999994,1.98,7264258.0,59835970.0,2.262,0.008147,0.0292,1.47,28.5829,32.5408,2.1419,5.1366,6.0818,0.01061,0.01061,1011660000.0,891660000.0,248775738.0,8295612000.0,7311612000.0,区域地产,房地产,房地产开发,住宅开发,8.84,7.24,0.0
2022-01-10,18.53,18.77,18.23,18.46,18.55,-0.0899999999999998,-0.49,4648781.0,37860952.0,2.262,0.005214,0.018687,0.8,28.4435,32.3821,2.1314,5.1115,6.0521,0.010662,0.010662,1011660000.0,891660000.0,248775738.0,8255145600.000001,7275945600.000001,区域地产,房地产,房地产开发,住宅开发,9.02,7.38,0.0
2022-01-11,18.44,18.64,18.25,18.32,18.46,-0.1400000000000005,-0.76,4049190.0,32968929.0,2.262,0.004541,0.016276,0.74,28.2343,32.144,2.1157,5.0739,6.0076,0.010741,0.010741,1011660000.0,891660000.0,248775738.0,8194446000.0,7222446000.0,区域地产,房地产,房地产开发,住宅开发,8.98,7.34,0.0
2022-01-12,18.25,18.55,17.98,18.53,18.32,0.2100000000000008,1.15,4295854.0,34785771.0,2.262,0.004818,0.017268,0.81,28.5481,32.5011,2.1393,5.1303,6.0744,0.010623,0.010623,1011660000.0,891660000.0,248775738.0,8285495400.0,7302695400.0,区域地产,房地产,房地产开发,住宅开发,8.91,7.29,0.0
2022-01-13,18.48,18.91,18.44,18.53,18.53,0.0,0.0,3984949.0,32901414.0,2.262,0.004469,0.0160179999999999,0.78,28.5481,32.5011,2.1393,5.1303,6.0744,0.010623,0.010623,1011660000.0,891660000.0,248775738.0,8285495400.0,7302695400.0,区域地产,房地产,房地产开发,住宅开发,9.01,7.37,0.0
2022-01-14,18.5,18.59,18.05,18.05,18.53,-0.4800000000000004,-2.59,4165473.000000001,33682749.0,2.262,0.004672,0.016744,0.86,27.8161,31.6678,2.0844,4.9988,5.9186,0.010902,0.010902,1011660000.0,891660000.0,248775738.0,8073046800.000001,7115446800.000001,区域地产,房地产,房地产开发,住宅开发,9.01,7.37,0.0
2022-01-17,18.03,18.44,17.92,18.23,18.05,0.1799999999999997,1.0,4086361.0,32948270.0,2.262,0.004583,0.016426,0.97,28.0949,31.9853,2.1053,5.0489,5.9779,0.010794,0.010794,1011660000.0,891660000.0,248775738.0,8153979600.0,7186779600.0,区域地产,房地产,房地产开发,住宅开发,8.78,7.18,0.0
2022-01-18,18.3,18.32,17.98,17.98,18.23,-0.25,-1.37,3251501.0,26044790.0,2.262,0.003647,0.01307,0.79,27.7115,31.5487,2.0766,4.98,5.8964,0.010943,0.010943,1011660000.0,891660000.0,248775738.0,8042697000.0,7088697000.0,区域地产,房地产,房地产开发,住宅开发,8.87,7.25,0.0
2022-01-19,17.87,18.21,17.76,18.05,17.98,0.0700000000000002,0.39,2810140.0,22378219.0,2.262,0.003152,0.0112959999999999,0.71,27.8161,31.6678,2.0844,4.9988,5.9186,0.010902,0.010902,1011660000.0,891660000.0,248775738.0,8073046800.000001,7115446800.000001,区域地产,房地产,房地产开发,住宅开发,8.75,7.16,0.0
2022-01-20,18.07,18.5,17.85,17.87,18.05,-0.1799999999999997,-1.0,3925920.0,31465406.0,2.262,0.004403,0.015781,1.07,27.5372,31.3503,2.0635,4.9486,5.8593,0.011013,0.011013,1011660000.0,891660000.0,248775738.0,7992114000.0,7044114000.0,区域地产,房地产,房地产开发,住宅开发,8.78,7.18,0.0
2022-01-21,17.69,18.03,17.53,17.87,17.87,0.0,0.0,3297786.0,25948413.0,2.262,0.003698,0.0132559999999999,0.9,27.5372,31.3503,2.0635,4.9486,5.8593,0.011013,0.011013,1011660000.0,891660000.0,248775738.0,7992114000.0,7044114000.0,区域地产,房地产,房地产开发,住宅开发,8.69,7.11,0.0
2022-01-24,17.87,17.98,17.53,17.58,17.87,-0.2900000000000027,-1.62,2098900.0,16404991.000000002,2.262,0.002354,0.008437,0.6,27.0841,30.8344,2.0296,4.8672,5.7628,0.0111969999999999,0.0111969999999999,1011660000.0,891660000.0,248775738.0,7860598199.999999,6928198199.999999,区域地产,房地产,房地产开发,住宅开发,8.69,7.11,0.0
2022-01-25,17.71,17.76,16.76,16.78,17.58,-0.7999999999999972,-4.55,3771800.0,28610594.0,2.262,0.00423,0.015161,1.23,25.864,29.4455,1.9381,4.648,5.5033,0.011725,0.011725,1011660000.0,891660000.0,248775738.0,7506517200.0,6616117200.0,区域地产,房地产,房地产开发,住宅开发,8.55,6.99,0.0
2022-01-26,16.81,17.21,16.81,17.08,16.78,0.2999999999999971,1.79,2731948.0,20563760.0,2.262,0.003064,0.010982,0.86,26.3172,29.9614,1.9721,4.7294,5.5997,0.011523,0.011523,1011660000.0,891660000.0,248775738.0,7638033000.0,6732033000.0,区域地产,房地产,房地产开发,住宅开发,8.16,6.68,0.0
2022-01-27,17.08,17.08,16.65,16.67,17.08,-0.4099999999999966,-2.4,2379084.0,17677913.0,2.262,0.002668,0.009563,0.75,25.6898,29.2471,1.9251,4.6166,5.4662,0.011805,0.011805,1011660000.0,891660000.0,248775738.0,7455934200.0,6571534200.0,区域地产,房地产,房地产开发,住宅开发,8.31,6.8,0.0
2022-01-28,16.85,17.01,16.51,16.81,16.67,0.139999999999997,0.84,2477300.0,18329093.0,2.262,0.002778,0.009958,0.87,25.8989,29.4852,1.9407,4.6542,5.5107,0.011709,0.011709,1011660000.0,891660000.0,248775738.0,7516633800.0,6625033800.0,区域地产,房地产,房地产开发,住宅开发,8.11,6.63,0.0
2022-02-07,16.96,17.17,16.69,17.08,16.81,0.2699999999999996,1.61,2082620.0,15587807.0,2.262,0.002336,0.008371,0.77,26.3172,29.9614,1.9721,4.7294,5.5997,0.011523,0.011523,1011660000.0,891660000.0,248775738.0,7638033000.0,6732033000.0,区域地产,房地产,房地产开发,住宅开发,8.17,6.69,0.0
2022-02-08,17.19,17.62,17.01,17.46,17.08,0.3800000000000025,2.22,2699704.0,20769550.0,2.262,0.003028,0.0108519999999999,1.0,26.9098,30.636,2.0165,4.8359,5.7258,0.011269,0.011269,1011660000.0,891660000.0,248775738.0,7810015200.0,6883615200.0,区域地产,房地产,房地产开发,住宅开发,8.31,6.8,0.0
2022-02-09,17.6,17.64,17.3,17.37,17.46,-0.0899999999999998,-0.52,2656703.0,20465328.0,2.262,0.00298,0.010679,1.07,26.7703,30.4773,2.006,4.8108,5.6961,0.011328,0.011328,1011660000.0,891660000.0,248775738.0,7769548800.0,6847948800.0,区域地产,房地产,房地产开发,住宅开发,8.49,6.95,0.0
2022-02-10,17.37,17.55,17.17,17.46,17.37,0.0899999999999998,0.52,1973664.0,15181362.0,2.262,0.002213,0.007934,0.8,26.9098,30.636,2.0165,4.8359,5.7258,0.011269,0.011269,1011660000.0,891660000.0,248775738.0,7810015200.0,6883615200.0,区域地产,房地产,房地产开发,住宅开发,8.45,6.91,0.0
2022-02-11,17.62,17.8,17.24,17.33,17.46,-0.1300000000000025,-0.74,2752501.0,21294066.0,2.262,0.003087,0.011064,1.16,26.7006,30.3979,2.0008,4.7983,5.6813,0.011358,0.011358,1011660000.0,891660000.0,248775738.0,7749315600.000001,6830115600.000001,区域地产,房地产,房地产开发,住宅开发,8.49,6.95,0.0
2022-02-14,17.19,17.35,16.99,17.08,17.33,-0.25,-1.44,2194102.0,16623580.000000002,2.262,0.002461,0.00882,0.9,26.3172,29.9614,1.9721,4.7294,5.5997,0.011523,0.011523,1011660000.0,891660000.0,248775738.0,7638033000.0,6732033000.0,区域地产,房地产,房地产开发,住宅开发,8.43,6.89,0.0
2022-02-15,17.15,17.17,16.83,16.99,17.08,-0.0899999999999998,-0.53,2377483.0,17844802.0,2.262,0.002666,0.009557,0.97,26.1778,29.8026,1.9616,4.7043,5.57,0.011585,0.011585,1011660000.0,891660000.0,248775738.0,7597566600.0,6696366600.0,区域地产,房地产,房地产开发,住宅开发,8.31,6.8,0.0
2022-02-16,16.92,17.17,16.87,17.1,16.99,0.1100000000000029,0.65,1371500.0,10340165.0,2.262,0.0015379999999999,0.005513,0.57,26.3521,30.0011,1.9747,4.7357,5.6071,0.011508,0.011508,1011660000.0,891660000.0,248775738.0,7648149600.0,6740949600.0,区域地产,房地产,房地产开发,住宅开发,8.26,6.76,0.0
2022-02-17,17.1,17.17,16.69,16.78,17.1,-0.3200000000000003,-1.87,2303800.0,17160401.0,2.262,0.002584,0.009261,1.08,25.864,29.4455,1.9381,4.648,5.5033,0.011725,0.011725,1011660000.0,891660000.0,248775738.0,7506517200.0,6616117200.0,区域地产,房地产,房地产开发,住宅开发,8.32,6.8,0.0
2022-02-18,16.76,17.3,16.69,17.24,16.78,0.4599999999999973,2.74,2415101.0,18198691.0,2.262,0.0027089999999999,0.009708,1.1,26.5612,30.2392,1.9904,4.7733,5.6516,0.011417,0.011417,1011660000.0,891660000.0,248775738.0,7708849200.0,6794449200.0,区域地产,房地产,房地产开发,住宅开发,8.16,6.68,0.0
2022-02-21,17.21,17.55,17.03,17.46,17.24,0.2200000000000024,1.28,3278407.0,25046265.0,2.262,0.003677,0.013178,1.54,26.9098,30.636,2.0165,4.8359,5.7258,0.011269,0.011269,1011660000.0,891660000.0,248775738.0,7810015200.0,6883615200.0,区域地产,房地产,房地产开发,住宅开发,8.38,6.86,0.0
2022-02-22,17.24,17.64,17.19,17.53,17.46,0.0700000000000002,0.4,3776800.0,29056942.0,2.262,0.004236,0.015182,1.61,27.0143,30.7551,2.0243,4.8547,5.748,0.011226,0.011226,1011660000.0,891660000.0,248775738.0,7840365000.0,6910365000.0,区域地产,房地产,房地产开发,住宅开发,8.49,6.95,0.0
2022-02-23,17.51,17.53,17.24,17.39,17.53,-0.1400000000000005,-0.8,2181890.0,16745009.999999998,2.262,0.002447,0.008771,0.83,26.8052,30.517,2.0087,4.8171,5.7035,0.011313,0.011313,1011660000.0,891660000.0,248775738.0,7779665400.0,6856865400.0,区域地产,房地产,房地产开发,住宅开发,8.53,6.98,0.0
2022-02-24,17.53,17.64,16.74,16.96,17.39,-0.4299999999999997,-2.47,4282900.0,32503047.0,2.262,0.004803,0.017216,1.53,26.1429,29.763,1.959,4.6981,5.5626,0.0116,0.0116,1011660000.0,891660000.0,248775738.0,7587450000.0,6687450000.0,区域地产,房地产,房地产开发,住宅开发,8.46,6.92,0.0
2022-02-25,16.96,17.44,16.92,17.21,16.96,0.25,1.47,3072131.0,23310563.0,2.262,0.0034449999999999,0.012349,0.96,26.5263,30.1995,1.9878,4.767,5.6442,0.011432,0.011432,1011660000.0,891660000.0,248775738.0,7698732600.0,6785532600.0,区域地产,房地产,房地产开发,住宅开发,8.25,6.75,0.0
2022-02-28,17.21,17.3,16.78,17.03,17.21,-0.1799999999999997,-1.05,2632600.0,19688844.0,2.262,0.002952,0.010582,0.79,26.2475,29.882,1.9669,4.7169,5.5848,0.011554,0.011554,1011660000.0,891660000.0,248775738.0,7617799800.0,6714199800.0,区域地产,房地产,房地产开发,住宅开发,8.37,6.85,0.0
2022-03-01,16.85,17.1,16.65,16.96,17.03,-0.0700000000000002,-0.41,2228587.0,16617253.0,2.262,0.002499,0.008958,0.7,26.1429,29.763,1.959,4.6981,5.5626,0.0116,0.0116,1011660000.0,891660000.0,248775738.0,7587450000.0,6687450000.0,区域地产,房地产,房地产开发,住宅开发,8.28,6.78,0.0
2022-03-02,16.92,17.49,16.85,17.42,16.96,0.4600000000000008,2.71,3094383.0,23468326.0,2.262,0.0034699999999999,0.012438,1.07,26.8401,30.5566,2.0113,4.8234,5.7109,0.0112989999999999,0.0112989999999999,1011660000.0,891660000.0,248775738.0,7789782000.0,6865782000.0,区域地产,房地产,房地产开发,住宅开发,8.25,6.75,0.0
2022-03-03,17.39,17.69,17.26,17.33,17.42,-0.0900000000000034,-0.52,2435700.0,18758611.0,2.262,0.002732,0.009791,0.8,26.7006,30.3979,2.0008,4.7983,5.6813,0.011358,0.011358,1011660000.0,891660000.0,248775738.0,7749315600.000001,6830115600.000001,区域地产,房地产,房地产开发,住宅开发,8.47,6.93,0.0
2022-03-04,17.28,17.53,17.1,17.46,17.33,0.1300000000000025,0.75,2573583.0,19720413.0,2.262,0.002886,0.010345,0.96,26.9098,30.636,2.0165,4.8359,5.7258,0.011269,0.011269,1011660000.0,891660000.0,248775738.0,7810015200.0,6883615200.0,区域地产,房地产,房地产开发,住宅开发,8.43,6.89,0.0
2022-03-07,17.53,18.28,17.46,17.78,17.46,0.3200000000000003,1.83,6056953.0,47739054.0,2.262,0.006793,0.0243469999999999,2.34,27.3978,31.1916,2.0531,4.9236,5.8296,0.011069,0.011069,1011660000.0,891660000.0,248775738.0,7951647600.0,7008447600.0,区域地产,房地产,房地产开发,住宅开发,8.49,6.95,0.0
2022-03-08,17.78,17.82,17.19,17.35,17.78,-0.4299999999999997,-2.42,3815592.0,29443273.0,2.262,0.004279,0.015337,1.16,26.7355,30.4376,2.0034,4.8046,5.6887,0.011343,0.011343,1011660000.0,891660000.0,248775738.0,7759432200.0,6839032200.0,区域地产,房地产,房地产开发,住宅开发,8.65,7.07,0.0
2022-03-09,17.35,17.39,16.24,17.1,17.35,-0.25,-1.44,4019600.0,30038238.0,2.262,0.004508,0.016158,1.12,26.3521,30.0011,1.9747,4.7357,5.6071,0.011508,0.011508,1011660000.0,891660000.0,248775738.0,7648149600.0,6740949600.0,区域地产,房地产,房地产开发,住宅开发,8.44,6.9,0.0
2022-03-10,17.12,17.64,16.94,17.42,17.1,0.3200000000000003,1.87,3352187.9999999995,25704032.0,2.262,0.003759,0.0134749999999999,0.89,26.8401,30.5566,2.0113,4.8234,5.7109,0.0112989999999999,0.0112989999999999,1011660000.0,891660000.0,248775738.0,7789782000.0,6865782000.0,区域地产,房地产,房地产开发,住宅开发,8.32,6.8,0.0
2022-03-11,17.19,18.05,17.01,18.05,17.42,0.629999999999999,3.62,4660974.0,36346186.0,2.262,0.005227,0.018736,1.18,27.8161,31.6678,2.0844,4.9988,5.9186,0.010902,0.010902,1011660000.0,891660000.0,248775738.0,8073046800.000001,7115446800.000001,区域地产,房地产,房地产开发,住宅开发,8.47,6.93,0.0
2022-03-14,17.96,18.34,17.73,17.87,18.05,-0.1799999999999997,-1.0,3578073.0000000005,28531563.0,2.262,0.004013,0.014383,0.82,27.5372,31.3503,2.0635,4.9486,5.8593,0.011013,0.011013,1011660000.0,891660000.0,248775738.0,7992114000.0,7044114000.0,区域地产,房地产,房地产开发,住宅开发,8.78,7.18,0.0
2022-03-15,17.78,17.92,16.83,16.96,17.87,-0.91,-5.09,5082967.0,39170994.0,2.262,0.005701,0.020432,1.31,26.1429,29.763,1.959,4.6981,5.5626,0.0116,0.0116,1011660000.0,891660000.0,248775738.0,7587450000.0,6687450000.0,区域地产,房地产,房地产开发,住宅开发,8.69,7.11,0.0
2022-03-16,17.03,17.46,16.51,17.44,16.96,0.4800000000000004,2.83,4642018.0,34892672.0,2.262,0.005206,0.018659,1.12,26.8749,30.5963,2.0139,4.8296,5.7183,0.011284,0.011284,1011660000.0,891660000.0,248775738.0,7799898600.0,6874698600.0,区域地产,房地产,房地产开发,住宅开发,8.25,6.75,0.0
2022-03-17,17.69,18.37,17.6,18.12,17.44,0.6799999999999997,3.9,7409002.0,58858204.0,2.262,0.008309,0.029782,1.74,27.9206,31.7868,2.0922,5.0176,5.9409,0.010861,0.010861,1011660000.0,891660000.0,248775738.0,8103396600.0,7142196600.0,区域地产,房地产,房地产开发,住宅开发,8.48,6.94,0.0
2022-03-18,17.89,18.53,17.67,18.53,18.12,0.4100000000000001,2.26,7416713.0,59482070.0,2.262,0.0083179999999999,0.029813,1.46,37.5187,37.5187,2.1038,6.2731,6.2731,0.010623,0.010623,1011660000.0,891660000.0,248775738.0,8285495400.0,7302695400.0,区域地产,房地产,房地产开发,住宅开发,8.81,7.21,0.0
2022-03-21,18.75,18.89,18.25,18.66,18.53,0.129999999999999,0.7,7501712.0,61679213.0,2.262,0.008413,0.0301549999999999,1.33,37.7936,37.7936,2.1193,6.3191,6.3191,0.010545,0.010545,1011660000.0,891660000.0,248775738.0,8346195000.0,7356195000.0,区域地产,房地产,房地产开发,住宅开发,9.01,7.37,0.0
2022-03-22,18.46,19.48,18.3,18.91,18.66,0.25,1.34,11344108.0,95135946.0,2.262,0.012722,0.0455999999999999,1.77,38.2975,38.2975,2.1475,6.4033,6.4033,0.010407,0.010407,1011660000.0,891660000.0,248775738.0,8457477600.0,7454277600.0,区域地产,房地产,房地产开发,住宅开发,9.08,7.43,0.0
2022-03-23,18.73,19.2,18.46,18.75,18.91,-0.1600000000000001,-0.85,8136819.0,67518932.0,2.262,0.009125,0.032707,1.06,37.9768,37.9768,2.1295,6.3497,6.3497,0.010495,0.010495,1011660000.0,891660000.0,248775738.0,8386661400.0,7391861400.0,区域地产,房地产,房地产开发,住宅开发,9.2,7.52,0.0
2022-03-24,18.57,19.02,18.41,18.41,18.75,-0.3399999999999998,-1.81,6556481.0,54229161.0,2.262,0.0073529999999999,0.026355,0.78,37.2897,37.2897,2.091,6.2348,6.2348,0.010688,0.010688,1011660000.0,891660000.0,248775738.0,8234912400.0,7258112400.0,区域地产,房地产,房地产开发,住宅开发,9.12,7.46,0.0
2022-03-25,18.39,18.91,18.28,18.46,18.41,0.0500000000000007,0.27,5692160.0,46682310.0,2.262,0.006384,0.022881,0.69,37.3813,37.3813,2.0961,6.2502,6.2502,0.010662,0.010662,1011660000.0,891660000.0,248775738.0,8255145600.000001,7275945600.000001,区域地产,房地产,房地产开发,住宅开发,8.95,7.33,0.0
2022-03-28,18.28,19.11,18.28,18.89,18.46,0.4299999999999997,2.33,7359200.0,61402985.0,2.262,0.008253,0.029582,0.94,38.2517,38.2517,2.1449,6.3957,6.3957,0.010419,0.010419,1011660000.0,891660000.0,248775738.0,8447361000.0,7445361000.0,区域地产,房地产,房地产开发,住宅开发,8.98,7.34,0.0
2022-03-29,18.77,18.8,18.37,18.53,18.89,-0.3599999999999994,-1.91,5666309.0,46476573.0,2.262,0.0063549999999999,0.022777,0.72,37.5187,37.5187,2.1038,6.2731,6.2731,0.010623,0.010623,1011660000.0,891660000.0,248775738.0,8285495400.0,7302695400.0,区域地产,房地产,房地产开发,住宅开发,9.19,7.52,0.0
2022-03-30,18.62,19.95,18.5,19.68,18.53,1.1499999999999986,6.21,14714440.0,126466619.0,2.262,0.016502,0.059147,2.2,39.855,39.855,2.2349,6.6638,6.6638,0.01,0.01,1011660000.0,891660000.0,248775738.0,8801442000.0,7757442000.0,区域地产,房地产,房地产开发,住宅开发,9.01,7.37,0.0
2022-03-31,19.23,21.53,19.23,20.31,19.68,0.629999999999999,3.2,23568732.0,210880979.0,2.262,0.026432,0.094739,2.95,41.1377,41.1377,2.3068,6.8782,6.8782,0.009688,0.009688,1011660000.0,891660000.0,248775738.0,9084706800.0,8007106800.000001,区域地产,房地产,房地产开发,住宅开发,9.57,7.83,0.0
2022-04-01,19.82,21.94,19.7,21.47,20.31,1.16,5.71,22842689.0,212338613.0,2.262,0.025618,0.09182,2.0,43.4741,43.4741,2.4378,7.2689,7.2689,0.0091679999999999,0.0091679999999999,1011660000.0,891660000.0,248775738.0,9600653400.0,8461853400.0,区域地产,房地产,房地产开发,住宅开发,9.88,8.08,0.0
2022-04-06,21.38,23.62,20.61,23.62,21.47,2.150000000000002,10.01,19930944.0,194160508.0,2.262,0.022353,0.0801159999999999,1.34,47.8261,47.8261,2.6818,7.9965,7.9965,0.008333,0.008333,1011660000.0,891660000.0,248775738.0,10561730400.0,9308930400.0,区域地产,房地产,房地产开发,住宅开发,10.44,8.54,0.0
2022-04-07,23.62,25.4,21.74,21.74,23.62,-1.8800000000000023,-7.96,32055644.0,328420238.0,2.262,0.035951,0.128854,1.85,44.0238,44.0238,2.4686,7.3608,7.3608,0.009053,0.009053,1011660000.0,891660000.0,248775738.0,9722052600.0,8568852600.0,区域地产,房地产,房地产开发,住宅开发,11.48,9.4,0.0
2022-04-08,21.47,22.85,20.7,22.3,21.74,0.5600000000000023,2.58,24759336.0,236786778.0,2.262,0.027768,0.099525,1.09,45.1691,45.1691,2.5328,7.5523,7.5523,0.008824,0.008824,1011660000.0,891660000.0,248775738.0,9974967600.0,8791767600.0,区域地产,房地产,房地产开发,住宅开发,10.57,8.65,0.0
2022-04-11,21.26,21.29,20.06,20.09,22.3,-2.210000000000001,-9.91,18506302.0,166234686.0,2.262,0.020755,0.074389,0.75,40.6796,40.6796,2.2811,6.8016,6.8016,0.009797,0.009797,1011660000.0,891660000.0,248775738.0,8983540800.0,7917940800.0,区域地产,房地产,房地产开发,住宅开发,10.85,8.87,0.0
2022-04-12,20.13,21.17,19.86,20.2,20.09,0.1099999999999994,0.55,13463374.0,121968022.0,2.262,0.015099,0.054119,0.57,40.9087,40.9087,2.2939,6.8399,6.8399,0.0097419999999999,0.0097419999999999,1011660000.0,891660000.0,248775738.0,9034123800.0,7962523800.0,区域地产,房地产,房地产开发,住宅开发,9.77,7.99,0.0
2022-04-13,19.68,20.34,19.45,19.77,20.2,-0.4299999999999997,-2.13,11394662.0,99765355.0,2.262,0.012779,0.045803,0.52,40.0383,40.0383,2.2451,6.6944,6.6944,0.009954,0.009954,1011660000.0,891660000.0,248775738.0,8841908400.0,7793108400.0,区域地产,房地产,房地产开发,住宅开发,9.82,8.04,0.0
2022-04-14,19.97,20.81,19.97,20.52,19.77,0.75,3.79,12755185.0,114594961.0,2.262,0.014305,0.051272,0.64,41.55,41.55,2.3299,6.9472,6.9472,0.009592,0.009592,1011660000.0,891660000.0,248775738.0,9175756200.0,8087356200.0,区域地产,房地产,房地产开发,住宅开发,9.61,7.87,0.0
2022-04-15,20.34,21.6,20.2,21.26,20.52,0.740000000000002,3.61,16462101.0,152745720.0,2.262,0.018462,0.066172,1.02,43.0618,43.0618,2.4147,7.1999,7.1999,0.009255,0.009255,1011660000.0,891660000.0,248775738.0,9509604000.0,8381604000.0,区域地产,房地产,房地产开发,住宅开发,9.98,8.16,0.0
2022-04-18,20.83,21.9,20.49,20.95,21.26,-0.3100000000000023,-1.46,14757037.0,138522661.0,2.262,0.01655,0.059319,1.02,42.4204,42.4204,2.3787,7.0927,7.0927,0.009395,0.009395,1011660000.0,891660000.0,248775738.0,9367971600.0,8256771600.0,区域地产,房地产,房地产开发,住宅开发,10.34,8.46,0.0
2022-04-19,20.58,21.01,19.75,20.72,20.95,-0.2300000000000004,-1.1,11457507.0,103370561.0,2.262,0.0128499999999999,0.046056,0.83,41.9623,41.9623,2.353,7.0161,7.0161,0.009498,0.009498,1011660000.0,891660000.0,248775738.0,9266805600.0,8167605600.000001,区域地产,房地产,房地产开发,住宅开发,10.19,8.33,0.0
2022-04-20,20.72,20.81,19.75,20.04,20.72,-0.6799999999999997,-3.28,7780525.999999999,69534806.0,2.262,0.008726,0.031275,0.58,40.588,40.588,2.276,6.7863,6.7863,0.009819,0.009819,1011660000.0,891660000.0,248775738.0,8963307600.0,7900107600.0,区域地产,房地产,房地产开发,住宅开发,10.08,8.24,0.0
2022-04-21,19.93,20.13,19.0,19.18,20.04,-0.8599999999999994,-4.29,8697301.0,74921016.0,2.262,0.009754,0.03496,0.69,38.8472,38.8472,2.1783,6.4953,6.4953,0.010259,0.010259,1011660000.0,891660000.0,248775738.0,8578876800.000001,7561276800.000001,区域地产,房地产,房地产开发,住宅开发,9.75,7.97,0.0
2022-04-22,19.16,19.29,18.39,18.44,19.18,-0.7399999999999984,-3.86,8735242.0,72447253.0,2.262,0.009797,0.035113,0.74,37.3355,37.3355,2.0936,6.2425,6.2425,0.0106749999999999,0.0106749999999999,1011660000.0,891660000.0,248775738.0,8245029000.0,7267029000.0,区域地产,房地产,房地产开发,住宅开发,9.33,7.63,0.0
2022-04-25,18.07,18.37,16.72,16.76,18.44,-1.6799999999999995,-9.11,9335455.0,71939992.0,2.262,0.01047,0.037526,0.91,33.9455,33.9455,1.9035,5.6757,5.6757,0.011741,0.011741,1011660000.0,891660000.0,248775738.0,7496400600.000001,6607200600.000001,区域地产,房地产,房地产开发,住宅开发,8.97,7.34,0.0
2022-04-26,16.76,17.28,16.22,16.44,16.76,-0.3200000000000003,-1.91,7971400.999999999,58911669.0,2.262,0.00894,0.032043,0.87,33.3042,33.3042,1.8675,5.5685,5.5685,0.011967,0.011967,1011660000.0,891660000.0,248775738.0,7354768199.999999,6482368199.999999,区域地产,房地产,房地产开发,住宅开发,8.15,6.67,0.0
2022-04-27,16.11,16.85,15.88,16.58,16.44,0.139999999999997,0.85,7798828.0,56179296.0,2.262,0.008746,0.031349,0.92,33.579,33.579,1.8829,5.6144,5.6144,0.011869,0.011869,1011660000.0,891660000.0,248775738.0,7415467800.0,6535867800.0,区域地产,房地产,房地产开发,住宅开发,8.0,6.54,0.0
2022-04-28,16.56,18.23,16.01,18.23,16.58,1.650000000000002,9.95,10719097.0,80921123.0,2.262,0.012022,0.043087,1.26,36.9232,36.9232,2.0705,6.1736,6.1736,0.010794,0.010794,1011660000.0,891660000.0,248775738.0,8153979600.0,7186779600.0,区域地产,房地产,房地产开发,住宅开发,8.06,6.6,0.0
2022-04-29,19.09,20.06,18.82,20.06,18.23,1.8299999999999983,10.04,11688811.0,101259786.0,2.262,0.0131089999999999,0.046985,1.31,40.6338,40.6338,2.2785,6.794,6.794,0.009808,0.009808,1011660000.0,891660000.0,248775738.0,8973424200.0,7909024200.0,区域地产,房地产,房地产开发,住宅开发,8.87,7.25,0.0
2022-05-05,21.85,22.08,21.44,22.08,20.06,2.02,10.07,11201904.0,108512867.0,2.262,0.012563,0.045028,1.18,44.711,33.4621,2.4089,7.4757,8.3811,0.008914,0.008914,1011660000.0,891660000.0,248775738.0,9873801600.0,8702601600.0,区域地产,房地产,房地产开发,住宅开发,9.76,7.98,0.0
2022-05-06,22.08,24.2,20.2,20.63,22.08,-1.4499999999999993,-6.57,44234090.0,426985892.0,2.262,0.0496089999999999,0.177807,4.48,41.7791,31.2679,2.251,6.9855,7.8315,0.0095389999999999,0.0095389999999999,1011660000.0,891660000.0,248775738.0,9226339200.0,8131939200.0,区域地产,房地产,房地产开发,住宅开发,10.74,8.78,0.0
2022-05-09,20.49,21.58,19.32,20.79,20.63,0.1600000000000001,0.78,32949635.0,298661860.0,2.262,0.036953,0.132447,1.92,42.0998,31.5079,2.2682,7.0391,7.8916,0.009467,0.009467,1011660000.0,891660000.0,248775738.0,9297155400.0,8194355400.0,区域地产,房地产,房地产开发,住宅开发,10.03,8.21,0.0
2022-05-10,19.91,21.15,19.45,20.61,20.79,-0.1799999999999997,-0.87,27820896.000000004,252053763.0,2.262,0.031201,0.111831,1.26,41.7333,31.2336,2.2485,6.9778,7.8229,0.00955,0.00955,1011660000.0,891660000.0,248775738.0,9216222600.0,8123022600.0,区域地产,房地产,房地产开发,住宅开发,10.11,8.27,0.0
2022-05-11,20.54,21.17,20.2,20.2,20.61,-0.4100000000000001,-1.99,24472104.0,223547775.0,2.262,0.027446,0.09837,0.96,40.9087,30.6164,2.2041,6.8399,7.6684,0.0097419999999999,0.0097419999999999,1011660000.0,891660000.0,248775738.0,9034123800.0,7962523800.0,区域地产,房地产,房地产开发,住宅开发,10.02,8.2,0.0
2022-05-12,19.91,20.77,19.59,20.24,20.2,0.0399999999999991,0.2,18594537.0,165824044.0,2.262,0.0208539999999999,0.074744,0.66,41.0003,30.685,2.209,6.8553,7.6855,0.009721,0.009721,1011660000.0,891660000.0,248775738.0,9054357000.0,7980357000.0,区域地产,房地产,房地产开发,住宅开发,9.82,8.04,0.0
2022-05-13,20.31,22.28,20.18,22.28,20.24,2.0400000000000027,10.08,33346347.0,315354930.0,2.262,0.037398,0.134042,1.13,45.1232,33.7707,2.4311,7.5446,8.4584,0.008832,0.008832,1011660000.0,891660000.0,248775738.0,9964851000.0,8782851000.0,区域地产,房地产,房地产开发,住宅开发,9.85,8.06,0.0
2022-05-16,24.11,24.23,21.72,22.42,22.28,0.1400000000000005,0.63,51051602.0,518503834.0,2.262,0.057255,0.205211,1.86,45.3981,33.9764,2.4459,7.5906,8.5099,0.008779,0.008779,1011660000.0,891660000.0,248775738.0,10025550600.0,8836350600.0,区域地产,房地产,房地产开发,住宅开发,10.84,8.87,0.0
2022-05-17,21.94,22.19,20.38,20.97,22.42,-1.4500000000000028,-6.47,31314027.0,292489749.0,2.262,0.035119,0.125873,1.01,42.4662,31.7821,2.288,7.1004,7.9603,0.009385,0.009385,1011660000.0,891660000.0,248775738.0,9378088200.0,8265688199.999999,区域地产,房地产,房地产开发,住宅开发,10.9,8.92,0.0
2022-05-18,20.72,21.24,20.47,20.56,20.97,-0.4100000000000001,-1.96,18044182.0,165539800.0,2.262,0.0202369999999999,0.072532,0.57,41.6417,31.165,2.2436,6.9625,7.8058,0.009571,0.009571,1011660000.0,891660000.0,248775738.0,9195989400.0,8105189399.999999,区域地产,房地产,房地产开发,住宅开发,10.2,8.34,0.0
2022-05-19,20.15,21.42,19.91,20.99,20.56,0.4299999999999997,2.09,21764950.0,201762488.0,2.262,0.024409,0.087488,0.71,42.5121,31.8164,2.2905,7.108,7.9689,0.009375,0.009375,1011660000.0,891660000.0,248775738.0,9388204800.0,8274604800.0,区域地产,房地产,房地产开发,住宅开发,10.0,8.18,0.0
2022-05-20,21.04,21.19,20.4,20.45,20.99,-0.5399999999999991,-2.57,16033574.0,146573106.0,2.262,0.017982,0.06445,0.52,41.4126,30.9936,2.2312,6.9242,7.7628,0.009624,0.009624,1011660000.0,891660000.0,248775738.0,9145406400.0,8060606400.0,区域地产,房地产,房地产开发,住宅开发,10.21,8.35,0.0
2022-05-23,20.49,20.52,20.11,20.2,20.45,-0.25,-1.22,11210598.0,100585200.0,2.262,0.012573,0.045063,0.41,40.9087,30.6164,2.2041,6.8399,7.6684,0.0097419999999999,0.0097419999999999,1011660000.0,891660000.0,248775738.0,9034123800.0,7962523800.0,区域地产,房地产,房地产开发,住宅开发,9.94,8.14,0.0
2022-05-24,20.31,20.38,18.77,18.8,20.2,-1.3999999999999986,-6.93,18128119.0,155121696.0,2.262,0.020331,0.072869,0.92,38.0684,28.4908,2.051,6.365,7.136,0.010469,0.010469,1011660000.0,891660000.0,248775738.0,8406894600.0,7409694600.0,区域地产,房地产,房地产开发,住宅开发,9.82,8.04,0.0
2022-05-25,18.66,19.05,18.46,18.96,18.8,0.1600000000000001,0.85,8706563.0,72469212.0,2.262,0.009764,0.034998,0.51,38.3891,28.7308,2.0683,6.4187,7.1961,0.010382,0.010382,1011660000.0,891660000.0,248775738.0,8477710800.0,7472110800.0,区域地产,房地产,房地产开发,住宅开发,9.14,7.48,0.0
2022-05-26,18.96,19.82,18.89,19.11,18.96,0.1499999999999985,0.79,13154918.0,112361325.0,2.262,0.014753,0.0528789999999999,0.87,38.7098,28.9708,2.0856,6.4723,7.2562,0.010296,0.010296,1011660000.0,891660000.0,248775738.0,8548527000.0,7534527000.0,区域地产,房地产,房地产开发,住宅开发,9.22,7.54,0.0
2022-05-27,19.41,21.04,19.16,21.04,19.11,1.93,10.1,20228886.0,180949642.0,2.262,0.022687,0.081314,1.5,42.6037,31.885,2.2954,7.1233,7.9861,0.009355,0.009355,1011660000.0,891660000.0,248775738.0,9408438000.0,8292438000.0,区域地产,房地产,房地产开发,住宅开发,9.3,7.61,0.0
2022-05-30,21.4,22.55,20.52,21.42,21.04,0.3800000000000025,1.81,35150989.0,332933023.0,2.262,0.039422,0.141296,2.46,43.3825,32.4678,2.3373,7.2535,8.1321,0.0091869999999999,0.0091869999999999,1011660000.0,891660000.0,248775738.0,9580420200.0,8444020200.0,区域地产,房地产,房地产开发,住宅开发,10.23,8.37,0.0
2022-05-31,21.17,22.73,21.17,21.9,21.42,0.4799999999999969,2.24,28523689.0,276538739.0,2.262,0.031989,0.114656,1.5,44.3445,33.1878,2.3892,7.4144,8.3124,0.008988,,1011660000.0,891660000.0,248775738.0,9792868800.0,8631268800.0,区域地产,房地产,房地产开发,住宅开发,10.42,8.52,0.0
2022-06-01,21.6,24.09,21.4,24.09,21.9,2.1900000000000013,10.0,31465361.0,314127381.0,2.262,0.035289,0.1264809999999999,1.49,48.7881,36.5135,2.6286,8.1574,9.1454,0.008169,,1011660000.0,891660000.0,248775738.0,10774179000.0,9496179000.0,区域地产,房地产,房地产开发,住宅开发,10.65,8.71,0.0
2022-06-02,24.23,26.51,23.46,23.71,24.09,-0.379999999999999,-1.58,52357705.0,577579768.0,2.262,0.058719,0.2104609999999999,2.04,48.0093,35.9306,2.5866,8.0272,8.9994,0.008302,,1011660000.0,891660000.0,248775738.0,10602196800.0,9344596800.0,区域地产,房地产,房地产开发,住宅开发,11.72,9.59,0.0
2022-06-06,24.18,24.7,22.39,23.03,23.71,-0.6799999999999997,-2.87,39739287.0,409963253.0,2.262,0.044568,0.159739,1.18,46.635,34.9021,2.5126,7.7974,8.7418,0.008546,,1011660000.0,891660000.0,248775738.0,10298698800.0,9077098800.0,区域地产,房地产,房地产开发,住宅开发,11.53,9.43,0.0
2022-06-07,23.07,23.3,22.46,23.1,23.03,0.0700000000000002,0.3,23663538.0,239673598.0,2.262,0.026539,0.09512,0.63,46.7724,35.0049,2.52,7.8204,8.7675,0.0085209999999999,,1011660000.0,891660000.0,248775738.0,10329048600.0,9103848600.0,区域地产,房地产,房地产开发,住宅开发,11.2,9.16,0.0
2022-06-08,23.1,23.1,22.05,22.6,23.1,-0.5,-2.16,19526928.0,194524392.0,2.262,0.0219,0.0784919999999999,0.56,45.7646,34.2506,2.4657,7.6518,8.5786,0.008709,,1011660000.0,891660000.0,248775738.0,10106483400.0,8907683400.0,区域地产,房地产,房地产开发,住宅开发,11.23,9.19,0.0
2022-06-09,22.44,23.28,22.14,22.46,22.6,-0.1400000000000005,-0.62,18197136.0,182969829.0,2.262,0.020408,0.073147,0.55,45.4897,34.0449,2.4509,7.6059,8.5271,0.008761,,1011660000.0,891660000.0,248775738.0,10045783800.0,8854183800.0,区域地产,房地产,房地产开发,住宅开发,10.99,8.99,0.0
2022-06-10,21.96,22.8,21.49,22.55,22.46,0.0899999999999998,0.4,14539818.0,143553337.0,2.262,0.016306,0.058445,0.47,45.673,34.1821,2.4608,7.6365,8.5614,0.008726,,1011660000.0,891660000.0,248775738.0,10086250200.0,8889850200.0,区域地产,房地产,房地产开发,住宅开发,10.92,8.94,0.0
2022-06-13,22.39,22.64,21.81,22.6,22.55,0.0500000000000007,0.22,14139921.0,138507154.0,2.262,0.015858,0.056838,0.61,45.7646,34.2506,2.4657,7.6518,8.5786,0.008709,,1011660000.0,891660000.0,248775738.0,10106483400.0,8907683400.0,区域地产,房地产,房地产开发,住宅开发,10.97,8.97,0.0
2022-06-14,22.39,24.11,22.17,23.89,22.6,1.2899999999999991,5.71,29400429.0,304428726.0,2.262,0.032973,0.11818,1.63,48.3758,36.2049,2.6064,8.0884,9.0681,0.008239,,1011660000.0,891660000.0,248775738.0,10683129600.0,9415929600.0,区域地产,房地产,房地产开发,住宅开发,10.99,8.99,0.0
2022-06-15,23.48,24.18,23.14,23.28,23.89,-0.6099999999999994,-2.55,21615537.0,225370942.0,2.262,0.024242,0.086888,1.13,47.1389,35.2792,2.5397,7.8816,8.8362,0.008455,,1011660000.0,891660000.0,248775738.0,10409981400.0,9175181400.0,区域地产,房地产,房地产开发,住宅开发,11.62,9.5,0.0
2022-06-16,23.55,23.75,22.39,22.91,23.28,-0.370000000000001,-1.59,17555325.0,177769168.0,2.262,0.019688,0.070567,0.9,46.4059,34.7306,2.5002,7.7591,8.6988,0.008588,,1011660000.0,891660000.0,248775738.0,10248115800.0,9032515800.0,区域地产,房地产,房地产开发,住宅开发,11.32,9.26,0.0
2022-06-17,22.39,22.82,22.1,22.17,22.91,-0.7399999999999984,-3.23,11444589.0,113019102.0,2.262,0.012835,0.0460039999999999,0.59,44.8942,33.5992,2.4188,7.5063,8.4154,0.008878,,1011660000.0,891660000.0,248775738.0,9914268000.0,8738268000.0,区域地产,房地产,房地产开发,住宅开发,11.14,9.12,0.0
2022-06-20,22.1,24.38,22.05,24.38,22.17,2.2099999999999973,9.97,19648463.0,202699360.0,2.262,0.0220359999999999,0.078981,1.04,49.3836,36.9592,2.6607,8.2569,9.257,0.008071,,1011660000.0,891660000.0,248775738.0,10905694800.0,9612094800.0,区域地产,房地产,房地产开发,住宅开发,10.78,8.82,0.0
2022-06-21,24.38,26.83,24.36,25.67,24.38,1.2900000000000027,5.29,51871787.0,594935299.0,2.262,0.058174,0.208508,2.6,51.9948,38.9134,2.8014,8.6935,9.7465,0.007665,,1011660000.0,891660000.0,248775738.0,11482341000.0,10120341000.0,区域地产,房地产,房地产开发,住宅开发,11.86,9.7,0.0
2022-06-22,25.42,25.95,24.38,25.02,25.67,-0.6500000000000021,-2.53,40794928.0,452785017.0,2.262,0.0457519999999999,0.163983,1.67,50.6663,37.9191,2.7298,8.4714,9.4974,0.007866,,1011660000.0,891660000.0,248775738.0,11188959600.0,9861759600.0,区域地产,房地产,房地产开发,住宅开发,12.49,10.22,0.0
2022-06-23,25.0,27.32,24.34,26.19,25.02,1.1700000000000017,4.68,38626293.0,441913508.0,2.262,0.04332,0.155266,1.37,53.0484,39.702,2.8581,8.8697,9.944,0.007513,,1011660000.0,891660000.0,248775738.0,11715022800.0,10325422800.0,区域地产,房地产,房地产开发,住宅开发,12.17,9.95,0.0
2022-06-24,25.88,26.15,24.93,25.38,26.19,-0.8100000000000023,-3.09,24939234.0,279238964.0,2.262,0.027969,0.100248,0.77,51.3993,38.4677,2.7693,8.594,9.6348,0.007754,,1011660000.0,891660000.0,248775738.0,11350825200.0,10004425200.0,区域地产,房地产,房地产开发,住宅开发,12.74,10.42,0.0
2022-06-27,25.11,26.28,24.68,25.9,25.38,0.5199999999999996,2.05,22729618.0,257116973.0,2.262,0.025491,0.091366,0.65,52.4529,39.2562,2.826,8.7701,9.8323,0.007598,,1011660000.0,891660000.0,248775738.0,11583507000.0,10209507000.0,区域地产,房地产,房地产开发,住宅开发,12.34,10.1,0.0
2022-06-28,25.9,27.08,25.11,25.18,25.9,-0.7199999999999989,-2.78,21724300.0,247695884.0,2.262,0.024364,0.087325,0.61,50.987,38.1591,2.7471,8.525,9.5575,0.007817,,1011660000.0,891660000.0,248775738.0,11259775800.0,9924175800.0,区域地产,房地产,房地产开发,住宅开发,12.6,10.31,0.0
2022-06-29,24.93,27.69,24.93,27.69,25.18,2.5100000000000016,9.97,59526025.0,716755823.0,2.262,0.066759,0.239276,2.0,56.0719,41.9648,3.021,9.3752,10.5107,0.007108,,1011660000.0,891660000.0,248775738.0,12382718400.0,10913918400.0,区域地产,房地产,房地产开发,住宅开发,12.24,10.02,0.0
2022-06-30,26.69,27.53,26.24,26.92,27.69,-0.7699999999999996,-2.78,49997553.0,590067499.0,2.262,0.056072,0.200974,1.49,54.5144,40.7991,2.9371,9.1148,10.2188,0.007311,,1011660000.0,891660000.0,248775738.0,12038754000.0,10610754000.0,区域地产,房地产,房地产开发,住宅开发,13.46,11.02,0.0
2022-07-01,26.53,28.25,26.26,26.94,26.92,0.0199999999999995,0.07,31304768.0,378063361.0,2.262,0.035108,0.125835,0.87,54.5602,40.8334,2.9396,9.1225,10.2273,0.007305,,1011660000.0,891660000.0,248775738.0,12048870600.0,10619670600.0,区域地产,房地产,房地产开发,住宅开发,13.09,10.71,0.0
2022-07-04,26.67,27.1,25.9,26.8,26.94,-0.1400000000000005,-0.52,16270791.0,191288891.0,2.262,0.018248,0.065403,0.44,54.2853,40.6276,2.9248,9.0765,10.1758,0.007342,,1011660000.0,891660000.0,248775738.0,11988171000.0,10566171000.0,区域地产,房地产,房地产开发,住宅开发,13.1,10.72,0.0
2022-07-05,26.94,27.88,26.37,26.9,26.8,0.0999999999999978,0.37,19003588.0,225655005.0,2.2793,0.021313,0.076388,0.53,54.0563,40.4562,2.9771,9.0382,10.1329,0.0073729999999999,0.007458,1011660000.0,891660000.0,248775738.0,11937588000.0,10521588000.0,区域地产,房地产,房地产开发,住宅开发,12.94,10.58,0.0
2022-07-06,26.83,26.83,25.53,25.62,26.9,-1.2799999999999976,-4.76,16979383.0,193489270.0,2.2793,0.019042,0.068252,0.48,51.4909,38.5363,2.8358,8.6093,9.652,0.00774,0.007829,1011660000.0,891660000.0,248775738.0,11371058400.0,10022258400.0,区域地产,房地产,房地产开发,住宅开发,12.98,10.62,0.0
2022-07-07,25.73,26.78,25.41,25.98,25.62,0.3599999999999994,1.41,14796323.000000002,168453780.0,2.2793,0.016594,0.059477,0.55,52.2239,39.0848,2.8762,8.7318,9.7894,0.007632,0.007719,1011660000.0,891660000.0,248775738.0,11532924000.0,10164924000.0,区域地产,房地产,房地产开发,住宅开发,12.36,10.12,0.0
2022-07-08,25.87,26.76,25.37,25.94,25.98,-0.0399999999999991,-0.15,13848895.000000002,158301719.0,2.2793,0.0155319999999999,0.0556679999999999,0.7,52.1322,39.0163,2.8711,8.7165,9.7722,0.007645,0.007733,1011660000.0,891660000.0,248775738.0,11512690800.0,10147090800.0,区域地产,房地产,房地产开发,住宅开发,12.54,10.26,0.0
2022-07-11,25.98,26.03,24.53,24.75,25.94,-1.1900000000000013,-4.59,14012591.0,153371147.0,2.2793,0.015715,0.056326,0.87,49.7501,37.2334,2.7399,8.3182,9.3257,0.008011,0.008103,1011660000.0,891660000.0,248775738.0,10986627600.0,9683427600.0,区域地产,房地产,房地产开发,住宅开发,12.52,10.24,0.0
2022-07-12,24.68,25.25,24.46,24.89,24.75,0.1400000000000005,0.57,9345518.0,101913370.0,2.2793,0.010481,0.037566,0.59,50.025,37.4391,2.7551,8.3642,9.3772,0.007967,0.008059,1011660000.0,891660000.0,248775738.0,11047327200.0,9736927200.0,区域地产,房地产,房地产开发,住宅开发,11.95,9.77,0.0
2022-07-13,25.07,26.05,24.68,25.35,24.89,0.4600000000000008,1.85,12686889.0,141797961.0,2.2793,0.014228,0.050997,0.92,50.9412,38.1248,2.8055,8.5174,9.549,0.007824,0.007914,1011660000.0,891660000.0,248775738.0,11249659200.0,9915259200.0,区域地产,房地产,房地产开发,住宅开发,12.01,9.83,0.0
2022-07-14,24.84,25.82,24.55,25.03,25.35,-0.3200000000000003,-1.26,12459921.0,136631159.0,2.2793,0.013974,0.050085,0.96,50.2998,37.6449,2.7702,8.4101,9.4287,0.007923,0.008015,1011660000.0,891660000.0,248775738.0,11108026800.0,9790426800.0,区域地产,房地产,房地产开发,住宅开发,12.23,10.01,0.0
2022-07-15,24.66,25.16,22.54,22.79,25.03,-2.240000000000002,-8.95,17726906.0,181444021.0,2.2793,0.019881,0.071257,1.42,45.8104,34.2849,2.523,7.6595,8.5872,0.0087,0.0088,1011660000.0,891660000.0,248775738.0,10116600000.0,8916600000.0,区域地产,房地产,房地产开发,住宅开发,12.08,9.88,0.0
2022-07-18,22.66,23.7,22.59,23.52,22.79,0.7300000000000004,3.2,9312567.0,95509802.0,2.2793,0.010444,0.0374339999999999,0.7,47.2763,35.3821,2.6037,7.9046,8.862,0.00843,0.008527,1011660000.0,891660000.0,248775738.0,10440331200.0,9201931200.0,区域地产,房地产,房地产开发,住宅开发,11.0,9.0,0.0
2022-07-19,23.7,23.8,23.07,23.25,23.52,-0.2699999999999996,-1.15,6386130.0,65351604.0,2.2793,0.0071619999999999,0.02567,0.52,46.7266,34.9706,2.5734,7.8127,8.7589,0.008529,0.008627,1011660000.0,891660000.0,248775738.0,10318932000.0,9094932000.0,区域地产,房地产,房地产开发,住宅开发,11.35,9.29,0.0
2022-07-20,23.39,23.41,22.77,23.04,23.25,-0.2100000000000008,-0.9,8813661.0,88971133.0,2.2793,0.009885,0.035428,0.75,46.3143,34.6621,2.5507,7.7438,8.6817,0.008605,0.008704,1011660000.0,891660000.0,248775738.0,10227882600.0,9014682600.0,区域地产,房地产,房地产开发,住宅开发,11.22,9.18,0.0
2022-07-21,23.2,23.41,22.75,23.23,23.04,0.1900000000000012,0.82,7910494.0,79992335.0,2.2793,0.008872,0.031798,0.72,46.6808,34.9363,2.5709,7.805,8.7503,0.008538,0.008636,1011660000.0,891660000.0,248775738.0,10308815400.0,9086015400.0,区域地产,房地产,房地产开发,住宅开发,11.12,9.1,0.0
2022-07-22,23.36,23.41,22.15,23.02,23.23,-0.2100000000000008,-0.9,8665056.0,86557592.0,2.2793,0.009718,0.034831,0.86,46.2685,34.6278,2.5482,7.7361,8.6731,0.008614,0.008713,1011660000.0,891660000.0,248775738.0,10217766000.0,9005766000.0,区域地产,房地产,房地产开发,住宅开发,11.21,9.17,0.0
2022-07-25,23.02,23.86,22.68,23.23,23.02,0.2100000000000008,0.91,9230588.0,94212154.0,2.2793,0.0103519999999999,0.037104,1.12,46.6808,34.9363,2.5709,7.805,8.7503,0.008538,0.008636,1011660000.0,891660000.0,248775738.0,10308815400.0,9086015400.0,区域地产,房地产,房地产开发,住宅开发,11.11,9.09,0.0
2022-07-26,23.25,24.16,22.79,24.02,23.23,0.7899999999999991,3.4,13813689.000000002,143459458.0,2.2793,0.0154919999999999,0.055527,1.68,48.2842,36.1363,2.6592,8.0731,9.0509,0.008254,0.008349,1011660000.0,891660000.0,248775738.0,10662896399.999998,9398096400.0,区域地产,房地产,房地产开发,住宅开发,11.21,9.17,0.0
2022-07-27,23.98,23.98,22.98,23.89,24.02,-0.129999999999999,-0.54,13235048.000000002,135187561.0,2.2793,0.014843,0.053201,1.37,48.0093,35.9306,2.6441,8.0272,8.9994,0.008302,0.008397,1011660000.0,891660000.0,248775738.0,10602196800.0,9344596800.0,区域地产,房地产,房地产开发,住宅开发,11.59,9.49,0.0
2022-07-28,23.64,23.86,23.18,23.5,23.89,-0.3900000000000005,-1.63,8133739.999999999,83861070.0,2.2793,0.009122,0.032695,0.77,47.2305,35.3478,2.6012,7.8969,8.8534,0.008438,0.008535,1011660000.0,891660000.0,248775738.0,10430214600.0,9193014600.0,区域地产,房地产,房地产开发,住宅开发,11.53,9.43,0.0
2022-07-29,23.8,24.25,23.25,23.77,23.5,0.2699999999999996,1.15,11379101.0,118485283.0,2.2793,0.012762,0.0457399999999999,1.07,47.7802,35.7592,2.6314,7.9889,8.9564,0.008341,0.008437,1011660000.0,891660000.0,248775738.0,10551613799.999998,9300013800.0,区域地产,房地产,房地产开发,住宅开发,11.34,9.28,0.0
2022-08-01,22.75,23.02,22.09,22.57,23.77,-1.1999999999999993,-5.05,8866072.0,87773411.0,2.2793,0.009943,0.035639,0.79,45.3523,33.9421,2.4977,7.5829,8.5013,0.008788,0.008889,1011660000.0,891660000.0,248775738.0,10015434000.0,8827434000.0,区域地产,房地产,房地产开发,住宅开发,11.47,9.39,0.0
2022-08-02,22.38,22.5,20.7,20.86,22.57,-1.7100000000000009,-7.58,9520100.0,88582155.0,2.2793,0.010677,0.0382679999999999,0.86,41.9165,31.3707,2.3085,7.0084,7.8573,0.0095079999999999,0.009617,1011660000.0,891660000.0,248775738.0,9256689000.0,8158689000.0,区域地产,房地产,房地产开发,住宅开发,10.89,8.91,0.0
2022-08-03,20.83,22.13,20.29,22.13,20.86,1.2699999999999996,6.09,9428202.0,87046606.0,2.2793,0.0105739999999999,0.037898,0.92,44.4819,33.2907,2.4498,7.4374,8.3382,0.00896,0.009063,1011660000.0,891660000.0,248775738.0,9823218600.0,8658018600.0,区域地产,房地产,房地产开发,住宅开发,10.07,8.24,0.0
2022-08-04,21.65,21.77,21.11,21.45,22.13,-0.6799999999999997,-3.07,6760398.0,63484400.0,2.2793,0.007582,0.0271749999999999,0.71,43.1076,32.2621,2.3741,7.2076,8.0805,0.009245,0.009352,1011660000.0,891660000.0,248775738.0,9519720600.0,8390520600.000001,区域地产,房地产,房地产开发,住宅开发,10.68,8.74,0.0
2022-08-05,21.4,21.63,21.27,21.52,21.45,0.0700000000000002,0.33,3751341.000000001,35273628.0,2.2793,0.004207,0.015079,0.41,43.245,32.365,2.3817,7.2306,8.1063,0.009216,0.009322,1011660000.0,891660000.0,248775738.0,9550070400.0,8417270400.0,区域地产,房地产,房地产开发,住宅开发,10.35,8.47,0.0
2022-08-08,21.56,22.25,21.47,21.84,21.52,0.3200000000000003,1.49,5069710.0,48527772.0,2.2793,0.005686,0.020379,0.66,43.8864,32.845,2.417,7.3378,8.2265,0.009081,0.009186,1011660000.0,891660000.0,248775738.0,9691702800.0,8542102800.0,区域地产,房地产,房地产开发,住宅开发,10.38,8.5,0.0
2022-08-09,21.65,22.11,21.15,21.77,21.84,-0.0700000000000002,-0.32,5284300.0,49988019.0,2.2793,0.005926,0.021241,0.77,43.7489,32.7421,2.4094,7.3148,8.2008,0.00911,0.009215,1011660000.0,891660000.0,248775738.0,9661353000.0,8515353000.0,区域地产,房地产,房地产开发,住宅开发,10.54,8.62,0.0
2022-08-10,21.9,21.9,21.2,21.52,21.77,-0.25,-1.15,4375800.0,41220218.0,2.2793,0.004907,0.017589,0.72,43.245,32.365,2.3817,7.2306,8.1063,0.009216,0.009322,1011660000.0,891660000.0,248775738.0,9550070400.0,8417270400.0,区域地产,房地产,房地产开发,住宅开发,10.51,8.6,0.0
2022-08-11,21.45,22.11,21.38,21.7,21.52,0.1799999999999997,0.84,6215907.0,59329460.0,2.2793,0.006971,0.024986,1.23,43.6115,32.6393,2.4019,7.2918,8.175,0.009139,0.009244,1011660000.0,891660000.0,248775738.0,9631003200.0,8488603199.999999,区域地产,房地产,房地产开发,住宅开发,10.38,8.5,0.0
2022-08-12,21.58,21.86,21.49,21.77,21.7,0.0700000000000002,0.32,5449500.0,51887929.0,2.2793,0.0061119999999999,0.021905,1.1,43.7489,32.7421,2.4094,7.3148,8.2008,0.00911,0.009215,1011660000.0,891660000.0,248775738.0,9661353000.0,8515353000.0,区域地产,房地产,房地产开发,住宅开发,10.47,8.57,0.0
2022-08-15,21.54,21.72,21.15,21.56,21.77,-0.2100000000000008,-0.96,5591106.0,52426609.0,2.2793,0.00627,0.0224739999999999,1.06,43.3366,32.4335,2.3867,7.2459,8.1235,0.009197,0.009302,1011660000.0,891660000.0,248775738.0,9570303600.0,8435103600.0,区域地产,房地产,房地产开发,住宅开发,10.51,8.6,0.0
2022-08-16,21.65,22.02,21.43,21.84,21.56,0.2800000000000011,1.3,5760800.0,55106842.0,2.2793,0.006461,0.023157,1.07,43.8864,32.845,2.417,7.3378,8.2265,0.009081,0.009186,1011660000.0,891660000.0,248775738.0,9691702800.0,8542102800.0,区域地产,房地产,房地产开发,住宅开发,10.41,8.51,0.0
2022-08-17,21.84,22.41,21.61,22.0,21.84,0.1600000000000001,0.73,7385625.999999999,71372588.0,2.2793,0.008283,0.029688,1.35,44.207,33.085,2.4347,7.3914,8.2866,0.009016,0.009119,1011660000.0,891660000.0,248775738.0,9762519000.0,8604519000.0,区域地产,房地产,房地产开发,住宅开发,10.54,8.62,0.0
2022-08-18,21.86,21.97,21.2,21.65,22.0,-0.3500000000000014,-1.59,7424900.999999999,69834077.0,2.2793,0.008327,0.0298459999999999,1.22,43.5199,32.5707,2.3968,7.2765,8.1578,0.009158,0.009263,1011660000.0,891660000.0,248775738.0,9610770000.0,8470770000.0,区域地产,房地产,房地产开发,住宅开发,10.62,8.69,0.0
2022-08-19,21.45,22.0,21.2,21.29,21.65,-0.3599999999999994,-1.66,8825552.0,83442145.0,2.2793,0.009898,0.035476,1.4,42.7869,32.0221,2.3564,7.154,8.0204,0.009315,0.009422,1011660000.0,891660000.0,248775738.0,9448904400.0,8328104399.999999,区域地产,房地产,房地产开发,住宅开发,10.45,8.55,0.0
2022-08-22,21.2,21.47,20.88,21.36,21.29,0.0700000000000002,0.33,6320712.0,58724805.0,2.2793,0.007089,0.025407,0.9,42.9243,32.125,2.364,7.177,8.0462,0.009285,0.009392,1011660000.0,891660000.0,248775738.0,9479254200.0,8354854200.0,区域地产,房地产,房地产开发,住宅开发,10.27,8.41,0.0
2022-08-23,21.52,21.54,21.06,21.4,21.36,0.0399999999999991,0.19,4377303.0,40758662.0,2.2793,0.004909,0.017595,0.61,43.016,32.1936,2.3691,7.1923,8.0634,0.009265,0.009372,1011660000.0,891660000.0,248775738.0,9499487400.0,8372687400.0,区域地产,房地产,房地产开发,住宅开发,10.31,8.43,0.0
2022-08-24,21.27,21.49,20.49,20.54,21.4,-0.8599999999999994,-4.02,6715853.0,61491682.0,2.2793,0.007532,0.026996,0.98,41.2752,30.8907,2.2732,6.9012,7.7371,0.009656,0.009767,1011660000.0,891660000.0,248775738.0,9115056600.0,8033856600.0,区域地产,房地产,房地产开发,住宅开发,10.33,8.45,0.0
2022-08-25,20.63,20.95,20.29,20.65,20.54,0.1099999999999994,0.54,5350513.0,48376630.0,2.2793,0.0060009999999999,0.021507,0.79,41.5042,31.0621,2.2858,6.9395,7.78,0.009603,0.009713,1011660000.0,891660000.0,248775738.0,9165639600.0,8078439600.0,区域地产,房地产,房地产开发,住宅开发,9.91,8.11,0.0
2022-08-26,20.72,20.74,20.19,20.49,20.65,-0.1600000000000001,-0.77,4720453.0,42292095.0,2.2793,0.005294,0.018975,0.75,41.1836,38.9471,2.2756,6.8859,9.1647,0.009677,0.0097889999999999,1011660000.0,891660000.0,248775738.0,9094823400.0,8016023400.0,区域地产,房地产,房地产开发,住宅开发,9.97,8.15,0.0
2022-08-29,20.47,20.47,19.81,20.06,20.49,-0.4299999999999997,-2.1,3719253.0,32648479.0,2.2793,0.004171,0.01495,0.68,40.3132,38.1239,2.2275,6.7404,8.971,0.009886,0.01,1011660000.0,891660000.0,248775738.0,8902608000.0,7846608000.0,区域地产,房地产,房地产开发,住宅开发,9.89,8.09,0.0
2022-08-30,20.06,20.47,20.06,20.29,20.06,0.2300000000000004,1.15,3749168.0,33312315.000000004,2.2793,0.0042049999999999,0.0150699999999999,0.75,40.7713,38.5572,2.2528,6.817,9.0729,0.009775,0.009888,1011660000.0,891660000.0,248775738.0,9003774000.0,7935774000.0,区域地产,房地产,房地产开发,住宅开发,9.68,7.92,0.0
2022-08-31,20.49,20.67,19.94,20.29,20.29,0.0,0.0,6046113.0,53889040.0,2.2793,0.006781,0.0243029999999999,1.25,40.7713,38.5572,2.2528,6.817,9.0729,0.009775,0.009888,1011660000.0,891660000.0,248775738.0,9003774000.0,7935774000.0,区域地产,房地产,房地产开发,住宅开发,9.79,8.01,0.0
2022-09-01,20.01,21.27,19.97,20.63,20.29,0.3399999999999998,1.68,9278120.0,84185837.0,2.2793,0.010405,0.0372949999999999,1.97,41.4584,39.207,2.2908,6.9319,9.2259,0.009613,0.009724,1011660000.0,891660000.0,248775738.0,9155523000.0,8069523000.0,区域地产,房地产,房地产开发,住宅开发,9.79,8.01,0.0
2022-09-02,20.4,20.49,19.81,20.1,20.63,-0.5299999999999976,-2.57,6779780.0,59837885.0,2.2793,0.007604,0.027253,1.23,40.4048,38.2106,2.2325,6.7557,8.9914,0.009864,0.009977,1011660000.0,891660000.0,248775738.0,8922841200.0,7864441200.0,区域地产,房地产,房地产开发,住宅开发,9.96,8.15,0.0
2022-09-05,19.83,20.17,19.69,20.06,20.1,-0.0400000000000027,-0.2,4445803.0,38965254.0,2.2793,0.004986,0.017838,0.75,40.3132,38.1239,2.2275,6.7404,8.971,0.009886,0.01,1011660000.0,891660000.0,249226438.00000003,8902608000.0,7846608000.0,区域地产,房地产,房地产开发,住宅开发,9.7,7.94,0.0
2022-09-06,20.15,20.92,20.06,20.74,20.06,0.6799999999999997,3.39,8509200.0,76982785.0,2.2793,0.009543,0.034142,1.4,41.6875,39.4236,2.3034,6.9701,9.2768,0.0095599999999999,0.00967,1011660000.0,891660000.0,249226438.00000003,9206106000.0,8114106000.0,区域地产,房地产,房地产开发,住宅开发,9.68,7.92,0.0
2022-09-07,20.92,20.92,20.33,20.76,20.74,0.0200000000000031,0.1,5757890.0,52124811.0,2.2793,0.006457,0.023103,0.82,41.7333,39.4669,2.3059,6.9778,9.287,0.00955,0.00966,1011660000.0,891660000.0,249226438.00000003,9216222600.0,8123022600.0,区域地产,房地产,房地产开发,住宅开发,10.01,8.19,0.0
2022-09-08,20.97,20.99,20.38,20.7,20.76,-0.0600000000000022,-0.29,5322196.0,48076228.0,2.2793,0.0059689999999999,0.021355,0.77,41.5958,39.337,2.2984,6.9548,9.2564,0.009581,0.009692,1011660000.0,891660000.0,249226438.00000003,9185872800.0,8096272800.0,区域地产,房地产,房地产开发,住宅开发,10.02,8.2,0.0
2022-09-09,20.63,21.54,20.56,21.29,20.7,0.5899999999999999,2.85,13584489.000000002,125973185.0,2.2793,0.015235,0.054507,2.2,42.7869,40.4634,2.3642,7.154,9.5215,0.009315,0.009422,1011660000.0,891660000.0,249226438.00000003,9448904400.0,8328104399.999999,区域地产,房地产,房地产开发,住宅开发,9.99,8.17,0.0
2022-09-13,21.2,21.49,20.76,20.83,21.29,-0.4600000000000008,-2.16,7657639.0,70723502.0,2.2793,0.008588,0.030726,1.02,41.8707,39.5969,2.3135,7.0008,9.3176,0.009519,0.009628,1011660000.0,891660000.0,249226438.00000003,9246572400.0,8149772400.0,区域地产,房地产,房地产开发,住宅开发,10.27,8.41,0.0
2022-09-14,20.56,21.29,20.51,20.83,20.83,0.0,0.0,8878186.0,81920357.0,2.2793,0.009957,0.035623,1.09,41.8707,39.5969,2.3135,7.0008,9.3176,0.009519,0.009628,1011660000.0,891660000.0,249226438.00000003,9246572400.0,8149772400.0,区域地产,房地产,房地产开发,住宅开发,10.05,8.23,0.0
2022-09-15,21.02,21.52,20.56,21.49,20.83,0.6600000000000001,3.17,13244192.000000002,123088029.0,2.2793,0.014853,0.053141,1.61,43.1992,40.8533,2.3869,7.2229,9.6132,0.009226,0.009332,1011660000.0,891660000.0,249226438.00000003,9539953800.0,8408353800.0,区域地产,房地产,房地产开发,住宅开发,10.05,8.23,0.0
2022-09-16,21.2,21.49,20.01,20.01,21.49,-1.4799999999999969,-6.89,12202213.0,111417327.0,2.2793,0.013685,0.04896,1.25,40.2215,38.0373,2.2224,6.725,8.9506,0.009909,0.0100229999999999,1011660000.0,891660000.0,249226438.00000003,8882374800.0,7828774800.0,区域地产,房地产,房地产开发,住宅开发,10.37,8.49,0.0
2022-09-19,19.67,20.29,19.15,19.9,20.01,-0.1100000000000029,-0.55,7246678.0,62946158.0,2.2793,0.008127,0.029077,0.65,39.9925,37.8207,2.2098,6.6867,8.8996,0.009966,0.01008,1011660000.0,891660000.0,249226438.00000003,8831791800.0,7784191800.000001,区域地产,房地产,房地产开发,住宅开发,9.66,7.9,0.0
2022-09-20,19.72,20.58,19.47,19.6,19.9,-0.2999999999999971,-1.51,6557000.0,57211929.0,2.2793,0.007354,0.026309,0.67,39.3969,37.2575,2.1769,6.5872,8.7671,0.010116,0.010233,1011660000.0,891660000.0,249226438.00000003,8700276000.0,7668276000.0,区域地产,房地产,房地产开发,住宅开发,9.6,7.86,0.0
2022-09-21,19.44,20.26,19.03,20.04,19.6,0.4399999999999977,2.24,8332988.0,72165386.0,2.2793,0.009345,0.033435,0.87,40.2673,38.0806,2.2249,6.7327,8.9608,0.009898,0.010011,1011660000.0,891660000.0,249226438.00000003,8892491400.0,7837691400.0,区域地产,房地产,房地产开发,住宅开发,9.46,7.74,0.0
2022-09-22,19.81,20.13,19.49,19.53,20.04,-0.509999999999998,-2.54,4469988.0,38604999.0,2.2793,0.005013,0.017935,0.47,39.2595,37.1275,2.1693,6.5642,8.7365,0.010152,0.010268,1011660000.0,891660000.0,249226438.00000003,8669926200.0,7641526200.0,区域地产,房地产,房地产开发,住宅开发,9.67,7.91,0.0
2022-09-23,19.56,19.97,19.03,19.03,19.53,-0.5,-2.56,4869888.0,41615061.0,2.2793,0.005462,0.01954,0.63,38.2517,36.1744,2.1136,6.3957,8.5123,0.010419,0.010539,1011660000.0,891660000.0,249226438.00000003,8447361000.0,7445361000.0,区域地产,房地产,房地产开发,住宅开发,9.43,7.71,0.0
2022-09-26,18.94,19.49,18.46,18.53,19.03,-0.5,-2.63,5624500.0,46613784.0,2.2793,0.006308,0.022568,0.89,37.2439,35.2213,2.0579,6.2272,8.288,0.010701,0.010824,1011660000.0,891660000.0,249226438.00000003,8224795800.0,7249195800.0,区域地产,房地产,房地产开发,住宅开发,9.19,7.52,0.0
2022-09-27,18.28,18.78,18.03,18.62,18.53,0.0899999999999998,0.49,4698900.0,37945445.0,2.2793,0.00527,0.018854,0.79,37.4271,35.3946,2.068,6.2578,8.3288,0.0106489999999999,0.010771,1011660000.0,891660000.0,249226438.00000003,8265262200.0,7284862200.0,区域地产,房地产,房地产开发,住宅开发,8.94,7.32,0.0
2022-09-28,18.55,18.58,18.05,18.1,18.62,-0.5199999999999996,-2.79,3285600.0,26356146.0,2.2793,0.003685,0.013183,0.59,36.3735,34.3982,2.0098,6.0816,8.0943,0.010957,0.011083,1011660000.0,891660000.0,249226438.00000003,8032580400.0,7079780400.0,区域地产,房地产,房地产开发,住宅开发,8.99,7.35,0.0
2022-09-29,18.3,18.37,17.66,17.73,18.1,-0.370000000000001,-2.04,3713264.0,29216015.0,2.2793,0.004164,0.014899,0.81,35.6405,33.705,1.9693,5.9591,7.9312,0.011183,0.011311,1011660000.0,891660000.0,249226438.00000003,7870714800.0,6937114800.0,区域地产,房地产,房地产开发,住宅开发,8.73,7.15,0.0
2022-09-30,17.85,18.55,17.66,18.12,17.73,0.3900000000000005,2.2,5152210.0,41006623.0,2.2793,0.005778,0.020673,1.16,36.4193,34.4415,2.0123,6.0893,8.1045,0.010943,0.011069,1011660000.0,891660000.0,249226438.00000003,8042697000.0,7088697000.0,区域地产,房地产,房地产开发,住宅开发,8.56,7.0,0.0
2022-10-10,18.17,18.69,17.98,18.1,18.12,-0.0199999999999995,-0.11,3925700.0,31549633.0,2.2793,0.004403,0.015752,0.87,36.3735,34.3982,2.0098,6.0816,8.0943,0.010957,0.011083,1011660000.0,891660000.0,249226438.00000003,8032580400.0,7079780400.0,区域地产,房地产,房地产开发,住宅开发,8.75,7.16,0.0
2022-10-11,18.1,18.44,17.8,18.21,18.1,0.1099999999999994,0.61,3038084.0,24069283.0,2.2793,0.003407,0.01219,0.73,36.6025,34.6148,2.0224,6.1199,8.1453,0.010889,0.011014,1011660000.0,891660000.0,249226438.00000003,8083163400.0,7124363400.0,区域地产,房地产,房地产开发,住宅开发,8.73,7.15,0.0
2022-10-12,18.12,18.92,18.05,18.87,18.21,0.6600000000000001,3.62,4532840.0,36896876.0,2.2793,0.005084,0.018188,1.19,37.931,35.8712,2.0959,6.3421,8.4409,0.0105069999999999,0.010628,1011660000.0,891660000.0,249226438.00000003,8376544800.0,7382944800.0,区域地产,房地产,房地产开发,住宅开发,8.79,7.19,0.0
2022-10-13,18.87,19.28,18.58,18.92,18.87,0.0500000000000007,0.26,4352735.0,36102251.0,2.2793,0.004882,0.0174649999999999,1.07,38.0226,35.9578,2.1009,6.3574,8.4613,0.010482,0.010602,1011660000.0,891660000.0,249226438.00000003,8396778000.0,7400778000.0,区域地产,房地产,房地产开发,住宅开发,9.11,7.45,0.0
2022-10-14,19.03,19.49,18.92,19.15,18.92,0.2299999999999968,1.22,4089183.0,34362140.0,2.2793,0.004586,0.016408,0.97,38.4807,36.391,2.1262,6.434,8.5632,0.010357,0.010476,1011660000.0,891660000.0,249226438.00000003,8497944000.0,7489944000.0,区域地产,房地产,房地产开发,住宅开发,9.13,7.47,0.0
2022-10-17,19.1,19.4,18.87,19.26,19.15,0.1100000000000029,0.57,3528033.9999999995,29733013.0,2.2793,0.003957,0.014156,0.88,38.7098,36.6076,2.1389,6.4723,8.6142,0.010296,0.010414,1011660000.0,891660000.0,249226438.00000003,8548527000.0,7534527000.0,区域地产,房地产,房地产开发,住宅开发,9.24,7.56,0.0
2022-10-18,19.33,19.56,18.99,19.1,19.26,-0.1600000000000001,-0.83,2922822.0,24663027.0,2.2793,0.0032779999999999,0.011728,0.75,38.3891,36.3044,2.1212,6.4187,8.5428,0.010382,0.010501,1011660000.0,891660000.0,249226438.00000003,8477710800.0,7472110800.0,区域地产,房地产,房地产开发,住宅开发,9.3,7.61,0.0
2022-10-19,18.94,19.35,18.92,18.99,19.1,-0.1100000000000029,-0.58,3323185.0,27883258.0,2.2793,0.003727,0.0133339999999999,0.86,38.1601,36.0878,2.1085,6.3804,8.4919,0.010444,0.010564,1011660000.0,891660000.0,249226438.00000003,8427127800.0,7427527800.0,区域地产,房地产,房地产开发,住宅开发,9.22,7.54,0.0
2022-10-20,18.87,19.05,18.6,18.69,18.99,-0.2999999999999971,-1.58,3214120.0,26498417.0,2.2793,0.0036049999999999,0.012896,0.88,37.5645,35.5246,2.0756,6.2808,8.3593,0.01061,0.0107319999999999,1011660000.0,891660000.0,249226438.00000003,8295612000.0,7311612000.0,区域地产,房地产,房地产开发,住宅开发,9.16,7.5,0.0
2022-10-21,18.96,19.28,18.6,18.6,18.69,-0.0899999999999998,-0.48,3212601.0,26652653.0,2.2793,0.003603,0.0128899999999999,0.94,37.3813,35.3513,2.0655,6.2502,8.3186,0.010662,0.010784,1011660000.0,891660000.0,249226438.00000003,8255145600.000001,7275945600.000001,区域地产,房地产,房地产开发,住宅开发,9.02,7.38,0.0
2022-10-24,18.6,18.76,18.14,18.17,18.6,-0.4299999999999997,-2.31,4192600.0,33869019.0,2.2793,0.004702,0.016822,1.29,36.5109,34.5282,2.0174,6.1046,8.1249,0.0109159999999999,0.011041,1011660000.0,891660000.0,249226438.00000003,8062930200.0,7106530200.0,区域地产,房地产,房地产开发,住宅开发,8.98,7.34,0.0
2022-10-25,18.03,18.26,17.78,18.05,18.17,-0.120000000000001,-0.66,2280308.0,17962333.0,2.2793,0.002557,0.00915,0.68,36.2818,34.3115,2.0047,6.0663,8.0739,0.010985,0.011111,1011660000.0,891660000.0,249226438.00000003,8012347200.0,7061947200.0,区域地产,房地产,房地产开发,住宅开发,8.77,7.17,0.0
2022-10-26,17.98,18.19,17.92,17.94,18.05,-0.1099999999999994,-0.61,2380638.0,18829201.0,2.2793,0.00267,0.009552,0.73,36.0528,34.0949,1.9921,6.028,8.0229,0.0110549999999999,0.011182,1011660000.0,891660000.0,249226438.00000003,7961764200.0,7017364200.0,区域地产,房地产,房地产开发,住宅开发,8.71,7.13,0.0
2022-10-27,18.01,19.74,17.78,19.74,17.94,1.7999999999999972,10.03,11788167.0,98923928.0,2.2793,0.01322,0.047299,3.86,39.6718,37.5174,2.192,6.6331,8.8283,0.010046,0.010162,1011660000.0,891660000.0,249226438.00000003,8760975600.0,7721775600.000001,区域地产,房地产,房地产开发,住宅开发,8.66,7.08,0.0
2022-10-28,19.88,21.33,19.47,20.74,19.74,1.0,5.07,20799693.0,185930423.0,2.2793,0.023327,0.081803,4.36,41.6875,39.4236,2.3034,6.9701,9.2768,0.0095599999999999,0.00967,1011660000.0,891660000.0,254265538.00000003,9206106000.0,8114106000.0,区域地产,房地产,房地产开发,住宅开发,9.53,7.79,0.0
2022-10-31,20.29,21.15,20.08,20.97,20.74,0.2300000000000004,1.11,13722995.000000002,124651003.0,2.2793,0.01539,0.053971,1.66,42.1456,51.0218,2.3459,7.0467,10.5707,0.009457,0.009565,1011660000.0,891660000.0,254265538.00000003,9307272000.0,8203272000.0,区域地产,房地产,房地产开发,住宅开发,10.01,8.19,0.0
2022-11-01,21.04,21.38,20.67,21.15,20.97,0.1799999999999997,0.86,9928132.0,91918527.0,2.2793,0.011134,0.039046,0.97,42.5121,51.4655,2.3663,7.108,10.6626,0.009375,0.009483,1011660000.0,891660000.0,254265538.00000003,9388204800.0,8274604800.0,区域地产,房地产,房地产开发,住宅开发,10.12,8.28,0.0
2022-11-02,21.17,22.7,21.02,22.0,21.15,0.8500000000000014,4.02,13228266.0,127391584.0,2.2793,0.014836,0.051879,1.13,44.207,53.5175,2.4606,7.3914,11.0877,0.009016,0.009119,1011660000.0,891660000.0,254980938.0,9762519000.0,8604519000.0,区域地产,房地产,房地产开发,住宅开发,10.21,8.35,0.0
2022-11-03,21.86,22.52,21.74,22.38,22.0,0.379999999999999,1.73,9016210.0,87984533.0,2.2793,0.010112,0.03536,0.65,44.9858,54.4603,2.504,7.5216,11.283,0.008859,0.008961,1011660000.0,891660000.0,254980938.0,9934501200.0,8756101200.0,区域地产,房地产,房地产开发,住宅开发,10.62,8.69,0.0
2022-11-04,22.54,22.57,21.93,22.04,22.38,-0.3399999999999998,-1.52,9357777.0,90872150.0,2.2793,0.010495,0.0366999999999999,0.7,44.2987,53.6284,2.4657,7.4067,11.1107,0.008997,0.0091,1011660000.0,891660000.0,254980938.0,9782752200.0,8622352200.0,区域地产,房地产,房地产开发,住宅开发,10.8,8.84,0.0
2022-11-07,22.11,23.32,22.11,23.2,22.04,1.16,5.26,10840427.0,109014644.0,2.2793,0.012158,0.042515,0.98,46.635,56.4568,2.5958,7.7974,11.6967,0.008546,0.0086439999999999,1011660000.0,891660000.0,254980938.0,10298698800.0,9077098800.0,区域地产,房地产,房地产开发,住宅开发,10.64,8.7,0.0
2022-11-08,23.02,23.29,22.72,22.98,23.2,-0.2199999999999988,-0.95,5162081.0,51995460.0,2.2793,0.005789,0.020245,0.49,46.1769,55.9022,2.5703,7.7208,11.5818,0.008631,0.00873,1011660000.0,891660000.0,254980938.0,10197532800.0,8987932800.0,区域地产,房地产,房地产开发,住宅开发,11.2,9.16,0.0
2022-11-09,23.18,23.5,22.77,22.84,22.98,-0.1400000000000005,-0.61,6451800.0,65251754.0,2.2793,0.007236,0.025303,0.68,45.902,55.5694,2.555,7.6748,11.5128,0.008683,0.008782,1011660000.0,891660000.0,254980938.0,10136833200.0,8934433200.0,区域地产,房地产,房地产开发,住宅开发,11.09,9.07,0.0
2022-11-10,23.02,23.09,22.52,22.57,22.84,-0.2699999999999996,-1.18,5718440.0,57094114.0,2.2793,0.0064129999999999,0.022427,0.7,45.3523,54.9039,2.5244,7.5829,11.375,0.008788,0.008889,1011660000.0,891660000.0,254980938.0,10015434000.0,8827434000.0,区域地产,房地产,房地产开发,住宅开发,11.02,9.02,0.0
2022-11-11,23.16,24.02,22.79,23.52,22.57,0.9499999999999992,4.21,11133323.0,114522384.0,2.2793,0.0124859999999999,0.043663,1.48,47.2763,57.2332,2.6315,7.9046,11.8575,0.00843,0.008527,1011660000.0,891660000.0,254980938.0,10440331200.0,9201931200.0,区域地产,房地产,房地产开发,住宅开发,10.89,8.91,0.0
2022-11-14,23.91,24.0,22.86,23.07,23.52,-0.4499999999999993,-1.91,9445601.0,96476179.0,2.2793,0.0105929999999999,0.037044,1.2,46.3601,56.124,2.5805,7.7514,11.6277,0.008597,0.008696,1011660000.0,891660000.0,254980938.0,10237999200.0,9023599200.0,区域地产,房地产,房地产开发,住宅开发,11.35,9.29,0.0
2022-11-15,22.91,23.36,22.77,23.09,23.07,0.0199999999999995,0.09,5110080.0,51744801.0,2.2793,0.005731,0.020041,0.67,46.4059,56.1795,2.583,7.7591,11.6392,0.008588,0.008687,1011660000.0,891660000.0,254980938.0,10248115800.0,9032515800.0,区域地产,房地产,房地产开发,住宅开发,11.13,9.11,0.0
2022-11-16,22.95,23.25,22.59,22.79,23.09,-0.3000000000000007,-1.3,5298834.0,53232500.0,2.2793,0.005943,0.020781,0.7,45.8104,55.4585,2.5499,7.6595,11.4899,0.0087,0.0088,1011660000.0,891660000.0,254980938.0,10116600000.0,8916600000.0,区域地产,房地产,房地产开发,住宅开发,11.14,9.12,0.0
2022-11-17,23.02,23.39,22.7,23.23,22.79,0.4400000000000013,1.93,5735302.0,58174688.0,2.2793,0.006432,0.022493,0.78,46.6808,56.5122,2.5983,7.805,11.7082,0.008538,0.008636,1011660000.0,891660000.0,254980938.0,10308815400.0,9086015400.0,区域地产,房地产,房地产开发,住宅开发,11.0,9.0,0.0
2022-11-18,23.45,25.55,23.16,24.39,23.23,1.16,4.99,19553458.0,211653990.0,2.2793,0.0219289999999999,0.0766859999999999,2.66,49.0171,59.3406,2.7284,8.1957,12.2941,0.008131,0.008224,1011660000.0,891660000.0,254980938.0,10824762000.0,9540762000.0,区域地产,房地产,房地产开发,住宅开发,11.21,9.17,0.0
2022-11-21,24.0,24.37,23.25,23.7,24.39,-0.6900000000000013,-2.83,12370098.0,128261836.0,2.2793,0.013873,0.048514,1.37,47.6428,57.6768,2.6519,7.9659,11.9495,0.008365,0.0084619999999999,1011660000.0,891660000.0,254980938.0,10521264000.0,9273264000.0,区域地产,房地产,房地产开发,住宅开发,11.77,9.63,0.0
2022-11-22,23.91,24.41,23.52,23.82,23.7,0.120000000000001,0.51,7978450.0,84098819.0,2.2793,0.008948,0.03129,0.83,47.8719,57.9541,2.6646,8.0042,12.0069,0.008325,0.008421,1011660000.0,891660000.0,254980938.0,10571847000.0,9317847000.0,区域地产,房地产,房地产开发,住宅开发,11.44,9.36,0.0
2022-11-23,23.66,24.09,22.79,23.29,23.82,-0.5300000000000011,-2.23,6873746.000000001,70249897.0,2.2793,0.007709,0.026958,0.67,46.8182,56.6786,2.606,7.828,11.7426,0.008513,0.008611,1011660000.0,891660000.0,254980938.0,10339165200.0,9112765200.0,区域地产,房地产,房地产开发,住宅开发,11.5,9.41,0.0
2022-11-24,23.7,24.34,23.55,23.82,23.29,0.5300000000000011,2.28,9664797.0,101419575.0,2.2793,0.010839,0.037904,0.92,47.8719,57.9541,2.6646,8.0042,12.0069,0.008325,0.008421,1011660000.0,891660000.0,254980938.0,10571847000.0,9317847000.0,区域地产,房地产,房地产开发,住宅开发,11.24,9.2,0.0
2022-11-25,23.77,25.41,23.64,25.03,23.82,1.2100000000000009,5.08,14726297.0,157541325.0,2.2793,0.016516,0.057755,1.3,50.2998,60.8934,2.7998,8.4101,12.6159,0.007923,0.008015,1011660000.0,891660000.0,254980938.0,11108026800.0,9790426800.0,区域地产,房地产,房地产开发,住宅开发,11.5,9.41,0.0
2022-11-28,24.05,25.76,23.55,25.14,25.03,0.1099999999999994,0.44,14330795.000000002,156042173.0,2.2793,0.016072,0.056203,1.39,50.5289,61.1707,2.8125,8.4484,12.6733,0.007888,0.0079779999999999,1011660000.0,891660000.0,254980938.0,11158609800.0,9835009800.0,区域地产,房地产,房地产开发,住宅开发,12.08,9.88,0.0
2022-11-29,27.26,27.47,25.85,26.35,25.14,1.2100000000000009,4.81,22776911.0,265837470.0,2.2793,0.0255439999999999,0.089328,2.13,52.9568,64.11,2.9477,8.8544,13.2823,0.007526,0.007612,1011660000.0,891660000.0,254980938.0,11694789600.0,10307589600.0,区域地产,房地产,房地产开发,住宅开发,12.13,9.93,0.0
2022-11-30,26.08,28.97,25.94,26.46,26.35,0.1099999999999994,0.42,25799644.0,308753966.0,2.2793,0.028934,0.101183,1.89,53.1859,64.3873,2.9604,8.8927,13.3397,0.007494,0.00758,1011660000.0,891660000.0,254980938.0,11745372600.0,10352172600.0,区域地产,房地产,房地产开发,住宅开发,12.72,10.4,0.0
2022-12-01,26.1,29.11,25.6,29.11,26.46,2.6499999999999986,10.02,22378178.0,267852004.00000003,2.2793,0.025097,0.087764,1.28,58.4999,70.8205,3.2562,9.7812,14.6725,0.006813,0.006891,1011660000.0,891660000.0,254980938.0,12918898200.0,11386498200.0,区域地产,房地产,房地产开发,住宅开发,12.77,10.45,0.0
2022-12-02,30.29,31.91,28.38,31.32,29.11,2.210000000000001,7.59,43061715.0,579645722.0,2.2793,0.048294,0.168882,2.15,62.9435,76.2,3.5035,10.5242,15.7871,0.006332,0.0064049999999999,1011660000.0,891660000.0,254980938.0,13900208400.0,12251408400.0,区域地产,房地产,房地产开发,住宅开发,14.05,11.49,0.0
2022-12-05,30.61,34.44,30.59,33.85,31.32,2.530000000000001,8.08,41998216.0,610303252.0,2.2793,0.047101,0.164711,1.64,68.0284,82.3559,3.7866,11.3744,17.0624,0.005859,0.005926,1011660000.0,891660000.0,254980938.0,15023151000.0,13241151000.0,区域地产,房地产,房地产开发,住宅开发,15.11,12.37,0.0
2022-12-06,31.64,31.64,30.47,30.47,33.85,-3.3800000000000026,-9.99,19079501.0,256402017.0,2.2793,0.021398,0.074827,0.61,61.2485,74.148,3.4092,10.2408,15.3619,0.006507,0.006582,1011660000.0,891660000.0,254980938.0,13525894200.0,11921494200.0,区域地产,房地产,房地产开发,住宅开发,16.34,13.37,0.0
2022-12-07,28.19,29.61,27.42,27.42,30.47,-3.049999999999997,-10.01,28334828.000000004,345015879.0,2.2793,0.031778,0.111125,0.93,55.1099,66.7166,3.0675,9.2144,13.8223,0.007232,0.007315,1011660000.0,891660000.0,254980938.0,12170269800.0,10726669800.0,区域地产,房地产,房地产开发,住宅开发,14.71,12.03,0.0
2022-12-08,26.44,27.85,26.33,27.06,27.42,-0.360000000000003,-1.31,22601135.0,269577034.0,2.2793,0.0253469999999999,0.088639,0.73,54.3769,65.8292,3.0267,9.0918,13.6385,0.007329,0.007414,1011660000.0,891660000.0,254980938.0,12008404200.0,10584004200.0,区域地产,房地产,房地产开发,住宅开发,13.23,10.83,0.0
2022-12-09,27.01,29.02,26.99,28.38,27.06,1.3200000000000005,4.88,25426969.0,314026809.0,2.2793,0.028516,0.0997209999999999,0.82,57.0339,69.0458,3.1746,9.5361,14.3049,0.0069879999999999,0.007068,1011660000.0,891660000.0,254980938.0,12595167000.0,11101167000.0,区域地产,房地产,房地产开发,住宅开发,13.06,10.68,0.0
2022-12-12,27.81,28.26,27.03,27.24,28.38,-1.1400000000000006,-4.02,16213901.999999998,195798881.0,2.2793,0.018184,0.062519,0.59,54.7434,66.2729,3.0471,9.1531,13.7304,0.00728,0.007364,1011660000.0,891660000.0,259342973.0,12089337000.0,10655337000.0,区域地产,房地产,房地产开发,住宅开发,13.7,11.21,0.0
2022-12-13,27.26,27.83,26.58,27.12,27.24,-0.1199999999999974,-0.44,13835793.0,165615050.0,2.2793,0.015517,0.053349,0.62,54.5144,65.9956,3.0344,9.1148,13.6729,0.007311,0.007395,1011660000.0,891660000.0,259342973.0,12038754000.0,10610754000.0,区域地产,房地产,房地产开发,住宅开发,13.15,10.76,0.0
2022-12-14,27.12,27.31,26.21,26.62,27.12,-0.5,-1.84,11234409.0,130707352.0,2.2793,0.012599,0.043319,0.53,53.5065,64.7755,2.9783,8.9463,13.4202,0.007449,0.007534,1011660000.0,891660000.0,259342973.0,11816188799.999998,10414588800.0,区域地产,房地产,房地产开发,住宅开发,13.09,10.71,0.0
2022-12-15,26.33,27.24,25.89,27.08,26.62,0.4599999999999973,1.73,9625740.0,112526053.0,2.2793,0.0107949999999999,0.0371159999999999,0.54,54.4228,65.8847,3.0293,9.0995,13.65,0.007323,0.007407,1011660000.0,891660000.0,259342973.0,12018520800.0,10592920800.0,区域地产,房地产,房地产开发,住宅开发,12.85,10.51,0.0
2022-12-16,26.96,28.24,26.6,27.19,27.08,0.1100000000000029,0.41,16634322.0,200609868.0,2.2793,0.0186549999999999,0.06414,1.09,54.6518,66.162,3.042,9.1378,13.7074,0.0072929999999999,0.007376,1011660000.0,891660000.0,259342973.0,12069103799.999998,10637503799.999998,区域地产,房地产,房地产开发,住宅开发,13.07,10.69,0.0
2022-12-19,27.42,29.9,27.19,29.9,27.19,2.7099999999999973,9.97,25139799.0,315187249.0,2.2793,0.028194,0.096936,1.86,60.1032,72.7616,3.3455,10.0493,15.0747,0.006631,0.0067069999999999,1011660000.0,891660000.0,259342973.0,13272979200.0,11698579200.0,区域地产,房地产,房地产开发,住宅开发,13.12,10.74,0.0
2022-12-20,28.61,29.18,27.78,28.26,29.9,-1.639999999999997,-5.48,19283560.0,240447573.0,2.2793,0.021627,0.074355,1.26,56.8049,68.7685,3.1619,9.4978,14.2474,0.007016,0.007097,1011660000.0,891660000.0,259342973.0,12544584000.0,11056584000.0,区域地产,房地产,房地产开发,住宅开发,14.43,11.81,0.0
2022-12-21,27.92,29.97,27.92,29.31,28.26,1.0499999999999972,3.72,18025275.0,231233612.0,2.2793,0.020215,0.069504,1.1,58.9122,71.3196,3.2792,9.8501,14.776,0.006765,0.006843,1011660000.0,891660000.0,259342973.0,13009947600.0,11466747600.0,区域地产,房地产,房地产开发,住宅开发,13.64,11.16,0.0
2022-12-22,31.68,32.25,30.29,30.36,29.31,1.0500000000000007,3.58,28089654.0,385191948.0,2.2793,0.031503,0.1083109999999999,1.58,61.0195,73.8707,3.3965,10.2025,15.3045,0.006532,0.0066069999999999,1011660000.0,891660000.0,259342973.0,13475311200.000002,11876911200.000002,区域地产,房地产,房地产开发,住宅开发,14.15,11.57,0.0
2022-12-23,29.65,33.39,29.65,33.39,30.36,3.030000000000001,9.98,45261519.0,651239821.0,2.2793,0.050761,0.174524,2.11,67.1122,81.2467,3.7356,11.2212,16.8326,0.005939,0.006007,1011660000.0,891660000.0,259342973.0,14820819000.0,13062819000.0,区域地产,房地产,房地产开发,住宅开发,14.65,11.99,0.0
2022-12-26,32.37,33.39,31.11,32.39,33.39,-1.0,-2.99,35442607.0,499981777.0,2.2793,0.039749,0.136663,1.3,65.0966,78.8065,3.6234,10.8842,16.3271,0.006122,0.006193,1011660000.0,891660000.0,259342973.0,14375688600.000002,12670488600.000002,区域地产,房地产,房地产开发,住宅开发,16.12,13.19,0.0
2022-12-27,32.8,35.53,32.09,33.62,32.39,1.2299999999999969,3.8,35472970.0,526241285.00000006,2.2793,0.039783,0.13678,1.21,67.5703,81.8013,3.7611,11.2978,16.9475,0.005898,0.005966,1011660000.0,891660000.0,259342973.0,14921985000.0,13151985000.0,区域地产,房地产,房地产开发,住宅开发,15.63,12.79,0.0
2022-12-28,32.91,33.67,31.71,31.73,33.62,-1.889999999999997,-5.62,27489198.0,393181051.0,2.2793,0.030829,0.105996,0.85,63.7681,77.1982,3.5494,10.662,15.9939,0.00625,0.0063219999999999,1011660000.0,891660000.0,259342973.0,14082307200.0,12411907200.0,区域地产,房地产,房地产开发,住宅开发,16.23,13.28,0.0
2022-12-29,31.8,32.21,30.95,31.09,31.73,-0.6400000000000006,-2.02,18381319.0,253792690.0,2.2793,0.020615,0.070876,0.54,62.4854,75.6454,3.478,10.4476,15.6722,0.006378,0.006452,1011660000.0,891660000.0,259342973.0,13799042400.0,12162242400.0,区域地产,房地产,房地产开发,住宅开发,15.31,12.53,0.0
2022-12-30,31.11,31.84,30.22,31.66,31.09,0.5700000000000003,1.83,14748112.0,202358490.0,2.2793,0.01654,0.056867,0.46,63.6306,77.0319,3.5418,10.639,15.9594,0.0062629999999999,0.0063349999999999,1011660000.0,891660000.0,259342973.0,14051957400.0,12385157400.0,区域地产,房地产,房地产开发,住宅开发,15.0,12.28,0.0
2023-01-03,31.2,31.2,30.13,31.07,31.66,-0.5899999999999999,-1.86,13650424.0,183334728.0,2.2793,0.015309,0.0526349999999999,0.52,62.4396,75.5899,3.4755,10.4399,15.6607,0.006456,0.006456,1011660000.0,891660000.0,259342973.0,13788925800.0,12153325800.0,区域地产,房地产,房地产开发,住宅开发,15.28,12.5,0.0
2023-01-04,30.5,31.64,30.18,30.75,31.07,-0.3200000000000003,-1.03,18720017.0,254417376.0,2.2793,0.020995,0.072182,0.85,61.7982,74.8135,3.4398,10.3327,15.4998,0.006523,0.006523,1011660000.0,891660000.0,259342973.0,13647293400.0,12028493400.0,区域地产,房地产,房地产开发,住宅开发,14.99,12.27,0.0
2023-01-05,30.82,30.95,29.49,30.02,30.75,-0.7300000000000004,-2.37,11979962.0,157833843.0,2.2793,0.0134359999999999,0.045548,0.64,60.3323,73.0389,3.3582,10.0876,15.1321,0.006682,0.006682,1011660000.0,891660000.0,263017736.0,13323562200.0,11743162200.0,区域地产,房地产,房地产开发,住宅开发,14.84,12.14,0.0
2023-01-06,30.43,30.54,29.06,30.25,30.02,0.2300000000000004,0.77,13237729.0,172975068.0,2.2793,0.014846,0.05033,0.85,60.7904,73.5934,3.3837,10.1642,15.247,0.006631,0.006631,1011660000.0,891660000.0,263017736.0,13424728200.0,11832328200.0,区域地产,房地产,房地产开发,住宅开发,14.49,11.85,0.0
2023-01-09,30.27,31.91,29.49,31.14,30.25,0.8900000000000006,2.94,15098825.0,204488993.0,2.2793,0.016933,0.057406,1.04,62.577,75.7563,3.4831,10.4629,15.6951,0.006442,0.006442,1011660000.0,891660000.0,263017736.0,13819275600.0,12180075600.0,区域地产,房地产,房地产开发,住宅开发,14.6,11.94,0.0
2023-01-10,30.79,31.18,29.06,29.43,31.14,-1.7100000000000009,-5.49,14105832.999999998,184506629.0,2.2793,0.01582,0.053631,0.97,59.1412,71.5969,3.2919,9.8884,14.8334,0.006816,0.006816,1011660000.0,891660000.0,263017736.0,13060530600.0,11511330600.0,区域地产,房地产,房地产开发,住宅开发,15.03,12.29,0.0
2023-01-11,29.43,29.47,28.15,28.29,29.43,-1.1400000000000006,-3.87,10598966.0,133564487.0,2.2793,0.011887,0.040298,0.72,56.8507,68.824,3.1644,9.5054,14.2589,0.0070909999999999,0.0070909999999999,1011660000.0,891660000.0,263017736.0,12554700600.0,11065500600.0,区域地产,房地产,房地产开发,住宅开发,14.2,11.62,0.0
2023-01-12,28.33,28.83,27.81,28.51,28.29,0.2200000000000024,0.78,8396786.0,104422586.0,2.2793,0.009417,0.031925,0.65,57.3088,69.3786,3.1899,9.582,14.3738,0.007034,0.007034,1011660000.0,891660000.0,263017736.0,12655866600.0,11154666600.0,区域地产,房地产,房地产开发,住宅开发,13.65,11.17,0.0
2023-01-13,28.33,28.81,27.92,28.7,28.51,0.1899999999999977,0.67,5122302.0,63928310.0,2.2793,0.005745,0.019475,0.42,57.6753,69.8223,3.2103,9.6433,14.4657,0.00699,0.00699,1011660000.0,891660000.0,263017736.0,12736799400.0,11225999400.0,区域地产,房地产,房地产开发,住宅开发,13.76,11.26,0.0
2023-01-16,28.22,28.7,27.65,28.26,28.7,-0.4399999999999977,-1.53,6666187.0,82076539.0,2.2793,0.007476,0.025345,0.63,56.8049,68.7685,3.1619,9.4978,14.2474,0.007097,0.007097,1011660000.0,891660000.0,263017736.0,12544584000.0,11056584000.0,区域地产,房地产,房地产开发,住宅开发,13.85,11.33,0.0
2023-01-17,28.31,29.61,28.08,29.22,28.26,0.9599999999999972,3.4,10380181.0,132520198.0,2.2793,0.0116409999999999,0.039466,1.16,58.7289,71.0978,3.269,9.8195,14.73,0.006864,0.006864,1011660000.0,891660000.0,263017736.0,12969481200.000002,11431081200.000002,区域地产,房地产,房地产开发,住宅开发,13.64,11.16,0.0
2023-01-18,29.18,29.56,28.33,28.45,29.22,-0.7699999999999996,-2.64,6196024.0,78358023.0,2.2793,0.0069489999999999,0.023557,0.75,57.1714,69.2122,3.1823,9.5591,14.3393,0.0070509999999999,0.0070509999999999,1011660000.0,891660000.0,263017736.0,12625516800.0,11127916800.0,区域地产,房地产,房地产开发,住宅开发,14.1,11.54,0.0
2023-01-19,28.42,28.92,27.9,28.47,28.45,0.0199999999999995,0.07,4555401.0,56963073.0,2.2793,0.005109,0.01732,0.62,57.2172,69.2677,3.1848,9.5667,14.3508,0.007046,0.007046,1011660000.0,891660000.0,263017736.0,12635633400.0,11136833400.0,区域地产,房地产,房地产开发,住宅开发,13.73,11.23,0.0
2023-01-20,28.67,29.68,28.56,29.27,28.47,0.8000000000000007,2.81,6544813.0,83709166.0,2.2793,0.00734,0.024884,0.99,58.8206,71.2087,3.2741,9.8348,14.753,0.006854,0.006854,1011660000.0,891660000.0,263017736.0,12989714400.0,11448914400.0,区域地产,房地产,房地产开发,住宅开发,13.74,11.24,0.0
2023-01-30,29.45,29.54,28.83,29.02,29.27,-0.25,-0.85,5515681.0,70340105.0,2.2793,0.006186,0.020971,0.8,58.3166,70.5987,3.246,9.7505,14.6266,0.006913,0.006913,1011660000.0,891660000.0,263017736.0,12878431800.0,11350831800.0,区域地产,房地产,房地产开发,住宅开发,14.12,11.56,0.0
2023-01-31,28.95,29.43,28.26,29.4,29.02,0.379999999999999,1.31,5909900.0,75312804.0,2.2793,0.0066279999999999,0.02247,0.89,59.0954,71.5415,3.2894,9.8808,14.8219,0.006822,0.006822,1011660000.0,891660000.0,263017736.0,13050414000.0,11502414000.0,区域地产,房地产,房地产开发,住宅开发,14.0,11.46,0.0
2023-02-01,29.31,29.7,28.88,29.61,29.4,0.2100000000000008,0.71,6701220.0,85914199.0,2.2793,0.0075149999999999,0.025478,1.17,59.5077,72.0406,3.3123,9.9497,14.9253,0.006774,0.006774,1011660000.0,891660000.0,263017736.0,13141463400.0,11582663400.0,区域地产,房地产,房地产开发,住宅开发,14.19,11.61,0.0
2023-02-02,29.36,29.43,28.54,28.83,29.61,-0.7800000000000011,-2.63,7727719.0,98002689.0,2.2793,0.008667,0.029381,1.32,57.9502,70.155,3.2256,9.6893,14.5347,0.006957,0.006957,1011660000.0,891660000.0,263017736.0,12797499000.0,11279499000.0,区域地产,房地产,房地产开发,住宅开发,14.29,11.69,0.0
2023-02-03,28.61,28.95,28.1,28.17,28.83,-0.6599999999999966,-2.29,5206204.0,64897507.0,2.2793,0.005839,0.019794,0.8,56.6217,68.5467,3.1517,9.4671,14.2015,0.00712,0.00712,1011660000.0,891660000.0,263017736.0,12504117600.0,11020917600.0,区域地产,房地产,房地产开发,住宅开发,13.92,11.39,0.0
2023-02-06,28.04,28.15,27.58,27.78,28.17,-0.3900000000000005,-1.38,4525995.0,55332073.0,2.2793,0.005076,0.017208,0.73,55.8429,67.6039,3.1083,9.3369,14.0061,0.007219,0.007219,1011660000.0,891660000.0,263017736.0,12332135400.0,10869335400.0,区域地产,房地产,房地产开发,住宅开发,13.6,11.12,0.0
2023-02-07,27.72,28.17,27.58,27.78,27.78,0.0,0.0,4398300.0,53744797.0,2.2793,0.004933,0.016722,0.73,55.8429,67.6039,3.1083,9.3369,14.0061,0.007219,0.007219,1011660000.0,891660000.0,263017736.0,12332135400.0,10869335400.0,区域地产,房地产,房地产开发,住宅开发,13.41,10.97,0.0
2023-02-08,27.97,28.38,27.74,27.94,27.78,0.1600000000000001,0.58,5327801.0,65600731.0,2.2793,0.005975,0.020256,0.93,56.1636,67.9921,3.1262,9.3906,14.0866,0.007178,0.007178,1011660000.0,891660000.0,263017736.0,12402951600.0,10931751600.0,区域地产,房地产,房地产开发,住宅开发,13.41,10.97,0.0
2023-02-09,27.81,28.1,27.58,27.81,27.94,-0.1300000000000025,-0.47,4427243.0,54004699.0,2.2793,0.004965,0.016832,0.81,55.8887,67.6594,3.1109,9.3446,14.0176,0.007213,0.007213,1011660000.0,891660000.0,263017736.0,12342252000.0,10878252000.0,区域地产,房地产,房地产开发,住宅开发,13.49,11.03,0.0
2023-02-10,27.76,28.17,27.63,28.17,27.81,0.360000000000003,1.29,4572346.0,56157192.0,2.2793,0.005128,0.017384,0.96,56.6217,68.5467,3.1517,9.4671,14.2015,0.00712,0.00712,1011660000.0,891660000.0,263017736.0,12504117600.0,11020917600.0,区域地产,房地产,房地产开发,住宅开发,13.42,10.98,0.0
2023-02-13,27.88,28.19,27.6,28.15,28.17,-0.0200000000000031,-0.07,5334800.0,65268011.0,2.2793,0.005983,0.020283,1.15,56.5758,68.4913,3.1491,9.4595,14.19,0.007126,0.007126,1011660000.0,891660000.0,263017736.0,12494001000.0,11012001000.0,区域地产,房地产,房地产开发,住宅开发,13.6,11.12,0.0
2023-02-14,28.15,28.67,27.76,27.81,28.15,-0.3399999999999998,-1.21,6660258.0,82287938.0,2.2793,0.00747,0.025322,1.38,55.8887,67.6594,3.1109,9.3446,14.0176,0.007213,0.007213,1011660000.0,891660000.0,263017736.0,12342252000.0,10878252000.0,区域地产,房地产,房地产开发,住宅开发,13.59,11.12,0.0
2023-02-15,27.69,27.88,27.44,27.44,27.81,-0.3699999999999974,-1.33,5076131.0,61522884.0,2.2793,0.005693,0.0192999999999999,0.96,55.1557,66.772,3.0701,9.222,13.8338,0.0073089999999999,0.0073089999999999,1011660000.0,891660000.0,263017736.0,12180386399.999998,10735586399.999998,区域地产,房地产,房地产开发,住宅开发,13.42,10.98,0.0
2023-02-16,27.49,27.9,26.67,26.78,27.44,-0.6600000000000001,-2.41,6024529.0,72206941.0,2.2793,0.006757,0.022905,1.16,53.8272,65.1637,2.9961,8.9999,13.5006,0.007489,0.007489,1011660000.0,891660000.0,263017736.0,11887005000.0,10477005000.0,区域地产,房地产,房地产开发,住宅开发,13.24,10.84,0.0
2023-02-17,26.78,27.1,26.67,26.8,26.78,0.0199999999999995,0.07,3744059.0,44166682.0,2.2793,0.004199,0.014235,0.68,53.873,65.2192,2.9987,9.0076,13.5121,0.007483,0.007483,1011660000.0,891660000.0,263017736.0,11897121600.0,10485921600.0,区域地产,房地产,房地产开发,住宅开发,12.93,10.58,0.0
2023-02-20,26.8,27.15,26.58,27.08,26.8,0.2799999999999976,1.04,4045792.0,47751516.0,2.2793,0.004537,0.015382,0.75,54.4228,65.8847,3.0293,9.0995,13.65,0.007407,0.007407,1011660000.0,891660000.0,263017736.0,12018520800.0,10592920800.0,区域地产,房地产,房地产开发,住宅开发,12.94,10.58,0.0
2023-02-21,27.58,28.79,27.26,28.22,27.08,1.1400000000000006,4.21,12522641.0,153730139.0,2.2793,0.014044,0.047611,2.45,56.7133,68.6576,3.1568,9.4825,14.2244,0.007108,0.007108,1011660000.0,891660000.0,263017736.0,12524350800.0,11038750800.0,区域地产,房地产,房地产开发,住宅开发,13.07,10.69,0.0
2023-02-22,27.9,28.51,27.72,27.85,28.22,-0.3699999999999974,-1.31,7143296.000000001,87743062.0,2.2793,0.008011,0.027159,1.14,55.9803,67.7703,3.116,9.3599,14.0406,0.007201,0.007201,1011660000.0,891660000.0,263017736.0,12362485200.0,10896085200.0,区域地产,房地产,房地产开发,住宅开发,13.62,11.14,0.0
2023-02-23,27.94,29.27,27.94,28.65,27.85,0.7999999999999972,2.87,12066701.0,152406644.0,2.2793,0.013533,0.0458779999999999,1.8,57.5837,69.7113,3.2052,9.628,14.4428,0.0070009999999999,0.0070009999999999,1011660000.0,891660000.0,263017736.0,12716566200.000002,11208166200.000002,区域地产,房地产,房地产开发,住宅开发,13.44,11.0,0.0
2023-02-24,28.61,28.81,28.06,28.45,28.65,-0.1999999999999993,-0.7,5080272.0,63255477.0,2.2793,0.005698,0.019315,0.64,57.1714,69.2122,3.1823,9.5591,14.3393,0.0070509999999999,0.0070509999999999,1011660000.0,891660000.0,263017736.0,12625516800.0,11127916800.0,区域地产,房地产,房地产开发,住宅开发,13.83,11.31,0.0
2023-02-27,28.72,28.72,27.67,27.76,28.45,-0.6899999999999977,-2.43,4931065.0,60360009.0,2.2793,0.00553,0.018748,0.6,55.7971,67.5485,3.1058,9.3293,13.9946,0.007225,0.007225,1011660000.0,891660000.0,263017736.0,12322018799.999998,10860418799.999998,区域地产,房地产,房地产开发,住宅开发,13.73,11.23,0.0
2023-02-28,27.88,28.22,27.76,28.1,27.76,0.3399999999999998,1.22,3646327.0,44790902.0,2.2793,0.004089,0.013863,0.44,56.4842,68.3803,3.144,9.4442,14.167,0.007137,0.007137,1011660000.0,891660000.0,263017736.0,12473767800.0,10994167800.0,区域地产,房地产,房地产开发,住宅开发,13.4,10.96,0.0
2023-03-01,28.17,28.19,27.88,28.13,28.1,0.0299999999999975,0.11,3850986.0,47390959.0,2.2793,0.004319,0.0146419999999999,0.59,56.53,68.4358,3.1466,9.4518,14.1785,0.0071309999999999,0.0071309999999999,1011660000.0,891660000.0,263017736.0,12483884400.0,11003084400.0,区域地产,房地产,房地产开发,住宅开发,13.56,11.1,0.0
2023-03-02,28.08,28.9,27.78,28.45,28.13,0.3200000000000003,1.14,7209789.999999999,89550637.0,2.2793,0.008086,0.027412,1.22,57.1714,69.2122,3.1823,9.5591,14.3393,0.0070509999999999,0.0070509999999999,1011660000.0,891660000.0,263017736.0,12625516800.0,11127916800.0,区域地产,房地产,房地产开发,住宅开发,13.57,11.11,0.0
2023-03-03,28.45,30.45,28.35,29.63,28.45,1.1799999999999995,4.15,15064384.0,194897004.0,2.2793,0.016895,0.057275,3.05,59.5535,72.0961,3.3149,9.9574,14.9368,0.006769,0.006769,1011660000.0,891660000.0,263017736.0,13151580000.0,11591580000.0,区域地产,房地产,房地产开发,住宅开发,13.73,11.23,0.0
2023-03-06,29.61,29.81,29.08,29.47,29.63,-0.1600000000000001,-0.54,7315147.0,94495440.0,2.2793,0.008204,0.027812,1.05,59.2328,71.7079,3.297,9.9037,14.8564,0.0068059999999999,0.0068059999999999,1011660000.0,891660000.0,263017736.0,13080763799.999998,11529163799.999998,区域地产,房地产,房地产开发,住宅开发,14.3,11.7,0.0
2023-03-07,29.63,30.43,29.33,29.33,29.47,-0.1400000000000005,-0.48,9762837.0,128227817.0,2.2793,0.010949,0.037119,1.32,58.958,71.3751,3.2817,9.8578,14.7874,0.0068379999999999,0.0068379999999999,1011660000.0,891660000.0,263017736.0,13020064200.0,11475664200.0,区域地产,房地产,房地产开发,住宅开发,14.22,11.64,0.0
2023-03-08,29.54,29.61,28.88,29.04,29.33,-0.2899999999999991,-0.99,5623269.0,71785714.0,2.2793,0.006307,0.02138,0.65,58.3625,70.6541,3.2486,9.7582,14.6381,0.006907,0.006907,1011660000.0,891660000.0,263017736.0,12888548400.0,11359748400.0,区域地产,房地产,房地产开发,住宅开发,14.16,11.58,0.0
2023-03-09,29.11,29.36,28.79,28.95,29.04,-0.0899999999999998,-0.31,3743600.0,47787209.0,2.2793,0.004198,0.014233,0.42,58.1792,70.4323,3.2384,9.7276,14.5921,0.0069289999999999,0.0069289999999999,1011660000.0,891660000.0,263017736.0,12848082000.0,11324082000.0,区域地产,房地产,房地产开发,住宅开发,14.01,11.47,0.0
2023-03-10,28.83,30.43,28.56,29.95,28.95,1.0,3.45,10732201.0,139525775.0,2.2793,0.012036,0.040804,1.29,60.1949,72.8725,3.3506,10.0646,15.0977,0.006697,0.006697,1011660000.0,891660000.0,263017736.0,13293212400.0,11716412400.0,区域地产,房地产,房地产开发,住宅开发,13.97,11.43,0.0
2023-03-13,29.36,29.74,28.51,28.81,29.95,-1.1400000000000006,-3.81,7769800.0,99163547.0,2.2793,0.008714,0.0295409999999999,1.04,57.9043,70.0996,3.2231,9.6816,14.5232,0.006962,0.006962,1011660000.0,891660000.0,263017736.0,12787382400.0,11270582400.0,区域地产,房地产,房地产开发,住宅开发,14.45,11.83,0.0
2023-03-14,28.81,28.81,27.76,28.04,28.81,-0.7699999999999996,-2.67,5398249.0,66787024.00000001,2.2793,0.006054,0.020524,0.72,56.3468,68.214,3.1364,9.4212,14.1325,0.007154,0.007154,1011660000.0,891660000.0,263017736.0,12443418000.0,10967418000.0,区域地产,房地产,房地产开发,住宅开发,13.9,11.38,0.0
2023-03-15,28.22,29.13,28.1,28.45,28.04,0.4100000000000001,1.46,3520241.0000000005,44100631.0,2.2793,0.003948,0.013384,0.53,57.1714,69.2122,3.1823,9.5591,14.3393,0.0070509999999999,0.0070509999999999,1011660000.0,891660000.0,263017736.0,12625516800.0,11127916800.0,区域地产,房地产,房地产开发,住宅开发,13.53,11.07,0.0
2023-03-16,28.45,28.45,27.58,27.65,28.45,-0.8000000000000007,-2.81,3385511.0,41578472.0,2.2793,0.003797,0.012872,0.54,55.568,67.2712,3.093,9.291,13.9372,0.007255,0.007255,1011660000.0,891660000.0,263017736.0,12271435800.0,10815835800.0,区域地产,房地产,房地产开发,住宅开发,13.73,11.23,0.0
2023-03-17,27.76,28.15,27.65,28.15,27.65,0.5,1.81,4216896.0,51766819.0,2.2793,0.004729,0.016033,0.68,56.5758,68.4913,3.1491,9.4595,14.19,0.007126,0.007126,1011660000.0,891660000.0,263017736.0,12494001000.0,11012001000.0,区域地产,房地产,房地产开发,住宅开发,13.34,10.92,0.0
2023-03-20,28.15,29.59,28.08,28.63,28.15,0.4800000000000004,1.71,6943350.999999999,88292752.0,2.2793,0.007787,0.026399,1.43,82.6603,82.6603,3.1732,20.0296,20.0296,0.007006,0.007006,1011660000.0,891660000.0,263017736.0,12706449600.0,11199249600.0,区域地产,房地产,房地产开发,住宅开发,13.59,11.12,0.0
2023-03-21,28.61,29.13,28.26,28.63,28.63,0.0,0.0,3122197.0,39254094.0,2.2793,0.003502,0.011871,0.67,82.6603,82.6603,3.1732,20.0296,20.0296,0.007006,0.007006,1011660000.0,891660000.0,263017736.0,12706449600.0,11199249600.0,区域地产,房地产,房地产开发,住宅开发,13.82,11.3,0.0
2023-03-22,28.63,28.74,27.94,28.06,28.63,-0.5700000000000003,-1.99,4252709.0,52645614.0,2.2793,0.004769,0.016169,1.0,81.015,81.015,3.1101,19.6309,19.6309,0.007149,0.007149,1011660000.0,891660000.0,263017736.0,12453534600.0,10976334600.0,区域地产,房地产,房地产开发,住宅开发,13.82,11.3,0.0
2023-03-23,28.04,28.04,27.28,27.63,28.06,-0.4299999999999997,-1.53,5035732.0,60879150.0,2.2793,0.0056479999999999,0.019146,1.15,79.7646,79.7646,3.0621,19.3279,19.3279,0.007261,0.007261,1011660000.0,891660000.0,263017736.0,12261319200.0,10806919200.0,区域地产,房地产,房地产开发,住宅开发,13.54,11.08,0.0
2023-03-24,27.63,27.99,27.33,27.72,27.63,0.0899999999999998,0.33,3734610.0,45273193.0,2.2793,0.004188,0.014199,0.79,80.0279,80.0279,3.0722,19.3917,19.3917,0.007237,0.007237,1011660000.0,891660000.0,263017736.0,12301785600.0,10842585600.0,区域地产,房地产,房地产开发,住宅开发,13.33,10.91,0.0
2023-03-27,27.81,27.81,26.83,27.15,27.72,-0.5700000000000003,-2.06,3744600.0,44601363.0,2.2793,0.0042,0.014237,0.81,78.3825,78.3825,3.009,18.993,18.993,0.007389,0.007389,1011660000.0,891660000.0,263017736.0,12048870600.0,10619670600.0,区域地产,房地产,房地产开发,住宅开发,13.38,10.94,0.0
2023-03-28,27.28,27.76,27.01,27.15,27.15,0.0,0.0,3330418.0,39944536.0,2.2793,0.003735,0.012662,0.84,78.3825,78.3825,3.009,18.993,18.993,0.007389,0.007389,1011660000.0,891660000.0,263017736.0,12048870600.0,10619670600.0,区域地产,房地产,房地产开发,住宅开发,13.1,10.72,0.0
2023-03-29,27.08,27.26,26.83,27.08,27.15,-0.0700000000000002,-0.26,2489383.0,29531904.0,2.2793,0.002792,0.009465,0.62,78.1851,78.1851,3.0014,18.9452,18.9452,0.007407,0.007407,1011660000.0,891660000.0,263017736.0,12018520800.0,10592920800.0,区域地产,房地产,房地产开发,住宅开发,13.1,10.72,0.0
2023-03-30,27.01,27.31,26.8,27.08,27.08,0.0,0.0,1690590.0000000002,20062930.0,2.2793,0.001896,0.006428,0.46,78.1851,78.1851,3.0014,18.9452,18.9452,0.007407,0.007407,1011660000.0,891660000.0,263017736.0,12018520800.0,10592920800.0,区域地产,房地产,房地产开发,住宅开发,13.07,10.69,0.0
2023-03-31,27.35,27.47,27.01,27.1,27.08,0.0200000000000031,0.07,2211322.0,26345290.0,2.2793,0.00248,0.008408,0.74,78.2509,78.2509,3.004,18.9611,18.9611,0.007401,0.007401,1011660000.0,891660000.0,263017736.0,12028637400.0,10601837400.0,区域地产,房地产,房地产开发,住宅开发,13.07,10.69,0.0
2023-04-03,27.1,27.44,26.9,27.21,27.1,0.1099999999999994,0.41,2866177.0,34215864.0,2.2793,0.003214,0.0108969999999999,1.06,78.58,78.58,3.0166,19.0408,19.0408,0.00737,0.00737,1011660000.0,891660000.0,263017736.0,12079220400.0,10646420400.0,区域地产,房地产,房地产开发,住宅开发,13.08,10.7,0.0
2023-04-04,27.21,27.28,26.21,26.21,27.21,-1.0,-3.68,5027401.0,58527458.0,2.2793,0.005638,0.019114,2.0,75.6842,75.6842,2.9054,18.3392,18.3392,0.007652,0.007652,1011660000.0,891660000.0,263017736.0,11634090000.0,10254090000.0,区域地产,房地产,房地产开发,住宅开发,13.13,10.75,0.0
2023-04-06,26.21,26.37,25.48,26.17,26.21,-0.0399999999999991,-0.15,3402728.0,38935612.0,2.2793,0.003816,0.012937,1.19,75.5526,75.5526,2.9004,18.3073,18.3073,0.0076659999999999,0.0076659999999999,1011660000.0,891660000.0,263017736.0,11613856800.0,10236256800.0,区域地产,房地产,房地产开发,住宅开发,12.65,10.35,0.0
2023-04-07,26.44,27.08,26.21,26.92,26.17,0.75,2.87,4795010.0,56295973.0,2.2793,0.0053779999999999,0.018231,1.58,77.7244,77.7244,2.9838,18.8335,18.8335,0.007451,0.007451,1011660000.0,891660000.0,263017736.0,11947704600.0,10530504600.0,区域地产,房地产,房地产开发,住宅开发,12.63,10.33,0.0
2023-04-10,26.94,26.94,26.35,26.42,26.92,-0.5,-1.86,3242600.0,37899982.0,2.2793,0.003637,0.0123279999999999,0.89,76.2765,76.2765,2.9282,18.4827,18.4827,0.007593,0.007593,1011660000.0,891660000.0,263017736.0,11725139400.0,10334339400.0,区域地产,房地产,房地产开发,住宅开发,12.99,10.63,0.0
2023-04-11,26.65,26.87,26.23,26.76,26.42,0.3399999999999998,1.29,2301125.0,26846896.0,2.2793,0.002581,0.008749,0.6,77.2637,77.2637,2.9661,18.7219,18.7219,0.007496,0.007496,1011660000.0,891660000.0,263017736.0,11876888400.0,10468088400.0,区域地产,房地产,房地产开发,住宅开发,12.75,10.43,0.0
2023-04-12,26.76,27.06,26.46,26.67,26.76,-0.0899999999999998,-0.34,2464656.0,28853314.0,2.2793,0.002764,0.009371,0.66,77.0005,77.0005,2.956,18.6581,18.6581,0.007521,0.007521,1011660000.0,891660000.0,263017736.0,11836422000.0,10432422000.0,区域地产,房地产,房地产开发,住宅开发,12.91,10.57,0.0
2023-04-13,26.67,27.42,26.39,26.99,26.67,0.3199999999999967,1.2,4393397.0,52071591.0,2.2793,0.004927,0.016704,1.36,77.9219,77.9219,2.9913,18.8814,18.8814,0.0074319999999999,0.0074319999999999,1011660000.0,891660000.0,263017736.0,11978054400.0,10557254400.0,区域地产,房地产,房地产开发,住宅开发,12.87,10.53,0.0
2023-04-14,26.99,27.24,26.67,27.03,26.99,0.0400000000000027,0.15,2568610.0,30345972.0,2.2793,0.002881,0.009766,0.75,78.0535,78.0535,2.9964,18.9133,18.9133,0.0074199999999999,0.0074199999999999,1011660000.0,891660000.0,263017736.0,11998287600.0,10575087600.0,区域地产,房地产,房地产开发,住宅开发,13.02,10.66,0.0
2023-04-17,26.83,26.92,26.51,26.51,27.03,-0.5199999999999996,-1.92,2082271.0,24384818.0,2.2793,0.002335,0.007917,0.7,76.5398,76.5398,2.9383,18.5465,18.5465,0.007567,0.007567,1011660000.0,891660000.0,263017736.0,11765605800.0,10370005800.0,区域地产,房地产,房地产开发,住宅开发,13.05,10.67,0.0
2023-04-18,26.62,26.65,25.89,26.21,26.51,-0.3000000000000007,-1.13,2797074.0,32077779.0,2.2793,0.0031369999999999,0.0106349999999999,1.01,75.6842,75.6842,2.9054,18.3392,18.3392,0.007652,0.007652,1011660000.0,891660000.0,263017736.0,11634090000.0,10254090000.0,区域地产,房地产,房地产开发,住宅开发,12.79,10.47,0.0
2023-04-19,26.19,26.26,25.87,26.03,26.21,-0.1799999999999997,-0.69,1822801.0,20836319.0,2.2793,0.002044,0.0069299999999999,0.64,75.1577,75.1577,2.8852,18.2116,18.2116,0.0077059999999999,0.0077059999999999,1011660000.0,891660000.0,263017736.0,11553157200.0,10182757200.0,区域地产,房地产,房地产开发,住宅开发,12.65,10.35,0.0
2023-04-20,25.96,26.05,25.48,25.53,26.03,-0.5,-1.92,2909895.0,32803948.0,2.2793,0.003263,0.011063,1.06,73.7099,73.7099,2.8296,17.8608,17.8608,0.007857,0.007857,1011660000.0,891660000.0,263017736.0,11330592000.0,9986592000.0,区域地产,房地产,房地产开发,住宅开发,12.56,10.28,0.0
2023-04-21,25.64,26.26,25.3,25.3,25.53,-0.2300000000000004,-0.9,3081315.0,34885588.0,2.2793,0.003456,0.011715,1.26,73.0517,73.0517,2.8044,17.7013,17.7013,0.007928,0.007928,1011660000.0,891660000.0,263017736.0,11229426000.0,9897426000.0,区域地产,房地产,房地产开发,住宅开发,12.32,10.08,0.0
2023-04-24,25.23,25.41,24.48,24.64,25.3,-0.6600000000000001,-2.61,3588482.0,38953485.0,2.2793,0.004024,0.013643,1.41,71.1432,71.1432,2.7311,17.2388,17.2388,0.008141,0.008141,1011660000.0,891660000.0,263017736.0,10936044600.0,9638844600.0,区域地产,房地产,房地产开发,住宅开发,12.21,9.99,0.0
2023-04-25,24.59,24.78,23.41,23.93,24.64,-0.7100000000000009,-2.88,4460363.0,46860555.0,2.2793,0.0050019999999999,0.016958,1.57,69.103,69.103,2.6528,16.7445,16.7445,0.008381,0.008381,1011660000.0,891660000.0,263017736.0,10622430000.0,9362430000.0,区域地产,房地产,房地产开发,住宅开发,11.89,9.73,0.0
2023-04-26,23.82,24.8,23.55,24.55,23.93,0.620000000000001,2.59,2796306.0,29904200.0,2.2793,0.003136,0.0106319999999999,0.88,70.8799,70.8799,2.721,17.175,17.175,0.008171,0.008171,1011660000.0,891660000.0,263017736.0,10895578200.0,9603178200.0,区域地产,房地产,房地产开发,住宅开发,11.55,9.45,0.0
2023-04-27,24.37,24.71,24.3,24.46,24.55,-0.0899999999999998,-0.37,2339919.0,25184104.0,2.2793,0.002624,0.008896,0.69,70.6167,70.6167,2.7109,17.1112,17.1112,0.008201,0.008201,1011660000.0,891660000.0,263017736.0,10855111800.0,9567511800.0,区域地产,房地产,房地产开发,住宅开发,11.85,9.69,0.0
2023-04-28,24.46,24.78,24.43,24.73,24.46,0.2699999999999996,1.1,1935000.0,20898081.0,2.2793,0.00217,0.007357,0.59,71.4064,71.4064,2.7412,17.3026,17.3026,0.008111,0.008111,1011660000.0,891660000.0,263017736.0,10976511000.0,9674511000.0,区域地产,房地产,房地产开发,住宅开发,11.8,9.66,0.0
2023-05-04,24.71,25.21,24.37,24.53,24.73,-0.1999999999999993,-0.81,3458158.0,37616118.0,2.2793,0.003878,0.013148,1.14,70.8141,,2.7416,17.1591,23.1141,0.008178,0.008178,1011660000.0,891660000.0,263017736.0,10885461600.0,9594261600.0,区域地产,房地产,房地产开发,住宅开发,11.94,9.77,0.0
2023-05-05,24.41,25.35,24.41,25.14,24.53,0.6099999999999994,2.49,5407796.0,59171903.0,2.2793,0.006065,0.020561,1.8,72.5911,,2.8104,17.5897,23.6941,0.0079779999999999,0.0079779999999999,1011660000.0,891660000.0,263017736.0,11158609800.0,9835009800.0,区域地产,房地产,房地产开发,住宅开发,11.84,9.68,0.0
2023-05-08,24.84,25.12,24.21,24.62,25.14,-0.5199999999999996,-2.07,3032908.0,32652767.0,2.2793,0.003401,0.011531,0.95,71.0774,,2.7518,17.2229,23.2,0.0081479999999999,0.0081479999999999,1011660000.0,891660000.0,263017736.0,10925928000.0,9629928000.0,区域地产,房地产,房地产开发,住宅开发,12.13,9.93,0.0
2023-05-09,24.46,24.82,24.3,24.3,24.62,-0.3200000000000003,-1.3,2690202.0,29001760.0,2.2793,0.003017,0.010228,0.83,70.156,,2.7161,16.9996,22.8993,0.008255,0.008255,1011660000.0,891660000.0,263017736.0,10784295600.0,9505095600.0,区域地产,房地产,房地产开发,住宅开发,11.88,9.72,0.0
2023-05-10,24.23,26.74,23.93,26.74,24.3,2.4399999999999977,10.04,9219327.0,104739179.0,2.2793,0.01034,0.035052,2.79,77.1979,,2.9887,18.706,25.1978,0.007502,0.007502,1011660000.0,891660000.0,263017736.0,11866771800.0,10459171800.0,区域地产,房地产,房地产开发,住宅开发,11.73,9.59,0.0
2023-05-11,26.39,29.36,26.03,28.72,26.74,1.9800000000000004,7.4,18885800.0,228520273.0,2.2793,0.0211799999999999,0.0718039999999999,3.97,82.9236,,3.2104,20.0934,27.0667,0.006984,0.006984,1011660000.0,891660000.0,263017736.0,12746916000.0,11234916000.0,区域地产,房地产,房地产开发,住宅开发,12.9,10.56,0.0
2023-05-12,27.88,28.72,27.35,27.47,28.72,-1.25,-4.35,11061460.0,134555462.0,2.2793,0.012405,0.0420559999999999,1.41,79.3039,,3.0703,19.2163,25.8852,0.007303,0.007303,1011660000.0,891660000.0,263017736.0,12190503000.0,10744503000.0,区域地产,房地产,房地产开发,住宅开发,13.86,11.34,0.0
2023-05-15,26.9,27.12,26.12,26.65,27.47,-0.8200000000000003,-2.99,8311453.999999999,97146125.0,2.2793,0.009321,0.0316,0.93,76.9347,,2.9786,18.6422,25.1119,0.007528,0.007528,1011660000.0,891660000.0,263017736.0,11826305400.0,10423505400.0,区域地产,房地产,房地产开发,住宅开发,13.26,10.85,0.0
2023-05-16,26.65,26.67,25.71,25.85,26.65,-0.7999999999999972,-3.0,5371278.0,61322556.0,2.2793,0.006024,0.020422,0.54,74.6312,,2.8894,18.084,24.36,0.00776,0.00776,1011660000.0,891660000.0,263017736.0,11472224400.0,10111424400.0,区域地产,房地产,房地产开发,住宅开发,12.86,10.52,0.0
2023-05-17,25.76,25.87,25.37,25.53,25.85,-0.3200000000000003,-1.24,3253150.0,36522446.0,2.2793,0.003648,0.012369,0.31,73.7099,,2.8537,17.8608,24.0593,0.007857,0.007857,1011660000.0,891660000.0,263017736.0,11330592000.0,9986592000.0,区域地产,房地产,房地产开发,住宅开发,12.47,10.21,0.0
2023-05-18,25.48,25.57,25.05,25.12,25.53,-0.4100000000000001,-1.61,3687502.0,40863044.0,2.2793,0.004136,0.01402,0.39,72.5252,,2.8078,17.5737,23.6726,0.0079849999999999,0.0079849999999999,1011660000.0,891660000.0,263017736.0,11148493200.0,9826093200.0,区域地产,房地产,房地产开发,住宅开发,12.32,10.08,0.0
2023-05-19,24.84,25.0,22.91,23.59,25.12,-1.5300000000000011,-6.09,8062758.0,83443581.0,2.2793,0.009042,0.030655,1.27,68.1158,,2.6371,16.5053,22.2333,0.008502,0.008502,1011660000.0,891660000.0,263017736.0,10470681000.0,9228681000.0,区域地产,房地产,房地产开发,住宅开发,12.12,9.92,0.0
2023-05-22,23.45,25.94,22.98,25.19,23.59,1.6000000000000014,6.78,9270737.0,99873199.0,2.2793,0.010397,0.035248,1.62,72.7227,,2.8155,17.6216,23.737,0.007964,0.007964,1011660000.0,891660000.0,263017736.0,11178843000.0,9852843000.0,区域地产,房地产,房地产开发,住宅开发,11.39,9.32,0.0
2023-05-23,25.37,26.21,25.07,25.53,25.19,0.3399999999999998,1.35,7508111.0,84649692.0,2.2793,0.00842,0.028546,1.27,73.7099,,2.8537,17.8608,24.0593,0.007857,0.007857,1011660000.0,891660000.0,263017736.0,11330592000.0,9986592000.0,区域地产,房地产,房地产开发,住宅开发,12.16,9.95,0.0
2023-05-24,25.35,25.62,24.39,24.41,25.53,-1.120000000000001,-4.39,4602949.0,49941346.0,2.2793,0.005162,0.017501,0.72,70.4851,,2.7289,17.0794,23.0067,0.008217,0.008217,1011660000.0,891660000.0,263017736.0,10834878600.000002,9549678600.0,区域地产,房地产,房地产开发,住宅开发,12.32,10.08,0.0
2023-05-25,24.62,26.44,24.18,25.89,24.41,1.4800000000000004,6.06,7339781.0,82331161.0,2.2793,0.008232,0.027906,1.11,74.7629,,2.8945,18.1159,24.403,0.0077459999999999,0.0077459999999999,1011660000.0,891660000.0,263017736.0,11492457600.0,10129257600.0,区域地产,房地产,房地产开发,住宅开发,11.78,9.64,0.0
2023-05-26,25.66,26.35,25.53,25.87,25.89,-0.0199999999999995,-0.08,5143619.0,58491661.0,2.2793,0.005769,0.019556,0.7,74.697,,2.8919,18.1,24.3815,0.0077529999999999,0.0077529999999999,1011660000.0,891660000.0,263017736.0,11482341000.0,10120341000.0,区域地产,房地产,房地产开发,住宅开发,12.5,10.22,0.0
2023-05-29,25.85,26.17,24.89,25.37,25.87,-0.5,-1.93,4461427.0,49899687.0,2.2793,0.005004,0.0169619999999999,0.66,73.2492,,2.8359,17.7491,23.9089,0.0079069999999999,0.0079069999999999,1011660000.0,891660000.0,263017736.0,11259775800.0,9924175800.0,区域地产,房地产,房地产开发,住宅开发,12.49,10.22,0.0
2023-05-30,25.46,25.57,24.89,25.53,25.37,0.1600000000000001,0.63,3457351.0,38309120.0,2.2793,0.003877,0.013145,0.59,73.7099,,2.8537,17.8608,24.0593,0.007857,0.007857,1011660000.0,891660000.0,263017736.0,11330592000.0,9986592000.0,区域地产,房地产,房地产开发,住宅开发,12.24,10.02,0.0
2023-05-31,25.19,26.8,25.07,26.23,25.53,0.6999999999999993,2.74,5602644.0,63869373.0,2.2793,0.0062829999999999,0.021301,1.12,75.75,,2.9327,18.3551,24.7252,0.0076459999999999,0.0076459999999999,1011660000.0,891660000.0,263017736.0,11644206600.0,10263006600.0,区域地产,房地产,房地产开发,住宅开发,12.32,10.08,0.0
2023-06-01,25.98,26.71,25.98,26.09,26.23,-0.1400000000000005,-0.53,3493126.0,40269156.0,2.279,0.003918,0.013281,0.67,75.3552,,2.9174,18.2594,24.5963,0.0076859999999999,0.0076859999999999,1011660000.0,891660000.0,263017736.0,11583507000.0,10209507000.0,区域地产,房地产,房地产开发,住宅开发,12.66,10.36,0.0
2023-06-02,26.28,27.26,25.96,26.66,26.09,0.5700000000000003,2.18,6485478.0,75923422.0,2.279,0.0072729999999999,0.024658,1.46,77.0005,,2.9811,18.6581,25.1333,0.007521,0.007521,1011660000.0,891660000.0,263017736.0,11836422000.0,10432422000.0,区域地产,房地产,房地产开发,住宅开发,12.6,10.31,0.0
2023-06-05,26.76,26.87,25.75,26.12,26.66,-0.5399999999999991,-2.03,4647546.0,53096370.0,2.279,0.005212,0.0176699999999999,0.99,75.421,,2.92,18.2754,24.6178,0.007679,0.007679,1011660000.0,891660000.0,263017736.0,11593623600.000002,10218423600.0,区域地产,房地产,房地产开发,住宅开发,12.87,10.53,0.0
2023-06-06,25.91,27.21,25.91,26.98,26.12,0.8599999999999994,3.29,8364117.999999999,98425057.0,2.279,0.00938,0.0318009999999999,1.77,77.9219,,3.0168,18.8814,25.4341,0.0074319999999999,0.0074319999999999,1011660000.0,891660000.0,263017736.0,11978054400.0,10557254400.0,区域地产,房地产,房地产开发,住宅开发,12.61,10.31,0.0
2023-06-07,26.71,27.62,26.5,26.96,26.98,-0.0199999999999995,-0.07,6996206.0,83166700.0,2.279,0.0078459999999999,0.0266,1.22,77.856,,3.0142,18.8654,25.4126,0.007439,0.007439,1011660000.0,891660000.0,263017736.0,11967937800.0,10548337800.0,区域地产,房地产,房地产开发,住宅开发,13.02,10.66,0.0
2023-06-08,26.73,27.62,26.6,26.96,26.96,0.0,0.0,6836799.000000001,81536609.0,2.279,0.007667,0.025994,1.14,77.856,,3.0142,18.8654,25.4126,0.007439,0.007439,1011660000.0,891660000.0,263017736.0,11967937800.0,10548337800.0,区域地产,房地产,房地产开发,住宅开发,13.01,10.65,0.0
2023-06-09,26.96,28.51,26.32,28.08,26.96,1.1199999999999974,4.15,12268542.0,148896339.0,2.279,0.0137589999999999,0.046645,1.84,81.0808,,3.1391,19.6468,26.4652,0.007143,0.007143,1011660000.0,891660000.0,263017736.0,12463651200.000002,10985251200.000002,区域地产,房地产,房地产开发,住宅开发,13.01,10.65,0.0
2023-06-12,27.53,28.01,26.8,27.44,28.08,-0.639999999999997,-2.28,7483507.000000001,89921052.0,2.279,0.008393,0.028452,0.96,79.2381,,3.0677,19.2003,25.8637,0.0073089999999999,0.0073089999999999,1011660000.0,891660000.0,263017736.0,12180386399.999998,10735586399.999998,区域地产,房地产,房地产开发,住宅开发,13.55,11.09,0.0
2023-06-13,27.35,27.92,27.23,27.28,27.44,-0.1600000000000001,-0.58,4484200.0,54096668.0,2.279,0.005029,0.017049,0.53,78.7774,,3.0499,19.0887,25.7133,0.007352,0.007352,1011660000.0,891660000.0,263017736.0,12109570200.0,10673170200.0,区域地产,房地产,房地产开发,住宅开发,13.24,10.84,0.0
2023-06-14,27.28,27.42,26.55,26.66,27.28,-0.620000000000001,-2.27,4801166.0,56632391.0,2.279,0.005385,0.018254,0.63,77.0005,,2.9811,18.6581,25.1333,0.007521,0.007521,1011660000.0,891660000.0,263017736.0,11836422000.0,10432422000.0,区域地产,房地产,房地产开发,住宅开发,13.17,10.77,0.0
2023-06-15,26.66,27.03,26.46,26.62,26.66,-0.0399999999999991,-0.15,3847700.0,45071509.0,2.279,0.004315,0.014629,0.54,76.8689,,2.976,18.6262,25.0904,0.007534,0.007534,1011660000.0,891660000.0,263017736.0,11816188799.999998,10414588800.0,区域地产,房地产,房地产开发,住宅开发,12.87,10.53,0.0
2023-06-16,26.62,27.01,26.41,26.53,26.62,-0.0899999999999998,-0.34,4464167.0,52127040.0,2.279,0.005007,0.016973,0.68,76.6056,,2.9658,18.5624,25.0044,0.00756,0.00756,1011660000.0,891660000.0,263017736.0,11775722400.0,10378922400.0,区域地产,房地产,房地产开发,住宅开发,12.85,10.51,0.0
2023-06-19,26.41,26.55,25.66,25.75,26.53,-0.7800000000000011,-2.94,4588375.0,52232047.0,2.279,0.0051459999999999,0.017445,0.91,74.368,,2.8792,18.0202,24.2741,0.007788,0.007788,1011660000.0,891660000.0,263017736.0,11431758000.0,10075758000.0,区域地产,房地产,房地产开发,住宅开发,12.8,10.48,0.0
2023-06-20,25.8,26.0,25.21,25.37,25.75,-0.379999999999999,-1.48,2982500.0,33276263.0,2.279,0.003345,0.01134,0.67,73.2492,,2.8359,17.7491,23.9089,0.0079069999999999,0.0079069999999999,1011660000.0,891660000.0,263017736.0,11259775800.0,9924175800.0,区域地产,房地产,房地产开发,住宅开发,12.43,10.17,0.0
2023-06-21,25.41,25.82,25.07,25.14,25.37,-0.2300000000000004,-0.91,3325255.0000000005,37114103.0,2.279,0.003729,0.012643,0.8,72.5911,,2.8104,17.5897,23.6941,0.0079779999999999,0.0079779999999999,1011660000.0,891660000.0,263017736.0,11158609800.0,9835009800.0,区域地产,房地产,房地产开发,住宅开发,12.24,10.02,0.0
2023-06-26,25.21,25.25,24.73,24.73,25.14,-0.4100000000000001,-1.63,2356440.0,25726217.0,2.279,0.002643,0.008959,0.61,71.4064,,2.7645,17.3026,23.3074,0.008111,0.008111,1011660000.0,891660000.0,263017736.0,10976511000.0,9674511000.0,区域地产,房地产,房地产开发,住宅开发,12.13,9.93,0.0
2023-06-27,24.73,25.91,24.73,25.41,24.73,0.6799999999999997,2.75,3720749.0,41506843.0,2.279,0.004173,0.014146,1.05,73.3808,,2.841,17.781,23.9519,0.007892,0.007892,1011660000.0,891660000.0,263017736.0,11280009000.0,9942009000.0,区域地产,房地产,房地产开发,住宅开发,11.94,9.77,0.0
2023-06-28,25.52,25.54,24.63,24.83,25.41,-0.5800000000000018,-2.28,3114129.0,33937804.0,2.291,0.003493,0.01184,0.92,71.3406,,2.8056,17.2867,23.2859,0.008118,0.013745,1011660000.0,891660000.0,263017736.0,10966394400.0,9665594400.0,区域地产,房地产,房地产开发,住宅开发,12.2,9.98,0.0
2023-06-29,24.88,24.9,24.06,24.15,24.83,-0.6799999999999997,-2.74,3869261.0,41056418.0,2.291,0.004339,0.014711,1.25,69.3662,,2.7279,16.8083,22.6415,0.008349,0.014137,1011660000.0,891660000.0,263017736.0,10662896399.999998,9398096400.0,区域地产,房地产,房地产开发,住宅开发,11.92,9.76,0.0
2023-06-30,24.47,24.88,24.35,24.77,24.15,0.620000000000001,2.57,3170577.0,34207847.0,2.291,0.003556,0.012055,0.97,71.1432,,2.7978,17.2388,23.2215,0.008141,0.013784,1011660000.0,891660000.0,263017736.0,10936044600.0,9638844600.0,区域地产,房地产,房地产开发,住宅开发,11.59,9.49,0.0
2023-07-03,25.34,25.34,24.81,24.9,24.77,0.129999999999999,0.52,2473863.0,27038201.0,2.291,0.002774,0.009406,0.76,71.5381,,2.8133,17.3345,23.3504,0.0080959999999999,0.013707,1011660000.0,891660000.0,263017736.0,10996744200.0,9692344200.0,区域地产,房地产,房地产开发,住宅开发,11.89,9.73,0.0
2023-07-04,24.93,25.02,24.35,24.65,24.9,-0.25,-1.0,2074207.0,22273491.0,2.291,0.002326,0.0078859999999999,0.63,70.8141,,2.7849,17.1591,23.1141,0.008178,0.013848,1011660000.0,891660000.0,263017736.0,10885461600.0,9594261600.0,区域地产,房地产,房地产开发,住宅开发,11.96,9.78,0.0
2023-07-05,24.65,25.18,24.63,24.93,24.65,0.2800000000000011,1.14,2541658.0,27693067.0,2.291,0.0028499999999999,0.009663,0.86,71.6039,,2.8159,17.3505,23.3719,0.008088,0.005607,1011660000.0,891660000.0,263017736.0,11006860800.0,9701260800.0,区域地产,房地产,房地产开发,住宅开发,11.84,9.68,0.0
2023-07-06,25.18,25.18,24.54,24.95,24.93,0.0199999999999995,0.08,3164368.0,34289423.0,2.291,0.003549,0.012031,1.12,71.6697,,2.8185,17.3664,23.3933,0.008081,0.005601,1011660000.0,891660000.0,263017736.0,11016977400.0,9710177400.0,区域地产,房地产,房地产开发,住宅开发,11.97,9.79,0.0
2023-07-07,24.74,25.2,24.65,25.09,24.95,0.1400000000000005,0.56,2685598.0,29313568.0,2.291,0.003012,0.010211,1.0,72.0646,,2.8341,17.4621,23.5222,0.0080369999999999,0.005571,1011660000.0,891660000.0,263017736.0,11077677000.0,9763677000.0,区域地产,房地产,房地产开发,住宅开发,11.98,9.8,0.0
2023-07-10,25.09,25.96,25.04,25.71,25.09,0.620000000000001,2.47,4555618.0,50845021.0,2.291,0.005109,0.017321,1.76,73.8415,,2.9039,17.8927,24.1022,0.007843,0.005437,1011660000.0,891660000.0,263017736.0,11350825200.0,10004425200.0,区域地产,房地产,房地产开发,住宅开发,12.05,9.86,0.0
2023-07-11,26.3,26.46,25.36,25.45,25.71,-0.2600000000000015,-1.01,3552183.0,39989802.0,2.291,0.003984,0.013505,1.18,73.1176,,2.8755,17.7172,23.8659,0.007921,0.005491,1011660000.0,891660000.0,263017736.0,11239542600.0,9906342600.0,区域地产,房地产,房地产开发,住宅开发,12.34,10.1,0.0
2023-07-12,25.45,25.54,24.74,24.95,25.45,-0.5,-1.96,3066151.0,33480811.0,2.291,0.0034389999999999,0.011658,0.93,71.6697,,2.8185,17.3664,23.3933,0.008081,0.005601,1011660000.0,891660000.0,263017736.0,11016977400.0,9710177400.0,区域地产,房地产,房地产开发,住宅开发,12.22,10.0,0.0
2023-07-13,24.9,25.45,24.9,25.25,24.95,0.3000000000000007,1.2,2130900.0,23526098.0,2.291,0.0023899999999999,0.008102,0.63,72.5252,,2.8522,17.5737,23.6726,0.0079849999999999,0.005535,1011660000.0,891660000.0,263017736.0,11148493200.0,9826093200.0,区域地产,房地产,房地产开发,住宅开发,11.98,9.8,0.0
2023-07-14,25.25,25.45,25.06,25.2,25.25,-0.0500000000000007,-0.2,1702153.0,18729605.0,2.291,0.0019089999999999,0.006472,0.53,72.3936,,2.847,17.5418,23.6296,0.008,0.005545,1011660000.0,891660000.0,263017736.0,11128260000.0,9808260000.0,区域地产,房地产,房地产开发,住宅开发,12.12,9.92,0.0
2023-07-17,24.95,25.06,24.74,24.97,25.2,-0.2300000000000004,-0.91,1422767.0,15443098.0,2.291,0.001596,0.005409,0.47,71.7355,,2.8211,17.3823,23.4148,0.008073,0.005596,1011660000.0,891660000.0,263017736.0,11027094000.0,9719094000.0,区域地产,房地产,房地产开发,住宅开发,12.1,9.9,0.0
2023-07-18,24.86,25.09,24.47,24.88,24.97,-0.0899999999999998,-0.36,1671429.0,18030937.0,2.291,0.001875,0.0063549999999999,0.7,71.4722,,2.8108,17.3186,23.3289,0.008103,0.005617,1011660000.0,891660000.0,263017736.0,10986627600.0,9683427600.0,区域地产,房地产,房地产开发,住宅开发,11.99,9.81,0.0
2023-07-19,24.88,25.38,24.72,25.36,24.88,0.4800000000000004,1.93,2319782.0,25499727.0,2.291,0.0026019999999999,0.00882,1.16,72.8543,,2.8651,17.6535,23.78,0.007949,0.00551,1011660000.0,891660000.0,263017736.0,11199076200.000002,9870676200.0,区域地产,房地产,房地产开发,住宅开发,11.95,9.77,0.0
2023-07-20,25.25,26.0,25.2,25.66,25.36,0.3000000000000007,1.18,4260197.0,47723542.0,2.291,0.004778,0.016197,2.3,73.7099,,2.8988,17.8608,24.0593,0.007857,0.0054459999999999,1011660000.0,891660000.0,263017736.0,11330592000.0,9986592000.0,区域地产,房地产,房地产开发,住宅开发,12.18,9.96,0.0
2023-07-21,25.59,26.16,25.43,25.98,25.66,0.3200000000000003,1.25,4768850.0,53914855.0,2.291,0.005348,0.0181309999999999,2.1,74.6312,,2.935,18.084,24.36,0.00776,0.005379,1011660000.0,891660000.0,263017736.0,11472224400.0,10111424400.0,区域地产,房地产,房地产开发,住宅开发,12.32,10.08,0.0
2023-07-24,26.14,26.19,25.5,25.75,25.98,-0.2300000000000004,-0.89,3526500.0,39740065.0,2.291,0.003955,0.013408,1.22,73.9731,,2.9091,17.9246,24.1452,0.007829,0.0054269999999999,1011660000.0,891660000.0,263017736.0,11371058400.0,10022258400.0,区域地产,房地产,房地产开发,住宅开发,12.47,10.21,0.0
2023-07-25,26.0,27.01,25.91,26.83,25.75,1.0799999999999983,4.19,7584260.000000001,88346607.0,2.291,0.008506,0.028836,2.29,77.0663,,3.0308,18.6741,25.1548,0.0075149999999999,0.005209,1011660000.0,891660000.0,263017736.0,11846538600.000002,10441338600.0,区域地产,房地产,房地产开发,住宅开发,12.36,10.12,0.0
2023-07-26,26.99,27.49,26.74,27.08,26.83,0.25,0.93,9145020.0,108323989.0,2.291,0.010256,0.0347699999999999,2.04,77.7902,,3.0592,18.8495,25.3911,0.007445,0.005161,1011660000.0,891660000.0,263017736.0,11957821200.000002,10539421200.000002,区域地产,房地产,房地产开发,住宅开发,12.88,10.54,0.0
2023-07-27,26.8,27.45,26.28,26.87,27.08,-0.2099999999999973,-0.78,7152523.0,84375207.0,2.291,0.008022,0.027194,1.22,77.1979,,3.0359,18.706,25.1978,0.007502,0.0052,1011660000.0,891660000.0,263017736.0,11866771800.0,10459171800.0,区域地产,房地产,房地产开发,住宅开发,13.0,10.64,0.0
2023-07-28,27.03,27.58,26.87,27.29,26.87,0.4199999999999981,1.56,6427591.0,76398042.0,2.291,0.007209,0.024438,1.0,78.3825,,3.0825,18.993,25.5844,0.007389,0.005122,1011660000.0,891660000.0,263017736.0,12048870600.0,10619670600.0,区域地产,房地产,房地产开发,住宅开发,12.9,10.56,0.0
2023-07-31,27.68,28.23,27.38,27.56,27.29,0.2699999999999996,0.99,9658347.0,117338857.0,2.291,0.010832,0.036721,1.43,79.1723,,3.1136,19.1844,25.8422,0.007315,0.005071,1011660000.0,891660000.0,263017736.0,12170269800.0,10726669800.0,区域地产,房地产,房地产开发,住宅开发,13.1,10.72,0.0
2023-08-01,27.51,27.9,27.03,27.31,27.56,-0.25,-0.91,6244547.0,75013513.0,2.291,0.007003,0.023742,0.78,78.4484,,3.0851,19.009,25.6059,0.007383,0.005117,1011660000.0,891660000.0,263017736.0,12058987200.0,10628587200.0,区域地产,房地产,房地产开发,住宅开发,13.23,10.83,0.0
2023-08-02,27.63,28.18,27.33,27.61,27.31,0.3000000000000007,1.1,5772081.0,70126655.0,2.291,0.006473,0.021946,0.75,79.3039,,3.1188,19.2163,25.8852,0.007303,0.005062,1011660000.0,891660000.0,263017736.0,12190503000.0,10744503000.0,区域地产,房地产,房地产开发,住宅开发,13.11,10.73,0.0
2023-08-03,27.54,28.11,27.08,27.95,27.61,0.3399999999999998,1.23,7054966.0,85298474.0,2.291,0.007912,0.026823,1.0,80.2911,,3.1576,19.4555,26.2074,0.007213,0.005,1011660000.0,891660000.0,263017736.0,12342252000.0,10878252000.0,区域地产,房地产,房地产开发,住宅开发,13.26,10.85,0.0
2023-08-04,28.36,28.61,27.47,27.51,27.95,-0.4399999999999977,-1.57,6163887.0,74622784.0,2.291,0.006913,0.023435,0.88,79.0407,,3.1084,19.1525,25.7993,0.007327,0.005079,1011660000.0,891660000.0,263017736.0,12150036600.0,10708836600.0,区域地产,房地产,房地产开发,住宅开发,13.42,10.98,0.0
2023-08-07,27.65,27.65,26.8,26.99,27.51,-0.5200000000000031,-1.89,4646706.0,54861927.0,2.291,0.005211,0.017667,0.67,77.527,,3.0489,18.7857,25.3052,0.00747,0.005178,1011660000.0,891660000.0,263017736.0,11917354800.0,10503754800.0,区域地产,房地产,房地产开发,住宅开发,13.21,10.81,0.0
2023-08-08,27.17,27.4,26.6,26.69,26.99,-0.2999999999999971,-1.11,2981076.0,34984543.0,2.291,0.003343,0.011334,0.5,76.6714,,3.0152,18.5784,25.0259,0.007554,0.0052359999999999,1011660000.0,891660000.0,263017736.0,11785839000.0,10387839000.0,区域地产,房地产,房地产开发,住宅开发,12.96,10.6,0.0
2023-08-09,26.78,26.92,26.32,26.44,26.69,-0.25,-0.94,2746395.0,31826518.0,2.291,0.00308,0.010442,0.52,75.9475,,2.9868,18.403,24.7896,0.0076259999999999,0.005286,1011660000.0,891660000.0,263017736.0,11674556399.999998,10289756400.0,区域地产,房地产,房地产开发,住宅开发,12.82,10.49,0.0
2023-08-10,26.39,28.29,26.32,27.13,26.44,0.6899999999999977,2.61,12773477.0,153366498.0,2.291,0.014326,0.048565,2.71,77.9219,,3.0644,18.8814,25.4341,0.0074319999999999,0.005152,1011660000.0,891660000.0,263017736.0,11978054400.0,10557254400.0,区域地产,房地产,房地产开发,住宅开发,12.69,10.39,0.0
2023-08-11,28.59,29.81,27.77,29.46,27.13,2.330000000000002,8.59,32717024.0,413394408.0,2.291,0.036692,0.124391,5.58,84.6347,,3.3284,20.508,27.6252,0.006843,0.004743,1011660000.0,891660000.0,263017736.0,13009947600.0,11466747600.0,区域地产,房地产,房地产开发,住宅开发,13.02,10.66,0.0
2023-08-14,27.42,28.75,26.87,28.64,29.46,-0.8200000000000003,-2.78,20557640.0,251598086.0,2.291,0.023055,0.078161,1.84,82.2655,,3.2352,19.9339,26.8519,0.0070399999999999,0.00488,1011660000.0,891660000.0,263017736.0,12645750000.0,11145750000.0,区域地产,房地产,房地产开发,住宅开发,14.15,11.57,0.0
2023-08-15,28.23,28.87,27.9,28.66,28.64,0.0199999999999995,0.07,14094822.0,174774801.0,2.291,0.015807,0.053589,0.98,82.3313,,3.2378,19.9498,26.8733,0.007034,0.004876,1011660000.0,891660000.0,263017736.0,12655866600.0,11154666600.0,区域地产,房地产,房地产开发,住宅开发,13.75,11.25,0.0
2023-08-16,28.87,30.06,28.34,29.37,28.66,0.7100000000000009,2.48,18543754.0,236662710.0,2.291,0.020797,0.070504,1.12,84.3715,,3.318,20.4442,27.5393,0.006864,0.004758,1011660000.0,891660000.0,263017736.0,12969481200.000002,11431081200.000002,区域地产,房地产,房地产开发,住宅开发,13.76,11.26,0.0
2023-08-17,28.84,29.21,28.36,28.94,29.37,-0.4299999999999997,-1.46,9952583.0,124689118.0,2.291,0.011162,0.03784,0.5,83.121,,3.2689,20.1412,27.1311,0.0069679999999999,0.00483,1011660000.0,891660000.0,263017736.0,12777265800.0,11261665800.0,区域地产,房地产,房地产开发,住宅开发,14.1,11.54,0.0
2023-08-18,29.1,29.19,27.81,27.88,28.94,-1.0600000000000025,-3.66,7859825.999999999,97421759.0,2.291,0.008815,0.029883,0.41,80.0937,,3.1498,19.4076,26.143,0.007231,0.005012,1011660000.0,891660000.0,263017736.0,12311902200.0,10851502200.0,区域地产,房地产,房地产开发,住宅开发,13.89,11.37,0.0
2023-08-21,27.51,28.18,27.38,27.4,27.88,-0.4800000000000004,-1.72,5836102.0,70459366.0,2.291,0.006545,0.022189,0.41,78.7116,,3.0955,19.0727,25.6919,0.007358,0.0051,1011660000.0,891660000.0,263017736.0,12099453600.000002,10664253600.000002,区域地产,房地产,房地产开发,住宅开发,13.39,10.95,0.0
2023-08-22,27.61,27.84,27.1,27.81,27.4,0.4100000000000001,1.5,5089119.0,60972650.0,2.291,0.005707,0.019349,0.45,79.8962,,3.142,19.3598,26.0785,0.007249,0.0050249999999999,1011660000.0,891660000.0,263017736.0,12281552400.0,10824752400.0,区域地产,房地产,房地产开发,住宅开发,13.16,10.76,0.0
2023-08-23,27.54,28.43,27.26,27.74,27.81,-0.0700000000000002,-0.25,6241354.0,75983891.0,2.291,0.0069999999999999,0.02373,0.66,79.6988,,3.1343,19.3119,26.0141,0.007267,0.005037,1011660000.0,891660000.0,263017736.0,12251202600.0,10798002600.0,区域地产,房地产,房地产开发,住宅开发,13.35,10.93,0.0
2023-08-24,27.74,27.74,26.58,27.17,27.74,-0.5699999999999967,-2.05,4701001.0,55456461.0,2.291,0.005272,0.017873,0.67,78.0535,,3.0696,18.9133,25.477,0.0074199999999999,0.005143,1011660000.0,891660000.0,263017736.0,11998287600.0,10575087600.0,区域地产,房地产,房地产开发,住宅开发,13.32,10.9,0.0
2023-08-25,27.17,27.4,26.87,26.92,27.17,-0.25,-0.92,4158596.0,49212935.0,2.291,0.004664,0.015811,0.7,77.3295,,3.0411,18.7379,25.2407,0.007489,0.005191,1011660000.0,891660000.0,263017736.0,11887005000.0,10477005000.0,区域地产,房地产,房地产开发,住宅开发,13.05,10.67,0.0
2023-08-28,28.41,29.58,27.56,27.95,26.92,1.0299999999999976,3.83,16696773.000000002,208849670.0,2.291,0.018725,0.063482,3.21,80.2911,,3.1617,19.4555,23.2077,0.007213,0.005,1011660000.0,891660000.0,263017736.0,12342252000.0,10878252000.0,区域地产,房地产,房地产开发,住宅开发,12.93,10.58,0.0
2023-08-29,27.84,30.24,27.68,29.6,27.95,1.650000000000002,5.9,20375884.0,258965241.0,2.291,0.022852,0.07747,2.76,85.0296,,3.3483,20.6037,24.5773,0.006811,0.004721,1011660000.0,891660000.0,263017736.0,13070647200.0,11520247200.0,区域地产,房地产,房地产开发,住宅开发,13.42,10.98,0.0
2023-08-30,29.44,29.74,28.75,29.07,29.6,-0.5300000000000011,-1.79,11414922.0,145500912.0,2.291,0.012802,0.0434,1.09,83.5159,,3.2887,20.2369,24.1398,0.006935,0.004807,1011660000.0,891660000.0,263017736.0,12837965400.0,11315165400.0,区域地产,房地产,房地产开发,住宅开发,14.21,11.63,0.0
2023-08-31,29.1,29.37,27.06,27.1,29.07,-1.9699999999999989,-6.78,17686841.0,214196999.0,2.291,0.019836,0.067246,1.54,77.856,,3.0658,18.8654,22.5039,0.007439,0.0051559999999999,1011660000.0,891660000.0,263017736.0,11967937800.0,10548337800.0,区域地产,房地产,房地产开发,住宅开发,13.96,11.42,0.0
2023-09-01,27.31,27.7,26.46,26.6,27.1,-0.5,-1.85,7081335.000000001,83133966.0,2.291,0.007942,0.026923,0.5,76.4082,,3.0088,18.5146,22.0854,0.00758,0.005254,1011660000.0,891660000.0,263017736.0,11745372600.0,10352172600.0,区域地产,房地产,房地产开发,住宅开发,13.01,10.65,0.0
2023-09-04,26.64,27.13,26.42,26.83,26.6,0.2299999999999968,0.86,4564602.0,53281910.0,2.291,0.005119,0.017355,0.31,77.0663,,3.0347,18.6741,22.2756,0.0075149999999999,0.005209,1011660000.0,891660000.0,263017736.0,11846538600.000002,10441338600.0,区域地产,房地产,房地产开发,住宅开发,12.77,10.45,0.0
2023-09-05,26.69,27.38,26.12,26.85,26.83,0.0200000000000031,0.07,5432697.0,63829553.0,2.291,0.0060929999999999,0.020655,0.44,77.1321,,3.0373,18.69,22.2946,0.007509,0.0052049999999999,1011660000.0,891660000.0,263017736.0,11856655200.0,10450255200.0,区域地产,房地产,房地产开发,住宅开发,12.88,10.54,0.0
2023-09-06,26.87,27.22,26.46,27.17,26.85,0.3200000000000003,1.19,4290100.0,50370370.0,2.291,0.004811,0.016311,0.46,78.0535,,3.0736,18.9133,22.5609,0.0074199999999999,0.005143,1011660000.0,891660000.0,263017736.0,11998287600.0,10575087600.0,区域地产,房地产,房地产开发,住宅开发,12.89,10.55,0.0
2023-09-07,26.9,27.24,26.6,26.62,27.17,-0.5500000000000007,-2.02,3889973.000000001,45729556.0,2.291,0.004363,0.01479,0.5,76.474,,3.0114,18.5305,22.1044,0.007573,0.00525,1011660000.0,891660000.0,263017736.0,11755489200.0,10361089200.0,区域地产,房地产,房地产开发,住宅开发,13.05,10.67,0.0
2023-09-08,26.64,26.64,25.91,26.03,26.62,-0.5899999999999999,-2.22,3684300.0,42004580.0,2.291,0.004132,0.014008,0.73,74.7629,,2.944,18.1159,21.6098,0.0077459999999999,0.00537,1011660000.0,891660000.0,263017736.0,11492457600.0,10129257600.0,区域地产,房地产,房地产开发,住宅开发,12.78,10.46,0.0
2023-09-11,26.07,27.03,25.84,26.76,26.03,0.7300000000000004,2.8,4407444.0,51230488.0,2.291,0.004943,0.016757,1.01,76.8689,,3.027,18.6262,22.2185,0.007534,0.005223,1011660000.0,891660000.0,263017736.0,11816188799.999998,10414588800.0,区域地产,房地产,房地产开发,住宅开发,12.5,10.22,0.0
2023-09-12,26.64,26.94,26.35,26.51,26.76,-0.25,-0.93,2687630.0,31200637.0,2.291,0.003014,0.010218,0.62,76.1449,,2.9985,18.4508,22.0093,0.007606,0.005272,1011660000.0,891660000.0,263017736.0,11704906200.000002,10316506200.0,区域地产,房地产,房地产开发,住宅开发,12.85,10.51,0.0
2023-09-13,26.53,26.99,26.53,26.87,26.51,0.3599999999999994,1.36,3291451.0,38455660.0,2.291,0.003691,0.012514,0.87,77.1979,,3.0399,18.706,22.3136,0.007502,0.0052,1011660000.0,891660000.0,263017736.0,11866771800.0,10459171800.0,区域地产,房地产,房地产开发,住宅开发,12.73,10.41,0.0
2023-09-14,26.85,27.06,26.46,26.64,26.87,-0.2300000000000004,-0.86,1954651.0,22807140.0,2.291,0.002192,0.0074319999999999,0.54,76.5398,,3.014,18.5465,22.1234,0.007567,0.005245,1011660000.0,891660000.0,263017736.0,11765605800.0,10370005800.0,区域地产,房地产,房地产开发,住宅开发,12.9,10.56,0.0
2023-09-15,26.74,27.42,26.6,27.17,26.64,0.5300000000000011,1.99,4755797.0,56251341.0,2.291,0.005334,0.018082,1.48,78.0535,,3.0736,18.9133,22.5609,0.0074199999999999,0.005143,1011660000.0,891660000.0,263017736.0,11998287600.0,10575087600.0,区域地产,房地产,房地产开发,住宅开发,12.79,10.47,0.0
2023-09-18,27.08,27.15,26.51,26.64,27.17,-0.5300000000000011,-1.95,4604493.0,53798835.0,2.291,0.0051639999999999,0.017506,1.35,76.5398,,3.014,18.5465,22.1234,0.007567,0.005245,1011660000.0,891660000.0,263017736.0,11765605800.0,10370005800.0,区域地产,房地产,房地产开发,住宅开发,13.05,10.67,0.0
2023-09-19,26.8,27.03,26.55,26.92,26.64,0.2800000000000011,1.05,2654140.0,31125324.0,2.291,0.002977,0.010091,0.77,77.3295,,3.0451,18.7379,22.3517,0.007489,0.005191,1011660000.0,891660000.0,263017736.0,11887005000.0,10477005000.0,区域地产,房地产,房地产开发,住宅开发,12.79,10.47,0.0
2023-09-20,26.9,27.45,26.76,27.1,26.92,0.1799999999999997,0.67,2298910.0,27244476.0,2.291,0.0025779999999999,0.008741,0.67,77.856,,3.0658,18.8654,22.5039,0.007439,0.0051559999999999,1011660000.0,891660000.0,263017736.0,11967937800.0,10548337800.0,区域地产,房地产,房地产开发,住宅开发,12.93,10.58,0.0
2023-09-21,27.06,27.47,26.8,26.92,27.1,-0.1799999999999997,-0.66,2383901.0,28202849.0,2.291,0.002674,0.009064,0.73,77.3295,,3.0451,18.7379,22.3517,0.007489,0.005191,1011660000.0,891660000.0,263017736.0,11887005000.0,10477005000.0,区域地产,房地产,房地产开发,住宅开发,13.01,10.65,0.0
2023-09-22,26.78,27.31,26.69,27.22,26.92,0.2999999999999971,1.11,2371000.0,27985475.0,2.291,0.002659,0.009015,0.71,78.1851,,3.0788,18.9452,22.599,0.007407,0.005135,1011660000.0,891660000.0,263017736.0,12018520800.0,10592920800.0,区域地产,房地产,房地产开发,住宅开发,12.93,10.58,0.0
2023-09-25,27.19,27.29,26.78,26.9,27.22,-0.3200000000000003,-1.18,2074626.0,24432968.0,2.291,0.002327,0.007888,0.72,77.2637,,3.0425,18.7219,22.3327,0.007496,0.0051959999999999,1011660000.0,891660000.0,263017736.0,11876888400.0,10468088400.0,区域地产,房地产,房地产开发,住宅开发,13.07,10.69,0.0
2023-09-26,26.94,27.03,26.74,26.74,26.9,-0.1600000000000001,-0.59,1410600.0,16556074.0,2.291,0.001582,0.005363,0.6,76.803,,3.0244,18.6103,22.1995,0.007541,0.005227,1011660000.0,891660000.0,263017736.0,11806072200.0,10405672200.0,区域地产,房地产,房地产开发,住宅开发,12.91,10.57,0.0
2023-09-27,26.62,27.19,26.53,26.8,26.74,0.0600000000000022,0.22,2235645.0,26268512.0,2.291,0.0025069999999999,0.0085,1.06,77.0005,,3.0322,18.6581,22.2566,0.007521,0.005214,1011660000.0,891660000.0,263017736.0,11836422000.0,10432422000.0,区域地产,房地产,房地产开发,住宅开发,12.84,10.5,0.0
2023-09-28,27.06,27.49,26.8,27.4,26.8,0.5999999999999979,2.24,3433051.0,40779888.0,2.291,0.00385,0.0130529999999999,1.64,78.7116,,3.0995,19.0727,22.7512,0.007358,0.0051,1011660000.0,891660000.0,263017736.0,12099453600.000002,10664253600.000002,区域地产,房地产,房地产开发,住宅开发,12.87,10.53,0.0
2023-10-09,27.17,27.17,25.25,25.61,27.4,-1.7899999999999991,-6.53,7461294.0,84087766.0,2.291,0.008368,0.028368,3.24,73.5782,,2.8974,17.8289,21.2674,0.007871,0.005456,1011660000.0,891660000.0,263017736.0,11310358799.999998,9968758800.0,区域地产,房地产,房地产开发,住宅开发,13.16,10.76,0.0
2023-10-10,25.77,26.05,25.57,25.75,25.61,0.1400000000000005,0.55,2717609.0,30629661.0,2.291,0.003048,0.010332,0.82,73.9731,,2.9129,17.9246,21.3815,0.007829,0.0054269999999999,1011660000.0,891660000.0,263017736.0,11371058400.0,10022258400.0,区域地产,房地产,房地产开发,住宅开发,12.3,10.06,0.0
2023-10-11,25.75,26.12,25.18,25.64,25.75,-0.1099999999999994,-0.43,3817790.0,42665982.0,2.291,0.004282,0.014515,1.11,73.644,,2.9,17.8448,21.2864,0.007864,0.005451,1011660000.0,891660000.0,263017736.0,11320475400.0,9977675400.0,区域地产,房地产,房地产开发,住宅开发,12.36,10.12,0.0
2023-10-12,25.66,26.6,25.43,26.46,25.64,0.8200000000000003,3.2,3891325.0,44267233.0,2.291,0.004364,0.014795,0.99,76.0133,,2.9933,18.4189,21.9712,0.007619,0.005281,1011660000.0,891660000.0,263017736.0,11684673000.0,10298673000.0,区域地产,房地产,房地产开发,住宅开发,12.31,10.07,0.0
2023-10-13,26.35,27.81,26.35,27.15,26.46,0.6899999999999977,2.61,5456708.0,64585627.0,2.291,0.00612,0.020747,1.28,77.9877,,3.071,18.8973,22.5419,0.007426,0.005148,1011660000.0,891660000.0,263017736.0,11988171000.0,10566171000.0,区域地产,房地产,房地产开发,住宅开发,12.71,10.4,0.0
2023-10-16,27.06,27.24,26.53,26.53,27.15,-0.6199999999999974,-2.28,2912619.0,34039877.0,2.291,0.003267,0.0110739999999999,0.62,76.2107,,3.0011,18.4668,22.0283,0.007599,0.005268,1011660000.0,891660000.0,263017736.0,11715022800.0,10325422800.0,区域地产,房地产,房地产开发,住宅开发,13.04,10.67,0.0
2023-10-17,26.48,26.69,26.03,26.21,26.53,-0.3200000000000003,-1.21,2283100.0,26123487.0,2.291,0.002561,0.00868,0.61,75.2894,,2.9648,18.2435,21.762,0.007692,0.005332,1011660000.0,891660000.0,263017736.0,11573390400.0,10200590400.0,区域地产,房地产,房地产开发,住宅开发,12.74,10.42,0.0
2023-10-18,26.12,26.14,25.57,25.66,26.21,-0.5500000000000007,-2.1,1858700.0,20943134.0,2.291,0.002085,0.007067,0.51,73.7099,,2.9026,17.8608,21.3054,0.007857,0.0054459999999999,1011660000.0,891660000.0,263017736.0,11330592000.0,9986592000.0,区域地产,房地产,房地产开发,住宅开发,12.58,10.3,0.0
2023-10-19,25.66,25.89,25.43,25.52,25.66,-0.1400000000000005,-0.55,1797174.0000000002,20116748.0,2.291,0.002016,0.006833,0.55,73.315,,2.887,17.7651,21.1913,0.007899,0.005476,1011660000.0,891660000.0,263017736.0,11269892400.0,9933092400.0,区域地产,房地产,房地产开发,住宅开发,12.32,10.08,0.0
2023-10-20,25.22,25.89,25.22,25.61,25.52,0.0899999999999998,0.35,2960000.0,33145957.000000004,2.291,0.00332,0.011254,1.03,73.5782,,2.8974,17.8289,21.2674,0.007871,0.005456,1011660000.0,891660000.0,263017736.0,11310358799.999998,9968758800.0,区域地产,房地产,房地产开发,住宅开发,12.25,10.03,0.0
2023-10-23,25.43,25.66,24.26,24.51,25.61,-1.099999999999998,-4.3,5313800.0,57657226.0,2.291,0.005959,0.020203,2.25,70.4192,,2.773,17.0634,20.3543,0.008224,0.005701,1011660000.0,891660000.0,263017736.0,10824762000.0,9540762000.0,区域地产,房地产,房地产开发,住宅开发,12.3,10.06,0.0
2023-10-24,24.51,24.99,24.28,24.81,24.51,0.2999999999999971,1.22,3170000.0,34178559.0,2.291,0.003555,0.012052,1.12,71.2748,,2.8067,17.2707,20.6016,0.008126,0.005633,1011660000.0,891660000.0,263017736.0,10956277800.0,9656677800.0,区域地产,房地产,房地产开发,住宅开发,11.77,9.63,0.0
2023-10-25,24.97,25.43,24.95,25.16,24.81,0.3500000000000014,1.41,3055818.0,33655441.0,2.291,0.003427,0.011618,1.01,72.262,,2.8456,17.5099,20.8869,0.008015,0.005556,1011660000.0,891660000.0,263017736.0,11108026800.0,9790426800.0,区域地产,房地产,房地产开发,住宅开发,11.91,9.75,0.0
2023-10-26,25.06,25.13,24.61,24.67,25.16,-0.4899999999999984,-1.95,2740450.0,29610850.0,2.291,0.003073,0.010419,0.84,70.8799,,2.7911,17.175,20.4875,0.008171,0.005664,1011660000.0,891660000.0,263017736.0,10895578200.0,9603178200.0,区域地产,房地产,房地产开发,住宅开发,12.08,9.88,0.0
2023-10-27,24.51,25.48,24.44,25.34,24.67,0.6699999999999982,2.72,3037060.0,33289428.0,2.291,0.003406,0.011547,0.88,72.7885,,2.8663,17.6375,21.0391,0.0079569999999999,0.005515,1011660000.0,891660000.0,263017736.0,11188959600.0,9861759600.0,区域地产,房地产,房地产开发,住宅开发,11.85,9.69,0.0
2023-10-30,24.97,27.49,24.97,27.38,25.34,2.039999999999999,8.05,9462761.0,110250205.0,2.291,0.010613,0.0359779999999999,2.73,78.6458,,3.0965,19.0568,26.1477,0.007364,0.0051049999999999,1011660000.0,891660000.0,263017736.0,12089337000.0,10655337000.0,区域地产,房地产,房地产开发,住宅开发,12.17,9.95,0.0
2023-10-31,27.49,27.81,27.03,27.45,27.38,0.0700000000000002,0.26,7995295.0,95511240.0,2.291,0.008967,0.030398,1.86,78.8432,,3.1043,19.1046,26.2134,0.007346,0.005092,1011660000.0,891660000.0,263017736.0,12119686800.0,10682086800.0,区域地产,房地产,房地产开发,住宅开发,13.15,10.76,0.0
2023-11-01,27.49,27.56,26.51,26.6,27.45,-0.8499999999999979,-3.1,4364873.0,51247756.0,2.291,0.004895,0.016595,0.83,76.4082,,3.0084,18.5146,25.4038,0.00758,0.005254,1011660000.0,891660000.0,263017736.0,11745372600.0,10352172600.0,区域地产,房地产,房地产开发,住宅开发,13.18,10.78,0.0
2023-11-02,26.62,26.71,26.03,26.39,26.6,-0.2100000000000008,-0.79,3398300.0,39047486.0,2.291,0.003811,0.01292,0.62,75.8159,,2.9851,18.3711,25.2069,0.007639,0.0052949999999999,1011660000.0,891660000.0,263017736.0,11654323200.0,10271923200.0,区域地产,房地产,房地产开发,住宅开发,12.77,10.45,0.0
2023-11-03,26.28,27.22,26.28,26.85,26.39,0.4600000000000008,1.74,3379500.0,39463509.0,2.291,0.00379,0.012849,0.6,77.1321,,3.0369,18.69,25.6445,0.007509,0.0052049999999999,1011660000.0,891660000.0,263017736.0,11856655200.0,10450255200.0,区域地产,房地产,房地产开发,住宅开发,12.67,10.37,0.0
2023-11-06,26.85,29.3,26.74,27.72,26.85,0.8699999999999974,3.24,12720890.0,156078169.0,2.291,0.014267,0.048365,2.22,79.633,,3.1354,19.296,26.476,0.0072729999999999,0.005041,1011660000.0,891660000.0,263017736.0,12241086000.0,10789086000.0,区域地产,房地产,房地产开发,住宅开发,12.89,10.55,0.0
2023-11-07,27.7,27.97,27.1,27.58,27.72,-0.1400000000000005,-0.51,6498797.0,78101911.0,2.291,0.007288,0.024709,1.02,79.2381,,3.1198,19.2003,26.3447,0.0073089999999999,0.005066,1011660000.0,891660000.0,263017736.0,12180386399.999998,10735586399.999998,区域地产,房地产,房地产开发,住宅开发,13.31,10.89,0.0
2023-11-08,27.61,28.16,27.31,27.56,27.58,-0.0199999999999995,-0.07,5140054.0,62254559.0,2.291,0.005765,0.0195429999999999,0.85,79.1723,,3.1172,19.1844,26.3228,0.007315,0.005071,1011660000.0,891660000.0,263017736.0,12170269800.0,10726669800.0,区域地产,房地产,房地产开发,住宅开发,13.24,10.84,0.0
2023-11-09,27.63,27.7,27.1,27.19,27.56,-0.3699999999999974,-1.34,3116468.0,37178693.0,2.291,0.003495,0.011849,0.5,78.1193,,3.0758,18.9292,25.9727,0.007414,0.005139,1011660000.0,891660000.0,263017736.0,12008404200.0,10584004200.0,区域地产,房地产,房地产开发,住宅开发,13.23,10.83,0.0
2023-11-10,27.08,27.56,26.9,27.31,27.19,0.1199999999999974,0.44,3987700.0,47458373.0,2.291,0.004472,0.015161,0.65,78.4484,,3.0887,19.009,26.0821,0.007383,0.005117,1011660000.0,891660000.0,263017736.0,12058987200.0,10628587200.0,区域地产,房地产,房地产开发,住宅开发,13.06,10.68,0.0
2023-11-13,27.15,27.4,26.83,27.15,27.31,-0.1600000000000001,-0.59,3542555.0000000005,41840118.0,2.291,0.003973,0.013469,0.56,77.9877,,3.0706,18.8973,25.9289,0.007426,0.005148,1011660000.0,891660000.0,263017736.0,11988171000.0,10566171000.0,区域地产,房地产,房地产开发,住宅开发,13.11,10.73,0.0
2023-11-14,27.08,28.09,27.03,27.9,27.15,0.75,2.76,5103451.0,61713839.0,2.291,0.005724,0.019403,1.15,80.1595,,3.1561,19.4236,26.651,0.007225,0.005008,1011660000.0,891660000.0,263017736.0,12322018799.999998,10860418799.999998,区域地产,房地产,房地产开发,住宅开发,13.04,10.67,0.0
2023-11-15,28.02,28.29,27.56,27.72,27.9,-0.1799999999999997,-0.65,4742700.0,57783873.0,2.291,0.005319,0.018032,1.14,79.633,,3.1354,19.296,26.476,0.0072729999999999,0.005041,1011660000.0,891660000.0,263017736.0,12241086000.0,10789086000.0,区域地产,房地产,房地产开发,住宅开发,13.4,10.96,0.0
2023-11-16,27.61,28.59,27.38,28.18,27.72,0.4600000000000008,1.66,6248096.0,76567261.0,2.291,0.007007,0.023755,1.52,80.9492,,3.1872,19.6149,26.9136,0.007154,0.004959,1011660000.0,891660000.0,263017736.0,12443418000.0,10967418000.0,区域地产,房地产,房地产开发,住宅开发,13.31,10.89,0.0
2023-11-17,28.18,28.71,27.9,28.55,28.18,0.370000000000001,1.31,5700060.0,70437641.0,2.291,0.0063929999999999,0.0216719999999999,1.21,82.0022,,3.2286,19.8701,27.2637,0.007063,0.004896,1011660000.0,891660000.0,263017736.0,12605283600.000002,11110083600.000002,区域地产,房地产,房地产开发,住宅开发,13.53,11.07,0.0
2023-11-20,28.57,28.77,28.09,28.18,28.55,-0.370000000000001,-1.3,5069810.0,62940881.0,2.291,0.005686,0.019276,1.0,80.9492,,3.1872,19.6149,26.9136,0.007154,0.004959,1011660000.0,891660000.0,263017736.0,12443418000.0,10967418000.0,区域地产,房地产,房地产开发,住宅开发,13.71,11.21,0.0
2023-11-21,28.5,29.03,28.18,28.66,28.18,0.4800000000000004,1.7,7560622.0,94889212.0,2.291,0.008479,0.028746,1.41,82.3313,,3.2416,19.9498,27.3731,0.007034,0.004876,1011660000.0,891660000.0,263017736.0,12655866600.0,11154666600.0,区域地产,房地产,房地产开发,住宅开发,13.53,11.07,0.0
2023-11-22,28.77,31.52,28.77,31.18,28.66,2.52,8.79,34712452.0,467476974.0,2.291,0.03893,0.131978,5.92,89.5706,,3.5266,21.704,29.78,0.0064659999999999,0.004482,1011660000.0,891660000.0,263017736.0,13768692600.0,12135492600.0,区域地产,房地产,房地产开发,住宅开发,13.76,11.26,0.0
2023-11-23,29.07,30.7,28.29,29.97,31.18,-1.2100000000000009,-3.88,27779799.0,360286741.0,2.291,0.031155,0.1056189999999999,2.34,86.0826,,3.3893,20.8588,28.6203,0.006728,0.004664,1011660000.0,891660000.0,263017736.0,13232512800.0,11662912800.0,区域地产,房地产,房地产开发,住宅开发,14.97,12.25,0.0
2023-11-24,29.53,30.65,29.19,29.28,29.97,-0.6899999999999977,-2.3,11352200.0,147111677.0,2.291,0.012732,0.043161,0.7,84.1082,,3.3116,20.3804,27.9639,0.006886,0.004773,1011660000.0,891660000.0,263017736.0,12929014800.0,11395414800.0,区域地产,房地产,房地产开发,住宅开发,14.39,11.77,0.0
2023-11-27,28.87,29.28,27.95,28.16,29.28,-1.120000000000001,-3.83,8938824.0,110607877.0,2.291,0.010025,0.033986,0.52,80.8834,,3.1846,19.599,26.8917,0.00716,0.004963,1011660000.0,891660000.0,263017736.0,12433301399.999998,10958501399.999998,区域地产,房地产,房地产开发,住宅开发,14.06,11.5,0.0
2023-11-28,28.18,28.8,27.93,28.55,28.16,0.3900000000000005,1.38,5771658.0,71654629.0,2.291,0.006473,0.0219439999999999,0.32,82.0022,,3.2286,19.8701,27.2637,0.007063,0.004896,1011660000.0,891660000.0,263017736.0,12605283600.000002,11110083600.000002,区域地产,房地产,房地产开发,住宅开发,13.52,11.06,0.0
2023-11-29,28.39,28.75,28.25,28.34,28.55,-0.2100000000000008,-0.74,5296267.0,65874319.0,2.291,0.00594,0.020137,0.3,81.4099,,3.2053,19.7266,27.0667,0.007114,0.004931,1011660000.0,891660000.0,263017736.0,12514234200.0,11029834200.0,区域地产,房地产,房地产开发,住宅开发,13.71,11.21,0.0
2023-11-30,28.64,29.55,28.5,29.23,28.34,0.8900000000000006,3.14,8304850.0,105243088.0,2.291,0.009314,0.031575,0.7,83.9766,,3.3064,20.3485,27.9201,0.0068969999999999,0.004781,1011660000.0,891660000.0,263017736.0,12908781600.0,11377581600.0,区域地产,房地产,房地产开发,住宅开发,13.61,11.13,0.0
2023-12-01,29.16,29.65,28.82,29.3,29.23,0.0700000000000002,0.24,6671464.999999999,85029973.0,2.291,0.007482,0.025365,0.84,84.174,,3.3142,20.3964,27.9857,0.00688,0.004769,1011660000.0,891660000.0,263017736.0,12939131399.999998,11404331399.999998,区域地产,房地产,房地产开发,住宅开发,14.04,11.48,0.0
2023-12-04,29.1,29.44,28.18,28.36,29.3,-0.9400000000000012,-3.21,5419206.0,67556782.0,2.291,0.006078,0.020604,0.77,81.4757,,3.2079,19.7425,27.0886,0.007108,0.004927,1011660000.0,891660000.0,263017736.0,12524350800.0,11038750800.0,区域地产,房地产,房地产开发,住宅开发,14.07,11.51,0.0
2023-12-05,28.43,28.64,27.97,28.32,28.36,-0.0399999999999991,-0.14,4012294.0,49668843.0,2.291,0.0045,0.015255,0.64,81.3441,,3.2027,19.7106,27.0449,0.00712,0.004935,1011660000.0,891660000.0,263017736.0,12504117600.0,11020917600.0,区域地产,房地产,房地产开发,住宅开发,13.62,11.14,0.0
2023-12-06,28.2,28.59,28.13,28.27,28.32,-0.0500000000000007,-0.18,2766300.0,34217338.0,2.291,0.0031019999999999,0.010518,0.47,81.2125,,3.1976,19.6787,27.0011,0.0071309999999999,0.004943,1011660000.0,891660000.0,263017736.0,12483884400.0,11003084400.0,区域地产,房地产,房地产开发,住宅开发,13.6,11.12,0.0
2023-12-07,28.27,28.84,28.2,28.27,28.27,0.0,0.0,4314524.0,53765855.0,2.291,0.0048389999999999,0.016404,0.79,81.2125,,3.1976,19.6787,27.0011,0.0071309999999999,0.004943,1011660000.0,891660000.0,263017736.0,12483884400.0,11003084400.0,区域地产,房地产,房地产开发,住宅开发,13.57,11.11,0.0
2023-12-08,27.77,28.23,27.51,27.88,28.27,-0.3900000000000005,-1.38,3735645.0,45629178.0,2.291,0.00419,0.0142029999999999,0.81,80.0937,,3.1535,19.4076,26.6291,0.007231,0.005012,1011660000.0,891660000.0,263017736.0,12311902200.0,10851502200.0,区域地产,房地产,房地产开发,住宅开发,13.57,11.11,0.0
2023-12-11,27.9,27.95,27.31,27.77,27.88,-0.1099999999999994,-0.39,4252080.0,51198296.0,2.291,0.004769,0.016167,1.05,79.7646,,3.1405,19.3279,26.5197,0.007261,0.0050329999999999,1011660000.0,891660000.0,263017736.0,12261319200.0,10806919200.0,区域地产,房地产,房地产开发,住宅开发,13.39,10.95,0.0
2023-12-12,27.68,28.36,27.68,28.27,27.77,0.5,1.8,4312696.0,52932180.0,2.291,0.004837,0.016397,1.13,81.2125,,3.1976,19.6787,27.0011,0.0071309999999999,0.004943,1011660000.0,891660000.0,263017736.0,12483884400.0,11003084400.0,区域地产,房地产,房地产开发,住宅开发,13.33,10.91,0.0
2023-12-13,28.16,28.45,27.97,28.06,28.27,-0.2100000000000008,-0.74,2399100.0,29530270.0,2.291,0.002691,0.009121,0.62,80.6202,,3.1742,19.5352,26.8042,0.007184,0.00498,1011660000.0,891660000.0,263017736.0,12392835000.0,10922835000.0,区域地产,房地产,房地产开发,住宅开发,13.57,11.11,0.0
2023-12-14,28.16,28.52,28.11,28.16,28.06,0.1000000000000014,0.36,3468593.0,42838328.0,2.291,0.00389,0.013188,0.91,80.8834,,3.1846,19.599,26.8917,0.00716,0.004963,1011660000.0,891660000.0,263017736.0,12433301399.999998,10958501399.999998,区域地产,房地产,房地产开发,住宅开发,13.48,11.03,0.0
2023-12-15,28.98,29.1,28.02,28.29,28.16,0.129999999999999,0.46,6781592.999999999,84232872.0,2.291,0.007606,0.0257839999999999,1.87,81.2783,,3.2001,19.6947,27.023,0.007126,0.004939,1011660000.0,891660000.0,263017736.0,12494001000.0,11012001000.0,区域地产,房地产,房地产开发,住宅开发,13.52,11.06,0.0
2023-12-18,28.06,28.41,27.22,27.29,28.29,-1.0,-3.53,5652142.0,68558070.0,2.291,0.006339,0.02149,1.33,78.3825,,3.0861,18.993,26.0602,0.007389,0.005122,1011660000.0,891660000.0,263017736.0,12048870600.0,10619670600.0,区域地产,房地产,房地产开发,住宅开发,13.59,11.12,0.0
2023-12-19,27.4,27.68,26.94,27.24,27.29,-0.0500000000000007,-0.18,3163639.0,37682131.0,2.291,0.003548,0.012028,0.7,78.2509,,3.0809,18.9611,26.0165,0.007401,0.00513,1011660000.0,891660000.0,263017736.0,12028637400.0,10601837400.0,区域地产,房地产,房地产开发,住宅开发,13.1,10.72,0.0
2023-12-20,27.24,27.33,26.55,26.58,27.24,-0.6600000000000001,-2.42,3023462.0,35442819.0,2.291,0.003391,0.011495,0.7,76.3424,,3.0058,18.4986,25.3819,0.007586,0.005259,1011660000.0,891660000.0,263017736.0,11735256000.0,10343256000.0,区域地产,房地产,房地产开发,住宅开发,13.08,10.7,0.0
2023-12-21,26.46,26.9,26.3,26.62,26.58,0.0400000000000027,0.15,2890920.0,33548311.0,2.291,0.003242,0.0109909999999999,0.65,76.474,,3.011,18.5305,25.4257,0.007573,0.00525,1011660000.0,891660000.0,263017736.0,11755489200.0,10361089200.0,区域地产,房地产,房地产开发,住宅开发,12.76,10.44,0.0
2023-12-22,26.62,26.85,26.16,26.35,26.62,-0.2699999999999996,-1.01,2812315.0,32407344.0,2.291,0.003154,0.010692,0.65,75.6842,,2.9799,18.3392,25.1631,0.007652,0.005304,1011660000.0,891660000.0,263017736.0,11634090000.0,10254090000.0,区域地产,房地产,房地产开发,住宅开发,12.78,10.46,0.0
2023-12-25,26.32,26.58,25.89,26.16,26.35,-0.1900000000000012,-0.72,2216901.0,25289239.0,2.291,0.002486,0.0084289999999999,0.63,75.1577,,2.9592,18.2116,24.988,0.0077059999999999,0.005342,1011660000.0,891660000.0,263017736.0,11553157200.0,10182757200.0,区域地产,房地产,房地产开发,住宅开发,12.65,10.35,0.0
2023-12-26,26.35,26.35,25.66,25.68,26.16,-0.4800000000000004,-1.83,2353400.0,26627248.0,2.291,0.002639,0.008948,0.83,73.7757,,2.9047,17.8767,24.5285,0.00785,0.005442,1011660000.0,891660000.0,263017736.0,11340708600.000002,9995508600.0,区域地产,房地产,房地产开发,住宅开发,12.56,10.28,0.0
2023-12-27,25.75,26.28,25.66,26.23,25.68,0.5500000000000007,2.14,2461955.0,27996017.0,2.291,0.002761,0.00936,0.93,75.3552,,2.9669,18.2594,25.0537,0.0076859999999999,0.005328,1011660000.0,891660000.0,263017736.0,11583507000.0,10209507000.0,区域地产,房地产,房地产开发,住宅开发,12.33,10.09,0.0
2023-12-28,26.12,27.01,25.75,26.69,26.23,0.4600000000000008,1.75,3233380.0,37325041.0,2.291,0.003626,0.012293,1.27,76.6714,,3.0188,18.5784,25.4913,0.007554,0.0052359999999999,1011660000.0,891660000.0,263017736.0,11785839000.0,10387839000.0,区域地产,房地产,房地产开发,住宅开发,12.6,10.31,0.0
2023-12-29,26.67,27.17,26.58,26.94,26.69,0.25,0.94,2328300.0,27398646.0,2.291,0.002611,0.008852,0.89,77.3954,,3.0473,18.7538,25.732,0.007483,0.005187,1011660000.0,891660000.0,263017736.0,11897121600.0,10485921600.0,区域地产,房地产,房地产开发,住宅开发,12.82,10.49,0.0
2024-01-02,27.13,27.13,26.37,26.39,26.94,-0.5500000000000007,-2.04,2352893.0,27295430.0,2.291,0.002639,0.0089459999999999,0.93,75.8159,,2.9851,18.3711,25.2069,0.0052949999999999,0.0052949999999999,1011660000.0,891660000.0,263017736.0,11654323200.0,10271923200.0,区域地产,房地产,房地产开发,住宅开发,12.94,10.58,0.0
2024-01-03,26.35,26.67,26.19,26.42,26.39,0.0300000000000011,0.11,1765700.0,20387582.0,2.291,0.00198,0.006713,0.69,75.8817,,2.9877,18.387,25.2287,0.005291,0.005291,1011660000.0,891660000.0,263017736.0,11664439800.0,10280839800.0,区域地产,房地产,房地产开发,住宅开发,12.67,10.37,0.0
2024-01-04,26.53,26.53,26.0,26.35,26.42,-0.0700000000000002,-0.26,2633000.0,30142258.0,2.291,0.002953,0.010011,1.08,75.6842,,2.9799,18.3392,25.1631,0.005304,0.005304,1011660000.0,891660000.0,263017736.0,11634090000.0,10254090000.0,区域地产,房地产,房地产开发,住宅开发,12.68,10.38,0.0
2024-01-05,26.51,26.55,25.93,26.07,26.35,-0.2800000000000011,-1.06,2352451.0,26936070.0,2.291,0.0026379999999999,0.008944,0.96,74.8945,,2.9488,18.1478,24.9005,0.00536,0.00536,1011660000.0,891660000.0,263017736.0,11512690800.0,10147090800.0,区域地产,房地产,房地产开发,住宅开发,12.65,10.35,0.0
2024-01-08,26.32,26.42,25.45,25.61,26.07,-0.4600000000000008,-1.76,3495200.0,39340300.0,2.291,0.00392,0.013289,1.53,73.5782,,2.897,17.8289,24.4629,0.005456,0.005456,1011660000.0,891660000.0,263017736.0,11310358799.999998,9968758800.0,区域地产,房地产,房地产开发,住宅开发,12.52,10.24,0.0
2024-01-09,25.68,25.87,25.36,25.38,25.61,-0.2300000000000004,-0.9,2279689.0,25434624.0,2.291,0.002557,0.008667,0.9,72.9201,,2.8711,17.6694,24.2441,0.0055049999999999,0.0055049999999999,1011660000.0,891660000.0,263017736.0,11209192800.0,9879592800.0,区域地产,房地产,房地产开发,住宅开发,12.3,10.06,0.0
2024-01-10,25.43,25.91,24.93,25.57,25.38,0.1900000000000012,0.75,3229288.0,35955977.0,2.291,0.003622,0.012278,1.29,73.4466,,2.8918,17.797,24.4191,0.0054659999999999,0.0054659999999999,1011660000.0,891660000.0,263017736.0,11290125600.0,9950925600.0,区域地产,房地产,房地产开发,住宅开发,12.19,9.97,0.0
2024-01-11,25.54,25.75,25.34,25.66,25.57,0.0899999999999998,0.35,2125200.0,23717165.0,2.291,0.002383,0.00808,0.76,73.7099,,2.9022,17.8608,24.5067,0.0054459999999999,0.0054459999999999,1011660000.0,891660000.0,263017736.0,11330592000.0,9986592000.0,区域地产,房地产,房地产开发,住宅开发,12.28,10.04,0.0
2024-01-12,25.66,26.03,25.59,25.71,25.66,0.0500000000000007,0.19,1889252.0,21263685.0,2.291,0.002119,0.007183,0.7,73.8415,,2.9073,17.8927,24.5504,0.005437,0.005437,1011660000.0,891660000.0,263017736.0,11350825200.0,10004425200.0,区域地产,房地产,房地产开发,住宅开发,12.32,10.08,0.0
2024-01-15,25.54,25.91,25.22,25.8,25.71,0.0899999999999998,0.35,2358507.0,26397372.0,2.291,0.002645,0.008967,0.91,74.1047,,2.9177,17.9564,24.638,0.005417,0.005417,1011660000.0,891660000.0,263017736.0,11391291600.0,10040091600.0,区域地产,房地产,房地产开发,住宅开发,12.34,10.1,0.0
2024-01-16,25.96,26.05,25.22,25.52,25.8,-0.2800000000000011,-1.09,2505500.0,28001075.0,2.291,0.00281,0.009526,1.05,73.315,,2.8866,17.7651,24.3754,0.005476,0.005476,1011660000.0,891660000.0,263017736.0,11269892400.0,9933092400.0,区域地产,房地产,房地产开发,住宅开发,12.39,10.13,0.0
2024-01-17,25.43,25.61,24.79,24.83,25.52,-0.6900000000000013,-2.7,2947000.0,32330488.0,2.291,0.003305,0.011205,1.22,71.3406,,2.8089,17.2867,23.719,0.005627,0.005627,1011660000.0,891660000.0,263017736.0,10966394400.0,9665594400.0,区域地产,房地产,房地产开发,住宅开发,12.25,10.03,0.0
2024-01-18,24.54,24.77,23.28,23.99,24.83,-0.8399999999999999,-3.38,5133193.0,53511724.0,2.291,0.005757,0.019517,2.17,68.9056,,2.713,16.6966,22.9094,0.005826,0.005826,1011660000.0,891660000.0,263017736.0,10592080200.0,9335680200.0,区域地产,房地产,房地产开发,住宅开发,11.92,9.76,0.0
2024-01-19,23.85,24.74,23.71,24.24,23.99,0.25,1.04,3990222.0,42328226.0,2.291,0.004475,0.0151709999999999,1.35,69.6295,,2.7415,16.872,23.15,0.005766,0.005766,1011660000.0,891660000.0,263017736.0,10703362800.0,9433762800.0,区域地产,房地产,房地产开发,住宅开发,11.52,9.42,0.0
2024-01-22,24.1,24.17,22.45,22.61,24.24,-1.629999999999999,-6.72,3649743.0,37326641.0,2.291,0.004093,0.013876,1.08,64.9568,,2.5575,15.7398,21.5965,0.00618,0.00618,1011660000.0,891660000.0,263017736.0,9985084200.0,8800684200.0,区域地产,房地产,房地产开发,住宅开发,11.64,9.52,0.0
2024-01-23,22.61,23.0,22.15,22.86,22.61,0.25,1.11,3890663.0,38393579.0,2.291,0.004363,0.014792,1.07,65.6808,,2.586,15.9152,21.8372,0.0061119999999999,0.0061119999999999,1011660000.0,891660000.0,263017736.0,10096366800.0,8898766800.0,区域地产,房地产,房地产开发,住宅开发,10.86,8.88,0.0
2024-01-24,22.82,24.19,22.8,24.19,22.86,1.3300000000000018,5.82,6885033.0,70842663.0,2.291,0.007722,0.026177,1.76,69.4979,,2.7363,16.8401,23.1063,0.005777,0.005777,1011660000.0,891660000.0,263017736.0,10683129600.0,9415929600.0,区域地产,房地产,房地产开发,住宅开发,10.98,8.98,0.0
2024-01-25,24.15,26.0,23.87,25.66,24.19,1.4699999999999989,6.08,6511250.0,71165917.0,2.291,0.0073019999999999,0.024756,1.38,73.7099,,2.9022,17.8608,24.5067,0.0054459999999999,0.0054459999999999,1011660000.0,891660000.0,263017736.0,11330592000.0,9986592000.0,区域地产,房地产,房地产开发,住宅开发,11.62,9.5,0.0
2024-01-26,25.66,28.2,25.66,27.24,25.66,1.5799999999999983,6.16,14001213.0,165359062.0,2.291,0.015702,0.0532329999999999,2.81,78.2509,,3.0809,18.9611,26.0165,0.00513,0.00513,1011660000.0,891660000.0,263017736.0,12028637400.0,10601837400.0,区域地产,房地产,房地产开发,住宅开发,12.32,10.08,0.0
2024-01-29,26.83,27.95,26.23,26.28,27.24,-0.9599999999999972,-3.52,11826900.0,139641089.0,2.291,0.013264,0.044966,1.69,75.4868,,2.9721,18.2913,25.0975,0.005318,0.005318,1011660000.0,891660000.0,263017736.0,11603740200.0,10227340200.0,区域地产,房地产,房地产开发,住宅开发,13.08,10.7,0.0
2024-01-30,25.89,26.62,24.93,25.02,26.28,-1.2600000000000016,-4.79,7578600.0,85255044.0,2.291,0.008499,0.028814,0.88,71.8671,,2.8296,17.4142,23.894,0.005586,0.005586,1011660000.0,891660000.0,263017736.0,11047327200.0,9736927200.0,区域地产,房地产,房地产开发,住宅开发,12.62,10.32,0.0
2024-01-31,25.02,25.22,23.62,23.76,25.02,-1.259999999999998,-5.04,6543200.0,69106923.0,2.291,0.007338,0.0248769999999999,0.7,68.2474,,2.6871,16.5372,22.6905,0.0058819999999999,0.0058819999999999,1011660000.0,891660000.0,263017736.0,10490914200.0,9246514200.0,区域地产,房地产,房地产开发,住宅开发,12.01,9.83,0.0
2024-02-01,23.8,24.06,22.75,23.18,23.76,-0.5800000000000018,-2.44,5449581.0,55583344.0,2.291,0.0061119999999999,0.0207189999999999,0.59,66.6021,,2.6223,16.1385,22.1435,0.006028,0.006028,1011660000.0,891660000.0,263017736.0,10237999200.0,9023599200.0,区域地产,房地产,房地产开发,住宅开发,11.41,9.33,0.0
2024-02-02,23.41,25.5,23.25,25.5,23.18,2.3200000000000003,10.01,8573094.0,94578071.0,2.291,0.009615,0.032595,0.94,73.2492,,2.884,17.7491,24.3535,0.005481,0.005481,1011660000.0,891660000.0,263017736.0,11259775800.0,9924175800.0,区域地产,房地产,房地产开发,住宅开发,11.13,9.11,0.0
2024-02-05,25.89,26.92,24.15,24.19,25.5,-1.3099999999999987,-5.14,21174205.0,235884052.0,2.291,0.0237469999999999,0.080505,2.65,69.4979,,2.7363,16.8401,23.1063,0.005777,0.005777,1011660000.0,891660000.0,263017736.0,10683129600.0,9415929600.0,区域地产,房地产,房地产开发,住宅开发,12.24,10.02,0.0
2024-02-06,24.44,25.34,21.79,24.38,24.19,0.1899999999999977,0.79,16109344.0,164871916.0,2.291,0.018067,0.061248,1.63,70.0244,,2.757,16.9677,23.2813,0.005733,0.005733,1011660000.0,891660000.0,263017736.0,10764062400.0,9487262400.0,区域地产,房地产,房地产开发,住宅开发,11.62,9.5,0.0
2024-02-07,24.03,25.2,23.32,23.9,24.38,-0.4800000000000004,-1.97,13312701.0,140884692.0,2.291,0.01493,0.0506149999999999,1.15,68.6423,,2.7026,16.6328,22.8218,0.005849,0.005849,1011660000.0,891660000.0,263017736.0,10551613799.999998,9300013800.0,区域地产,房地产,房地产开发,住宅开发,11.7,9.58,0.0
2024-02-08,24.7,25.38,24.1,24.9,23.9,1.0,4.18,11002746.0,119126492.0,2.291,0.01234,0.041833,0.85,71.5381,,2.8166,17.3345,23.7846,0.005612,0.005612,1011660000.0,891660000.0,263017736.0,10996744200.0,9692344200.0,区域地产,房地产,房地产开发,住宅开发,11.47,9.39,0.0
2024-02-19,24.74,26.55,24.63,25.87,24.9,0.9700000000000024,3.9,8362669.0,93867983.0,2.291,0.009379,0.031795,0.6,74.3022,,2.9255,18.0043,24.7036,0.005403,0.005403,1011660000.0,891660000.0,263017736.0,11421641399.999998,10066841400.0,区域地产,房地产,房地产开发,住宅开发,11.96,9.78,0.0
2024-02-20,25.61,26.28,25.25,26.14,25.87,0.2699999999999996,1.04,6148316.0,69208564.0,2.291,0.006895,0.023376,0.44,75.0919,,2.9566,18.1957,24.9662,0.005346,0.005346,1011660000.0,891660000.0,263017736.0,11543040600.0,10173840600.0,区域地产,房地产,房地产开发,住宅开发,12.42,10.16,0.0
2024-02-21,26.12,27.45,25.77,27.13,26.14,0.9899999999999984,3.79,8181170.0,96056220.0,2.291,0.0091749999999999,0.031105,0.74,77.9219,,3.068,18.8814,25.907,0.005152,0.005152,1011660000.0,891660000.0,263017736.0,11978054400.0,10557254400.0,区域地产,房地产,房地产开发,住宅开发,12.55,10.27,0.0
2024-02-22,27.01,27.17,26.14,26.58,27.13,-0.5500000000000007,-2.03,5654253.0,65625902.0,2.291,0.006341,0.021498,0.6,76.3424,,3.0058,18.4986,25.3819,0.005259,0.005259,1011660000.0,891660000.0,263017736.0,11735256000.0,10343256000.0,区域地产,房地产,房地产开发,住宅开发,13.02,10.66,0.0
2024-02-23,26.42,26.69,26.05,26.35,26.58,-0.2299999999999968,-0.87,3813798.000000001,43758590.0,2.291,0.004277,0.0144999999999999,0.48,75.6842,,2.9799,18.3392,25.1631,0.005304,0.005304,1011660000.0,891660000.0,263017736.0,11634090000.0,10254090000.0,区域地产,房地产,房地产开发,住宅开发,12.76,10.44,0.0
2024-02-26,25.98,26.44,25.89,25.98,26.35,-0.370000000000001,-1.4,4212201.0,48009618.0,2.291,0.004724,0.0160149999999999,0.65,74.6312,,2.9384,18.084,24.813,0.005379,0.005379,1011660000.0,891660000.0,263017736.0,11472224400.0,10111424400.0,区域地产,房地产,房地产开发,住宅开发,12.65,10.35,0.0
2024-02-27,26.12,26.83,25.8,26.78,25.98,0.8000000000000007,3.08,4282160.0,49472179.0,2.291,0.004802,0.016281,0.76,76.9347,,3.0291,18.6422,25.5788,0.005218,0.005218,1011660000.0,891660000.0,263017736.0,11826305400.0,10423505400.0,区域地产,房地产,房地产开发,住宅开发,12.47,10.21,0.0
2024-02-28,26.8,27.15,25.38,25.43,26.78,-1.3500000000000014,-5.04,5577308.0,64499524.0,2.291,0.0062549999999999,0.0212049999999999,1.07,73.0517,,2.8762,17.7013,24.2879,0.005495,0.005495,1011660000.0,891660000.0,263017736.0,11229426000.0,9897426000.0,区域地产,房地产,房地产开发,住宅开发,12.86,10.52,0.0
2024-02-29,25.43,26.23,25.29,25.77,25.43,0.3399999999999998,1.34,3296815.0,37123233.0,2.291,0.0036969999999999,0.012535,0.7,74.0389,,2.9151,17.9405,24.6161,0.005422,0.005422,1011660000.0,891660000.0,263017736.0,11381175000.0,10031175000.0,区域地产,房地产,房地产开发,住宅开发,12.21,9.99,0.0
2024-03-01,25.73,26.09,25.27,26.09,25.77,0.3200000000000003,1.24,4785401.0,53923486.0,2.291,0.0053669999999999,0.018194,1.13,74.9603,,2.9514,18.1638,24.9224,0.005356,0.005356,1011660000.0,891660000.0,263017736.0,11522807400.0,10156007400.0,区域地产,房地产,房地产开发,住宅开发,12.38,10.13,0.0
2024-03-04,25.84,25.96,24.95,25.32,26.09,-0.7699999999999996,-2.95,4778200.0,52789038.0,2.291,0.005359,0.018167,1.08,72.7227,,2.8633,17.6216,24.1785,0.00552,0.00552,1011660000.0,891660000.0,263017736.0,11178843000.0,9852843000.0,区域地产,房地产,房地产开发,住宅开发,12.53,10.25,0.0
2024-03-05,25.18,25.41,24.67,25.32,25.32,0.0,0.0,3261259.0,35739535.0,2.291,0.003658,0.012399,0.72,72.7227,,2.8633,17.6216,24.1785,0.00552,0.00552,1011660000.0,891660000.0,263017736.0,11178843000.0,9852843000.0,区域地产,房地产,房地产开发,住宅开发,12.16,9.95,0.0
2024-03-06,25.43,25.43,24.81,24.9,25.32,-0.4200000000000017,-1.66,2795081.0,30603347.0,2.291,0.003135,0.010627,0.64,71.5381,,2.8166,17.3345,23.7846,0.005612,0.005612,1011660000.0,891660000.0,263017736.0,10996744200.0,9692344200.0,区域地产,房地产,房地产开发,住宅开发,12.16,9.95,0.0
2024-03-07,24.83,25.13,24.65,24.74,24.9,-0.1600000000000001,-0.64,2059489.0,22412222.0,2.291,0.00231,0.00783,0.54,71.0774,,2.7985,17.2229,23.6314,0.0056479999999999,0.0056479999999999,1011660000.0,891660000.0,263017736.0,10925928000.0,9629928000.0,区域地产,房地产,房地产开发,住宅开发,11.96,9.78,0.0
2024-03-08,24.58,25.02,24.58,24.99,24.74,0.25,1.01,1808550.0,19588077.0,2.291,0.002028,0.006876,0.51,71.8013,,2.827,17.3983,23.8721,0.005591,0.005591,1011660000.0,891660000.0,263017736.0,11037210600.0,9728010600.0,区域地产,房地产,房地产开发,住宅开发,11.88,9.72,0.0
2024-03-11,25.66,25.66,24.97,25.59,24.99,0.6000000000000014,2.4,3190585.0,35358761.0,2.291,0.003578,0.012131,1.09,73.5124,,2.8944,17.8129,24.441,0.005461,0.005461,1011660000.0,891660000.0,263017736.0,11300242200.0,9959842200.0,区域地产,房地产,房地产开发,住宅开发,12.0,9.82,0.0
2024-03-12,25.75,27.35,25.59,26.87,25.59,1.2800000000000011,5.0,8945820.0,104183679.0,2.291,0.010033,0.034012,3.41,77.1979,,3.0395,18.706,25.6664,0.0052,0.0052,1011660000.0,891660000.0,263017736.0,11866771800.0,10459171800.0,区域地产,房地产,房地产开发,住宅开发,12.29,10.05,0.0
2024-03-13,26.64,26.78,26.0,26.32,26.87,-0.5500000000000007,-2.05,5284759.0,60720201.0,2.291,0.005927,0.020093,1.41,75.6184,,2.9773,18.3232,25.1412,0.005309,0.005309,1011660000.0,891660000.0,263017736.0,11623973400.0,10245173400.0,区域地产,房地产,房地产开发,住宅开发,12.9,10.56,0.0
2024-03-14,26.3,26.69,25.89,26.3,26.32,-0.0199999999999995,-0.08,3109966.0,35765204.0,2.291,0.0034879999999999,0.011824,0.73,75.5526,,2.9747,18.3073,25.1193,0.005314,0.005314,1011660000.0,891660000.0,263017736.0,11613856800.0,10236256800.0,区域地产,房地产,房地产开发,住宅开发,12.64,10.34,0.0
2024-03-15,26.32,26.51,26.19,26.51,26.3,0.2100000000000008,0.8,2378500.0,27379025.0,2.291,0.002667,0.009043,0.53,76.1449,,2.998,18.4508,25.3163,0.005272,0.005272,1011660000.0,891660000.0,263017736.0,11704906200.000002,10316506200.0,区域地产,房地产,房地产开发,住宅开发,12.63,10.33,0.0
2024-03-18,26.48,26.62,26.12,26.32,26.51,-0.1900000000000012,-0.72,2795721.0,32077223.0,2.291,0.003135,0.010629,0.61,75.6184,,2.9773,18.3232,25.1412,0.005309,0.005309,1011660000.0,891660000.0,263017736.0,11623973400.0,10245173400.0,区域地产,房地产,房地产开发,住宅开发,12.73,10.41,0.0
2024-03-19,26.35,26.39,25.96,26.03,26.32,-0.2899999999999991,-1.1,2740000.0,31263547.0,2.291,0.003073,0.010418,0.61,74.7629,,2.9436,18.1159,24.8568,0.00537,0.00537,1011660000.0,891660000.0,263017736.0,11492457600.0,10129257600.0,区域地产,房地产,房地产开发,住宅开发,12.64,10.34,0.0
2024-03-20,26.05,26.14,25.73,25.77,26.03,-0.2600000000000015,-1.0,2237196.0,25253506.0,2.291,0.002509,0.008506,0.69,74.0389,,2.9151,17.9405,24.6161,0.005422,0.005422,1011660000.0,891660000.0,263017736.0,11381175000.0,10031175000.0,区域地产,房地产,房地产开发,住宅开发,12.5,10.22,0.0
2024-03-21,26.0,26.09,25.73,25.84,25.77,0.0700000000000002,0.27,2040185.0,23070064.0,2.291,0.002288,0.0077569999999999,0.77,74.2364,,2.9229,17.9883,24.6817,0.005408,0.005408,1011660000.0,891660000.0,263017736.0,11411524800.0,10057924800.0,区域地产,房地产,房地产开发,住宅开发,12.38,10.13,0.0
2024-03-22,25.96,25.98,25.22,25.5,25.84,-0.3399999999999998,-1.32,2766445.0,30768071.0,2.291,0.003103,0.010518,1.13,73.2492,,2.884,17.7491,24.3535,0.005481,0.005481,1011660000.0,891660000.0,263017736.0,11259775800.0,9924175800.0,区域地产,房地产,房地产开发,住宅开发,12.41,10.15,0.0
2024-03-25,25.38,26.32,25.25,25.5,25.5,0.0,0.0,3539319.0,39810951.0,2.291,0.0039689999999999,0.0134569999999999,1.41,73.2492,,2.884,17.7491,24.3535,0.005481,0.005481,1011660000.0,891660000.0,263017736.0,11259775800.0,9924175800.0,区域地产,房地产,房地产开发,住宅开发,12.24,10.02,0.0
2024-03-26,25.52,26.35,25.38,25.89,25.5,0.3900000000000005,1.53,4147447.0,46593330.0,2.291,0.004651,0.015769,1.56,74.368,,2.9281,18.0202,24.7255,0.0053979999999999,0.0053979999999999,1011660000.0,891660000.0,263017736.0,11431758000.0,10075758000.0,区域地产,房地产,房地产开发,住宅开发,12.24,10.02,0.0
2024-03-27,25.73,25.73,24.97,25.09,25.89,-0.8000000000000007,-3.09,3523342.0,38995617.0,2.291,0.003951,0.0133959999999999,1.2,72.0646,,2.8374,17.4621,23.9596,0.005571,0.005571,1011660000.0,891660000.0,263017736.0,11077677000.0,9763677000.0,区域地产,房地产,房地产开发,住宅开发,12.43,10.17,0.0
2024-03-28,25.11,25.5,24.99,25.06,25.09,-0.0300000000000011,-0.12,3764143.0,41542640.0,2.291,0.004222,0.014311,1.18,71.9987,,2.8348,17.4461,23.9378,0.005576,0.005576,1011660000.0,891660000.0,263017736.0,11067560400.0,9754760400.0,区域地产,房地产,房地产开发,住宅开发,12.05,9.86,0.0
2024-03-29,25.27,25.29,24.7,25.29,25.06,0.2300000000000004,0.92,2475345.0,27095187.0,2.291,0.002776,0.009411,0.7,72.6569,,2.8607,17.6056,24.1566,0.0055249999999999,0.0055249999999999,1011660000.0,891660000.0,263017736.0,11168726399.999998,9843926400.0,区域地产,房地产,房地产开发,住宅开发,12.03,9.85,0.0
2024-04-01,25.36,25.82,25.22,25.82,25.29,0.5300000000000011,2.1,3231935.0,36181073.0,2.291,0.0036249999999999,0.0122879999999999,0.93,,,3.0889,21.4761,21.4761,0.005413,0.005413,1011660000.0,891660000.0,263017736.0,11401408200.0,10049008200.0,区域地产,房地产,房地产开发,住宅开发,12.14,9.94,0.0
2024-04-02,25.84,26.09,25.5,25.75,25.82,-0.0700000000000002,-0.27,3124909.0,35150309.0,2.291,0.003505,0.011881,0.91,,,3.0807,21.419,21.419,0.0054269999999999,0.0054269999999999,1011660000.0,891660000.0,263017736.0,11371058400.0,10022258400.0,区域地产,房地产,房地产开发,住宅开发,12.4,10.14,0.0
2024-04-03,25.75,25.75,25.22,25.57,25.75,-0.1799999999999997,-0.7,2025125.0,22553343.0,2.291,0.002271,0.0077,0.63,,,3.0588,21.2665,21.2665,0.0054659999999999,0.0054659999999999,1011660000.0,891660000.0,263017736.0,11290125600.0,9950925600.0,区域地产,房地产,房地产开发,住宅开发,12.36,10.12,0.0
2024-04-08,25.43,25.8,24.93,25.16,25.57,-0.4100000000000001,-1.6,3347162.0000000005,36971190.0,2.291,0.003754,0.012726,1.14,,,3.0094,20.9235,20.9235,0.005556,0.005556,1011660000.0,891660000.0,263017736.0,11108026800.0,9790426800.0,区域地产,房地产,房地产开发,住宅开发,12.28,10.04,0.0
2024-04-09,25.16,25.45,24.97,25.41,25.16,0.25,0.99,2004611.0,22063802.0,2.291,0.002248,0.007622,0.71,,,3.0396,21.1331,21.1331,0.0055,0.0055,1011660000.0,891660000.0,263017736.0,11219309400.0,9888509400.0,区域地产,房地产,房地产开发,住宅开发,12.08,9.88,0.0
2024-04-10,25.22,25.45,24.79,24.97,25.41,-0.4400000000000013,-1.73,2642505.0,28932749.0,2.291,0.002964,0.0100469999999999,0.96,,,2.9875,20.771,20.771,0.005596,0.005596,1011660000.0,891660000.0,263017736.0,11027094000.0,9719094000.0,区域地产,房地产,房地产开发,住宅开发,12.2,9.98,0.0
2024-04-11,24.77,25.45,24.67,25.2,24.97,0.2300000000000004,0.92,2060900.0,22643064.0,2.291,0.002311,0.007836,0.78,,,3.0149,20.9616,20.9616,0.005545,0.005545,1011660000.0,891660000.0,263017736.0,11128260000.0,9808260000.0,区域地产,房地产,房地产开发,住宅开发,11.99,9.81,0.0
2024-04-12,25.2,25.25,24.65,24.67,25.2,-0.5299999999999976,-2.1,2011697.0,21868318.0,2.291,0.0022559999999999,0.007649,0.83,,,2.9519,20.5233,20.5233,0.005664,0.005664,1011660000.0,891660000.0,263017736.0,10895578200.0,9603178200.0,区域地产,房地产,房地产开发,住宅开发,12.1,9.9,0.0
2024-04-15,24.95,24.97,23.14,24.01,24.67,-0.6600000000000001,-2.68,3792360.0,39508729.0,2.291,0.004253,0.014419,1.57,,,2.8724,19.9707,19.9707,0.005821,0.005821,1011660000.0,891660000.0,263017736.0,10602196800.0,9344596800.0,区域地产,房地产,房地产开发,住宅开发,11.85,9.69,0.0
2024-04-16,23.96,24.24,23.12,23.3,24.01,-0.7100000000000009,-2.96,3163573.0,32338758.0,2.291,0.003548,0.012028,1.26,,,2.7874,19.38,19.38,0.005998,0.005998,1011660000.0,891660000.0,263017736.0,10288582200.0,9068182200.0,区域地产,房地产,房地产开发,住宅开发,11.53,9.43,0.0
2024-04-17,23.37,24.15,23.37,24.15,23.3,0.8499999999999979,3.65,3269476.0,34090200.0,2.291,0.003667,0.012431,1.2,,,2.8888,20.085,20.085,0.005787,0.005787,1011660000.0,891660000.0,263017736.0,10662896399.999998,9398096400.0,区域地产,房地产,房地产开发,住宅开发,11.19,9.15,0.0
2024-04-18,23.99,24.17,23.69,23.85,24.15,-0.2999999999999971,-1.24,2723500.0,28450633.0,2.291,0.003054,0.010355,0.95,,,2.8532,19.8373,19.8373,0.00586,0.00586,1011660000.0,891660000.0,263017736.0,10531380600.0,9282180600.0,区域地产,房地产,房地产开发,住宅开发,11.59,9.49,0.0
2024-04-19,23.71,23.78,22.96,23.3,23.85,-0.5500000000000007,-2.31,2583920.0,26419846.0,2.291,0.002898,0.009824,0.86,,,2.7874,19.38,19.38,0.005998,0.005998,1011660000.0,891660000.0,263017736.0,10288582200.0,9068182200.0,区域地产,房地产,房地产开发,住宅开发,11.45,9.37,0.0
2024-04-22,23.25,23.57,22.91,23.41,23.3,0.1099999999999994,0.47,1998953.0,20328600.0,2.291,0.002242,0.0076,0.64,,,2.8011,19.4752,19.4752,0.0059689999999999,0.0059689999999999,1011660000.0,891660000.0,263017736.0,10339165200.0,9112765200.0,区域地产,房地产,房地产开发,住宅开发,11.19,9.15,0.0
2024-04-23,23.3,23.78,23.3,23.6,23.41,0.1900000000000012,0.81,1883040.0,19377768.0,2.291,0.002112,0.0071589999999999,0.69,,,2.823,19.6277,19.6277,0.0059219999999999,0.0059219999999999,1011660000.0,891660000.0,263017736.0,10420098000.0,9184098000.0,区域地产,房地产,房地产开发,住宅开发,11.24,9.2,0.0
2024-04-24,23.73,23.73,23.23,23.37,23.6,-0.2300000000000004,-0.97,1871830.0,19086552.0,2.291,0.002099,0.007117,0.75,,,2.7956,19.4371,19.4371,0.00598,0.00598,1011660000.0,891660000.0,263017736.0,10318932000.0,9094932000.0,区域地产,房地产,房地产开发,住宅开发,11.33,9.27,0.0
2024-04-25,23.25,23.94,23.21,23.71,23.37,0.3399999999999998,1.45,1852577.0,19151801.0,2.291,0.002078,0.007044,0.84,,,2.8368,19.723,19.723,0.005894,0.005894,1011660000.0,891660000.0,263017736.0,10470681000.0,9228681000.0,区域地产,房地产,房地产开发,住宅开发,11.22,9.18,0.0
2024-04-26,23.6,24.74,23.6,24.7,23.71,0.9899999999999984,4.18,3914010.0,41568408.0,2.291,0.00439,0.014881,1.92,,,2.9546,20.5424,20.5424,0.005659,0.005659,1011660000.0,891660000.0,263017736.0,10905694800.0,9612094800.0,区域地产,房地产,房地产开发,住宅开发,11.39,9.32,0.0
2024-04-29,24.86,26.44,24.81,26.35,24.7,1.650000000000002,6.68,7106507.000000001,80090330.0,2.291,0.00797,0.027019,3.08,,,3.1492,21.9144,24.19,0.005304,0.005304,1011660000.0,891660000.0,263017736.0,11634090000.0,10254090000.0,区域地产,房地产,房地产开发,住宅开发,11.86,9.7,0.0
2024-04-30,26.07,26.48,25.84,26.48,26.35,0.129999999999999,0.49,5159258.0,58995979.0,2.291,0.005786,0.019616,1.55,,,3.1656,22.0287,24.3162,0.005277,0.005277,1011660000.0,891660000.0,263017736.0,11694789600.0,10307589600.0,区域地产,房地产,房地产开发,住宅开发,12.65,10.35,0.0
2024-05-06,27.51,28.0,26.07,26.07,26.48,-0.4100000000000001,-1.55,12801398.0,150148461.0,2.291,0.014357,0.048671,3.22,,,3.1163,21.6857,23.9375,0.00536,0.00536,1011660000.0,891660000.0,263017736.0,11512690800.0,10147090800.0,区域地产,房地产,房地产开发,住宅开发,12.72,10.4,0.0
2024-05-07,25.89,26.48,25.57,26.25,26.07,0.1799999999999997,0.69,8729992.0,99162545.0,2.291,0.009791,0.033192,1.42,,,3.1382,21.8382,24.1058,0.005323,0.005323,1011660000.0,891660000.0,263017736.0,11593623600.000002,10218423600.0,区域地产,房地产,房地产开发,住宅开发,12.52,10.24,0.0
2024-05-08,26.14,26.19,25.34,25.38,26.25,-0.870000000000001,-3.31,5102084.0,57160794.0,2.291,0.005722,0.019398,0.68,,,3.0342,21.1141,23.3065,0.0055049999999999,0.0055049999999999,1011660000.0,891660000.0,263017736.0,11209192800.0,9879592800.0,区域地产,房地产,房地产开发,住宅开发,12.61,10.31,0.0
2024-05-09,25.36,25.73,25.29,25.38,25.38,0.0,0.0,3174301.0,35299742.0,2.291,0.00356,0.012069,0.41,,,3.0342,21.1141,23.3065,0.0055049999999999,0.0055049999999999,1011660000.0,891660000.0,263017736.0,11209192800.0,9879592800.0,区域地产,房地产,房地产开发,住宅开发,12.19,9.97,0.0
2024-05-10,25.57,26.37,25.34,26.14,25.38,0.7600000000000016,2.99,5610222.0,63349832.0,2.291,0.006292,0.02133,0.8,,,3.1245,21.7429,24.0007,0.005346,0.005346,1011660000.0,891660000.0,263017736.0,11543040600.0,10173840600.0,区域地产,房地产,房地产开发,住宅开发,12.19,9.97,0.0
2024-05-13,26.07,27.74,25.48,27.15,26.14,1.009999999999998,3.86,10647300.0,125090733.0,2.291,0.011941,0.0404809999999999,1.5,,,3.245,22.5814,24.9262,0.005148,0.005148,1011660000.0,891660000.0,263017736.0,11988171000.0,10566171000.0,区域地产,房地产,房地产开发,住宅开发,12.55,10.27,0.0
2024-05-14,27.19,27.68,26.92,27.26,27.15,0.1100000000000029,0.41,5870267.0,69815741.0,2.291,0.006584,0.022319,0.88,,,3.2587,22.6766,25.0314,0.0051259999999999,0.0051259999999999,1011660000.0,891660000.0,263017736.0,12038754000.0,10610754000.0,区域地产,房地产,房地产开发,住宅开发,13.04,10.67,0.0
2024-05-15,27.13,27.7,27.1,27.15,27.26,-0.1100000000000029,-0.4,5208440.0,62294708.0,2.291,0.005841,0.019803,0.86,,,3.245,22.5814,24.9262,0.005148,0.005148,1011660000.0,891660000.0,263017736.0,11988171000.0,10566171000.0,区域地产,房地产,房地产开发,住宅开发,13.09,10.71,0.0
2024-05-16,27.47,27.97,27.03,27.72,27.15,0.5700000000000003,2.1,7097897.0,85780028.0,2.291,0.00796,0.026986,1.16,,,3.3135,23.0578,25.452,0.005041,0.005041,1011660000.0,891660000.0,263017736.0,12241086000.0,10789086000.0,区域地产,房地产,房地产开发,住宅开发,13.04,10.67,0.0
2024-05-17,27.88,29.07,27.56,28.91,27.72,1.1900000000000013,4.29,12553809.0,155201382.0,2.291,0.014079,0.0477299999999999,1.82,,,3.4559,24.0487,26.5459,0.004834,0.004834,1011660000.0,891660000.0,263017736.0,12767149200.0,11252749200.0,区域地产,房地产,房地产开发,住宅开发,13.31,10.89,0.0
2024-05-20,28.57,28.66,27.79,28.16,28.91,-0.75,-2.59,10654479.0,130937883.0,2.291,0.011949,0.040509,1.29,,,3.3655,23.4198,25.8517,0.004963,0.004963,1011660000.0,891660000.0,263017736.0,12433301399.999998,10958501399.999998,区域地产,房地产,房地产开发,住宅开发,13.88,11.36,0.0
2024-05-21,28.2,28.61,27.95,28.23,28.16,0.0700000000000002,0.25,5661796.0,69706229.0,2.291,0.00635,0.021526,0.68,,,3.3737,23.477,25.9148,0.004951,0.004951,1011660000.0,891660000.0,263017736.0,12463651200.000002,10985251200.000002,区域地产,房地产,房地产开发,住宅开发,13.52,11.06,0.0
2024-05-22,28.29,28.94,28.11,28.11,28.23,-0.120000000000001,-0.43,6120638.0,76203716.0,2.291,0.006864,0.023271,0.74,,,3.36,23.3817,25.8096,0.004971,0.004971,1011660000.0,891660000.0,263017736.0,12413068200.0,10940668200.0,区域地产,房地产,房地产开发,住宅开发,13.55,11.09,0.0
2024-05-23,27.9,28.16,27.49,27.7,28.11,-0.4100000000000001,-1.46,5617817.0,68118873.0,2.291,0.0063,0.021359,0.67,,,3.3107,23.0387,25.431,0.0050449999999999,0.0050449999999999,1011660000.0,891660000.0,263017736.0,12230969400.0,10780169400.0,区域地产,房地产,房地产开发,住宅开发,13.5,11.04,0.0
2024-05-24,27.68,27.74,27.15,27.35,27.7,-0.3499999999999978,-1.26,3405725.0,40831017.0,2.291,0.00382,0.0129489999999999,0.42,,,3.2697,22.7529,25.1155,0.005109,0.005109,1011660000.0,891660000.0,263017736.0,12079220400.0,10646420400.0,区域地产,房地产,房地产开发,住宅开发,13.3,10.88,0.0
2024-05-27,27.31,27.47,26.92,27.35,27.35,0.0,0.0,3142905.0,37160686.0,2.291,0.003525,0.011949,0.5,,,3.2697,22.7529,25.1155,0.005109,0.005109,1011660000.0,891660000.0,263017736.0,12079220400.0,10646420400.0,区域地产,房地产,房地产开发,住宅开发,13.13,10.75,0.0
2024-05-28,27.58,27.72,26.92,27.01,27.35,-0.3399999999999998,-1.24,2787700.0,33054295.0,2.291,0.003126,0.010599,0.58,,,3.2286,22.467,24.8,0.005174,0.005174,1011660000.0,891660000.0,263017736.0,11927471399.999998,10512671399.999998,区域地产,房地产,房地产开发,住宅开发,13.13,10.75,0.0
2024-05-29,27.01,27.68,27.01,27.17,27.01,0.1600000000000001,0.59,3762044.0,44823540.0,2.291,0.004219,0.014303,0.89,,,3.2478,22.6004,24.9472,0.005143,0.005143,1011660000.0,891660000.0,263017736.0,11998287600.0,10575087600.0,区域地产,房地产,房地产开发,住宅开发,12.97,10.61,0.0
2024-05-30,26.8,26.9,26.35,26.62,27.17,-0.5500000000000007,-2.02,4527293.0,52585011.0,2.291,0.005077,0.017213,1.21,,,3.182,22.1431,24.4424,0.00525,0.00525,1011660000.0,891660000.0,263017736.0,11755489200.0,10361089200.0,区域地产,房地产,房地产开发,住宅开发,13.05,10.67,0.0
2024-05-31,26.62,27.42,26.62,27.19,26.62,0.5700000000000003,2.14,3697633.0,43764122.0,2.291,0.004147,0.014058,1.05,,,3.2505,22.6195,24.9682,0.005139,0.005139,1011660000.0,891660000.0,263017736.0,12008404200.0,10584004200.0,区域地产,房地产,房地产开发,住宅开发,12.78,10.46,0.0
2024-06-03,27.03,27.06,26.3,26.58,27.19,-0.610000000000003,-2.24,3227300.0,37498216.0,2.291,0.003619,0.01227,0.9,,,3.1766,22.105,24.4003,0.005259,0.005259,1011660000.0,891660000.0,263017736.0,11735256000.0,10343256000.0,区域地产,房地产,房地产开发,住宅开发,13.06,10.68,0.0
2024-06-04,26.37,27.1,26.19,27.03,26.58,0.4500000000000028,1.69,3733600.0,43572493.0,2.291,0.004187,0.014195,1.04,,,3.2313,22.4861,24.821,0.005169,0.005169,1011660000.0,891660000.0,263017736.0,11937588000.0,10521588000.0,区域地产,房地产,房地产开发,住宅开发,12.76,10.44,0.0
2024-06-05,26.92,27.19,26.39,26.42,27.03,-0.6099999999999994,-2.26,2073100.0,24159161.0,2.291,0.002325,0.007882,0.55,,,3.1574,21.9716,24.2531,0.005291,0.005291,1011660000.0,891660000.0,263017736.0,11664439800.0,10280839800.0,区域地产,房地产,房地产开发,住宅开发,12.98,10.62,0.0
2024-06-06,26.28,26.62,25.29,25.66,26.42,-0.7600000000000016,-2.88,3222051.0,36245355.0,2.291,0.003614,0.01225,0.93,,,3.067,21.3427,23.5589,0.0054459999999999,0.0054459999999999,1011660000.0,891660000.0,263017736.0,11330592000.0,9986592000.0,区域地产,房地产,房地产开发,住宅开发,12.68,10.38,0.0
2024-06-07,25.64,26.07,25.61,25.98,25.66,0.3200000000000003,1.25,2504900.0,28276497.0,2.291,0.002809,0.009524,0.79,,,3.1054,21.6095,23.8534,0.005379,0.005379,1011660000.0,891660000.0,263017736.0,11472224400.0,10111424400.0,区域地产,房地产,房地产开发,住宅开发,12.32,10.08,0.0
2024-06-11,26.0,26.14,25.41,26.0,25.98,0.0199999999999995,0.08,2396813.0,27021463.0,2.291,0.002688,0.009113,0.81,,,3.1081,21.6286,23.8744,0.005374,0.005374,1011660000.0,891660000.0,263017736.0,11482341000.0,10120341000.0,区域地产,房地产,房地产开发,住宅开发,12.47,10.21,0.0
2024-06-12,26.09,26.14,25.36,25.41,26.0,-0.5899999999999999,-2.27,2288801.0,25658942.0,2.291,0.002567,0.008702,0.82,,,3.0369,21.1331,23.3275,0.0055,0.0055,1011660000.0,891660000.0,263017736.0,11219309400.0,9888509400.0,区域地产,房地产,房地产开发,住宅开发,12.49,10.22,0.0
2024-06-13,25.57,25.66,24.97,25.16,25.41,-0.25,-0.98,2000700.0,21994007.0,2.291,0.002244,0.007607,0.8,,,3.0068,20.9235,23.0962,0.005556,0.005556,1011660000.0,891660000.0,263017736.0,11108026800.0,9790426800.0,区域地产,房地产,房地产开发,住宅开发,12.2,9.98,0.0
2024-06-14,25.18,25.59,24.99,25.48,25.16,0.3200000000000003,1.27,2525855.0,27921589.0,2.291,0.002833,0.009603,1.02,,,3.0451,21.1903,23.3906,0.0054859999999999,0.0054859999999999,1011660000.0,891660000.0,263017736.0,11249659200.0,9915259200.0,区域地产,房地产,房地产开发,住宅开发,12.08,9.88,0.0
2024-06-17,25.27,25.54,25.11,25.13,25.48,-0.3500000000000014,-1.37,1894365.0,20914854.0,2.291,0.002125,0.0072019999999999,0.81,,,3.004,20.9044,23.0751,0.005561,0.005561,1011660000.0,891660000.0,263017736.0,11097910200.0,9781510200.0,区域地产,房地产,房地产开发,住宅开发,12.23,10.01,0.0
2024-06-18,24.86,25.41,24.86,25.36,25.13,0.2300000000000004,0.92,2434800.0,26811766.0,2.291,0.002731,0.009257,1.1,,,3.0314,21.095,23.2855,0.00551,0.00551,1011660000.0,891660000.0,263017736.0,11199076200.000002,9870676200.0,区域地产,房地产,房地产开发,住宅开发,12.07,9.87,0.0
2024-06-19,25.36,25.5,25.09,25.13,25.36,-0.2300000000000004,-0.91,1820000.0,20063628.0,2.291,0.002041,0.0069199999999999,0.82,,,3.004,20.9044,23.0751,0.005561,0.005561,1011660000.0,891660000.0,263017736.0,11097910200.0,9781510200.0,区域地产,房地产,房地产开发,住宅开发,12.18,9.96,0.0
2024-06-20,25.22,25.27,24.67,24.81,25.13,-0.3200000000000003,-1.27,2396665.0,26057001.0,2.291,0.002688,0.009112,1.12,,,2.9657,20.6377,22.7806,0.005633,0.005633,1011660000.0,891660000.0,263017736.0,10956277800.0,9656677800.0,区域地产,房地产,房地产开发,住宅开发,12.07,9.87,0.0
2024-06-21,24.72,25.02,24.49,24.67,24.81,-0.139999999999997,-0.56,1885350.0,20328449.0,2.291,0.002114,0.007168,0.85,,,2.9493,20.5233,22.6544,0.005664,0.005664,1011660000.0,891660000.0,263017736.0,10895578200.0,9603178200.0,区域地产,房地产,房地产开发,住宅开发,11.91,9.75,0.0
2024-06-24,24.56,24.63,23.62,23.8,24.67,-0.870000000000001,-3.53,2612146.0,27411340.0,2.291,0.00293,0.009931,1.25,,,2.8452,19.7992,21.8551,0.0058709999999999,0.0058709999999999,1011660000.0,891660000.0,263017736.0,10511147400.0,9264347400.0,区域地产,房地产,房地产开发,住宅开发,11.85,9.69,0.0
2024-06-25,23.9,24.84,23.65,24.38,23.81,0.5700000000000003,2.39,2895694.0,30712102.0,2.2912,0.0032479999999999,0.0110099999999999,1.3,,,2.9137,20.2756,22.381,0.005733,0.005733,1011660000.0,891660000.0,263017736.0,10764062400.0,9487262400.0,区域地产,房地产,房地产开发,住宅开发,11.43,9.35,0.0
2024-06-26,24.38,24.83,24.19,24.74,24.38,0.3599999999999994,1.48,2448496.0,26302834.0,2.291,0.002746,0.009309,1.05,,,2.9575,20.5805,22.7175,0.0056479999999999,0.0056479999999999,1011660000.0,891660000.0,263017736.0,10925928000.0,9629928000.0,区域地产,房地产,房地产开发,住宅开发,11.7,9.58,0.0
2024-06-27,24.79,25.04,24.33,24.47,24.74,-0.2699999999999996,-1.09,2449940.0,26378971.0,2.291,0.002748,0.009315,1.0,,,2.9246,20.3518,22.4651,0.005712,0.005712,1011660000.0,891660000.0,263017736.0,10804528799.999998,9522928800.0,区域地产,房地产,房地产开发,住宅开发,11.88,9.72,0.0
2024-06-28,24.1,24.83,24.1,24.35,24.47,-0.1199999999999974,-0.49,2298899.0,24630866.0,2.291,0.0025779999999999,0.00874,0.94,,,2.9109,20.2565,22.3599,0.005738,,1011660000.0,891660000.0,263017736.0,10753945800.0,9478345800.0,区域地产,房地产,房地产开发,住宅开发,11.75,9.61,0.0
2024-07-01,24.79,25.45,24.63,24.99,24.35,0.639999999999997,2.63,4979700.0,54459642.0,2.291,0.005585,0.018933,1.96,,,2.9876,20.7901,22.9489,0.005591,,1011660000.0,891660000.0,263017736.0,11037210600.0,9728010600.0,区域地产,房地产,房地产开发,住宅开发,11.69,9.57,0.0
2024-07-02,24.99,25.66,24.77,25.41,24.99,0.4200000000000017,1.68,2985500.0,33030356.0,2.291,0.003348,0.011351,0.99,,,3.0369,21.1331,23.3275,0.0055,,1011660000.0,891660000.0,263017736.0,11219309400.0,9888509400.0,区域地产,房地产,房地产开发,住宅开发,12.0,9.82,0.0
2024-07-03,25.36,26.14,25.27,26.05,25.41,0.6400000000000006,2.52,2787025.0,31524582.0,2.291,0.003126,0.010596,0.92,,,3.1136,21.6667,23.9165,0.005365,,1011660000.0,891660000.0,263017736.0,11502574200.0,10138174200.0,区域地产,房地产,房地产开发,住宅开发,12.2,9.98,0.0
2024-07-04,26.0,26.05,24.93,25.09,26.05,-0.9600000000000009,-3.69,3008893.0,33448248.0,2.291,0.003374,0.0114399999999999,0.97,,,2.9986,20.8663,23.0331,0.005571,,1011660000.0,891660000.0,263017736.0,11077677000.0,9763677000.0,区域地产,房地产,房地产开发,住宅开发,12.51,10.23,0.0
2024-07-05,24.77,25.27,24.77,24.88,25.09,-0.2100000000000008,-0.84,1792000.0,19523807.0,2.291,0.00201,0.006813,0.56,,,2.9739,20.6948,22.8437,0.005617,,1011660000.0,891660000.0,263017736.0,10986627600.0,9683427600.0,区域地产,房地产,房地产开发,住宅开发,12.05,9.86,0.0
2024-07-08,24.9,24.97,24.26,24.33,24.88,-0.5500000000000007,-2.21,2160800.0,23128004.0,2.291,0.002423,0.008215,0.69,,,2.9082,20.2375,22.3389,0.005744,,1011660000.0,891660000.0,263017736.0,10743829200.0,9469429200.0,区域地产,房地产,房地产开发,住宅开发,11.95,9.77,0.0
2024-07-09,24.28,24.58,23.71,24.33,24.33,0.0,0.0,2547200.0,26867732.0,2.291,0.002857,0.009685,1.0,,,2.9082,20.2375,22.3389,0.005744,,1011660000.0,891660000.0,263017736.0,10743829200.0,9469429200.0,区域地产,房地产,房地产开发,住宅开发,11.68,9.56,0.0
2024-07-10,24.31,24.31,23.76,23.87,24.33,-0.4599999999999973,-1.89,2364512.0,24821474.0,2.291,0.002652,0.00899,0.96,,,2.8534,19.8564,21.9182,0.005854,,1011660000.0,891660000.0,263017736.0,10541497200.0,9291097200.0,区域地产,房地产,房地产开发,住宅开发,11.68,9.56,0.0
2024-07-11,24.26,24.54,24.01,24.24,23.87,0.3699999999999974,1.55,1865244.0,19783712.0,2.291,0.002092,0.007092,0.79,,,2.8972,20.1613,22.2548,0.005766,,1011660000.0,891660000.0,263017736.0,10703362800.0,9433762800.0,区域地产,房地产,房地产开发,住宅开发,11.46,9.38,0.0
2024-07-12,24.31,25.16,24.28,24.44,24.24,0.2000000000000028,0.83,3216612.0,34632660.0,2.291,0.003607,0.01223,1.5,,,2.9219,20.3328,22.4441,0.005717,,1011660000.0,891660000.0,263017736.0,10794412200.0,9514012200.0,区域地产,房地产,房地产开发,住宅开发,11.64,9.52,0.0
2024-07-15,24.4,24.54,23.73,23.85,24.44,-0.5899999999999999,-2.41,2878900.0,30188114.0,2.291,0.003229,0.010946,1.18,,,2.8507,19.8373,21.8972,0.00586,,1011660000.0,891660000.0,263017736.0,10531380600.0,9282180600.0,区域地产,房地产,房地产开发,住宅开发,11.74,9.6,0.0
2024-07-16,23.69,23.83,23.35,23.57,23.85,-0.2800000000000011,-1.17,2586000.0,26617782.0,2.291,0.0029,0.009832,1.0,,,2.8178,19.6086,21.6448,0.005928,,1011660000.0,891660000.0,263017736.0,10409981400.0,9175181400.0,区域地产,房地产,房地产开发,住宅开发,11.45,9.37,0.0
2024-07-17,23.62,24.42,23.48,24.01,23.57,0.4400000000000013,1.87,3037800.0,31758888.0,2.291,0.003407,0.01155,1.18,,,2.8699,19.9707,22.0444,0.005821,,1011660000.0,891660000.0,263017736.0,10602196800.0,9344596800.0,区域地产,房地产,房地产开发,住宅开发,11.32,9.26,0.0
2024-07-18,23.83,23.96,23.55,23.87,24.01,-0.1400000000000005,-0.58,2023044.0,20971719.0,2.291,0.0022689999999999,0.007692,0.74,,,2.8534,19.8564,21.9182,0.005854,,1011660000.0,891660000.0,263017736.0,10541497200.0,9291097200.0,区域地产,房地产,房地产开发,住宅开发,11.53,9.43,0.0
2024-07-19,23.83,23.83,23.16,23.37,23.87,-0.5,-2.09,2345856.0,23922460.0,2.291,0.002631,0.008919,0.85,,,2.7932,19.4371,21.4554,0.00598,,1011660000.0,891660000.0,263017736.0,10318932000.0,9094932000.0,区域地产,房地产,房地产开发,住宅开发,11.46,9.38,0.0
2024-07-22,23.37,23.78,23.18,23.64,23.37,0.2699999999999996,1.16,2005032.0,20609040.0,2.291,0.0022489999999999,0.007623,0.78,,,2.826,19.6658,21.7079,0.005911,,1011660000.0,891660000.0,263017736.0,10440331200.0,9201931200.0,区域地产,房地产,房地产开发,住宅开发,11.22,9.18,0.0
2024-07-23,23.69,24.19,23.55,23.64,23.64,0.0,0.0,2476085.0,25811908.0,2.291,0.002777,0.009414,1.03,,,2.826,19.6658,21.7079,0.005911,,1011660000.0,891660000.0,263017736.0,10440331200.0,9201931200.0,区域地产,房地产,房地产开发,住宅开发,11.35,9.29,0.0
2024-07-24,23.64,23.69,23.0,23.12,23.64,-0.5199999999999996,-2.2,2029000.0,20636635.0,2.291,0.002276,0.0077139999999999,0.85,,,2.7631,19.2275,21.2241,0.006046,,1011660000.0,891660000.0,263017736.0,10207649400.0,8996849400.0,区域地产,房地产,房地产开发,住宅开发,11.35,9.29,0.0
2024-07-25,22.91,23.67,22.91,23.64,23.12,0.5199999999999996,2.25,2033240.0,20756635.0,2.291,0.00228,0.00773,0.93,,,2.826,19.6658,21.7079,0.005911,,1011660000.0,891660000.0,263017736.0,10440331200.0,9201931200.0,区域地产,房地产,房地产开发,住宅开发,11.1,9.08,0.0
2024-07-26,23.8,23.99,23.6,23.87,23.64,0.2300000000000004,0.97,1643225.0,17074094.0,2.291,0.001843,0.006248,0.75,,,2.8534,19.8564,21.9182,0.005854,,1011660000.0,891660000.0,263017736.0,10541497200.0,9291097200.0,区域地产,房地产,房地产开发,住宅开发,11.35,9.29,0.0
2024-07-29,23.83,23.94,23.39,23.53,23.87,-0.3399999999999998,-1.42,1463038.0,15029762.0,2.291,0.0016409999999999,0.005563,0.72,,,2.8123,19.5705,21.6027,0.00594,,1011660000.0,891660000.0,263017736.0,10389748200.0,9157348200.0,区域地产,房地产,房地产开发,住宅开发,11.46,9.38,0.0
2024-07-30,23.37,24.03,23.35,23.94,23.53,0.4100000000000001,1.74,1751209.0,18132447.0,2.291,0.001964,0.006658,0.91,,,2.8616,19.9135,21.9813,0.005837,,1011660000.0,891660000.0,263017736.0,10571847000.0,9317847000.0,区域地产,房地产,房地产开发,住宅开发,11.3,9.24,0.0
2024-07-31,23.92,24.47,23.9,24.47,23.94,0.5299999999999976,2.21,2492575.0,26451712.0,2.291,0.002795,0.009477,1.4,,,2.9246,20.3518,22.4651,0.005712,,1011660000.0,891660000.0,263017736.0,10804528799.999998,9522928800.0,区域地产,房地产,房地产开发,住宅开发,11.5,9.41,0.0
2024-08-01,24.54,24.74,23.9,24.22,24.47,-0.25,-1.02,2880877.0,30466866.0,2.291,0.003231,0.010953,1.54,,,2.8945,20.1422,22.2337,0.0057709999999999,,1011660000.0,891660000.0,263017736.0,10693246200.000002,9424846200.0,区域地产,房地产,房地产开发,住宅开发,11.75,9.61,0.0
2024-08-02,24.19,24.86,24.01,24.28,24.22,0.0600000000000022,0.25,3536800.0,37722400.0,2.291,0.003967,0.013447,1.73,,,2.9027,20.1994,22.2968,0.005755,,1011660000.0,891660000.0,263017736.0,10723596000.0,9451596000.0,区域地产,房地产,房地产开发,住宅开发,11.63,9.51,0.0
2024-08-05,24.1,24.63,23.78,23.78,24.28,-0.5,-2.06,3028417.0,32070266.0,2.291,0.003396,0.011514,1.25,,,2.8425,19.7801,21.8341,0.005877,,1011660000.0,891660000.0,263017736.0,10501030800.0,9255430800.0,区域地产,房地产,房地产开发,住宅开发,11.66,9.54,0.0
2024-08-06,24.19,24.63,23.9,24.61,23.78,0.8299999999999983,3.49,2765005.0,29370642.0,2.291,0.003101,0.010513,1.01,,,2.941,20.4662,22.5913,0.0056799999999999,,1011660000.0,891660000.0,263017736.0,10865228400.0,9576428400.0,区域地产,房地产,房地产开发,住宅开发,11.42,9.34,0.0
2024-08-07,24.63,24.83,24.1,24.7,24.61,0.0899999999999998,0.37,2758586.0,29468098.0,2.291,0.003094,0.0104879999999999,0.94,,,2.952,20.5424,22.6755,0.005659,,1011660000.0,891660000.0,263017736.0,10905694800.0,9612094800.0,区域地产,房地产,房地产开发,住宅开发,11.81,9.67,0.0
2024-08-08,25.54,25.87,24.47,24.88,24.7,0.1799999999999997,0.73,6867447.0,75037007.0,2.291,0.007702,0.02611,2.29,,,2.9739,20.6948,22.8437,0.005617,,1011660000.0,891660000.0,263017736.0,10986627600.0,9683427600.0,区域地产,房地产,房地产开发,住宅开发,11.86,9.7,0.0
2024-08-09,24.26,25.77,24.06,25.34,24.88,0.4600000000000008,1.85,6488951.0,71308557.0,2.291,0.007277,0.024671,1.71,,,3.0287,21.0759,23.2644,0.005515,,1011660000.0,891660000.0,263017736.0,11188959600.0,9861759600.0,区域地产,房地产,房地产开发,住宅开发,11.95,9.77,0.0
2024-08-12,24.99,25.29,24.22,24.28,25.34,-1.0599999999999987,-4.18,3635325.0,39043424.0,2.291,0.004077,0.013822,0.83,,,2.9027,20.1994,22.2968,0.005755,,1011660000.0,891660000.0,263017736.0,10723596000.0,9451596000.0,区域地产,房地产,房地产开发,住宅开发,12.17,9.95,0.0
2024-08-13,24.22,24.4,23.94,24.35,24.28,0.0700000000000002,0.29,2104600.0,22229557.0,2.291,0.0023599999999999,0.008002,0.47,,,2.9109,20.2565,22.3599,0.005738,,1011660000.0,891660000.0,263017736.0,10753945800.0,9478345800.0,区域地产,房地产,房地产开发,住宅开发,11.66,9.54,0.0
2024-08-14,24.19,24.54,24.19,24.33,24.35,-0.0200000000000031,-0.08,1495205.0,15924620.0,2.291,0.0016769999999999,0.005685,0.34,,,2.9082,20.2375,22.3389,0.005744,,1011660000.0,891660000.0,263017736.0,10743829200.0,9469429200.0,区域地产,房地产,房地产开发,住宅开发,11.69,9.57,0.0
2024-08-15,24.22,25.02,24.06,24.86,24.33,0.5300000000000011,2.18,3015100.0,32486219.0,2.291,0.003381,0.011463,0.73,,,2.9712,20.6758,22.8227,0.005622,,1011660000.0,891660000.0,263017736.0,10976511000.0,9674511000.0,区域地产,房地产,房地产开发,住宅开发,11.68,9.56,0.0
2024-08-16,24.79,24.93,24.44,24.49,24.86,-0.370000000000001,-1.49,1810900.0,19436400.0,2.291,0.002031,0.006885,0.54,,,2.9274,20.3709,22.4861,0.005706,,1011660000.0,891660000.0,263017736.0,10814645400.0,9531845400.0,区域地产,房地产,房地产开发,住宅开发,11.94,9.77,0.0
2024-08-19,24.54,24.86,24.22,24.7,24.49,0.2100000000000008,0.86,1688800.9999999998,18120800.0,2.291,0.001894,0.006421,0.7,,,2.952,20.5424,22.6755,0.005659,,1011660000.0,891660000.0,263017736.0,10905694800.0,9612094800.0,区域地产,房地产,房地产开发,住宅开发,11.76,9.62,0.0
2024-08-20,24.79,24.79,24.03,24.19,24.7,-0.509999999999998,-2.06,1946866.0,20633437.0,2.291,0.002183,0.007402,0.96,,,2.8918,20.1231,22.2127,0.005777,,1011660000.0,891660000.0,263017736.0,10683129600.0,9415929600.0,区域地产,房地产,房地产开发,住宅开发,11.86,9.7,0.0
2024-08-21,24.19,24.51,24.1,24.31,24.19,0.1199999999999974,0.5,1562921.0,16605222.000000002,2.291,0.001753,0.0059419999999999,0.78,,,2.9055,20.2184,22.3179,0.005749,,1011660000.0,891660000.0,263017736.0,10733712600.0,9460512600.0,区域地产,房地产,房地产开发,住宅开发,11.62,9.5,0.0
2024-08-22,24.28,24.61,24.03,24.1,24.31,-0.2099999999999973,-0.86,1520572.0,16104561.0,2.291,0.001705,0.005781,0.76,,,2.8808,20.0469,22.1286,0.005798,,1011660000.0,891660000.0,263017736.0,10642663200.0,9380263200.0,区域地产,房地产,房地产开发,住宅开发,11.67,9.55,0.0
2024-08-23,24.01,24.38,23.9,24.35,24.1,0.25,1.04,1795804.0,18969617.0,2.291,0.002014,0.006828,1.05,,,2.9109,20.2565,22.3599,0.005738,,1011660000.0,891660000.0,263017736.0,10753945800.0,9478345800.0,区域地产,房地产,房地产开发,住宅开发,11.57,9.47,0.0
2024-08-26,24.31,24.58,23.83,24.42,24.35,0.0700000000000002,0.29,2436566.0,25845787.0,2.291,0.0027329999999999,0.009264,1.43,,,2.9189,20.3137,26.8603,0.005722,,1011660000.0,891660000.0,263017736.0,10784295600.0,9505095600.0,区域地产,房地产,房地产开发,住宅开发,11.69,9.57,0.0
2024-08-27,24.1,24.38,24.03,24.35,24.42,-0.0700000000000002,-0.29,1885925.0,19910085.0,2.291,0.002115,0.0071699999999999,1.02,,,2.9106,20.2565,26.7847,0.005738,,1011660000.0,891660000.0,263017736.0,10753945800.0,9478345800.0,区域地产,房地产,房地产开发,住宅开发,11.73,9.59,0.0
2024-08-28,24.35,24.44,24.12,24.22,24.35,-0.1300000000000025,-0.53,1574800.0,16690000.0,2.291,0.001766,0.005987,0.86,,,2.8942,20.1422,26.6335,0.0057709999999999,,1011660000.0,891660000.0,263017736.0,10693246200.000002,9424846200.0,区域地产,房地产,房地产开发,住宅开发,11.69,9.57,0.0
2024-08-29,24.03,24.74,24.03,24.74,24.22,0.5199999999999996,2.15,2422800.0,25919483.0,2.291,0.002717,0.009212,1.31,,,2.9572,20.5805,27.213,0.0056479999999999,,1011660000.0,891660000.0,263017736.0,10925928000.0,9629928000.0,区域地产,房地产,房地产开发,住宅开发,11.63,9.51,0.0
2024-08-30,24.61,25.91,24.58,25.5,24.74,0.7600000000000016,3.07,5016900.0,55730547.0,2.291,0.005626,0.019074,2.48,,,3.0475,21.2093,28.0445,0.005481,,1011660000.0,891660000.0,263017736.0,11259775800.0,9924175800.0,区域地产,房地产,房地产开发,住宅开发,11.88,9.72,0.0
2024-09-02,25.34,25.38,24.83,24.99,25.5,-0.5100000000000016,-2.0,3323129.0,36394120.0,2.291,0.003727,0.012635,1.25,,,2.9873,20.7901,27.4902,0.005591,,1011660000.0,891660000.0,263017736.0,11037210600.0,9728010600.0,区域地产,房地产,房地产开发,住宅开发,12.24,10.02,0.0
2024-09-03,24.88,25.57,24.81,25.34,24.99,0.3500000000000014,1.4,2791600.0,30749107.0,2.291,0.003131,0.0106139999999999,0.98,,,3.0284,21.0759,27.8682,0.005515,,1011660000.0,891660000.0,263017736.0,11188959600.0,9861759600.0,区域地产,房地产,房地产开发,住宅开发,12.0,9.82,0.0
2024-09-04,25.22,25.71,24.93,24.97,25.34,-0.370000000000001,-1.46,2897420.0,32039073.0,2.291,0.003249,0.011016,0.96,,,2.9846,20.771,27.465,0.005596,,1011660000.0,891660000.0,263017736.0,11027094000.0,9719094000.0,区域地产,房地产,房地产开发,住宅开发,12.17,9.95,0.0
2024-09-05,25.11,25.73,25.04,25.64,24.97,0.6700000000000017,2.68,3131600.0,34887113.0,2.291,0.003512,0.011906,0.95,,,3.064,21.3237,28.1957,0.005451,,1011660000.0,891660000.0,263017736.0,11320475400.0,9977675400.0,区域地产,房地产,房地产开发,住宅开发,11.99,9.81,0.0
2024-09-06,25.48,25.84,25.43,25.61,25.64,-0.0300000000000011,-0.12,2246525.0,25142747.0,2.291,0.002519,0.008541,0.65,,,3.0612,21.3046,28.1705,0.005456,,1011660000.0,891660000.0,263017736.0,11310358799.999998,9968758800.0,区域地产,房地产,房地产开发,住宅开发,12.31,10.07,0.0
2024-09-09,25.64,26.23,25.34,25.96,25.61,0.3500000000000014,1.37,3279825.0,37086769.0,2.291,0.003678,0.01247,1.14,,,3.1023,21.5905,28.5485,0.005384,,1011660000.0,891660000.0,263017736.0,11462107800.0,10102507800.0,区域地产,房地产,房地产开发,住宅开发,12.3,10.06,0.0
2024-09-10,25.96,26.28,25.52,25.8,25.96,-0.1600000000000001,-0.62,2455988.0,27703877.0,2.291,0.002754,0.0093379999999999,0.86,,,3.0831,21.4571,28.3721,0.005417,,1011660000.0,891660000.0,263017736.0,11391291600.0,10040091600.0,区域地产,房地产,房地产开发,住宅开发,12.46,10.2,0.0
2024-09-11,25.71,25.89,25.32,25.52,25.8,-0.2800000000000011,-1.09,3019300.0,33658066.0,2.291,0.003386,0.011479,1.08,,,3.0503,21.2284,28.0697,0.005476,,1011660000.0,891660000.0,263017736.0,11269892400.0,9933092400.0,区域地产,房地产,房地产开发,住宅开发,12.39,10.13,0.0
2024-09-12,25.43,25.89,25.34,25.57,25.52,0.0500000000000007,0.2,2243497.0,25147826.0,2.291,0.002516,0.00853,0.79,,,3.0558,21.2665,28.1201,0.0054659999999999,,1011660000.0,891660000.0,263017736.0,11290125600.0,9950925600.0,区域地产,房地产,房地产开发,住宅开发,12.25,10.03,0.0
2024-09-13,25.73,26.32,25.64,26.05,25.57,0.4800000000000004,1.88,4146700.0,47210022.0,2.291,0.004651,0.015766,1.57,,,3.1133,21.6667,28.6493,0.005365,,1011660000.0,891660000.0,263017736.0,11502574200.0,10138174200.0,区域地产,房地产,房地产开发,住宅开发,12.28,10.04,0.0
2024-09-18,26.05,26.8,26.0,26.8,26.05,0.75,2.88,5253045.0,60783695.0,2.291,0.0058909999999999,0.019972,1.73,,,3.2036,22.2955,29.4808,0.005214,,1011660000.0,891660000.0,263017736.0,11836422000.0,10432422000.0,区域地产,房地产,房地产开发,住宅开发,12.51,10.23,0.0
2024-09-19,26.8,27.15,26.53,26.94,26.8,0.1400000000000005,0.52,4760586.0,55849572.0,2.291,0.005339,0.0181,1.39,,,3.2201,22.4099,29.632,0.005187,,1011660000.0,891660000.0,263017736.0,11897121600.0,10485921600.0,区域地产,房地产,房地产开发,住宅开发,12.87,10.53,0.0
2024-09-20,26.8,27.65,26.6,27.49,26.94,0.5499999999999972,2.04,6182600.0,73596932.0,2.291,0.006934,0.023506,1.59,,,3.2858,22.8672,30.2367,0.005083,,1011660000.0,891660000.0,263017736.0,12139920000.0,10699920000.0,区域地产,房地产,房地产开发,住宅开发,12.94,10.58,0.0
2024-09-23,27.49,28.36,27.38,28.11,27.49,0.620000000000001,2.26,4926791.0,60109933.0,2.291,0.0055249999999999,0.018732,1.09,,,3.3597,23.3817,30.917,0.004971,,1011660000.0,891660000.0,263017736.0,12413068200.0,10940668200.0,区域地产,房地产,房地产开发,住宅开发,13.2,10.8,0.0
2024-09-24,28.57,29.76,27.95,29.46,28.11,1.3500000000000014,4.8,8699743.0,109719209.0,2.291,0.009757,0.033077,1.72,,,3.5212,24.506,32.4037,0.004743,,1011660000.0,891660000.0,263017736.0,13009947600.0,11466747600.0,区域地产,房地产,房地产开发,住宅开发,13.5,11.04,0.0
2024-09-25,29.55,30.24,29.23,29.74,29.46,0.2799999999999976,0.95,7199588.0,93604591.0,2.291,0.008074,0.0273729999999999,1.21,,,3.5541,24.7347,32.706,0.0046999999999999,,1011660000.0,891660000.0,263017736.0,13131346800.0,11573746800.0,区域地产,房地产,房地产开发,住宅开发,14.15,11.57,0.0
2024-09-26,29.67,32.72,29.67,32.72,29.74,2.9800000000000004,10.02,12193399.0,170520473.0,2.291,0.013675,0.04636,1.92,,,3.9101,27.212,35.9817,0.004272,,1011660000.0,891660000.0,263017736.0,14446504800.0,12732904800.0,区域地产,房地产,房地产开发,住宅开发,14.28,11.68,0.0
2024-09-27,34.23,35.99,33.68,35.99,32.72,3.270000000000003,9.99,23401727.0,358200339.0,2.291,0.0262449999999999,0.088974,2.98,,,4.3016,29.937,39.5849,0.0038829999999999,,1011660000.0,891660000.0,263017736.0,15893178600.000002,14007978600.000002,区域地产,房地产,房地产开发,住宅开发,15.71,12.85,0.0
2024-09-30,37.8,39.59,35.08,37.96,35.99,1.9699999999999989,5.47,56412824.0,937841879.0,2.291,0.063267,0.214483,5.0,,,4.5371,31.5758,41.7519,0.003681,,1011660000.0,891660000.0,263017736.0,16763206200.000002,14774806200.000002,区域地产,房地产,房地产开发,住宅开发,17.28,14.14,0.0
2024-10-08,40.09,41.22,34.8,35.63,37.96,-2.3299999999999983,-6.14,55006325.0,911741791.0,2.291,0.0616899999999999,0.209135,2.55,,,4.2578,29.6321,39.1817,0.0039229999999999,,1011660000.0,891660000.0,263017736.0,15731313000.0,13865313000.0,区域地产,房地产,房地产开发,住宅开发,18.23,14.91,0.0
2024-10-09,34.23,34.23,32.07,32.07,35.63,-3.5600000000000023,-9.99,33367593.0,478482774.0,2.291,0.037422,0.126864,1.08,,,3.8334,26.6784,35.2762,0.004357,,1011660000.0,891660000.0,263017736.0,14163240000.0,12483240000.0,区域地产,房地产,房地产开发,住宅开发,17.11,14.0,0.0
2024-10-10,31.64,33.15,31.64,32.05,32.07,-0.0200000000000031,-0.06,18287253.0,258211993.0,2.291,0.020509,0.069529,0.51,,,3.8307,26.6594,35.251,0.00436,,1011660000.0,891660000.0,263017736.0,14153123400.0,12474323400.0,区域地产,房地产,房地产开发,住宅开发,15.4,12.6,0.0
2024-10-11,32.07,32.78,31.07,31.71,32.05,-0.3399999999999963,-1.06,13059001.0,182777550.0,2.291,0.014646,0.0496509999999999,0.35,,,3.7896,26.3735,34.873,0.004408,,1011660000.0,891660000.0,263017736.0,14001374400.0,12340574400.0,区域地产,房地产,房地产开发,住宅开发,15.39,12.59,0.0
2024-10-14,32.21,32.74,31.43,32.35,31.71,0.6400000000000006,2.02,12925095.0,181393711.0,2.291,0.014496,0.049142,0.37,,,3.8663,26.9071,35.5785,0.00432,,1011660000.0,891660000.0,263017736.0,14284639200.0,12590239200.0,区域地产,房地产,房地产开发,住宅开发,15.22,12.46,0.0
2024-10-15,31.84,32.72,31.39,31.5,32.35,-0.8500000000000014,-2.63,12869773.0,180329615.0,2.291,0.014433,0.0489309999999999,0.49,,,3.7649,26.202,34.6462,0.004436,,1011660000.0,891660000.0,263017736.0,13910325000.0,12260325000.0,区域地产,房地产,房地产开发,住宅开发,15.53,12.71,0.0
2024-10-16,31.36,33.52,31.34,33.45,31.5,1.9500000000000028,6.19,19645883.0,280226391.0,2.291,0.022033,0.074694,1.09,,,3.9977,27.8218,36.788,0.004178,,1011660000.0,891660000.0,263017736.0,14770236000.0,13018236000.0,区域地产,房地产,房地产开发,住宅开发,15.13,12.38,0.0
2024-10-17,33.52,33.54,31.41,31.48,33.45,-1.9700000000000024,-5.89,16637123.000000002,234217660.0,2.291,0.018659,0.063255,1.08,,,3.7622,26.183,34.621,0.00444,,1011660000.0,891660000.0,263017736.0,13900208400.0,12251408400.0,区域地产,房地产,房地产开发,住宅开发,16.06,13.14,0.0
2024-10-18,31.27,32.62,30.93,32.33,31.48,0.8499999999999979,2.7,14249620.000000002,200032134.0,2.291,0.015981,0.054177,0.95,,,3.8635,26.888,35.5533,0.004323,,1011660000.0,891660000.0,263017736.0,14274522600.0,12581322600.0,区域地产,房地产,房地产开发,住宅开发,15.11,12.37,0.0
2024-10-21,31.91,32.94,31.68,32.6,32.33,0.2700000000000031,0.84,11476591.0,162690653.0,2.291,0.0128709999999999,0.043634,0.75,,,3.8964,27.1167,35.8557,0.004287,,1011660000.0,891660000.0,263017736.0,14395921800.0,12688321800.0,区域地产,房地产,房地产开发,住宅开发,15.52,12.7,0.0
2024-10-22,32.76,34.27,32.53,33.31,32.6,0.7100000000000009,2.18,15139266.0,221429470.0,2.291,0.016979,0.05756,1.01,,,3.9813,27.7074,36.6368,0.004195,,1011660000.0,891660000.0,263017736.0,14709536399.999998,12964736399.999998,区域地产,房地产,房地产开发,住宅开发,15.65,12.81,0.0
2024-10-23,33.06,34.09,32.97,33.1,33.31,-0.2100000000000008,-0.63,10575800.0,154542819.0,2.291,0.011861,0.040209,0.69,,,3.9566,27.5359,36.41,0.004221,,1011660000.0,891660000.0,263017736.0,14618487000.0,12884487000.0,区域地产,房地产,房地产开发,住宅开发,15.99,13.09,0.0
2024-10-24,32.81,36.43,32.56,35.1,33.1,2.0,6.04,33449925.0,517164023.0,2.291,0.037514,0.127177,2.46,,,4.1948,29.1938,38.6022,0.003982,,1011660000.0,891660000.0,263017736.0,15498631200.000002,13660231200.000002,区域地产,房地产,房地产开发,住宅开发,15.9,13.01,0.0
2024-10-25,35.21,37.27,34.94,35.95,35.1,0.8500000000000014,2.42,28851008.0,457238441.0,2.291,0.032357,0.109692,1.7,,,4.2961,29.8989,39.5345,0.003888,,1011660000.0,891660000.0,263017736.0,15872945400.0,13990145400.0,区域地产,房地产,房地产开发,住宅开发,16.85,13.79,0.0
2024-10-28,35.58,36.89,35.53,36.54,35.95,0.5899999999999963,1.64,17869667.0,283720132.0,2.291,0.020041,0.067941,0.9,,,4.3673,30.3943,40.1896,0.003824,,1011660000.0,891660000.0,263017736.0,16135977000.0,14221977000.0,区域地产,房地产,房地产开发,住宅开发,17.26,14.12,0.0
2024-10-29,36.54,38.26,35.99,36.7,36.54,0.1600000000000037,0.44,20432828.0,331216582.0,2.291,0.022915,0.077686,0.96,,,4.3865,30.5277,40.366,0.003808,,1011660000.0,891660000.0,263017736.0,16206793200.0,14284393200.0,区域地产,房地产,房地产开发,住宅开发,17.55,14.36,0.0
2024-10-30,36.86,37.89,36.22,37.57,36.7,0.8699999999999974,2.37,15514510.0,251865972.0,2.291,0.0174,0.058987,0.7,,,4.4905,31.2519,41.3235,0.0037199999999999,,1011660000.0,891660000.0,263017736.0,16591224000.0,14623224000.0,区域地产,房地产,房地产开发,住宅开发,17.62,14.42,0.0
2024-10-31,37.57,41.33,37.55,41.33,37.57,3.759999999999998,10.01,20842977.0,371909562.0,2.291,0.023375,0.079246,0.9,,,4.9309,34.377,47.4278,0.003381,,1011660000.0,891660000.0,263017736.0,18250346400.0,16085546399.999998,区域地产,房地产,房地产开发,住宅开发,18.04,14.76,0.0
2024-11-01,41.7,42.98,37.94,38.88,41.33,-2.449999999999996,-5.93,29551986.0,515779219.0,2.291,0.033143,0.112357,1.43,,,4.6385,32.338,44.6147,0.0035949999999999,,1011660000.0,891660000.0,263017736.0,17167870200.0,15131470200.0,区域地产,房地产,房地产开发,住宅开发,19.84,16.24,0.0
2024-11-04,38.56,39.5,37.55,38.26,38.88,-0.6200000000000045,-1.59,13744078.0,229499453.0,2.291,0.015414,0.052255,0.66,,,4.5647,31.8235,43.9048,0.003653,,1011660000.0,891660000.0,263017736.0,16894722000.0,14890722000.0,区域地产,房地产,房地产开发,住宅开发,18.67,15.27,0.0
2024-11-05,38.21,41.15,37.73,40.37,38.26,2.1099999999999994,5.51,17949579.0,313628653.0,2.291,0.020131,0.068245,0.9,,,4.8161,33.5767,46.3236,0.003462,,1011660000.0,891660000.0,263017736.0,17825449200.0,15711049200.0,区域地产,房地产,房地产开发,住宅开发,18.37,15.03,0.0
2024-11-06,40.78,42.61,40.09,42.04,40.37,1.6700000000000017,4.14,17685313.0,318117583.0,2.291,0.019834,0.06724,0.91,,,5.0157,34.9678,48.2428,0.0033239999999999,,1011660000.0,891660000.0,263017736.0,18563961000.0,16361961000.0,区域地产,房地产,房地产开发,住宅开发,19.38,15.86,0.0
2024-11-07,41.49,43.87,41.24,42.73,42.04,0.6899999999999977,1.64,15266618.0,284971653.0,2.291,0.017122,0.058044,0.77,,,5.0977,35.5395,49.0315,0.003271,,1011660000.0,891660000.0,263017736.0,18867459000.0,16629459000.0,区域地产,房地产,房地产开发,住宅开发,20.19,16.52,0.0
2024-11-08,42.73,43.83,40.5,40.64,42.73,-2.0899999999999963,-4.89,18642572.0,341250450.0,2.291,0.020908,0.07088,0.99,,,4.8489,33.8054,46.639,0.0034389999999999,,1011660000.0,891660000.0,263017736.0,17946848400.0,15818048400.0,区域地产,房地产,房地产开发,住宅开发,20.52,16.79,0.0
2024-11-11,40.48,40.73,39.38,40.02,40.64,-0.6199999999999974,-1.53,12246275.0,213431852.0,2.291,0.013734,0.046561,0.74,,,4.7751,33.2908,45.9292,0.003492,,1011660000.0,891660000.0,263017736.0,17673700200.0,15577300200.0,区域地产,房地产,房地产开发,住宅开发,19.51,15.97,0.0
2024-11-12,40.23,41.56,40.16,40.67,40.02,0.6499999999999986,1.62,10921750.0,194167083.0,2.291,0.012249,0.041525,0.67,,,4.8517,33.8244,46.6653,0.003437,,1011660000.0,891660000.0,263017736.0,17956965000.0,15826965000.0,区域地产,房地产,房地产开发,住宅开发,19.22,15.72,0.0
2024-11-13,40.28,40.96,38.72,39.15,40.67,-1.5200000000000031,-3.74,9609299.0,165697807.0,2.291,0.010777,0.036535,0.64,,,4.6713,32.5667,44.9302,0.003569,,1011660000.0,891660000.0,263017736.0,17289269400.0,15238469400.0,区域地产,房地产,房地产开发,住宅开发,19.53,15.98,0.0
2024-11-14,40.21,40.23,38.17,38.42,39.15,-0.7299999999999969,-1.86,8656502.0,146204957.0,2.291,0.009708,0.032912,0.65,,,4.5838,31.9569,44.0889,0.003637,,1011660000.0,891660000.0,263017736.0,16965538200.0,14953138200.0,区域地产,房地产,房地产开发,住宅开发,18.8,15.38,0.0
2024-11-15,37.8,38.79,37.02,37.05,38.42,-1.3700000000000043,-3.57,6210680.0,102390397.0,2.291,0.006965,0.023613,0.52,,,4.4198,30.8136,42.5115,0.0037719999999999,,1011660000.0,891660000.0,263017736.0,16358542200.0,14418142200.0,区域地产,房地产,房地产开发,住宅开发,18.45,15.09,0.0
2024-11-18,37.96,38.49,35.51,35.85,37.05,-1.1999999999999955,-3.24,10092947.0,161799359.0,2.291,0.011319,0.038374,1.06,,,4.2777,29.8227,41.1444,0.003898,,1011660000.0,891660000.0,263017736.0,15832479000.0,13954479000.0,区域地产,房地产,房地产开发,住宅开发,17.79,14.55,0.0
2024-11-19,35.85,36.15,35.05,36.01,35.85,0.1599999999999966,0.45,7563296.000000001,117584473.0,2.291,0.008482,0.028756,0.83,,,4.2968,29.956,41.3284,0.00388,,1011660000.0,891660000.0,263017736.0,15903295200.0,14016895200.0,区域地产,房地产,房地产开发,住宅开发,17.22,14.09,0.0
2024-11-20,35.88,36.31,35.53,36.06,36.01,0.0500000000000042,0.14,5452632.0,85695719.0,2.291,0.006115,0.020731,0.65,,,4.3023,29.9942,41.381,0.003875,,1011660000.0,891660000.0,263017736.0,15923528400.0,14034728400.0,区域地产,房地产,房地产开发,住宅开发,17.29,14.15,0.0
2024-11-21,35.92,36.17,35.4,35.85,36.06,-0.2100000000000008,-0.58,5207315.0,81302669.0,2.291,0.00584,0.019798,0.69,,,4.2777,29.8227,41.1444,0.003898,,1011660000.0,891660000.0,263017736.0,15832479000.0,13954479000.0,区域地产,房地产,房地产开发,住宅开发,17.31,14.17,0.0
2024-11-22,35.88,36.22,34.82,34.89,35.85,-0.9600000000000009,-2.68,6320210.0,98439849.0,2.291,0.007088,0.02403,0.92,,,4.1629,29.0223,40.0402,0.004005,,1011660000.0,891660000.0,263017736.0,15407581800.0,13579981800.0,区域地产,房地产,房地产开发,住宅开发,17.22,14.09,0.0
2024-11-25,34.73,36.34,34.18,35.95,34.89,1.0600000000000025,3.04,8027984.0,123392758.0,2.291,0.009003,0.0305229999999999,1.16,,,4.2886,29.8989,41.2495,0.003888,,1011660000.0,891660000.0,263017736.0,15872945400.0,13990145400.0,区域地产,房地产,房地产开发,住宅开发,16.75,13.71,0.0
2024-11-26,35.92,37.64,35.74,36.04,35.95,0.0899999999999963,0.25,6964200.999999999,111392006.0,2.291,0.00781,0.026478,1.07,,,4.2995,29.9751,41.3547,0.003878,,1011660000.0,891660000.0,263017736.0,15913411800.0,14025811800.0,区域地产,房地产,房地产开发,住宅开发,17.26,14.12,0.0
2024-11-27,35.81,35.92,34.62,35.85,36.04,-0.1899999999999977,-0.53,4705101.0,72359745.0,2.291,0.005277,0.017889,0.74,,,4.2777,29.8227,41.1444,0.003898,,1011660000.0,891660000.0,263017736.0,15832479000.0,13954479000.0,区域地产,房地产,房地产开发,住宅开发,17.3,14.16,0.0
2024-11-28,36.54,37.8,35.92,36.5,35.85,0.6499999999999986,1.81,10709101.0,173119219.0,2.291,0.01201,0.040716,1.71,,,4.3542,30.3562,41.8805,0.003829,,1011660000.0,891660000.0,263017736.0,16115743799.999998,14204143799.999998,区域地产,房地产,房地产开发,住宅开发,17.22,14.09,0.0
2024-11-29,36.31,37.0,35.14,36.72,36.5,0.2199999999999988,0.6,8392084.0,132368023.0,2.291,0.009412,0.031907,1.14,,,4.3815,30.5468,42.1434,0.003805,,1011660000.0,891660000.0,263017736.0,16216909800.0,14293309800.0,区域地产,房地产,房地产开发,住宅开发,17.52,14.34,0.0
2024-12-02,36.66,38.12,36.11,37.78,36.72,1.0600000000000025,2.89,8171269.0,133880148.0,2.291,0.009164,0.031067,1.05,,,4.5073,31.4234,43.3528,0.003699,,1011660000.0,891660000.0,263017736.0,16682273400.0,14703473400.0,区域地产,房地产,房地产开发,住宅开发,17.63,14.43,0.0
2024-12-03,37.82,39.13,37.6,38.95,37.78,1.1700000000000017,3.1,8794331.0,147813761.0,2.291,0.009863,0.033436,1.13,,,4.6467,32.3952,44.6936,0.003588,,1011660000.0,891660000.0,263017736.0,17198220000.0,15158220000.0,区域地产,房地产,房地产开发,住宅开发,18.14,14.84,0.0
2024-12-04,38.56,39.2,37.92,38.08,38.95,-0.8700000000000045,-2.23,6900128.0,115964260.0,2.291,0.007739,0.026234,0.85,,,4.5428,31.6711,43.6945,0.00367,,1011660000.0,891660000.0,263017736.0,16813789200.0,14819389200.0,区域地产,房地产,房地产开发,住宅开发,18.7,15.3,0.0
2024-12-05,38.1,38.24,37.46,37.98,38.08,-0.1000000000000014,-0.26,4567943.0,75322143.0,2.291,0.005123,0.017367,0.53,,,4.5319,31.5949,43.5894,0.003679,,1011660000.0,891660000.0,263017736.0,16773322800.0,14783722800.0,区域地产,房地产,房地产开发,住宅开发,18.28,14.96,0.0
2024-12-06,38.1,38.42,37.43,38.33,37.98,0.3500000000000014,0.92,4796662.0,79703031.0,2.291,0.005379,0.018237,0.65,,,4.5729,31.8807,43.9837,0.003646,,1011660000.0,891660000.0,263017736.0,16925071800.0,14917471800.0,区域地产,房地产,房地产开发,住宅开发,18.24,14.92,0.0
2024-12-09,38.12,38.26,36.5,36.66,38.33,-1.6700000000000017,-4.36,6473854.0,105014398.0,2.291,0.00726,0.0246139999999999,0.97,,,4.3733,30.4896,42.0645,0.0038129999999999,,1011660000.0,891660000.0,263017736.0,16186560000.0,14266560000.0,区域地产,房地产,房地产开发,住宅开发,18.4,15.06,0.0
2024-12-10,38.03,38.67,36.86,36.98,36.66,0.3200000000000003,0.87,7064200.0,116234076.0,2.291,0.007923,0.026858,1.12,,,4.4116,30.7564,42.4326,0.003779,,1011660000.0,891660000.0,263017736.0,16328192400.0,14391392400.0,区域地产,房地产,房地产开发,住宅开发,17.6,14.4,0.0
2024-12-11,36.68,38.03,36.68,37.55,36.98,0.5700000000000003,1.54,5060844.0,82941763.0,2.291,0.005676,0.0192409999999999,0.85,,,4.4799,31.2328,43.0898,0.0037219999999999,,1011660000.0,891660000.0,263017736.0,16581107400.0,14614307400.0,区域地产,房地产,房地产开发,住宅开发,17.75,14.53,0.0
2024-12-12,37.48,38.37,37.07,38.26,37.55,0.7100000000000009,1.89,4978000.0,82312251.0,2.291,0.005583,0.018926,0.89,,,4.5647,31.8235,43.9048,0.003653,,1011660000.0,891660000.0,263017736.0,16894722000.0,14890722000.0,区域地产,房地产,房地产开发,住宅开发,18.03,14.75,0.0
2024-12-13,38.21,38.21,36.91,37.09,38.26,-1.1699999999999946,-3.06,5066652.0,82444456.0,2.291,0.005682,0.019264,0.89,,,4.4253,30.8517,42.564,0.003768,,1011660000.0,891660000.0,263017736.0,16378775400.0,14435975400.0,区域地产,房地产,房地产开发,住宅开发,18.37,15.03,0.0
2024-12-16,37.09,37.41,36.68,36.93,37.09,-0.1600000000000037,-0.43,3444144.0,55617610.0,2.291,0.0038629999999999,0.013095,0.6,,,4.4061,30.7183,42.38,0.003784,,1011660000.0,891660000.0,263017736.0,16307959200.0,14373559200.0,区域地产,房地产,房地产开发,住宅开发,17.81,14.57,0.0
2024-12-17,36.95,37.21,35.85,36.01,36.93,-0.9200000000000016,-2.49,4690900.0,74524703.0,2.291,0.005261,0.017835,0.92,,,4.2968,29.956,41.3284,0.00388,,1011660000.0,891660000.0,263017736.0,15903295200.0,14016895200.0,区域地产,房地产,房地产开发,住宅开发,17.73,14.51,0.0
2024-12-18,36.01,36.77,35.88,36.4,36.01,0.3900000000000005,1.08,3349557.0,53213297.0,2.291,0.003757,0.012735,0.72,,,4.3433,30.28,41.7753,0.003839,,1011660000.0,891660000.0,263017736.0,16075277400.0,14168477400.0,区域地产,房地产,房地产开发,住宅开发,17.29,14.15,0.0
2024-12-19,36.11,36.43,35.72,35.9,36.4,-0.5,-1.37,3333375.0,52327538.0,2.291,0.003738,0.012674,0.77,,,4.2831,29.8608,41.1969,0.0038929999999999,,1011660000.0,891660000.0,263017736.0,15852712200.0,13972312200.0,区域地产,房地产,房地产开发,住宅开发,17.48,14.3,0.0
2024-12-20,35.9,36.54,35.6,36.27,35.9,0.3700000000000045,1.03,3355800.0,53036082.0,2.291,0.003764,0.012759,0.84,,,4.3269,30.1657,41.6176,0.0038529999999999,,1011660000.0,891660000.0,263017736.0,16014577800.0,14114977800.0,区域地产,房地产,房地产开发,住宅开发,17.24,14.1,0.0
2024-12-23,36.27,36.31,34.96,35.01,36.27,-1.2600000000000051,-3.47,4277102.0,66006600.99999999,2.291,0.004797,0.016262,1.18,,,4.1765,29.1176,40.1716,0.003992,,1011660000.0,891660000.0,263017736.0,15458164800.0,13624564800.0,区域地产,房地产,房地产开发,住宅开发,17.41,14.25,0.0
2024-12-24,35.12,35.95,34.78,35.37,35.01,0.3599999999999994,1.03,4451740.0,68487869.0,2.291,0.004993,0.016926,1.17,,,4.2203,29.4225,40.5923,0.003951,,1011660000.0,891660000.0,263017736.0,15620030400.0,13767230400.0,区域地产,房地产,房地产开发,住宅开发,16.81,13.75,0.0
2024-12-25,35.4,35.53,34.55,34.91,35.37,-0.4600000000000008,-1.3,2816040.0,42798101.0,2.291,0.003158,0.010707,0.75,,,4.1656,29.0414,40.0665,0.004003,,1011660000.0,891660000.0,263017736.0,15417698400.0,13588898400.0,区域地产,房地产,房地产开发,住宅开发,16.98,13.9,0.0
2024-12-26,34.85,35.24,34.32,34.5,34.91,-0.4099999999999966,-1.17,2855110.0,43107344.0,2.291,0.003202,0.0108549999999999,0.78,,,4.1164,28.6983,39.5932,0.00405,,1011660000.0,891660000.0,263017736.0,15235599600.0,13428399600.0,区域地产,房地产,房地产开发,住宅开发,16.76,13.72,0.0
2024-12-27,34.46,35.63,34.39,35.3,34.5,0.7999999999999972,2.32,3533696.0,54156549.0,2.291,0.0039629999999999,0.0134349999999999,1.0,,,4.2121,29.3653,40.5134,0.003958,,1011660000.0,891660000.0,263017736.0,15589680600.0,13740480600.0,区域地产,房地产,房地产开发,住宅开发,16.57,13.55,0.0
2024-12-30,35.3,35.3,34.3,35.17,35.3,-0.1299999999999954,-0.37,3479546.0,52766004.0,2.291,0.003902,0.013229,0.97,,,4.1957,29.251,40.3557,0.003974,,1011660000.0,891660000.0,263017736.0,15528981000.0,13686981000.0,区域地产,房地产,房地产开发,住宅开发,16.95,13.87,0.0
2024-12-31,35.17,35.69,34.43,34.5,35.17,-0.6700000000000017,-1.91,3018398.0,46015300.0,2.291,0.003385,0.011476,0.88,,,4.1164,28.6983,39.5932,0.00405,,1011660000.0,891660000.0,263017736.0,15235599600.0,13428399600.0,区域地产,房地产,房地产开发,住宅开发,16.89,13.82,0.0
2025-01-02,34.48,35.9,33.59,33.93,34.5,-0.5700000000000003,-1.65,5612136.0,85202576.0,2.291,0.0062939999999999,0.021337,1.79,,,4.0481,28.2219,38.936,0.0,,1011660000.0,891660000.0,263017736.0,14982684600.0,13205484600.0,区域地产,房地产,房地产开发,住宅开发,16.57,13.55,0.0
2025-01-03,34.04,34.46,32.53,32.69,33.93,-1.240000000000002,-3.65,4557007.0,66272240.00000001,2.291,0.005111,0.0173259999999999,1.23,,,3.9005,27.1929,37.5163,0.0,,1011660000.0,891660000.0,263017736.0,14436388200.0,12723988200.0,区域地产,房地产,房地产开发,住宅开发,16.29,13.33,0.0
2025-01-06,32.69,33.13,32.05,32.74,32.69,0.0500000000000042,0.15,3861781.0,55114394.0,2.291,0.004331,0.014683,0.96,,,3.9059,27.231,37.5689,0.0,,1011660000.0,891660000.0,263017736.0,14456621399.999998,12741821399.999998,区域地产,房地产,房地产开发,住宅开发,15.7,12.84,0.0
2025-01-07,32.56,33.31,32.56,33.27,32.74,0.5300000000000011,1.62,2469889.0,35624345.0,2.291,0.00277,0.009391,0.6,,,3.9688,27.6693,38.1736,0.0,,1011660000.0,891660000.0,263017736.0,14689303200.0,12946903200.0,区域地产,房地产,房地产开发,住宅开发,15.72,12.86,0.0
2025-01-08,33.24,33.45,32.23,33.33,33.27,0.0599999999999951,0.18,3334000.0,47891938.0,2.291,0.003739,0.012676,0.85,,,3.977,27.7265,38.2524,0.0,,1011660000.0,891660000.0,263017736.0,14719653000.0,12973653000.0,区域地产,房地产,房地产开发,住宅开发,15.97,13.07,0.0
2025-01-09,33.56,33.61,32.76,32.76,33.33,-0.5700000000000003,-1.71,2585200.0,37410695.0,2.291,0.002899,0.009829,0.65,,,3.9087,27.2501,37.5952,0.0,,1011660000.0,891660000.0,263017736.0,14466738000.0,12750738000.0,区域地产,房地产,房地产开发,住宅开发,16.01,13.1,0.0
2025-01-10,33.15,33.15,31.84,31.96,32.76,-0.7999999999999972,-2.44,3215161.0,45412475.0,2.291,0.003606,0.0122239999999999,0.96,,,3.813,26.5831,36.675,0.0,,1011660000.0,891660000.0,263017736.0,14112657000.0,12438657000.0,区域地产,房地产,房地产开发,住宅开发,15.73,12.87,0.0
2025-01-13,31.5,32.21,31.23,32.01,31.96,0.0499999999999971,0.16,2513368.0,34896669.0,2.291,0.002819,0.009556,0.81,,,3.8185,26.6212,36.7276,0.0,,1011660000.0,891660000.0,263017736.0,14132890200.0,12456490200.0,区域地产,房地产,房地产开发,住宅开发,15.35,12.56,0.0
2025-01-14,32.23,32.92,31.91,32.76,32.01,0.75,2.34,3220001.0,45692238.0,2.291,0.0036109999999999,0.0122429999999999,1.14,,,3.9087,27.2501,37.5952,0.0,,1011660000.0,891660000.0,263017736.0,14466738000.0,12750738000.0,区域地产,房地产,房地产开发,住宅开发,15.37,12.57,0.0
2025-01-15,32.78,32.81,32.33,32.6,32.76,-0.1599999999999966,-0.49,2533500.0,36019446.0,2.291,0.002841,0.009632,0.85,,,3.8895,27.1167,37.4111,0.0,,1011660000.0,891660000.0,263017736.0,14395921800.0,12688321800.0,区域地产,房地产,房地产开发,住宅开发,15.73,12.87,0.0
2025-01-16,32.72,33.33,32.42,32.6,32.6,0.0,0.0,2519606.0,36117743.0,2.291,0.002826,0.00958,0.9,,,3.8895,27.1167,37.4111,0.0,,1011660000.0,891660000.0,263017736.0,14395921800.0,12688321800.0,区域地产,房地产,房地产开发,住宅开发,15.65,12.81,0.0
2025-01-17,32.51,33.06,32.35,32.85,32.6,0.25,0.77,2293506.0,32822687.0,2.291,0.0025719999999999,0.00872,0.82,,,3.9196,27.3263,37.7003,0.0,,1011660000.0,891660000.0,263017736.0,14507204400.0,12786404400.0,区域地产,房地产,房地产开发,住宅开发,15.65,12.81,0.0
2025-01-20,32.85,33.45,32.3,32.94,32.85,0.0899999999999963,0.27,3821953.0,55038418.0,2.291,0.004286,0.014531,1.46,,,3.9305,27.4025,37.8055,0.0,,1011660000.0,891660000.0,263017736.0,14547670800.0,12822070800.0,区域地产,房地产,房地产开发,住宅开发,15.77,12.91,0.0
2025-01-21,32.81,33.79,32.81,32.9,32.94,-0.0399999999999991,-0.12,4821400.0,70060476.0,2.291,0.0054069999999999,0.018331,1.68,,,3.9251,27.3644,37.7529,0.0,,1011660000.0,891660000.0,263017736.0,14527437600.0,12804237600.0,区域地产,房地产,房地产开发,住宅开发,15.82,12.94,0.0
2025-01-22,32.65,32.88,31.96,32.05,32.9,-0.8500000000000014,-2.58,3103701.0,43800067.0,2.291,0.003481,0.0118,0.97,,,3.8239,26.6594,36.7802,0.0,,1011660000.0,891660000.0,263017736.0,14153123400.0,12474323400.0,区域地产,房地产,房地产开发,住宅开发,15.8,12.92,0.0
2025-01-23,32.21,32.99,32.17,32.21,32.05,0.1600000000000037,0.5,4199700.0,59750260.0,2.291,0.00471,0.015967,1.27,,,3.8431,26.7927,36.9642,0.0,,1011660000.0,891660000.0,263017736.0,14223939600.0,12536739600.0,区域地产,房地产,房地产开发,住宅开发,15.39,12.59,0.0
2025-01-24,32.1,32.58,31.96,32.53,32.21,0.3200000000000003,0.99,2991533.0,42269276.0,2.291,0.003355,0.011374,0.82,,,3.8813,27.0595,37.3323,0.0,,1011660000.0,891660000.0,263017736.0,14365572000.0,12661572000.0,区域地产,房地产,房地产开发,住宅开发,15.47,12.65,0.0
2025-01-27,32.58,33.17,32.46,32.53,32.53,0.0,0.0,3680401.0,52649366.0,2.291,0.004128,0.013993,0.97,,,3.8813,27.0595,37.3323,0.0,,1011660000.0,891660000.0,263017736.0,14365572000.0,12661572000.0,区域地产,房地产,房地产开发,住宅开发,15.62,12.78,0.0
2025-02-05,32.76,32.76,32.33,32.46,32.53,-0.0700000000000002,-0.22,2617107.0,37144874.0,2.291,0.0029349999999999,0.00995,0.7,,,3.8731,27.0024,37.2534,0.0,,1011660000.0,891660000.0,263017736.0,14335222200.0,12634822200.0,区域地产,房地产,房地产开发,住宅开发,15.62,12.78,0.0
2025-02-06,32.37,32.46,31.41,31.52,32.46,-0.9400000000000012,-2.9,5383596.0,74578605.0,2.291,0.006038,0.020469,1.62,,,3.7611,26.2211,36.1755,0.0,,1011660000.0,891660000.0,263017736.0,13920441600.0,12269241600.0,区域地产,房地产,房地产开发,住宅开发,15.59,12.75,0.0
2025-02-07,31.5,32.74,30.97,32.42,31.52,0.9000000000000021,2.86,7319788.0,102925274.0,2.291,0.008209,0.02783,1.94,,,3.8677,26.9642,37.2008,0.0,,1011660000.0,891660000.0,263017736.0,14314989000.0,12616989000.0,区域地产,房地产,房地产开发,住宅开发,15.14,12.38,0.0
2025-02-10,32.39,35.67,32.39,35.67,32.42,3.25,10.02,11713004.0,176863363.0,2.291,0.013136,0.0445329999999999,2.66,,,4.2558,29.6702,40.934,0.0,,1011660000.0,891660000.0,263017736.0,15751546200.000002,13883146200.000002,区域地产,房地产,房地产开发,住宅开发,15.57,12.74,0.0
2025-02-11,35.9,36.45,34.64,34.94,35.67,-0.730000000000004,-2.05,11544557.0,177441297.0,2.291,0.012947,0.043893,1.88,,,4.1683,29.0604,40.0927,0.0,,1011660000.0,891660000.0,263017736.0,15427815000.0,13597815000.0,区域地产,房地产,房地产开发,住宅开发,17.13,14.01,0.0
2025-02-12,35.03,35.17,33.7,35.01,34.94,0.0700000000000002,0.2,8478301.0,127095789.0,2.291,0.0095079999999999,0.032235,1.1,,,4.1765,29.1176,40.1716,0.0,,1011660000.0,891660000.0,263017736.0,15458164800.0,13624564800.0,区域地产,房地产,房地产开发,住宅开发,16.78,13.73,0.0
2025-02-13,34.5,34.98,34.37,34.66,35.01,-0.3500000000000014,-1.0,6616828.999999999,100078932.0,2.291,0.007421,0.025157,0.74,,,4.1355,28.8317,39.7773,0.0,,1011660000.0,891660000.0,263017736.0,15306415800.0,13490815800.0,区域地产,房地产,房地产开发,住宅开发,16.81,13.75,0.0
2025-02-14,34.48,38.03,34.04,36.72,34.66,2.0600000000000023,5.94,12285953.0,193613560.0,2.291,0.013779,0.046712,1.35,,,4.3815,30.5468,42.1434,0.0,,1011660000.0,891660000.0,263017736.0,16216909800.0,14293309800.0,区域地产,房地产,房地产开发,住宅开发,16.64,13.62,0.0
2025-02-17,36.5,37.25,36.24,36.38,36.72,-0.3399999999999963,-0.93,6247900.0,99642013.0,2.291,0.007007,0.023755,0.62,,,4.3405,30.2609,41.749,0.0,,1011660000.0,891660000.0,263017736.0,16065160800.0,14159560800.0,区域地产,房地产,房地产开发,住宅开发,17.63,14.43,0.0
2025-02-18,36.47,36.7,35.56,35.67,36.38,-0.7100000000000009,-1.95,4659597.0,73517532.0,2.291,0.005226,0.017716,0.52,,,4.2558,29.6702,40.934,0.0,,1011660000.0,891660000.0,263017736.0,15751546200.000002,13883146200.000002,区域地产,房地产,房地产开发,住宅开发,17.47,14.29,0.0
2025-02-19,35.53,36.4,35.14,36.22,35.67,0.5499999999999972,1.54,4728510.0,73997914.0,2.291,0.0053029999999999,0.017978,0.62,,,4.3214,30.1275,41.565,0.0,,1011660000.0,891660000.0,263017736.0,15994344600.0,14097144600.0,区域地产,房地产,房地产开发,住宅开发,17.13,14.01,0.0
2025-02-20,36.38,36.4,35.33,35.46,36.22,-0.759999999999998,-2.1,4136496.0,64340083.0,2.291,0.004639,0.015727,0.6,,,4.2312,29.4987,40.6974,0.0,,1011660000.0,891660000.0,263017736.0,15660496800.0,13802896800.0,区域地产,房地产,房地产开发,住宅开发,17.39,14.23,0.0
2025-02-21,35.63,35.92,34.82,35.46,35.46,0.0,0.0,4061900.0,62699194.0,2.291,0.004555,0.015443,0.63,,,4.2312,29.4987,40.6974,0.0,,1011660000.0,891660000.0,263017736.0,15660496800.0,13802896800.0,区域地产,房地产,房地产开发,住宅开发,17.03,13.93,0.0
2025-02-24,35.33,35.63,34.87,35.05,35.46,-0.4100000000000037,-1.16,3429581.0,52535788.0,2.291,0.003846,0.013039,0.72,,,4.182,29.1557,40.2242,0.0,,1011660000.0,891660000.0,263017736.0,15478398000.0,13642398000.0,区域地产,房地产,房地产开发,住宅开发,17.03,13.93,0.0
2025-02-25,34.71,34.82,33.79,34.37,35.05,-0.6799999999999997,-1.94,4913327.0,73589126.0,2.291,0.00551,0.018681,1.17,,,4.1,28.584,39.4355,0.0,,1011660000.0,891660000.0,263017736.0,15174900000.0,13374900000.0,区域地产,房地产,房地产开发,住宅开发,16.83,13.77,0.0
2025-02-26,34.53,35.21,34.02,34.75,34.37,0.3800000000000025,1.11,4309694.0,65134089.0,2.291,0.004833,0.016386,1.01,,,4.1465,28.908,39.8824,0.0,,1011660000.0,891660000.0,263017736.0,15346882200.0,13526482200.0,区域地产,房地产,房地产开发,住宅开发,16.5,13.5,0.0
2025-02-27,34.71,35.42,34.41,35.01,34.75,0.259999999999998,0.75,4078926.0,62050042.0,2.291,0.004575,0.015508,0.98,,,4.1765,29.1176,40.1716,0.0,,1011660000.0,891660000.0,263017736.0,15458164800.0,13624564800.0,区域地产,房地产,房地产开发,住宅开发,16.69,13.65,0.0
2025-02-28,34.91,35.17,34.2,34.46,35.01,-0.5499999999999972,-1.57,4819288.0,72677677.0,2.291,0.005405,0.018323,1.16,,,4.1109,28.6602,39.5407,0.0,,1011660000.0,891660000.0,263017736.0,15215366399.999998,13410566399.999998,区域地产,房地产,房地产开发,住宅开发,16.81,13.75,0.0
2025-03-03,34.53,34.82,34.07,34.07,34.46,-0.3900000000000005,-1.13,3915694.0,58819497.0,2.291,0.004391,0.0148879999999999,0.91,,,4.0645,28.3363,39.0937,0.0,,1011660000.0,891660000.0,263017736.0,15043384200.0,13258984200.0,区域地产,房地产,房地产开发,住宅开发,16.54,13.54,0.0
2025-03-04,34.23,34.78,33.45,34.66,34.07,0.5899999999999963,1.73,4144730.000000001,61783068.0,2.291,0.004648,0.015758,0.94,,,4.1355,28.8317,39.7773,0.0,,1011660000.0,891660000.0,263017736.0,15306415800.0,13490815800.0,区域地产,房地产,房地产开发,住宅开发,16.36,13.38,0.0
2025-03-05,34.59,34.78,33.56,33.86,34.66,-0.7999999999999972,-2.31,3420300.0,50644225.0,2.291,0.003836,0.013004,0.8,,,4.0399,28.1648,38.8571,0.0,,1011660000.0,891660000.0,263017736.0,14952334800.0,13178734800.0,区域地产,房地产,房地产开发,住宅开发,16.64,13.62,0.0
2025-03-06,34.02,34.59,33.68,34.46,33.86,0.6000000000000014,1.77,3419085.0,51015049.0,2.291,0.003835,0.012999,0.84,,,4.1109,28.6602,39.5407,0.0,,1011660000.0,891660000.0,263017736.0,15215366399.999998,13410566399.999998,区域地产,房地产,房地产开发,住宅开发,16.26,13.3,0.0
2025-03-07,34.3,34.46,33.59,33.65,34.46,-0.8100000000000023,-2.35,3197102.0,47121327.0,2.291,0.0035859999999999,0.012155,0.81,,,4.0153,27.9933,38.6205,0.0,,1011660000.0,891660000.0,263017736.0,14861285400.0,13098485400.0,区域地产,房地产,房地产开发,住宅开发,16.54,13.54,0.0
2025-03-10,33.75,33.86,33.33,33.43,33.65,-0.2199999999999988,-0.65,2552125.0,37313202.0,2.291,0.002862,0.009703,0.71,,,3.9879,27.8027,38.3576,0.0,,1011660000.0,891660000.0,263017736.0,14760119400.0,13009319400.0,区域地产,房地产,房地产开发,住宅开发,16.16,13.22,0.0
2025-03-11,33.24,34.34,32.94,34.0,33.43,0.5700000000000003,1.71,5742328.0,84495323.0,2.291,0.00644,0.0218319999999999,1.72,,,4.0563,28.2791,39.0148,0.0,,1011660000.0,891660000.0,263017736.0,15013034400.0,13232234400.0,区域地产,房地产,房地产开发,住宅开发,16.05,13.13,0.0
2025-03-12,33.93,34.87,33.75,33.91,34.0,-0.0900000000000034,-0.26,4604653.0,68706803.0,2.291,0.0051639999999999,0.0175069999999999,1.26,,,4.0453,28.2029,38.9097,0.0,,1011660000.0,891660000.0,263017736.0,14972568000.0,13196568000.0,区域地产,房地产,房地产开发,住宅开发,16.32,13.36,0.0
2025-03-13,33.79,33.98,33.15,33.75,33.91,-0.1599999999999966,-0.47,2723530.0,39842697.0,2.291,0.003054,0.010355,0.7,,,4.0262,28.0695,38.7257,0.0,,1011660000.0,891660000.0,263017736.0,14901751800.0,13134151800.0,区域地产,房地产,房地产开发,住宅开发,16.28,13.32,0.0
2025-03-14,33.63,34.34,33.63,34.3,33.75,0.5499999999999972,1.63,2988422.0,44516220.0,2.291,0.003352,0.011362,0.79,,,4.0918,28.5268,39.3566,0.0,,1011660000.0,891660000.0,263017736.0,15144550200.0,13348150200.0,区域地产,房地产,房地产开发,住宅开发,16.2,13.26,0.0
2025-03-17,34.46,34.64,34.0,34.07,34.3,-0.2299999999999968,-0.67,2793432.0,41796599.0,2.291,0.003133,0.010621,0.75,,,4.0645,28.3363,39.0937,0.0,,1011660000.0,891660000.0,263017736.0,15043384200.0,13258984200.0,区域地产,房地产,房地产开发,住宅开发,16.47,13.47,0.0
2025-03-18,34.09,34.14,33.54,33.7,34.07,-0.3699999999999974,-1.09,2659938.0,39160921.0,2.291,0.002983,0.010113,0.71,,,4.0207,28.0314,38.6731,0.0,,1011660000.0,891660000.0,263017736.0,14881518600.000002,13116318600.000002,区域地产,房地产,房地产开发,住宅开发,16.36,13.38,0.0
2025-03-19,33.7,33.86,33.54,33.68,33.7,-0.0200000000000031,-0.06,1597116.0,23493839.0,2.291,0.001791,0.0060719999999999,0.51,,,4.018,28.0123,38.6468,0.0,,1011660000.0,891660000.0,263017736.0,14871402000.0,13107402000.0,区域地产,房地产,房地产开发,住宅开发,16.18,13.24,0.0
2025-03-20,33.68,33.79,33.17,33.38,33.68,-0.2999999999999971,-0.89,2158125.0,31547374.0,2.291,0.00242,0.008205,0.85,,,3.9825,27.7646,38.305,0.0,,1011660000.0,891660000.0,263017736.0,14739886200.000002,12991486200.000002,区域地产,房地产,房地产开发,住宅开发,16.17,13.23,0.0
2025-03-21,33.15,33.77,32.74,33.29,33.38,-0.0900000000000034,-0.27,3664144.0,53120403.0,2.291,0.004109,0.013931,1.5,,,3.9715,27.6884,38.1998,0.0,,1011660000.0,891660000.0,263017736.0,14699419800.0,12955819800.0,区域地产,房地产,房地产开发,住宅开发,16.03,13.11,0.0
2025-03-24,33.33,34.59,32.97,33.68,33.29,0.3900000000000005,1.17,6709450.0,98886210.0,2.291,0.007525,0.025509,2.61,,,4.2343,36.5371,36.5371,0.0,,1011660000.0,891660000.0,263017736.0,14871402000.0,13107402000.0,区域地产,房地产,房地产开发,住宅开发,15.98,13.08,0.0
2025-03-25,33.68,34.82,33.47,34.75,33.68,1.0700000000000005,3.18,7599096.000000001,114007545.0,2.291,0.008522,0.028892,2.26,,,4.3697,37.7053,37.7053,0.0,,1011660000.0,891660000.0,263017736.0,15346882200.0,13526482200.0,区域地产,房地产,房地产开发,住宅开发,16.17,13.23,0.0
2025-03-26,34.75,35.24,34.5,34.59,34.75,-0.1599999999999966,-0.46,3846009.0,58320546.0,2.291,0.004313,0.0146229999999999,0.89,,,4.3495,37.5313,37.5313,0.0,,1011660000.0,891660000.0,263017736.0,15276066000.0,13464066000.0,区域地产,房地产,房地产开发,住宅开发,16.69,13.65,0.0
2025-03-27,34.59,35.58,34.16,35.24,34.59,0.6499999999999986,1.88,4989400.0,76251607.0,2.291,0.005596,0.01897,1.04,,,4.4302,38.2272,38.2272,0.0,,1011660000.0,891660000.0,263017736.0,15559330800.0,13713730800.0,区域地产,房地产,房地产开发,住宅开发,16.61,13.59,0.0
2025-03-28,35.21,35.49,35.01,35.37,35.24,0.1299999999999954,0.37,4107246.0,63268112.0,2.291,0.004606,0.015616,0.77,,,4.4475,38.3764,38.3764,0.0,,1011660000.0,891660000.0,263017736.0,15620030400.0,13767230400.0,区域地产,房地产,房地产开发,住宅开发,16.92,13.84,0.0
2025-03-31,35.19,35.46,33.86,34.02,35.37,-1.3499999999999943,-3.82,5879911.0,88689709.0,2.291,0.006594,0.0223559999999999,1.08,,,4.2775,36.9099,36.9099,0.0,,1011660000.0,891660000.0,263017736.0,15023151000.0,13241151000.0,区域地产,房地产,房地产开发,住宅开发,16.98,13.9,0.0
2025-04-01,33.98,34.69,33.79,34.2,34.02,0.1799999999999997,0.53,3085100.0,46169844.0,2.291,0.0034599999999999,0.01173,0.58,,,4.3006,37.1087,37.1087,0.0,,1011660000.0,891660000.0,263017736.0,15104083799.999998,13312483799.999998,区域地产,房地产,房地产开发,住宅开发,16.34,13.37,0.0
2025-04-02,34.2,34.71,33.79,34.04,34.2,-0.1600000000000037,-0.47,2030538.0,30135464.0,2.291,0.002277,0.00772,0.46,,,4.2804,36.9348,36.9348,0.0,,1011660000.0,891660000.0,263017736.0,15033267600.0,13250067600.0,区域地产,房地产,房地产开发,住宅开发,16.42,13.44,0.0
2025-04-03,33.75,34.73,33.75,34.37,34.04,0.3299999999999983,0.97,2786200.0,41723423.0,2.291,0.003125,0.0105929999999999,0.69,,,4.3207,37.2827,37.2827,0.0,,1011660000.0,891660000.0,263017736.0,15174900000.0,13374900000.0,区域地产,房地产,房地产开发,住宅开发,16.35,13.37,0.0
2025-04-07,32.3,33.84,30.93,30.93,34.37,-3.4399999999999977,-10.01,5538704.0,76456946.0,2.291,0.006212,0.021058,1.55,,,3.8887,33.5545,33.5545,0.0,,1011660000.0,891660000.0,263017736.0,13657410000.0,12037410000.0,区域地产,房地产,房地产开发,住宅开发,16.5,13.5,0.0
2025-04-08,30.68,30.93,29.37,30.4,30.93,-0.5300000000000011,-1.71,6419135.0,84376022.0,2.291,0.007199,0.0244059999999999,1.66,,,3.8224,32.9828,32.9828,0.0,,1011660000.0,891660000.0,263017736.0,13424728200.0,11832328200.0,区域地产,房地产,房地产开发,住宅开发,14.85,12.15,0.0
2025-04-09,29.81,32.05,29.35,31.91,30.4,1.5100000000000016,4.97,6482844.0,87557671.0,2.291,0.007271,0.024648,1.63,,,4.0125,34.6232,34.6232,0.0,,1011660000.0,891660000.0,263017736.0,14092423799.999998,12420823799.999998,区域地产,房地产,房地产开发,住宅开发,14.6,11.94,0.0
2025-04-10,31.91,32.9,31.8,32.74,31.91,0.8300000000000018,2.6,5878922.0,83372150.0,2.291,0.006593,0.0223519999999999,1.26,,,4.1162,35.518,35.518,0.0,,1011660000.0,891660000.0,263017736.0,14456621399.999998,12741821399.999998,区域地产,房地产,房地产开发,住宅开发,15.32,12.54,0.0
2025-04-11,32.53,32.72,31.89,32.12,32.74,-0.6200000000000045,-1.89,3746801.0,52757164.0,2.291,0.004202,0.014245,0.69,,,4.0384,34.8469,34.8469,0.0,,1011660000.0,891660000.0,263017736.0,14183473200.0,12501073200.0,区域地产,房地产,房地产开发,住宅开发,15.72,12.86,0.0
2025-04-14,32.26,32.92,32.19,32.53,32.12,0.4100000000000037,1.28,2725088.0,38674018.0,2.291,0.0030559999999999,0.010361,0.49,,,4.0903,35.2943,35.2943,0.0,,1011660000.0,891660000.0,263017736.0,14365572000.0,12661572000.0,区域地产,房地产,房地产开发,住宅开发,15.42,12.62,0.0
2025-04-15,32.53,32.74,32.03,32.56,32.53,0.0300000000000011,0.09,2490024.0,35182379.0,2.291,0.002793,0.009467,0.49,,,4.0932,35.3192,35.3192,0.0,,1011660000.0,891660000.0,263017736.0,14375688600.000002,12670488600.000002,区域地产,房地产,房地产开发,住宅开发,15.62,12.78,0.0
2025-04-16,32.56,33.04,32.12,32.58,32.56,0.019999999999996,0.06,3230501.0,46004483.0,2.291,0.003623,0.012282,0.76,,,4.0961,35.344,35.344,0.0,,1011660000.0,891660000.0,263017736.0,14385805200.0,12679405200.0,区域地产,房地产,房地产开发,住宅开发,15.63,12.79,0.0
2025-04-17,32.39,33.63,32.33,32.9,32.58,0.3200000000000003,0.98,4038000.0,58409180.0,2.291,0.004529,0.015353,1.12,,,4.1364,35.692,35.692,0.0,,1011660000.0,891660000.0,263017736.0,14527437600.0,12804237600.0,区域地产,房地产,房地产开发,住宅开发,15.64,12.8,0.0
2025-04-18,32.69,33.91,32.69,33.75,32.9,0.8500000000000014,2.58,3368744.0,49034365.0,2.291,0.003778,0.012808,1.04,,,4.243,36.6116,36.6116,0.0,,1011660000.0,891660000.0,263017736.0,14901751800.0,13134151800.0,区域地产,房地产,房地产开发,住宅开发,15.8,12.92,0.0
2025-04-21,33.75,34.41,33.4,34.23,33.75,0.4799999999999969,1.42,3146279.0,46609449.0,2.291,0.003529,0.0119619999999999,0.99,,,4.3034,37.1336,37.1336,0.0,,1011660000.0,891660000.0,263017736.0,15114200400.0,13321400400.0,区域地产,房地产,房地产开发,住宅开发,16.2,13.26,0.0
2025-04-22,34.48,35.26,34.23,34.75,34.23,0.5200000000000031,1.52,4013290.0,60782593.0,2.291,0.004501,0.015259,1.23,,,4.3697,37.7053,37.7053,0.0,,1011660000.0,891660000.0,263017736.0,15346882200.0,13526482200.0,区域地产,房地产,房地产开发,住宅开发,16.43,13.45,0.0
2025-04-23,34.78,35.74,34.62,35.33,34.75,0.5799999999999983,1.67,4982209.0,76629311.0,2.291,0.0055879999999999,0.018942,1.4,,,4.4417,38.3267,38.3267,0.0,,1011660000.0,891660000.0,263017736.0,15599797200.0,13749397200.0,区域地产,房地产,房地产开发,住宅开发,16.69,13.65,0.0
2025-04-24,35.46,35.72,34.5,35.03,35.33,-0.2999999999999971,-0.85,3516100.0,53788359.0,2.291,0.0039429999999999,0.013368,0.9,,,4.4043,38.0035,38.0035,0.0,,1011660000.0,891660000.0,263017736.0,15468281399.999998,13633481399.999998,区域地产,房地产,房地产开发,住宅开发,16.96,13.88,0.0
2025-04-25,34.87,35.53,34.57,34.71,35.03,-0.3200000000000003,-0.91,3775818.0,57797475.0,2.291,0.004235,0.014356,0.99,,,4.3639,37.6556,37.6556,0.0,,1011660000.0,891660000.0,263017736.0,15326649000.0,13508649000.0,区域地产,房地产,房地产开发,住宅开发,16.82,13.76,0.0
2025-04-28,35.88,36.08,34.59,35.42,34.71,0.7100000000000009,2.05,7097400.0,109081420.0,2.291,0.00796,0.0269839999999999,1.83,,,4.3603,38.4261,23.073,0.0,,1011660000.0,891660000.0,263017736.0,15640263600.000002,13785063600.000002,区域地产,房地产,房地产开发,住宅开发,16.67,13.64,0.0
2025-04-29,35.37,36.4,34.8,34.91,35.42,-0.5100000000000051,-1.44,5504004.0,85311913.0,2.291,0.006173,0.020926,1.18,,,4.2983,37.8793,22.7446,0.0,,1011660000.0,891660000.0,263017736.0,15417698400.0,13588898400.0,区域地产,房地产,房地产开发,住宅开发,17.01,13.91,0.0
2025-04-30,35.01,37.25,34.96,37.02,34.91,2.1100000000000065,6.04,8932984.0,141910448.0,2.291,0.010018,0.033963,1.8,,,4.5577,40.1659,24.1177,0.0,,1011660000.0,891660000.0,263017736.0,16348425600.0,14409225600.0,区域地产,房地产,房地产开发,住宅开发,16.76,13.72,0.0
2025-05-06,37.07,37.11,35.56,36.47,37.02,-0.5500000000000043,-1.49,6733214.999999999,106457751.0,2.291,0.0075509999999999,0.0256,1.17,,,4.4901,39.5694,23.7595,0.0,,1011660000.0,891660000.0,263017736.0,16105627200.0,14195227200.0,区域地产,房地产,房地产开发,住宅开发,17.78,14.54,0.0
2025-05-07,36.91,37.57,36.43,36.54,36.47,0.0700000000000002,0.19,5204241.0,84032728.0,2.291,0.005837,0.019787,0.81,,,4.4985,39.644,23.8043,0.0,,1011660000.0,891660000.0,263017736.0,16135977000.0,14221977000.0,区域地产,房地产,房地产开发,住宅开发,17.51,14.33,0.0
2025-05-08,36.4,37.48,36.22,37.07,36.54,0.5300000000000011,1.45,5586448.0,89652513.0,2.291,0.006265,0.02124,0.83,,,4.5634,40.2156,24.1475,0.0,,1011660000.0,891660000.0,263017736.0,16368658799.999998,14427058799.999998,区域地产,房地产,房地产开发,住宅开发,17.55,14.36,0.0
2025-05-09,37.39,38.49,37.05,38.49,37.07,1.4200000000000017,3.83,6949083.0,114708733.0,2.291,0.007793,0.026421,1.09,,,4.7382,41.7567,25.0728,0.0,,1011660000.0,891660000.0,263017736.0,16995888000.0,14979888000.0,区域地产,房地产,房地产开发,住宅开发,17.8,14.56,0.0
2025-05-12,38.56,39.38,37.76,37.92,38.49,-0.5700000000000003,-1.48,6833700.999999999,114598351.0,2.291,0.007664,0.0259819999999999,1.02,,,4.6677,41.1353,24.6997,0.0,,1011660000.0,891660000.0,263017736.0,16742973000.0,14756973000.0,区域地产,房地产,房地产开发,住宅开发,18.48,15.12,0.0
2025-05-13,38.03,40.37,37.8,39.38,37.92,1.4600000000000009,3.85,8638094.0,148541592.0,2.291,0.009688,0.0328419999999999,1.38,,,4.8482,42.726,25.6549,0.0,,1011660000.0,891660000.0,263017736.0,17390435400.0,15327635400.0,区域地产,房地产,房地产开发,住宅开发,18.21,14.9,0.0
2025-05-14,39.52,39.96,39.13,39.36,39.38,-0.0200000000000031,-0.05,4321602.0,74373847.0,2.291,0.004847,0.016431,0.65,,,4.8454,42.7012,25.64,0.0,,1011660000.0,891660000.0,263017736.0,17380318800.0,15318718799.999998,区域地产,房地产,房地产开发,住宅开发,18.91,15.47,0.0
2025-05-15,39.41,39.59,38.72,39.08,39.36,-0.2800000000000011,-0.71,3740440.0,63830259.0,2.291,0.004195,0.014221,0.58,,,4.8116,42.4029,25.4609,0.0,,1011660000.0,891660000.0,263017736.0,17258919600.0,15211719600.0,区域地产,房地产,房地产开发,住宅开发,18.9,15.46,0.0
2025-05-16,39.06,39.36,38.19,38.9,39.08,-0.1799999999999997,-0.46,4282310.0,72391822.0,2.291,0.004803,0.016281,0.7,,,4.789,42.2041,25.3415,0.0,,1011660000.0,891660000.0,263017736.0,17177986800.0,15140386800.0,区域地产,房地产,房地产开发,住宅开发,18.77,15.35,0.0
2025-05-19,39.08,40.32,38.95,39.7,38.9,0.8000000000000043,2.06,5945901.0,102369021.0,2.291,0.0066679999999999,0.022606,1.07,,,4.8877,43.074,25.8638,0.0,,1011660000.0,891660000.0,263017736.0,17532067800.0,15452467800.0,区域地产,房地产,房地产开发,住宅开发,18.68,15.28,0.0
2025-05-20,39.68,39.98,38.79,39.45,39.7,-0.25,-0.63,4379900.0,75016093.0,2.291,0.004912,0.016652,0.81,,,4.8567,42.8006,25.6997,0.0,,1011660000.0,891660000.0,263017736.0,17420785200.0,15354385200.0,区域地产,房地产,房地产开发,住宅开发,19.06,15.6,0.0
2025-05-21,39.43,40.92,39.22,40.07,39.45,0.6199999999999974,1.57,6008584.0,105215178.0,2.291,0.006739,0.022845,1.33,,,4.9329,43.4717,26.1026,0.0,,1011660000.0,891660000.0,263017736.0,17693933400.0,15595133400.0,区域地产,房地产,房地产开发,住宅开发,18.94,15.5,0.0
2025-05-22,39.84,41.93,39.84,41.49,40.07,1.4200000000000017,3.54,7703353.0,137859602.0,2.291,0.008639,0.0292879999999999,1.58,,,5.1077,45.0127,27.0279,0.0,,1011660000.0,891660000.0,263017736.0,18321162600.0,16147962600.0,区域地产,房地产,房地产开发,住宅开发,19.24,15.74,0.0
2025-05-23,41.51,41.79,40.78,41.12,41.49,-0.3700000000000045,-0.89,4949894.0,89220601.0,2.291,0.005551,0.01882,0.87,,,5.0626,44.615,26.7891,0.0,,1011660000.0,891660000.0,263017736.0,18159297000.0,16005297000.0,区域地产,房地产,房地产开发,住宅开发,19.92,16.3,0.0
2025-05-26,40.92,41.47,40.44,40.67,41.12,-0.4499999999999957,-1.09,3973018.0,70791896.0,2.291,0.004456,0.015106,0.69,,,5.0062,44.1179,26.4906,0.0,,1011660000.0,891660000.0,263017736.0,17956965000.0,15826965000.0,区域地产,房地产,房地产开发,住宅开发,19.75,16.16,0.0
2025-05-27,40.8,41.47,40.34,41.03,40.67,0.3599999999999994,0.89,3548742.0,63489526.0,2.291,0.00398,0.0134919999999999,0.66,,,5.0513,44.5156,26.7294,0.0,,1011660000.0,891660000.0,263017736.0,18118830600.0,15969630600.0,区域地产,房地产,房地产开发,住宅开发,19.53,15.98,0.0
2025-05-28,40.78,41.47,40.6,40.6,41.03,-0.4299999999999997,-1.05,3079273.0,55026527.0,2.291,0.003453,0.011707,0.59,,,4.9977,44.0433,26.4459,0.0,,1011660000.0,891660000.0,263017736.0,17926615200.0,15800215200.0,区域地产,房地产,房地产开发,住宅开发,19.7,16.12,0.0
2025-05-29,40.71,41.7,39.13,41.67,40.6,1.0700000000000005,2.64,8603826.0,152197700.0,2.291,0.009649,0.032712,1.85,,,5.1303,45.2115,27.1473,0.0,,1011660000.0,891660000.0,263017736.0,18402095400.0,16219295400.0,区域地产,房地产,房地产开发,住宅开发,19.49,15.95,0.0
2025-05-30,41.26,45.84,41.26,45.84,41.67,4.170000000000002,10.01,17757943.0,350984386.0,2.291,0.019916,0.0675159999999999,3.68,,,5.6436,49.7352,29.8635,0.0,,1011660000.0,891660000.0,263017736.0,20243316600.0,17842116600.0,区域地产,房地产,房地产开发,住宅开发,20.01,16.37,0.0
2025-06-03,45.2,47.08,44.77,45.02,45.84,-0.8200000000000003,-1.79,14544941.0,288563936.0,2.291,0.016312,0.0553,1.97,,,5.5421,48.8404,29.3263,0.0,,1011660000.0,891660000.0,263017736.0,19879119000.0,17521119000.0,区域地产,房地产,房地产开发,住宅开发,22.01,18.01,0.0
2025-06-04,45.82,45.96,40.78,43.28,45.02,-1.740000000000002,-3.86,16285470.000000002,304969312.0,2.291,0.018264,0.061918,1.71,,,5.3277,46.9514,28.192,0.0,,1011660000.0,891660000.0,263017736.0,19110257400.0,16843457400.0,区域地产,房地产,房地产开发,住宅开发,21.62,17.69,0.0
2025-06-05,42.96,46.94,42.7,45.87,43.28,2.5899999999999963,5.98,14454866.0,281017562.0,2.291,0.016211,0.054958,1.2,,,5.6464,49.76,29.8785,0.0,,1011660000.0,891660000.0,263017736.0,20253433200.0,17851033200.0,区域地产,房地产,房地产开发,住宅开发,20.78,17.0,0.0
2025-06-06,46.28,46.58,45.41,46.35,45.87,0.480000000000004,1.05,8858244.0,178067947.0,2.291,0.009935,0.033679,0.62,,,5.7056,50.282,30.1919,0.0,,1011660000.0,891660000.0,263017736.0,20465881800.0,18038281800.0,区域地产,房地产,房地产开发,住宅开发,22.02,18.02,0.0
2025-06-09,46.35,47.54,45.82,47.42,46.35,1.0700000000000005,2.31,7514953.999999999,153293170.0,2.291,0.008428,0.028572,0.52,,,5.8382,51.4502,30.8933,0.0,,1011660000.0,891660000.0,263017736.0,20941362000.0,18457362000.0,区域地产,房地产,房地产开发,住宅开发,22.25,18.21,0.0
2025-06-10,47.45,48.45,46.26,47.15,47.42,-0.2700000000000031,-0.57,9406151.0,193706183.0,2.291,0.010549,0.035762,0.76,,,5.8044,51.1519,30.7142,0.0,,1011660000.0,891660000.0,263017736.0,20819962800.0,18350362800.0,区域地产,房地产,房地产开发,住宅开发,22.77,18.63,0.0
2025-06-11,47.13,48.91,46.99,48.32,47.15,1.1700000000000017,2.48,7775796.000000001,162843040.0,2.291,0.008721,0.029564,0.69,,,5.9482,52.4195,31.4754,0.0,,1011660000.0,891660000.0,263017736.0,21335909400.0,18805109400.0,区域地产,房地产,房地产开发,住宅开发,22.64,18.52,0.0
2025-06-12,48.11,48.29,46.74,47.31,48.32,-1.009999999999998,-2.09,7440609.0,153672394.0,2.291,0.008345,0.0282889999999999,0.77,,,5.8241,51.3259,30.8187,0.0,,1011660000.0,891660000.0,263017736.0,20890779000.0,18412779000.0,区域地产,房地产,房地产开发,住宅开发,23.2,18.98,0.0
2025-06-13,47.7,47.7,45.61,46.05,47.31,-1.2600000000000051,-2.66,7150889.999999999,144608315.0,2.291,0.00802,0.027188,0.87,,,5.669,49.9589,29.9979,0.0,,1011660000.0,891660000.0,263017736.0,20334366000.0,17922366000.0,区域地产,房地产,房地产开发,住宅开发,22.72,18.59,0.0
2025-06-16,46.16,46.46,45.36,45.57,46.05,-0.4799999999999969,-1.04,5475096.0,109665045.0,2.291,0.00614,0.0208159999999999,0.7,,,5.6097,49.4369,29.6844,0.0,,1011660000.0,891660000.0,263017736.0,20121917400.0,17735117400.0,区域地产,房地产,房地产开发,住宅开发,22.11,18.09,0.0
2025-06-17,45.36,46.19,45.25,46.14,45.57,0.5700000000000003,1.25,4064580.000000001,81193615.0,2.291,0.0045579999999999,0.015454,0.55,,,5.6803,50.0583,30.0576,0.0,,1011660000.0,891660000.0,263017736.0,20374832400.0,17958032400.0,区域地产,房地产,房地产开发,住宅开发,21.88,17.9,0.0
2025-06-18,46.12,46.35,44.61,45.34,46.14,-0.7999999999999972,-1.73,5110400.0,101218571.0,2.291,0.005731,0.01943,0.8,,,5.5815,49.1884,29.5352,0.0,,1011660000.0,891660000.0,263017736.0,20020751400.0,17645951400.0,区域地产,房地产,房地产开发,住宅开发,22.15,18.13,0.0
2025-06-19,45.48,46.14,43.99,44.35,45.34,-0.990000000000002,-2.18,5088248.0,100067250.0,2.291,0.005706,0.019346,0.87,,,5.4603,48.1196,28.8935,0.0,,1011660000.0,891660000.0,263017736.0,19585737600.0,17262537600.0,区域地产,房地产,房地产开发,住宅开发,21.77,17.81,0.0
2025-06-20,44.67,45.75,43.57,43.99,44.35,-0.3599999999999994,-0.81,5571873.0,108410537.0,2.291,0.006249,0.0211839999999999,1.04,,,5.4151,47.7219,28.6547,0.0,,1011660000.0,891660000.0,263017736.0,19423872000.0,17119872000.0,区域地产,房地产,房地产开发,住宅开发,21.3,17.42,0.0
2025-06-23,43.53,43.71,42.38,43.55,43.99,-0.4400000000000048,-1.0,4745080.0,89253123.0,2.291,0.005322,0.018041,0.94,,,5.3615,47.2497,28.3711,0.0,,1011660000.0,891660000.0,263017736.0,19231656600.0,16950456600.0,区域地产,房地产,房地产开发,住宅开发,21.12,17.28,0.0
2025-06-24,43.8,45.16,43.76,44.7,43.55,1.1500000000000057,2.64,4492164.0,87602622.0,2.291,0.005038,0.017079,0.91,,,5.5026,48.4924,29.1173,0.0,,1011660000.0,891660000.0,263017736.0,19737486600.0,17396286600.0,区域地产,房地产,房地产开发,住宅开发,20.91,17.11,0.0
2025-06-25,45.02,45.38,43.53,44.22,44.7,-0.480000000000004,-1.07,5431836.0,105663261.0,2.291,0.0060919999999999,0.020652,1.09,,,5.4433,47.9705,28.8039,0.0,,1011660000.0,891660000.0,263017736.0,19525038000.0,17209038000.0,区域地产,房地产,房地产开发,住宅开发,21.46,17.56,0.0
2025-06-26,44.15,44.4,43.23,43.51,44.22,-0.7100000000000009,-1.61,4627504.0,88300713.0,2.291,0.00519,0.017594,0.91,,,5.3559,47.1999,28.3413,0.0,,1011660000.0,891660000.0,263017736.0,19211423400.0,16932623400.0,区域地产,房地产,房地产开发,住宅开发,21.23,17.37,0.0
2025-06-27,42.82,43.83,42.57,42.82,43.51,-0.6899999999999977,-1.59,5195600.0,97580797.0,2.291,0.005827,0.019754,1.04,,,5.2713,46.4543,27.8935,0.0,,1011660000.0,891660000.0,263017736.0,18907925400.0,16665125400.0,区域地产,房地产,房地产开发,住宅开发,20.89,17.09,0.0
2025-06-30,42.75,43.96,42.57,43.12,42.82,0.2999999999999971,0.7,7636298.0,144065612.0,2.291,0.008564,0.029033,1.56,,,5.308,46.7774,28.0875,0.0,,1011660000.0,891660000.0,263017736.0,19039441200.0,16781041200.000002,区域地产,房地产,房地产开发,住宅开发,20.56,16.82,0.0
2025-07-01,43.12,43.35,42.73,43.19,43.12,0.0700000000000002,0.16,2992001.0,56186979.0,2.291,0.003356,0.0113759999999999,0.55,,,5.3164,46.852,28.1323,0.0,,1011660000.0,891660000.0,263017736.0,19069791000.0,16807791000.0,区域地产,房地产,房地产开发,住宅开发,20.7,16.94,0.0
2025-07-02,43.16,43.37,41.95,42.18,43.19,-1.009999999999998,-2.34,3852157.0,71594315.0,2.291,0.00432,0.014646,0.74,,,5.1923,45.7583,27.4756,0.0,,1011660000.0,891660000.0,263017736.0,18624660600.0,16415460600.0,区域地产,房地产,房地产开发,住宅开发,20.74,16.97,0.0
2025-07-03,42.43,42.84,41.51,42.7,42.18,0.5200000000000031,1.23,5801331.0,107110316.0,2.291,0.006506,0.022057,1.19,,,5.2572,46.33,27.8189,0.0,,1011660000.0,891660000.0,263017736.0,18857342400.0,16620542400.0,区域地产,房地产,房地产开发,住宅开发,20.25,16.57,0.0
2025-07-04,42.7,43.62,42.41,43.0,42.7,0.2999999999999971,0.7,6150184.0,115640821.0,2.291,0.0068969999999999,0.0233829999999999,1.21,,,5.2939,46.6531,28.0129,0.0,,1011660000.0,891660000.0,263017736.0,18988858200.0,16736458200.0,区域地产,房地产,房地产开发,住宅开发,20.5,16.78,0.0
2025-07-07,43.07,43.3,42.04,42.75,43.0,-0.25,-0.58,4538984.0,84180499.0,2.291,0.00509,0.017257,0.86,,,5.2628,46.3797,27.8488,0.0,,1011660000.0,891660000.0,263017736.0,18877575600.0,16638375600.0,区域地产,房地产,房地产开发,住宅开发,20.65,16.89,0.0
2025-07-08,42.61,43.02,41.95,42.27,42.75,-0.4799999999999969,-1.12,4577600.0,85059323.0,2.291,0.005134,0.017404,0.98,,,5.2036,45.8578,27.5353,0.0,,1011660000.0,891660000.0,263017736.0,18665127000.0,16451127000.0,区域地产,房地产,房地产开发,住宅开发,20.53,16.79,0.0
2025-07-09,44.35,44.45,42.61,42.75,42.27,0.4799999999999969,1.14,11378172.0,214975415.0,2.291,0.012761,0.0432599999999999,2.28,,,5.2628,46.3797,27.8488,0.0,,1011660000.0,891660000.0,263017736.0,18877575600.0,16638375600.0,区域地产,房地产,房地产开发,住宅开发,20.3,16.61,0.0
2025-07-10,42.8,47.03,41.7,47.03,42.75,4.280000000000001,10.01,21867460.0,431234313.0,2.291,0.024524,0.0831409999999999,3.37,,,5.7902,51.0276,30.6396,0.0,,1011660000.0,891660000.0,263017736.0,20769379800.0,18305779800.0,区域地产,房地产,房地产开发,住宅开发,20.53,16.79,0.0
2025-07-11,46.99,46.99,44.77,45.16,47.03,-1.8700000000000043,-3.98,15639815.0,309459812.0,2.291,0.01754,0.059463,1.61,,,5.559,48.9895,29.4158,0.0,,1011660000.0,891660000.0,263017736.0,19939818600.0,17574618600.0,区域地产,房地产,房地产开发,住宅开发,22.58,18.48,0.0
2025-07-14,44.86,45.18,43.53,43.99,45.16,-1.1699999999999946,-2.59,10755747.0,207298982.0,2.291,0.0120629999999999,0.040894,0.93,,,5.4151,47.7219,28.6547,0.0,,1011660000.0,891660000.0,263017736.0,19423872000.0,17119872000.0,区域地产,房地产,房地产开发,住宅开发,21.68,17.74,0.0
2025-07-15,43.83,46.9,43.35,45.32,43.99,1.3299999999999983,3.02,12894557.0,253775358.0,2.291,0.014461,0.049025,1.0,,,5.5787,49.1635,29.5203,0.0,,1011660000.0,891660000.0,263017736.0,20010634800.0,17637034800.0,区域地产,房地产,房地产开发,住宅开发,21.12,17.28,0.0
2025-07-16,44.88,44.88,43.23,43.28,45.32,-2.039999999999999,-4.5,10411238.0,198850681.0,2.291,0.0116759999999999,0.039584,0.72,,,5.3277,46.9514,28.192,0.0,,1011660000.0,891660000.0,263017736.0,19110257400.0,16843457400.0,区域地产,房地产,房地产开发,住宅开发,21.76,17.8,0.0
2025-07-17,43.09,43.76,42.8,43.28,43.28,0.0,0.0,4656149.0,87861187.0,2.291,0.005222,0.017703,0.33,,,5.3277,46.9514,28.192,0.0,,1011660000.0,891660000.0,263017736.0,19110257400.0,16843457400.0,区域地产,房地产,房地产开发,住宅开发,20.78,17.0,0.0
2025-07-18,43.23,43.64,43.14,43.3,43.28,0.019999999999996,0.05,3269258.0,61824590.0,2.291,0.003666,0.01243,0.3,,,5.3305,46.9762,28.2069,0.0,,1011660000.0,891660000.0,263017736.0,19120374000.0,16852374000.0,区域地产,房地产,房地产开发,住宅开发,20.78,17.0,0.0
2025-07-21,43.25,44.54,43.14,44.12,43.3,0.8200000000000003,1.89,5097112.0,97274193.0,2.291,0.005716,0.019379,0.61,,,5.4321,47.871,28.7442,0.0,,1011660000.0,891660000.0,263017736.0,19484571600.0,17173371600.0,区域地产,房地产,房地产开发,住宅开发,20.79,17.01,0.0
2025-07-22,44.03,44.86,43.9,44.22,44.12,0.1000000000000014,0.23,4785453.0,92783033.0,2.291,0.0053669999999999,0.018194,0.66,,,5.4433,47.9705,28.8039,0.0,,1011660000.0,891660000.0,263017736.0,19525038000.0,17209038000.0,区域地产,房地产,房地产开发,住宅开发,21.19,17.33,0.0
2025-07-23,43.96,44.61,43.57,43.67,44.22,-0.5499999999999972,-1.24,3799943.0,72957535.0,2.291,0.004262,0.014447,0.67,,,5.3757,47.3739,28.4457,0.0,,1011660000.0,891660000.0,263017736.0,19282239600.0,16995039600.0,区域地产,房地产,房地产开发,住宅开发,21.23,17.37,0.0
2025-07-24,43.67,44.22,43.46,43.62,43.67,-0.0500000000000042,-0.11,3702766.000000001,70919912.0,2.291,0.004153,0.014078,0.86,,,5.37,47.3242,28.4159,0.0,,1011660000.0,891660000.0,263017736.0,19262006400.0,16977206399.999998,区域地产,房地产,房地产开发,住宅开发,20.97,17.15,0.0
2025-07-25,43.55,44.29,43.28,43.9,43.62,0.2800000000000011,0.64,4224610.0,80966036.0,2.291,0.004738,0.016062,1.02,,,5.4039,47.6225,28.595,0.0,,1011660000.0,891660000.0,263017736.0,19383405600.0,17084205600.0,区域地产,房地产,房地产开发,住宅开发,20.94,17.14,0.0
2025-07-28,43.9,44.35,43.28,43.3,43.9,-0.6000000000000014,-1.37,4819801.0,91818617.0,2.291,0.005405,0.018325,1.12,,,5.3305,46.9762,28.2069,0.0,,1011660000.0,891660000.0,263017736.0,19120374000.0,16852374000.0,区域地产,房地产,房地产开发,住宅开发,21.08,17.24,0.0
2025-07-29,43.53,44.12,43.28,43.9,43.3,0.6000000000000014,1.39,4592812.0,87945058.0,2.291,0.005151,0.017462,1.08,,,5.4039,47.6225,28.595,0.0,,1011660000.0,891660000.0,263017736.0,19383405600.0,17084205600.0,区域地产,房地产,房地产开发,住宅开发,20.79,17.01,0.0
2025-07-30,43.57,44.15,43.09,43.28,43.9,-0.6199999999999974,-1.41,4532100.0,86294264.0,2.291,0.005083,0.017231,1.07,,,5.3277,46.9514,28.192,0.0,,1011660000.0,891660000.0,263017736.0,19110257400.0,16843457400.0,区域地产,房地产,房地产开发,住宅开发,21.08,17.24,0.0
2025-07-31,43.16,44.06,43.09,43.19,43.28,-0.0900000000000034,-0.21,3416558.9999999995,64674072.0,2.291,0.003832,0.01299,0.78,,,5.3164,46.852,28.1323,0.0,,1011660000.0,891660000.0,263017736.0,19069791000.0,16807791000.0,区域地产,房地产,房地产开发,住宅开发,20.78,17.0,0.0
2025-08-01,43.19,43.92,42.91,43.07,43.19,-0.1199999999999974,-0.28,3473901.9999999995,65628979.99999999,2.291,0.003896,0.013208,0.8,,,5.3023,46.7277,28.0577,0.0,,1011660000.0,891660000.0,263017736.0,19019208000.0,16763208000.0,区域地产,房地产,房地产开发,住宅开发,20.74,16.97,0.0
2025-08-04,42.86,44.9,42.06,44.9,43.07,1.8299999999999983,4.25,7044903.999999999,134815941.0,2.291,0.007901,0.026785,1.69,,,5.528,48.7161,29.2516,0.0,,1011660000.0,891660000.0,263017736.0,19828536000.0,17476536000.0,区域地产,房地产,房地产开发,住宅开发,20.68,16.92,0.0
2025-08-05,44.67,46.51,44.38,45.98,44.9,1.0799999999999983,2.41,8025328.0,159461443.0,2.291,0.009,0.030512,1.74,,,5.6605,49.8843,29.9531,0.0,,1011660000.0,891660000.0,263017736.0,20304016200.0,17895616200.0,区域地产,房地产,房地产开发,住宅开发,21.56,17.64,0.0
2025-08-06,45.98,46.6,45.77,46.28,45.98,0.3000000000000042,0.65,4541094.0,91380186.0,2.291,0.0050929999999999,0.017265,0.86,,,5.6972,50.2074,30.1471,0.0,,1011660000.0,891660000.0,263017736.0,20435532000.0,18011532000.0,区域地产,房地产,房地产开发,住宅开发,22.08,18.06,0.0
2025-08-07,46.23,48.2,46.0,47.24,46.28,0.9600000000000009,2.07,6590999.000000001,136232139.0,2.291,0.0073919999999999,0.025059,,,,5.8156,51.2513,30.7739,0.0,,1011660000.0,891660000.0,263017736.0,20860429200.0,18386029200.0,区域地产,房地产,房地产开发,住宅开发,22.22,18.18,0.0
2025-08-08,47.63,48.25,47.1,48.02,47.24,0.7800000000000011,1.65,5361400.0,111749257.0,2.291,0.0060129999999999,0.020384,,,,5.9115,52.0964,31.2813,0.0,,1011660000.0,891660000.0,263017736.0,21204393600.0,18689193600.0,区域地产,房地产,房地产开发,住宅开发,22.68,18.56,0.0
2025-08-11,47.79,49.58,47.22,49.14,48.02,1.1199999999999974,2.33,7723122.0,163317210.0,2.291,0.008662,0.0293639999999999,,,,6.0497,53.3143,32.0126,0.0,,1011660000.0,891660000.0,263017736.0,21700107000.0,19126107000.0,区域地产,房地产,房地产开发,住宅开发,23.06,18.86,0.0
2025-08-12,49.42,53.27,49.28,51.73,49.14,2.5899999999999963,5.27,13390476.999999998,300523739.0,2.291,0.015017,0.050911,,,,6.3684,56.1229,33.6991,0.0,,1011660000.0,891660000.0,263017736.0,22843282800.0,20133682800.0,区域地产,房地产,房地产开发,住宅开发,23.6,19.31,0.0
2025-08-13,51.98,52.65,51.5,52.26,51.73,0.5300000000000011,1.02,8990357.0,204183729.0,2.291,0.010083,0.034182,,,,6.4333,56.6946,34.0423,0.0,,1011660000.0,891660000.0,263017736.0,23075964600.0,20338764600.0,区域地产,房地产,房地产开发,住宅开发,24.84,20.32,0.0
2025-08-14,52.14,53.22,50.4,50.86,52.26,-1.3999999999999986,-2.68,10154871.0,229850889.0,2.291,0.011389,0.038609,,,,6.2613,55.1784,33.132,0.0,,1011660000.0,891660000.0,263017736.0,22458852000.0,19794852000.0,区域地产,房地产,房地产开发,住宅开发,25.09,20.53,0.0
2025-08-15,51.0,55.74,50.47,55.12,50.86,4.259999999999998,8.38,10105138.0,237424493.0,2.291,0.011333,0.03842,,,,6.7858,59.8015,35.9079,0.0,,1011660000.0,891660000.0,263017736.0,24340539600.0,21453339600.0,区域地产,房地产,房地产开发,住宅开发,24.42,19.98,0.0
