date,open,high,low,close,pre_close,change,pct_chg,volume,amount,factor,turnover_rate,turnover_rate_f,volume_ratio,pe,pe_ttm,pb,ps,ps_ttm,dv_ratio,dv_ttm,total_share,float_share,free_share,total_mv,circ_mv,industry,l1_name,l2_name,l3_name,up_limit,down_limit,is_st
2009-01-05,5.38,5.52,5.29,5.49,5.29,0.2000000000000001,3.78,4064298.000000001,9662946.2,2.28,0.01237,0.01237,1.12,,68.4755,1.1387,1.1776,0.8635,0.0,,896671464.0,328550008.0,328550008.0,2160978228.0,791805519.0,环境保护,环保,环境治理,综合环境治理,2.55,2.09,
2009-01-06,5.49,5.81,5.43,5.79,5.49,0.2999999999999998,5.46,7709102.0,19056720.3,2.28,0.023464,0.023464,2.21,,72.1692,1.2002,1.2412,0.9101,0.0,,896671464.0,328550008.0,328550008.0,2277545519.0,834517020.0,环境保护,环保,环境治理,综合环境治理,2.65,2.17,
2009-01-07,5.75,5.97,5.72,5.95,5.79,0.1600000000000001,2.76,10390873.0,26730182.3,2.28,0.031626,0.031626,2.43,,74.1581,1.2332,1.2754,0.9352,0.0,,896671464.0,328550008.0,328550008.0,2340312521.0,857515521.0,环境保护,环保,环境治理,综合环境治理,2.79,2.29,
2009-01-08,5.91,5.91,5.65,5.75,5.95,-0.2000000000000001,-3.36,7610228.0,19322371.3,2.28,0.023163,0.023163,1.35,,71.601,1.1907,1.2314,0.9029,0.0,,896671464.0,328550008.0,328550008.0,2259612089.0,827946020.0,环境保护,环保,环境治理,综合环境治理,2.87,2.35,
2009-01-09,5.65,5.86,5.65,5.81,5.75,0.0599999999999996,1.04,5724425.0,14555593.4,2.28,0.017423,0.017423,0.89,,72.4533,1.2049,1.246,0.9137,0.0,,896671464.0,328550008.0,328550008.0,2286512233.0,837802519.9999999,环境保护,环保,环境治理,综合环境治理,2.77,2.27,
2009-01-12,5.84,6.04,5.84,5.97,5.81,0.1600000000000001,2.75,11862397.0,30963732.1,2.28,0.036105,0.036105,1.67,,74.4423,1.238,1.2802,0.9388,0.0,,896671464.0,328550008.0,328550008.0,2349279236.0,860801021.0,环境保护,环保,环境治理,综合环境治理,2.81,2.3,
2009-01-13,5.93,5.93,5.72,5.75,5.97,-0.2199999999999997,-3.69,5807750.0,14789914.5,2.28,0.017677,0.017677,0.67,,71.601,1.1907,1.2314,0.9029,0.0,,896671464.0,328550008.0,328550008.0,2259612089.0,827946020.0,环境保护,环保,环境治理,综合环境治理,2.88,2.36,
2009-01-14,5.68,5.91,5.68,5.91,5.75,0.1600000000000001,2.78,5222906.0,13350671.3,2.28,0.0158969999999999,0.0158969999999999,0.63,,73.5899,1.2238,1.2656,0.928,0.0,,896671464.0,328550008.0,328550008.0,2322379092.0,850944521.0,环境保护,环保,环境治理,综合环境治理,2.77,2.27,
2009-01-15,5.93,6.02,5.84,6.02,5.91,0.1099999999999994,1.86,9716766.0,25248215.7,2.28,0.029575,0.029575,1.34,,75.0105,1.2474,1.29,0.9459,0.0,,896671464.0,328550008.0,328550008.0,2367212665.0,867372021.0,环境保护,环保,环境治理,综合环境治理,2.85,2.33,
2009-01-16,6.04,6.18,5.95,6.13,6.02,0.1100000000000003,1.83,13165907.0,35154143.0,2.28,0.040073,0.040073,1.72,,76.4312,1.271,1.3144,0.9639,0.0,,896671464.0,328550008.0,328550008.0,2412046238.0,883799522.0,环境保护,环保,环境治理,综合环境治理,2.9,2.38,
2009-01-19,6.13,6.2,6.02,6.06,6.13,-0.0700000000000002,-1.14,8751206.0,23425129.0,2.28,0.026636,0.026636,0.96,,75.5788,1.2569,1.2998,0.9531,0.0,,896671464.0,328550008.0,328550008.0,2385146094.0,873943021.0,环境保护,环保,环境治理,综合环境治理,2.96,2.42,
2009-01-20,6.09,6.09,5.88,6.0,6.06,-0.0599999999999996,-0.99,4968403.0,12972347.4,2.28,0.015122,0.015122,0.58,,74.7264,1.2427,1.2851,0.9424,0.0,,896671464.0,328550008.0,328550008.0,2358245950.0,864086521.0000001,环境保护,环保,环境治理,综合环境治理,2.93,2.39,
2009-01-21,5.93,6.22,5.84,6.22,6.0,0.2199999999999997,3.67,15070607.0,40457236.4,2.28,0.0458699999999999,0.0458699999999999,1.8,,77.5677,1.2899,1.334,0.9782,0.0,,896671464.0,328550008.0,328550008.0,2447913097.0,896941522.0,环境保护,环保,环境治理,综合环境治理,2.89,2.37,
2009-01-22,6.25,6.29,6.11,6.2,6.22,-0.0199999999999995,-0.32,13251710.999999998,35994179.4,2.28,0.040334,0.040334,1.28,,77.2836,1.2852,1.3291,0.9746,0.0,,896671464.0,328550008.0,328550008.0,2438946382.0,893656021.9999999,环境保护,环保,环境治理,综合环境治理,3.0,2.46,
2009-01-23,6.2,6.2,6.09,6.11,6.2,-0.0899999999999998,-1.45,6593171.000000001,17709591.6,2.28,0.0200669999999999,0.0200669999999999,0.6,,76.147,1.2663,1.3096,0.9603,0.0,,896671464.0,328550008.0,328550008.0,2403079524.0,880514021.0000001,环境保护,环保,环境治理,综合环境治理,2.99,2.45,
2009-02-02,6.13,6.32,6.13,6.29,6.11,0.1799999999999997,2.95,9719148.0,26604454.5,2.28,0.029582,0.029582,1.0,,78.4201,1.3041,1.3487,0.9889,0.0,,896671464.0,328550008.0,328550008.0,2474813241.0,906798022.0,环境保护,环保,环境治理,综合环境治理,2.95,2.41,
2009-02-03,6.27,6.61,6.22,6.61,6.29,0.3200000000000003,5.09,16230918.0,45921781.2,2.28,0.049402,0.049402,1.64,,82.3979,1.3703,1.4171,1.0391,0.0,,896671464.0,328550008.0,328550008.0,2600347246.0,952795023.0,环境保护,环保,环境治理,综合环境治理,3.04,2.48,
2009-02-04,6.77,7.18,6.77,6.98,6.61,0.3700000000000001,5.6,34243221.0,104753768.2,2.28,0.104225,0.104225,2.81,,86.944,1.4459,1.4952,1.0964,0.0,,896671464.0,328550008.0,328550008.0,2743814680.0,1005363024.0,环境保护,环保,环境治理,综合环境治理,3.19,2.61,
2009-02-05,6.86,6.95,6.61,6.75,6.98,-0.2300000000000004,-3.3,18475416.0,55371157.1,2.28,0.056233,0.056233,1.15,,84.1027,1.3986,1.4464,1.0606,0.0,,896671464.0,328550008.0,328550008.0,2654147533.0,972508024.0,环境保护,环保,环境治理,综合环境治理,3.37,2.75,
2009-02-06,6.73,7.07,6.73,7.07,6.75,0.3200000000000003,4.74,19348528.0,59130260.4,2.28,0.058891,0.058891,1.13,,88.0805,1.4648,1.5148,1.1108,0.0,,896671464.0,328550008.0,328550008.0,2779681537.9999995,1018505025.0,环境保护,环保,环境治理,综合环境治理,3.26,2.66,
2009-02-09,7.16,7.25,6.98,7.14,7.07,0.0699999999999994,0.99,20050433.0,62463765.0,2.28,0.061027,0.061027,1.02,,88.9329,1.4789,1.5295,1.1215,0.0,,896671464.0,328550008.0,328550008.0,2806581682.0,1028361525.0,环境保护,环保,环境治理,综合环境治理,3.41,2.79,
2009-02-10,7.07,7.25,6.95,7.23,7.14,0.0900000000000007,1.26,18715066.0,58256816.8,2.28,0.056963,0.056963,0.86,,90.0695,1.4978,1.549,1.1359,0.0,,896671464.0,328550008.0,328550008.0,2842448541.0,1041503525.0,环境保护,环保,环境治理,综合环境治理,3.44,2.82,
2009-02-11,7.18,7.5,7.07,7.25,7.23,0.0199999999999995,0.28,21945741.0,70520437.9,2.28,0.066796,0.066796,0.99,,90.3536,1.5026,1.5539,1.1394,0.0,,896671464.0,328550008.0,328550008.0,2851415256.0,1044789025.0,环境保护,环保,环境治理,综合环境治理,3.49,2.85,
2009-02-12,7.27,7.55,7.11,7.55,7.25,0.2999999999999998,4.14,22501413.0,72278375.0,2.28,0.068487,0.068487,1.14,,94.0473,1.564,1.6174,1.186,0.0,,896671464.0,328550008.0,328550008.0,2967982546.0,1087500526.0,环境保护,环保,环境治理,综合环境治理,3.5,2.86,
2009-02-13,7.55,7.91,7.52,7.84,7.55,0.29,3.84,23548523.0,80135312.30000001,2.28,0.071674,0.071674,1.15,,97.741,1.6254,1.6809,1.2326,0.0,,896671464.0,328550008.0,328550008.0,3084549836.0,1130212028.0,环境保护,环保,环境治理,综合环境治理,3.64,2.98,
2009-02-16,8.07,8.44,7.98,8.23,7.84,0.3900000000000005,4.97,24074829.0,86342307.8,2.28,0.073276,0.073276,1.13,,102.5712,1.7057,1.764,1.2935,0.0,,896671464.0,328550008.0,328550008.0,3236983985.0,1186065529.0,环境保护,环保,环境治理,综合环境治理,3.78,3.1,
2009-02-17,8.21,8.21,7.75,7.8,8.23,-0.4300000000000006,-5.22,17786638.0,62092605.2,2.28,0.054137,0.054137,0.8,,97.1727,1.616,1.6712,1.2254,0.0,,896671464.0,328550008.0,328550008.0,3066616407.0,1123641027.0,环境保护,环保,环境治理,综合环境治理,3.97,3.25,
2009-02-18,7.64,7.77,7.07,7.27,7.8,-0.5300000000000002,-6.79,15428599.0,50648825.3,2.28,0.0469599999999999,0.0469599999999999,0.7,,90.6377,1.5073,1.5588,1.143,0.0,,896671464.0,328550008.0,328550008.0,2860381970.0,1048074526.0,环境保护,环保,环境治理,综合环境治理,3.76,3.08,
2009-02-19,7.52,7.66,7.3,7.52,7.27,0.25,3.44,13482424.0,44343847.7,2.28,0.041036,0.041036,0.65,,93.7632,1.5593,1.6125,1.1824,0.0,,896671464.0,328550008.0,328550008.0,2959015831.0,1084215026.0,环境保护,环保,环境治理,综合环境治理,3.51,2.87,
2009-02-20,7.57,7.87,7.43,7.87,7.52,0.3500000000000005,4.65,11664718.0,39153561.4,2.28,0.035504,0.035504,0.62,,98.0251,1.6301,1.6858,1.2362,0.0,,896671464.0,328550008.0,328550008.0,3093516550.9999995,1133497528.0,环境保护,环保,环境治理,综合环境治理,3.63,2.97,
2009-02-23,7.87,8.28,7.73,8.14,7.87,0.2700000000000004,3.43,17839461.0,63341823.1,2.28,0.054298,0.054298,1.08,,101.4347,1.6868,1.7445,1.2792,0.0,,896671464.0,328550008.0,328550008.0,3201117126.0000005,1172923529.0,环境保护,环保,环境治理,综合环境治理,3.8,3.11,
2009-02-24,8.96,8.96,8.96,8.96,8.14,0.8200000000000003,10.07,20168492.0,79262173.6,2.28,0.061386,0.061386,1.32,,111.6634,1.8569,1.9204,1.4082,0.0,,896671464.0,328550008.0,328550008.0,3523918854.0000005,1291201531.0,环境保护,环保,环境治理,综合环境治理,3.93,3.21,
2009-02-25,9.58,9.74,8.96,9.19,8.96,0.2299999999999986,2.57,63293703.0,259583432.0,2.28,0.192646,0.192646,4.03,,114.5047,1.9042,1.9692,1.444,0.0,,896671464.0,328550008.0,328550008.0,3613586000.0,1324056532.0,环境保护,环保,环境治理,综合环境治理,4.32,3.54,
2009-02-26,8.89,9.12,8.28,8.28,9.19,-0.91,-9.9,29049200.0,111212661.7,2.28,0.088416,0.088416,1.15,,103.1395,1.7152,1.7738,1.3007,0.0,,896671464.0,328550008.0,328550008.0,3254917414.0,1192636529.0,环境保护,环保,环境治理,综合环境治理,4.43,3.63,
2009-02-27,7.84,7.98,7.46,7.46,8.28,-0.8199999999999994,-9.9,21076047.0,70364064.4,2.28,0.064149,0.064149,0.74,,92.9108,1.5451,1.5979,1.1717,0.0,,896671464.0,328550008.0,328550008.0,2932115687.0,1074358526.0,环境保护,环保,环境治理,综合环境治理,3.99,3.27,
2009-03-02,7.11,7.68,7.11,7.62,7.46,0.1600000000000001,2.14,14145985.0,46089286.3,2.28,0.043056,0.043056,0.47,,94.8997,1.5782,1.6321,1.1968,0.0,,896671464.0,328550008.0,328550008.0,2994882689.9999995,1097357027.0,环境保护,环保,环境治理,综合环境治理,3.6,2.94,
2009-03-03,7.3,7.5,7.14,7.36,7.62,-0.2599999999999998,-3.41,14366299.0,46180613.8,2.28,0.043727,0.043726,0.49,,91.7742,1.5262,1.5783,1.1574,0.0,,896671464.0,328548183.0,,2896248829.0000005,1061210631.0,环境保护,环保,环境治理,综合环境治理,3.67,3.01,
2009-03-04,7.36,7.98,7.36,7.93,7.36,0.5699999999999994,7.74,19672081.0,66393384.5,2.28,0.04211,0.059875,0.69,,98.8775,1.6443,1.7005,1.2469,0.0,,896671464.0,467160402.00000006,328550008.0,3120416695.0,1625718199.0,环境保护,环保,环境治理,综合环境治理,3.55,2.91,
2009-03-05,7.98,8.16,7.68,7.93,7.93,0.0,0.0,20419540.0,70827350.0,2.28,0.04371,0.06215,1.04,,98.8775,1.6443,1.7005,1.2469,0.0,,896671464.0,467160402.00000006,328550008.0,3120416695.0,1625718199.0,环境保护,环保,环境治理,综合环境治理,3.83,3.13,
2009-03-06,7.75,7.87,7.64,7.8,7.93,-0.1299999999999999,-1.64,10748020.0,36547189.5,2.28,0.023007,0.032713,0.6,,97.1727,1.616,1.6712,1.2254,0.0,,896671464.0,467160402.00000006,328550008.0,3066616407.0,1597688575.0000002,环境保护,环保,环境治理,综合环境治理,3.83,3.13,
2009-03-09,7.77,7.98,7.3,7.3,7.8,-0.5,-6.41,9944001.0,33292923.8,2.28,0.021286,0.030266,0.63,,90.9218,1.512,1.5637,1.1466,0.0,,896671464.0,467160402.00000006,328550008.0,2869348685.0,1494913286.0,环境保护,环保,环境治理,综合环境治理,3.76,3.08,
2009-03-10,7.25,7.59,7.18,7.57,7.3,0.2700000000000004,3.7,6536590.0,21121958.6,2.28,0.013992,0.019895,0.43,,94.3314,1.5687,1.6223,1.1896,0.0,,896671464.0,467160402.00000006,328550008.0,2976949260.0,1550972535.0,环境保护,环保,环境治理,综合环境治理,3.52,2.88,
2009-03-11,7.66,7.75,7.5,7.52,7.57,-0.0500000000000007,-0.66,7806978.999999999,26130282.8,2.28,0.016712,0.023762,0.58,,93.7632,1.5593,1.6125,1.1824,0.0,,896671464.0,467160402.00000006,328550008.0,2959015831.0,1541629327.0,环境保护,环保,环境治理,综合环境治理,3.65,2.99,
2009-03-12,7.52,7.57,7.25,7.52,7.52,0.0,0.0,6608498.0,21479281.4,2.28,0.014146,0.020114,0.6,,93.7632,1.5593,1.6125,1.1824,0.0,,896671464.0,467160402.00000006,328550008.0,2959015831.0,1541629327.0,环境保护,环保,环境治理,综合环境治理,3.63,2.97,
2009-03-13,7.55,7.64,7.34,7.41,7.52,-0.1099999999999994,-1.46,5375491.0,17691544.099999998,2.28,0.011507,0.016361,0.65,,92.3425,1.5356,1.5881,1.1645,0.0,,896671464.0,467160402.00000006,328550008.0,2914182258.0,1518271307.0,环境保护,环保,环境治理,综合环境治理,3.63,2.97,
2009-03-16,7.41,7.52,7.27,7.52,7.41,0.1099999999999994,1.48,4451821.0,14486155.3,2.28,0.00953,0.01355,0.61,,93.7632,1.5593,1.6125,1.1824,0.0,,896671464.0,467160402.00000006,328550008.0,2959015831.0,1541629327.0,环境保护,环保,环境治理,综合环境治理,3.58,2.93,
2009-03-17,7.52,7.87,7.48,7.8,7.52,0.2800000000000002,3.72,10649283.0,35996191.6,2.28,0.0227959999999999,0.032413,1.73,,97.1727,1.616,1.6712,1.2254,0.0,,896671464.0,467160402.00000006,328550008.0,3066616407.0,1597688575.0000002,环境保护,环保,环境治理,综合环境治理,3.63,2.97,
2009-03-18,7.84,7.96,7.73,7.82,7.8,0.0200000000000004,0.26,13576881.0,46766118.1,2.28,0.029063,0.041324,1.95,,97.4569,1.6207,1.676,1.229,0.0,,896671464.0,467160402.00000006,328550008.0,3075583122.0,1602360179.0,环境保护,环保,环境治理,综合环境治理,3.76,3.08,
2009-03-19,7.77,8.03,7.77,8.0,7.82,0.1799999999999997,2.3,13890618.0,48228541.1,2.28,0.0297339999999999,0.042279,1.71,,99.7299,1.6585,1.7151,1.2577,0.0,,896671464.0,467160402.00000006,328550008.0,3147316839.0,1639733011.0,环境保护,环保,环境治理,综合环境治理,3.77,3.09,
2009-03-20,8.05,8.48,7.8,8.21,8.0,0.2100000000000008,2.63,19346329.0,68823946.3,2.28,0.041413,0.058884,2.02,,102.2871,1.701,1.7591,1.2899,0.0,,896671464.0,467160402.00000006,328550008.0,3228017270.0,1681777447.0,环境保护,环保,环境治理,综合环境治理,3.86,3.16,
2009-03-23,8.21,8.37,8.12,8.23,8.21,0.0199999999999995,0.24,17089334.0,61791934.5,2.28,0.036581,0.052014,1.38,,102.5712,1.7057,1.764,1.2935,0.0,,896671464.0,467160402.00000006,328550008.0,3236983985.0,1686449051.0,环境保护,环保,环境治理,综合环境治理,3.96,3.24,
2009-03-24,8.28,8.34,8.03,8.14,8.23,-0.0899999999999998,-1.09,17874552.0,63711443.9,2.28,0.038262,0.054404,1.2,,101.4347,1.6868,1.7445,1.2792,0.0,,896671464.0,467160402.00000006,328550008.0,3201117126.0000005,1667762635.0,环境保护,环保,环境治理,综合环境治理,3.97,3.25,
2009-03-25,8.09,8.25,7.93,7.98,8.14,-0.1600000000000001,-1.97,17509445.0,62247287.7,2.28,0.037481,0.053293,1.07,,99.4458,1.6538,1.7102,1.2541,0.0,,896671464.0,467160402.00000006,328550008.0,3138350124.0,1635061407.0,环境保护,环保,环境治理,综合环境治理,3.93,3.21,
2009-03-26,7.89,8.14,7.84,8.14,7.98,0.1600000000000001,2.01,11305758.0,39762821.3,2.28,0.024201,0.034411,0.66,,101.4347,1.6868,1.7445,1.2792,0.0,,896671464.0,467160402.00000006,328550008.0,3201117126.0000005,1667762635.0,环境保护,环保,环境治理,综合环境治理,3.85,3.15,
2009-03-27,8.19,8.3,8.03,8.3,8.14,0.1600000000000001,1.97,19022646.0,68301962.8,2.28,0.04072,0.057899,1.14,157.4319,157.4319,1.7167,1.4219,1.4219,0.0,,896671464.0,467160402.00000006,328548183.0,3263884129.0,1700463863.0000002,环境保护,环保,环境治理,综合环境治理,3.93,3.21,
2009-03-30,8.34,8.57,8.21,8.34,8.3,0.0399999999999991,0.48,19616254.0,71952700.80000001,2.28,0.04199,0.059706,1.18,158.2969,158.2969,1.7261,1.4297,1.4297,0.0,,896671464.0,467160402.00000006,328548183.0,3281817558.0,1709807071.0,环境保护,环保,环境治理,综合环境治理,4.0,3.28,
2009-03-31,8.09,8.32,8.03,8.28,8.34,-0.0600000000000005,-0.72,11885430.0,42576317.4,2.28,0.025442,0.036176,0.7,156.9994,156.9994,1.712,1.418,1.418,0.0,,896671464.0,467160402.00000006,328548183.0,3254917414.0,1695792259.0,环境保护,环保,环境治理,综合环境治理,4.03,3.29,
2009-04-01,8.32,8.5,8.25,8.39,8.28,0.1100000000000012,1.33,18996811.0,69752093.39999999,2.28,0.040664,0.05782,1.2,159.1619,159.1619,1.7355,1.4375,1.4375,0.0,,896671464.0,467160402.00000006,328548183.0,3299750988.0,1719150278.9999998,环境保护,环保,环境治理,综合环境治理,3.99,3.27,
2009-04-02,8.44,8.53,8.37,8.46,8.39,0.0700000000000002,0.83,18108133.0,67105477.8,2.28,0.038762,0.055116,1.12,160.4594,160.4594,1.7497,1.4493,1.4493,0.0,,896671464.0,467160402.00000006,328548183.0,3326651131.0,1733165091.0,环境保护,环保,环境治理,综合环境治理,4.05,3.31,
2009-04-03,8.5,8.53,8.09,8.21,8.46,-0.25,-2.96,15086376.999999998,54921537.5,2.28,0.032294,0.045918,0.86,155.7019,155.7019,1.6978,1.4063,1.4063,0.0,,896671464.0,467160402.00000006,328548183.0,3228017270.0,1681777447.0,环境保护,环保,环境治理,综合环境治理,4.08,3.34,
2009-04-07,8.19,8.34,8.19,8.32,8.21,0.1099999999999994,1.34,8639348.0,31277346.7,2.28,0.018493,0.026296,0.52,157.8644,157.8644,1.7214,1.4258,1.4258,0.0,,896671464.0,467160402.00000006,328548183.0,3272850844.0,1705135467.0,环境保护,环保,环境治理,综合环境治理,3.96,3.24,
2009-04-08,8.3,8.48,8.09,8.12,8.32,-0.200000000000001,-2.4,19980216.0,73312755.5,2.28,0.042769,0.060814,1.37,153.9719,153.9719,1.6789,1.3907,1.3907,0.0,,896671464.0,467160402.00000006,328548183.0,3192150412.0,1663091031.0,环境保护,环保,环境治理,综合环境治理,4.02,3.29,
2009-04-09,8.16,8.55,7.98,8.5,8.12,0.3800000000000008,4.68,16798515.0,60751908.3,2.28,0.035959,0.05113,1.04,161.3245,161.3245,1.7591,1.4571,1.4571,0.0,,896671464.0,467160402.00000006,328548183.0,3344584561.0,1742508299.0,环境保护,环保,环境治理,综合环境治理,3.92,3.2,
2009-04-10,8.69,9.35,8.6,9.07,8.5,0.5700000000000003,6.71,51591104.0,203618474.5,2.28,0.1104359999999999,0.157028,3.28,172.1371,172.1371,1.877,1.5547,1.5547,0.0,,896671464.0,467160402.00000006,328548183.0,3568752427.0,1859298400.0,环境保护,环保,环境治理,综合环境治理,4.1,3.36,
2009-04-13,8.89,9.1,8.82,8.98,9.07,-0.0899999999999998,-0.99,25230833.0,98979814.9,2.28,0.054009,0.076795,1.13,170.4071,170.4071,1.8582,1.5391,1.5391,0.0,,896671464.0,467160402.00000006,328548183.0,3532885568.0,1840611984.0,环境保护,环保,环境治理,综合环境治理,4.38,3.58,
2009-04-14,9.01,9.12,8.66,9.07,8.98,0.0899999999999998,1.0,20968883.0,81845456.2,2.28,0.044886,0.063823,0.86,172.1371,172.1371,1.877,1.5547,1.5547,0.0,,896671464.0,467160402.00000006,328548183.0,3568752427.0,1859298400.0,环境保护,环保,环境治理,综合环境治理,4.33,3.55,
2009-04-15,8.98,9.07,8.78,9.03,9.07,-0.0400000000000009,-0.44,18437582.0,72263117.4,2.28,0.039467,0.0561179999999999,0.69,171.2721,171.2721,1.8676,1.5469,1.5469,0.0,,896671464.0,467160402.00000006,328548183.0,3550818997.0,1849955192.0,环境保护,环保,环境治理,综合环境治理,4.38,3.58,
2009-04-16,9.03,9.33,8.94,9.12,9.03,0.0899999999999998,1.0,22042824.0,88287053.4,2.28,0.047185,0.067092,0.83,173.0021,173.0021,1.8864,1.5625,1.5625,0.0,,896671464.0,467160402.00000006,328548183.0,3586685856.0,1868641608.0,环境保护,环保,环境治理,综合环境治理,4.36,3.56,
2009-04-17,9.14,9.69,8.8,9.21,9.12,0.0900000000000016,0.99,31640661.0,129110457.0,2.28,0.06773,0.096304,1.14,174.7321,174.7321,1.9053,1.5782,1.5782,0.0,,896671464.0,467160402.00000006,328548183.0,3622552715.0,1887328024.0,环境保护,环保,环境治理,综合环境治理,4.4,3.6,
2009-04-20,9.17,9.69,9.03,9.58,9.21,0.3699999999999992,4.02,35287325.0,147326506.0,2.28,0.075536,0.107404,1.49,181.6522,181.6522,1.9808,1.6407,1.6407,0.0,,896671464.0,467160402.00000006,328548183.0,3766020149.0,1962073688.0,环境保护,环保,环境治理,综合环境治理,4.44,3.64,
2009-04-21,9.46,9.94,9.35,9.6,9.58,0.0199999999999995,0.21,30291179.0,127767842.8,2.28,0.064841,0.092197,1.18,182.0847,182.0847,1.9855,1.6446,1.6446,0.0,,896671464.0,467160402.00000006,328548183.0,3774986863.0,1966745292.0,环境保护,环保,环境治理,综合环境治理,4.62,3.78,
2009-04-22,9.69,9.76,8.64,8.94,9.6,-0.6600000000000001,-6.88,30278709.000000004,122911884.5,2.28,0.064814,0.0921589999999999,1.1,169.5421,169.5421,1.8487,1.5313,1.5313,0.0,,896671464.0,467160402.00000006,328548183.0,3514952138.9999995,1831268776.0,环境保护,环保,环境治理,综合环境治理,4.63,3.79,
2009-04-23,8.64,8.76,8.37,8.66,8.94,-0.2799999999999993,-3.13,21805885.0,81707346.8,2.28,0.046678,0.06555,0.73,164.352,,2.4386,1.4844,1.869,0.0,,896671464.0,467160402.00000006,332659683.0,3407351562.9999995,1775209528.0,环境保护,环保,环境治理,综合环境治理,4.31,3.53,
2009-04-24,8.69,8.73,8.3,8.44,8.66,-0.2200000000000006,-2.54,18601607.0,69239371.4,2.28,0.039818,0.055918,0.62,160.0269,,2.3744,1.4454,1.8198,0.0,,896671464.0,467160402.00000006,332659683.0,3317684417.0000005,1728493487.0,环境保护,环保,环境治理,综合环境治理,4.18,3.42,
2009-04-27,8.39,8.39,7.77,7.89,8.44,-0.5499999999999998,-6.52,15379675.0,54388736.7,2.28,0.032922,0.0462319999999999,0.56,149.6468,,2.2204,1.3516,1.7018,0.0,,896671464.0,467160402.00000006,332659683.0,3102483265.0000005,1616374990.9999998,环境保护,环保,环境治理,综合环境治理,4.07,3.33,
2009-04-28,7.87,8.09,7.77,8.0,7.89,0.1100000000000003,1.39,9070610.0,31721426.5,2.28,0.019416,0.027267,0.39,151.8093,,2.2525,1.3711,1.7264,0.0,,896671464.0,467160402.00000006,332659683.0,3147316839.0,1639733011.0,环境保护,环保,环境治理,综合环境治理,3.81,3.11,
2009-04-29,8.03,8.21,7.91,8.16,8.0,0.1600000000000001,2.0,12738236.0,45047134.5,2.28,0.027267,0.038292,0.67,154.8369,,2.2974,1.3985,1.7608,0.0,,896671464.0,467160402.00000006,332659683.0,3210083841.0000005,1672434239.0,环境保护,环保,环境治理,综合环境治理,3.86,3.16,
2009-04-30,8.21,8.5,8.05,8.5,8.16,0.3399999999999998,4.17,19270548.0,70573504.2,2.28,0.04125,0.057929,1.24,161.3245,,2.3936,1.4571,1.8346,0.0,,896671464.0,467160402.00000006,332659683.0,3344584561.0,1742508299.0,环境保护,环保,环境治理,综合环境治理,3.94,3.22,
2009-05-04,8.55,8.76,8.44,8.71,8.5,0.2100000000000008,2.47,19976196.0,75047792.3,2.28,0.0427609999999999,0.06005,1.33,165.217,,2.4514,1.4922,1.8788,0.0,,896671464.0,467160402.00000006,332659683.0,3425284992.0,1784552735.9999998,环境保护,环保,环境治理,综合环境治理,4.1,3.36,
2009-05-05,8.73,8.76,8.53,8.62,8.71,-0.0900000000000016,-1.03,14536439.000000002,54921751.1,2.28,0.031117,0.0436979999999999,0.95,163.487,,2.4257,1.4766,1.8592,0.0,,896671464.0,467160402.00000006,332659683.0,3389418134.0,1765866320.0000002,环境保护,环保,环境治理,综合环境治理,4.2,3.44,
2009-05-06,8.64,9.05,8.57,8.98,8.62,0.3600000000000012,4.18,21872401.0,84401026.89999999,2.28,0.04682,0.06575,1.45,170.4071,,2.5284,1.5391,1.9379,0.0,,896671464.0,467160402.00000006,332659683.0,3532885568.0,1840611984.0,环境保护,环保,环境治理,综合环境治理,4.16,3.4,
2009-05-07,8.94,8.94,8.55,8.89,8.98,-0.0899999999999998,-1.0,17629206.0,67913403.1,2.28,0.037737,0.052995,1.0,168.677,,2.5027,1.5235,1.9182,0.0,,896671464.0,467160402.00000006,332659683.0,3497018710.0,1821925568.0,环境保护,环保,环境治理,综合环境治理,4.33,3.55,
2009-05-08,8.96,9.53,8.96,9.3,8.89,0.4100000000000001,4.61,45314930.0,184816734.1,2.28,0.097001,0.13622,2.43,176.4621,,2.6182,1.5938,2.0067,0.0,,896671464.0,467160402.00000006,332659683.0,3658419573.0,1906014440.0,环境保护,环保,环境治理,综合环境治理,4.29,3.51,
2009-05-11,9.3,9.3,8.78,8.78,9.3,-0.5200000000000014,-5.59,21595289.0,85724877.2,2.28,0.046227,0.064917,0.9,166.5145,,2.4706,1.504,1.8936,0.0,,896671464.0,467160402.00000006,332659683.0,3452185136.0,1798567548.0,环境保护,环保,环境治理,综合环境治理,4.49,3.67,
2009-05-12,8.62,8.98,8.5,8.96,8.78,0.1800000000000015,2.05,11447248.0,44088438.3,2.28,0.024504,0.034411,0.47,169.9746,,2.522,1.5352,1.933,0.0,,896671464.0,467160402.00000006,332659683.0,3523918854.0000005,1835940380.0,环境保护,环保,环境治理,综合环境治理,4.24,3.47,
2009-05-13,9.01,9.12,8.8,8.96,8.96,0.0,0.0,11846187.0,46516002.0,2.28,0.025358,0.035611,0.5,169.9746,,2.522,1.5352,1.933,0.0,,896671464.0,467160402.00000006,332659683.0,3523918854.0000005,1835940380.0,环境保护,环保,环境治理,综合环境治理,4.32,3.54,
2009-05-14,8.78,8.91,8.66,8.8,8.96,-0.1600000000000001,-1.79,15973657.999999998,61458970.0,2.28,0.034193,0.048018,0.74,166.947,,2.4771,1.5079,1.8985,0.0,,896671464.0,467160402.00000006,332659683.0,3461151851.0,1803239152.0,环境保护,环保,环境治理,综合环境治理,4.32,3.54,
2009-05-15,8.8,9.07,8.73,9.01,8.8,0.209999999999999,2.39,19079875.0,74190629.0,2.28,0.040842,0.057356,0.9,170.8396,,2.5348,1.543,1.9428,0.0,,896671464.0,467160402.00000006,332659683.0,3541852283.0,1845283588.0,环境保护,环保,环境治理,综合环境治理,4.25,3.47,
2009-05-18,8.89,9.01,8.76,8.98,9.01,-0.0299999999999993,-0.33,15485751.999999998,60249631.1,2.28,0.033149,0.046551,0.97,170.4071,,2.5284,1.5391,1.9379,0.0,,896671464.0,467160402.00000006,332659683.0,3532885568.0,1840611984.0,环境保护,环保,环境治理,综合环境治理,4.35,3.56,
2009-05-19,8.96,9.01,8.85,8.89,8.98,-0.0899999999999998,-1.0,17266527.0,67435752.9,2.28,0.036961,0.051904,1.17,168.677,,2.5027,1.5235,1.9182,0.0,,896671464.0,467160402.00000006,332659683.0,3497018710.0,1821925568.0,环境保护,环保,环境治理,综合环境治理,4.33,3.55,
2009-05-20,8.89,9.05,8.85,8.91,8.89,0.0199999999999995,0.22,17013632.0,66852970.3,2.28,0.036419,0.0511439999999999,1.07,169.1096,,2.5091,1.5274,1.9231,0.0,,896671464.0,467160402.00000006,332659683.0,3505985424.0,1826597172.0,环境保护,环保,环境治理,综合环境治理,4.29,3.51,
2009-05-21,8.85,9.1,8.6,9.05,8.91,0.1400000000000005,1.57,25221611.0,97971349.0,2.28,0.053989,0.075818,1.49,171.7046,,2.5477,1.5508,1.9526,0.0,,896671464.0,467160402.00000006,332659683.0,3559785712.0,1854626796.0,环境保护,环保,环境治理,综合环境治理,4.3,3.52,
2009-05-22,8.89,9.33,8.85,9.17,9.05,0.1199999999999992,1.33,32890700.0,131581975.3,2.28,0.070406,0.098872,1.75,173.8671,,2.5797,1.5704,1.9772,0.0,,896671464.0,467160402.00000006,332659683.0,3604619285.0,1877984816.0,环境保护,环保,环境治理,综合环境治理,4.37,3.57,
2009-05-25,9.01,9.01,8.55,8.85,9.17,-0.3200000000000003,-3.49,29893856.0,114398690.7,2.28,0.0639909999999999,0.089863,1.39,167.812,,2.4899,1.5157,1.9084,0.0,,896671464.0,467160402.00000006,332659683.0,3479085280.0,1812582360.0,环境保护,环保,环境治理,综合环境治理,4.42,3.62,
2009-05-26,8.85,9.05,8.73,8.89,8.85,0.0400000000000009,0.45,21003541.0,82520951.10000001,2.28,0.04496,0.063138,0.86,168.677,,2.5027,1.5235,1.9182,0.0,,896671464.0,467160402.00000006,332659683.0,3497018710.0,1821925568.0,环境保护,环保,环境治理,综合环境治理,4.27,3.49,
2009-05-27,9.05,9.76,9.03,9.3,8.89,0.4100000000000001,4.61,57456348.0,237560931.6,2.28,0.1229909999999999,0.1727179999999999,2.28,176.4621,,2.6182,1.5938,2.0067,0.0,,896671464.0,467160402.00000006,332659683.0,3658419573.0,1906014440.0,环境保护,环保,环境治理,综合环境治理,4.29,3.51,
2009-06-01,9.35,9.42,9.21,9.37,9.3,0.0699999999999985,0.75,28066034.000000004,114684949.5,2.28,0.0600779999999999,0.084369,0.84,177.7597,,2.6375,1.6055,2.0215,0.0,,896671464.0,467160402.00000006,332659683.0,3685319717.0,1920029252.0,环境保护,环保,环境治理,综合环境治理,4.49,3.67,
2009-06-02,9.42,9.46,9.21,9.28,9.37,-0.0899999999999998,-0.96,17571742.0,71610792.5,2.28,0.037614,0.0528219999999999,0.52,176.0296,,2.6118,1.5899,2.0018,0.0,,896671464.0,467160402.00000006,332659683.0,3649452858.0,1901342836.0,环境保护,环保,环境治理,综合环境治理,4.52,3.7,
2009-06-03,9.12,9.23,9.01,9.07,9.28,-0.209999999999999,-2.26,23626018.0,94342024.8,2.28,0.050574,0.071022,0.77,172.1371,,2.5541,1.5547,1.9575,0.0,,896671464.0,467160402.00000006,332659683.0,3568752427.0,1859298400.0,环境保护,环保,环境治理,综合环境治理,4.48,3.66,
2009-06-05,8.96,9.17,8.73,8.98,9.07,-0.0899999999999998,-0.99,20808938.0,81626230.1,2.28,0.044543,0.062553,0.7,170.4071,,2.5284,1.5391,1.9379,0.0,,896671464.0,467160402.00000006,332659683.0,3532885568.0,1840611984.0,环境保护,环保,环境治理,综合环境治理,4.38,3.58,
2009-06-08,8.96,9.21,8.91,9.01,8.98,0.0299999999999993,0.33,15188393.0,60541142.1,2.28,0.032512,0.0456569999999999,0.51,170.8396,,2.5348,1.543,1.9428,0.0,,896671464.0,467160402.00000006,332659683.0,3541852283.0,1845283588.0,环境保护,环保,环境治理,综合环境治理,4.33,3.55,
2009-06-09,9.01,9.1,8.89,9.1,9.01,0.0899999999999998,1.0,11766900.0,46512612.0,2.28,0.025188,0.035372,0.56,172.5696,,2.5605,1.5586,1.9625,0.0,,896671464.0,467160402.00000006,332659683.0,3577719141.0,1863970004.0,环境保护,环保,环境治理,综合环境治理,4.35,3.56,
2009-06-10,9.12,9.53,9.1,9.42,9.1,0.3200000000000003,3.52,28361074.0,116196410.0,2.28,0.060709,0.085256,1.59,178.6247,,2.6503,1.6133,2.0313,0.0,,896671464.0,467160402.00000006,332659683.0,3703253146.0,1929372460.0,环境保护,环保,环境治理,综合环境治理,4.39,3.59,
2009-06-11,9.33,9.42,9.12,9.17,9.42,-0.25,-2.65,18614764.0,75850661.5,2.28,0.039847,0.055957,0.93,173.8671,,2.5797,1.5704,1.9772,0.0,,896671464.0,467160402.00000006,332659683.0,3604619285.0,1877984816.0,环境保护,环保,环境治理,综合环境治理,4.54,3.72,
2009-06-12,9.17,9.46,9.12,9.44,9.17,0.2699999999999996,2.94,25303399.0,103272567.8,2.28,0.054164,0.0760639999999999,1.34,179.0572,,2.6567,1.6172,2.0362,0.0,,896671464.0,467160402.00000006,332659683.0,3712219861.0,1934044064.0,环境保护,环保,环境治理,综合环境治理,4.42,3.62,
2009-06-15,9.51,9.96,9.44,9.67,9.44,0.2300000000000004,2.44,45134108.0,192442045.9,2.28,0.096614,0.135677,2.27,183.3822,,2.7209,1.6563,2.0854,0.0,,896671464.0,467160402.00000006,332659683.0,3801887007.0,1980760104.0,环境保护,环保,环境治理,综合环境治理,4.55,3.73,
2009-06-16,9.53,9.8,9.35,9.58,9.67,-0.0899999999999998,-0.93,22297472.0,93395853.9,2.28,0.0477299999999999,0.067028,0.86,181.6522,,2.6952,1.6407,2.0657,0.0,,896671464.0,467160402.00000006,332659683.0,3766020149.0,1962073688.0,环境保护,环保,环境治理,综合环境治理,4.66,3.82,
2009-06-17,9.58,10.24,9.46,10.03,9.58,0.4499999999999993,4.7,38511675.0,167273644.20000002,2.28,0.082438,0.115769,1.38,190.3023,,2.8236,1.7188,2.1641,0.0,,896671464.0,467160402.00000006,332659683.0,3945354442.000001,2055505769.0,环境保护,环保,环境治理,综合环境治理,4.62,3.78,
2009-06-18,10.03,10.21,9.92,10.05,10.03,0.0200000000000013,0.2,28270610.0,124825213.4,2.28,0.0605159999999999,0.084984,0.94,190.7348,,2.83,1.7227,2.169,0.0,,896671464.0,467160402.00000006,332659683.0,3954321156.0,2060177373.0,环境保护,环保,环境治理,综合环境治理,4.84,3.96,
2009-06-19,10.08,10.21,9.78,9.99,10.05,-0.0600000000000005,-0.6,21887986.0,95299749.8,2.28,0.046853,0.065797,0.69,189.4373,,2.8108,1.711,2.1543,0.0,,896671464.0,467160402.00000006,332659683.0,3927421012.0,2046162561.0,环境保护,环保,环境治理,综合环境治理,4.85,3.97,
2009-06-22,10.01,10.01,9.62,9.64,9.99,-0.3499999999999996,-3.5,19465164.0,83368824.3,2.28,0.0416669999999999,0.058514,0.62,182.9497,,2.7145,1.6524,2.0805,0.0,,896671464.0,467160402.00000006,332659683.0,3792920293.0,1976088500.0,环境保护,环保,环境治理,综合环境治理,4.82,3.94,
2009-06-23,9.55,10.6,9.37,10.6,9.64,0.9599999999999992,9.96,55325501.0,248585154.0,2.28,0.118429,0.166313,2.12,201.1149,,2.984,1.8165,2.2871,0.0,,896671464.0,467160402.00000006,332659683.0,4169522308.0,2172295869.0,环境保护,环保,环境治理,综合环境治理,4.65,3.81,
2009-06-24,10.6,10.92,10.28,10.42,10.6,-0.1799999999999997,-1.7,50568541.0,235420608.7,2.28,0.108247,0.152013,1.55,197.6549,,2.9327,1.7852,2.2477,0.0,,896671464.0,467160402.00000006,332659683.0,4097788590.0,2134923037.0,环境保护,环保,环境治理,综合环境治理,5.12,4.19,
2009-06-25,10.49,10.78,10.26,10.37,10.42,-0.0500000000000007,-0.48,31714301.0,146678504.79999998,2.28,0.067887,0.095336,0.9,196.7899,,2.9199,1.7774,2.2379,0.0,,896671464.0,467160402.00000006,332659683.0,4079855161.0,2125579829.0,环境保护,环保,环境治理,综合环境治理,5.03,4.11,
2009-06-26,10.37,11.15,10.35,10.85,10.37,0.4800000000000004,4.63,34921076.0,165354914.0,2.28,0.074752,0.104975,0.98,205.8725,,3.0546,1.8594,2.3412,0.0,,896671464.0,467160402.00000006,332659683.0,4268156169.0,2223683514.0,环境保护,环保,环境治理,综合环境治理,5.01,4.1,
2009-06-29,10.83,11.26,10.76,11.06,10.85,0.2100000000000008,1.94,30620342.0,147915024.89999998,2.28,0.065546,0.092047,0.8,209.765,,3.1124,1.8946,2.3854,0.0,,896671464.0,467160402.00000006,332659683.0,4348856600.0,2265727950.0,环境保护,环保,环境治理,综合环境治理,5.24,4.28,
2009-06-30,11.17,11.17,10.49,10.56,11.06,-0.5,-4.52,21223625.0,100066433.2,2.28,0.045431,0.0638,0.52,200.2499,,2.9712,1.8086,2.2772,0.0,,896671464.0,467160402.00000006,332659683.0,4151588878.000001,2162952661.0,环境保护,环保,环境治理,综合环境治理,5.34,4.37,
2009-07-01,10.56,10.72,10.33,10.49,10.56,-0.0700000000000002,-0.66,20329632.0,93566825.2,2.28,0.043517,0.061112,0.6,198.9524,,2.9519,1.7969,2.2625,0.0,,896671464.0,467160402.00000006,332659683.0,4124688734.0,2148937849.0,环境保护,环保,环境治理,综合环境治理,5.09,4.17,
2009-07-02,10.47,10.58,10.21,10.51,10.49,0.0199999999999995,0.19,23658689.0,107441674.8,2.28,0.050644,0.07112,0.85,199.3849,,2.9584,1.8008,2.2674,0.0,,896671464.0,467160402.00000006,332659683.0,4133655449.0,2153609453.0,环境保护,环保,环境治理,综合环境治理,5.06,4.14,
2009-07-03,10.4,10.4,10.03,10.26,10.51,-0.25,-2.38,23531599.0,105566091.0,2.28,0.050372,0.070738,0.9,194.6274,,2.8878,1.7579,2.2133,0.0,,896671464.0,467160402.00000006,332659683.0,4035021588.0,2102221809.0,环境保护,环保,环境治理,综合环境治理,5.07,4.15,
2009-07-06,10.15,10.37,10.1,10.19,10.26,-0.0700000000000002,-0.68,14378124.0,64277712.9,2.28,0.030778,0.043222,0.6,193.3298,,2.8685,1.7461,2.1985,0.0,,896671464.0,467160402.00000006,332659683.0,4008121444.0,2088206997.0,环境保护,环保,环境治理,综合环境治理,4.95,4.05,
2009-07-07,10.15,10.51,10.12,10.4,10.19,0.2100000000000008,2.06,19846747.0,90710445.1,2.28,0.042484,0.059661,0.96,197.2224,,2.9263,1.7813,2.2428,0.0,,896671464.0,467160402.00000006,332659683.0,4088821876.0,2130251433.0,环境保护,环保,环境治理,综合环境治理,4.92,4.02,
2009-07-08,10.33,11.04,10.31,11.04,10.4,0.6399999999999988,6.15,30059627.0,141449434.10000002,2.28,0.064345,0.090361,1.48,209.3325,,3.106,1.8907,2.3805,0.0,,896671464.0,467160402.00000006,332659683.0,4339889886.0,2261056346.0,环境保护,环保,环境治理,综合环境治理,5.02,4.1,
2009-07-09,11.06,12.11,10.85,11.81,11.04,0.7700000000000014,6.97,47620296.0,242794578.7,2.28,0.101936,0.14315,2.14,224.0377,,3.3241,2.0235,2.5478,0.0,,896671464.0,467160402.00000006,332659683.0,4644758184.0,2419890882.0,环境保护,环保,环境治理,综合环境治理,5.32,4.36,
2009-07-10,11.86,12.38,11.63,11.76,11.81,-0.0500000000000007,-0.42,34731396.0,180809235.5,2.28,0.074346,0.104405,1.28,223.1727,,3.3113,2.0157,2.5379,0.0,,896671464.0,467160402.00000006,332659683.0,4626824754.0,2410547674.0,环境保护,环保,环境治理,综合环境治理,5.7,4.66,
2009-07-13,11.76,12.11,11.74,11.79,11.76,0.0299999999999993,0.26,24448802.0,127279848.2,2.28,0.052335,0.073495,0.83,223.6052,,3.3177,2.0196,2.5428,0.0,,896671464.0,467160402.00000006,332659683.0,4635791469.0,2415219278.0,环境保护,环保,环境治理,综合环境治理,5.68,4.64,
2009-07-14,11.83,12.97,11.76,12.52,11.79,0.7300000000000004,6.19,39656994.0,217259342.4,2.28,0.0848889999999999,0.119212,1.27,237.4454,,3.5231,2.1446,2.7002,0.0,,896671464.0,467160402.00000006,332659683.0,4922726337.0,2564710607.0,环境保护,环保,环境治理,综合环境治理,5.69,4.65,
2009-07-15,12.31,13.11,12.18,12.65,12.52,0.1300000000000007,1.04,28708205.0,160034997.70000002,2.28,0.061453,0.0862989999999999,0.81,240.0404,,3.5616,2.168,2.7297,0.0,,896671464.0,467160402.00000006,332659683.0,4976526625.0,2592740231.0,环境保护,环保,环境治理,综合环境治理,6.04,4.94,
2009-07-16,12.65,12.79,12.27,12.45,12.65,-0.200000000000001,-1.58,18230150.0,99996275.6,2.28,0.039023,0.054801,0.52,236.1479,,3.5038,2.1329,2.6855,0.0,,896671464.0,467160402.00000006,332659683.0,4895826193.0,2550695795.0,环境保护,环保,环境治理,综合环境治理,6.11,5.0,
2009-07-17,12.54,13.61,12.33,13.47,12.45,1.0200000000000014,8.19,31273998.0,180548424.8,2.28,0.0669449999999999,0.094012,1.07,255.6106,,3.7926,2.3087,2.9068,0.0,,896671464.0,467160402.00000006,332659683.0,5299328352.0,2760917976.0,环境保护,环保,环境治理,综合环境治理,6.01,4.91,
2009-07-21,13.63,14.82,13.61,14.68,13.47,1.209999999999999,8.98,46998151.0,297453760.6,2.28,0.100604,0.14128,1.65,278.5334,,4.1327,2.5157,3.1675,0.0,,896671464.0,467160402.00000006,332659683.0,5774564227.999999,3008512989.0,环境保护,环保,环境治理,综合环境治理,6.5,5.32,
2009-07-22,14.68,14.96,14.25,14.8,14.68,0.120000000000001,0.82,22461818.0,144416161.0,2.28,0.048082,0.067522,0.68,280.6959,,4.1648,2.5352,3.1921,0.0,,896671464.0,467160402.00000006,332659683.0,5819397801.0,3031871009.0,环境保护,环保,环境治理,综合环境治理,7.08,5.8,
2009-07-23,14.59,14.93,14.39,14.66,14.8,-0.1400000000000005,-0.95,16933971.0,109378807.8,2.28,0.0362489999999999,0.050905,0.57,278.1009,,4.1263,2.5118,3.1626,0.0,,896671464.0,467160402.00000006,332659683.0,5765597513.999999,3003841385.0,环境保护,环保,环境治理,综合环境治理,7.14,5.84,
2009-07-24,14.59,16.12,14.48,15.96,14.66,1.3000000000000007,8.87,37817890.0,261249173.3,2.28,0.080953,0.1136829999999999,1.39,302.7537,,4.4921,2.7345,3.4429,0.0,,896671464.0,467160402.00000006,332659683.0,6276700248.0,3270122814.0,环境保护,环保,环境治理,综合环境治理,7.07,5.79,
2009-07-27,16.17,17.56,16.17,17.56,15.96,1.599999999999998,10.03,43443185.0,329362730.6,2.28,0.092994,0.130593,1.4,333.029,,4.9413,3.0079,3.7872,0.0,,896671464.0,467160402.00000006,332659683.0,6904370273.0,3597135095.0,环境保护,环保,环境治理,综合环境治理,7.7,6.3,
2009-07-30,15.8,15.8,15.8,15.8,17.56,-1.759999999999998,-10.02,11879300.0,82323549.0,2.28,0.025429,0.03571,0.35,299.7261,,4.4472,2.7071,3.4085,0.0,,896671464.0,467160402.00000006,332659683.0,6213933246.000001,3237421586.0000005,环境保护,环保,环境治理,综合环境治理,8.47,6.93,
2009-07-31,14.66,15.87,14.48,15.5,15.8,-0.3000000000000007,-1.9,67140630.0,443234464.8,2.28,0.143721,0.20183,2.53,294.1036,,4.3637,2.6563,3.3445,0.0,,896671464.0,467160402.00000006,332659683.0,6097365955.000001,3176690734.0,环境保护,环保,环境治理,综合环境治理,7.62,6.24,
2009-08-03,15.07,15.34,14.59,14.82,15.5,-0.6799999999999997,-4.39,43816808.0,285950612.29999995,2.28,0.093794,0.131717,1.24,281.1284,,4.1712,2.5391,3.197,0.0,,896671464.0,467160402.00000006,332659683.0,5828364516.0,3036542613.0,环境保护,环保,环境治理,综合环境治理,7.48,6.12,
2009-08-04,14.82,15.41,14.55,15.05,14.82,0.2300000000000004,1.55,31616605.0,207266220.6,2.28,0.067678,0.095042,0.77,285.4535,,4.2354,2.5782,3.2462,0.0,,896671464.0,467160402.00000006,332659683.0,5918031662.0,3083258653.0,环境保护,环保,环境治理,综合环境治理,7.15,5.85,
2009-08-05,15.05,15.12,14.27,14.57,15.05,-0.4800000000000004,-3.19,25346611.0,162191552.0,2.28,0.054257,0.076194,0.64,276.3709,,4.1006,2.4962,3.1429,0.0,,896671464.0,467160402.00000006,332659683.0,5729730655.0,2985154969.0000005,环境保护,环保,环境治理,综合环境治理,7.26,5.94,
2009-08-06,14.48,14.57,13.68,14.11,14.57,-0.4600000000000008,-3.16,25012665.0,154643814.9,2.28,0.053542,0.07519,0.7,267.7208,,3.9723,2.418,3.0445,0.0,,896671464.0,467160402.00000006,332659683.0,5550396361.999999,2891722888.0,环境保护,环保,环境治理,综合环境治理,7.03,5.75,
2009-08-07,14.11,14.66,13.89,13.91,14.11,-0.1999999999999993,-1.42,20424737.0,128179044.4,2.28,0.0437209999999999,0.061398,0.53,263.8282,,3.9145,2.3829,3.0003,0.0,,896671464.0,467160402.00000006,332659683.0,5469695930.0,2849678452.0,环境保护,环保,环境治理,综合环境治理,6.81,5.57,
2009-08-10,14.14,14.27,13.57,13.98,13.91,0.0700000000000002,0.5,14660565.0,89261472.5,2.28,0.031382,0.044071,0.5,265.1257,,3.9338,2.3946,3.015,0.0,,896671464.0,467160402.00000006,332659683.0,5496596074.0,2863693264.0,环境保护,环保,环境治理,综合环境治理,6.71,5.49,
2009-08-11,13.98,14.41,13.82,14.23,13.98,0.25,1.79,16213193.0,100946273.1,2.28,0.034706,0.048738,0.69,269.8833,,4.0044,2.4376,3.0691,0.0,,896671464.0,467160402.00000006,332659683.0,5595229935.0,2915080908.0,环境保护,环保,环境治理,综合环境治理,6.74,5.52,
2009-08-12,14.09,14.23,13.0,13.13,14.23,-1.0999999999999996,-7.73,17091362.0,102106533.0,2.28,0.036586,0.051378,0.84,249.123,,3.6963,2.2501,2.833,0.0,,896671464.0,467160402.00000006,332659683.0,5164827633.0,2690843915.9999995,环境保护,环保,环境治理,综合环境治理,6.86,5.62,
2009-08-13,13.04,13.27,12.56,12.88,13.13,-0.25,-1.9,12964018.0,73309295.19999999,2.28,0.027751,0.038971,0.69,244.3655,,3.6258,2.2071,2.7789,0.0,,896671464.0,467160402.00000006,332659683.0,5066193772.0,2639456271.0,环境保护,环保,环境治理,综合环境治理,6.34,5.18,
2009-08-14,12.88,13.91,12.79,13.11,12.88,0.2299999999999986,1.79,23274215.0,136374466.79999998,2.28,0.049821,0.069964,1.43,248.6905,,3.6899,2.2462,2.8281,0.0,,896671464.0,467160402.00000006,332659683.0,5155860918.0,2686172312.0,环境保护,环保,环境治理,综合环境治理,6.22,5.09,
2009-08-17,13.22,13.34,11.95,11.97,13.11,-1.1399999999999988,-8.7,14715075.0,82321603.60000001,2.28,0.031498,0.041191,0.87,227.0653,,5.0533,2.0508,3.4832,0.0,,896671464.0,467169757.0,357238724.0,4707525186.0,2452641224.0,环境保护,环保,环境治理,综合环境治理,6.33,5.18,
2009-08-18,11.97,12.43,11.65,12.22,11.97,0.25,2.09,13145092.000000002,69064016.8,2.28,0.028138,0.036796,0.78,231.8228,,5.1592,2.0938,3.5562,0.0,,896671464.0,467169757.0,357238724.0,4806159047.0,2504029898.0,环境保护,环保,环境治理,综合环境治理,5.78,4.73,
2009-08-19,12.15,13.16,12.08,12.54,12.22,0.3199999999999985,2.62,20996266.0,116695743.2,2.28,0.044944,0.058774,1.29,237.8779,,5.2939,2.1485,3.6491,0.0,,896671464.0,467169757.0,357238724.0,4931693052.0,2569433664.0,环境保护,环保,环境治理,综合环境治理,5.9,4.82,
2009-08-20,12.08,13.11,11.29,13.0,12.54,0.4600000000000008,3.67,33242487.0,178355189.5,2.28,0.071157,0.093054,1.95,246.528,,5.4864,2.2266,3.7818,0.0,,896671464.0,467169757.0,357238724.0,5111027345.0,2662867615.0,环境保护,环保,环境治理,综合环境治理,6.05,4.95,
2009-08-21,12.56,13.34,12.22,13.02,13.0,0.0199999999999995,0.15,25362435.0,143692747.4,2.28,0.05429,0.070996,1.2,246.9605,,5.496,2.2305,3.7884,0.0,,896671464.0,467169757.0,357238724.0,5119994059.0,2667539312.0,环境保护,环保,环境治理,综合环境治理,6.27,5.13,
2009-08-24,13.0,13.52,12.65,13.47,13.02,0.450000000000001,3.46,27429504.0,157920904.10000002,2.28,0.058714,0.076782,1.28,255.6106,,5.6885,2.3087,3.9211,0.0,,896671464.0,467169757.0,357238724.0,5299328352.0,2760973264.0,环境保护,环保,环境治理,综合环境治理,6.28,5.14,
2009-08-25,13.52,13.54,12.54,12.84,13.47,-0.6300000000000008,-4.68,19928963.0,112928009.2,2.28,0.042659,0.0557859999999999,0.83,243.5005,,5.419,2.1993,3.7353,0.0,,896671464.0,467169757.0,357238724.0,5048260342.0,2630165732.0,环境保护,环保,环境治理,综合环境治理,6.5,5.32,
2009-08-26,12.77,13.54,12.61,13.22,12.84,0.3800000000000008,2.96,16928191.0,98595028.2,2.28,0.036236,0.047386,0.67,250.853,,5.5827,2.2657,3.8481,0.0,,896671464.0,467169757.0,357238724.0,5200694491.0,2709584591.0,环境保护,环保,环境治理,综合环境治理,6.19,5.07,
2009-08-27,13.02,13.47,12.95,13.25,13.22,0.0299999999999993,0.23,13300737.0,77175517.60000001,2.28,0.028471,0.037232,0.54,251.2856,,5.5923,2.2696,3.8548,0.0,,896671464.0,467169757.0,357238724.0,5209661206.0,2714256288.0,环境保护,环保,环境治理,综合环境治理,6.38,5.22,
2009-08-28,13.09,14.23,12.61,14.02,13.25,0.7699999999999996,5.81,23602611.0,137750482.5,2.28,0.050523,0.06607,1.15,265.9907,,5.9196,2.4024,4.0803,0.0,,896671464.0,467169757.0,357238724.0,5514529504.0,2873094006.0,环境保护,环保,环境治理,综合环境治理,6.39,5.23,
2009-08-31,13.57,14.82,13.43,14.07,14.02,0.0500000000000007,0.36,49319916.0,309939663.6,2.28,0.105572,0.138059,2.44,266.8557,,5.9388,2.4102,4.0936,0.0,,896671464.0,467169757.0,357238724.0,5532462933.0,2882437401.0,环境保护,环保,环境治理,综合环境治理,6.77,5.54,
2009-09-01,14.2,14.73,13.34,14.09,14.07,0.0199999999999995,0.14,26461916.0,163679892.2,2.28,0.056643,0.074073,1.07,267.2882,,5.9484,2.4141,4.1002,0.0,,896671464.0,467169757.0,357238724.0,5541429648.0,2887109098.0,环境保护,环保,环境治理,综合环境治理,6.79,5.55,
2009-09-02,13.95,14.34,13.34,13.41,14.09,-0.6799999999999997,-4.83,21467566.0,129559119.8,2.28,0.045952,0.0600929999999999,0.83,254.3131,,5.6597,2.2969,3.9012,0.0,,896671464.0,467169757.0,357238724.0,5272428208.0,2746958171.0,环境保护,环保,环境治理,综合环境治理,6.8,5.56,
2009-09-03,13.47,14.46,13.45,14.39,13.41,0.9800000000000004,7.31,22370728.0,135969960.8,2.28,0.047886,0.062621,0.83,272.9108,,6.0736,2.4649,4.1865,0.0,,896671464.0,467169757.0,357238724.0,5657996938.0,2947841167.0,环境保护,环保,环境治理,综合环境治理,6.47,5.29,
2009-09-04,14.27,15.03,14.02,14.77,14.39,0.379999999999999,2.64,29994636.0,192050308.8,2.28,0.064205,0.083962,1.05,280.2634,,6.2372,2.5313,4.2993,0.0,,896671464.0,467169757.0,357238724.0,5810431087.0,3027260025.0,环境保护,环保,环境治理,综合环境治理,6.94,5.68,
2009-09-07,14.8,15.25,14.5,14.77,14.77,0.0,0.0,24779814.0,162255531.4,2.28,0.053042,0.069365,0.83,280.2634,,6.2372,2.5313,4.2993,0.0,,896671464.0,467169757.0,357238724.0,5810431087.0,3027260025.0,环境保护,环保,环境治理,综合环境治理,7.13,5.83,
2009-09-08,14.77,15.09,14.5,14.89,14.77,0.120000000000001,0.81,15076478.0,98237889.2,2.28,0.0322719999999999,0.042203,0.6,282.4259,,6.2853,2.5509,4.3325,0.0,,896671464.0,467169757.0,357238724.0,5855264660.0,3050618513.0,环境保护,环保,环境治理,综合环境治理,7.13,5.83,
2009-09-09,14.82,15.21,14.61,14.93,14.89,0.0399999999999991,0.27,16919198.0,110705068.9,2.28,0.036216,0.047361,0.74,283.2909,,6.3046,2.5587,4.3457,0.0,,896671464.0,467169757.0,357238724.0,5873198088.999999,3059961908.0,环境保护,环保,环境治理,综合环境治理,7.18,5.88,
2009-09-11,14.64,15.05,14.5,14.61,14.93,-0.3200000000000003,-2.14,19125546.0,123475996.5,2.28,0.0409389999999999,0.053537,0.88,277.2359,,6.1698,2.504,4.2528,0.0,,896671464.0,467169757.0,357238724.0,5747664084.0,2994558142.0,环境保护,环保,环境治理,综合环境治理,7.21,5.9,
2009-09-14,14.5,14.73,13.89,14.61,14.61,0.0,0.0,18115128.0,114405461.3,2.28,0.038776,0.050709,0.86,277.2359,,6.1698,2.504,4.2528,0.0,,896671464.0,467169757.0,357238724.0,5747664084.0,2994558142.0,环境保护,环保,环境治理,综合环境治理,7.05,5.77,
2009-09-15,14.59,16.07,14.3,16.07,14.61,1.4600000000000009,9.99,39369205.0,266213280.9,2.28,0.0842719999999999,0.110204,2.09,304.9162,,6.7858,2.754,4.6775,0.0,,896671464.0,467169757.0,357238724.0,6321533821.0,3293546787.0,环境保护,环保,环境治理,综合环境治理,7.05,5.77,
2009-09-16,15.62,16.53,15.6,16.01,16.07,-0.0599999999999987,-0.37,31239893.0,220481581.3,2.28,0.066871,0.087448,1.44,303.6187,,6.757,2.7423,4.6576,0.0,,896671464.0,467169757.0,357238724.0,6294633676.999999,3279531694.0,环境保护,环保,环境治理,综合环境治理,7.76,6.35,
2009-09-17,15.96,16.83,15.78,16.39,16.01,0.379999999999999,2.37,23213864.0,166568475.79999998,2.28,0.04969,0.064981,0.93,310.9713,,6.9206,2.8087,4.7704,0.0,,896671464.0,467169757.0,357238724.0,6447067826.0,3358950553.0,环境保护,环保,环境治理,综合环境治理,7.72,6.32,
2009-09-18,16.19,16.6,15.39,15.5,16.39,-0.8900000000000006,-5.43,18993246.0,132661997.6,2.28,0.040656,0.053167,0.72,294.1036,,6.5452,2.6563,4.5116,0.0,,896671464.0,467169757.0,357238724.0,6097365955.000001,3176754348.0,环境保护,环保,环境治理,综合环境治理,7.91,6.47,
2009-09-21,15.5,16.53,15.39,16.37,15.5,0.870000000000001,5.61,19494587.0,137328631.5,2.28,0.041729,0.05457,0.74,310.5388,,6.911,2.8048,4.7637,0.0,,896671464.0,467169757.0,357238724.0,6438101112.0,3354278854.9999995,环境保护,环保,环境治理,综合环境治理,7.48,6.12,
2009-09-22,16.37,17.12,16.19,16.69,16.37,0.3200000000000003,1.95,28321741.0,208516094.1,2.28,0.059706,0.07928,1.07,316.5938,,7.0457,2.8595,4.8566,0.0,,896671464.0,474350268.0,357238724.0,6563635116.0,3472243962.0,环境保护,环保,环境治理,综合环境治理,7.9,6.46,
2009-09-23,16.6,16.92,15.89,16.42,16.69,-0.2699999999999996,-1.62,20881599.0,149520094.0,2.28,0.044021,0.058453,0.86,311.4038,,6.9302,2.8126,4.777,0.0,,896671464.0,474350268.0,357238724.0,6456034541.0,3415321930.0000005,环境保护,环保,环境治理,综合环境治理,8.05,6.59,
2009-09-24,16.32,16.42,15.3,15.73,16.42,-0.6900000000000013,-4.2,17003435.0,118145367.9,2.28,0.035846,0.0475969999999999,0.77,298.4286,,6.6414,2.6954,4.5779,0.0,,896671464.0,474350268.0,357238724.0,6187033101.999999,3273016849.0,环境保护,环保,环境治理,综合环境治理,7.92,6.48,
2009-09-25,15.34,16.32,15.34,15.75,15.73,0.0199999999999995,0.13,13303081.0,93389732.1,2.28,0.028045,0.037239,0.64,298.8611,,6.6511,2.6993,4.5846,0.0,,896671464.0,474350268.0,357238724.0,6195999816.000001,3277760352.0,环境保护,环保,环境治理,综合环境治理,7.59,6.21,
2009-09-28,15.75,16.44,14.59,14.93,15.75,-0.8200000000000003,-5.21,15190014.000000002,104888910.6,2.28,0.032023,0.042521,0.77,283.2909,,6.3046,2.5587,4.3457,0.0,,896671464.0,474350268.0,357238724.0,5873198088.999999,3106994255.0,环境保护,环保,环境治理,综合环境治理,7.6,6.22,
2009-09-29,14.8,15.23,13.47,13.98,14.93,-0.9499999999999992,-6.36,15544113.0,97130895.2,2.28,0.032769,0.043512,0.82,265.1257,,5.9003,2.3946,4.0671,0.0,,896671464.0,474350268.0,357238724.0,5496596074.0,2907767143.0,环境保护,环保,环境治理,综合环境治理,7.21,5.9,
2009-09-30,13.98,14.77,13.98,14.3,13.98,0.3200000000000003,2.29,11191852.0,70393823.69999999,2.28,0.023594,0.0313289999999999,0.68,271.1808,,6.0351,2.4493,4.16,0.0,,896671464.0,474350268.0,357238724.0,5622130079.0,2974176180.0,环境保护,环保,环境治理,综合环境治理,6.74,5.52,
2009-10-09,14.59,15.28,14.36,15.05,14.3,0.75,5.24,12933557.0,83833836.3,2.28,0.027266,0.036204,0.9,285.4535,,6.3527,2.5782,4.3789,0.0,,896671464.0,474350268.0,357238724.0,5918031662.0,3130711769.0,环境保护,环保,环境治理,综合环境治理,6.9,5.64,
2009-10-12,15.03,15.5,14.75,14.96,15.05,-0.0899999999999998,-0.6,12996371.0,86324419.89999999,2.28,0.027398,0.0363799999999999,0.95,283.7234,,6.3142,2.5626,4.3524,0.0,,896671464.0,474350268.0,357238724.0,5882164804.0,3111737758.0,环境保护,环保,环境治理,综合环境治理,7.26,5.94,
2009-10-13,14.82,15.55,14.71,15.28,14.96,0.3199999999999985,2.14,8003256.0,53691737.4,2.28,0.016872,0.022403,0.59,289.7785,,6.4489,2.6173,4.4453,0.0,,896671464.0,474350268.0,357238724.0,6007698809.0,3178146795.9999995,环境保护,环保,环境治理,综合环境治理,7.22,5.9,
2009-10-14,15.28,15.69,15.18,15.28,15.28,0.0,0.0,10902852.0,73824932.9,2.28,0.022985,0.03052,0.9,289.7785,,6.4489,2.6173,4.4453,0.0,,896671464.0,474350268.0,357238724.0,6007698809.0,3178146795.9999995,环境保护,环保,环境治理,综合环境治理,7.37,6.03,
2009-10-15,15.39,15.55,14.91,15.14,15.28,-0.1399999999999988,-0.92,9953208.0,66105561.7,2.28,0.020983,0.027862,0.89,287.1835,,6.3912,2.5938,4.4054,0.0,,896671464.0,474350268.0,357238724.0,5953898521.0,3149685780.0,环境保护,环保,环境治理,综合环境治理,7.37,6.03,
2009-10-16,15.05,15.32,14.8,15.05,15.14,-0.0899999999999998,-0.59,8086025.0,52909008.3,2.28,0.017047,0.022635,0.74,285.4535,,6.3527,2.5782,4.3789,0.0,,896671464.0,474350268.0,357238724.0,5918031662.0,3130711769.0,环境保护,环保,环境治理,综合环境治理,7.3,5.98,
2009-10-19,14.84,15.62,14.75,15.39,15.05,0.3399999999999998,2.26,11756656.0,78705743.8,2.28,0.0247849999999999,0.03291,1.18,291.941,,8.7029,2.6368,6.8504,0.0,,896671464.0,474350268.0,357238724.0,6052532382.0,3201864309.0,环境保护,环保,环境治理,综合环境治理,7.26,5.94,
2009-10-20,15.5,16.39,15.44,16.26,15.39,0.870000000000001,5.65,21015856.0,147880232.2,2.28,0.044305,0.058829,2.16,308.3762,,9.1928,2.7852,7.2361,0.0,,896671464.0,474350268.0,357238724.0,6393267537.999999,3382117411.0,环境保护,环保,环境治理,综合环境治理,7.43,6.08,
2009-10-21,16.03,17.78,15.8,17.1,16.26,0.8399999999999999,5.17,30828336.0,227326115.0,2.28,0.064991,0.086296,2.5,324.3789,,9.6698,2.9298,7.6116,0.0,,896671464.0,474350268.0,357238724.0,6725035980.0,3557627010.0,环境保护,环保,环境治理,综合环境治理,7.84,6.42,
2009-10-22,17.28,18.81,17.21,18.81,17.1,1.7099999999999973,10.0,59516956.99999999,478069375.5,2.28,0.12547,0.166603,3.65,356.8168,,10.6368,3.2228,8.3728,0.0,,896671464.0,474350268.0,357238724.0,7397539578.0,3913389711.000001,环境保护,环保,环境治理,综合环境治理,8.25,6.75,
2009-10-23,18.81,19.27,18.51,18.79,18.81,-0.0199999999999995,-0.11,40951924.0,337203291.0,2.28,0.086333,0.114635,1.56,356.3843,,10.6239,3.2188,8.3626,0.0,,896671464.0,474350268.0,357238724.0,7388572863.0,3908646208.0,环境保护,环保,环境治理,综合环境治理,9.08,7.43,
2009-10-26,18.7,19.61,18.51,19.54,18.79,0.75,3.99,27005532.0,227411414.3,2.28,0.056932,0.075595,0.82,370.657,,11.0494,3.3478,8.6975,0.0,,896671464.0,474350268.0,357238724.0,7684474446.0,4065181797.0,环境保护,环保,环境治理,综合环境治理,9.06,7.42,
2009-10-27,19.54,19.65,18.13,18.13,19.54,-1.41,-7.22,31597893.0,260447626.1,2.28,0.0666129999999999,0.08845,0.88,343.8417,,10.25,3.1056,8.0683,0.0,,896671464.0,474350268.0,357238724.0,7128538138.999999,3771084631.0,环境保护,环保,环境治理,综合环境治理,9.43,7.71,
2009-10-28,17.81,18.86,17.74,18.76,18.13,0.6300000000000026,3.47,22365658.0,179037756.5,2.28,0.04715,0.062607,0.59,355.9518,,10.611,3.2149,8.3525,0.0,,896671464.0,474350268.0,357238724.0,7379606149.0,3903902706.0,环境保护,环保,环境治理,综合环境治理,8.75,7.16,
2009-10-29,18.63,20.52,18.31,19.95,18.76,1.1899999999999975,6.34,33762121.0,291948755.2,2.28,0.071176,0.094509,0.93,378.4421,,11.2815,3.4181,8.8802,0.0,,896671464.0,474350268.0,357238724.0,7845875310.0,4150564845.0,环境保护,环保,环境治理,综合环境治理,9.05,7.41,
2009-10-30,19.93,21.96,19.88,21.34,19.95,1.3900000000000006,6.97,51013845.0,480414616.4,2.28,0.107545,0.1427999999999999,1.64,404.8249,,12.068,3.6564,9.4993,0.0,,896671464.0,474350268.0,357238724.0,8392844902.999999,4439918508.0,环境保护,环保,环境治理,综合环境治理,9.63,7.88,
2009-11-02,20.54,22.91,20.29,22.48,21.34,1.1400000000000006,5.34,43736562.0,418226997.8,2.28,0.092203,0.12243,1.32,426.4502,,12.7126,3.8517,10.0067,0.0,,896671464.0,474350268.0,357238724.0,8841180635.0,4677093642.0,环境保护,环保,环境治理,综合环境治理,10.3,8.42,
2009-12-03,20.22,20.22,20.22,20.22,22.48,-2.2600000000000016,-10.05,7570200.0,67147674.0,2.28,0.015959,0.021191,0.21,383.6322,,11.4362,3.4649,9.002,0.0,,896671464.0,474350268.0,357238724.0,7953475886.0,4207486877.0,环境保护,环保,环境治理,综合环境治理,10.85,8.87,
2009-12-04,18.19,20.95,18.19,19.15,20.22,-1.0700000000000005,-5.29,111418880.0,922454947.3,2.28,0.234887,0.311889,3.52,363.3044,,10.8302,3.2813,8.525,0.0,,896671464.0,474350268.0,357238724.0,7532040298.0,3984542251.0,环境保护,环保,环境治理,综合环境治理,9.76,7.98,
2009-12-07,18.29,18.63,17.81,18.51,19.15,-0.639999999999997,-3.34,55834291.0,448688892.4,2.28,0.1177069999999999,0.156294,1.13,351.1943,,10.4692,3.172,8.2408,0.0,,896671464.0,474350268.0,357238724.0,7280972288.0,3851724176.0,环境保护,环保,环境治理,综合环境治理,9.24,7.56,
2009-12-08,18.49,18.72,18.22,18.51,18.51,0.0,0.0,30335942.0,246107805.4,2.28,0.063953,0.084918,0.56,351.1943,,10.4692,3.172,8.2408,0.0,,896671464.0,474350268.0,357238724.0,7280972288.0,3851724176.0,环境保护,环保,环境治理,综合环境治理,8.93,7.31,
2009-12-09,18.35,18.35,17.56,17.62,18.51,-0.8900000000000006,-4.81,31424614.0,246035857.3,2.28,0.066248,0.087965,0.63,334.3266,,9.9664,3.0196,7.845,0.0,,896671464.0,474350268.0,357238724.0,6931270416.999999,3666727572.0,环境保护,环保,环境治理,综合环境治理,8.93,7.31,
2009-12-11,17.78,19.27,17.76,18.58,17.62,0.9599999999999972,5.45,41080731.0,334469778.5,2.28,0.0866039999999999,0.114995,0.87,352.4918,,10.5079,3.1837,8.2713,0.0,,896671464.0,474350268.0,357238724.0,7307872432.0,3865954684.0,环境保护,环保,环境治理,综合环境治理,8.5,6.96,
2009-12-14,18.56,18.56,17.85,18.22,18.58,-0.3599999999999994,-1.94,20286073.0,161338443.9,2.28,0.042766,0.056786,0.38,345.5717,,10.3016,3.1212,8.1089,0.0,,896671464.0,474350268.0,357238724.0,7164404997.0,3790058641.0,环境保护,环保,环境治理,综合环境治理,8.97,7.34,
2009-12-15,18.24,18.65,17.83,18.31,18.22,0.0899999999999998,0.49,19371031.0,154660781.7,2.28,0.040837,0.0542239999999999,0.54,347.3017,,10.3532,3.1368,8.1495,0.0,,896671464.0,474350268.0,357238724.0,7200271856.0,3809032652.0,环境保护,环保,环境治理,综合环境治理,8.79,7.19,
2009-12-16,18.24,18.24,17.67,17.76,18.31,-0.5499999999999972,-3.0,16254134.0,127607438.1,2.28,0.034266,0.045499,0.57,336.9216,,10.0437,3.0431,7.9059,0.0,,896671464.0,474350268.0,357238724.0,6985070705.0,3695188588.0,环境保护,环保,环境治理,综合环境治理,8.83,7.23,
2009-12-17,17.78,17.97,17.21,17.24,17.76,-0.5200000000000031,-2.93,14410775.0,111504616.4,2.28,0.0303799999999999,0.040339,0.56,326.974,,9.7472,2.9532,7.6725,0.0,,896671464.0,474350268.0,357238724.0,6778836268.0,3586088026.0,环境保护,环保,环境治理,综合环境治理,8.57,7.01,
2009-12-18,17.05,17.05,16.35,16.37,17.24,-0.8699999999999974,-5.05,13739918.0,100072416.9,2.28,0.028966,0.0384609999999999,0.62,310.5388,,9.2573,2.8048,7.2868,0.0,,896671464.0,474350268.0,357238724.0,6438101112.0,3405834924.0,环境保护,环保,环境治理,综合环境治理,8.32,6.8,
2009-12-21,16.35,17.19,16.35,17.1,16.37,0.7300000000000004,4.46,14921769.0,110512209.6,2.28,0.031457,0.0417699999999999,0.89,324.3789,,9.6698,2.9298,7.6116,0.0,,896671464.0,474350268.0,357238724.0,6725035980.0,3557627010.0,环境保护,环保,环境治理,综合环境治理,7.9,6.46,
2009-12-22,17.1,17.83,16.64,17.42,17.1,0.3200000000000003,1.87,19831571.0,151661460.5,2.28,0.041808,0.055513,1.26,330.434,,9.8503,2.9845,7.7537,0.0,,896671464.0,474350268.0,357238724.0,6850569985.0,3624036048.0,环境保护,环保,环境治理,综合环境治理,8.25,6.75,
2009-12-23,17.24,17.53,16.85,17.42,17.42,0.0,0.0,11442414.0,86409593.9,2.28,0.0241219999999999,0.0320299999999999,0.72,330.434,,9.8503,2.9845,7.7537,0.0,,896671464.0,474350268.0,357238724.0,6850569985.0,3624036048.0,环境保护,环保,环境治理,综合环境治理,8.4,6.88,
2009-12-24,17.44,18.08,17.26,17.92,17.42,0.5,2.87,15940910.0,124404226.5,2.28,0.033606,0.0446229999999999,1.07,339.9491,,10.134,3.0704,7.977,0.0,,896671464.0,474350268.0,357238724.0,7047837707.0,3728393106.000001,环境保护,环保,环境治理,综合环境治理,8.4,6.88,
2009-12-25,18.01,18.1,17.67,17.88,17.92,-0.0400000000000027,-0.22,9681062.0,75998873.1,2.28,0.020409,0.0271,0.64,339.0841,,10.1082,3.0626,7.9567,0.0,,896671464.0,474350268.0,357238724.0,7029904277.999999,3718906101.0,环境保护,环保,环境治理,综合环境治理,8.65,7.07,
2009-12-28,17.92,18.7,17.69,18.65,17.88,0.7699999999999996,4.31,30404891.0,243828989.9,2.28,0.064098,0.085111,2.12,353.7893,,10.5466,3.1954,8.3017,0.0,,896671464.0,474350268.0,357238724.0,7334772576.0,3880185192.0,环境保护,环保,环境治理,综合环境治理,8.62,7.06,
2009-12-29,18.47,18.88,18.22,18.54,18.65,-0.1099999999999994,-0.59,18367275.0,149225729.5,2.28,0.038721,0.0514149999999999,1.05,351.6268,,10.4821,3.1759,8.251,0.0,,896671464.0,474350268.0,357238724.0,7289939002.0,3856467679.0,环境保护,环保,环境治理,综合环境治理,9.0,7.36,
2009-12-30,18.54,18.63,17.69,17.94,18.54,-0.5999999999999979,-3.24,17264783.0,137319668.29999998,2.28,0.036397,0.0483279999999999,1.01,340.3816,,10.1469,3.0743,7.9871,0.0,,896671464.0,474350268.0,357238724.0,7056804422.000001,3733136609.0,环境保护,环保,环境治理,综合环境治理,8.94,7.32,
2009-12-31,17.92,18.67,17.85,18.29,17.94,0.3499999999999978,1.95,12619222.0,101274066.3,2.28,0.0266029999999999,0.035324,0.69,346.8692,,10.3403,3.1329,8.1393,0.0,,896671464.0,474350268.0,357238724.0,7191305141.0,3804289149.0,环境保护,环保,环境治理,综合环境治理,8.66,7.08,
2010-01-04,18.35,18.65,18.24,18.38,18.29,0.0899999999999998,0.49,15283742.000000002,123932606.1,2.28,0.03222,0.0427829999999999,0.87,348.5992,,10.3918,3.1485,8.1799,0.0,,896671464.0,474350268.0,357238724.0,7227172000.0,3823263160.0,环境保护,环保,环境治理,综合环境治理,8.82,7.22,
2010-01-05,18.56,18.56,17.99,18.15,18.38,-0.2300000000000004,-1.25,14634259.0,116605959.3,2.28,0.030851,0.040965,0.78,344.2742,,10.2629,3.1095,8.0784,0.0,,896671464.0,474350268.0,357238724.0,7137504852.999999,3775828133.0,环境保护,环保,环境治理,综合环境治理,8.87,7.25,
2010-01-06,18.13,18.86,17.99,18.76,18.15,0.610000000000003,3.36,23355615.0,188920192.8,2.28,0.049237,0.0653779999999999,1.49,355.9518,,10.611,3.2149,8.3525,0.0,,896671464.0,474350268.0,357238724.0,7379606149.0,3903902706.0,环境保护,环保,环境治理,综合环境治理,8.76,7.16,
2010-01-07,18.58,18.9,18.08,18.13,18.76,-0.6300000000000026,-3.36,16894296.0,136928816.9,2.28,0.035616,0.047291,1.02,343.8417,,10.25,3.1056,8.0683,0.0,,896671464.0,474350268.0,357238724.0,7128538138.999999,3771084631.0,环境保护,环保,环境治理,综合环境治理,9.05,7.41,
2010-01-08,18.08,18.58,17.56,18.45,18.13,0.3200000000000003,1.77,16433042.000000002,129332878.6,2.28,0.034643,0.046,0.99,349.8968,,10.4305,3.1603,8.2104,0.0,,896671464.0,474350268.0,357238724.0,7254072144.000001,3837493668.0,环境保护,环保,环境治理,综合环境治理,8.75,7.16,
2010-01-11,18.65,20.29,18.4,20.29,18.45,1.84,9.97,48149991.0,404785524.7,2.28,0.101507,0.134784,2.78,384.9297,,11.4749,3.4767,9.0324,0.0,,896671464.0,474350268.0,357238724.0,7980376030.0,4221717385.0,环境保护,环保,环境治理,综合环境治理,8.9,7.28,
2010-01-12,20.18,20.93,19.54,20.47,20.29,0.1799999999999997,0.89,45813971.0,407121148.0,2.28,0.096583,0.128245,1.92,388.3897,,11.578,3.5079,9.1136,0.0,,896671464.0,474350268.0,357238724.0,8052109747.0,4259665407.0,环境保护,环保,环境治理,综合环境治理,9.79,8.01,
2010-01-13,19.79,20.45,19.59,19.84,20.47,-0.629999999999999,-3.08,23799924.0,209193512.8,2.28,0.050174,0.066622,0.79,376.2796,,11.217,3.3985,8.8295,0.0,,896671464.0,474350268.0,357238724.0,7801041737.0,4126847332.0,环境保护,环保,环境治理,综合环境治理,9.88,8.08,
2010-01-14,19.61,20.7,18.97,20.11,19.84,0.2699999999999996,1.36,27903542.0,243392823.2,2.28,0.058825,0.078109,0.92,381.4696,,11.3717,3.4454,8.9512,0.0,,896671464.0,474350268.0,357238724.0,7908642312.0,4183769364.0,环境保护,环保,环境治理,综合环境治理,9.57,7.83,
2010-01-15,19.86,20.2,19.59,19.65,20.11,-0.4600000000000008,-2.29,16710879.999999998,145332640.9,2.28,0.0352289999999999,0.046778,0.52,372.8195,,11.1139,3.3673,8.7483,0.0,,896671464.0,474350268.0,357238724.0,7729308020.0,4088899310.0,环境保护,环保,环境治理,综合环境治理,9.7,7.94,
2010-01-18,19.61,20.41,19.49,20.09,19.65,0.4400000000000013,2.24,21279184.0,188376887.1,2.28,0.04486,0.059566,0.66,381.0371,,11.3588,3.4415,8.9411,0.0,,896671464.0,474350268.0,357238724.0,7899675598.0,4179025861.0,环境保护,环保,环境治理,综合环境治理,9.48,7.76,
2010-01-19,19.88,20.5,19.88,20.13,20.09,0.0399999999999991,0.2,14518459.0,128573297.2,2.28,0.030607,0.040641,0.54,381.9021,,11.3846,3.4493,8.9614,0.0,,896671464.0,474350268.0,357238724.0,7917609027.0,4188512866.0,环境保护,环保,环境治理,综合环境治理,9.69,7.93,
2010-01-20,20.11,21.89,20.06,20.82,20.13,0.6900000000000013,3.43,35539914.0,325727071.6,2.28,0.074923,0.0994849999999999,1.71,394.8773,,11.7714,3.5665,9.2659,0.0,,896671464.0,474350268.0,357238724.0,8186610466.0,4330817947.0,环境保护,环保,环境治理,综合环境治理,9.71,7.95,
2010-01-21,20.54,21.8,20.36,21.34,20.82,0.5199999999999996,2.5,26537093.0,247971842.0,2.28,0.055944,0.074284,1.14,404.8249,,12.068,3.6564,9.4993,0.0,,896671464.0,474350268.0,357238724.0,8392844902.999999,4439918508.0,环境保护,环保,环境治理,综合环境治理,10.04,8.22,
2010-01-22,21.09,21.52,19.63,20.0,21.34,-1.34,-6.28,23908460.0,214348228.4,2.28,0.050403,0.066926,1.04,379.3071,,11.3073,3.4259,8.9005,0.0,,896671464.0,474350268.0,357238724.0,7863808739.0,4160051850.0,环境保护,环保,环境治理,综合环境治理,10.3,8.42,
2010-01-25,19.79,20.52,19.43,19.84,20.0,-0.1600000000000001,-0.8,10461462.0,91661984.9,2.28,0.022054,0.0292839999999999,0.43,376.2796,,11.217,3.3985,8.8295,0.0,,896671464.0,474350268.0,357238724.0,7801041737.0,4126847332.0,环境保护,环保,环境治理,综合环境治理,9.65,7.89,
2010-01-26,19.84,20.09,18.24,18.47,19.84,-1.370000000000001,-6.91,13427762.0,112130649.6,2.28,0.028308,0.0375879999999999,0.61,350.3293,,10.4434,3.1642,8.2205,0.0,,896671464.0,474350268.0,357238724.0,7263038858.0,3842237171.0,环境保护,环保,环境治理,综合环境治理,9.57,7.83,
2010-01-27,18.6,19.27,17.94,18.67,18.47,0.2000000000000028,1.08,10712349.0,87722716.4,2.28,0.022583,0.029987,0.49,354.2218,,10.5595,3.1993,8.3119,0.0,,896671464.0,474350268.0,357238724.0,7343739290.0,3884928695.0,环境保护,环保,环境治理,综合环境治理,8.91,7.29,
2010-01-28,18.72,19.56,18.72,19.36,18.67,0.6899999999999977,3.7,9535121.0,80067850.5,2.28,0.020101,0.026691,0.56,367.197,,10.9463,3.3165,8.6163,0.0,,896671464.0,474350268.0,357238724.0,7612740729.0,4027233775.0,环境保护,环保,环境治理,综合环境治理,9.01,7.37,
2010-01-29,19.15,20.34,19.02,19.9,19.36,0.5399999999999991,2.79,10856232.0,94670350.5,2.28,0.022887,0.030389,0.8,377.5771,,11.2557,3.4103,8.8599,0.0,,896671464.0,474350268.0,357238724.0,7827941881.0,4141077840.0,环境保护,环保,环境治理,综合环境治理,9.34,7.64,
2010-02-01,19.9,20.47,19.65,20.38,19.9,0.4800000000000004,2.41,14604735.999999998,128673337.7,2.28,0.030789,0.0408819999999999,1.33,386.6597,,11.5264,3.4923,9.073,0.0,,896671464.0,474350268.0,357238724.0,8016242888.0,4240691396.0,环境保护,环保,环境治理,综合环境治理,9.6,7.86,
2010-02-02,20.41,21.07,20.0,20.16,20.38,-0.2199999999999988,-1.08,12636035.0,113579203.5,2.28,0.026639,0.035371,1.07,382.3346,,11.3975,3.4532,8.9715,0.0,,896671464.0,474350268.0,357238724.0,7926575742.0,4193256369.0,环境保护,环保,环境治理,综合环境治理,9.83,8.05,
2010-02-03,20.06,20.5,19.38,20.29,20.16,0.129999999999999,0.64,10679433.0,93654538.5,2.28,0.022514,0.0298939999999999,0.92,384.9297,,11.4749,3.4767,9.0324,0.0,,896671464.0,474350268.0,357238724.0,7980376030.0,4221717385.0,环境保护,环保,环境治理,综合环境治理,9.72,7.96,
2010-02-04,20.29,22.07,19.93,21.71,20.29,1.4200000000000017,7.0,29885710.0,278055518.6,2.28,0.063003,0.083658,2.56,411.745,,12.2742,3.7189,9.6617,0.0,,896671464.0,474350268.0,357238724.0,8536312337.0,4515814551.0,环境保护,环保,环境治理,综合环境治理,9.79,8.01,
2010-02-05,21.04,21.57,20.52,20.63,21.71,-1.0800000000000018,-4.97,18054197.0,166396163.9,2.28,0.038061,0.050538,1.15,391.4173,,11.6683,3.5353,9.1847,0.0,,896671464.0,474350268.0,357238724.0,8114876749.0,4292869925.0,环境保护,环保,环境治理,综合环境治理,10.47,8.57,
2010-02-08,20.43,20.93,20.06,20.36,20.63,-0.2699999999999996,-1.31,8956350.0,80478251.5,2.28,0.018881,0.025071,0.52,386.2272,,11.5135,3.4884,9.0629,0.0,,896671464.0,474350268.0,357238724.0,8007276174.0,4235947893.0,环境保护,环保,环境治理,综合环境治理,9.96,8.15,
2010-02-09,20.36,20.77,20.13,20.25,20.36,-0.1099999999999994,-0.54,8051512.0,71896605.7,2.28,0.016974,0.022538,0.5,384.0647,,11.4491,3.4689,9.0121,0.0,,896671464.0,474350268.0,357238724.0,7962442600.0,4212230380.0,环境保护,环保,环境治理,综合环境治理,9.82,8.04,
2010-02-10,20.52,20.7,20.11,20.5,20.25,0.25,1.23,6085250.0,54510871.9,2.28,0.012829,0.017034,0.4,388.8222,,11.5909,3.5118,9.1238,0.0,,896671464.0,474350268.0,357238724.0,8061076461.0,4264408909.0,环境保护,环保,环境治理,综合环境治理,9.77,7.99,
2010-02-11,20.29,20.7,20.29,20.59,20.5,0.0899999999999998,0.44,5307458.0,47790140.1,2.28,0.011189,0.014857,0.37,390.5522,,11.6425,3.5274,9.1644,0.0,,896671464.0,474350268.0,357238724.0,8096943320.000001,4283382920.0,环境保护,环保,环境治理,综合环境治理,9.89,8.09,
2010-02-12,20.59,21.75,20.59,21.23,20.59,0.6400000000000006,3.11,13685879.999999998,128197619.2,2.28,0.028852,0.03831,1.47,402.6624,,12.0035,3.6368,9.4485,0.0,,896671464.0,474350268.0,357238724.0,8348011330.0,4416200995.0,环境保护,环保,环境治理,综合环境治理,9.93,8.13,
2010-02-22,21.32,22.69,21.0,22.16,21.23,0.9299999999999996,4.38,21908399.0,211624627.4,2.28,0.046186,0.061327,2.6,420.3951,,12.5321,3.797,9.8646,0.0,,896671464.0,474350268.0,357238724.0,8715646630.0,4610684605.0,环境保护,环保,环境治理,综合环境治理,10.24,8.38,
2010-02-23,22.07,23.28,21.96,22.75,22.16,0.5899999999999999,2.66,27010763.0,268704903.1,2.28,0.056943,0.07561,2.45,431.6402,,12.8673,3.8986,10.1285,0.0,,896671464.0,474350268.0,357238724.0,8948781211.0,4734015675.0,环境保护,环保,环境治理,综合环境治理,10.69,8.75,
2010-02-24,22.39,22.94,22.25,22.69,22.75,-0.0599999999999987,-0.26,15832707.0,156797512.0,2.28,0.033378,0.04432,1.07,430.3427,,12.8286,3.8868,10.0981,0.0,,896671464.0,474350268.0,357238724.0,8921881067.0,4719785167.0,环境保护,环保,环境治理,综合环境治理,10.98,8.98,
2010-02-25,22.69,23.71,22.57,22.96,22.69,0.2699999999999996,1.19,19416821.0,196684855.9,2.28,0.040934,0.054353,1.16,435.5328,,12.9834,3.9337,10.2198,0.0,,896671464.0,474350268.0,357238724.0,9029481642.0,4776707199.0,环境保护,环保,环境治理,综合环境治理,10.95,8.96,
2010-02-26,22.98,23.26,22.23,22.75,22.96,-0.2100000000000008,-0.91,17131053.0,170157439.0,2.28,0.036115,0.047954,0.88,431.6402,,12.8673,3.8986,10.1285,0.0,,896671464.0,474350268.0,357238724.0,8948781211.0,4734015675.0,环境保护,环保,环境治理,综合环境治理,11.08,9.06,
2010-03-01,22.8,22.96,22.25,22.53,22.75,-0.2199999999999988,-0.97,17297503.0,171756183.7,2.28,0.036466,0.04842,0.85,427.3152,,12.7384,3.8595,10.027,0.0,,896671464.0,474350268.0,357238724.0,8859114064.0,4686580648.0,环境保护,环保,环境治理,综合环境治理,10.98,8.98,
2010-03-02,22.53,24.76,22.44,23.6,22.53,1.0700000000000005,4.75,38876810.0,405703181.3,2.28,0.081958,0.108826,2.01,447.6429,,13.3444,4.0431,10.504,0.0,,896671464.0,474350268.0,357238724.0,9280549652.0,4909525274.0,环境保护,环保,环境治理,综合环境治理,10.87,8.89,
2010-03-03,23.53,24.3,23.19,23.55,23.6,-0.0500000000000007,-0.21,20552424.0,214139961.8,2.28,0.043328,0.057531,0.95,446.7779,,13.3186,4.0353,10.4837,0.0,,896671464.0,474350268.0,357238724.0,9262616223.0,4900038268.0,环境保护,环保,环境治理,综合环境治理,11.39,9.32,
2010-03-04,23.58,24.62,22.8,22.96,23.55,-0.5899999999999999,-2.51,24377654.0,253772170.4,2.28,0.051392,0.068239,1.08,435.5328,,12.9834,3.9337,10.2198,0.0,,896671464.0,474350268.0,357238724.0,9029481642.0,4776707199.0,环境保护,环保,环境治理,综合环境治理,11.36,9.3,
2010-03-05,22.89,23.37,22.3,22.62,22.96,-0.3399999999999998,-1.48,15134120.000000002,150945152.89999998,2.28,0.031905,0.042364,0.64,429.0452,,12.79,3.8751,10.0676,0.0,,896671464.0,474350268.0,357238724.0,8894980923.0,4705554659.0,环境保护,环保,环境治理,综合环境治理,11.08,9.06,
2010-03-08,22.44,23.67,22.44,23.39,22.62,0.7699999999999996,3.4,12791084.0,129739980.6,2.28,0.026965,0.035805,0.55,443.7504,,13.2283,4.0079,10.4127,0.0,,896671464.0,474350268.0,357238724.0,9199849221.0,4866833750.0,环境保护,环保,环境治理,综合环境治理,10.91,8.93,
2010-03-09,23.44,23.71,23.14,23.26,23.39,-0.129999999999999,-0.56,10471210.0,107563598.9,2.28,0.022075,0.029312,0.47,441.1554,,13.151,3.9845,10.3518,0.0,,896671464.0,474350268.0,357238724.0,9146048933.0,4838372734.0,环境保护,环保,环境治理,综合环境治理,11.29,9.23,
2010-03-10,23.21,23.23,22.55,22.62,23.26,-0.6400000000000006,-2.75,10502600.0,104831997.4,2.28,0.022141,0.029399,0.63,429.0452,,12.79,3.8751,10.0676,0.0,,896671464.0,474350268.0,357238724.0,8894980923.0,4705554659.0,环境保护,环保,环境治理,综合环境治理,11.22,9.18,
2010-03-11,22.69,23.1,22.53,22.62,22.62,0.0,0.0,6438727.0,64107700.3,2.28,0.013574,0.018024,0.44,429.0452,,12.79,3.8751,10.0676,0.0,,896671464.0,474350268.0,357238724.0,8894980923.0,4705554659.0,环境保护,环保,环境治理,综合环境治理,10.91,8.93,
2010-03-12,22.57,22.89,22.0,22.07,22.62,-0.5500000000000007,-2.43,6300110.0,62121479.7,2.28,0.013282,0.017636,0.57,418.6651,,12.4805,3.7814,9.824,0.0,,896671464.0,474350268.0,357238724.0,8679779772.0,4591710594.0,环境保护,环保,环境治理,综合环境治理,10.91,8.93,
2010-03-15,22.0,22.16,20.52,21.04,22.07,-1.0300000000000011,-4.67,13194968.0,122423521.2,2.28,0.0278169999999999,0.036936,1.42,399.2023,,11.9003,3.6056,9.3673,0.0,,896671464.0,474350268.0,357238724.0,8276277613.0,4378252974.0,环境保护,环保,环境治理,综合环境治理,10.65,8.71,
2010-03-16,21.04,22.55,20.93,22.3,21.04,1.2600000000000016,5.99,14546993.0,138741110.3,2.28,0.030667,0.040721,1.55,422.9901,,12.6095,3.8204,9.9255,0.0,,896671464.0,474350268.0,357238724.0,8769446918.0,4639145621.0,环境保护,环保,环境治理,综合环境治理,10.15,8.31,
2010-03-17,22.14,22.98,21.91,22.66,22.3,0.3599999999999994,1.61,13464507.0,132770562.6,2.28,0.0283849999999999,0.037691,1.32,429.9102,,12.8158,3.8829,10.0879,0.0,,896671464.0,474350268.0,357238724.0,8912914352.0,4715041664.0,环境保护,环保,环境治理,综合环境治理,10.76,8.8,
2010-03-18,22.48,22.91,22.23,22.41,22.66,-0.25,-1.1,10310254.0,101972893.2,2.28,0.021736,0.0288609999999999,0.96,425.1527,,12.6739,3.84,9.9763,0.0,,896671464.0,474350268.0,357238724.0,8814280491.0,4662863134.0,环境保护,环保,环境治理,综合环境治理,10.93,8.95,
2010-03-19,22.32,22.75,22.32,22.44,22.41,0.0300000000000011,0.13,7678600.0,75781913.4,2.28,0.016188,0.021494,0.66,425.5852,,12.6868,3.8439,9.9864,0.0,,896671464.0,474350268.0,357238724.0,8823247206.0,4667606637.0,环境保护,环保,环境治理,综合环境治理,10.81,8.85,
2010-03-22,22.44,22.53,21.27,21.77,22.44,-0.6700000000000017,-2.99,23050188.0,219603276.6,2.28,0.048593,0.064523,1.95,413.0425,,12.3129,3.7306,9.6921,0.0,,896671464.0,474351808.0,357238724.0,8563212481.0,4530059766.0,环境保护,环保,环境治理,综合环境治理,10.82,8.86,
2010-03-23,21.61,22.0,21.32,21.43,21.77,-0.3399999999999998,-1.56,14885051.0,141036255.0,2.28,0.0244479999999999,0.0416669999999999,1.08,406.5549,,12.1195,3.672,9.5399,0.0,,896671464.0,608852527.0,357238724.0,8428711762.0,5723213754.0,环境保护,环保,环境治理,综合环境治理,10.51,8.6,
2010-03-24,21.45,22.05,21.32,21.57,21.43,0.1400000000000005,0.65,12217911.0,116246620.5,2.28,0.0200669999999999,0.034201,0.88,409.15,,12.1969,3.6954,9.6008,0.0,,896671464.0,608852527.0,357238724.0,8482512049.0,5759744905.0,环境保护,环保,环境治理,综合环境治理,10.34,8.46,
2010-03-25,21.43,21.77,20.95,21.02,21.57,-0.5500000000000007,-2.55,13034442.0,121212377.8,2.28,0.021408,0.036487,0.96,398.7698,,11.8874,3.6017,9.3572,0.0,,896671464.0,608852527.0,357238724.0,8267310898.0,5613620299.0,环境保护,环保,环境治理,综合环境治理,10.41,8.51,
2010-03-26,21.0,21.77,20.86,21.48,21.02,0.4600000000000008,2.19,10683083.0,99934259.1,2.28,0.017546,0.029905,0.75,407.4199,,12.1453,3.6798,9.5602,0.0,,896671464.0,608852527.0,357238724.0,8446645191.0,5735390804.0,环境保护,环保,环境治理,综合环境治理,10.14,8.3,
2010-03-29,21.39,21.48,21.04,21.23,21.48,-0.25,-1.16,11881876.0,110471897.1,2.28,0.019515,0.03326,0.8,402.6624,,12.0035,3.6368,9.4485,0.0,,896671464.0,608852527.0,357238724.0,8348011330.0,5668417026.0,环境保护,环保,环境治理,综合环境治理,10.36,8.48,
2010-03-30,21.23,21.75,20.98,21.43,21.23,0.1999999999999993,0.94,15835551.999999998,148208743.9,2.28,0.026009,0.044328,1.26,406.5549,,12.1195,3.672,9.5399,0.0,,896671464.0,608852527.0,357238724.0,8428711762.0,5723213754.0,环境保护,环保,环境治理,综合环境治理,10.24,8.38,
2010-04-01,20.36,20.36,20.36,20.36,21.43,-1.0700000000000005,-4.99,8876000.0,79262680.0,2.28,0.014578,0.024846,0.7,,,45.4135,14.9669,14.9669,0.0,,896671464.0,608852527.0,357238724.0,8007276174.0,5437053066.0,环境保护,环保,环境治理,综合环境治理,9.87,8.93,
2010-04-02,19.43,20.18,19.43,19.88,20.36,-0.4800000000000004,-2.36,39827905.0,343594531.1,2.28,0.065415,0.1114879999999999,3.3,,,44.3455,14.6149,14.6149,0.0,,896671464.0,608852527.0,357238724.0,7818975166.0,5309194035.0,环境保护,环保,环境治理,综合环境治理,9.38,8.48,
2010-04-06,19.52,20.88,19.47,20.54,19.88,0.6600000000000001,3.32,23242276.0,206763902.9,2.28,0.038174,0.065061,1.33,,,45.8203,15.101,15.101,0.0,,896671464.0,608852527.0,357238724.0,8079009891.0,5485761268.0,环境保护,环保,环境治理,综合环境治理,9.16,8.28,
2010-04-07,20.52,20.91,20.29,20.52,20.54,-0.0199999999999995,-0.1,11822724.0,106959241.3,2.28,0.019418,0.033095,0.59,,,45.7695,15.0842,15.0842,0.0,,896671464.0,608852527.0,357238724.0,8070043175.999999,5479672743.000001,环境保护,环保,环境治理,综合环境治理,9.46,8.56,
2010-04-08,20.52,20.7,20.02,20.13,20.52,-0.3900000000000005,-1.9,11066448.0,98333971.6,2.28,0.018176,0.030978,0.56,,,44.9049,14.7993,14.7993,0.0,,896671464.0,608852527.0,357238724.0,7917609027.0,5376167813.0,环境保护,环保,环境治理,综合环境治理,9.45,8.55,
2010-04-09,20.22,20.79,20.06,20.59,20.13,0.4600000000000008,2.29,11461826.0,102686015.7,2.28,0.018825,0.032085,0.6,,,45.922,15.1345,15.1345,0.0,,896671464.0,608852527.0,357238724.0,8096943320.000001,5497938319.0,环境保护,环保,环境治理,综合环境治理,9.27,8.39,
2010-04-12,20.54,20.79,20.13,20.25,20.59,-0.3399999999999998,-1.65,11601585.0,103474864.8,2.28,0.019055,0.032476,0.6,,,45.1592,14.8831,14.8831,0.0,,896671464.0,608852527.0,357238724.0,7962442600.0,5406610440.0,环境保护,环保,环境治理,综合环境治理,9.48,8.58,
2010-04-13,20.27,20.38,19.24,19.38,20.25,-0.870000000000001,-4.3,17253572.0,147878759.5,2.28,0.028338,0.048297,1.25,,,43.2267,14.2462,14.2462,0.0,,896671464.0,608852527.0,357238724.0,7621707444.0,5175246480.0,环境保护,环保,环境治理,综合环境治理,9.32,8.44,
2010-04-14,19.38,19.52,18.65,19.08,19.38,-0.3000000000000007,-1.55,12184608.0,101516077.4,2.28,0.020012,0.034108,0.96,,,42.5656,14.0283,14.0283,0.0,,896671464.0,608852527.0,357238724.0,7505140154.0,5096095651.0,环境保护,环保,环境治理,综合环境治理,8.93,8.08,
2010-04-15,18.92,19.47,18.88,19.17,19.08,0.0900000000000034,0.47,9711364.0,81717409.4,2.28,0.01595,0.027185,0.76,,,42.769,14.0954,14.0954,0.0,,896671464.0,608852527.0,357238724.0,7541007012.0,5120449752.0,环境保护,环保,环境治理,综合环境治理,8.79,7.95,
2010-04-16,19.17,19.7,18.7,19.31,19.17,0.139999999999997,0.73,10143277.0,85519720.6,2.28,0.0166599999999999,0.028394,0.82,,,43.0742,14.1959,14.1959,0.0,,896671464.0,608852527.0,357238724.0,7594807300.0,5156980904.0,环境保护,环保,环境治理,综合环境治理,8.83,7.99,
2010-04-19,19.31,19.31,18.35,18.35,19.31,-0.9599999999999972,-4.97,9203941.0,75857692.8,2.28,0.015117,0.025764,0.76,,,40.9383,13.492,13.492,0.0,,896671464.0,608852527.0,357238724.0,7218205285.0,4901262842.0,环境保护,环保,环境治理,综合环境治理,8.89,8.05,
2010-04-20,18.35,18.51,17.53,18.35,18.35,0.0,0.0,9389324.0,74356105.0,2.28,0.015421,0.0262829999999999,0.8,,,40.9383,13.492,13.492,0.0,,896671464.0,608852527.0,357238724.0,7218205285.0,4901262842.0,环境保护,环保,环境治理,综合环境治理,8.45,7.65,
2010-04-22,18.97,19.24,18.47,19.02,18.35,0.6699999999999982,3.65,14230804.999999998,118135238.1,2.28,0.0233729999999999,0.039836,1.41,,,42.4131,13.978,13.978,0.0,,896671464.0,608852527.0,357238724.0,7478240010.0,5077830075.0,环境保护,环保,环境治理,综合环境治理,8.45,7.65,
2010-04-23,18.92,19.31,18.72,19.2,19.02,0.1799999999999997,0.95,10287837.0,85781734.5,2.28,0.016897,0.028798,0.98,,,34.9399,14.1121,18.8835,0.0,,896671464.0,608852527.0,357238724.0,7549973726.999999,5126538277.0,环境保护,环保,环境治理,综合环境治理,8.76,7.92,
2010-04-26,19.13,19.56,18.7,19.17,19.2,-0.0299999999999975,-0.16,8893928.0,74573834.2,2.28,0.014608,0.0248959999999999,0.84,,,34.8984,14.0954,18.8611,0.0,,896671464.0,608852527.0,357238724.0,7541007012.0,5120449752.0,环境保护,环保,环境治理,综合环境治理,8.84,8.0,
2010-04-27,19.06,19.33,18.51,18.88,19.17,-0.2900000000000027,-1.51,7871499.000000001,65331440.7,2.28,0.012928,0.0220339999999999,0.76,,,34.359,13.8775,18.5695,0.0,,896671464.0,608852527.0,357238724.0,7424439722.0,5041298924.0,环境保护,环保,环境治理,综合环境治理,8.83,7.99,
2010-04-28,18.88,19.27,18.72,19.02,18.88,0.1400000000000005,0.74,6823589.0,57032873.3,2.28,0.011207,0.019101,0.67,,,34.6079,13.978,18.7041,0.0,,896671464.0,608852527.0,357238724.0,7478240010.0,5077830075.0,环境保护,环保,环境治理,综合环境治理,8.69,7.87,
2010-04-29,19.29,19.54,18.58,18.7,19.02,-0.3200000000000003,-1.68,10857863.0,91361271.7,2.28,0.017833,0.030394,1.13,,,34.027,13.7434,18.3901,0.0,,896671464.0,608852527.0,357238724.0,7352706004.999999,4992590721.0,环境保护,环保,环境治理,综合环境治理,8.76,7.92,
2010-04-30,18.79,18.9,17.76,17.94,18.7,-0.759999999999998,-4.06,8680331.0,68503591.9,2.28,0.0142569999999999,0.024298,0.97,,,32.6576,13.1903,17.65,0.0,,896671464.0,608852527.0,357238724.0,7056804422.000001,4791669387.0,环境保护,环保,环境治理,综合环境治理,8.61,7.79,
2010-05-04,17.76,17.78,17.05,17.05,17.94,-0.8900000000000006,-4.96,5011845.0,37756199.3,2.28,0.008232,0.014029,0.58,,,31.0393,12.5367,16.7754,0.0,,896671464.0,608852527.0,357238724.0,6707102550.999999,4554216902.0,环境保护,环保,环境治理,综合环境治理,8.26,7.48,
2010-05-05,16.26,16.6,16.21,16.48,17.05,-0.5700000000000003,-3.34,11400160.0,81550899.9,2.28,0.018724,0.0319119999999999,1.45,,,30.0019,12.1176,16.2147,0.0,,896671464.0,608852527.0,357238724.0,6482934685.0,4402003770.0,环境保护,环保,环境治理,综合环境治理,7.85,7.11,
2010-05-06,16.44,16.6,15.66,15.66,16.48,-0.8200000000000003,-4.98,7795462.0,54942699.9,2.28,0.012804,0.021821,0.91,,,28.508,11.5143,15.4073,0.0,,896671464.0,608852527.0,357238724.0,6160132958.0,4182816860.0,环境保护,环保,环境治理,综合环境治理,7.59,6.87,
2010-05-07,15.34,15.34,14.89,14.89,15.66,-0.7699999999999996,-4.92,8109842.999999999,53213735.3,2.28,0.01332,0.022701,0.93,,,27.0971,10.9444,14.6448,0.0,,896671464.0,608852527.0,357238724.0,5855264660.0,3975807001.0,环境保护,环保,环境治理,综合环境治理,7.21,6.53,
2010-05-10,14.66,15.18,14.14,14.14,14.89,-0.75,-5.04,9627857.0,60246662.1,2.28,0.015813,0.026951,1.17,,,25.7277,10.3913,13.9047,0.0,,896671464.0,608852527.0,357238724.0,5559363077.0,3774885667.000001,环境保护,环保,环境治理,综合环境治理,6.86,6.2,
2010-05-11,14.27,14.82,14.18,14.34,14.14,0.1999999999999993,1.41,10676219.0,67935867.4,2.28,0.017535,0.029885,1.27,,,26.1012,10.5422,14.1065,0.0,,896671464.0,608852527.0,357238724.0,5640063509.0,3829682395.000001,环境保护,环保,环境治理,综合环境治理,6.51,5.89,
2010-05-12,14.2,14.23,13.63,13.63,14.34,-0.7099999999999991,-4.95,6811684.0,41102677.5,2.28,0.011188,0.019068,0.72,,,24.8148,10.0226,13.4113,0.0,,896671464.0,608852527.0,357238724.0,5362095355.0,3640938111.0,环境保护,环保,环境治理,综合环境治理,6.6,5.98,
2010-05-13,13.68,13.79,12.97,13.7,13.63,0.0699999999999985,0.51,9576794.0,56123564.2,2.28,0.015729,0.026808,1.11,,,24.9393,10.0729,13.4786,0.0,,896671464.0,608852527.0,357238724.0,5388995499.0,3659203687.0,环境保护,环保,环境治理,综合环境治理,6.28,5.68,
2010-05-14,13.57,14.11,13.29,14.0,13.7,0.3000000000000007,2.19,6898989.0,41393353.8,2.28,0.011331,0.019312,0.77,,,25.4788,10.2908,13.7701,0.0,,896671464.0,608852527.0,357238724.0,5505562789.0,3738354516.0,环境保护,环保,环境治理,综合环境治理,6.31,5.71,
2010-05-17,13.7,13.79,13.29,13.29,14.0,-0.7100000000000009,-5.07,5965745.0,35340890.099999994,2.28,0.009798,0.0167,0.68,,,24.1924,9.7712,13.0749,0.0,,896671464.0,608852527.0,357238724.0,5227594635.0,3549610232.0,环境保护,环保,环境治理,综合环境治理,6.45,5.83,
2010-05-18,12.68,13.09,12.63,12.63,13.29,-0.6599999999999984,-4.97,9895871.0,55006136.3,2.28,0.016253,0.0277009999999999,1.24,,,22.989,9.2852,12.4245,0.0,,896671464.0,608852527.0,357238724.0,4967559911.0,3373043000.0,环境保护,环保,环境治理,综合环境治理,6.12,5.54,
2010-05-19,12.52,12.95,12.45,12.54,12.63,-0.0900000000000016,-0.71,5612420.0,31222567.1,2.28,0.0092179999999999,0.015711,0.72,,,22.823,9.2181,12.3348,0.0,,896671464.0,608852527.0,357238724.0,4931693052.0,3348688899.0,环境保护,环保,环境治理,综合环境治理,5.82,5.26,
2010-05-20,12.49,13.0,12.38,12.84,12.54,0.3000000000000007,2.39,6296219.0,35073683.5,2.28,0.010341,0.017625,0.83,,,23.3624,9.436,12.6264,0.0,,896671464.0,608852527.0,357238724.0,5048260342.0,3427839727.0,环境保护,环保,环境治理,综合环境治理,5.78,5.23,
2010-05-21,12.43,12.97,12.38,12.95,12.84,0.1099999999999994,0.86,5095394.0,28504506.9,2.28,0.008369,0.014263,0.73,,,23.5699,9.5198,12.7385,0.0,,896671464.0,608852527.0,357238724.0,5093093916.0,3458282353.0,环境保护,环保,环境治理,综合环境治理,5.91,5.35,
2010-05-24,13.16,13.59,12.95,13.59,12.95,0.6400000000000006,4.94,7257335.000000001,42866388.8,2.28,0.01192,0.020315,1.1,,,24.7318,9.9891,13.3665,0.0,,896671464.0,608852527.0,357238724.0,5344161925.0,3628761061.0,环境保护,环保,环境治理,综合环境治理,5.96,5.4,
2010-05-25,13.45,14.23,13.34,13.7,13.59,0.1099999999999994,0.81,8727843.0,52810627.5,2.28,0.014335,0.0244309999999999,1.28,,,24.9393,10.0729,13.4786,0.0,,896671464.0,608852527.0,357238724.0,5388995499.0,3659203687.0,环境保护,环保,环境治理,综合环境治理,6.26,5.66,
2010-05-26,13.63,14.09,13.63,14.09,13.7,0.3900000000000005,2.85,7445788.0,45209586.1,2.28,0.012229,0.0208429999999999,1.13,,,25.6447,10.3578,13.8599,0.0,,896671464.0,608852527.0,357238724.0,5541429648.0,3762708617.0,环境保护,环保,环境治理,综合环境治理,6.31,5.71,
2010-05-27,14.48,14.48,13.98,14.23,14.09,0.1400000000000005,0.99,8103959.0,50453084.3,2.28,0.0133099999999999,0.022685,1.16,,,25.8937,10.4584,13.9944,0.0,,896671464.0,608852527.0,357238724.0,5595229935.0,3799239768.0,环境保护,环保,环境治理,综合环境治理,6.49,5.87,
2010-05-28,14.36,14.48,13.89,14.0,14.23,-0.2300000000000004,-1.62,5954978.0,36780883.5,2.28,0.009781,0.016669,0.81,,,25.4788,10.2908,13.7701,0.0,,896671464.0,608852527.0,357238724.0,5505562789.0,3738354516.0,环境保护,环保,环境治理,综合环境治理,6.55,5.93,
2010-06-01,13.57,13.57,13.29,13.29,14.0,-0.7100000000000009,-5.07,4156797.0,24303145.1,2.28,0.006827,0.011636,0.55,,,24.1924,9.7712,13.0749,0.0,,896671464.0,608852527.0,357238724.0,5227594635.0,3549610232.0,环境保护,环保,环境治理,综合环境治理,6.45,5.83,
2010-06-02,12.79,13.0,12.63,12.95,13.29,-0.3399999999999998,-2.56,5545257.0,31018771.1,2.28,0.009108,0.015523,0.81,,,23.5699,9.5198,12.7385,0.0,,896671464.0,608852527.0,357238724.0,5093093916.0,3458282353.0,环境保护,环保,环境治理,综合环境治理,6.12,5.54,
2010-06-03,12.9,13.27,12.88,12.88,12.95,-0.0699999999999985,-0.54,4257428.0,24392965.2,2.28,0.006993,0.011918,0.68,,,23.4454,9.4695,12.6712,0.0,,896671464.0,608852527.0,357238724.0,5066193772.0,3440016778.0,环境保护,环保,环境治理,综合环境治理,5.96,5.4,
2010-06-04,12.61,13.09,12.54,12.97,12.88,0.0899999999999998,0.7,3191611.0,17932269.9,2.28,0.005242,0.008934,0.57,,,23.6114,9.5366,12.7609,0.0,,896671464.0,608852527.0,357238724.0,5102060630.0,3464370879.0,环境保护,环保,环境治理,综合环境治理,5.93,5.37,
2010-06-07,12.7,12.81,12.38,12.68,12.97,-0.2900000000000009,-2.24,4043980.000000001,22369795.6,2.28,0.006642,0.0113199999999999,0.88,,,23.072,9.3187,12.4694,0.0,,896671464.0,608852527.0,357238724.0,4985493340.0,3385220050.0,环境保护,环保,环境治理,综合环境治理,5.97,5.41,
2010-06-08,12.65,13.16,12.65,12.95,12.68,0.2699999999999996,2.13,4148109.0,23424764.0,2.28,0.006813,0.011612,0.98,,,23.5699,9.5198,12.7385,0.0,,896671464.0,608852527.0,357238724.0,5093093916.0,3458282353.0,环境保护,环保,环境治理,综合环境治理,5.84,5.28,
2010-06-09,12.95,13.59,12.79,13.59,12.95,0.6400000000000006,4.94,7754861.0,45163554.1,2.28,0.012737,0.0217079999999999,1.83,,,24.7318,9.9891,13.3665,0.0,,896671464.0,608852527.0,357238724.0,5344161925.0,3628761061.0,环境保护,环保,环境治理,综合环境治理,5.96,5.4,
2010-06-10,13.45,14.2,13.43,13.86,13.59,0.2699999999999996,1.99,8873915.0,54393479.7,2.28,0.014575,0.02484,1.9,,,25.2298,10.1902,13.6356,0.0,,896671464.0,608852527.0,357238724.0,5451762500.999999,3701823364.0,环境保护,环保,环境治理,综合环境治理,6.26,5.66,
2010-06-11,13.84,14.02,13.66,13.7,13.86,-0.1600000000000001,-1.15,2878214.0,17451699.7,2.28,0.004727,0.008057,0.51,,,24.9393,10.0729,13.4786,0.0,,896671464.0,608852527.0,357238724.0,5388995499.0,3659203687.0,环境保护,环保,环境治理,综合环境治理,6.38,5.78,
2010-06-17,13.84,13.84,13.59,13.68,13.7,-0.0199999999999995,-0.15,2043381.0,12288435.0,2.28,0.003356,0.0057199999999999,0.37,,,24.8978,10.0561,13.4562,0.0,,896671464.0,608852527.0,357238724.0,5380028784.0,3653115162.0,环境保护,环保,环境治理,综合环境治理,6.31,5.71,
2010-06-18,13.68,13.68,13.0,13.29,13.68,-0.3900000000000005,-2.85,4588360.0,26627107.9,2.28,0.007536,0.012844,0.89,,,24.1924,9.7712,13.0749,0.0,,896671464.0,608852527.0,357238724.0,5227594635.0,3549610232.0,环境保护,环保,环境治理,综合环境治理,6.3,5.7,
2010-06-21,13.22,13.57,12.95,13.5,13.29,0.2100000000000008,1.58,2919815.0,17049671.3,2.28,0.004796,0.008173,0.56,,,24.5658,9.9221,13.2768,0.0,,896671464.0,608852527.0,357238724.0,5308295067.0,3604406960.0,环境保护,环保,环境治理,综合环境治理,6.12,5.54,
2010-06-22,13.45,14.0,13.43,13.73,13.5,0.2300000000000004,1.7,3556530.0000000005,21373700.6,2.28,0.005841,0.009956,0.83,,,24.9808,10.0897,13.501,0.0,,896671464.0,608852527.0,357238724.0,5397962213.0,3665292213.0,环境保护,环保,环境治理,综合环境治理,6.22,5.62,
2010-06-23,13.73,13.77,13.45,13.57,13.73,-0.1600000000000001,-1.17,2500187.0,14895897.6,2.28,0.004106,0.006999,0.78,,,24.6903,9.9723,13.344,0.0,,896671464.0,608852527.0,357238724.0,5335195211.0,3622672536.0,环境保护,环保,环境治理,综合环境治理,6.32,5.72,
2010-06-24,13.57,13.89,13.22,13.68,13.57,0.1099999999999994,0.81,4021567.0,23929040.0,2.28,0.006605,0.011257,1.29,,,24.8978,10.0561,13.4562,0.0,,896671464.0,608852527.0,357238724.0,5380028784.0,3653115162.0,环境保护,环保,环境治理,综合环境治理,6.25,5.65,
2010-06-25,13.59,13.59,13.29,13.41,13.68,-0.2699999999999996,-1.97,1512518.0,8894355.9,2.28,0.002484,0.004234,0.43,,,24.3998,9.855,13.187,0.0,,896671464.0,608852527.0,357238724.0,5272428208.0,3580052859.0,环境保护,环保,环境治理,综合环境治理,6.3,5.7,
2010-06-28,13.32,13.82,13.16,13.45,13.41,0.0399999999999991,0.3,4390587.0,25900812.0,2.28,0.0072109999999999,0.01229,1.51,,,24.4828,9.8885,13.2319,0.0,,896671464.0,608852527.0,357238724.0,5290361638.0,3592229908.9999995,环境保护,环保,环境治理,综合环境治理,6.17,5.59,
2010-06-29,13.43,13.45,12.79,12.79,13.45,-0.6600000000000001,-4.91,2272400.0,12926288.0,2.28,0.0037319999999999,0.006361,0.71,,,23.2794,9.4025,12.5815,0.0,,896671464.0,608852527.0,357238724.0,5030326913.0,3415662676.0,环境保护,环保,环境治理,综合环境治理,6.2,5.61,
2010-06-30,12.43,12.49,12.15,12.15,12.79,-0.6399999999999988,-5.0,2584800.0,13821956.7,2.28,0.004245,0.007235,0.88,,,22.1176,8.9332,11.9536,0.0,,896671464.0,608852527.0,357238724.0,4779258903.0,3245183969.0,环境保护,环保,环境治理,综合环境治理,5.89,5.33,
2010-07-01,11.86,11.99,11.54,11.56,12.15,-0.5899999999999999,-4.86,5502288.0,28067803.4,2.28,0.009037,0.015402,1.86,,,21.0386,8.4974,11.3705,0.0,,896671464.0,608852527.0,357238724.0,4546124322.0,3086882312.0,环境保护,环保,环境治理,综合环境治理,5.6,5.06,
2010-07-02,11.58,11.63,10.99,11.17,11.56,-0.3900000000000005,-3.37,6353944.0,31028441.8,2.28,0.010436,0.017786,1.95,,,20.3332,8.2125,10.9892,0.0,,896671464.0,608852527.0,357238724.0,4393690174.0,2983377382.0,环境保护,环保,环境治理,综合环境治理,5.32,4.82,
2010-07-05,10.83,10.83,10.62,10.62,11.17,-0.5500000000000007,-4.92,4301627.0,20171346.8,2.28,0.007065,0.012041,1.02,,,19.3373,7.8103,10.451,0.0,,896671464.0,608852527.0,357238724.0,4178489022.0,2837252775.9999995,环境保护,环保,环境治理,综合环境治理,5.15,4.66,
2010-07-06,10.53,11.15,10.53,11.15,10.62,0.5300000000000011,4.99,5281198.0,25518747.200000003,2.28,0.008674,0.014783,1.26,,,20.2917,8.1958,10.9668,0.0,,896671464.0,608852527.0,357238724.0,4384723459.0,2977288857.0,环境保护,环保,环境治理,综合环境治理,4.89,4.43,
2010-07-07,11.15,11.24,10.94,11.17,11.15,0.0199999999999995,0.18,2432421.0,11865137.6,2.28,0.003995,0.0068089999999999,0.51,,,20.3332,8.2125,10.9892,0.0,,896671464.0,608852527.0,357238724.0,4393690174.0,2983377382.0,环境保护,环保,环境治理,综合环境治理,5.13,4.65,
2010-07-08,11.24,11.29,10.94,10.97,11.17,-0.1999999999999993,-1.79,2503728.0,12128046.9,2.28,0.004112,0.007009,0.52,,,19.9597,8.0617,10.7874,0.0,,896671464.0,608852527.0,357238724.0,4312989742.0,2928580655.0000005,环境保护,环保,环境治理,综合环境治理,5.15,4.66,
2010-07-09,10.94,11.47,10.94,11.42,10.97,0.4499999999999993,4.1,4067160.0,20126196.7,2.28,0.00668,0.011385,0.97,,,20.7897,8.3969,11.2359,0.0,,896671464.0,608852527.0,357238724.0,4492324035.0,3050351160.0,环境保护,环保,环境治理,综合环境治理,5.05,4.57,
2010-07-12,11.47,11.65,11.33,11.61,11.42,0.1899999999999995,1.66,4128825.0,20798107.2,2.28,0.006781,0.0115579999999999,1.11,,,21.1216,8.531,11.4153,0.0,,896671464.0,608852527.0,357238724.0,4564057752.0,3099059362.0,环境保护,环保,环境治理,综合环境治理,5.26,4.76,
2010-07-13,11.51,11.58,11.04,11.15,11.61,-0.4599999999999991,-3.96,4235055.0,20866554.7,2.28,0.006956,0.011855,1.15,,,20.2917,8.1958,10.9668,0.0,,896671464.0,608852527.0,357238724.0,4384723459.0,2977288857.0,环境保护,环保,环境治理,综合环境治理,5.34,4.84,
2010-07-14,11.15,11.54,11.08,11.26,11.15,0.1099999999999994,0.99,3102114.0,15418588.2,2.28,0.005095,0.0086839999999999,0.89,,,20.4992,8.2796,11.0789,0.0,,896671464.0,608852527.0,357238724.0,4429557032.0,3007731483.0,环境保护,环保,环境治理,综合环境治理,5.13,4.65,
2010-07-15,11.26,11.35,11.01,11.04,11.26,-0.2200000000000006,-1.95,2277438.0,11200839.9,2.28,0.003741,0.006375,0.63,,,20.0842,8.112,10.8546,0.0,,896671464.0,608852527.0,357238724.0,4339889886.0,2946846231.0000005,环境保护,环保,环境治理,综合环境治理,5.19,4.69,
2010-07-16,10.94,10.99,10.65,10.92,11.04,-0.1199999999999992,-1.09,2155027.0,10214560.8,2.28,0.003539,0.0060319999999999,0.6,,,19.8767,8.0281,10.7425,0.0,,896671464.0,608852527.0,357238724.0,4295056313.0,2916403604.0,环境保护,环保,环境治理,综合环境治理,5.08,4.6,
2010-07-19,10.81,11.29,10.62,11.19,10.92,0.2699999999999996,2.47,2909342.0,14012287.0,2.28,0.004778,0.008144,0.91,,,20.3747,8.2293,11.0116,0.0,,896671464.0,608852527.0,357238724.0,4402656888.0,2989465908.0,环境保护,环保,环境治理,综合环境治理,5.03,4.55,
2010-07-20,11.22,11.54,11.15,11.49,11.19,0.3000000000000007,2.68,4838576.0,24193156.8,2.28,0.007947,0.013544,1.65,,,20.9142,8.4472,11.3032,0.0,,896671464.0,608852527.0,357238724.0,4519224179.0,3068616736.0,环境保护,环保,环境治理,综合环境治理,5.16,4.66,
2010-07-21,11.51,11.79,11.42,11.56,11.49,0.0700000000000002,0.61,5867165.0,29883237.8,2.28,0.009636,0.016424,1.92,,,21.0386,8.4974,11.3705,0.0,,896671464.0,608852527.0,357238724.0,4546124322.0,3086882312.0,环境保护,环保,环境治理,综合环境治理,5.29,4.79,
2010-07-22,11.56,11.7,11.45,11.67,11.56,0.1099999999999994,0.95,4012733.0,20370941.7,2.28,0.006591,0.011233,1.11,,,21.2461,8.5812,11.4826,0.0,,896671464.0,608852527.0,357238724.0,4590957896.0,3117324938.0,环境保护,环保,环境治理,综合环境治理,5.32,4.82,
2010-07-23,11.67,12.27,11.56,12.22,11.67,0.5500000000000007,4.71,8933010.0,46801535.3,2.28,0.014672,0.025006,2.26,,,22.242,8.9835,12.0208,0.0,,896671464.0,608852527.0,357238724.0,4806159047.0,3263449545.0,环境保护,环保,环境治理,综合环境治理,5.38,4.86,
2010-07-26,11.99,12.4,11.99,12.2,12.22,-0.0200000000000013,-0.16,7897200.999999999,42347582.9,2.28,0.012971,0.022106,1.49,,,22.2005,8.9667,11.9984,0.0,,896671464.0,608852527.0,357238724.0,4797192332.0,3257361019.0,环境保护,环保,环境治理,综合环境治理,5.63,5.09,
2010-07-27,12.24,12.49,12.11,12.24,12.2,0.0400000000000009,0.33,4326426.0,23323094.0,2.28,0.007106,0.012111,0.69,,,22.2835,9.0002,12.0433,0.0,,896671464.0,608852527.0,357238724.0,4815125762.0,3269538069.9999995,环境保护,环保,环境治理,综合环境治理,5.62,5.08,
2010-07-28,12.13,12.7,12.13,12.43,12.24,0.1899999999999995,1.55,7149553.999999999,39020217.5,2.28,0.0117429999999999,0.020013,1.15,,,22.6155,9.1343,12.2227,0.0,,896671464.0,608852527.0,357238724.0,4886859479.0,3318246272.0,环境保护,环保,环境治理,综合环境治理,5.64,5.1,
2010-07-29,12.49,12.77,12.36,12.59,12.43,0.1600000000000001,1.29,6174153.0,33979109.5,2.28,0.010141,0.017283,0.96,,,22.906,9.2516,12.3797,0.0,,896671464.0,608852527.0,357238724.0,4949626481.0,3360865949.0000005,环境保护,环保,环境治理,综合环境治理,5.72,5.18,
2010-07-30,12.61,13.0,12.45,12.81,12.59,0.2200000000000006,1.75,8184423.0,45843582.7,2.28,0.013442,0.02291,1.19,,,23.3209,9.4192,12.6039,0.0,,896671464.0,608852527.0,357238724.0,5039293628.0,3421751202.0,环境保护,环保,环境治理,综合环境治理,5.8,5.24,
2010-08-02,12.88,13.11,12.63,13.06,12.81,0.25,1.95,6056161.0,34234054.6,2.28,0.009947,0.016953,0.9,,,23.7774,9.6036,12.8506,0.0,,896671464.0,608852527.0,357238724.0,5137927489.0,3488724980.0,环境保护,环保,环境治理,综合环境治理,5.9,5.34,
2010-08-03,13.11,13.63,12.88,12.88,13.06,-0.1799999999999997,-1.38,10043707.0,58522298.0,2.28,0.016496,0.028115,1.57,,,23.4454,9.4695,12.6712,0.0,,896671464.0,608852527.0,357238724.0,5066193772.0,3440016778.0,环境保护,环保,环境治理,综合环境治理,6.02,5.44,
2010-08-04,12.77,13.18,12.56,13.16,12.88,0.2799999999999993,2.17,6536461.0,36721603.7,2.28,0.010736,0.018297,0.87,,,23.9434,9.6707,12.9403,0.0,,896671464.0,608852527.0,357238724.0,5173794347.0,3513079081.0,环境保护,环保,环境治理,综合环境治理,5.93,5.37,
2010-08-05,13.06,13.27,12.93,13.11,13.16,-0.0500000000000007,-0.38,5009248.0,28853068.7,2.28,0.008227,0.014022,0.68,,,23.8604,9.6371,12.8955,0.0,,896671464.0,608852527.0,357238724.0,5155860918.0,3500902030.0,环境保护,环保,环境治理,综合环境治理,6.06,5.48,
2010-08-06,13.04,13.63,13.02,13.57,13.11,0.4600000000000008,3.51,6415088.0,37735553.8,2.28,0.010536,0.017957,0.9,,,24.6903,9.9723,13.344,0.0,,896671464.0,608852527.0,357238724.0,5335195211.0,3622672536.0,环境保护,环保,环境治理,综合环境治理,6.04,5.46,
2010-08-09,13.57,14.07,13.45,13.89,13.57,0.3200000000000003,2.36,5720542.0,34750569.6,2.28,0.009396,0.016013,0.84,,,25.2713,10.207,13.658,0.0,,896671464.0,608852527.0,357238724.0,5460729216.0,3707911889.0,环境保护,环保,环境治理,综合环境治理,6.25,5.65,
2010-08-10,13.91,13.98,13.36,13.54,13.89,-0.3500000000000014,-2.52,7161475.999999999,43041562.7,2.28,0.011762,0.020047,1.06,,,24.6488,9.9556,13.3216,0.0,,896671464.0,608852527.0,357238724.0,5326228496.0,3616584010.0,环境保护,环保,环境治理,综合环境治理,6.39,5.79,
2010-08-11,13.45,13.79,13.29,13.43,13.54,-0.1099999999999994,-0.81,4895039.0,29041368.1,2.28,0.00804,0.013702,0.79,,,26.3693,9.8718,20.3019,0.0,,896671464.0,608852527.0,357240264.0,5281394923.0,3586141384.0,环境保护,环保,环境治理,综合环境治理,6.24,5.64,
2010-08-12,13.27,13.47,12.95,12.95,13.43,-0.4800000000000004,-3.57,5727883.0,33123632.9,2.28,0.009408,0.016034,0.98,,,25.4291,9.5198,19.578,0.0,,896671464.0,608852527.0,357240264.0,5093093916.0,3458282353.0,环境保护,环保,环境治理,综合环境治理,6.18,5.6,
2010-08-13,12.93,13.38,12.86,13.27,12.95,0.3200000000000003,2.47,3900719.0,22433713.5,2.28,0.006407,0.010919,0.65,,,26.0559,9.7545,20.0606,0.0,,896671464.0,608852527.0,357240264.0,5218627920.0,3543521707.0,环境保护,环保,环境治理,综合环境治理,5.96,5.4,
2010-08-16,13.22,13.59,13.11,13.47,13.27,0.200000000000001,1.51,5140626.0,30155147.3,2.28,0.008443,0.01439,0.94,,,26.4588,9.9053,20.3708,0.0,,896671464.0,608852527.0,357240264.0,5299328352.0,3598318435.0,环境保护,环保,环境治理,综合环境治理,6.11,5.53,
2010-08-17,13.47,13.61,13.36,13.45,13.47,-0.0200000000000013,-0.15,3781676.0,22324338.7,2.28,0.0062109999999999,0.010586,0.7,,,26.414,9.8885,20.3363,0.0,,896671464.0,608852527.0,357240264.0,5290361638.0,3592229908.9999995,环境保护,环保,环境治理,综合环境治理,6.21,5.61,
2010-08-18,13.45,13.57,13.16,13.25,13.45,-0.1999999999999993,-1.49,3953404.0,23036826.700000003,2.28,0.006493,0.011067,0.84,,,26.0111,9.7377,20.0261,0.0,,896671464.0,608852527.0,357240264.0,5209661206.0,3537433182.0,环境保护,环保,环境治理,综合环境治理,6.2,5.61,
2010-08-19,13.27,13.29,13.02,13.22,13.25,-0.0299999999999993,-0.23,4971739.0,28723974.4,2.28,0.008166,0.0139169999999999,1.1,,,25.9663,9.7209,19.9916,0.0,,896671464.0,608852527.0,357240264.0,5200694491.0,3531344657.0,环境保护,环保,环境治理,综合环境治理,6.1,5.52,
2010-08-20,13.18,13.18,12.7,12.81,13.22,-0.4100000000000001,-3.1,5906660.0,33329857.4,2.28,0.009701,0.016534,1.36,,,25.1605,9.4192,19.3712,0.0,,896671464.0,608852527.0,357240264.0,5039293628.0,3421751202.0,环境保护,环保,环境治理,综合环境治理,6.09,5.51,
2010-08-23,12.81,13.09,12.77,12.95,12.81,0.1399999999999988,1.09,4814949.0,27241689.7,2.28,0.007908,0.013478,1.01,,,25.4291,9.5198,19.578,0.0,,896671464.0,608852527.0,357240264.0,5093093916.0,3458282353.0,环境保护,环保,环境治理,综合环境治理,5.9,5.34,
2010-08-24,12.9,13.38,12.77,13.22,12.95,0.2700000000000013,2.08,4989266.0,28602200.3,2.28,0.008195,0.013966,1.06,,,25.9663,9.7209,19.9916,0.0,,896671464.0,608852527.0,357240264.0,5200694491.0,3531344657.0,环境保护,环保,环境治理,综合环境治理,5.96,5.4,
2010-08-25,13.22,13.63,13.09,13.13,13.22,-0.0899999999999998,-0.68,6802427.0,39799610.4,2.28,0.0111729999999999,0.019042,1.38,,,25.7873,9.6539,19.8538,0.0,,896671464.0,608852527.0,357240264.0,5164827633.0,3506990556.0,环境保护,环保,环境治理,综合环境治理,6.09,5.51,
2010-08-26,13.04,13.47,13.04,13.27,13.13,0.1399999999999988,1.07,4066967.0,23674139.7,2.28,0.00668,0.011384,0.74,,,26.0559,9.7545,20.0606,0.0,,896671464.0,608852527.0,357240264.0,5218627920.0,3543521707.0,环境保护,环保,环境治理,综合环境治理,6.05,5.47,
2010-08-30,13.22,13.57,13.2,13.57,13.27,0.3000000000000007,2.26,4839197.0,28502389.8,2.28,0.007948,0.013546,0.91,,,26.6379,9.9723,20.5087,0.0,,896671464.0,608852527.0,357240264.0,5335195211.0,3622672536.0,环境保护,环保,环境治理,综合环境治理,6.11,5.53,
2010-08-31,13.47,13.75,13.38,13.54,13.57,-0.0300000000000011,-0.22,4781447.0,28365511.7,2.28,0.007853,0.013384,0.94,,,26.5931,9.9556,20.4742,0.0,,896671464.0,608852527.0,357240264.0,5326228496.0,3616584010.0,环境保护,环保,环境治理,综合环境治理,6.25,5.65,
2010-09-01,13.54,13.63,12.88,13.2,13.54,-0.3399999999999998,-2.51,4187524.0,24386929.4,2.28,0.0068779999999999,0.011722,0.82,,,25.9216,9.7042,19.9572,0.0,,896671464.0,608852527.0,357240264.0,5191727777.0,3525256131.0,环境保护,环保,环境治理,综合环境治理,6.24,5.64,
2010-09-02,13.27,13.34,13.09,13.16,13.2,-0.0399999999999991,-0.3,3878630.000000001,22473776.5,2.28,0.00637,0.010857,0.79,,,25.832,9.6707,19.8882,0.0,,896671464.0,608852527.0,357240264.0,5173794347.0,3513079081.0,环境保护,环保,环境治理,综合环境治理,6.08,5.5,
2010-09-03,13.18,13.34,12.95,13.18,13.16,0.0199999999999995,0.15,3837914.0,22112356.1,2.28,0.006304,0.010743,0.88,,,25.8768,9.6874,19.9227,0.0,,896671464.0,608852527.0,357240264.0,5182761062.0,3519167606.0,环境保护,环保,环境治理,综合环境治理,6.06,5.48,
2010-09-06,13.18,13.41,13.04,13.36,13.18,0.1799999999999997,1.37,4383302.0,25516142.5,2.28,0.007199,0.01227,1.02,,,26.2349,9.8215,20.1985,0.0,,896671464.0,608852527.0,357240264.0,5254494779.000001,3567875808.0,环境保护,环保,环境治理,综合环境治理,6.07,5.49,
2010-09-07,13.41,13.5,13.25,13.34,13.36,-0.0199999999999995,-0.15,3086138.0,18051239.5,2.28,0.005069,0.008639,0.73,,,26.1902,9.8047,20.164,0.0,,896671464.0,608852527.0,357240264.0,5245528064.0,3561787283.0,环境保护,环保,环境治理,综合环境治理,6.15,5.57,
2010-09-08,13.29,13.54,13.22,13.38,13.34,0.0400000000000009,0.3,5320780.0,31238865.9,2.28,0.008739,0.014894,1.37,,,26.2797,9.8383,20.2329,0.0,,896671464.0,608852527.0,357240264.0,5263461494.0,3573964332.9999995,环境保护,环保,环境治理,综合环境治理,6.14,5.56,
2010-09-09,13.38,13.89,13.36,13.63,13.38,0.25,1.87,10308714.0,61819960.7,2.28,0.016931,0.028857,2.51,,,26.7722,10.0226,20.6121,0.0,,896671464.0,608852527.0,357240264.0,5362095355.0,3640938111.0,环境保护,环保,环境治理,综合环境治理,6.16,5.58,
2010-09-10,13.68,13.86,13.41,13.68,13.63,0.0499999999999989,0.37,5840251.0,34978010.6,2.28,0.009592,0.016348,1.08,,,26.8617,10.0561,20.681,0.0,,896671464.0,608852527.0,357240264.0,5380028784.0,3653115162.0,环境保护,环保,环境治理,综合环境治理,6.28,5.68,
2010-09-13,13.68,14.36,13.68,14.36,13.68,0.6799999999999997,4.97,7915603.0,49630828.8,2.28,0.013001,0.022158,1.37,,,28.2048,10.5589,21.7151,0.0,,896671464.0,608852527.0,357240264.0,5649030223.0,3835770920.0,环境保护,环保,环境治理,综合环境治理,6.3,5.7,
2010-09-14,14.82,15.09,14.59,15.09,14.36,0.7300000000000004,5.08,4983987.0,32739089.5,2.28,0.008186,0.013951,0.77,,,29.6374,11.0953,22.818,0.0,,896671464.0,608852527.0,357240264.0,5935965092.0,4030603729.0,环境保护,环保,环境治理,综合环境治理,6.62,5.99,
2010-09-15,15.85,15.85,15.09,15.71,15.09,0.620000000000001,4.11,21692615.0,147987862.3,2.28,0.035629,0.060723,3.16,,,30.8462,11.5478,23.7487,0.0,,896671464.0,608852527.0,357240264.0,6178066387.0,4194993911.0,环境保护,环保,环境治理,综合环境治理,6.95,6.29,
2010-09-16,15.64,15.64,14.93,14.93,15.71,-0.7800000000000011,-4.96,9382784.0,62159639.7,2.28,0.015411,0.026265,0.92,,,29.324,10.9779,22.5768,0.0,,896671464.0,608852527.0,357240264.0,5873198088.999999,3987984052.0,环境保护,环保,环境治理,综合环境治理,7.23,6.55,
2010-09-17,14.8,15.69,14.5,15.69,14.93,0.7599999999999998,5.09,10623880.0,71709573.2,2.28,0.017449,0.029739,1.07,,,30.8014,11.531,23.7142,0.0,,896671464.0,608852527.0,357240264.0,6169099672.0,4188905386.000001,环境保护,环保,环境治理,综合环境治理,6.88,6.22,
2010-09-20,15.96,16.46,15.91,16.46,15.69,0.7700000000000014,4.91,12387379.0,89205500.5,2.28,0.020345,0.034675,1.13,,,32.3236,12.1009,24.8861,0.0,,896671464.0,608852527.0,357240264.0,6473967970.0,4395915245.0,环境保护,环保,环境治理,综合环境治理,7.22,6.54,
2010-09-21,16.71,17.08,16.1,16.55,16.46,0.0899999999999998,0.55,12075714.0,88150110.0,2.28,0.019834,0.033803,1.02,,,32.5027,12.1679,25.024,0.0,,896671464.0,608852527.0,357240264.0,6509834828.999999,4420269346.0,环境保护,环保,环境治理,综合环境治理,7.58,6.86,
2010-09-27,16.6,17.37,16.6,17.37,16.55,0.8200000000000003,4.95,9819208.0,74560786.30000001,2.28,0.016127,0.027486,0.74,,,34.1144,12.7713,26.2649,0.0,,896671464.0,608852527.0,357240264.0,6832636556.000001,4639456256.0,环境保护,环保,环境治理,综合环境治理,7.62,6.9,
2010-09-28,17.83,18.24,17.69,18.24,17.37,0.8699999999999974,5.01,12758495.0,101606284.3,2.28,0.0209549999999999,0.035714,1.18,,,35.8156,13.4082,27.5747,0.0,,896671464.0,608852527.0,357240264.0,7173371712.0,4870820216.0,环境保护,环保,环境治理,综合环境治理,8.0,7.24,
2010-09-29,18.49,18.7,17.33,17.94,18.24,-0.2999999999999971,-1.64,15927700.0,125884732.7,2.28,0.02616,0.044585,1.38,,,35.2336,13.1903,27.1266,0.0,,896671464.0,608852527.0,357240264.0,7056804422.000001,4791669387.0,环境保护,环保,环境治理,综合环境治理,8.4,7.6,
2010-09-30,17.58,17.94,17.44,17.74,17.94,-0.2000000000000028,-1.11,7012722.0,54384605.3,2.28,0.0115179999999999,0.01963,0.56,,,34.8307,13.0395,26.8164,0.0,,896671464.0,608852527.0,357240264.0,6976103990.0,4736872660.0,环境保护,环保,环境治理,综合环境治理,8.26,7.48,
2010-10-08,17.6,17.74,16.85,17.03,17.74,-0.7099999999999973,-4.0,13983034.0,104954493.8,2.28,0.022966,0.039142,1.21,,,33.4428,12.5199,25.7479,0.0,,896671464.0,608852527.0,357240264.0,6698135836.0,4548128377.0,环境保护,环保,环境治理,综合环境治理,8.17,7.39,
2010-10-11,16.92,17.53,16.46,17.1,17.03,0.0700000000000002,0.41,10998058.0,81933269.9,2.28,0.018064,0.0307859999999999,0.92,,,33.5772,12.5702,25.8513,0.0,,896671464.0,608852527.0,357240264.0,6725035980.0,4566393953.0,环境保护,环保,环境治理,综合环境治理,7.84,7.1,
2010-10-12,17.12,17.21,16.53,16.62,17.1,-0.4800000000000004,-2.81,7259417.999999999,53824080.2,2.28,0.011923,0.020321,0.6,,,32.637,12.2182,25.1274,0.0,,896671464.0,608852527.0,357240264.0,6536734973.0,4438534922.0,环境保护,环保,环境治理,综合环境治理,7.88,7.13,
2010-10-13,16.62,16.99,15.91,16.64,16.62,0.0199999999999995,0.12,9240343.0,66469356.6,2.28,0.015177,0.0258659999999999,0.84,,,32.6818,12.235,25.1619,0.0,,896671464.0,608852527.0,357240264.0,6545701687.0,4444623447.0,环境保护,环保,环境治理,综合环境治理,7.65,6.93,
2010-10-14,16.51,16.51,15.96,16.03,16.64,-0.6099999999999994,-3.67,5995755.0,42560497.2,2.28,0.009848,0.016784,0.62,,,31.473,11.7824,24.2313,0.0,,896671464.0,608852527.0,357240264.0,6303600392.0,4280233265.000001,环境保护,环保,环境治理,综合环境治理,7.67,6.94,
2010-10-15,16.01,16.55,16.01,16.23,16.03,0.1999999999999993,1.25,5519718.0,39441628.900000006,2.28,0.009066,0.015451,0.58,,,31.8759,11.9333,24.5415,0.0,,896671464.0,608852527.0,357240264.0,6384300824.0,4335029992.0,环境保护,环保,环境治理,综合环境治理,7.38,6.68,
2010-10-18,16.19,16.21,15.41,15.41,16.23,-0.8200000000000003,-5.05,8433885.0,57481052.900000006,2.28,0.013852,0.0236079999999999,1.08,,,30.2642,11.3299,23.3006,0.0,,896671464.0,608852527.0,357240264.0,6061499097.0,4115843083.0,环境保护,环保,环境治理,综合环境治理,7.48,6.76,
2010-10-19,15.28,15.69,14.89,15.57,15.41,0.1600000000000001,1.04,8871552.0,59726484.6,2.28,0.014571,0.024834,1.22,,,30.5776,11.4472,23.5419,0.0,,896671464.0,608852527.0,357240264.0,6124266099.0,4158462759.0,环境保护,环保,环境治理,综合环境治理,7.1,6.42,
2010-10-20,15.28,16.35,15.12,16.35,15.57,0.7800000000000011,5.01,5821397.0,40989922.400000006,2.28,0.009561,0.016295,0.76,,,32.0998,12.0171,24.7138,0.0,,896671464.0,608852527.0,357240264.0,6429134397.0,4365472619.0,环境保护,环保,环境治理,综合环境治理,7.17,6.49,
2010-10-21,16.87,16.99,16.21,16.53,16.35,0.1799999999999997,1.1,8030800.0,58215538.9,2.28,0.01319,0.02248,1.16,,,32.4579,12.1512,24.9896,0.0,,896671464.0,608852527.0,357240264.0,6500868114.0,4414180821.0,环境保护,环保,环境治理,综合环境治理,7.53,6.81,
2010-10-22,16.42,16.42,15.71,16.05,16.53,-0.4800000000000004,-2.9,7987434.0,56164067.8,2.28,0.013119,0.022359,1.09,,,33.3677,11.7992,49.7173,0.0,,896671464.0,608852527.0,357240264.0,6312567107.000001,4286321790.0,环境保护,环保,环境治理,综合环境治理,7.61,6.89,
2010-10-25,16.03,16.32,15.82,16.17,16.05,0.120000000000001,0.75,5139341.0,36311685.7,2.28,0.0084409999999999,0.014386,0.66,,,33.6047,11.883,50.0704,0.0,,896671464.0,608852527.0,357240264.0,6357400680.0,4316764416.0,环境保护,环保,环境治理,综合环境治理,7.39,6.69,
2010-10-26,16.12,16.37,15.89,16.01,16.17,-0.1600000000000001,-0.99,5530474.0,38930852.3,2.28,0.009083,0.015481,0.77,,,33.2729,11.7657,49.576,0.0,,896671464.0,608852527.0,357240264.0,6294633676.999999,4274144740.0,环境保护,环保,环境治理,综合环境治理,7.44,6.74,
2010-10-27,15.96,15.96,15.57,15.69,16.01,-0.320000000000002,-2.0,6463943.0,44685717.7,2.28,0.010617,0.018094,0.99,,,32.6094,11.531,48.5873,0.0,,896671464.0,608852527.0,357240264.0,6169099672.0,4188905386.000001,环境保护,环保,环境治理,综合环境治理,7.37,6.67,
2010-10-28,15.62,16.03,15.53,15.87,15.69,0.1799999999999997,1.15,5130926.0,35632685.1,2.28,0.008427,0.0143629999999999,0.77,,,32.9885,11.6651,49.1523,0.0,,896671464.0,608852527.0,357240264.0,6240833389.0,4237613588.0,环境保护,环保,环境治理,综合环境治理,7.22,6.54,
2010-10-29,15.94,15.96,15.46,15.64,15.87,-0.2299999999999986,-1.45,4739289.0,32637236.5,2.28,0.007784,0.013266,0.78,,,32.5146,11.4975,48.4461,0.0,,896671464.0,608852527.0,357240264.0,6151166243.0,4176728335.0,环境保护,环保,环境治理,综合环境治理,7.31,6.61,
2010-11-01,15.5,15.69,15.21,15.66,15.64,0.0199999999999995,0.13,9134212.0,61595142.1,2.28,0.015002,0.025569,1.69,,,32.562,11.5143,48.5167,0.0,,896671464.0,608852527.0,357240264.0,6160132958.0,4182816860.0,环境保护,环保,环境治理,综合环境治理,7.2,6.52,
2010-11-02,15.6,16.44,15.41,16.44,15.66,0.7800000000000011,4.98,13850400.0,98406142.0,2.28,0.022748,0.038771,2.23,,,34.1735,12.0841,50.9178,0.0,,896671464.0,608852527.0,357240264.0,6465001255.0,4389826720.0,环境保护,环保,环境治理,综合环境治理,7.21,6.53,
2010-11-03,16.44,17.21,16.21,16.64,16.44,0.1999999999999993,1.22,13232582.999999998,97543434.2,2.28,0.021734,0.037041,1.68,,,34.6001,12.235,51.5534,0.0,,896671464.0,608852527.0,357240264.0,6545701687.0,4444623447.0,环境保护,环保,环境治理,综合环境治理,7.57,6.85,
2010-11-04,16.53,17.37,16.46,17.26,16.64,0.620000000000001,3.73,10757456.0,80734657.39999999,2.28,0.017668,0.0301129999999999,1.17,,,35.8798,12.6875,53.4602,0.0,,896671464.0,608852527.0,357240264.0,6787802982.0,4609013629.0,环境保护,环保,环境治理,综合环境治理,7.67,6.94,
2010-11-05,17.28,17.42,16.89,17.24,17.26,-0.0200000000000031,-0.12,6811549.000000001,51103435.1,2.28,0.011188,0.019067,0.66,,,35.8324,12.6707,53.3896,0.0,,896671464.0,608852527.0,357240264.0,6778836268.0,4602925104.0,环境保护,环保,环境治理,综合环境治理,7.95,7.19,
2010-11-08,17.24,17.24,16.71,17.03,17.24,-0.2099999999999973,-1.22,8051828.999999999,59836196.5,2.28,0.013225,0.0225389999999999,0.75,,,35.4058,12.5199,52.754,0.0,,896671464.0,608852527.0,357240264.0,6698135836.0,4548128377.0,环境保护,环保,环境治理,综合环境治理,7.94,7.18,
2010-11-09,17.1,17.4,16.85,17.24,17.03,0.2099999999999973,1.23,7374587.0,55409354.4,2.28,0.012112,0.0206429999999999,0.7,,,35.8324,12.6707,53.3896,0.0,,896671464.0,608852527.0,357240264.0,6778836268.0,4602925104.0,环境保护,环保,环境治理,综合环境治理,7.84,7.1,
2010-11-10,17.17,17.17,16.55,16.76,17.24,-0.4799999999999969,-2.78,10888681.0,80315143.0,2.28,0.017884,0.03048,1.18,,,34.837,12.3188,51.9065,0.0,,896671464.0,608852527.0,357240264.0,6590535260.0,4475066073.0,环境保护,环保,环境治理,综合环境治理,7.94,7.18,
2010-11-11,16.6,16.76,16.37,16.42,16.76,-0.3399999999999998,-2.03,8759925.0,63380328.1,2.28,0.014388,0.024521,1.0,,,34.1261,12.0674,50.8472,0.0,,896671464.0,608852527.0,357240264.0,6456034541.0,4383738194.0,环境保护,环保,环境治理,综合环境治理,7.72,6.98,
2010-11-12,16.37,16.39,15.6,15.6,16.42,-0.8200000000000021,-4.99,9690427.0,66995057.3,2.28,0.015916,0.027126,1.16,,,32.4198,11.464,48.3048,0.0,,896671464.0,608852527.0,357240264.0,6133232814.0,4164551285.0,环境保护,环保,环境治理,综合环境治理,7.56,6.84,
2010-11-15,15.28,15.89,15.05,15.71,15.6,0.1100000000000012,0.71,6280947.0,42329588.4,2.28,0.010316,0.017582,0.7,,,32.6568,11.5478,48.658,0.0,,896671464.0,608852527.0,357240264.0,6178066387.0,4194993911.0,环境保护,环保,环境治理,综合环境治理,7.18,6.5,
2010-11-16,15.71,15.71,14.93,14.93,15.71,-0.7800000000000011,-4.96,6042796.0,40290515.2,2.28,0.009925,0.016915,0.7,,,31.0453,10.9779,46.2568,0.0,,896671464.0,608852527.0,357240264.0,5873198088.999999,3987984052.0,环境保护,环保,环境治理,综合环境治理,7.23,6.55,
2010-11-17,14.77,14.77,14.18,14.18,14.93,-0.75,-5.02,7046542.0,44412632.400000006,2.28,0.011573,0.019725,0.85,,,29.4811,10.4249,43.9263,0.0,,896671464.0,608852527.0,357240264.0,5577296506.000001,3787062718.0,环境保护,环保,环境治理,综合环境治理,6.88,6.22,
2010-11-18,14.2,14.43,13.98,14.09,14.18,-0.0899999999999998,-0.63,4013588.0,24906378.6,2.28,0.006592,0.011235,0.53,,,29.2916,10.3578,43.6439,0.0,,896671464.0,608852527.0,357240264.0,5541429648.0,3762708617.0,环境保护,环保,环境治理,综合环境治理,6.53,5.91,
2010-11-19,14.14,14.77,14.02,14.68,14.09,0.5899999999999999,4.19,5762857.0,36508571.900000006,2.28,0.009465,0.016132,0.87,,,30.5239,10.7936,45.48,0.0,,896671464.0,608852527.0,357240264.0,5774564227.999999,3921010274.0,环境保护,环保,环境治理,综合环境治理,6.49,5.87,
2010-11-22,14.48,15.16,14.27,14.82,14.68,0.1400000000000005,0.95,5539259.0,36062135.5,2.28,0.009098,0.0155059999999999,0.95,,,30.8083,10.8941,45.9037,0.0,,896671464.0,608852527.0,357240264.0,5828364516.0,3957541426.0,环境保护,环保,环境治理,综合环境治理,6.76,6.12,
2010-11-23,14.93,15.03,14.46,14.84,14.82,0.0199999999999995,0.13,4566351.0,29479147.1,2.28,0.0075,0.012782,0.8,,,30.8557,10.9109,45.9744,0.0,,896671464.0,608852527.0,357240264.0,5837331231.0,3963629951.0,环境保护,环保,环境治理,综合环境治理,6.83,6.18,
2010-11-24,14.82,15.21,14.71,15.21,14.84,0.370000000000001,2.49,4187729.0,27491442.8,2.28,0.0068779999999999,0.011722,0.78,,,31.614,11.1791,47.1043,0.0,,896671464.0,608852527.0,357240264.0,5980798665.0,4061046355.0,环境保护,环保,环境治理,综合环境治理,6.84,6.18,
2010-11-25,15.64,15.64,14.93,15.21,15.21,0.0,0.0,4497459.0,30027510.2,2.28,0.007387,0.012589,0.93,,,31.614,11.1791,47.1043,0.0,,896671464.0,608852527.0,357240264.0,5980798665.0,4061046355.0,环境保护,环保,环境治理,综合环境治理,7.0,6.34,
2010-11-26,15.07,15.25,14.71,14.89,15.21,-0.3200000000000003,-2.1,2988107.0,19579665.3,2.28,0.004908,0.008364,0.61,,,30.9505,10.9444,46.1156,0.0,,896671464.0,608852527.0,357240264.0,5855264660.0,3975807001.0,环境保护,环保,环境治理,综合环境治理,7.0,6.34,
2010-11-29,14.8,15.3,14.57,15.16,14.89,0.2699999999999996,1.81,4530520.0,29868792.3,2.28,0.007441,0.012682,1.04,,,31.5192,11.1456,46.963,0.0,,896671464.0,608852527.0,357240264.0,5962865236.0,4048869305.0,环境保护,环保,环境治理,综合环境治理,6.86,6.2,
2010-11-30,15.14,15.46,14.43,14.73,15.16,-0.4299999999999997,-2.84,4659057.0,30563494.6,2.28,0.007652,0.013042,1.12,,,30.6187,10.8271,45.6212,0.0,,896671464.0,608852527.0,357240264.0,5792497657.0,3933187324.0,环境保护,环保,环境治理,综合环境治理,6.98,6.32,
2010-12-01,14.87,15.12,14.66,15.09,14.73,0.3599999999999994,2.44,2785627.0,18297749.5,2.28,0.004575,0.007798,0.67,,,31.377,11.0953,46.7512,0.0,,896671464.0,608852527.0,357240264.0,5935965092.0,4030603729.0,环境保护,环保,环境治理,综合环境治理,6.78,6.14,
2010-12-02,15.12,15.57,15.09,15.23,15.09,0.1400000000000005,0.93,4700517.0,31556020.1,2.28,0.00772,0.013158,1.21,,,31.6614,11.1958,47.1749,0.0,,896671464.0,608852527.0,357240264.0,5989765379.999999,4067134880.0,环境保护,环保,环境治理,综合环境治理,6.95,6.29,
2010-12-03,15.23,15.23,14.71,15.14,15.23,-0.0899999999999998,-0.59,2951774.0,19380065.4,2.28,0.004848,0.008263,0.75,,,31.4718,11.1288,46.8924,0.0,,896671464.0,608852527.0,357240264.0,5953898521.0,4042780779.0,环境保护,环保,环境治理,综合环境治理,7.01,6.35,
2010-12-06,15.14,15.28,14.82,15.03,15.14,-0.1100000000000012,-0.73,2742965.0,18106165.6,2.28,0.004505,0.007678,0.7,,,31.2348,11.045,46.5393,0.0,,896671464.0,608852527.0,357240264.0,5909064948.0,4012338153.0,环境保护,环保,环境治理,综合环境治理,6.97,6.31,
2010-12-07,15.0,15.0,14.59,14.77,15.03,-0.2599999999999998,-1.73,2371084.0,15344622.1,2.28,0.003894,0.006637,0.66,,,30.7135,10.8606,45.7625,0.0,,896671464.0,608852527.0,357240264.0,5810431087.0,3945364375.0,环境保护,环保,环境治理,综合环境治理,6.92,6.26,
2010-12-08,14.8,15.07,14.59,15.0,14.77,0.2300000000000004,1.56,3810177.0,24930945.9,2.28,0.006258,0.010666,1.22,,,31.1874,11.0282,46.4687,0.0,,896671464.0,608852527.0,357240264.0,5900098233.0,4006249628.0,环境保护,环保,环境治理,综合环境治理,6.8,6.16,
2010-12-09,15.0,15.44,14.73,15.05,15.0,0.0500000000000007,0.33,4318673.0,28616959.9,2.28,0.007093,0.012089,1.3,,,31.2822,11.0618,46.6099,0.0,,896671464.0,608852527.0,357240264.0,5918031662.0,4018426678.0,环境保护,环保,环境治理,综合环境治理,6.91,6.25,
2010-12-10,14.93,15.18,14.82,15.14,15.05,0.0899999999999998,0.6,2886765.0,19009734.5,2.28,0.004741,0.008081,0.89,,,31.4718,11.1288,46.8924,0.0,,896671464.0,608852527.0,357240264.0,5953898521.0,4042780779.0,环境保护,环保,环境治理,综合环境治理,6.93,6.27,
2010-12-13,15.05,15.89,15.03,15.8,15.14,0.6600000000000001,4.36,9004344.0,61652754.6,2.28,0.014789,0.025205,2.79,,,32.8464,11.6148,48.9404,0.0,,896671464.0,608852527.0,357240264.0,6213933246.000001,4219348012.0,环境保护,环保,环境治理,综合环境治理,6.97,6.31,
2010-12-14,15.82,16.14,15.55,15.94,15.8,0.1399999999999988,0.89,6627027.0,46227522.3,2.28,0.010884,0.0185509999999999,1.48,,,33.1307,11.7154,49.3642,0.0,,896671464.0,608852527.0,357240264.0,6267733533.0,4255879164.0,环境保护,环保,环境治理,综合环境治理,7.28,6.58,
2010-12-15,15.98,16.05,15.73,15.8,15.94,-0.1399999999999988,-0.88,3602164.0,25062324.8,2.28,0.005916,0.010083,0.68,,,32.8464,11.6148,48.9404,0.0,,896671464.0,608852527.0,357240264.0,6213933246.000001,4219348012.0,环境保护,环保,环境治理,综合环境治理,7.34,6.64,
2010-12-16,15.8,16.42,15.73,16.3,15.8,0.5,3.16,8096187.0,57340059.2,2.28,0.013297,0.022663,1.53,,,33.8891,11.9836,50.4941,0.0,,896671464.0,608852527.0,357240264.0,6411200968.000001,4353295568.0,环境保护,环保,环境治理,综合环境治理,7.28,6.58,
2010-12-17,16.3,16.48,16.21,16.23,16.3,-0.0700000000000002,-0.43,4385403.0,31436623.9,2.28,0.007203,0.012276,0.73,,,33.7469,11.9333,50.2822,0.0,,896671464.0,608852527.0,357240264.0,6384300824.0,4335029992.0,环境保护,环保,环境治理,综合环境治理,7.51,6.79,
2010-12-20,16.26,16.53,15.41,15.53,16.23,-0.7000000000000011,-4.31,7500830.0,51817753.3,2.28,0.01232,0.020997,1.18,,,32.2776,11.4137,48.093,0.0,,896671464.0,608852527.0,357240264.0,6106332670.0,4146285709.0,环境保护,环保,环境治理,综合环境治理,7.48,6.76,
2010-12-21,15.6,15.85,15.28,15.66,15.53,0.1300000000000007,0.84,4925332.0,33767663.9,2.28,0.00809,0.013787,0.82,,,32.562,11.5143,48.5167,0.0,,896671464.0,608852527.0,357240264.0,6160132958.0,4182816860.0,环境保护,环保,环境治理,综合环境治理,7.15,6.47,
2010-12-22,15.66,16.07,15.53,15.91,15.66,0.25,1.6,4901807.0,34155809.5,2.28,0.008051,0.013721,0.86,,,33.0833,11.6986,49.2935,0.0,,896671464.0,608852527.0,357240264.0,6258766819.0,4249790638.0,环境保护,环保,环境治理,综合环境治理,7.21,6.53,
2010-12-23,15.71,16.14,15.12,15.48,15.91,-0.4299999999999997,-2.7,8184945.0,55981578.4,2.28,0.013443,0.022912,1.37,,,32.1828,11.3802,47.9517,0.0,,896671464.0,608852527.0,357240264.0,6088399240.999999,4134108658.000001,环境保护,环保,环境治理,综合环境治理,7.33,6.63,
2010-12-24,15.28,15.69,15.28,15.32,15.48,-0.1600000000000001,-1.03,3051982.0,20546281.7,2.28,0.005013,0.008543,0.51,,,31.851,11.2629,47.4574,0.0,,896671464.0,608852527.0,357240264.0,6025632238.0,4091488981.0,环境保护,环保,环境治理,综合环境治理,7.13,6.45,
2010-12-27,15.34,15.6,14.55,14.55,15.32,-0.7699999999999996,-5.03,4789745.0,31666290.4,2.28,0.0078669999999999,0.013408,0.84,,,30.2395,10.693,45.0563,0.0,,896671464.0,608852527.0,357240264.0,5720763940.0,3884479122.0,环境保护,环保,环境治理,综合环境治理,7.06,6.38,
2010-12-28,14.52,14.52,13.82,13.82,14.55,-0.7300000000000004,-5.02,8175528.999999999,49929116.5,2.28,0.013428,0.022885,1.58,,,28.7228,10.1567,42.7964,0.0,,896671464.0,608852527.0,357240264.0,5433829072.0,3689646314.0,环境保护,环保,环境治理,综合环境治理,6.7,6.06,
2010-12-29,13.75,13.84,13.47,13.61,13.82,-0.2100000000000008,-1.52,4125561.0,24693258.6,2.28,0.006776,0.011548,0.71,,,28.2962,10.0059,42.1608,0.0,,896671464.0,608852527.0,357240264.0,5353128639.999999,3634849586.0,环境保护,环保,环境治理,综合环境治理,6.36,5.76,
2010-12-30,13.61,13.84,13.45,13.63,13.61,0.0200000000000013,0.15,3154446.0,18856067.1,2.28,0.005181,0.00883,0.56,,,28.3436,10.0226,42.2314,0.0,,896671464.0,608852527.0,357240264.0,5362095355.0,3640938111.0,环境保护,环保,环境治理,综合环境治理,6.27,5.67,
2010-12-31,13.63,13.77,13.43,13.68,13.63,0.0499999999999989,0.37,5849707.0,34843773.2,2.28,0.009608,0.016375,1.26,,,28.4384,10.0561,42.3727,0.0,,896671464.0,608852527.0,357240264.0,5380028784.0,3653115162.0,环境保护,环保,环境治理,综合环境治理,6.28,5.68,
2011-01-04,13.7,14.36,13.54,14.36,13.68,0.6799999999999997,4.97,10939270.0,66681556.50000001,2.28,0.017967,0.0306219999999999,2.1,,,29.8603,10.5589,44.4913,0.0,,896671464.0,608852527.0,357240264.0,5649030223.0,3835770920.0,环境保护,环保,环境治理,综合环境治理,6.3,5.7,
2011-01-05,14.27,14.52,14.0,14.27,14.36,-0.0899999999999998,-0.63,5735755.0,35783401.2,2.28,0.009421,0.016056,0.89,,,29.6707,10.4919,44.2088,0.0,,896671464.0,608852527.0,357240264.0,5613163365.0,3811416819.000001,环境保护,环保,环境治理,综合环境治理,6.62,5.99,
2011-01-06,14.39,14.57,14.2,14.27,14.27,0.0,0.0,3391881.0,21350097.6,2.28,0.005571,0.009495,0.57,,,29.6707,10.4919,44.2088,0.0,,896671464.0,608852527.0,357240264.0,5613163365.0,3811416819.000001,环境保护,环保,环境治理,综合环境治理,6.57,5.95,
2011-01-07,14.16,14.41,14.16,14.27,14.27,0.0,0.0,2850259.0,17825090.3,2.28,0.004681,0.007979,0.49,,,29.6707,10.4919,44.2088,0.0,,896671464.0,608852527.0,357240264.0,5613163365.0,3811416819.000001,环境保护,环保,环境治理,综合环境治理,6.57,5.95,
2011-01-10,14.2,14.27,13.57,13.57,14.27,-0.6999999999999993,-4.91,3749404.0,22743090.9,2.28,0.006158,0.010495,0.65,,,28.2014,9.9723,42.0196,0.0,,896671464.0,608852527.0,357240264.0,5335195211.0,3622672536.0,环境保护,环保,环境治理,综合环境治理,6.57,5.95,
2011-01-11,13.54,13.57,13.11,13.5,13.57,-0.0700000000000002,-0.52,3150225.0,18421762.5,2.28,0.005174,0.008818,0.59,,,28.0592,9.9221,41.8077,0.0,,896671464.0,608852527.0,357240264.0,5308295067.0,3604406960.0,环境保护,环保,环境治理,综合环境治理,6.25,5.65,
2011-01-12,13.5,13.73,13.43,13.7,13.5,0.1999999999999993,1.48,2071879.0,12322450.8,2.28,0.0034029999999999,0.0058,0.55,,,28.4858,10.0729,42.4433,0.0,,896671464.0,608852527.0,357240264.0,5388995499.0,3659203687.0,环境保护,环保,环境治理,综合环境治理,6.22,5.62,
2011-01-13,13.57,13.82,13.57,13.68,13.7,-0.0199999999999995,-0.15,1622135.0,9752335.0,2.28,0.002664,0.004541,0.53,,,28.4384,10.0561,42.3727,0.0,,896671464.0,608852527.0,357240264.0,5380028784.0,3653115162.0,环境保护,环保,环境治理,综合环境治理,6.31,5.71,
2011-01-14,13.73,13.73,13.18,13.38,13.68,-0.2999999999999989,-2.19,2655472.0,15583191.3,2.28,0.004361,0.0074329999999999,0.99,,,27.8222,9.8383,41.4546,0.0,,896671464.0,608852527.0,357240264.0,5263461494.0,3573964332.9999995,环境保护,环保,环境治理,综合环境治理,6.3,5.7,
2011-01-17,13.22,13.73,13.11,13.2,13.38,-0.1800000000000015,-1.35,3765998.000000001,22055212.8,2.28,0.006185,0.010542,1.42,,,27.4431,9.7042,40.8896,0.0,,896671464.0,608852527.0,357240264.0,5191727777.0,3525256131.0,环境保护,环保,环境治理,综合环境治理,6.16,5.58,
2011-01-18,13.09,13.38,13.09,13.27,13.2,0.0700000000000002,0.53,1835564.0,10648874.7,2.28,0.003015,0.005138,0.69,,,27.5852,9.7545,41.1015,0.0,,896671464.0,608852527.0,357240264.0,5218627920.0,3543521707.0,环境保护,环保,环境治理,综合环境治理,6.08,5.5,
2011-01-19,13.27,13.89,13.11,13.7,13.27,0.4299999999999997,3.24,2611282.0,15555015.8,2.28,0.004289,0.00731,1.09,,,28.4858,10.0729,42.4433,0.0,,896671464.0,608852527.0,357240264.0,5388995499.0,3659203687.0,环境保护,环保,环境治理,综合环境治理,6.11,5.53,
2011-01-20,13.7,13.79,13.36,13.43,13.7,-0.2699999999999996,-1.97,1847691.0,10970098.5,2.28,0.003035,0.0051719999999999,0.74,,,27.917,9.8718,41.5958,0.0,,896671464.0,608852527.0,357240264.0,5281394923.0,3586141384.0,环境保护,环保,环境治理,综合环境治理,6.31,5.71,
2011-01-21,13.43,13.79,13.38,13.7,13.43,0.2699999999999996,2.01,2097996.0,12567121.2,2.28,0.003446,0.005873,0.82,,,28.4858,10.0729,42.4433,0.0,,896671464.0,608852527.0,357240264.0,5388995499.0,3659203687.0,环境保护,环保,环境治理,综合环境治理,6.18,5.6,
2011-01-24,13.73,13.79,13.45,13.5,13.7,-0.1999999999999993,-1.46,1907428.0,11405126.9,2.28,0.003133,0.005339,0.78,,,28.0592,9.9221,41.8077,0.0,,896671464.0,608852527.0,357240264.0,5308295067.0,3604406960.0,环境保护,环保,环境治理,综合环境治理,6.31,5.71,
2011-01-25,13.47,13.57,12.97,13.06,13.5,-0.4399999999999995,-3.26,2362850.0,13632146.0,2.28,0.003881,0.006614,1.15,,,27.1587,9.6036,40.4659,0.0,,896671464.0,608852527.0,357240264.0,5137927489.0,3488724980.0,环境保护,环保,环境治理,综合环境治理,6.22,5.62,
2011-01-26,13.06,13.34,12.9,13.22,13.06,0.1600000000000001,1.23,1343424.0,7785556.7,2.28,0.002206,0.003761,0.62,,,27.4905,9.7209,40.9603,0.0,,896671464.0,608852527.0,357240264.0,5200694491.0,3531344657.0,环境保护,环保,环境治理,综合环境治理,6.02,5.44,
2011-01-27,13.11,13.61,12.9,13.34,13.22,0.1199999999999992,0.91,2166928.0,12567479.3,2.28,0.003559,0.006066,1.13,,,27.7274,9.8047,41.3134,0.0,,896671464.0,608852527.0,357240264.0,5245528064.0,3561787283.0,环境保护,环保,环境治理,综合环境治理,6.09,5.51,
2011-01-28,13.34,13.54,13.11,13.41,13.34,0.0700000000000002,0.52,1522088.0,8920590.8,2.28,0.0025,0.004261,0.77,,,27.8696,9.855,41.5252,0.0,,896671464.0,608852527.0,357240264.0,5272428208.0,3580052859.0,环境保护,环保,环境治理,综合环境治理,6.14,5.56,
2011-01-31,13.41,13.75,13.29,13.57,13.41,0.1600000000000001,1.19,3823324.0,22584952.4,2.28,0.00628,0.010702,2.05,,,28.2014,9.9723,42.0196,0.0,,896671464.0,608852527.0,357240264.0,5335195211.0,3622672536.0,环境保护,环保,环境治理,综合环境治理,6.17,5.59,
2011-02-01,13.57,13.66,13.5,13.61,13.57,0.0399999999999991,0.29,1641134.0,9773484.4,2.28,0.002695,0.004594,0.73,,,28.2962,10.0059,42.1608,0.0,,896671464.0,608852527.0,357240264.0,5353128639.999999,3634849586.0,环境保护,环保,环境治理,综合环境治理,6.25,5.65,
2011-02-09,13.57,13.77,13.5,13.68,13.61,0.0700000000000002,0.51,2130987.0,12782745.4,2.28,0.0034999999999999,0.005965,1.02,,,28.4384,10.0561,42.3727,0.0,,896671464.0,608852527.0,357240264.0,5380028784.0,3653115162.0,环境保护,环保,环境治理,综合环境治理,6.27,5.67,
2011-02-10,13.75,14.36,13.7,14.36,13.68,0.6799999999999997,4.97,6450617.0,40294013.1,2.28,0.010595,0.018057,2.86,,,29.8603,10.5589,44.4913,0.0,,896671464.0,608852527.0,357240264.0,5649030223.0,3835770920.0,环境保护,环保,环境治理,综合环境治理,6.3,5.7,
2011-02-11,14.39,14.68,14.25,14.32,14.36,-0.0399999999999991,-0.28,3937858.0,24892159.3,2.28,0.006468,0.011023,1.26,,,29.7655,10.5254,44.3501,0.0,,896671464.0,608852527.0,357240264.0,5631096794.0,3823593870.0,环境保护,环保,环境治理,综合环境治理,6.62,5.99,
2011-02-14,14.36,14.48,14.2,14.41,14.32,0.0899999999999998,0.63,4096479.0,25806131.9,2.28,0.006728,0.011467,1.14,,,29.9551,10.5925,44.6326,0.0,,896671464.0,608852527.0,357240264.0,5666963652.0,3847947971.000001,环境保护,环保,环境治理,综合环境治理,6.59,5.97,
2011-02-15,14.43,14.48,14.27,14.32,14.41,-0.0899999999999998,-0.62,4742067.0,29887037.2,2.28,0.007789,0.013274,1.3,,,29.7655,10.5254,44.3501,0.0,,896671464.0,608852527.0,357240264.0,5631096794.0,3823593870.0,环境保护,环保,环境治理,综合环境治理,6.64,6.0,
2011-02-16,14.39,14.8,14.27,14.64,14.32,0.3200000000000003,2.23,6180045.0,39368448.8,2.28,0.006892,0.017299,1.45,,,30.4291,10.7601,45.3388,0.0,,896671464.0,896666844.0,357240264.0,5756630799.0,5756601138.000001,环境保护,环保,环境治理,综合环境治理,6.59,5.97,
2011-02-17,14.59,14.71,14.39,14.43,14.64,-0.2100000000000008,-1.43,3749979.0,23817908.0,2.28,0.004182,0.010497,0.74,,,30.0025,10.6092,44.7032,0.0,,896671464.0,896666844.0,357240264.0,5675930367.000001,5675901123.0,环境保护,环保,环境治理,综合环境治理,6.74,6.1,
2011-02-18,14.41,14.52,14.25,14.41,14.43,-0.0199999999999995,-0.14,2110501.0,13323695.3,2.28,0.002354,0.005908,0.46,,,29.9551,10.5925,44.6326,0.0,,896671464.0,896666844.0,357240264.0,5666963652.0,5666934454.0,环境保护,环保,环境治理,综合环境治理,6.65,6.01,
2011-02-21,14.32,14.87,14.14,14.77,14.41,0.3599999999999994,2.5,5061116.0,32389245.8,2.28,0.005644,0.014167,1.21,,,30.7135,10.8606,45.7625,0.0,,896671464.0,896666844.0,357240264.0,5810431087.0,5810401149.0,环境保护,环保,环境治理,综合环境治理,6.64,6.0,
2011-02-22,14.75,14.82,14.04,14.5,14.77,-0.2699999999999996,-1.83,8789600.0,55348138.6,2.28,0.009803,0.024604,2.01,,,30.1447,10.6595,44.915,0.0,,896671464.0,896666844.0,357240264.0,5702830511.0,5702801128.0,环境保护,环保,环境治理,综合环境治理,6.8,6.16,
2011-02-23,14.36,15.23,14.2,15.23,14.5,0.7300000000000004,5.03,4497873.0,29212334.6,2.28,0.005016,0.012591,0.87,,,31.6614,11.1958,47.1749,0.0,,896671464.0,896666844.0,357240264.0,5989765379.999999,5989734518.0,环境保护,环保,环境治理,综合环境治理,6.68,6.04,
2011-02-24,15.39,15.62,15.05,15.23,15.23,0.0,0.0,5764841.0,38864043.3,2.28,0.006429,0.016137,1.19,,,31.6614,11.1958,47.1749,0.0,,896671464.0,896666844.0,357240264.0,5989765379.999999,5989734518.0,环境保护,环保,环境治理,综合环境治理,7.01,6.35,
2011-02-25,15.23,15.39,15.03,15.25,15.23,0.0199999999999995,0.13,3867422.0,25750761.1,2.28,0.004313,0.010826,0.74,,,31.7088,11.2126,47.2455,0.0,,896671464.0,896666844.0,357240264.0,5998732094.000001,5998701186.0,环境保护,环保,环境治理,综合环境治理,7.01,6.35,
2011-02-28,15.23,15.73,15.14,15.53,15.25,0.2799999999999993,1.84,3421051.0,23323548.9,2.28,0.003815,0.009576,0.61,,,32.2776,11.4137,48.093,0.0,,896671464.0,896666844.0,357240264.0,6106332670.0,6106301208.0,环境保护,环保,环境治理,综合环境治理,7.02,6.36,
2012-08-10,14.75,14.75,14.75,14.75,15.53,-0.7799999999999994,-5.02,138900.0,898683.0,2.28,0.000155,0.0003889999999999,0.03,,,24.8004,1205.1686,1126.8596,0.0,,896671464.0,896667999.0,357241419.0,5801464372.0,5801441954.0,环境保护,环保,环境治理,综合环境治理,7.15,6.47,
2012-08-13,14.02,14.02,14.02,14.02,14.75,-0.7300000000000004,-4.95,11800.0,72570.0,2.28,1.3e-05,3.3e-05,0.0,,,23.5738,1145.5621,1071.1262,0.0,,896671464.0,896667999.0,357241419.0,5514529504.0,5514508194.0,环境保护,环保,环境治理,综合环境治理,6.79,6.15,
2012-08-14,13.32,13.32,13.32,13.32,14.02,-0.6999999999999993,-4.99,141200.0,824608.0,2.28,0.000157,0.000395,0.05,,,22.3856,1087.8183,1017.1345,0.0,,896671464.0,896667999.0,357241419.0,5236561350.0,5236541114.0,环境保护,环保,环境治理,综合环境治理,6.46,5.84,
2012-08-15,12.65,12.65,12.65,12.65,13.32,-0.6699999999999999,-5.03,253100.0,1404705.0,2.28,0.0002819999999999,0.000708,0.17,,,21.2739,1033.8,966.6261,0.0,,896671464.0,896667999.0,357241419.0,4976526625.0,4976507394.0,环境保护,环保,环境治理,综合环境治理,6.13,5.55,
2012-08-16,12.02,12.02,12.02,12.02,12.65,-0.6300000000000008,-4.98,143100.0,754137.0,2.28,0.00016,0.000401,0.18,,,20.2007,981.6443,917.8594,0.0,,896671464.0,896667999.0,357241419.0,4725458615.0,4725440355.0,环境保护,环保,环境治理,综合环境治理,5.83,5.27,
2012-08-17,11.42,11.42,11.42,11.42,12.02,-0.5999999999999996,-4.99,169200.0,847692.0,2.28,0.000189,0.000474,1.23,,,19.204,933.214,872.576,0.0,,896671464.0,896667999.0,357241419.0,4492324035.0,4492306675.0,环境保护,环保,环境治理,综合环境治理,5.53,5.01,
2012-08-20,10.85,10.85,10.85,10.85,11.42,-0.5700000000000003,-4.99,470200.0,2238152.0,2.28,0.000524,0.001316,3.27,,,18.2458,886.6464,829.0343,0.0,,896671464.0,896667999.0,357241419.0,4268156169.0,4268139675.000001,环境保护,环保,环境治理,综合环境治理,5.26,4.76,
2012-08-21,10.31,10.31,10.31,10.31,10.85,-0.5399999999999991,-4.98,8847000.0,39988440.0,2.28,0.009867,0.024765,37.59,,,17.3258,841.9416,787.2342,0.0,,896671464.0,896667999.0,357241419.0,4052955017.0,4052939355.0,环境保护,环保,环境治理,综合环境治理,5.0,4.52,
2012-08-22,9.78,10.21,9.78,9.96,10.31,-0.3499999999999996,-3.39,68676438.0,298153209.3,2.28,0.0765909999999999,0.192241,34.75,,,17.4365,814.001,696.3536,0.0,,896671464.0,896667999.0,357241419.0,3918454298.0,3918439156.0,环境保护,环保,环境治理,综合环境治理,4.75,4.29,
2012-08-23,9.85,9.9,9.58,9.83,9.96,-0.1300000000000007,-1.31,32685755.0,140017326.89999998,2.28,0.036452,0.0914949999999999,2.09,,,17.1971,802.8248,686.7927,0.0,,896671464.0,896667999.0,357241419.0,3864654010.0,3864639076.0,环境保护,环保,环境治理,综合环境治理,4.59,4.15,
2012-08-24,9.76,10.33,9.76,10.33,9.83,0.5,5.09,16555860.0,74378013.1,2.28,0.018464,0.046344,0.75,,,18.0749,843.8043,721.8494,0.0,,896671464.0,896667999.0,357241419.0,4061921732.0,4061906035.000001,环境保护,环保,环境治理,综合环境治理,4.53,4.09,
2012-08-27,10.6,10.6,9.8,9.94,10.33,-0.3900000000000005,-3.78,30592350.0,135654285.8,2.28,0.034118,0.0856349999999999,1.2,,,17.3966,812.1383,694.7601,0.0,,896671464.0,896667999.0,357241419.0,3909487583.0,3909472476.0,环境保护,环保,环境治理,综合环境治理,4.76,4.3,
2012-08-28,9.76,9.85,9.44,9.46,9.94,-0.4799999999999986,-4.83,21182017.0,88615081.8,2.28,0.0236229999999999,0.059293,0.67,,,16.5586,773.0216,661.2969,0.0,,896671464.0,896667999.0,357241419.0,3721186576.0,3721172196.0,环境保护,环保,环境治理,综合环境治理,4.58,4.14,
2012-08-29,9.35,9.39,8.98,8.98,9.46,-0.4800000000000004,-5.07,31307168.0,124007210.1,2.28,0.034915,0.087636,0.92,,,15.7207,733.9048,627.8337,0.0,,896671464.0,896667999.0,357241419.0,3532885568.0,3532871916.0,环境保护,环保,环境治理,综合环境治理,4.36,3.94,
2012-08-30,8.73,8.85,8.53,8.53,8.98,-0.450000000000001,-5.01,14771126.999999998,55890322.5,2.28,0.016473,0.041348,0.56,,,14.9227,696.6508,595.9639,0.0,,896671464.0,896667999.0,357241419.0,3353551275.0,3353538315.9999995,环境保护,环保,环境治理,综合环境治理,4.14,3.74,
2012-08-31,8.44,8.96,8.23,8.96,8.53,0.4300000000000015,5.04,28362063.0,108632102.5,2.28,0.031631,0.0793919999999999,1.24,,,15.6808,732.0421,626.2402,0.0,,896671464.0,896667999.0,357241419.0,3523918854.0000005,3523905236.0,环境保护,环保,环境治理,综合环境治理,3.93,3.55,
2012-09-03,8.96,9.05,8.62,8.85,8.96,-0.1100000000000012,-1.23,17742650.0,68719612.1,2.28,0.019787,0.0496659999999999,0.7,,,15.4813,722.7286,618.2728,0.0,,896671464.0,896667999.0,357241419.0,3479085280.0,3479071836.0,环境保护,环保,环境治理,综合环境治理,4.13,3.73,
2012-09-04,8.87,9.05,8.76,8.78,8.85,-0.0700000000000002,-0.79,13098530.0,50925983.6,2.28,0.014608,0.036666,0.58,,,15.3616,717.1405,613.4923,0.0,,896671464.0,896667999.0,357241419.0,3452185136.0,3452171795.9999995,环境保护,环保,环境治理,综合环境治理,4.07,3.69,
2012-09-05,8.69,8.85,8.37,8.69,8.78,-0.0899999999999998,-1.03,16376965.0,61457845.1,2.28,0.018264,0.0458429999999999,0.78,,,15.202,709.6897,607.1183,0.0,,896671464.0,896667999.0,357241419.0,3416318278.0000005,3416305076.0,环境保护,环保,环境治理,综合环境治理,4.04,3.66,
2012-09-06,8.64,8.85,8.55,8.78,8.69,0.0899999999999998,1.04,12762212.0,48813035.4,2.28,0.014233,0.035724,0.71,,,15.3616,717.1405,613.4923,0.0,,896671464.0,896667999.0,357241419.0,3452185136.0,3452171795.9999995,环境保护,环保,环境治理,综合环境治理,4.0,3.62,
2012-09-07,8.78,9.19,8.73,9.01,8.78,0.2300000000000004,2.62,21652198.0,85123979.30000001,2.28,0.024147,0.060609,1.23,,,15.7606,735.7675,629.4272,0.0,,896671464.0,896667999.0,357241419.0,3541852283.0,3541838596.0000005,环境保护,环保,环境治理,综合环境治理,4.04,3.66,
2012-09-10,9.03,9.21,8.98,9.1,9.01,0.0899999999999998,1.0,18151025.0,72320209.5,2.28,0.020243,0.050809,1.11,,,15.9202,743.2183,635.8011,0.0,,896671464.0,896667999.0,357241419.0,3577719141.0,3577705316.0,环境保护,环保,环境治理,综合环境治理,4.15,3.75,
2012-09-11,9.07,9.1,8.94,8.98,9.1,-0.1199999999999992,-1.32,11120250.0,43955658.3,2.28,0.012402,0.031128,0.68,,,15.7207,733.9048,627.8337,0.0,,896671464.0,896667999.0,357241419.0,3532885568.0,3532871916.0,环境保护,环保,环境治理,综合环境治理,4.19,3.79,
2012-09-12,9.05,9.44,8.98,9.44,8.98,0.4599999999999991,5.12,26559536.0,108954810.4,2.28,0.02962,0.074346,1.66,,,16.5187,771.1589,659.7034,0.0,,896671464.0,896667999.0,357241419.0,3712219861.0,3712205516.0,环境保护,环保,环境治理,综合环境治理,4.14,3.74,
2012-09-13,9.62,9.92,9.46,9.58,9.44,0.1400000000000005,1.48,35437495.0,151531967.89999998,2.28,0.039521,0.099198,1.96,,,16.7581,782.3351,669.2643,0.0,,896671464.0,896667999.0,357241419.0,3766020149.0,3766005596.0,环境保护,环保,环境治理,综合环境治理,4.35,3.93,
2012-09-14,9.48,9.69,9.17,9.46,9.58,-0.1199999999999992,-1.25,17438407.0,71959377.2,2.28,0.019448,0.048814,0.77,,,16.5586,773.0216,661.2969,0.0,,896671464.0,896667999.0,357241419.0,3721186576.0,3721172196.0,环境保护,环保,环境治理,综合环境治理,4.41,3.99,
2012-09-17,9.44,9.44,8.98,8.98,9.46,-0.4800000000000004,-5.07,11285207.0,45150977.3,2.28,0.012586,0.03159,0.52,,,15.7207,733.9048,627.8337,0.0,,896671464.0,896667999.0,357241419.0,3532885568.0,3532871916.0,环境保护,环保,环境治理,综合环境治理,4.36,3.94,
2012-09-18,8.76,8.96,8.62,8.78,8.98,-0.200000000000001,-2.23,7981096.000000001,30710627.4,2.28,0.008901,0.022341,0.39,,,15.3616,717.1405,613.4923,0.0,,896671464.0,896667999.0,357241419.0,3452185136.0,3452171795.9999995,环境保护,环保,环境治理,综合环境治理,4.14,3.74,
2012-09-19,8.76,9.21,8.71,9.21,8.78,0.4300000000000015,4.9,13176176.0,52724767.1,2.28,0.014695,0.036883,0.67,,,16.1197,752.5319,643.7685,0.0,,896671464.0,896667999.0,357241419.0,3622552715.0,3622538716.0,环境保护,环保,环境治理,综合环境治理,4.04,3.66,
2012-09-20,9.21,9.35,9.01,9.07,9.21,-0.1400000000000005,-1.52,10862899.0,43653768.5,2.28,0.012115,0.030408,0.64,,,15.8803,741.3556,634.2076,0.0,,896671464.0,896667999.0,357241419.0,3568752427.0,3568738636.0,环境保护,环保,环境治理,综合环境治理,4.24,3.84,
2012-09-21,9.17,9.53,8.91,9.44,9.07,0.3699999999999992,4.08,16039373.000000002,65572482.900000006,2.28,0.017888,0.044898,1.32,,,16.5187,771.1589,659.7034,0.0,,896671464.0,896667999.0,357241419.0,3712219861.0,3712205516.0,环境保护,环保,环境治理,综合环境治理,4.18,3.78,
2012-09-24,9.33,9.69,9.12,9.35,9.44,-0.0899999999999998,-0.95,11144495.0,46152995.2,2.28,0.0124289999999999,0.031196,0.94,,,16.3591,763.7081,653.3295,0.0,,896671464.0,896667999.0,357241419.0,3676353002.0,3676338796.0,环境保护,环保,环境治理,综合环境治理,4.35,3.93,
2012-09-25,9.35,9.51,9.14,9.17,9.35,-0.1799999999999997,-1.93,7098097.0,28884222.6,2.28,0.007916,0.019869,0.6,,,16.0399,748.8065,640.5816,0.0,,896671464.0,896667999.0,357241419.0,3604619285.0,3604605356.0,环境保护,环保,环境治理,综合环境治理,4.31,3.9,
2012-09-26,9.01,9.14,8.71,8.73,9.17,-0.4399999999999995,-4.8,9865015.0,38196966.1,2.28,0.011002,0.027614,0.85,,,15.2818,713.4151,610.3053,0.0,,896671464.0,896667999.0,357241419.0,3434251707.0,3434238436.0,环境保护,环保,环境治理,综合环境治理,4.22,3.82,
2012-09-27,8.71,8.89,8.46,8.87,8.73,0.1399999999999988,1.6,9435753.0,36221321.1,2.28,0.010523,0.026413,0.86,,,15.5212,724.5913,619.8662,0.0,,896671464.0,896667999.0,357241419.0,3488051995.0,3488038516.0,环境保护,环保,环境治理,综合环境治理,4.02,3.64,
2012-09-28,8.82,8.87,8.69,8.85,8.87,-0.0199999999999995,-0.23,7643120.0,29475870.5,2.28,0.008524,0.021395,0.71,,,15.4813,722.7286,618.2728,0.0,,896671464.0,896667999.0,357241419.0,3479085280.0,3479071836.0,环境保护,环保,环境治理,综合环境治理,4.08,3.7,
2012-10-08,8.87,9.21,8.85,9.01,8.85,0.1600000000000001,1.81,6431556.0,25413898.2,2.28,0.007173,0.018003,0.71,,,15.7606,735.7675,629.4272,0.0,,896671464.0,896667999.0,357241419.0,3541852283.0,3541838596.0000005,环境保护,环保,环境治理,综合环境治理,4.07,3.69,
2012-10-09,9.01,9.28,8.94,9.21,9.01,0.200000000000001,2.22,8877903.0,35580005.2,2.28,0.009901,0.024851,1.1,,,16.1197,752.5319,643.7685,0.0,,896671464.0,896667999.0,357241419.0,3622552715.0,3622538716.0,环境保护,环保,环境治理,综合环境治理,4.15,3.75,
2012-10-10,9.21,9.33,9.07,9.28,9.21,0.0699999999999985,0.76,8787724.0,35620675.5,2.28,0.0098,0.024599,1.04,,,16.2394,758.12,648.549,0.0,,896671464.0,896667999.0,357241419.0,3649452858.0,3649438756.000001,环境保护,环保,环境治理,综合环境治理,4.24,3.84,
2012-10-11,9.23,9.74,9.17,9.74,9.28,0.4600000000000008,4.96,27199336.0,115575142.4,2.28,0.030334,0.076137,3.3,,,17.0374,795.374,680.4187,0.0,,896671464.0,896667999.0,357241419.0,3828787151.0,3828772356.0,环境保护,环保,环境治理,综合环境治理,4.27,3.87,
2012-10-12,9.64,9.83,9.37,9.48,9.74,-0.2599999999999998,-2.67,15347096.0,64291543.9,2.28,0.017116,0.04296,1.3,,,16.5985,774.8843,662.8904,0.0,,896671464.0,896667999.0,357241419.0,3730153290.000001,3730138876.0,环境保护,环保,环境治理,综合环境治理,4.48,4.06,
2012-10-15,9.48,9.71,9.42,9.53,9.48,0.0499999999999989,0.53,10319077.0,43326397.5,2.28,0.011508,0.028885,0.77,,,16.6783,778.6097,666.0773,0.0,,896671464.0,896667999.0,357241419.0,3748086720.0,3748072236.000001,环境保护,环保,环境治理,综合环境治理,4.37,3.95,
2012-10-16,9.53,9.6,9.26,9.26,9.53,-0.2699999999999996,-2.83,9958372.0,40950481.7,2.28,0.011106,0.0278759999999999,0.71,,,16.1995,756.2573,646.9555,0.0,,896671464.0,896667999.0,357241419.0,3640486144.0,3640472076.0,环境保护,环保,环境治理,综合环境治理,4.39,3.97,
2012-10-17,9.23,9.37,9.1,9.37,9.26,0.1099999999999994,1.19,6316500.0,25486352.5,2.28,0.007044,0.017681,0.44,,,16.399,765.5708,654.9229,0.0,,896671464.0,896667999.0,357241419.0,3685319717.0,3685305476.0,环境保护,环保,环境治理,综合环境治理,4.26,3.86,
2012-10-18,9.3,9.48,9.26,9.46,9.37,0.0900000000000016,0.96,5871387.0,24212585.4,2.28,0.006548,0.0164349999999999,0.42,,,16.5586,773.0216,661.2969,0.0,,896671464.0,896667999.0,357241419.0,3721186576.0,3721172196.0,环境保护,环保,环境治理,综合环境治理,4.32,3.9,
2012-10-19,9.46,9.69,9.42,9.58,9.46,0.1199999999999992,1.27,8518861.0,35724709.300000004,2.28,0.0095009999999999,0.023846,0.89,,,16.7581,782.3351,669.2643,0.0,,896671464.0,896667999.0,357241419.0,3766020149.0,3766005596.0,环境保护,环保,环境治理,综合环境治理,4.36,3.94,
2012-10-22,9.53,9.78,9.39,9.78,9.58,0.1999999999999993,2.09,8687431.0,36875089.6,2.28,0.009689,0.024318,1.06,,,17.1173,799.0994,683.6057,0.0,,896671464.0,896667999.0,357241419.0,3846720581.0,3846705716.000001,环境保护,环保,环境治理,综合环境治理,4.41,3.99,
2012-10-23,9.8,9.83,9.51,9.55,9.78,-0.2299999999999986,-2.35,8153655.0,34447013.400000006,2.28,0.009093,0.022824,1.04,,,16.7182,780.4724,667.6708,0.0,,896671464.0,896667999.0,357241419.0,3757053434.0,3757038916.0,环境保护,环保,环境治理,综合环境治理,4.5,4.08,
2012-10-24,9.44,9.78,9.42,9.71,9.55,0.1600000000000001,1.68,9164309.0,38852942.1,2.28,0.01022,0.025653,1.22,,,16.9975,793.5113,678.8252,0.0,,896671464.0,896667999.0,357241419.0,3819820437.0,3819805676.0,环境保护,环保,环境治理,综合环境治理,4.4,3.98,
2012-10-25,9.71,10.17,9.62,9.67,9.71,-0.0400000000000009,-0.41,12515506.0,54259087.1,2.28,0.013958,0.035034,1.55,,,16.9177,789.7859,675.6383,0.0,,896671464.0,896667999.0,357241419.0,3801887007.0,3801872316.0,环境保护,环保,环境治理,综合环境治理,4.47,4.05,
2012-10-26,9.53,9.64,9.19,9.21,9.67,-0.4599999999999991,-4.76,10922997.0,44793156.5,2.28,0.012182,0.030576,1.16,,,16.7962,752.5319,477.4373,0.0,,896671464.0,896667999.0,357241419.0,3622552715.0,3622538716.0,环境保护,环保,环境治理,综合环境治理,4.45,4.03,
2012-10-29,9.12,9.67,9.1,9.53,9.21,0.3199999999999985,3.47,9415320.0,39194479.8,2.28,0.0105,0.026356,0.95,,,17.3783,778.6097,493.9822,0.0,,896671464.0,896667999.0,357241419.0,3748086720.0,3748072236.000001,环境保护,环保,环境治理,综合环境治理,4.24,3.84,
2012-10-30,9.53,9.74,9.46,9.71,9.53,0.1800000000000015,1.89,5652554.0,23885756.2,2.28,0.006304,0.015823,0.56,,,17.7109,793.5113,503.4364,0.0,,896671464.0,896667999.0,357241419.0,3819820437.0,3819805676.0,环境保护,环保,环境治理,综合环境治理,4.39,3.97,
2012-10-31,9.71,10.08,9.48,9.55,9.71,-0.1600000000000001,-1.65,7630628.0,32526160.2,2.28,0.00851,0.02136,0.8,,,17.4198,780.4724,495.164,0.0,,896671464.0,896667999.0,357241419.0,3757053434.0,3757038916.0,环境保护,环保,环境治理,综合环境治理,4.47,4.05,
2012-11-01,9.53,9.69,9.48,9.64,9.55,0.0899999999999998,0.94,4644534.0,19602566.8,2.28,0.00518,0.013001,0.5,,,17.5861,787.9232,499.8911,0.0,,896671464.0,896667999.0,357241419.0,3792920293.0,3792905636.0,环境保护,环保,环境治理,综合环境治理,4.4,3.98,
2012-11-02,9.62,9.96,9.58,9.76,9.64,0.1199999999999992,1.24,7005850.999999999,30069122.5,2.28,0.007813,0.019611,0.92,,,17.794,797.2367,505.8,0.0,,896671464.0,896667999.0,357241419.0,3837753866.000001,3837739036.0,环境保护,环保,环境治理,综合环境治理,4.44,4.02,
2012-11-05,9.69,10.24,9.64,10.03,9.76,0.2699999999999996,2.77,16525700.0,72841974.7,2.28,0.01843,0.0462589999999999,2.41,,,18.2929,819.5892,519.9813,0.0,,896671464.0,896667999.0,357241419.0,3945354442.000001,3945339196.0,环境保护,环保,环境治理,综合环境治理,4.49,4.07,
2012-11-06,10.03,10.53,9.83,10.53,10.03,0.5,4.99,17428300.0,79093701.4,2.28,0.019437,0.0487859999999999,2.1,,,19.2076,860.5686,545.9803,0.0,,896671464.0,896667999.0,357241419.0,4142622164.0,4142606155.0,环境保护,环保,环境治理,综合环境治理,4.62,4.18,
2012-11-07,10.65,11.06,10.53,11.06,10.53,0.5300000000000011,5.03,11169550.0,53596664.3,2.28,0.012457,0.0312659999999999,1.05,,,20.1638,903.4108,573.1612,0.0,,896671464.0,896667999.0,357241419.0,4348856600.0,4348839795.0,环境保护,环保,环境治理,综合环境治理,4.85,4.39,
2012-11-16,10.51,10.51,10.51,10.51,11.06,-0.5500000000000007,-4.97,937900.0,4323719.0,2.28,0.001046,0.002625,0.08,,,19.166,858.7059,544.7986,0.0,,896671464.0,896667999.0,357241419.0,4133655449.0,4133639475.0,环境保护,环保,环境治理,综合环境治理,5.09,4.61,
2012-11-19,9.99,9.99,9.99,9.99,10.51,-0.5199999999999996,-4.95,812900.0,3560502.0,2.28,0.000907,0.002275,0.08,,,18.2098,815.8637,517.6177,0.0,,896671464.0,896667999.0,357241419.0,3927421012.0,3927405836.0,环境保护,环保,环境治理,综合环境治理,4.84,4.38,
2012-11-20,9.58,9.99,9.58,9.76,9.99,-0.2300000000000004,-2.3,16976099.0,72493225.0,2.28,0.018932,0.04752,1.81,,,17.794,797.2367,505.8,0.0,,896671464.0,896667999.0,357241419.0,3837753866.000001,3837739036.0,环境保护,环保,环境治理,综合环境治理,4.6,4.16,
2012-11-21,9.62,9.85,9.6,9.74,9.76,-0.0199999999999995,-0.2,9759846.0,41745815.2,2.28,0.010885,0.02732,1.03,,,17.7524,795.374,504.6182,0.0,,896671464.0,896667999.0,357241419.0,3828787151.0,3828772356.0,环境保护,环保,环境治理,综合环境治理,4.49,4.07,
2012-11-22,9.76,9.78,9.33,9.51,9.74,-0.2300000000000004,-2.36,8760442.0,36586743.5,2.28,0.00977,0.024522,1.1,,,17.3367,776.747,492.8004,0.0,,896671464.0,896667999.0,357241419.0,3739120005.0,3739105556.0,环境保护,环保,环境治理,综合环境治理,4.48,4.06,
2012-11-23,9.42,9.67,9.42,9.53,9.51,0.0199999999999995,0.21,5123054.0,21450755.6,2.28,0.005713,0.014341,0.69,,,17.3783,778.6097,493.9822,0.0,,896671464.0,896667999.0,357241419.0,3748086720.0,3748072236.000001,环境保护,环保,环境治理,综合环境治理,4.38,3.96,
2012-11-26,9.53,9.53,9.14,9.17,9.53,-0.3599999999999994,-3.78,7380494.0,29957574.1,2.28,0.008231,0.0206599999999999,0.89,,,16.7131,748.8065,475.0738,0.0,,896671464.0,896667999.0,357241419.0,3604619285.0,3604605356.0,环境保护,环保,环境治理,综合环境治理,4.39,3.97,
2012-11-27,9.1,9.12,8.71,8.71,9.17,-0.4599999999999991,-5.02,6085008.0,23803603.6,2.28,0.0067859999999999,0.017033,0.63,,,15.8816,711.5524,451.4383,0.0,,896671464.0,896667999.0,357241419.0,3425284992.0,3425271756.0,环境保护,环保,环境治理,综合环境治理,4.22,3.82,
2012-11-28,8.62,9.05,8.28,8.76,8.71,0.0499999999999989,0.57,7083952.0,26993813.4,2.28,0.0079,0.01983,0.95,,,15.9647,715.2778,453.8018,0.0,,896671464.0,896667999.0,357241419.0,3443218422.0,3443205116.0000005,环境保护,环保,环境治理,综合环境治理,4.01,3.63,
2012-11-29,8.66,9.07,8.66,8.96,8.76,0.200000000000001,2.28,4472355.0,17527596.7,2.28,0.004988,0.012519,0.65,,,16.3389,732.0421,464.4378,0.0,,896671464.0,896667999.0,357241419.0,3523918854.0000005,3523905236.0,环境保护,环保,环境治理,综合环境治理,4.03,3.65,
2012-11-30,8.96,9.42,8.96,9.42,8.96,0.4599999999999991,5.13,7863128.999999999,32061069.7,2.28,0.008769,0.022011,1.3,,,17.1704,769.2962,488.0733,0.0,,896671464.0,896667999.0,357241419.0,3703253146.0,3703238836.0,环境保护,环保,环境治理,综合环境治理,4.13,3.73,
2012-12-03,9.21,9.53,9.03,9.03,9.42,-0.3900000000000005,-4.14,7003553.999999999,28500275.6,2.28,0.007811,0.0196049999999999,1.06,,,16.4636,737.6302,467.9831,0.0,,896671464.0,896667999.0,357241419.0,3550818997.0,3550805275.9999995,环境保护,环保,环境治理,综合环境治理,4.34,3.92,
2012-12-04,9.03,9.26,8.78,9.21,9.03,0.1800000000000015,1.99,3326831.0,13098481.5,2.28,0.0037099999999999,0.009313,0.51,,,16.7962,752.5319,477.4373,0.0,,896671464.0,896667999.0,357241419.0,3622552715.0,3622538716.0,环境保护,环保,环境治理,综合环境治理,4.16,3.76,
2012-12-05,9.03,9.51,9.03,9.44,9.21,0.2299999999999986,2.5,5971624.0,24608032.7,2.28,0.00666,0.0167159999999999,1.0,,,17.212,771.1589,489.2551,0.0,,896671464.0,896667999.0,357241419.0,3712219861.0,3712205516.0,环境保护,环保,环境治理,综合环境治理,4.24,3.84,
2012-12-06,9.39,9.67,9.3,9.53,9.44,0.0899999999999998,0.95,4454779.0,18621684.1,2.28,0.004968,0.01247,0.78,,,17.3783,778.6097,493.9822,0.0,,896671464.0,896667999.0,357241419.0,3748086720.0,3748072236.000001,环境保护,环保,环境治理,综合环境治理,4.35,3.93,
2012-12-07,9.46,9.74,9.46,9.64,9.53,0.1100000000000012,1.15,5372483.0,22711416.9,2.28,0.005992,0.015039,0.94,,,17.5861,787.9232,499.8911,0.0,,896671464.0,896667999.0,357241419.0,3792920293.0,3792905636.0,环境保护,环保,环境治理,综合环境治理,4.39,3.97,
2012-12-10,9.64,9.83,9.6,9.69,9.64,0.0499999999999989,0.52,5416586.0,22967162.8,2.28,0.0060409999999999,0.015162,1.04,,,17.6693,791.6486,502.2546,0.0,,896671464.0,896667999.0,357241419.0,3810853722.0,3810838996.0,环境保护,环保,环境治理,综合环境治理,4.44,4.02,
2012-12-11,9.69,9.76,9.46,9.48,9.69,-0.209999999999999,-2.17,4186860.0,17586173.0,2.28,0.0046689999999999,0.01172,0.85,,,17.2951,774.8843,491.6187,0.0,,896671464.0,896667999.0,357241419.0,3730153290.000001,3730138876.0,环境保护,环保,环境治理,综合环境治理,4.46,4.04,
2012-12-12,9.39,9.6,9.39,9.58,9.48,0.0999999999999996,1.05,2568861.0,10727689.6,2.28,0.002865,0.0071909999999999,0.51,,,17.4614,782.3351,496.3458,0.0,,896671464.0,896667999.0,357241419.0,3766020149.0,3766005596.0,环境保护,环保,环境治理,综合环境治理,4.37,3.95,
2012-12-13,9.55,9.58,9.35,9.35,9.58,-0.2300000000000004,-2.4,3889437.000000001,16076718.3,2.28,0.004338,0.010887,0.88,,,17.0457,763.7081,484.528,0.0,,896671464.0,896667999.0,357241419.0,3676353002.0,3676338796.0,环境保护,环保,环境治理,综合环境治理,4.41,3.99,
2012-12-14,9.28,9.69,9.28,9.6,9.35,0.25,2.67,6017184.0,25211950.2,2.28,0.006711,0.016843,1.4,,,17.503,784.1978,497.5275,0.0,,896671464.0,896667999.0,357241419.0,3774986863.0,3774972276.0,环境保护,环保,环境治理,综合环境治理,4.31,3.9,
2012-12-17,9.53,10.08,9.53,10.05,9.6,0.450000000000001,4.69,9805204.0,42222731.8,2.28,0.0109349999999999,0.027447,2.22,,,18.3345,821.4519,521.163,0.0,,896671464.0,896667999.0,357241419.0,3954321156.0,3954305876.000001,环境保护,环保,环境治理,综合环境治理,4.42,4.0,
2012-12-18,10.05,10.51,9.94,10.4,10.05,0.3499999999999996,3.48,11018199.0,49752178.3,2.28,0.0122879999999999,0.030842,2.08,,,18.9581,849.3924,538.8897,0.0,,896671464.0,896667999.0,357241419.0,4088821876.0,4088806075.0,环境保护,环保,环境治理,综合环境治理,4.63,4.19,
2012-12-19,10.37,10.76,10.15,10.15,10.4,-0.25,-2.4,6679464.0,30538208.1,2.28,0.007449,0.018697,1.0,,,18.5008,828.9027,525.8901,0.0,,896671464.0,896667999.0,357241419.0,3990188015.0,3990172596.0,环境保护,环保,环境治理,综合环境治理,4.79,4.33,
2012-12-20,10.03,10.24,10.01,10.15,10.15,0.0,0.0,3413266.0000000005,15128115.7,2.28,0.0038069999999999,0.009555,0.46,,,18.5008,828.9027,525.8901,0.0,,896671464.0,896667999.0,357241419.0,3990188015.0,3990172596.0,环境保护,环保,环境治理,综合环境治理,4.67,4.23,
2012-12-21,10.24,10.24,9.9,9.99,10.15,-0.1600000000000001,-1.58,5653080.0,24862507.5,2.28,0.006305,0.015824,0.77,,,18.2098,815.8637,517.6177,0.0,,896671464.0,896667999.0,357241419.0,3927421012.0,3927405836.0,环境保护,环保,环境治理,综合环境治理,4.67,4.23,
2012-12-24,10.01,10.28,10.01,10.15,9.99,0.1600000000000001,1.6,4080977.0,18194508.0,2.28,0.004551,0.011424,0.56,,,18.5008,828.9027,525.8901,0.0,,896671464.0,896667999.0,357241419.0,3990188015.0,3990172596.0,环境保护,环保,环境治理,综合环境治理,4.6,4.16,
2012-12-25,10.15,10.62,9.92,10.35,10.15,0.1999999999999993,1.97,6082050.0,27643711.5,2.28,0.006783,0.017025,0.99,,,18.875,845.667,536.5261,0.0,,896671464.0,896667999.0,357241419.0,4070888447.0,4070872715.0,环境保护,环保,环境治理,综合环境治理,4.67,4.23,
2012-12-26,10.26,10.6,10.26,10.47,10.35,0.120000000000001,1.16,4826080.0,22117780.8,2.28,0.005382,0.013509,0.93,,,19.0828,854.9805,542.435,0.0,,896671464.0,896667999.0,357241419.0,4115722020.0,4115706115.0,环境保护,环保,环境治理,综合环境治理,4.77,4.31,
2012-12-27,10.53,10.67,10.31,10.4,10.47,-0.0700000000000002,-0.67,6471475.0,29841858.7,2.28,0.007217,0.018115,1.35,,,18.9581,849.3924,538.8897,0.0,,896671464.0,896667999.0,357241419.0,4088821876.0,4088806075.0,环境保护,环保,环境治理,综合环境治理,4.82,4.36,
2012-12-28,10.37,10.56,10.33,10.42,10.4,0.0199999999999995,0.19,4415887.0,20196494.0,2.28,0.004925,0.012361,0.81,,,18.9997,851.2551,540.0715,0.0,,896671464.0,896667999.0,357241419.0,4097788590.0,4097772755.0,环境保护,环保,环境治理,综合环境治理,4.79,4.33,
2012-12-31,10.42,10.69,10.37,10.53,10.42,0.1099999999999994,1.06,5887306.0,27209538.9,2.28,0.006566,0.0164799999999999,1.14,,,19.2076,860.5686,545.9803,0.0,,896671464.0,896667999.0,357241419.0,4142622164.0,4142606155.0,环境保护,环保,环境治理,综合环境治理,4.8,4.34,
2013-01-04,10.56,10.69,10.35,10.44,10.53,-0.0899999999999998,-0.85,6023831.0,27702740.0,2.28,0.0067179999999999,0.016862,1.09,,,19.0413,853.1178,541.2532,0.0,,896671464.0,896667999.0,357241419.0,4106755305.0,4106739435.0,环境保护,环保,环境治理,综合环境治理,4.85,4.39,
2013-01-07,10.42,10.56,10.08,10.51,10.44,0.0700000000000002,0.67,4674231.0,21240348.2,2.28,0.005213,0.013084,0.85,,,19.166,858.7059,544.7986,0.0,,896671464.0,896667999.0,357241419.0,4133655449.0,4133639475.0,环境保护,环保,环境治理,综合环境治理,4.81,4.35,
2013-01-08,10.49,11.04,10.47,11.04,10.51,0.5299999999999994,5.04,5083855.0,24392894.1,2.28,0.00567,0.014231,0.93,,,20.1222,901.5481,571.9794,0.0,,896671464.0,896667999.0,357241419.0,4339889886.0,4339873115.0,环境保护,环保,环境治理,综合环境治理,4.84,4.38,
2013-01-09,11.42,11.58,11.29,11.58,11.04,0.5400000000000009,4.89,10399822.0,52733570.9,2.28,0.0115979999999999,0.0291109999999999,1.99,,,21.12,946.2529,600.342,0.0,,896671464.0,896667999.0,357241419.0,4555091037.0,4555073435.0,环境保护,环保,环境治理,综合环境治理,5.08,4.6,
2013-01-21,12.15,12.15,12.15,12.15,11.58,0.5700000000000003,4.92,1945495.0,10369488.4,2.28,0.00217,0.0054459999999999,0.3,,,22.1594,992.8205,629.8864,0.0,,896671464.0,896667999.0,357241419.0,4779258903.0,4779240435.0,环境保护,环保,环境治理,综合环境治理,5.33,4.83,
2013-01-22,12.77,12.77,12.4,12.77,12.15,0.6199999999999992,5.1,19000725.0,106220961.1,2.28,0.02119,0.053187,3.38,,,23.2819,1043.1135,661.7943,0.0,,896671464.0,896667999.0,357241419.0,5021360198.0,5021340794.0,环境保护,环保,环境治理,综合环境治理,5.6,5.06,
2013-01-23,12.86,13.2,12.54,12.65,12.77,-0.1199999999999992,-0.94,16679704.0,94093120.6,2.28,0.018602,0.0466899999999999,2.03,,,23.074,1033.8,655.8855,0.0,,896671464.0,896667999.0,357241419.0,4976526625.0,4976507394.0,环境保护,环保,环境治理,综合环境治理,5.88,5.32,
2013-01-24,12.93,13.06,12.02,12.02,12.65,-0.6300000000000008,-4.98,11457475.0,62084383.6,2.28,0.012778,0.0320719999999999,1.08,,,21.9099,981.6443,622.7957,0.0,,896671464.0,896667999.0,357241419.0,4725458615.0,4725440355.0,环境保护,环保,环境治理,综合环境治理,5.83,5.27,
2013-01-25,11.65,12.61,11.65,12.43,12.02,0.4100000000000001,3.41,12023143.0,65139710.2,2.28,0.0134089999999999,0.033656,1.01,,,22.6583,1015.1729,644.0677,0.0,,896671464.0,896667999.0,357241419.0,4886859479.0,4886840595.0,环境保护,环保,环境治理,综合环境治理,5.53,5.01,
2013-01-28,12.49,12.95,12.31,12.77,12.43,0.3399999999999998,2.74,8485815.0,47375268.0,2.28,0.009464,0.023754,0.69,,,23.2819,1043.1135,661.7943,0.0,,896671464.0,896667999.0,357241419.0,5021360198.0,5021340794.0,环境保护,环保,环境治理,综合环境治理,5.72,5.18,
2013-01-29,12.79,13.2,12.68,12.75,12.77,-0.0199999999999995,-0.16,6626806.0,37436362.0,2.28,0.00739,0.01855,0.49,,,23.2403,1041.2508,660.6126,0.0,,896671464.0,896667999.0,357241419.0,5012393484.0,5012374114.0,环境保护,环保,环境治理,综合环境治理,5.88,5.32,
2013-01-30,12.56,13.06,12.56,12.72,12.75,-0.0299999999999993,-0.24,5805186.0,32671842.3,2.28,0.006474,0.01625,0.53,,,23.1987,1039.3881,659.4308,0.0,,896671464.0,896667999.0,357241419.0,5003426769.0,5003407434.0,环境保护,环保,环境治理,综合环境治理,5.87,5.31,
2013-01-31,12.7,12.97,12.45,12.75,12.72,0.0299999999999993,0.24,5186234.0,29047831.5,2.28,0.005784,0.014517,0.58,,,23.2403,1041.2508,660.6126,0.0,,896671464.0,896667999.0,357241419.0,5012393484.0,5012374114.0,环境保护,环保,环境治理,综合环境治理,5.86,5.3,
2013-02-01,12.75,12.86,12.56,12.75,12.75,0.0,0.0,3742176.0,20850639.200000003,2.28,0.004173,0.010475,0.49,,,23.2403,1041.2508,660.6126,0.0,,896671464.0,896667999.0,357241419.0,5012393484.0,5012374114.0,环境保护,环保,环境治理,综合环境治理,5.87,5.31,
2013-02-04,12.65,12.88,12.11,12.18,12.75,-0.5700000000000003,-4.47,7427644.0,40291707.9,2.28,0.008284,0.020792,1.24,,,22.201,994.6832,631.0682,0.0,,896671464.0,896667999.0,357241419.0,4788225618.0,4788207115.0,环境保护,环保,环境治理,综合环境治理,5.87,5.31,
2013-02-05,12.02,12.33,11.74,12.11,12.18,-0.0700000000000002,-0.57,5099627.0,26889546.1,2.28,0.005687,0.014275,0.89,,,22.0762,989.0951,627.5228,0.0,,896671464.0,896667999.0,357241419.0,4761325474.0,4761307075.0,环境保护,环保,环境治理,综合环境治理,5.61,5.07,
2013-02-06,12.08,12.72,11.95,12.72,12.11,0.6100000000000012,5.04,4184076.0,22806363.1,2.28,0.004666,0.011712,0.77,,,23.1987,1039.3881,659.4308,0.0,,896671464.0,896667999.0,357241419.0,5003426769.0,5003407434.0,环境保护,环保,环境治理,综合环境治理,5.58,5.04,
2013-02-07,12.95,13.36,12.61,13.36,12.72,0.6399999999999988,5.03,7770389.999999999,44606015.2,2.28,0.008666,0.021751,1.52,,,24.3628,1091.5437,692.5205,0.0,,896671464.0,896667999.0,357241419.0,5254494779.000001,5254474473.999999,环境保护,环保,环境治理,综合环境治理,5.86,5.3,
2013-02-08,13.41,14.02,13.41,13.57,13.36,0.2100000000000008,1.57,10636556.0,64397444.7,2.28,0.011862,0.029774,1.88,,,24.737,1108.3081,703.1565,0.0,,896671464.0,896667999.0,357241419.0,5335195211.0,5335174594.000001,环境保护,环保,环境治理,综合环境治理,6.15,5.57,
2013-02-18,13.68,14.25,13.68,14.25,13.57,0.6799999999999997,5.01,7839096.000000001,48678501.5,2.28,0.008742,0.021943,1.12,,,25.9843,1164.1891,738.6098,0.0,,896671464.0,896667999.0,357241419.0,5604196650.0,5604174994.0,环境保护,环保,环境治理,综合环境治理,6.25,5.65,
2013-02-19,14.32,14.48,13.54,13.93,14.25,-0.3200000000000003,-2.25,8518139.0,52193795.9,2.28,0.0095,0.0238439999999999,1.2,,,25.4022,1138.1113,722.0649,0.0,,896671464.0,896667999.0,357241419.0,5478662645.000001,5478641474.0,环境保护,环保,环境治理,综合环境治理,6.56,5.94,
2013-02-20,14.04,14.34,13.93,14.09,13.93,0.1600000000000001,1.15,4390515.0,27240287.9,2.28,0.004896,0.01229,0.56,,,25.6932,1151.1502,730.3373,0.0,,896671464.0,896667999.0,357241419.0,5541429648.0,5541408234.0,环境保护,环保,环境治理,综合环境治理,6.42,5.8,
2013-02-21,14.11,14.2,13.7,14.0,14.09,-0.0899999999999998,-0.64,4885365.0,29905308.4,2.28,0.005448,0.013675,0.62,,,25.5269,1143.6994,725.6102,0.0,,896671464.0,896667999.0,357241419.0,5505562789.0,5505541514.0,环境保护,环保,环境治理,综合环境治理,6.49,5.87,
2013-02-22,14.0,14.09,13.75,14.0,14.0,0.0,0.0,2581765.0,15796344.4,2.28,0.002879,0.007227,0.36,,,25.5269,1143.6994,725.6102,0.0,,896671464.0,896667999.0,357241419.0,5505562789.0,5505541514.0,环境保护,环保,环境治理,综合环境治理,6.45,5.83,
2013-02-25,14.0,14.09,13.68,13.68,14.0,-0.3200000000000003,-2.29,4107078.0,24919044.2,2.28,0.00458,0.011497,0.73,,,24.9449,1117.6216,709.0654,0.0,,896671464.0,896667999.0,357241419.0,5380028784.0,5380007994.0,环境保护,环保,环境治理,综合环境治理,6.45,5.83,
2013-02-26,13.7,14.25,13.52,13.77,13.68,0.0899999999999998,0.66,4764316.0,29328733.3,2.28,0.005313,0.0133359999999999,0.97,,,25.1112,1125.0724,713.7925,0.0,,896671464.0,896667999.0,357241419.0,5415895643.0,5415874714.0,环境保护,环保,环境治理,综合环境治理,6.3,5.7,
2013-02-27,14.14,14.14,13.68,13.98,13.77,0.2100000000000008,1.53,3233611.0,19695321.5,2.28,0.003606,0.009052,0.78,,,25.4854,1141.8367,724.4284,0.0,,896671464.0,896667999.0,357241419.0,5496596074.0,5496574834.0,环境保护,环保,环境治理,综合环境治理,6.34,5.74,
2013-02-28,13.91,14.34,13.82,14.23,13.98,0.25,1.79,3982860.0,24717278.6,2.28,0.004442,0.011149,1.02,,,25.9427,1162.3264,737.428,0.0,,896671464.0,896667999.0,357241419.0,5595229935.0,5595208314.0,环境保护,环保,环境治理,综合环境治理,6.44,5.82,
2013-03-01,14.36,14.36,13.86,14.14,14.23,-0.0899999999999998,-0.63,4293548.0,26425632.3,2.28,0.004788,0.012019,1.15,,,25.7764,1154.8756,732.7009,0.0,,896671464.0,896667999.0,357241419.0,5559363077.0,5559341594.0,环境保护,环保,环境治理,综合环境治理,6.55,5.93,
2013-03-04,14.11,14.14,13.68,13.89,14.14,-0.25,-1.77,4803637.0,29172314.9,2.28,0.005357,0.013446,1.18,,,25.3191,1134.3859,719.7013,0.0,,896671464.0,896667999.0,357241419.0,5460729216.0,5460708114.0,环境保护,环保,环境治理,综合环境治理,6.51,5.89,
2013-03-05,13.29,14.3,13.29,14.09,13.89,0.1999999999999993,1.44,3689329.0,22689464.3,2.28,0.004114,0.010327,0.88,,,25.6932,1151.1502,730.3373,0.0,,896671464.0,896667999.0,357241419.0,5541429648.0,5541408234.0,环境保护,环保,环境治理,综合环境治理,6.39,5.79,
2013-03-06,13.95,14.8,13.95,14.77,14.09,0.6799999999999997,4.83,8135957.000000001,52313065.7,2.28,0.009074,0.022774,2.03,,,26.9405,1207.0313,765.7906,0.0,,896671464.0,896667999.0,357241419.0,5810431087.0,5810408634.0,环境保护,环保,环境治理,综合环境治理,6.49,5.87,
2013-03-07,14.68,15.37,14.59,14.84,14.77,0.0700000000000002,0.47,6469720.0,42576041.4,2.28,0.007215,0.01811,1.3,,,27.0652,1212.6194,769.3359,0.0,,896671464.0,896667999.0,357241419.0,5837331231.0,5837308673.0,环境保护,环保,环境治理,综合环境治理,6.8,6.16,
2013-03-08,14.84,15.37,14.64,15.0,14.84,0.1600000000000001,1.08,3557971.0,23596746.4,2.28,0.003968,0.00996,0.65,,,27.3562,1225.6583,777.6084,0.0,,896671464.0,896667999.0,357241419.0,5900098233.0,5900075433.0,环境保护,环保,环境治理,综合环境治理,6.84,6.18,
2013-03-11,14.98,15.5,14.77,15.41,15.0,0.4100000000000001,2.73,4752587.0,31710330.8,2.28,0.0053,0.013304,0.89,,,28.1046,1259.187,798.8803,0.0,,896671464.0,896667999.0,357241419.0,6061499097.0,6061475673.0,环境保护,环保,环境治理,综合环境治理,6.91,6.25,
2013-03-12,15.39,15.73,14.73,15.03,15.41,-0.3800000000000008,-2.47,8062630.0,53928838.2,2.28,0.008992,0.022569,1.52,,,27.3978,1227.521,778.7901,0.0,,896671464.0,896667999.0,357241419.0,5909064948.0,5909042113.0,环境保护,环保,环境治理,综合环境治理,7.1,6.42,
2013-03-13,15.0,15.73,14.82,15.73,15.03,0.7000000000000011,4.66,6935035.000000001,46461328.1,2.28,0.0077339999999999,0.019413,1.12,,,28.6866,1285.2648,815.4252,0.0,,896671464.0,896667999.0,357241419.0,6187033101.999999,6187009192.999999,环境保护,环保,环境治理,综合环境治理,6.92,6.26,
2013-03-14,15.71,16.37,15.57,15.87,15.73,0.1399999999999988,0.89,8228919.0,58046893.7,2.28,0.009177,0.023035,1.38,,,28.9361,1296.441,822.5158,0.0,,896671464.0,896667999.0,357241419.0,6240833389.0,6240809273.0,环境保护,环保,环境治理,综合环境治理,7.25,6.56,
2013-03-15,15.98,16.32,15.57,16.01,15.87,0.1400000000000023,0.88,4122511.0,28975622.0,2.28,0.004598,0.01154,0.65,,,29.1855,1307.6172,829.6065,0.0,,896671464.0,896667999.0,357241419.0,6294633676.999999,6294609353.0,环境保护,环保,环境治理,综合环境治理,7.31,6.61,
2013-03-18,16.01,16.14,15.21,15.21,16.01,-0.8000000000000007,-5.0,6792031.0,46166859.900000006,2.28,0.0075749999999999,0.019012,1.06,,,27.7304,1242.4226,788.2443,0.0,,896671464.0,896667999.0,357241419.0,5980798665.0,5980775553.0,环境保护,环保,环境治理,综合环境治理,7.37,6.67,
2013-03-19,15.03,15.46,15.0,15.14,15.21,-0.0700000000000002,-0.46,3635917.0,24313872.4,2.28,0.004055,0.010178,0.53,,,27.6057,1236.8345,784.699,0.0,,896671464.0,896667999.0,357241419.0,5953898521.0,5953875513.000001,环境保护,环保,环境治理,综合环境治理,7.0,6.34,
2013-03-20,15.14,15.41,15.0,15.18,15.14,0.0399999999999991,0.26,4238104.0,28278418.6,2.28,0.004727,0.0118629999999999,0.71,,,27.6888,1240.5599,787.0626,0.0,,896671464.0,896667999.0,357241419.0,5971831949.999999,5971808872.999999,环境保护,环保,环境治理,综合环境治理,6.97,6.31,
2013-03-21,15.21,15.71,15.09,15.55,15.18,0.370000000000001,2.44,5155416.0,34772966.9,2.28,0.00575,0.014431,0.95,,,28.354,1270.3632,805.971,0.0,,896671464.0,896667999.0,357241419.0,6115299384.0,6115275753.0,环境保护,环保,环境治理,综合环境治理,6.99,6.33,
2013-03-22,15.41,15.66,15.28,15.55,15.55,0.0,0.0,2264691.0,15375923.0,2.28,0.002526,0.006339,0.47,,,28.354,1270.3632,805.971,0.0,,896671464.0,896667999.0,357241419.0,6115299384.0,6115275753.0,环境保护,环保,环境治理,综合环境治理,7.16,6.48,
2013-03-25,15.62,15.69,15.25,15.39,15.55,-0.1600000000000001,-1.03,2691596.0,18250193.5,2.28,0.003002,0.007534,0.61,,,28.063,1257.3243,797.6985,0.0,,896671464.0,896667999.0,357241419.0,6052532382.0,6052508993.000001,环境保护,环保,环境治理,综合环境治理,7.16,6.48,
2013-03-26,15.3,16.17,15.3,16.17,15.39,0.7800000000000011,5.07,6426376.0,44897653.5,2.28,0.007167,0.0179889999999999,1.79,2007.9906,2007.9906,27.2842,60.5731,60.5731,0.0,,896671464.0,896667999.0,357241419.0,6357400680.0,6357376113.0,环境保护,环保,环境治理,综合环境治理,7.09,6.41,
2013-03-27,16.6,16.78,16.21,16.26,16.17,0.0899999999999998,0.56,5344412.0,38397844.8,2.28,0.00596,0.01496,1.29,2019.3191,2019.3191,27.4381,60.9148,60.9148,0.0,,896671464.0,896667999.0,357241419.0,6393267537.999999,6393242833.0,环境保护,环保,环境治理,综合环境治理,7.44,6.74,
2013-03-28,16.21,16.21,15.44,15.62,16.26,-0.6400000000000023,-3.94,5587835.0,38689450.1,2.28,0.006232,0.015642,1.28,1940.0191,1940.0191,26.3606,58.5226,58.5226,0.0,,896671464.0,896667999.0,357241419.0,6142199528.0,6142175793.0,环境保护,环保,环境治理,综合环境治理,7.49,6.77,
2013-03-29,15.44,15.91,15.16,15.18,15.62,-0.4399999999999995,-2.82,5148166.0,34981578.300000004,2.28,0.005741,0.014411,1.15,1886.2083,1886.2083,25.6294,56.8994,56.8994,0.0,,896671464.0,896667999.0,357241419.0,5971831949.999999,5971808872.999999,环境保护,环保,环境治理,综合环境治理,7.19,6.51,
2013-04-01,15.23,15.94,15.18,15.94,15.18,0.7599999999999998,5.01,6151991.0,42749169.7,2.28,0.006861,0.017221,1.22,1979.6691,1979.6691,26.8993,59.7187,59.7187,0.0,,896671464.0,896667999.0,357241419.0,6267733533.0,6267709313.000001,环境保护,环保,环境治理,综合环境治理,6.99,6.33,
2013-04-02,15.89,16.3,15.46,15.75,15.94,-0.1899999999999995,-1.19,5124959.0,35744105.2,2.28,0.005716,0.014346,0.89,1957.012,1957.012,26.5915,59.0352,59.0352,0.0,,896671464.0,896667999.0,357241419.0,6195999816.000001,6195975873.0,环境保护,环保,环境治理,综合环境治理,7.34,6.64,
2013-04-03,15.69,15.91,15.5,15.69,15.75,-0.0600000000000005,-0.38,2264961.0,15559963.6,2.28,0.002526,0.00634,0.41,1948.5155,1948.5155,26.476,58.7789,58.7789,0.0,,896671464.0,896667999.0,357241419.0,6169099672.0,6169075833.000001,环境保护,环保,环境治理,综合环境治理,7.26,6.56,
2013-04-08,15.66,15.73,14.91,15.57,15.69,-0.1199999999999992,-0.76,3930746.0,26296192.7,2.28,0.004384,0.011003,0.81,1934.3548,1934.3548,26.2836,58.3518,58.3518,0.0,,896671464.0,896667999.0,357241419.0,6124266099.0,6124242433.0,环境保护,环保,环境治理,综合环境治理,7.22,6.54,
2013-04-09,15.78,15.89,15.23,15.34,15.57,-0.2300000000000004,-1.48,2650117.0,18071508.1,2.28,0.002956,0.007418,0.59,1906.0334,1906.0334,25.8988,57.4974,57.4974,0.0,,896671464.0,896667999.0,357241419.0,6034598953.0,6034575633.0,环境保护,环保,环境治理,综合环境治理,7.17,6.49,
2013-04-10,15.25,15.64,15.25,15.32,15.34,-0.0199999999999995,-0.13,2195406.0,14885156.2,2.28,0.002448,0.006145,0.55,1903.2012,1903.2012,25.8603,57.412,57.412,0.0,,896671464.0,896667999.0,357241419.0,6025632238.0,6025608953.0,环境保护,环保,环境治理,综合环境治理,7.07,6.39,
2013-04-11,15.34,15.62,15.05,15.14,15.32,-0.1799999999999997,-1.17,2255718.0,15107544.9,2.28,0.002516,0.0063139999999999,0.7,1880.5441,1880.5441,25.5525,56.7285,56.7285,0.0,,896671464.0,896667999.0,357241419.0,5953898521.0,5953875513.000001,环境保护,环保,环境治理,综合环境治理,7.06,6.38,
2013-04-12,15.14,15.32,14.39,14.59,15.14,-0.5500000000000007,-3.63,5175101.0,33413770.8,2.28,0.0057709999999999,0.014486,1.95,1812.5726,1812.5726,24.6289,54.6781,54.6781,0.0,,896671464.0,896667999.0,357241419.0,5738697370.0,5738675194.0,环境保护,环保,环境治理,综合环境治理,6.97,6.31,
2013-04-15,14.43,14.43,13.93,14.0,14.59,-0.5899999999999999,-4.04,4794865.0,29540906.0,2.28,0.0053469999999999,0.013422,1.48,1738.9368,1738.9368,23.6283,52.4568,52.4568,0.0,,896671464.0,896667999.0,357241419.0,5505562789.0,5505541514.0,环境保护,环保,环境治理,综合环境治理,6.72,6.08,
2013-04-16,13.82,14.3,13.61,14.2,14.0,0.1999999999999993,1.43,2545451.0,15679620.8,2.28,0.002839,0.007125,0.75,1764.4261,1764.4261,23.9747,53.2257,53.2257,0.0,,896671464.0,896667999.0,357241419.0,5586263221.0,5586241634.0,环境保护,环保,环境治理,综合环境治理,6.45,5.83,
2013-04-17,14.36,14.68,14.25,14.57,14.2,0.370000000000001,2.61,1694189.0,10784189.9,2.28,0.001889,0.004742,0.5,1809.7404,1809.7404,24.5904,54.5926,54.5926,0.0,,896671464.0,896667999.0,357241419.0,5729730655.0,5729708514.0,环境保护,环保,环境治理,综合环境治理,6.54,5.92,
2013-04-18,14.48,14.77,14.39,14.57,14.57,0.0,0.0,1838075.0,11760755.3,2.28,0.0020499999999999,0.0051449999999999,0.56,1809.7404,1809.7404,24.5904,54.5926,54.5926,0.0,,896671464.0,896667999.0,357241419.0,5729730655.0,5729708514.0,环境保护,环保,环境治理,综合环境治理,6.71,6.07,
2013-04-19,14.57,14.89,14.46,14.73,14.57,0.1600000000000001,1.1,2093369.0,13448422.3,2.28,0.002335,0.00586,0.65,1829.5654,1829.5654,24.8598,55.1907,55.1907,0.0,,896671464.0,896667999.0,357241419.0,5792497657.0,5792475274.0,环境保护,环保,环境治理,综合环境治理,6.71,6.07,
2013-04-22,14.71,14.8,14.5,14.73,14.73,0.0,0.0,2062715.0,13244324.1,2.28,0.0023,0.005774,0.8,1829.5654,,25.8397,55.1907,20.7889,0.0,,896671464.0,896667999.0,357241419.0,5792497657.0,5792475274.0,环境保护,环保,环境治理,综合环境治理,6.78,6.14,
2013-04-23,14.55,14.93,14.25,14.36,14.73,-0.370000000000001,-2.51,2041866.0,13016736.1,2.28,0.002277,0.005716,1.0,1784.2511,,25.1997,53.8237,20.274,0.0,,896671464.0,896667999.0,357241419.0,5649030223.0,5649008394.000001,环境保护,环保,环境治理,综合环境治理,6.78,6.14,
2013-04-24,14.48,15.09,14.18,14.98,14.36,0.620000000000001,4.32,3262312.0,21102965.5,2.28,0.003638,0.009132,1.68,1860.719,,26.2797,56.1305,21.1429,0.0,,896671464.0,896667999.0,357241419.0,5891131518.0,5891108753.0,环境保护,环保,环境治理,综合环境治理,6.62,5.99,
2013-04-25,15.0,15.09,14.57,14.59,14.98,-0.3900000000000005,-2.6,2479898.0,16069625.7,2.28,0.002766,0.006942,1.1,1812.5726,,25.5997,54.6781,20.5958,0.0,,896671464.0,896667999.0,357241419.0,5738697370.0,5738675194.0,环境保护,环保,环境治理,综合环境治理,6.9,6.24,
2013-04-26,14.59,14.96,14.5,14.52,14.59,-0.0700000000000002,-0.48,1841113.0,11849064.9,2.28,0.002053,0.005154,0.77,1804.0761,,25.4797,54.4218,20.4992,0.0,,896671464.0,896667999.0,357241419.0,5711797226.0,5711775154.0,环境保护,环保,环境治理,综合环境治理,6.72,6.08,
2013-05-02,14.5,14.59,14.02,14.23,14.52,-0.2899999999999991,-2.0,2137364.0,13352361.9,2.28,0.002384,0.005983,0.91,1767.2583,,24.9597,53.3111,20.0809,0.0,,896671464.0,896667999.0,357241419.0,5595229935.0,5595208314.0,环境保护,环保,环境治理,综合环境治理,6.69,6.05,
2013-05-03,14.2,14.64,14.09,14.2,14.23,-0.0300000000000011,-0.21,2774960.0,17533932.1,2.28,0.003095,0.007768,1.18,1764.4261,,24.9197,53.2257,20.0487,0.0,,896671464.0,896667999.0,357241419.0,5586263221.0,5586241634.0,环境保护,环保,环境治理,综合环境治理,6.55,5.93,
2013-05-06,14.2,14.5,14.0,14.04,14.2,-0.1600000000000001,-1.13,3546962.9999999995,22056708.2,2.28,0.003956,0.009929,1.42,1744.6011,,24.6397,52.6276,19.8234,0.0,,896671464.0,896667999.0,357241419.0,5523496218.0,5523474874.0,环境保护,环保,环境治理,综合环境治理,6.54,5.92,
2013-05-07,13.93,14.04,13.61,13.73,14.04,-0.3099999999999987,-2.21,3490748.0000000005,21010966.7,2.28,0.0038929999999999,0.009771,1.37,1704.9511,,24.0797,51.4316,19.3729,0.0,,896671464.0,896667999.0,357241419.0,5397962213.0,5397941354.0,环境保护,环保,环境治理,综合环境治理,6.47,5.85,
2013-05-08,13.73,13.91,13.7,13.79,13.73,0.0599999999999987,0.44,2230878.0,13496392.4,2.28,0.0024879999999999,0.006245,0.81,1713.4475,,24.1997,51.6879,19.4694,0.0,,896671464.0,896667999.0,357241419.0,5424862357.0,5424841394.0,环境保护,环保,环境治理,综合环境治理,6.32,5.72,
2013-05-09,13.68,13.77,13.29,13.52,13.79,-0.2699999999999996,-1.96,5915739.0,34922141.900000006,2.28,0.0065969999999999,0.016559,2.09,1679.4618,,23.7197,50.6627,19.0833,0.0,,896671464.0,896667999.0,357241419.0,5317261782.0,5317241234.0,环境保护,环保,环境治理,综合环境治理,6.35,5.75,
2013-05-10,13.57,14.2,13.45,14.2,13.52,0.6799999999999997,5.03,5914716.0,35922200.7,2.28,0.0065959999999999,0.016557,1.65,1764.4261,,24.9197,53.2257,20.0487,0.0,,896671464.0,896667999.0,357241419.0,5586263221.0,5586241634.0,环境保护,环保,环境治理,综合环境治理,6.23,5.63,
2013-05-13,14.23,14.91,14.11,14.8,14.2,0.6000000000000014,4.23,4591470.0,29510210.4,2.28,0.005121,0.012853,1.09,1838.0619,,25.9597,55.447,20.8854,0.0,,896671464.0,896667999.0,357241419.0,5819397801.0,5819375314.0,环境保护,环保,环境治理,综合环境治理,6.54,5.92,
2013-05-14,15.03,15.39,14.73,14.75,14.8,-0.0500000000000007,-0.34,5716008.0,37833502.9,2.28,0.006375,0.016,1.29,1832.3976,,25.8797,55.2761,20.821,0.0,,896671464.0,896667999.0,357241419.0,5801464372.0,5801441954.0,环境保护,环保,环境治理,综合环境治理,6.81,6.17,
2013-05-15,14.87,15.03,14.66,14.84,14.75,0.0899999999999998,0.61,2188975.0,14238357.2,2.28,0.002441,0.006127,0.45,1843.7262,,26.0397,55.6179,20.9498,0.0,,896671464.0,896667999.0,357241419.0,5837331231.0,5837308673.0,环境保护,环保,环境治理,综合环境治理,6.79,6.15,
2013-05-16,15.09,15.09,14.32,14.59,14.84,-0.25,-1.68,3767822.0,24184638.6,2.28,0.004202,0.0105469999999999,0.77,1812.5726,,25.5997,54.6781,20.5958,0.0,,896671464.0,896667999.0,357241419.0,5738697370.0,5738675194.0,环境保护,环保,环境治理,综合环境治理,6.84,6.18,
2013-05-17,14.59,14.77,14.43,14.61,14.59,0.0199999999999995,0.14,3319758.9999999995,21241437.6,2.28,0.0037019999999999,0.009293,0.75,1815.4047,,25.6397,54.7635,20.628,0.0,,896671464.0,896667999.0,357241419.0,5747664084.0,5747641874.000001,环境保护,环保,环境治理,综合环境治理,6.72,6.08,
2013-05-21,15.39,16.07,15.23,16.07,14.61,1.4600000000000009,9.99,20537548.0,144063807.9,2.28,0.022904,0.057489,5.24,1996.662,,28.1996,60.2313,22.6875,0.0,,896671464.0,896667999.0,357241419.0,6321533821.0,6321509393.0,环境保护,环保,环境治理,综合环境治理,7.05,5.77,
2013-05-22,15.73,16.07,15.05,15.28,16.07,-0.7900000000000009,-4.92,17940008.0,122795523.9,2.28,0.020007,0.050218,2.52,1897.5369,,26.7996,57.2411,21.5612,0.0,,896671464.0,896667999.0,357241419.0,6007698809.0,6007675593.0,环境保护,环保,环境治理,综合环境治理,7.76,6.35,
2013-05-23,15.25,15.85,15.05,15.5,15.28,0.2200000000000006,1.44,8988767.0,61646103.8,2.28,0.010025,0.025162,0.94,1925.8584,,27.1996,58.0955,21.883,0.0,,896671464.0,896667999.0,357241419.0,6097365955.000001,6097342393.0,环境保护,环保,环境治理,综合环境治理,7.37,6.03,
2013-05-24,15.53,15.69,15.28,15.64,15.5,0.1400000000000005,0.9,4811479.0,32791643.8,2.28,0.0053659999999999,0.013468,0.44,1942.8512,,27.4396,58.6081,22.0761,0.0,,896671464.0,896667999.0,357241419.0,6151166243.0,6151142473.0,环境保护,环保,环境治理,综合环境治理,7.48,6.12,
2013-05-27,15.8,15.85,15.39,15.53,15.64,-0.1100000000000012,-0.7,4637175.0,31816399.6,2.28,0.0051719999999999,0.012981,0.42,1928.6905,,27.2396,58.1809,21.9152,0.0,,896671464.0,896667999.0,357241419.0,6106332670.0,6106309073.0,环境保护,环保,环境治理,综合环境治理,7.55,6.17,
2013-05-28,15.57,15.8,15.28,15.48,15.53,-0.0499999999999989,-0.32,3909961.0,26481057.0,2.28,0.004361,0.010945,0.34,1923.0262,,27.1596,58.01,21.8508,0.0,,896671464.0,896667999.0,357241419.0,6088399240.999999,6088375713.0,环境保护,环保,环境治理,综合环境治理,7.49,6.13,
2013-05-29,15.5,15.78,15.5,15.64,15.48,0.1600000000000001,1.03,3281243.0,22442996.0,2.28,0.003659,0.009185,0.41,1942.8512,,27.4396,58.6081,22.0761,0.0,,896671464.0,896667999.0,357241419.0,6151166243.0,6151142473.0,环境保护,环保,环境治理,综合环境治理,7.47,6.11,
2013-05-30,15.69,15.78,15.32,15.44,15.64,-0.200000000000001,-1.28,4468314.0,30249833.1,2.28,0.004983,0.0125079999999999,0.87,1917.3619,,27.0796,57.8391,21.7865,0.0,,896671464.0,896667999.0,357241419.0,6070465810.999999,6070442352.999999,环境保护,环保,环境治理,综合环境治理,7.55,6.17,
2013-05-31,15.37,15.5,15.07,15.07,15.44,-0.3699999999999992,-2.4,5156839.0,34450671.5,2.28,0.0057509999999999,0.014435,1.22,1872.0476,,26.4397,56.4722,21.2716,0.0,,896671464.0,896667999.0,357241419.0,5926998377.0,5926975473.0,环境保护,环保,环境治理,综合环境治理,7.45,6.09,
2013-06-03,15.07,15.23,14.91,14.91,15.07,-0.1600000000000001,-1.06,2781613.0,18335067.5,2.28,0.0031019999999999,0.0077859999999999,0.65,1852.2226,,26.1597,55.8742,21.0463,0.0,,896671464.0,896667999.0,357241419.0,5864231375.0,5864208713.0,环境保护,环保,环境治理,综合环境治理,7.27,5.95,
2013-06-04,14.91,15.09,14.82,15.0,14.91,0.0899999999999998,0.6,2925234.0,19158412.7,2.28,0.0032619999999999,0.0081879999999999,0.75,1863.5512,,26.3197,56.2159,21.175,0.0,,896671464.0,896667999.0,357241419.0,5900098233.0,5900075433.0,环境保护,环保,环境治理,综合环境治理,7.19,5.89,
2013-06-05,14.98,15.41,14.98,15.39,15.0,0.3900000000000005,2.6,3383144.9999999995,22706439.5,2.28,0.003773,0.00947,0.91,1911.6976,,26.9996,57.6683,21.7221,0.0,,896671464.0,896667999.0,357241419.0,6052532382.0,6052508993.000001,环境保护,环保,环境治理,综合环境治理,7.24,5.92,
2013-06-06,15.28,15.28,14.66,14.73,15.39,-0.6600000000000001,-4.29,3010600.0,19760625.2,2.28,0.003358,0.008427,0.8,1829.5654,,25.8397,55.1907,20.7889,0.0,,896671464.0,896667999.0,357241419.0,5792497657.0,5792475274.0,环境保护,环保,环境治理,综合环境治理,7.43,6.08,
2013-06-07,14.68,14.89,14.16,14.32,14.73,-0.4100000000000001,-2.78,3212189.0,20391890.9,2.28,0.003582,0.008992,0.93,1778.5868,,25.1197,53.6529,20.2096,0.0,,896671464.0,896667999.0,357241419.0,5631096794.0,5631075034.0,环境保护,环保,环境治理,综合环境治理,7.11,5.81,
2013-06-13,14.32,14.48,13.34,14.2,14.32,-0.120000000000001,-0.84,2600025.0,15882355.1,2.28,0.0029,0.007278,0.85,1764.4261,,24.9197,53.2257,20.0487,0.0,,896671464.0,896667999.0,357241419.0,5586263221.0,5586241634.0,环境保护,环保,环境治理,综合环境治理,6.91,5.65,
2013-06-14,13.98,14.39,13.98,14.16,14.2,-0.0399999999999991,-0.28,1405294.0,8734337.299999999,2.28,0.001567,0.003934,0.46,1758.7618,,24.8397,53.0548,19.9843,0.0,,896671464.0,896667999.0,357241419.0,5568329791.0,5568308273.999999,环境保护,环保,环境治理,综合环境治理,6.85,5.61,
2013-06-17,14.07,14.25,13.89,13.89,14.16,-0.2699999999999996,-1.91,2276897.0,14066884.1,2.28,0.002539,0.0063739999999999,0.84,1724.7761,,24.3597,52.0296,19.5982,0.0,,896671464.0,896667999.0,357241419.0,5460729216.0,5460708114.0,环境保护,环保,环境治理,综合环境治理,6.83,5.59,
2013-06-18,13.89,14.25,13.89,14.14,13.89,0.25,1.8,1478713.0,9179427.8,2.28,0.0016489999999999,0.004139,0.59,1755.9297,,24.7997,52.9694,19.9522,0.0,,896671464.0,896667999.0,357241419.0,5559363077.0,5559341594.0,环境保护,环保,环境治理,综合环境治理,6.7,5.48,
2013-06-19,14.0,14.36,13.89,14.23,14.14,0.0899999999999998,0.64,1466725.0,9052719.7,2.28,0.0016359999999999,0.004106,0.67,1767.2583,,24.9597,53.3111,20.0809,0.0,,896671464.0,896667999.0,357241419.0,5595229935.0,5595208314.0,环境保护,环保,环境治理,综合环境治理,6.82,5.58,
2013-06-20,14.3,14.3,13.68,13.75,14.23,-0.4800000000000004,-3.37,2334411.0,14292244.1,2.28,0.002603,0.006535,1.26,1707.7832,,24.1197,51.517,19.4051,0.0,,896671464.0,896667999.0,357241419.0,5406928928.0,5406908034.0,环境保护,环保,环境治理,综合环境治理,6.86,5.62,
2013-06-21,13.63,14.14,13.41,13.98,13.75,0.2300000000000004,1.67,1649852.0,10020038.5,2.28,0.00184,0.004618,0.92,1736.1047,,24.5197,52.3713,19.7269,0.0,,896671464.0,896667999.0,357241419.0,5496596074.0,5496574834.0,环境保护,环保,环境治理,综合环境治理,6.63,5.43,
2013-06-24,13.98,14.07,12.68,12.88,13.98,-1.0999999999999996,-7.87,3616876.0,21188085.6,2.28,0.0040339999999999,0.010124,1.96,1600.1617,,22.5997,48.2705,18.1822,0.0,,896671464.0,896667999.0,357241419.0,5066193772.0,5066174194.0,环境保护,环保,环境治理,综合环境治理,6.74,5.52,
2013-06-25,12.86,13.18,11.86,12.79,12.88,-0.0900000000000016,-0.7,5239374.0,28669746.6,2.28,0.005843,0.0146659999999999,2.48,1588.8332,,22.4397,47.9287,18.0535,0.0,,896671464.0,896667999.0,357241419.0,5030326913.0,5030307474.0,环境保护,环保,环境治理,综合环境治理,6.22,5.09,
2013-06-26,13.02,13.2,12.72,13.09,12.79,0.3000000000000007,2.35,2737991.0,15570059.4,2.28,0.003054,0.007664,0.96,1625.651,,22.9597,49.0394,18.4718,0.0,,896671464.0,896667999.0,357241419.0,5146894203.0,5146874314.0,环境保护,环保,环境治理,综合环境治理,6.17,5.05,
2013-06-27,13.13,13.27,12.65,12.65,13.09,-0.4399999999999995,-3.36,2560621.0,14650432.1,2.28,0.002856,0.007168,0.82,1571.8403,,22.1997,47.4161,17.8604,0.0,,896671464.0,896667999.0,357241419.0,4976526625.0,4976507394.0,环境保护,环保,环境治理,综合环境治理,6.31,5.17,
2013-06-28,12.61,12.79,12.04,12.06,12.65,-0.5899999999999999,-4.66,3277007.0,17803570.0,2.28,0.003655,0.009173,1.04,1498.2045,,21.1597,45.1948,17.0237,0.0,,896671464.0,896667999.0,357241419.0,4743392045.0,4743373715.0,环境保护,环保,环境治理,综合环境治理,6.11,5.0,
2013-07-01,12.06,13.27,12.06,13.27,12.06,1.209999999999999,10.03,6148637.0,34390662.300000004,2.28,0.0068569999999999,0.017211,1.76,1648.3082,,23.2797,49.7229,18.7293,0.0,,896671464.0,896667999.0,357241419.0,5218627920.0,5218607754.0,环境保护,环保,环境治理,综合环境治理,5.82,4.76,
2013-07-02,13.57,14.41,13.27,14.25,13.27,0.9800000000000004,7.39,6943903.0,42368872.5,2.28,0.007744,0.019438,1.74,1770.0904,,24.9997,53.3966,20.1131,0.0,,896671464.0,896667999.0,357241419.0,5604196650.0,5604174994.0,环境保护,环保,环境治理,综合环境治理,6.4,5.24,
2013-07-03,14.11,14.23,13.7,14.0,14.25,-0.25,-1.75,3536171.0,21636301.7,2.28,0.003944,0.009899,0.82,1738.9368,,24.5597,52.4568,19.7591,0.0,,896671464.0,896667999.0,357241419.0,5505562789.0,5505541514.0,环境保护,环保,环境治理,综合环境治理,6.88,5.63,
2013-07-04,14.04,14.09,13.63,13.93,14.0,-0.0700000000000002,-0.5,2861208.0,17426818.3,2.28,0.003191,0.0080089999999999,0.64,1730.4404,,24.4397,52.2005,19.6625,0.0,,896671464.0,896667999.0,357241419.0,5478662645.000001,5478641474.0,环境保护,环保,环境治理,综合环境治理,6.75,5.53,
2013-07-05,14.04,14.93,13.79,14.64,13.93,0.7100000000000009,5.1,5095788.0,32203148.3,2.28,0.005683,0.0142639999999999,1.12,1818.2369,,25.6797,54.8489,20.6601,0.0,,896671464.0,896667999.0,357241419.0,5756630799.0,5756608554.0,环境保护,环保,环境治理,综合环境治理,6.72,5.5,
2013-07-08,14.48,14.48,14.02,14.09,14.64,-0.5500000000000007,-3.76,3321148.0000000005,20622166.700000003,2.28,0.003704,0.009297,0.68,1750.2654,,24.7197,52.7985,19.8878,0.0,,896671464.0,896667999.0,357241419.0,5541429648.0,5541408234.0,环境保护,环保,环境治理,综合环境治理,7.06,5.78,
2013-07-09,14.09,14.36,13.91,14.25,14.09,0.1600000000000001,1.14,2292493.0,14229028.7,2.28,0.002557,0.006417,0.53,1770.0904,,24.9997,53.3966,20.1131,0.0,,896671464.0,896667999.0,357241419.0,5604196650.0,5604174994.0,环境保护,环保,环境治理,综合环境治理,6.8,5.56,
2013-07-10,14.14,15.69,14.11,15.25,14.25,1.0,7.02,8303005.0,55637062.3,2.28,0.00926,0.023242,2.43,1894.7048,,26.7596,57.1557,21.529,0.0,,896671464.0,896667999.0,357241419.0,5998732094.000001,5998708913.0,环境保护,环保,环境治理,综合环境治理,6.88,5.63,
2013-07-11,15.3,15.55,15.09,15.25,15.25,0.0,0.0,4700050.0,31569399.8,2.28,0.005242,0.013157,1.07,1894.7048,,26.7596,57.1557,21.529,0.0,,896671464.0,896667999.0,357241419.0,5998732094.000001,5998708913.0,环境保护,环保,环境治理,综合环境治理,7.36,6.02,
2013-07-12,15.14,15.82,15.12,15.32,15.25,0.0700000000000002,0.46,4783624.0,32510043.7,2.28,0.0053349999999999,0.0133899999999999,1.01,1903.2012,,26.8796,57.412,21.6256,0.0,,896671464.0,896667999.0,357241419.0,6025632238.0,6025608953.0,环境保护,环保,环境治理,综合环境治理,7.36,6.02,
2013-07-15,15.41,15.62,15.14,15.41,15.32,0.0899999999999998,0.59,3029073.0,20404145.2,2.28,0.003378,0.008479,0.65,1914.5298,,27.0396,57.7537,21.7543,0.0,,896671464.0,896667999.0,357241419.0,6061499097.0,6061475673.0,环境保护,环保,环境治理,综合环境治理,7.39,6.05,
2013-07-16,15.41,15.89,15.03,15.46,15.41,0.0500000000000007,0.32,5190069.0,35236679.300000004,2.28,0.005788,0.014528,1.12,1920.1941,,27.1196,57.9246,21.8187,0.0,,896671464.0,896667999.0,357241419.0,6079432526.0,6079409033.0,环境保护,环保,环境治理,综合环境治理,7.44,6.08,
2013-07-17,15.46,16.26,15.39,15.46,15.46,0.0,0.0,3979185.0,27409687.5,2.28,0.004438,0.011139,0.77,1920.1941,,27.1196,57.9246,21.8187,0.0,,896671464.0,896667999.0,357241419.0,6079432526.0,6079409033.0,环境保护,环保,环境治理,综合环境治理,7.46,6.1,
2013-07-18,15.28,15.39,15.05,15.21,15.46,-0.25,-1.62,3025441.0,20157702.8,2.28,0.003374,0.0084689999999999,0.7,1889.0405,,26.6796,56.9848,21.4647,0.0,,896671464.0,896667999.0,357241419.0,5980798665.0,5980775553.0,环境保护,环保,环境治理,综合环境治理,7.46,6.1,
2013-07-19,15.09,15.39,14.48,14.73,15.21,-0.4800000000000004,-3.16,3561548.0000000005,23410137.7,2.28,0.003972,0.00997,0.89,1829.5654,,25.8397,55.1907,20.7889,0.0,,896671464.0,896667999.0,357241419.0,5792497657.0,5792475274.0,环境保护,环保,环境治理,综合环境治理,7.34,6.0,
2013-07-22,14.73,14.73,14.09,14.34,14.73,-0.3900000000000005,-2.65,3733095.0,23541402.5,2.28,0.004163,0.01045,0.99,1781.419,,25.1597,53.7383,20.2418,0.0,,896671464.0,896667999.0,357241419.0,5640063509.0,5640041714.0,环境保护,环保,环境治理,综合环境治理,7.11,5.81,
2013-07-23,14.25,14.73,13.91,14.57,14.34,0.2300000000000004,1.6,3236003.0,20395573.7,2.28,0.003609,0.009058,0.83,1809.7404,,25.5597,54.5926,20.5636,0.0,,896671464.0,896667999.0,357241419.0,5729730655.0,5729708514.0,环境保护,环保,环境治理,综合环境治理,6.92,5.66,
2013-07-24,14.59,15.09,14.48,14.75,14.57,0.1799999999999997,1.24,3737751.0,24158448.4,2.28,0.004168,0.010463,1.07,1832.3976,,25.8797,55.2761,20.821,0.0,,896671464.0,896667999.0,357241419.0,5801464372.0,5801441954.0,环境保护,环保,环境治理,综合环境治理,7.03,5.75,
2013-07-25,14.5,14.87,14.25,14.3,14.75,-0.4499999999999993,-3.05,3377692.0,21524053.4,2.28,0.003767,0.009455,0.98,1775.7547,,25.0797,53.5674,20.1774,0.0,,896671464.0,896667999.0,357241419.0,5622130079.0,5622108354.0,环境保护,环保,环境治理,综合环境治理,7.12,5.82,
2013-07-26,14.3,14.57,14.04,14.2,14.3,-0.1000000000000014,-0.7,2305358.0,14379092.2,2.28,0.002571,0.0064529999999999,0.65,1764.4261,,24.9197,53.2257,20.0487,0.0,,896671464.0,896667999.0,357241419.0,5586263221.0,5586241634.0,环境保护,环保,环境治理,综合环境治理,6.9,5.64,
2013-07-29,14.25,14.3,13.98,14.04,14.2,-0.1600000000000001,-1.13,1383144.0,8537941.7,2.28,0.0015429999999999,0.003872,0.42,1744.6011,,24.6397,52.6276,19.8234,0.0,,896671464.0,896667999.0,357241419.0,5523496218.0,5523474874.0,环境保护,环保,环境治理,综合环境治理,6.85,5.61,
2013-07-30,14.04,14.71,13.82,14.2,14.04,0.1600000000000001,1.14,2581960.0,16269503.7,2.28,0.0028799999999999,0.007227,0.92,1764.4261,,24.9197,53.2257,20.0487,0.0,,896671464.0,896667999.0,357241419.0,5586263221.0,5586241634.0,环境保护,环保,环境治理,综合环境治理,6.78,5.54,
2013-07-31,14.2,14.82,14.18,14.32,14.2,0.120000000000001,0.85,2271961.0,14421467.4,2.28,0.002534,0.00636,0.85,1778.5868,,25.1197,53.6529,20.2096,0.0,,896671464.0,896667999.0,357241419.0,5631096794.0,5631075034.0,环境保护,环保,环境治理,综合环境治理,6.85,5.61,
2013-08-01,14.23,14.66,14.23,14.55,14.32,0.2300000000000004,1.61,2917929.0,18540119.2,2.28,0.003254,0.008168,1.22,1806.9083,,25.5197,54.5072,20.5314,0.0,,896671464.0,896667999.0,357241419.0,5720763940.0,5720741834.0,环境保护,环保,环境治理,综合环境治理,6.91,5.65,
2013-08-02,14.55,14.89,14.36,14.73,14.55,0.1799999999999997,1.24,3493944.0,22514459.9,2.28,0.003897,0.00978,1.52,1829.5654,,25.8397,55.1907,20.7889,0.0,,896671464.0,896667999.0,357241419.0,5792497657.0,5792475274.0,环境保护,环保,环境治理,综合环境治理,7.02,5.74,
2013-08-05,14.75,14.77,14.5,14.61,14.73,-0.120000000000001,-0.81,2624043.0,16812517.3,2.28,0.002926,0.007345,1.04,1815.4047,,25.6397,54.7635,20.628,0.0,,896671464.0,896667999.0,357241419.0,5747664084.0,5747641874.000001,环境保护,环保,环境治理,综合环境治理,7.11,5.81,
2013-08-06,14.61,14.68,14.36,14.59,14.61,-0.0199999999999995,-0.14,3031896.0,19296790.9,2.28,0.003381,0.008487,1.09,1812.5726,,25.5997,54.6781,20.5958,0.0,,896671464.0,896667999.0,357241419.0,5738697370.0,5738675194.0,环境保护,环保,环境治理,综合环境治理,7.05,5.77,
2013-08-07,14.57,14.68,14.36,14.43,14.59,-0.1600000000000001,-1.1,1864880.0,11898096.5,2.28,0.00208,0.00522,0.65,1792.7476,,25.3197,54.08,20.3705,0.0,,896671464.0,896667999.0,357241419.0,5675930367.000001,5675908434.0,环境保护,环保,环境治理,综合环境治理,7.04,5.76,
2013-08-08,14.43,14.5,14.09,14.14,14.43,-0.2899999999999991,-2.01,3495867.0,21912700.2,2.28,0.003899,0.009786,1.25,1755.9297,,24.7997,52.9694,19.9522,0.0,,896671464.0,896667999.0,357241419.0,5559363077.0,5559341594.0,环境保护,环保,环境治理,综合环境治理,6.96,5.7,
2013-08-09,14.2,14.73,14.14,14.43,14.14,0.2899999999999991,2.05,3053133.0,19381380.3,2.28,0.003405,0.008546,1.05,1792.7476,,25.3197,54.08,20.3705,0.0,,896671464.0,896667999.0,357241419.0,5675930367.000001,5675908434.0,环境保护,环保,环境治理,综合环境治理,6.82,5.58,
2013-08-12,14.46,14.57,14.23,14.46,14.43,0.0300000000000011,0.21,2793083.0,17593827.8,2.28,0.003115,0.007818,0.99,1795.5797,,25.3597,54.1655,20.4027,0.0,,896671464.0,896667999.0,357241419.0,5684897082.0,5684875114.0,环境保护,环保,环境治理,综合环境治理,6.96,5.7,
2013-08-13,14.48,14.64,14.3,14.55,14.46,0.0899999999999998,0.62,2212155.0,14005800.2,2.28,0.002467,0.006192,0.78,1806.9083,,25.5197,54.5072,20.5314,0.0,,896671464.0,896667999.0,357241419.0,5720763940.0,5720741834.0,环境保护,环保,环境治理,综合环境治理,6.97,5.71,
2013-08-14,14.55,15.48,14.5,15.09,14.55,0.5399999999999991,3.71,8429251.0,55408952.1,2.28,0.009401,0.023595,3.14,1874.8798,,27.5728,56.5576,11.2622,0.0,,896671464.0,896667999.0,357241419.0,5935965092.0,5935942153.0,环境保护,环保,环境治理,综合环境治理,7.02,5.74,
2013-08-15,15.0,15.39,15.0,15.32,15.09,0.2300000000000004,1.52,4964017.0,33032803.6,2.28,0.005536,0.013895,1.24,1903.2012,,27.9893,57.412,11.4324,0.0,,896671464.0,896667999.0,357241419.0,6025632238.0,6025608953.0,环境保护,环保,环境治理,综合环境治理,7.28,5.96,
2013-08-16,15.3,15.82,14.59,14.71,15.32,-0.6099999999999994,-3.98,6453066.0,43320953.8,2.28,0.007197,0.018064,1.5,1826.7333,,26.8648,55.1052,10.973,0.0,,896671464.0,896667999.0,357241419.0,5783530943.0,5783508594.0,环境保护,环保,环境治理,综合环境治理,7.39,6.05,
2013-08-19,14.52,15.12,14.52,15.03,14.71,0.3199999999999985,2.18,2380604.0,15572025.8,2.28,0.002655,0.006664,0.48,1866.3833,,27.4479,56.3013,11.2112,0.0,,896671464.0,896667999.0,357241419.0,5909064948.0,5909042113.0,环境保护,环保,环境治理,综合环境治理,7.1,5.81,
2013-08-20,14.96,15.34,14.82,14.91,15.03,-0.1199999999999992,-0.8,2368253.0,15598297.6,2.28,0.002641,0.006629,0.48,1852.2226,,27.2396,55.8742,11.1261,0.0,,896671464.0,896667999.0,357241419.0,5864231375.0,5864208713.0,环境保护,环保,环境治理,综合环境治理,7.25,5.93,
2013-08-21,14.82,15.03,14.75,14.91,14.91,0.0,0.0,1481103.0,9684921.8,2.28,0.001652,0.004146,0.3,1852.2226,,27.2396,55.8742,11.1261,0.0,,896671464.0,896667999.0,357241419.0,5864231375.0,5864208713.0,环境保护,环保,环境治理,综合环境治理,7.19,5.89,
2013-08-22,14.96,15.03,14.77,14.82,14.91,-0.0899999999999998,-0.6,1998964.0,13055688.4,2.28,0.002229,0.005596,0.57,1840.894,,27.073,55.5324,11.0581,0.0,,896671464.0,896667999.0,357241419.0,5828364516.0,5828341994.0,环境保护,环保,环境治理,综合环境治理,7.19,5.89,
2013-08-23,14.84,15.03,14.16,14.43,14.82,-0.3900000000000005,-2.63,3375244.0,21494595.4,2.28,0.003764,0.009448,1.15,1792.7476,,26.365,54.08,10.7689,0.0,,896671464.0,896667999.0,357241419.0,5675930367.000001,5675908434.0,环境保护,环保,环境治理,综合环境治理,7.15,5.85,
2013-08-26,14.46,14.59,14.25,14.52,14.43,0.0899999999999998,0.62,2718034.0,17201971.2,2.28,0.003031,0.007608,1.17,1804.0761,,26.5316,54.4218,10.8369,0.0,,896671464.0,896667999.0,357241419.0,5711797226.0,5711775154.0,环境保护,环保,环境治理,综合环境治理,6.96,5.7,
2013-08-27,14.48,14.59,14.34,14.48,14.52,-0.0399999999999991,-0.28,2202241.0,13957390.9,2.28,0.002456,0.006165,0.92,1798.4119,,26.4483,54.2509,10.8029,0.0,,896671464.0,896667999.0,357241419.0,5693863796.0,5693841794.0,环境保护,环保,环境治理,综合环境治理,7.01,5.73,
2013-08-28,14.39,14.43,14.09,14.3,14.48,-0.1799999999999997,-1.24,4019822.0,25164434.5,2.28,0.004483,0.011252,1.71,1775.7547,,26.115,53.5674,10.6668,0.0,,896671464.0,896667999.0,357241419.0,5622130079.0,5622108354.0,环境保护,环保,环境治理,综合环境治理,6.99,5.72,
2013-08-29,14.36,14.68,14.27,14.36,14.3,0.0599999999999987,0.42,2425065.0,15401385.7,2.28,0.002705,0.006788,0.85,1784.2511,,26.24,53.8237,10.7178,0.0,,896671464.0,896667999.0,357241419.0,5649030223.0,5649008394.000001,环境保护,环保,环境治理,综合环境治理,6.9,5.64,
2013-08-30,14.36,15.05,14.25,14.66,14.36,0.3000000000000007,2.09,4959083.0,31845391.5,2.28,0.005531,0.013882,1.68,1821.069,,26.7815,54.9344,10.939,0.0,,896671464.0,896667999.0,357241419.0,5765597513.999999,5765575233.999999,环境保护,环保,环境治理,综合环境治理,6.93,5.67,
2013-09-02,14.8,14.82,14.36,14.68,14.66,0.0199999999999995,0.14,2333620.0,14908794.3,2.28,0.002603,0.006532,0.71,1823.9012,,26.8231,55.0198,10.956,0.0,,896671464.0,896667999.0,357241419.0,5774564227.999999,5774541914.0,环境保护,环保,环境治理,综合环境治理,7.07,5.79,
2013-09-03,14.57,14.77,14.52,14.66,14.68,-0.0199999999999995,-0.14,2773983.0,17825453.900000002,2.28,0.003094,0.0077649999999999,0.87,1821.069,,26.7815,54.9344,10.939,0.0,,896671464.0,896667999.0,357241419.0,5765597513.999999,5765575233.999999,环境保护,环保,环境治理,综合环境治理,7.08,5.8,
2013-09-04,14.68,14.8,14.52,14.57,14.66,-0.0899999999999998,-0.61,2278672.0,14580993.1,2.28,0.002541,0.006379,0.69,1809.7404,,26.6149,54.5926,10.871,0.0,,896671464.0,896667999.0,357241419.0,5729730655.0,5729708514.0,环境保护,环保,环境治理,综合环境治理,7.07,5.79,
2013-09-05,14.64,14.71,14.39,14.43,14.57,-0.1400000000000005,-0.96,2532483.0,16148008.2,2.28,0.0028239999999999,0.007089,0.86,1792.7476,,26.365,54.08,10.7689,0.0,,896671464.0,896667999.0,357241419.0,5675930367.000001,5675908434.0,环境保护,环保,环境治理,综合环境治理,7.03,5.75,
2013-09-06,14.34,14.59,14.2,14.59,14.43,0.1600000000000001,1.11,5081218.0,32021045.1,2.28,0.005667,0.014223,1.71,1812.5726,,26.6565,54.6781,10.888,0.0,,896671464.0,896667999.0,357241419.0,5738697370.0,5738675194.0,环境保护,环保,环境治理,综合环境治理,6.96,5.7,
2013-09-09,14.59,14.98,14.43,14.68,14.59,0.0899999999999998,0.62,5315712.0,34425129.4,2.28,0.005928,0.0148799999999999,1.77,1823.9012,,26.8231,55.0198,10.956,0.0,,896671464.0,896667999.0,357241419.0,5774564227.999999,5774541914.0,环境保护,环保,环境治理,综合环境治理,7.04,5.76,
2013-09-10,14.61,15.18,14.61,14.91,14.68,0.2300000000000004,1.57,3844428.0,25172778.8,2.28,0.004287,0.010761,1.07,1852.2226,,27.2396,55.8742,11.1261,0.0,,896671464.0,896667999.0,357241419.0,5864231375.0,5864208713.0,环境保护,环保,环境治理,综合环境治理,7.08,5.8,
2013-09-11,14.89,14.98,14.39,14.48,14.91,-0.4299999999999997,-2.88,5186364.0,33151236.700000003,2.28,0.005784,0.014518,1.36,1798.4119,,26.4483,54.2509,10.8029,0.0,,896671464.0,896667999.0,357241419.0,5693863796.0,5693841794.0,环境保护,环保,环境治理,综合环境治理,7.19,5.89,
2013-09-12,14.46,14.71,14.36,14.61,14.48,0.129999999999999,0.9,2193213.0,14025349.6,2.28,0.002446,0.006139,0.5,1815.4047,,26.6982,54.7635,10.905,0.0,,896671464.0,896667999.0,357241419.0,5747664084.0,5747641874.000001,环境保护,环保,环境治理,综合环境治理,6.99,5.72,
2013-09-13,14.71,15.03,14.36,14.89,14.61,0.2800000000000011,1.92,5107593.0,33060483.500000004,2.28,0.005696,0.0142969999999999,1.18,1849.3905,,27.198,55.7887,11.1091,0.0,,896671464.0,896667999.0,357241419.0,5855264660.0,5855242033.000001,环境保护,环保,环境治理,综合环境治理,7.05,5.77,
2013-09-16,14.8,15.05,14.71,14.89,14.89,0.0,0.0,3556062.9999999995,23259517.1,2.28,0.003966,0.009954,0.82,1849.3905,,27.198,55.7887,11.1091,0.0,,896671464.0,896667999.0,357241419.0,5855264660.0,5855242033.000001,环境保护,环保,环境治理,综合环境治理,7.18,5.88,
2013-09-17,14.96,14.96,14.48,14.55,14.89,-0.3399999999999998,-2.28,4415158.0,28351654.1,2.28,0.004924,0.012359,1.11,1806.9083,,26.5732,54.5072,10.8539,0.0,,896671464.0,896667999.0,357241419.0,5720763940.0,5720741834.0,环境保护,环保,环境治理,综合环境治理,7.18,5.88,
2013-09-18,14.57,14.82,14.36,14.59,14.55,0.0399999999999991,0.27,2958786.0,18808010.3,2.28,0.0033,0.008282,0.72,1812.5726,,26.6565,54.6781,10.888,0.0,,896671464.0,896667999.0,357241419.0,5738697370.0,5738675194.0,环境保护,环保,环境治理,综合环境治理,7.02,5.74,
2013-09-23,14.55,14.66,14.36,14.46,14.59,-0.129999999999999,-0.89,5498847.0,34865917.800000004,2.28,0.0061329999999999,0.0153929999999999,1.51,1795.5797,,26.4066,54.1655,10.7859,0.0,,896671464.0,896667999.0,357241419.0,5684897082.0,5684875114.0,环境保护,环保,环境治理,综合环境治理,7.04,5.76,
2013-09-24,14.36,14.43,13.98,14.18,14.46,-0.2800000000000011,-1.94,4360254.0,27174751.7,2.28,0.004863,0.0122049999999999,1.01,1761.594,,25.9068,53.1403,10.5817,0.0,,896671464.0,896667999.0,357241419.0,5577296506.000001,5577274954.0,环境保护,环保,环境治理,综合环境治理,6.97,5.71,
2013-09-25,14.14,14.3,13.98,14.07,14.18,-0.1099999999999994,-0.78,3660903.0,22656971.4,2.28,0.004083,0.010248,0.88,1747.4333,,25.6985,52.7131,10.4967,0.0,,896671464.0,896667999.0,357241419.0,5532462933.0,5532441554.0,环境保护,环保,环境治理,综合环境治理,6.84,5.6,
2013-09-26,14.09,14.09,13.86,13.91,14.07,-0.1600000000000001,-1.14,2581338.0,15807809.8,2.28,0.002879,0.007226,0.62,1727.6082,,25.407,52.115,10.3776,0.0,,896671464.0,896667999.0,357241419.0,5469695930.0,5469674794.0,环境保护,环保,环境治理,综合环境治理,6.79,5.55,
2013-09-27,13.89,14.27,13.77,14.23,13.91,0.3200000000000003,2.3,3058157.0,18879637.0,2.28,0.003411,0.00856,0.8,1767.2583,,25.9901,53.3111,10.6158,0.0,,896671464.0,896667999.0,357241419.0,5595229935.0,5595208314.0,环境保护,环保,环境治理,综合环境治理,6.71,5.49,
2013-09-30,14.16,14.43,14.02,14.34,14.23,0.1099999999999994,0.77,2939323.0,18366437.0,2.28,0.0032779999999999,0.008228,0.77,1781.419,,26.1983,53.7383,10.7008,0.0,,896671464.0,896667999.0,357241419.0,5640063509.0,5640041714.0,环境保护,环保,环境治理,综合环境治理,6.86,5.62,
2013-10-08,14.34,14.43,14.11,14.18,14.34,-0.1600000000000001,-1.12,3008154.0,18736392.3,2.28,0.003355,0.008421,0.91,1761.594,,25.9068,53.1403,10.5817,0.0,,896671464.0,896667999.0,357241419.0,5577296506.000001,5577274954.0,环境保护,环保,环境治理,综合环境治理,6.92,5.66,
2013-10-09,14.2,14.2,14.0,14.09,14.18,-0.0899999999999998,-0.63,2755580.0,17034937.6,2.28,0.003073,0.007713,0.9,1750.2654,,25.7402,52.7985,10.5137,0.0,,896671464.0,896667999.0,357241419.0,5541429648.0,5541408234.0,环境保护,环保,环境治理,综合环境治理,6.84,5.6,
2013-10-10,14.11,14.96,13.86,14.71,14.09,0.620000000000001,4.4,8523872.0,54196595.4,2.28,0.009506,0.02386,2.97,1826.7333,,26.8648,55.1052,10.973,0.0,,896671464.0,896667999.0,357241419.0,5783530943.0,5783508594.0,环境保护,环保,环境治理,综合环境治理,6.8,5.56,
2013-10-11,14.57,14.68,14.36,14.46,14.71,-0.25,-1.7,4491886.0,28566293.2,2.28,0.00501,0.012574,1.11,1795.5797,,26.4066,54.1655,10.7859,0.0,,896671464.0,896667999.0,357241419.0,5684897082.0,5684875114.0,环境保护,环保,环境治理,综合环境治理,7.1,5.81,
2013-10-14,14.46,14.82,14.27,14.55,14.46,0.0899999999999998,0.62,5459350.0,34765719.3,2.28,0.006088,0.015282,1.26,1806.9083,,26.5732,54.5072,10.8539,0.0,,896671464.0,896667999.0,357241419.0,5720763940.0,5720741834.0,环境保护,环保,环境治理,综合环境治理,6.97,5.71,
2013-10-15,14.52,14.52,14.2,14.25,14.55,-0.3000000000000007,-2.06,4942039.0,31022326.2,2.28,0.005512,0.0138339999999999,1.02,1770.0904,,26.0317,53.3966,10.6328,0.0,,896671464.0,896667999.0,357241419.0,5604196650.0,5604174994.0,环境保护,环保,环境治理,综合环境治理,7.02,5.74,
2013-10-16,14.36,14.39,13.68,13.79,14.25,-0.4600000000000008,-3.23,5207799.0,31915429.0,2.28,0.005808,0.014578,0.99,1713.4475,,25.1987,51.6879,10.2925,0.0,,896671464.0,896667999.0,357241419.0,5424862357.0,5424841394.0,环境保护,环保,环境治理,综合环境治理,6.88,5.63,
2013-10-17,13.82,14.11,13.77,13.95,13.79,0.1600000000000001,1.16,3000915.0,18399711.8,2.28,0.003347,0.0084,0.52,1733.2725,,25.4903,52.2859,10.4116,0.0,,896671464.0,896667999.0,357241419.0,5487629360.0,5487608154.0,环境保护,环保,环境治理,综合环境治理,6.66,5.45,
2013-10-18,14.09,14.2,13.91,13.93,13.95,-0.0199999999999995,-0.14,2016955.0,12428088.6,2.28,0.0022489999999999,0.005646,0.44,1730.4404,,25.4486,52.2005,10.3946,0.0,,896671464.0,896667999.0,357241419.0,5478662645.000001,5478641474.0,环境保护,环保,环境治理,综合环境治理,6.73,5.51,
2013-10-21,13.95,14.48,13.95,14.32,13.93,0.3900000000000005,2.8,3671722.0,23045593.0,2.28,0.004095,0.010278,0.89,1778.5868,,26.1567,53.6529,10.6838,0.0,,896671464.0,896667999.0,357241419.0,5631096794.0,5631075034.0,环境保护,环保,环境治理,综合环境治理,6.72,5.5,
2013-10-22,14.34,14.36,13.93,14.02,14.32,-0.3000000000000007,-2.09,2503396.0,15511881.6,2.28,0.002792,0.0070079999999999,0.66,1741.769,,25.6152,52.5422,10.4627,0.0,,896671464.0,896667999.0,357241419.0,5514529504.0,5514508194.0,环境保护,环保,环境治理,综合环境治理,6.91,5.65,
2013-10-23,13.95,14.14,13.68,13.73,14.02,-0.2899999999999991,-2.07,4009085.0,24350413.2,2.28,0.004471,0.011222,1.22,1704.9511,,25.0738,51.4316,10.2415,0.0,,896671464.0,896667999.0,357241419.0,5397962213.0,5397941354.0,环境保护,环保,环境治理,综合环境治理,6.77,5.54,
2013-10-24,13.75,13.79,13.36,13.45,13.73,-0.2800000000000011,-2.04,2499399.0,14858050.3,2.28,0.002787,0.006996,0.82,1670.9653,,24.574,50.4063,10.0374,0.0,,896671464.0,896667999.0,357241419.0,5290361638.0,5290341194.0,环境保护,环保,环境治理,综合环境治理,6.62,5.42,
2013-10-25,13.61,13.7,13.32,13.45,13.45,0.0,0.0,2292779.0,13539280.2,2.28,0.002557,0.006418,0.78,1670.9653,,24.574,50.4063,10.0374,0.0,,896671464.0,896667999.0,357241419.0,5290361638.0,5290341194.0,环境保护,环保,环境治理,综合环境治理,6.49,5.31,
2013-10-28,13.66,13.66,13.11,13.2,13.45,-0.25,-1.86,1543634.0,9006504.9,2.28,0.001722,0.004321,0.52,1639.8118,,25.2506,49.4666,7.3586,0.0,,896671464.0,896667999.0,357241419.0,5191727777.0,5191707714.0,环境保护,环保,环境治理,综合环境治理,6.49,5.31,
2013-10-29,13.25,13.41,12.31,13.02,13.2,-0.1799999999999997,-1.36,2487972.0,14077780.8,2.28,0.002775,0.006964,0.97,1617.1546,,24.9017,48.7831,7.257,0.0,,896671464.0,896667999.0,357241419.0,5119994059.0,5119974274.0,环境保护,环保,环境治理,综合环境治理,6.37,5.21,
2013-10-30,13.02,13.16,12.9,13.04,13.02,0.0199999999999995,0.15,1673640.0000000002,9568382.4,2.28,0.001867,0.004685,0.65,1619.9867,,24.9453,48.8685,7.2697,0.0,,896671464.0,896667999.0,357241419.0,5128960774.0,5128940954.0,环境保护,环保,环境治理,综合环境治理,6.28,5.14,
2013-10-31,13.0,13.18,12.93,13.04,13.04,0.0,0.0,1448574.0,8274480.8,2.28,0.001616,0.004055,0.69,1619.9867,,24.9453,48.8685,7.2697,0.0,,896671464.0,896667999.0,357241419.0,5128960774.0,5128940954.0,环境保护,环保,环境治理,综合环境治理,6.29,5.15,
2013-11-01,13.02,13.11,12.9,13.06,13.04,0.0200000000000013,0.15,2732057.0,15616098.6,2.28,0.003047,0.007648,1.45,1622.8189,,24.9889,48.954,7.2824,0.0,,896671464.0,896667999.0,357241419.0,5137927489.0,5137907634.0,环境保护,环保,环境治理,综合环境治理,6.29,5.15,
2013-11-04,13.04,13.73,13.04,13.47,13.06,0.4100000000000001,3.14,2310994.0,13665749.7,2.28,0.002577,0.006469,1.17,1673.7975,,25.7739,50.4918,7.5111,0.0,,896671464.0,896667999.0,357241419.0,5299328352.0,5299307874.0,环境保护,环保,环境治理,综合环境治理,6.3,5.16,
2013-11-05,13.57,13.59,13.18,13.52,13.47,0.0499999999999989,0.37,1805847.0,10605935.8,2.28,0.002014,0.005055,0.85,1679.4618,,25.8612,50.6627,7.5366,0.0,,896671464.0,896667999.0,357241419.0,5317261782.0,5317241234.0,环境保护,环保,环境治理,综合环境治理,6.5,5.32,
2013-11-06,13.52,13.57,13.34,13.43,13.52,-0.0899999999999998,-0.67,1240823.0,7321328.9,2.28,0.001384,0.003473,0.62,1668.1332,,25.6867,50.3209,7.4857,0.0,,896671464.0,896667999.0,357241419.0,5281394923.0,5281374514.0,环境保护,环保,环境治理,综合环境治理,6.52,5.34,
2013-11-07,13.32,13.47,13.2,13.22,13.43,-0.209999999999999,-1.56,1361530.0,7947279.8,2.28,0.0015179999999999,0.003811,0.71,1642.6439,,25.2942,49.552,7.3713,0.0,,896671464.0,896667999.0,357241419.0,5200694491.0,5200674394.0,环境保护,环保,环境治理,综合环境治理,6.48,5.3,
2013-11-08,13.13,13.29,12.97,13.02,13.22,-0.200000000000001,-1.51,1084982.0,6218864.6,2.28,0.00121,0.003037,0.57,1617.1546,,24.9017,48.7831,7.257,0.0,,896671464.0,896667999.0,357241419.0,5119994059.0,5119974274.0,环境保护,环保,环境治理,综合环境治理,6.38,5.22,
2013-11-11,13.02,13.11,12.81,13.02,13.02,0.0,0.0,1127442.0,6413566.300000001,2.28,0.001257,0.003156,0.72,1617.1546,,24.9017,48.7831,7.257,0.0,,896671464.0,896667999.0,357241419.0,5119994059.0,5119974274.0,环境保护,环保,环境治理,综合环境治理,6.28,5.14,
2013-11-12,13.02,13.57,12.84,13.2,13.02,0.1799999999999997,1.38,1793672.0,10449489.7,2.28,0.002,0.005021,1.35,1639.8118,,25.2506,49.4666,7.3586,0.0,,896671464.0,896667999.0,357241419.0,5191727777.0,5191707714.0,环境保护,环保,环境治理,综合环境治理,6.28,5.14,
2013-11-13,13.06,13.36,13.06,13.13,13.2,-0.0699999999999985,-0.53,1274500.0,7386624.0,2.28,0.001421,0.003568,0.96,1631.3153,,25.1198,49.2103,7.3205,0.0,,896671464.0,896667999.0,357241419.0,5164827633.0,5164807674.0,环境保护,环保,环境治理,综合环境治理,6.37,5.21,
2013-11-14,13.04,13.29,13.02,13.2,13.13,0.0699999999999985,0.53,904250.0,5221114.5,2.28,0.001008,0.002531,0.68,1639.8118,,25.2506,49.4666,7.3586,0.0,,896671464.0,896667999.0,357241419.0,5191727777.0,5191707714.0,环境保护,环保,环境治理,综合环境治理,6.34,5.18,
2013-11-15,13.2,13.5,13.13,13.41,13.2,0.2100000000000008,1.59,1516613.0,8898875.899999999,2.28,0.001691,0.004245,1.23,1665.3011,,25.6431,50.2355,7.473,0.0,,896671464.0,896667999.0,357241419.0,5272428208.0,5272407834.0,环境保护,环保,环境治理,综合环境治理,6.37,5.21,
2013-11-18,13.41,13.54,13.41,13.5,13.41,0.0899999999999998,0.67,1341802.0,7933245.8,2.28,0.001496,0.003756,1.01,1676.6296,,25.8175,50.5772,7.5239,0.0,,896671464.0,896667999.0,357241419.0,5308295067.0,5308274554.0,环境保护,环保,环境治理,综合环境治理,6.47,5.29,
2013-11-19,13.59,13.59,13.36,13.47,13.5,-0.0299999999999993,-0.22,1668713.0,9835389.5,2.28,0.0018609999999999,0.004671,1.22,1673.7975,,25.7739,50.4918,7.5111,0.0,,896671464.0,896667999.0,357241419.0,5299328352.0,5299307874.0,环境保护,环保,环境治理,综合环境治理,6.51,5.33,
2013-11-20,13.57,13.59,13.22,13.34,13.47,-0.1300000000000007,-0.97,3167218.0,18526100.9,2.28,0.003532,0.008866,2.36,1656.8046,,25.5123,49.9792,7.4349,0.0,,896671464.0,896667999.0,357241419.0,5245528064.0,5245507794.0,环境保护,环保,环境治理,综合环境治理,6.5,5.32,
2013-11-21,13.34,13.34,12.9,13.02,13.34,-0.3200000000000003,-2.4,2797085.0,16008939.7,2.28,0.003119,0.00783,1.63,1617.1546,,24.9017,48.7831,7.257,0.0,,896671464.0,896667999.0,357241419.0,5119994059.0,5119974274.0,环境保护,环保,环境治理,综合环境治理,6.44,5.27,
2013-11-22,12.97,13.11,12.88,13.02,13.02,0.0,0.0,1548127.0,8821300.5,2.28,0.001727,0.004334,0.74,1617.1546,,24.9017,48.7831,7.257,0.0,,896671464.0,896667999.0,357241419.0,5119994059.0,5119974274.0,环境保护,环保,环境治理,综合环境治理,6.28,5.14,
2013-11-25,12.97,13.09,12.9,13.02,13.02,0.0,0.0,1664841.9999999998,9503271.5,2.28,0.001857,0.00466,0.79,1617.1546,,24.9017,48.7831,7.257,0.0,,896671464.0,896667999.0,357241419.0,5119994059.0,5119974274.0,环境保护,环保,环境治理,综合环境治理,6.28,5.14,
2013-11-26,13.09,13.09,12.63,12.72,13.02,-0.2999999999999989,-2.3,3305226.9999999995,18574762.8,2.28,0.003686,0.009252,1.52,1580.3367,,24.3348,47.6724,7.0917,0.0,,896671464.0,896667999.0,357241419.0,5003426769.0,5003407434.0,环境保护,环保,环境治理,综合环境治理,6.28,5.14,
2013-11-27,12.86,12.9,12.56,12.79,12.72,0.0699999999999985,0.55,1723949.0000000002,9671369.5,2.28,0.001923,0.0048259999999999,0.69,1588.8332,,24.4656,47.9287,7.1299,0.0,,896671464.0,896667999.0,357241419.0,5030326913.0,5030307474.0,环境保护,环保,环境治理,综合环境治理,6.14,5.02,
2013-11-28,12.84,12.86,12.65,12.81,12.79,0.0200000000000013,0.16,3621610.0,20247971.7,2.28,0.004039,0.010138,1.64,1591.6653,,24.5092,48.0142,7.1426,0.0,,896671464.0,896667999.0,357241419.0,5039293628.0,5039274154.0,环境保护,环保,环境治理,综合环境治理,6.17,5.05,
2013-11-29,12.77,12.88,12.59,12.81,12.81,0.0,0.0,3773148.000000001,20996953.4,2.28,0.004208,0.010562,1.59,1591.6653,,24.5092,48.0142,7.1426,0.0,,896671464.0,896667999.0,357241419.0,5039293628.0,5039274154.0,环境保护,环保,环境治理,综合环境治理,6.18,5.06,
2013-12-02,12.59,12.61,11.67,11.86,12.81,-0.9500000000000012,-7.42,5058774.0,26905634.8,2.28,0.005642,0.014161,1.8,1472.7152,,22.6776,44.4259,6.6088,0.0,,896671464.0,896667999.0,357241419.0,4662691613.0,4662673595.0,环境保护,环保,环境治理,综合环境治理,6.18,5.06,
2013-12-03,11.83,12.2,11.65,12.11,11.86,0.25,2.11,2475798.0,12946942.6,2.28,0.002761,0.0069299999999999,0.71,1503.8688,,23.1573,45.3657,6.7486,0.0,,896671464.0,896667999.0,357241419.0,4761325474.0,4761307075.0,环境保护,环保,环境治理,综合环境治理,5.72,4.68,
2013-12-04,12.06,12.22,11.99,12.11,12.11,0.0,0.0,3525126.9999999995,18706952.0,2.28,0.003931,0.009868,1.06,1503.8688,,23.1573,45.3657,6.7486,0.0,,896671464.0,896667999.0,357241419.0,4761325474.0,4761307075.0,环境保护,环保,环境治理,综合环境治理,5.84,4.78,
2013-12-05,12.08,12.08,11.86,11.92,12.11,-0.1899999999999995,-1.57,2437278.0,12778271.9,2.28,0.002718,0.006822,0.66,1481.2117,,22.8084,44.6822,6.6469,0.0,,896671464.0,896667999.0,357241419.0,4689591757.0,4689573635.0,环境保护,环保,环境治理,综合环境治理,5.84,4.78,
2013-12-06,11.95,12.02,11.67,11.9,11.92,-0.0199999999999995,-0.17,2886066.0,14937650.7,2.28,0.003219,0.008079,0.84,1478.3795,,22.7648,44.5968,6.6342,0.0,,896671464.0,896667999.0,357241419.0,4680625042.0,4680606955.0,环境保护,环保,环境治理,综合环境治理,5.75,4.71,
2013-12-09,11.81,11.97,11.74,11.79,11.9,-0.1100000000000012,-0.92,2749284.0,14281645.6,2.28,0.0030659999999999,0.007696,0.84,1464.2188,,22.5467,44.1696,6.5707,0.0,,896671464.0,896667999.0,357241419.0,4635791469.0,4635773555.0,环境保护,环保,环境治理,综合环境治理,5.74,4.7,
2013-12-10,11.79,12.97,11.76,12.97,11.79,1.1800000000000015,10.01,9038584.0,49653693.6,2.28,0.01008,0.025301,3.21,1611.4903,,24.8145,48.6122,7.2315,0.0,,896671464.0,896667999.0,357241419.0,5102060630.0,5102040914.0,环境保护,环保,环境治理,综合环境治理,5.69,4.65,
2013-12-11,13.02,13.57,12.63,13.36,12.97,0.3899999999999988,3.01,14822388.0,85509385.6,2.28,0.016531,0.041491,3.59,1659.6368,,25.5559,50.0646,7.4476,0.0,,896671464.0,896667999.0,357241419.0,5254494779.000001,5254474473.999999,环境保护,环保,环境治理,综合环境治理,6.26,5.12,
2013-12-12,13.06,13.61,13.02,13.38,13.36,0.0200000000000013,0.15,8118359.0,47453741.8,2.28,0.009054,0.022725,1.27,1662.4689,,25.5995,50.15,7.4603,0.0,,896671464.0,896667999.0,357241419.0,5263461494.0,5263441154.0,环境保护,环保,环境治理,综合环境治理,6.45,5.27,
2013-12-13,13.22,14.02,13.11,13.41,13.38,0.0299999999999993,0.22,7508164.0,44803949.8,2.28,0.008373,0.021017,1.0,1665.3011,,25.6431,50.2355,7.473,0.0,,896671464.0,896667999.0,357241419.0,5272428208.0,5272407834.0,环境保护,环保,环境治理,综合环境治理,6.46,5.28,
2013-12-16,13.34,13.41,12.7,13.02,13.41,-0.3900000000000005,-2.91,4021504.0,22865622.1,2.28,0.004485,0.011257,0.48,1617.1546,,24.9017,48.7831,7.257,0.0,,896671464.0,896667999.0,357241419.0,5119994059.0,5119974274.0,环境保护,环保,环境治理,综合环境治理,6.47,5.29,
2013-12-17,13.0,13.41,12.84,13.0,13.02,-0.0199999999999995,-0.15,5211456.0,30007820.1,2.28,0.005812,0.014588,0.6,1614.3225,,24.8581,48.6977,7.2442,0.0,,896671464.0,896667999.0,357241419.0,5111027345.0,5111007594.0,环境保护,环保,环境治理,综合环境治理,6.28,5.14,
2013-12-18,13.02,13.11,12.43,12.52,13.0,-0.4800000000000004,-3.69,3299649.0,18351144.3,2.28,0.00368,0.009236,0.42,1554.8474,,23.9423,46.9035,6.9774,0.0,,896671464.0,896667999.0,357241419.0,4922726337.0,4922707315.0,环境保护,环保,环境治理,综合环境治理,6.27,5.13,
2013-12-19,12.68,12.68,12.08,12.2,12.52,-0.3200000000000003,-2.56,2814487.0,15165925.1,2.28,0.003139,0.007878,0.5,1515.1974,,23.3317,45.7075,6.7994,0.0,,896671464.0,896667999.0,357241419.0,4797192332.0,4797173795.0,环境保护,环保,环境治理,综合环境治理,6.04,4.94,
2013-12-20,12.13,12.36,12.11,12.22,12.2,0.0200000000000013,0.16,1691130.0,9046755.6,2.28,0.0018859999999999,0.0047339999999999,0.37,1518.0295,,23.3753,45.7929,6.8121,0.0,,896671464.0,896667999.0,357241419.0,4806159047.0,4806140475.0,环境保护,环保,环境治理,综合环境治理,5.89,4.82,
2013-12-23,12.22,12.22,11.7,11.88,12.22,-0.3399999999999998,-2.78,1832939.0,9579615.2,2.28,0.002044,0.005131,0.54,1475.5474,,22.7212,44.5114,6.6215,0.0,,896671464.0,896667999.0,357241419.0,4671658327.0,4671640275.0,环境保护,环保,环境治理,综合环境治理,5.9,4.82,
2013-12-24,11.76,12.02,11.76,11.92,11.88,0.0399999999999991,0.34,1652403.0,8634881.1,2.28,0.001843,0.004625,0.56,1481.2117,,22.8084,44.6822,6.6469,0.0,,896671464.0,896667999.0,357241419.0,4689591757.0,4689573635.0,环境保护,环保,环境治理,综合环境治理,5.73,4.69,
2013-12-25,12.02,12.08,11.81,12.04,11.92,0.1199999999999992,1.01,2490725.0,13014088.2,2.28,0.002778,0.006972,1.1,1495.3724,,23.0265,45.1094,6.7105,0.0,,896671464.0,896667999.0,357241419.0,4734425330.0,4734407035.0,环境保护,环保,环境治理,综合环境治理,5.75,4.71,
2013-12-26,11.97,12.06,11.63,11.65,12.04,-0.3899999999999988,-3.24,2155829.0,11164430.2,2.28,0.002404,0.006035,1.03,1447.2259,,22.2851,43.657,6.4944,0.0,,896671464.0,896667999.0,357241419.0,4581991181.0,4581973475.0,环境保护,环保,环境治理,综合环境治理,5.81,4.75,
2013-12-27,11.76,11.9,11.7,11.81,11.65,0.1600000000000001,1.37,1489194.0,7695149.8,2.28,0.001661,0.004169,0.76,1467.0509,,22.5904,44.2551,6.5834,0.0,,896671464.0,896667999.0,357241419.0,4644758184.0,4644740235.0,环境保护,环保,环境治理,综合环境治理,5.62,4.6,
2013-12-30,11.81,12.61,11.81,12.29,11.81,0.4799999999999986,4.06,4820734.0,25928907.8,2.28,0.005376,0.0134939999999999,2.51,1526.526,,23.5062,46.0492,6.8503,0.0,,896671464.0,896667999.0,357241419.0,4833059191.0,4833040515.0,环境保护,环保,环境治理,综合环境治理,5.7,4.66,
2013-12-31,12.31,12.68,12.11,12.56,12.29,0.2700000000000013,2.2,2936236.0,15963860.5,2.28,0.003275,0.0082189999999999,1.16,1560.5117,,24.0295,47.0744,7.0028,0.0,,896671464.0,896667999.0,357241419.0,4940659767.0,4940640674.0,环境保护,环保,环境治理,综合环境治理,5.93,4.85,
2014-01-02,12.43,12.47,12.24,12.36,12.56,-0.200000000000001,-1.59,1509999.0,8172074.0,2.28,0.001684,0.004227,0.54,1535.0224,,23.637,46.3055,6.8884,0.0,,896671464.0,896667999.0,357241419.0,4859959335.0,4859940555.0,环境保护,环保,环境治理,综合环境治理,6.06,4.96,
2014-01-03,12.33,12.52,11.97,12.4,12.36,0.0400000000000009,0.32,2006336.0,10756877.3,2.28,0.002238,0.0056159999999999,0.78,1540.6867,,23.7242,46.4764,6.9138,0.0,,896671464.0,896667999.0,357241419.0,4877892764.0,4877873915.0,环境保护,环保,环境治理,综合环境治理,5.96,4.88,
2014-01-06,12.49,12.49,11.88,11.88,12.4,-0.5199999999999996,-4.19,1571056.0,8335428.8,2.28,0.0017519999999999,0.004398,0.62,1475.5474,,22.7212,44.5114,6.6215,0.0,,896671464.0,896667999.0,357241419.0,4671658327.0,4671640275.0,环境保护,环保,环境治理,综合环境治理,5.98,4.9,
2014-01-07,11.83,12.04,11.72,11.81,11.88,-0.0700000000000002,-0.59,1493150.0,7752212.0,2.28,0.001665,0.00418,0.58,1467.0509,,22.5904,44.2551,6.5834,0.0,,896671464.0,896667999.0,357241419.0,4644758184.0,4644740235.0,环境保护,环保,环境治理,综合环境治理,5.73,4.69,
2014-01-08,11.81,11.97,11.49,11.61,11.81,-0.200000000000001,-1.69,3656313.0,18735937.7,2.28,0.004078,0.010235,1.92,1441.5616,,22.1979,43.4862,6.469,0.0,,896671464.0,896667999.0,357241419.0,4564057752.0,4564040115.0,环境保护,环保,环境治理,综合环境治理,5.7,4.66,
2014-01-09,11.61,11.76,11.4,11.61,11.61,0.0,0.0,1865103.0,9516771.8,2.28,0.00208,0.005221,0.91,1441.5616,,22.1979,43.4862,6.469,0.0,,896671464.0,896667999.0,357241419.0,4564057752.0,4564040115.0,环境保护,环保,环境治理,综合环境治理,5.6,4.58,
2014-01-10,11.67,11.76,11.35,11.49,11.61,-0.1199999999999992,-1.03,1894398.0,9566559.7,2.28,0.002113,0.0053029999999999,0.89,1427.4009,,21.9798,43.059,6.4054,0.0,,896671464.0,896667999.0,357241419.0,4519224179.0,4519206715.0,环境保护,环保,环境治理,综合环境治理,5.6,4.58,
2014-01-13,11.51,11.7,11.47,11.47,11.49,-0.0199999999999995,-0.17,1085664.0,5509726.2,2.28,0.001211,0.003039,0.52,1424.5688,,21.9362,42.9735,6.3927,0.0,,896671464.0,896667999.0,357241419.0,4510257464.0,4510240035.0,环境保护,环保,环境治理,综合环境治理,5.54,4.54,
2014-01-14,11.58,12.11,11.56,12.11,11.47,0.6399999999999988,5.58,1872859.0,9690555.5,2.28,0.002089,0.005243,0.94,1503.8688,,23.1573,45.3657,6.7486,0.0,,896671464.0,896667999.0,357241419.0,4761325474.0,4761307075.0,环境保护,环保,环境治理,综合环境治理,5.53,4.53,
2014-01-21,12.43,12.95,12.11,12.68,12.11,0.5700000000000003,4.71,7231233.0,40182014.3,2.28,0.008065,0.020242,3.49,1574.6724,,24.2476,47.5016,7.0663,0.0,,896671464.0,896667999.0,357241419.0,4985493340.0,4985474074.0,环境保护,环保,环境治理,综合环境治理,5.84,4.78,
2014-01-22,12.65,12.77,12.49,12.63,12.68,-0.0499999999999989,-0.39,3018012.0,16708800.500000002,2.28,0.003366,0.008448,1.08,1569.0081,,24.1603,47.3307,7.0409,0.0,,896671464.0,896667999.0,357241419.0,4967559911.0,4967540714.0,环境保护,环保,环境治理,综合环境治理,6.12,5.0,
2014-01-23,12.43,12.88,12.43,12.65,12.63,0.0199999999999995,0.16,2625970.0,14629904.2,2.28,0.0029289999999999,0.007351,0.87,1571.8403,,24.2039,47.4161,7.0536,0.0,,896671464.0,896667999.0,357241419.0,4976526625.0,4976507394.0,环境保护,环保,环境治理,综合环境治理,6.09,4.99,
2014-01-24,12.65,13.93,12.65,13.93,12.65,1.2799999999999994,10.12,9239569.0,55103323.4,2.28,0.010304,0.0258639999999999,2.92,1730.4404,,26.6461,52.2005,7.7653,0.0,,896671464.0,896667999.0,357241419.0,5478662645.000001,5478641474.0,环境保护,环保,环境治理,综合环境治理,6.11,5.0,
2014-01-27,13.93,15.32,13.91,14.75,13.93,0.8200000000000003,5.89,12387603.0,80278814.89999999,2.28,0.013815,0.034676,2.58,1832.3976,,28.2161,55.2761,8.2229,0.0,,896671464.0,896667999.0,357241419.0,5801464372.0,5801441954.0,环境保护,环保,环境治理,综合环境治理,6.72,5.5,
2014-01-28,15.16,15.32,13.89,14.36,14.75,-0.3900000000000005,-2.64,14741875.0,92153995.5,2.28,0.0164409999999999,0.041266,2.14,1784.2511,,27.4748,53.8237,8.0068,0.0,,896671464.0,896667999.0,357241419.0,5649030223.0,5649008394.000001,环境保护,环保,环境治理,综合环境治理,7.12,5.82,
2014-01-29,14.25,14.36,13.75,14.27,14.36,-0.0899999999999998,-0.63,10893785.0,67002441.7,2.28,0.012149,0.028877,1.3,1772.9226,,27.3003,53.482,7.956,0.0,,896671464.0,896667999.0,377241419.0,5613163365.0,5613141674.0,环境保护,环保,环境治理,综合环境治理,6.93,5.67,
2014-01-30,14.23,15.05,13.91,14.23,14.27,-0.0399999999999991,-0.28,6092071.0,37774245.6,2.28,0.006794,0.016149,0.61,1767.2583,,27.2131,53.3111,7.9305,0.0,,896671464.0,896667999.0,377241419.0,5595229935.0,5595208314.0,环境保护,环保,环境治理,综合环境治理,6.89,5.63,
2014-02-07,14.48,15.25,14.18,15.12,14.23,0.8899999999999988,6.25,12626337.0,82305151.10000001,2.28,0.014081,0.03347,1.18,1877.7119,,28.9139,56.6431,8.4262,0.0,,896671464.0,896667999.0,377241419.0,5944931806.0,5944908833.0,环境保护,环保,环境治理,综合环境治理,6.86,5.62,
2014-02-10,15.0,16.07,14.93,15.78,15.12,0.6600000000000001,4.37,15626454.999999998,107309004.7,2.28,0.0174269999999999,0.0414229999999999,1.38,1959.8441,,30.1786,59.1207,8.7948,0.0,,896671464.0,896667999.0,377241419.0,6204966531.0,6204942553.0,环境保护,环保,环境治理,综合环境治理,7.29,5.97,
2014-02-11,15.78,16.32,15.34,15.55,15.78,-0.2299999999999986,-1.46,12153945.0,84565561.2,2.28,0.013555,0.032218,1.01,1931.5227,,29.7425,58.2663,8.6677,0.0,,896671464.0,896667999.0,377241419.0,6115299384.0,6115275753.0,环境保护,环保,环境治理,综合环境治理,7.61,6.23,
2014-02-12,15.55,16.92,15.55,16.74,15.55,1.1899999999999975,7.65,19663952.0,141042748.9,2.28,0.02193,0.052126,1.71,2078.7942,,32.0103,62.7089,9.3286,0.0,,896671464.0,896667999.0,377241419.0,6581568546.0,6581543112.999999,环境保护,环保,环境治理,综合环境治理,7.5,6.14,
2014-02-13,16.74,17.31,16.64,16.71,16.74,-0.0299999999999975,-0.18,19962717.0,148668797.6,2.28,0.022263,0.052918,1.51,2075.962,,31.9667,62.6235,9.3159,0.0,,896671464.0,896667999.0,377241419.0,6572601831.0,6572576433.0,环境保护,环保,环境治理,综合环境治理,8.07,6.61,
2014-02-14,16.78,17.44,16.19,17.33,16.71,0.6199999999999974,3.71,20008492.0,148879379.1,2.28,0.0223139999999999,0.0530389999999999,1.25,2152.4299,,33.1441,64.9302,9.659,0.0,,896671464.0,896667999.0,377241419.0,6814703125.999999,6814676792.0,环境保护,环保,环境治理,综合环境治理,8.06,6.6,
2014-02-17,17.33,18.1,17.21,17.76,17.33,0.4300000000000032,2.48,27904432.0,215858615.7,2.28,0.03112,0.07397,1.6,2206.2407,,33.9727,66.5535,9.9005,0.0,,896671464.0,896667999.0,377241419.0,6985070705.0,6985043712.000001,环境保护,环保,环境治理,综合环境治理,8.36,6.84,
2014-02-18,17.72,17.81,17.31,17.78,17.76,0.0199999999999995,0.11,21166102.0,163066436.0,2.28,0.023605,0.052752,1.06,2209.0728,,34.0164,66.6389,9.9132,0.0,,896671464.0,896667999.0,401241419.0,6994037419.0,6994010392.0,环境保护,环保,环境治理,综合环境治理,8.57,7.01,
2014-02-19,17.85,18.03,16.89,17.26,17.78,-0.5199999999999996,-2.92,16579366.0,126673889.0,2.28,0.01849,0.0413199999999999,0.76,2143.9335,,33.0133,64.6739,9.6209,0.0,,896671464.0,896667999.0,401241419.0,6787802982.0,6787776752.000001,环境保护,环保,环境治理,综合环境治理,8.58,7.02,
2014-02-20,17.33,17.44,16.76,17.03,17.26,-0.2300000000000004,-1.33,16491195.000000002,122956379.4,2.28,0.018392,0.0411,0.78,2115.6121,,32.5772,63.8196,9.4938,0.0,,896671464.0,896667999.0,401241419.0,6698135836.0,6698109952.999999,环境保护,环保,环境治理,综合环境治理,8.33,6.81,
2014-02-21,16.99,17.01,15.85,16.58,17.03,-0.4500000000000028,-2.64,17643409.0,127420589.8,2.28,0.019677,0.043972,0.86,2058.9692,,31.705,62.1109,9.2396,0.0,,896671464.0,896667999.0,401241419.0,6518801543.000001,6518776353.0,环境保护,环保,环境治理,综合环境治理,8.22,6.72,
2014-02-24,16.44,17.05,16.3,16.67,16.58,0.0900000000000034,0.54,10331027.0,75708522.4,2.28,0.011522,0.025748,0.52,2070.2977,,31.8794,62.4526,9.2904,0.0,,896671464.0,896667999.0,401241419.0,6554668402.0,6554643073.0,环境保护,环保,环境治理,综合环境治理,8.0,6.54,
2014-02-25,16.55,16.99,15.73,15.87,16.67,-0.8000000000000025,-4.8,13768201.0,98966879.1,2.28,0.015355,0.034314,0.84,1971.1727,,30.3531,59.4624,8.8456,0.0,,896671464.0,896667999.0,401241419.0,6240833389.0,6240809273.0,环境保护,环保,环境治理,综合环境治理,8.04,6.58,
2014-02-26,15.87,15.87,14.96,15.85,15.87,-0.0199999999999995,-0.13,10809106.0,73299714.5,2.28,0.012055,0.026939,0.72,1968.3405,,30.3094,59.377,8.8329,0.0,,896671464.0,896667999.0,401241419.0,6231866675.0,6231842593.0,环境保护,环保,环境治理,综合环境治理,7.66,6.26,
2014-02-27,15.85,16.48,15.39,15.53,15.85,-0.3200000000000003,-2.02,11705174.0,82352812.2,2.28,0.013054,0.0291719999999999,0.85,1928.6905,,29.6989,58.1809,8.655,0.0,,896671464.0,896667999.0,401241419.0,6106332670.0,6106309073.0,环境保护,环保,环境治理,综合环境治理,7.65,6.26,
2014-02-28,15.39,15.8,15.16,15.8,15.53,0.2700000000000013,1.74,6870775.999999999,46663559.9,2.28,0.007663,0.017124,0.53,1962.6762,,30.2222,59.2061,8.8075,0.0,,896671464.0,896667999.0,401241419.0,6213933246.000001,6213909233.0,环境保护,环保,环境治理,综合环境治理,7.49,6.13,
2014-03-03,15.73,16.3,15.62,15.91,15.8,0.1099999999999994,0.7,5812539.0,40696838.2,2.28,0.006482,0.014486,0.54,1976.837,,30.4403,59.6333,8.871,0.0,,896671464.0,896667999.0,401241419.0,6258766819.0,6258742633.0,环境保护,环保,环境治理,综合环境治理,7.62,6.24,
2014-03-04,15.94,16.14,15.64,16.14,15.91,0.2300000000000004,1.45,5808426.0,40536411.2,2.28,0.006478,0.014476,0.59,2005.1584,,30.8764,60.4876,8.9981,0.0,,896671464.0,896667999.0,401241419.0,6348433965.0,6348409433.0,环境保护,环保,环境治理,综合环境治理,7.68,6.28,
2014-03-05,16.14,16.96,16.14,16.76,16.14,0.620000000000001,3.84,10428617.0,76147450.5,2.28,0.01163,0.025991,1.27,2081.6263,,32.0539,62.7944,9.3413,0.0,,896671464.0,896667999.0,401241419.0,6590535260.0,6590509793.0,环境保护,环保,环境治理,综合环境治理,7.79,6.37,
2014-03-06,16.96,17.03,16.58,16.96,16.76,0.1999999999999993,1.19,9277042.0,68533691.7,2.28,0.010346,0.023121,1.14,2107.1156,,32.4464,63.5633,9.4557,0.0,,896671464.0,896667999.0,401241419.0,6671235692.0,6671209913.0,环境保护,环保,环境治理,综合环境治理,8.09,6.62,
2014-03-07,17.05,17.15,16.76,16.94,16.96,-0.0199999999999995,-0.12,6375896.0,47383271.5,2.28,0.0071109999999999,0.01589,0.83,2104.2835,,32.4028,63.4778,9.4429,0.0,,896671464.0,896667999.0,401241419.0,6662268978.0,6662243233.0,环境保护,环保,环境治理,综合环境治理,8.18,6.7,
2014-03-12,17.33,17.33,15.62,16.03,16.94,-0.91,-5.37,20821353.0,150137811.5,2.28,0.023221,0.0518919999999999,2.76,1990.9977,,30.6583,60.0604,8.9346,0.0,,896671464.0,896667999.0,401241419.0,6303600392.0,6303576033.0,环境保护,环保,环境治理,综合环境治理,8.17,6.69,
2014-03-13,16.05,16.23,15.89,16.03,16.03,0.0,0.0,6213605.0,43720423.5,2.28,0.0069299999999999,0.015486,0.59,1990.9977,,30.6583,60.0604,8.9346,0.0,,896671464.0,896667999.0,401241419.0,6303600392.0,6303576033.0,环境保护,环保,环境治理,综合环境治理,7.73,6.33,
2014-03-14,16.07,17.31,16.07,16.67,16.03,0.6400000000000006,3.99,11488715.0,84174348.0,2.28,0.012813,0.028633,1.08,2070.2977,,31.8794,62.4526,9.2904,0.0,,896671464.0,896667999.0,401241419.0,6554668402.0,6554643073.0,环境保护,环保,环境治理,综合环境治理,7.73,6.33,
2014-03-17,16.94,17.83,16.6,17.33,16.67,0.6599999999999966,3.96,13422709.0,102220769.9,2.28,0.01497,0.033453,1.24,2152.4299,,33.1441,64.9302,9.659,0.0,,896671464.0,896667999.0,401241419.0,6814703125.999999,6814676792.0,环境保护,环保,环境治理,综合环境治理,8.04,6.58,
2014-03-18,17.21,17.9,17.1,17.44,17.33,0.1100000000000029,0.63,11261891.0,86573456.60000001,2.28,0.01256,0.028068,0.97,,,35.0324,9.5039,9.5039,,,896671464.0,896671464.0,401241419.0,6859536700.0,6859536700.0,环境保护,环保,环境治理,综合环境治理,8.36,6.84,
2014-03-19,17.6,17.6,16.76,17.05,17.44,-0.3900000000000005,-2.24,7481850.999999999,56048822.2,2.28,0.008344,0.018647,0.59,,,34.2539,9.2927,9.2927,,,896671464.0,896671464.0,401244884.0,6707102550.999999,6707102550.999999,环境保护,环保,环境治理,综合环境治理,8.42,6.89,
2014-03-20,17.01,17.19,16.42,16.42,17.05,-0.629999999999999,-3.7,4938975.0,36333639.9,2.28,0.005508,0.012309,0.5,,,32.9717,8.9449,8.9449,,,896671464.0,896671464.0,401244884.0,6456034541.0,6456034541.0,环境保护,环保,环境治理,综合环境治理,8.23,6.73,
2014-03-21,16.19,16.99,15.96,16.8,16.42,0.379999999999999,2.31,5655090.0,40631807.0,2.28,0.006307,0.014065,0.58,,,33.7502,9.1561,9.1561,,,896671464.0,896671464.0,402078457.0,6608468689.999999,6608468689.999999,环境保护,环保,环境治理,综合环境治理,7.92,6.48,
2014-03-24,16.96,16.96,16.35,16.69,16.8,-0.1099999999999994,-0.65,8145330.0,59393484.2,2.28,0.009084,0.0202579999999999,0.95,,,33.5212,9.094,9.094,,,896671464.0,896671464.0,402078457.0,6563635116.0,6563635116.0,环境保护,环保,环境治理,综合环境治理,8.11,6.63,
2014-03-25,16.42,16.78,16.3,16.48,16.69,-0.2100000000000008,-1.26,7804419.0,56342728.2,2.28,0.008704,0.018317,1.04,,,33.109,8.9822,8.9822,,,896671464.0,896671464.0,426086779.0,6482934685.0,6482934685.0,环境保护,环保,环境治理,综合环境治理,8.05,6.59,
2014-03-26,16.74,17.03,15.62,15.98,16.48,-0.5,-3.03,17504333.0,123083251.6,2.28,0.019521,0.041082,2.57,,,32.1016,8.7088,8.7088,,,896671464.0,896671464.0,426086779.0,6285666963.0,6285666963.0,环境保护,环保,环境治理,综合环境治理,7.95,6.51,
2014-03-27,15.96,16.01,15.21,15.41,15.98,-0.5700000000000003,-3.57,13074312.0,88884229.8,2.28,0.014581,0.0306849999999999,1.48,,,30.9567,8.3983,8.3983,,,896671464.0,896671464.0,426086779.0,6061499097.0,6061499097.0,环境保护,环保,环境治理,综合环境治理,7.71,6.31,
2014-03-28,15.41,15.55,14.84,15.16,15.41,-0.25,-1.62,6906603.999999999,46219160.1,2.28,0.007702,0.016209,0.66,,,30.453,8.2616,8.2616,,,896671464.0,896671464.0,426086779.0,5962865236.0,5962865236.0,环境保护,环保,环境治理,综合环境治理,7.44,6.08,
2014-03-31,15.14,15.6,15.05,15.57,15.16,0.4100000000000001,2.7,4606296.0,31060328.9,2.28,0.005137,0.010811,0.43,,,31.2773,8.4852,8.4852,,,896671464.0,896671464.0,426086779.0,6124266099.0,6124266099.0,环境保护,环保,环境治理,综合环境治理,7.32,5.99,
2014-04-01,15.6,15.89,15.37,15.55,15.57,-0.0199999999999995,-0.13,4597530.0,31506368.5,2.28,0.005127,0.01079,0.46,,,31.2315,8.4728,8.4728,,,896671464.0,896671464.0,426086779.0,6115299384.0,6115299384.0,环境保护,环保,环境治理,综合环境治理,7.51,6.15,
2014-04-02,15.46,15.57,15.28,15.57,15.55,0.0199999999999995,0.13,3112957.0,21077702.3,2.28,0.003472,0.007306,0.33,,,31.2773,8.4852,8.4852,,,896671464.0,896671464.0,426086779.0,6124266099.0,6124266099.0,环境保护,环保,环境治理,综合环境治理,7.5,6.14,
2014-04-03,15.5,15.73,15.16,15.3,15.57,-0.2699999999999996,-1.73,4502662.0,30346895.8,2.28,0.0050219999999999,0.010567,0.7,,,30.7278,8.3361,8.3361,,,896671464.0,896671464.0,426086779.0,6016665523.0,6016665523.0,环境保护,环保,环境治理,综合环境治理,7.51,6.15,
2014-04-04,15.25,15.34,15.07,15.32,15.3,0.0199999999999995,0.13,3956558.0,26389593.3,2.28,0.004412,0.0092859999999999,0.83,,,30.7736,8.3486,8.3486,,,896671464.0,896671464.0,426086779.0,6025632238.0,6025632238.0,环境保护,环保,环境治理,综合环境治理,7.38,6.04,
2014-04-08,15.28,15.28,14.36,14.59,15.32,-0.7300000000000004,-4.77,16945498.0,109086686.3,2.28,0.0188979999999999,0.03977,4.08,,,29.3081,7.951,7.951,,,896671464.0,896671464.0,426086779.0,5738697370.0,5738697370.0,环境保护,环保,环境治理,综合环境治理,7.39,6.05,
2014-04-09,14.59,15.07,14.25,14.77,14.59,0.1799999999999997,1.23,8504496.0,54980629.8,2.28,0.009485,0.01996,1.28,,,29.6745,8.0504,8.0504,,,896671464.0,896671464.0,426086779.0,5810431087.0,5810431087.0,环境保护,环保,环境治理,综合环境治理,7.04,5.76,
2014-04-10,14.8,14.98,14.57,14.87,14.77,0.0999999999999996,0.68,7470349.000000001,48393052.8,2.28,0.008331,0.017532,1.01,,,29.8577,8.1001,8.1001,,,896671464.0,896671464.0,426086779.0,5846297945.0,5846297945.0,环境保护,环保,环境治理,综合环境治理,7.13,5.83,
2014-04-11,14.91,15.48,14.77,15.37,14.87,0.5,3.36,7293572.0,48307151.5,2.28,0.008134,0.017118,0.88,,,30.8651,8.3734,8.3734,,,896671464.0,896671464.0,426086779.0,6043565667.0,6043565667.0,环境保护,环保,环境治理,综合环境治理,7.17,5.87,
2014-04-14,15.34,15.8,15.34,15.57,15.37,0.200000000000001,1.3,7235224.000000001,49525947.0,2.28,0.008069,0.016981,0.82,,,31.2773,8.4852,8.4852,,,896671464.0,896671464.0,426086779.0,6124266099.0,6124266099.0,环境保护,环保,环境治理,综合环境治理,7.41,6.07,
2014-04-15,15.5,15.73,15.34,15.48,15.57,-0.0899999999999998,-0.58,5408674.0,36844224.7,2.28,0.0060319999999999,0.012694,0.57,,,31.0941,8.4355,8.4355,,,896671464.0,896671464.0,426086779.0,6088399240.999999,6088399240.999999,环境保护,环保,环境治理,综合环境治理,7.51,6.15,
2014-04-16,15.44,15.87,15.28,15.78,15.48,0.2999999999999989,1.94,5096782.0,34785378.3,2.28,0.005684,0.0119619999999999,0.71,,,31.6894,8.597,8.597,,,896671464.0,896671464.0,426086779.0,6204966531.0,6204966531.0,环境保护,环保,环境治理,综合环境治理,7.47,6.11,
2014-04-17,15.82,16.51,15.82,16.51,15.78,0.7300000000000022,4.63,11957592.0,85045154.2,2.28,0.0133359999999999,0.028064,1.84,,,33.1548,8.9946,8.9946,,,896671464.0,896671464.0,426086779.0,6491901398.999999,6491901398.999999,环境保护,环保,环境治理,综合环境治理,7.61,6.23,
2014-04-18,16.46,16.55,15.82,16.07,16.51,-0.4400000000000013,-2.67,14392631.0,101728902.1,2.28,0.016051,0.0337789999999999,1.95,,,32.2848,8.7585,8.7585,,,896671464.0,896671464.0,426086779.0,6321533821.0,6321533821.0,环境保护,环保,环境治理,综合环境治理,7.96,6.52,
2014-04-21,15.66,16.07,15.34,15.55,16.07,-0.5199999999999996,-3.24,6884260.000000001,47303862.5,2.28,0.007678,0.0161569999999999,0.78,,,31.2315,8.4728,8.4728,,,896671464.0,896671464.0,426086779.0,6115299384.0,6115299384.0,环境保护,环保,环境治理,综合环境治理,7.76,6.35,
2014-04-22,16.19,16.19,14.8,15.21,15.55,-0.3399999999999998,-2.19,8019425.999999999,53698242.9,2.28,0.008944,0.018821,0.92,,,30.5446,8.2864,8.2864,,,896671464.0,896671464.0,426086779.0,5980798665.0,5980798665.0,环境保护,环保,环境治理,综合环境治理,7.5,6.14,
2014-04-23,15.73,15.73,15.16,15.18,15.21,-0.0300000000000011,-0.2,3052030.0,20485342.1,2.28,0.003404,0.007163,0.33,,,30.4988,8.274,8.274,,,896671464.0,896671464.0,426086779.0,5971831949.999999,5971831949.999999,环境保护,环保,环境治理,综合环境治理,7.34,6.0,
2014-04-24,15.16,15.39,14.96,14.96,15.18,-0.2199999999999988,-1.45,3290383.9999999995,21995228.0,2.28,0.00367,0.007722,0.37,,,30.0409,8.1498,8.1498,,,896671464.0,896671464.0,426086779.0,5882164804.0,5882164804.0,环境保护,环保,环境治理,综合环境治理,7.33,5.99,
2014-04-25,15.05,15.57,14.64,15.28,14.96,0.3199999999999985,2.14,7399778.999999999,49399188.2,2.28,0.008252,0.017367,1.04,,,30.682,8.3237,8.3237,,,896671464.0,896671464.0,426086779.0,6007698809.0,6007698809.0,环境保护,环保,环境治理,综合环境治理,7.22,5.9,
2014-04-28,15.3,15.48,15.05,15.23,15.28,-0.0499999999999989,-0.33,4144448.000000001,27755532.4,2.28,0.004622,0.009727,0.72,,,30.5904,8.2989,8.2989,,,896671464.0,896671464.0,426086779.0,5989765379.999999,5989765379.999999,环境保护,环保,环境治理,综合环境治理,7.37,6.03,
2014-04-29,15.28,15.48,15.05,15.14,15.23,-0.0899999999999998,-0.59,4476194.0,29903984.6,2.28,0.004992,0.010505,0.86,,,32.38,8.2492,10.5372,,,896671464.0,896671464.0,426086779.0,5953898521.0,5953898521.0,环境保护,环保,环境治理,综合环境治理,7.35,6.01,
2014-04-30,15.18,15.53,15.07,15.5,15.14,0.3599999999999994,2.38,2896831.0,19545083.9,2.28,0.003231,0.0067989999999999,0.65,,,33.1602,8.4479,10.7911,,,896671464.0,896671464.0,426086779.0,6097365955.000001,6097365955.000001,环境保护,环保,环境治理,综合环境治理,7.3,5.98,
2014-05-05,15.71,16.37,15.53,16.32,15.5,0.8200000000000003,5.29,8648637.0,60498057.0,2.28,0.009645,0.0202979999999999,1.95,,,34.9158,8.8952,11.3624,,,896671464.0,896671464.0,426086779.0,6420167682.000001,6420167682.000001,环境保护,环保,环境治理,综合环境治理,7.48,6.12,
2014-05-06,16.37,16.51,15.98,16.14,16.32,-0.1799999999999997,-1.1,6880946.000000001,49004910.1,2.28,0.0076739999999999,0.016149,1.25,,,34.5257,8.7958,11.2355,,,896671464.0,896671464.0,426086779.0,6348433965.0,6348433965.0,环境保护,环保,环境治理,综合环境治理,7.88,6.44,
2014-05-07,16.23,16.32,16.01,16.03,16.14,-0.1099999999999994,-0.68,3384269.9999999995,23979671.4,2.28,0.003774,0.007943,0.63,,,34.2818,8.7337,11.1561,,,896671464.0,896671464.0,426086779.0,6303600392.0,6303600392.0,环境保护,环保,环境治理,综合环境治理,7.79,6.37,
2014-05-08,16.12,16.21,15.8,16.03,16.03,0.0,0.0,3678133.0,25834551.9,2.28,0.004102,0.007812,0.7,,,34.2818,8.7337,11.1561,,,896671464.0,896671464.0,470830685.0,6303600392.0,6303600392.0,环境保护,环保,环境治理,综合环境治理,7.73,6.33,
2014-05-09,15.89,16.19,15.73,15.94,16.03,-0.0900000000000016,-0.56,4692722.0,32781468.8,2.28,0.005233,0.009967,0.92,,,34.0868,8.684,11.0926,,,896671464.0,896671464.0,470830685.0,6267733533.0,6267733533.0,环境保护,环保,环境治理,综合环境治理,7.73,6.33,
2014-05-12,16.01,16.32,15.75,16.21,15.94,0.2700000000000013,1.69,5196146.0,36586648.8,2.28,0.005795,0.0110359999999999,0.95,,,34.672,8.8331,11.2831,,,896671464.0,896671464.0,470830685.0,6375334109.0,6375334109.0,环境保护,环保,环境治理,综合环境治理,7.69,6.29,
2014-05-13,16.12,16.32,15.96,16.03,16.21,-0.1799999999999997,-1.11,3730591.000000001,26444172.3,2.28,0.00416,0.007923,0.78,,,34.2818,8.7337,11.1561,,,896671464.0,896671464.0,470830685.0,6303600392.0,6303600392.0,环境保护,环保,环境治理,综合环境治理,7.82,6.4,
2014-05-14,16.14,16.14,15.87,15.89,16.03,-0.1400000000000005,-0.87,2392587.0,16776804.499999998,2.28,0.002668,0.005082,0.58,,,33.9892,8.6591,11.0609,,,896671464.0,896671464.0,470830685.0,6249800104.0,6249800104.0,环境保护,环保,环境治理,综合环境治理,7.73,6.33,
2014-05-15,15.85,15.98,15.28,15.41,15.89,-0.4800000000000004,-3.02,5143421.0,35088398.0,2.28,0.005736,0.010924,1.31,,,32.9652,8.3983,10.7277,,,896671464.0,896671464.0,470830685.0,6061499097.0,6061499097.0,环境保护,环保,环境治理,综合环境治理,7.67,6.27,
2014-05-16,15.46,15.6,15.0,15.34,15.41,-0.0700000000000002,-0.45,2784460.0,18634686.8,2.28,0.003105,0.005914,0.66,,,32.8189,8.361,10.68,,,896671464.0,896671464.0,470830685.0,6034598953.0,6034598953.0,环境保护,环保,环境治理,综合环境治理,7.44,6.08,
2014-05-19,15.34,15.34,14.93,15.21,15.34,-0.129999999999999,-0.85,2383859.0,15776558.6,2.28,0.002659,0.005063,0.62,,,32.5263,8.2864,10.5848,,,896671464.0,896671464.0,470830685.0,5980798665.0,5980798665.0,环境保护,环保,环境治理,综合环境治理,7.4,6.06,
2014-05-20,15.25,15.46,15.05,15.25,15.21,0.0399999999999991,0.26,2163503.0,14422919.9,2.28,0.0024129999999999,0.004595,0.66,,,32.6238,8.3113,10.6166,,,896671464.0,896671464.0,470830685.0,5998732094.000001,5998732094.000001,环境保护,环保,环境治理,综合环境治理,7.34,6.0,
2014-05-21,15.25,15.87,15.12,15.66,15.25,0.4100000000000001,2.69,4793393.0,32525263.1,2.28,0.005346,0.010181,1.61,,,33.5016,8.5349,10.9022,,,896671464.0,896671464.0,470830685.0,6160132958.0,6160132958.0,环境保护,环保,环境治理,综合环境治理,7.36,6.02,
2014-05-22,15.6,15.78,15.41,15.46,15.66,-0.1999999999999993,-1.28,2932700.0,20044031.1,2.28,0.003271,0.006229,0.85,,,33.0627,8.4231,10.7594,,,896671464.0,896671464.0,470830685.0,6079432526.0,6079432526.0,环境保护,环保,环境治理,综合环境治理,7.56,6.18,
2014-05-23,15.41,15.82,15.32,15.62,15.46,0.1599999999999983,1.03,3014626.0,20564351.2,2.28,0.003362,0.006403,1.0,,,33.4041,8.5101,10.8705,,,896671464.0,896671464.0,470830685.0,6142199528.0,6142199528.0,环境保护,环保,环境治理,综合环境治理,7.46,6.1,
2014-05-26,15.55,15.73,15.48,15.57,15.62,-0.0499999999999989,-0.32,2777617.0,18995655.2,2.28,0.003098,0.005899,0.91,,,33.3065,8.4852,10.8387,,,896671464.0,896671464.0,470830685.0,6124266099.0,6124266099.0,环境保护,环保,环境治理,综合环境治理,7.54,6.17,
2014-05-27,15.62,15.62,15.16,15.23,15.57,-0.3399999999999998,-2.18,4025540.0,27066017.9,2.28,0.004489,0.00855,1.28,,,32.5751,8.2989,10.6007,,,896671464.0,896671464.0,470830685.0,5989765379.999999,5989765379.999999,环境保护,环保,环境治理,综合环境治理,7.51,6.15,
2014-05-28,15.37,15.37,14.93,15.28,15.23,0.0499999999999989,0.33,4270053.0,28334846.8,2.28,0.004762,0.009069,1.22,,,32.6726,8.3237,10.6324,,,896671464.0,896671464.0,470830685.0,6007698809.0,6007698809.0,环境保护,环保,环境治理,综合环境治理,7.35,6.01,
2014-05-29,15.37,15.37,14.82,14.96,15.28,-0.3199999999999985,-2.09,4576976.0,30197428.4,2.28,0.005104,0.009721,1.34,,,31.9899,8.1498,10.4103,,,896671464.0,896671464.0,470830685.0,5882164804.0,5882164804.0,环境保护,环保,环境治理,综合环境治理,7.37,6.03,
2014-05-30,15.0,15.14,14.84,15.12,14.96,0.1599999999999983,1.07,2778028.0,18278191.200000003,2.28,0.003098,0.0059,0.74,,,32.3312,8.2367,10.5214,,,896671464.0,896671464.0,470830685.0,5944931806.0,5944931806.0,环境保护,环保,环境治理,综合环境治理,7.22,5.9,
2014-06-03,15.12,15.48,14.93,15.3,15.12,0.1800000000000015,1.19,4660925.0,31195546.3,2.28,0.005198,0.009899,1.26,,,32.7214,8.3361,10.6483,,,896671464.0,896671464.0,470830685.0,6016665523.0,6016665523.0,环境保护,环保,环境治理,综合环境治理,7.29,5.97,
2014-06-04,15.3,15.34,15.05,15.12,15.3,-0.1800000000000015,-1.18,2917610.0,19447491.6,2.28,0.003254,0.006197,0.72,,,32.3312,8.2367,10.5214,,,896671464.0,896671464.0,470830685.0,5944931806.0,5944931806.0,环境保护,环保,环境治理,综合环境治理,7.38,6.04,
2014-06-05,15.05,15.23,15.05,15.14,15.12,0.0200000000000013,0.13,2054391.0,13630091.7,2.28,0.002291,0.004363,0.53,,,32.38,8.2492,10.5372,,,896671464.0,896671464.0,470830685.0,5953898521.0,5953898521.0,环境保护,环保,环境治理,综合环境治理,7.29,5.97,
2014-06-06,15.25,15.39,15.14,15.3,15.14,0.1600000000000001,1.06,3111636.0,20839945.5,2.28,0.0034699999999999,0.006609,0.92,,,32.7214,8.3361,10.6483,,,896671464.0,896671464.0,470830685.0,6016665523.0,6016665523.0,环境保护,环保,环境治理,综合环境治理,7.3,5.98,
2014-06-09,15.39,15.39,14.96,15.05,15.3,-0.25,-1.63,3462698.0000000005,23049814.2,2.28,0.003862,0.007354,1.12,,,32.1849,8.1995,10.4737,,,896671464.0,896671464.0,470830685.0,5918031662.0,5918031662.0,环境保护,环保,环境治理,综合环境治理,7.38,6.04,
2014-06-10,15.07,15.21,14.93,15.14,15.05,0.0899999999999998,0.6,2528964.0,16743632.8,2.28,0.0028199999999999,0.005371,0.78,,,32.38,8.2492,10.5372,,,896671464.0,896671464.0,470830685.0,5953898521.0,5953898521.0,环境保护,环保,环境治理,综合环境治理,7.26,5.94,
2014-06-11,15.21,15.34,15.09,15.34,15.14,0.1999999999999993,1.32,2222256.0,14820606.0,2.28,0.0024779999999999,0.0047199999999999,0.79,,,32.8189,8.361,10.68,,,896671464.0,896671464.0,470830685.0,6034598953.0,6034598953.0,环境保护,环保,环境治理,综合环境治理,7.3,5.98,
2014-06-12,15.37,15.37,15.05,15.07,15.34,-0.2699999999999996,-1.76,2383590.0,15799936.0,2.28,0.0026579999999999,0.005063,0.89,,,32.2337,8.2119,10.4896,,,896671464.0,896671464.0,470830685.0,5926998377.0,5926998377.0,环境保护,环保,环境治理,综合环境治理,7.4,6.06,
2014-06-13,15.05,15.55,14.91,15.48,15.07,0.4100000000000001,2.72,6159598.0,40962942.3,2.28,0.0068689999999999,0.013082,2.25,,,33.1115,8.4355,10.7753,,,896671464.0,896671464.0,470830685.0,6088399240.999999,6088399240.999999,环境保护,环保,环境治理,综合环境治理,7.27,5.95,
2014-06-16,15.34,15.57,15.12,15.44,15.48,-0.0400000000000009,-0.26,6206053.0,41811574.5,2.28,0.006921,0.013181,1.85,,,33.0139,8.4107,10.7435,,,896671464.0,896671464.0,470830685.0,6070465810.999999,6070465810.999999,环境保护,环保,环境治理,综合环境治理,7.47,6.11,
2014-06-17,15.53,15.57,15.03,15.07,15.44,-0.3699999999999992,-2.4,6147550.0,40980699.3,2.28,0.006856,0.013057,1.58,,,32.2337,8.2119,10.4896,,,896671464.0,896671464.0,470830685.0,5926998377.0,5926998377.0,环境保护,环保,环境治理,综合环境治理,7.45,6.09,
2014-06-18,15.03,15.18,14.73,14.77,15.07,-0.3000000000000007,-1.99,4368393.0,28594435.6,2.28,0.004872,0.009278,0.94,,,31.5998,8.0504,10.2833,,,896671464.0,896671464.0,470830685.0,5810431087.0,5810431087.0,环境保护,环保,环境治理,综合环境治理,7.27,5.95,
2014-06-19,14.82,14.93,14.3,14.3,14.77,-0.4699999999999988,-3.18,4846641.0,31018980.3,2.28,0.005405,0.010294,0.96,,,30.5757,7.7895,9.9501,,,896671464.0,896671464.0,470830685.0,5622130079.0,5622130079.0,环境保护,环保,环境治理,综合环境治理,7.13,5.83,
2014-06-20,14.25,14.48,13.75,14.02,14.3,-0.2800000000000011,-1.96,5932385.0,36576214.9,2.28,0.0066159999999999,0.0126,1.07,,,29.9905,7.6404,9.7596,,,896671464.0,896671464.0,470830685.0,5514529504.0,5514529504.0,环境保护,环保,环境治理,综合环境治理,6.9,5.64,
2014-06-23,14.14,14.32,13.95,14.04,14.02,0.0199999999999995,0.14,3583587.9999999995,22249074.7,2.28,0.003997,0.007611,0.65,,,30.0393,7.6528,9.7755,,,896671464.0,896671464.0,470830685.0,5523496218.0,5523496218.0,环境保护,环保,环境治理,综合环境治理,6.77,5.54,
2014-06-24,14.09,14.64,13.93,14.57,14.04,0.5300000000000011,3.77,4977782.0,31234015.200000003,2.28,0.005551,0.010572,1.0,,,31.1609,7.9386,10.1405,,,896671464.0,896671464.0,470830685.0,5729730655.0,5729730655.0,环境保护,环保,环境治理,综合环境治理,6.78,5.54,
2014-06-25,14.59,14.91,14.39,14.55,14.57,-0.0199999999999995,-0.14,4572411.0,29472319.9,2.28,0.005099,0.009711,0.96,,,31.1121,7.9262,10.1246,,,896671464.0,896671464.0,470830685.0,5720763940.0,5720763940.0,环境保护,环保,环境治理,综合环境治理,7.03,5.75,
2014-06-26,14.55,15.14,14.34,15.03,14.55,0.4799999999999986,3.3,9075514.0,58177838.900000006,2.28,0.010121,0.019276,1.9,,,32.1362,8.1871,10.4579,,,896671464.0,896671464.0,470830685.0,5909064948.0,5909064948.0,环境保护,环保,环境治理,综合环境治理,7.02,5.74,
2014-06-27,14.93,15.12,14.84,14.96,15.03,-0.0699999999999985,-0.47,4558217.0,30024159.8,2.28,0.005083,0.009681,0.81,,,31.9899,8.1498,10.4103,,,896671464.0,896671464.0,470830685.0,5882164804.0,5882164804.0,环境保护,环保,环境治理,综合环境治理,7.25,5.93,
2014-06-30,14.96,15.23,14.77,14.91,14.96,-0.0500000000000007,-0.33,3905923.000000001,25578599.8,2.28,0.004356,0.008296,0.73,,,31.8923,8.1249,10.3785,,,896671464.0,896671464.0,470830685.0,5864231375.0,5864231375.0,环境保护,环保,环境治理,综合环境治理,7.22,5.9,
2014-07-01,14.91,15.69,14.91,15.14,14.91,0.2300000000000004,1.54,4850088.0,32109078.9,2.28,0.005409,0.010301,0.9,,,32.38,8.2492,10.5372,,,896671464.0,896671464.0,470830685.0,5953898521.0,5953898521.0,环境保护,环保,环境治理,综合环境治理,7.19,5.89,
2014-07-02,15.5,15.5,14.8,14.91,15.14,-0.2300000000000004,-1.52,7540357.000000001,49465205.2,2.28,0.008409,0.0160149999999999,1.4,,,31.8923,8.1249,10.3785,,,896671464.0,896671464.0,470830685.0,5864231375.0,5864231375.0,环境保护,环保,环境治理,综合环境治理,7.3,5.98,
2014-07-03,15.28,15.28,14.55,14.64,14.91,-0.2699999999999996,-1.81,8676384.0,55985504.7,2.28,0.009676,0.018428,1.45,,,31.3072,7.9759,10.1881,,,896671464.0,896671464.0,470830685.0,5756630799.0,5756630799.0,环境保护,环保,环境治理,综合环境治理,7.19,5.89,
2014-07-04,14.66,14.75,14.5,14.73,14.64,0.0899999999999998,0.61,4072487.000000001,26121882.9,2.28,0.004542,0.00865,0.69,,,31.5022,8.0255,10.2516,,,896671464.0,896671464.0,470830685.0,5792497657.0,5792497657.0,环境保护,环保,环境治理,综合环境治理,7.06,5.78,
2014-07-07,14.73,15.32,14.46,15.05,14.73,0.3200000000000003,2.17,9543112.0,62241022.5,2.28,0.010643,0.020269,1.64,,,32.1849,8.1995,10.4737,,,896671464.0,896671464.0,470830685.0,5918031662.0,5918031662.0,环境保护,环保,环境治理,综合环境治理,7.11,5.81,
2014-07-08,14.91,14.96,14.5,14.84,15.05,-0.2100000000000008,-1.4,5716203.0,36950840.4,2.28,0.006375,0.0121409999999999,0.82,,,31.7461,8.0877,10.3309,,,896671464.0,896671464.0,470830685.0,5837331231.0,5837331231.0,环境保护,环保,环境治理,综合环境治理,7.26,5.94,
2014-07-09,14.71,14.93,14.59,14.68,14.84,-0.1600000000000001,-1.08,3120557.0,20163313.0,2.28,0.0034799999999999,0.0066279999999999,0.44,,,31.4047,8.0007,10.2198,,,896671464.0,896671464.0,470830685.0,5774564227.999999,5774564227.999999,环境保护,环保,环境治理,综合环境治理,7.16,5.86,
2014-07-10,14.75,15.37,14.61,15.32,14.68,0.6400000000000006,4.36,10127226.0,67044567.7,2.28,0.011294,0.021509,1.63,,,32.7701,8.3486,10.6642,,,896671464.0,896671464.0,470830685.0,6025632238.0,6025632238.0,环境保护,环保,环境治理,综合环境治理,7.08,5.8,
2014-07-11,15.28,15.69,15.25,15.48,15.32,0.1600000000000001,1.04,9641591.0,65559247.8,2.28,0.0107529999999999,0.020478,1.48,,,33.1115,8.4355,10.7753,,,896671464.0,896671464.0,470830685.0,6088399240.999999,6088399240.999999,环境保护,环保,环境治理,综合环境治理,7.39,6.05,
2014-07-14,15.53,15.69,15.28,15.5,15.48,0.0199999999999995,0.13,5913495.0,40015183.7,2.28,0.006595,0.01256,0.78,,,33.1602,8.4479,10.7911,,,896671464.0,896671464.0,470830685.0,6097365955.000001,6097365955.000001,环境保护,环保,环境治理,综合环境治理,7.47,6.11,
2014-07-15,15.5,15.5,15.16,15.28,15.5,-0.2200000000000006,-1.42,4304618.0,28882393.5,2.28,0.004801,0.009143,0.62,,,32.6726,8.3237,10.6324,,,896671464.0,896671464.0,470830685.0,6007698809.0,6007698809.0,环境保护,环保,环境治理,综合环境治理,7.48,6.12,
2014-07-16,15.25,15.44,14.93,15.0,15.28,-0.2799999999999993,-1.83,4156625.0,27531999.1,2.28,0.004636,0.008828,0.63,,,32.0874,8.1746,10.442,,,896671464.0,896671464.0,470830685.0,5900098233.0,5900098233.0,环境保护,环保,环境治理,综合环境治理,7.37,6.03,
2014-07-17,14.89,15.23,14.89,15.12,15.0,0.1199999999999992,0.8,3240670.0,21385678.1,2.28,0.003614,0.006883,0.47,,,32.3312,8.2367,10.5214,,,896671464.0,896671464.0,470830685.0,5944931806.0,5944931806.0,环境保护,环保,环境治理,综合环境治理,7.24,5.92,
2014-07-18,15.0,15.53,14.98,15.41,15.12,0.2900000000000009,1.92,3912749.0,26195619.6,2.28,0.004364,0.00831,0.72,,,32.9652,8.3983,10.7277,,,896671464.0,896671464.0,470830685.0,6061499097.0,6061499097.0,环境保护,环保,环境治理,综合环境治理,7.29,5.97,
2014-07-21,15.48,16.42,15.34,16.21,15.41,0.8000000000000007,5.19,17334839.0,122046738.6,2.28,0.019332,0.036818,4.03,,,34.672,8.8331,11.2831,,,896671464.0,896671464.0,470830685.0,6375334109.0,6375334109.0,环境保护,环保,环境治理,综合环境治理,7.44,6.08,
2014-07-22,16.19,17.05,16.07,16.26,16.21,0.0500000000000007,0.31,10472498.0,75523317.6,2.28,0.011679,0.022243,1.59,,,34.7695,8.8579,11.3148,,,896671464.0,896671464.0,470830685.0,6393267537.999999,6393267537.999999,环境保护,环保,环境治理,综合环境治理,7.82,6.4,
2014-07-23,16.35,16.74,15.98,16.67,16.26,0.4100000000000001,2.52,13841692.000000002,100357457.3,2.28,0.015437,0.029398,1.77,,,35.6473,9.0815,11.6005,,,896671464.0,896671464.0,470830685.0,6554668402.0,6554668402.0,环境保护,环保,环境治理,综合环境治理,7.84,6.42,
2014-07-24,16.62,16.85,16.3,16.48,16.67,-0.1900000000000012,-1.14,8071914.999999999,58603015.0,2.28,0.009002,0.017144,0.83,,,35.2571,8.9822,11.4735,,,896671464.0,896671464.0,470830685.0,6482934685.0,6482934685.0,环境保护,环保,环境治理,综合环境治理,8.04,6.58,
2014-07-25,16.44,16.6,16.19,16.26,16.48,-0.2199999999999988,-1.33,4519486.0,32328097.5,2.28,0.00504,0.009599,0.42,,,34.7695,8.8579,11.3148,,,896671464.0,896671464.0,470830685.0,6393267537.999999,6393267537.999999,环境保护,环保,环境治理,综合环境治理,7.95,6.51,
2014-07-28,16.21,16.55,16.21,16.39,16.26,0.129999999999999,0.8,4790569.0,34354454.1,2.28,0.005343,0.010175,0.44,,,35.0621,8.9325,11.41,,,896671464.0,896671464.0,470830685.0,6447067826.0,6447067826.0,环境保护,环保,环境治理,综合环境治理,7.84,6.42,
2014-07-29,16.32,16.6,16.32,16.39,16.39,0.0,0.0,5196665.0,37453206.1,2.28,0.005796,0.0110369999999999,0.62,,,35.0621,8.9325,11.41,,,896671464.0,896671464.0,470830685.0,6447067826.0,6447067826.0,环境保护,环保,环境治理,综合环境治理,7.91,6.47,
2014-07-30,16.51,16.83,16.3,16.69,16.39,0.3000000000000007,1.83,7350496.000000001,53640403.400000006,2.28,0.008198,0.015612,1.01,,,35.696,9.094,11.6163,,,896671464.0,896671464.0,470830685.0,6563635116.0,6563635116.0,环境保护,环保,环境治理,综合环境治理,7.91,6.47,
2014-07-31,16.64,16.76,16.53,16.64,16.69,-0.0500000000000007,-0.3,5123452.0,37348903.6,2.28,0.005714,0.010882,0.86,,,35.5985,9.0691,11.5846,,,896671464.0,896671464.0,470830685.0,6545701687.0,6545701687.0,环境保护,环保,环境治理,综合环境治理,8.05,6.59,
2014-08-01,16.64,16.67,16.19,16.3,16.64,-0.3399999999999998,-2.04,6905525.0,49751964.6,2.28,0.007701,0.014667,1.28,,,34.867,8.8828,11.3466,,,896671464.0,896671464.0,470830685.0,6411200968.000001,6411200968.000001,环境保护,环保,环境治理,综合环境治理,8.03,6.57,
2014-08-04,16.28,16.46,16.12,16.32,16.3,0.0199999999999995,0.12,5288188.0,37819878.6,2.28,0.005898,0.0112319999999999,0.9,,,34.9158,8.8952,11.3624,,,896671464.0,896671464.0,470830685.0,6420167682.000001,6420167682.000001,环境保护,环保,环境治理,综合环境治理,7.87,6.44,
2014-08-05,16.42,16.42,16.19,16.28,16.32,-0.0399999999999991,-0.25,4935877.0,35264606.2,2.28,0.0055049999999999,0.010483,0.83,,,34.8183,8.8703,11.3307,,,896671464.0,896671464.0,470830685.0,6402234253.0,6402234253.0,环境保护,环保,环境治理,综合环境治理,7.88,6.44,
2014-08-06,16.19,16.42,16.01,16.39,16.28,0.1099999999999994,0.68,6199177.0,44003043.3,2.28,0.006914,0.013166,1.05,,,35.0621,8.9325,11.41,,,896671464.0,896671464.0,470830685.0,6447067826.0,6447067826.0,环境保护,环保,环境治理,综合环境治理,7.85,6.43,
2014-08-07,16.46,16.99,16.3,16.99,16.39,0.5999999999999979,3.66,13356051.0,97601681.9,2.28,0.014895,0.028367,2.35,,,36.33,9.2555,11.8226,,,896671464.0,896671464.0,470830685.0,6680202407.0,6680202407.0,环境保护,环保,环境治理,综合环境治理,7.91,6.47,
2014-08-08,17.1,17.15,16.58,16.62,16.99,-0.3699999999999974,-2.18,14290479.0,104792622.5,2.28,0.015937,0.030352,1.95,,,35.5497,9.0567,11.5687,,,896671464.0,896671464.0,470830685.0,6536734973.0,6536734973.0,环境保护,环保,环境治理,综合环境治理,8.2,6.71,
2014-08-11,16.58,16.85,16.58,16.67,16.62,0.0500000000000007,0.3,6816655.0,49892979.8,2.28,0.007602,0.014478,0.77,,,35.6473,9.0815,11.6005,,,896671464.0,896671464.0,470830685.0,6554668402.0,6554668402.0,环境保护,环保,环境治理,综合环境治理,8.02,6.56,
2014-08-12,16.76,17.67,16.6,17.33,16.67,0.6599999999999966,3.96,15769613.0,118501713.6,2.28,0.017587,0.033493,1.73,,,37.0614,9.4418,12.0607,,,896671464.0,896671464.0,470830685.0,6814703125.999999,6814703125.999999,环境保护,环保,环境治理,综合环境治理,8.04,6.58,
2014-08-13,17.67,17.74,17.08,17.67,17.33,0.3400000000000034,1.96,16101635.999999998,122573279.2,2.28,0.017957,0.034198,1.43,,,37.7929,9.6282,12.2987,,,896671464.0,896671464.0,470830685.0,6949203846.0,6949203846.0,环境保护,环保,环境治理,综合环境治理,8.36,6.84,
2014-08-14,17.65,17.94,17.21,17.35,17.67,-0.3200000000000003,-1.81,14940820.000000002,114819915.6,2.28,0.0166629999999999,0.031733,1.13,,,37.1102,9.4542,12.0765,,,896671464.0,896671464.0,470830685.0,6823669841.0,6823669841.0,环境保护,环保,环境治理,综合环境治理,8.53,6.98,
2014-08-15,17.24,17.76,17.19,17.49,17.35,0.139999999999997,0.81,12283598.0,94328726.2,2.28,0.013699,0.026089,0.9,,,37.4028,9.5288,12.1718,,,896671464.0,896671464.0,470830685.0,6877470129.0,6877470129.0,环境保护,环保,环境治理,综合环境治理,8.37,6.85,
2014-08-18,17.67,17.67,17.35,17.6,17.49,0.1100000000000029,0.63,6630080.0,51011697.9,2.28,0.0073939999999999,0.0140819999999999,0.5,,,37.6466,9.5909,12.2511,,,896671464.0,896671464.0,470830685.0,6922303702.0,6922303702.0,环境保护,环保,环境治理,综合环境治理,8.44,6.9,
2014-08-19,17.58,18.65,17.49,18.4,17.6,0.7999999999999972,4.55,19722869.0,158038409.4,2.28,0.021996,0.04189,1.5,,,39.3534,10.0257,12.8065,,,896671464.0,896671464.0,470830685.0,7236138713.999999,7236138713.999999,环境保护,环保,环境治理,综合环境治理,8.49,6.95,
2014-08-20,18.42,20.06,18.29,19.54,18.4,1.1400000000000006,6.2,25708333.0,216709727.6,2.28,0.028671,0.054602,1.84,,,41.7917,10.6469,13.6,,,896671464.0,896671464.0,470830685.0,7684474446.0,7684474446.0,环境保护,环保,环境治理,综合环境治理,8.88,7.26,
2014-08-21,19.59,19.59,18.99,19.17,19.54,-0.3699999999999974,-1.89,14191397.0,119585026.6,2.28,0.015827,0.030141,0.89,,,41.0114,10.4481,13.3461,,,896671464.0,896671464.0,470830685.0,7541007012.0,7541007012.0,环境保护,环保,环境治理,综合环境治理,9.43,7.71,
2014-08-22,19.17,20.02,19.04,19.45,19.17,0.2799999999999976,1.46,12579173.0,107544823.5,2.28,0.014029,0.026717,0.8,,,41.5966,10.5972,13.5365,,,896671464.0,896671464.0,470830685.0,7648607588.0,7648607588.0,环境保护,环保,环境治理,综合环境治理,9.25,7.57,
2014-08-25,19.49,19.77,19.13,19.33,19.45,-0.120000000000001,-0.62,9686724.0,82646855.6,2.28,0.010803,0.020574,0.61,,,41.3528,10.5351,13.4572,,,896671464.0,896671464.0,470830685.0,7603774015.0,7603774015.0,环境保护,环保,环境治理,综合环境治理,9.38,7.68,
2014-08-26,19.22,19.43,18.49,18.58,19.33,-0.75,-3.88,11847653.0,97856179.8,2.28,0.0132129999999999,0.025163,0.72,,,39.7435,10.1251,12.9335,,,896671464.0,896671464.0,470830685.0,7307872432.0,7307872432.0,环境保护,环保,环境治理,综合环境治理,9.33,7.63,
2014-08-27,18.58,18.81,18.49,18.54,18.58,-0.0399999999999991,-0.22,7583937.0,61982777.4,2.28,0.008458,0.016108,0.51,,,39.646,10.1003,12.9017,,,896671464.0,896671464.0,470830685.0,7289939002.0,7289939002.0,环境保护,环保,环境治理,综合环境治理,8.97,7.34,
2014-08-28,18.54,18.67,17.92,17.99,18.54,-0.5500000000000007,-2.97,12833422.0,102290653.3,2.28,0.014312,0.0272569999999999,1.15,,,42.3072,9.8021,22.0695,,,896671464.0,896671464.0,470830685.0,7074737851.0,7074737851.0,环境保护,环保,环境治理,综合环境治理,8.94,7.32,
2014-08-29,18.08,18.7,17.92,18.63,17.99,0.6400000000000006,3.56,7284541.0,58748846.5,2.28,0.008124,0.015472,0.67,,,43.8086,10.15,22.8527,,,896671464.0,896671464.0,470830685.0,7325805861.0,7325805861.0,环境保护,环保,环境治理,综合环境治理,8.68,7.1,
2014-09-01,18.7,19.24,18.7,19.04,18.63,0.4100000000000001,2.2,4961179.0,41261841.1,2.28,0.005533,0.010537,0.5,,,44.7738,10.3736,23.3562,,,896671464.0,896671464.0,470830685.0,7487206724.0,7487206724.0,环境保护,环保,环境治理,综合环境治理,8.99,7.35,
2014-09-02,19.27,20.38,19.04,20.18,19.04,1.1400000000000006,5.99,17554373.0,153668096.8,2.28,0.019577,0.037284,1.97,,,47.4549,10.9948,24.7548,,,896671464.0,896671464.0,470830685.0,7935542456.0,7935542456.0,环境保护,环保,环境治理,综合环境治理,9.19,7.52,
2014-09-03,20.06,20.29,19.77,19.79,20.18,-0.3900000000000005,-1.93,13744767.000000002,120108940.4,2.28,0.0153289999999999,0.0291929999999999,1.37,,,46.5433,10.7836,24.2793,,,896671464.0,896671464.0,470830685.0,7783108308.0,7783108308.0,环境保护,环保,环境治理,综合环境治理,9.74,7.97,
2014-09-04,19.72,20.16,19.7,19.9,19.79,0.1099999999999994,0.56,9604353.0,83875474.4,2.28,0.010711,0.0203989999999999,0.85,,,46.8114,10.8457,24.4192,,,896671464.0,896671464.0,470830685.0,7827941881.0,7827941881.0,环境保护,环保,环境治理,综合环境治理,9.55,7.81,
2014-09-05,19.84,20.22,19.61,20.02,19.9,0.120000000000001,0.6,10421445.0,91536134.4,2.28,0.0116219999999999,0.022134,0.98,,,47.0795,10.9078,24.559,,,896671464.0,896671464.0,470830685.0,7872775453.999999,7872775453.999999,环境保护,环保,环境治理,综合环境治理,9.6,7.86,
2014-09-09,20.02,21.23,20.02,20.79,20.02,0.7699999999999996,3.85,13799589.000000002,125597097.8,2.28,0.01539,0.0293089999999999,1.23,,,48.9027,11.3302,25.51,,,896671464.0,896671464.0,470830685.0,8177643752.0,8177643752.0,环境保护,环保,环境治理,综合环境治理,9.66,7.9,
2014-09-10,20.79,21.16,20.52,20.63,20.79,-0.1600000000000001,-0.77,8708654.0,79673558.0,2.28,0.009712,0.018496,0.67,,,48.5273,11.2432,25.3142,,,896671464.0,896671464.0,470830685.0,8114876749.0,8114876749.0,环境保护,环保,环境治理,综合环境治理,10.03,8.21,
2014-09-11,20.61,20.84,20.25,20.47,20.63,-0.1600000000000001,-0.78,11581675.0,104104383.5,2.28,0.012916,0.024598,1.03,,,48.152,11.1563,25.1184,,,896671464.0,896671464.0,470830685.0,8052109747.0,8052109747.0,环境保护,环保,环境治理,综合环境治理,9.96,8.15,
2014-09-12,20.43,20.61,20.25,20.47,20.47,0.0,0.0,7284223.0,65163698.5,2.28,0.008124,0.0154709999999999,0.67,,,48.152,11.1563,25.1184,,,896671464.0,896671464.0,470830685.0,8052109747.0,8052109747.0,环境保护,环保,环境治理,综合环境治理,9.88,8.08,
2014-09-15,20.47,20.98,20.09,20.47,20.47,0.0,0.0,12025853.0,107824900.5,2.28,0.013412,0.025542,1.16,,,48.152,11.1563,25.1184,,,896671464.0,896671464.0,470830685.0,8052109747.0,8052109747.0,环境保护,环保,环境治理,综合环境治理,9.88,8.08,
2014-09-16,20.47,20.52,19.56,19.72,20.47,-0.75,-3.66,10781993.0,94658171.9,2.28,0.012024,0.0229,1.01,,,46.3825,10.7463,24.1954,,,896671464.0,896671464.0,470830685.0,7756208164.0,7756208164.0,环境保护,环保,环境治理,综合环境治理,9.88,8.08,
2014-09-17,19.7,19.95,19.22,19.9,19.72,0.1799999999999997,0.91,9759196.0,83678365.9,2.28,0.010884,0.020728,0.97,,,46.8114,10.8457,24.4192,,,896671464.0,896671464.0,470830685.0,7827941881.0,7827941881.0,环境保护,环保,环境治理,综合环境治理,9.52,7.79,
2014-09-18,20.18,20.29,19.22,19.27,19.9,-0.629999999999999,-3.17,11850406.0,102082508.0,2.28,0.013216,0.025169,1.15,,,45.31,10.4978,23.6359,,,896671464.0,896671464.0,470830685.0,7576873871.000001,7576873871.000001,环境保护,环保,环境治理,综合环境治理,9.6,7.86,
2014-09-19,19.22,19.56,19.13,19.45,19.27,0.1799999999999997,0.93,9757367.0,82899358.9,2.28,0.010882,0.020724,0.94,,,45.739,10.5972,23.8597,,,896671464.0,896671464.0,470830685.0,7648607588.0,7648607588.0,环境保护,环保,环境治理,综合环境治理,9.3,7.61,
2014-09-22,19.43,19.45,18.17,18.47,19.45,-0.9800000000000004,-5.04,15760210.999999998,129081070.7,2.28,0.017576,0.033473,1.45,,,43.4333,10.063,22.6569,,,896671464.0,896671464.0,470830685.0,7263038858.0,7263038858.0,环境保护,环保,环境治理,综合环境治理,9.38,7.68,
2014-09-23,18.49,18.83,18.4,18.67,18.47,0.2000000000000028,1.08,8777998.0,71528163.5,2.28,0.00979,0.018644,0.76,,,43.9159,10.1748,22.9087,,,896671464.0,896671464.0,470830685.0,7343739290.0,7343739290.0,环境保护,环保,环境治理,综合环境治理,8.91,7.29,
2014-09-24,18.67,18.92,18.49,18.88,18.67,0.2099999999999973,1.12,9325241.0,76746507.7,2.28,0.0104,0.019806,0.83,,,44.3985,10.2866,23.1604,,,896671464.0,896671464.0,470830685.0,7424439722.0,7424439722.0,环境保护,环保,环境治理,综合环境治理,9.01,7.37,
2014-09-25,18.86,19.33,18.76,18.88,18.88,0.0,0.0,11742203.0,98216485.3,2.28,0.013095,0.024939,1.06,,,44.3985,10.2866,23.1604,,,896671464.0,896671464.0,470830685.0,7424439722.0,7424439722.0,环境保护,环保,环境治理,综合环境治理,9.11,7.45,
2014-09-26,18.88,19.47,18.74,19.31,18.88,0.4299999999999997,2.28,7954733.0,66950649.1,2.28,0.008871,0.016895,0.72,,,45.4173,10.5227,23.6919,,,896671464.0,896671464.0,470830685.0,7594807300.0,7594807300.0,环境保护,环保,环境治理,综合环境治理,9.11,7.45,
2014-09-29,19.17,20.68,19.17,20.45,19.31,1.1400000000000006,5.9,17897037.0,158362445.0,2.28,0.019959,0.038012,1.67,,,48.0983,11.1438,25.0905,,,896671464.0,896671464.0,470830685.0,8043143032.0,8043143032.0,环境保护,环保,环境治理,综合环境治理,9.32,7.62,
2014-09-30,20.59,20.91,20.25,20.63,20.45,0.1799999999999997,0.88,11918031.0,107282624.0,2.28,0.0132909999999999,0.025313,1.07,,,48.5273,11.2432,25.3142,,,896671464.0,896671464.0,470830685.0,8114876749.0,8114876749.0,环境保护,环保,环境治理,综合环境治理,9.87,8.07,
2014-10-08,20.61,20.84,20.18,20.75,20.63,0.120000000000001,0.58,9811825.0,88605803.5,2.28,0.010942,0.020839,0.83,,,48.7954,11.3053,25.4541,,,896671464.0,896671464.0,470830685.0,8159710322.0,8159710322.0,环境保护,环保,环境治理,综合环境治理,9.96,8.15,
2014-10-09,20.75,20.88,20.34,20.43,20.75,-0.3200000000000003,-1.54,11821304.0,106289061.5,2.28,0.013184,0.025107,1.0,,,48.0447,11.1314,25.0625,,,896671464.0,896671464.0,470830685.0,8034176317.0,8034176317.0,环境保护,环保,环境治理,综合环境治理,10.01,8.19,
2014-10-10,20.41,20.7,19.79,19.95,20.43,-0.4800000000000004,-2.35,12281228.0,108641331.3,2.28,0.013696,0.026084,1.03,,,46.9187,10.8705,24.4751,,,896671464.0,896671464.0,470830685.0,7845875310.0,7845875310.0,环境保护,环保,环境治理,综合环境治理,9.86,8.06,
2014-10-13,19.84,20.73,19.61,20.66,19.95,0.7100000000000009,3.56,10046467.0,88967001.39999999,2.28,0.011204,0.021338,0.79,,,48.5809,11.2556,25.3422,,,896671464.0,896671464.0,470830685.0,8123843464.0,8123843464.0,环境保护,环保,环境治理,综合环境治理,9.63,7.88,
2014-10-14,20.63,20.73,20.16,20.31,20.66,-0.3500000000000014,-1.69,7613352.0,68090108.5,2.28,0.008491,0.01617,0.68,,,47.7766,11.0693,24.9226,,,896671464.0,896671464.0,470830685.0,7989342744.0,7989342744.0,环境保护,环保,环境治理,综合环境治理,9.97,8.15,
2014-10-15,20.47,20.47,19.7,19.84,20.31,-0.4699999999999988,-2.31,9483719.0,82579305.60000001,2.28,0.010577,0.020143,0.92,,,46.6506,10.8084,24.3352,,,896671464.0,896671464.0,470830685.0,7801041737.0,7801041737.0,环境保护,环保,环境治理,综合环境治理,9.8,8.02,
2014-10-16,19.84,19.84,19.22,19.31,19.84,-0.5300000000000011,-2.67,9823179.0,83931337.3,2.28,0.010955,0.0208639999999999,0.96,,,45.4173,10.5227,23.6919,,,896671464.0,896671464.0,470830685.0,7594807300.0,7594807300.0,环境保护,环保,环境治理,综合环境治理,9.57,7.83,
2014-10-17,19.38,19.84,18.7,19.81,19.31,0.5,2.59,12116106.0,102429373.4,2.28,0.013512,0.025733,1.23,,,46.5969,10.796,24.3073,,,896671464.0,896671464.0,470830685.0,7792075022.0,7792075022.0,环境保护,环保,环境治理,综合环境治理,9.32,7.62,
2014-10-20,19.79,20.0,19.65,19.77,19.81,-0.0399999999999991,-0.2,6170620.0,53628139.7,2.28,0.006882,0.013106,0.63,,,46.4897,10.7711,24.2513,,,896671464.0,896671464.0,470830685.0,7774141593.000001,7774141593.000001,环境保护,环保,环境治理,综合环境治理,9.56,7.82,
2014-10-21,19.77,19.84,19.33,19.43,19.77,-0.3399999999999998,-1.72,7395385.000000001,63315457.2,2.28,0.008248,0.015707,0.82,,,45.6854,10.5848,23.8317,,,896671464.0,896671464.0,470830685.0,7639640873.0,7639640873.0,环境保护,环保,环境治理,综合环境治理,9.54,7.8,
2014-10-22,19.4,19.74,19.24,19.27,19.43,-0.1600000000000001,-0.82,5241535.0,44713369.3,2.28,0.005846,0.0111329999999999,0.58,,,45.31,10.4978,23.6359,,,896671464.0,896671464.0,470830685.0,7576873871.000001,7576873871.000001,环境保护,环保,环境治理,综合环境治理,9.37,7.67,
2014-10-23,19.27,19.45,18.92,19.15,19.27,-0.120000000000001,-0.62,5340284.0,44793756.3,2.28,0.005956,0.011342,0.66,,,45.0419,10.4357,23.4961,,,896671464.0,896671464.0,470830685.0,7532040298.0,7532040298.0,环境保护,环保,环境治理,综合环境治理,9.3,7.61,
2014-10-24,19.29,19.43,19.04,19.4,19.15,0.25,1.31,4913679.0,41452735.8,2.28,0.00548,0.010436,0.68,,,45.6318,10.5724,23.8038,,,896671464.0,896671464.0,470830685.0,7630674159.0,7630674159.0,环境保护,环保,环境治理,综合环境治理,9.24,7.56,
2014-10-27,19.4,19.47,19.11,19.4,19.4,0.0,0.0,3454622.0,29231022.4,2.28,0.0038529999999999,0.007337,0.59,,,45.6318,10.5724,23.8038,,,896671464.0,896671464.0,470830685.0,7630674159.0,7630674159.0,环境保护,环保,环境治理,综合环境治理,9.36,7.66,
2014-10-28,19.45,20.0,19.45,19.81,19.4,0.4100000000000001,2.11,6491365.0,56307693.0,2.28,0.007239,0.013787,1.23,,,46.5969,10.796,24.3073,,,896671464.0,896671464.0,470830685.0,7792075022.0,7792075022.0,环境保护,环保,环境治理,综合环境治理,9.36,7.66,
2014-10-29,19.95,20.02,19.65,19.74,19.81,-0.0700000000000002,-0.35,9006642.0,78365793.39999999,2.28,0.010045,0.019129,1.77,,,46.4361,10.7587,24.2233,,,896671464.0,896671464.0,470830685.0,7765174878.0,7765174878.0,环境保护,环保,环境治理,综合环境治理,9.56,7.82,
2014-10-30,19.79,19.88,19.54,19.84,19.74,0.1000000000000014,0.51,8494256.0,73387945.39999999,2.28,0.009473,0.018041,1.45,,,51.2379,10.8084,52.4917,,,896671464.0,896671464.0,470830685.0,7801041737.0,7801041737.0,环境保护,环保,环境治理,综合环境治理,9.53,7.79,
2014-10-31,19.84,19.97,19.61,19.79,19.84,-0.0500000000000007,-0.25,10225691.0,88761882.3,2.28,0.011404,0.021718,1.58,,,51.1201,10.7836,52.3711,,,896671464.0,896671464.0,470830685.0,7783108308.0,7783108308.0,环境保护,环保,环境治理,综合环境治理,9.57,7.83,
2014-11-03,19.97,21.77,19.95,20.73,19.79,0.9400000000000012,4.75,32546165.000000004,301591577.0,2.28,0.036297,0.0691249999999999,4.32,,,53.5347,11.2929,54.8448,,,896671464.0,896671464.0,470830685.0,8150743608.0,8150743608.0,环境保护,环保,环境治理,综合环境治理,9.55,7.81,
2014-11-04,20.66,21.25,20.29,20.98,20.73,0.25,1.21,15859720.000000002,144816707.6,2.28,0.0176869999999999,0.033685,1.19,,,54.1826,11.4296,55.5085,,,896671464.0,896671464.0,470830685.0,8249377469.0,8249377469.0,环境保护,环保,环境治理,综合环境治理,10.0,8.18,
2014-11-05,20.93,21.18,20.63,20.84,20.98,-0.1400000000000005,-0.67,7549153.999999999,69216334.7,2.28,0.008419,0.016034,0.5,,,53.8292,11.355,55.1465,,,896671464.0,896671464.0,470830685.0,8195577181.000001,8195577181.000001,环境保护,环保,环境治理,综合环境治理,10.12,8.28,
2014-11-06,20.77,21.0,20.31,20.54,20.84,-0.3000000000000007,-1.44,8029135.000000001,72432908.4,2.28,0.008954,0.017053,0.54,,,53.0636,11.1935,54.3621,,,896671464.0,896671464.0,470830685.0,8079009891.0,8079009891.0,环境保护,环保,环境治理,综合环境治理,10.05,8.23,
2014-11-07,20.68,20.86,20.2,20.34,20.54,-0.1999999999999993,-0.97,8045673.0,72524582.2,2.28,0.008973,0.017088,0.54,,,52.5335,11.0817,53.8191,,,896671464.0,896671464.0,470830685.0,7998309459.000001,7998309459.000001,环境保护,环保,环境治理,综合环境治理,9.91,8.11,
2014-11-10,20.5,20.52,19.95,20.29,20.34,-0.0500000000000007,-0.25,7361280.0,65185564.3,2.28,0.00821,0.015635,0.51,,,52.4158,11.0569,53.6984,,,896671464.0,896671464.0,470830685.0,7980376030.0,7980376030.0,环境保护,环保,环境治理,综合环境治理,9.81,8.03,
2014-11-11,20.25,20.38,19.45,19.7,20.29,-0.5899999999999999,-2.91,8747601.0,76477215.3,2.28,0.009756,0.018579,0.93,,,50.8845,10.7339,52.1297,,,896671464.0,896671464.0,470830685.0,7747241449.0,7747241449.0,环境保护,环保,环境治理,综合环境治理,9.79,8.01,
2014-11-12,19.61,20.29,19.61,20.29,19.7,0.5899999999999999,2.99,6080734.0,53491124.6,2.28,0.006781,0.012915,0.77,,,52.4158,11.0569,53.6984,,,896671464.0,896671464.0,470830685.0,7980376030.0,7980376030.0,环境保护,环保,环境治理,综合环境治理,9.5,7.78,
2014-11-13,20.43,20.98,19.77,20.52,20.29,0.2300000000000004,1.13,11589838.0,105150453.6,2.28,0.0129249999999999,0.024616,1.51,,,53.0047,11.1811,54.3018,,,896671464.0,896671464.0,470830685.0,8070043175.999999,8070043175.999999,环境保护,环保,环境治理,综合环境治理,9.79,8.01,
2014-11-14,20.52,20.95,20.29,20.45,20.52,-0.0700000000000002,-0.34,7573402.0,68395970.3,2.28,0.008446,0.016085,0.91,,,52.828,11.1438,54.1208,,,896671464.0,896671464.0,470830685.0,8043143032.0,8043143032.0,环境保护,环保,环境治理,综合环境治理,9.9,8.1,
2014-11-17,20.45,20.57,19.88,20.5,20.45,0.0500000000000007,0.24,5172868.0,46132523.9,2.28,0.005769,0.010987,0.63,,,52.9458,11.1687,54.2415,,,896671464.0,896671464.0,470830685.0,8061076461.0,8061076461.0,环境保护,环保,环境治理,综合环境治理,9.87,8.07,
2014-11-18,20.47,20.98,20.36,20.91,20.5,0.4100000000000001,2.0,11373366.0,103879233.9,2.28,0.0126839999999999,0.024156,1.45,,,54.0059,11.3923,55.3275,,,896671464.0,896671464.0,470830685.0,8222477325.0,8222477325.0,环境保护,环保,环境治理,综合环境治理,9.89,8.09,
2014-11-19,20.88,20.98,20.54,20.75,20.91,-0.1600000000000001,-0.77,6102093.0,55494423.9,2.28,0.006805,0.01296,0.73,,,53.5936,11.3053,54.9051,,,896671464.0,896671464.0,470830685.0,8159710322.0,8159710322.0,环境保护,环保,环境治理,综合环境治理,10.09,8.25,
2014-11-20,20.77,20.79,20.47,20.63,20.75,-0.120000000000001,-0.58,5038663.0,45546463.6,2.28,0.005619,0.010702,0.6,,,53.2992,11.2432,54.6035,,,896671464.0,896671464.0,470830685.0,8114876749.0,8114876749.0,环境保护,环保,环境治理,综合环境治理,10.01,8.19,
2014-11-21,20.61,20.77,20.43,20.68,20.63,0.0500000000000007,0.24,7522994.0,68114908.6,2.28,0.00839,0.015978,1.07,,,53.417,11.2681,54.7241,,,896671464.0,896671464.0,470830685.0,8132810178.0,8132810178.0,环境保护,环保,环境治理,综合环境治理,9.96,8.15,
2014-11-24,20.7,20.93,20.52,20.7,20.68,0.0199999999999995,0.1,9441246.0,85806955.9,2.28,0.010529,0.020052,1.34,,,53.4758,11.2805,54.7845,,,896671464.0,896671464.0,470830685.0,8141776893.0,8141776893.0,环境保护,环保,环境治理,综合环境治理,9.98,8.16,
2014-11-25,20.7,21.71,20.59,21.43,20.7,0.7300000000000004,3.53,19453697.0,181000937.8,2.28,0.021695,0.041318,2.46,,,55.3605,11.678,56.7152,,,896671464.0,896671464.0,470830685.0,8428711762.0,8428711762.0,环境保护,环保,环境治理,综合环境治理,9.99,8.17,
2014-11-26,21.55,22.75,21.34,22.02,21.43,0.5899999999999999,2.75,20082259.0,194412317.6,2.28,0.022396,0.0426529999999999,2.11,,,56.8917,12.0011,58.2839,,,896671464.0,896671464.0,470830685.0,8661846342.0,8661846342.0,环境保护,环保,环境治理,综合环境治理,10.34,8.46,
2014-11-27,21.91,22.59,21.73,22.12,22.02,0.1000000000000014,0.45,13613271.0,131719883.1,2.28,0.015182,0.028913,1.11,,,57.1273,12.0507,58.5253,,,896671464.0,896671464.0,470830685.0,8697713201.0,8697713201.0,环境保护,环保,环境治理,综合环境治理,10.63,8.69,
2014-11-28,22.09,22.18,21.55,21.77,22.12,-0.3500000000000014,-1.58,13357128.0,127845422.6,2.28,0.014896,0.028369,0.95,,,56.2439,11.8644,57.6202,,,896671464.0,896671464.0,470830685.0,8563212481.0,8563212481.0,环境保护,环保,环境治理,综合环境治理,10.67,8.73,
2014-12-01,21.77,23.39,21.55,23.19,21.77,1.4200000000000017,6.52,23602292.0,235224270.0,2.28,0.026322,0.050129,1.55,,,59.8953,12.6346,61.361,,,896671464.0,896671464.0,470830685.0,9119148789.0,9119148789.0,环境保护,环保,环境治理,综合环境治理,10.51,8.6,
2014-12-02,23.19,23.69,22.98,23.14,23.19,-0.0500000000000007,-0.22,14429141.0,147568460.9,2.28,0.016092,0.030646,0.8,,,59.7775,12.6098,61.2404,,,896671464.0,896671464.0,470830685.0,9101215360.0,9101215360.0,环境保护,环保,环境治理,综合环境治理,11.19,9.15,
2014-12-03,23.03,23.51,22.23,22.62,23.14,-0.5199999999999996,-2.25,15793053.0,157683937.29999998,2.28,0.017613,0.0335429999999999,0.93,,,58.423,12.3241,59.8526,,,896671464.0,896671464.0,470830685.0,8894980923.0,8894980923.0,环境保护,环保,环境治理,综合环境治理,11.17,9.14,
2014-12-04,22.62,22.82,22.46,22.53,22.62,-0.0899999999999998,-0.4,11186274.0,110743771.8,2.28,0.012475,0.023759,0.69,,,58.1874,12.2744,59.6113,,,896671464.0,896671464.0,470830685.0,8859114064.0,8859114064.0,环境保护,环保,环境治理,综合环境治理,10.91,8.93,
2014-12-05,22.53,22.53,20.31,21.45,22.53,-1.0800000000000018,-4.79,17809044.0,168659574.9,2.28,0.019861,0.037825,1.14,,,55.4194,11.6905,56.7755,,,896671464.0,896671464.0,470830685.0,8437678476.0,8437678476.0,环境保护,环保,环境治理,综合环境治理,10.87,8.89,
2014-12-08,21.57,22.32,20.52,21.3,21.45,-0.1499999999999985,-0.7,14480184.0,136627895.3,2.28,0.016149,0.0307549999999999,0.87,,,55.0071,11.6035,56.3532,,,896671464.0,896671464.0,470830685.0,8374911474.0,8374911474.0,环境保护,环保,环境治理,综合环境治理,10.35,8.47,
2014-12-09,21.27,21.27,19.95,19.97,21.3,-1.3300000000000018,-6.24,18251718.0,164749089.0,2.28,0.0203549999999999,0.038765,1.24,,,51.5912,10.8829,52.8537,,,896671464.0,896671464.0,470830685.0,7854842025.0,7854842025.0,环境保护,环保,环境治理,综合环境治理,10.27,8.41,
2014-12-10,19.84,20.77,19.61,20.66,19.97,0.6900000000000013,3.46,10401526.0,92272286.0,2.28,0.0116,0.022092,0.67,,,53.3581,11.2556,54.6638,,,896671464.0,896671464.0,470830685.0,8123843464.0,8123843464.0,环境保护,环保,环境治理,综合环境治理,9.64,7.88,
2014-12-11,20.66,21.57,20.06,21.5,20.66,0.8399999999999999,4.07,12014756.0,109403134.2,2.28,0.013399,0.025518,0.83,,,55.5371,11.7153,56.8962,,,896671464.0,896671464.0,470830685.0,8455611906.0,8455611906.0,环境保护,环保,环境治理,综合环境治理,9.97,8.15,
2014-12-12,21.71,21.84,21.2,21.41,21.5,-0.0899999999999998,-0.42,8523130.0,80393888.0,2.28,0.009505,0.018102,0.58,,,55.3016,11.6656,56.6549,,,896671464.0,896671464.0,470830685.0,8419745047.000001,8419745047.000001,环境保护,环保,环境治理,综合环境治理,10.37,8.49,
2014-12-15,21.39,23.14,21.2,22.91,21.41,1.5,7.01,20139631.0,199431587.4,2.28,0.02246,0.042775,1.58,,,59.1886,12.4856,60.637,,,896671464.0,896671464.0,470830685.0,9011548213.0,9011548213.0,环境保护,环保,环境治理,综合环境治理,10.33,8.45,
2014-12-16,22.91,23.1,22.3,22.48,22.91,-0.4299999999999997,-1.88,9665919.0,95774666.9,2.28,0.01078,0.02053,0.7,,,58.0696,12.2495,59.4906,,,896671464.0,896671464.0,470830685.0,8841180635.0,8841180635.0,环境保护,环保,环境治理,综合环境治理,11.06,9.05,
2014-12-17,22.46,23.01,22.07,22.25,22.48,-0.2300000000000004,-1.02,9441599.0,93002546.0,2.28,0.01053,0.020053,0.78,,,57.4806,12.1253,58.8873,,,896671464.0,896671464.0,470830685.0,8751513489.0,8751513489.0,环境保护,环保,环境治理,综合环境治理,10.85,8.87,
2014-12-18,22.18,22.89,22.0,22.32,22.25,0.0700000000000002,0.31,10523002.0,104379277.5,2.28,0.011736,0.02235,0.88,,,57.6573,12.1626,59.0683,,,896671464.0,896671464.0,470830685.0,8778413633.0,8778413633.0,环境保护,环保,环境治理,综合环境治理,10.74,8.78,
2014-12-19,22.37,22.57,21.2,21.66,22.32,-0.6600000000000001,-2.96,9141942.0,87224240.30000001,2.28,0.010195,0.019417,0.78,,,55.9494,11.8023,57.3186,,,896671464.0,896671464.0,470830685.0,8518378908.000001,8518378908.000001,环境保护,环保,环境治理,综合环境治理,10.77,8.81,
2014-12-22,21.32,21.82,19.52,20.11,21.66,-1.5500000000000007,-7.16,18106621.0,160273942.79999998,2.28,0.020193,0.038457,1.54,,,51.9446,10.9575,53.2158,,,896671464.0,896671464.0,470830685.0,7908642312.0,7908642312.0,环境保护,环保,环境治理,综合环境治理,10.45,8.55,
2014-12-23,20.09,20.59,19.61,19.65,20.11,-0.4600000000000008,-2.29,7234207.000000001,64034044.2,2.28,0.0080679999999999,0.015365,0.64,,,50.7667,10.709,52.009,,,896671464.0,896671464.0,470830685.0,7729308020.0,7729308020.0,环境保护,环保,环境治理,综合环境治理,9.7,7.94,
2014-12-24,19.84,20.59,19.65,20.57,19.65,0.9200000000000016,4.68,7102478.999999999,62575400.0,2.28,0.007921,0.015085,0.65,,,53.1225,11.206,54.4225,,,896671464.0,896671464.0,470830685.0,8087976605.0,8087976605.0,环境保护,环保,环境治理,综合环境治理,9.48,7.76,
2014-12-25,20.7,21.57,20.7,20.98,20.57,0.4100000000000001,1.99,10133934.0,93985549.7,2.28,0.011302,0.021524,0.97,,,54.1826,11.4296,55.5085,,,896671464.0,896671464.0,470830685.0,8249377469.0,8249377469.0,环境保护,环保,环境治理,综合环境治理,9.92,8.12,
2014-12-26,20.95,21.39,20.63,21.0,20.98,0.0199999999999995,0.1,6575767.999999999,60271513.1,2.28,0.007334,0.013966,0.64,,,54.2415,11.442,55.5688,,,896671464.0,896671464.0,470830685.0,8258344183.0,8258344183.0,环境保护,环保,环境治理,综合环境治理,10.12,8.28,
2014-12-29,21.09,21.11,20.18,20.2,21.0,-0.8000000000000007,-3.81,8158863.0,73322497.5,2.28,0.009099,0.017329,0.83,,,52.1802,11.0072,53.4571,,,896671464.0,896671464.0,470830685.0,7944509171.0,7944509171.0,环境保护,环保,环境治理,综合环境治理,10.13,8.29,
2014-12-30,20.22,20.47,19.86,19.95,20.2,-0.25,-1.24,5294656.0,46589416.0,2.28,0.005905,0.011245,0.68,,,51.5323,10.8705,52.7934,,,896671464.0,896671464.0,470830685.0,7845875310.0,7845875310.0,环境保护,环保,环境治理,综合环境治理,9.75,7.97,
2014-12-31,19.97,20.36,19.38,19.93,19.95,-0.0199999999999995,-0.1,6340784.0,54943963.3,2.28,0.0070709999999999,0.013467,0.85,,,51.4734,10.8581,52.7331,,,896671464.0,896671464.0,470830685.0,7836908595.0,7836908595.0,环境保护,环保,环境治理,综合环境治理,9.63,7.88,
2015-01-05,20.06,20.18,19.15,19.31,19.93,-0.620000000000001,-3.11,13134781.0,111736509.8,2.28,0.014648,0.0278969999999999,1.8,,,49.8833,10.5227,51.104,,,896671464.0,896671464.0,470830685.0,7594807300.0,7594807300.0,环境保护,环保,环境治理,综合环境治理,9.61,7.87,
2015-01-06,19.22,19.49,18.38,19.43,19.31,0.120000000000001,0.62,12954033.0,107340918.1,2.28,0.014447,0.027513,1.64,,,50.1778,10.5848,51.4057,,,896671464.0,896671464.0,470830685.0,7639640873.0,7639640873.0,环境保护,环保,环境治理,综合环境治理,9.32,7.62,
2015-01-07,19.38,19.97,18.83,19.63,19.43,0.1999999999999993,1.03,9476434.0,80848410.3,2.28,0.010568,0.020127,1.03,,,50.7078,10.6966,51.9487,,,896671464.0,896671464.0,470830685.0,7720341305.0,7720341305.0,环境保护,环保,环境治理,综合环境治理,9.37,7.67,
2015-01-08,19.63,19.81,19.27,19.36,19.63,-0.2699999999999996,-1.38,5911534.0,50504844.0,2.28,0.006593,0.012556,0.63,,,50.0011,10.5475,51.2247,,,896671464.0,896671464.0,470830685.0,7612740729.0,7612740729.0,环境保护,环保,环境治理,综合环境治理,9.47,7.75,
2015-01-09,19.4,19.72,19.29,19.38,19.36,0.0199999999999995,0.1,5293835.0,45301370.8,2.28,0.005904,0.011244,0.55,,,50.06,10.5599,51.285,,,896671464.0,896671464.0,470830685.0,7621707444.0,7621707444.0,环境保护,环保,环境治理,综合环境治理,9.34,7.64,
2015-01-12,19.54,19.54,18.92,19.04,19.38,-0.3399999999999998,-1.75,4211844.0,35259462.2,2.28,0.004697,0.0089459999999999,0.45,,,49.1766,10.3736,50.38,,,896671464.0,896671464.0,470830685.0,7487206724.0,7487206724.0,环境保护,环保,环境治理,综合环境治理,9.35,7.65,
2015-01-13,18.97,19.45,18.92,19.11,19.04,0.0700000000000002,0.37,3770752.0,31568030.9,2.28,0.0042049999999999,0.0080089999999999,0.5,,,49.3533,10.4108,50.561,,,896671464.0,896671464.0,470830685.0,7514106868.0,7514106868.0,环境保护,环保,环境治理,综合环境治理,9.19,7.52,
2015-01-14,19.11,20.06,18.97,19.61,19.11,0.5,2.62,7277180.0,62487519.5,2.28,0.008116,0.015456,1.27,,,50.6489,10.6842,51.8884,,,896671464.0,896671464.0,470830685.0,7711374590.0,7711374590.0,环境保护,环保,环境治理,综合环境治理,9.22,7.54,
2015-01-15,19.47,19.47,18.4,18.83,19.61,-0.7800000000000011,-3.98,13875634.0,114000564.6,2.28,0.015475,0.0294709999999999,2.62,,,48.6465,10.2618,49.837,,,896671464.0,896671464.0,470830685.0,7406506293.0,7406506293.0,环境保护,环保,环境治理,综合环境治理,9.46,7.74,
2015-01-16,19.11,20.73,18.92,20.73,18.83,1.900000000000002,10.09,21058732.0,187503510.9,2.28,0.023485,0.0447269999999999,3.06,,,53.5347,11.2929,54.8448,,,896671464.0,896671464.0,470830685.0,8150743608.0,8150743608.0,环境保护,环保,环境治理,综合环境治理,9.09,7.43,
2015-01-19,20.98,21.89,19.9,20.93,20.73,0.1999999999999993,0.96,25965607.0,240071556.1,2.28,0.0289579999999999,0.055149,2.59,,,54.0648,11.4047,55.3878,,,896671464.0,896671464.0,470830685.0,8231444040.0,8231444040.0,环境保护,环保,环境治理,综合环境治理,10.0,8.18,
2015-01-20,20.95,21.84,20.86,21.48,20.93,0.5500000000000007,2.63,14692571.0,137862510.6,2.28,0.016386,0.031206,1.02,,,55.4782,11.7029,56.8359,,,896671464.0,896671464.0,470830685.0,8446645191.0,8446645191.0,环境保护,环保,环境治理,综合环境治理,10.1,8.26,
2015-01-21,21.25,21.96,21.0,21.2,21.48,-0.2800000000000011,-1.3,16155053.0,151632594.79999998,2.28,0.018017,0.034312,0.97,,,13.8825,12.9712,62.9954,,,1006671464.0,896671464.0,470830685.0,9362044615.0,8339044615.0,环境保护,环保,环境治理,综合环境治理,10.36,8.48,
2015-01-22,21.25,21.61,21.14,21.57,21.2,0.370000000000001,1.75,8973513.0,84442945.5,2.28,0.010008,0.019059,0.49,,,14.1214,13.1943,64.0792,,,1006671464.0,896671464.0,470830685.0,9523112049.0,8482512049.0,环境保护,环保,环境治理,综合环境治理,10.23,8.37,
2015-01-23,21.45,22.23,21.11,21.71,21.57,0.1400000000000005,0.65,13048022.0,124435574.7,2.28,0.014552,0.027713,0.75,,,14.2109,13.278,64.4856,,,1006671464.0,896671464.0,470830685.0,9583512337.0,8536312337.0,环境保护,环保,环境治理,综合环境治理,10.41,8.51,
2015-01-26,21.66,23.14,21.64,23.01,21.71,1.3000000000000007,5.99,25244551.0,250642972.3,2.28,0.028154,0.053617,1.6,,,15.0618,14.073,68.3466,,,1006671464.0,896671464.0,470830685.0,10157315072.0,9047415072.0,环境保护,环保,环境治理,综合环境治理,10.47,8.57,
2015-07-14,24.15,24.15,21.87,24.15,23.01,1.139999999999997,4.95,51848662.0,536768848.8,2.28,0.057823,0.110122,3.32,,,17.805,158.6534,186.4611,,,1006671464.0,896671464.0,470830685.0,10660650804.0,9495750804.0,环境保护,环保,环境治理,综合环境治理,10.59,9.59,
2015-07-15,24.97,25.35,22.94,22.94,24.15,-1.2099999999999973,-5.01,56179761.0,600002381.4,2.28,0.062654,0.119321,2.44,,,16.9139,150.7132,177.1292,,,1006671464.0,896671464.0,470830685.0,10127114928.0,9020514928.0,环境保护,环保,环境治理,综合环境治理,11.12,10.06,
2015-07-16,21.8,22.28,21.8,21.8,22.94,-1.1400000000000006,-4.97,40067774.0,383368341.9,2.28,0.0446849999999999,0.0851,1.29,,,16.0732,143.2225,168.3256,,,1006671464.0,896671464.0,470830685.0,9623779196.0,8572179196.0,环境保护,环保,环境治理,综合环境治理,10.56,9.56,
2015-07-17,20.91,21.8,20.7,20.98,21.8,-0.8200000000000003,-3.76,48815552.0,447746080.7,2.28,0.0544409999999999,0.10368,1.31,,,15.4679,137.8292,161.9869,,,1006671464.0,896671464.0,470830685.0,9261377469.0,8249377469.0,环境保护,环保,环境治理,综合环境治理,10.04,9.08,
2015-07-20,20.75,22.02,20.0,21.64,20.98,0.6600000000000001,3.15,41101486.0,384177011.6,2.28,0.045838,0.087296,0.93,,,15.9555,142.1738,167.0931,,,1006671464.0,896671464.0,470830685.0,9553312193.0,8509412193.0,环境保护,环保,环境治理,综合环境治理,9.66,8.74,
2015-07-21,21.52,22.39,20.91,21.73,21.64,0.0899999999999998,0.42,20367985.0,195065324.1,2.28,0.022715,0.0432599999999999,0.43,,,16.0228,142.773,167.7973,,,1006671464.0,896671464.0,470830685.0,9593579052.0,8545279052.0,环境保护,环保,环境治理,综合环境治理,9.96,9.02,
2015-07-22,21.77,22.21,21.0,21.48,21.73,-0.25,-1.15,20006192.0,189747366.7,2.28,0.022312,0.042491,0.48,,,15.8378,141.1251,165.8605,,,1006671464.0,896671464.0,470830685.0,9482845191.0,8446645191.0,环境保护,环保,环境治理,综合环境治理,10.01,9.05,
2015-07-23,21.5,21.71,21.16,21.57,21.48,0.0899999999999998,0.42,20914924.0,196768857.5,2.28,0.023325,0.044421,0.61,,,15.9051,141.7243,166.5648,,,1006671464.0,896671464.0,470830685.0,9523112049.0,8482512049.0,环境保护,环保,环境治理,综合环境治理,9.89,8.95,
2015-07-24,21.77,22.64,21.73,22.64,21.57,1.0700000000000005,4.96,29365235.0,290848033.79999995,2.28,0.032749,0.062369,0.97,,,16.6953,148.7656,174.8403,,,1006671464.0,896671464.0,470830685.0,9996247638.0,8903947638.0,环境保护,环保,环境治理,综合环境治理,9.93,8.99,
2015-07-27,23.03,23.78,22.64,22.69,22.64,0.0500000000000007,0.22,46151191.0,475454423.6,2.28,0.0514689999999999,0.098021,1.75,,,16.7289,149.0652,175.1924,,,1006671464.0,896671464.0,470830685.0,10016381067.0,8921881067.0,环境保护,环保,环境治理,综合环境治理,10.43,9.43,
2015-07-28,21.68,23.71,21.57,23.05,22.69,0.3599999999999994,1.59,45168254.0,449633122.1,2.28,0.050373,0.0959329999999999,1.65,,,16.9979,151.4623,178.0096,,,1006671464.0,896671464.0,470830685.0,10177448501.0,9065348501.0,环境保护,环保,环境治理,综合环境治理,10.45,9.45,
2015-07-29,24.12,24.21,23.26,24.21,23.05,1.16,5.03,44825335.0,473044432.1,2.28,0.049991,0.095205,1.39,,,17.8554,159.1028,186.9893,,,1006671464.0,896671464.0,470830685.0,10690850948.0,9522650948.0,环境保护,环保,环境治理,综合环境治理,10.62,9.6,
2015-07-30,25.42,25.42,24.99,25.42,24.21,1.2100000000000009,5.0,10587952.0,117960680.8,2.28,0.011808,0.022488,0.28,,,18.7465,167.043,196.3211,,,1006671464.0,896671464.0,470830685.0,11224386824.0,9997886824.0,环境保护,环保,环境治理,综合环境治理,11.15,10.09,
2015-07-31,25.42,26.7,25.08,26.65,25.42,1.2299999999999969,4.84,53250977.0,616282128.8,2.28,0.0593869999999999,0.1131,1.51,,,19.6544,175.1329,205.8291,,,1006671464.0,896671464.0,470830685.0,11767989413.999998,10482089414.0,环境保护,环保,环境治理,综合环境治理,11.71,10.59,
2015-08-03,26.54,26.81,25.33,25.33,26.65,-1.3200000000000005,-4.95,21713204.0,245688721.2,2.28,0.024215,0.046117,0.54,,,18.6792,166.4437,195.6168,,,1006671464.0,896671464.0,470830685.0,11184119964.999998,9962019965.0,环境保护,环保,环境治理,综合环境治理,12.27,11.11,
2015-08-04,24.15,25.15,24.05,24.78,25.33,-0.5499999999999972,-2.17,31285019.0,335375699.7,2.28,0.03489,0.0664459999999999,0.89,,,18.2757,162.8482,191.3911,,,1006671464.0,896671464.0,470830685.0,10942518814.0,9746818814.0,环境保护,环保,环境治理,综合环境治理,11.67,10.55,
2015-08-05,24.74,26.01,24.74,26.01,24.78,1.2300000000000004,4.96,30291085.0,344367569.29999995,2.28,0.033782,0.064335,0.94,,,19.1836,170.9381,200.899,,,1006671464.0,896671464.0,470830685.0,11486121404.0,10231021404.0,环境保护,环保,环境治理,综合环境治理,11.41,10.33,
2015-08-06,26.47,27.31,25.06,27.31,26.01,1.2999999999999972,5.0,34278821.0,394436414.8,2.28,0.038229,0.072805,1.16,,,20.142,179.4775,210.9352,,,1006671464.0,896671464.0,470830685.0,12059924139.0,10742124139.0,环境保护,环保,环境治理,综合环境治理,11.98,10.84,
2015-08-07,27.82,28.61,27.36,27.86,27.31,0.5500000000000007,2.01,23506224.0,289318646.40000004,2.28,0.026215,0.049925,0.69,,,20.5455,183.0731,215.1609,,,1006671464.0,896671464.0,470830685.0,12301525290.000002,10957325290.000002,环境保护,环保,环境治理,综合环境治理,12.58,11.38,
2015-08-10,28.39,29.25,28.39,29.25,27.86,1.3900000000000006,4.99,16114889.000000002,206030963.2,2.28,0.017972,0.034227,0.57,,,21.5711,192.2118,225.9014,,,1006671464.0,896671464.0,470830685.0,12915594883.0,11504294883.0,环境保护,环保,环境治理,综合环境治理,12.83,11.61,
2015-08-11,30.71,30.71,28.75,29.07,29.25,-0.1799999999999997,-0.62,36694201.0,482241229.0,2.28,0.040923,0.077935,1.35,,,21.4366,191.0132,224.4928,,,1006671464.0,896671464.0,470830685.0,12835061166.0,11432561166.0,环境保护,环保,环境治理,综合环境治理,13.47,12.19,
2015-08-12,28.82,30.44,28.41,29.25,29.07,0.1799999999999997,0.62,22517448.0,292413387.3,2.28,0.025112,0.047825,0.8,,,21.5711,192.2118,225.9014,,,1006671464.0,896671464.0,470830685.0,12915594883.0,11504294883.0,环境保护,环保,环境治理,综合环境治理,13.39,12.11,
2015-08-13,28.98,30.71,28.98,30.71,29.25,1.4600000000000009,4.99,21332724.0,280443461.6,2.28,0.023791,0.045309,0.8,,,22.6471,201.7999,237.17,,,1006671464.0,896671464.0,470830685.0,13559864620.0,12078164620.0,环境保护,环保,环境治理,综合环境治理,13.47,12.19,
2015-08-14,31.92,32.24,31.01,32.24,30.71,1.5300000000000011,4.98,26339918.0,369044743.4,2.28,0.029375,0.055944,1.1,,,23.7736,211.8374,248.9669,,,1006671464.0,896671464.0,470830685.0,14234334501.0,12678934501.0,环境保护,环保,环境治理,综合环境治理,14.14,12.8,
2015-08-17,32.83,33.86,32.31,33.86,32.24,1.6199999999999974,5.02,16887475.0,247926621.0,2.28,0.018834,0.035867,0.69,,,24.9673,222.4742,261.4681,,,1006671464.0,896671464.0,470830685.0,14949071240.0,13315571240.0,环境保护,环保,环境治理,综合环境治理,14.85,13.43,
2015-08-18,34.2,35.55,32.17,32.17,33.86,-1.6899999999999975,-4.99,37894446.0,558824717.3000001,2.28,0.042261,0.080484,1.53,,,23.7231,211.388,248.4387,,,1006671464.0,896671464.0,470830685.0,14204134357.0,12652034357.0,环境保护,环保,环境治理,综合环境治理,15.59,14.11,
2015-08-19,30.62,33.47,30.55,32.79,32.17,0.6199999999999974,1.93,36942882.0,504489910.8,2.28,0.0412,0.078463,1.48,,,24.1771,215.433,253.1926,,,1006671464.0,896671464.0,470830685.0,14475935652.0,12894135652.0,环境保护,环保,环境治理,综合环境治理,14.82,13.4,
2015-08-20,32.67,32.79,31.14,31.14,32.79,-1.6499999999999986,-5.03,17795838.0,248231522.4,2.28,0.019847,0.037797,0.64,,,22.9665,204.6463,240.5154,,,1006671464.0,896671464.0,470830685.0,13751132198.0,12248532198.0,环境保护,环保,环境治理,综合环境治理,15.1,13.66,
2015-08-21,29.96,30.05,29.59,29.59,31.14,-1.5500000000000007,-4.98,22451449.0,291822726.1,2.28,0.025039,0.047685,0.83,,,21.8233,194.459,228.5424,,,1006671464.0,896671464.0,470830685.0,13066595603.0,11638795603.0,环境保护,环保,环境治理,综合环境治理,14.34,12.98,
2015-08-24,28.11,28.11,28.11,28.11,29.59,-1.4800000000000004,-5.0,2623200.0,32344056.0,2.28,0.0029249999999999,0.005571,0.1,,,20.7304,184.721,217.0977,,,1006671464.0,896671464.0,470830685.0,12412259151.000002,11055959151.000002,环境保护,环保,环境治理,综合环境治理,13.63,12.33,
2015-08-25,26.7,26.7,26.7,26.7,28.11,-1.41,-5.02,1465400.0,17159834.0,2.28,0.0016339999999999,0.0031119999999999,0.06,,,19.688,175.4326,206.1812,,,1006671464.0,896671464.0,470830685.0,11788122843.0,10500022843.0,环境保护,环保,环境治理,综合环境治理,12.95,11.71,
2015-08-26,25.35,26.17,25.35,25.35,26.7,-1.349999999999998,-5.06,23789300.0,264942308.00000003,2.28,0.026531,0.050526,1.46,,,18.696,166.5935,195.7929,,,1006671464.0,896671464.0,470830685.0,11194186680.0,9970986680.0,环境保护,环保,环境治理,综合环境治理,12.3,11.12,
2015-08-27,24.08,25.44,24.08,24.08,25.35,-1.2700000000000031,-5.01,31362142.0,334367111.5,2.28,0.034976,0.06661,2.3,,,17.7545,158.2039,185.9328,,,1006671464.0,896671464.0,470830685.0,10630450660.000002,9468850660.0,环境保护,环保,环境治理,综合环境治理,11.68,10.56,
2015-08-28,24.85,25.29,24.12,25.29,24.08,1.2100000000000009,5.02,26839101.0,293261136.2,2.28,0.029932,0.057004,1.64,,,19.0663,166.1441,185.8608,,,1006671464.0,896671464.0,470830685.0,11163986536.0,9944086536.0,环境保护,环保,环境治理,综合环境治理,11.09,10.03,
2015-08-31,25.51,26.04,24.03,24.03,25.29,-1.259999999999998,-4.98,20527769.0,222675558.5,2.28,0.022893,0.043599,1.19,,,18.1208,157.9043,176.6432,,,1006671464.0,896671464.0,470830685.0,10610317231.0,9450917231.0,环境保护,环保,环境治理,综合环境治理,11.64,10.54,
2015-09-01,23.6,23.83,22.82,22.82,24.03,-1.2100000000000009,-5.04,4090500.0,41064881.3,2.28,0.004562,0.008688,0.2,,,17.2096,149.9641,167.7608,,,1006671464.0,896671464.0,470830685.0,10076781355.0,8975681355.0,环境保护,环保,环境治理,综合环境治理,11.07,10.01,
2015-09-02,21.68,22.96,21.68,21.68,22.82,-1.1400000000000006,-5.0,22910111.0,219232653.8,2.28,0.02555,0.048659,1.07,,,16.35,142.4734,159.3811,,,1006671464.0,896671464.0,470830685.0,9573445623.0,8527345623.0,环境保护,环保,环境治理,综合环境治理,10.51,9.51,
2015-09-07,21.61,22.5,21.11,21.39,21.68,-0.2899999999999991,-1.34,19657404.0,188364939.4,2.28,0.0219229999999999,0.0417499999999999,0.93,,,16.1265,140.5258,157.2024,,,1006671464.0,896671464.0,470830685.0,9442578332.0,8410778332.0,环境保护,环保,环境治理,综合环境治理,9.99,9.03,
2015-09-08,20.95,22.46,20.93,22.21,21.39,0.8200000000000003,3.83,13482272.0,129244484.1,2.28,0.015036,0.028635,0.72,,,16.7454,145.9191,163.2358,,,1006671464.0,896671464.0,470830685.0,9804980059.0,8733580059.0,环境保护,环保,环境治理,综合环境治理,9.85,8.91,
2015-09-09,22.41,23.32,22.39,23.32,22.21,1.1099999999999994,5.0,27537883.0,280455140.4,2.28,0.030711,0.058488,1.71,,,17.5878,153.26,171.4478,,,1006671464.0,896671464.0,470830685.0,10298249077.0,9172949077.0,环境保护,环保,环境治理,综合环境治理,10.23,9.25,
2015-09-10,23.32,23.6,22.89,23.14,23.32,-0.1799999999999997,-0.77,11567553.0,117977823.4,2.28,0.012901,0.024568,0.66,,,17.4503,152.0615,170.1071,,,1006671464.0,896671464.0,470830685.0,10217715360.0,9101215360.0,环境保护,环保,环境治理,综合环境治理,10.74,9.72,
2015-09-11,23.14,23.37,22.5,22.73,23.14,-0.4100000000000001,-1.77,11350075.0,114124870.2,2.28,0.012658,0.024106,0.6,,,17.1408,149.3649,167.0904,,,1006671464.0,896671464.0,470830685.0,10036514496.0,8939814496.0,环境保护,环保,环境治理,综合环境治理,10.66,9.64,
2015-09-14,22.91,23.14,21.59,21.59,22.73,-1.1400000000000006,-5.02,8647599.0,83139849.10000001,2.28,0.009644,0.018367,0.52,,,16.2812,141.8742,158.7107,,,1006671464.0,896671464.0,470830685.0,9533178764.0,8491478763.999999,环境保护,环保,环境治理,综合环境治理,10.47,9.47,
2015-09-15,20.52,20.63,20.52,20.52,21.59,-1.0700000000000005,-4.96,4643000.0,41787445.0,2.28,0.005178,0.009861,0.32,,,15.4731,134.8329,150.8339,,,1006671464.0,896671464.0,470830685.0,9060043176.0,8070043175.999999,环境保护,环保,环境治理,综合环境治理,9.94,9.0,
2015-09-16,19.49,21.43,19.49,20.88,20.52,0.3599999999999994,1.75,19687260.0,171973450.2,2.28,0.021956,0.041814,1.54,,,15.7482,137.2299,153.5153,,,1006671464.0,896671464.0,470830685.0,9221110610.0,8213510610.0,环境保护,环保,环境治理,综合环境治理,9.45,8.55,
2015-09-17,20.54,20.59,19.84,19.84,20.88,-1.0399999999999991,-4.98,16154669.0,141542750.8,2.28,0.018016,0.034311,1.45,,,14.9574,130.3384,145.8061,,,1006671464.0,896671464.0,470830685.0,8758041737.0,7801041737.0,环境保护,环保,环境治理,综合环境治理,9.62,8.7,
2015-09-18,19.22,19.61,18.86,18.86,19.84,-0.9800000000000004,-4.94,14815614.000000002,122832389.1,2.28,0.016523,0.031467,1.22,,,14.2181,123.8964,138.5996,,,1006671464.0,896671464.0,470830685.0,8325173007.0,7415473007.0,环境保护,环保,环境治理,综合环境治理,9.14,8.27,
2015-09-21,19.61,19.79,18.58,19.79,18.86,0.9299999999999996,4.93,14065763.0,120742043.7,2.28,0.015687,0.029874,1.1,,,14.923,130.0388,145.4709,,,1006671464.0,896671464.0,470830685.0,8737908308.0,7783108308.0,环境保护,环保,环境治理,综合环境治理,8.68,7.86,
2015-09-22,20.75,20.77,19.88,20.16,19.79,0.370000000000001,1.87,16778657.0,150827739.70000002,2.28,0.018712,0.035636,1.21,,,15.1981,132.4358,148.1524,,,1006671464.0,896671464.0,470830685.0,8898975742.0,7926575742.0,环境保护,环保,环境治理,综合环境治理,9.11,8.25,
2015-09-23,19.29,21.16,19.29,21.16,20.16,1.0,4.96,16584925.0,149638002.79999998,2.28,0.018496,0.035225,1.02,,,15.9545,139.0277,155.5265,,,1006671464.0,896671464.0,470830685.0,9341911186.0,8321111186.0,环境保护,环保,环境治理,综合环境治理,9.28,8.4,
2015-09-24,21.8,22.21,21.16,22.21,21.16,1.0500000000000007,4.96,22546645.0,216938272.1,2.28,0.025145,0.047887,1.44,,,16.7454,145.9191,163.2358,,,1006671464.0,896671464.0,470830685.0,9804980059.0,8733580059.0,环境保护,环保,环境治理,综合环境治理,9.74,8.82,
2015-09-25,22.46,23.32,21.34,22.21,22.21,0.0,0.0,37872146.0,379869645.2000001,2.28,0.042236,0.080437,2.23,,,16.7454,145.9191,163.2358,,,1006671464.0,896671464.0,470830685.0,9804980059.0,8733580059.0,环境保护,环保,环境治理,综合环境治理,10.23,9.25,
2015-09-28,21.87,23.32,21.75,23.32,22.21,1.1099999999999994,5.0,17984767.0,180012819.7,2.28,0.020057,0.0381979999999999,0.83,,,17.5878,153.26,171.4478,,,1006671464.0,896671464.0,470830685.0,10298249077.0,9172949077.0,环境保护,环保,环境治理,综合环境治理,10.23,9.25,
2015-09-29,22.89,23.21,22.16,22.16,23.32,-1.16,-4.97,21932282.0,215697984.9,2.28,0.02446,0.046582,0.98,,,16.711,145.6195,162.9006,,,1006671464.0,896671464.0,470830685.0,9784846630.0,8715646630.0,环境保护,环保,环境治理,综合环境治理,10.74,9.72,
2015-09-30,22.69,22.69,21.61,22.16,22.16,0.0,0.0,15308679.999999998,148612610.7,2.28,0.017073,0.032514,0.65,,,16.711,145.6195,162.9006,,,1006671464.0,896671464.0,470830685.0,9784846630.0,8715646630.0,环境保护,环保,环境治理,综合环境治理,10.21,9.23,
2015-10-08,23.26,23.28,22.73,23.03,22.16,0.870000000000001,3.93,17824359.0,180544505.1,2.28,0.019878,0.037857,0.77,,,17.3643,151.3125,169.2691,,,1006671464.0,896671464.0,470830685.0,10167381786.0,9056381786.0,环境保护,环保,环境治理,综合环境治理,10.21,9.23,
2015-10-09,23.03,23.16,22.02,22.78,23.03,-0.25,-1.09,14235218.0,140823208.60000002,2.28,0.0158759999999999,0.030234,0.64,,,17.1752,149.6645,167.4256,,,1006671464.0,896671464.0,470830685.0,10056647925.0,8957747925.0,环境保护,环保,环境治理,综合环境治理,10.61,9.6,
2015-10-12,23.07,23.92,23.07,23.92,22.78,1.1400000000000006,5.0,21955307.0,229458915.8,2.28,0.024485,0.046631,1.26,,,18.0348,157.1552,175.8052,,,1006671464.0,896671464.0,470830685.0,10559983657.0,9406083657.0,环境保护,环保,环境治理,综合环境治理,10.49,9.49,
2015-10-13,24.08,24.51,23.6,24.17,23.92,0.25,1.05,11856712.0,124900585.2,2.28,0.013223,0.025183,0.65,,,18.2239,158.8032,177.6488,,,1006671464.0,896671464.0,470830685.0,10670717518.0,9504717518.0,环境保护,环保,环境治理,综合环境治理,11.01,9.97,
2015-10-14,24.37,24.37,23.26,23.3,24.17,-0.870000000000001,-3.6,14165317.000000002,146730934.9,2.28,0.015798,0.0300859999999999,0.87,,,17.5706,153.1102,171.2802,,,1006671464.0,896671464.0,470830685.0,10288182362.0,9163982362.0,环境保护,环保,环境治理,综合环境治理,11.13,10.07,
2015-10-15,23.48,24.21,23.48,24.01,23.3,0.7100000000000009,3.05,10838776.0,113761177.9,2.28,0.012088,0.023021,0.68,,,18.1036,157.7545,176.4756,,,1006671464.0,896671464.0,470830685.0,10600250515.999998,9441950516.0,环境保护,环保,环境治理,综合环境治理,10.73,9.71,
2015-10-16,24.1,25.22,24.01,25.22,24.01,1.2099999999999973,5.04,21033792.0,228525982.1,2.28,0.023458,0.044674,1.44,,,19.0148,165.6946,185.3581,,,1006671464.0,896671464.0,470830685.0,11133786392.0,9917186392.0,环境保护,环保,环境治理,综合环境治理,11.06,10.0,
2015-10-19,26.22,26.47,25.99,26.47,25.22,1.25,4.96,8057896.000000001,93343366.4,2.28,0.008986,0.017114,0.5,,,19.9604,173.9344,194.5757,,,1006671464.0,896671464.0,470830685.0,11687455697.000002,10410355697.0,环境保护,环保,环境治理,综合环境治理,11.61,10.51,
2015-10-20,27.79,27.79,26.47,27.29,26.47,0.8200000000000003,3.1,32092463.0,385999693.2,2.28,0.0357909999999999,0.068161,2.43,,,20.5793,179.3277,200.609,,,1006671464.0,896671464.0,470830685.0,12049857424.000002,10733157424.000002,环境保护,环保,环境治理,综合环境治理,12.19,11.03,
2015-10-21,27.18,28.04,25.92,25.92,27.29,-1.3699999999999974,-5.02,20399735.0,239854410.9,2.28,0.022751,0.043327,1.18,,,19.5477,170.3389,190.5534,,,1006671464.0,896671464.0,470830685.0,11445854546.0,10195154546.0,环境保护,环保,环境治理,综合环境治理,12.57,11.37,
2015-10-22,25.65,26.4,25.19,26.27,25.92,0.3499999999999978,1.35,19911938.0,224666386.8,2.28,0.0222069999999999,0.0422909999999999,1.08,,,19.8056,172.5861,193.0673,,,1006671464.0,896671464.0,470830685.0,11596855265.0,10329655265.0,环境保护,环保,环境治理,综合环境治理,11.94,10.8,
2015-10-23,26.54,27.09,25.54,26.68,26.27,0.4100000000000001,1.56,14780557.999999998,170807902.5,2.28,0.016484,0.031393,0.73,,,20.1151,175.2827,196.084,,,1006671464.0,896671464.0,470830685.0,11778056129.0,10491056129.0,环境保护,环保,环境治理,综合环境治理,12.1,10.94,
2015-10-26,27.13,27.47,25.44,26.2,26.68,-0.4800000000000004,-1.8,15504735.999999998,178654177.1,2.28,0.017291,0.032931,0.81,,,19.754,172.1366,192.5646,,,1006671464.0,896671464.0,470830685.0,11566655121.0,10302755121.0,环境保护,环保,环境治理,综合环境治理,12.29,11.12,
2015-10-27,26.31,27.5,25.95,27.5,26.2,1.3000000000000007,4.96,19974263.0,235426740.8,2.28,0.0222759999999999,0.042423,0.97,,,20.734,180.6761,202.1174,,,1006671464.0,896671464.0,470830685.0,12140457856.0,10813857856.0,环境保护,环保,环境治理,综合环境治理,12.06,10.92,
2015-10-28,27.59,28.04,26.29,26.47,27.5,-1.0300000000000011,-3.75,14632440.0,174486930.7,2.28,0.016319,0.031078,0.81,,,19.9604,173.9344,194.5757,,,1006671464.0,896671464.0,470830685.0,11687455697.000002,10410355697.0,环境保护,环保,环境治理,综合环境治理,12.66,11.46,
2015-10-29,26.47,27.22,26.33,26.52,26.47,0.0500000000000007,0.19,12404356.0,145426250.1,2.28,0.0138339999999999,0.0263459999999999,0.73,,,19.9947,174.234,194.9109,,,1006671464.0,896671464.0,470830685.0,11707589126.0,10428289126.0,环境保护,环保,环境治理,综合环境治理,12.19,11.03,
2015-10-30,26.97,27.77,26.68,26.9,26.52,0.379999999999999,1.43,13271641.0,158071301.5,2.28,0.014801,0.028188,0.86,,,20.2823,176.7809,180.8149,,,1006671464.0,896671464.0,470830685.0,11878723274.999998,10580723274.999998,环境保护,环保,环境治理,综合环境治理,12.21,11.05,
2015-11-02,26.29,26.9,25.99,26.33,26.9,-0.5700000000000003,-2.12,12109755.0,140565505.6,2.28,0.013505,0.02572,0.8,,,19.8526,173.0355,176.9841,,,1006671464.0,896671464.0,470830685.0,11627055409.0,10356555409.0,环境保护,环保,环境治理,综合环境治理,12.39,11.21,
2015-11-03,26.33,26.65,25.47,25.63,26.33,-0.6999999999999993,-2.66,12436449.0,141151053.9,2.28,0.01387,0.026414,0.86,,,19.3197,168.3913,172.2338,,,1006671464.0,896671464.0,470830685.0,11314987255.0,10078587255.0,环境保护,环保,环境治理,综合环境治理,12.13,10.97,
2015-11-04,26.06,26.88,25.54,26.88,25.63,1.25,4.88,16585235.0,189906969.0,2.28,0.018496,0.035225,1.28,,,20.2651,176.6311,180.6617,,,1006671464.0,896671464.0,470830685.0,11868656561.0,10571756561.0,环境保护,环保,环境治理,综合环境治理,11.8,10.68,
2015-11-05,27.13,27.13,26.04,26.24,26.88,-0.6400000000000006,-2.38,14489200.0,168568529.70000002,2.28,0.016159,0.030774,1.08,,,19.7838,172.4363,176.3711,,,1006671464.0,896671464.0,470830685.0,11586788551.0,10320688551.0,环境保护,环保,环境治理,综合环境治理,12.38,11.2,
2015-11-06,26.47,27.45,26.29,27.2,26.24,0.9600000000000009,3.66,14390896.0,170878262.5,2.28,0.016049,0.030565,1.04,,,20.5057,178.7285,182.8069,,,1006671464.0,896671464.0,470830685.0,12009590566.0,10697290566.0,环境保护,环保,环境治理,综合环境治理,12.09,10.93,
2015-11-09,26.86,27.61,26.86,27.43,27.2,0.2300000000000004,0.85,16666882.0,199092688.9,2.28,0.018588,0.035399,1.19,,,20.6776,180.2266,184.3392,,,1006671464.0,896671464.0,470830685.0,12110257712.0,10786957712.0,环境保护,环保,环境治理,综合环境治理,12.53,11.33,
2015-11-10,27.7,28.8,27.38,28.48,27.43,1.0500000000000007,3.83,21852107.0,271920991.90000004,2.28,0.02437,0.046412,1.47,,,21.4683,187.1181,191.388,,,1006671464.0,896671464.0,470830685.0,12573326584.999998,11199426584.999998,环境保护,环保,环境治理,综合环境治理,12.63,11.43,
2015-11-11,28.61,28.82,27.75,28.39,28.48,-0.0899999999999998,-0.32,14224845.000000002,176298024.0,2.28,0.015864,0.030212,0.85,,,21.3995,186.5188,190.775,,,1006671464.0,896671464.0,470830685.0,12533059727.0,11163559727.0,环境保护,环保,环境治理,综合环境治理,13.11,11.87,
2015-11-12,28.52,29.16,28.07,28.59,28.39,0.1999999999999993,0.7,12804505.0,160219907.79999998,2.28,0.01428,0.0271959999999999,0.78,,,21.5542,187.8671,192.1541,,,1006671464.0,896671464.0,470830685.0,12623660159.0,11244260159.0,环境保护,环保,环境治理,综合环境治理,13.07,11.83,
2015-11-13,28.59,28.61,27.34,27.47,28.59,-1.120000000000001,-3.92,13815841.0,168616795.79999998,2.28,0.015408,0.029344,0.86,,,20.712,180.5262,184.6457,,,1006671464.0,896671464.0,470830685.0,12130391140.999998,10804891140.999998,环境保护,环保,环境治理,综合环境治理,13.17,11.91,
2015-11-16,27.36,27.93,26.9,27.63,27.47,0.1600000000000001,0.58,9999132.0,120905449.4,2.28,0.011151,0.021237,0.63,,,20.8323,181.5749,185.7183,,,1006671464.0,896671464.0,470830685.0,12200858144.0,10867658144.0,环境保护,环保,环境治理,综合环境治理,12.65,11.45,
2015-11-17,27.93,28.77,27.29,27.54,27.63,-0.0899999999999998,-0.33,10961951.0,134625165.0,2.28,0.012225,0.0232819999999999,0.75,,,20.7635,180.9757,185.1054,,,1006671464.0,896671464.0,470830685.0,12160591285.000002,10831791285.000002,环境保护,环保,环境治理,综合环境治理,12.73,11.51,
2015-11-18,27.7,28.11,27.36,27.36,27.54,-0.1799999999999997,-0.65,8735863.0,106066468.9,2.28,0.009743,0.018554,0.71,,,20.626,179.7772,183.8795,,,1006671464.0,896671464.0,470830685.0,12080057568.0,10760057568.0,环境保护,环保,环境治理,综合环境治理,12.68,11.48,
2015-11-19,27.43,27.7,27.25,27.68,27.36,0.3200000000000003,1.17,7002133.0,84475822.4,2.28,0.007809,0.014872,0.62,,,20.8667,181.8746,186.0248,,,1006671464.0,896671464.0,470830685.0,12220991573.0,10885591573.0,环境保护,环保,环境治理,综合环境治理,12.6,11.4,
2015-11-20,27.82,28.27,27.61,27.86,27.68,0.1799999999999997,0.65,9688191.0,118572284.8,2.28,0.010805,0.020577,0.96,,,21.0042,183.0731,187.2507,,,1006671464.0,896671464.0,470830685.0,12301525290.000002,10957325290.000002,环境保护,环保,环境治理,综合环境治理,12.75,11.53,
2015-11-23,28.0,28.45,27.09,27.31,27.86,-0.5500000000000007,-1.97,14080910.999999998,170815273.6,2.28,0.015704,0.029907,1.52,,,20.5917,179.4775,183.5731,,,1006671464.0,896671464.0,470830685.0,12059924139.0,10742124139.0,环境保护,环保,环境治理,综合环境治理,12.83,11.61,
2015-11-24,27.25,27.43,26.08,26.68,27.31,-0.629999999999999,-2.31,10954800.0,127841944.3,2.28,0.012217,0.023267,1.09,,,20.1104,175.2827,179.2826,,,1006671464.0,896671464.0,470830685.0,11778056129.0,10491056129.0,环境保护,环保,环境治理,综合环境治理,12.58,11.38,
2015-11-25,26.38,27.2,26.38,26.63,26.68,-0.0500000000000007,-0.19,10983800.0,128635086.4,2.28,0.01225,0.023329,1.09,,,20.076,174.9831,178.9761,,,1006671464.0,896671464.0,470830685.0,11757922700.0,10473122700.0,环境保护,环保,环境治理,综合环境治理,12.29,11.12,
2015-11-26,26.68,26.9,25.31,25.95,26.63,-0.6799999999999997,-2.55,18779151.0,215274605.1,2.28,0.020943,0.039885,1.78,,,19.5604,170.4887,174.3791,,,1006671464.0,896671464.0,470830685.0,11455921260.0,10204121260.0,环境保护,环保,环境治理,综合环境治理,12.26,11.1,
2015-11-27,25.95,26.36,24.65,24.9,25.95,-1.0500000000000007,-4.05,12392459.0,138696672.3,2.28,0.013821,0.02632,0.96,,,18.7697,163.5972,167.3304,,,1006671464.0,896671464.0,470830685.0,10992852387.000002,9791652387.0,环境保护,环保,环境治理,综合环境治理,11.95,10.81,
2015-11-30,24.9,25.31,23.64,24.76,24.9,-0.139999999999997,-0.56,11409599.0,122535101.0,2.28,0.012724,0.0242329999999999,0.85,,,18.6666,162.6983,166.411,,,1006671464.0,896671464.0,470830685.0,10932452098.999998,9737852099.0,环境保护,环保,环境治理,综合环境治理,11.47,10.37,
2015-12-01,24.78,24.87,24.08,24.49,24.76,-0.2700000000000031,-1.09,9765398.0,104674423.6,2.28,0.010891,0.020741,0.76,,,18.4603,160.9006,164.5722,,,1006671464.0,896671464.0,470830685.0,10811651523.0,9630251523.0,环境保护,环保,环境治理,综合环境治理,11.4,10.32,
2015-12-02,24.21,24.83,23.71,24.33,24.49,-0.1600000000000001,-0.65,7482852.0,80111207.89999999,2.28,0.008345,0.015893,0.59,,,18.34,159.8519,163.4996,,,1006671464.0,896671464.0,470830685.0,10741184521.000002,9567484521.0,环境保护,环保,环境治理,综合环境治理,11.28,10.2,
2015-12-03,24.28,25.54,24.28,25.54,24.33,1.2100000000000009,4.97,6488633.0,71678413.4,2.28,0.007236,0.013781,0.54,,,19.251,167.792,171.6209,,,1006671464.0,896671464.0,470830685.0,11274720397.0,10042720397.0,环境保护,环保,环境治理,综合环境治理,11.2,10.14,
2015-12-04,26.22,26.81,25.9,26.79,25.54,1.25,4.89,16778611.0,196425965.5,2.28,0.018712,0.035636,1.76,,,20.1963,176.0318,180.0487,,,1006671464.0,896671464.0,470830685.0,11828389702.000002,10535889702.000002,环境保护,环保,环境治理,综合环境治理,11.76,10.64,
2015-12-07,26.79,27.29,26.45,26.7,26.79,-0.0899999999999998,-0.34,10527514.0,123542099.7,2.28,0.011741,0.022359,1.01,,,20.1276,175.4326,179.4358,,,1006671464.0,896671464.0,470830685.0,11788122843.0,10500022843.0,环境保护,环保,环境治理,综合环境治理,12.34,11.16,
2015-12-08,26.47,27.13,26.13,26.17,26.7,-0.5299999999999976,-1.99,9862892.0,115043593.1,2.28,0.010999,0.020948,0.97,,,19.7322,171.9868,175.9114,,,1006671464.0,896671464.0,470830685.0,11556588407.0,10293788407.0,环境保护,环保,环境治理,综合环境治理,12.3,11.12,
2015-12-09,25.95,26.38,25.51,25.79,26.17,-0.3800000000000025,-1.45,6816062.0,77253655.7,2.28,0.007602,0.014477,0.67,,,19.44,169.44,173.3065,,,1006671464.0,896671464.0,470830685.0,11385454258.0,10141354258.0,环境保护,环保,环境治理,综合环境治理,12.05,10.91,
2015-12-10,25.95,27.09,25.54,27.09,25.79,1.3000000000000007,5.04,9781885.0,113935312.3,2.28,0.010909,0.020776,0.97,,,20.4198,177.9794,182.0408,,,1006671464.0,896671464.0,470830685.0,11959256992.0,10652456992.0,环境保护,环保,环境治理,综合环境治理,11.88,10.74,
2015-12-11,27.36,28.0,26.81,26.84,27.09,-0.25,-0.92,13153751.999999998,157659866.0,2.28,0.01467,0.027937,1.22,,,20.2307,176.3314,180.3552,,,1006671464.0,896671464.0,470830685.0,11848523131.0,10553823131.0,环境保护,环保,环境治理,综合环境治理,12.47,11.29,
2015-12-14,26.45,27.36,26.22,27.22,26.84,0.379999999999999,1.42,7523450.999999999,88264140.0,2.28,0.00839,0.015979,0.75,,,20.5229,178.8783,182.9601,,,1006671464.0,896671464.0,470830685.0,12019657279.999998,10706257279.999998,环境保护,环保,环境治理,综合环境治理,12.36,11.18,
2015-12-15,27.22,28.16,27.04,27.7,27.22,0.4800000000000004,1.76,9531218.0,115565695.3,2.28,0.0106299999999999,0.020243,1.01,,,20.8839,182.0244,186.178,,,1006671464.0,896671464.0,470830685.0,12231058288.0,10894558288.0,环境保护,环保,环境治理,综合环境治理,12.54,11.34,
2015-12-16,27.57,27.93,27.31,27.36,27.7,-0.3399999999999998,-1.23,5966005.0,72274601.3,2.28,0.006654,0.0126709999999999,0.64,,,20.626,179.7772,183.8795,,,1006671464.0,896671464.0,470830685.0,12080057568.0,10760057568.0,环境保护,环保,环境治理,综合环境治理,12.76,11.54,
2015-12-17,27.59,28.04,27.47,27.59,27.36,0.2300000000000004,0.84,7309882.000000001,88509493.9,2.28,0.008152,0.015526,0.8,,,20.7979,181.2753,185.4119,,,1006671464.0,896671464.0,470830685.0,12180724714.0,10849724714.0,环境保护,环保,环境治理,综合环境治理,12.6,11.4,
2015-12-18,27.61,27.82,27.27,27.31,27.59,-0.2800000000000011,-1.01,8047881.0,96741674.6,2.28,0.008975,0.017093,0.93,,,20.5917,179.4775,183.5731,,,1006671464.0,896671464.0,470830685.0,12059924139.0,10742124139.0,环境保护,环保,环境治理,综合环境治理,12.71,11.5,
2015-12-21,27.18,28.68,27.02,28.68,27.31,1.370000000000001,5.02,21086996.0,262275873.1,2.28,0.023517,0.044787,2.75,,,21.623,188.4664,192.7671,,,1006671464.0,896671464.0,470830685.0,12663927017.0,11280127017.0,环境保护,环保,环境治理,综合环境治理,12.58,11.38,
2015-12-22,28.66,30.12,28.55,30.12,28.68,1.4400000000000013,5.02,21670054.0,282018319.7,2.28,0.024167,0.046025,2.09,,,22.7058,197.9047,202.4207,,,1006671464.0,896671464.0,470830685.0,13298130038.999998,11845030038.999998,环境保护,环保,环境治理,综合环境治理,13.21,11.95,
2015-12-23,30.14,30.67,29.14,29.23,30.12,-0.8900000000000006,-2.95,15396482.999999998,201300684.6,2.28,0.017171,0.032701,1.2,,,22.0355,192.0619,196.4446,,,1006671464.0,896671464.0,470830685.0,12905528168.0,11495328168.0,环境保护,环保,环境治理,综合环境治理,13.87,12.55,
2015-12-24,29.0,30.69,29.0,29.78,29.23,0.5500000000000007,1.88,13122578.0,172999141.89999998,2.28,0.014635,0.027871,0.89,,,22.448,195.6575,200.1222,,,1006671464.0,896671464.0,470830685.0,13147129320.0,11710529320.0,环境保护,环保,环境治理,综合环境治理,13.46,12.18,
2015-12-25,29.78,31.01,29.41,30.62,29.78,0.8399999999999999,2.82,9605692.0,127804790.7,2.28,0.0107129999999999,0.020402,0.61,,,23.084,201.2006,205.7919,,,1006671464.0,896671464.0,470830685.0,13519597762.0,12042297762.0,环境保护,环保,环境治理,综合环境治理,13.71,12.41,
2015-12-28,30.1,30.69,29.09,29.09,30.62,-1.5300000000000011,-5.0,16316818.0,211763047.6,2.28,0.018197,0.034655,1.01,,,21.9324,191.1631,195.5253,,,1006671464.0,896671464.0,470830685.0,12845127881.0,11441527881.0,环境保护,环保,环境治理,综合环境治理,14.1,12.76,
2015-12-29,29.09,29.5,28.75,29.32,29.09,0.2300000000000004,0.79,7738764.999999999,98812234.3,2.28,0.008631,0.016436,0.51,,,22.1042,192.6612,197.0576,,,1006671464.0,896671464.0,470830685.0,12945795027.0,11531195027.0,环境保护,环保,环境治理,综合环境治理,13.4,12.12,
2015-12-30,29.32,29.41,28.16,28.55,29.32,-0.7699999999999996,-2.63,9460577.0,119382056.8,2.28,0.010551,0.020093,0.76,,,21.5198,187.5675,191.8477,,,1006671464.0,896671464.0,470830685.0,12603526728.999998,11226326728.999998,环境保护,环保,环境治理,综合环境治理,13.5,12.22,
2015-12-31,28.89,29.07,28.18,28.89,28.55,0.3399999999999998,1.19,7565136.0,95203382.9,2.28,0.008437,0.016068,0.67,,,21.7777,189.8147,194.1462,,,1006671464.0,896671464.0,470830685.0,12754527449.0,11360827449.0,环境保护,环保,环境治理,综合环境治理,13.15,11.89,
2016-01-04,28.89,28.89,27.45,27.45,28.89,-1.4400000000000013,-4.98,8115100.0,98560233.5,2.28,0.00905,0.017236,0.8,,,20.6948,180.3764,184.4925,,,1006671464.0,896671464.0,470830685.0,12120324427.0,10795924427.0,环境保护,环保,环境治理,综合环境治理,13.3,12.04,0.0
2016-01-05,26.08,26.61,26.08,26.08,27.45,-1.370000000000001,-4.99,8635381.0,99025595.6,2.28,0.00963,0.018341,0.88,,,19.6635,171.3876,175.2985,,,1006671464.0,896671464.0,470830685.0,11516321547.999998,10257921548.0,环境保护,环保,环境治理,综合环境治理,12.64,11.44,0.0
2016-01-06,26.22,26.22,25.49,25.97,26.08,-0.1099999999999994,-0.42,9518414.0,108098034.6,2.28,0.010615,0.0202159999999999,1.15,,,19.5775,170.6385,174.5323,,,1006671464.0,896671464.0,470830685.0,11465987975.000002,10213087975.0,环境保护,环保,环境治理,综合环境治理,12.01,10.87,0.0
2016-01-07,25.76,25.76,24.67,24.67,25.97,-1.2999999999999972,-5.01,1822800.0,19865732.0,2.28,0.002033,0.003871,0.21,,,18.5978,162.0991,165.7981,,,1006671464.0,896671464.0,470830685.0,10892185240.0,9701985240.0,环境保护,环保,环境治理,综合环境治理,11.96,10.82,0.0
2016-01-08,23.96,24.92,23.44,23.46,24.67,-1.2100000000000009,-4.9,14554985.999999998,151288277.0,2.28,0.016232,0.030913,2.04,,,17.6868,154.1589,157.6767,,,1006671464.0,896671464.0,470830685.0,10358649365.0,9226749365.0,环境保护,环保,环境治理,综合环境治理,11.36,10.28,0.0
2016-01-11,23.26,23.26,22.3,22.3,23.46,-1.16,-4.94,7310500.0,71777953.7,2.28,0.008153,0.015527,0.86,,,16.8102,146.5184,149.8618,,,1006671464.0,896671464.0,470830685.0,9845246918.0,8769446918.0,环境保护,环保,环境治理,综合环境治理,10.8,9.78,0.0
2016-01-12,21.18,22.07,21.18,21.18,22.3,-1.120000000000001,-5.02,10447691.0,97451163.2,2.28,0.011652,0.0221899999999999,1.25,,,15.968,139.1775,142.3534,,,1006671464.0,896671464.0,470830685.0,9351977901.0,8330077901.0,环境保护,环保,环境治理,综合环境治理,10.27,9.29,0.0
2016-01-13,21.48,22.23,20.22,20.31,21.18,-0.870000000000001,-4.11,12885909.0,120338245.0,2.28,0.014371,0.027368,1.48,,,15.3148,133.4845,136.5306,,,1006671464.0,896671464.0,470830685.0,8969442744.0,7989342744.0,环境保护,环保,环境治理,综合环境治理,9.75,8.83,0.0
2016-01-14,19.61,20.95,19.36,20.54,20.31,0.2300000000000004,1.13,9184986.0,80440286.9,2.28,0.010243,0.019508,0.98,,,15.4867,134.9827,138.0629,,,1006671464.0,896671464.0,470830685.0,9070109891.0,8079009891.0,环境保护,环保,环境治理,综合环境治理,9.36,8.46,0.0
2016-01-15,20.45,21.34,19.52,19.61,20.54,-0.9299999999999996,-4.53,12158503.0,107794023.6,2.28,0.01356,0.025824,1.12,,,14.782,128.8403,131.7803,,,1006671464.0,896671464.0,470830685.0,8657374590.0,7711374590.0,环境保护,环保,环境治理,综合环境治理,9.46,8.56,0.0
2016-01-18,18.92,19.84,18.67,19.45,19.61,-0.1600000000000001,-0.82,7904956.0,67105287.1,2.28,0.008816,0.016789,0.76,,,14.6617,127.7916,130.7077,,,1006671464.0,896671464.0,470830685.0,8586907588.0,7648607588.0,环境保护,环保,环境治理,综合环境治理,9.03,8.17,0.0
2016-01-19,19.56,20.43,19.49,20.43,19.45,0.9800000000000004,5.04,8702580.0,76644506.7,2.28,0.009705,0.018483,0.83,,,15.4008,134.2336,137.2967,,,1006671464.0,896671464.0,470830685.0,9019776317.0,8034176317.0,环境保护,环保,环境治理,综合环境治理,8.96,8.1,0.0
2016-01-20,20.59,21.2,20.29,20.52,20.43,0.0899999999999998,0.44,9729530.0,88088667.2,2.28,0.010851,0.020665,0.96,,,15.4695,134.8329,137.9097,,,1006671464.0,896671464.0,470830685.0,9060043176.0,8070043175.999999,环境保护,环保,环境治理,综合环境治理,9.41,8.51,0.0
2016-01-21,20.18,20.57,19.49,19.49,20.52,-1.0300000000000011,-5.02,8273891.0,72348176.30000001,2.28,0.0092269999999999,0.017573,0.87,,,14.6961,128.0912,131.0142,,,1006671464.0,896671464.0,470830685.0,8607041017.0,7666541017.0,环境保护,环保,环境治理,综合环境治理,9.45,8.55,0.0
2016-01-22,19.54,20.45,18.56,19.56,19.49,0.0700000000000002,0.36,6448148.0,54802698.4,2.28,0.0071909999999999,0.0136949999999999,0.69,,,14.7476,128.5407,131.4739,,,1006671464.0,896671464.0,470830685.0,8637241161.0,7693441161.0,环境保护,环保,环境治理,综合环境治理,8.98,8.12,0.0
2016-01-25,19.56,20.45,19.56,20.41,19.56,0.8500000000000014,4.35,8208433.0,72277197.19999999,2.28,0.009154,0.017434,1.0,,,15.3836,134.0838,137.1435,,,1006671464.0,896671464.0,470830685.0,9009709603.0,8025209603.0,环境保护,环保,环境治理,综合环境治理,9.01,8.15,0.0
2016-01-26,20.06,21.41,19.38,19.4,20.41,-1.0100000000000016,-4.95,16464017.000000002,147699250.39999998,2.28,0.018361,0.034968,1.99,,,14.6273,127.492,130.4012,,,1006671464.0,896671464.0,470830685.0,8566774159.0,7630674159.0,环境保护,环保,环境治理,综合环境治理,9.4,8.5,0.0
2016-01-27,19.43,20.18,18.47,19.86,19.4,0.4600000000000008,2.37,10809840.0,90873864.2,2.28,0.012056,0.022959,1.1,,,14.9711,130.4883,133.4659,,,1006671464.0,896671464.0,470830685.0,8768108451.0,7810008451.0,环境保护,环保,环境治理,综合环境治理,8.94,8.08,0.0
2016-01-28,19.56,20.25,18.86,19.15,19.86,-0.7100000000000009,-3.58,9510297.0,82009520.5,2.28,0.0106059999999999,0.0201989999999999,0.95,,,14.4382,125.844,128.7157,,,1006671464.0,896671464.0,470830685.0,8456040298.0,7532040298.0,环境保护,环保,环境治理,综合环境治理,9.15,8.27,0.0
2016-01-29,19.15,19.95,18.76,19.81,19.15,0.6600000000000001,3.45,6061702.0,51991360.0,2.28,0.00676,0.012874,0.59,,,14.9367,130.1886,133.1594,,,1006671464.0,896671464.0,470830685.0,8747975022.0,7792075022.0,环境保护,环保,环境治理,综合环境治理,8.82,7.98,0.0
2016-02-01,20.06,20.66,19.77,20.25,19.81,0.4400000000000013,2.22,8449569.0,74922890.19999999,2.28,0.009423,0.017946,0.83,,,15.2633,133.0351,136.0709,,,1006671464.0,896671464.0,470830685.0,8939242600.0,7962442600.0,环境保护,环保,环境治理,综合环境治理,9.12,8.26,0.0
2016-02-02,20.52,20.95,20.36,20.66,20.25,0.4100000000000001,2.02,5736722.0,52118647.5,2.28,0.006398,0.0121839999999999,0.56,,,15.5727,135.7318,138.8291,,,1006671464.0,896671464.0,470830685.0,9120443464.0,8123843464.0,环境保护,环保,环境治理,综合环境治理,9.32,8.44,0.0
2016-02-03,20.47,21.18,20.16,21.02,20.66,0.3599999999999994,1.74,7101958.0,64537941.8,2.28,0.00792,0.015084,0.88,,,15.8477,138.1288,141.2808,,,1006671464.0,896671464.0,470830685.0,9281510898.0,8267310898.0,环境保护,环保,环境治理,综合环境治理,9.51,8.61,0.0
2016-02-04,21.02,21.89,20.63,20.77,21.02,-0.25,-1.19,11797622.0,110065283.1,2.28,0.013157,0.025057,1.6,,,15.6586,136.4808,139.5952,,,1006671464.0,896671464.0,470830685.0,9170777037.0,8168677037.0,环境保护,环保,环境治理,综合环境治理,9.68,8.76,0.0
2016-02-05,20.77,21.61,20.66,21.32,20.77,0.5500000000000007,2.65,8998697.0,84009142.9,2.28,0.010036,0.019112,1.15,,,16.0711,140.0764,143.2728,,,1006671464.0,896671464.0,470830685.0,9412378188.0,8383878188.0,环境保护,环保,环境治理,综合环境治理,9.57,8.65,0.0
2016-02-15,20.52,21.36,20.31,21.25,21.32,-0.0700000000000002,-0.33,7418661.0,68315653.1,2.28,0.008274,0.015757,0.88,,,16.0196,139.6269,142.8131,,,1006671464.0,896671464.0,470830685.0,9382178044.0,8356978044.0,环境保护,环保,环境治理,综合环境治理,9.82,8.88,0.0
2016-02-16,21.32,22.32,21.32,22.16,21.25,0.91,4.28,8145458.0,78295207.8,2.28,0.009084,0.0173,0.99,,,16.7071,145.6195,148.9424,,,1006671464.0,896671464.0,470830685.0,9784846630.0,8715646630.0,环境保护,环保,环境治理,综合环境治理,9.79,8.85,0.0
2016-02-17,21.96,23.28,21.96,23.28,22.16,1.120000000000001,5.05,10091735.0,100445032.6,2.28,0.011255,0.021434,1.16,,,17.5493,152.9604,156.4508,,,1006671464.0,896671464.0,470830685.0,10278115647.0,9155015647.0,环境保护,环保,环境治理,综合环境治理,10.21,9.23,0.0
2016-02-18,23.6,23.83,22.94,23.03,23.28,-0.25,-1.07,8333760.000000001,85018699.3,2.28,0.009294,0.0177,0.9,,,17.3602,151.3125,154.7653,,,1006671464.0,896671464.0,470830685.0,10167381786.0,9056381786.0,环境保护,环保,环境治理,综合环境治理,10.72,9.7,0.0
2016-02-19,23.12,23.44,22.8,23.12,23.03,0.0899999999999998,0.39,5422844.0,54972733.9,2.28,0.006048,0.0115179999999999,0.63,,,17.429,151.9117,155.3782,,,1006671464.0,896671464.0,470830685.0,10207648645.0,9092248645.0,环境保护,环保,环境治理,综合环境治理,10.61,9.6,0.0
2016-02-22,23.71,24.08,23.37,23.48,23.12,0.3599999999999994,1.56,6901281.0,71608649.8,2.28,0.007697,0.014658,0.88,,,17.704,154.3087,157.8299,,,1006671464.0,896671464.0,470830685.0,10368716079.0,9235716079.0,环境保护,环保,环境治理,综合环境治理,10.65,9.63,0.0
2016-02-23,23.53,23.71,22.78,22.98,23.48,-0.5,-2.13,7322942.0,74213751.69999999,2.28,0.008167,0.0155529999999999,0.94,,,17.3259,151.0128,154.4588,,,1006671464.0,896671464.0,470830685.0,10147248357.0,9038448357.0,环境保护,环保,环境治理,综合环境治理,10.82,9.79,0.0
2016-02-24,22.96,23.44,22.57,22.96,22.98,-0.0199999999999995,-0.09,7824137.0,78888574.5,2.28,0.008726,0.016618,1.03,,,17.3087,150.863,154.3056,,,1006671464.0,896671464.0,470830685.0,10137181642.0,9029481642.0,环境保护,环保,环境治理,综合环境治理,10.58,9.58,0.0
2016-02-25,23.14,23.32,21.82,21.82,22.96,-1.1400000000000006,-4.97,11907650.0,117182868.0,2.28,0.01328,0.025291,1.66,,,16.4493,143.3723,146.6439,,,1006671464.0,896671464.0,470830685.0,9633845910.0,8581145910.0,环境保护,环保,环境治理,综合环境治理,10.57,9.57,0.0
2016-02-26,21.25,21.68,20.73,20.82,21.82,-1.0,-4.58,12952154.0,118706735.2,2.28,0.014445,0.027509,1.64,,,15.693,136.7805,139.9017,,,1006671464.0,896671464.0,470830685.0,9190910466.0,8186610466.0,环境保护,环保,环境治理,综合环境治理,10.05,9.09,0.0
2016-02-29,20.63,20.79,19.77,19.77,20.82,-1.0500000000000007,-5.04,7299475.0,63760812.6,2.28,0.008141,0.015503,0.78,,,14.9023,129.889,132.853,,,1006671464.0,896671464.0,470830685.0,8727841593.0,7774141593.000001,环境保护,环保,环境治理,综合环境治理,9.59,8.67,0.0
2016-03-01,19.49,20.16,19.2,20.04,19.77,0.2699999999999996,1.37,7847989.999999999,67883406.7,2.28,0.008752,0.016668,0.83,,,15.1086,131.6868,134.6918,,,1006671464.0,896671464.0,470830685.0,8848642169.0,7881742169.0,环境保护,环保,环境治理,综合环境治理,9.1,8.24,0.0
2016-03-02,19.97,21.02,19.84,20.93,20.04,0.8900000000000006,4.44,7071189.999999999,63458371.8,2.28,0.0078859999999999,0.015019,0.74,,,15.7789,137.5295,140.6679,,,1006671464.0,896671464.0,470830685.0,9241244040.0,8231444040.0,环境保护,环保,环境治理,综合环境治理,9.23,8.35,0.0
2016-03-03,21.16,21.98,21.0,21.89,20.93,0.9600000000000009,4.59,14505632.999999998,137918319.0,2.28,0.016177,0.030809,1.54,,,16.5008,143.8217,147.1036,,,1006671464.0,896671464.0,470830685.0,9664046054.0,8608046054.0,环境保护,环保,环境治理,综合环境治理,9.64,8.72,0.0
2016-03-04,21.75,22.18,20.86,21.07,21.89,-0.8200000000000003,-3.75,8646843.0,81223175.7,2.28,0.009643,0.018365,0.87,,,15.882,138.4284,141.5873,,,1006671464.0,896671464.0,470830685.0,9301644327.0,8285244327.0,环境保护,环保,环境治理,综合环境治理,10.08,9.12,0.0
2016-03-07,21.48,22.12,21.23,21.55,21.07,0.4800000000000004,2.28,6057140.0,57632819.5,2.28,0.006755,0.012865,0.67,,,16.243,141.5745,144.8051,,,1006671464.0,896671464.0,470830685.0,9513045335.0,8473545335.0,环境保护,环保,环境治理,综合环境治理,9.7,8.78,0.0
2016-03-08,21.8,22.02,20.86,21.96,21.55,0.4100000000000001,1.9,6959952.0,65839772.6,2.28,0.007762,0.014782,0.79,,,16.5524,144.2712,147.5633,,,1006671464.0,896671464.0,470830685.0,9694246198.0,8634946198.0,环境保护,环保,环境治理,综合环境治理,9.92,8.98,0.0
2016-03-09,21.73,22.09,21.25,21.36,21.96,-0.6000000000000014,-2.73,5752644.0,54440628.4,2.28,0.006416,0.012218,0.67,,,16.1055,140.376,143.5793,,,1006671464.0,896671464.0,470830685.0,9432511618.0,8401811618.0,环境保护,环保,环境治理,综合环境治理,10.11,9.15,0.0
2016-03-10,21.36,21.68,20.66,20.66,21.36,-0.6999999999999993,-3.28,4290888.0,39827687.7,2.28,0.004785,0.009113,0.51,,,15.5727,135.7318,138.8291,,,1006671464.0,896671464.0,470830685.0,9120443464.0,8123843464.0,环境保护,环保,环境治理,综合环境治理,9.84,8.9,0.0
2016-03-11,20.41,20.77,20.18,20.52,20.66,-0.1400000000000005,-0.68,4830254.0,43391027.7,2.28,0.0053869999999999,0.010259,0.76,,,15.4695,134.8329,137.9097,,,1006671464.0,896671464.0,470830685.0,9060043176.0,8070043175.999999,环境保护,环保,环境治理,综合环境治理,9.51,8.61,0.0
2016-03-14,20.86,21.55,20.73,21.55,20.52,1.0300000000000011,5.02,8293414.999999999,77869204.3,2.28,0.009249,0.017614,1.49,,,16.243,141.5745,144.8051,,,1006671464.0,896671464.0,470830685.0,9513045335.0,8473545335.0,环境保护,环保,环境治理,综合环境治理,9.45,8.55,0.0
2016-03-15,21.57,21.84,21.2,21.32,21.55,-0.2300000000000004,-1.07,7204650.0,67905978.1,2.28,0.008035,0.015302,1.2,,,16.0711,140.0764,143.2728,,,1006671464.0,896671464.0,470830685.0,9412378188.0,8383878188.0,环境保护,环保,环境治理,综合环境治理,9.92,8.98,0.0
2016-03-16,21.71,21.96,21.23,21.82,21.32,0.5,2.35,8526357.0,80864489.7,2.28,0.009509,0.018109,1.4,,,16.4493,143.3723,146.6439,,,1006671464.0,896671464.0,470830685.0,9633845910.0,8581145910.0,环境保护,环保,环境治理,综合环境治理,9.82,8.88,0.0
2016-03-17,21.8,22.07,21.39,22.02,21.82,0.1999999999999993,0.92,10488085.0,100458678.8,2.28,0.0116969999999999,0.0222759999999999,1.58,1388.1119,1388.1119,15.8313,56.9951,56.9951,0.0,,1006671464.0,896671464.0,470830685.0,9724446342.0,8661846342.0,环境保护,环保,环境治理,综合环境治理,10.05,9.09,0.0
2016-03-18,22.14,22.82,21.91,22.41,22.02,0.3900000000000005,1.77,9028798.0,88785707.1,2.28,0.010069,0.019176,1.15,1412.5404,1412.5404,16.1099,57.9982,57.9982,0.0,,1006671464.0,896671464.0,470830685.0,9895580491.0,8814280491.0,环境保护,环保,环境治理,综合环境治理,10.14,9.18,0.0
2016-03-21,22.46,23.14,22.39,22.8,22.41,0.3900000000000005,1.74,9373601.0,93528397.2,2.28,0.010454,0.019909,1.08,1436.9688,1436.9688,16.3885,59.0012,59.0012,0.0,,1006671464.0,896671464.0,470830685.0,10066714640.0,8966714640.0,环境保护,环保,环境治理,综合环境治理,10.32,9.34,0.0
2016-03-22,22.57,22.69,22.32,22.41,22.8,-0.3900000000000005,-1.71,6501625.0,64037266.8,2.28,0.007251,0.013809,0.73,1412.5404,1412.5404,16.1099,57.9982,57.9982,0.0,,1006671464.0,896671464.0,470830685.0,9895580491.0,8814280491.0,环境保护,环保,环境治理,综合环境治理,10.5,9.5,0.0
2016-03-23,22.21,22.94,22.05,22.55,22.41,0.1400000000000005,0.62,6253593.0,61885123.4,2.28,0.006974,0.013282,0.71,1421.1622,1421.1622,16.2083,58.3522,58.3522,0.0,,1006671464.0,896671464.0,470830685.0,9955980779.0,8868080779.0,环境保护,环保,环境治理,综合环境治理,10.32,9.34,0.0
2016-03-24,22.12,23.67,22.12,22.82,22.55,0.2699999999999996,1.2,13741182.0,139498140.5,2.28,0.015325,0.029185,1.65,1438.4058,1438.4058,16.4049,59.0602,59.0602,0.0,,1006671464.0,896671464.0,470830685.0,10076781355.0,8975681355.0,环境保护,环保,环境治理,综合环境治理,10.38,9.4,0.0
2016-03-25,22.87,23.89,22.8,23.76,22.82,0.9400000000000012,4.12,11590711.0,118498516.8,2.28,0.012926,0.024618,1.29,1497.3215,1497.3215,17.0768,61.4792,61.4792,0.0,,1006671464.0,896671464.0,470830685.0,10489516654.999998,9343316655.0,环境保护,环保,环境治理,综合环境治理,10.51,9.51,0.0
2016-03-28,23.96,24.62,23.69,23.85,23.76,0.0899999999999998,0.38,11693907.0,123770468.3,2.28,0.013041,0.0248369999999999,1.23,1503.0694,1503.0694,17.1424,61.7152,61.7152,0.0,,1006671464.0,896671464.0,470830685.0,10529783513.0,9379183513.0,环境保护,环保,环境治理,综合环境治理,10.94,9.9,0.0
2016-03-29,23.69,23.78,22.8,23.1,23.85,-0.75,-3.14,8375409.0,85338645.9,2.28,0.009341,0.017789,0.84,1455.6494,1455.6494,16.6016,59.7682,59.7682,0.0,,1006671464.0,896671464.0,470830685.0,10197581930.0,9083281930.0,环境保护,环保,环境治理,综合环境治理,10.98,9.94,0.0
2016-03-30,23.32,24.24,23.16,24.17,23.1,1.0700000000000005,4.63,9188668.0,95407136.1,2.28,0.010248,0.019516,0.89,1523.187,1523.187,17.3718,62.5413,62.5413,0.0,,1006671464.0,896671464.0,470830685.0,10670717518.0,9504717518.0,环境保护,环保,环境治理,综合环境治理,10.64,9.62,0.0
2016-03-31,23.73,24.03,23.48,23.58,24.17,-0.5900000000000034,-2.44,8517165.0,88503729.9,2.28,0.009499,0.01809,0.78,1485.8258,1485.8258,16.9457,61.0072,61.0072,0.0,,1006671464.0,896671464.0,470830685.0,10408982938.0,9271582938.0,环境保护,环保,环境治理,综合环境治理,11.13,10.07,0.0
2016-04-01,23.23,23.92,23.14,23.87,23.58,0.2900000000000027,1.23,7501885.000000001,76972422.8,2.28,0.008366,0.015933,0.76,1504.5064,1504.5064,17.1588,61.7742,61.7742,0.0,,1006671464.0,896671464.0,470830685.0,10539850228.0,9388150228.0,环境保护,环保,环境治理,综合环境治理,10.86,9.82,0.0
2016-04-05,23.89,24.05,23.48,23.89,23.87,0.0199999999999995,0.08,11140192.0,116674424.2,2.28,0.012424,0.0236609999999999,1.23,1505.9433,1505.9433,17.1752,61.8332,61.8332,0.0,,1006671464.0,896671464.0,470830685.0,10549916943.0,9397116943.0,环境保护,环保,环境治理,综合环境治理,10.99,9.95,0.0
2016-04-06,23.78,24.24,23.64,24.15,23.89,0.259999999999998,1.09,11179972.0,117667054.7,2.28,0.012468,0.023745,1.25,1521.75,1521.75,17.3554,62.4822,62.4822,0.0,,1006671464.0,896671464.0,470830685.0,10660650804.0,9495750804.0,环境保护,环保,环境治理,综合环境治理,11.0,9.96,0.0
2016-04-07,23.94,24.17,23.28,23.48,24.15,-0.6699999999999982,-2.77,9055991.0,94189072.5,2.28,0.0101,0.019234,0.95,1480.0779,1480.0779,16.8802,60.7712,60.7712,0.0,,1006671464.0,896671464.0,470830685.0,10368716079.0,9235716079.0,环境保护,环保,环境治理,综合环境治理,11.12,10.06,0.0
2016-04-08,23.42,23.92,23.21,23.67,23.48,0.1900000000000012,0.81,9904922.0,102344886.0,2.28,0.011046,0.021037,1.04,1491.5736,1491.5736,17.0113,61.2432,61.2432,0.0,,1006671464.0,896671464.0,470830685.0,10449249796.0,9307449796.0,环境保护,环保,环境治理,综合环境治理,10.82,9.79,0.0
2016-04-12,23.76,26.04,23.76,25.92,23.67,2.25,9.51,50333164.0,560437109.1999999,2.28,0.0561329999999999,0.106903,5.16,1633.8336,1633.8336,18.6338,67.0843,67.0843,0.0,,1006671464.0,896671464.0,470830685.0,11445854546.0,10195154546.0,环境保护,环保,环境治理,综合环境治理,11.42,9.34,0.0
2016-04-13,25.1,25.95,24.92,25.42,25.92,-0.5,-1.93,33302356.0,369752132.4,2.28,0.03714,0.070731,1.82,1602.2202,1602.2202,18.2732,65.7863,65.7863,0.0,,1006671464.0,896671464.0,470830685.0,11224386824.0,9997886824.0,环境保护,环保,环境治理,综合环境治理,12.51,10.23,0.0
2016-04-14,25.15,25.4,24.85,25.19,25.42,-0.2300000000000004,-0.9,15157660.0,167018152.1,2.28,0.016904,0.032193,0.67,1587.8506,1587.8506,18.1093,65.1963,65.1963,0.0,,1006671464.0,896671464.0,470830685.0,11123719677.0,9908219677.0,环境保护,环保,环境治理,综合环境治理,12.27,10.04,0.0
2016-04-15,25.35,25.74,25.15,25.26,25.19,0.0700000000000002,0.28,9456042.0,105345127.6,2.28,0.010546,0.020084,0.4,1592.1615,1592.1615,18.1585,65.3733,65.3733,0.0,,1006671464.0,896671464.0,470830685.0,11153919821.0,9935119821.0,环境保护,环保,环境治理,综合环境治理,12.16,9.95,0.0
2016-04-18,25.08,25.15,23.94,23.96,25.26,-1.3000000000000007,-5.15,10897998.0,116021020.8,2.28,0.012154,0.023146,0.46,1510.2542,1510.2542,17.2243,62.0102,62.0102,0.0,,1006671464.0,896671464.0,470830685.0,10580117087.0,9424017087.0,环境保护,环保,环境治理,综合环境治理,12.19,9.97,0.0
2016-04-19,23.96,24.33,23.39,23.62,23.96,-0.3399999999999998,-1.42,11046279.0,114731409.4,2.28,0.012319,0.023461,0.46,1488.6997,1488.6997,16.9785,61.1252,61.1252,0.0,,1006671464.0,896671464.0,470830685.0,10429116367.0,9289516367.0,环境保护,环保,环境治理,综合环境治理,11.56,9.46,0.0
2016-04-20,23.78,23.96,21.43,21.91,23.62,-1.7100000000000009,-7.24,14886417.000000002,147536630.0,2.28,0.016602,0.031617,0.93,1380.927,1380.927,15.7494,56.7001,56.7001,0.0,,1006671464.0,896671464.0,470830685.0,9674112769.0,8617012769.0,环境保护,环保,环境治理,综合环境治理,11.4,9.32,0.0
2016-04-21,21.59,21.96,20.98,21.07,21.91,-0.8399999999999999,-3.83,15619696.0,146582390.7,2.28,0.01742,0.0331749999999999,1.27,1327.7592,1917.8006,15.4701,54.5171,51.4414,0.0,,1006671464.0,896671464.0,470830685.0,9301644327.0,8285244327.0,环境保护,环保,环境治理,综合环境治理,10.57,8.65,0.0
2016-04-22,21.02,21.41,20.79,21.39,21.07,0.3200000000000003,1.52,6500431.0,60462029.4,2.28,0.0072499999999999,0.013806,0.53,1347.8768,1946.8582,15.7045,55.3431,52.2208,0.0,,1006671464.0,896671464.0,470830685.0,9442578332.0,8410778332.0,环境保护,环保,环境治理,综合环境治理,10.16,8.32,0.0
2016-04-25,21.48,21.48,20.7,21.2,21.39,-0.1900000000000012,-0.89,7942586.0,73261393.0,2.28,0.008858,0.016869,0.67,1336.381,1930.2538,15.5705,54.8711,51.7754,0.0,,1006671464.0,896671464.0,470830685.0,9362044615.0,8339044615.0,环境保护,环保,环境治理,综合环境治理,10.32,8.44,0.0
2016-04-26,21.41,21.64,21.02,21.45,21.2,0.25,1.18,5819525.0,54335347.6,2.28,0.00649,0.01236,0.52,1352.1877,1953.0848,15.7547,55.5201,52.3878,0.0,,1006671464.0,896671464.0,470830685.0,9472778476.0,8437678476.0,环境保护,环保,环境治理,综合环境治理,10.23,8.37,0.0
2016-04-27,21.48,21.89,21.34,21.52,21.45,0.0700000000000002,0.33,6670200.0,63227968.0,2.28,0.007439,0.014167,0.66,1356.4986,1959.3114,15.8049,55.6971,52.5549,0.0,,1006671464.0,896671464.0,470830685.0,9502978620.0,8464578620.0,环境保护,环保,环境治理,综合环境治理,10.35,8.47,0.0
2016-04-28,21.64,21.73,20.75,21.2,21.52,-0.3200000000000003,-1.49,6086218.0,56518887.2,2.28,0.006788,0.012927,0.72,1336.381,1930.2538,15.5705,54.8711,51.7754,0.0,,1006671464.0,896671464.0,470830685.0,9362044615.0,8339044615.0,环境保护,环保,环境治理,综合环境治理,10.38,8.5,0.0
2016-04-29,21.3,21.66,20.98,21.16,21.2,-0.0399999999999991,-0.19,5782400.0,53989015.0,2.28,0.006449,0.012281,0.88,1333.5071,1926.1027,15.537,54.7531,51.6641,0.0,,1006671464.0,896671464.0,470830685.0,9341911186.0,8321111186.0,环境保护,环保,环境治理,综合环境治理,10.23,8.37,0.0
2016-05-03,21.09,23.28,21.09,23.21,21.16,2.0500000000000007,9.69,32652500.0,330099765.8,2.28,0.036415,0.069351,5.05,1462.8343,2112.9015,17.0439,60.0632,56.6746,0.0,,1006671464.0,896671464.0,470830685.0,10247915504.0,9128115504.0,环境保护,环保,环境治理,综合环境治理,10.21,8.35,0.0
2016-05-04,22.73,22.75,22.12,22.14,23.21,-1.0700000000000005,-4.61,27314355.0,268611877.1,2.28,0.030462,0.058013,2.4,1395.2967,2015.351,16.257,57.2901,54.058,0.0,,1006671464.0,896671464.0,470830685.0,9774779915.0,8706679915.0,环境保护,环保,环境治理,综合环境治理,11.2,9.16,0.0
2016-05-05,22.16,23.03,22.05,22.73,22.14,0.5899999999999999,2.66,17371671.0,172487030.20000002,2.28,0.019374,0.036896,1.11,1432.6579,2069.3151,16.6923,58.8242,55.5055,0.0,,1006671464.0,896671464.0,470830685.0,10036514496.0,8939814496.0,环境保护,环保,环境治理,综合环境治理,10.68,8.74,0.0
2016-05-06,22.73,22.91,21.87,21.87,22.73,-0.8599999999999994,-3.78,10670874.0,104432735.0,2.28,0.011901,0.022664,0.6,1378.0531,1990.4445,16.0561,56.5821,53.3899,0.0,,1006671464.0,896671464.0,470830685.0,9653979340.0,8599079340.0,环境保护,环保,环境治理,综合环境治理,10.97,8.97,0.0
2016-05-09,21.89,22.39,21.2,21.73,21.87,-0.1400000000000005,-0.64,12176434.0,116924673.2,2.28,0.01358,0.025862,0.65,1369.4313,1977.9913,15.9556,56.2281,53.0559,0.0,,1006671464.0,896671464.0,470830685.0,9593579052.0,8545279052.0,环境保护,环保,环境治理,综合环境治理,10.55,8.63,0.0
2016-05-10,22.48,23.12,22.05,22.16,21.73,0.4299999999999997,1.98,20193010.0,199668524.7,2.28,0.02252,0.042888,1.01,1396.7337,2017.4266,16.2737,57.3491,54.1137,0.0,,1006671464.0,896671464.0,470830685.0,9784846630.0,8715646630.0,环境保护,环保,环境治理,综合环境治理,10.48,8.58,0.0
2016-05-11,21.89,22.28,21.32,21.5,22.16,-0.6600000000000001,-2.98,11966475.0,113761572.5,2.28,0.013345,0.0254159999999999,0.68,1355.0616,1957.2359,15.7882,55.6381,52.4992,0.0,,1006671464.0,896671464.0,470830685.0,9492911906.0,8455611906.0,环境保护,环保,环境治理,综合环境治理,10.69,8.75,0.0
2016-05-12,21.43,22.3,21.14,22.14,21.5,0.6400000000000006,2.98,12302239.0,117603128.8,2.28,0.01372,0.026129,0.85,1395.2967,2015.351,16.257,57.2901,54.058,0.0,,1006671464.0,896671464.0,470830685.0,9774779915.0,8706679915.0,环境保护,环保,环境治理,综合环境治理,10.37,8.49,0.0
2016-05-13,22.23,22.34,21.59,21.77,22.14,-0.370000000000001,-1.67,7360671.000000001,71024101.5,2.28,0.008209,0.0156329999999999,0.55,1372.3052,1982.1424,15.9891,56.3461,53.1673,0.0,,1006671464.0,896671464.0,470830685.0,9613712481.0,8563212481.0,环境保护,环保,环境治理,综合环境治理,10.68,8.74,0.0
2016-05-16,21.82,21.89,21.34,21.84,21.77,0.0700000000000002,0.32,5218698.0,49523359.900000006,2.28,0.00582,0.011084,0.41,1376.6161,1988.369,16.0393,56.5231,53.3343,0.0,,1006671464.0,896671464.0,470830685.0,9643912625.0,8590112625.0,环境保护,环保,环境治理,综合环境治理,10.51,8.6,0.0
2016-05-17,21.75,22.41,21.61,22.12,21.84,0.2800000000000011,1.28,9021029.0,87283114.10000001,2.28,0.010061,0.01916,0.79,1393.8598,2013.2755,16.2402,57.2311,54.0023,0.0,,1006671464.0,896671464.0,470830685.0,9764713201.0,8697713201.0,环境保护,环保,环境治理,综合环境治理,10.54,8.62,0.0
2016-05-18,22.0,22.0,21.14,21.36,22.12,-0.7600000000000016,-3.44,6963749.000000001,65626268.8,2.28,0.0077659999999999,0.01479,0.76,1346.4398,1944.7826,15.6877,55.2841,52.1652,0.0,,1006671464.0,896671464.0,470830685.0,9432511618.0,8401811618.0,环境保护,环保,环境治理,综合环境治理,10.67,8.73,0.0
2016-05-19,21.36,21.77,21.23,21.32,21.36,-0.0399999999999991,-0.19,4371240.0,41247464.1,2.28,0.004875,0.009284,0.53,1343.5659,1940.6315,15.6542,55.1661,52.0538,0.0,,1006671464.0,896671464.0,470830685.0,9412378188.0,8383878188.0,环境保护,环保,环境治理,综合环境治理,10.31,8.43,0.0
2016-05-20,21.27,23.46,20.7,22.12,21.32,0.8000000000000007,3.75,10437284.0,100707564.2,2.28,0.01164,0.022168,1.58,1393.8598,2013.2755,16.2402,57.2311,54.0023,0.0,,1006671464.0,896671464.0,470830685.0,9764713201.0,8697713201.0,环境保护,环保,环境治理,综合环境治理,10.29,8.42,0.0
2016-05-23,22.0,22.98,21.89,22.85,22.12,0.7300000000000004,3.3,11333630.0,111778110.1,2.28,0.01264,0.024072,1.57,1439.8428,2079.6928,16.776,59.1192,55.7839,0.0,,1006671464.0,896671464.0,470830685.0,10086848069.0,8984648069.0,环境保护,环保,环境治理,综合环境治理,10.67,8.73,0.0
2016-05-24,22.69,23.16,22.37,22.69,22.85,-0.1600000000000001,-0.7,12147415.0,121699396.5,2.28,0.013547,0.0258,1.44,1429.784,2065.164,16.6588,58.7062,55.3942,0.0,,1006671464.0,896671464.0,470830685.0,10016381067.0,8921881067.0,环境保护,环保,环境治理,综合环境治理,11.02,9.02,0.0
2016-05-25,22.82,23.16,22.32,22.48,22.69,-0.2100000000000008,-0.93,6344628.0,63167283.0,2.28,0.007076,0.0134749999999999,0.7,1416.8513,2046.4842,16.5081,58.1752,54.8931,0.0,,1006671464.0,896671464.0,470830685.0,9925780635.0,8841180635.0,环境保护,环保,环境治理,综合环境治理,10.95,8.96,0.0
2016-05-26,22.5,22.53,21.43,22.21,22.48,-0.2699999999999996,-1.2,7064959.0,67863239.8,2.28,0.007879,0.015005,0.79,1399.6076,2021.5777,16.3072,57.4671,54.225,0.0,,1006671464.0,896671464.0,470830685.0,9804980059.0,8733580059.0,环境保护,环保,环境治理,综合环境治理,10.85,8.87,0.0
2016-05-27,22.14,22.69,21.93,22.39,22.21,0.1799999999999997,0.81,5390355.0,52745583.0,2.28,0.006012,0.011449,0.57,1411.1034,2038.182,16.4411,57.9392,54.6704,0.0,,1006671464.0,896671464.0,470830685.0,9885513776.0,8805313776.0,环境保护,环保,环境治理,综合环境治理,10.71,8.77,0.0
2016-05-30,22.14,22.28,21.91,21.91,22.39,-0.4800000000000004,-2.14,4021449.0,38929931.4,2.28,0.004485,0.008541,0.48,1380.927,1994.5956,16.0896,56.7001,53.5013,0.0,,1006671464.0,896671464.0,470830685.0,9674112769.0,8617012769.0,环境保护,环保,环境治理,综合环境治理,10.8,8.84,0.0
2016-05-31,22.3,22.78,22.25,22.69,21.91,0.7800000000000011,3.56,7600746.000000001,75168494.30000001,2.28,0.008477,0.016143,1.09,1429.784,2065.164,16.6588,58.7062,55.3942,0.0,,1006671464.0,896671464.0,470830685.0,10016381067.0,8921881067.0,环境保护,环保,环境治理,综合环境治理,10.57,8.65,0.0
2016-06-01,22.75,23.14,22.55,22.82,22.69,0.129999999999999,0.57,10404083.0,104552040.0,2.28,0.011603,0.022097,1.71,1438.4058,2077.6173,16.7593,59.0602,55.7282,0.0,,1006671464.0,896671464.0,470830685.0,10076781355.0,8975681355.0,环境保护,环保,环境治理,综合环境治理,10.95,8.96,0.0
2016-06-02,22.91,23.85,22.91,23.26,22.82,0.4400000000000013,1.93,10428957.0,106781645.3,2.28,0.011631,0.02215,1.51,1465.7082,2117.0526,17.0774,60.1812,56.786,0.0,,1006671464.0,896671464.0,470830685.0,10268048933.0,9146048933.0,环境保护,环保,环境治理,综合环境治理,11.01,9.01,0.0
2016-06-03,23.39,23.39,22.82,23.07,23.26,-0.1900000000000012,-0.82,8214725.999999999,83068452.1,2.28,0.009161,0.017447,1.09,1454.2125,2100.4483,16.9434,59.7092,56.3406,0.0,,1006671464.0,896671464.0,470830685.0,10187515216.0,9074315216.0,环境保护,环保,环境治理,综合环境治理,11.22,9.18,0.0
2016-06-06,23.12,23.46,23.03,23.23,23.07,0.1600000000000001,0.69,9014141.0,91838695.6,2.28,0.010053,0.019145,1.11,1464.2712,2114.977,17.0606,60.1222,56.7303,0.0,,1006671464.0,896671464.0,470830685.0,10257982218.0,9137082218.0,环境保护,环保,环境治理,综合环境治理,11.13,9.11,0.0
2016-06-07,23.26,23.37,22.89,23.19,23.23,-0.0399999999999991,-0.17,5205215.0,52758759.1,2.28,0.005805,0.0110549999999999,0.57,1461.3973,2110.826,17.0271,60.0042,56.619,0.0,,1006671464.0,896671464.0,470830685.0,10237848789.0,9119148789.0,环境保护,环保,环境治理,综合环境治理,11.21,9.17,0.0
2016-06-08,23.19,23.21,22.73,23.14,23.19,-0.0500000000000007,-0.22,4670766.0,47026566.2,2.28,0.005209,0.00992,0.54,1458.5234,2106.6749,16.9936,59.8862,56.5076,0.0,,1006671464.0,896671464.0,470830685.0,10217715360.0,9101215360.0,环境保护,环保,环境治理,综合环境治理,11.19,9.15,0.0
2016-06-13,22.69,22.87,21.61,21.8,23.14,-1.34,-5.79,6967583.0,68557252.60000001,2.28,0.00777,0.014798,0.93,1373.7422,1984.2179,16.0058,56.4051,53.2229,0.0,,1006671464.0,896671464.0,470830685.0,9623779196.0,8572179196.0,环境保护,环保,环境治理,综合环境治理,11.17,9.14,0.0
2016-06-14,21.68,21.96,21.55,21.71,21.8,-0.0899999999999998,-0.41,4652604.0,44326093.2,2.28,0.005189,0.009882,0.68,1367.9943,1975.9158,15.9389,56.1691,53.0002,0.0,,1006671464.0,896671464.0,470830685.0,9583512337.0,8536312337.0,环境保护,环保,环境治理,综合环境治理,10.52,8.6,0.0
2016-06-15,21.66,22.44,21.55,22.16,21.71,0.4499999999999993,2.07,5481291.0,53163595.1,2.28,0.0061129999999999,0.011642,0.9,1396.7337,2017.4266,16.2737,57.3491,54.1137,0.0,,1006671464.0,896671464.0,470830685.0,9784846630.0,8715646630.0,环境保护,环保,环境治理,综合环境治理,10.47,8.57,0.0
2016-06-16,22.23,22.66,21.84,22.3,22.16,0.1400000000000005,0.63,4640305.0,45574751.3,2.28,0.005175,0.009856,0.86,1405.3555,2029.8798,16.3742,57.7032,54.4477,0.0,,1006671464.0,896671464.0,470830685.0,9845246918.0,8769446918.0,环境保护,环保,环境治理,综合环境治理,10.69,8.75,0.0
2016-06-17,22.3,22.57,22.07,22.09,22.3,-0.2100000000000008,-0.94,4513797.0,44145493.2,2.28,0.0050339999999999,0.009587,0.85,1392.4228,2011.2,16.2235,57.1721,53.9467,0.0,,1006671464.0,896671464.0,470830685.0,9754646486.0,8688746486.0,环境保护,环保,环境治理,综合环境治理,10.76,8.8,0.0
2016-06-20,22.09,22.23,21.73,21.98,22.09,-0.1099999999999994,-0.5,3696617.0,35576835.7,2.28,0.004123,0.007851,0.7,1385.238,2000.8223,16.1398,56.8771,53.6683,0.0,,1006671464.0,896671464.0,470830685.0,9704312913.0,8643912913.0,环境保护,环保,环境治理,综合环境治理,10.66,8.72,0.0
2016-06-21,22.18,22.5,21.57,21.68,21.98,-0.3000000000000007,-1.36,4593300.0,44469540.1,2.28,0.005123,0.009756,1.0,1366.5574,1973.8402,15.9221,56.1101,52.9446,0.0,,1006671464.0,896671464.0,470830685.0,9573445623.0,8527345623.0,环境保护,环保,环境治理,综合环境治理,10.6,8.68,0.0
2016-06-22,21.5,21.93,21.5,21.84,21.68,0.1600000000000001,0.74,3761324.0,35841262.2,2.28,0.004195,0.007989,0.82,1376.6161,1988.369,16.0393,56.5231,53.3343,0.0,,1006671464.0,896671464.0,470830685.0,9643912625.0,8590112625.0,环境保护,环保,环境治理,综合环境治理,10.46,8.56,0.0
2016-06-23,21.84,22.09,21.75,21.84,21.84,0.0,0.0,5027504.0,48294934.0,2.28,0.005607,0.010678,1.19,1376.6161,1988.369,16.0393,56.5231,53.3343,0.0,,1006671464.0,896671464.0,470830685.0,9643912625.0,8590112625.0,环境保护,环保,环境治理,综合环境治理,10.54,8.62,0.0
2016-06-24,21.84,22.02,20.06,21.34,21.84,-0.5,-2.29,6208463.0,58603776.7,2.28,0.006924,0.013186,1.44,1345.0028,1942.7071,15.671,55.2251,52.1095,0.0,,1006671464.0,896671464.0,470830685.0,9422444903.0,8392844902.999999,环境保护,环保,环境治理,综合环境治理,10.54,8.62,0.0
2016-06-27,21.66,22.21,21.55,22.12,21.34,0.7800000000000011,3.66,6408584.0,61760985.9,2.28,0.007147,0.013611,1.38,1393.8598,2013.2755,16.2402,57.2311,54.0023,0.0,,1006671464.0,896671464.0,470830685.0,9764713201.0,8697713201.0,环境保护,环保,环境治理,综合环境治理,10.3,8.42,0.0
2016-06-28,22.0,22.12,21.8,22.07,22.12,-0.0500000000000007,-0.23,5310939.0,51175390.7,2.28,0.005923,0.0112799999999999,1.02,1390.9858,2009.1244,16.2067,57.1131,53.891,0.0,,1006671464.0,896671464.0,470830685.0,9744579772.0,8679779772.0,环境保护,环保,环境治理,综合环境治理,10.67,8.73,0.0
2016-06-29,22.14,22.32,21.87,21.98,22.07,-0.0899999999999998,-0.41,6041267.0,58566449.9,2.28,0.006737,0.0128309999999999,1.13,1385.238,2000.8223,16.1398,56.8771,53.6683,0.0,,1006671464.0,896671464.0,470830685.0,9704312913.0,8643912913.0,环境保护,环保,环境治理,综合环境治理,10.65,8.71,0.0
2016-06-30,22.0,22.14,21.89,22.07,21.98,0.0899999999999998,0.41,4232498.0,40866541.2,2.28,0.0047199999999999,0.008989,0.73,1390.9858,2009.1244,16.2067,57.1131,53.891,0.0,,1006671464.0,896671464.0,470830685.0,9744579772.0,8679779772.0,环境保护,环保,环境治理,综合环境治理,10.6,8.68,0.0
2016-07-01,22.12,22.18,21.77,21.8,22.07,-0.2699999999999996,-1.22,3717618.0,35722083.7,2.28,0.004146,0.007896,0.66,1373.7422,1984.2179,16.0058,56.4051,53.2229,0.0,,1006671464.0,896671464.0,470830685.0,9623779196.0,8572179196.0,环境保护,环保,环境治理,综合环境治理,10.65,8.71,0.0
2016-07-04,21.91,23.48,21.89,22.96,21.8,1.16,5.32,16823167.0,168030167.1,2.28,0.018762,0.035731,3.27,1447.0276,2090.0705,16.8597,59.4142,56.0622,0.0,,1006671464.0,896671464.0,470830685.0,10137181642.0,9029481642.0,环境保护,环保,环境治理,综合环境治理,10.52,8.6,0.0
2016-07-05,23.03,23.42,22.8,23.14,22.96,0.1799999999999997,0.78,11302968.0,114363521.3,2.28,0.012605,0.024006,1.56,1458.5234,2106.6749,16.9936,59.8862,56.5076,0.0,,1006671464.0,896671464.0,470830685.0,10217715360.0,9101215360.0,环境保护,环保,环境治理,综合环境治理,11.08,9.06,0.0
2016-07-06,23.03,23.37,22.71,23.1,23.14,-0.0399999999999991,-0.17,10689168.0,107825363.8,2.28,0.011921,0.022703,1.27,1455.6494,2102.5238,16.9602,59.7682,56.3963,0.0,,1006671464.0,896671464.0,470830685.0,10197581930.0,9083281930.0,环境保护,环保,环境治理,综合环境治理,11.17,9.14,0.0
2016-07-07,23.26,24.08,23.16,23.39,23.1,0.2899999999999991,1.26,14070714.000000002,145127996.1,2.28,0.0156919999999999,0.029885,1.5,1474.33,2129.5058,17.1778,60.5352,57.12,0.0,,1006671464.0,896671464.0,470830685.0,10328449221.0,9199849221.0,环境保护,环保,环境治理,综合环境治理,11.14,9.12,0.0
2016-07-08,23.44,23.55,22.98,23.51,23.39,0.120000000000001,0.51,7855875.0,79969128.2,2.28,0.008761,0.016685,0.69,1481.5149,2139.8835,17.2615,60.8302,57.3984,0.0,,1006671464.0,896671464.0,470830685.0,10378782794.0,9244682794.0,环境保护,环保,环境治理,综合环境治理,11.29,9.23,0.0
2016-07-11,23.46,23.83,22.91,22.98,23.51,-0.5300000000000011,-2.25,8299861.0,84606150.4,2.28,0.009256,0.0176279999999999,0.68,1448.4646,2092.1461,16.8764,59.4732,56.1179,0.0,,1006671464.0,896671464.0,470830685.0,10147248357.0,9038448357.0,环境保护,环保,环境治理,综合环境治理,11.34,9.28,0.0
2016-07-12,22.98,23.14,22.57,23.12,22.98,0.1400000000000005,0.61,6724162.0,67555188.2,2.28,0.007499,0.0142809999999999,0.64,1457.0864,2104.5993,16.9769,59.8272,56.4519,0.0,,1006671464.0,896671464.0,470830685.0,10207648645.0,9092248645.0,环境保护,环保,环境治理,综合环境治理,11.09,9.07,0.0
2016-07-13,23.37,23.87,23.14,23.26,23.12,0.1400000000000005,0.61,8145732.000000001,83752998.7,2.28,0.009084,0.017301,0.85,1465.7082,2117.0526,17.0774,60.1812,56.786,0.0,,1006671464.0,896671464.0,470830685.0,10268048933.0,9146048933.0,环境保护,环保,环境治理,综合环境治理,11.15,9.13,0.0
2016-07-14,23.07,23.26,22.69,22.87,23.26,-0.3900000000000005,-1.68,8271798.0,82859353.2,2.28,0.009225,0.0175689999999999,0.92,1441.2797,2081.7684,16.7927,59.1782,55.8395,0.0,,1006671464.0,896671464.0,470830685.0,10096914784.0,8993614784.0,环境保护,环保,环境治理,综合环境治理,11.22,9.18,0.0
2016-07-15,22.89,22.98,22.5,22.55,22.87,-0.3200000000000003,-1.4,7662781.0,76055081.0,2.28,0.008546,0.0162749999999999,0.97,1421.1622,2052.7108,16.5583,58.3522,55.0601,0.0,,1006671464.0,896671464.0,470830685.0,9955980779.0,8868080779.0,环境保护,环保,环境治理,综合环境治理,11.03,9.03,0.0
2016-07-18,22.64,22.66,22.09,22.18,22.55,-0.370000000000001,-1.64,7866214.0,77320360.4,2.28,0.008773,0.016707,1.01,1398.1707,2019.5021,16.2905,57.4081,54.1694,0.0,,1006671464.0,896671464.0,470830685.0,9794913345.0,8724613345.0,环境保护,环保,环境治理,综合环境治理,10.88,8.9,0.0
2016-07-19,22.16,23.62,21.98,23.46,22.18,1.2800000000000011,5.77,20527585.0,207109270.4,2.28,0.022893,0.043599,2.65,1478.6409,2135.7325,17.228,60.7122,57.287,0.0,,1006671464.0,896671464.0,470830685.0,10358649365.0,9226749365.0,环境保护,环保,环境治理,综合环境治理,10.7,8.76,0.0
2016-07-20,23.07,23.35,22.85,22.91,23.46,-0.5500000000000007,-2.34,11135215.0,112424312.5,2.28,0.012418,0.02365,1.06,1444.1537,2085.9195,16.8262,59.2962,55.9509,0.0,,1006671464.0,896671464.0,470830685.0,10117048213.0,9011548213.0,环境保护,环保,环境治理,综合环境治理,11.32,9.26,0.0
2016-07-21,22.94,23.14,22.73,22.78,22.91,-0.129999999999999,-0.57,7282816.0,73121004.7,2.28,0.008122,0.0154679999999999,0.66,1435.5319,2073.4662,16.7258,58.9422,55.6168,0.0,,1006671464.0,896671464.0,470830685.0,10056647925.0,8957747925.0,环境保护,环保,环境治理,综合环境治理,11.06,9.05,0.0
2016-07-22,22.75,22.89,22.53,22.55,22.78,-0.2300000000000004,-1.01,5098198.0,50668564.3,2.28,0.005686,0.0108279999999999,0.47,1421.1622,2052.7108,16.5583,58.3522,55.0601,0.0,,1006671464.0,896671464.0,470830685.0,9955980779.0,8868080779.0,环境保护,环保,环境治理,综合环境治理,10.99,8.99,0.0
2016-07-25,21.91,22.71,21.91,22.3,22.55,-0.25,-1.11,6126628.0,60014382.7,2.28,0.006833,0.013012,0.59,1405.3555,2029.8798,16.3742,57.7032,54.4477,0.0,,1006671464.0,896671464.0,470830685.0,9845246918.0,8769446918.0,环境保护,环保,环境治理,综合环境治理,10.88,8.9,0.0
2016-07-26,22.14,22.5,22.14,22.39,22.3,0.0899999999999998,0.4,5000067.0,49018518.3,2.28,0.005576,0.01062,0.5,1411.1034,2038.182,16.4411,57.9392,54.6704,0.0,,1006671464.0,896671464.0,470830685.0,9885513776.0,8805313776.0,环境保护,环保,环境治理,综合环境治理,10.76,8.8,0.0
2016-07-27,22.39,23.03,21.5,21.91,22.39,-0.4800000000000004,-2.14,13188498.000000002,129615455.4,2.28,0.014708,0.0280109999999999,1.9,1380.927,1994.5956,16.0896,56.7001,53.5013,0.0,,1006671464.0,896671464.0,470830685.0,9674112769.0,8617012769.0,环境保护,环保,环境治理,综合环境治理,10.8,8.84,0.0
2016-07-28,21.89,22.32,21.66,21.89,21.91,-0.0199999999999995,-0.09,5822166.0,55894559.0,2.28,0.006493,0.0123659999999999,0.79,1379.4901,1992.5201,16.0728,56.6411,53.4456,0.0,,1006671464.0,896671464.0,470830685.0,9664046054.0,8608046054.0,环境保护,环保,环境治理,综合环境治理,10.57,8.65,0.0
2016-07-29,21.89,22.02,21.36,21.43,21.89,-0.4600000000000008,-2.1,6182306.0,58846495.0,2.28,0.006895,0.0131309999999999,0.88,1350.7507,1951.0092,15.738,55.4611,52.3322,0.0,,1006671464.0,896671464.0,470830685.0,9462711762.0,8428711762.0,环境保护,环保,环境治理,综合环境治理,10.56,8.64,0.0
2016-08-01,21.43,21.43,20.88,21.07,21.43,-0.3599999999999994,-1.68,5345404.0,49384888.7,2.28,0.0059609999999999,0.011353,0.74,1327.7592,1917.8006,15.4701,54.5171,51.4414,0.0,,1006671464.0,896671464.0,470830685.0,9301644327.0,8285244327.0,环境保护,环保,环境治理,综合环境治理,10.34,8.46,0.0
2016-08-02,21.11,21.3,20.7,21.0,21.07,-0.0700000000000002,-0.33,5450060.0,50116072.3,2.28,0.006078,0.011575,0.77,1323.4483,1911.574,15.4199,54.3401,51.2744,0.0,,1006671464.0,896671464.0,470830685.0,9271444183.0,8258344183.0,环境保护,环保,环境治理,综合环境治理,10.16,8.32,0.0
2016-08-03,20.98,21.36,20.75,21.04,21.0,0.0399999999999991,0.19,4260971.0,39413098.7,2.28,0.004752,0.00905,0.59,1326.3222,1915.725,15.4533,54.4581,51.3857,0.0,,1006671464.0,896671464.0,470830685.0,9291577613.0,8276277613.0,环境保护,环保,环境治理,综合环境治理,10.13,8.29,0.0
2016-08-04,21.2,21.59,20.98,21.32,21.04,0.2800000000000011,1.33,4429759.0,41348021.9,2.28,0.00494,0.009408,0.82,1343.5659,1940.6315,15.6542,55.1661,52.0538,0.0,,1006671464.0,896671464.0,470830685.0,9412378188.0,8383878188.0,环境保护,环保,环境治理,综合环境治理,10.15,8.31,0.0
2016-08-05,21.32,21.55,20.59,20.75,21.32,-0.5700000000000003,-2.67,6645100.0,61160960.8,2.28,0.007411,0.014114,1.29,1307.6416,1888.743,15.2357,53.6911,50.662,0.0,,1006671464.0,896671464.0,470830685.0,9160710322.0,8159710322.0,环境保护,环保,环境治理,综合环境治理,10.29,8.42,0.0
2016-08-08,20.84,21.55,20.57,21.34,20.75,0.5899999999999999,2.84,5459588.0,50661392.6,2.28,0.006089,0.011596,1.04,1345.0028,1942.7071,15.671,55.2251,52.1095,0.0,,1006671464.0,896671464.0,470830685.0,9422444903.0,8392844902.999999,环境保护,环保,环境治理,综合环境治理,10.01,8.19,0.0
2016-08-09,21.34,21.45,21.16,21.43,21.34,0.0899999999999998,0.42,3692470.0,34519788.0,2.28,0.004118,0.007842,0.7,1350.7507,1951.0092,15.738,55.4611,52.3322,0.0,,1006671464.0,896671464.0,470830685.0,9462711762.0,8428711762.0,环境保护,环保,环境治理,综合环境治理,10.3,8.42,0.0
2016-08-10,21.43,21.84,21.34,21.45,21.43,0.0199999999999995,0.09,4285947.0,40497220.4,2.28,0.0047799999999999,0.009103,0.88,1352.1877,1953.0848,15.7547,55.5201,52.3878,0.0,,1006671464.0,896671464.0,470830685.0,9472778476.0,8437678476.0,环境保护,环保,环境治理,综合环境治理,10.34,8.46,0.0
2016-08-11,21.43,21.75,21.23,21.27,21.45,-0.1799999999999997,-0.84,3142034.0,29514740.2,2.28,0.0035039999999999,0.006673,0.64,1340.6919,1936.4805,15.6208,55.0481,51.9425,0.0,,1006671464.0,896671464.0,470830685.0,9392244759.0,8365944759.0,环境保护,环保,环境治理,综合环境治理,10.35,8.47,0.0
2016-08-12,21.23,21.89,20.86,21.66,21.27,0.3900000000000005,1.83,6438621.0,60021152.1,2.28,0.007181,0.013675,1.39,1365.1204,1858.9431,16.1905,56.0511,48.7071,0.0,,1006671464.0,896671464.0,470830685.0,9563378908.0,8518378908.000001,环境保护,环保,环境治理,综合环境治理,10.26,8.4,0.0
2016-08-15,21.43,21.98,21.36,21.84,21.66,0.1799999999999997,0.83,8255466.0,78709814.5,2.28,0.009207,0.017534,1.79,1376.6161,1874.5974,16.3268,56.5231,49.1173,0.0,,1006671464.0,896671464.0,470830685.0,9643912625.0,8590112625.0,环境保护,环保,环境治理,综合环境治理,10.45,8.55,0.0
2016-08-16,22.14,22.3,21.84,21.91,21.84,0.0700000000000002,0.32,8611433.0,83001991.2,2.28,0.009604,0.01829,1.67,1380.927,1880.4677,16.378,56.7001,49.2711,0.0,,1006671464.0,896671464.0,470830685.0,9674112769.0,8617012769.0,环境保护,环保,环境治理,综合环境治理,10.54,8.62,0.0
2016-08-17,21.89,22.0,21.48,21.66,21.91,-0.25,-1.14,6492290.0,61667232.7,2.28,0.00724,0.013789,1.06,1365.1204,1858.9431,16.1905,56.0511,48.7071,0.0,,1006671464.0,896671464.0,470830685.0,9563378908.0,8518378908.000001,环境保护,环保,环境治理,综合环境治理,10.57,8.65,0.0
2016-08-18,21.66,21.73,21.41,21.61,21.66,-0.0500000000000007,-0.23,6714449.000000001,63374319.2,2.28,0.007488,0.014261,1.02,1362.2465,1855.0295,16.1564,55.9331,48.6046,0.0,,1006671464.0,896671464.0,470830685.0,9543245479.0,8500445479.0,环境保护,环保,环境治理,综合环境治理,10.45,8.55,0.0
2016-08-19,21.55,21.59,21.34,21.55,21.61,-0.0599999999999987,-0.28,3769170.0,35467158.6,2.28,0.004204,0.008005,0.52,1357.9355,1849.1592,16.1053,55.7561,48.4508,0.0,,1006671464.0,896671464.0,470830685.0,9513045335.0,8473545335.0,环境保护,环保,环境治理,综合环境治理,10.43,8.53,0.0
2016-08-22,21.57,21.59,21.09,21.14,21.55,-0.4100000000000001,-1.9,5033826.0,46995255.8,2.28,0.005614,0.0106909999999999,0.74,1332.0701,1813.9371,15.7985,54.6941,47.5279,0.0,,1006671464.0,896671464.0,470830685.0,9331844471.0,8312144471.0,环境保护,环保,环境治理,综合环境治理,10.4,8.51,0.0
2016-08-23,21.14,21.36,21.09,21.16,21.14,0.0199999999999995,0.09,2937805.0,27305801.1,2.28,0.003276,0.00624,0.48,1333.5071,1815.8939,15.8156,54.7531,47.5792,0.0,,1006671464.0,896671464.0,470830685.0,9341911186.0,8321111186.0,环境保护,环保,环境治理,综合环境治理,10.2,8.34,0.0
2016-08-24,21.27,21.59,21.16,21.39,21.16,0.2300000000000004,1.09,5112397.0,47886759.5,2.28,0.005702,0.010858,1.02,1347.8768,1835.4617,15.986,55.3431,48.0919,0.0,,1006671464.0,896671464.0,470830685.0,9442578332.0,8410778332.0,环境保护,环保,环境治理,综合环境治理,10.21,8.35,0.0
2016-08-25,21.27,21.27,20.98,21.02,21.39,-0.370000000000001,-1.73,4335623.0,40085574.1,2.28,0.004835,0.009208,0.92,1324.8853,1804.1532,15.7133,54.3991,47.2716,0.0,,1006671464.0,896671464.0,470830685.0,9281510898.0,8267310898.0,环境保护,环保,环境治理,综合环境治理,10.32,8.44,0.0
2016-08-26,21.02,21.73,21.02,21.43,21.02,0.4100000000000001,1.95,7430739.0,69740364.7,2.28,0.008287,0.015782,1.75,1350.7507,1839.3753,16.0201,55.4611,48.1944,0.0,,1006671464.0,896671464.0,470830685.0,9462711762.0,8428711762.0,环境保护,环保,环境治理,综合环境治理,10.14,8.3,0.0
2016-08-29,21.45,23.58,21.23,23.58,21.43,2.1499999999999986,10.03,33928517.0,343347685.9,2.28,0.037838,0.072061,6.83,1485.8258,2023.3128,17.6221,61.0072,53.0139,0.0,,1006671464.0,896671464.0,470830685.0,10408982938.0,9271582938.0,环境保护,环保,环境治理,综合环境治理,10.34,8.46,0.0
2016-08-30,23.71,23.92,22.64,22.89,23.58,-0.6899999999999977,-2.93,40430376.0,409623594.4,2.28,0.045089,0.08587,3.76,1442.7167,1964.6093,17.1108,59.2372,51.4758,0.0,,1006671464.0,896671464.0,470830685.0,10106981499.0,9002581499.0,环境保护,环保,环境治理,综合环境治理,11.37,9.31,0.0
2016-08-31,22.64,22.98,22.25,22.78,22.89,-0.1099999999999994,-0.48,20380597.0,202251108.8,2.28,0.022729,0.043286,1.12,1435.5319,1954.8254,17.0256,58.9422,51.2194,0.0,,1006671464.0,896671464.0,470830685.0,10056647925.0,8957747925.0,环境保护,环保,环境治理,综合环境治理,11.04,9.04,0.0
2016-09-01,22.59,22.78,22.32,22.32,22.78,-0.4600000000000008,-2.02,12813283.0,126569196.8,2.28,0.01429,0.027214,0.6,1406.7925,1915.6898,16.6847,57.7622,50.194,0.0,,1006671464.0,896671464.0,470830685.0,9855313633.0,8778413633.0,环境保护,环保,环境治理,综合环境治理,10.99,8.99,0.0
2016-09-02,22.18,22.46,21.91,22.34,22.32,0.0199999999999995,0.09,11280036.0,109674069.2,2.28,0.01258,0.023958,0.49,1408.2295,1917.6466,16.7018,57.8212,50.2453,0.0,,1006671464.0,896671464.0,470830685.0,9865380347.0,8787380347.0,环境保护,环保,环境治理,综合环境治理,10.77,8.81,0.0
2016-09-05,22.32,22.85,22.18,22.71,22.34,0.370000000000001,1.66,15029132.0,149004459.5,2.28,0.0167609999999999,0.03192,0.63,1431.221,1948.9551,16.9745,58.7652,51.0656,0.0,,1006671464.0,896671464.0,470830685.0,10026447781.0,8930847781.0,环境保护,环保,环境治理,综合环境治理,10.78,8.82,0.0
2016-09-06,22.53,24.12,22.3,23.67,22.71,0.9600000000000009,4.23,29875186.0,305280040.5,2.28,0.033318,0.063452,1.49,1491.5736,2031.1399,17.6903,61.2432,53.219,0.0,,1006671464.0,896671464.0,470830685.0,10449249796.0,9307449796.0,环境保护,环保,环境治理,综合环境治理,10.96,8.96,0.0
2016-09-07,23.64,25.47,23.37,24.44,23.67,0.7699999999999996,3.25,45383307.0,486988183.6,2.28,0.050613,0.0963899999999999,2.54,1540.4306,2097.6705,18.2697,63.2493,54.9622,0.0,,1006671464.0,896671464.0,470830685.0,10791518094.0,9612318094.0,环境保护,环保,环境治理,综合环境治理,11.42,9.34,0.0
2016-09-08,24.19,25.22,23.71,24.69,24.44,0.25,1.02,31283545.0,336125923.40000004,2.28,0.034889,0.066443,1.37,1556.2372,2119.1951,18.4572,63.8983,55.5261,0.0,,1006671464.0,896671464.0,470830685.0,10902251955.0,9710951955.0,环境保护,环保,环境治理,综合环境治理,11.79,9.65,0.0
2016-09-09,24.4,24.74,23.94,24.37,24.69,-0.3200000000000003,-1.3,19721520.0,209764016.0,2.28,0.021994,0.041887,0.74,1536.1197,2091.8002,18.2186,63.0723,54.8084,0.0,,1006671464.0,896671464.0,470830685.0,10761317950.0,9585417950.0,环境保护,环保,环境治理,综合环境治理,11.91,9.75,0.0
2016-09-12,23.46,24.3,23.21,24.12,24.37,-0.25,-1.03,21402043.0,223361598.8,2.28,0.023868,0.045456,0.76,1520.313,2070.2756,18.0311,62.4232,54.2444,0.0,,1006671464.0,896671464.0,470830685.0,10650584089.0,9486784089.0,环境保护,环保,环境治理,综合环境治理,11.76,9.62,0.0
2016-09-13,24.1,24.72,23.76,24.62,24.12,0.5,2.07,20783765.0,221085386.8,2.28,0.0231789999999999,0.044143,0.7,1551.9263,2113.3248,18.406,63.7213,55.3723,0.0,,1006671464.0,896671464.0,470830685.0,10872051811.0,9684051811.0,环境保护,环保,环境治理,综合环境治理,11.64,9.52,0.0
2016-09-14,24.58,24.58,23.26,23.26,24.62,-1.3599999999999994,-5.52,20136051.0,210059144.4,2.28,0.022456,0.042767,0.73,1465.7082,1995.9179,17.3835,60.1812,52.2961,0.0,,1006671464.0,896671464.0,470830685.0,10268048933.0,9146048933.0,环境保护,环保,环境治理,综合环境治理,11.88,9.72,0.0
2016-09-19,23.23,23.55,23.03,23.42,23.26,0.1600000000000001,0.69,9141032.0,93267076.8,2.28,0.010194,0.019415,0.4,1475.767,2009.6153,17.5028,60.5942,52.655,0.0,,1006671464.0,896671464.0,470830685.0,10338515935.0,9208815935.0,环境保护,环保,环境治理,综合环境治理,11.22,9.18,0.0
2016-09-20,23.51,23.99,23.07,23.21,23.42,-0.2100000000000008,-0.9,11254449.0,116261643.9,2.28,0.012551,0.0239029999999999,0.62,1462.8343,1992.0043,17.3494,60.0632,52.1936,0.0,,1006671464.0,896671464.0,470830685.0,10247915504.0,9128115504.0,环境保护,环保,环境治理,综合环境治理,11.3,9.24,0.0
2016-09-21,23.16,23.44,23.05,23.14,23.21,-0.0700000000000002,-0.3,6885150.0,70066734.7,2.28,0.007679,0.0146229999999999,0.42,1458.5234,1986.1339,17.2983,59.8862,52.0397,0.0,,1006671464.0,896671464.0,470830685.0,10217715360.0,9101215360.0,环境保护,环保,环境治理,综合环境治理,11.2,9.16,0.0
2016-09-22,23.37,23.8,23.14,23.23,23.14,0.0899999999999998,0.39,8515022.0,87334137.3,2.28,0.009496,0.018085,0.62,1464.2712,1993.9611,17.3664,60.1222,52.2448,0.0,,1006671464.0,896671464.0,470830685.0,10257982218.0,9137082218.0,环境保护,环保,环境治理,综合环境治理,11.17,9.14,0.0
2016-09-23,23.28,23.64,23.14,23.23,23.23,0.0,0.0,9906093.0,101494466.2,2.28,0.011048,0.02104,0.89,1464.2712,1993.9611,17.3664,60.1222,52.2448,0.0,,1006671464.0,896671464.0,470830685.0,10257982218.0,9137082218.0,环境保护,环保,环境治理,综合环境治理,11.21,9.17,0.0
2016-09-26,23.19,23.23,21.89,21.89,23.23,-1.34,-5.77,15235248.000000002,150612626.0,2.28,0.016991,0.032358,1.67,1379.4901,1878.5109,16.3609,56.6411,49.2199,0.0,,1006671464.0,896671464.0,470830685.0,9664046054.0,8608046054.0,环境保护,环保,环境治理,综合环境治理,11.21,9.17,0.0
2016-09-27,21.77,21.98,21.23,21.77,21.89,-0.120000000000001,-0.55,10456693.0,99076205.9,2.28,0.0116619999999999,0.022209,1.01,1372.3052,1868.727,16.2757,56.3461,48.9635,0.0,,1006671464.0,896671464.0,470830685.0,9613712481.0,8563212481.0,环境保护,环保,环境治理,综合环境治理,10.56,8.64,0.0
2016-09-28,21.8,21.89,21.5,21.77,21.77,0.0,0.0,5157690.0,49164376.8,2.28,0.005752,0.0109539999999999,0.51,1372.3052,1868.727,16.2757,56.3461,48.9635,0.0,,1006671464.0,896671464.0,470830685.0,9613712481.0,8563212481.0,环境保护,环保,环境治理,综合环境治理,10.51,8.6,0.0
2016-09-29,21.8,22.16,21.73,22.0,21.77,0.2300000000000004,1.06,5309260.0,51106821.2,2.28,0.0059209999999999,0.011276,0.54,1386.6749,1888.2948,16.4461,56.9361,49.4762,0.0,,1006671464.0,896671464.0,470830685.0,9714379628.0,8652879628.0,环境保护,环保,环境治理,综合环境治理,10.51,8.6,0.0
2016-09-30,22.0,22.25,21.84,22.12,22.0,0.120000000000001,0.55,4296579.0,41655424.1,2.28,0.004792,0.009126,0.47,1393.8598,1898.0787,16.5314,57.2311,49.7326,0.0,,1006671464.0,896671464.0,470830685.0,9764713201.0,8697713201.0,环境保护,环保,环境治理,综合环境治理,10.62,8.69,0.0
2016-10-10,22.34,22.5,22.05,22.37,22.12,0.25,1.13,6163607.0,60259252.9,2.28,0.006874,0.0130909999999999,0.76,1409.6664,1919.6034,16.7188,57.8802,50.2965,0.0,,1006671464.0,896671464.0,470830685.0,9875447062.0,8796347062.0,环境保护,环保,环境治理,综合环境治理,10.67,8.73,0.0
2016-10-11,22.34,23.1,22.28,22.87,22.37,0.5,2.24,12736774.0,127633994.1,2.28,0.014205,0.027052,2.03,1441.2797,1962.6526,17.0938,59.1782,51.4245,0.0,,1006671464.0,896671464.0,470830685.0,10096914784.0,8993614784.0,环境保护,环保,环境治理,综合环境治理,10.79,8.83,0.0
2016-10-12,22.94,22.94,22.46,22.53,22.87,-0.3399999999999998,-1.49,5594345.0,55533713.3,2.28,0.006239,0.0118819999999999,0.83,1419.7252,1933.3008,16.8381,58.2932,50.6554,0.0,,1006671464.0,896671464.0,470830685.0,9945914064.0,8859114064.0,环境保护,环保,环境治理,综合环境治理,11.03,9.03,0.0
2016-10-13,22.59,22.69,22.34,22.5,22.53,-0.0300000000000011,-0.13,5588103.0,55062004.6,2.28,0.006232,0.011869,0.82,1418.2882,1931.344,16.8211,58.2342,50.6042,0.0,,1006671464.0,896671464.0,470830685.0,9935847350.0,8850147350.0,环境保护,环保,环境治理,综合环境治理,10.87,8.89,0.0
2016-10-14,22.78,23.35,22.69,22.98,22.5,0.4800000000000004,2.13,11855452.0,119542957.0,2.28,0.013222,0.0251799999999999,1.72,1448.4646,1972.4365,17.179,59.4732,51.6808,0.0,,1006671464.0,896671464.0,470830685.0,10147248357.0,9038448357.0,环境保护,环保,环境治理,综合环境治理,10.86,8.88,0.0
2016-10-17,22.87,22.91,22.14,22.34,22.98,-0.6400000000000006,-2.79,8916714.0,88154493.2,2.28,0.009944,0.018938,1.06,1408.2295,1917.6466,16.7018,57.8212,50.2453,0.0,,1006671464.0,896671464.0,470830685.0,9865380347.0,8787380347.0,环境保护,环保,环境治理,综合环境治理,11.09,9.07,0.0
2016-10-18,22.23,22.46,22.12,22.46,22.34,0.120000000000001,0.54,7181636.0,70261601.89999999,2.28,0.0080089999999999,0.015253,0.8,1415.4143,1927.4305,16.787,58.1162,50.5016,0.0,,1006671464.0,896671464.0,470830685.0,9915713920.0,8832213920.0,环境保护,环保,环境治理,综合环境治理,10.78,8.82,0.0
2016-10-19,22.48,22.57,22.12,22.23,22.46,-0.2300000000000004,-1.02,6560796.000000001,64138919.9,2.28,0.007317,0.013935,0.84,1401.0446,1907.8627,16.6166,57.5262,49.9889,0.0,,1006671464.0,896671464.0,470830685.0,9815046774.0,8742546774.0,环境保护,环保,环境治理,综合环境治理,10.84,8.87,0.0
2016-10-20,22.18,22.37,22.14,22.32,22.23,0.0899999999999998,0.4,4015819.0,39189654.6,2.28,0.004479,0.008529,0.5,1406.7925,1915.6898,16.6847,57.7622,50.194,0.0,,1006671464.0,896671464.0,470830685.0,9855313633.0,8778413633.0,环境保护,环保,环境治理,综合环境治理,10.73,8.78,0.0
2016-10-21,22.28,22.28,21.73,22.09,22.32,-0.2300000000000004,-1.03,5837392.0,56388888.9,2.28,0.00651,0.012398,0.76,1392.4228,1896.122,16.5143,57.1721,49.6813,0.0,,1006671464.0,896671464.0,470830685.0,9754646486.0,8688746486.0,环境保护,环保,环境治理,综合环境治理,10.77,8.81,0.0
2016-10-24,22.05,22.3,22.02,22.21,22.09,0.120000000000001,0.54,4445990.0,43270888.8,2.28,0.004958,0.009443,0.68,1399.6076,1905.9059,16.5995,57.4671,49.9376,0.0,,1006671464.0,896671464.0,470830685.0,9804980059.0,8733580059.0,环境保护,环保,环境治理,综合环境治理,10.66,8.72,0.0
2016-10-25,22.12,22.12,21.8,21.87,22.21,-0.3399999999999998,-1.53,8468765.0,81248905.3,2.28,0.009445,0.017987,1.51,1378.0531,1876.5541,16.3439,56.5821,49.1686,0.0,,1006671464.0,896671464.0,470830685.0,9653979340.0,8599079340.0,环境保护,环保,环境治理,综合环境治理,10.71,8.77,0.0
2016-10-26,21.91,22.02,21.77,21.87,21.87,0.0,0.0,4443111.0,42631353.7,2.28,0.004955,0.009437,0.76,1378.0531,1876.5541,16.3439,56.5821,49.1686,0.0,,1006671464.0,896671464.0,470830685.0,9653979340.0,8599079340.0,环境保护,环保,环境治理,综合环境治理,10.55,8.63,0.0
2016-10-27,21.87,21.91,21.66,21.84,21.87,-0.0300000000000011,-0.14,4167225.0,39758492.7,2.28,0.004647,0.008851,0.77,1376.6161,1874.5974,16.3268,56.5231,49.1173,0.0,,1006671464.0,896671464.0,470830685.0,9643912625.0,8590112625.0,环境保护,环保,环境治理,综合环境治理,10.55,8.63,0.0
2016-10-28,21.84,21.93,21.68,21.71,21.84,-0.129999999999999,-0.6,3791406.0,36273502.9,2.28,0.004228,0.008053,0.69,1367.9943,1862.8567,16.2246,56.1691,48.8097,0.0,,1006671464.0,896671464.0,470830685.0,9583512337.0,8536312337.0,环境保护,环保,环境治理,综合环境治理,10.54,8.62,0.0
2016-10-31,21.71,21.71,21.25,21.43,21.71,-0.2800000000000011,-1.29,4829988.0,45344844.0,2.28,0.0053869999999999,0.010258,0.95,1350.7507,,16.2298,55.4611,42.0096,0.0,,1006671464.0,896671464.0,470830685.0,9462711762.0,8428711762.0,环境保护,环保,环境治理,综合环境治理,10.47,8.57,0.0
2016-11-01,21.43,21.59,21.32,21.52,21.43,0.0899999999999998,0.42,6072140.0,57150878.0,2.28,0.006772,0.012897,1.18,1356.4986,,16.2989,55.6971,42.1884,0.0,,1006671464.0,896671464.0,470830685.0,9502978620.0,8464578620.0,环境保护,环保,环境治理,综合环境治理,10.34,8.46,0.0
2016-11-02,21.5,21.52,21.27,21.32,21.52,-0.1999999999999993,-0.93,3886177.0,36434651.0,2.28,0.004334,0.008254,0.83,1343.5659,,16.1435,55.1661,41.7862,0.0,,1006671464.0,896671464.0,470830685.0,9412378188.0,8383878188.0,环境保护,环保,环境治理,综合环境治理,10.38,8.5,0.0
2016-11-03,21.27,21.39,21.07,21.2,21.32,-0.120000000000001,-0.56,8230774.000000001,76588167.0,2.28,0.009179,0.017481,1.81,1336.381,,16.0572,54.8711,41.5627,0.0,,1006671464.0,896671464.0,470830685.0,9362044615.0,8339044615.0,环境保护,环保,环境治理,综合环境治理,10.29,8.42,0.0
2016-11-04,21.27,21.39,21.16,21.39,21.2,0.1900000000000012,0.9,4935077.0,46057925.0,2.28,0.005504,0.010482,0.92,1347.8768,,16.1953,55.3431,41.9203,0.0,,1006671464.0,896671464.0,470830685.0,9442578332.0,8410778332.0,环境保护,环保,环境治理,综合环境治理,10.23,8.37,0.0
2016-11-07,21.36,21.36,21.16,21.2,21.39,-0.1900000000000012,-0.89,4116142.0,38365060.0,2.28,0.00459,0.008742,0.74,1336.381,,16.0572,54.8711,41.5627,0.0,,1006671464.0,896671464.0,470830685.0,9362044615.0,8339044615.0,环境保护,环保,环境治理,综合环境治理,10.32,8.44,0.0
2016-11-08,21.27,21.52,21.18,21.39,21.2,0.1900000000000012,0.9,4931922.0,46138992.0,2.28,0.0055,0.010475,0.91,1347.8768,,16.1953,55.3431,41.9203,0.0,,1006671464.0,896671464.0,470830685.0,9442578332.0,8410778332.0,环境保护,环保,环境治理,综合环境治理,10.23,8.37,0.0
2016-11-09,21.36,21.41,20.79,21.04,21.39,-0.3500000000000014,-1.64,6197994.0,57442744.0,2.28,0.006912,0.013164,1.19,1326.3222,,15.9363,54.4581,41.2499,0.0,,1006671464.0,896671464.0,470830685.0,9291577613.0,8276277613.0,环境保护,环保,环境治理,综合环境治理,10.32,8.44,0.0
2016-11-10,21.3,21.68,21.3,21.52,21.04,0.4800000000000004,2.28,8335066.0,78670314.0,2.28,0.009296,0.017703,1.47,1356.4986,,16.2989,55.6971,42.1884,0.0,,1006671464.0,896671464.0,470830685.0,9502978620.0,8464578620.0,环境保护,环保,环境治理,综合环境治理,10.15,8.31,0.0
2016-11-11,21.66,21.66,21.36,21.41,21.52,-0.1099999999999994,-0.51,6344618.0,59647368.0,2.28,0.007076,0.0134749999999999,1.11,1349.3137,,16.2126,55.4021,41.9649,0.0,,1006671464.0,896671464.0,470830685.0,9452645047.0,8419745047.000001,环境保护,环保,环境治理,综合环境治理,10.38,8.5,0.0
2016-11-14,21.43,21.48,21.23,21.32,21.41,-0.0899999999999998,-0.42,7003705.0,65470953.0,2.28,0.007811,0.014875,1.17,1343.5659,,16.1435,55.1661,41.7862,0.0,,1006671464.0,896671464.0,470830685.0,9412378188.0,8383878188.0,环境保护,环保,环境治理,综合环境治理,10.33,8.45,0.0
2016-11-15,21.52,22.02,21.32,21.8,21.32,0.4800000000000004,2.25,15266326.0,145240715.0,2.28,0.017026,0.032424,2.33,1373.7422,,16.5061,56.4051,42.7247,0.0,,1006671464.0,896671464.0,470830685.0,9623779196.0,8572179196.0,环境保护,环保,环境治理,综合环境治理,10.29,8.42,0.0
2016-11-16,21.73,21.89,21.57,21.64,21.8,-0.1600000000000001,-0.73,6577335.000000001,62554725.0,2.28,0.007335,0.01397,0.76,1363.6834,,16.3852,55.9921,42.4119,0.0,,1006671464.0,896671464.0,470830685.0,9553312193.0,8509412193.0,环境保护,环保,环境治理,综合环境治理,10.52,8.6,0.0
2016-11-17,21.64,21.64,21.32,21.36,21.64,-0.2800000000000011,-1.29,6639284.0,62261506.0,2.28,0.0074039999999999,0.0141009999999999,0.76,1346.4398,,16.178,55.2841,41.8756,0.0,,1006671464.0,896671464.0,470830685.0,9432511618.0,8401811618.0,环境保护,环保,环境治理,综合环境治理,10.44,8.54,0.0
2016-11-18,21.34,21.5,21.3,21.39,21.36,0.0300000000000011,0.14,4718877.0,44244880.0,2.28,0.005263,0.010022,0.56,1347.8768,,16.1953,55.3431,41.9203,0.0,,1006671464.0,896671464.0,470830685.0,9442578332.0,8410778332.0,环境保护,环保,环境治理,综合环境治理,10.31,8.43,0.0
2016-11-21,21.41,21.41,21.23,21.25,21.39,-0.1400000000000005,-0.65,5385133.0,50334580.0,2.28,0.006006,0.0114379999999999,0.67,1339.255,,16.0917,54.9891,41.6521,0.0,,1006671464.0,896671464.0,470830685.0,9382178044.0,8356978044.0,环境保护,环保,环境治理,综合环境治理,10.32,8.44,0.0
2016-11-22,21.25,21.39,21.16,21.39,21.25,0.1400000000000005,0.66,5877241.0,54826803.0,2.28,0.006555,0.012483,0.76,1347.8768,,16.1953,55.3431,41.9203,0.0,,1006671464.0,896671464.0,470830685.0,9442578332.0,8410778332.0,环境保护,环保,环境治理,综合环境治理,10.25,8.39,0.0
2016-11-23,21.36,21.39,21.11,21.25,21.39,-0.1400000000000005,-0.65,5887900.0,54951998.0,2.28,0.006566,0.0125049999999999,1.01,1339.255,,16.0917,54.9891,41.6521,0.0,,1006671464.0,896671464.0,470830685.0,9382178044.0,8356978044.0,环境保护,环保,环境治理,综合环境治理,10.32,8.44,0.0
2016-11-24,21.3,21.3,20.91,21.04,21.25,-0.2100000000000008,-0.99,7761502.0,71703190.0,2.28,0.008656,0.016485,1.36,1326.3222,,15.9363,54.4581,41.2499,0.0,,1006671464.0,896671464.0,470830685.0,9291577613.0,8276277613.0,环境保护,环保,环境治理,综合环境治理,10.25,8.39,0.0
2016-11-25,21.16,21.16,20.57,20.93,21.04,-0.1099999999999994,-0.52,7438908.0,67862461.0,2.28,0.008296,0.0158,1.26,1319.1374,,15.85,54.1631,41.0264,0.0,,1006671464.0,896671464.0,470830685.0,9241244040.0,8231444040.0,环境保护,环保,环境治理,综合环境治理,10.15,8.31,0.0
2016-11-28,20.93,21.09,20.84,20.95,20.93,0.0199999999999995,0.1,5149808.0,47379128.0,2.28,0.005743,0.010938,0.8,1320.5744,,15.8673,54.2221,41.0711,0.0,,1006671464.0,896671464.0,470830685.0,9251310754.0,8240410754.0,环境保护,环保,环境治理,综合环境治理,10.1,8.26,0.0
2016-11-29,20.98,21.2,20.77,20.82,20.95,-0.129999999999999,-0.62,6211763.0,57234296.0,2.28,0.006928,0.013193,0.97,1311.9525,,15.7637,53.8681,40.803,0.0,,1006671464.0,896671464.0,470830685.0,9190910466.0,8186610466.0,环境保护,环保,环境治理,综合环境治理,10.11,8.27,0.0
2016-11-30,20.82,20.95,20.73,20.84,20.82,0.0199999999999995,0.1,4340842.0,39667668.0,2.28,0.004841,0.00922,0.67,1313.3895,,15.7809,53.9271,40.8477,0.0,,1006671464.0,896671464.0,470830685.0,9200977181.0,8195577181.000001,环境保护,环保,环境治理,综合环境治理,10.04,8.22,0.0
2016-12-01,20.79,21.0,20.52,20.77,20.84,-0.0700000000000002,-0.34,5534501.0,50488954.0,2.28,0.0061719999999999,0.011755,0.9,1309.0786,,15.7291,53.7501,40.7136,0.0,,1006671464.0,896671464.0,470830685.0,9170777037.0,8168677037.0,环境保护,环保,环境治理,综合环境治理,10.05,8.23,0.0
2016-12-02,20.57,20.82,20.54,20.57,20.77,-0.1999999999999993,-0.96,5773490.0,52206267.0,2.28,0.006439,0.012262,1.01,1296.1459,,15.5737,53.2191,40.3114,0.0,,1006671464.0,896671464.0,470830685.0,9080176605.0,8087976605.0,环境保护,环保,环境治理,综合环境治理,10.02,8.2,0.0
2016-12-05,20.41,20.54,20.22,20.25,20.57,-0.3200000000000003,-1.56,4769188.0,42590409.0,2.28,0.005319,0.0101289999999999,0.88,1276.0283,,15.332,52.393,39.6857,0.0,,1006671464.0,896671464.0,470830685.0,8939242600.0,7962442600.0,环境保护,环保,环境治理,综合环境治理,9.92,8.12,0.0
2016-12-06,20.27,20.41,20.27,20.41,20.25,0.1600000000000001,0.79,2697400.0,24065782.0,2.28,0.003008,0.005729,0.51,1286.0871,,15.4529,52.8061,39.9985,0.0,,1006671464.0,896671464.0,470830685.0,9009709603.0,8025209603.0,环境保护,环保,环境治理,综合环境治理,9.77,7.99,0.0
2016-12-07,20.41,20.63,20.25,20.63,20.41,0.2199999999999988,1.08,4066721.0,36390266.0,2.28,0.004535,0.008637,0.88,1300.4568,,15.6255,53.3961,40.4454,0.0,,1006671464.0,896671464.0,470830685.0,9110376749.0,8114876749.0,环境保护,环保,环境治理,综合环境治理,9.85,8.06,0.0
2016-12-08,20.61,20.63,20.29,20.36,20.63,-0.2699999999999996,-1.31,3410068.0,30587223.0,2.28,0.003803,0.007243,0.75,1283.2132,,15.4184,52.6881,39.9092,0.0,,1006671464.0,896671464.0,470830685.0,8989576174.0,8007276174.0,环境保护,环保,环境治理,综合环境治理,9.96,8.15,0.0
2016-12-09,20.29,20.45,20.22,20.25,20.36,-0.1099999999999994,-0.54,3962600.0,35306573.0,2.28,0.004419,0.008416,0.96,1276.0283,,15.332,52.393,39.6857,0.0,,1006671464.0,896671464.0,470830685.0,8939242600.0,7962442600.0,环境保护,环保,环境治理,综合环境治理,9.82,8.04,0.0
2016-12-12,20.31,20.38,19.13,19.13,20.25,-1.120000000000001,-5.53,8182711.0,70370419.0,2.28,0.009126,0.017379,2.16,1205.6169,,14.486,49.502,37.4958,0.0,,1006671464.0,896671464.0,470830685.0,8445973583.0,7523073583.0,环境保护,环保,环境治理,综合环境治理,9.77,7.99,0.0
2016-12-13,19.13,19.27,18.86,19.13,19.13,0.0,0.0,4803295.0,40043474.0,2.28,0.005357,0.010202,1.08,1205.6169,,14.486,49.502,37.4958,0.0,,1006671464.0,896671464.0,470830685.0,8445973583.0,7523073583.0,环境保护,环保,环境治理,综合环境治理,9.23,7.55,0.0
2016-12-14,19.11,19.11,18.6,18.74,19.13,-0.3900000000000005,-2.04,6040360.0,49948272.0,2.28,0.006736,0.012829,1.24,1181.1884,,14.1925,48.499,36.7361,0.0,,1006671464.0,896671464.0,470830685.0,8274839434.0,7370639434.0,环境保护,环保,环境治理,综合环境治理,9.23,7.55,0.0
2016-12-15,18.7,19.08,18.63,18.81,18.74,0.0700000000000002,0.37,5539335.0,45789870.0,2.28,0.006178,0.011765,1.05,1185.4993,,14.2443,48.676,36.8702,0.0,,1006671464.0,896671464.0,470830685.0,8305039578.0,7397539578.0,环境保护,环保,环境治理,综合环境治理,9.04,7.4,0.0
2016-12-16,18.79,19.22,18.67,19.02,18.81,0.2100000000000008,1.12,6106606.0,50833194.0,2.28,0.00681,0.0129699999999999,1.07,1198.432,,14.3997,49.207,37.2724,0.0,,1006671464.0,896671464.0,470830685.0,8395640010.0,7478240010.0,环境保护,环保,环境治理,综合环境治理,9.08,7.43,0.0
2016-12-19,18.92,19.4,18.9,18.97,19.02,-0.0500000000000007,-0.26,6537578.0,54805500.0,2.28,0.007291,0.013885,1.07,1195.5581,,14.3651,49.089,37.183,0.0,,1006671464.0,896671464.0,470830685.0,8375506580.000001,7460306580.000001,环境保护,环保,环境治理,综合环境治理,9.17,7.51,0.0
2016-12-20,18.97,19.08,18.79,18.95,18.97,-0.0199999999999995,-0.11,3186265.0,26438073.0,2.28,0.003553,0.006767,0.55,1194.1211,,14.3479,49.03,37.1383,0.0,,1006671464.0,896671464.0,470830685.0,8365439865.999999,7451339865.999999,环境保护,环保,环境治理,综合环境治理,9.15,7.49,0.0
2016-12-21,18.92,19.08,18.86,18.99,18.95,0.0399999999999991,0.21,3378728.0,28109980.0,2.28,0.003768,0.007176,0.62,1196.995,,14.3824,49.148,37.2277,0.0,,1006671464.0,896671464.0,470830685.0,8385573295.0,7469273295.0,环境保护,环保,环境治理,综合环境治理,9.14,7.48,0.0
2016-12-22,19.08,19.38,18.97,19.29,18.99,0.3000000000000007,1.58,8036364.999999999,67509013.0,2.28,0.008962,0.017068,1.62,1215.6756,,14.6069,49.915,37.8087,0.0,,1006671464.0,896671464.0,470830685.0,8516440585.0,7585840585.0,环境保护,环保,环境治理,综合环境治理,9.16,7.5,0.0
2016-12-23,19.2,19.31,18.88,18.9,19.29,-0.3900000000000005,-2.02,5113543.0,42663341.0,2.28,0.005703,0.010861,0.94,1191.2472,,14.3133,48.912,37.0489,0.0,,1006671464.0,896671464.0,470830685.0,8345306437.0,7433406437.0,环境保护,环保,环境治理,综合环境治理,9.31,7.61,0.0
2016-12-26,18.9,18.99,18.42,18.9,18.9,0.0,0.0,4701275.0,38510882.0,2.28,0.005243,0.009985,0.9,1191.2472,,14.3133,48.912,37.0489,0.0,,1006671464.0,896671464.0,470830685.0,8345306437.0,7433406437.0,环境保护,环保,环境治理,综合环境治理,9.12,7.46,0.0
2016-12-27,18.92,19.2,18.92,19.06,18.9,0.1600000000000001,0.85,3904418.0,32604277.0,2.28,0.004354,0.008293,0.8,1201.3059,,14.4342,49.325,37.3618,0.0,,1006671464.0,896671464.0,470830685.0,8415773439.0,7496173439.0,环境保护,环保,环境治理,综合环境治理,9.12,7.46,0.0
2016-12-28,19.49,20.98,19.27,20.29,19.06,1.2300000000000004,6.45,30321579.0,272376793.0,2.28,0.033816,0.0644,6.03,1278.9023,,15.3666,52.511,39.7751,0.0,,1006671464.0,896671464.0,470830685.0,8959376030.0,7980376030.0,环境保护,环保,环境治理,综合环境治理,9.2,7.52,0.0
2016-12-29,19.77,19.77,19.15,19.47,20.29,-0.8200000000000003,-4.04,17856112.0,152786546.0,2.28,0.019914,0.037925,1.71,1227.1714,,14.745,50.387,38.1662,0.0,,1006671464.0,896671464.0,470830685.0,8596974303.0,7657574303.0,环境保护,环保,环境治理,综合环境治理,9.79,8.01,0.0
2016-12-30,19.38,19.47,18.97,18.97,19.47,-0.5,-2.57,9442194.0,79329608.0,2.28,0.01053,0.020054,0.76,1195.5581,,14.3651,49.089,37.183,0.0,,1006671464.0,896671464.0,470830685.0,8375506580.000001,7460306580.000001,环境保护,环保,环境治理,综合环境治理,9.39,7.69,0.0
2017-01-03,18.97,19.29,18.88,19.17,18.97,0.2000000000000028,1.05,5337356.0,44702393.0,2.28,0.005952,0.011099,0.4,1208.4908,,14.5205,49.62,37.5852,0.0,,1006671464.0,896671464.0,480897372.00000006,8466107012.0,7541007012.0,环境保护,环保,环境治理,综合环境治理,9.15,7.49,0.0
2017-01-04,19.13,19.77,19.04,19.61,19.17,0.4399999999999977,2.3,9690491.0,82970070.0,2.28,0.010807,0.020151,0.72,1235.7932,,14.8486,50.741,38.4343,0.0,,1006671464.0,896671464.0,480897372.00000006,8657374590.0,7711374590.0,环境保护,环保,环境治理,综合环境治理,9.25,7.57,0.0
2017-01-05,19.52,19.86,19.43,19.47,19.61,-0.1400000000000005,-0.71,5922331.0,50853694.0,2.28,0.006605,0.012315,0.41,1227.1714,,14.745,50.387,38.1662,0.0,,1006671464.0,896671464.0,480897372.00000006,8596974303.0,7657574303.0,环境保护,环保,环境治理,综合环境治理,9.46,7.74,0.0
2017-01-06,19.49,19.61,19.36,19.52,19.47,0.0500000000000007,0.26,4349237.0,37105440.0,2.28,0.00485,0.009044,0.45,1230.0453,,14.7795,50.505,38.2556,0.0,,1006671464.0,896671464.0,480897372.00000006,8617107732.0,7675507732.000001,环境保护,环保,环境治理,综合环境治理,9.39,7.69,0.0
2017-01-09,19.54,19.63,19.47,19.52,19.52,0.0,0.0,3247568.0,27839218.0,2.28,0.003622,0.006753,0.47,1230.0453,,14.7795,50.505,38.2556,0.0,,1006671464.0,896671464.0,480897372.00000006,8617107732.0,7675507732.000001,环境保护,环保,环境治理,综合环境治理,9.42,7.7,0.0
2017-01-10,19.54,19.59,19.29,19.31,19.52,-0.2100000000000008,-1.08,3889814.0,33088137.000000004,2.28,0.004338,0.0080889999999999,0.68,1217.1126,,14.6241,49.974,37.8534,0.0,,1006671464.0,896671464.0,480897372.00000006,8526507300.0,7594807300.0,环境保护,环保,环境治理,综合环境治理,9.42,7.7,0.0
2017-01-11,19.31,19.38,19.13,19.15,19.31,-0.1600000000000001,-0.83,2874360.0,24241529.0,2.28,0.003206,0.005977,0.53,1207.0538,,14.5033,49.561,37.5405,0.0,,1006671464.0,896671464.0,480897372.00000006,8456040298.0,7532040298.0,环境保护,环保,环境治理,综合环境治理,9.32,7.62,0.0
2017-01-12,19.17,19.22,18.88,18.95,19.15,-0.1999999999999993,-1.04,3957342.0,33030203.0,2.28,0.004413,0.008229,0.98,1194.1211,,14.3479,49.03,37.1383,0.0,,1006671464.0,896671464.0,480897372.00000006,8365439865.999999,7451339865.999999,环境保护,环保,环境治理,综合环境治理,9.24,7.56,0.0
2017-01-13,19.04,19.04,18.51,18.6,18.95,-0.3499999999999978,-1.85,2945900.0,24252310.0,2.28,0.003285,0.006126,0.8,1172.5666,,14.0889,48.145,36.4679,0.0,,1006671464.0,896671464.0,480897372.00000006,8214439146.0,7316839146.0,环境保护,环保,环境治理,综合环境治理,9.14,7.48,0.0
2017-01-16,18.6,18.7,16.87,17.9,18.6,-0.7000000000000028,-3.76,6678862.0,52927039.0,2.28,0.007449,0.013888,1.97,1128.0205,,13.5536,46.3159,35.0825,0.0,,1006671464.0,896671464.0,480897372.00000006,7902370992.000001,7038870992.000001,环境保护,环保,环境治理,综合环境治理,8.98,7.34,0.0
2017-01-17,17.88,18.13,17.58,17.9,17.9,0.0,0.0,2924883.0,22941786.0,2.28,0.0032619999999999,0.006082,0.72,1128.0205,,13.5536,46.3159,35.0825,0.0,,1006671464.0,896671464.0,480897372.00000006,7902370992.000001,7038870992.000001,环境保护,环保,环境治理,综合环境治理,8.64,7.07,0.0
2017-01-18,17.88,17.94,17.78,17.81,17.9,-0.0899999999999998,-0.5,1587793.0,12429070.0,2.28,0.001771,0.003302,0.41,1122.2727,,13.4846,46.0799,34.9037,0.0,,1006671464.0,896671464.0,480897372.00000006,7862104134.0,7003004134.0,环境保护,环保,环境治理,综合环境治理,8.64,7.07,0.0
2017-01-19,17.81,17.83,17.4,17.44,17.81,-0.3699999999999974,-2.08,2860491.0,22045994.0,2.28,0.00319,0.005948,0.79,1099.2812,,13.2083,45.1359,34.1887,0.0,,1006671464.0,896671464.0,480897372.00000006,7701036700.0,6859536700.0,环境保护,环保,环境治理,综合环境治理,8.59,7.03,0.0
2017-01-20,17.46,17.65,17.44,17.51,17.44,0.0700000000000002,0.4,3272015.0,25196827.0,2.28,0.003649,0.006804,0.96,1103.5921,,13.2601,45.3129,34.3228,0.0,,1006671464.0,896671464.0,480897372.00000006,7731236844.0,6886436844.0,环境保护,环保,环境治理,综合环境治理,8.42,6.89,0.0
2017-01-23,17.51,17.85,17.51,17.78,17.51,0.2699999999999996,1.54,4825852.0,37386642.0,2.28,0.005382,0.010035,1.39,1120.8357,,13.4673,46.0209,34.8591,0.0,,1006671464.0,896671464.0,480897372.00000006,7852037419.0,6994037419.0,环境保护,环保,环境治理,综合环境治理,8.45,6.91,0.0
2017-01-24,17.74,18.63,17.72,18.26,17.78,0.4800000000000004,2.7,6237852.0,49510934.0,2.28,0.006957,0.012971,2.02,1151.012,,13.8299,47.2599,35.7976,0.0,,1006671464.0,896671464.0,480897372.00000006,8063438427.0,7182338427.0,环境保护,环保,环境治理,综合环境治理,8.58,7.02,0.0
2017-01-25,18.24,18.58,17.9,18.19,18.26,-0.0700000000000002,-0.38,3727692.0,29669662.0,2.28,0.004157,0.007752,0.99,1146.7011,,13.7781,47.0829,35.6635,0.0,,1006671464.0,896671464.0,480897372.00000006,8033238283.000001,7155438283.000001,环境保护,环保,环境治理,综合环境治理,8.81,7.21,0.0
2017-01-26,18.01,18.38,18.01,18.24,18.19,0.0499999999999971,0.27,1652523.0,13209544.0,2.28,0.001843,0.003436,0.39,1149.5751,,13.8126,47.2009,35.7529,0.0,,1006671464.0,896671464.0,480897372.00000006,8053371712.0,7173371712.0,环境保护,环保,环境治理,综合环境治理,8.78,7.18,0.0
2017-02-03,18.35,18.35,18.08,18.17,18.24,-0.0699999999999967,-0.38,1236252.0,9851343.0,2.28,0.001379,0.002571,0.31,1145.2642,,13.7608,47.0239,35.6188,0.0,,1006671464.0,896671464.0,480897372.00000006,8023171568.0,7146471568.0,环境保护,环保,环境治理,综合环境治理,8.8,7.2,0.0
2017-02-06,18.08,18.38,18.01,18.29,18.17,0.1199999999999974,0.66,2419678.0,19315001.0,2.28,0.0026989999999999,0.005032,0.68,1152.449,,13.8472,47.3189,35.8423,0.0,,1006671464.0,896671464.0,480897372.00000006,8073505141.0,7191305141.0,环境保护,环保,环境治理,综合环境治理,8.77,7.17,0.0
2017-02-07,18.31,18.33,18.1,18.17,18.29,-0.1199999999999974,-0.66,1802800.0,14379794.0,2.28,0.002011,0.003749,0.59,1145.2642,,13.7608,47.0239,35.6188,0.0,,1006671464.0,896671464.0,480897372.00000006,8023171568.0,7146471568.0,环境保护,环保,环境治理,综合环境治理,8.82,7.22,0.0
2017-02-08,18.17,18.19,17.92,18.19,18.17,0.0199999999999995,0.11,2788317.0,22099192.0,2.28,0.00311,0.005798,1.29,1146.7011,,13.7781,47.0829,35.6635,0.0,,1006671464.0,896671464.0,480897372.00000006,8033238283.000001,7155438283.000001,环境保护,环保,环境治理,综合环境治理,8.77,7.17,0.0
2017-02-09,18.19,18.51,18.1,18.4,18.19,0.2099999999999973,1.15,2671999.0,21507623.0,2.28,0.00298,0.005556,1.35,1159.6338,,13.9335,47.614,36.0657,0.0,,1006671464.0,896671464.0,480897372.00000006,8123838713.999999,7236138713.999999,环境保护,环保,环境治理,综合环境治理,8.78,7.18,0.0
2017-02-10,18.45,18.51,18.26,18.38,18.4,-0.0199999999999995,-0.11,3468923.0000000005,27969861.0,2.28,0.003869,0.007213,1.59,1158.1969,,13.9162,47.555,36.021,0.0,,1006671464.0,896671464.0,480897372.00000006,8113772000.0,7227172000.0,环境保护,环保,环境治理,综合环境治理,8.88,7.26,0.0
2017-02-13,18.31,18.4,18.22,18.38,18.38,0.0,0.0,3514141.0000000005,28223803.0,2.28,0.003919,0.007307,1.34,1158.1969,,13.9162,47.555,36.021,0.0,,1006671464.0,896671464.0,480897372.00000006,8113772000.0,7227172000.0,环境保护,环保,环境治理,综合环境治理,8.87,7.25,0.0
2017-02-14,18.4,18.42,18.29,18.31,18.38,-0.0700000000000002,-0.38,2398672.0,19280068.0,2.28,0.002675,0.004988,0.84,1153.886,,13.8644,47.3779,35.887,0.0,,1006671464.0,896671464.0,480897372.00000006,8083571856.0,7200271856.0,环境保护,环保,环境治理,综合环境治理,8.87,7.25,0.0
2017-02-15,18.31,18.31,17.85,17.9,18.31,-0.4100000000000001,-2.24,6726275.0,53198616.0,2.28,0.007501,0.013987,2.27,1128.0205,,13.5536,46.3159,35.0825,0.0,,1006671464.0,896671464.0,480897372.00000006,7902370992.000001,7038870992.000001,环境保护,环保,环境治理,综合环境治理,8.83,7.23,0.0
2017-02-16,17.76,17.97,17.76,17.92,17.9,0.0200000000000031,0.11,4436282.0,34789902.0,2.28,0.004947,0.009225,1.18,1129.4575,,13.5709,46.3749,35.1272,0.0,,1006671464.0,896671464.0,480897372.00000006,7912437707.0,7047837707.0,环境保护,环保,环境治理,综合环境治理,8.64,7.07,0.0
2017-02-17,17.9,17.94,17.65,17.65,17.92,-0.2700000000000031,-1.51,4088784.0,31866672.0,2.28,0.00456,0.008502,1.0,1112.2139,,13.3637,45.6669,34.5909,0.0,,1006671464.0,896671464.0,480897372.00000006,7791637131.000001,6940237131.000001,环境保护,环保,环境治理,综合环境治理,8.65,7.07,0.0
2017-02-20,17.74,18.13,17.65,18.01,17.65,0.360000000000003,2.04,5713285.0,45003754.0,2.28,0.006372,0.01188,1.35,1135.2054,,13.64,46.6109,35.306,0.0,,1006671464.0,896671464.0,480897372.00000006,7952704566.0,7083704566.0,环境保护,环保,环境治理,综合环境治理,8.51,6.97,0.0
2017-02-21,18.01,18.17,17.9,18.01,18.01,0.0,0.0,4174079.0,33052863.0,2.28,0.004655,0.00868,0.89,1135.2054,,13.64,46.6109,35.306,0.0,,1006671464.0,896671464.0,480897372.00000006,7952704566.0,7083704566.0,环境保护,环保,环境治理,综合环境治理,8.69,7.11,0.0
2017-02-22,18.03,18.17,18.01,18.13,18.01,0.1199999999999974,0.67,3747266.000000001,29717564.0,2.28,0.0041789999999999,0.007792,0.75,1142.3902,,13.7263,46.9059,35.5294,0.0,,1006671464.0,896671464.0,480897372.00000006,8003038138.999999,7128538138.999999,环境保护,环保,环境治理,综合环境治理,8.69,7.11,0.0
2017-02-23,18.13,18.7,18.08,18.54,18.13,0.4100000000000001,2.26,9199859.0,74587867.0,2.28,0.01026,0.019131,2.08,1168.2557,,14.0371,47.968,36.3339,0.0,,1006671464.0,896671464.0,480897372.00000006,8184239002.0,7289939002.0,环境保护,环保,环境治理,综合环境治理,8.75,7.16,0.0
2017-02-24,18.51,18.58,18.35,18.54,18.54,0.0,0.0,4247114.0,34368908.0,2.28,0.004737,0.008832,0.79,1168.2557,,14.0371,47.968,36.3339,0.0,,1006671464.0,896671464.0,480897372.00000006,8184239002.0,7289939002.0,环境保护,环保,环境治理,综合环境治理,8.94,7.32,0.0
2017-02-27,18.49,18.6,18.35,18.45,18.54,-0.0899999999999998,-0.49,3538540.0,28694411.0,2.28,0.003946,0.007358,0.65,1162.5078,,13.968,47.732,36.1551,0.0,,1006671464.0,896671464.0,480897372.00000006,8143972144.000001,7254072144.000001,环境保护,环保,环境治理,综合环境治理,8.94,7.32,0.0
2017-02-28,18.45,18.47,18.31,18.45,18.45,0.0,0.0,2784683.0,22463140.0,2.28,0.003106,0.0057909999999999,0.56,1162.5078,,13.968,47.732,36.1551,0.0,,1006671464.0,896671464.0,480897372.00000006,8143972144.000001,7254072144.000001,环境保护,环保,环境治理,综合环境治理,8.9,7.28,0.0
2017-03-01,18.47,18.56,18.31,18.54,18.45,0.0899999999999998,0.49,2942038.0,23838095.0,2.28,0.003281,0.006118,0.63,1168.2557,,14.0371,47.968,36.3339,0.0,,1006671464.0,896671464.0,480897372.00000006,8184239002.0,7289939002.0,环境保护,环保,环境治理,综合环境治理,8.9,7.28,0.0
2017-03-02,18.54,18.58,18.17,18.22,18.54,-0.3200000000000003,-1.73,4662737.0,37470688.0,2.28,0.0052,0.009696,1.03,1148.1381,,13.7954,47.1419,35.7082,0.0,,1006671464.0,896671464.0,480897372.00000006,8043304997.0,7164404997.0,环境保护,环保,环境治理,综合环境治理,8.94,7.32,0.0
2017-03-03,18.13,18.29,18.13,18.17,18.22,-0.0499999999999971,-0.27,2749886.0,21952076.0,2.28,0.003067,0.005718,0.76,1145.2642,,13.7608,47.0239,35.6188,0.0,,1006671464.0,896671464.0,480897372.00000006,8023171568.0,7146471568.0,环境保护,环保,环境治理,综合环境治理,8.79,7.19,0.0
2017-03-06,18.17,18.72,18.17,18.63,18.17,0.4599999999999973,2.53,4870949.0,39568148.0,2.28,0.005432,0.0101289999999999,1.46,1174.0035,,14.1062,48.204,36.5126,0.0,,1006671464.0,896671464.0,480897372.00000006,8224505861.0,7325805861.0,环境保护,环保,环境治理,综合环境治理,8.77,7.17,0.0
2017-03-07,18.67,18.9,18.54,18.63,18.63,0.0,0.0,4055314.0,33210788.0,2.28,0.004523,0.008433,1.13,1174.0035,,14.1062,48.204,36.5126,0.0,,1006671464.0,896671464.0,480897372.00000006,8224505861.0,7325805861.0,环境保护,环保,环境治理,综合环境治理,8.99,7.35,0.0
2017-03-08,18.63,18.81,18.51,18.63,18.63,0.0,0.0,3502487.0000000005,28702787.0,2.28,0.003906,0.0072829999999999,0.91,1174.0035,,14.1062,48.204,36.5126,0.0,,1006671464.0,896671464.0,480897372.00000006,8224505861.0,7325805861.0,环境保护,环保,环境治理,综合环境治理,8.99,7.35,0.0
2017-03-09,18.56,18.9,18.56,18.79,18.63,0.1600000000000001,0.86,5774951.0,47575756.0,2.28,0.00644,0.012009,1.46,1184.0623,,14.227,48.617,36.8255,0.0,,1006671464.0,896671464.0,480897372.00000006,8294972863.0,7388572863.0,环境保护,环保,环境治理,综合环境治理,8.99,7.35,0.0
2017-03-10,18.86,18.86,18.38,18.47,18.79,-0.3200000000000003,-1.7,4771390.0,38778347.0,2.28,0.005321,0.009922,1.14,1163.9448,,13.9853,47.791,36.1998,0.0,,1006671464.0,896671464.0,480897372.00000006,8154038858.0,7263038858.0,环境保护,环保,环境治理,综合环境治理,9.06,7.42,0.0
2017-03-13,18.42,18.56,18.33,18.54,18.47,0.0700000000000002,0.38,3228806.0,26152146.0,2.28,0.0036009999999999,0.006714,0.7,1168.2557,,14.0371,47.968,36.3339,0.0,,1006671464.0,896671464.0,480897372.00000006,8184239002.0,7289939002.0,环境保护,环保,环境治理,综合环境治理,8.91,7.29,0.0
2017-03-14,18.51,18.6,18.33,18.38,18.54,-0.1600000000000001,-0.86,3366444.0,27197506.0,2.28,0.003754,0.0069999999999999,0.79,1158.1969,,13.9162,47.555,36.021,0.0,,1006671464.0,896671464.0,480897372.00000006,8113772000.0,7227172000.0,环境保护,环保,环境治理,综合环境治理,8.94,7.32,0.0
2017-03-15,18.38,18.49,18.24,18.42,18.38,0.0400000000000027,0.22,4797609.0,38629063.0,2.28,0.00535,0.009976,1.16,1161.0708,,13.9508,47.673,36.1104,0.0,,1006671464.0,896671464.0,480897372.00000006,8133905429.0,7245105429.0,环境保护,环保,环境治理,综合环境治理,8.87,7.25,0.0
2017-03-16,18.42,18.6,18.38,18.51,18.42,0.0899999999999998,0.49,3639481.0,29550684.0,2.28,0.004059,0.007568,0.83,1166.8187,,14.0198,47.909,36.2892,0.0,,1006671464.0,896671464.0,480897372.00000006,8174172288.0,7280972288.0,环境保护,环保,环境治理,综合环境治理,8.89,7.27,0.0
2017-03-17,18.54,18.58,18.24,18.29,18.51,-0.2200000000000024,-1.19,4951703.0,40011552.0,2.28,0.005522,0.010297,1.25,1152.449,,13.8472,47.3189,35.8423,0.0,,1006671464.0,896671464.0,480897372.00000006,8073505141.0,7191305141.0,环境保护,环保,环境治理,综合环境治理,8.93,7.31,0.0
2017-03-20,18.24,18.4,18.17,18.31,18.29,0.0199999999999995,0.11,2913945.0,23343936.0,2.28,0.00325,0.006059,0.73,1153.886,,13.8644,47.3779,35.887,0.0,,1006671464.0,896671464.0,480897372.00000006,8083571856.0,7200271856.0,环境保护,环保,环境治理,综合环境治理,8.82,7.22,0.0
2017-03-21,18.15,19.27,18.15,19.11,18.31,0.8000000000000007,4.37,18084550.0,150618354.0,2.28,0.020169,0.037606,4.6,1204.1799,,14.4687,49.443,37.4511,0.0,,1006671464.0,896671464.0,480897372.00000006,8435906868.0,7514106868.0,环境保护,环保,环境治理,综合环境治理,8.83,7.23,0.0
2017-03-22,18.83,18.95,18.54,18.65,19.11,-0.4600000000000008,-2.41,10887380.0,89244787.0,2.28,0.012142,0.0226399999999999,1.58,825.5065,825.5065,13.1916,27.6734,27.6734,0.0,,1006671464.0,896671464.0,480897372.00000006,8234572576.0,7334772576.0,环境保护,环保,环境治理,综合环境治理,9.22,7.54,0.0
2017-03-23,18.58,18.72,18.26,18.4,18.65,-0.25,-1.34,6651607.000000001,53915669.0,2.28,0.007418,0.013832,0.82,814.4056,814.4056,13.0142,27.3012,27.3012,0.0,,1006671464.0,896671464.0,480897372.00000006,8123838713.999999,7236138713.999999,环境保护,环保,环境治理,综合环境治理,9.0,7.36,0.0
2017-03-24,18.4,18.47,18.24,18.38,18.4,-0.0199999999999995,-0.11,5178936.0,41601421.0,2.28,0.005776,0.0107689999999999,0.6,813.3964,813.3964,12.9981,27.2674,27.2674,0.0,,1006671464.0,896671464.0,480897372.00000006,8113772000.0,7227172000.0,环境保护,环保,环境治理,综合环境治理,8.88,7.26,0.0
2017-03-27,18.29,18.35,18.03,18.03,18.38,-0.3499999999999978,-1.9,4903682.0,39025237.0,2.28,0.005469,0.010197,0.56,798.2588,798.2588,12.7562,26.7599,26.7599,0.0,,1006671464.0,896671464.0,480897372.00000006,7962771280.0,7092671280.0,环境保护,环保,环境治理,综合环境治理,8.87,7.25,0.0
2017-03-28,18.01,18.13,17.78,17.83,18.03,-0.2000000000000028,-1.11,4152589.0,32613322.0,2.28,0.004631,0.008635,0.45,789.1762,789.1762,12.611,26.4555,26.4555,0.0,,1006671464.0,896671464.0,480897372.00000006,7872170848.0,7011970848.0,环境保护,环保,环境治理,综合环境治理,8.7,7.12,0.0
2017-03-29,17.85,17.97,17.78,17.78,17.83,-0.0499999999999971,-0.28,3003813.0,23513201.0,2.28,0.00335,0.006246,0.47,787.1578,787.1578,12.5788,26.3878,26.3878,0.0,,1006671464.0,896671464.0,480897372.00000006,7852037419.0,6994037419.0,环境保护,环保,环境治理,综合环境治理,8.6,7.04,0.0
2017-03-30,17.85,17.85,17.05,17.1,17.78,-0.6799999999999997,-3.82,6189021.0,47112529.0,2.28,0.006902,0.01287,1.3,756.8825,756.8825,12.095,25.3729,25.3729,0.0,,1006671464.0,896671464.0,480897372.00000006,7550035980.0,6725035980.0,环境保护,环保,环境治理,综合环境治理,8.58,7.02,0.0
2017-03-31,17.1,17.35,17.1,17.24,17.1,0.139999999999997,0.82,2597128.0,19649948.0,2.28,0.002896,0.005401,0.55,762.9376,762.9376,12.1917,25.5759,25.5759,0.0,,1006671464.0,896671464.0,480897372.00000006,7610436268.0,6778836268.0,环境保护,环保,环境治理,综合环境治理,8.25,6.75,0.0
2017-04-05,17.44,18.15,17.44,17.81,17.24,0.5700000000000003,3.31,7925098.0,62252554.0,2.28,0.008838,0.0164799999999999,1.9,788.167,788.167,12.5949,26.4216,26.4216,0.0,,1006671464.0,896671464.0,480897372.00000006,7862104134.0,7003004134.0,环境保护,环保,环境治理,综合环境治理,8.32,6.8,0.0
2017-04-06,17.76,17.83,17.53,17.65,17.81,-0.1600000000000001,-0.9,6100540.0,47254410.0,2.28,0.006804,0.012686,1.28,781.1028,781.1028,12.482,26.1848,26.1848,0.0,,1006671464.0,896671464.0,480897372.00000006,7791637131.000001,6940237131.000001,环境保护,环保,环境治理,综合环境治理,8.59,7.03,0.0
2017-04-07,17.74,19.11,17.62,18.58,17.65,0.9299999999999996,5.27,18029468.0,145796301.0,2.28,0.020107,0.037491,3.49,822.479,822.479,13.1432,27.5719,27.5719,0.0,,1006671464.0,896671464.0,480897372.00000006,8204372432.0,7307872432.0,环境保护,环保,环境治理,综合环境治理,8.51,6.97,0.0
2017-04-10,18.38,20.45,18.33,19.08,18.58,0.5,2.69,25846097.0,219687185.0,2.28,0.028824,0.053746,3.16,844.6809,844.6809,13.498,28.3161,28.3161,0.0,,1006671464.0,896671464.0,480897372.00000006,8425840154.0,7505140154.0,环境保护,环保,环境治理,综合环境治理,8.97,7.34,0.0
2017-04-11,18.92,19.65,18.47,19.63,19.08,0.5500000000000007,2.88,24483496.0,205852018.0,2.28,0.027305,0.050912,2.02,868.9011,868.9011,13.885,29.1281,29.1281,0.0,,1006671464.0,896671464.0,480897372.00000006,8667441305.0,7720341305.0,环境保护,环保,环境治理,综合环境治理,9.21,7.53,0.0
2017-04-12,19.49,20.31,19.43,19.61,19.63,-0.0199999999999995,-0.1,24044798.0,210175764.0,2.28,0.026816,0.05,1.46,867.892,867.892,13.8689,29.0942,29.0942,0.0,,1006671464.0,896671464.0,480897372.00000006,8657374590.0,7711374590.0,环境保护,环保,环境治理,综合环境治理,9.47,7.75,0.0
2017-04-13,19.49,20.73,19.22,20.29,19.61,0.6799999999999997,3.47,27933999.0,247039186.0,2.28,0.031153,0.058087,1.42,898.1673,898.1673,14.3527,30.1092,30.1092,0.0,,1006671464.0,896671464.0,480897372.00000006,8959376030.0,7980376030.0,环境保护,环保,环境治理,综合环境治理,9.46,7.74,0.0
2017-04-14,20.18,20.18,19.17,19.49,20.29,-0.8000000000000007,-3.94,16342212.0,140662533.0,2.28,0.018225,0.033983,0.68,862.8461,862.8461,13.7883,28.9251,28.9251,0.0,,1006671464.0,896671464.0,480897372.00000006,8607041017.0,7666541017.0,环境保护,环保,环境治理,综合环境治理,9.79,8.01,0.0
2017-04-17,19.38,19.84,18.63,18.88,19.49,-0.6099999999999994,-3.13,14328521.0,119910864.0,2.28,0.01598,0.029795,0.6,835.5983,835.5983,13.3528,28.0117,28.0117,0.0,,1006671464.0,896671464.0,480897372.00000006,8335239722.0,7424439722.0,环境保护,环保,环境治理,综合环境治理,9.41,7.7,0.0
2017-04-18,18.97,19.24,18.6,18.6,18.88,-0.2799999999999976,-1.48,11138039.0,92149878.0,2.28,0.0124219999999999,0.023161,0.52,823.4882,823.4882,13.1593,27.6057,27.6057,0.0,,1006671464.0,896671464.0,480897372.00000006,8214439146.0,7316839146.0,环境保护,环保,环境治理,综合环境治理,9.11,7.45,0.0
2017-04-19,18.67,18.67,18.03,18.4,18.6,-0.2000000000000028,-1.08,10922096.0,87282306.0,2.28,0.0121809999999999,0.022712,0.58,814.4056,814.4056,13.0142,27.3012,27.3012,0.0,,1006671464.0,896671464.0,480897372.00000006,8123838713.999999,7236138713.999999,环境保护,环保,环境治理,综合环境治理,8.98,7.34,0.0
2017-04-20,18.7,19.11,18.31,18.54,18.4,0.1400000000000005,0.76,9732891.0,79756120.0,2.28,0.0108539999999999,0.0202389999999999,0.6,820.4607,991.8098,13.4274,27.5042,27.3537,0.0,,1006671464.0,896671464.0,480897372.00000006,8184239002.0,7289939002.0,环境保护,环保,环境治理,综合环境治理,8.88,7.26,0.0
2017-04-21,18.38,18.65,18.13,18.13,18.54,-0.4100000000000001,-2.21,7012772.0,56209259.0,2.28,0.007821,0.0145829999999999,0.56,802.2955,969.8509,13.1301,26.8953,26.7481,0.0,,1006671464.0,896671464.0,480897372.00000006,8003038138.999999,7128538138.999999,环境保护,环保,环境治理,综合环境治理,8.94,7.32,0.0
2017-04-24,18.03,18.15,17.1,17.46,18.13,-0.6699999999999982,-3.7,7458522.0,57356713.0,2.28,0.0083179999999999,0.01551,0.7,773.0294,934.4727,12.6511,25.9142,25.7724,0.0,,1006671464.0,896671464.0,480897372.00000006,7711103414.0,6868503414.0,环境保护,环保,环境治理,综合环境治理,8.75,7.16,0.0
2017-04-25,17.53,17.74,17.19,17.33,17.46,-0.1300000000000025,-0.74,6372260.0,48731560.0,2.28,0.007107,0.0132509999999999,0.69,766.9743,927.1531,12.552,25.7112,25.5705,0.0,,1006671464.0,896671464.0,480897372.00000006,7650703125.999999,6814703125.999999,环境保护,环保,环境治理,综合环境治理,8.43,6.89,0.0
2017-04-26,17.51,17.65,17.24,17.56,17.33,0.2300000000000004,1.33,4876730.0,37310122.0,2.28,0.005439,0.010141,0.59,777.0661,939.3525,12.7172,26.0495,25.907,0.0,,1006671464.0,896671464.0,480897372.00000006,7751370273.0,6904370273.0,环境保护,环保,环境治理,综合环境治理,8.36,6.84,0.0
2017-04-27,18.22,19.31,17.83,18.22,17.56,0.6600000000000001,3.76,14879763.0,120922393.0,2.28,0.016594,0.0309419999999999,2.1,806.3322,974.7307,13.1961,27.0306,26.8827,0.0,,1006671464.0,896671464.0,480897372.00000006,8043304997.0,7164404997.0,环境保护,环保,环境治理,综合环境治理,8.47,6.93,0.0
2017-04-28,18.03,18.72,17.88,18.45,18.22,0.2300000000000004,1.26,10190508.0,81800239.0,2.28,0.011365,0.021191,1.25,816.424,986.93,13.3613,27.3689,27.2192,0.0,,1006671464.0,896671464.0,480897372.00000006,8143972144.000001,7254072144.000001,环境保护,环保,环境治理,综合环境治理,8.79,7.19,0.0
2017-05-02,18.4,18.81,17.97,18.65,18.45,0.1999999999999993,1.08,8354361.0,67780384.0,2.28,0.0093169999999999,0.017372,0.95,825.5065,997.9095,13.5099,27.6734,27.522,0.0,,1006671464.0,896671464.0,480897372.00000006,8234572576.0,7334772576.0,环境保护,环保,环境治理,综合环境治理,8.9,7.28,0.0
2017-05-03,18.74,18.83,18.26,18.31,18.65,-0.3399999999999998,-1.82,6756709.0,54868108.0,2.28,0.0075349999999999,0.01405,0.76,810.3689,979.6104,13.2622,27.1659,27.0173,0.0,,1006671464.0,896671464.0,480897372.00000006,8083571856.0,7200271856.0,环境保护,环保,环境治理,综合环境治理,9.0,7.36,0.0
2017-05-04,18.31,19.49,18.24,19.13,18.31,0.8200000000000003,4.48,17112532.0,141973130.0,2.28,0.019085,0.035585,1.9,846.6993,1023.5282,13.8568,28.3838,28.2285,0.0,,1006671464.0,896671464.0,480897372.00000006,8445973583.0,7523073583.0,环境保护,环保,环境治理,综合环境治理,8.83,7.23,0.0
2017-05-05,18.99,19.27,18.42,18.49,19.13,-0.6400000000000006,-3.35,12274885.0,100755225.0,2.28,0.013689,0.025525,1.07,818.4423,989.3699,13.3943,27.4365,27.2864,0.0,,1006671464.0,896671464.0,480897372.00000006,8164105573.0,7272005573.0,环境保护,环保,环境治理,综合环境治理,9.23,7.55,0.0
2017-05-08,18.51,18.65,17.78,17.78,18.49,-0.7099999999999973,-3.84,7582545.0,60432751.0,2.28,0.008456,0.015767,0.69,787.1578,951.5518,12.8823,26.3878,26.2434,0.0,,1006671464.0,896671464.0,480897372.00000006,7852037419.0,6994037419.0,环境保护,环保,环境治理,综合环境治理,8.92,7.3,0.0
2017-05-09,17.69,17.94,17.49,17.78,17.78,0.0,0.0,4662392.0,36237396.0,2.28,0.0052,0.009695,0.45,787.1578,951.5518,12.8823,26.3878,26.2434,0.0,,1006671464.0,896671464.0,480897372.00000006,7852037419.0,6994037419.0,环境保护,环保,环境治理,综合环境治理,8.58,7.02,0.0
2017-05-10,17.85,18.58,17.65,17.65,17.78,-0.1300000000000025,-0.73,5501388.0,43480080.0,2.28,0.006135,0.0114399999999999,0.57,781.1028,944.2322,12.7832,26.1848,26.0416,0.0,,1006671464.0,896671464.0,480897372.00000006,7791637131.000001,6940237131.000001,环境保护,环保,环境治理,综合环境治理,8.58,7.02,0.0
2017-05-11,17.44,17.65,16.12,16.48,17.65,-1.1699999999999982,-6.63,12039397.0,88502891.0,2.28,0.013427,0.0250349999999999,1.28,729.6348,882.0154,11.9409,24.4595,24.3256,0.0,,1006671464.0,896671464.0,480897372.00000006,7278234685.0,6482934685.0,环境保护,环保,环境治理,综合环境治理,8.51,6.97,0.0
2017-05-12,16.6,16.76,16.1,16.3,16.48,-0.1799999999999997,-1.09,6032001.0,43307314.0,2.28,0.0067269999999999,0.012543,0.72,721.5613,872.2558,11.8088,24.1888,24.0565,0.0,,1006671464.0,896671464.0,480897372.00000006,7197700968.000001,6411200968.000001,环境保护,环保,环境治理,综合环境治理,7.95,6.51,0.0
2017-05-15,16.3,16.48,16.3,16.37,16.3,0.0700000000000002,0.43,2553990.0,18343226.0,2.28,0.002848,0.005311,0.36,724.5889,875.9157,11.8584,24.2903,24.1574,0.0,,1006671464.0,896671464.0,480897372.00000006,7227901112.0,6438101112.0,环境保护,环保,环境治理,综合环境治理,7.87,6.44,0.0
2017-05-16,16.37,16.76,16.12,16.64,16.37,0.2699999999999996,1.65,6371902.0,45908181.0,2.28,0.007106,0.01325,1.03,736.699,890.5549,12.0565,24.6963,24.5612,0.0,,1006671464.0,896671464.0,480897372.00000006,7348701687.0,6545701687.0,环境保护,环保,环境治理,综合环境治理,7.9,6.46,0.0
2017-05-17,16.64,18.19,16.58,17.56,16.64,0.9199999999999982,5.53,15167164.000000002,115226036.0,2.28,0.016915,0.031539,2.33,777.0661,939.3525,12.7172,26.0495,25.907,0.0,,1006671464.0,896671464.0,480897372.00000006,7751370273.0,6904370273.0,环境保护,环保,环境治理,综合环境治理,8.03,6.57,0.0
2017-05-18,17.28,18.01,17.12,17.21,17.56,-0.3499999999999978,-1.99,7067035.000000001,53806661.0,2.28,0.007881,0.014696,0.84,761.9284,921.0534,12.4694,25.542,25.4023,0.0,,1006671464.0,896671464.0,480897372.00000006,7600369553.0,6769869553.0,环境保护,环保,环境治理,综合环境治理,8.47,6.93,0.0
2017-05-19,17.17,17.4,16.99,17.03,17.21,-0.1799999999999997,-1.05,3428549.0,25741480.0,2.28,0.003824,0.007129,0.46,753.855,911.2939,12.3373,25.2714,25.1331,0.0,,1006671464.0,896671464.0,480897372.00000006,7519835836.0,6698135836.0,环境保护,环保,环境治理,综合环境治理,8.31,6.8,0.0
2017-05-22,17.03,17.26,16.6,16.64,17.03,-0.3900000000000005,-2.29,3434240.0,25406992.0,2.28,0.00383,0.007141,0.5,736.699,890.5549,12.0565,24.6963,24.5612,0.0,,1006671464.0,896671464.0,480897372.00000006,7348701687.0,6545701687.0,环境保护,环保,环境治理,综合环境治理,8.22,6.72,0.0
2017-05-23,16.64,17.44,16.19,16.6,16.64,-0.0399999999999991,-0.24,10857559.0,80144292.0,2.28,0.012109,0.022578,1.53,734.6806,888.115,12.0235,24.6286,24.4939,0.0,,1006671464.0,896671464.0,480897372.00000006,7328568258.0,6527768258.0,环境保护,环保,环境治理,综合环境治理,8.03,6.57,0.0
2017-05-24,16.26,17.21,16.1,16.76,16.6,0.1600000000000001,0.96,7057123.0,51114463.0,2.28,0.00787,0.014675,0.88,741.7449,896.6546,12.1391,24.8654,24.7294,0.0,,1006671464.0,896671464.0,480897372.00000006,7399035260.0,6590535260.0,环境保护,环保,环境治理,综合环境治理,8.01,6.55,0.0
2017-05-25,16.67,16.8,16.32,16.67,16.76,-0.0899999999999998,-0.54,7190052.0,52216253.0,2.28,0.008019,0.014951,1.13,737.7082,891.7749,12.0731,24.7301,24.5948,0.0,,1006671464.0,896671464.0,480897372.00000006,7358768402.0,6554668402.0,环境保护,环保,环境治理,综合环境治理,8.09,6.62,0.0
2017-05-26,16.55,16.87,16.42,16.55,16.67,-0.120000000000001,-0.72,5660115.0,41214593.0,2.28,0.006312,0.01177,0.89,732.6623,885.6752,11.9905,24.5609,24.4266,0.0,,1006671464.0,896671464.0,480897372.00000006,7308434828.999999,6509834828.999999,环境保护,环保,环境治理,综合环境治理,8.04,6.58,0.0
2017-05-31,16.6,16.71,16.21,16.28,16.55,-0.2699999999999996,-1.63,4403586.0,31831469.0,2.28,0.004911,0.009157,0.64,720.5522,871.0359,11.7923,24.155,24.0228,0.0,,1006671464.0,896671464.0,480897372.00000006,7187634253.0,6402234253.0,环境保护,环保,环境治理,综合环境治理,7.99,6.53,0.0
2017-06-01,16.39,16.39,14.66,15.05,16.28,-1.2300000000000004,-7.56,13363151.999999998,90093683.0,2.28,0.014903,0.027788,1.9,666.0566,805.1592,10.9004,22.3281,22.206,0.0,,1006671464.0,896671464.0,480897372.00000006,6644031662.0,5918031662.0,环境保护,环保,环境治理,综合环境治理,7.85,6.43,0.0
2017-06-02,15.0,16.07,14.75,15.66,15.05,0.6099999999999994,4.05,9977453.0,67341442.0,2.28,0.011127,0.020748,1.32,693.3044,838.0976,11.3464,23.2416,23.1144,0.0,,1006671464.0,896671464.0,480897372.00000006,6915832958.0,6160132958.0,环境保护,环保,环境治理,综合环境治理,7.26,5.94,0.0
2017-06-05,15.98,16.99,15.73,15.91,15.66,0.25,1.6,13721529.0,97680293.0,2.28,0.015303,0.028533,1.69,704.4053,851.5169,11.528,23.6137,23.4845,0.0,,1006671464.0,896671464.0,480897372.00000006,7026566819.0,6258766819.0,环境保护,环保,环境治理,综合环境治理,7.56,6.18,0.0
2017-06-06,15.69,15.87,15.05,15.39,15.91,-0.5199999999999996,-3.27,10670700.0,71877535.0,2.28,0.0118999999999999,0.022189,1.13,681.1943,823.4583,11.1482,22.8356,22.7107,0.0,,1006671464.0,896671464.0,480897372.00000006,6795032382.0,6052532382.0,环境保护,环保,环境治理,综合环境治理,7.68,6.28,0.0
2017-06-07,15.23,16.37,15.21,16.35,15.39,0.9600000000000009,6.24,13193272.0,91581230.0,2.28,0.014714,0.027435,1.27,723.5797,874.6957,11.8418,24.2565,24.1238,0.0,,1006671464.0,896671464.0,480897372.00000006,7217834397.0,6429134397.0,环境保护,环保,环境治理,综合环境治理,7.43,6.08,0.0
2017-06-08,16.26,16.46,15.94,16.37,16.35,0.0199999999999995,0.12,7119289.999999999,50397287.0,2.28,0.00794,0.014804,0.58,724.5889,875.9157,11.8584,24.2903,24.1574,0.0,,1006671464.0,896671464.0,480897372.00000006,7227901112.0,6438101112.0,环境保护,环保,环境治理,综合环境治理,7.89,6.45,0.0
2017-06-09,16.32,16.99,16.17,16.17,16.37,-0.1999999999999993,-1.22,12011607.0,86701572.0,2.28,0.0133959999999999,0.024977,1.1,715.5063,864.9362,11.7097,23.9858,23.8546,0.0,,1006671464.0,896671464.0,480897372.00000006,7137300680.0,6357400680.0,环境保护,环保,环境治理,综合环境治理,7.9,6.46,0.0
2017-06-12,15.96,15.96,15.48,15.73,16.17,-0.4400000000000013,-2.72,7642664.0,52485906.0,2.28,0.008523,0.015893,0.67,696.3319,841.7574,11.3959,23.3431,23.2153,0.0,,1006671464.0,896671464.0,480897372.00000006,6946033101.999999,6187033101.999999,环境保护,环保,环境治理,综合环境治理,7.8,6.38,0.0
2017-06-13,15.62,15.89,15.62,15.75,15.73,0.0199999999999995,0.13,3838565.0,26589359.0,2.28,0.004281,0.007982,0.38,697.3411,842.9773,11.4124,23.3769,23.249,0.0,,1006671464.0,896671464.0,480897372.00000006,6956099816.000001,6195999816.000001,环境保护,环保,环境治理,综合环境治理,7.59,6.21,0.0
2017-06-14,15.82,15.85,15.5,15.6,15.75,-0.1500000000000003,-0.95,3951300.0,27095660.0,2.28,0.0044069999999999,0.008217,0.45,690.2769,834.4378,11.2968,23.1401,23.0135,0.0,,1006671464.0,896671464.0,480897372.00000006,6885632814.0,6133232814.0,环境保护,环保,环境治理,综合环境治理,7.6,6.22,0.0
2017-06-15,15.57,15.78,15.5,15.69,15.6,0.0899999999999998,0.58,4371600.0,29994530.0,2.28,0.004875,0.009091,0.63,694.3136,839.3175,11.3629,23.2754,23.1481,0.0,,1006671464.0,896671464.0,480897372.00000006,6925899672.0,6169099672.0,环境保护,环保,环境治理,综合环境治理,7.52,6.16,0.0
2017-06-16,15.69,16.07,15.39,15.78,15.69,0.0899999999999998,0.57,6959100.999999999,47936038.0,2.28,0.007761,0.014471,1.09,698.3503,844.1973,11.4289,23.4107,23.2826,0.0,,1006671464.0,896671464.0,480897372.00000006,6966166531.0,6204966531.0,环境保护,环保,环境治理,综合环境治理,7.57,6.19,0.0
2017-06-19,15.6,15.73,15.53,15.64,15.78,-0.1399999999999988,-0.89,3830126.0,26223995.0,2.28,0.004271,0.007965,0.72,692.2952,836.8776,11.3299,23.2077,23.0808,0.0,,1006671464.0,896671464.0,480897372.00000006,6905766243.0,6151166243.0,环境保护,环保,环境治理,综合环境治理,7.61,6.23,0.0
2017-06-20,15.64,15.96,15.6,15.71,15.64,0.0700000000000002,0.45,4800500.0,33195470.0,2.28,0.005354,0.009982,1.05,695.3228,840.5375,11.3794,23.3092,23.1817,0.0,,1006671464.0,896671464.0,480897372.00000006,6935966387.0,6178066387.0,环境保护,环保,环境治理,综合环境治理,7.55,6.17,0.0
2017-06-21,15.64,15.91,15.53,15.85,15.71,0.1399999999999988,0.89,6464937.0,44650091.0,2.28,0.0072099999999999,0.013443,1.35,701.3778,847.8571,11.4785,23.5122,23.3836,0.0,,1006671464.0,896671464.0,480897372.00000006,6996366675.0,6231866675.0,环境保护,环保,环境治理,综合环境治理,7.58,6.2,0.0
2017-06-22,15.85,15.91,15.5,15.6,15.85,-0.25,-1.58,7053164.999999999,48698490.0,2.28,0.007866,0.014667,1.33,690.2769,834.4378,11.2968,23.1401,23.0135,0.0,,1006671464.0,896671464.0,480897372.00000006,6885632814.0,6133232814.0,环境保护,环保,环境治理,综合环境治理,7.65,6.26,0.0
2017-06-23,15.53,15.6,15.05,15.37,15.6,-0.2300000000000004,-1.47,6436196.0,43231456.0,2.28,0.007178,0.013384,1.11,680.1851,822.2384,11.1317,22.8018,22.677,0.0,,1006671464.0,896671464.0,480897372.00000006,6784965667.0,6043565667.0,环境保护,环保,环境治理,综合环境治理,7.52,6.16,0.0
2017-06-26,15.39,15.66,15.3,15.64,15.37,0.2700000000000013,1.76,3991832.0,27128806.0,2.28,0.004452,0.008301,0.7,692.2952,836.8776,11.3299,23.2077,23.0808,0.0,,1006671464.0,896671464.0,480897372.00000006,6905766243.0,6151166243.0,环境保护,环保,环境治理,综合环境治理,7.41,6.07,0.0
2017-06-27,15.64,16.14,15.44,16.14,15.64,0.5,3.2,8873142.0,61541194.0,2.28,0.009896,0.018451,1.54,714.4971,863.7163,11.6932,23.952,23.821,0.0,,1006671464.0,896671464.0,480897372.00000006,7127233965.0,6348433965.0,环境保护,环保,环境治理,综合环境治理,7.55,6.17,0.0
2017-06-28,15.98,15.98,15.5,15.78,16.14,-0.3600000000000012,-2.23,6685342.999999999,45960244.0,2.28,0.007456,0.013902,1.02,698.3503,844.1973,11.4289,23.4107,23.2826,0.0,,1006671464.0,896671464.0,480897372.00000006,6966166531.0,6204966531.0,环境保护,环保,环境治理,综合环境治理,7.79,6.37,0.0
2017-06-29,15.69,16.35,15.62,15.96,15.78,0.1800000000000015,1.14,8632981.0,60422503.0,2.28,0.009628,0.017952,1.31,706.4237,853.9568,11.5611,23.6814,23.5518,0.0,,1006671464.0,896671464.0,480897372.00000006,7046700248.0,6276700248.0,环境保护,环保,环境治理,综合环境治理,7.61,6.23,0.0
2017-06-30,15.91,16.3,15.85,16.01,15.96,0.0500000000000007,0.31,8057786.0,56663667.0,2.28,0.008986,0.016756,1.16,708.442,856.3967,11.5941,23.749,23.6191,0.0,,1006671464.0,896671464.0,480897372.00000006,7066833676.999999,6294633676.999999,环境保护,环保,环境治理,综合环境治理,7.7,6.3,0.0
2017-07-03,16.07,16.07,15.8,15.96,16.01,-0.0500000000000007,-0.31,4527302.0,31605309.0,2.28,0.005049,0.009414,0.62,706.4237,853.9568,11.5611,23.6814,23.5518,0.0,,1006671464.0,896671464.0,480897372.00000006,7046700248.0,6276700248.0,环境保护,环保,环境治理,综合环境治理,7.72,6.32,0.0
2017-07-04,15.91,15.96,15.57,15.64,15.96,-0.3200000000000003,-2.01,5099000.0,35139210.0,2.28,0.005687,0.010603,0.69,692.2952,836.8776,11.3299,23.2077,23.0808,0.0,,1006671464.0,896671464.0,480897372.00000006,6905766243.0,6151166243.0,环境保护,环保,环境治理,综合环境治理,7.7,6.3,0.0
2017-07-05,15.62,15.82,15.53,15.75,15.64,0.1099999999999994,0.7,3317608.0,22807072.0,2.28,0.0037,0.006899,0.5,697.3411,842.9773,11.4124,23.3769,23.249,0.0,,1006671464.0,896671464.0,480897372.00000006,6956099816.000001,6195999816.000001,环境保护,环保,环境治理,综合环境治理,7.55,6.17,0.0
2017-07-06,15.73,15.78,15.5,15.6,15.75,-0.1500000000000003,-0.95,3691138.0,25268279.0,2.28,0.004116,0.007676,0.62,690.2769,834.4378,11.2968,23.1401,23.0135,0.0,,1006671464.0,896671464.0,480897372.00000006,6885632814.0,6133232814.0,环境保护,环保,环境治理,综合环境治理,7.6,6.22,0.0
2017-07-07,15.53,15.64,15.48,15.57,15.6,-0.0299999999999993,-0.19,2917793.0,19905839.0,2.28,0.003254,0.006067,0.59,689.2677,833.2178,11.2803,23.1062,22.9798,0.0,,1006671464.0,896671464.0,480897372.00000006,6875566099.0,6124266099.0,环境保护,环保,环境治理,综合环境治理,7.52,6.16,0.0
2017-07-10,15.53,15.6,15.39,15.53,15.57,-0.0400000000000009,-0.26,3451530.0000000005,23419851.0,2.28,0.003849,0.007177,0.88,687.2493,830.7779,11.2473,23.0386,22.9125,0.0,,1006671464.0,896671464.0,480897372.00000006,6855432670.0,6106332670.0,环境保护,环保,环境治理,综合环境治理,7.51,6.15,0.0
2017-07-11,15.53,15.6,15.39,15.39,15.53,-0.1399999999999988,-0.9,1981606.0,13462076.0,2.28,0.00221,0.004121,0.54,681.1943,823.4583,11.1482,22.8356,22.7107,0.0,,1006671464.0,896671464.0,480897372.00000006,6795032382.0,6052532382.0,环境保护,环保,环境治理,综合环境治理,7.49,6.13,0.0
2017-07-12,15.41,15.46,15.03,15.23,15.39,-0.1600000000000001,-1.04,3771392.0,25109578.0,2.28,0.004206,0.007842,1.23,674.13,814.9188,11.0326,22.5988,22.4751,0.0,,1006671464.0,896671464.0,480897372.00000006,6724565379.999999,5989765379.999999,环境保护,环保,环境治理,综合环境治理,7.43,6.08,0.0
2017-07-13,15.21,15.34,15.09,15.28,15.23,0.0499999999999989,0.33,2860136.0,19049025.0,2.28,0.00319,0.005947,0.9,676.1484,817.3586,11.0656,22.6664,22.5424,0.0,,1006671464.0,896671464.0,480897372.00000006,6744698809.0,6007698809.0,环境保护,环保,环境治理,综合环境治理,7.35,6.01,0.0
2017-07-14,15.28,15.28,14.96,15.05,15.28,-0.2299999999999986,-1.51,3003600.0,19865840.0,2.28,0.00335,0.006246,1.0,666.0566,805.1592,10.9004,22.3281,22.206,0.0,,1006671464.0,896671464.0,480897372.00000006,6644031662.0,5918031662.0,环境保护,环保,环境治理,综合环境治理,7.37,6.03,0.0
2017-07-17,15.09,15.09,13.91,14.46,15.05,-0.5899999999999999,-3.92,6495900.0,40906321.0,2.28,0.007244,0.013508,2.16,639.818,773.4409,10.471,21.4485,21.3312,0.0,,1006671464.0,896671464.0,480897372.00000006,6382297082.0,5684897082.0,环境保护,环保,环境治理,综合环境治理,7.26,5.94,0.0
2017-07-18,14.46,14.46,14.04,14.23,14.46,-0.2300000000000004,-1.59,3766820.0,23431677.0,2.28,0.004201,0.007833,1.04,629.7263,761.2415,10.3059,21.1102,20.9947,0.0,,1006671464.0,896671464.0,480897372.00000006,6281629935.0,5595229935.0,环境保护,环保,环境治理,综合环境治理,6.97,5.71,0.0
2017-07-19,14.18,15.23,14.09,15.05,14.23,0.8200000000000003,5.76,10070889.0,65560973.0,2.28,0.011231,0.020942,2.53,666.0566,805.1592,10.9004,22.3281,22.206,0.0,,1006671464.0,896671464.0,480897372.00000006,6644031662.0,5918031662.0,环境保护,环保,环境治理,综合环境治理,6.86,5.62,0.0
2017-07-20,15.32,15.44,14.55,14.68,15.05,-0.370000000000001,-2.46,7971957.000000001,52018456.0,2.28,0.008891,0.0165769999999999,1.52,649.9098,785.6402,10.6362,21.7868,21.6677,0.0,,1006671464.0,896671464.0,480897372.00000006,6482964227.999999,5774564227.999999,环境保护,环保,环境治理,综合环境治理,7.26,5.94,0.0
2017-07-21,14.48,14.64,14.36,14.39,14.68,-0.2899999999999991,-1.98,4680544.0,29640139.0,2.28,0.00522,0.009733,0.75,636.7905,769.781,10.4215,21.3471,21.2303,0.0,,1006671464.0,896671464.0,480897372.00000006,6352096938.0,5657996938.0,环境保护,环保,环境治理,综合环境治理,7.08,5.8,0.0
2017-07-24,14.3,14.64,14.25,14.52,14.39,0.129999999999999,0.9,3249551.0,20521033.0,2.28,0.003624,0.006757,0.49,642.8456,777.1007,10.5206,21.55,21.4321,0.0,,1006671464.0,896671464.0,480897372.00000006,6412497226.0,5711797226.0,环境保护,环保,环境治理,综合环境治理,6.94,5.68,0.0
2017-07-25,14.5,14.55,14.32,14.34,14.52,-0.1799999999999997,-1.24,2262482.0,14285559.0,2.28,0.002523,0.004705,0.38,634.7721,767.3412,10.3884,21.2794,21.163,0.0,,1006671464.0,896671464.0,480897372.00000006,6331963509.0,5640063509.0,环境保护,环保,环境治理,综合环境治理,7.01,5.73,0.0
2017-07-26,14.36,14.43,14.2,14.3,14.34,-0.0399999999999991,-0.28,1949200.0,12243321.0,2.28,0.002174,0.004053,0.35,632.7538,764.9013,10.3554,21.2117,21.0957,0.0,,1006671464.0,896671464.0,480897372.00000006,6311830079.0,5622130079.0,环境保护,环保,环境治理,综合环境治理,6.92,5.66,0.0
2017-07-27,14.3,14.48,14.18,14.39,14.3,0.0899999999999998,0.63,3783250.0,23847933.0,2.28,0.004219,0.0078669999999999,0.94,636.7905,769.781,10.4215,21.3471,21.2303,0.0,,1006671464.0,896671464.0,480897372.00000006,6352096938.0,5657996938.0,环境保护,环保,环境治理,综合环境治理,6.9,5.64,0.0
2017-07-28,14.34,14.52,14.32,14.43,14.39,0.0399999999999991,0.28,2772807.0,17562266.0,2.28,0.0030919999999999,0.005766,0.87,638.8089,772.2209,10.4545,21.4147,21.2976,0.0,,1006671464.0,896671464.0,480897372.00000006,6372230367.000001,5675930367.000001,环境保护,环保,环境治理,综合环境治理,6.94,5.68,0.0
2017-07-31,14.48,14.55,14.36,14.41,14.43,-0.0199999999999995,-0.14,3320800.0,21021498.0,2.28,0.003703,0.006905,1.18,637.7997,771.001,10.438,21.3809,21.2639,0.0,,1006671464.0,896671464.0,480897372.00000006,6362163652.0,5666963652.0,环境保护,环保,环境治理,综合环境治理,6.96,5.7,0.0
2017-08-01,14.41,14.8,14.36,14.52,14.41,0.1099999999999994,0.76,3845949.0,24471429.0,2.28,0.004289,0.0079969999999999,1.36,642.8456,777.1007,10.5206,21.55,21.4321,0.0,,1006671464.0,896671464.0,480897372.00000006,6412497226.0,5711797226.0,环境保护,环保,环境治理,综合环境治理,6.95,5.69,0.0
2017-08-02,14.5,14.73,14.46,14.55,14.52,0.0300000000000011,0.21,4911137.0,31447874.0,2.28,0.0054769999999999,0.010212,1.57,643.8547,778.3206,10.5371,21.5839,21.4658,0.0,,1006671464.0,896671464.0,480897372.00000006,6422563940.0,5720763940.0,环境保护,环保,环境治理,综合环境治理,7.01,5.73,0.0
2017-08-03,14.66,16.01,14.55,15.55,14.55,1.0,6.87,24522695.0,165519889.0,2.28,0.027349,0.050994,6.58,688.2585,831.9979,11.2638,23.0724,22.9462,0.0,,1006671464.0,896671464.0,480897372.00000006,6865499384.0,6115299384.0,环境保护,环保,环境治理,综合环境治理,7.02,5.74,0.0
2017-08-04,15.96,16.42,15.46,15.5,15.55,-0.0500000000000007,-0.32,24678860.0,171995004.0,2.28,0.027523,0.051318,3.13,686.2402,829.558,11.2308,23.0047,22.8789,0.0,,1006671464.0,896671464.0,480897372.00000006,6845365955.000001,6097365955.000001,环境保护,环保,环境治理,综合环境治理,7.5,6.14,0.0
2017-08-07,15.57,16.64,15.14,16.23,15.5,0.7300000000000004,4.71,24704935.0,174001634.0,2.28,0.027552,0.0513729999999999,2.02,718.5338,868.596,11.7593,24.0873,23.9555,0.0,,1006671464.0,896671464.0,480897372.00000006,7167500824.0,6384300824.0,环境保护,环保,环境治理,综合环境治理,7.48,6.12,0.0
2017-08-08,15.96,16.1,15.55,15.73,16.23,-0.5,-3.08,15431239.000000002,106607466.0,2.28,0.017209,0.032088,0.93,696.3319,841.7574,11.3959,23.3431,23.2153,0.0,,1006671464.0,896671464.0,480897372.00000006,6946033101.999999,6187033101.999999,环境保护,环保,环境治理,综合环境治理,7.83,6.41,0.0
2017-08-09,15.55,15.69,15.34,15.41,15.73,-0.3200000000000003,-2.03,8465042.0,57420672.0,2.28,0.009441,0.017603,0.45,682.2035,824.6783,11.1647,22.8694,22.7443,0.0,,1006671464.0,896671464.0,480897372.00000006,6805099097.0,6061499097.0,环境保护,环保,环境治理,综合环境治理,7.59,6.21,0.0
2017-08-10,15.3,15.41,15.03,15.18,15.41,-0.2300000000000004,-1.49,7901239.0,52729935.0,2.28,0.008812,0.01643,0.4,672.1117,812.4789,10.9995,22.5311,22.4079,0.0,,1006671464.0,896671464.0,480897372.00000006,6704431949.999999,5971831949.999999,环境保护,环保,环境治理,综合环境治理,7.44,6.08,0.0
2017-08-11,15.21,15.39,15.07,15.23,15.18,0.0500000000000007,0.33,6776710.000000001,45304797.0,2.28,0.007558,0.014092,0.42,674.13,814.9188,11.0326,22.5988,22.4751,0.0,,1006671464.0,896671464.0,480897372.00000006,6724565379.999999,5989765379.999999,环境保护,环保,环境治理,综合环境治理,7.33,5.99,0.0
2017-08-14,15.16,15.82,15.16,15.64,15.23,0.4100000000000001,2.69,7942945.0,54308649.0,2.28,0.008858,0.016517,0.63,692.2952,836.8776,11.3299,23.2077,23.0808,0.0,,1006671464.0,896671464.0,480897372.00000006,6905766243.0,6151166243.0,环境保护,环保,环境治理,综合环境治理,7.35,6.01,0.0
2017-08-15,15.64,16.1,15.41,15.78,15.64,0.1399999999999988,0.9,8132895.0,56181071.0,2.28,0.00907,0.016912,0.87,698.3503,844.1973,11.4289,23.4107,23.2826,0.0,,1006671464.0,896671464.0,480897372.00000006,6966166531.0,6204966531.0,环境保护,环保,环境治理,综合环境治理,7.55,6.17,0.0
2017-08-16,15.64,15.8,15.5,15.62,15.78,-0.1600000000000001,-1.01,5954562.0,40703703.0,2.28,0.006641,0.0123819999999999,0.76,691.286,835.6577,11.3133,23.1739,23.0471,0.0,,1006671464.0,896671464.0,480897372.00000006,6895699528.0,6142199528.0,环境保护,环保,环境治理,综合环境治理,7.61,6.23,0.0
2017-08-17,15.55,16.37,15.55,16.03,15.62,0.4100000000000019,2.62,16595640.0,116828573.0,2.28,0.018508,0.03451,2.26,709.4512,857.6166,11.6106,23.7828,23.6527,0.0,,1006671464.0,896671464.0,480897372.00000006,7076900392.0,6303600392.0,环境保护,环保,环境治理,综合环境治理,7.54,6.17,0.0
2017-08-18,16.14,16.71,16.01,16.28,16.03,0.25,1.56,20470402.0,146644196.0,2.28,0.022829,0.042567,2.25,720.5522,871.0359,11.7923,24.155,24.0228,0.0,,1006671464.0,896671464.0,480897372.00000006,7187634253.0,6402234253.0,环境保护,环保,环境治理,综合环境治理,7.73,6.33,0.0
2017-08-21,17.1,17.1,16.23,16.26,16.28,-0.0199999999999995,-0.12,13634637.0,98884760.0,2.28,0.0152059999999999,0.028352,1.15,719.543,869.816,11.7758,24.1212,23.9892,0.0,,1006671464.0,896671464.0,480897372.00000006,7177567537.999999,6393267537.999999,环境保护,环保,环境治理,综合环境治理,7.85,6.43,0.0
2017-08-22,16.12,16.26,16.03,16.14,16.26,-0.120000000000001,-0.74,8432230.0,59663512.0,2.28,0.009404,0.017534,0.65,714.4971,863.7163,11.6932,23.952,23.821,0.0,,1006671464.0,896671464.0,480897372.00000006,7127233965.0,6348433965.0,环境保护,环保,环境治理,综合环境治理,7.84,6.42,0.0
2017-08-23,16.19,16.58,15.98,16.01,16.14,-0.129999999999999,-0.81,7794700.0,55614205.0,2.28,0.008693,0.016209,0.6,708.442,856.3967,11.5941,23.749,23.6191,0.0,,1006671464.0,896671464.0,480897372.00000006,7066833676.999999,6294633676.999999,环境保护,环保,环境治理,综合环境治理,7.79,6.37,0.0
2017-08-24,15.96,16.05,15.62,15.69,16.01,-0.320000000000002,-2.0,6557345.0,45280161.0,2.28,0.0073129999999999,0.0136359999999999,0.49,694.3136,839.3175,11.3629,23.2754,23.1481,0.0,,1006671464.0,896671464.0,480897372.00000006,6925899672.0,6169099672.0,环境保护,环保,环境治理,综合环境治理,7.72,6.32,0.0
2017-08-25,15.64,15.82,15.6,15.75,15.69,0.0600000000000005,0.38,5514901.0,37999725.0,2.28,0.00615,0.011468,0.48,697.3411,842.9773,11.4124,23.3769,23.249,0.0,,1006671464.0,896671464.0,480897372.00000006,6956099816.000001,6195999816.000001,环境保护,环保,环境治理,综合环境治理,7.57,6.19,0.0
2017-08-28,15.57,15.85,15.57,15.73,15.75,-0.0199999999999995,-0.13,6799832.000000001,46936698.0,2.28,0.0075829999999999,0.01414,0.81,696.3319,841.7574,11.3959,23.3431,23.2153,0.0,,1006671464.0,896671464.0,480897372.00000006,6946033101.999999,6187033101.999999,环境保护,环保,环境治理,综合环境治理,7.6,6.22,0.0
2017-08-29,15.71,16.14,15.64,15.96,15.73,0.2300000000000004,1.46,7162517.999999999,50001910.0,2.28,0.007988,0.014894,1.02,706.4237,400.7478,11.585,23.6814,20.2712,0.0,,1006671464.0,896671464.0,480897372.00000006,7046700248.0,6276700248.0,环境保护,环保,环境治理,综合环境治理,7.59,6.21,0.0
2017-08-30,15.87,15.98,15.57,15.66,15.96,-0.3000000000000007,-1.88,7010602.0,48278114.0,2.28,0.007818,0.014578,1.04,693.3044,393.3054,11.3698,23.2416,19.8948,0.0,,1006671464.0,896671464.0,480897372.00000006,6915832958.0,6160132958.0,环境保护,环保,环境治理,综合环境治理,7.7,6.3,0.0
2017-08-31,15.6,15.82,15.53,15.66,15.66,0.0,0.0,6259320.0,42901100.0,2.28,0.006981,0.013016,0.95,693.3044,393.3054,11.3698,23.2416,19.8948,0.0,,1006671464.0,896671464.0,480897372.00000006,6915832958.0,6160132958.0,环境保护,环保,环境治理,综合环境治理,7.56,6.18,0.0
2017-09-01,15.64,15.69,15.53,15.57,15.66,-0.0899999999999998,-0.57,4374602.0,29925780.0,2.28,0.004879,0.009097,0.67,689.2677,391.0154,11.3036,23.1062,19.7789,0.0,,1006671464.0,896671464.0,480897372.00000006,6875566099.0,6124266099.0,环境保护,环保,环境治理,综合环境治理,7.56,6.18,0.0
2017-09-04,15.53,15.64,15.46,15.57,15.57,0.0,0.0,4964599.0,33848736.0,2.28,0.0055369999999999,0.010324,0.79,689.2677,391.0154,11.3036,23.1062,19.7789,0.0,,1006671464.0,896671464.0,480897372.00000006,6875566099.0,6124266099.0,环境保护,环保,环境治理,综合环境治理,7.51,6.15,0.0
2017-09-05,15.57,15.75,15.46,15.57,15.57,0.0,0.0,4282507.0,29239681.0,2.28,0.004776,0.008905,0.72,689.2677,391.0154,11.3036,23.1062,19.7789,0.0,,1006671464.0,896671464.0,480897372.00000006,6875566099.0,6124266099.0,环境保护,环保,环境治理,综合环境治理,7.51,6.15,0.0
2017-09-06,15.55,15.55,15.34,15.37,15.57,-0.200000000000001,-1.28,5431427.0,36756175.0,2.28,0.006057,0.011294,1.01,680.1851,385.8629,11.1547,22.8018,19.5183,0.0,,1006671464.0,896671464.0,480897372.00000006,6784965667.0,6043565667.0,环境保护,环保,环境治理,综合环境治理,7.51,6.15,0.0
2017-09-07,15.46,15.62,15.28,15.34,15.37,-0.0299999999999993,-0.2,4703910.0,31840944.0,2.28,0.005246,0.0097819999999999,0.93,679.1759,385.2904,11.1381,22.7679,19.4893,0.0,,1006671464.0,896671464.0,480897372.00000006,6774898953.0,6034598953.0,环境保护,环保,环境治理,综合环境治理,7.41,6.07,0.0
2017-09-08,15.37,15.48,15.18,15.25,15.34,-0.0899999999999998,-0.59,4577701.0,30670755.0,2.28,0.0051049999999999,0.009519,0.96,675.1392,383.0004,11.0719,22.6326,19.3735,0.0,,1006671464.0,896671464.0,480897372.00000006,6734632094.000001,5998732094.000001,环境保护,环保,环境治理,综合环境治理,7.4,6.06,0.0
2017-09-11,15.09,15.21,14.87,15.12,15.25,-0.1300000000000007,-0.85,5480418.0,36153189.0,2.28,0.0061119999999999,0.011396,1.14,669.0842,379.5654,10.9726,22.4296,19.1998,0.0,,1006671464.0,896671464.0,480897372.00000006,6674231806.0,5944931806.0,环境保护,环保,环境治理,综合环境治理,7.36,6.02,0.0
2017-09-12,15.16,15.25,14.98,15.07,15.12,-0.0499999999999989,-0.33,5099685.0,33754763.0,2.28,0.005687,0.010605,1.04,667.0658,378.4204,10.9395,22.362,19.1418,0.0,,1006671464.0,896671464.0,480897372.00000006,6654098377.0,5926998377.0,环境保护,环保,环境治理,综合环境治理,7.29,5.97,0.0
2017-09-13,15.18,16.58,15.16,16.58,15.07,1.509999999999998,10.02,35415642.0,249327123.0,2.28,0.039497,0.073645,7.0,733.6715,416.2052,12.0318,24.5948,21.0531,0.0,,1006671464.0,896671464.0,480897372.00000006,7318501543.000001,6518801543.000001,环境保护,环保,环境治理,综合环境治理,7.27,5.95,0.0
2017-09-14,16.35,16.6,15.89,16.05,16.58,-0.5299999999999976,-3.2,27891412.0,197855846.0,2.28,0.031105,0.057999,2.52,710.4604,403.0378,11.6512,23.8167,20.3871,0.0,,1006671464.0,896671464.0,480897372.00000006,7086967107.000001,6312567107.000001,环境保护,环保,环境治理,综合环境治理,8.0,6.54,0.0
2017-09-15,15.96,16.62,15.78,16.21,16.05,0.1600000000000001,1.0,24551733.0,175818512.0,2.28,0.027381,0.051054,1.56,717.5246,407.0453,11.767,24.0535,20.5898,0.0,,1006671464.0,896671464.0,480897372.00000006,7157434109.0,6375334109.0,环境保护,环保,环境治理,综合环境治理,7.74,6.34,0.0
2017-09-18,15.8,16.12,15.8,16.01,16.21,-0.1999999999999993,-1.23,11972187.0,83627014.0,2.28,0.013352,0.0248959999999999,0.61,708.442,401.8928,11.6181,23.749,20.3292,0.0,,1006671464.0,896671464.0,480897372.00000006,7066833676.999999,6294633676.999999,环境保护,环保,环境治理,综合环境治理,7.82,6.4,0.0
2017-09-19,15.96,16.85,15.87,16.44,16.01,0.4299999999999997,2.69,17733878.0,128252384.0,2.28,0.019777,0.036877,0.85,727.6164,412.7702,11.9325,24.3918,20.8794,0.0,,1006671464.0,896671464.0,480897372.00000006,7258101255.0,6465001255.0,环境保护,环保,环境治理,综合环境治理,7.72,6.32,0.0
2017-09-20,16.42,16.53,15.96,16.3,16.44,-0.1400000000000005,-0.85,11651446.0,82931838.0,2.28,0.012994,0.0242289999999999,0.5,721.5613,409.3353,11.8332,24.1888,20.7056,0.0,,1006671464.0,896671464.0,480897372.00000006,7197700968.000001,6411200968.000001,环境保护,环保,环境治理,综合环境治理,7.93,6.49,0.0
2017-09-21,16.19,16.26,16.03,16.1,16.3,-0.1999999999999993,-1.23,7060000.0,49957689.0,2.28,0.0078739999999999,0.014681,0.38,712.4788,404.1828,11.6843,23.8843,20.445,0.0,,1006671464.0,896671464.0,480897372.00000006,7107100536.0,6330500536.0,环境保护,环保,环境治理,综合环境治理,7.87,6.44,0.0
2017-09-22,16.01,16.44,16.01,16.23,16.1,0.129999999999999,0.81,8664033.0,61837450.0,2.28,0.0096619999999999,0.018016,0.59,718.5338,407.6178,11.7836,24.0873,20.6187,0.0,,1006671464.0,896671464.0,480897372.00000006,7167500824.0,6384300824.0,环境保护,环保,环境治理,综合环境治理,7.77,6.35,0.0
2017-09-25,16.23,16.26,15.5,15.69,16.23,-0.5400000000000009,-3.33,8856246.0,61552326.0,2.28,0.009877,0.018416,0.78,694.3136,393.8778,11.3864,23.2754,19.9237,0.0,,1006671464.0,896671464.0,480897372.00000006,6925899672.0,6169099672.0,环境保护,环保,环境治理,综合环境治理,7.83,6.41,0.0
2017-09-26,15.66,15.85,15.46,15.6,15.69,-0.0899999999999998,-0.57,4711400.0,32304383.0,2.28,0.005254,0.009797,0.44,690.2769,391.5879,11.3202,23.1401,19.8079,0.0,,1006671464.0,896671464.0,480897372.00000006,6885632814.0,6133232814.0,环境保护,环保,环境治理,综合环境治理,7.57,6.19,0.0
2017-09-27,15.64,15.66,15.37,15.55,15.6,-0.0499999999999989,-0.32,5685877.0,38660633.0,2.28,0.006341,0.0118229999999999,0.69,688.2585,390.4429,11.2871,23.0724,19.75,0.0,,1006671464.0,896671464.0,480897372.00000006,6865499384.0,6115299384.0,环境保护,环保,环境治理,综合环境治理,7.52,6.16,0.0
2017-09-28,15.55,15.69,15.23,15.23,15.55,-0.3200000000000003,-2.06,6122644.0,41432227.0,2.28,0.006828,0.012732,0.88,674.13,382.4279,11.0554,22.5988,19.3446,0.0,,1006671464.0,896671464.0,480897372.00000006,6724565379.999999,5989765379.999999,环境保护,环保,环境治理,综合环境治理,7.5,6.14,0.0
2017-09-29,15.23,16.19,15.14,16.17,15.23,0.9400000000000012,6.17,13346585.0,92823390.0,2.28,0.0148849999999999,0.027753,1.96,715.5063,405.9003,11.7339,23.9858,20.5319,0.0,,1006671464.0,896671464.0,480897372.00000006,7137300680.0,6357400680.0,环境保护,环保,环境治理,综合环境治理,7.35,6.01,0.0
2017-10-09,16.07,16.17,15.8,15.98,16.17,-0.1900000000000012,-1.18,10114302.0,70731778.0,2.28,0.0112799999999999,0.021032,1.31,707.4329,401.3203,11.6015,23.7152,20.3002,0.0,,1006671464.0,896671464.0,480897372.00000006,7056766963.0,6285666963.0,环境保护,环保,环境治理,综合环境治理,7.8,6.38,0.0
2017-10-10,15.89,16.12,15.78,16.05,15.98,0.0700000000000002,0.44,6330409.0,44250475.0,2.28,0.0070599999999999,0.013164,0.79,710.4604,403.0378,11.6512,23.8167,20.3871,0.0,,1006671464.0,896671464.0,480897372.00000006,7086967107.000001,6312567107.000001,环境保护,环保,环境治理,综合环境治理,7.71,6.31,0.0
2017-10-11,16.05,16.05,15.73,15.73,16.05,-0.3200000000000003,-1.99,5673233.0,39431172.0,2.28,0.006327,0.011797,0.68,696.3319,395.0228,11.4195,23.3431,19.9816,0.0,,1006671464.0,896671464.0,480897372.00000006,6946033101.999999,6187033101.999999,环境保护,环保,环境治理,综合环境治理,7.74,6.34,0.0
2017-10-12,15.55,15.82,15.55,15.64,15.73,-0.0899999999999998,-0.57,4176800.0,28745233.0,2.28,0.004658,0.008685,0.5,692.2952,392.7329,11.3533,23.2077,19.8658,0.0,,1006671464.0,896671464.0,480897372.00000006,6905766243.0,6151166243.0,环境保护,环保,环境治理,综合环境治理,7.59,6.21,0.0
2017-10-13,15.62,16.14,15.6,15.96,15.64,0.3200000000000003,2.05,9938713.0,69269732.0,2.28,0.011084,0.020667,1.25,706.4237,400.7478,11.585,23.6814,20.2712,0.0,,1006671464.0,896671464.0,480897372.00000006,7046700248.0,6276700248.0,环境保护,环保,环境治理,综合环境治理,7.55,6.17,0.0
2017-10-16,15.89,16.03,15.44,15.5,15.96,-0.4600000000000008,-2.88,7294892.999999999,50189849.0,2.28,0.008136,0.0151689999999999,1.01,686.2402,389.2979,11.254,23.0047,19.6921,0.0,,1006671464.0,896671464.0,480897372.00000006,6845365955.000001,6097365955.000001,环境保护,环保,环境治理,综合环境治理,7.7,6.3,0.0
2017-10-17,15.5,15.75,15.44,15.55,15.5,0.0500000000000007,0.32,4027100.0,27567941.0,2.28,0.004491,0.008374,0.6,688.2585,390.4429,11.2871,23.0724,19.75,0.0,,1006671464.0,896671464.0,480897372.00000006,6865499384.0,6115299384.0,环境保护,环保,环境治理,综合环境治理,7.48,6.12,0.0
2017-10-18,15.55,15.73,15.09,15.12,15.55,-0.4300000000000015,-2.77,5909725.0,39921895.0,2.28,0.006591,0.012289,0.95,669.0842,379.5654,10.9726,22.4296,19.1998,0.0,,1006671464.0,896671464.0,480897372.00000006,6674231806.0,5944931806.0,环境保护,环保,环境治理,综合环境治理,7.5,6.14,0.0
2017-10-19,15.16,15.34,14.96,15.03,15.12,-0.0899999999999998,-0.6,5053471.0,33557624.0,2.28,0.0056359999999999,0.010508,0.81,665.0474,377.2754,10.9064,22.2943,19.0839,0.0,,1006671464.0,896671464.0,480897372.00000006,6633964948.0,5909064948.0,环境保护,环保,环境治理,综合环境治理,7.29,5.97,0.0
2017-10-20,14.98,15.28,14.98,15.25,15.03,0.2200000000000006,1.46,2805955.0,18689329.0,2.28,0.003129,0.005835,0.44,675.1392,383.0004,11.0719,22.6326,19.3735,0.0,,1006671464.0,896671464.0,480897372.00000006,6734632094.000001,5998732094.000001,环境保护,环保,环境治理,综合环境治理,7.25,5.93,0.0
2017-10-23,15.25,15.6,15.23,15.37,15.25,0.1199999999999992,0.79,4649433.0,31435762.0,2.28,0.0051849999999999,0.009668,0.93,680.1851,385.8629,11.1547,22.8018,19.5183,0.0,,1006671464.0,896671464.0,480897372.00000006,6784965667.0,6043565667.0,环境保护,环保,环境治理,综合环境治理,7.36,6.02,0.0
2017-10-24,15.3,15.41,15.05,15.16,15.37,-0.209999999999999,-1.37,4341058.0,28940544.0,2.28,0.004841,0.009027,0.97,671.1025,380.7104,11.0057,22.4973,19.2577,0.0,,1006671464.0,896671464.0,480897372.00000006,6694365236.0,5962865236.0,环境保护,环保,环境治理,综合环境治理,7.41,6.07,0.0
2017-10-25,15.12,15.3,15.12,15.21,15.16,0.0500000000000007,0.33,2595800.0,17312351.0,2.28,0.002895,0.0053979999999999,0.57,673.1209,381.8554,11.0388,22.5649,19.3156,0.0,,1006671464.0,896671464.0,480897372.00000006,6714498665.0,5980798665.0,环境保护,环保,环境治理,综合环境治理,7.32,5.99,0.0
2017-10-26,15.18,15.23,15.07,15.14,15.21,-0.0700000000000002,-0.46,3999960.0,26551384.0,2.28,0.004461,0.0083179999999999,1.03,670.0933,380.1379,10.9892,22.4635,19.2287,0.0,,1006671464.0,896671464.0,480897372.00000006,6684298521.0,5953898521.0,环境保护,环保,环境治理,综合环境治理,7.34,6.0,0.0
2017-10-27,15.18,15.18,15.05,15.09,15.14,-0.0500000000000007,-0.33,2734200.0,18140981.0,2.28,0.003049,0.005686,0.74,668.075,378.9929,10.9561,22.3958,19.1708,0.0,,1006671464.0,896671464.0,480897372.00000006,6664165092.0,5935965092.0,环境保护,环保,环境治理,综合环境治理,7.3,5.98,0.0
2017-10-30,15.07,15.12,14.14,14.39,15.09,-0.6999999999999993,-4.64,7836753.999999999,49922478.0,2.28,0.00874,0.0162959999999999,2.14,636.7905,361.2455,10.443,21.3471,18.2731,0.0,,1006671464.0,896671464.0,480897372.00000006,6352096938.0,5657996938.0,环境保护,环保,环境治理,综合环境治理,7.28,5.96,0.0
2017-10-31,14.48,14.64,14.16,14.55,14.39,0.1600000000000001,1.11,5384370.0,33941367.0,2.28,0.006005,0.0111969999999999,1.25,643.8547,194.8174,10.4261,21.5839,17.0481,0.0,,1006671464.0,896671464.0,480897372.00000006,6422563940.0,5720763940.0,环境保护,环保,环境治理,综合环境治理,6.94,5.68,0.0
2017-11-01,14.55,14.55,14.34,14.46,14.55,-0.0899999999999998,-0.62,3523400.0,22319027.0,2.28,0.003929,0.007327,0.78,639.818,193.5959,10.3607,21.4485,16.9412,0.0,,1006671464.0,896671464.0,480897372.00000006,6382297082.0,5684897082.0,环境保护,环保,环境治理,综合环境治理,7.02,5.74,0.0
2017-11-02,14.46,14.52,14.2,14.27,14.46,-0.1900000000000012,-1.31,3176909.0,19886997.0,2.28,0.003543,0.006606,0.68,631.7446,191.1531,10.23,21.1779,16.7274,0.0,,1006671464.0,896671464.0,480897372.00000006,6301763365.0,5613163365.0,环境保护,环保,环境治理,综合环境治理,6.97,5.71,0.0
2017-11-03,14.23,15.05,14.16,14.66,14.27,0.3900000000000005,2.73,5116551.0,32362196.0,2.28,0.005706,0.01064,1.13,648.9006,196.3441,10.5078,21.753,17.1817,0.0,,1006671464.0,896671464.0,480897372.00000006,6472897513.999999,5765597513.999999,环境保护,环保,环境治理,综合环境治理,6.89,5.63,0.0
2017-11-06,13.77,14.55,13.77,14.2,14.66,-0.4600000000000008,-3.14,4911535.0,30691647.0,2.28,0.0054779999999999,0.010213,0.98,628.7171,190.237,10.1809,21.0764,16.6473,0.0,,1006671464.0,896671464.0,480897372.00000006,6271563221.0,5586263221.0,环境保护,环保,环境治理,综合环境治理,7.07,5.79,0.0
2017-11-07,14.2,14.41,14.16,14.2,14.2,0.0,0.0,3626010.0,22664346.0,2.28,0.004044,0.00754,0.82,628.7171,190.237,10.1809,21.0764,16.6473,0.0,,1006671464.0,896671464.0,480897372.00000006,6271563221.0,5586263221.0,环境保护,环保,环境治理,综合环境治理,6.85,5.61,0.0
2017-11-08,14.2,14.39,14.14,14.23,14.2,0.0300000000000011,0.21,3318667.0,20786136.0,2.28,0.003701,0.006901,0.82,629.7263,190.5424,10.1973,21.1102,16.674,0.0,,1006671464.0,896671464.0,480897372.00000006,6281629935.0,5595229935.0,环境保护,环保,环境治理,综合环境治理,6.85,5.61,0.0
2017-11-09,14.34,14.43,14.27,14.39,14.23,0.1600000000000001,1.12,3086144.0,19456091.0,2.28,0.003442,0.006417,0.77,636.7905,192.6799,10.3117,21.3471,16.8611,0.0,,1006671464.0,896671464.0,480897372.00000006,6352096938.0,5657996938.0,环境保护,环保,环境治理,综合环境治理,6.86,5.62,0.0
2017-11-10,14.41,14.5,14.11,14.25,14.39,-0.1400000000000005,-0.97,4798800.0,30033871.0,2.28,0.005352,0.009979,1.2,630.7354,190.8477,10.2136,21.1441,16.7007,0.0,,1006671464.0,896671464.0,480897372.00000006,6291696650.0,5604196650.0,环境保护,环保,环境治理,综合环境治理,6.94,5.68,0.0
2017-11-13,14.2,14.52,14.2,14.34,14.25,0.0899999999999998,0.63,3476301.0,21836953.0,2.28,0.003877,0.007229,0.88,634.7721,192.0692,10.279,21.2794,16.8076,0.0,,1006671464.0,896671464.0,480897372.00000006,6331963509.0,5640063509.0,环境保护,环保,环境治理,综合环境治理,6.88,5.63,0.0
2017-11-14,14.57,14.93,14.39,14.5,14.34,0.1600000000000001,1.12,7586800.0,48588497.0,2.28,0.008461,0.015776,2.07,641.8364,194.2067,10.3934,21.5162,16.9947,0.0,,1006671464.0,896671464.0,480897372.00000006,6402430511.0,5702830511.0,环境保护,环保,环境治理,综合环境治理,6.92,5.66,0.0
2017-11-15,14.52,14.64,14.39,14.46,14.5,-0.0399999999999991,-0.28,3581210.0,22798942.0,2.28,0.003994,0.007447,0.8,639.818,193.5959,10.3607,21.4485,16.9412,0.0,,1006671464.0,896671464.0,480897372.00000006,6382297082.0,5684897082.0,环境保护,环保,环境治理,综合环境治理,7.0,5.72,0.0
2017-11-16,14.46,14.48,14.11,14.16,14.46,-0.3000000000000007,-2.07,5683510.0,35425498.0,2.28,0.006338,0.011819,1.26,626.6987,189.6263,10.1482,21.0087,16.5938,0.0,,1006671464.0,896671464.0,480897372.00000006,6251429791.0,5568329791.0,环境保护,环保,环境治理,综合环境治理,6.97,5.71,0.0
2017-11-17,14.11,14.11,13.45,13.57,14.16,-0.5899999999999999,-4.17,7713905.0,46549618.0,2.28,0.008603,0.016041,1.54,600.4601,181.687,9.7234,20.1292,15.8991,0.0,,1006671464.0,896671464.0,480897372.00000006,5989695211.0,5335195211.0,环境保护,环保,环境治理,综合环境治理,6.83,5.59,0.0
2017-11-20,13.54,13.54,13.11,13.18,13.57,-0.3900000000000005,-2.87,5296919.0,30765834.0,2.28,0.005907,0.0110149999999999,0.94,583.3041,176.496,9.4455,19.554,15.4448,0.0,,1006671464.0,896671464.0,480897372.00000006,5818561062.0,5182761062.0,环境保护,环保,环境治理,综合环境治理,6.55,5.36,0.0
2017-11-21,13.18,13.18,12.81,12.97,13.18,-0.209999999999999,-1.59,6588692.0,37497121.0,2.28,0.007348,0.013701,1.1,574.2215,173.7478,9.2985,19.2496,15.2043,0.0,,1006671464.0,896671464.0,480897372.00000006,5727960630.0,5102060630.0,环境保护,环保,环境治理,综合环境治理,6.36,5.2,0.0
2017-11-22,12.97,13.25,12.88,13.11,12.97,0.1399999999999988,1.08,3571121.0,20426393.0,2.28,0.0039829999999999,0.007426,0.62,580.2766,175.5799,9.3965,19.4525,15.3647,0.0,,1006671464.0,896671464.0,480897372.00000006,5788360918.000001,5155860918.0,环境保护,环保,环境治理,综合环境治理,6.26,5.12,0.0
2017-11-23,13.02,13.04,12.77,12.79,13.11,-0.3200000000000003,-2.44,3522828.0,19949565.0,2.28,0.003929,0.007326,0.61,566.1481,171.3049,9.1677,18.9789,14.9906,0.0,,1006671464.0,896671464.0,480897372.00000006,5647426912.999999,5030326913.0,环境保护,环保,环境治理,综合环境治理,6.33,5.18,0.0
2017-11-24,12.79,13.11,12.68,12.97,12.79,0.1800000000000015,1.41,3337941.0000000005,18873052.0,2.28,0.003723,0.006941,0.63,574.2215,173.7478,9.2985,19.2496,15.2043,0.0,,1006671464.0,896671464.0,480897372.00000006,5727960630.0,5102060630.0,环境保护,环保,环境治理,综合环境治理,6.17,5.05,0.0
2017-11-27,12.97,12.97,12.65,12.72,12.97,-0.25,-1.93,3609353.0,20246592.0,2.28,0.004025,0.0075049999999999,0.81,563.1206,170.3889,9.1187,18.8774,14.9104,0.0,,1006671464.0,896671464.0,480897372.00000006,5617226769.0,5003426769.0,环境保护,环保,环境治理,综合环境治理,6.26,5.12,0.0
2017-11-28,12.72,12.88,12.65,12.86,12.72,0.1399999999999988,1.1,1947712.0,10882198.0,2.28,0.002172,0.00405,0.47,569.1757,172.221,9.2168,19.0804,15.0707,0.0,,1006671464.0,896671464.0,480897372.00000006,5677627057.000001,5057227057.0,环境保护,环保,环境治理,综合环境治理,6.14,5.02,0.0
2017-11-29,12.86,12.86,12.63,12.75,12.86,-0.1099999999999994,-0.86,3055416.0,17024585.0,2.28,0.003408,0.0063539999999999,0.96,564.1298,170.6942,9.1351,18.9113,14.9371,0.0,,1006671464.0,896671464.0,480897372.00000006,5627293484.0,5012393484.0,环境保护,环保,环境治理,综合环境治理,6.2,5.08,0.0
2017-11-30,12.77,13.0,12.7,12.9,12.75,0.1500000000000003,1.18,5119927.0,28961714.0,2.28,0.00571,0.010647,1.65,571.194,172.8317,9.2494,19.1481,15.1242,0.0,,1006671464.0,896671464.0,480897372.00000006,5697760486.0,5075160486.0,环境保护,环保,环境治理,综合环境治理,6.15,5.03,0.0
2017-12-01,12.84,13.2,12.79,13.11,12.9,0.209999999999999,1.63,4249859.0,24349033.0,2.28,0.0047399999999999,0.008837,1.24,580.2766,175.5799,9.3965,19.4525,15.3647,0.0,,1006671464.0,896671464.0,480897372.00000006,5788360918.000001,5155860918.0,环境保护,环保,环境治理,综合环境治理,6.23,5.09,0.0
2017-12-04,13.11,13.13,12.88,12.93,13.11,-0.1799999999999997,-1.37,2378011.0,13522570.0,2.28,0.002652,0.004945,0.66,572.2032,173.1371,9.2658,19.1819,15.1509,0.0,,1006671464.0,896671464.0,480897372.00000006,5707827201.0,5084127201.0,环境保护,环保,环境治理,综合环境治理,6.33,5.18,0.0
2017-12-05,12.93,12.93,12.27,12.33,12.93,-0.5999999999999996,-4.64,4648524.0,25649410.0,2.28,0.0051839999999999,0.009666,1.39,545.9646,165.1978,8.8409,18.3023,14.4561,0.0,,1006671464.0,896671464.0,480897372.00000006,5446092620.0,4850992620.0,环境保护,环保,环境治理,综合环境治理,6.24,5.1,0.0
2017-12-06,12.43,12.43,12.02,12.13,12.33,-0.1999999999999993,-1.62,4883901.0,26034447.0,2.28,0.005447,0.010156,1.26,536.882,162.4496,8.6938,17.9978,14.2157,0.0,,1006671464.0,896671464.0,480897372.00000006,5355492188.0,4770292188.0,环境保护,环保,环境治理,综合环境治理,5.95,4.87,0.0
2017-12-07,12.18,12.2,12.04,12.08,12.13,-0.0500000000000007,-0.41,2922343.0,15531858.0,2.28,0.003259,0.006077,0.69,534.8637,161.8389,8.6611,17.9302,14.1622,0.0,,1006671464.0,896671464.0,480897372.00000006,5335358759.0,4752358759.0,环境保护,环保,环境治理,综合环境治理,5.85,4.79,0.0
2017-12-08,12.11,12.22,12.08,12.15,12.08,0.0700000000000002,0.58,3352990.0,17834219.0,2.28,0.003739,0.006972,0.88,537.8912,162.7549,8.7102,18.0317,14.2424,0.0,,1006671464.0,896671464.0,480897372.00000006,5365558903.0,4779258903.0,环境保护,环保,环境治理,综合环境治理,5.83,4.77,0.0
2017-12-11,12.15,12.29,12.11,12.2,12.15,0.0499999999999989,0.41,3259780.0,17407746.0,2.28,0.0036349999999999,0.0067789999999999,0.9,539.9095,163.3657,8.7429,18.0993,14.2958,0.0,,1006671464.0,896671464.0,480897372.00000006,5385692332.0,4797192332.0,环境保护,环保,环境治理,综合环境治理,5.86,4.8,0.0
2017-12-12,12.18,12.22,12.02,12.06,12.2,-0.1399999999999988,-1.15,2818527.0,14958649.0,2.28,0.003143,0.005774,0.74,533.8545,161.5335,8.6448,17.8963,14.1355,0.0,,1006671464.0,896671464.0,488151372.0,5325292045.0,4743392045.0,环境保护,环保,环境治理,综合环境治理,5.89,4.82,0.0
2017-12-13,12.04,12.2,11.99,12.15,12.06,0.0899999999999998,0.75,1885016.0,10007106.0,2.28,0.002102,0.003862,0.55,537.8912,162.7549,8.7102,18.0317,14.2424,0.0,,1006671464.0,896671464.0,488151372.0,5365558903.0,4779258903.0,环境保护,环保,环境治理,综合环境治理,5.82,4.76,0.0
2017-12-14,12.08,12.15,11.9,11.97,12.15,-0.1799999999999997,-1.48,4986400.0,26220308.0,2.28,0.005561,0.010215,1.75,529.8178,160.3121,8.5794,17.761,14.0286,0.0,,1006671464.0,896671464.0,488151372.0,5285025185.999999,4707525186.0,环境保护,环保,环境治理,综合环境治理,5.86,4.8,0.0
2017-12-15,11.99,12.02,11.9,11.97,11.97,0.0,0.0,3022397.0,15838877.0,2.28,0.003371,0.006192,0.93,529.8178,160.3121,8.5794,17.761,14.0286,0.0,,1006671464.0,896671464.0,488151372.0,5285025185.999999,4707525186.0,环境保护,环保,环境治理,综合环境治理,5.78,4.73,0.0
2017-12-18,11.88,11.97,11.58,11.61,11.97,-0.3600000000000012,-3.01,3616310.0,18512441.0,2.28,0.004033,0.007408,1.13,513.6709,155.4264,8.318,17.2197,13.6011,0.0,,1006671464.0,896671464.0,488151372.0,5123957752.0,4564057752.0,环境保护,环保,环境治理,综合环境治理,5.78,4.73,0.0
2017-12-19,11.63,11.76,11.63,11.72,11.61,0.1100000000000012,0.95,2454237.0,12599769.0,2.28,0.002737,0.005028,0.75,518.7168,156.9532,8.3997,17.3889,13.7347,0.0,,1006671464.0,896671464.0,488151372.0,5174291325.0,4608891325.0,环境保护,环保,环境治理,综合环境治理,5.6,4.58,0.0
2017-12-20,11.72,11.79,11.54,11.56,11.72,-0.1600000000000001,-1.37,2579237.0,13165350.0,2.28,0.002876,0.005284,0.81,511.6526,154.8157,8.2853,17.1521,13.5476,0.0,,1006671464.0,896671464.0,488151372.0,5103824322.0,4546124322.0,环境保护,环保,环境治理,综合环境治理,5.65,4.63,0.0
2017-12-21,11.61,11.7,11.45,11.7,11.56,0.1399999999999988,1.21,2523735.0,12816929.0,2.28,0.002815,0.00517,0.76,517.7077,156.6478,8.3833,17.3551,13.708,0.0,,1006671464.0,896671464.0,488151372.0,5164224610.0,4599924610.0,环境保护,环保,环境治理,综合环境治理,5.58,4.56,0.0
2017-12-22,11.7,11.7,11.51,11.58,11.7,-0.1199999999999992,-1.03,2210219.0,11241657.0,2.28,0.002465,0.004528,0.78,512.6618,155.121,8.3016,17.1859,13.5743,0.0,,1006671464.0,896671464.0,488151372.0,5113891037.0,4555091037.0,环境保护,环保,环境治理,综合环境治理,5.64,4.62,0.0
2017-12-25,11.58,11.63,11.38,11.4,11.58,-0.1799999999999997,-1.55,2611601.0,13123718.0,2.28,0.002913,0.00535,0.98,504.5884,152.6782,8.1709,16.9153,13.3606,0.0,,1006671464.0,896671464.0,488151372.0,5033357320.0,4483357320.0,环境保护,环保,环境治理,综合环境治理,5.59,4.57,0.0
2017-12-26,11.4,11.47,11.1,11.38,11.4,-0.0199999999999995,-0.18,4387508.0,21725919.0,2.28,0.004893,0.008988,1.77,503.5792,152.3728,8.1545,16.8814,13.3339,0.0,,1006671464.0,896671464.0,488151372.0,5023290605.0,4474390605.0,环境保护,环保,环境治理,综合环境治理,5.5,4.5,0.0
2017-12-27,11.4,11.49,11.24,11.45,11.38,0.0699999999999985,0.62,3330297.0,16616700.0,2.28,0.003714,0.006684,1.16,506.6067,153.2889,8.2036,16.9829,13.414,0.0,,1006671464.0,896671464.0,498218086.0,5053490749.0,4501290749.0,环境保护,环保,环境治理,综合环境治理,5.49,4.49,0.0
2017-12-28,11.42,11.47,11.35,11.4,11.45,-0.0499999999999989,-0.44,2652172.0,13270356.0,2.28,0.002958,0.005323,0.88,504.5884,152.6782,8.1709,16.9153,13.3606,0.0,,1006671464.0,896671464.0,498218086.0,5033357320.0,4483357320.0,环境保护,环保,环境治理,综合环境治理,5.52,4.52,0.0
2017-12-29,11.38,11.56,11.35,11.51,11.4,0.1099999999999994,0.96,2210216.0,11160386.0,2.28,0.002465,0.004436,0.73,509.6342,154.205,8.2526,17.0844,13.4942,0.0,,1006671464.0,896671464.0,498218086.0,5083690893.0,4528190893.0,环境保护,环保,环境治理,综合环境治理,5.5,4.5,0.0
2018-01-02,11.61,12.65,11.56,12.31,11.51,0.8000000000000007,6.95,12990289.0,69782471.0,2.28,0.014487,0.026073,4.28,544.9554,164.8924,8.8246,18.2685,14.4294,0.0,,1006671464.0,896671464.0,498218086.0,5436025906.0,4842025906.0,环境保护,环保,环境治理,综合环境治理,5.56,4.55,0.0
2018-01-03,12.27,12.45,12.15,12.29,12.31,-0.0200000000000013,-0.16,6248515.0,33660546.0,2.28,0.0069689999999999,0.012542,1.22,543.9462,164.5871,8.8082,18.2346,14.4027,0.0,,1006671464.0,896671464.0,498218086.0,5425959191.000001,4833059191.0,环境保护,环保,环境治理,综合环境治理,5.94,4.86,0.0
2018-01-04,12.27,12.47,12.2,12.24,12.29,-0.0499999999999989,-0.41,3464400.0,18709307.0,2.28,0.003864,0.006954,0.63,541.9279,163.9764,8.7755,18.167,14.3493,0.0,,1006671464.0,896671464.0,498218086.0,5405825762.0,4815125762.0,环境保护,环保,环境治理,综合环境治理,5.93,4.85,0.0
2018-01-05,12.24,12.29,12.15,12.27,12.24,0.0299999999999993,0.25,2496320.0,13399124.0,2.28,0.002784,0.0049819999999999,0.45,542.9371,164.2817,8.7919,18.2008,14.376,0.0,,1006671464.0,896671464.0,501030686.0,5415892476.0,4824092476.0,环境保护,环保,环境治理,综合环境治理,5.91,4.83,0.0
2018-01-08,12.36,12.63,12.18,12.47,12.27,0.200000000000001,1.63,4827357.0,26348816.0,2.28,0.005384,0.009635,0.88,552.0197,167.0299,8.939,18.5053,14.6165,0.0,,1006671464.0,896671464.0,501030686.0,5506492908.0,4904792908.0,环境保护,环保,环境治理,综合环境治理,5.92,4.84,0.0
2018-01-09,12.43,12.97,12.33,12.61,12.47,0.1399999999999988,1.12,9076646.0,50642572.0,2.28,0.010123,0.018116,1.51,558.0747,168.8621,9.037,18.7083,14.7768,0.0,,1006671464.0,896671464.0,501030686.0,5566893196.0,4958593196.0,环境保护,环保,环境治理,综合环境治理,6.02,4.92,0.0
2018-01-10,12.63,12.97,12.45,12.68,12.61,0.0700000000000002,0.56,5347152.0,29902772.0,2.28,0.005963,0.010672,1.02,561.1022,169.7781,9.086,18.8098,14.857,0.0,,1006671464.0,896671464.0,501030686.0,5597093340.0,4985493340.0,环境保护,环保,环境治理,综合环境治理,6.08,4.98,0.0
2018-01-11,12.75,12.75,12.4,12.45,12.68,-0.2300000000000004,-1.81,4230730.0,23301738.0,2.28,0.004718,0.008444,0.84,551.0105,166.7246,8.9226,18.4715,14.5898,0.0,,1006671464.0,896671464.0,501030686.0,5496426193.0,4895826193.0,环境保护,环保,环境治理,综合环境治理,6.12,5.0,0.0
2018-01-12,12.4,12.84,11.86,12.72,12.45,0.2700000000000013,2.17,5040538.0,27752737.0,2.28,0.005621,0.01006,0.97,563.1206,170.3889,9.1187,18.8774,14.9104,0.0,,1006671464.0,896671464.0,501030686.0,5617226769.0,5003426769.0,环境保护,环保,环境治理,综合环境治理,6.01,4.91,0.0
2018-01-15,12.59,12.84,12.38,12.52,12.72,-0.200000000000001,-1.57,7486953.0,41594136.0,2.28,0.00835,0.014943,1.31,554.038,167.6406,8.9716,18.5729,14.6699,0.0,,1006671464.0,896671464.0,501030686.0,5526626337.0,4922726337.0,环境保护,环保,环境治理,综合环境治理,6.14,5.02,0.0
2018-01-16,12.47,12.72,12.43,12.56,12.52,0.0400000000000009,0.32,3543151.0,19583479.0,2.28,0.003951,0.007072,0.57,556.0564,168.2514,9.0043,18.6406,14.7234,0.0,,1006671464.0,896671464.0,501030686.0,5546759767.0,4940659767.0,环境保护,环保,环境治理,综合环境治理,6.04,4.94,0.0
2018-01-17,12.56,12.63,12.29,12.36,12.56,-0.200000000000001,-1.59,3109868.0,16894514.0,2.28,0.003468,0.006207,0.61,546.9738,165.5032,8.8572,18.3361,14.4829,0.0,,1006671464.0,896671464.0,501030686.0,5456159335.0,4859959335.0,环境保护,环保,环境治理,综合环境治理,6.06,4.96,0.0
2018-01-18,12.36,12.45,12.15,12.4,12.36,0.0400000000000009,0.32,3037615.0,16379842.0,2.28,0.003388,0.006063,0.65,548.9921,166.1139,8.8899,18.4038,14.5363,0.0,,1006671464.0,896671464.0,501030686.0,5476292764.0,4877892764.0,环境保护,环保,环境治理,综合环境治理,5.96,4.88,0.0
2018-01-19,12.43,12.56,12.24,12.31,12.4,-0.0899999999999998,-0.73,2085401.0,11342987.0,2.28,0.002326,0.004162,0.47,544.9554,164.8924,8.8246,18.2685,14.4294,0.0,,1006671464.0,896671464.0,501030686.0,5436025906.0,4842025906.0,环境保护,环保,环境治理,综合环境治理,5.98,4.9,0.0
2018-01-22,12.31,12.31,12.02,12.08,12.31,-0.2300000000000004,-1.87,3106836.0,16506598.999999998,2.28,0.0034649999999999,0.006201,0.81,534.8637,161.8389,8.6611,17.9302,14.1622,0.0,,1006671464.0,896670564.0,501029786.0,5335358759.0,4752353989.0,环境保护,环保,环境治理,综合环境治理,5.94,4.86,0.0
2018-01-23,12.04,12.24,12.04,12.18,12.08,0.0999999999999996,0.83,2587241.0,13795616.0,2.28,0.00257,0.0051639999999999,0.87,538.9004,163.0603,8.7265,18.0655,14.2691,0.0,,1006671464.0,1006670564.0,501029786.0,5375625618.0,5375620812.0,环境保护,环保,环境治理,综合环境治理,5.83,4.77,0.0
2018-01-24,12.11,12.24,11.97,12.2,12.18,0.0199999999999995,0.16,3339901.9999999995,17783603.0,2.28,0.0033179999999999,0.006666,1.2,539.9095,163.3657,8.7429,18.0993,14.2958,0.0,,1006671464.0,1006670564.0,501029786.0,5385692332.0,5385687517.0,环境保护,环保,环境治理,综合环境治理,5.87,4.81,0.0
2018-01-25,12.13,12.22,11.9,11.97,12.2,-0.2299999999999986,-1.89,3870043.0,20429892.0,2.28,0.003844,0.007724,1.37,529.8178,160.3121,8.5794,17.761,14.0286,0.0,,1006671464.0,1006670564.0,501029786.0,5285025185.999999,5285020461.0,环境保护,环保,环境治理,综合环境治理,5.89,4.82,0.0
2018-01-26,11.97,12.06,11.72,11.76,11.97,-0.2100000000000008,-1.75,3291624.0,17085176.0,2.28,0.00327,0.00657,1.1,520.7352,157.5639,8.4324,17.4565,13.7881,0.0,,1006671464.0,1006670564.0,501029786.0,5194424754.0,5194420110.0,环境保护,环保,环境治理,综合环境治理,5.78,4.73,0.0
2018-01-29,11.76,11.83,11.61,11.61,11.76,-0.1500000000000003,-1.28,2224800.0,11414033.0,2.28,0.00221,0.00444,0.69,513.6709,155.4264,8.318,17.2197,13.6011,0.0,,1006671464.0,1006670564.0,501029786.0,5123957752.0,5123953171.0,环境保护,环保,环境治理,综合环境治理,5.68,4.64,0.0
2018-01-30,11.58,11.83,11.49,11.61,11.61,0.0,0.0,4369683.0,22341385.0,2.28,0.004341,0.008721,1.43,513.6709,155.4264,8.318,17.2197,13.6011,0.0,,1006671464.0,1006670564.0,501029786.0,5123957752.0,5123953171.0,环境保护,环保,环境治理,综合环境治理,5.6,4.58,0.0
2018-01-31,11.63,11.74,11.4,11.4,11.61,-0.209999999999999,-1.81,3985383.0,20183118.0,2.28,0.003959,0.007954,1.17,504.5884,152.6782,8.1709,16.9153,13.3606,0.0,,1006671464.0,1006670564.0,501029786.0,5033357320.0,5033352820.0,环境保护,环保,环境治理,综合环境治理,5.6,4.58,0.0
2018-02-01,11.47,11.49,10.94,10.99,11.4,-0.4100000000000001,-3.6,3891826.0,19026879.0,2.28,0.003866,0.007768,1.1,486.4232,147.1818,7.8767,16.3063,12.8796,0.0,,1006671464.0,1006670564.0,501029786.0,4852156456.0,4852152118.0,环境保护,环保,环境治理,综合环境治理,5.5,4.5,0.0
2018-02-02,10.99,10.99,10.6,10.76,10.99,-0.2300000000000004,-2.09,3124660.0,14706653.0,2.28,0.003104,0.006236,0.88,476.3314,144.1282,7.7133,15.968,12.6124,0.0,,1006671464.0,1006670564.0,501029786.0,4751489310.0,4751485062.0,环境保护,环保,环境治理,综合环境治理,5.3,4.34,0.0
2018-02-05,10.83,10.83,10.44,10.67,10.76,-0.0899999999999998,-0.84,3351821.0,15602575.0,2.28,0.00333,0.00669,0.95,472.2947,142.9068,7.648,15.8327,12.5055,0.0,,1006671464.0,1006670564.0,501029786.0,4711222452.0,4711218240.0,环境保护,环保,环境治理,综合环境治理,5.19,4.25,0.0
2018-02-06,10.6,10.6,10.03,10.03,10.67,-0.6400000000000006,-6.0,3411900.0,15494436.0,2.28,0.0033889999999999,0.00681,0.91,444.0378,134.3568,7.1904,14.8854,11.7573,0.0,,1006671464.0,1006670564.0,501029786.0,4429354442.0,4429350482.0,环境保护,环保,环境治理,综合环境治理,5.15,4.21,0.0
2018-02-07,10.24,10.4,9.37,9.78,10.03,-0.25,-2.49,3302185.0,14297011.0,2.28,0.00328,0.006591,0.93,432.9368,130.9979,7.0106,14.5133,11.4634,0.0,,1006671464.0,1006670564.0,501029786.0,4318620581.0,4318616720.0,环境保护,环保,环境治理,综合环境治理,4.84,3.96,0.0
2018-02-08,9.78,9.99,9.48,9.83,9.78,0.0500000000000007,0.51,1765924.0000000002,7609016.0,2.28,0.001754,0.003525,0.52,434.9552,131.6086,7.0433,14.5809,11.5168,0.0,,1006671464.0,1006670564.0,501029786.0,4338754010.0,4338750131.0,环境保护,环保,环境治理,综合环境治理,4.72,3.86,0.0
2018-02-09,9.53,9.74,9.46,9.6,9.83,-0.2300000000000004,-2.34,3290730.0000000005,13791511.0,2.28,0.003269,0.006568,1.1,424.8634,128.555,6.8799,14.2426,11.2496,0.0,,1006671464.0,1006670564.0,501029786.0,4238086863.0,4238083074.0,环境保护,环保,环境治理,综合环境治理,4.74,3.88,0.0
2018-02-12,9.62,9.83,9.58,9.76,9.6,0.1600000000000001,1.67,3091906.0,13226722.0,2.28,0.003071,0.0061709999999999,1.02,431.9276,130.6925,6.9943,14.4795,11.4367,0.0,,1006671464.0,1006670564.0,501029786.0,4308553866.0,4308550014.0,环境保护,环保,环境治理,综合环境治理,4.63,3.79,0.0
2018-02-13,9.85,9.85,9.6,9.69,9.76,-0.0700000000000002,-0.72,3605414.0,15394620.0,2.28,0.003582,0.007196,1.21,428.9001,129.7765,6.9453,14.378,11.3565,0.0,,1006671464.0,1006670564.0,501029786.0,4278353722.0,4278349897.0,环境保护,环保,环境治理,综合环境治理,4.71,3.85,0.0
2018-02-14,9.69,9.76,9.53,9.69,9.69,0.0,0.0,1851600.0,7831498.0,2.28,0.001839,0.0036959999999999,0.61,428.9001,129.7765,6.9453,14.378,11.3565,0.0,,1006671464.0,1006670564.0,501029786.0,4278353722.0,4278349897.0,环境保护,环保,环境治理,综合环境治理,4.68,3.83,0.0
2018-02-22,9.74,9.85,9.69,9.78,9.69,0.0899999999999998,0.93,2191150.0,9390962.0,2.28,0.002177,0.004373,0.81,432.9368,130.9979,7.0106,14.5133,11.4634,0.0,,1006671464.0,1006670564.0,501029786.0,4318620581.0,4318616720.0,环境保护,环保,环境治理,综合环境治理,4.68,3.83,0.0
2018-02-23,9.8,10.03,9.74,9.9,9.78,0.120000000000001,1.23,2730139.0,11838113.0,2.28,0.002712,0.005449,0.97,437.9827,132.5247,7.0923,14.6824,11.597,0.0,,1006671464.0,1006670564.0,501029786.0,4368954154.0,4368950248.0,环境保护,环保,环境治理,综合环境治理,4.72,3.86,0.0
2018-02-26,9.92,10.15,9.87,10.05,9.9,0.1500000000000003,1.52,4934596.0,21717585.0,2.28,0.004902,0.009849,1.83,445.0469,134.6622,7.2067,14.9193,11.784,0.0,,1006671464.0,1006670564.0,501029786.0,4439421156.0,4439417187.0,环境保护,环保,环境治理,综合环境治理,4.77,3.91,0.0
2018-02-27,10.1,10.35,10.03,10.26,10.05,0.209999999999999,2.09,4711800.0,21127863.0,2.28,0.004681,0.009404,1.54,454.1295,137.4104,7.3538,15.2237,12.0245,0.0,,1006671464.0,1006670564.0,501029786.0,4530021588.0,4530017538.0,环境保护,环保,环境治理,综合环境治理,4.85,3.97,0.0
2018-02-28,10.21,10.49,10.01,10.4,10.26,0.1400000000000005,1.36,3659948.000000001,16410303.0,2.28,0.003636,0.007305,1.11,460.1846,139.2425,7.4519,15.4267,12.1848,0.0,,1006671464.0,1006670564.0,501029786.0,4590421876.0,4590417772.0,环境保护,环保,环境治理,综合环境治理,4.95,4.05,0.0
2018-03-01,10.35,10.53,10.19,10.51,10.4,0.1099999999999994,1.06,3917100.0,17872190.0,2.28,0.003891,0.007818,1.07,465.2305,140.7693,7.5336,15.5959,12.3185,0.0,,1006671464.0,1006670564.0,501029786.0,4640755449.0,4640751300.0,环境保护,环保,环境治理,综合环境治理,5.02,4.1,0.0
2018-03-02,10.51,10.67,10.35,10.51,10.51,0.0,0.0,4700352.0,21760487.0,2.28,0.0046689999999999,0.009381,1.18,465.2305,140.7693,7.5336,15.5959,12.3185,0.0,,1006671464.0,1006670564.0,501029786.0,4640755449.0,4640751300.0,环境保护,环保,环境治理,综合环境治理,5.07,4.15,0.0
2018-03-05,10.58,10.76,10.42,10.67,10.51,0.1600000000000001,1.52,3138600.0,14536685.0,2.28,0.003118,0.006264,0.72,472.2947,142.9068,7.648,15.8327,12.5055,0.0,,1006671464.0,1006670564.0,501029786.0,4711222452.0,4711218240.0,环境保护,环保,环境治理,综合环境治理,5.07,4.15,0.0
2018-03-06,10.6,10.81,10.58,10.74,10.67,0.0700000000000002,0.66,3133092.0,14719407.0,2.28,0.0031119999999999,0.006253,0.78,475.3222,143.8228,7.697,15.9342,12.5857,0.0,,1006671464.0,1006670564.0,501029786.0,4741422595.0,4741418356.0,环境保护,环保,环境治理,综合环境治理,5.15,4.21,0.0
2018-03-07,10.74,11.06,10.49,10.65,10.74,-0.0899999999999998,-0.84,5812063.0,27284829.0,2.28,0.005774,0.0116,1.57,471.2855,142.6014,7.6316,15.7988,12.4788,0.0,,1006671464.0,1006670564.0,501029786.0,4701155737.0,4701151534.0,环境保护,环保,环境治理,综合环境治理,5.18,4.24,0.0
2018-03-08,10.49,10.62,10.37,10.53,10.65,-0.120000000000001,-1.13,3721553.0,17148693.0,2.28,0.0036969999999999,0.007428,0.9,466.2396,141.0746,7.5499,15.6297,12.3452,0.0,,1006671464.0,1006670564.0,501029786.0,4650822164.0,4650818006.0,环境保护,环保,环境治理,综合环境治理,5.14,4.2,0.0
2018-03-09,10.51,10.72,10.47,10.65,10.53,0.120000000000001,1.14,5534519.0,25631124.0,2.28,0.0054979999999999,0.011046,1.35,471.2855,142.6014,7.6316,15.7988,12.4788,0.0,,1006671464.0,1006670564.0,501029786.0,4701155737.0,4701151534.0,环境保护,环保,环境治理,综合环境治理,5.08,4.16,0.0
2018-03-12,10.65,10.92,10.58,10.72,10.65,0.0700000000000002,0.66,6446230.0,30183832.0,2.28,0.006404,0.0128659999999999,1.51,474.3131,143.5175,7.6806,15.9003,12.5589,0.0,,1006671464.0,1006670564.0,501029786.0,4731355881.0,4731351651.0,环境保护,环保,环境治理,综合环境治理,5.14,4.2,0.0
2018-03-13,10.67,11.26,10.51,10.99,10.72,0.2699999999999996,2.52,12155130.0,58187493.0,2.28,0.012075,0.02426,2.47,486.4232,147.1818,7.8767,16.3063,12.8796,0.0,,1006671464.0,1006670564.0,501029786.0,4852156456.0,4852152118.0,环境保护,环保,环境治理,综合环境治理,5.17,4.23,0.0
2018-03-14,10.88,10.9,10.65,10.81,10.99,-0.1799999999999997,-1.64,5871500.0,27750352.0,2.28,0.005833,0.011719,0.87,478.3498,144.7389,7.746,16.0357,12.6658,0.0,,1006671464.0,1006670564.0,501029786.0,4771622739.0,4771618473.0,环境保护,环保,环境治理,综合环境治理,5.3,4.34,0.0
2018-03-15,10.78,10.78,10.44,10.53,10.81,-0.2800000000000011,-2.59,4151204.0,19211794.0,2.28,0.004124,0.008285,0.62,466.2396,141.0746,7.5499,15.6297,12.3452,0.0,,1006671464.0,1006670564.0,501029786.0,4650822164.0,4650818006.0,环境保护,环保,环境治理,综合环境治理,5.21,4.27,0.0
2018-03-16,10.47,10.56,10.44,10.47,10.53,-0.0599999999999987,-0.57,2665247.0,12253159.0,2.28,0.0026479999999999,0.00532,0.39,463.2121,140.1586,7.5009,15.5282,12.265,0.0,,1006671464.0,1006670564.0,501029786.0,4620622020.0,4620617889.0,环境保护,环保,环境治理,综合环境治理,5.08,4.16,0.0
2018-03-19,10.47,10.53,10.37,10.47,10.47,0.0,0.0,3885110.0,17803493.0,2.28,0.003859,0.007754,0.62,463.2121,140.1586,7.5009,15.5282,12.265,0.0,,1006671464.0,1006670564.0,501029786.0,4620622020.0,4620617889.0,环境保护,环保,环境治理,综合环境治理,5.05,4.13,0.0
2018-03-20,10.42,10.42,10.28,10.42,10.47,-0.0500000000000007,-0.48,2972747.0,13493548.0,2.28,0.002953,0.005933,0.52,461.1938,139.5479,7.4682,15.4605,12.2116,0.0,,1006671464.0,1006670564.0,501029786.0,4600488590.0,4600484477.0,环境保护,环保,环境治理,综合环境治理,5.05,4.13,0.0
2018-03-21,10.42,10.78,10.4,10.51,10.42,0.0899999999999998,0.86,5678886.0,26315393.0,2.28,0.005641,0.011334,1.45,465.2305,140.7693,7.5336,15.5959,12.3185,0.0,,1006671464.0,1006670564.0,501029786.0,4640755449.0,4640751300.0,环境保护,环保,环境治理,综合环境治理,5.03,4.11,0.0
2018-03-22,10.49,10.56,10.37,10.51,10.51,0.0,0.0,3053347.0,14024881.0,2.28,0.003033,0.006094,0.79,465.2305,140.7693,7.5336,15.5959,12.3185,0.0,,1006671464.0,1006670564.0,501029786.0,4640755449.0,4640751300.0,环境保护,环保,环境治理,综合环境治理,5.07,4.15,0.0
2018-03-23,10.33,10.35,9.6,9.76,10.51,-0.75,-7.14,7176030.0,31535412.0,2.28,0.007128,0.0143229999999999,1.97,431.9276,130.6925,6.9943,14.4795,11.4367,0.0,,1006671464.0,1006670564.0,501029786.0,4308553866.0,4308550014.0,环境保护,环保,环境治理,综合环境治理,5.07,4.15,0.0
2018-03-26,9.67,9.8,9.37,9.78,9.76,0.0199999999999995,0.2,4428362.0,18647676.0,2.28,0.004399,0.008839,0.97,432.9368,130.9979,7.0106,14.5133,11.4634,0.0,,1006671464.0,1006670564.0,501029786.0,4318620581.0,4318616720.0,环境保护,环保,环境治理,综合环境治理,4.71,3.85,0.0
2018-03-27,9.87,10.03,9.8,9.92,9.78,0.1400000000000005,1.43,4544602.0,19725303.0,2.28,0.004514,0.009071,0.97,438.9919,132.83,7.1087,14.7163,11.6237,0.0,,1006671464.0,1006670564.0,501029786.0,4379020868.0,4379016953.0,环境保护,环保,环境治理,综合环境治理,4.72,3.86,0.0
2018-03-28,9.85,10.35,9.78,10.19,9.92,0.2699999999999996,2.72,6763217.999999999,30063793.0,2.28,0.0067179999999999,0.013499,1.36,451.102,136.4943,7.3048,15.1222,11.9444,0.0,,1006671464.0,1006670564.0,501029786.0,4499821444.0,4499817421.0,环境保护,环保,环境治理,综合环境治理,4.79,3.92,0.0
2018-03-29,10.17,10.17,9.96,10.15,10.19,-0.0399999999999991,-0.39,4685110.0,20708745.0,2.28,0.004654,0.009351,0.9,449.0836,135.8836,7.2721,15.0546,11.8909,0.0,,1006671464.0,1006670564.0,501029786.0,4479688015.0,4479684010.0,环境保护,环保,环境治理,综合环境治理,4.92,4.02,0.0
2018-03-30,10.15,10.26,10.1,10.19,10.15,0.0399999999999991,0.39,3087900.0,13794524.0,2.28,0.003067,0.0061629999999999,0.56,451.102,136.4943,7.3048,15.1222,11.9444,0.0,,1006671464.0,1006670564.0,501029786.0,4499821444.0,4499817421.0,环境保护,环保,环境治理,综合环境治理,4.9,4.01,0.0
2018-04-02,10.17,10.28,10.05,10.17,10.19,-0.0199999999999995,-0.2,4023758.0,17976532.0,2.28,0.003997,0.008031,0.86,450.0928,136.1889,7.2884,15.0884,11.9176,0.0,,1006671464.0,1006670564.0,501029786.0,4489754729.0,4489750715.0,环境保护,环保,环境治理,综合环境治理,4.92,4.02,0.0
2018-04-03,10.1,10.74,10.03,10.62,10.17,0.4499999999999993,4.42,7164660.000000001,32636239.0,2.28,0.007117,0.01402,1.55,470.2763,142.2961,7.6153,15.765,12.4521,0.0,,1006671464.0,1006670564.0,511029786.0,4691089022.0,4691084828.0,环境保护,环保,环境治理,综合环境治理,4.91,4.01,0.0
2018-04-04,10.49,10.58,10.33,10.4,10.62,-0.2199999999999988,-2.07,5140924.0,23607978.0,2.28,0.005107,0.01006,1.0,460.1846,139.2425,7.4519,15.4267,12.1848,0.0,,1006671464.0,1006670564.0,511029786.0,4590421876.0,4590417772.0,环境保护,环保,环境治理,综合环境治理,5.13,4.19,0.0
2018-04-09,10.26,10.6,10.01,10.37,10.4,-0.0300000000000011,-0.29,4371378.0,19762769.0,2.28,0.0043419999999999,0.008554,0.91,459.1754,138.9371,7.4355,15.3929,12.1581,0.0,,1006671464.0,1006670564.0,511029786.0,4580355161.0,4580351066.0,环境保护,环保,环境治理,综合环境治理,5.02,4.1,0.0
2018-04-10,10.33,10.33,10.01,10.12,10.37,-0.25,-2.41,4582003.0,20372090.0,2.28,0.004552,0.008966,0.96,448.0745,135.5782,7.2557,15.0207,11.8642,0.0,,1006671464.0,1006670564.0,511029786.0,4469621300.0,4469617304.0,环境保护,环保,环境治理,综合环境治理,5.01,4.1,0.0
2018-04-11,10.1,10.24,10.05,10.12,10.12,0.0,0.0,2772300.0,12327507.0,2.28,0.002754,0.005425,0.55,448.0745,135.5782,7.2557,15.0207,11.8642,0.0,,1006671464.0,1006670564.0,511029786.0,4469621300.0,4469617304.0,环境保护,环保,环境治理,综合环境治理,4.88,4.0,0.0
2018-04-12,10.05,10.21,10.05,10.05,10.12,-0.0699999999999985,-0.69,2402621.0,10654124.0,2.28,0.002387,0.004702,0.5,445.0469,134.6622,7.2067,14.9193,11.784,0.0,,1006671464.0,1006670564.0,511029786.0,4439421156.0,4439417187.0,环境保护,环保,环境治理,综合环境治理,4.88,4.0,0.0
2018-04-13,10.08,10.15,9.92,9.99,10.05,-0.0600000000000005,-0.6,3128321.0,13739170.0,2.28,0.003108,0.006122,0.81,442.0194,133.7461,7.1577,14.8178,11.7039,0.0,,1006671464.0,1006670564.0,511029786.0,4409221012.0,4409217070.0,环境保护,环保,环境治理,综合环境治理,4.85,3.97,0.0
2018-04-16,9.99,10.53,9.87,10.42,9.99,0.4299999999999997,4.3,6563409.0,29356263.0,2.28,0.00652,0.012843,1.9,461.1938,141.1049,7.0041,15.4605,11.1411,0.0,,1006671464.0,1006670564.0,511029786.0,4600488590.0,4600484477.0,环境保护,环保,环境治理,综合环境治理,4.82,3.94,0.0
2018-04-17,10.33,10.33,9.99,9.99,10.42,-0.4299999999999997,-4.13,4586700.0,20398135.0,2.28,0.004556,0.008975,1.18,135.2384,134.7423,6.8654,10.6779,10.2259,0.0,,1006671464.0,1006670564.0,511029786.0,4409221012.0,4409217070.0,环境保护,环保,环境治理,综合环境治理,5.03,4.11,0.0
2018-04-18,10.01,10.08,9.58,9.85,9.99,-0.1400000000000005,-1.4,4112410.0,17689482.0,2.28,0.004085,0.008047,1.06,133.3859,132.8965,6.7713,10.5316,10.0859,0.0,,1006671464.0,1006670564.0,511029786.0,4348820724.0,4348816836.0,环境保护,环保,环境治理,综合环境治理,4.82,3.94,0.0
2018-04-19,9.85,9.92,9.71,9.76,9.85,-0.0899999999999998,-0.91,2158149.0,9289867.0,2.28,0.002144,0.004223,0.52,132.1508,131.6659,6.7086,10.4341,9.9925,0.0,,1006671464.0,1006670564.0,511029786.0,4308553866.0,4308550014.0,环境保护,环保,环境治理,综合环境治理,4.75,3.89,0.0
2018-04-20,9.76,9.83,9.6,9.67,9.76,-0.0899999999999998,-0.92,1880510.0,8000136.0,2.28,0.0018679999999999,0.00368,0.46,130.9157,130.4354,6.6459,10.3366,9.8991,0.0,,1006671464.0,1006670564.0,511029786.0,4268287007.0,4268283191.0,环境保护,环保,环境治理,综合环境治理,4.71,3.85,0.0
2018-04-23,9.74,9.74,9.48,9.58,9.67,-0.0899999999999998,-0.93,1908131.0,8050356.0,2.28,0.001895,0.003734,0.49,129.6807,129.2049,6.5832,10.2391,9.8057,0.0,,1006671464.0,1006670564.0,511029786.0,4228020149.0,4228016369.0,环境保护,环保,环境治理,综合环境治理,4.66,3.82,0.0
2018-04-24,9.37,9.76,9.37,9.71,9.58,0.1300000000000007,1.36,3397023.0000000005,14292545.0,2.28,0.003375,0.0066469999999999,1.16,131.5333,131.0507,6.6773,10.3854,9.9458,0.0,,1006671464.0,1006670564.0,511029786.0,4288420437.0,4288416603.0,环境保护,环保,环境治理,综合环境治理,4.62,3.78,0.0
2018-04-25,9.58,9.8,9.58,9.71,9.71,0.0,0.0,2575214.0,10980109.0,2.28,0.002558,0.005039,0.96,131.5333,131.0507,6.6773,10.3854,9.9458,0.0,,1006671464.0,1006670564.0,511029786.0,4288420437.0,4288416603.0,环境保护,环保,环境治理,综合环境治理,4.69,3.83,0.0
2018-04-26,9.71,9.76,9.46,9.46,9.71,-0.25,-2.57,2308531.0,9721144.0,2.28,0.002293,0.004517,0.97,128.1369,127.6667,6.5048,10.1172,9.689,0.0,,1006671464.0,1006670564.0,511029786.0,4177686576.0,4177682841.0,环境保护,环保,环境治理,综合环境治理,4.69,3.83,0.0
2018-04-27,9.55,9.64,9.46,9.53,9.46,0.0699999999999985,0.74,1970061.0,8254661.0,2.28,0.001957,0.003855,0.82,129.0632,128.5896,6.5519,10.1903,9.759,0.0,,1006671464.0,1006670564.0,511029786.0,4207886720.0,4207882958.0,环境保护,环保,环境治理,综合环境治理,4.57,3.74,0.0
2018-05-02,9.53,9.64,9.48,9.51,9.53,-0.0199999999999995,-0.21,1654700.0,6938807.0,2.28,0.0016439999999999,0.0032379999999999,0.68,128.7544,128.282,6.5362,10.1659,9.7357,0.0,,1006671464.0,1006670564.0,511029786.0,4197820005.0,4197816252.0,环境保护,环保,环境治理,综合环境治理,4.6,3.76,0.0
2018-05-03,9.55,9.62,9.46,9.53,9.51,0.0199999999999995,0.21,3232901.0,13535074.0,2.28,0.003211,0.006326,1.36,129.0632,128.5896,6.5519,10.1903,9.759,0.0,,1006671464.0,1006670564.0,511029786.0,4207886720.0,4207882958.0,环境保护,环保,环境治理,综合环境治理,4.59,3.75,0.0
2018-05-04,9.53,9.8,9.48,9.6,9.53,0.0700000000000002,0.73,2446202.0,10342116.0,2.28,0.00243,0.004787,1.04,129.9895,129.5125,6.5989,10.2635,9.829,0.0,,1006671464.0,1006670564.0,511029786.0,4238086863.0,4238083074.0,环境保护,环保,环境治理,综合环境治理,4.6,3.76,0.0
2018-05-07,9.62,9.76,9.62,9.74,9.6,0.1400000000000005,1.46,2599437.0,11062938.0,2.28,0.0025819999999999,0.005087,1.12,131.842,131.3583,6.6929,10.4097,9.9691,0.0,,1006671464.0,1006670564.0,511029786.0,4298487151.0,4298483308.0,环境保护,环保,环境治理,综合环境治理,4.63,3.79,0.0
2018-05-08,10.24,10.72,10.05,10.15,9.74,0.4100000000000001,4.21,10344446.0,46807288.0,2.28,0.010276,0.020242,4.35,137.3998,136.8957,6.9751,10.8485,10.3894,0.0,,1006671464.0,1006670564.0,511029786.0,4479688015.0,4479684010.0,环境保护,环保,环境治理,综合环境治理,4.7,3.84,0.0
2018-05-09,9.96,10.17,9.9,10.05,10.15,-0.0999999999999996,-0.99,4929242.0,21669833.0,2.28,0.004897,0.009646,1.22,136.1647,135.6651,6.9124,10.751,10.296,0.0,,1006671464.0,1006670564.0,511029786.0,4439421156.0,4439417187.0,环境保护,环保,环境治理,综合环境治理,4.9,4.01,0.0
2018-05-10,10.05,10.15,9.58,9.94,10.05,-0.1100000000000012,-1.09,2613402.0,11419267.0,2.28,0.002596,0.005114,0.55,134.6209,134.127,6.834,10.6291,10.1792,0.0,,1006671464.0,1006670564.0,511029786.0,4389087583.0,4389083659.0,环境保护,环保,环境治理,综合环境治理,4.85,3.97,0.0
2018-05-11,9.9,10.03,9.87,9.92,9.94,-0.0199999999999995,-0.2,1924100.0,8374746.999999999,2.28,0.001911,0.003765,0.42,134.3121,133.8194,6.8183,10.6048,10.1559,0.0,,1006671464.0,1006670564.0,511029786.0,4379020868.0,4379016953.0,环境保护,环保,环境治理,综合环境治理,4.8,3.92,0.0
2018-05-14,9.87,9.96,9.74,9.85,9.92,-0.0700000000000002,-0.71,2268102.0,9776426.0,2.28,0.002253,0.004438,0.51,133.3859,132.8965,6.7713,10.5316,10.0859,0.0,,1006671464.0,1006670564.0,511029786.0,4348820724.0,4348816836.0,环境保护,环保,环境治理,综合环境治理,4.79,3.92,0.0
2018-05-15,9.85,9.92,9.76,9.92,9.85,0.0700000000000002,0.71,1136000.0,4901682.0,2.28,0.0011279999999999,0.002223,0.26,134.3121,133.8194,6.8183,10.6048,10.1559,0.0,,1006671464.0,1006670564.0,511029786.0,4379020868.0,4379016953.0,环境保护,环保,环境治理,综合环境治理,4.75,3.89,0.0
2018-05-16,9.9,9.92,9.78,9.85,9.92,-0.0700000000000002,-0.71,1395000.0,6022462.0,2.28,0.001386,0.00273,0.54,133.3859,132.8965,6.7713,10.5316,10.0859,0.0,,1006671464.0,1006670564.0,511029786.0,4348820724.0,4348816836.0,环境保护,环保,环境治理,综合环境治理,4.79,3.92,0.0
2018-05-17,9.83,9.87,9.71,9.74,9.85,-0.1099999999999994,-1.12,1437400.0,6156255.0,2.28,0.001428,0.002813,0.77,131.842,131.3583,6.6929,10.4097,9.9691,0.0,,1006671464.0,1006670564.0,511029786.0,4298487151.0,4298483308.0,环境保护,环保,环境治理,综合环境治理,4.75,3.89,0.0
2018-05-18,9.78,9.8,9.64,9.71,9.74,-0.0299999999999993,-0.31,2805300.0,11924545.0,2.28,0.002787,0.00549,1.72,131.5333,131.0507,6.6773,10.3854,9.9458,0.0,,1006671464.0,1006670564.0,511029786.0,4288420437.0,4288416603.0,环境保护,环保,环境治理,综合环境治理,4.7,3.84,0.0
2018-05-21,9.76,10.01,9.74,9.94,9.71,0.2299999999999986,2.37,4163254.0,18106204.0,2.28,0.004136,0.008147,2.3,134.6209,134.127,6.834,10.6291,10.1792,0.0,,1006671464.0,1006670564.0,511029786.0,4389087583.0,4389083659.0,环境保护,环保,环境治理,综合环境治理,4.69,3.83,0.0
2018-05-22,9.96,10.12,9.87,10.1,9.94,0.1600000000000001,1.61,3409306.0,14951144.0,2.28,0.003387,0.006671,1.56,136.7823,136.2804,6.9437,10.7998,10.3427,0.0,,1006671464.0,1006670564.0,511029786.0,4459554586.0,4459550599.0,环境保护,环保,环境治理,综合环境治理,4.8,3.92,0.0
2018-05-23,10.03,10.17,9.96,10.01,10.1,-0.0899999999999998,-0.89,2807472.0,12407331.0,2.28,0.002789,0.005494,1.06,135.5472,135.0499,6.881,10.7023,10.2493,0.0,,1006671464.0,1006670564.0,511029786.0,4419287727.0,4419283776.0,环境保护,环保,环境治理,综合环境治理,4.87,3.99,0.0
2018-05-24,9.96,10.15,9.96,10.1,10.01,0.0899999999999998,0.9,2258847.0,10005053.0,2.28,0.002244,0.00442,0.77,136.7823,136.2804,6.9437,10.7998,10.3427,0.0,,1006671464.0,1006670564.0,511029786.0,4459554586.0,4459550599.0,环境保护,环保,环境治理,综合环境治理,4.83,3.95,0.0
2018-05-25,10.12,10.15,9.96,9.99,10.1,-0.1099999999999994,-1.09,2021277.0,8881693.0,2.28,0.002008,0.003955,0.65,135.2384,134.7423,6.8654,10.6779,10.2259,0.0,,1006671464.0,1006670564.0,511029786.0,4409221012.0,4409217070.0,环境保护,环保,环境治理,综合环境治理,4.87,3.99,0.0
2018-05-28,9.96,10.08,9.92,10.03,9.99,0.0399999999999991,0.4,1816120.0,7967732.0,2.28,0.001804,0.003554,0.62,135.856,135.3575,6.8967,10.7267,10.2726,0.0,,1006671464.0,1006670564.0,511029786.0,4429354442.0,4429350482.0,环境保护,环保,环境治理,综合环境治理,4.82,3.94,0.0
2018-05-29,10.03,10.05,9.9,9.9,10.03,-0.129999999999999,-1.3,1786200.0,7787687.0,2.28,0.001774,0.003495,0.73,134.0034,133.5117,6.8027,10.5804,10.1326,0.0,,1006671464.0,1006670564.0,511029786.0,4368954154.0,4368950248.0,环境保护,环保,环境治理,综合环境治理,4.84,3.96,0.0
2018-05-30,9.85,9.85,9.46,9.48,9.9,-0.4199999999999999,-4.24,2490900.0,10491672.0,2.28,0.002474,0.004874,1.17,128.4456,127.9744,6.5205,10.1416,9.7123,0.0,,1006671464.0,1006670564.0,511029786.0,4187753290.000001,4187749546.0,环境保护,环保,环境治理,综合环境治理,4.77,3.91,0.0
2018-05-31,9.51,9.69,9.51,9.67,9.48,0.1899999999999995,2.0,1207900.0,5101809.0,2.28,0.0012,0.0023639999999999,0.58,130.9157,130.4354,6.6459,10.3366,9.8991,0.0,,1006671464.0,1006670564.0,511029786.0,4268287007.0,4268283191.0,环境保护,环保,环境治理,综合环境治理,4.58,3.74,0.0
2018-06-01,9.67,9.67,9.44,9.53,9.67,-0.1400000000000005,-1.45,1473200.0,6170804.0,2.28,0.001463,0.002883,0.79,129.0632,128.5896,6.5519,10.1903,9.759,0.0,,1006671464.0,1006670564.0,511029786.0,4207886720.0,4207882958.0,环境保护,环保,环境治理,综合环境治理,4.66,3.82,0.0
2018-06-04,9.53,9.58,9.39,9.46,9.53,-0.0699999999999985,-0.73,1556202.0,6459558.0,2.28,0.0015459999999999,0.003045,0.89,128.1369,127.6667,6.5048,10.1172,9.689,0.0,,1006671464.0,1006670564.0,511029786.0,4177686576.0,4177682841.0,环境保护,环保,环境治理,综合环境治理,4.6,3.76,0.0
2018-06-05,9.37,9.53,9.37,9.53,9.46,0.0699999999999985,0.74,1610100.0,6683340.0,2.28,0.001599,0.0031509999999999,0.95,129.0632,128.5896,6.5519,10.1903,9.759,0.0,,1006671464.0,1006670564.0,511029786.0,4207886720.0,4207882958.0,环境保护,环保,环境治理,综合环境治理,4.57,3.74,0.0
2018-06-06,9.48,9.55,8.66,9.23,9.53,-0.2999999999999989,-3.15,4657728.0,18976301.0,2.28,0.004627,0.009114,2.79,125.0492,124.5904,6.3481,9.8734,9.4555,0.0,,1006671464.0,1006670564.0,511029786.0,4077019429.0,4077015784.0,环境保护,环保,环境治理,综合环境治理,4.6,3.76,0.0
2018-06-07,9.23,9.23,8.87,8.96,9.23,-0.2699999999999996,-2.93,4031900.0,15957849.0,2.28,0.004005,0.00789,1.92,121.3441,120.8989,6.16,9.5809,9.1753,0.0,,1006671464.0,1006670564.0,511029786.0,3956218854.000001,3956215317.0,环境保护,环保,环境治理,综合环境治理,4.46,3.65,0.0
2018-06-08,8.96,9.55,8.69,9.44,8.96,0.4799999999999986,5.36,6514429.0,25948579.0,2.28,0.006471,0.0127479999999999,2.44,127.8281,127.3591,6.4892,10.0928,9.6656,0.0,,1006671464.0,1006670564.0,511029786.0,4167619861.0,4167616135.0,环境保护,环保,环境治理,综合环境治理,4.32,3.54,0.0
2018-06-11,9.37,9.46,9.14,9.35,9.44,-0.0899999999999998,-0.95,2947311.0,12019572.0,2.28,0.002928,0.0057669999999999,0.8,126.5931,126.1286,6.4265,9.9953,9.5722,0.0,,1006671464.0,1006670564.0,511029786.0,4127353002.0,4127349312.0,环境保护,环保,环境治理,综合环境治理,4.55,3.73,0.0
2018-06-12,9.35,9.35,9.19,9.23,9.35,-0.1199999999999992,-1.28,1907716.0,7739494.0,2.28,0.001895,0.003733,0.48,125.0492,124.5904,6.3481,9.8734,9.4555,0.0,,1006671464.0,1006670564.0,511029786.0,4077019429.0,4077015784.0,环境保护,环保,环境治理,综合环境治理,4.51,3.69,0.0
2018-06-13,9.23,9.23,8.98,9.05,9.23,-0.1799999999999997,-1.95,2386730.0,9513286.0,2.28,0.002371,0.00467,0.59,122.5791,122.1294,6.2227,9.6784,9.2687,0.0,,1006671464.0,1006670564.0,511029786.0,3996485712.0,3996482139.0,环境保护,环保,环境治理,综合环境治理,4.46,3.65,0.0
2018-06-14,9.05,9.39,9.01,9.12,9.05,0.0699999999999985,0.77,1623900.0,6545172.0,2.28,0.001613,0.003178,0.46,123.5054,123.0523,6.2697,9.7515,9.3388,0.0,,1006671464.0,1006670564.0,511029786.0,4026685856.0,4026682256.0,环境保护,环保,环境治理,综合环境治理,4.37,3.57,0.0
2018-06-15,9.1,9.23,8.91,8.94,9.12,-0.1799999999999997,-1.97,1743300.0,6895634.0,2.28,0.001732,0.003411,0.57,121.0353,120.5912,6.1443,9.5565,9.152,0.0,,1006671464.0,1006670564.0,511029786.0,3946152139.0,3946148611.0,环境保护,环保,环境治理,综合环境治理,4.4,3.6,0.0
2018-06-19,8.89,8.89,8.05,8.05,8.94,-0.8899999999999988,-9.96,5669678.0,20628925.0,2.28,0.005632,0.0110949999999999,2.67,108.9935,108.5936,5.533,8.6057,8.2415,0.0,,1006671464.0,1006670564.0,511029786.0,3553550268.0,3553547091.0,环境保护,环保,环境治理,综合环境治理,4.31,3.53,0.0
2018-06-20,7.34,7.82,7.25,7.41,8.05,-0.6400000000000006,-7.95,17641098.0,56646313.0,2.28,0.0175239999999999,0.034521,6.62,100.3482,99.98,5.0942,7.9231,7.5877,0.0,,1006671464.0,1006670564.0,511029786.0,3271682258.0,3271679332.9999995,环境保护,环保,环境治理,综合环境治理,3.88,3.18,0.0
2018-06-21,7.3,7.3,6.68,6.73,7.41,-0.6799999999999997,-9.18,10122287.0,30756114.0,2.28,0.010055,0.019808,1.74,91.0852,90.7511,4.6239,7.1917,6.8873,0.0,,1006671464.0,1006670564.0,511029786.0,2969680819.0,2969678164.0,环境保护,环保,环境治理,综合环境治理,3.58,2.93,0.0
2018-06-22,6.77,6.95,6.54,6.91,6.73,0.1799999999999997,2.67,4176700.0,12496702.0,2.28,0.004149,0.008173,0.57,93.5554,93.2121,4.7493,7.3868,7.0741,0.0,,1006671464.0,1006670564.0,511029786.0,3050214536.0,3050211809.0,环境保护,环保,环境治理,综合环境治理,3.25,2.66,0.0
2018-06-25,6.89,7.05,6.82,6.84,6.91,-0.0700000000000002,-1.01,2416390.0,7334630.0,2.28,0.0024,0.0047279999999999,0.31,92.6291,92.2892,4.7023,7.3136,7.0041,0.0,,1006671464.0,1006670564.0,511029786.0,3020014392.0,3020011692.0,环境保护,环保,环境治理,综合环境治理,3.33,2.73,0.0
2018-06-26,6.61,6.91,6.59,6.84,6.84,0.0,0.0,3056600.0,9064610.0,2.28,0.0030359999999999,0.0059809999999999,0.38,92.6291,92.2892,4.7023,7.3136,7.0041,0.0,,1006671464.0,1006670564.0,511029786.0,3020014392.0,3020011692.0,环境保护,环保,环境治理,综合环境治理,3.3,2.7,0.0
2018-06-27,6.82,6.91,6.77,6.77,6.84,-0.0700000000000002,-1.02,2082600.0,6229013.0,2.28,0.002069,0.004075,0.28,91.7028,91.3663,4.6553,7.2405,6.934,0.0,,1006671464.0,1006670564.0,511029786.0,2989814248.0,2989811574.9999995,环境保护,环保,环境治理,综合环境治理,3.3,2.7,0.0
2018-06-28,6.77,6.98,6.73,6.75,6.77,-0.0199999999999995,-0.3,2459100.0,7377655.0,2.28,0.002443,0.004812,0.56,91.394,91.0587,4.6396,7.2161,6.9107,0.0,,1006671464.0,1006670564.0,511029786.0,2979747533.0,2979744869.0,环境保护,环保,环境治理,综合环境治理,3.27,2.67,0.0
2018-06-29,6.77,6.98,6.75,6.93,6.75,0.1799999999999997,2.67,2664900.0,8028655.0,2.28,0.002647,0.005215,0.94,93.8641,93.5197,4.765,7.4111,7.0975,0.0,,1006671464.0,1006670564.0,511029786.0,3060281251.0,3060278515.0,环境保护,环保,环境治理,综合环境治理,3.26,2.66,0.0
2018-07-02,6.95,6.95,6.79,6.82,6.93,-0.1099999999999994,-1.59,2576200.0,7762701.0,2.28,0.002559,0.005041,1.02,92.3203,91.9816,4.6866,7.2892,6.9807,0.0,,1006671464.0,1006670564.0,511029786.0,3009947677.0000005,3009944986.0,环境保护,环保,环境治理,综合环境治理,3.34,2.74,0.0
2018-07-03,6.84,6.93,6.75,6.86,6.82,0.04,0.59,2715295.0,8149679.0,2.28,0.0026969999999999,0.005313,1.06,92.9378,92.5968,4.718,7.338,7.0274,0.0,,1006671464.0,1006670564.0,511029786.0,3030081107.0,3030078398.0,环境保护,环保,环境治理,综合环境治理,3.29,2.69,0.0
2018-07-04,6.89,6.89,6.73,6.79,6.86,-0.0700000000000002,-1.02,2301519.0,6867612.0,2.28,0.002286,0.004504,0.92,92.0115,91.674,4.671,7.2649,6.9574,0.0,,1006671464.0,1006670564.0,511029786.0,2999880962.9999995,2999878281.0,环境保护,环保,环境治理,综合环境治理,3.31,2.71,0.0
2018-07-05,6.82,6.86,6.38,6.38,6.79,-0.4100000000000001,-6.04,3819500.0,11024357.0,2.28,0.003794,0.007474,1.5,86.4538,86.1366,4.3888,6.8261,6.5371,0.0,,1006671464.0,1006670564.0,511029786.0,2818680099.0,2818677579.0000005,环境保护,环保,环境治理,综合环境治理,3.28,2.68,0.0
2018-07-06,6.38,6.52,6.27,6.43,6.38,0.0499999999999998,0.78,3252271.0,9142283.0,2.28,0.003231,0.006364,1.16,87.0713,86.7519,4.4202,6.8748,6.5838,0.0,,1006671464.0,1006670564.0,511029786.0,2838813528.0,2838810990.0,环境保护,环保,环境治理,综合环境治理,3.08,2.52,0.0
2018-07-09,6.5,6.73,6.45,6.68,6.43,0.25,3.89,2790821.0,8060223.0,2.28,0.002772,0.005461,0.95,90.4677,90.1358,4.5926,7.143,6.8406,0.0,,1006671464.0,1006670564.0,511029786.0,2949547390.0,2949544753.0,环境保护,环保,环境治理,综合环境治理,3.1,2.54,0.0
2018-07-10,6.73,6.77,6.61,6.68,6.68,0.0,0.0,1891600.0,5539990.0,2.28,0.001879,0.0037019999999999,0.64,90.4677,90.1358,4.5926,7.143,6.8406,0.0,,1006671464.0,1006670564.0,511029786.0,2949547390.0,2949544753.0,环境保护,环保,环境治理,综合环境治理,3.22,2.64,0.0
2018-07-11,6.68,6.68,6.32,6.41,6.68,-0.2699999999999996,-4.04,2924500.0,8309514.999999999,2.28,0.0029049999999999,0.005723,1.04,86.7626,86.4442,4.4045,6.8504,6.5605,0.0,,1006671464.0,1006670564.0,511029786.0,2828746814.0,2828744285.0,环境保护,环保,环境治理,综合环境治理,3.22,2.64,0.0
2018-07-12,6.41,6.63,6.41,6.59,6.41,0.1799999999999997,2.81,2423335.0,6982029.0,2.28,0.002407,0.004742,0.83,89.2327,88.9053,4.5299,7.0455,6.7473,0.0,,1006671464.0,1006670564.0,511029786.0,2909280531.0,2909277930.0,环境保护,环保,环境治理,综合环境治理,3.09,2.53,0.0
2018-07-13,6.73,6.73,6.59,6.59,6.59,0.0,0.0,1394200.0,4060687.0,2.28,0.001385,0.002728,0.52,89.2327,88.9053,4.5299,7.0455,6.7473,0.0,,1006671464.0,1006670564.0,511029786.0,2909280531.0,2909277930.0,环境保护,环保,环境治理,综合环境治理,3.18,2.6,0.0
2018-07-16,6.61,6.63,6.5,6.5,6.59,-0.0899999999999998,-1.37,1579800.0,4545007.0,2.28,0.001569,0.003091,0.69,87.9976,87.6748,4.4672,6.9479,6.6539,0.0,,1006671464.0,1006670564.0,511029786.0,2869013672.0,2869011107.0,环境保护,环保,环境治理,综合环境治理,3.18,2.6,0.0
2018-07-17,6.57,6.79,6.54,6.73,6.5,0.2300000000000004,3.54,5036904.0,14722407.0,2.28,0.005004,0.009856,2.47,91.0852,90.7511,4.6239,7.1917,6.8873,0.0,,1006671464.0,1006670564.0,511029786.0,2969680819.0,2969678164.0,环境保护,环保,环境治理,综合环境治理,3.14,2.57,0.0
2018-07-18,6.86,7.02,6.7,6.86,6.73,0.1299999999999999,1.93,4614827.0,13973811.0,2.28,0.0045839999999999,0.00903,1.73,92.9378,92.5968,4.718,7.338,7.0274,0.0,,1006671464.0,1006670564.0,511029786.0,3030081107.0,3030078398.0,环境保护,环保,环境治理,综合环境治理,3.25,2.66,0.0
2018-07-19,6.79,6.84,6.68,6.73,6.86,-0.1299999999999999,-1.9,1895049.0,5624451.0,2.28,0.001882,0.003708,0.63,91.0852,90.7511,4.6239,7.1917,6.8873,0.0,,1006671464.0,1006670564.0,511029786.0,2969680819.0,2969678164.0,环境保护,环保,环境治理,综合环境治理,3.31,2.71,0.0
2018-07-20,6.7,6.73,6.52,6.66,6.73,-0.0700000000000002,-1.04,3161326.0,9211345.0,2.28,0.00314,0.006186,1.09,90.159,89.8282,4.5769,7.1186,6.8173,0.0,,1006671464.0,1006670564.0,511029786.0,2939480675.0,2939478047.0,环境保护,环保,环境治理,综合环境治理,3.25,2.66,0.0
2018-07-23,6.66,7.23,6.61,6.95,6.66,0.29,4.35,5133192.0,15581357.0,2.28,0.005099,0.010045,1.58,94.1729,93.8274,4.7807,7.4355,7.1208,0.0,,1006671464.0,1006670564.0,511029786.0,3070347965.0,3070345220.0,环境保护,环保,环境治理,综合环境治理,3.21,2.63,0.0
2018-07-24,6.84,7.39,6.84,7.18,6.95,0.2299999999999995,3.31,6693663.0,20962666.0,2.28,0.006649,0.013098,1.69,97.2605,96.9037,4.9374,7.6793,7.3543,0.0,,1006671464.0,1006670564.0,511029786.0,3171015112.0,3171012277.0,环境保护,环保,环境治理,综合环境治理,3.36,2.75,0.0
2018-07-25,7.23,7.23,7.07,7.07,7.18,-0.1099999999999994,-1.53,3617166.000000001,11326303.0,2.28,0.003593,0.007078,0.84,95.7167,95.3655,4.859,7.5574,7.2375,0.0,,1006671464.0,1006670564.0,511029786.0,3120681537.9999995,3120678748.0,环境保护,环保,环境治理,综合环境治理,3.47,2.84,0.0
2018-07-26,7.14,7.62,7.05,7.34,7.07,0.2699999999999996,3.82,10182775.0,33001814.0,2.28,0.010115,0.019926,2.48,99.4219,99.0571,5.0471,7.85,7.5177,0.0,,1006671464.0,1006670564.0,511029786.0,3241482113.9999995,3241479216.0,环境保护,环保,环境治理,综合环境治理,3.41,2.79,0.0
2018-07-27,7.34,7.87,7.25,7.71,7.34,0.3700000000000001,5.04,12609373.0,42541480.0,2.28,0.0125259999999999,0.024674,2.19,104.3621,103.9792,5.2979,8.24,7.8913,0.0,,1006671464.0,1006670564.0,511029786.0,3402549548.0,3402546506.0,环境保护,环保,环境治理,综合环境治理,3.54,2.9,0.0
2018-07-30,7.48,7.57,7.09,7.16,7.71,-0.5499999999999998,-7.13,9136748.0,29355583.0,2.28,0.0090759999999999,0.017879,1.19,96.9518,96.596,4.9217,7.6549,7.3309,0.0,,1006671464.0,1006670564.0,511029786.0,3160948397.0,3160945571.0,环境保护,环保,环境治理,综合环境治理,3.72,3.04,0.0
2018-07-31,7.14,7.39,7.09,7.27,7.16,0.1099999999999994,1.54,3523900.0,11176727.0,2.28,0.003501,0.006896,0.42,98.4956,98.1342,5.0001,7.7768,7.4477,0.0,,1006671464.0,1006670564.0,511029786.0,3211281970.0,3211279099.0000005,环境保护,环保,环境治理,综合环境治理,3.45,2.83,0.0
2018-08-01,7.3,7.39,7.05,7.07,7.27,-0.1999999999999993,-2.75,3141300.0,9963046.0,2.28,0.00312,0.006147,0.4,95.7167,95.3655,4.859,7.5574,7.2375,0.0,,1006671464.0,1006670564.0,511029786.0,3120681537.9999995,3120678748.0,环境保护,环保,环境治理,综合环境治理,3.51,2.87,0.0
2018-08-02,7.09,7.25,6.79,7.07,7.07,0.0,0.0,3873299.0,11865821.0,2.28,0.003848,0.007579,0.5,95.7167,95.3655,4.859,7.5574,7.2375,0.0,,1006671464.0,1006670564.0,511029786.0,3120681537.9999995,3120678748.0,环境保护,环保,环境治理,综合环境治理,3.41,2.79,0.0
2018-08-03,7.09,7.09,6.93,6.98,7.07,-0.0899999999999998,-1.27,3031245.0,9280154.0,2.28,0.003011,0.005932,0.47,94.4816,94.135,4.7963,7.4599,7.1442,0.0,,1006671464.0,1006670564.0,511029786.0,3080414680.0,3080411926.0,环境保护,环保,环境治理,综合环境治理,3.41,2.79,0.0
2018-08-06,6.98,7.68,6.98,7.68,6.98,0.6999999999999993,10.03,19080113.0,64034175.0,2.28,0.018954,0.0373369999999999,4.2,104.0533,103.6716,5.2822,8.2156,7.8679,0.0,,1006671464.0,1006670564.0,511029786.0,3392482834.0,3392479801.0,环境保护,环保,环境治理,综合环境治理,3.37,2.75,0.0
2018-08-07,7.75,8.14,7.39,7.93,7.68,0.25,3.26,27656470.0,94229784.0,2.28,0.027473,0.054119,4.24,107.4497,107.0555,5.4547,8.4838,8.1247,0.0,,1006671464.0,1006670564.0,511029786.0,3503216695.0,3503213563.0,环境保护,环保,环境治理,综合环境治理,3.71,3.03,0.0
2018-08-08,7.68,7.77,7.48,7.48,7.93,-0.4499999999999993,-5.67,14379510.0,47937932.0,2.28,0.0142839999999999,0.028138,1.27,101.2744,100.9029,5.1412,7.9962,7.6578,0.0,,1006671464.0,1006670564.0,511029786.0,3301882402.0,3301879450.0,环境保护,环保,环境治理,综合环境治理,3.83,3.13,0.0
2018-08-09,7.43,7.57,7.32,7.5,7.48,0.0199999999999995,0.27,9310386.0,30494613.0,2.28,0.009249,0.018219,0.68,101.5832,101.2105,5.1569,8.0206,7.6811,0.0,,1006671464.0,1006670564.0,511029786.0,3311949117.0,3311946156.0,环境保护,环保,环境治理,综合环境治理,3.61,2.95,0.0
2018-08-10,7.43,7.57,7.39,7.43,7.5,-0.0700000000000002,-0.93,6104402.0,20003206.0,2.28,0.006064,0.0119449999999999,0.42,100.6569,100.2876,5.1098,7.9475,7.6111,0.0,,1006671464.0,1006670564.0,511029786.0,3281748973.0,3281746039.0,环境保护,环保,环境治理,综合环境治理,3.62,2.96,0.0
2018-08-13,7.32,7.52,7.2,7.48,7.43,0.0500000000000007,0.67,5369414.0,17271014.0,2.28,0.005334,0.0105069999999999,0.35,101.2744,100.9029,5.1412,7.9962,7.6578,0.0,,1006671464.0,1006670564.0,511029786.0,3301882402.0,3301879450.0,环境保护,环保,环境治理,综合环境治理,3.59,2.93,0.0
2018-08-14,7.46,7.46,7.36,7.43,7.48,-0.0500000000000007,-0.67,3250157.0,10557539.0,2.28,0.003229,0.00636,0.26,100.6569,100.2876,5.1098,7.9475,7.6111,0.0,,1006671464.0,1006670564.0,511029786.0,3281748973.0,3281746039.0,环境保护,环保,环境治理,综合环境治理,3.61,2.95,0.0
2018-08-15,7.43,7.43,7.18,7.18,7.43,-0.25,-3.36,4955668.0,15773713.0,2.28,0.004923,0.009697,0.65,97.2605,96.9037,4.9374,7.6793,7.3543,0.0,,1006671464.0,1006670564.0,511029786.0,3171015112.0,3171012277.0,环境保护,环保,环境治理,综合环境治理,3.59,2.93,0.0
2018-08-16,7.2,7.2,6.84,7.0,7.18,-0.1799999999999997,-2.51,4181400.0,12901628.0,2.2795,0.004154,0.008182,0.72,94.7904,94.4426,4.812,7.4843,7.1675,0.0,,1006671464.0,1006670564.0,511029786.0,3090481394.0,3090478631.0,环境保护,环保,环境治理,综合环境治理,3.47,2.84,0.0
2018-08-17,7.04,7.09,6.68,6.72,7.0,-0.2800000000000002,-4.0,5837824.0,17635276.0,2.2795,0.0057989999999999,0.011424,1.22,91.0852,90.7511,4.6239,7.1917,6.8873,0.0,,1006671464.0,1006670564.0,511029786.0,2969680819.0,2969678164.0,环境保护,环保,环境治理,综合环境治理,3.38,2.76,0.0
2018-08-20,6.68,6.82,6.45,6.66,6.72,-0.0599999999999996,-0.89,4073718.0,11833192.0,2.2795,0.004047,0.007972,0.86,90.159,89.8282,4.5769,7.1186,6.8173,0.0,,1006671464.0,1006670564.0,511029786.0,2939480675.0,2939478047.0,环境保护,环保,环境治理,综合环境治理,3.25,2.66,0.0
2018-08-21,6.68,6.84,6.63,6.79,6.66,0.1299999999999999,1.95,3224300.0,9566858.0,2.2795,0.0032029999999999,0.006309,0.72,92.0115,91.674,4.671,7.2649,6.9574,0.0,,1006671464.0,1006670564.0,511029786.0,2999880962.9999995,2999878281.0,环境保护,环保,环境治理,综合环境治理,3.21,2.63,0.0
2018-08-22,6.84,6.86,6.68,6.7,6.79,-0.0899999999999998,-1.33,1734100.0,5116914.0,2.2795,0.001723,0.0033929999999999,0.39,90.7765,90.4434,4.6083,7.1674,6.864,0.0,,1006671464.0,1006670564.0,511029786.0,2959614104.0,2959611458.0,环境保护,环保,环境治理,综合环境治理,3.28,2.68,0.0
2018-08-23,6.68,6.77,6.66,6.7,6.7,0.0,0.0,1706500.0,5014583.0,2.2795,0.001695,0.003339,0.45,90.7765,90.4434,4.6083,7.1674,6.864,0.0,,1006671464.0,1006670564.0,511029786.0,2959614104.0,2959611458.0,环境保护,环保,环境治理,综合环境治理,3.23,2.65,0.0
2018-08-24,6.7,6.79,6.61,6.75,6.7,0.0499999999999998,0.75,1664208.0000000002,4918780.0,2.2795,0.001653,0.003257,0.5,91.394,91.0587,4.6396,7.2161,6.9107,0.0,,1006671464.0,1006670564.0,511029786.0,2979747533.0,2979744869.0,环境保护,环保,环境治理,综合环境治理,3.23,2.65,0.0
2018-08-27,6.75,6.84,6.7,6.79,6.75,0.04,0.59,2812721.0,8385346.0,2.2795,0.0027939999999999,0.005504,1.13,92.0115,91.674,4.671,7.2649,6.9574,0.0,,1006671464.0,1006670564.0,511029786.0,2999880962.9999995,2999878281.0,环境保护,环保,环境治理,综合环境治理,3.26,2.66,0.0
2018-08-28,6.77,6.89,6.7,6.86,6.79,0.0700000000000002,1.03,2268050.0,6779865.0,2.28,0.002253,0.004442,1.02,92.9378,164.6797,4.8438,7.338,7.453,0.0,,1006671464.0,1006671464.0,510600686.0,3030081107.0,3030081107.0,环境保护,环保,环境治理,综合环境治理,3.28,2.68,0.0
2018-08-29,6.84,6.84,6.75,6.77,6.86,-0.0900000000000007,-1.31,1538908.0,4583979.0,2.28,0.001529,0.003014,0.76,91.7028,162.4913,4.7794,7.2405,7.3539,0.0,,1006671464.0,1006671464.0,510600686.0,2989814248.0,2989814248.0,环境保护,环保,环境治理,综合环境治理,3.31,2.71,0.0
2018-08-30,6.73,6.77,6.59,6.61,6.77,-0.1599999999999992,-2.36,2296032.0,6705762.0,2.28,0.002281,0.004497,1.15,89.5414,158.6615,4.6668,7.0698,7.1806,0.0,,1006671464.0,1006671464.0,510600686.0,2919347246.0,2919347246.0,环境保护,环保,环境治理,综合环境治理,3.27,2.67,0.0
2018-08-31,6.61,6.63,6.5,6.5,6.61,-0.1100000000000003,-1.66,2499500.0,7167712.0,2.28,0.002483,0.004895,1.18,87.9976,155.926,4.5863,6.9479,7.0568,0.0,,1006671464.0,1006671464.0,510600686.0,2869013672.0,2869013672.0,环境保护,环保,环境治理,综合环境治理,3.19,2.61,0.0
2018-09-03,6.48,6.68,6.48,6.63,6.5,0.1299999999999999,2.0,2222800.0,6415252.0,2.28,0.002208,0.004353,0.97,89.8502,159.2086,4.6829,7.0942,7.2054,0.0,,1006671464.0,1006671464.0,510600686.0,2929413960.0,2929413960.0,环境保护,环保,环境治理,综合环境治理,3.14,2.57,0.0
2018-09-04,6.61,6.73,6.61,6.7,6.63,0.0700000000000002,1.06,1765500.0,5180216.0,2.28,0.001754,0.003458,0.82,90.7765,160.8499,4.7312,7.1674,7.2796,0.0,,1006671464.0,1006671464.0,510600686.0,2959614104.0,2959614104.0,环境保护,环保,环境治理,综合环境治理,3.2,2.62,0.0
2018-09-05,6.66,6.79,6.63,6.66,6.7,-0.04,-0.6,2682600.0,7871727.0,2.28,0.002665,0.005254,1.3,90.159,159.7557,4.699,7.1186,7.2301,0.0,,1006671464.0,1006671464.0,510600686.0,2939480675.0,2939480675.0,环境保护,环保,环境治理,综合环境治理,3.23,2.65,0.0
2018-09-06,6.63,6.73,6.57,6.63,6.66,-0.0300000000000002,-0.45,1669300.0,4871339.0,2.28,0.001658,0.003269,0.73,89.8502,159.2086,4.6829,7.0942,7.2054,0.0,,1006671464.0,1006671464.0,510600686.0,2929413960.0,2929413960.0,环境保护,环保,环境治理,综合环境治理,3.21,2.63,0.0
2018-09-07,6.63,6.73,6.59,6.61,6.63,-0.0199999999999995,-0.3,2298000.0,6701460.0,2.28,0.002283,0.004501,1.06,89.5414,158.6615,4.6668,7.0698,7.1806,0.0,,1006671464.0,1006671464.0,510600686.0,2919347246.0,2919347246.0,环境保护,环保,环境治理,综合环境治理,3.2,2.62,0.0
2018-09-10,6.66,6.66,6.52,6.52,6.61,-0.0900000000000007,-1.36,1702700.0,4898541.0,2.28,0.001691,0.003335,0.8,88.3064,156.4731,4.6024,6.9723,7.0816,0.0,,1006671464.0,1006671464.0,510600686.0,2879080386.9999995,2879080386.9999995,环境保护,环保,环境治理,综合环境治理,3.19,2.61,0.0
2018-09-11,6.52,6.57,6.41,6.48,6.52,-0.0399999999999991,-0.61,1925754.0,5466625.0,2.28,0.001913,0.0037719999999999,0.95,87.6888,155.3788,4.5702,6.9236,7.032,0.0,,1006671464.0,1006671464.0,510600686.0,2858946958.0,2858946958.0,环境保护,环保,环境治理,综合环境治理,3.15,2.57,0.0
2018-09-12,6.43,6.57,6.43,6.52,6.48,0.0399999999999991,0.62,1852600.0,5282656.0,2.28,0.00184,0.003628,0.9,88.3064,156.4731,4.6024,6.9723,7.0816,0.0,,1006671464.0,1006671464.0,510600686.0,2879080386.9999995,2879080386.9999995,环境保护,环保,环境治理,综合环境治理,3.12,2.56,0.0
2018-09-13,6.57,6.59,6.5,6.52,6.52,0.0,0.0,1443632.0,4134675.0,2.28,0.001434,0.002827,0.76,88.3064,156.4731,4.6024,6.9723,7.0816,0.0,,1006671464.0,1006671464.0,510600686.0,2879080386.9999995,2879080386.9999995,环境保护,环保,环境治理,综合环境治理,3.15,2.57,0.0
2018-09-14,6.54,6.59,6.48,6.48,6.52,-0.0399999999999991,-0.61,1553111.0,4453192.0,2.28,0.0015429999999999,0.003042,0.84,87.6888,155.3788,4.5702,6.9236,7.032,0.0,,1006671464.0,1006671464.0,510600686.0,2858946958.0,2858946958.0,环境保护,环保,环境治理,综合环境治理,3.15,2.57,0.0
2018-09-17,6.5,6.54,6.38,6.41,6.48,-0.0700000000000002,-1.08,1394953.0,3956048.0,2.28,0.001386,0.002732,0.82,86.7626,153.7375,4.522,6.8504,6.9577,0.0,,1006671464.0,1006671464.0,510600686.0,2828746814.0,2828746814.0,环境保护,环保,环境治理,综合环境治理,3.12,2.56,0.0
2018-09-18,6.41,6.54,6.41,6.52,6.41,0.1099999999999994,1.72,1787866.9999999998,5081266.0,2.28,0.001776,0.003501,1.09,88.3064,156.4731,4.6024,6.9723,7.0816,0.0,,1006671464.0,1006671464.0,510600686.0,2879080386.9999995,2879080386.9999995,环境保护,环保,环境治理,综合环境治理,3.09,2.53,0.0
2018-09-19,6.52,6.7,6.5,6.63,6.52,0.1100000000000003,1.69,2465282.0,7131975.0,2.28,0.002449,0.004828,1.53,89.8502,159.2086,4.6829,7.0942,7.2054,0.0,,1006671464.0,1006671464.0,510600686.0,2929413960.0,2929413960.0,环境保护,环保,环境治理,综合环境治理,3.15,2.57,0.0
2018-09-20,6.7,6.84,6.63,6.73,6.63,0.1000000000000005,1.51,4567596.0,13557874.0,2.28,0.004537,0.0089459999999999,2.64,91.0852,161.397,4.7472,7.1917,7.3044,0.0,,1006671464.0,1006671464.0,510600686.0,2969680819.0,2969680819.0,环境保护,环保,环境治理,综合环境治理,3.2,2.62,0.0
2018-09-21,6.66,6.79,6.61,6.75,6.73,0.0199999999999995,0.3,2649409.0,7791856.0,2.28,0.002632,0.005189,1.13,91.394,161.9441,4.7633,7.2161,7.3292,0.0,,1006671464.0,1006671464.0,510600686.0,2979747533.0,2979747533.0,环境保护,环保,环境治理,综合环境治理,3.25,2.66,0.0
2018-09-25,6.77,6.77,6.68,6.7,6.75,-0.0499999999999998,-0.74,1724100.0,5090347.0,2.28,0.001713,0.003377,0.67,90.7765,160.8499,4.7312,7.1674,7.2796,0.0,,1006671464.0,1006671464.0,510600686.0,2959614104.0,2959614104.0,环境保护,环保,环境治理,综合环境治理,3.26,2.66,0.0
2018-09-26,6.77,6.77,6.59,6.59,6.7,-0.1100000000000003,-1.64,3615800.0,10581388.0,2.28,0.003592,0.007081,1.37,89.2327,158.1144,4.6507,7.0455,7.1558,0.0,,1006671464.0,1006671464.0,510600686.0,2909280531.0,2909280531.0,环境保护,环保,环境治理,综合环境治理,3.23,2.65,0.0
2018-09-27,6.68,6.75,6.52,6.52,6.59,-0.0700000000000002,-1.06,3227666.0,9417456.0,2.28,0.003206,0.006321,1.07,88.3064,156.4731,4.6024,6.9723,7.0816,0.0,,1006671464.0,1006671464.0,510600686.0,2879080386.9999995,2879080386.9999995,环境保护,环保,环境治理,综合环境治理,3.18,2.6,0.0
2018-09-28,6.54,6.59,6.38,6.5,6.52,-0.0199999999999995,-0.31,2999927.0,8539122.0,2.28,0.00298,0.005875,0.95,87.9976,155.926,4.5863,6.9479,7.0568,0.0,,1006671464.0,1006671464.0,510600686.0,2869013672.0,2869013672.0,环境保护,环保,环境治理,综合环境治理,3.15,2.57,0.0
2018-10-08,6.43,6.48,6.18,6.18,6.5,-0.3200000000000003,-4.92,3391100.0,9403039.0,2.28,0.0033689999999999,0.006641,1.19,83.6749,148.2664,4.361,6.6066,6.7101,0.0,,1006671464.0,1006671464.0,510600686.0,2728079667.0,2728079667.0,环境保护,环保,环境治理,综合环境治理,3.14,2.57,0.0
2018-10-09,6.22,6.25,6.16,6.2,6.18,0.0200000000000004,0.32,2510144.0,6815364.0,2.28,0.002494,0.004916,0.84,83.9837,148.8135,4.3771,6.631,6.7349,0.0,,1006671464.0,1006671464.0,510600686.0,2738146382.0,2738146382.0,环境保护,环保,环境治理,综合环境治理,2.98,2.44,0.0
2018-10-10,6.16,6.25,6.11,6.2,6.2,0.0,0.0,2915566.0,7910181.0,2.28,0.002896,0.00571,0.93,83.9837,148.8135,4.3771,6.631,6.7349,0.0,,1006671464.0,1006671464.0,510600686.0,2738146382.0,2738146382.0,环境保护,环保,环境治理,综合环境治理,2.99,2.45,0.0
2018-10-11,6.06,6.11,5.59,5.59,6.2,-0.6100000000000003,-9.84,6402353.0,16086010.0,2.28,0.00636,0.012539,2.13,75.6471,134.0416,3.9426,5.9728,6.0664,0.0,,1006671464.0,1006671464.0,510600686.0,2466345087.0,2466345087.0,环境保护,环保,环境治理,综合环境治理,2.99,2.45,0.0
2018-10-12,5.47,5.61,5.06,5.45,5.59,-0.1399999999999996,-2.5,7010066.0,16251178.0,2.28,0.006964,0.013729,1.92,73.7945,130.759,3.8461,5.8265,5.9178,0.0,,1006671464.0,1006671464.0,510600686.0,2405944799.0,2405944799.0,环境保护,环保,环境治理,综合环境治理,2.7,2.21,0.0
2018-10-15,5.47,5.79,5.29,5.45,5.45,0.0,0.0,4784513.0,11675220.0,2.28,0.004753,0.00937,1.08,73.7945,130.759,3.8461,5.8265,5.9178,0.0,,1006671464.0,1006671464.0,510600686.0,2405944799.0,2405944799.0,环境保护,环保,环境治理,综合环境治理,2.63,2.15,0.0
2018-10-16,5.43,5.49,5.2,5.22,5.45,-0.2300000000000004,-4.22,3750600.0,8837887.0,2.28,0.0037259999999999,0.007345,0.79,70.7069,125.2879,3.6851,5.5827,5.6702,0.0,,1006671464.0,1006671464.0,510600686.0,2305277653.0,2305277653.0,环境保护,环保,环境治理,综合环境治理,2.63,2.15,0.0
2018-10-17,5.27,5.38,5.18,5.34,5.22,0.1200000000000001,2.3,2502500.0,5807155.0,2.28,0.002486,0.004901,0.5,72.2507,128.0234,3.7656,5.7046,5.794,0.0,,1006671464.0,1006671464.0,510600686.0,2355611226.0,2355611226.0,环境保护,环保,环境治理,综合环境治理,2.52,2.06,0.0
2018-10-18,5.34,5.34,5.11,5.11,5.34,-0.2299999999999995,-4.31,3342600.0,7598582.0,2.28,0.00332,0.006546,0.68,69.163,122.5523,3.6047,5.4608,5.5464,0.0,,1006671464.0,1006671464.0,510600686.0,2254944079.0,2254944079.0,环境保护,环保,环境治理,综合环境治理,2.57,2.11,0.0
2018-10-19,5.11,5.2,4.97,5.2,5.11,0.0899999999999998,1.76,3639318.0,8137966.0,2.28,0.0036149999999999,0.007128,0.85,70.3981,124.7408,3.6691,5.5584,5.6454,0.0,,1006671464.0,1006671464.0,510600686.0,2295210938.0,2295210938.0,环境保护,环保,环境治理,综合环境治理,2.46,2.02,0.0
2018-10-22,5.27,5.56,5.2,5.45,5.2,0.25,4.81,5236100.0,12496707.0,2.28,0.005201,0.010255,1.45,73.7945,130.759,3.8461,5.8265,5.9178,0.0,,1006671464.0,1006671464.0,510600686.0,2405944799.0,2405944799.0,环境保护,环保,环境治理,综合环境治理,2.51,2.05,0.0
2018-10-23,5.47,5.54,5.34,5.38,5.45,-0.0700000000000002,-1.28,4498500.0,10745802.0,2.28,0.004469,0.00881,1.22,72.8682,129.1176,3.7978,5.7534,5.8435,0.0,,1006671464.0,1006671464.0,510600686.0,2375744655.0,2375744655.0,环境保护,环保,环境治理,综合环境治理,2.63,2.15,0.0
2018-10-24,5.43,5.54,5.36,5.47,5.38,0.0899999999999998,1.67,3914000.0,9372804.0,2.28,0.003888,0.007665,1.02,74.1033,131.3061,3.8622,5.8509,5.9426,0.0,,1006671464.0,1006671464.0,510600686.0,2416011514.0,2416011514.0,环境保护,环保,环境治理,综合环境治理,2.6,2.12,0.0
2018-10-25,5.36,5.45,5.13,5.36,5.47,-0.1099999999999994,-2.01,4990400.0,11611255.0,2.28,0.004957,0.009774,1.21,72.5594,128.5705,3.7817,5.729,5.8188,0.0,,1006671464.0,1006671464.0,510600686.0,2365677940.0,2365677940.0,环境保护,环保,环境治理,综合环境治理,2.64,2.16,0.0
2018-10-26,5.4,5.91,5.4,5.91,5.36,0.5499999999999998,10.26,11334436.0,28357249.0,2.28,0.0112589999999999,0.022198,2.54,79.9698,141.7011,4.1679,6.3141,6.413,0.0,,1006671464.0,1006671464.0,510600686.0,2607279092.0,2607279092.0,环境保护,环保,环境治理,综合环境治理,2.59,2.12,0.0
2018-10-29,6.04,6.34,5.65,6.13,5.91,0.2199999999999997,3.72,21474840.0,57038157.0,2.28,0.021333,0.042058,3.58,83.0574,147.1722,4.3288,6.5579,6.6606,0.0,,1006671464.0,1006671464.0,510600686.0,2707946238.0,2707946238.0,环境保护,环保,环境治理,综合环境治理,2.85,2.33,0.0
2018-10-30,5.93,6.18,5.72,5.97,6.13,-0.1600000000000001,-2.61,12996933.0,33739810.0,2.28,0.0129109999999999,0.0254539999999999,1.41,80.8961,,4.3433,6.3872,6.8923,0.0,,1006671464.0,1006671464.0,510600686.0,2637479236.0,2637479236.0,环境保护,环保,环境治理,综合环境治理,2.96,2.42,0.0
2018-10-31,5.91,6.0,5.79,5.91,5.97,-0.0599999999999996,-1.01,9702203.0,25153219.0,2.28,0.009638,0.0190019999999999,0.89,79.9698,,4.2935,6.3141,6.8134,0.0,,1006671464.0,1006671464.0,510600686.0,2607279092.0,2607279092.0,环境保护,环保,环境治理,综合环境治理,2.88,2.36,0.0
2018-11-01,5.91,5.97,5.81,5.88,5.91,-0.0300000000000002,-0.51,6529488.0,16886490.0,2.28,0.006486,0.0127879999999999,0.54,79.661,,4.2769,6.2897,6.7871,0.0,,1006671464.0,1006671464.0,510600686.0,2597212377.0,2597212377.0,环境保护,环保,环境治理,综合环境治理,2.85,2.33,0.0
2018-11-02,5.86,5.97,5.86,5.93,5.88,0.0499999999999998,0.85,6167266.0,15974298.0,2.28,0.006126,0.012078,0.5,80.2785,,4.3101,6.3385,6.8397,0.0,,1006671464.0,1006671464.0,510600686.0,2617345806.0,2617345806.0,环境保护,环保,环境治理,综合环境治理,2.84,2.32,0.0
2018-11-05,5.93,6.13,5.88,6.04,5.93,0.1100000000000003,1.85,7774660.000000001,20544573.0,2.28,0.007723,0.015226,0.68,81.8223,,4.393,6.4604,6.9712,0.0,,1006671464.0,1006671464.0,510600686.0,2667679380.0,2667679380.0,环境保护,环保,环境治理,综合环境治理,2.86,2.34,0.0
2018-11-06,6.06,6.09,5.81,5.93,6.04,-0.1100000000000003,-1.82,5514073.0,14289290.0,2.28,0.0054779999999999,0.010799,0.64,80.2785,,4.3101,6.3385,6.8397,0.0,,1006671464.0,1006671464.0,510600686.0,2617345806.0,2617345806.0,环境保护,环保,环境治理,综合环境治理,2.92,2.39,0.0
2018-11-07,5.93,5.97,5.81,5.84,5.93,-0.0899999999999998,-1.52,5266177.0,13609993.0,2.28,0.005231,0.010314,0.74,79.0435,,4.2438,6.241,6.7344,0.0,,1006671464.0,1006671464.0,510600686.0,2577078948.0,2577078948.0,环境保护,环保,环境治理,综合环境治理,2.86,2.34,0.0
2018-11-08,5.88,6.29,5.81,6.02,5.84,0.1799999999999997,3.08,10533320.0,27912226.0,2.28,0.010464,0.0206289999999999,1.69,81.5136,,4.3764,6.436,6.9449,0.0,,1006671464.0,1006671464.0,510600686.0,2657612665.0000005,2657612665.0000005,环境保护,环保,环境治理,综合环境治理,2.82,2.3,0.0
2018-11-09,5.93,6.61,5.91,6.61,6.02,0.5900000000000007,9.8,9252886.0,26451319.0,2.28,0.009192,0.018122,1.31,89.5414,,4.8074,7.0698,7.6289,0.0,,1006671464.0,1006671464.0,510600686.0,2919347246.0,2919347246.0,环境保护,环保,环境治理,综合环境治理,2.9,2.38,0.0
2018-11-12,7.27,7.27,7.27,7.27,6.61,0.6599999999999993,9.98,3606507.0,11504757.0,2.28,0.003583,0.007063,0.47,98.4956,,5.2882,7.7768,8.3918,0.0,,1006671464.0,1006671464.0,510600686.0,3211281970.0,3211281970.0,环境保护,环保,环境治理,综合环境治理,3.19,2.61,0.0
2018-11-13,8.0,8.0,8.0,8.0,7.27,0.7300000000000004,10.04,1669414.0,5859643.0,2.28,0.001658,0.00327,0.24,108.376,,5.8186,8.5569,9.2336,0.0,,1006671464.0,1006671464.0,510600686.0,3533416839.0,3533416839.0,环境保护,环保,环境治理,综合环境治理,3.51,2.87,0.0
2018-11-14,8.8,8.8,8.05,8.8,8.0,0.8000000000000007,10.0,47138726.0,177902088.0,2.28,0.046826,0.09232,7.77,119.1827,,6.3988,9.4102,10.1543,0.0,,1006671464.0,1006671464.0,510600686.0,3885751851.0,3885751851.0,环境保护,环保,环境治理,综合环境治理,3.86,3.16,0.0
2018-11-15,9.69,9.69,8.8,9.69,8.8,0.8899999999999988,10.11,63250727.0,261980225.0,2.28,0.062832,0.123875,4.38,131.2245,,7.0454,10.361,11.1802,0.0,,1006671464.0,1006671464.0,510600686.0,4278353722.0,4278353722.0,环境保护,环保,环境治理,综合环境治理,4.25,3.47,0.0
2018-11-16,10.47,10.67,10.15,10.67,9.69,0.9800000000000004,10.11,43523544.0,201530905.0,2.28,0.043235,0.08524,1.74,144.5013,,7.7582,11.4093,12.3114,0.0,,1006671464.0,1006671464.0,510600686.0,4711222452.0,4711222452.0,环境保护,环保,环境治理,综合环境治理,4.68,3.83,0.0
2018-11-19,11.74,11.74,11.58,11.74,10.67,1.0700000000000005,10.03,24224810.0,124708052.0,2.28,0.024064,0.047444,0.76,159.0132,,8.5373,12.5551,13.5478,0.0,,1006671464.0,1006671464.0,510600686.0,5184358040.0,5184358040.0,环境保护,环保,环境治理,综合环境治理,5.15,4.21,0.0
2018-11-20,10.88,12.29,10.58,10.72,11.74,-1.0199999999999996,-8.69,103179860.0,496309136.0,2.28,0.1024959999999999,0.202075,2.87,145.1189,,7.7913,11.458,12.364,0.0,,1006671464.0,1006671464.0,510600686.0,4731355881.0,4731355881.0,环境保护,环保,环境治理,综合环境治理,5.67,4.64,0.0
2018-11-21,10.37,11.51,10.35,11.08,10.72,0.3599999999999994,3.36,88284721.0,425038424.0,2.28,0.0877,0.172904,1.57,150.0591,,8.0566,11.8481,12.7849,0.0,,1006671464.0,1006671464.0,510600686.0,4892423315.0,4892423315.0,环境保护,环保,环境治理,综合环境治理,5.17,4.23,0.0
2018-11-22,10.72,10.9,9.96,10.24,11.08,-0.8399999999999999,-7.58,73816671.0,331446048.0,2.28,0.073327,0.144568,1.14,138.6348,,7.4432,10.9461,11.8116,0.0,,1006671464.0,1006671464.0,510600686.0,4519954873.0,4519954873.0,环境保护,环保,环境治理,综合环境治理,5.35,4.37,0.0
2018-11-23,9.74,9.9,9.21,9.21,10.24,-1.0299999999999994,-10.06,44388300.0,183297070.0,2.28,0.0440939999999999,0.086933,0.67,124.7405,,6.6972,9.849,10.6278,0.0,,1006671464.0,1006671464.0,510600686.0,4066952715.0,4066952715.0,环境保护,环保,环境治理,综合环境治理,4.94,4.04,0.0
2018-11-26,9.3,9.55,9.01,9.42,9.21,0.209999999999999,2.28,37388453.0,152308585.0,2.28,0.037141,0.073224,0.56,127.5193,,6.8464,10.0684,10.8646,0.0,,1006671464.0,1006671464.0,510600686.0,4157553146.0,4157553146.0,环境保护,环保,环境治理,综合环境治理,4.44,3.64,0.0
2018-11-27,9.64,9.83,9.01,9.28,9.42,-0.1400000000000005,-1.49,40842731.0,168725852.0,2.28,0.040572,0.0799899999999999,0.59,125.6668,,6.747,9.9222,10.7067,0.0,,1006671464.0,1006671464.0,510600686.0,4097152858.0,4097152858.0,环境保护,环保,环境治理,综合环境治理,4.54,3.72,0.0
2018-11-28,8.89,9.05,8.34,8.89,9.28,-0.3899999999999988,-4.2,48410372.0,184126437.0,2.28,0.04809,0.0948109999999999,0.85,120.4178,,6.4651,9.5077,10.2595,0.0,,1006671464.0,1006671464.0,510600686.0,3926018710.0,3926018710.0,环境保护,环保,环境治理,综合环境治理,4.48,3.66,0.0
2018-11-29,8.78,9.78,8.64,9.51,8.89,0.6199999999999992,6.97,80062003.0,328079780.0,2.28,0.079531,0.1568,1.63,128.7544,,6.9127,10.1659,10.9698,0.0,,1006671464.0,1006671464.0,510600686.0,4197820005.0,4197820005.0,环境保护,环保,环境治理,综合环境治理,4.29,3.51,0.0
2018-11-30,9.19,9.3,8.55,9.05,9.51,-0.4599999999999991,-4.84,55073953.0,216189836.0,2.28,0.054709,0.107861,1.1,122.5791,,6.5812,9.6784,10.4437,0.0,,1006671464.0,1006671464.0,510600686.0,3996485712.0,3996485712.0,环境保护,环保,环境治理,综合环境治理,4.59,3.75,0.0
2018-12-03,9.23,9.46,8.91,9.07,9.05,0.0199999999999995,0.22,48668211.0,196764631.0,2.28,0.048346,0.095316,0.93,122.8879,,6.5978,9.7027,10.47,0.0,,1006671464.0,1006671464.0,510600686.0,4006552427.0,4006552427.0,环境保护,环保,环境治理,综合环境治理,4.37,3.57,0.0
2018-12-04,8.82,9.46,8.5,9.23,9.07,0.1600000000000001,1.76,46874676.0,187221223.0,2.28,0.0465639999999999,0.091803,0.86,125.0492,,6.7138,9.8734,10.6541,0.0,,1006671464.0,1006671464.0,510600686.0,4077019429.0,4077019429.0,环境保护,环保,环境治理,综合环境治理,4.38,3.58,0.0
2018-12-05,8.62,8.62,8.32,8.32,9.23,-0.91,-9.86,41428800.0,152178496.0,2.28,0.041154,0.081137,0.74,112.6987,,6.0507,8.8982,9.6018,0.0,,1006671464.0,1006671464.0,510600686.0,3674350844.0,3674350844.0,环境保护,环保,环境治理,综合环境治理,4.46,3.65,0.0
2018-12-06,8.23,8.34,7.87,7.98,8.32,-0.3399999999999998,-4.09,23840438.0,84764020.0,2.28,0.0236819999999999,0.046691,0.44,108.0672,,5.8021,8.5326,9.2072,0.0,,1006671464.0,1006671464.0,510600686.0,3523350124.0,3523350124.0,环境保护,环保,环境治理,综合环境治理,4.02,3.29,0.0
2018-12-07,8.05,8.09,7.71,7.75,7.98,-0.2300000000000004,-2.88,18942401.0,65746952.99999999,2.28,0.018817,0.037098,0.44,104.9796,,5.6363,8.2888,8.9442,0.0,,1006671464.0,1006671464.0,510600686.0,3422682978.0,3422682978.0,环境保护,环保,环境治理,综合环境治理,3.85,3.15,0.0
2018-12-10,7.82,8.05,7.77,7.84,7.75,0.0899999999999998,1.16,16724900.0,57779350.0,2.28,0.016614,0.032755,0.47,106.2147,,5.7026,8.3863,9.0494,0.0,,1006671464.0,1006671464.0,510600686.0,3462949836.0,3462949836.0,环境保护,环保,环境治理,综合环境治理,3.74,3.06,0.0
2018-12-11,7.91,8.28,7.8,8.07,7.84,0.2300000000000004,2.93,26114937.0,92114056.0,2.28,0.025942,0.051146,0.88,109.3023,,5.8684,8.6301,9.3125,0.0,,1006671464.0,1006671464.0,510600686.0,3563616983.0,3563616983.0,环境保护,环保,环境治理,综合环境治理,3.78,3.1,0.0
2018-12-12,8.05,8.32,7.91,8.23,8.07,0.1600000000000001,1.98,27232600.0,97269597.0,2.28,0.027052,0.053334,1.07,111.4636,,5.9844,8.8007,9.4966,0.0,,1006671464.0,1006671464.0,510600686.0,3634083985.0,3634083985.0,环境保护,环保,环境治理,综合环境治理,3.89,3.19,0.0
2018-12-13,8.25,8.25,7.96,8.03,8.23,-0.200000000000001,-2.43,19071101.0,67472518.0,2.28,0.018945,0.03735,0.84,108.6848,,5.8352,8.5813,9.2599,0.0,,1006671464.0,1006671464.0,510600686.0,3543483553.0,3543483553.0,环境保护,环保,环境治理,综合环境治理,3.97,3.25,0.0
2018-12-14,8.0,8.82,7.93,8.82,8.03,0.7900000000000009,9.84,66698011.0,253034132.0,2.28,0.066256,0.130627,3.09,119.4915,,6.4154,9.4346,10.1806,0.0,,1006671464.0,1006671464.0,510600686.0,3895818566.0,3895818566.0,环境保护,环保,环境治理,综合环境治理,3.87,3.17,0.0
2018-12-17,8.71,9.71,8.57,9.71,8.82,0.8900000000000006,10.09,61821059.0,247957104.0,2.28,0.061411,0.121075,1.98,131.5333,,7.0619,10.3854,11.2065,0.0,,1006671464.0,1006671464.0,510600686.0,4288420437.0,4288420437.0,环境保护,环保,环境治理,综合环境治理,4.26,3.48,0.0
2018-12-18,10.08,10.69,9.74,10.69,9.71,0.9799999999999986,10.09,88459959.0,399520782.0,2.28,0.087874,0.173247,2.2,144.8101,,7.7748,11.4336,12.3377,0.0,,1006671464.0,1006671464.0,510600686.0,4721289166.0,4721289166.0,环境保护,环保,环境治理,综合环境治理,4.69,3.83,0.0
2018-12-19,10.72,11.76,10.72,11.17,10.69,0.4800000000000004,4.49,111529232.0,554264085.0,2.28,0.11079,0.218428,2.12,151.2941,,8.1229,11.9456,12.8901,0.0,,1006671464.0,1006671464.0,510600686.0,4932690174.0,4932690174.0,环境保护,环保,环境治理,综合环境治理,5.16,4.22,0.0
2018-12-20,10.83,12.29,10.44,11.79,11.17,0.6199999999999992,5.55,132363382.0,663491838.0,2.28,0.131486,0.259231,1.9,159.6308,,8.5705,12.6038,13.6004,0.0,,1006671464.0,1006671464.0,510600686.0,5204491469.0,5204491469.0,环境保护,环保,环境治理,综合环境治理,5.39,4.41,0.0
2018-12-21,11.15,11.29,10.6,10.6,11.79,-1.1899999999999995,-10.09,79466614.0,377727361.0,2.28,0.07894,0.155634,0.86,143.5751,,7.7084,11.3361,12.2325,0.0,,1006671464.0,1006671464.0,510600686.0,4681022308.0,4681022308.0,环境保护,环保,环境治理,综合环境治理,5.69,4.65,0.0
2018-12-24,10.42,10.56,9.99,10.33,10.6,-0.2699999999999996,-2.55,69050479.0,310483259.0,2.28,0.068593,0.135234,0.73,139.8699,,7.5095,11.0436,11.9168,0.0,,1006671464.0,1006671464.0,510600686.0,4560221732.0,4560221732.0,环境保护,环保,环境治理,综合环境治理,5.12,4.19,0.0
2018-12-25,10.08,10.83,9.76,10.6,10.33,0.2699999999999996,2.61,81071829.0,365067256.0,2.28,0.080535,0.158777,0.84,143.5751,,7.7084,11.3361,12.2325,0.0,,1006671464.0,1006671464.0,510600686.0,4681022308.0,4681022308.0,环境保护,环保,环境治理,综合环境治理,4.98,4.08,0.0
2018-12-26,10.35,10.78,10.19,10.56,10.6,-0.0399999999999991,-0.38,73251077.0,337703904.0,2.28,0.072766,0.143461,0.77,142.9575,,7.6753,11.2874,12.1799,0.0,,1006671464.0,1006671464.0,510600686.0,4660888878.0,4660888878.0,环境保护,环保,环境治理,综合环境治理,5.12,4.19,0.0
2018-12-27,10.33,10.44,9.51,9.53,10.56,-1.0300000000000011,-9.75,64238038.0,280533205.0,2.28,0.063812,0.125809,0.74,129.0632,,6.9293,10.1903,10.9961,0.0,,1006671464.0,1006671464.0,510600686.0,4207886720.0,4207886720.0,环境保护,环保,环境治理,综合环境治理,5.09,4.17,0.0
2018-12-28,9.74,10.08,9.64,9.69,9.53,0.1600000000000001,1.68,47671287.0,205359694.0,2.28,0.047355,0.093363,0.65,131.2245,,7.0454,10.361,11.1802,0.0,,1006671464.0,1006671464.0,510600686.0,4278353722.0,4278353722.0,环境保护,环保,环境治理,综合环境治理,4.6,3.76,0.0
2019-01-02,9.17,9.69,9.12,9.51,9.69,-0.1799999999999997,-1.86,43502608.0,179621479.0,2.28,0.0432139999999999,0.085199,0.65,128.7544,,6.9127,10.1659,10.9698,0.0,,1006671464.0,1006671464.0,510600686.0,4197820005.0,4197820005.0,环境保护,环保,环境治理,综合环境治理,4.68,3.83,0.0
2019-01-03,9.71,9.9,8.89,8.96,9.51,-0.5499999999999989,-5.78,46097336.0,189889409.0,2.28,0.045792,0.090281,0.74,121.3441,,6.5149,9.5809,10.3384,0.0,,1006671464.0,1006671464.0,510600686.0,3956218854.000001,3956218854.000001,环境保护,环保,环境治理,综合环境治理,4.59,3.75,0.0
2019-01-04,9.12,9.46,9.12,9.3,8.96,0.3399999999999998,3.79,40006595.0,162907852.0,2.28,0.039741,0.078352,0.73,125.9755,,6.7635,9.9465,10.733,0.0,,1006671464.0,1006671464.0,510600686.0,4107219573.0,4107219573.0,环境保护,环保,环境治理,综合环境治理,4.32,3.54,0.0
2019-01-07,9.35,9.94,9.35,9.64,9.3,0.3399999999999998,3.66,49902245.0,212166020.0,2.28,0.049572,0.0977319999999999,1.03,130.607,,7.0122,10.3122,11.1276,0.0,,1006671464.0,1006671464.0,510600686.0,4258220293.0,4258220293.0,环境保护,环保,环境治理,综合环境治理,4.49,3.67,0.0
2019-01-08,9.8,10.03,9.39,9.99,9.64,0.3499999999999996,3.63,51713395.0,219557269.0,2.28,0.051371,0.10128,1.14,135.2384,,7.2609,10.6779,11.5222,0.0,,1006671464.0,1006671464.0,510600686.0,4409221012.0,4409221012.0,环境保护,环保,环境治理,综合环境治理,4.65,3.81,0.0
2019-01-09,9.8,10.42,9.64,9.83,9.99,-0.1600000000000001,-1.6,59779090.0,262840124.0,2.28,0.059383,0.117076,1.29,133.0771,,7.1448,10.5072,11.3381,0.0,,1006671464.0,1006671464.0,510600686.0,4338754010.0,4338754010.0,环境保护,环保,环境治理,综合环境治理,4.82,3.94,0.0
2019-01-10,9.58,9.71,9.28,9.42,9.83,-0.4100000000000001,-4.17,37407100.0,155601737.0,2.28,0.037159,0.073261,0.76,127.5193,,6.8464,10.0684,10.8646,0.0,,1006671464.0,1006671464.0,510600686.0,4157553146.0,4157553146.0,环境保护,环保,环境治理,综合环境治理,4.74,3.88,0.0
2019-01-11,9.26,9.53,9.21,9.35,9.42,-0.0700000000000002,-0.74,26300500.0,107629016.0,2.28,0.026126,0.051509,0.55,126.5931,,6.7967,9.9953,10.7856,0.0,,1006671464.0,1006671464.0,510600686.0,4127353002.0,4127353002.0,环境保护,环保,环境治理,综合环境治理,4.54,3.72,0.0
2019-01-14,9.39,9.48,9.14,9.19,9.35,-0.1600000000000001,-1.71,25543163.0,104166440.0,2.28,0.0253739999999999,0.050026,0.57,124.4317,,6.6807,9.8246,10.6015,0.0,,1006671464.0,1006671464.0,510600686.0,4056886000.0,4056886000.0,环境保护,环保,环境治理,综合环境治理,4.51,3.69,0.0
2019-01-15,9.14,9.53,8.89,9.53,9.19,0.3399999999999998,3.7,38056909.0,154325390.0,2.28,0.037805,0.074534,0.95,129.0632,,6.9293,10.1903,10.9961,0.0,,1006671464.0,1006671464.0,510600686.0,4207886720.0,4207886720.0,环境保护,环保,环境治理,综合环境治理,4.43,3.63,0.0
2019-01-16,9.48,10.49,9.46,10.49,9.53,0.9600000000000009,10.07,54075846.0,237822472.0,2.28,0.0537169999999999,0.105906,1.45,142.0312,,7.6256,11.2142,12.101,0.0,,1006671464.0,1006671464.0,510600686.0,4630688734.0,4630688734.0,环境保护,环保,环境治理,综合环境治理,4.6,3.76,0.0
2019-01-17,10.81,11.54,10.69,11.54,10.49,1.049999999999999,10.01,97949504.0,485234310.0,2.28,0.0973,0.191832,2.7,156.2344,,8.3881,12.3357,13.3111,0.0,,1006671464.0,1006671464.0,510600686.0,5093757608.0,5093757608.0,环境保护,环保,环境治理,综合环境治理,5.06,4.14,0.0
2019-01-18,11.83,12.7,11.19,11.58,11.54,0.0400000000000009,0.35,133585898.0,696224234.0,2.28,0.1327009999999999,0.261625,2.76,156.8519,,8.4213,12.3844,13.3637,0.0,,1006671464.0,1006671464.0,510600686.0,5113891037.0,5113891037.0,环境保护,环保,环境治理,综合环境治理,5.57,4.55,0.0
2019-01-21,11.1,11.26,10.42,10.74,11.58,-0.8399999999999999,-7.25,82268725.0,388200630.0,2.28,0.0817239999999999,0.161121,1.18,145.4276,,7.8079,11.4824,12.3903,0.0,,1006671464.0,1006671464.0,510600686.0,4741422595.0,4741422595.0,环境保护,环保,环境治理,综合环境治理,5.59,4.57,0.0
2019-01-22,10.72,10.88,10.24,10.37,10.74,-0.370000000000001,-3.45,61116986.0,282200712.0,2.28,0.060712,0.119696,0.75,140.4874,,7.5427,11.0923,11.9694,0.0,,1006671464.0,1006671464.0,510600686.0,4580355161.0,4580355161.0,环境保护,环保,环境治理,综合环境治理,5.18,4.24,0.0
2019-01-23,10.44,10.78,10.21,10.6,10.37,0.2300000000000004,2.22,56585622.0,261492454.0,2.28,0.056211,0.110822,0.66,143.5751,,7.7084,11.3361,12.2325,0.0,,1006671464.0,1006671464.0,510600686.0,4681022308.0,4681022308.0,环境保护,环保,环境治理,综合环境治理,5.01,4.1,0.0
2019-01-24,10.33,10.47,9.83,10.1,10.6,-0.5,-4.72,49532778.0,220239099.0,2.28,0.049205,0.097009,0.57,136.7823,,7.3437,10.7998,11.6537,0.0,,1006671464.0,1006671464.0,510600686.0,4459554586.0,4459554586.0,环境保护,环保,环境治理,综合环境治理,5.12,4.19,0.0
2019-01-25,10.19,10.28,9.6,9.71,10.1,-0.3899999999999988,-3.86,33248600.0,145182601.0,2.28,0.033028,0.065117,0.43,131.5333,,7.0619,10.3854,11.2065,0.0,,1006671464.0,1006671464.0,510600686.0,4288420437.0,4288420437.0,环境保护,环保,环境治理,综合环境治理,4.87,3.99,0.0
2019-01-28,9.92,9.99,9.64,9.74,9.71,0.0299999999999993,0.31,22301764.0,95910361.0,2.28,0.0221539999999999,0.043678,0.39,131.842,,7.0785,10.4097,11.2328,0.0,,1006671464.0,1006671464.0,510600686.0,4298487151.0,4298487151.0,环境保护,环保,环境治理,综合环境治理,4.69,3.83,0.0
2019-01-29,9.76,9.83,8.91,9.48,9.74,-0.2599999999999998,-2.67,29179712.0,120297895.0,2.28,0.028986,0.057148,0.65,128.4456,,6.8962,10.1416,10.9435,0.0,,1006671464.0,1006671464.0,510600686.0,4187753290.000001,4187753290.000001,环境保护,环保,环境治理,综合环境治理,4.7,3.84,0.0
2019-01-30,9.3,9.53,8.98,9.07,9.48,-0.4100000000000001,-4.32,19768901.0,80157765.0,2.28,0.019638,0.038717,0.52,122.8879,,6.5978,9.7027,10.47,0.0,,1006671464.0,1006671464.0,510600686.0,4006552427.0,4006552427.0,环境保护,环保,环境治理,综合环境治理,4.58,3.74,0.0
2019-01-31,8.53,8.91,8.16,8.19,9.07,-0.8800000000000008,-9.7,38080230.0,140973148.0,2.28,0.037828,0.074579,1.24,110.8461,,5.9512,8.752,9.444,0.0,,1006671464.0,1006671464.0,510600686.0,3613950556.0,3613950556.0,环境保护,环保,环境治理,综合环境治理,4.38,3.58,0.0
2019-02-01,8.39,9.01,8.25,9.01,8.19,0.8200000000000003,10.01,32007001.0,123465659.0,2.28,0.031795,0.062685,1.12,121.9616,,6.548,9.6296,10.391,0.0,,1006671464.0,1006671464.0,510600686.0,3976352283.0,3976352283.0,环境保护,环保,环境治理,综合环境治理,3.95,3.23,0.0
2019-02-11,9.35,9.74,9.23,9.6,9.01,0.5899999999999999,6.55,38940800.0,162745477.0,2.28,0.038683,0.076265,1.38,129.9895,,6.979,10.2635,11.075,0.0,,1006671464.0,1006671464.0,510600686.0,4238086863.0,4238086863.0,环境保护,环保,环境治理,综合环境治理,4.35,3.56,0.0
2019-02-12,9.42,10.24,9.42,9.76,9.6,0.1600000000000001,1.67,39795497.0,171948235.0,2.28,0.039532,0.077939,1.26,132.1508,,7.0951,10.4341,11.2592,0.0,,1006671464.0,1006671464.0,510600686.0,4308553866.0,4308553866.0,环境保护,环保,环境治理,综合环境治理,4.63,3.79,0.0
2019-02-13,9.85,10.12,9.71,9.8,9.76,0.0400000000000009,0.41,34945844.0,151071926.0,2.28,0.034714,0.068441,1.04,132.7683,,7.1282,10.4829,11.3118,0.0,,1006671464.0,1006671464.0,510600686.0,4328687295.0,4328687295.0,环境保护,环保,环境治理,综合环境治理,4.71,3.85,0.0
2019-02-14,9.9,10.78,9.85,10.78,9.8,0.9799999999999986,10.0,65956746.0,305330754.0,2.28,0.06552,0.129175,1.79,146.0452,,7.8411,11.5312,12.4429,0.0,,1006671464.0,1006671464.0,510600686.0,4761556025.0,4761556025.0,环境保护,环保,环境治理,综合环境治理,4.73,3.87,0.0
2019-02-15,10.53,11.1,10.37,10.51,10.78,-0.2699999999999996,-2.5,68444656.0,320846719.0,2.28,0.067991,0.134047,1.62,142.34,,7.6421,11.2386,12.1273,0.0,,1006671464.0,1006671464.0,510600686.0,4640755449.0,4640755449.0,环境保护,环保,环境治理,综合环境治理,5.2,4.26,0.0
2019-02-18,10.49,11.01,10.37,10.94,10.51,0.4299999999999997,4.09,59873103.0,280984766.0,2.28,0.059476,0.11726,1.21,148.2065,,7.9571,11.7018,12.6271,0.0,,1006671464.0,1006671464.0,510600686.0,4832023027.0,4832023027.0,环境保护,环保,环境治理,综合环境治理,5.07,4.15,0.0
2019-02-19,11.01,11.49,10.62,10.81,10.94,-0.129999999999999,-1.19,58961310.0,283640318.0,2.28,0.058571,0.115474,1.1,146.3539,,7.8576,11.5555,12.4692,0.0,,1006671464.0,1006671464.0,510600686.0,4771622739.0,4771622739.0,环境保护,环保,环境治理,综合环境治理,5.28,4.32,0.0
2019-02-20,10.62,10.62,10.21,10.44,10.81,-0.370000000000001,-3.42,43276248.0,197610214.0,2.28,0.042989,0.084756,0.75,141.4137,,7.5924,11.1655,12.0483,0.0,,1006671464.0,1006671464.0,510600686.0,4610555305.0,4610555305.0,环境保护,环保,环境治理,综合环境治理,5.21,4.27,0.0
2019-02-21,10.56,11.49,10.56,11.49,10.44,1.0500000000000007,10.06,84578207.0,416025073.0,2.28,0.084018,0.165645,1.43,155.6168,,8.355,12.2869,13.2584,0.0,,1006671464.0,1006671464.0,510600686.0,5073624179.0,5073624179.0,环境保护,环保,环境治理,综合环境治理,5.04,4.12,0.0
2019-02-22,11.45,12.63,11.35,12.63,11.49,1.1400000000000006,9.92,76811141.0,408830283.0,2.28,0.076302,0.150433,1.22,171.055,,9.1838,13.5058,14.5738,0.0,,1006671464.0,1006671464.0,510600686.0,5576959911.0,5576959911.0,环境保护,环保,环境治理,综合环境治理,5.54,4.54,0.0
2019-02-25,13.89,13.89,13.89,13.89,12.63,1.2599999999999998,9.98,8967811.0,54613968.0,2.28,0.008908,0.017563,0.14,188.037,,10.0956,14.8467,16.0206,0.0,,1006671464.0,1006671464.0,510600686.0,6130629216.0,6130629216.0,环境保护,环保,环境治理,综合环境治理,6.09,4.99,0.0
2019-02-26,15.28,15.28,14.5,15.28,13.89,1.3899999999999988,10.01,103292879.0,685545540.0,2.28,0.1026079999999999,0.202297,1.89,206.8716,,11.1068,16.3338,17.6253,0.0,,1006671464.0,1006671464.0,510600686.0,6744698809.0,6744698809.0,环境保护,环保,环境治理,综合环境治理,6.7,5.48,0.0
2019-02-27,14.82,16.8,13.75,16.8,15.28,1.5200000000000014,9.95,178012655.0,1212150879.0,2.28,0.176833,0.348634,2.81,227.5587,,12.2175,17.9671,19.3878,0.0,,1006671464.0,1006671464.0,510600686.0,7419168689.999999,7419168689.999999,环境保护,环保,环境治理,综合环境治理,7.37,6.03,0.0
2019-02-28,15.3,16.76,15.12,15.12,16.8,-1.6800000000000015,-10.0,131068866.0,903360339.0,2.28,0.1301999999999999,0.256695,1.45,204.7102,,10.9907,16.1631,17.4412,0.0,,1006671464.0,1006671464.0,510600686.0,6674231806.0,6674231806.0,环境保护,环保,环境治理,综合环境治理,8.11,6.63,0.0
2019-03-01,13.79,15.03,13.66,14.34,15.12,-0.7799999999999994,-5.16,93965271.0,583903795.0,2.28,0.093343,0.184029,0.94,194.2123,,10.4271,15.3342,16.5467,0.0,,1006671464.0,1006671464.0,510600686.0,6331963509.0,6331963509.0,环境保护,环保,环境治理,综合环境治理,7.29,5.97,0.0
2019-03-04,14.64,15.69,14.18,15.55,14.34,1.2100000000000009,8.44,111199628.0,730340800.0,2.28,0.110463,0.2177819999999999,1.08,210.5767,,11.3057,16.6263,17.941,0.0,,1006671464.0,1006671464.0,510600686.0,6865499384.0,6865499384.0,环境保护,环保,环境治理,综合环境治理,6.92,5.66,0.0
2019-03-05,14.93,16.37,14.91,15.75,15.55,0.1999999999999993,1.29,111732487.0,776429856.0,2.28,0.110992,0.218826,0.9,213.3556,,11.4549,16.8457,18.1777,0.0,,1006671464.0,1006671464.0,510600686.0,6956099816.000001,6956099816.000001,环境保护,环保,环境治理,综合环境治理,7.5,6.14,0.0
2019-03-06,15.55,16.1,14.73,15.71,15.75,-0.0399999999999991,-0.25,103793010.0,702956700.0,2.28,0.1031049999999999,0.203276,0.83,212.7381,,11.4218,16.797,18.1251,0.0,,1006671464.0,1006671464.0,510600686.0,6935966387.0,6935966387.0,环境保护,环保,环境治理,综合环境治理,7.6,6.22,0.0
2019-03-07,15.3,17.21,15.25,16.51,15.71,0.8000000000000007,5.09,128152117.0,910312548.0,2.28,0.127303,0.2509829999999999,1.16,223.5448,,12.002,17.6502,19.0459,0.0,,1006671464.0,1006671464.0,510600686.0,7288301398.999999,7288301398.999999,环境保护,环保,环境治理,综合环境治理,7.58,6.2,0.0
2019-03-08,14.89,15.71,14.87,14.87,16.51,-1.6400000000000023,-9.93,81159334.0,539754726.0,2.28,0.080621,0.158949,0.74,201.3138,,10.8084,15.895,17.1518,0.0,,1006671464.0,1006671464.0,510600686.0,6563497945.0,6563497945.0,环境保护,环保,环境治理,综合环境治理,7.96,6.52,0.0
2019-03-11,14.36,15.21,14.09,14.98,14.87,0.1100000000000012,0.74,60202662.0,388940888.0,2.28,0.059804,0.117906,0.56,202.8577,,10.8913,16.0168,17.2833,0.0,,1006671464.0,1006671464.0,510600686.0,6613831518.0,6613831518.0,环境保护,环保,环境治理,综合环境治理,7.17,5.87,0.0
2019-03-12,15.05,15.85,14.75,15.71,14.98,0.7300000000000004,4.87,84990408.0,573224511.0,2.28,0.084427,0.166452,0.88,212.7381,,11.4218,16.797,18.1251,0.0,,1006671464.0,1006671464.0,510600686.0,6935966387.0,6935966387.0,环境保护,环保,环境治理,综合环境治理,7.23,5.91,0.0
2019-03-13,16.07,17.28,15.6,17.28,15.71,1.5700000000000005,9.99,167847528.0,1238212431.0,2.28,0.166735,0.3287259999999999,1.83,234.0428,,12.5656,18.4791,19.9403,0.0,,1006671464.0,1006671464.0,510600686.0,7630569697.0,7630569697.0,环境保护,环保,环境治理,综合环境治理,7.58,6.2,0.0
2019-03-14,17.08,17.08,15.55,15.55,17.28,-1.7300000000000004,-10.01,100682280.0,705881974.0,2.28,0.100015,0.197184,0.96,210.5767,,11.3057,16.6263,17.941,0.0,,1006671464.0,1006671464.0,510600686.0,6865499384.0,6865499384.0,环境保护,环保,环境治理,综合环境治理,8.34,6.82,0.0
2019-03-15,14.93,16.44,14.93,15.34,15.55,-0.2100000000000008,-1.35,87060637.0,598725366.0,2.28,0.086484,0.170506,0.88,207.7979,,11.1565,16.4069,17.7042,0.0,,1006671464.0,1006671464.0,510600686.0,6774898953.0,6774898953.0,环境保护,环保,环境治理,综合环境治理,7.5,6.14,0.0
2019-03-18,15.25,15.48,13.82,14.82,15.34,-0.5199999999999996,-3.39,75422910.0,475567580.0,2.28,0.074923,0.147714,0.75,200.6963,,10.7752,15.8462,17.0992,0.0,,1006671464.0,1006671464.0,510600686.0,6543364516.0,6543364516.0,环境保护,环保,环境治理,综合环境治理,7.4,6.06,0.0
2019-03-19,14.46,15.14,14.27,14.61,14.82,-0.2100000000000008,-1.42,45733282.0,295880404.0,2.28,0.04543,0.089568,0.44,197.9174,,10.626,15.6268,16.8624,0.0,,1006671464.0,1006671464.0,510600686.0,6452764084.0,6452764084.0,环境保护,环保,环境治理,综合环境治理,7.15,5.85,0.0
2019-03-20,14.64,14.96,14.14,14.61,14.61,0.0,0.0,41892419.0,267716581.0,2.28,0.041615,0.0820449999999999,0.44,197.9174,,10.626,15.6268,16.8624,0.0,,1006671464.0,1006671464.0,510600686.0,6452764084.0,6452764084.0,环境保护,环保,环境治理,综合环境治理,7.05,5.77,0.0
2019-03-21,14.71,15.46,14.39,14.98,14.61,0.370000000000001,2.53,70253873.0,463689204.0,2.28,0.069788,0.137591,1.0,202.8577,,10.8913,16.0168,17.2833,0.0,,1006671464.0,1006671464.0,510600686.0,6613831518.0,6613831518.0,环境保护,环保,环境治理,综合环境治理,7.05,5.77,0.0
2019-03-22,14.91,15.82,14.66,15.46,14.98,0.4800000000000004,3.2,63168731.00000001,420589004.0,2.28,0.06275,0.1237149999999999,0.99,209.3417,,11.2394,16.5288,17.8358,0.0,,1006671464.0,1006671464.0,510600686.0,6825232526.0,6825232526.0,环境保护,环保,环境治理,综合环境治理,7.23,5.91,0.0
2019-03-25,15.0,15.23,14.61,14.64,15.46,-0.8200000000000003,-5.3,43960883.0,287425280.0,2.28,0.04367,0.086096,0.74,198.2262,,10.6426,15.6512,16.8887,0.0,,1006671464.0,1006671464.0,510600686.0,6462830799.0,6462830799.0,环境保护,环保,环境治理,综合环境治理,7.46,6.1,0.0
2019-03-26,14.59,14.73,13.45,13.5,14.64,-1.1400000000000006,-7.79,47402332.0,290248453.0,2.28,0.047088,0.092836,0.89,182.788,,9.8138,14.4322,15.5734,0.0,,1006671464.0,1006671464.0,510600686.0,5959495067.0,5959495067.0,环境保护,环保,环境治理,综合环境治理,7.06,5.78,0.0
2019-03-27,13.52,14.04,13.52,13.73,13.5,0.2300000000000004,1.7,26961608.0,163138358.0,2.28,0.026783,0.052804,0.51,185.8757,,9.9795,14.676,15.8365,0.0,,1006671464.0,1006671464.0,510600686.0,6060162213.0,6060162213.0,环境保护,环保,环境治理,综合环境治理,6.51,5.33,0.0
2019-03-28,13.68,13.89,13.25,13.27,13.73,-0.4600000000000008,-3.35,24112000.0,143318651.0,2.28,0.023952,0.0472229999999999,0.48,179.7004,,9.648,14.1884,15.3103,0.0,,1006671464.0,1006671464.0,510600686.0,5858827920.0,5858827920.0,环境保护,环保,环境治理,综合环境治理,6.62,5.42,0.0
2019-03-29,13.27,13.73,13.02,13.57,13.27,0.3000000000000007,2.26,27601163.0,163100983.0,2.28,0.027418,0.054056,0.67,183.7143,,9.8635,14.5054,15.6523,0.0,,1006671464.0,1006671464.0,510600686.0,5989695211.0,5989695211.0,环境保护,环保,环境治理,综合环境治理,6.4,5.24,0.0
2019-04-01,13.89,14.39,13.89,14.2,13.57,0.629999999999999,4.64,31784011.0,197555921.0,2.28,0.031573,0.062248,0.93,192.3597,,10.3277,15.188,16.3889,0.0,,1006671464.0,1006671464.0,510600686.0,6271563221.0,6271563221.0,环境保护,环保,环境治理,综合环境治理,6.55,5.36,0.0
2019-04-02,14.5,14.75,14.04,14.11,14.2,-0.0899999999999998,-0.63,34978744.0,221148129.0,2.28,0.034747,0.068505,1.11,191.1246,,10.2613,15.0905,16.2837,0.0,,1006671464.0,1006671464.0,510600686.0,6231296361.999999,6231296361.999999,环境保护,环保,环境治理,综合环境治理,6.85,5.61,0.0
2019-04-03,14.11,14.57,14.07,14.2,14.11,0.0899999999999998,0.64,25092300.0,156908829.0,2.28,0.024926,0.049143,0.86,192.3597,,10.3277,15.188,16.3889,0.0,,1006671464.0,1006671464.0,510600686.0,6271563221.0,6271563221.0,环境保护,环保,环境治理,综合环境治理,6.81,5.57,0.0
2019-04-04,14.34,14.36,13.66,13.79,14.2,-0.4100000000000001,-2.89,33504099.0,204610654.0,2.28,0.033282,0.065617,1.17,186.802,,10.0293,14.7492,15.9154,0.0,,1006671464.0,1006671464.0,510600686.0,6090362357.0,6090362357.0,环境保护,环保,环境治理,综合环境治理,6.85,5.61,0.0
2019-04-08,13.95,14.09,13.29,13.68,13.79,-0.1099999999999994,-0.8,23209007.0,139886309.0,2.28,0.023055,0.045454,0.76,185.2581,,9.9464,14.6273,15.7839,0.0,,1006671464.0,1006671464.0,510600686.0,6040028784.0,6040028784.0,环境保护,环保,环境治理,综合环境治理,6.66,5.45,0.0
2019-04-09,13.82,14.25,13.45,14.04,13.68,0.3599999999999994,2.63,30985792.0,188977833.0,2.28,0.03078,0.060685,1.04,190.1984,,10.2116,15.0173,16.2048,0.0,,1006671464.0,1006671464.0,510600686.0,6201096218.0,6201096218.0,环境保护,环保,环境治理,综合环境治理,6.6,5.4,0.0
2019-04-10,13.86,14.02,13.61,13.7,14.04,-0.3399999999999998,-2.42,22807853.0,137896678.0,2.28,0.0226569999999999,0.044669,0.77,185.5669,,9.963,14.6516,15.8102,0.0,,1006671464.0,1006671464.0,510600686.0,6050095499.0,6050095499.0,环境保护,环保,环境治理,综合环境治理,6.78,5.54,0.0
2019-04-11,13.75,13.75,13.22,13.29,13.7,-0.4100000000000001,-2.99,20954089.0,123814385.0,2.28,0.020815,0.041038,0.77,180.0092,,9.6646,14.2128,15.3366,0.0,,1006671464.0,1006671464.0,510600686.0,5868894635.0,5868894635.0,环境保护,环保,环境治理,综合环境治理,6.61,5.41,0.0
2019-04-12,13.27,13.63,13.22,13.36,13.29,0.0700000000000002,0.53,15408282.0,90310508.0,2.28,0.015306,0.030177,0.59,180.9354,,9.7143,14.286,15.4156,0.0,,1006671464.0,1006671464.0,510600686.0,5899094779.000001,5899094779.000001,环境保护,环保,环境治理,综合环境治理,6.41,5.25,0.0
2019-04-15,13.27,13.68,13.09,13.16,13.36,-0.1999999999999993,-1.5,19708202.0,116046622.0,2.28,0.0195779999999999,0.038598,0.87,178.1566,,11.1093,14.0665,28.2105,0.0,,1006671464.0,1006671464.0,510600686.0,5808494347.0,5808494347.0,环境保护,环保,环境治理,综合环境治理,6.45,5.27,0.0
2019-04-16,13.16,13.32,12.49,13.22,13.16,0.0600000000000005,0.46,21426424.0,121136552.0,2.28,0.021284,0.041963,0.98,179.0829,,11.1671,14.1397,28.3572,0.0,,1006671464.0,1006671464.0,510600686.0,5838694491.0,5838694491.0,环境保护,环保,环境治理,综合环境治理,6.35,5.19,0.0
2019-04-17,13.29,14.25,13.25,13.91,13.22,0.6899999999999995,5.22,44086270.0,268312886.0,2.28,0.043794,0.086342,2.2,188.3458,,11.7447,14.871,29.8239,0.0,,1006671464.0,1006671464.0,510600686.0,6140695930.0,6140695930.0,环境保护,环保,环境治理,综合环境治理,6.38,5.22,0.0
2019-04-18,13.93,13.98,13.5,13.57,13.91,-0.3399999999999998,-2.44,22656212.0,135952344.0,2.28,0.0225059999999999,0.0443719999999999,0.93,183.7143,,11.4559,14.5054,29.0905,0.0,,1006671464.0,1006671464.0,510600686.0,5989695211.0,5989695211.0,环境保护,环保,环境治理,综合环境治理,6.71,5.49,0.0
2019-04-19,13.7,14.25,13.5,14.11,13.57,0.5399999999999991,3.98,37232841.0,228146071.0,2.28,0.036986,0.07292,1.51,191.1246,,11.9179,15.0905,30.2639,0.0,,1006671464.0,1006671464.0,510600686.0,6231296361.999999,6231296361.999999,环境保护,环保,环境治理,综合环境治理,6.55,5.36,0.0
2019-04-22,13.91,14.8,13.73,14.2,14.11,0.0899999999999998,0.64,48211246.0,302905393.0,2.28,0.047892,0.094421,1.66,,,11.9951,30.4595,30.4595,0.0,,1006671464.0,1006671464.0,510600686.0,6271563221.0,6271563221.0,环境保护,环保,环境治理,综合环境治理,6.81,5.57,0.0
2019-04-23,13.91,15.48,13.84,15.05,14.2,0.8500000000000014,5.99,71177950.0,461140561.0,2.28,0.0707059999999999,0.1394,2.05,,,12.7075,32.2685,32.2685,0.0,,1006671464.0,1006671464.0,510600686.0,6644031662.0,6644031662.0,环境保护,环保,环境治理,综合环境治理,6.85,5.61,0.0
2019-04-24,14.59,14.75,13.7,14.09,15.05,-0.9600000000000009,-6.38,48233577.0,298661323.0,2.28,0.047914,0.092821,1.08,,,11.8988,30.215,30.215,0.0,,1006671464.0,1006671464.0,519642686.00000006,6221229648.0,6221229648.0,环境保护,环保,环境治理,综合环境治理,7.26,5.94,0.0
2019-04-25,14.0,14.32,12.7,12.86,14.09,-1.2300000000000004,-8.73,33474146.000000004,199336191.0,2.28,0.033252,0.064418,0.74,,,10.8591,27.5749,27.5749,0.0,,1006671464.0,1006671464.0,519642686.00000006,5677627057.000001,5677627057.000001,环境保护,环保,环境治理,综合环境治理,6.8,5.56,0.0
2019-04-26,12.84,12.84,11.88,11.97,12.86,-0.8899999999999988,-6.92,29069172.0,156535328.0,2.28,0.028877,0.055941,0.61,,,10.1082,25.6681,25.6681,0.0,,1006671464.0,1006671464.0,519642686.00000006,5285025185.999999,5285025185.999999,环境保护,环保,环境治理,综合环境治理,6.2,5.08,0.0
2019-04-29,12.29,12.29,10.94,11.06,11.97,-0.91,-7.6,23820960.0,119085430.0,2.28,0.023663,0.045841,0.52,,,9.3381,23.7125,23.7125,0.0,,1006671464.0,1006671464.0,519642686.00000006,4882356600.0,4882356600.0,环境保护,环保,环境治理,综合环境治理,5.78,4.73,0.0
2019-04-30,11.08,11.61,11.08,11.58,11.06,0.5199999999999996,4.7,13967854.0,69783920.0,2.28,0.013875,0.02688,0.34,,,10.3471,24.837,27.1775,0.0,,1006671464.0,1006671464.0,519642686.00000006,5113891037.0,5113891037.0,环境保护,环保,环境治理,综合环境治理,5.34,4.37,0.0
2019-05-06,10.97,11.33,10.44,10.49,11.58,-1.09,-9.41,15634449.0,74375440.0,2.28,0.015531,0.030087,0.53,,,9.3694,22.4902,24.6095,0.0,,1006671464.0,1006671464.0,519642686.00000006,4630688734.0,4630688734.0,环境保护,环保,环境治理,综合环境治理,5.59,4.57,0.0
2019-05-07,10.58,11.17,10.44,11.06,10.49,0.5700000000000003,5.43,16156009.0,76787883.0,2.28,0.016049,0.031091,0.7,,,9.8786,23.7125,25.947,0.0,,1006671464.0,1006671464.0,519642686.00000006,4882356600.0,4882356600.0,环境保护,环保,环境治理,综合环境治理,5.06,4.14,0.0
2019-05-08,11.61,12.08,11.19,11.63,11.06,0.5700000000000003,5.15,29011589.0,148851132.0,2.28,0.0288189999999999,0.05583,1.47,,,10.3878,24.9347,27.2845,0.0,,1006671464.0,1006671464.0,519642686.00000006,5134024466.0,5134024466.0,环境保护,环保,环境治理,综合环境治理,5.34,4.37,0.0
2019-05-09,11.13,11.47,11.04,11.1,11.63,-0.5300000000000011,-4.56,19135893.0,94208626.0,2.28,0.019009,0.036825,0.97,,,9.9194,23.8102,26.054,0.0,,1006671464.0,1006671464.0,519642686.00000006,4902490030.0,4902490030.0,环境保护,环保,环境治理,综合环境治理,5.61,4.59,0.0
2019-05-10,11.29,11.54,10.51,11.47,11.1,0.370000000000001,3.33,20089977.0,99279666.0,2.28,0.019957,0.038661,1.07,,,10.2452,24.5925,26.91,0.0,,1006671464.0,1006671464.0,519642686.00000006,5063557464.0,5063557464.0,环境保护,环保,环境治理,综合环境治理,5.36,4.38,0.0
2019-05-13,11.29,11.79,11.13,11.54,11.47,0.0699999999999985,0.61,17214185.0,85887741.0,2.28,0.0171,0.033127,0.86,,,10.3064,24.7392,27.0705,0.0,,1006671464.0,1006671464.0,519642686.00000006,5093757608.0,5093757608.0,环境保护,环保,环境治理,综合环境治理,5.53,4.53,0.0
2019-05-14,11.17,11.95,11.17,11.51,11.54,-0.0299999999999993,-0.26,18888901.0,96273497.0,2.28,0.018764,0.03635,0.93,,,10.286,24.6903,27.017,0.0,,1006671464.0,1006671464.0,519642686.00000006,5083690893.0,5083690893.0,环境保护,环保,环境治理,综合环境治理,5.57,4.55,0.0
2019-05-15,11.47,11.7,11.47,11.56,11.51,0.0500000000000007,0.43,14001101.0,71052999.0,2.28,0.013908,0.026944,0.67,,,10.3267,24.7881,27.124,0.0,,1006671464.0,1006671464.0,519642686.00000006,5103824322.0,5103824322.0,环境保护,环保,环境治理,综合环境治理,5.56,4.55,0.0
2019-05-16,11.47,11.63,11.38,11.49,11.56,-0.0700000000000002,-0.61,15716096.0,79256866.0,2.28,0.015612,0.030244,0.88,,,10.2656,24.6414,26.9635,0.0,,1006671464.0,1006671464.0,519642686.00000006,5073624179.0,5073624179.0,环境保护,环保,环境治理,综合环境治理,5.58,4.56,0.0
2019-05-17,11.45,11.54,10.72,10.85,11.49,-0.6400000000000006,-5.57,17864258.0,86943282.0,2.28,0.0177459999999999,0.034378,1.04,,,9.6953,23.2724,25.4655,0.0,,1006671464.0,1006671464.0,519642686.00000006,4791756169.0,4791756169.0,环境保护,环保,环境治理,综合环境治理,5.54,4.54,0.0
2019-05-20,10.94,11.01,10.03,10.56,10.85,-0.2899999999999991,-2.67,11893647.0,54820043.0,2.28,0.0118149999999999,0.022888,0.71,,,9.4305,22.6368,24.77,0.0,,1006671464.0,1006671464.0,519642686.00000006,4660888878.0,4660888878.0,环境保护,环保,环境治理,综合环境治理,5.24,4.28,0.0
2019-05-21,10.72,10.94,10.51,10.92,10.56,0.3599999999999994,3.41,12299082.0,58413800.0,2.28,0.012218,0.023668,0.78,,,9.7564,23.4191,25.626,0.0,,1006671464.0,1006671464.0,519642686.00000006,4821956313.0,4821956313.0,环境保护,环保,环境治理,综合环境治理,5.09,4.17,0.0
2019-05-22,10.85,11.06,10.6,10.69,10.92,-0.2300000000000004,-2.11,12961736.0,61639318.0,2.28,0.012876,0.024944,0.9,,,9.5527,22.9302,25.091,0.0,,1006671464.0,1006671464.0,519642686.00000006,4721289166.0,4721289166.0,环境保护,环保,环境治理,综合环境治理,5.27,4.31,0.0
2019-05-23,10.6,11.35,10.56,10.83,10.69,0.1400000000000005,1.31,21725689.0,104405491.0,2.28,0.021582,0.041727,1.54,,,9.6749,23.2235,25.412,0.0,,1006671464.0,1006671464.0,520659586.0,4781689454.0,4781689454.0,环境保护,环保,环境治理,综合环境治理,5.16,4.22,0.0
2019-05-24,10.51,10.76,10.17,10.26,10.83,-0.5700000000000003,-5.26,17009421.0,77548847.0,2.28,0.016897,0.032669,1.11,,,9.1657,22.0012,24.0746,0.0,,1006671464.0,1006671464.0,520659586.0,4530021588.0,4530021588.0,环境保护,环保,环境治理,综合环境治理,5.23,4.28,0.0
2019-05-27,10.19,10.58,10.05,10.49,10.26,0.2300000000000004,2.24,15612746.0,70575201.0,2.28,0.015509,0.029986,1.03,,,9.3694,22.4902,24.6095,0.0,,1006671464.0,1006671464.0,520659586.0,4630688734.0,4630688734.0,环境保护,环保,环境治理,综合环境治理,4.95,4.05,0.0
2019-05-28,10.58,11.15,10.53,10.62,10.49,0.129999999999999,1.24,25587910.0,121438195.0,2.28,0.025418,0.049145,1.61,,,9.4916,22.7835,24.9305,0.0,,1006671464.0,1006671464.0,520659586.0,4691089022.0,4691089022.0,环境保护,环保,环境治理,综合环境治理,5.06,4.14,0.0
2019-05-29,10.72,10.88,10.51,10.76,10.62,0.1400000000000005,1.32,16333456.0,76942199.0,2.28,0.016225,0.031371,0.88,,,9.6138,23.0769,25.2515,0.0,,1006671464.0,1006671464.0,520659586.0,4751489310.0,4751489310.0,环境保护,环保,环境治理,综合环境治理,5.13,4.19,0.0
2019-05-30,10.65,10.67,10.31,10.53,10.76,-0.2300000000000004,-2.14,12321592.0,56809338.0,2.28,0.01224,0.023665,0.64,,,9.4101,22.5879,24.7165,0.0,,1006671464.0,1006671464.0,520659586.0,4650822164.0,4650822164.0,环境保护,环保,环境治理,综合环境治理,5.19,4.25,0.0
2019-05-31,10.58,10.78,10.47,10.49,10.53,-0.0399999999999991,-0.38,8848633.0,41140248.0,2.28,0.00879,0.016995,0.51,,,9.3694,22.4902,24.6095,0.0,,1006671464.0,1006671464.0,520659586.0,4630688734.0,4630688734.0,环境保护,环保,环境治理,综合环境治理,5.08,4.16,0.0
2019-06-03,10.58,10.58,10.26,10.28,10.49,-0.2100000000000008,-2.0,10370144.0,47240520.0,2.28,0.010301,0.019917,0.66,,,9.1861,22.0501,24.1281,0.0,,1006671464.0,1006671464.0,520659586.0,4540088303.0,4540088303.0,环境保护,环保,环境治理,综合环境治理,5.06,4.14,0.0
2019-06-04,10.26,10.35,9.67,9.9,10.28,-0.379999999999999,-3.7,12093461.0,53185800.0,2.28,0.012013,0.023227,0.82,,,8.8398,21.219,23.2186,0.0,,1006671464.0,1006671464.0,520659586.0,4368954154.0,4368954154.0,环境保护,环保,环境治理,综合环境治理,4.96,4.06,0.0
2019-06-05,10.05,10.33,9.9,10.03,9.9,0.129999999999999,1.31,13226094.0,58519261.0,2.28,0.013138,0.025403,1.1,,,8.962,21.5123,23.5396,0.0,,1006671464.0,1006671464.0,520659586.0,4429354442.0,4429354442.0,环境保护,环保,环境治理,综合环境治理,4.77,3.91,0.0
2019-06-06,9.94,10.03,9.26,9.37,10.03,-0.6600000000000001,-6.58,13459364.000000002,56344823.0,2.28,0.01337,0.025851,1.18,,,8.3714,20.0945,21.9881,0.0,,1006671464.0,1006671464.0,520659586.0,4137419717.0,4137419717.0,环境保护,环保,环境治理,综合环境治理,4.84,3.96,0.0
2019-06-10,9.39,9.83,9.39,9.62,9.37,0.25,2.67,10534299.0,44242854.0,2.28,0.010464,0.0202329999999999,0.91,,,8.5954,20.6323,22.5766,0.0,,1006671464.0,1006671464.0,520659586.0,4248153578.0,4248153578.0,环境保护,环保,环境治理,综合环境治理,4.52,3.7,0.0
2019-06-11,9.8,10.24,9.48,10.15,9.62,0.5300000000000011,5.51,17250141.0,75175029.0,2.28,0.017136,0.033131,1.45,,,9.0639,21.7568,23.8071,0.0,,1006671464.0,1006671464.0,520659586.0,4479688015.0,4479688015.0,环境保护,环保,环境治理,综合环境治理,4.64,3.8,0.0
2019-06-12,10.12,10.33,9.94,9.96,10.15,-0.1899999999999995,-1.87,13159303.0,58384623.0,2.28,0.0130719999999999,0.025274,0.99,,,8.9009,21.3657,23.3791,0.0,,1006671464.0,1006671464.0,520659586.0,4399154298.0,4399154298.0,环境保护,环保,环境治理,综合环境治理,4.9,4.01,0.0
2019-06-13,9.94,10.17,9.83,10.05,9.96,0.0899999999999998,0.9,10489130.0,46049129.0,2.28,0.01042,0.020146,0.78,,,8.9824,21.5612,23.5931,0.0,,1006671464.0,1006671464.0,520659586.0,4439421156.0,4439421156.0,环境保护,环保,环境治理,综合环境治理,4.81,3.93,0.0
2019-06-14,10.03,10.19,9.6,9.71,10.05,-0.3399999999999998,-3.38,12809828.0,55429508.0,2.28,0.012725,0.024603,0.99,,,8.6769,20.8278,22.7906,0.0,,1006671464.0,1006671464.0,520659586.0,4288420437.0,4288420437.0,环境保护,环保,环境治理,综合环境治理,4.85,3.97,0.0
2019-06-17,9.42,9.71,9.42,9.55,9.71,-0.1600000000000001,-1.65,6357520.0,26679365.0,2.28,0.0063149999999999,0.012211,0.49,,,8.5343,20.4856,22.4161,0.0,,1006671464.0,1006671464.0,520659586.0,4217953434.0,4217953434.0,环境保护,环保,环境治理,综合环境治理,4.69,3.83,0.0
2019-06-18,9.64,9.78,9.48,9.67,9.55,0.1199999999999992,1.26,7179939.999999999,30317497.0,2.28,0.0071319999999999,0.01379,0.6,,,8.6362,20.7301,22.6836,0.0,,1006671464.0,1006671464.0,520659586.0,4268287007.0,4268287007.0,环境保护,环保,环境治理,综合环境治理,4.61,3.77,0.0
2019-06-19,9.8,9.96,9.76,9.76,9.67,0.0899999999999998,0.93,10473000.0,45230570.0,2.28,0.010404,0.0201149999999999,1.05,,,8.7176,20.9256,22.8976,0.0,,1006671464.0,1006671464.0,520659586.0,4308553866.0,4308553866.0,环境保护,环保,环境治理,综合环境治理,4.66,3.82,0.0
2019-06-20,9.85,10.12,9.69,9.99,9.76,0.2300000000000004,2.36,13654845.000000002,59601574.0,2.28,0.013564,0.026226,1.44,,,8.9213,21.4145,23.4326,0.0,,1006671464.0,1006671464.0,520659586.0,4409221012.0,4409221012.0,环境保护,环保,环境治理,综合环境治理,4.71,3.85,0.0
2019-06-21,10.21,10.49,10.21,10.31,9.99,0.3200000000000003,3.2,18740334.0,84896462.0,2.28,0.018616,0.035993,1.86,,,9.2065,22.099,24.1816,0.0,,1006671464.0,1006671464.0,520659586.0,4550155017.0,4550155017.0,环境保护,环保,环境治理,综合环境治理,4.82,3.94,0.0
2019-06-24,10.51,10.6,10.12,10.17,10.31,-0.1400000000000005,-1.36,14239406.0,64651982.0,2.28,0.014145,0.027349,1.26,,,9.0843,21.8057,23.8606,0.0,,1006671464.0,1006671464.0,520659586.0,4489754729.0,4489754729.0,环境保护,环保,环境治理,综合环境治理,4.97,4.07,0.0
2019-06-25,10.4,10.42,9.87,9.99,10.17,-0.1799999999999997,-1.77,10324024.0,45527525.0,2.28,0.010256,0.019829,0.8,,,8.9213,21.4145,23.4326,0.0,,1006671464.0,1006671464.0,520659586.0,4409221012.0,4409221012.0,环境保护,环保,环境治理,综合环境治理,4.91,4.01,0.0
2019-06-26,10.03,10.12,9.9,10.03,9.99,0.0399999999999991,0.4,8138630.0,35660298.0,2.28,0.008085,0.015631,0.6,,,8.962,21.5123,23.5396,0.0,,1006671464.0,1006671464.0,520659586.0,4429354442.0,4429354442.0,环境保护,环保,环境治理,综合环境治理,4.82,3.94,0.0
2019-06-27,9.94,10.03,9.69,9.76,10.03,-0.2699999999999996,-2.69,13083641.0,56577106.0,2.28,0.012997,0.025129,1.0,,,8.7176,20.9256,22.8976,0.0,,1006671464.0,1006671464.0,520659586.0,4308553866.0,4308553866.0,环境保护,环保,环境治理,综合环境治理,4.84,3.96,0.0
2019-06-28,9.71,9.8,9.44,9.58,9.76,-0.1799999999999997,-1.84,9020459.0,37892851.0,2.28,0.008961,0.017325,0.7,,,8.5547,20.5345,22.4696,0.0,,1006671464.0,1006671464.0,520659586.0,4228020149.0,4228020149.0,环境保护,环保,环境治理,综合环境治理,4.71,3.85,0.0
2019-07-01,9.78,10.01,9.64,10.01,9.58,0.4299999999999997,4.49,14428429.999999998,62361290.0,2.28,0.014333,0.027712,1.32,,,8.9417,21.4634,23.4861,0.0,,1006671464.0,1006671464.0,520659586.0,4419287727.0,4419287727.0,环境保护,环保,环境治理,综合环境治理,4.62,3.78,0.0
2019-07-02,10.1,10.1,9.78,9.85,10.01,-0.1600000000000001,-1.6,9288881.0,40348768.0,2.28,0.0092269999999999,0.017841,0.84,,,8.7991,21.1212,23.1116,0.0,,1006671464.0,1006671464.0,520659586.0,4348820724.0,4348820724.0,环境保护,环保,环境治理,综合环境治理,4.83,3.95,0.0
2019-07-03,9.87,10.31,9.64,9.94,9.85,0.0899999999999998,0.91,19405795.0,84972413.0,2.28,0.019277,0.037272,1.8,,,8.8806,21.3168,23.3256,0.0,,1006671464.0,1006671464.0,520659586.0,4389087583.0,4389087583.0,环境保护,环保,环境治理,综合环境治理,4.75,3.89,0.0
2019-07-04,9.94,10.1,9.83,10.05,9.94,0.1100000000000012,1.11,12047655.0,52585962.0,2.28,0.011968,0.023139,0.92,,,8.9824,21.5612,23.5931,0.0,,1006671464.0,1006671464.0,520659586.0,4439421156.0,4439421156.0,环境保护,环保,环境治理,综合环境治理,4.8,3.92,0.0
2019-07-05,10.03,10.03,9.76,9.87,10.05,-0.1800000000000015,-1.79,10815605.0,46723694.0,2.28,0.010744,0.020773,0.84,,,8.8195,21.1701,23.1651,0.0,,1006671464.0,1006671464.0,520659586.0,4358887439.0,4358887439.0,环境保护,环保,环境治理,综合环境治理,4.85,3.97,0.0
2019-07-08,9.83,9.87,9.51,9.67,9.87,-0.1999999999999993,-2.03,11451770.0,48561427.0,2.28,0.0113759999999999,0.021995,0.87,,,8.6362,20.7301,22.6836,0.0,,1006671464.0,1006671464.0,520659586.0,4268287007.0,4268287007.0,环境保护,环保,环境治理,综合环境治理,4.76,3.9,0.0
2019-07-09,9.76,9.9,9.62,9.78,9.67,0.1099999999999994,1.14,7405375.0,31747159.0,2.28,0.007356,0.014223,0.59,,,8.738,20.9745,22.9511,0.0,,1006671464.0,1006671464.0,520659586.0,4318620581.0,4318620581.0,环境保护,环保,环境治理,综合环境治理,4.66,3.82,0.0
2019-07-10,9.8,9.85,9.67,9.85,9.78,0.0700000000000002,0.72,6231604.0,26777724.0,2.28,0.00619,0.011969,0.51,,,8.7991,21.1212,23.1116,0.0,,1006671464.0,1006671464.0,520659586.0,4348820724.0,4348820724.0,环境保护,环保,环境治理,综合环境治理,4.72,3.86,0.0
2019-07-11,9.87,9.9,9.62,9.67,9.85,-0.1799999999999997,-1.83,6243500.0,26717811.0,2.28,0.006202,0.011992,0.65,,,8.6362,20.7301,22.6836,0.0,,1006671464.0,1006671464.0,520659586.0,4268287007.0,4268287007.0,环境保护,环保,环境治理,综合环境治理,4.75,3.89,0.0
2019-07-12,9.74,9.74,9.55,9.6,9.67,-0.0700000000000002,-0.72,5049203.0,21265186.0,2.28,0.005016,0.009698,0.6,,,8.575,20.5834,22.5231,0.0,,1006671464.0,1006671464.0,520659586.0,4238086863.0,4238086863.0,环境保护,环保,环境治理,综合环境治理,4.66,3.82,0.0
2019-07-15,9.58,9.71,9.33,9.53,9.6,-0.0700000000000002,-0.73,8651967.0,36039150.0,2.28,0.008595,0.016617,1.19,,,8.5139,20.4367,22.3626,0.0,,1006671464.0,1006671464.0,520659586.0,4207886720.0,4207886720.0,环境保护,环保,环境治理,综合环境治理,4.63,3.79,0.0
2019-07-16,9.99,10.49,9.85,10.49,9.53,0.9600000000000009,10.07,62347025.0,284503114.0,2.28,0.0619339999999999,0.119746,9.28,,,9.3694,22.4902,24.6095,0.0,,1006671464.0,1006671464.0,520659586.0,4630688734.0,4630688734.0,环境保护,环保,环境治理,综合环境治理,4.6,3.76,0.0
2019-07-17,10.1,10.9,9.96,10.56,10.49,0.0700000000000002,0.67,55459028.0,252096855.0,2.28,0.055091,0.106517,3.13,,,9.4305,22.6368,24.77,0.0,,1006671464.0,1006671464.0,520659586.0,4660888878.0,4660888878.0,环境保护,环保,环境治理,综合环境治理,5.06,4.14,0.0
2019-07-18,10.15,10.33,9.85,9.9,10.56,-0.6600000000000001,-6.25,29740030.0,132235647.0,2.28,0.029543,0.05712,1.08,,,8.8398,21.219,23.2186,0.0,,1006671464.0,1006671464.0,520659586.0,4368954154.0,4368954154.0,环境保护,环保,环境治理,综合环境治理,5.09,4.17,0.0
2019-07-19,10.01,10.03,9.67,9.69,9.9,-0.2100000000000008,-2.12,20532367.0,88462872.0,2.28,0.020396,0.039435,0.64,,,8.6565,20.779,22.7371,0.0,,1006671464.0,1006671464.0,520659586.0,4278353722.0,4278353722.0,环境保护,环保,环境治理,综合环境治理,4.77,3.91,0.0
2019-07-22,9.6,9.67,8.73,8.73,9.69,-0.9599999999999992,-9.91,29928942.0,116957089.0,2.28,0.029731,0.057483,0.85,,,7.8011,18.7255,20.4901,0.0,,1006671464.0,1006671464.0,520659586.0,3855551707.0,3855551707.0,环境保护,环保,环境治理,综合环境治理,4.68,3.83,0.0
2019-07-23,8.62,8.76,8.32,8.73,8.73,0.0,0.0,15312801.999999998,57350766.0,2.28,0.0152109999999999,0.02941,0.39,,,7.8011,18.7255,20.4901,0.0,,1006671464.0,1006671464.0,520659586.0,3855551707.0,3855551707.0,环境保护,环保,环境治理,综合环境治理,4.21,3.45,0.0
2019-07-24,8.76,8.87,8.62,8.69,8.73,-0.0400000000000009,-0.46,12515998.0,48051401.0,2.28,0.012433,0.024039,0.41,,,7.7603,18.6277,20.3831,0.0,,1006671464.0,1006671464.0,520659586.0,3835418278.000001,3835418278.000001,环境保护,环保,环境治理,综合环境治理,4.21,3.45,0.0
2019-07-25,8.6,8.66,8.44,8.48,8.69,-0.209999999999999,-2.42,11856861.0,44227377.0,2.28,0.011778,0.0227729999999999,0.55,,,7.577,18.1877,19.9016,0.0,,1006671464.0,1006671464.0,520659586.0,3744817846.0,3744817846.0,环境保护,环保,环境治理,综合环境治理,4.19,3.43,0.0
2019-07-26,8.44,8.53,8.32,8.53,8.48,0.0499999999999989,0.59,7176500.0,26554437.0,2.28,0.007129,0.013783,0.4,,,7.6177,18.2855,20.0086,0.0,,1006671464.0,1006671464.0,520659586.0,3764951275.0,3764951275.0,环境保护,环保,环境治理,综合环境治理,4.09,3.35,0.0
2019-07-29,8.62,8.73,8.5,8.5,8.53,-0.0299999999999993,-0.35,8145500.0,30696268.0,2.28,0.008092,0.015645,0.53,,,7.5974,18.2366,19.9551,0.0,,1006671464.0,1006671464.0,520659586.0,3754884561.0,3754884561.0,环境保护,环保,环境治理,综合环境治理,4.11,3.37,0.0
2019-07-30,8.5,8.57,8.44,8.5,8.5,0.0,0.0,6772900.999999999,25298526.0,2.28,0.006728,0.0130079999999999,0.62,,,7.5974,18.2366,19.9551,0.0,,1006671464.0,1006671464.0,520659586.0,3754884561.0,3754884561.0,环境保护,环保,环境治理,综合环境治理,4.1,3.36,0.0
2019-07-31,8.48,8.48,8.09,8.23,8.5,-0.2699999999999996,-3.18,11143941.0,40255880.0,2.28,0.01107,0.021404,1.2,,,7.353,17.6499,19.3131,0.0,,1006671464.0,1006671464.0,520659586.0,3634083985.0,3634083985.0,环境保护,环保,环境治理,综合环境治理,4.1,3.36,0.0
2019-08-01,8.19,8.21,7.93,8.0,8.23,-0.2300000000000004,-2.79,9849282.0,34735322.0,2.28,0.009784,0.018917,1.09,,,7.1493,17.161,18.7782,0.0,,1006671464.0,1006671464.0,520659586.0,3533416839.0,3533416839.0,环境保护,环保,环境治理,综合环境治理,3.97,3.25,0.0
2019-08-02,7.77,7.8,7.39,7.66,8.0,-0.3399999999999998,-4.25,16380013.0,54497474.0,2.28,0.016271,0.03146,1.9,,,6.8437,16.4276,17.9757,0.0,,1006671464.0,1006671464.0,520659586.0,3382416119.0,3382416119.0,环境保护,环保,环境治理,综合环境治理,3.86,3.16,0.0
2019-08-05,7.68,7.84,7.55,7.64,7.66,-0.0200000000000004,-0.26,11194100.0,37843313.0,2.28,0.01112,0.0215,1.07,,,6.8234,16.3787,17.9222,0.0,,1006671464.0,1006671464.0,520659586.0,3372349404.0,3372349404.0,环境保护,环保,环境治理,综合环境治理,3.7,3.02,0.0
2019-08-06,7.32,7.48,7.02,7.27,7.64,-0.3700000000000001,-4.84,13988760.999999998,44326788.0,2.28,0.0138959999999999,0.026867,1.26,,,6.4975,15.5964,17.0662,0.0,,1006671464.0,1006671464.0,520659586.0,3211281970.0,3211281970.0,环境保护,环保,环境治理,综合环境治理,3.69,3.02,0.0
2019-08-07,7.41,7.46,7.11,7.23,7.27,-0.0399999999999991,-0.55,9434009.0,30205833.0,2.28,0.009371,0.018119,0.75,,,6.4567,15.4987,16.9592,0.0,,1006671464.0,1006671464.0,520659586.0,3191148541.0,3191148541.0,环境保护,环保,环境治理,综合环境治理,3.51,2.87,0.0
2019-08-08,7.32,7.39,7.23,7.3,7.23,0.0699999999999994,0.97,8996591.0,28930448.0,2.28,0.008937,0.017279,0.74,,,6.5179,15.6453,17.1197,0.0,,1006671464.0,1006671464.0,520659586.0,3221348685.0,3221348685.0,环境保护,环保,环境治理,综合环境治理,3.49,2.85,0.0
2019-08-09,7.34,7.52,7.11,7.23,7.3,-0.0699999999999994,-0.96,12214000.0,39352259.0,2.28,0.012133,0.0234589999999999,1.02,,,6.4567,15.4987,16.9592,0.0,,1006671464.0,1006671464.0,520659586.0,3191148541.0,3191148541.0,环境保护,环保,环境治理,综合环境治理,3.52,2.88,0.0
2019-08-12,7.2,7.41,7.2,7.34,7.23,0.1099999999999994,1.52,8580900.0,27385669.0,2.28,0.008524,0.016481,0.77,,,6.5586,15.7431,17.2267,0.0,,1006671464.0,1006671464.0,520659586.0,3241482113.9999995,3241482113.9999995,环境保护,环保,环境治理,综合环境治理,3.49,2.85,0.0
2019-08-13,7.27,7.43,7.16,7.36,7.34,0.0200000000000004,0.27,8701100.0,28039787.0,2.28,0.008643,0.016712,0.82,,,6.579,15.792,17.2802,0.0,,1006671464.0,1006671464.0,520659586.0,3251548829.0000005,3251548829.0000005,环境保护,环保,环境治理,综合环境治理,3.54,2.9,0.0
2019-08-14,7.46,7.59,7.39,7.41,7.36,0.0499999999999998,0.68,9150624.0,30068924.0,2.28,0.00909,0.017575,0.95,,,6.6197,15.8898,17.3872,0.0,,1006671464.0,1006671464.0,520659586.0,3271682258.0,3271682258.0,环境保护,环保,环境治理,综合环境治理,3.55,2.91,0.0
2019-08-15,7.2,7.55,7.11,7.55,7.41,0.1399999999999996,1.89,10968560.0,35529448.0,2.28,0.010896,0.021067,1.15,,,6.7419,16.1831,17.7082,0.0,,1006671464.0,1006671464.0,520659586.0,3332082546.0,3332082546.0,环境保护,环保,环境治理,综合环境治理,3.58,2.93,0.0
2019-08-16,7.5,7.59,7.39,7.41,7.55,-0.1399999999999996,-1.85,9864900.0,32328177.0,2.28,0.0098,0.018824,0.99,,,6.6197,15.8898,17.3872,0.0,,1006671464.0,1006671464.0,524064086.0,3271682258.0,3271682258.0,环境保护,环保,环境治理,综合环境治理,3.64,2.98,0.0
2019-08-19,8.16,8.16,8.16,8.16,7.41,0.75,10.12,6040908.0,21626450.0,2.28,0.0060009999999999,0.011527,0.64,,,7.2918,17.5032,19.1526,0.0,,1006671464.0,1006671464.0,524064086.0,3603883841.000001,3603883841.000001,环境保护,环保,环境治理,综合环境治理,3.58,2.93,0.0
2019-08-20,8.98,8.98,8.98,8.98,8.16,0.8200000000000003,10.05,3795700.0,14955058.0,2.28,0.003771,0.007243,0.42,,,8.0251,19.2633,21.0786,0.0,,1006671464.0,1006671464.0,524064086.0,3966285568.0,3966285568.0,环境保护,环保,环境治理,综合环境治理,3.94,3.22,0.0
2019-08-21,9.87,9.87,9.87,9.87,8.98,0.8899999999999988,9.91,23633870.0,102334657.0,2.28,0.023477,0.045097,2.97,,,8.8195,21.1701,23.1651,0.0,,1006671464.0,1006671464.0,524064086.0,4358887439.0,4358887439.0,环境保护,环保,环境治理,综合环境治理,4.33,3.55,0.0
2019-08-22,10.85,10.85,10.49,10.85,9.87,0.9800000000000004,9.93,111442859.0,527799396.0,2.28,0.110704,0.212651,10.26,,,9.6953,23.2724,25.4655,0.0,,1006671464.0,1006671464.0,524064086.0,4791756169.0,4791756169.0,环境保护,环保,环境治理,综合环境治理,4.76,3.9,0.0
2019-08-23,10.88,10.88,9.76,9.99,10.85,-0.8599999999999994,-7.93,114284609.0,518405500.0,2.28,0.113527,0.218074,3.69,,,8.9213,21.4145,23.4326,0.0,,1006671464.0,1006671464.0,524064086.0,4409221012.0,4409221012.0,环境保护,环保,环境治理,综合环境治理,5.24,4.28,0.0
2019-08-26,9.42,10.83,9.26,10.37,9.99,0.379999999999999,3.8,103557857.0,449817524.0,2.28,0.102872,0.197605,2.0,,,9.2676,22.2457,24.3421,0.0,,1006671464.0,1006671464.0,524064086.0,4580355161.0,4580355161.0,环境保护,环保,环境治理,综合环境治理,4.82,3.94,0.0
2019-08-27,9.94,11.29,9.76,10.69,10.37,0.3200000000000003,3.09,112697098.0,522186915.0,2.28,0.11195,0.215044,1.58,,,9.9066,22.9302,26.3233,0.0,,1006671464.0,1006671464.0,524064086.0,4721289166.0,4721289166.0,环境保护,环保,环境治理,综合环境治理,5.01,4.1,0.0
2019-08-28,10.42,10.72,9.94,10.6,10.69,-0.0899999999999998,-0.84,79069805.0,359245937.0,2.28,0.0785459999999999,0.1508779999999999,0.85,,,9.8221,22.7346,26.0988,0.0,,1006671464.0,1006671464.0,524064086.0,4681022308.0,4681022308.0,环境保护,环保,环境治理,综合环境治理,5.16,4.22,0.0
2019-08-29,10.47,11.67,10.33,11.67,10.6,1.0700000000000005,10.09,105666302.0,522508542.0,2.28,0.104966,0.201629,1.01,,,10.8149,25.0325,28.7367,0.0,,1006671464.0,1006671464.0,524064086.0,5154157896.0,5154157896.0,环境保护,环保,环境治理,综合环境治理,5.12,4.19,0.0
2019-08-30,11.67,12.84,11.4,11.99,11.67,0.3200000000000003,2.74,175433784.0,951807341.0,2.28,0.1742709999999999,0.331851,1.7,,,11.1106,25.717,29.5225,0.0,,1006671464.0,1006671464.0,528652086.0,5295091901.0,5295091901.0,环境保护,环保,环境治理,综合环境治理,5.63,4.61,0.0
2019-09-02,11.63,12.68,11.06,12.2,11.99,0.209999999999999,1.75,135295640.0,696785408.0,2.28,0.134399,0.255926,1.17,,,11.3007,26.157,30.0276,0.0,,1006671464.0,1006671464.0,528652086.0,5385692332.0,5385692332.0,环境保护,环保,环境治理,综合环境治理,5.79,4.73,0.0
2019-09-03,11.9,12.06,11.17,11.47,12.2,-0.7299999999999986,-5.98,109673139.0,559392999.0,2.28,0.108946,0.207458,0.9,,,10.6248,24.5925,28.2316,0.0,,1006671464.0,1006671464.0,528652086.0,5063557464.0,5063557464.0,环境保护,环保,环境治理,综合环境治理,5.89,4.82,0.0
2019-09-04,11.1,11.49,10.69,10.94,11.47,-0.5300000000000011,-4.62,76794544.0,373152268.0,2.28,0.0762859999999999,0.145265,0.63,,,10.139,23.468,26.9407,0.0,,1006671464.0,1006671464.0,528652086.0,4832023027.0,4832023027.0,环境保护,环保,环境治理,综合环境治理,5.53,4.53,0.0
2019-09-05,10.97,11.38,10.83,10.88,10.94,-0.0599999999999987,-0.55,69012538.0,335064849.0,2.28,0.068555,0.130544,0.57,,,10.0756,23.3213,26.7723,0.0,,1006671464.0,1006671464.0,528652086.0,4801822883.0,4801822883.0,环境保护,环保,环境治理,综合环境治理,5.28,4.32,0.0
2019-09-06,10.88,11.35,10.69,11.1,10.88,0.2199999999999988,2.02,57993218.00000001,281271410.0,2.28,0.057609,0.1097,0.51,,,10.2868,23.8102,27.3336,0.0,,1006671464.0,1006671464.0,528652086.0,4902490030.0,4902490030.0,环境保护,环保,环境治理,综合环境治理,5.25,4.29,0.0
2019-09-09,10.99,11.1,10.76,11.01,11.1,-0.0899999999999998,-0.81,46034111.0,219979157.0,2.28,0.045729,0.087078,0.51,,,10.2024,23.6147,27.109,0.0,,1006671464.0,1006671464.0,528652086.0,4862223171.0,4862223171.0,环境保护,环保,环境治理,综合环境治理,5.36,4.38,0.0
2019-09-10,10.94,11.24,10.83,11.1,11.01,0.0899999999999998,0.82,48373117.0,234910150.0,2.28,0.048053,0.091503,0.67,,,10.2868,23.8102,27.3336,0.0,,1006671464.0,1006671464.0,528652086.0,4902490030.0,4902490030.0,环境保护,环保,环境治理,综合环境治理,5.31,4.35,0.0
2019-09-11,10.94,11.08,10.58,10.65,11.1,-0.4499999999999993,-4.05,37937665.0,180112210.0,2.28,0.037686,0.071763,0.64,,,9.8644,22.8324,26.211,0.0,,1006671464.0,1006671464.0,528652086.0,4701155737.0,4701155737.0,环境保护,环保,环境治理,综合环境治理,5.36,4.38,0.0
2019-09-12,10.65,10.78,10.51,10.72,10.65,0.0700000000000002,0.66,21319568.0,99573451.0,2.28,0.021178,0.040328,0.41,,,9.9278,22.9791,26.3794,0.0,,1006671464.0,1006671464.0,528652086.0,4731355881.0,4731355881.0,环境保护,环保,环境治理,综合环境治理,5.14,4.2,0.0
2019-09-16,10.69,11.08,10.67,10.9,10.72,0.1799999999999997,1.68,34564555.0,165961465.0,2.28,0.034335,0.065382,0.82,,,10.0967,23.3702,26.8284,0.0,,1006671464.0,1006671464.0,528652086.0,4811889598.0,4811889598.0,环境保护,环保,环境治理,综合环境治理,5.17,4.23,0.0
2019-09-17,10.78,11.47,10.67,11.26,10.9,0.3599999999999994,3.3,65905901.0,323286660.0,2.28,0.065469,0.1246679999999999,1.75,,,10.4347,24.1525,27.7264,0.0,,1006671464.0,1006671464.0,528652086.0,4972957032.0,4972957032.0,环境保护,环保,环境治理,综合环境治理,5.26,4.3,0.0
2019-09-18,11.51,11.51,10.72,10.88,11.26,-0.379999999999999,-3.37,44876513.0,218063337.0,2.28,0.044579,0.0848889999999999,1.08,,,10.0756,23.3213,26.7723,0.0,,1006671464.0,1006671464.0,528652086.0,4801822883.0,4801822883.0,环境保护,环保,环境治理,综合环境治理,5.43,4.45,0.0
2019-09-19,10.49,10.51,9.99,10.19,10.88,-0.6900000000000013,-6.34,47068414.0,209782730.0,2.28,0.046756,0.0890349999999999,1.15,,,9.4419,21.8546,25.0885,0.0,,1006671464.0,1006671464.0,528652086.0,4499821444.0,4499821444.0,环境保护,环保,环境治理,综合环境治理,5.25,4.29,0.0
2019-09-20,10.08,10.19,9.96,10.03,10.19,-0.1600000000000001,-1.57,20767800.0,91503811.0,2.28,0.02063,0.039284,0.49,,,9.2941,21.5123,24.6956,0.0,,1006671464.0,1006671464.0,528652086.0,4429354442.0,4429354442.0,环境保护,环保,环境治理,综合环境治理,4.92,4.02,0.0
2019-09-23,10.03,10.03,9.64,9.92,10.03,-0.1099999999999994,-1.1,21971194.0,94647801.0,2.28,0.0218259999999999,0.041561,0.52,,,9.1885,21.2679,24.415,0.0,,1006671464.0,1006671464.0,528652086.0,4379020868.0,4379020868.0,环境保护,环保,环境治理,综合环境治理,4.84,3.96,0.0
2019-09-24,9.92,9.92,9.74,9.78,9.92,-0.1400000000000005,-1.41,13643000.0,58722372.0,2.28,0.0135529999999999,0.025807,0.34,,,9.0617,20.9745,24.0782,0.0,,1006671464.0,1006671464.0,528652086.0,4318620581.0,4318620581.0,环境保护,环保,环境治理,综合环境治理,4.79,3.92,0.0
2019-09-25,9.76,10.03,9.64,9.71,9.78,-0.0699999999999985,-0.72,17618100.0,76168398.0,2.28,0.017501,0.0333259999999999,0.59,,,8.9983,20.8278,23.9098,0.0,,1006671464.0,1006671464.0,528652086.0,4288420437.0,4288420437.0,环境保护,环保,环境治理,综合环境治理,4.72,3.86,0.0
2019-09-26,9.69,9.76,9.14,9.17,9.71,-0.5400000000000009,-5.56,22391421.0,91898989.0,2.28,0.022243,0.042356,0.92,,,8.4914,19.6544,22.5628,0.0,,1006671464.0,1006671464.0,528652086.0,4046819285.0,4046819285.0,环境保护,环保,环境治理,综合环境治理,4.69,3.83,0.0
2019-09-27,9.21,9.39,9.19,9.28,9.17,0.1099999999999994,1.2,9335137.0,38143319.0,2.28,0.009273,0.017658,0.48,,,8.597,19.8989,22.8434,0.0,,1006671464.0,1006671464.0,528652086.0,4097152858.0,4097152858.0,环境保护,环保,环境治理,综合环境治理,4.42,3.62,0.0
2019-09-30,9.39,9.46,9.23,9.26,9.28,-0.0199999999999995,-0.22,7192452.0,29426468.0,2.28,0.007145,0.013605,0.42,,,8.5759,19.85,22.7873,0.0,,1006671464.0,1006671464.0,528652086.0,4087086144.0,4087086144.0,环境保护,环保,环境治理,综合环境治理,4.48,3.66,0.0
2019-10-08,9.23,9.42,9.23,9.28,9.26,0.0199999999999995,0.22,7461964.999999999,30542492.0,2.28,0.0074129999999999,0.0141149999999999,0.53,,,8.597,19.8989,22.8434,0.0,,1006671464.0,1006671464.0,528652086.0,4097152858.0,4097152858.0,环境保护,环保,环境治理,综合环境治理,4.47,3.65,0.0
2019-10-09,9.33,9.67,9.17,9.58,9.28,0.3000000000000007,3.23,15814671.0,65624456.99999999,2.28,0.01571,0.0299149999999999,1.24,,,8.8716,20.5345,23.5731,0.0,,1006671464.0,1006671464.0,528652086.0,4228020149.0,4228020149.0,环境保护,环保,环境治理,综合环境治理,4.48,3.66,0.0
2019-10-10,9.53,10.15,9.48,10.01,9.58,0.4299999999999997,4.49,27064952.0,116660796.0,2.28,0.026886,0.051196,2.18,,,9.2729,21.4634,24.6395,0.0,,1006671464.0,1006671464.0,528652086.0,4419287727.0,4419287727.0,环境保护,环保,环境治理,综合环境治理,4.62,3.78,0.0
2019-10-11,11.01,11.01,11.01,11.01,10.01,1.0,9.99,11833600.0,57156288.0,2.28,0.011755,0.022384,0.88,,,10.2024,23.6147,27.109,0.0,,1006671464.0,1006671464.0,528652086.0,4862223171.0,4862223171.0,环境保护,环保,环境治理,综合环境治理,4.83,3.95,0.0
2019-10-14,12.11,12.11,11.88,12.11,11.01,1.0999999999999996,9.99,26478285.0,140546657.0,2.28,0.026303,0.050086,1.91,,,11.2163,25.9615,29.8031,0.0,,1006671464.0,1006671464.0,528652086.0,5345425474.0,5345425474.0,环境保护,环保,环境治理,综合环境治理,5.31,4.35,0.0
2019-10-15,13.22,13.22,11.13,11.22,12.11,-0.8899999999999988,-7.35,120914173.0,644942403.0,2.28,0.120113,0.2287219999999999,6.82,,,10.3925,24.0547,27.6142,0.0,,1006671464.0,1006671464.0,528652086.0,4952823603.0,4952823603.0,环境保护,环保,环境治理,综合环境治理,5.84,4.78,0.0
2019-10-16,10.33,11.22,10.15,10.47,11.22,-0.75,-6.68,69165170.0,322766498.0,2.28,0.068707,0.119459,1.71,,,9.6954,22.4413,25.762,0.0,,1006671464.0,1006671464.0,578985569.0,4620622020.0,4620622020.0,环境保护,环保,环境治理,综合环境治理,5.41,4.43,0.0
2019-10-17,10.35,10.47,9.83,9.87,10.47,-0.6000000000000014,-5.73,43488751.0,191891366.0,2.28,0.043201,0.075112,0.85,,,9.1462,21.1701,24.3027,0.0,,1006671464.0,1006671464.0,578985569.0,4358887439.0,4358887439.0,环境保护,环保,环境治理,综合环境治理,5.05,4.13,0.0
2019-10-18,9.8,10.31,9.8,10.05,9.87,0.1800000000000015,1.82,37458511.0,165366763.0,2.28,0.03721,0.0646969999999999,0.69,,,9.3152,21.5612,24.7517,0.0,,1006671464.0,1006671464.0,578985569.0,4439421156.0,4439421156.0,环境保护,环保,环境治理,综合环境治理,4.76,3.9,0.0
2019-10-21,9.94,10.03,9.23,9.53,10.05,-0.5200000000000014,-5.17,27851627.0,116133951.0,2.28,0.027667,0.0481039999999999,0.47,,,8.8294,20.4367,23.4608,0.0,,1006671464.0,1006671464.0,578985569.0,4207886720.0,4207886720.0,环境保护,环保,环境治理,综合环境治理,4.85,3.97,0.0
2019-10-22,9.6,9.64,9.39,9.48,9.53,-0.0499999999999989,-0.52,18090086.0,75200790.0,2.28,0.01797,0.031244,0.3,,,8.7871,20.3389,23.3486,0.0,,1006671464.0,1006671464.0,578985569.0,4187753290.000001,4187753290.000001,环境保护,环保,环境治理,综合环境治理,4.6,3.76,0.0
2019-10-23,9.58,9.6,9.3,9.33,9.48,-0.1500000000000003,-1.58,16650200.0,68617045.0,2.28,0.01654,0.028758,0.42,,,8.6393,19.9967,22.9557,0.0,,1006671464.0,1006671464.0,578985569.0,4117286288.0,4117286288.0,环境保护,环保,环境治理,综合环境治理,4.58,3.74,0.0
2019-10-24,9.33,9.51,9.19,9.42,9.33,0.0899999999999998,0.96,15692985.999999998,64527080.0,2.28,0.0155889999999999,0.027104,0.55,,,8.7238,20.1923,23.1802,0.0,,1006671464.0,1006671464.0,578985569.0,4157553146.0,4157553146.0,环境保护,环保,环境治理,综合环境治理,4.5,3.68,0.0
2019-10-25,9.42,10.24,9.35,10.05,9.42,0.6300000000000008,6.69,33756389.0,145318549.0,2.28,0.033533,0.058303,1.46,,,9.3152,21.5612,24.7517,0.0,,1006671464.0,1006671464.0,578985569.0,4439421156.0,4439421156.0,环境保护,环保,环境治理,综合环境治理,4.54,3.72,0.0
2019-10-28,9.51,10.1,9.51,9.92,10.05,-0.1300000000000007,-1.29,27957266.0,120930533.0,2.28,0.027772,0.048287,1.25,,,9.1885,21.2679,24.415,0.0,,1006671464.0,1006671464.0,578985569.0,4379020868.0,4379020868.0,环境保护,环保,环境治理,综合环境治理,4.85,3.97,0.0
2019-10-29,9.92,9.94,9.53,9.53,9.92,-0.3900000000000005,-3.93,18512901.0,78389499.0,2.28,0.01839,0.0319749999999999,0.83,,,8.8294,20.4367,23.4608,0.0,,1006671464.0,1006671464.0,578985569.0,4207886720.0,4207886720.0,环境保护,环保,环境治理,综合环境治理,4.79,3.92,0.0
2019-10-30,9.53,9.53,9.23,9.3,9.53,-0.2299999999999986,-2.41,15565066.0,63556401.0,2.28,0.015462,0.026883,0.69,,,8.6181,19.9478,22.8996,0.0,,1006671464.0,1006671464.0,578985569.0,4107219573.0,4107219573.0,环境保护,环保,环境治理,综合环境治理,4.6,3.76,0.0
2019-10-31,9.26,9.53,9.26,9.37,9.3,0.0699999999999985,0.75,10735000.0,44166537.0,2.28,0.010664,0.018541,0.48,,,9.1744,20.0945,24.4692,0.0,,1006671464.0,1006671464.0,578985569.0,4137419717.0,4137419717.0,环境保护,环保,环境治理,综合环境治理,4.49,3.67,0.0
2019-11-01,9.33,9.46,9.26,9.44,9.37,0.0700000000000002,0.75,9297101.0,38275438.0,2.28,0.009235,0.016058,0.44,,,9.2414,20.2411,24.6478,0.0,,1006671464.0,1006671464.0,578985569.0,4167619861.0,4167619861.0,环境保护,环保,环境治理,综合环境治理,4.52,3.7,0.0
2019-11-04,9.51,9.51,9.23,9.28,9.44,-0.1600000000000001,-1.69,12912000.0,52785645.0,2.28,0.0128259999999999,0.022301,0.79,,,9.0851,19.8989,24.2311,0.0,,1006671464.0,1006671464.0,578985569.0,4097152858.0,4097152858.0,环境保护,环保,环境治理,综合环境治理,4.55,3.73,0.0
2019-11-05,9.3,9.35,9.14,9.28,9.28,0.0,0.0,10420601.0,42267396.0,2.28,0.0103519999999999,0.017998,0.78,,,9.0851,19.8989,24.2311,0.0,,1006671464.0,1006671464.0,578985569.0,4097152858.0,4097152858.0,环境保护,环保,环境治理,综合环境治理,4.48,3.66,0.0
2019-11-06,9.3,9.3,9.17,9.23,9.28,-0.0499999999999989,-0.54,6996600.0,28244741.0,2.28,0.00695,0.012084,0.59,,,9.0405,19.8011,24.112,0.0,,1006671464.0,1006671464.0,578985569.0,4077019429.0,4077019429.0,环境保护,环保,环境治理,综合环境治理,4.48,3.66,0.0
2019-11-07,9.21,9.76,9.19,9.62,9.23,0.3899999999999988,4.23,19133303.0,79726331.0,2.28,0.019007,0.033046,1.9,,,9.42,20.6323,25.1241,0.0,,1006671464.0,1006671464.0,578985569.0,4248153578.0,4248153578.0,环境保护,环保,环境治理,综合环境治理,4.46,3.65,0.0
2019-11-08,9.55,9.6,9.26,9.3,9.62,-0.3199999999999985,-3.33,13582365.0,56369244.0,2.28,0.0134919999999999,0.0234589999999999,1.16,,,9.1075,19.9478,24.2906,0.0,,1006671464.0,1006671464.0,578985569.0,4107219573.0,4107219573.0,环境保护,环保,环境治理,综合环境治理,4.64,3.8,0.0
2019-11-11,9.28,9.28,8.91,8.96,9.3,-0.3399999999999998,-3.66,12874000.0,51206230.0,2.28,0.012789,0.022235,1.02,,,8.7726,19.2144,23.3976,0.0,,1006671464.0,1006671464.0,578985569.0,3956218854.000001,3956218854.000001,环境保护,环保,环境治理,综合环境治理,4.49,3.67,0.0
2019-11-12,8.98,9.33,8.66,9.19,8.96,0.2299999999999986,2.57,16918903.0,66635984.0,2.28,0.016807,0.029222,1.34,,,8.9959,19.7033,23.9929,0.0,,1006671464.0,1006671464.0,578985569.0,4056886000.0,4056886000.0,环境保护,环保,环境治理,综合环境治理,4.32,3.54,0.0
2019-11-13,9.03,9.05,8.89,8.91,9.19,-0.2799999999999993,-3.05,10364503.0,40698546.0,2.28,0.010296,0.017901,0.75,,,8.728,19.1166,23.2785,0.0,,1006671464.0,1006671464.0,578985569.0,3936085424.0,3936085424.0,环境保护,环保,环境治理,综合环境治理,4.43,3.63,0.0
2019-11-14,8.87,8.96,8.8,8.87,8.91,-0.0400000000000009,-0.45,6745207.000000001,26278869.0,2.28,0.006701,0.01165,0.46,,,8.6833,19.0189,23.1594,0.0,,1006671464.0,1006671464.0,578985569.0,3915951995.0,3915951995.0,环境保护,环保,环境治理,综合环境治理,4.3,3.52,0.0
2019-11-15,8.89,9.21,8.82,9.01,8.87,0.1400000000000005,1.58,12542189.0,49647462.0,2.28,0.012459,0.021662,1.04,,,8.8173,19.3122,23.5166,0.0,,1006671464.0,1006671464.0,578985569.0,3976352283.0,3976352283.0,环境保护,环保,环境治理,综合环境治理,4.28,3.5,0.0
2019-11-18,8.89,9.17,8.82,9.05,9.01,0.0400000000000009,0.44,7861100.0,31188412.0,2.28,0.007809,0.0135769999999999,0.66,,,8.8619,19.41,23.6357,0.0,,1006671464.0,1006671464.0,578985569.0,3996485712.0,3996485712.0,环境保护,环保,环境治理,综合环境治理,4.35,3.56,0.0
2019-11-19,9.12,9.12,8.98,9.12,9.05,0.0699999999999985,0.77,10282827.0,40926590.0,2.28,0.010215,0.01776,0.94,,,8.9289,19.5567,23.8143,0.0,,1006671464.0,1006671464.0,578985569.0,4026685856.0,4026685856.0,环境保护,环保,环境治理,综合环境治理,4.37,3.57,0.0
2019-11-20,9.1,9.48,9.05,9.35,9.12,0.2300000000000004,2.52,20201069.0,82615036.0,2.28,0.0200669999999999,0.037881,2.11,,,9.1521,20.0456,24.4097,0.0,,1006671464.0,1006671464.0,533272786.0,4127353002.0,4127353002.0,环境保护,环保,环境治理,综合环境治理,4.4,3.6,0.0
2019-11-21,9.33,9.33,9.07,9.19,9.35,-0.1600000000000001,-1.71,12689829.0,51007559.0,2.28,0.012606,0.0237959999999999,1.1,,,8.9959,19.7033,23.9929,0.0,,1006671464.0,1006671464.0,533272786.0,4056886000.0,4056886000.0,环境保护,环保,环境治理,综合环境治理,4.51,3.69,0.0
2019-11-22,9.14,9.23,9.01,9.01,9.19,-0.1799999999999997,-1.96,9217900.0,36735432.0,2.28,0.009157,0.017286,0.72,,,8.8173,19.3122,23.5166,0.0,,1006671464.0,1006671464.0,533272786.0,3976352283.0,3976352283.0,环境保护,环保,环境治理,综合环境治理,4.43,3.63,0.0
2019-11-25,9.01,9.01,8.73,8.73,9.01,-0.2799999999999993,-3.11,10687304.0,41260001.0,2.28,0.010616,0.020041,0.89,,,8.5494,18.7255,22.8022,0.0,,1006671464.0,1006671464.0,533272786.0,3855551707.0,3855551707.0,环境保护,环保,环境治理,综合环境治理,4.35,3.56,0.0
2019-11-26,8.73,8.87,8.66,8.82,8.73,0.0899999999999998,1.03,6616624.000000001,25455438.0,2.28,0.006573,0.0124079999999999,0.52,,,8.6387,18.9211,23.0403,0.0,,1006671464.0,1006671464.0,533272786.0,3895818566.0,3895818566.0,环境保护,环保,环境治理,综合环境治理,4.21,3.45,0.0
2019-11-27,8.82,8.85,8.69,8.76,8.82,-0.0600000000000005,-0.68,5171300.0,19902001.0,2.28,0.005137,0.009697,0.44,,,8.5717,18.7744,22.8617,0.0,,1006671464.0,1006671464.0,533272786.0,3865618422.0,3865618422.0,环境保护,环保,环境治理,综合环境治理,4.26,3.48,0.0
2019-11-28,8.89,8.89,8.66,8.71,8.76,-0.0499999999999989,-0.57,6401374.0,24482530.0,2.28,0.006359,0.0120039999999999,0.72,,,8.5271,18.6766,22.7427,0.0,,1006671464.0,1006671464.0,533272786.0,3845484992.0,3845484992.0,环境保护,环保,环境治理,综合环境治理,4.22,3.46,0.0
2019-11-29,8.69,8.78,8.6,8.71,8.71,0.0,0.0,6003601.0,22811881.0,2.28,0.005964,0.0112579999999999,0.79,,,8.5271,18.6766,22.7427,0.0,,1006671464.0,1006671464.0,533272786.0,3845484992.0,3845484992.0,环境保护,环保,环境治理,综合环境治理,4.2,3.44,0.0
2019-12-02,8.69,8.71,8.62,8.62,8.71,-0.0900000000000016,-1.03,4774700.0,18123141.0,2.28,0.004743,0.008954,0.68,,,8.4378,18.481,22.5045,0.0,,1006671464.0,1006671464.0,533272786.0,3805218134.0,3805218134.0,环境保护,环保,环境治理,综合环境治理,4.2,3.44,0.0
2019-12-03,8.55,8.73,8.5,8.64,8.62,0.0200000000000013,0.23,5499802.0,20812527.0,2.28,0.005463,0.010313,0.95,,,8.4601,18.5299,22.5641,0.0,,1006671464.0,1006671464.0,533272786.0,3815284849.0,3815284849.0,环境保护,环保,环境治理,综合环境治理,4.16,3.4,0.0
2019-12-04,8.6,8.66,8.57,8.64,8.64,0.0,0.0,4153600.0,15723833.0,2.28,0.004126,0.007789,0.75,,,8.4601,18.5299,22.5641,0.0,,1006671464.0,1006671464.0,533272786.0,3815284849.0,3815284849.0,环境保护,环保,环境治理,综合环境治理,4.17,3.41,0.0
2019-12-05,8.64,8.78,8.64,8.73,8.64,0.0899999999999998,1.04,5892192.0,22502067.0,2.28,0.005853,0.011049,1.1,,,8.5494,18.7255,22.8022,0.0,,1006671464.0,1006671464.0,533272786.0,3855551707.0,3855551707.0,环境保护,环保,环境治理,综合环境治理,4.17,3.41,0.0
2019-12-06,8.76,8.8,8.66,8.78,8.73,0.0499999999999989,0.57,5985285.0,22942748.0,2.28,0.005946,0.011224,1.14,,,8.5941,18.8233,22.9213,0.0,,1006671464.0,1006671464.0,533272786.0,3875685136.0,3875685136.0,环境保护,环保,环境治理,综合环境治理,4.21,3.45,0.0
2019-12-09,8.82,8.89,8.78,8.82,8.78,0.0400000000000009,0.46,7423812.0,28778323.0,2.28,0.007375,0.013921,1.41,,,8.6387,18.9211,23.0403,0.0,,1006671464.0,1006671464.0,533272786.0,3895818566.0,3895818566.0,环境保护,环保,环境治理,综合环境治理,4.24,3.47,0.0
2019-12-10,8.94,9.71,8.89,9.71,8.82,0.8900000000000006,10.09,22051347.0,91303225.0,2.28,0.021905,0.041351,3.81,,,9.5093,20.8278,25.3622,0.0,,1006671464.0,1006671464.0,533272786.0,4288420437.0,4288420437.0,环境保护,环保,环境治理,综合环境治理,4.26,3.48,0.0
2019-12-11,10.01,10.44,9.58,9.94,9.71,0.2299999999999986,2.37,75278166.0,331621397.0,2.28,0.074779,0.141163,8.27,,,9.7325,21.3168,25.9576,0.0,,1006671464.0,1006671464.0,533272786.0,4389087583.0,4389087583.0,环境保护,环保,环境治理,综合环境治理,4.69,3.83,0.0
2019-12-12,9.69,9.8,9.39,9.58,9.94,-0.3599999999999994,-3.62,38355270.0,161871411.0,2.28,0.0381009999999999,0.071924,1.64,,,9.3753,20.5345,25.005,0.0,,1006671464.0,1006671464.0,533272786.0,4228020149.0,4228020149.0,环境保护,环保,环境治理,综合环境治理,4.8,3.92,0.0
2019-12-13,9.6,9.67,9.26,9.39,9.58,-0.1899999999999995,-1.98,26588140.000000004,110284752.0,2.28,0.026412,0.049858,0.89,,,9.1968,20.1434,24.5287,0.0,,1006671464.0,1006671464.0,533272786.0,4147486432.0,4147486432.0,环境保护,环保,环境治理,综合环境治理,4.62,3.78,0.0
2019-12-16,9.46,9.55,9.33,9.55,9.39,0.1600000000000001,1.7,19295277.0,80144930.0,2.28,0.019167,0.036183,0.57,,,9.353,20.4856,24.9455,0.0,,1006671464.0,1006671464.0,533272786.0,4217953434.0,4217953434.0,环境保护,环保,环境治理,综合环境治理,4.53,3.71,0.0
2019-12-17,9.67,9.87,9.53,9.55,9.55,0.0,0.0,27609273.0,117110226.0,2.28,0.027426,0.051773,0.76,,,9.353,20.4856,24.9455,0.0,,1006671464.0,1006671464.0,533272786.0,4217953434.0,4217953434.0,环境保护,环保,环境治理,综合环境治理,4.61,3.77,0.0
2019-12-18,9.46,9.55,9.35,9.48,9.55,-0.0700000000000002,-0.73,19894975.0,82515868.0,2.28,0.019763,0.037307,0.53,,,9.286,20.3389,24.7669,0.0,,1006671464.0,1006671464.0,533272786.0,4187753290.000001,4187753290.000001,环境保护,环保,环境治理,综合环境治理,4.61,3.77,0.0
2019-12-19,9.48,9.87,9.46,9.74,9.48,0.2599999999999998,2.74,30938651.0,131230289.0,2.28,0.0307339999999999,0.058017,1.17,,,9.5316,20.8767,25.4218,0.0,,1006671464.0,1006671464.0,533272786.0,4298487151.0,4298487151.0,环境保护,环保,环境治理,综合环境治理,4.58,3.74,0.0
2019-12-20,9.74,9.87,9.53,9.58,9.74,-0.1600000000000001,-1.64,24232245.0,103205967.0,2.28,0.024072,0.045441,0.97,,,9.3753,20.5345,25.005,0.0,,1006671464.0,1006671464.0,533272786.0,4228020149.0,4228020149.0,环境保护,环保,环境治理,综合环境治理,4.7,3.84,0.0
2019-12-23,9.53,9.53,9.12,9.14,9.58,-0.4399999999999995,-4.59,19248465.0,78321024.0,2.28,0.019121,0.036095,0.79,,,8.9512,19.6056,23.8738,0.0,,1006671464.0,1006671464.0,533272786.0,4036752571.0,4036752571.0,环境保护,环保,环境治理,综合环境治理,4.62,3.78,0.0
2019-12-24,9.23,9.58,9.23,9.39,9.14,0.25,2.74,12384457.0,51027567.0,2.28,0.012302,0.0232229999999999,0.51,,,9.1968,20.1434,24.5287,0.0,,1006671464.0,1006671464.0,533272786.0,4147486432.0,4147486432.0,环境保护,环保,环境治理,综合环境治理,4.41,3.61,0.0
2019-12-25,9.33,9.48,9.21,9.3,9.39,-0.0899999999999998,-0.96,11338500.0,46287716.0,2.28,0.011263,0.021262,0.53,,,9.1075,19.9478,24.2906,0.0,,1006671464.0,1006671464.0,533272786.0,4107219573.0,4107219573.0,环境保护,环保,环境治理,综合环境治理,4.53,3.71,0.0
2019-12-26,9.26,9.39,9.21,9.37,9.3,0.0699999999999985,0.75,10571700.0,43183846.0,2.28,0.010502,0.0198239999999999,0.54,,,9.1744,20.0945,24.4692,0.0,,1006671464.0,1006671464.0,533272786.0,4137419717.0,4137419717.0,环境保护,环保,环境治理,综合环境治理,4.49,3.67,0.0
2019-12-27,9.33,9.44,9.26,9.28,9.37,-0.0899999999999998,-0.96,13143350.0,53883998.0,2.28,0.013056,0.024647,0.84,,,9.0851,19.8989,24.2311,0.0,,1006671464.0,1006671464.0,533272786.0,4097152858.0,4097152858.0,环境保护,环保,环境治理,综合环境治理,4.52,3.7,0.0
2019-12-30,9.37,9.67,9.33,9.55,9.28,0.2700000000000013,2.91,22829110.0,95155735.0,2.28,0.0226779999999999,0.042809,1.71,,,9.353,20.4856,24.9455,0.0,,1006671464.0,1006671464.0,533272786.0,4217953434.0,4217953434.0,环境保护,环保,环境治理,综合环境治理,4.48,3.66,0.0
2019-12-31,9.46,9.64,9.37,9.51,9.55,-0.0400000000000009,-0.42,13518865.0,56198757.0,2.28,0.013429,0.025351,0.96,,,9.3084,20.3878,24.8264,0.0,,1006671464.0,1006671464.0,533272786.0,4197820005.0,4197820005.0,环境保护,环保,环境治理,综合环境治理,4.61,3.77,0.0
2020-01-02,9.55,9.64,9.46,9.64,9.51,0.1300000000000007,1.37,19729140.0,82994274.0,2.2795,0.019598,0.036996,1.38,,,9.4423,20.6812,25.1836,0.0,,1006671464.0,1006671464.0,533272786.0,4258220293.0,4258220293.0,环境保护,环保,环境治理,综合环境治理,4.59,3.75,0.0
2020-01-03,9.64,9.78,9.51,9.57,9.64,-0.0700000000000002,-0.73,16408532.0,69075418.0,2.2795,0.0163,0.030769,1.03,,,9.3753,20.5345,25.005,0.0,,1006671464.0,1006671464.0,533272786.0,4228020149.0,4228020149.0,环境保护,环保,环境治理,综合环境治理,4.65,3.81,0.0
2020-01-06,9.53,9.6,9.39,9.51,9.57,-0.0600000000000005,-0.63,14976951.999999998,62454115.0,2.2795,0.014878,0.028085,0.87,,,9.3084,20.3878,24.8264,0.0,,1006671464.0,1006671464.0,533272786.0,4197820005.0,4197820005.0,环境保护,环保,环境治理,综合环境治理,4.62,3.78,0.0
2020-01-07,9.51,9.62,9.46,9.6,9.51,0.0899999999999998,0.95,15952339.000000002,66813867.0,2.2795,0.015847,0.029914,0.91,,,9.3977,20.5834,25.0646,0.0,,1006671464.0,1006671464.0,533272786.0,4238086863.0,4238086863.0,环境保护,环保,环境治理,综合环境治理,4.59,3.75,0.0
2020-01-08,9.57,9.57,9.39,9.39,9.6,-0.209999999999999,-2.19,18843739.0,78139182.0,2.2795,0.018719,0.035336,1.17,,,9.1968,20.1434,24.5287,0.0,,1006671464.0,1006671464.0,533272786.0,4147486432.0,4147486432.0,环境保护,环保,环境治理,综合环境治理,4.63,3.79,0.0
2020-01-09,9.44,9.51,9.37,9.46,9.39,0.0700000000000002,0.75,11869877.0,49100805.0,2.2795,0.011791,0.022259,0.69,,,9.2637,20.29,24.7073,0.0,,1006671464.0,1006671464.0,533272786.0,4177686576.0,4177686576.0,环境保护,环保,环境治理,综合环境治理,4.53,3.71,0.0
2020-01-10,9.46,10.01,9.39,9.6,9.46,0.1399999999999988,1.48,30855601.0,131536351.0,2.2795,0.030651,0.057861,1.98,,,9.3977,20.5834,25.0646,0.0,,1006671464.0,1006671464.0,533272786.0,4238086863.0,4238086863.0,环境保护,环保,环境治理,综合环境治理,4.57,3.74,0.0
2020-01-13,9.55,9.57,9.35,9.46,9.6,-0.1399999999999988,-1.46,14710826.999999998,60737892.0,2.2795,0.014613,0.027586,0.8,,,9.2637,20.29,24.7073,0.0,,1006671464.0,1006671464.0,533272786.0,4177686576.0,4177686576.0,环境保护,环保,环境治理,综合环境治理,4.63,3.79,0.0
2020-01-14,9.51,9.51,9.37,9.37,9.46,-0.0900000000000016,-0.95,11878400.0,49057098.0,2.2795,0.0118,0.022275,0.64,,,9.1744,20.0945,24.4692,0.0,,1006671464.0,1006671464.0,533272786.0,4137419717.0,4137419717.0,环境保护,环保,环境治理,综合环境治理,4.57,3.74,0.0
2020-01-15,9.41,9.41,9.23,9.25,9.37,-0.1199999999999992,-1.28,11138983.0,45316968.0,2.2795,0.011065,0.020888,0.63,,,9.0628,19.85,24.1715,0.0,,1006671464.0,1006671464.0,533272786.0,4087086144.0,4087086144.0,环境保护,环保,环境治理,综合环境治理,4.52,3.7,0.0
2020-01-16,9.25,9.32,9.19,9.19,9.25,-0.0600000000000005,-0.65,8023100.0,32524883.0,2.2795,0.00797,0.015045,0.5,,,8.9959,19.7033,23.9929,0.0,,1006671464.0,1006671464.0,533272786.0,4056886000.0,4056886000.0,环境保护,环保,环境治理,综合环境治理,4.47,3.65,0.0
2020-01-17,9.21,9.25,9.14,9.16,9.19,-0.0299999999999993,-0.33,6052301.0,24414194.0,2.2795,0.006012,0.011349,0.4,,,8.9735,19.6544,23.9334,0.0,,1006671464.0,1006671464.0,533272786.0,4046819285.0,4046819285.0,环境保护,环保,环境治理,综合环境治理,4.43,3.63,0.0
2020-01-20,9.23,9.23,9.16,9.23,9.16,0.0700000000000002,0.76,5480403.0,22100258.0,2.2795,0.005444,0.010277,0.53,,,9.0405,19.8011,24.112,0.0,,1006671464.0,1006671464.0,533272786.0,4077019429.0,4077019429.0,环境保护,环保,环境治理,综合环境治理,4.42,3.62,0.0
2020-01-21,9.25,9.25,9.14,9.14,9.23,-0.0899999999999998,-0.98,6165102.0,24841609.0,2.2795,0.006124,0.0115609999999999,0.72,,,8.9512,19.6056,23.8738,0.0,,1006671464.0,1006671464.0,533272786.0,4036752571.0,4036752571.0,环境保护,环保,环境治理,综合环境治理,4.46,3.65,0.0
2020-01-22,9.28,9.28,9.14,9.14,9.14,0.0,0.0,8711748.0,35063843.0,2.2795,0.008654,0.016336,1.18,,,8.9512,19.6056,23.8738,0.0,,1006671464.0,1006671464.0,533272786.0,4036752571.0,4036752571.0,环境保护,环保,环境治理,综合环境治理,4.41,3.61,0.0
2020-01-23,9.0,9.0,8.66,8.73,9.14,-0.4100000000000001,-4.49,13913568.0,54012654.0,2.2795,0.013821,0.026091,2.02,,,8.5494,18.7255,22.8022,0.0,,1006671464.0,1006671464.0,533272786.0,3855551707.0,3855551707.0,环境保护,环保,环境治理,综合环境治理,4.41,3.61,0.0
2020-02-03,7.86,7.86,7.86,7.86,8.73,-0.8700000000000001,-9.97,1548500.0,5342325.0,2.2795,0.0015379999999999,0.002904,0.19,,,7.7012,16.8676,20.5398,0.0,,1006671464.0,1006671464.0,533272786.0,3473016550.9999995,3473016550.9999995,环境保护,环保,环境治理,综合环境治理,4.21,3.45,0.0
2020-02-04,7.09,7.59,7.09,7.43,7.86,-0.4300000000000006,-5.47,18041613.0,58142894.0,2.2795,0.017922,0.033832,2.52,,,7.277,15.9387,19.4087,0.0,,1006671464.0,1006671464.0,533272786.0,3281748973.0,3281748973.0,环境保护,环保,环境治理,综合环境治理,3.8,3.11,0.0
2020-02-05,7.43,7.73,7.36,7.64,7.43,0.2099999999999999,2.83,11556034.0,38554713.0,2.2795,0.011479,0.02167,1.19,,,7.4779,16.3787,19.9445,0.0,,1006671464.0,1006671464.0,533272786.0,3372349404.0,3372349404.0,环境保护,环保,环境治理,综合环境治理,3.59,2.93,0.0
2020-02-06,7.75,7.75,7.57,7.7,7.64,0.0600000000000005,0.79,13244510.0,44497598.0,2.2795,0.013157,0.024836,1.23,,,7.5449,16.5254,20.1231,0.0,,1006671464.0,1006671464.0,533272786.0,3402549548.0,3402549548.0,环境保护,环保,环境治理,综合环境治理,3.69,3.02,0.0
2020-02-07,7.68,7.89,7.59,7.89,7.7,0.1899999999999995,2.47,15661706.0,53316440.0,2.2795,0.015558,0.029369,1.34,,,7.7235,16.9165,20.5994,0.0,,1006671464.0,1006671464.0,533272786.0,3483083265.0000005,3483083265.0000005,环境保护,环保,环境治理,综合环境治理,3.72,3.04,0.0
2020-02-10,7.82,8.12,7.75,8.09,7.89,0.2000000000000001,2.53,15675900.0,54590563.0,2.2795,0.0155719999999999,0.029396,1.31,,,7.9244,17.3565,21.1352,0.0,,1006671464.0,1006671464.0,533272786.0,3573683697.0,3573683697.0,环境保护,环保,环境治理,综合环境治理,3.81,3.11,0.0
2020-02-11,8.02,8.23,8.0,8.05,8.09,-0.0399999999999991,-0.49,12131300.0,43007528.0,2.2795,0.012051,0.022749,0.82,,,7.8797,17.2588,21.0161,0.0,,1006671464.0,1006671464.0,533272786.0,3553550268.0,3553550268.0,环境保护,环保,环境治理,综合环境治理,3.91,3.2,0.0
2020-02-12,8.02,8.41,8.0,8.32,8.05,0.2699999999999996,3.35,18839022.0,68267530.0,2.2795,0.0187139999999999,0.035327,1.38,,,8.1476,17.8455,21.7306,0.0,,1006671464.0,1006671464.0,533272786.0,3674350844.0,3674350844.0,环境保护,环保,环境治理,综合环境治理,3.88,3.18,0.0
2020-02-13,8.25,8.3,8.07,8.14,8.32,-0.1799999999999997,-2.16,14770301.0,53012091.0,2.2795,0.014672,0.027697,0.98,,,7.969,17.4543,21.2543,0.0,,1006671464.0,1006671464.0,533272786.0,3593817126.0000005,3593817126.0000005,环境保护,环保,环境治理,综合环境治理,4.02,3.29,0.0
2020-02-14,8.07,8.21,7.96,8.05,8.14,-0.0899999999999998,-1.11,9933400.0,35200525.0,2.2795,0.009868,0.018627,0.64,,,7.8797,17.2588,21.0161,0.0,,1006671464.0,1006671464.0,533272786.0,3553550268.0,3553550268.0,环境保护,环保,环境治理,综合环境治理,3.93,3.21,0.0
2020-02-17,8.02,8.25,7.98,8.23,8.05,0.1799999999999997,2.24,13507670.000000002,48433230.0,2.2795,0.013418,0.02533,0.95,,,8.0583,17.6499,21.4924,0.0,,1006671464.0,1006671464.0,533272786.0,3634083985.0,3634083985.0,环境保护,环保,环境治理,综合环境治理,3.88,3.18,0.0
2020-02-18,8.23,8.43,8.21,8.39,8.23,0.1600000000000001,1.94,14763767.000000002,53866654.0,2.2795,0.0146659999999999,0.027685,1.07,,,8.2146,17.9921,21.9092,0.0,,1006671464.0,1006671464.0,533272786.0,3704550988.0,3704550988.0,环境保护,环保,环境治理,综合环境治理,3.97,3.25,0.0
2020-02-19,8.43,8.43,8.27,8.32,8.39,-0.0700000000000002,-0.83,11690900.0,42720625.0,2.2795,0.011613,0.0219229999999999,0.81,,,8.1476,17.8455,21.7306,0.0,,1006671464.0,1006671464.0,533272786.0,3674350844.0,3674350844.0,环境保护,环保,环境治理,综合环境治理,4.05,3.31,0.0
2020-02-20,8.25,8.55,8.18,8.48,8.32,0.1600000000000001,1.92,17085832.0,62774022.0,2.2795,0.016973,0.03204,1.32,,,8.3039,18.1877,22.1473,0.0,,1006671464.0,1006671464.0,533272786.0,3744817846.0,3744817846.0,环境保护,环保,环境治理,综合环境治理,4.02,3.29,0.0
2020-02-21,8.46,8.84,8.41,8.71,8.48,0.2300000000000004,2.71,23224401.0,88296830.0,2.2795,0.02307,0.043551,1.73,,,8.5271,18.6766,22.7427,0.0,,1006671464.0,1006671464.0,533272786.0,3845484992.0,3845484992.0,环境保护,环保,环境治理,综合环境治理,4.09,3.35,0.0
2020-02-24,8.59,8.82,8.59,8.73,8.71,0.0199999999999995,0.23,16173310.0,61673973.0,2.2795,0.016066,0.030328,1.01,,,8.5494,18.7255,22.8022,0.0,,1006671464.0,1006671464.0,533272786.0,3855551707.0,3855551707.0,环境保护,环保,环境治理,综合环境治理,4.2,3.44,0.0
2020-02-25,8.59,8.62,8.21,8.48,8.73,-0.25,-2.86,21476721.0,79506866.0,2.2795,0.021334,0.040273,1.29,,,8.3039,18.1877,22.1473,0.0,,1006671464.0,1006671464.0,533272786.0,3744817846.0,3744817846.0,环境保护,环保,环境治理,综合环境治理,4.21,3.45,0.0
2020-02-26,8.41,8.68,8.23,8.41,8.48,-0.0700000000000002,-0.83,16819172.0,62725166.0,2.2795,0.016708,0.03154,0.94,,,8.2369,18.041,21.9687,0.0,,1006671464.0,1006671464.0,533272786.0,3714617702.000001,3714617702.000001,环境保护,环保,环境治理,综合环境治理,4.09,3.35,0.0
2020-02-27,8.46,8.5,8.3,8.34,8.41,-0.0700000000000002,-0.83,12284895.0,45208758.0,2.2795,0.0122029999999999,0.023037,0.65,,,8.1699,17.8943,21.7901,0.0,,1006671464.0,1006671464.0,533272786.0,3684417558.0,3684417558.0,环境保护,环保,环境治理,综合环境治理,4.06,3.32,0.0
2020-02-28,8.09,8.14,7.68,7.73,8.34,-0.6099999999999994,-7.31,16851331.0,58321623.0,2.2795,0.0167399999999999,0.0316,0.94,,,7.5672,16.5743,20.1826,0.0,,1006671464.0,1006671464.0,533272786.0,3412616263.0,3412616263.0,环境保护,环保,环境治理,综合环境治理,4.03,3.29,0.0
2020-03-02,7.8,8.18,7.8,8.12,7.73,0.3899999999999988,5.05,11875199.0,41776120.0,2.2795,0.011796,0.022269,0.71,,,7.9467,17.4054,21.1947,0.0,,1006671464.0,1006671464.0,533272786.0,3583750412.0,3583750412.0,环境保护,环保,环境治理,综合环境治理,3.73,3.05,0.0
2020-03-03,8.25,8.37,8.07,8.18,8.12,0.0600000000000005,0.74,12890102.0,46494304.0,2.2795,0.012805,0.024172,0.81,,,8.0137,17.5521,21.3733,0.0,,1006671464.0,1006671464.0,533272786.0,3613950556.0,3613950556.0,环境保护,环保,环境治理,综合环境治理,3.92,3.2,0.0
2020-03-04,8.12,8.3,7.98,8.27,8.18,0.0899999999999998,1.1,12968693.0,46704708.0,2.2795,0.012883,0.024319,0.92,,,8.103,17.7477,21.6115,0.0,,1006671464.0,1006671464.0,533272786.0,3654217414.0,3654217414.0,环境保护,环保,环境治理,综合环境治理,3.95,3.23,0.0
2020-03-05,8.3,8.62,8.27,8.57,8.27,0.3000000000000007,3.63,21140903.0,78182308.0,2.2795,0.021001,0.039644,1.58,,,8.3932,18.3833,22.3854,0.0,,1006671464.0,1006671464.0,533272786.0,3785084705.0,3785084705.0,环境保护,环保,环境治理,综合环境治理,3.99,3.27,0.0
2020-03-06,8.53,8.55,8.34,8.37,8.57,-0.200000000000001,-2.33,13245101.0,48874374.0,2.2795,0.013157,0.0248369999999999,0.87,,,8.1923,17.9432,21.8496,0.0,,1006671464.0,1006671464.0,533272786.0,3694484273.0,3694484273.0,环境保护,环保,环境治理,综合环境治理,4.14,3.38,0.0
2020-03-09,8.5,8.59,8.16,8.18,8.37,-0.1899999999999995,-2.27,19373000.0,71339551.0,2.2795,0.019245,0.036328,1.34,,,8.0137,17.5521,21.3733,0.0,,1006671464.0,1006671464.0,533272786.0,3613950556.0,3613950556.0,环境保护,环保,环境治理,综合环境治理,4.04,3.3,0.0
2020-03-10,8.02,8.23,7.75,8.21,8.18,0.0300000000000011,0.37,17610912.0,61619688.0,2.2795,0.017494,0.033024,1.11,,,8.036,17.601,21.4329,0.0,,1006671464.0,1006671464.0,533272786.0,3624017270.0,3624017270.0,环境保护,环保,环境治理,综合环境治理,3.95,3.23,0.0
2020-03-11,8.21,8.43,8.14,8.23,8.21,0.0199999999999995,0.24,16629778.0,60585697.0,2.2795,0.01652,0.031184,0.99,,,8.0583,17.6499,21.4924,0.0,,1006671464.0,1006671464.0,533272786.0,3634083985.0,3634083985.0,环境保护,环保,环境治理,综合环境治理,3.96,3.24,0.0
2020-03-12,8.12,8.12,7.86,7.93,8.23,-0.3000000000000007,-3.65,12921686.0,45177677.0,2.2795,0.012836,0.024231,0.73,,,7.7681,17.0143,20.7184,0.0,,1006671464.0,1006671464.0,533272786.0,3503216695.0,3503216695.0,环境保护,环保,环境治理,综合环境治理,3.97,3.25,0.0
2020-03-13,7.41,7.8,7.29,7.73,7.93,-0.1999999999999993,-2.52,12612501.0,42001503.0,2.2795,0.0125289999999999,0.023651,0.79,,,7.5672,16.5743,20.1826,0.0,,1006671464.0,1006671464.0,533272786.0,3412616263.0,3412616263.0,环境保护,环保,环境治理,综合环境治理,3.83,3.13,0.0
2020-03-16,7.86,7.93,7.45,7.48,7.73,-0.25,-3.23,11692500.0,39514113.0,2.2795,0.011615,0.021926,0.74,,,7.3217,16.0365,19.5277,0.0,,1006671464.0,1006671464.0,533272786.0,3301882402.0,3301882402.0,环境保护,环保,环境治理,综合环境治理,3.73,3.05,0.0
2020-03-17,7.64,7.64,7.09,7.36,7.48,-0.1200000000000001,-1.6,11224500.0,36000481.0,2.2795,0.01115,0.021048,0.79,,,7.2101,15.792,19.2301,0.0,,1006671464.0,1006671464.0,533272786.0,3251548829.0000005,3251548829.0000005,环境保护,环保,环境治理,综合环境治理,3.61,2.95,0.0
2020-03-18,7.41,7.52,7.2,7.23,7.36,-0.1299999999999999,-1.77,10512500.0,34109989.0,2.2795,0.010443,0.019713,0.81,,,7.0761,15.4987,18.8728,0.0,,1006671464.0,1006671464.0,533272786.0,3191148541.0,3191148541.0,环境保护,环保,环境治理,综合环境治理,3.55,2.91,0.0
2020-03-19,7.23,7.32,6.95,7.18,7.23,-0.0500000000000007,-0.69,11978100.0,37372145.0,2.2795,0.011899,0.022461,1.02,,,7.0315,15.4009,18.7538,0.0,,1006671464.0,1006671464.0,533272786.0,3171015112.0,3171015112.0,环境保护,环保,环境治理,综合环境治理,3.49,2.85,0.0
2020-03-20,7.25,7.41,7.16,7.39,7.18,0.2099999999999999,2.92,11628300.0,37222559.0,2.2795,0.011551,0.021806,1.0,,,7.2324,15.8409,19.2896,0.0,,1006671464.0,1006671464.0,533272786.0,3261615543.0,3261615543.0,环境保护,环保,环境治理,综合环境治理,3.47,2.84,0.0
2020-03-23,7.23,7.27,7.02,7.04,7.39,-0.3499999999999996,-4.74,9821100.0,30793776.0,2.2795,0.009756,0.018417,0.86,,,6.8976,15.1075,18.3965,0.0,,1006671464.0,1006671464.0,533272786.0,3110614824.0,3110614824.0,环境保护,环保,环境治理,综合环境治理,3.56,2.92,0.0
2020-03-24,7.18,7.23,6.98,7.13,7.04,0.0899999999999998,1.28,10605800.0,33124092.0,2.2795,0.010536,0.019888,0.96,,,6.9869,15.3031,18.6347,0.0,,1006671464.0,1006671464.0,533272786.0,3150881682.0,3150881682.0,环境保护,环保,环境治理,综合环境治理,3.4,2.78,0.0
2020-03-25,7.27,7.39,7.18,7.34,7.13,0.2099999999999999,2.95,11391100.0,36375273.0,2.2795,0.011316,0.0213609999999999,1.04,,,7.1878,15.7431,19.1705,0.0,,1006671464.0,1006671464.0,533272786.0,3241482113.9999995,3241482113.9999995,环境保护,环保,环境治理,综合环境治理,3.44,2.82,0.0
2020-03-26,7.29,7.32,7.16,7.23,7.34,-0.1099999999999994,-1.5,7997600.0,25416712.0,2.2795,0.007945,0.014997,0.72,,,7.0761,15.4987,18.8728,0.0,,1006671464.0,1006671464.0,533272786.0,3191148541.0,3191148541.0,环境保护,环保,环境治理,综合环境治理,3.54,2.9,0.0
2020-03-27,7.29,7.34,7.16,7.18,7.23,-0.0500000000000007,-0.69,8607831.0,27385984.0,2.2795,0.008551,0.016142,0.84,,,7.0315,15.4009,18.7538,0.0,,1006671464.0,1006671464.0,533272786.0,3171015112.0,3171015112.0,环境保护,环保,环境治理,综合环境治理,3.49,2.85,0.0
2020-03-30,7.09,7.09,6.84,6.98,7.18,-0.1999999999999993,-2.79,10266310.0,31305782.0,2.2795,0.010198,0.019252,1.06,,,6.8306,14.9608,18.2179,0.0,,1006671464.0,1006671464.0,533272786.0,3080414680.0,3080414680.0,环境保护,环保,环境治理,综合环境治理,3.47,2.84,0.0
2020-03-31,7.04,7.11,6.95,6.98,6.98,0.0,0.0,9025800.0,27885406.0,2.2795,0.008966,0.016925,0.92,,,6.8306,14.9608,18.2179,0.0,,1006671464.0,1006671464.0,533272786.0,3080414680.0,3080414680.0,环境保护,环保,环境治理,综合环境治理,3.37,2.75,0.0
2020-04-01,7.04,7.13,6.93,7.0,6.98,0.0199999999999995,0.29,7561962.0,23370251.0,2.2795,0.007512,0.01418,0.8,,,6.8529,15.0097,18.2775,0.0,,1006671464.0,1006671464.0,533272786.0,3090481394.0,3090481394.0,环境保护,环保,环境治理,综合环境治理,3.37,2.75,0.0
2020-04-02,6.95,7.45,6.88,7.27,7.0,0.2699999999999996,3.86,18832000.0,59675336.0,2.2795,0.018707,0.035314,2.17,,,7.1208,15.5964,18.9919,0.0,,1006671464.0,1006671464.0,533272786.0,3211281970.0,3211281970.0,环境保护,环保,环境治理,综合环境治理,3.38,2.76,0.0
2020-04-03,7.2,8.0,7.18,8.0,7.27,0.7300000000000004,10.04,40940386.0,137504333.0,2.2795,0.040669,0.076772,3.77,,,7.8351,17.161,20.8971,0.0,,1006671464.0,1006671464.0,533272786.0,3533416839.0,3533416839.0,环境保护,环保,环境治理,综合环境治理,3.51,2.87,0.0
2020-04-07,7.91,8.16,7.57,7.98,8.0,-0.0199999999999995,-0.25,49993138.0,173225343.0,2.2795,0.049662,0.093748,2.89,,,7.8128,17.1121,20.8375,0.0,,1006671464.0,1006671464.0,533272786.0,3523350124.0,3523350124.0,环境保护,环保,环境治理,综合环境治理,3.86,3.16,0.0
2020-04-08,7.8,7.84,7.64,7.73,7.98,-0.25,-3.13,26195877.0,88700537.0,2.2795,0.026022,0.049123,1.04,,,7.5672,16.5743,20.1826,0.0,,1006671464.0,1006671464.0,533272786.0,3412616263.0,3412616263.0,环境保护,环保,环境治理,综合环境治理,3.85,3.15,0.0
2020-04-09,7.7,8.14,7.68,7.82,7.73,0.0899999999999998,1.16,27093680.0,94168057.0,2.2795,0.0269139999999999,0.050806,0.94,,,7.6565,16.7698,20.4208,0.0,,1006671464.0,1006671464.0,533272786.0,3452883122.0,3452883122.0,环境保护,环保,环境治理,综合环境治理,3.73,3.05,0.0
2020-04-10,7.7,8.18,7.52,7.96,7.82,0.1399999999999996,1.79,36868358.0,127279131.0,2.2795,0.036624,0.069136,1.13,,,7.7905,17.0632,20.778,0.0,,1006671464.0,1006671464.0,533272786.0,3513283409.0,3513283409.0,环境保护,环保,环境治理,综合环境治理,3.77,3.09,0.0
2020-04-13,7.8,7.89,7.57,7.66,7.96,-0.2999999999999998,-3.77,19209252.0,64767386.0,2.2795,0.019082,0.036021,0.53,,,7.5003,16.4276,20.004,0.0,,1006671464.0,1006671464.0,533272786.0,3382416119.0,3382416119.0,环境保护,环保,环境治理,综合环境治理,3.84,3.14,0.0
2020-04-14,7.64,7.82,7.59,7.7,7.66,0.04,0.52,12269766.0,41342499.0,2.2795,0.012188,0.023008,0.38,,,7.5449,16.5254,20.1231,0.0,,1006671464.0,1006671464.0,533272786.0,3402549548.0,3402549548.0,环境保护,环保,环境治理,综合环境治理,3.7,3.02,0.0
2020-04-15,7.64,7.7,7.43,7.43,7.7,-0.2700000000000004,-3.51,15941764.000000002,52627548.0,2.2795,0.015836,0.029626,0.66,,552.5711,6.2062,15.9387,14.58,0.0,,1006671464.0,1006671464.0,538104796.0,3281748973.0,3281748973.0,环境保护,环保,环境治理,综合环境治理,3.72,3.04,0.0
2020-04-16,7.29,7.39,7.23,7.25,7.43,-0.1799999999999997,-2.42,10562462.0,33689444.0,2.2795,0.010492,0.019629,0.47,,539.0111,6.0539,15.5475,14.2222,0.0,,1006671464.0,1006671464.0,538104796.0,3201215256.0,3201215256.0,环境保护,环保,环境治理,综合环境治理,3.59,2.93,0.0
2020-04-17,7.25,7.48,7.2,7.32,7.25,0.0700000000000002,0.97,12107563.0,38998550.0,2.2795,0.012027,0.0225,0.64,,544.0961,6.111,15.6942,14.3564,0.0,,1006671464.0,1006671464.0,538104796.0,3231415398.9999995,3231415398.9999995,环境保护,环保,环境治理,综合环境治理,3.5,2.86,0.0
2020-04-20,7.27,7.45,7.25,7.34,7.32,0.0199999999999995,0.27,10190672.0,32742045.0,2.2795,0.010123,0.018938,0.73,,545.7911,6.1301,15.7431,14.4011,0.0,,1006671464.0,1006671464.0,538104796.0,3241482113.9999995,3241482113.9999995,环境保护,环保,环境治理,综合环境治理,3.53,2.89,0.0
2020-04-21,7.25,7.34,7.07,7.32,7.34,-0.0199999999999995,-0.27,10537301.0,33414693.0,2.2795,0.0104669999999999,0.019582,0.86,,544.0961,6.111,15.6942,14.3564,0.0,,1006671464.0,1006671464.0,538104796.0,3231415398.9999995,3231415398.9999995,环境保护,环保,环境治理,综合环境治理,3.54,2.9,0.0
2020-04-22,7.27,7.41,7.18,7.34,7.32,0.0199999999999995,0.27,9320601.0,29891036.0,2.2795,0.009259,0.017321,0.79,,545.7911,6.1301,15.7431,14.4011,0.0,,1006671464.0,1006671464.0,538104796.0,3241482113.9999995,3241482113.9999995,环境保护,环保,环境治理,综合环境治理,3.53,2.89,0.0
2020-04-23,7.34,7.98,7.34,7.8,7.34,0.4599999999999999,6.27,39179352.0,133202216.0,2.2795,0.0389199999999999,0.07281,3.72,,579.6912,6.5108,16.7209,15.2956,0.0,,1006671464.0,1006671464.0,538104796.0,3442816407.0,3442816407.0,环境保护,环保,环境治理,综合环境治理,3.54,2.9,0.0
2020-04-24,7.77,7.86,7.32,7.36,7.8,-0.4399999999999995,-5.64,22403218.0,75021482.0,2.2795,0.0222549999999999,0.041634,1.38,,547.4861,6.1491,15.792,14.4458,0.0,,1006671464.0,1006671464.0,538104796.0,3251548829.0000005,3251548829.0000005,环境保护,环保,环境治理,综合环境治理,3.76,3.08,0.0
2020-04-27,7.45,8.09,7.39,8.09,7.36,0.7299999999999995,9.92,27973516.0,96886585.0,2.2795,0.027788,0.051985,1.53,,601.7262,6.7583,17.3565,15.877,0.0,,1006671464.0,1006671464.0,538104796.0,3573683697.0,3573683697.0,环境保护,环保,环境治理,综合环境治理,3.55,2.91,0.0
2020-04-28,8.91,8.91,8.68,8.91,8.09,0.8200000000000003,10.14,65642515.0,256385534.0,2.2795,0.065207,0.121988,3.0,656.1232,482.1192,7.8345,17.4871,16.8704,0.0,,1006671464.0,1006671464.0,538104796.0,3936085424.0,3936085424.0,环境保护,环保,环境治理,综合环境治理,3.91,3.2,0.0
2020-04-29,8.84,8.84,8.02,8.05,8.91,-0.8599999999999994,-9.65,107287417.0,396186247.0,2.2795,0.106576,0.19938,3.26,592.3567,435.2636,7.0731,15.7875,15.2308,0.0,,1006671464.0,1006671464.0,538104796.0,3553550268.0,3553550268.0,环境保护,环保,环境治理,综合环境治理,4.3,3.52,0.0
2020-04-30,7.82,8.07,7.52,7.82,8.05,-0.2300000000000004,-2.86,62079619.99999999,213051844.0,2.2795,0.061668,0.115367,1.18,575.5761,422.9332,6.8727,15.3403,14.7993,0.0,,1006671464.0,1006671464.0,538104796.0,3452883122.0,3452883122.0,环境保护,环保,环境治理,综合环境治理,3.88,3.18,0.0
2020-05-06,7.68,7.82,7.57,7.77,7.82,-0.0500000000000007,-0.64,40894276.0,137915213.0,2.2795,0.0406229999999999,0.075997,0.72,572.22,420.4671,6.8327,15.2509,14.713,0.0,,1006671464.0,1006671464.0,538104796.0,3432749692.0,3432749692.0,环境保护,环保,环境治理,综合环境治理,3.77,3.09,0.0
2020-05-07,7.7,7.77,7.55,7.57,7.77,-0.1999999999999993,-2.57,32341460.0,108490329.0,2.2795,0.0321269999999999,0.060103,0.53,557.1174,409.3697,6.6523,14.8483,14.3247,0.0,,1006671464.0,1006671464.0,538104796.0,3342149260.0,3342149260.0,环境保护,环保,环境治理,综合环境治理,3.75,3.07,0.0
2020-05-08,7.59,7.66,7.43,7.55,7.57,-0.0200000000000004,-0.26,26896470.0,89022108.0,2.2795,0.026718,0.049984,0.44,555.4393,408.1367,6.6323,14.8036,14.2816,0.0,,1006671464.0,1006671464.0,538104796.0,3332082546.0,3332082546.0,环境保护,环保,环境治理,综合环境治理,3.65,2.99,0.0
2020-05-11,7.55,7.57,7.36,7.48,7.55,-0.0699999999999994,-0.93,20146221.0,65955770.00000001,2.2795,0.020013,0.037439,0.37,550.4051,404.4376,6.5722,14.6694,14.1521,0.0,,1006671464.0,1006671464.0,538104796.0,3301882402.0,3301882402.0,环境保护,环保,环境治理,综合环境治理,3.64,2.98,0.0
2020-05-12,7.45,7.55,7.41,7.55,7.48,0.0699999999999994,0.94,15646859.0,51429110.0,2.2795,0.015543,0.029078,0.43,555.4393,408.1367,6.6323,14.8036,14.2816,0.0,,1006671464.0,1006671464.0,538104796.0,3332082546.0,3332082546.0,环境保护,环保,环境治理,综合环境治理,3.61,2.95,0.0
2020-05-13,7.45,7.61,7.45,7.59,7.55,0.04,0.53,16699501.999999998,55372126.0,2.2795,0.016589,0.031034,0.61,558.7955,410.6028,6.6724,14.8931,14.3679,0.0,,1006671464.0,1006671464.0,538104796.0,3352215974.9999995,3352215974.9999995,环境保护,环保,环境治理,综合环境治理,3.64,2.98,0.0
2020-05-14,7.55,7.7,7.45,7.48,7.59,-0.1099999999999994,-1.45,19528388.0,65045799.0,2.2795,0.019399,0.036291,0.87,550.4051,404.4376,6.5722,14.6694,14.1521,0.0,,1006671464.0,1006671464.0,538104796.0,3301882402.0,3301882402.0,环境保护,环保,环境治理,综合环境治理,3.66,3.0,0.0
2020-05-15,7.5,7.64,7.43,7.59,7.48,0.1099999999999994,1.47,17596775.0,58150961.0,2.2795,0.01748,0.032701,0.89,558.7955,410.6028,6.6724,14.8931,14.3679,0.0,,1006671464.0,1006671464.0,538104796.0,3352215974.9999995,3352215974.9999995,环境保护,环保,环境治理,综合环境治理,3.61,2.95,0.0
2020-05-18,7.57,7.59,7.39,7.43,7.59,-0.1600000000000001,-2.11,16590923.000000002,54333858.0,2.2795,0.016481,0.030832,0.93,547.049,401.9715,6.5321,14.58,14.0658,0.0,,1006671464.0,1006671464.0,538104796.0,3281748973.0,3281748973.0,环境保护,环保,环境治理,综合环境治理,3.66,3.0,0.0
2020-05-19,7.48,7.52,7.32,7.34,7.43,-0.0899999999999998,-1.21,13566500.0,43871988.0,2.2795,0.013477,0.025175,0.79,540.3367,397.0393,6.452,14.4011,13.8933,0.0,,1006671464.0,1006671464.0,538878796.0,3241482113.9999995,3241482113.9999995,环境保护,环保,环境治理,综合环境治理,3.59,2.93,0.0
2020-05-20,7.09,7.18,6.86,7.13,7.34,-0.2099999999999999,-2.86,20099160.0,62241210.0,2.2795,0.0199659999999999,0.037298,1.2,525.2342,385.942,6.2716,13.9986,13.5049,0.0,,1006671464.0,1006671464.0,538878796.0,3150881682.0,3150881682.0,环境保护,环保,环境治理,综合环境治理,3.54,2.9,0.0
2020-05-21,7.13,7.23,7.04,7.13,7.13,0.0,0.0,11576600.0,36248868.0,2.2795,0.0115,0.021483,0.66,525.2342,385.942,6.2716,13.9986,13.5049,0.0,,1006671464.0,1006671464.0,538878796.0,3150881682.0,3150881682.0,环境保护,环保,环境治理,综合环境治理,3.44,2.82,0.0
2020-05-22,7.11,7.18,6.98,7.02,7.13,-0.1100000000000003,-1.54,10361000.0,32129685.0,2.2795,0.0102919999999999,0.019227,0.65,516.8438,379.7767,6.1714,13.775,13.2892,0.0,,1006671464.0,1006671464.0,538878796.0,3100548109.0,3100548109.0,环境保护,环保,环境治理,综合环境治理,3.44,2.82,0.0
2020-05-25,7.02,7.09,7.0,7.07,7.02,0.0500000000000007,0.71,6014802.0,18597872.0,2.2795,0.005975,0.011162,0.42,520.2,382.2428,6.2115,13.8644,13.3755,0.0,,1006671464.0,1006671464.0,538878796.0,3120681537.9999995,3120681537.9999995,环境保护,环保,环境治理,综合环境治理,3.39,2.77,0.0
2020-05-26,7.11,7.32,7.04,7.25,7.07,0.1799999999999997,2.55,10706499.0,33784532.0,2.2795,0.010636,0.019868,0.87,533.6245,392.1072,6.3718,14.2222,13.7207,0.0,,1006671464.0,1006671464.0,538878796.0,3201215256.0,3201215256.0,环境保护,环保,环境治理,综合环境治理,3.41,2.79,0.0
2020-05-27,7.29,7.39,7.13,7.23,7.25,-0.0199999999999995,-0.28,10547701.0,33506167.0,2.2795,0.010478,0.019573,0.9,531.9464,390.8741,6.3518,14.1775,13.6775,0.0,,1006671464.0,1006671464.0,538878796.0,3191148541.0,3191148541.0,环境保护,环保,环境治理,综合环境治理,3.5,2.86,0.0
2020-05-28,7.23,7.27,7.07,7.09,7.23,-0.1400000000000005,-1.94,8958247.0,28092045.0,2.2795,0.008899,0.016624,0.91,521.878,383.4759,6.2316,13.9091,13.4186,0.0,,1006671464.0,1006671464.0,538878796.0,3130748253.0000005,3130748253.0000005,环境保护,环保,环境治理,综合环境治理,3.49,2.85,0.0
2020-05-29,7.09,7.2,7.02,7.13,7.09,0.04,0.56,7085505.0,22150339.0,2.2795,0.007039,0.013149,0.76,525.2342,385.942,6.2716,13.9986,13.5049,0.0,,1006671464.0,1006671464.0,538878796.0,3150881682.0,3150881682.0,环境保护,环保,环境治理,综合环境治理,3.42,2.8,0.0
2020-06-01,7.13,7.27,7.09,7.27,7.13,0.1399999999999996,1.96,11544711.0,36489473.0,2.2795,0.011468,0.021424,1.33,535.3026,393.3402,6.3919,14.2669,13.7638,0.0,,1006671464.0,1006671464.0,538878796.0,3211281970.0,3211281970.0,环境保护,环保,环境治理,综合环境治理,3.44,2.82,0.0
2020-06-02,7.29,7.43,7.25,7.36,7.27,0.0900000000000007,1.24,14177601.0,45711275.0,2.2795,0.014084,0.026309,1.45,542.0148,398.2724,6.472,14.4458,13.9364,0.0,,1006671464.0,1006671464.0,538878796.0,3251548829.0000005,3251548829.0000005,环境保护,环保,环境治理,综合环境治理,3.51,2.87,0.0
2020-06-03,7.39,7.39,7.25,7.32,7.36,-0.04,-0.54,12809900.0,41108683.0,2.2795,0.012725,0.023771,1.22,538.6587,395.8063,6.4319,14.3564,13.8501,0.0,,1006671464.0,1006671464.0,538878796.0,3231415398.9999995,3231415398.9999995,环境保护,环保,环境治理,综合环境治理,3.55,2.91,0.0
2020-06-04,7.39,7.8,7.32,7.43,7.32,0.1099999999999994,1.5,25371802.0,83917819.0,2.2795,0.025204,0.047083,2.32,547.049,401.9715,6.5321,14.58,14.0658,0.0,,1006671464.0,1006671464.0,538878796.0,3281748973.0,3281748973.0,环境保护,环保,环境治理,综合环境治理,3.53,2.89,0.0
2020-06-05,7.34,7.43,7.25,7.32,7.43,-0.1099999999999994,-1.48,13841410.0,44330926.0,2.2795,0.01375,0.025686,0.97,538.6587,395.8063,6.4319,14.3564,13.8501,0.0,,1006671464.0,1006671464.0,538878796.0,3231415398.9999995,3231415398.9999995,环境保护,环保,环境治理,综合环境治理,3.59,2.93,0.0
2020-06-08,7.29,7.41,7.25,7.29,7.32,-0.0300000000000002,-0.41,7785925.999999999,25019137.0,2.2795,0.0077339999999999,0.014448,0.5,536.9806,394.5732,6.4119,14.3117,13.807,0.0,,1006671464.0,1006671464.0,538878796.0,3221348685.0,3221348685.0,环境保护,环保,环境治理,综合环境治理,3.53,2.89,0.0
2020-06-09,7.29,7.29,7.18,7.29,7.29,0.0,0.0,8948892.0,28422104.0,2.2795,0.00889,0.016607,0.6,536.9806,394.5732,6.4119,14.3117,13.807,0.0,,1006671464.0,1006671464.0,538878796.0,3221348685.0,3221348685.0,环境保护,环保,环境治理,综合环境治理,3.52,2.88,0.0
2020-06-10,7.27,7.55,7.2,7.41,7.29,0.1200000000000001,1.65,15930281.0,51554748.0,2.2795,0.015825,0.0295619999999999,1.16,545.3709,400.7384,6.5121,14.5353,14.0227,0.0,,1006671464.0,1006671464.0,538878796.0,3271682258.0,3271682258.0,环境保护,环保,环境治理,综合环境治理,3.52,2.88,0.0
2020-06-11,7.36,7.43,7.29,7.32,7.41,-0.0899999999999998,-1.21,10036522.0,32330877.0,2.2795,0.00997,0.018625,0.7,538.6587,395.8063,6.4319,14.3564,13.8501,0.0,,1006671464.0,1006671464.0,538878796.0,3231415398.9999995,3231415398.9999995,环境保护,环保,环境治理,综合环境治理,3.58,2.93,0.0
2020-06-12,7.16,7.52,7.02,7.48,7.32,0.1600000000000001,2.19,21299756.0,68983669.0,2.2795,0.0211589999999999,0.039526,1.88,550.4051,404.4376,6.5722,14.6694,14.1521,0.0,,1006671464.0,1006671464.0,538878796.0,3301882402.0,3301882402.0,环境保护,环保,环境治理,综合环境治理,3.53,2.89,0.0
2020-06-15,7.41,7.75,7.34,7.45,7.48,-0.0300000000000002,-0.4,24163434.0,79325853.0,2.2795,0.024003,0.04484,1.89,548.7271,403.2045,6.5522,14.6247,14.109,0.0,,1006671464.0,1006671464.0,538878796.0,3291815687.0,3291815687.0,环境保护,环保,环境治理,综合环境治理,3.61,2.95,0.0
2020-06-16,7.52,7.52,7.41,7.48,7.45,0.0300000000000002,0.4,11386085.0,37230225.0,2.2795,0.011311,0.021129,0.71,550.4051,404.4376,6.5722,14.6694,14.1521,0.0,,1006671464.0,1006671464.0,538878796.0,3301882402.0,3301882402.0,环境保护,环保,环境治理,综合环境治理,3.6,2.94,0.0
2020-06-17,7.48,7.52,7.36,7.45,7.48,-0.0300000000000002,-0.4,14817300.0,48382672.0,2.2795,0.014719,0.0274969999999999,0.89,548.7271,403.2045,6.5522,14.6247,14.109,0.0,,1006671464.0,1006671464.0,538878796.0,3291815687.0,3291815687.0,环境保护,环保,环境治理,综合环境治理,3.61,2.95,0.0
2020-06-18,7.45,7.5,7.39,7.43,7.45,-0.0200000000000004,-0.27,7858739.999999999,25611994.0,2.2795,0.007807,0.014584,0.48,547.049,401.9715,6.5321,14.58,14.0658,0.0,,1006671464.0,1006671464.0,538878796.0,3281748973.0,3281748973.0,环境保护,环保,环境治理,综合环境治理,3.6,2.94,0.0
2020-06-19,7.43,7.5,7.39,7.48,7.43,0.0500000000000007,0.67,8702768.0,28438586.0,2.2795,0.008645,0.01615,0.55,550.4051,404.4376,6.5722,14.6694,14.1521,0.0,,1006671464.0,1006671464.0,538878796.0,3301882402.0,3301882402.0,环境保护,环保,环境治理,综合环境治理,3.59,2.93,0.0
2020-06-22,7.45,7.68,7.43,7.59,7.48,0.1099999999999994,1.47,17172493.0,57052508.0,2.2795,0.017059,0.031867,1.28,558.7955,410.6028,6.6724,14.8931,14.3679,0.0,,1006671464.0,1006671464.0,538878796.0,3352215974.9999995,3352215974.9999995,环境保护,环保,环境治理,综合环境治理,3.61,2.95,0.0
2020-06-23,7.59,7.68,7.45,7.5,7.59,-0.0899999999999998,-1.19,11495777.0,38062387.0,2.2795,0.01142,0.021333,0.96,552.0832,405.6706,6.5922,14.7142,14.1953,0.0,,1006671464.0,1006671464.0,538878796.0,3311949117.0,3311949117.0,环境保护,环保,环境治理,综合环境治理,3.66,3.0,0.0
2020-06-24,7.52,7.77,7.52,7.61,7.5,0.1100000000000003,1.47,14723454.0,49286861.0,2.2795,0.0146259999999999,0.027322,1.23,560.4735,411.8358,6.6924,14.9378,14.411,0.0,,1006671464.0,1006671464.0,538878796.0,3362282689.9999995,3362282689.9999995,环境保护,环保,环境治理,综合环境治理,3.62,2.96,0.0
2020-06-29,7.57,7.82,7.55,7.77,7.61,0.1599999999999992,2.1,22813381.0,77122230.0,2.2795,0.022662,0.042331,1.9,572.22,420.4671,6.8327,15.2509,14.713,0.0,,1006671464.0,1006671464.0,538923796.0,3432749692.0,3432749692.0,环境保护,环保,环境治理,综合环境治理,3.67,3.01,0.0
2020-06-30,7.7,8.0,7.7,7.98,7.77,0.2100000000000008,2.7,26397952.0,91168183.0,2.2795,0.026223,0.048983,1.76,587.3226,431.5645,7.013,15.6534,15.1014,0.0,,1006671464.0,1006671464.0,538923796.0,3523350124.0,3523350124.0,环境保护,环保,环境治理,综合环境治理,3.75,3.07,0.0
2020-07-01,8.02,8.02,7.68,7.84,7.98,-0.1400000000000005,-1.75,25483461.0,87656614.0,2.2795,0.0253149999999999,0.047286,1.38,577.2542,424.1662,6.8928,15.385,14.8425,0.0,,1006671464.0,1006671464.0,538923796.0,3462949836.0,3462949836.0,环境保护,环保,环境治理,综合环境治理,3.85,3.15,0.0
2020-07-02,7.75,7.86,7.7,7.86,7.84,0.0200000000000004,0.26,17180117.0,58561599.0,2.2795,0.0170659999999999,0.031879,0.85,578.9322,425.3993,6.9128,15.4298,14.8856,0.0,,1006671464.0,1006671464.0,538923796.0,3473016550.9999995,3473016550.9999995,环境保护,环保,环境治理,综合环境治理,3.78,3.1,0.0
2020-07-03,7.86,7.89,7.7,7.8,7.86,-0.0600000000000005,-0.76,17171744.0,58615236.0,2.2795,0.017058,0.031863,0.81,573.898,421.7002,6.8527,15.2956,14.7562,0.0,,1006671464.0,1006671464.0,538923796.0,3442816407.0,3442816407.0,环境保护,环保,环境治理,综合环境治理,3.8,3.11,0.0
2020-07-06,7.8,8.57,7.8,8.3,7.8,0.5000000000000009,6.41,48155956.0,172172411.0,2.2795,0.047837,0.089356,2.21,610.8155,448.8271,7.2935,16.2795,15.7054,0.0,,1006671464.0,1006671464.0,538923796.0,3664284129.0,3664284129.0,环境保护,环保,环境治理,综合环境治理,3.76,3.08,0.0
2020-07-07,8.46,8.64,8.05,8.23,8.3,-0.0700000000000002,-0.84,42723215.0,155696790.0,2.2795,0.04244,0.079275,1.59,605.7813,445.1279,7.2334,16.1453,15.576,0.0,,1006671464.0,1006671464.0,538923796.0,3634083985.0,3634083985.0,环境保护,环保,环境治理,综合环境治理,4.0,3.28,0.0
2020-07-08,8.18,8.46,8.12,8.34,8.23,0.1099999999999994,1.34,33806226.0,123055975.0,2.2795,0.033582,0.062729,1.12,614.1716,451.2931,7.3336,16.369,15.7917,0.0,,1006671464.0,1006671464.0,538923796.0,3684417558.0,3684417558.0,环境保护,环保,环境治理,综合环境治理,3.97,3.25,0.0
2020-07-09,8.27,8.57,8.16,8.53,8.34,0.1899999999999995,2.28,40209188.0,148983403.0,2.2795,0.039943,0.07461,1.26,627.5961,461.1575,7.4939,16.7267,16.1369,0.0,,1006671464.0,1006671464.0,538923796.0,3764951275.0,3764951275.0,环境保护,环保,环境治理,综合环境治理,4.03,3.29,0.0
2020-07-10,8.55,9.37,8.48,9.37,8.53,0.8399999999999999,9.85,74991841.0,301611873.0,2.2795,0.0744949999999999,0.139151,2.06,689.6845,506.78,8.2353,18.3815,17.7333,0.0,,1006671464.0,1006671464.0,538923796.0,4137419717.0,4137419717.0,环境保护,环保,环境治理,综合环境治理,4.11,3.37,0.0
2020-07-13,9.44,10.3,9.14,10.14,9.37,0.7700000000000014,8.22,113556153.0,475721700.0,2.2795,0.112804,0.210709,2.37,746.7387,548.7034,8.9165,19.9021,19.2003,0.0,,1006671464.0,1006671464.0,538923796.0,4479688015.0,4479688015.0,环境保护,环保,环境治理,综合环境治理,4.52,3.7,0.0
2020-07-14,9.8,9.94,9.3,9.35,10.14,-0.7900000000000009,-7.79,68331984.0,285967731.0,2.2795,0.067879,0.126793,1.12,688.0064,505.547,8.2152,18.3368,17.6902,0.0,,1006671464.0,1006671464.0,538923796.0,4127353002.0,4127353002.0,环境保护,环保,环境治理,综合环境治理,4.9,4.01,0.0
2020-07-15,9.14,9.3,8.43,8.57,9.35,-0.7799999999999994,-8.34,55414762.0,215131265.0,2.2795,0.055048,0.102825,0.84,630.9522,463.6236,7.534,16.8162,16.2232,0.0,,1006671464.0,1006671464.0,538923796.0,3785084705.0,3785084705.0,环境保护,环保,环境治理,综合环境治理,4.51,3.69,0.0
2020-07-16,8.66,9.03,8.21,8.46,8.57,-0.1099999999999994,-1.28,33582018.0,128380850.0,2.2795,0.033359,0.062313,0.48,622.5619,457.4583,7.4338,16.5926,16.0074,0.0,,1006671464.0,1006671464.0,538923796.0,3734751131.0,3734751131.0,环境保护,环保,环境治理,综合环境治理,4.14,3.38,0.0
2020-07-17,8.41,8.66,8.34,8.55,8.46,0.0899999999999998,1.06,19168127.0,71786544.0,2.2795,0.019041,0.035567,0.28,629.2742,462.3905,7.5139,16.7715,16.18,0.0,,1006671464.0,1006671464.0,538923796.0,3775017990.0,3775017990.0,环境保护,环保,环境治理,综合环境治理,4.08,3.34,0.0
2020-07-20,8.55,8.91,8.53,8.84,8.55,0.2899999999999991,3.39,20581487.0,78905810.0,2.2795,0.020445,0.03819,0.35,651.089,478.4201,7.7744,17.3529,16.7409,0.0,,1006671464.0,1006671464.0,538923796.0,3905885280.0,3905885280.0,环境保护,环保,环境治理,综合环境治理,4.13,3.38,0.0
2020-07-21,8.82,9.21,8.64,9.0,8.84,0.1600000000000001,1.81,30379002.0,117899544.0,2.2795,0.0301779999999999,0.0563699999999999,0.77,662.8355,487.0513,7.9147,17.6659,17.043,0.0,,1006671464.0,1006671464.0,538923796.0,3976352283.0,3976352283.0,环境保护,环保,环境治理,综合环境治理,4.27,3.49,0.0
2020-07-22,8.89,9.14,8.71,8.84,9.0,-0.1600000000000001,-1.78,28987648.0,113741650.0,2.2795,0.028796,0.053788,0.91,651.089,478.4201,7.7744,17.3529,16.7409,0.0,,1006671464.0,1006671464.0,538923796.0,3905885280.0,3905885280.0,环境保护,环保,环境治理,综合环境治理,4.35,3.56,0.0
2020-07-23,8.71,8.8,8.43,8.59,8.84,-0.25,-2.83,18692900.0,70546158.0,2.2795,0.018569,0.034686,0.7,632.6303,464.8566,7.554,16.8609,16.2663,0.0,,1006671464.0,1006671464.0,538923796.0,3795151419.0,3795151419.0,环境保护,环保,环境治理,综合环境治理,4.27,3.49,0.0
2020-07-24,8.64,8.78,8.21,8.27,8.59,-0.3200000000000003,-3.73,20336330.0,75800826.0,2.2795,0.020202,0.037735,0.86,609.1374,447.594,7.2735,16.2348,15.6623,0.0,,1006671464.0,1006671464.0,538923796.0,3654217414.0,3654217414.0,环境保护,环保,环境治理,综合环境治理,4.15,3.39,0.0
2020-07-27,8.27,8.27,7.98,8.16,8.27,-0.1099999999999994,-1.33,15196491.0,54047833.0,2.2795,0.015096,0.0281979999999999,0.64,600.7471,441.4288,7.1733,16.0112,15.4465,0.0,,1006671464.0,1006671464.0,538923796.0,3603883841.000001,3603883841.000001,环境保护,环保,环境治理,综合环境治理,3.99,3.27,0.0
2020-07-28,8.21,8.3,8.14,8.23,8.16,0.0700000000000002,0.86,9326600.0,33616793.0,2.2795,0.009265,0.017306,0.41,605.7813,445.1279,7.2334,16.1453,15.576,0.0,,1006671464.0,1006671464.0,538923796.0,3634083985.0,3634083985.0,环境保护,环保,环境治理,综合环境治理,3.94,3.22,0.0
2020-07-29,7.8,8.32,7.77,8.23,8.23,0.0,0.0,27343744.0,96595308.0,2.2795,0.027163,0.050738,1.48,605.7813,445.1279,7.2334,16.1453,15.576,0.0,,1006671464.0,1006671464.0,538923796.0,3634083985.0,3634083985.0,环境保护,环保,环境治理,综合环境治理,3.97,3.25,0.0
2020-07-30,8.21,8.43,8.16,8.23,8.23,0.0,0.0,18264016.0,66421873.99999999,2.2795,0.018143,0.0338899999999999,1.0,605.7813,445.1279,7.2334,16.1453,15.576,0.0,,1006671464.0,1006671464.0,538923796.0,3634083985.0,3634083985.0,环境保护,环保,环境治理,综合环境治理,3.97,3.25,0.0
2020-07-31,8.23,8.46,8.14,8.39,8.23,0.1600000000000001,1.94,17842948.0,64985368.0,2.2795,0.017725,0.033108,0.99,617.5277,453.7592,7.3737,16.4584,15.878,0.0,,1006671464.0,1006671464.0,538923796.0,3704550988.0,3704550988.0,环境保护,环保,环境治理,综合环境治理,3.97,3.25,0.0
2020-08-03,8.46,9.0,8.46,8.91,8.39,0.5199999999999996,6.2,28092082.0,108801160.0,2.2795,0.027906,0.052126,1.6,656.1232,482.1192,7.8345,17.4871,16.8704,0.0,,1006671464.0,1006671464.0,538923796.0,3936085424.0,3936085424.0,环境保护,环保,环境治理,综合环境治理,4.05,3.31,0.0
2020-08-04,8.89,9.23,8.75,8.78,8.91,-0.1300000000000007,-1.46,26509061.0,104036118.0,2.2795,0.026333,0.049189,1.31,646.0548,474.7209,7.7143,17.2187,16.6115,0.0,,1006671464.0,1006671464.0,538923796.0,3875685136.0,3875685136.0,环境保护,环保,环境治理,综合环境治理,4.3,3.52,0.0
2020-08-05,8.98,8.98,8.62,8.84,8.78,0.0600000000000005,0.68,17069621.0,66002303.0,2.2795,0.016956,0.031674,0.72,651.089,478.4201,7.7744,17.3529,16.7409,0.0,,1006671464.0,1006671464.0,538923796.0,3905885280.0,3905885280.0,环境保护,环保,环境治理,综合环境治理,4.24,3.47,0.0
2020-08-06,8.87,8.89,8.62,8.78,8.84,-0.0600000000000005,-0.68,12485721.0,47863756.0,2.2795,0.0124029999999999,0.023168,0.58,646.0548,474.7209,7.7143,17.2187,16.6115,0.0,,1006671464.0,1006671464.0,538923796.0,3875685136.0,3875685136.0,环境保护,环保,环境治理,综合环境治理,4.27,3.49,0.0
2020-08-07,8.71,8.73,8.55,8.66,8.78,-0.1199999999999992,-1.37,11511300.0,43655546.0,2.2795,0.0114349999999999,0.02136,0.56,637.6645,468.5557,7.6141,16.9951,16.3958,0.0,,1006671464.0,1006671464.0,538923796.0,3825351563.0,3825351563.0,环境保护,环保,环境治理,综合环境治理,4.24,3.47,0.0
2020-08-10,8.57,8.82,8.53,8.75,8.66,0.0899999999999998,1.04,9417000.0,35970710.0,2.2795,0.009355,0.017474,0.49,644.3767,473.4879,7.6943,17.174,16.5684,0.0,,1006671464.0,1006671464.0,538923796.0,3865618422.0,3865618422.0,环境保护,环保,环境治理,综合环境治理,4.18,3.42,0.0
2020-08-11,8.71,8.75,8.43,8.43,8.75,-0.3200000000000003,-3.66,12454400.0,46903105.0,2.2795,0.012372,0.02311,0.81,620.8838,456.2253,7.4138,16.5478,15.9643,0.0,,1006671464.0,1006671464.0,538923796.0,3724684417.000001,3724684417.000001,环境保护,环保,环境治理,综合环境治理,4.22,3.46,0.0
2020-08-12,8.34,8.59,8.25,8.43,8.43,0.0,0.0,11132835.0,41055832.0,2.2795,0.011059,0.020658,0.88,620.8838,456.2253,7.4138,16.5478,15.9643,0.0,,1006671464.0,1006671464.0,538923796.0,3724684417.000001,3724684417.000001,环境保护,环保,环境治理,综合环境治理,4.07,3.33,0.0
2020-08-13,8.41,8.57,8.37,8.41,8.43,-0.0199999999999995,-0.24,9055000.0,33672413.0,2.2795,0.008995,0.0168019999999999,0.79,619.2058,454.9923,7.3937,16.5031,15.9212,0.0,,1006671464.0,1006671464.0,538923796.0,3714617702.000001,3714617702.000001,环境保护,环保,环境治理,综合环境治理,4.07,3.33,0.0
2020-08-14,8.41,8.48,8.25,8.41,8.41,0.0,0.0,10875834.0,39868969.0,2.2795,0.010804,0.020181,1.02,619.2058,454.9923,7.3937,16.5031,15.9212,0.0,,1006671464.0,1006671464.0,538923796.0,3714617702.000001,3714617702.000001,环境保护,环保,环境治理,综合环境治理,4.06,3.32,0.0
2020-08-17,8.43,8.64,8.39,8.57,8.41,0.1600000000000001,1.9,11417667.0,42638822.0,2.2795,0.011342,0.0211859999999999,1.08,630.9522,463.6236,7.534,16.8162,16.2232,0.0,,1006671464.0,1006671464.0,538923796.0,3785084705.0,3785084705.0,环境保护,环保,环境治理,综合环境治理,4.06,3.32,0.0
2020-08-18,8.57,9.03,8.48,8.87,8.57,0.2999999999999989,3.5,33591392.0,129325740.0,2.2795,0.033369,0.061729,3.06,652.7671,479.6531,7.7945,17.3976,16.7841,0.0,,1006671464.0,1006671464.0,544175769.0,3915951995.0,3915951995.0,环境保护,环保,环境治理,综合环境治理,4.14,3.38,0.0
2020-08-19,8.75,8.87,8.5,8.57,8.87,-0.2999999999999989,-3.38,23333707.0,88903476.0,2.2795,0.0231789999999999,0.0428789999999999,1.53,630.9522,463.6236,7.534,16.8162,16.2232,0.0,,1006671464.0,1006671464.0,544175769.0,3785084705.0,3785084705.0,环境保护,环保,环境治理,综合环境治理,4.28,3.5,0.0
2020-08-20,8.59,8.68,8.27,8.41,8.57,-0.1600000000000001,-1.87,13726947.0,51181820.0,2.2795,0.0136359999999999,0.025225,0.78,619.2058,454.9923,7.3937,16.5031,15.9212,0.0,,1006671464.0,1006671464.0,544175769.0,3714617702.000001,3714617702.000001,环境保护,环保,环境治理,综合环境治理,4.14,3.38,0.0
2020-08-21,8.41,8.73,8.39,8.73,8.41,0.3200000000000003,3.8,17684207.0,66540686.0,2.2795,0.017567,0.032497,0.95,642.6987,472.2548,7.6742,17.1293,16.5252,0.0,,1006671464.0,1006671464.0,544175769.0,3855551707.0,3855551707.0,环境保护,环保,环境治理,综合环境治理,4.06,3.32,0.0
2020-08-24,8.68,8.71,8.43,8.48,8.73,-0.25,-2.86,13990199.0,52337021.0,2.2795,0.013897,0.025709,0.7,624.24,458.6914,7.4538,16.6373,16.0506,0.0,,1006671464.0,1006671464.0,544175769.0,3744817846.0,3744817846.0,环境保护,环保,环境治理,综合环境治理,4.21,3.45,0.0
2020-08-25,8.48,8.53,8.32,8.37,8.48,-0.1100000000000012,-1.3,12861362.0,47370394.0,2.2795,0.012776,0.023635,0.63,615.8496,1892.6716,7.7204,16.4137,14.8474,0.0,,1006671464.0,1006671464.0,544175769.0,3694484273.0,3694484273.0,环境保护,环保,环境治理,综合环境治理,4.09,3.35,0.0
2020-08-26,8.32,8.55,8.09,8.12,8.37,-0.25,-2.99,14365229.999999998,52168692.0,2.2795,0.01427,0.026398,0.88,597.3909,1835.943,7.489,15.9217,14.4024,0.0,,1006671464.0,1006671464.0,544175769.0,3583750412.0,3583750412.0,环境保护,环保,环境治理,综合环境治理,4.04,3.3,0.0
2020-08-27,8.09,8.18,7.89,8.02,8.12,-0.0999999999999996,-1.23,12626400.0,44504486.0,2.2795,0.012543,0.023203,0.87,590.6787,1815.3144,7.4049,15.7428,14.2405,0.0,,1006671464.0,1006671464.0,544175769.0,3543483553.0,3543483553.0,环境保护,环保,环境治理,综合环境治理,3.92,3.2,0.0
2020-08-28,8.02,8.14,7.96,8.02,8.02,0.0,0.0,9958351.0,35072840.0,2.2795,0.009892,0.0183,0.7,590.6787,1815.3144,7.4049,15.7428,14.2405,0.0,,1006671464.0,1006671464.0,544175769.0,3543483553.0,3543483553.0,环境保护,环保,环境治理,综合环境治理,3.87,3.17,0.0
2020-08-31,8.05,8.16,7.98,8.0,8.02,-0.0199999999999995,-0.25,10978850.0,38825030.0,2.2795,0.010906,0.020175,0.86,589.0006,1810.1573,7.3839,15.6981,14.2001,0.0,,1006671464.0,1006671464.0,544175769.0,3533416839.0,3533416839.0,环境保护,环保,环境治理,综合环境治理,3.87,3.17,0.0
2020-09-01,8.0,8.37,7.86,8.23,8.0,0.2300000000000004,2.88,18465584.0,65894168.99999999,2.2795,0.018343,0.033933,1.52,605.7813,1861.7287,7.5942,16.1453,14.6046,0.0,,1006671464.0,1006671464.0,544175769.0,3634083985.0,3634083985.0,环境保护,环保,环境治理,综合环境治理,3.86,3.16,0.0
2020-09-02,8.21,8.23,8.07,8.16,8.23,-0.0700000000000002,-0.85,10442552.0,37359383.0,2.2795,0.010373,0.01919,0.79,600.7471,1846.2573,7.5311,16.0112,14.4833,0.0,,1006671464.0,1006671464.0,544175769.0,3603883841.000001,3603883841.000001,环境保护,环保,环境治理,综合环境治理,3.97,3.25,0.0
2020-09-03,8.09,8.21,7.98,8.02,8.16,-0.1400000000000005,-1.72,9009402.0,31863490.0,2.2795,0.00895,0.016556,0.72,590.6787,1815.3144,7.4049,15.7428,14.2405,0.0,,1006671464.0,1006671464.0,544175769.0,3543483553.0,3543483553.0,环境保护,环保,环境治理,综合环境治理,3.94,3.22,0.0
2020-09-04,7.96,8.0,7.89,7.93,8.02,-0.0899999999999998,-1.12,10532602.0,36627434.0,2.2795,0.010463,0.019355,0.89,583.9664,1794.6859,7.3207,15.5639,14.0787,0.0,,1006671464.0,1006671464.0,544175769.0,3503216695.0,3503216695.0,环境保护,环保,环境治理,综合环境治理,3.87,3.17,0.0
2020-09-07,7.89,8.0,7.66,7.73,7.93,-0.1999999999999993,-2.52,12469021.0,42878409.0,2.2795,0.012386,0.022914,1.05,568.8638,1748.2716,7.1314,15.1614,13.7146,0.0,,1006671464.0,1006671464.0,544175769.0,3412616263.0,3412616263.0,环境保护,环保,环境治理,综合环境治理,3.83,3.13,0.0
2020-09-08,7.7,7.96,7.61,7.91,7.73,0.1799999999999997,2.33,11196084.0,38413493.0,2.2795,0.011122,0.020574,0.92,582.2884,1789.5287,7.2997,15.5192,14.0383,0.0,,1006671464.0,1006671464.0,544175769.0,3493149980.0,3493149980.0,环境保护,环保,环境治理,综合环境治理,3.73,3.05,0.0
2020-09-09,7.86,8.16,7.82,7.96,7.91,0.0499999999999998,0.63,14127322.0,49542602.0,2.2795,0.014034,0.0259609999999999,1.32,585.6445,1799.843,7.3418,15.6086,14.1192,0.0,,1006671464.0,1006671464.0,544175769.0,3513283409.0,3513283409.0,环境保护,环保,环境治理,综合环境治理,3.82,3.12,0.0
2020-09-10,8.0,8.0,7.5,7.52,7.96,-0.4400000000000004,-5.53,15053065.0,50708899.0,2.2795,0.014953,0.027662,1.31,553.7613,1701.8573,6.9421,14.7589,13.3505,0.0,,1006671464.0,1006671464.0,544175769.0,3322015831.0,3322015831.0,环境保护,环保,环境治理,综合环境治理,3.84,3.14,0.0
2020-09-11,6.84,7.52,6.84,7.36,7.52,-0.1599999999999992,-2.13,11058560.0,35095737.0,2.2795,0.010985,0.020322,0.87,542.0148,1665.7573,6.7948,14.4458,13.0673,0.0,,1006671464.0,1006671464.0,544175769.0,3251548829.0000005,3251548829.0000005,环境保护,环保,环境治理,综合环境治理,3.63,2.97,0.0
2020-09-14,7.39,7.61,7.27,7.36,7.36,0.0,0.0,6719000.0,21792529.0,2.2795,0.006674,0.0123469999999999,0.53,542.0148,1665.7573,6.7948,14.4458,13.0673,0.0,,1006671464.0,1006671464.0,544175769.0,3251548829.0000005,3251548829.0000005,环境保护,环保,环境治理,综合环境治理,3.55,2.91,0.0
2020-09-15,7.36,7.36,7.2,7.27,7.36,-0.0900000000000007,-1.22,5932700.0,18934534.0,2.2795,0.005893,0.010902,0.51,535.3026,1645.1287,6.7107,14.2669,12.9055,0.0,,1006671464.0,1006671464.0,544175769.0,3211281970.0,3211281970.0,环境保护,环保,环境治理,综合环境治理,3.55,2.91,0.0
2020-09-16,7.18,7.25,7.0,7.11,7.27,-0.1599999999999992,-2.2,11207493.0,34830948.0,2.2795,0.0111329999999999,0.020595,1.06,523.5561,1609.0287,6.5634,13.9539,12.6223,0.0,,1006671464.0,1006671464.0,544175769.0,3140814968.0,3140814968.0,环境保护,环保,环境治理,综合环境治理,3.51,2.87,0.0
2020-09-17,7.13,7.16,6.91,7.07,7.11,-0.04,-0.56,10176700.0,31400082.0,2.2795,0.010109,0.018701,1.02,520.2,1598.7144,6.5214,13.8644,12.5414,0.0,,1006671464.0,1006671464.0,544175769.0,3120681537.9999995,3120681537.9999995,环境保护,环保,环境治理,综合环境治理,3.43,2.81,0.0
2020-09-18,7.09,7.45,7.04,7.34,7.07,0.2699999999999996,3.82,12698147.0,40396856.0,2.2795,0.012614,0.0233349999999999,1.39,540.3367,1660.6001,6.7738,14.4011,13.0269,0.0,,1006671464.0,1006671464.0,544175769.0,3241482113.9999995,3241482113.9999995,环境保护,环保,环境治理,综合环境治理,3.41,2.79,0.0
2020-09-21,7.32,7.39,7.2,7.2,7.34,-0.1399999999999996,-1.91,7435075.999999999,23720521.0,2.2795,0.007386,0.013663,0.8,530.2684,1629.6573,6.6476,14.1328,12.7841,0.0,,1006671464.0,1006671464.0,544175769.0,3181081826.0,3181081826.0,环境保护,环保,环境治理,综合环境治理,3.54,2.9,0.0
2020-09-22,7.13,7.2,7.07,7.07,7.2,-0.1299999999999999,-1.81,6606646.000000001,20666335.0,2.2795,0.006563,0.0121409999999999,0.7,520.2,1598.7144,6.5214,13.8644,12.5414,0.0,,1006671464.0,1006671464.0,544175769.0,3120681537.9999995,3120681537.9999995,环境保护,环保,环境治理,综合环境治理,3.48,2.84,0.0
2020-09-23,7.11,7.77,7.07,7.77,7.07,0.6999999999999993,9.9,29037607.0,96407964.0,2.2795,0.028845,0.053361,3.02,572.22,1758.5859,7.1735,15.2509,13.7955,0.0,,1006671464.0,1006671464.0,544175769.0,3432749692.0,3432749692.0,环境保护,环保,环境治理,综合环境治理,3.41,2.79,0.0
2020-09-24,7.45,7.82,7.25,7.43,7.77,-0.3399999999999998,-4.38,29332267.0,97094288.0,2.2795,0.029138,0.053902,2.22,547.049,1681.2287,6.8579,14.58,13.1887,0.0,,1006671464.0,1006671464.0,544175769.0,3281748973.0,3281748973.0,环境保护,环保,环境治理,综合环境治理,3.75,3.07,0.0
2020-09-25,7.59,7.77,7.41,7.45,7.43,0.0200000000000004,0.27,16169463.0,53744851.0,2.2795,0.016062,0.029714,0.95,548.7271,1686.3859,6.879,14.6247,13.2291,0.0,,1006671464.0,1006671464.0,544175769.0,3291815687.0,3291815687.0,环境保护,环保,环境治理,综合环境治理,3.59,2.93,0.0
2020-09-28,7.45,7.52,7.16,7.25,7.45,-0.2000000000000001,-2.68,9322201.0,29921705.0,2.2795,0.00926,0.017131,0.53,533.6245,1639.9716,6.6896,14.2222,12.865,0.0,,1006671464.0,1006671464.0,544175769.0,3201215256.0,3201215256.0,环境保护,环保,环境治理,综合环境治理,3.6,2.94,0.0
2020-09-29,7.11,7.43,7.11,7.27,7.25,0.0199999999999995,0.28,8978657.0,28677265.0,2.2795,0.008919,0.016341,0.5,535.3026,1645.1287,6.7107,14.2669,12.9055,0.0,,1006671464.0,1006671464.0,549466769.0,3211281970.0,3211281970.0,环境保护,环保,环境治理,综合环境治理,3.5,2.86,0.0
2020-09-30,7.32,7.36,7.11,7.16,7.27,-0.1099999999999994,-1.51,6662000.0,21072690.0,2.2795,0.006618,0.012124,0.36,526.9122,1619.343,6.6055,14.0433,12.7032,0.0,,1006671464.0,1006671464.0,549466769.0,3160948397.0,3160948397.0,环境保护,环保,环境治理,综合环境治理,3.51,2.87,0.0
2020-10-09,7.23,7.64,7.2,7.5,7.16,0.3399999999999998,4.75,16039766.0,52492066.0,2.2795,0.015933,0.029192,1.14,552.0832,1696.7001,6.9211,14.7142,13.31,0.0,,1006671464.0,1006671464.0,549466769.0,3311949117.0,3311949117.0,环境保护,环保,环境治理,综合环境治理,3.45,2.83,0.0
2020-10-12,7.75,7.86,7.52,7.8,7.5,0.2999999999999998,4.0,24003365.0,81250558.0,2.2795,0.0238439999999999,0.043685,2.1,573.898,1763.743,7.1945,15.2956,13.836,0.0,,1006671464.0,1006671464.0,549466769.0,3442816407.0,3442816407.0,环境保护,环保,环境治理,综合环境治理,3.62,2.96,0.0
2020-10-13,7.82,7.84,7.64,7.7,7.8,-0.0999999999999996,-1.28,15628043.0,52800892.0,2.2795,0.015524,0.028442,1.2,567.1858,1743.1144,7.1104,15.1167,13.6741,0.0,,1006671464.0,1006671464.0,549466769.0,3402549548.0,3402549548.0,环境保护,环保,环境治理,综合环境治理,3.76,3.08,0.0
2020-10-14,7.77,7.77,7.48,7.48,7.7,-0.2199999999999997,-2.86,12701500.0,42172914.0,2.2795,0.012617,0.023045,0.89,550.4051,1691.543,6.9,14.6694,13.2696,0.0,,1006671464.0,1006671464.0,551164369.0,3301882402.0,3301882402.0,环境保护,环保,环境治理,综合环境治理,3.72,3.04,0.0
2020-10-15,7.52,7.52,7.32,7.32,7.48,-0.1600000000000001,-2.14,8977667.0,29052740.0,2.2795,0.008918,0.016289,0.6,538.6587,1655.443,6.7528,14.3564,12.9864,0.0,,1006671464.0,1006671464.0,551164369.0,3231415398.9999995,3231415398.9999995,环境保护,环保,环境治理,综合环境治理,3.61,2.95,0.0
2020-10-16,7.32,7.39,7.27,7.34,7.32,0.0199999999999995,0.27,6197747.0,19926515.0,2.2795,0.006157,0.011245,0.4,540.3367,1660.6001,6.7738,14.4011,13.0269,0.0,,1006671464.0,1006671464.0,551164369.0,3241482113.9999995,3241482113.9999995,环境保护,环保,环境治理,综合环境治理,3.53,2.89,0.0
2020-10-19,7.39,7.43,7.23,7.29,7.34,-0.0499999999999998,-0.68,7570247.0,24314264.0,2.2795,0.00752,0.0137349999999999,0.56,536.9806,1650.2859,6.7317,14.3117,12.9459,0.0,,1006671464.0,1006671464.0,551164369.0,3221348685.0,3221348685.0,环境保护,环保,环境治理,综合环境治理,3.54,2.9,0.0
2020-10-20,7.29,7.34,7.23,7.32,7.29,0.0300000000000002,0.41,4986000.0,15891592.0,2.2795,0.004953,0.009046,0.49,538.6587,1655.443,6.7528,14.3564,12.9864,0.0,,1006671464.0,1006671464.0,551164369.0,3231415398.9999995,3231415398.9999995,环境保护,环保,环境治理,综合环境治理,3.52,2.88,0.0
2020-10-21,7.34,7.36,7.2,7.25,7.32,-0.0700000000000002,-0.96,5311273.0,16877034.0,2.2795,0.0052759999999999,0.009636,0.66,533.6245,1639.9716,6.6896,14.2222,12.865,0.0,,1006671464.0,1006671464.0,551164369.0,3201215256.0,3201215256.0,环境保护,环保,环境治理,综合环境治理,3.53,2.89,0.0
2020-10-22,7.27,7.29,7.18,7.25,7.25,0.0,0.0,4385100.0,13911764.0,2.2795,0.004356,0.007956,0.66,533.6245,1639.9716,6.6896,14.2222,12.865,0.0,,1006671464.0,1006671464.0,551164369.0,3201215256.0,3201215256.0,环境保护,环保,环境治理,综合环境治理,3.5,2.86,0.0
2020-10-23,7.25,7.34,7.2,7.27,7.25,0.0199999999999995,0.28,5143810.0,16373877.0,2.2795,0.00511,0.009333,0.9,535.3026,1645.1287,6.7107,14.2669,12.9055,0.0,,1006671464.0,1006671464.0,551164369.0,3211281970.0,3211281970.0,环境保护,环保,环境治理,综合环境治理,3.5,2.86,0.0
2020-10-26,7.27,7.36,7.2,7.34,7.27,0.0700000000000002,0.96,5959757.0,19109789.0,2.2795,0.00592,0.010813,1.09,540.3367,1660.6001,6.7738,14.4011,13.0269,0.0,,1006671464.0,1006671464.0,551164369.0,3241482113.9999995,3241482113.9999995,环境保护,环保,环境治理,综合环境治理,3.51,2.87,0.0
2020-10-27,7.29,7.34,7.23,7.25,7.34,-0.0899999999999998,-1.23,3878101.0,12372421.0,2.2795,0.003852,0.007036,0.75,533.6245,1639.9716,6.6896,14.2222,12.865,0.0,,1006671464.0,1006671464.0,551164369.0,3201215256.0,3201215256.0,环境保护,环保,环境治理,综合环境治理,3.54,2.9,0.0
2020-10-28,7.23,7.25,7.11,7.2,7.25,-0.0499999999999998,-0.69,4420500.0,13944957.0,2.2795,0.004391,0.00802,0.9,530.2684,1629.6573,6.6476,14.1328,12.7841,0.0,,1006671464.0,1006671464.0,551164369.0,3181081826.0,3181081826.0,环境保护,环保,环境治理,综合环境治理,3.5,2.86,0.0
2020-10-29,7.18,7.29,7.11,7.18,7.2,-0.0200000000000004,-0.28,4730610.0,14931522.0,2.2795,0.004699,0.008583,0.99,528.5903,4353.1362,7.0202,14.088,12.1073,0.0,,1006671464.0,1006671464.0,551164369.0,3171015112.0,3171015112.0,环境保护,环保,环境治理,综合环境治理,3.48,2.84,0.0
2020-10-30,7.23,7.23,6.98,7.02,7.18,-0.1600000000000001,-2.23,6955100.0,21632138.0,2.2795,0.0069089999999999,0.012619,1.44,516.8438,4256.3998,6.8642,13.775,11.8382,0.0,,1006671464.0,1006671464.0,551164369.0,3100548109.0,3100548109.0,环境保护,环保,环境治理,综合环境治理,3.47,2.84,0.0
2020-11-02,7.02,7.07,6.98,7.0,7.02,-0.0199999999999995,-0.28,3647800.0,11231257.0,2.2795,0.003624,0.006618,0.7,515.1658,4242.5803,6.8419,13.7302,11.7998,0.0,,1006671464.0,1006671464.0,551164369.0,3090481394.0,3090481394.0,环境保护,环保,环境治理,综合环境治理,3.39,2.77,0.0
2020-11-03,7.04,7.16,6.95,7.16,7.0,0.1600000000000001,2.29,4090271.0,12735522.0,2.2795,0.004063,0.007421,0.87,526.9122,4339.3167,6.9979,14.0433,12.0689,0.0,,1006671464.0,1006671464.0,551164369.0,3160948397.0,3160948397.0,环境保护,环保,环境治理,综合环境治理,3.38,2.76,0.0
2020-11-04,7.16,7.18,7.04,7.07,7.16,-0.0899999999999998,-1.26,2811057.0,8758476.0,2.2795,0.002792,0.0051,0.59,520.2,4284.0388,6.9088,13.8644,11.9151,0.0,,1006671464.0,1006671464.0,551164369.0,3120681537.9999995,3120681537.9999995,环境保护,环保,环境治理,综合环境治理,3.45,2.83,0.0
2020-11-05,7.09,7.13,7.04,7.11,7.07,0.04,0.57,4041603.0,12574740.0,2.2795,0.004015,0.0073329999999999,0.91,523.5561,4311.6778,6.9533,13.9539,11.992,0.0,,1006671464.0,1006671464.0,551164369.0,3140814968.0,3140814968.0,环境保护,环保,环境治理,综合环境治理,3.41,2.79,0.0
2020-11-06,7.13,7.16,7.0,7.04,7.11,-0.0700000000000002,-0.98,4521501.0,13980514.0,2.2795,0.0044919999999999,0.008204,1.05,518.5219,4270.2193,6.8865,13.8197,11.8767,0.0,,1006671464.0,1006671464.0,551164369.0,3110614824.0,3110614824.0,环境保护,环保,环境治理,综合环境治理,3.43,2.81,0.0
2020-11-09,6.98,7.11,6.98,7.07,7.04,0.0300000000000002,0.43,6757300.999999999,20985152.0,2.2795,0.006713,0.01226,1.77,520.2,4284.0388,6.9088,13.8644,11.9151,0.0,,1006671464.0,1006671464.0,551164369.0,3120681537.9999995,3120681537.9999995,环境保护,环保,环境治理,综合环境治理,3.4,2.78,0.0
2020-11-10,7.09,7.11,7.0,7.02,7.07,-0.0500000000000007,-0.71,4507410.0,13938547.0,2.2795,0.0044779999999999,0.008178,1.01,516.8438,4256.3998,6.8642,13.775,11.8382,0.0,,1006671464.0,1006671464.0,551164369.0,3100548109.0,3100548109.0,环境保护,环保,环境治理,综合环境治理,3.41,2.79,0.0
2020-11-11,7.02,7.04,6.95,7.0,7.02,-0.0199999999999995,-0.28,3929184.0,12041551.0,2.2795,0.003903,0.007129,0.87,515.1658,4242.5803,6.8419,13.7302,11.7998,0.0,,1006671464.0,1006671464.0,551164369.0,3090481394.0,3090481394.0,环境保护,环保,环境治理,综合环境治理,3.39,2.77,0.0
2020-11-12,7.0,7.02,6.95,6.98,7.0,-0.0199999999999995,-0.29,3813281.0,11675839.0,2.2795,0.003788,0.006919,0.8,513.4877,4228.7609,6.8196,13.6855,11.7614,0.0,,1006671464.0,1006671464.0,551164369.0,3080414680.0,3080414680.0,环境保护,环保,环境治理,综合环境治理,3.38,2.76,0.0
2020-11-13,6.98,7.02,6.91,7.0,6.98,0.0199999999999995,0.29,3460700.0,10576537.0,2.2795,0.003438,0.006279,0.74,515.1658,4242.5803,6.8419,13.7302,11.7998,0.0,,1006671464.0,1006671464.0,551164369.0,3090481394.0,3090481394.0,环境保护,环保,环境治理,综合环境治理,3.37,2.75,0.0
2020-11-16,7.0,7.04,6.91,7.02,7.0,0.0199999999999995,0.29,5588711.0,17140171.0,2.2795,0.005552,0.01014,1.24,516.8438,4256.3998,6.8642,13.775,11.8382,0.0,,1006671464.0,1006671464.0,551164369.0,3100548109.0,3100548109.0,环境保护,环保,环境治理,综合环境治理,3.38,2.76,0.0
2020-11-17,7.02,7.02,6.95,6.98,7.02,-0.0399999999999991,-0.57,4179101.0,12789729.0,2.2795,0.004151,0.007582,0.98,513.4877,4228.7609,6.8196,13.6855,11.7614,0.0,,1006671464.0,1006671464.0,551164369.0,3080414680.0,3080414680.0,环境保护,环保,环境治理,综合环境治理,3.39,2.77,0.0
2020-11-18,6.98,7.04,6.95,7.02,6.98,0.0399999999999991,0.57,4191600.0,12883788.0,2.2795,0.004164,0.007604,1.0,516.8438,4256.3998,6.8642,13.775,11.8382,0.0,,1006671464.0,1006671464.0,551237969.0,3100548109.0,3100548109.0,环境保护,环保,环境治理,综合环境治理,3.37,2.75,0.0
2020-11-19,6.98,7.11,6.98,7.07,7.02,0.0500000000000007,0.71,5645394.0,17471963.0,2.2795,0.0056079999999999,0.010241,1.33,520.2,4284.0388,6.9088,13.8644,11.9151,0.0,,1006671464.0,1006671464.0,551237969.0,3120681537.9999995,3120681537.9999995,环境保护,环保,环境治理,综合环境治理,3.39,2.77,0.0
2020-11-20,7.07,7.07,7.0,7.04,7.07,-0.0300000000000002,-0.42,3637498.000000001,11215125.0,2.2795,0.003613,0.006599,0.79,518.5219,4270.2193,6.8865,13.8197,11.8767,0.0,,1006671464.0,1006671464.0,551237969.0,3110614824.0,3110614824.0,环境保护,环保,环境治理,综合环境治理,3.41,2.79,0.0
2020-11-23,7.04,7.13,7.0,7.09,7.04,0.0499999999999998,0.71,6015839.0,18647531.0,2.2795,0.005976,0.0109129999999999,1.29,521.878,4297.8583,6.931,13.9091,11.9536,0.0,,1006671464.0,1006671464.0,551237969.0,3130748253.0000005,3130748253.0000005,环境保护,环保,环境治理,综合环境治理,3.4,2.78,0.0
2020-11-24,7.07,7.09,7.04,7.09,7.09,0.0,0.0,4861043.0,15067134.0,2.2795,0.004829,0.008818,1.03,521.878,4297.8583,6.931,13.9091,11.9536,0.0,,1006671464.0,1006671464.0,551237969.0,3130748253.0000005,3130748253.0000005,环境保护,环保,环境治理,综合环境治理,3.42,2.8,0.0
2020-11-25,7.09,7.23,7.07,7.13,7.09,0.04,0.56,8858900.0,27787563.0,2.2795,0.0088,0.016071,1.82,525.2342,4325.4972,6.9756,13.9986,12.0304,0.0,,1006671464.0,1006671464.0,551237969.0,3150881682.0,3150881682.0,环境保护,环保,环境治理,综合环境治理,3.42,2.8,0.0
2020-11-26,7.11,7.23,7.07,7.18,7.13,0.0499999999999998,0.7,7899578.999999999,24757636.0,2.2795,0.007847,0.014331,1.36,528.5903,4353.1362,7.0202,14.088,12.1073,0.0,,1006671464.0,1006671464.0,551237969.0,3171015112.0,3171015112.0,环境保护,环保,环境治理,综合环境治理,3.44,2.82,0.0
2020-11-27,7.18,7.2,7.02,7.07,7.18,-0.1099999999999994,-1.53,6580420.0,20463076.0,2.2795,0.0065369999999999,0.0119379999999999,1.05,520.2,4284.0388,6.9088,13.8644,11.9151,0.0,,1006671464.0,1006671464.0,551237969.0,3120681537.9999995,3120681537.9999995,环境保护,环保,环境治理,综合环境治理,3.47,2.84,0.0
2020-11-30,7.02,7.07,6.95,6.95,7.07,-0.1200000000000001,-1.7,9234060.0,28358321.0,2.2795,0.009173,0.016751,1.35,511.8097,4214.9414,6.7973,13.6408,11.7229,0.0,,1006671464.0,1006671464.0,551237969.0,3070347965.0,3070347965.0,环境保护,环保,环境治理,综合环境治理,3.41,2.79,0.0
2020-12-01,6.93,7.04,6.93,7.02,6.95,0.0699999999999994,1.01,5317602.0,16299721.0,2.2795,0.005282,0.009647,0.71,516.8438,4256.3998,6.8642,13.775,11.8382,0.0,,1006671464.0,1006671464.0,551237969.0,3100548109.0,3100548109.0,环境保护,环保,环境治理,综合环境治理,3.36,2.75,0.0
2020-12-02,7.02,7.04,6.98,7.0,7.02,-0.0199999999999995,-0.28,4224000.0,12972628.0,2.2795,0.004196,0.007663,0.56,515.1658,4242.5803,6.8419,13.7302,11.7998,0.0,,1006671464.0,1006671464.0,551237969.0,3090481394.0,3090481394.0,环境保护,环保,环境治理,综合环境治理,3.39,2.77,0.0
2020-12-03,7.0,7.0,6.95,7.0,7.0,0.0,0.0,4038389.0,12347796.0,2.2795,0.004012,0.007326,0.61,515.1658,4242.5803,6.8419,13.7302,11.7998,0.0,,1006671464.0,1006671464.0,551237969.0,3090481394.0,3090481394.0,环境保护,环保,环境治理,综合环境治理,3.38,2.76,0.0
2020-12-04,6.95,7.02,6.95,7.02,7.0,0.0199999999999995,0.29,3148355.0,9644225.0,2.2795,0.0031269999999999,0.005711,0.54,516.8438,4256.3998,6.8642,13.775,11.8382,0.0,,1006671464.0,1006671464.0,551237969.0,3100548109.0,3100548109.0,环境保护,环保,环境治理,综合环境治理,3.38,2.76,0.0
2020-12-07,7.0,7.09,6.98,7.09,7.02,0.0700000000000002,1.0,6107374.0,18907504.0,2.2795,0.006067,0.011079,1.18,521.878,4297.8583,6.931,13.9091,11.9536,0.0,,1006671464.0,1006671464.0,551237969.0,3130748253.0000005,3130748253.0000005,环境保护,环保,环境治理,综合环境治理,3.39,2.77,0.0
2020-12-08,7.07,7.09,7.02,7.07,7.09,-0.0199999999999995,-0.28,4028300.0,12451903.0,2.2795,0.004002,0.007308,0.88,520.2,4284.0388,6.9088,13.8644,11.9151,0.0,,1006671464.0,1006671464.0,551237969.0,3120681537.9999995,3120681537.9999995,环境保护,环保,环境治理,综合环境治理,3.42,2.8,0.0
2020-12-09,7.07,7.07,6.86,6.88,7.07,-0.1900000000000004,-2.69,7066100.0,21563866.0,2.2795,0.007019,0.012819,1.64,506.7755,4173.4829,6.7305,13.5066,11.6076,0.0,,1006671464.0,1006671464.0,551237969.0,3040147821.0,3040147821.0,环境保护,环保,环境治理,综合环境治理,3.41,2.79,0.0
2020-12-10,6.88,7.0,6.88,6.91,6.88,0.0300000000000002,0.44,5247238.0,15914421.0,2.2795,0.005212,0.009519,1.08,508.4535,4187.3024,6.7527,13.5513,11.6461,0.0,,1006671464.0,1006671464.0,551237969.0,3050214536.0,3050214536.0,环境保护,环保,环境治理,综合环境治理,3.32,2.72,0.0
2020-12-11,6.88,6.91,6.66,6.75,6.91,-0.1600000000000001,-2.32,7461100.0,22210822.0,2.2795,0.0074119999999999,0.0135349999999999,1.46,496.7071,4090.5661,6.5967,13.2383,11.377,0.0,,1006671464.0,1006671464.0,551237969.0,2979747533.0,2979747533.0,环境保护,环保,环境治理,综合环境治理,3.33,2.73,0.0
2020-12-14,6.72,6.77,6.61,6.63,6.75,-0.1200000000000001,-1.78,5106956.0,14907056.0,2.2795,0.0050729999999999,0.009265,0.85,488.3168,4021.4687,6.4853,13.0147,11.1848,0.0,,1006671464.0,1006671464.0,551237969.0,2929413960.0,2929413960.0,环境保护,环保,环境治理,综合环境治理,3.26,2.66,0.0
2020-12-15,6.63,6.66,6.41,6.43,6.63,-0.2000000000000001,-3.02,8023100.0,22679319.0,2.2795,0.00797,0.014555,1.39,473.2142,3897.0934,6.2847,12.6121,10.8389,0.0,,1006671464.0,1006671464.0,551237969.0,2838813528.0,2838813528.0,环境保护,环保,环境治理,综合环境治理,3.2,2.62,0.0
2020-12-16,6.43,6.45,6.13,6.2,6.43,-0.2299999999999995,-3.58,7476900.0,20492105.0,2.2795,0.007427,0.013564,1.14,456.4335,3758.8986,6.0619,12.1649,10.4546,0.0,,1006671464.0,1006671464.0,551237969.0,2738146382.0,2738146382.0,环境保护,环保,环境治理,综合环境治理,3.1,2.54,0.0
2020-12-17,6.15,6.31,5.97,6.25,6.2,0.0499999999999998,0.81,8425660.0,22562856.0,2.2795,0.0083699999999999,0.015285,1.26,459.7897,3786.5375,6.1064,12.2544,10.5314,0.0,,1006671464.0,1006671464.0,551237969.0,2758279810.9999995,2758279810.9999995,环境保护,环保,环境治理,综合环境治理,2.99,2.45,0.0
2020-12-18,6.25,6.47,6.25,6.36,6.25,0.1100000000000003,1.76,7204120.0,20210579.0,2.2795,0.007156,0.0130689999999999,0.99,468.18,3855.6349,6.2179,12.478,10.7236,0.0,,1006671464.0,1006671464.0,551237969.0,2808613385.0,2808613385.0,环境保护,环保,环境治理,综合环境治理,3.01,2.47,0.0
2020-12-21,6.43,6.43,6.29,6.36,6.36,0.0,0.0,3563557.0,9946255.0,2.2795,0.0035399999999999,0.0064649999999999,0.49,468.18,3855.6349,6.2179,12.478,10.7236,0.0,,1006671464.0,1006671464.0,551237969.0,2808613385.0,2808613385.0,环境保护,环保,环境治理,综合环境治理,3.07,2.51,0.0
2020-12-22,6.36,6.41,6.18,6.18,6.36,-0.1800000000000006,-2.83,3883600.0,10647484.0,2.2795,0.003858,0.007045,0.56,454.7555,3745.0791,6.0396,12.1202,10.4161,0.0,,1006671464.0,1006671464.0,551237969.0,2728079667.0,2728079667.0,环境保护,环保,环境治理,综合环境治理,3.07,2.51,0.0
2020-12-23,6.18,6.22,6.09,6.13,6.18,-0.0499999999999998,-0.81,4572900.0,12319354.0,2.2795,0.004543,0.008296,0.75,451.3993,3717.4401,5.995,12.0307,10.3392,0.0,,1006671464.0,1006671464.0,551237969.0,2707946238.0,2707946238.0,环境保护,环保,环境治理,综合环境治理,2.98,2.44,0.0
2020-12-24,6.18,6.2,6.0,6.06,6.13,-0.0700000000000002,-1.14,4280700.0,11443495.0,2.2795,0.004252,0.0077659999999999,0.77,446.3651,3675.9817,5.9282,11.8966,10.2239,0.0,,1006671464.0,1006671464.0,551237969.0,2677746094.0,2677746094.0,环境保护,环保,环境治理,综合环境治理,2.96,2.42,0.0
2020-12-25,6.06,6.25,6.04,6.22,6.06,0.1600000000000001,2.64,5538346.0,14979840.0,2.2795,0.005502,0.0100469999999999,1.18,458.1116,3772.718,6.0842,12.2096,10.493,0.0,,1006671464.0,1006671464.0,551237969.0,2748213097.0,2748213097.0,环境保护,环保,环境治理,综合环境治理,2.93,2.39,0.0
2020-12-28,6.22,6.31,6.09,6.11,6.22,-0.1099999999999994,-1.77,5510000.0,14845157.0,2.2795,0.005473,0.009996,1.26,449.7213,3703.6206,5.9727,11.986,10.3008,0.0,,1006671464.0,1006671464.0,551237969.0,2697879524.0,2697879524.0,环境保护,环保,环境治理,综合环境治理,3.0,2.46,0.0
2020-12-29,6.11,6.18,6.06,6.11,6.11,0.0,0.0,4133094.0,11083139.0,2.2795,0.004106,0.007498,0.87,449.7213,3703.6206,5.9727,11.986,10.3008,0.0,,1006671464.0,1006671464.0,551237969.0,2697879524.0,2697879524.0,环境保护,环保,环境治理,综合环境治理,2.95,2.41,0.0
2020-12-30,6.22,6.72,6.2,6.72,6.11,0.6099999999999994,9.98,7238846.000000001,21219670.0,2.2795,0.0071909999999999,0.013132,1.51,495.029,4076.7466,6.5745,13.1936,11.3386,0.0,,1006671464.0,1006671464.0,551237969.0,2969680819.0,2969680819.0,环境保护,环保,环境治理,综合环境治理,2.95,2.41,0.0
2020-12-31,7.41,7.41,7.32,7.41,6.72,0.6900000000000004,10.27,36723063.0,119328346.0,2.2795,0.03648,0.066619,6.88,545.3709,4491.331,7.243,14.5353,12.4917,0.0,,1006671464.0,1006671464.0,551237969.0,3271682258.0,3271682258.0,环境保护,环保,环境治理,综合环境治理,3.25,2.66,0.0
2021-01-04,7.48,7.86,7.2,7.25,7.41,-0.1600000000000001,-2.16,64748324.0,211234260.0,2.2795,0.064319,0.11746,5.47,533.6245,4394.5946,7.087,14.2222,12.2226,0.0,,1006671464.0,1006671464.0,551237969.0,3201215256.0,3201215256.0,环境保护,环保,环境治理,综合环境治理,3.58,2.93,0.0
2021-01-05,6.95,7.18,6.7,6.88,7.25,-0.3700000000000001,-5.1,46489187.0,139958284.0,2.2795,0.046181,0.084336,1.96,506.7755,4173.4829,6.7305,13.5066,11.6076,0.0,,1006671464.0,1006671464.0,551237969.0,3040147821.0,3040147821.0,环境保护,环保,环境治理,综合环境治理,3.5,2.86,0.0
2021-01-06,6.75,6.86,6.61,6.66,6.88,-0.2199999999999997,-3.2,20544900.0,60321899.0,2.2795,0.020409,0.03727,0.64,489.9948,4035.2882,6.5076,13.0594,11.2233,0.0,,1006671464.0,1006671464.0,551237969.0,2939480675.0,2939480675.0,环境保护,环保,环境治理,综合环境治理,3.32,2.72,0.0
2021-01-07,6.61,7.07,6.61,6.73,6.66,0.0700000000000002,1.05,21488957.0,63896092.0,2.28,0.021347,0.038983,0.61,495.029,4076.7466,6.5745,13.1936,11.3386,0.0,,1006671464.0,1006671464.0,551237969.0,2969680819.0,2969680819.0,环境保护,环保,环境治理,综合环境治理,3.21,2.63,0.0
2021-01-08,6.61,6.61,6.06,6.36,6.73,-0.3700000000000001,-5.5,17251208.0,47807035.0,2.28,0.017137,0.031295,0.45,468.18,3855.6349,6.2179,12.478,10.7236,0.0,,1006671464.0,1006671464.0,551237969.0,2808613385.0,2808613385.0,环境保护,环保,环境治理,综合环境治理,3.25,2.66,0.0
2021-01-11,6.22,6.32,6.11,6.13,6.36,-0.2300000000000004,-3.62,11746800.0,31819148.0,2.28,0.011669,0.02131,0.34,451.3993,3717.4401,5.995,12.0307,10.3392,0.0,,1006671464.0,1006671464.0,551237969.0,2707946238.0,2707946238.0,环境保护,环保,环境治理,综合环境治理,3.07,2.51,0.0
2021-01-12,6.13,6.48,6.06,6.32,6.13,0.1900000000000004,3.1,11377326.0,31281830.0,2.28,0.011302,0.02064,0.48,464.8238,3827.996,6.1733,12.3885,10.6467,0.0,,1006671464.0,1006671464.0,551237969.0,2788479955.0,2788479955.0,环境保护,环保,环境治理,综合环境治理,2.96,2.42,0.0
2021-01-13,6.2,6.22,6.09,6.18,6.32,-0.1400000000000005,-2.22,9607798.0,25846775.0,2.28,0.009544,0.017429,0.58,454.7555,3745.0791,6.0396,12.1202,10.4161,0.0,,1006671464.0,1006671464.0,551237969.0,2728079667.0,2728079667.0,环境保护,环保,环境治理,综合环境治理,3.05,2.49,0.0
2021-01-14,6.2,6.22,6.06,6.16,6.18,-0.0199999999999995,-0.32,7093900.999999999,19094167.0,2.28,0.007047,0.0128689999999999,0.5,453.0774,3731.2596,6.0173,12.0755,10.3777,0.0,,1006671464.0,1006671464.0,551237969.0,2718012953.0,2718012953.0,环境保护,环保,环境治理,综合环境治理,2.98,2.44,0.0
2021-01-15,6.2,6.77,6.16,6.77,6.16,0.6099999999999994,9.9,22885485.0,65592528.00000001,2.28,0.022734,0.041517,2.0,498.3851,4104.3856,6.619,13.283,11.4154,0.0,,1006671464.0,1006671464.0,551237969.0,2989814248.0,2989814248.0,环境保护,环保,环境治理,综合环境治理,2.97,2.43,0.0
2021-01-18,6.79,6.91,6.52,6.59,6.77,-0.1799999999999997,-2.66,23034438.0,67072920.0,2.28,0.022882,0.041787,1.84,484.9606,3993.8297,6.4407,12.9252,11.108,0.0,,1006671464.0,1006671464.0,551237969.0,2909280531.0,2909280531.0,环境保护,环保,环境治理,综合环境治理,3.27,2.67,0.0
2021-01-19,6.57,6.79,6.38,6.59,6.59,0.0,0.0,17610797.0,50616807.0,2.28,0.017494,0.031948,1.19,484.9606,3993.8297,6.4407,12.9252,11.108,0.0,,1006671464.0,1006671464.0,551237969.0,2909280531.0,2909280531.0,环境保护,环保,环境治理,综合环境治理,3.18,2.6,0.0
2021-01-20,6.57,6.63,6.43,6.59,6.59,0.0,0.0,11961641.0,34185974.0,2.28,0.0118819999999999,0.0217,0.75,484.9606,3993.8297,6.4407,12.9252,11.108,0.0,,1006671464.0,1006671464.0,551237969.0,2909280531.0,2909280531.0,环境保护,环保,环境治理,综合环境治理,3.18,2.6,0.0
2021-01-21,6.57,6.77,6.5,6.61,6.59,0.0200000000000004,0.3,12074742.0,35147394.0,2.28,0.011995,0.021905,0.73,486.6387,4007.6492,6.463,12.9699,11.1464,0.0,,1006671464.0,1006671464.0,551237969.0,2919347246.0,2919347246.0,环境保护,环保,环境治理,综合环境治理,3.18,2.6,0.0
2021-01-22,6.54,6.61,6.32,6.32,6.61,-0.29,-4.39,11912900.0,33517922.0,2.28,0.011834,0.021611,0.68,464.8238,3827.996,6.1733,12.3885,10.6467,0.0,,1006671464.0,1006671464.0,551237969.0,2788479955.0,2788479955.0,环境保护,环保,环境治理,综合环境治理,3.19,2.61,0.0
2021-01-25,6.29,6.48,6.18,6.29,6.32,-0.0300000000000002,-0.47,7768900.0,21460971.0,2.28,0.007717,0.014094,0.51,463.1458,3814.1765,6.151,12.3438,10.6083,0.0,,1006671464.0,1006671464.0,551237969.0,2778413241.0000005,2778413241.0000005,环境保护,环保,环境治理,综合环境治理,3.05,2.49,0.0
2021-01-26,6.27,6.38,6.2,6.29,6.29,0.0,0.0,5234211.0,14374253.0,2.28,0.0052,0.009495,0.43,463.1458,3814.1765,6.151,12.3438,10.6083,0.0,,1006671464.0,1006671464.0,551237969.0,2778413241.0000005,2778413241.0000005,环境保护,环保,环境治理,综合环境治理,3.04,2.48,0.0
2021-01-27,6.11,6.25,6.02,6.13,6.29,-0.1600000000000001,-2.54,10905901.0,29306843.0,2.28,0.010834,0.019784,1.11,451.3993,3717.4401,5.995,12.0307,10.3392,0.0,,1006671464.0,1006671464.0,551237969.0,2707946238.0,2707946238.0,环境保护,环保,环境治理,综合环境治理,3.04,2.48,0.0
2021-01-28,6.13,6.27,6.09,6.13,6.13,0.0,0.0,6710700.999999999,18165027.0,2.28,0.006666,0.012174,0.7,451.3993,3717.4401,5.995,12.0307,10.3392,0.0,,1006671464.0,1006671464.0,551237969.0,2707946238.0,2707946238.0,环境保护,环保,环境治理,综合环境治理,2.96,2.42,0.0
2021-01-29,6.16,6.22,6.06,6.16,6.13,0.0300000000000002,0.49,8853195.0,23795957.0,2.28,0.0087949999999999,0.016061,1.04,453.0774,3731.2596,6.0173,12.0755,10.3777,0.0,,1006671464.0,1006671464.0,551237969.0,2718012953.0,2718012953.0,环境保护,环保,环境治理,综合环境治理,2.96,2.42,0.0
2021-02-01,6.2,6.22,6.09,6.13,6.16,-0.0300000000000002,-0.49,5331500.0,14368318.0,2.28,0.0052959999999999,0.009672,0.68,451.3993,3717.4401,5.995,12.0307,10.3392,0.0,,1006671464.0,1006671464.0,551237969.0,2707946238.0,2707946238.0,环境保护,环保,环境治理,综合环境治理,2.97,2.43,0.0
2021-02-02,6.11,6.11,5.88,5.93,6.13,-0.2000000000000001,-3.26,9673984.0,25351254.0,2.28,0.00961,0.01755,1.31,436.2968,3593.0648,5.7944,11.6282,9.9933,0.0,,1006671464.0,1006671464.0,551237969.0,2617345806.0,2617345806.0,环境保护,环保,环境治理,综合环境治理,2.96,2.42,0.0
2021-02-03,5.91,6.0,5.7,5.77,5.93,-0.1600000000000001,-2.7,6806200.0,17577864.0,2.28,0.006761,0.0123469999999999,0.82,424.5503,3496.3284,5.6384,11.3152,9.7243,0.0,,1006671464.0,1006671464.0,551237969.0,2546878804.0,2546878804.0,环境保护,环保,环境治理,综合环境治理,2.86,2.34,0.0
2021-02-04,5.77,5.79,5.47,5.63,5.77,-0.1399999999999996,-2.43,9713100.0,23928801.0,2.28,0.009649,0.017621,1.3,414.4819,3413.4116,5.5047,11.0468,9.4937,0.0,,1006671464.0,1006671464.0,551237969.0,2486478516.0,2486478516.0,环境保护,环保,环境治理,综合环境治理,2.78,2.28,0.0
2021-02-05,5.65,5.77,5.59,5.61,5.63,-0.0199999999999995,-0.36,4678020.0,11647244.0,2.28,0.004647,0.008486,0.58,412.8039,3399.5921,5.4824,11.0021,9.4552,0.0,,1006671464.0,1006671464.0,551237969.0,2476411801.0,2476411801.0,环境保护,环保,环境治理,综合环境治理,2.72,2.22,0.0
2021-02-08,5.63,6.0,5.63,5.72,5.61,0.1099999999999994,1.96,7061900.0,18023848.0,2.28,0.007015,0.012811,0.98,421.1942,3468.6895,5.5939,11.2257,9.6474,0.0,,1006671464.0,1006671464.0,551237969.0,2526745375.0,2526745375.0,环境保护,环保,环境治理,综合环境治理,2.71,2.21,0.0
2021-02-09,5.72,5.79,5.72,5.75,5.72,0.0300000000000002,0.52,4378100.0,11049739.0,2.28,0.004349,0.007942,0.58,422.8722,3482.509,5.6161,11.2704,9.6858,0.0,,1006671464.0,1006671464.0,551237969.0,2536812089.0,2536812089.0,环境保护,环保,环境治理,综合环境治理,2.76,2.26,0.0
2021-02-10,5.75,6.11,5.72,5.91,5.75,0.1600000000000001,2.78,5550255.0,14259324.0,2.28,0.005513,0.010069,0.85,434.6187,3579.2453,5.7722,11.5835,9.9549,0.0,,1006671464.0,1006671464.0,551237969.0,2607279092.0,2607279092.0,环境保护,环保,环境治理,综合环境治理,2.77,2.27,0.0
2021-02-18,5.91,6.06,5.86,6.02,5.91,0.1099999999999994,1.86,6079055.0,16014771.0,2.28,0.006039,0.011028,0.97,443.009,3648.3427,5.8836,11.8071,10.1471,0.0,,1006671464.0,1006671464.0,551237969.0,2657612665.0000005,2657612665.0000005,环境保护,环保,环境治理,综合环境治理,2.85,2.33,0.0
2021-02-19,6.02,6.2,6.0,6.18,6.02,0.1600000000000001,2.66,6035137.0,16173420.0,2.28,0.005995,0.010948,1.09,454.7555,3745.0791,6.0396,12.1202,10.4161,0.0,,1006671464.0,1006671464.0,551237969.0,2728079667.0,2728079667.0,环境保护,环保,环境治理,综合环境治理,2.9,2.38,0.0
2021-02-22,6.2,6.43,6.11,6.11,6.18,-0.0699999999999994,-1.13,12696166.0,34925553.0,2.28,0.012612,0.023032,2.18,449.7213,3703.6206,5.9727,11.986,10.3008,0.0,,1006671464.0,1006671464.0,551237969.0,2697879524.0,2697879524.0,环境保护,环保,环境治理,综合环境治理,2.98,2.44,0.0
2021-02-23,6.13,6.22,6.02,6.04,6.11,-0.0700000000000002,-1.15,5943446.0,15887542.0,2.28,0.005904,0.010782,0.86,444.6871,3662.1622,5.9059,11.8518,10.1855,0.0,,1006671464.0,1006671464.0,551237969.0,2667679380.0,2667679380.0,环境保护,环保,环境治理,综合环境治理,2.95,2.41,0.0
2021-02-24,6.04,6.66,6.04,6.41,6.04,0.3700000000000001,6.13,24469693.0,69066522.0,2.28,0.024308,0.04439,3.37,471.5361,3883.2739,6.2624,12.5674,10.8005,0.0,,1006671464.0,1006671464.0,551237969.0,2828746814.0,2828746814.0,环境保护,环保,环境治理,综合环境治理,2.92,2.39,0.0
2021-02-25,6.29,6.36,6.16,6.22,6.41,-0.1900000000000004,-2.96,13899384.0,38110637.0,2.28,0.013807,0.025215,1.26,458.1116,3772.718,6.0842,12.2096,10.493,0.0,,1006671464.0,1006671464.0,551237969.0,2748213097.0,2748213097.0,环境保护,环保,环境治理,综合环境治理,3.09,2.53,0.0
2021-02-26,6.11,6.32,6.04,6.2,6.22,-0.0199999999999995,-0.32,7785892.999999999,21182235.0,2.28,0.0077339999999999,0.014124,0.62,456.4335,3758.8986,6.0619,12.1649,10.4546,0.0,,1006671464.0,1006671464.0,551237969.0,2738146382.0,2738146382.0,环境保护,环保,环境治理,综合环境治理,3.0,2.46,0.0
2021-03-01,6.22,6.36,6.2,6.25,6.2,0.0499999999999998,0.81,5785900.0,15851978.0,2.28,0.005748,0.010496,0.45,459.7897,3786.5375,6.1064,12.2544,10.5314,0.0,,1006671464.0,1006671464.0,551237969.0,2758279810.9999995,2758279810.9999995,环境保护,环保,环境治理,综合环境治理,2.99,2.45,0.0
2021-03-02,6.25,6.34,6.18,6.29,6.25,0.04,0.64,7361500.0,20171857.0,2.28,0.0073129999999999,0.013354,0.64,463.1458,3814.1765,6.151,12.3438,10.6083,0.0,,1006671464.0,1006671464.0,551237969.0,2778413241.0000005,2778413241.0000005,环境保护,环保,环境治理,综合环境治理,3.01,2.47,0.0
2021-03-03,6.29,6.32,6.2,6.29,6.29,0.0,0.0,5802300.0,15929524.0,2.28,0.005764,0.010526,0.49,463.1458,3814.1765,6.151,12.3438,10.6083,0.0,,1006671464.0,1006671464.0,551237969.0,2778413241.0000005,2778413241.0000005,环境保护,环保,环境治理,综合环境治理,3.04,2.48,0.0
2021-03-04,6.29,6.38,6.22,6.27,6.29,-0.0200000000000004,-0.32,7788700.0,21518456.0,2.28,0.007737,0.014129,0.96,461.4677,3800.357,6.1287,12.2991,10.5699,0.0,,1006671464.0,1006671464.0,551237969.0,2768346525.9999995,2768346525.9999995,环境保护,环保,环境治理,综合环境治理,3.04,2.48,0.0
2021-03-05,6.27,6.54,6.25,6.38,6.27,0.1100000000000003,1.75,11390881.0,31842181.0,2.28,0.0113149999999999,0.020664,1.65,469.858,3869.4544,6.2402,12.5227,10.762,0.0,,1006671464.0,1006671464.0,551237969.0,2818680099.0,2818680099.0,环境保护,环保,环境治理,综合环境治理,3.03,2.48,0.0
2021-03-08,6.36,6.52,6.34,6.43,6.38,0.0499999999999998,0.78,9384400.0,26376588.0,2.28,0.009322,0.0170239999999999,1.23,473.2142,3897.0934,6.2847,12.6121,10.8389,0.0,,1006671464.0,1006671464.0,551237969.0,2838813528.0,2838813528.0,环境保护,环保,环境治理,综合环境治理,3.08,2.52,0.0
2021-03-09,6.41,6.89,6.41,6.66,6.43,0.2300000000000004,3.58,26333007.0,76458666.0,2.28,0.026158,0.047771,3.16,489.9948,4035.2882,6.5076,13.0594,11.2233,0.0,,1006671464.0,1006671464.0,551237969.0,2939480675.0,2939480675.0,环境保护,环保,环境治理,综合环境治理,3.1,2.54,0.0
2021-03-10,6.57,6.57,6.11,6.25,6.66,-0.4100000000000001,-6.16,15229235.0,42193901.0,2.28,0.0151279999999999,0.027627,1.25,459.7897,3786.5375,6.1064,12.2544,10.5314,0.0,,1006671464.0,1006671464.0,551237969.0,2758279810.9999995,2758279810.9999995,环境保护,环保,环境治理,综合环境治理,3.21,2.63,0.0
2021-03-11,6.18,6.25,5.95,6.18,6.25,-0.0700000000000002,-1.12,7915900.0,21236948.0,2.28,0.007863,0.01436,0.56,454.7555,3745.0791,6.0396,12.1202,10.4161,0.0,,1006671464.0,1006671464.0,551237969.0,2728079667.0,2728079667.0,环境保护,环保,环境治理,综合环境治理,3.01,2.47,0.0
2021-03-12,6.2,6.32,6.06,6.16,6.18,-0.0199999999999995,-0.32,8348600.0,22669877.0,2.28,0.008293,0.0151449999999999,0.59,453.0774,3731.2596,6.0173,12.0755,10.3777,0.0,,1006671464.0,1006671464.0,551237969.0,2718012953.0,2718012953.0,环境保护,环保,环境治理,综合环境治理,2.98,2.44,0.0
2021-03-15,6.16,6.29,6.13,6.18,6.16,0.0199999999999995,0.32,6509930.0,17643182.0,2.28,0.006467,0.01181,0.48,454.7555,3745.0791,6.0396,12.1202,10.4161,0.0,,1006671464.0,1006671464.0,551237969.0,2728079667.0,2728079667.0,环境保护,环保,环境治理,综合环境治理,2.97,2.43,0.0
2021-03-16,6.18,6.38,6.16,6.36,6.18,0.1800000000000006,2.91,11487731.0,31649121.0,2.28,0.011412,0.02084,0.89,468.18,3855.6349,6.2179,12.478,10.7236,0.0,,1006671464.0,1006671464.0,551237969.0,2808613385.0,2808613385.0,环境保护,环保,环境治理,综合环境治理,2.98,2.44,0.0
2021-03-17,6.43,6.45,6.2,6.27,6.36,-0.0900000000000007,-1.42,12856900.0,35672185.0,2.28,0.0127719999999999,0.0233239999999999,1.3,461.4677,3800.357,6.1287,12.2991,10.5699,0.0,,1006671464.0,1006671464.0,551237969.0,2768346525.9999995,2768346525.9999995,环境保护,环保,环境治理,综合环境治理,3.07,2.51,0.0
2021-03-18,6.27,6.29,6.18,6.18,6.27,-0.0899999999999998,-1.44,7376846.000000001,20092941.0,2.28,0.007328,0.013382,0.78,454.7555,3745.0791,6.0396,12.1202,10.4161,0.0,,1006671464.0,1006671464.0,551237969.0,2728079667.0,2728079667.0,环境保护,环保,环境治理,综合环境治理,3.03,2.48,0.0
2021-03-19,6.16,6.22,6.11,6.18,6.18,0.0,0.0,6102055.0,16486214.0,2.28,0.006062,0.01107,0.66,454.7555,3745.0791,6.0396,12.1202,10.4161,0.0,,1006671464.0,1006671464.0,551237969.0,2728079667.0,2728079667.0,环境保护,环保,环境治理,综合环境治理,2.98,2.44,0.0
2021-03-22,6.25,6.32,6.18,6.29,6.18,0.1100000000000003,1.78,8234689.0,22581357.0,2.28,0.00818,0.014939,0.93,463.1458,3814.1765,6.151,12.3438,10.6083,0.0,,1006671464.0,1006671464.0,551237969.0,2778413241.0000005,2778413241.0000005,环境保护,环保,环境治理,综合环境治理,2.98,2.44,0.0
2021-03-23,6.32,6.34,6.18,6.2,6.29,-0.0899999999999998,-1.43,6194693.0,16937171.0,2.28,0.006154,0.011238,0.67,456.4335,3758.8986,6.0619,12.1649,10.4546,0.0,,1006671464.0,1006671464.0,551237969.0,2738146382.0,2738146382.0,环境保护,环保,环境治理,综合环境治理,3.04,2.48,0.0
2021-03-24,6.18,6.43,6.13,6.32,6.2,0.1200000000000001,1.94,11324201.0,31281402.0,2.28,0.011249,0.020543,1.39,464.8238,3827.996,6.1733,12.3885,10.6467,0.0,,1006671464.0,1006671464.0,551237969.0,2788479955.0,2788479955.0,环境保护,环保,环境治理,综合环境治理,2.99,2.45,0.0
2021-03-25,6.29,6.59,6.18,6.38,6.32,0.0599999999999996,0.95,16753772.0,47040550.0,2.28,0.0166429999999999,0.030393,2.14,469.858,3869.4544,6.2402,12.5227,10.762,0.0,,1006671464.0,1006671464.0,551237969.0,2818680099.0,2818680099.0,环境保护,环保,环境治理,综合环境治理,3.05,2.49,0.0
2021-03-26,6.29,6.73,6.29,6.5,6.38,0.1200000000000001,1.88,15395172.0,43949467.0,2.28,0.015293,0.027928,1.58,478.2484,3938.5518,6.3516,12.7463,10.9542,0.0,,1006671464.0,1006671464.0,551237969.0,2869013672.0,2869013672.0,环境保护,环保,环境治理,综合环境治理,3.08,2.52,0.0
2021-03-29,6.45,6.68,6.34,6.38,6.5,-0.1200000000000001,-1.85,9967500.0,28122976.0,2.28,0.009901,0.018082,0.86,469.858,3869.4544,6.2402,12.5227,10.762,0.0,,1006671464.0,1006671464.0,551237969.0,2818680099.0,2818680099.0,环境保护,环保,环境治理,综合环境治理,3.14,2.57,0.0
2021-03-30,6.34,6.38,6.2,6.25,6.38,-0.1299999999999999,-2.04,7387900.0,20241994.0,2.28,0.007339,0.013402,0.62,459.7897,3786.5375,6.1064,12.2544,10.5314,0.0,,1006671464.0,1006671464.0,551237969.0,2758279810.9999995,2758279810.9999995,环境保护,环保,环境治理,综合环境治理,3.08,2.52,0.0
2021-03-31,6.18,6.32,6.18,6.32,6.25,0.0700000000000002,1.12,5612835.0,15415741.0,2.28,0.005576,0.010182,0.46,464.8238,3827.996,6.1733,12.3885,10.6467,0.0,,1006671464.0,1006671464.0,551237969.0,2788479955.0,2788479955.0,环境保护,环保,环境治理,综合环境治理,3.01,2.47,0.0
2021-04-01,6.25,6.29,6.18,6.2,6.32,-0.1200000000000001,-1.9,5677000.0,15535474.0,2.28,0.005639,0.010299,0.51,456.4335,3758.8986,6.0619,12.1649,10.4546,0.0,,1006671464.0,1006671464.0,551237969.0,2738146382.0,2738146382.0,环境保护,环保,环境治理,综合环境治理,3.05,2.49,0.0
2021-04-02,6.22,6.27,6.13,6.2,6.2,0.0,0.0,5588938.0,15169396.0,2.28,0.005552,0.010139,0.63,456.4335,3758.8986,6.0619,12.1649,10.4546,0.0,,1006671464.0,1006671464.0,551237969.0,2738146382.0,2738146382.0,环境保护,环保,环境治理,综合环境治理,2.99,2.45,0.0
2021-04-06,6.2,6.32,6.16,6.27,6.2,0.0699999999999994,1.13,4796056.0,13149226.0,2.28,0.004764,0.008701,0.7,461.4677,3800.357,6.1287,12.2991,10.5699,0.0,,1006671464.0,1006671464.0,551237969.0,2768346525.9999995,2768346525.9999995,环境保护,环保,环境治理,综合环境治理,2.99,2.45,0.0
2021-04-07,6.22,6.38,6.22,6.38,6.27,0.1100000000000003,1.75,9248858.0,25631137.0,2.28,0.009188,0.016778,1.59,469.858,3869.4544,6.2402,12.5227,10.762,0.0,,1006671464.0,1006671464.0,551237969.0,2818680099.0,2818680099.0,环境保护,环保,环境治理,综合环境治理,3.03,2.48,0.0
2021-04-08,6.48,6.68,6.34,6.41,6.38,0.0300000000000002,0.47,16223346.0,46055177.0,2.28,0.016116,0.029431,2.62,471.5361,3883.2739,6.2624,12.5674,10.8005,0.0,,1006671464.0,1006671464.0,551237969.0,2828746814.0,2828746814.0,环境保护,环保,环境治理,综合环境治理,3.08,2.52,0.0
2021-04-09,6.38,6.57,6.29,6.38,6.41,-0.0300000000000002,-0.47,10156431.0,28511695.0,2.28,0.0100889999999999,0.018425,1.22,469.858,3869.4544,6.2402,12.5227,10.762,0.0,,1006671464.0,1006671464.0,551237969.0,2818680099.0,2818680099.0,环境保护,环保,环境治理,综合环境治理,3.09,2.53,0.0
2021-04-12,6.36,6.36,6.22,6.25,6.38,-0.1299999999999999,-2.04,8248482.000000001,22723861.0,2.28,0.008194,0.014964,0.9,459.7897,3786.5375,6.1064,12.2544,10.5314,0.0,,1006671464.0,1006671464.0,551237969.0,2758279810.9999995,2758279810.9999995,环境保护,环保,环境治理,综合环境治理,3.08,2.52,0.0
2021-04-13,6.29,6.32,6.13,6.2,6.25,-0.0499999999999998,-0.8,5900500.0,15988530.0,2.28,0.005861,0.010704,0.61,456.4335,3758.8986,6.0619,12.1649,10.4546,0.0,,1006671464.0,1006671464.0,551237969.0,2738146382.0,2738146382.0,环境保护,环保,环境治理,综合环境治理,3.01,2.47,0.0
2021-04-14,6.18,6.27,6.13,6.22,6.2,0.0199999999999995,0.32,4319786.0,11774955.0,2.28,0.004291,0.007837,0.43,458.1116,3772.718,6.0842,12.2096,10.493,0.0,,1006671464.0,1006671464.0,551237969.0,2748213097.0,2748213097.0,环境保护,环保,环境治理,综合环境治理,2.99,2.45,0.0
2021-04-15,6.18,6.25,6.11,6.18,6.22,-0.04,-0.64,5782900.0,15651956.0,2.28,0.005745,0.0104909999999999,0.64,454.7555,,7.523,12.1202,11.9297,0.0,,1006671464.0,1006671464.0,551237969.0,2728079667.0,2728079667.0,环境保护,环保,环境治理,综合环境治理,3.0,2.46,0.0
2021-04-16,6.16,6.32,6.13,6.29,6.18,0.1100000000000003,1.78,7412000.0,20312575.0,2.28,0.007363,0.013446,1.08,463.1458,,7.6618,12.3438,12.1498,0.0,,1006671464.0,1006671464.0,551237969.0,2778413241.0000005,2778413241.0000005,环境保护,环保,环境治理,综合环境治理,2.98,2.44,0.0
2021-04-19,6.29,6.45,6.27,6.43,6.29,0.1399999999999996,2.23,10311600.0,28922472.0,2.28,0.010243,0.018706,1.63,473.2142,,7.8284,12.6121,12.414,0.0,,1006671464.0,1006671464.0,551237969.0,2838813528.0,2838813528.0,环境保护,环保,环境治理,综合环境治理,3.04,2.48,0.0
2021-04-20,6.45,6.48,6.34,6.34,6.43,-0.0899999999999998,-1.4,6856781.0,19256345.0,2.28,0.006811,0.012439,1.02,466.5019,,7.7173,12.4332,12.2379,0.0,,1006671464.0,1006671464.0,551237969.0,2798546670.0,2798546670.0,环境保护,环保,环境治理,综合环境治理,3.1,2.54,0.0
2021-04-21,6.34,6.36,6.25,6.29,6.34,-0.0499999999999998,-0.79,3598193.0,9954484.0,2.28,0.003574,0.006527,0.52,463.1458,,7.6618,12.3438,12.1498,0.0,,1006671464.0,1006671464.0,551237969.0,2778413241.0000005,2778413241.0000005,环境保护,环保,环境治理,综合环境治理,3.06,2.5,0.0
2021-04-22,6.29,6.38,6.27,6.32,6.29,0.0300000000000002,0.48,3714100.0,10292441.0,2.28,0.003689,0.0067379999999999,0.55,464.8238,,7.6896,12.3885,12.1938,0.0,,1006671464.0,1006671464.0,551237969.0,2788479955.0,2788479955.0,环境保护,环保,环境治理,综合环境治理,3.04,2.48,0.0
2021-04-23,6.36,6.36,6.13,6.16,6.32,-0.1600000000000001,-2.53,6802116.0,18481145.0,2.28,0.006757,0.01234,1.07,453.0774,,7.4952,12.0755,11.8857,0.0,,1006671464.0,1006671464.0,551237969.0,2718012953.0,2718012953.0,环境保护,环保,环境治理,综合环境治理,3.05,2.49,0.0
2021-04-26,6.16,6.2,6.09,6.11,6.16,-0.0499999999999998,-0.81,5217800.0,14051913.0,2.28,0.005183,0.009466,0.83,449.7213,,7.4397,11.986,11.7977,0.0,,1006671464.0,1006671464.0,551237969.0,2697879524.0,2697879524.0,环境保护,环保,环境治理,综合环境治理,2.97,2.43,0.0
2021-04-27,6.11,6.25,5.95,6.2,6.11,0.0899999999999998,1.47,8449900.0,22562466.0,2.28,0.008394,0.0153289999999999,1.61,,,8.0986,11.9737,10.1253,0.0,,1006671464.0,1006671464.0,551237969.0,2738146382.0,2738146382.0,环境保护,环保,环境治理,综合环境治理,2.95,2.41,0.0
2021-04-28,6.18,6.2,6.06,6.06,6.2,-0.1400000000000005,-2.26,3882210.0,10403129.0,2.28,0.003856,0.007043,0.7,,,7.92,11.7096,9.9019,0.0,,1006671464.0,1006671464.0,551237969.0,2677746094.0,2677746094.0,环境保护,环保,环境治理,综合环境治理,2.99,2.45,0.0
2021-04-29,6.09,6.13,6.02,6.06,6.06,0.0,0.0,3450600.0,9177435.0,2.28,0.003428,0.00626,0.61,,,7.92,11.7096,9.9019,0.0,,1006671464.0,1006671464.0,551237969.0,2677746094.0,2677746094.0,环境保护,环保,环境治理,综合环境治理,2.93,2.39,0.0
2021-04-30,6.09,6.09,6.0,6.04,6.06,-0.0199999999999995,-0.33,3036506.0,8041188.0,2.28,0.0030159999999999,0.0055089999999999,0.55,,,7.8902,11.6656,9.8647,0.0,,1006671464.0,1006671464.0,551237969.0,2667679380.0,2667679380.0,环境保护,环保,环境治理,综合环境治理,2.93,2.39,0.0
2021-05-06,6.06,6.11,6.0,6.02,6.04,-0.0200000000000004,-0.33,3854809.0,10221594.0,2.28,0.003829,0.006993,0.8,,,7.8604,11.6216,9.8275,0.0,,1006671464.0,1006671464.0,551237969.0,2657612665.0000005,2657612665.0000005,环境保护,环保,环境治理,综合环境治理,2.92,2.39,0.0
2021-05-07,6.0,6.04,5.95,6.02,6.02,0.0,0.0,4478159.0,11779774.0,2.28,0.004448,0.008124,0.99,,,7.8604,11.6216,9.8275,0.0,,1006671464.0,1006671464.0,551237969.0,2657612665.0000005,2657612665.0000005,环境保护,环保,环境治理,综合环境治理,2.9,2.38,0.0
2021-05-10,6.02,6.06,5.86,5.88,6.02,-0.1399999999999996,-2.33,7582700.0,19697058.0,2.28,0.007532,0.0137559999999999,2.03,,,7.6818,11.3574,9.6041,0.0,,1006671464.0,1006671464.0,551237969.0,2597212377.0,2597212377.0,环境保护,环保,环境治理,综合环境治理,2.9,2.38,0.0
2021-05-11,5.88,6.0,5.75,5.93,5.88,0.0499999999999998,0.85,5463600.0,14084174.0,2.28,0.0054269999999999,0.0099119999999999,1.22,,,7.7413,11.4455,9.6786,0.0,,1006671464.0,1006671464.0,551237969.0,2617345806.0,2617345806.0,环境保护,环保,环境治理,综合环境治理,2.84,2.32,0.0
2021-05-12,5.91,6.0,5.86,5.97,5.93,0.04,0.67,4355814.0,11342309.0,2.28,0.004327,0.007902,0.89,,,7.8009,11.5335,9.753,0.0,,1006671464.0,1006671464.0,551237969.0,2637479236.0,2637479236.0,环境保护,环保,环境治理,综合环境治理,2.86,2.34,0.0
2021-05-13,5.91,6.04,5.91,5.97,5.97,0.0,0.0,5084900.0,13360750.0,2.28,0.005051,0.009225,0.99,,,7.8009,11.5335,9.753,0.0,,1006671464.0,1006671464.0,551237969.0,2637479236.0,2637479236.0,环境保护,环保,环境治理,综合环境治理,2.88,2.36,0.0
2021-05-14,5.97,6.27,5.97,6.18,5.97,0.2099999999999999,3.52,12973570.0,35027419.0,2.28,0.012888,0.023535,2.41,,,8.0689,11.9297,10.088,0.0,,1006671464.0,1006671464.0,551237969.0,2728079667.0,2728079667.0,环境保护,环保,环境治理,综合环境治理,2.88,2.36,0.0
2021-05-17,6.13,6.2,6.02,6.06,6.18,-0.1200000000000001,-1.94,8115891.0,21798624.0,2.28,0.008062,0.014723,1.14,,,7.92,11.7096,9.9019,0.0,,1006671464.0,1006671464.0,551237969.0,2677746094.0,2677746094.0,环境保护,环保,环境治理,综合环境治理,2.98,2.44,0.0
2021-05-18,6.13,6.13,6.04,6.09,6.06,0.0300000000000002,0.5,3023060.0,8077947.0,2.28,0.003003,0.005484,0.42,,,7.9498,11.7536,9.9391,0.0,,1006671464.0,1006671464.0,551237969.0,2687812809.0,2687812809.0,环境保护,环保,环境治理,综合环境治理,2.93,2.39,0.0
2021-05-19,6.04,6.11,6.02,6.04,6.09,-0.0499999999999998,-0.82,4754600.0,12611244.0,2.28,0.004723,0.008625,0.71,,,7.8902,11.6656,9.8647,0.0,,1006671464.0,1006671464.0,551237969.0,2667679380.0,2667679380.0,环境保护,环保,环境治理,综合环境治理,2.94,2.4,0.0
2021-05-20,6.02,6.16,6.0,6.09,6.04,0.0499999999999998,0.83,5151593.0,13771216.0,2.28,0.005117,0.009345,0.76,,,7.9498,11.7536,9.9391,0.0,,1006671464.0,1006671464.0,551237969.0,2687812809.0,2687812809.0,环境保护,环保,环境治理,综合环境治理,2.92,2.39,0.0
2021-05-21,6.06,6.11,6.02,6.06,6.09,-0.0300000000000002,-0.49,4258581.0,11309955.0,2.28,0.00423,0.0077249999999999,0.63,,,7.92,11.7096,9.9019,0.0,,1006671464.0,1006671464.0,551237969.0,2677746094.0,2677746094.0,环境保护,环保,环境治理,综合环境治理,2.94,2.4,0.0
2021-05-24,6.11,6.13,6.04,6.06,6.06,0.0,0.0,3598231.0,9596524.0,2.28,0.003574,0.006528,0.71,,,7.92,11.7096,9.9019,0.0,,1006671464.0,1006671464.0,551237969.0,2677746094.0,2677746094.0,环境保护,环保,环境治理,综合环境治理,2.93,2.39,0.0
2021-05-25,6.04,6.09,5.97,6.02,6.06,-0.04,-0.66,5231600.0,13832944.0,2.28,0.005197,0.009491,1.26,,,7.8604,11.6216,9.8275,0.0,,1006671464.0,1006671464.0,551237969.0,2657612665.0000005,2657612665.0000005,环境保护,环保,环境治理,综合环境治理,2.93,2.39,0.0
2021-05-26,6.0,6.09,5.97,6.04,6.02,0.0200000000000004,0.33,6322710.0,16703062.999999998,2.28,0.006281,0.01147,1.37,,,7.8902,11.6656,9.8647,0.0,,1006671464.0,1006671464.0,551237969.0,2667679380.0,2667679380.0,环境保护,环保,环境治理,综合环境治理,2.9,2.38,0.0
2021-05-27,6.04,6.16,6.0,6.11,6.04,0.0700000000000002,1.16,6806100.0,18196575.0,2.28,0.006761,0.0123469999999999,1.39,,,7.9795,11.7977,9.9764,0.0,,1006671464.0,1006671464.0,551237969.0,2697879524.0,2697879524.0,环境保护,环保,环境治理,综合环境治理,2.92,2.39,0.0
2021-05-28,6.11,6.2,6.04,6.04,6.11,-0.0700000000000002,-1.15,4884700.0,13101620.0,2.28,0.004852,0.008861,0.93,,,7.8902,11.6656,9.8647,0.0,,1006671464.0,1006671464.0,551237969.0,2667679380.0,2667679380.0,环境保护,环保,环境治理,综合环境治理,2.95,2.41,0.0
2021-05-31,6.0,6.13,6.0,6.06,6.04,0.0199999999999995,0.33,3920400.0,10411821.0,2.28,0.003894,0.007112,0.73,,,7.92,11.7096,9.9019,0.0,,1006671464.0,1006671464.0,551237969.0,2677746094.0,2677746094.0,环境保护,环保,环境治理,综合环境治理,2.92,2.39,0.0
2021-06-01,6.04,6.68,6.04,6.43,6.06,0.3700000000000001,6.11,24671189.0,68783981.0,2.28,0.024508,0.044756,4.54,,,8.3964,12.414,10.4975,0.0,,1006671464.0,1006671464.0,551237969.0,2838813528.0,2838813528.0,环境保护,环保,环境治理,综合环境治理,2.93,2.39,0.0
2021-06-02,6.34,6.45,6.18,6.25,6.43,-0.1799999999999997,-2.8,16470404.999999998,45394776.0,2.28,0.016361,0.029879,1.77,,,8.1582,12.0618,10.1997,0.0,,1006671464.0,1006671464.0,551237969.0,2758279810.9999995,2758279810.9999995,环境保护,环保,环境治理,综合环境治理,3.1,2.54,0.0
2021-06-03,6.25,6.32,6.2,6.22,6.25,-0.0300000000000002,-0.48,8383300.0,23011559.0,2.28,0.008328,0.015208,0.74,,,8.1284,12.0178,10.1625,0.0,,1006671464.0,1006671464.0,551237969.0,2748213097.0,2748213097.0,环境保护,环保,环境治理,综合环境治理,3.01,2.47,0.0
2021-06-04,6.22,6.25,6.06,6.16,6.22,-0.0599999999999996,-0.96,8224300.0,22228464.0,2.28,0.00817,0.01492,0.7,,,8.0391,11.8857,10.0508,0.0,,1006671464.0,1006671464.0,551237969.0,2718012953.0,2718012953.0,环境保护,环保,环境治理,综合环境治理,3.0,2.46,0.0
2021-06-07,6.16,6.32,6.13,6.22,6.16,0.0599999999999996,0.97,6645300.999999999,18137451.0,2.28,0.006601,0.012055,0.54,,,8.1284,12.0178,10.1625,0.0,,1006671464.0,1006671464.0,551237969.0,2748213097.0,2748213097.0,环境保护,环保,环境治理,综合环境治理,2.97,2.43,0.0
2021-06-08,6.2,6.36,6.18,6.32,6.22,0.1000000000000005,1.61,9551374.0,26366822.0,2.28,0.009488,0.017327,0.74,,,8.2475,12.1938,10.3114,0.0,,1006671464.0,1006671464.0,551237969.0,2788479955.0,2788479955.0,环境保护,环保,环境治理,综合环境治理,3.0,2.46,0.0
2021-06-09,6.29,6.36,6.22,6.25,6.32,-0.0700000000000002,-1.11,6122700.0,16862753.0,2.28,0.006082,0.011107,0.62,,,8.1582,12.0618,10.1997,0.0,,1006671464.0,1006671464.0,551237969.0,2758279810.9999995,2758279810.9999995,环境保护,环保,环境治理,综合环境治理,3.05,2.49,0.0
2021-06-10,6.34,6.34,6.22,6.27,6.25,0.0199999999999995,0.32,5140001.0,14121931.0,2.28,0.005106,0.009324,0.66,,,8.188,12.1058,10.2369,0.0,,1006671464.0,1006671464.0,551237969.0,2768346525.9999995,2768346525.9999995,环境保护,环保,环境治理,综合环境治理,3.01,2.47,0.0
2021-06-11,6.25,6.29,6.18,6.22,6.27,-0.0499999999999998,-0.8,5961364.0,16310042.0,2.28,0.0059219999999999,0.0108149999999999,0.84,,,8.1284,12.0178,10.1625,0.0,,1006671464.0,1006671464.0,551237969.0,2748213097.0,2748213097.0,环境保护,环保,环境治理,综合环境治理,3.03,2.48,0.0
2021-06-15,6.27,6.32,6.22,6.27,6.22,0.0499999999999998,0.8,5674200.0,15601751.0,2.28,0.005637,0.010294,0.85,,,8.188,12.1058,10.2369,0.0,,1006671464.0,1006671464.0,551237969.0,2768346525.9999995,2768346525.9999995,环境保护,环保,环境治理,综合环境治理,3.0,2.46,0.0
2021-06-16,6.32,6.32,6.09,6.16,6.27,-0.1099999999999994,-1.75,6850233.0,18588401.0,2.28,0.006805,0.0124269999999999,1.06,,,8.0391,11.8857,10.0508,0.0,,1006671464.0,1006671464.0,551237969.0,2718012953.0,2718012953.0,环境保护,环保,环境治理,综合环境治理,3.03,2.48,0.0
2021-06-17,6.16,6.2,6.11,6.11,6.16,-0.0499999999999998,-0.81,3753184.0,10098351.0,2.28,0.003728,0.0068089999999999,0.63,,,7.9795,11.7977,9.9764,0.0,,1006671464.0,1006671464.0,551237969.0,2697879524.0,2697879524.0,环境保护,环保,环境治理,综合环境治理,2.97,2.43,0.0
2021-06-18,6.16,6.29,6.04,6.25,6.11,0.1399999999999996,2.29,8012750.0,21716738.0,2.28,0.00796,0.014536,1.46,,,8.1582,12.0618,10.1997,0.0,,1006671464.0,1006671464.0,551237969.0,2758279810.9999995,2758279810.9999995,环境保护,环保,环境治理,综合环境治理,2.95,2.41,0.0
2021-06-21,6.27,6.36,6.18,6.27,6.25,0.0199999999999995,0.32,6430000.0,17729464.0,2.28,0.006387,0.011665,1.06,,,8.188,12.1058,10.2369,0.0,,1006671464.0,1006671464.0,551237969.0,2768346525.9999995,2768346525.9999995,环境保护,环保,环境治理,综合环境治理,3.01,2.47,0.0
2021-06-22,6.25,6.38,6.22,6.34,6.27,0.0700000000000002,1.12,9308250.0,25796277.0,2.28,0.009247,0.016886,1.51,,,8.2773,12.2379,10.3486,0.0,,1006671464.0,1006671464.0,551237969.0,2798546670.0,2798546670.0,环境保护,环保,环境治理,综合环境治理,3.03,2.48,0.0
2021-06-23,6.38,6.38,6.27,6.32,6.34,-0.0199999999999995,-0.32,6071579.0,16859098.0,2.28,0.006031,0.011014,0.88,,,8.2475,12.1938,10.3114,0.0,,1006671464.0,1006671464.0,551237969.0,2788479955.0,2788479955.0,环境保护,环保,环境治理,综合环境治理,3.06,2.5,0.0
2021-06-24,6.36,6.54,6.29,6.41,6.32,0.0899999999999998,1.42,11859861.0,33351629.0,2.28,0.011781,0.021515,1.77,,,8.3666,12.3699,10.4603,0.0,,1006671464.0,1006671464.0,551237969.0,2828746814.0,2828746814.0,环境保护,环保,环境治理,综合环境治理,3.05,2.49,0.0
2021-06-25,6.34,6.41,6.22,6.25,6.41,-0.1600000000000001,-2.5,9320495.0,25744867.0,2.28,0.009259,0.016908,1.12,,,8.1582,12.0618,10.1997,0.0,,1006671464.0,1006671464.0,551237969.0,2758279810.9999995,2758279810.9999995,环境保护,环保,环境治理,综合环境治理,3.09,2.53,0.0
2021-06-28,6.25,6.29,6.18,6.18,6.25,-0.0700000000000002,-1.12,6968033.0,18997797.0,2.28,0.006922,0.012641,0.81,,,8.0689,11.9297,10.088,0.0,,1006671464.0,1006671464.0,551237969.0,2728079667.0,2728079667.0,环境保护,环保,环境治理,综合环境治理,3.01,2.47,0.0
2021-06-29,6.22,6.22,6.11,6.13,6.18,-0.0499999999999998,-0.81,4932706.0,13331232.0,2.28,0.0049,0.008948,0.57,,,8.0093,11.8417,10.0136,0.0,,1006671464.0,1006671464.0,551237969.0,2707946238.0,2707946238.0,环境保护,环保,环境治理,综合环境治理,2.98,2.44,0.0
2021-06-30,6.13,6.18,6.11,6.18,6.13,0.0499999999999998,0.82,3514700.0,9477924.0,2.28,0.003491,0.006376,0.45,,,8.0689,11.9297,10.088,0.0,,1006671464.0,1006671464.0,551237969.0,2728079667.0,2728079667.0,环境保护,环保,环境治理,综合环境治理,2.96,2.42,0.0
2021-07-01,6.18,6.18,6.06,6.09,6.18,-0.0899999999999998,-1.46,4620200.0,12380379.0,2.28,0.00459,0.008381,0.63,,,7.9498,11.7536,9.9391,0.0,,1006671464.0,1006671464.0,551237969.0,2687812809.0,2687812809.0,环境保护,环保,环境治理,综合环境治理,2.98,2.44,0.0
2021-07-02,6.09,6.11,6.04,6.09,6.09,0.0,0.0,3580501.9999999995,9518140.0,2.28,0.003557,0.006495,0.61,,,7.9498,11.7536,9.9391,0.0,,1006671464.0,1006671464.0,551237969.0,2687812809.0,2687812809.0,环境保护,环保,环境治理,综合环境治理,2.94,2.4,0.0
2021-07-05,6.09,6.13,6.06,6.11,6.09,0.0200000000000004,0.33,4179700.0,11184160.0,2.28,0.004152,0.007582,0.88,,,7.9795,11.7977,9.9764,0.0,,1006671464.0,1006671464.0,551237969.0,2697879524.0,2697879524.0,环境保护,环保,环境治理,综合环境治理,2.94,2.4,0.0
2021-07-06,6.18,6.18,6.06,6.11,6.11,0.0,0.0,3812700.0,10221673.0,2.28,0.003787,0.0069169999999999,0.92,,,7.9795,11.7977,9.9764,0.0,,1006671464.0,1006671464.0,551237969.0,2697879524.0,2697879524.0,环境保护,环保,环境治理,综合环境治理,2.95,2.41,0.0
2021-07-07,6.04,6.16,6.04,6.11,6.11,0.0,0.0,4856600.0,12980109.0,2.28,0.004824,0.00881,1.23,,,7.9795,11.7977,9.9764,0.0,,1006671464.0,1006671464.0,551237969.0,2697879524.0,2697879524.0,环境保护,环保,环境治理,综合环境治理,2.95,2.41,0.0
2021-07-08,6.16,6.38,6.09,6.2,6.11,0.0899999999999998,1.47,12431318.0,33969062.0,2.28,0.012349,0.022552,2.95,,,8.0986,11.9737,10.1253,0.0,,1006671464.0,1006671464.0,551237969.0,2738146382.0,2738146382.0,环境保护,环保,环境治理,综合环境治理,2.95,2.41,0.0
2021-07-09,6.16,6.2,6.11,6.18,6.2,-0.0200000000000004,-0.32,7977817.999999999,21521839.0,2.28,0.007925,0.014473,1.38,,,8.0689,11.9297,10.088,0.0,,1006671464.0,1006671464.0,551237969.0,2728079667.0,2728079667.0,环境保护,环保,环境治理,综合环境治理,2.99,2.45,0.0
2021-07-12,6.2,6.25,6.09,6.13,6.18,-0.0499999999999998,-0.81,8752600.0,23644544.0,2.28,0.008695,0.015878,1.32,,,8.0093,11.8417,10.0136,0.0,,1006671464.0,1006671464.0,551237969.0,2707946238.0,2707946238.0,环境保护,环保,环境治理,综合环境治理,2.98,2.44,0.0
2021-07-13,6.09,6.18,6.04,6.18,6.13,0.0499999999999998,0.82,5904000.0,15852798.0,2.28,0.005865,0.0107099999999999,0.78,,,8.0689,11.9297,10.088,0.0,,1006671464.0,1006671464.0,551237969.0,2728079667.0,2728079667.0,环境保护,环保,环境治理,综合环境治理,2.96,2.42,0.0
2021-07-14,6.11,6.18,6.04,6.06,6.18,-0.1200000000000001,-1.94,7608700.0,20362223.0,2.28,0.007558,0.013803,0.95,,,7.92,11.7096,9.9019,0.0,,1006671464.0,1006671464.0,551237969.0,2677746094.0,2677746094.0,环境保护,环保,环境治理,综合环境治理,2.98,2.44,0.0
2021-07-15,6.09,6.09,5.88,5.93,6.06,-0.1299999999999999,-2.15,9233646.0,24115602.0,2.28,0.009172,0.016751,1.08,,,7.7413,11.4455,9.6786,0.0,,1006671464.0,1006671464.0,551237969.0,2617345806.0,2617345806.0,环境保护,环保,环境治理,综合环境治理,2.93,2.39,0.0
2021-07-16,5.93,6.0,5.91,5.97,5.93,0.04,0.67,3674543.0,9623081.0,2.28,0.00365,0.006666,0.47,,,7.8009,11.5335,9.753,0.0,,1006671464.0,1006671464.0,551237969.0,2637479236.0,2637479236.0,环境保护,环保,环境治理,综合环境治理,2.86,2.34,0.0
2021-07-19,5.95,6.25,5.91,6.16,5.97,0.1900000000000004,3.18,10187743.0,27151407.0,2.28,0.01012,0.018482,1.45,,,8.0391,11.8857,10.0508,0.0,,1006671464.0,1006671464.0,551237969.0,2718012953.0,2718012953.0,环境保护,环保,环境治理,综合环境治理,2.88,2.36,0.0
2021-07-20,6.0,6.09,5.95,6.04,6.16,-0.1200000000000001,-1.95,6642657.000000001,17523803.0,2.28,0.006599,0.01205,0.91,,,7.8902,11.6656,9.8647,0.0,,1006671464.0,1006671464.0,551237969.0,2667679380.0,2667679380.0,环境保护,环保,环境治理,综合环境治理,2.97,2.43,0.0
2021-07-21,6.18,6.36,6.16,6.18,6.04,0.1399999999999996,2.32,12694428.0,34682111.0,2.28,0.01261,0.023029,1.7,,,8.0689,11.9297,10.088,0.0,,1006671464.0,1006671464.0,551237969.0,2728079667.0,2728079667.0,环境保护,环保,环境治理,综合环境治理,2.92,2.39,0.0
2021-07-22,6.18,6.79,6.11,6.45,6.18,0.2700000000000004,4.37,41636234.0,117866477.0,2.28,0.04136,0.075532,4.91,,,8.4262,12.458,10.5347,0.0,,1006671464.0,1006671464.0,551237969.0,2848880243.0,2848880243.0,环境保护,环保,环境治理,综合环境治理,2.98,2.44,0.0
2021-07-23,6.41,6.95,6.36,6.84,6.45,0.3899999999999997,6.05,52228022.0,154656462.0,2.28,0.051882,0.094747,3.49,,,8.9323,13.2063,11.1676,0.0,,1006671464.0,1006671464.0,551237969.0,3020014392.0,3020014392.0,环境保护,环保,环境治理,综合环境治理,3.11,2.55,0.0
2021-07-26,6.82,6.93,6.63,6.7,6.84,-0.1399999999999996,-2.05,32553459.000000004,96254873.0,2.28,0.032338,0.0590549999999999,1.32,,,8.7537,12.9422,10.9442,0.0,,1006671464.0,1006671464.0,551237969.0,2959614104.0,2959614104.0,环境保护,环保,环境治理,综合环境治理,3.3,2.7,0.0
2021-07-27,6.82,6.89,6.43,6.59,6.7,-0.1100000000000003,-1.64,25514315.0,73999651.0,2.28,0.025345,0.046285,0.88,,,8.6048,12.7221,10.7581,0.0,,1006671464.0,1006671464.0,551237969.0,2909280531.0,2909280531.0,环境保护,环保,环境治理,综合环境治理,3.23,2.65,0.0
2021-07-28,6.57,6.57,6.09,6.2,6.59,-0.3899999999999997,-5.92,15790906.0,43577689.0,2.28,0.015686,0.0286459999999999,0.48,,,8.0986,11.9737,10.1253,0.0,,1006671464.0,1006671464.0,551237969.0,2738146382.0,2738146382.0,环境保护,环保,环境治理,综合环境治理,3.18,2.6,0.0
2021-07-29,6.18,6.38,6.18,6.27,6.2,0.0699999999999994,1.13,11223500.0,30846043.0,2.28,0.011149,0.0203609999999999,0.33,,,8.188,12.1058,10.2369,0.0,,1006671464.0,1006671464.0,551237969.0,2768346525.9999995,2768346525.9999995,环境保护,环保,环境治理,综合环境治理,2.99,2.45,0.0
2021-07-30,6.22,6.27,6.13,6.22,6.27,-0.0499999999999998,-0.8,9114300.0,24828575.0,2.28,0.009054,0.016534,0.33,,,8.1284,12.0178,10.1625,0.0,,1006671464.0,1006671464.0,551237969.0,2748213097.0,2748213097.0,环境保护,环保,环境治理,综合环境治理,3.03,2.48,0.0
2021-08-02,6.22,6.27,6.16,6.25,6.22,0.0300000000000002,0.48,12385422.0,33749074.0,2.28,0.012303,0.022468,0.66,,,8.1582,12.0618,10.1997,0.0,,1006671464.0,1006671464.0,551237969.0,2758279810.9999995,2758279810.9999995,环境保护,环保,环境治理,综合环境治理,3.0,2.46,0.0
2021-08-03,6.18,6.36,6.13,6.22,6.25,-0.0300000000000002,-0.48,11903438.0,32491132.0,2.28,0.011825,0.021594,0.8,,,8.1284,12.0178,10.1625,0.0,,1006671464.0,1006671464.0,551237969.0,2748213097.0,2748213097.0,环境保护,环保,环境治理,综合环境治理,3.01,2.47,0.0
2021-08-04,6.2,6.22,6.09,6.18,6.22,-0.04,-0.64,13810800.0,37253868.0,2.28,0.0137189999999999,0.025054,1.14,,,8.0689,11.9297,10.088,0.0,,1006671464.0,1006671464.0,551237969.0,2728079667.0,2728079667.0,环境保护,环保,环境治理,综合环境治理,3.0,2.46,0.0
2021-08-05,6.22,6.25,6.04,6.06,6.18,-0.1200000000000001,-1.94,11533376.0,31017031.0,2.28,0.011457,0.0209229999999999,0.99,,,7.92,11.7096,9.9019,0.0,,1006671464.0,1006671464.0,551237969.0,2677746094.0,2677746094.0,环境保护,环保,环境治理,综合环境治理,2.98,2.44,0.0
2021-08-06,6.04,6.16,6.04,6.16,6.06,0.1000000000000005,1.65,7185412.0,19226061.0,2.28,0.007138,0.013035,0.61,,,8.0391,11.8857,10.0508,0.0,,1006671464.0,1006671464.0,551237969.0,2718012953.0,2718012953.0,环境保护,环保,环境治理,综合环境治理,2.93,2.39,0.0
2021-08-09,6.25,6.25,6.11,6.11,6.16,-0.0499999999999998,-0.81,10459690.0,28300545.0,2.28,0.01039,0.018975,0.92,,,7.9795,11.7977,9.9764,0.0,,1006671464.0,1006671464.0,551237969.0,2697879524.0,2697879524.0,环境保护,环保,环境治理,综合环境治理,2.97,2.43,0.0
2021-08-10,6.13,6.18,6.11,6.16,6.11,0.0499999999999998,0.82,7800144.0,21035344.0,2.28,0.007748,0.01415,0.71,,,8.0391,11.8857,10.0508,0.0,,1006671464.0,1006671464.0,551237969.0,2718012953.0,2718012953.0,环境保护,环保,环境治理,综合环境治理,2.95,2.41,0.0
2021-08-11,6.16,6.18,6.09,6.11,6.16,-0.0499999999999998,-0.81,9101144.0,24456681.0,2.28,0.009041,0.01651,0.9,,,7.9795,11.7977,9.9764,0.0,,1006671464.0,1006671464.0,551237969.0,2697879524.0,2697879524.0,环境保护,环保,环境治理,综合环境治理,2.97,2.43,0.0
2021-08-12,6.13,6.18,6.11,6.13,6.11,0.0199999999999995,0.33,7351758.0,19787667.0,2.28,0.007303,0.013337,0.8,,,8.0093,11.8417,10.0136,0.0,,1006671464.0,1006671464.0,551237969.0,2707946238.0,2707946238.0,环境保护,环保,环境治理,综合环境治理,2.95,2.41,0.0
2021-08-13,6.13,6.45,6.13,6.38,6.13,0.25,4.08,22067101.0,60798378.0,2.28,0.021921,0.040032,2.63,,,8.3368,12.3259,10.4231,0.0,,1006671464.0,1006671464.0,551237969.0,2818680099.0,2818680099.0,环境保护,环保,环境治理,综合环境治理,2.96,2.42,0.0
2021-08-16,6.38,6.61,6.29,6.32,6.38,-0.0599999999999996,-0.94,21832632.0,61610110.0,2.28,0.021688,0.039607,1.92,,,8.2475,12.1938,10.3114,0.0,,1006671464.0,1006671464.0,551237969.0,2788479955.0,2788479955.0,环境保护,环保,环境治理,综合环境治理,3.08,2.52,0.0
2021-08-17,6.32,6.41,6.18,6.2,6.32,-0.1200000000000001,-1.9,13604116.0,37423088.0,2.28,0.013514,0.024679,1.0,,,8.6184,11.9737,8.3593,0.0,,1006671464.0,1006671464.0,551237969.0,2738146382.0,2738146382.0,环境保护,环保,环境治理,综合环境治理,3.05,2.49,0.0
2021-08-18,6.2,6.2,6.09,6.2,6.2,0.0,0.0,9301970.0,25088007.0,2.28,0.00924,0.016875,0.63,,,8.6184,11.9737,8.3593,0.0,,1006671464.0,1006671464.0,551237969.0,2738146382.0,2738146382.0,环境保护,环保,环境治理,综合环境治理,2.99,2.45,0.0
2021-08-19,6.2,6.2,6.11,6.13,6.2,-0.0700000000000002,-1.13,6053100.0,16339175.0,2.28,0.0060129999999999,0.010981,0.41,,,8.5233,11.8417,8.2671,0.0,,1006671464.0,1006671464.0,551237969.0,2707946238.0,2707946238.0,环境保护,环保,环境治理,综合环境治理,2.99,2.45,0.0
2021-08-20,6.13,6.13,6.06,6.09,6.13,-0.04,-0.65,7343839.0,19608532.0,2.28,0.007295,0.013322,0.5,,,8.46,11.7536,8.2056,0.0,,1006671464.0,1006671464.0,551237969.0,2687812809.0,2687812809.0,环境保护,环保,环境治理,综合环境治理,2.96,2.42,0.0
2021-08-23,6.09,6.18,6.09,6.11,6.09,0.0200000000000004,0.33,9257301.0,24855411.0,2.28,0.009196,0.016794,0.8,,,8.4917,11.7977,8.2363,0.0,,1006671464.0,1006671464.0,551237969.0,2697879524.0,2697879524.0,环境保护,环保,环境治理,综合环境治理,2.94,2.4,0.0
2021-08-24,6.11,6.48,6.11,6.36,6.11,0.25,4.09,24833973.0,68460885.0,2.28,0.024669,0.0450509999999999,2.73,,,8.8402,12.2819,8.5744,0.0,,1006671464.0,1006671464.0,551237969.0,2808613385.0,2808613385.0,环境保护,环保,环境治理,综合环境治理,2.95,2.41,0.0
2021-08-25,6.5,6.52,6.27,6.34,6.36,-0.0200000000000004,-0.31,21333006.0,59445124.0,2.28,0.021192,0.0387,1.88,,,8.8085,12.2379,8.5437,0.0,,1006671464.0,1006671464.0,551237969.0,2798546670.0,2798546670.0,环境保护,环保,环境治理,综合环境治理,3.07,2.51,0.0
2021-08-26,6.36,6.73,6.34,6.52,6.34,0.1799999999999997,2.84,37034741.0,106865109.0,2.28,0.036789,0.067185,2.69,,,9.062,12.59,8.7895,0.0,,1006671464.0,1006671464.0,551237969.0,2879080386.9999995,2879080386.9999995,环境保护,环保,环境治理,综合环境治理,3.06,2.5,0.0
2021-08-27,6.57,6.7,6.48,6.52,6.52,0.0,0.0,17013807.0,48800985.0,2.28,0.016901,0.030865,0.85,,,9.062,12.59,8.7895,0.0,,1006671464.0,1006671464.0,551237969.0,2879080386.9999995,2879080386.9999995,环境保护,环保,环境治理,综合环境治理,3.15,2.57,0.0
2021-08-30,6.52,6.77,6.41,6.61,6.52,0.0900000000000007,1.38,22539652.0,65149849.0,2.28,0.02239,0.0408889999999999,1.03,,,9.1887,12.7661,8.9125,0.0,,1006671464.0,1006671464.0,551237969.0,2919347246.0,2919347246.0,环境保护,环保,环境治理,综合环境治理,3.15,2.57,0.0
2021-08-31,6.66,7.02,6.59,6.79,6.61,0.1799999999999997,2.72,38231232.0,113611950.0,2.28,0.037978,0.069355,1.56,,,9.4422,13.1183,9.1583,0.0,,1006671464.0,1006671464.0,551237969.0,2999880962.9999995,2999880962.9999995,环境保护,环保,环境治理,综合环境治理,3.19,2.61,0.0
2021-09-01,6.77,7.41,6.68,7.0,6.79,0.2099999999999999,3.09,51493889.0,159606293.0,2.28,0.051153,0.093415,1.89,,,9.7274,13.5145,9.4349,0.0,,1006671464.0,1006671464.0,551237969.0,3090481394.0,3090481394.0,环境保护,环保,环境治理,综合环境治理,3.28,2.68,0.0
2021-09-02,6.91,7.25,6.79,7.05,7.0,0.0499999999999998,0.71,38088237.0,116293759.0,2.28,0.037836,0.069096,1.15,,,9.7907,13.6025,9.4964,0.0,,1006671464.0,1006671464.0,551237969.0,3110614824.0,3110614824.0,环境保护,环保,环境治理,综合环境治理,3.38,2.76,0.0
2021-09-03,7.14,7.59,7.02,7.05,7.05,0.0,0.0,39802510.0,126866778.0,2.28,0.039539,0.072206,1.19,,,9.7907,13.6025,9.4964,0.0,,1006671464.0,1006671464.0,551237969.0,3110614824.0,3110614824.0,环境保护,环保,环境治理,综合环境治理,3.4,2.78,0.0
2021-09-06,7.02,7.25,6.95,7.07,7.05,0.0200000000000004,0.28,22421293.0,69434781.0,2.28,0.022273,0.040674,0.59,,,9.8224,13.6465,9.5271,0.0,,1006671464.0,1006671464.0,551237969.0,3120681537.9999995,3120681537.9999995,环境保护,环保,环境治理,综合环境治理,3.4,2.78,0.0
2021-09-07,7.02,7.16,7.0,7.09,7.07,0.0199999999999995,0.28,19669512.0,60953137.0,2.28,0.019539,0.035682,0.52,,,9.8541,13.6906,9.5578,0.0,,1006671464.0,1006671464.0,551237969.0,3130748253.0000005,3130748253.0000005,环境保护,环保,环境治理,综合环境治理,3.41,2.79,0.0
2021-09-08,7.02,7.09,7.0,7.05,7.09,-0.04,-0.56,18671422.0,57696099.0,2.28,0.018548,0.033872,0.54,,,9.7907,13.6025,9.4964,0.0,,1006671464.0,1006671464.0,551237969.0,3110614824.0,3110614824.0,环境保护,环保,环境治理,综合环境治理,3.42,2.8,0.0
2021-09-09,7.07,7.07,6.93,6.98,7.05,-0.0699999999999994,-0.99,15386192.000000002,47188448.0,2.28,0.0152839999999999,0.027912,0.55,,,9.6957,13.4705,9.4042,0.0,,1006671464.0,1006671464.0,551237969.0,3080414680.0,3080414680.0,环境保护,环保,环境治理,综合环境治理,3.4,2.78,0.0
2021-09-10,6.98,7.16,6.93,6.98,6.98,0.0,0.0,16452913.0,50672049.0,2.28,0.016344,0.029847,0.71,,,9.6957,13.4705,9.4042,0.0,,1006671464.0,1006671464.0,551237969.0,3080414680.0,3080414680.0,环境保护,环保,环境治理,综合环境治理,3.37,2.75,0.0
2021-09-13,6.98,7.02,6.82,6.93,6.98,-0.0500000000000007,-0.72,15383067.000000002,46471941.0,2.28,0.015281,0.027906,0.83,,,9.6323,13.3824,9.3427,0.0,,1006671464.0,1006671464.0,551237969.0,3060281251.0,3060281251.0,环境保护,环保,环境治理,综合环境治理,3.37,2.75,0.0
2021-09-14,6.98,7.62,6.93,7.62,6.93,0.6900000000000004,9.96,64358543.00000001,210446041.0,2.28,0.063932,0.116753,3.76,,,10.5829,14.7031,10.2647,0.0,,1006671464.0,1006671464.0,551237969.0,3362282689.9999995,3362282689.9999995,环境保护,环保,环境治理,综合环境治理,3.34,2.74,0.0
2021-09-15,7.52,8.07,7.52,7.68,7.62,0.0599999999999996,0.79,85431555.0,290943768.0,2.28,0.084865,0.154981,3.28,,,10.6779,14.8351,10.3569,0.0,,1006671464.0,1006671464.0,551237969.0,3392482834.0,3392482834.0,环境保护,环保,环境治理,综合环境治理,3.67,3.01,0.0
2021-09-16,7.66,7.8,7.3,7.3,7.68,-0.3799999999999999,-4.95,47048535.0,155539928.0,2.28,0.046737,0.085351,1.19,,,10.1393,14.0868,9.8344,0.0,,1006671464.0,1006671464.0,551237969.0,3221348685.0,3221348685.0,环境保护,环保,环境治理,综合环境治理,3.71,3.03,0.0
2021-09-17,7.43,7.73,7.32,7.55,7.3,0.25,3.42,34853852.0,114530096.0,2.28,0.034623,0.063228,0.76,,,10.4878,14.571,10.1725,0.0,,1006671464.0,1006671464.0,551237969.0,3332082546.0,3332082546.0,环境保护,环保,环境治理,综合环境治理,3.52,2.88,0.0
2021-09-22,7.5,7.59,7.3,7.5,7.55,-0.0499999999999998,-0.66,21427992.0,70269525.0,2.28,0.021286,0.038872,0.43,,,10.4245,14.4829,10.111,0.0,,1006671464.0,1006671464.0,551237969.0,3311949117.0,3311949117.0,环境保护,环保,环境治理,综合环境治理,3.64,2.98,0.0
2021-09-23,7.55,7.64,7.46,7.52,7.5,0.0199999999999995,0.27,23239200.0,76782505.0,2.28,0.023085,0.042158,0.46,,,10.4561,14.527,10.1418,0.0,,1006671464.0,1006671464.0,551237969.0,3322015831.0,3322015831.0,环境保护,环保,环境治理,综合环境治理,3.62,2.96,0.0
2021-09-24,7.55,7.57,7.25,7.27,7.52,-0.25,-3.32,18977208.0,60992575.0,2.28,0.018851,0.034427,0.45,,,10.1076,14.0427,9.8037,0.0,,1006671464.0,1006671464.0,551237969.0,3211281970.0,3211281970.0,环境保护,环保,环境治理,综合环境治理,3.63,2.97,0.0
2021-09-27,7.27,7.36,6.86,7.0,7.27,-0.2699999999999996,-3.71,20454724.0,62966587.0,2.28,0.0203189999999999,0.037107,0.7,,,9.7274,13.5145,9.4349,0.0,,1006671464.0,1006671464.0,551237969.0,3090481394.0,3090481394.0,环境保护,环保,环境治理,综合环境治理,3.51,2.87,0.0
2021-09-28,7.02,7.11,6.91,7.02,7.0,0.0199999999999995,0.29,14537600.0,44734771.0,2.28,0.0144409999999999,0.026373,0.61,,,9.7591,13.5585,9.4656,0.0,,1006671464.0,1006671464.0,551237969.0,3100548109.0,3100548109.0,环境保护,环保,环境治理,综合环境治理,3.38,2.76,0.0
2021-09-29,7.02,7.09,6.73,6.73,7.02,-0.2899999999999991,-4.13,15684701.0,47239532.0,2.28,0.015581,0.028454,0.8,,,9.3472,12.9862,9.0661,0.0,,1006671464.0,1006671464.0,551237969.0,2969680819.0,2969680819.0,环境保护,环保,环境治理,综合环境治理,3.39,2.77,0.0
2021-09-30,6.73,6.89,6.7,6.84,6.73,0.1099999999999994,1.63,10109600.0,30166119.0,2.28,0.010043,0.01834,0.54,,,9.5056,13.2063,9.2198,0.0,,1006671464.0,1006671464.0,551237969.0,3020014392.0,3020014392.0,环境保护,环保,环境治理,综合环境治理,3.25,2.66,0.0
2021-10-08,6.86,7.34,6.86,7.09,6.84,0.25,3.65,14430260.999999998,45058417.0,2.28,0.014335,0.026178,0.9,,,9.8541,13.6906,9.5578,0.0,,1006671464.0,1006671464.0,551237969.0,3130748253.0000005,3130748253.0000005,环境保护,环保,环境治理,综合环境治理,3.3,2.7,0.0
2021-10-11,7.25,7.36,7.02,7.2,7.09,0.1100000000000003,1.55,14556400.0,45427012.0,2.28,0.0144599999999999,0.026407,0.97,,,10.0125,13.9107,9.7115,0.0,,1006671464.0,1006671464.0,551237969.0,3181081826.0,3181081826.0,环境保护,环保,环境治理,综合环境治理,3.42,2.8,0.0
2021-10-12,7.3,7.3,6.73,6.84,7.2,-0.3600000000000003,-5.0,20653500.0,62555095.0,2.28,0.0205169999999999,0.037467,1.49,,,9.5056,13.2063,9.2198,0.0,,1006671464.0,1006671464.0,551237969.0,3020014392.0,3020014392.0,环境保护,环保,环境治理,综合环境治理,3.48,2.84,0.0
2021-10-13,6.89,6.91,6.66,6.7,6.84,-0.1399999999999996,-2.05,7990085.000000001,23543383.0,2.28,0.007937,0.014495,0.53,,,9.3155,12.9422,9.0354,0.0,,1006671464.0,1006671464.0,551237969.0,2959614104.0,2959614104.0,环境保护,环保,环境治理,综合环境治理,3.3,2.7,0.0
2021-10-14,6.7,6.79,6.59,6.73,6.7,0.0300000000000002,0.45,7404330.0,21692130.0,2.28,0.007355,0.013432,0.55,,,9.3472,12.9862,9.0661,0.0,,1006671464.0,1006671464.0,551237969.0,2969680819.0,2969680819.0,环境保护,环保,环境治理,综合环境治理,3.23,2.65,0.0
2021-10-15,6.73,6.77,6.61,6.66,6.73,-0.0700000000000002,-1.04,5940000.0,17345480.0,2.28,0.005901,0.0107759999999999,0.46,,,9.2521,12.8542,8.9739,0.0,,1006671464.0,1006671464.0,551237969.0,2939480675.0,2939480675.0,环境保护,环保,环境治理,综合环境治理,3.25,2.66,0.0
2021-10-18,6.68,6.73,6.59,6.66,6.66,0.0,0.0,5432400.0,15846548.0,2.28,0.005396,0.009855,0.48,,,9.2521,12.8542,8.9739,0.0,,1006671464.0,1006671464.0,551237969.0,2939480675.0,2939480675.0,环境保护,环保,环境治理,综合环境治理,3.21,2.63,0.0
2021-10-19,6.66,6.66,6.59,6.59,6.66,-0.0700000000000002,-1.05,6661000.0,19297020.0,2.28,0.006617,0.012084,0.7,,,9.157,12.7221,8.8817,0.0,,1006671464.0,1006671464.0,551237969.0,2909280531.0,2909280531.0,环境保护,环保,环境治理,综合环境治理,3.21,2.63,0.0
2021-10-20,6.61,6.66,6.52,6.63,6.59,0.04,0.61,5796100.0,16779806.0,2.28,0.005758,0.010515,0.87,,,9.2204,12.8101,8.9432,0.0,,1006671464.0,1006671464.0,551237969.0,2929413960.0,2929413960.0,环境保护,环保,环境治理,综合环境治理,3.18,2.6,0.0
2021-10-21,6.63,6.66,6.54,6.54,6.63,-0.0899999999999998,-1.36,7157300.0,20653869.0,2.28,0.00711,0.012984,1.15,,,9.0937,12.6341,8.8203,0.0,,1006671464.0,1006671464.0,551237969.0,2889147101.9999995,2889147101.9999995,环境保护,环保,环境治理,综合环境治理,3.2,2.62,0.0
2021-10-22,6.54,6.66,6.5,6.5,6.54,-0.04,-0.61,4982400.0,14361062.0,2.28,0.004949,0.009039,0.8,,,9.0303,12.546,8.7588,0.0,,1006671464.0,1006671464.0,551237969.0,2869013672.0,2869013672.0,环境保护,环保,环境治理,综合环境治理,3.16,2.58,0.0
2021-10-25,6.57,6.57,6.34,6.41,6.5,-0.0899999999999998,-1.38,7433300.0,20871938.0,2.28,0.0073839999999999,0.013485,1.24,,,8.9036,12.3699,8.6359,0.0,,1006671464.0,1006671464.0,551237969.0,2828746814.0,2828746814.0,环境保护,环保,环境治理,综合环境治理,3.14,2.57,0.0
2021-10-26,6.43,6.7,6.43,6.59,6.41,0.1799999999999997,2.81,11366900.0,32820724.000000004,2.28,0.011292,0.020621,1.77,,,9.157,12.7221,8.8817,0.0,,1006671464.0,1006671464.0,551237969.0,2909280531.0,2909280531.0,环境保护,环保,环境治理,综合环境治理,3.09,2.53,0.0
2021-10-27,6.43,6.57,6.38,6.38,6.59,-0.2099999999999999,-3.19,6966410.000000001,19663773.0,2.28,0.0069199999999999,0.012638,0.95,,,8.8719,12.3259,8.6051,0.0,,1006671464.0,1006671464.0,551237969.0,2818680099.0,2818680099.0,环境保护,环保,环境治理,综合环境治理,3.18,2.6,0.0
2021-10-28,6.43,6.59,6.36,6.45,6.38,0.0700000000000002,1.1,8691264.0,24704018.0,2.28,0.008634,0.015767,1.15,,,8.9611,12.458,4.2696,0.0,,1006671464.0,1006671464.0,551237969.0,2848880243.0,2848880243.0,环境保护,环保,环境治理,综合环境治理,3.08,2.52,0.0
2021-10-29,6.5,6.63,6.34,6.59,6.45,0.1399999999999996,2.17,8582892.0,24530505.0,2.28,0.008526,0.0155699999999999,1.09,,,9.1511,12.7221,4.3601,0.0,,1006671464.0,1006671464.0,551237969.0,2909280531.0,2909280531.0,环境保护,环保,环境治理,综合环境治理,3.11,2.55,0.0
2021-11-01,6.52,6.63,6.52,6.63,6.59,0.04,0.61,5634113.0,16275314.0,2.28,0.0055969999999999,0.010221,0.65,,,9.2144,12.8101,4.3903,0.0,,1006671464.0,1006671464.0,551237969.0,2929413960.0,2929413960.0,环境保护,环保,环境治理,综合环境治理,3.18,2.6,0.0
2021-11-02,6.63,6.68,6.43,6.48,6.63,-0.1499999999999994,-2.26,6874200.999999999,19690515.0,2.28,0.0068289999999999,0.01247,0.83,,,8.9928,12.502,4.2846,0.0,,1006671464.0,1006671464.0,551237969.0,2858946958.0,2858946958.0,环境保护,环保,环境治理,综合环境治理,3.2,2.62,0.0
2021-11-03,6.43,6.5,6.43,6.48,6.48,0.0,0.0,4747500.0,13463033.0,2.28,0.004716,0.008612,0.65,,,8.9928,12.502,4.2846,0.0,,1006671464.0,1006671464.0,551237969.0,2858946958.0,2858946958.0,环境保护,环保,环境治理,综合环境治理,3.12,2.56,0.0
2021-11-04,6.5,6.57,6.45,6.52,6.48,0.0399999999999991,0.62,4740521.0,13497968.0,2.28,0.004709,0.0086,0.69,,,9.0561,12.59,4.3148,0.0,,1006671464.0,1006671464.0,551237969.0,2879080386.9999995,2879080386.9999995,环境保护,环保,环境治理,综合环境治理,3.12,2.56,0.0
2021-11-05,6.52,6.59,6.45,6.52,6.52,0.0,0.0,5241300.0,14996823.0,2.28,0.005207,0.0095079999999999,0.86,,,9.0561,12.59,4.3148,0.0,,1006671464.0,1006671464.0,551237969.0,2879080386.9999995,2879080386.9999995,环境保护,环保,环境治理,综合环境治理,3.15,2.57,0.0
2021-11-08,6.52,6.93,6.5,6.77,6.52,0.25,3.83,14961154.0,44249599.0,2.28,0.014862,0.027141,2.75,,,9.4044,13.0743,4.4808,0.0,,1006671464.0,1006671464.0,551237969.0,2989814248.0,2989814248.0,环境保护,环保,环境治理,综合环境治理,3.15,2.57,0.0
2021-11-09,6.77,6.91,6.75,6.82,6.77,0.0500000000000007,0.74,8623116.0,25836812.0,2.28,0.008566,0.015643,1.18,,,9.4677,13.1623,4.511,0.0,,1006671464.0,1006671464.0,551237969.0,3009947677.0000005,3009947677.0000005,环境保护,环保,环境治理,综合环境治理,3.27,2.67,0.0
2021-11-10,6.84,6.86,6.73,6.82,6.82,0.0,0.0,7737944.0,23006958.0,2.28,0.007687,0.0140369999999999,1.01,,,9.4677,13.1623,4.511,0.0,,1006671464.0,1006671464.0,551237969.0,3009947677.0000005,3009947677.0000005,环境保护,环保,环境治理,综合环境治理,3.29,2.69,0.0
2021-11-11,6.79,6.95,6.77,6.86,6.82,0.04,0.59,7929472.0,23924434.0,2.28,0.007877,0.0143849999999999,0.96,,,9.5311,13.2504,4.5411,0.0,,1006671464.0,1006671464.0,551237969.0,3030081107.0,3030081107.0,环境保护,环保,环境治理,综合环境治理,3.29,2.69,0.0
2021-11-12,6.91,7.14,6.89,7.11,6.86,0.25,3.64,13926068.0,42987456.0,2.28,0.0138339999999999,0.025263,1.56,,,9.8794,13.7346,4.7071,0.0,,1006671464.0,1006671464.0,551237969.0,3140814968.0,3140814968.0,环境保护,环保,环境治理,综合环境治理,3.31,2.71,0.0
2021-11-15,7.11,7.27,7.05,7.14,7.11,0.0299999999999993,0.42,12179560.0,38124173.0,2.28,0.012099,0.0220949999999999,1.15,,,9.911,13.7786,4.7222,0.0,,1006671464.0,1006671464.0,551237969.0,3150881682.0,3150881682.0,环境保护,环保,环境治理,综合环境治理,3.43,2.81,0.0
2021-11-16,7.09,7.2,7.02,7.02,7.14,-0.1200000000000001,-1.68,8367800.0,26050936.0,2.28,0.008312,0.01518,0.83,,,9.7527,13.5585,4.6467,0.0,,1006671464.0,1006671464.0,551237969.0,3100548109.0,3100548109.0,环境保护,环保,环境治理,综合环境治理,3.44,2.82,0.0
2021-11-17,7.02,7.16,7.0,7.09,7.02,0.0700000000000002,1.0,6943817.999999999,21598724.0,2.28,0.006898,0.012597,0.69,,,9.8477,13.6906,4.692,0.0,,1006671464.0,1006671464.0,551237969.0,3130748253.0000005,3130748253.0000005,环境保护,环保,环境治理,综合环境治理,3.39,2.77,0.0
2021-11-18,7.14,7.32,7.02,7.14,7.09,0.0499999999999998,0.71,15196881.0,47755447.0,2.28,0.015096,0.027569,1.54,,,9.911,13.7786,4.7222,0.0,,1006671464.0,1006671464.0,551237969.0,3150881682.0,3150881682.0,环境保护,环保,环境治理,综合环境治理,3.42,2.8,0.0
2021-11-19,7.02,7.2,6.95,7.16,7.14,0.0200000000000004,0.28,13073330.0,40510511.0,2.28,0.012987,0.023716,1.15,,,9.9427,13.8226,4.7373,0.0,,1006671464.0,1006671464.0,551237969.0,3160948397.0,3160948397.0,环境保护,环保,环境治理,综合环境治理,3.44,2.82,0.0
2021-11-22,7.2,7.23,7.07,7.11,7.16,-0.0499999999999998,-0.7,7404339.999999999,23126346.0,2.28,0.007355,0.013432,0.66,,,9.8794,13.7346,4.7071,0.0,,1006671464.0,1006671464.0,551237969.0,3140814968.0,3140814968.0,环境保护,环保,环境治理,综合环境治理,3.45,2.83,0.0
2021-11-23,7.14,7.2,7.05,7.11,7.11,0.0,0.0,7373260.000000001,23022340.0,2.28,0.007324,0.0133759999999999,0.72,,,9.8794,13.7346,4.7071,0.0,,1006671464.0,1006671464.0,551237969.0,3140814968.0,3140814968.0,环境保护,环保,环境治理,综合环境治理,3.43,2.81,0.0
2021-11-24,7.07,7.09,6.98,7.02,7.11,-0.0900000000000007,-1.27,7510200.999999999,23118203.0,2.28,0.00746,0.013624,0.75,,,9.7527,13.5585,4.6467,0.0,,1006671464.0,1006671464.0,551237969.0,3100548109.0,3100548109.0,环境保护,环保,环境治理,综合环境治理,3.43,2.81,0.0
2021-11-25,7.07,7.07,6.95,6.98,7.02,-0.0399999999999991,-0.57,4937946.0,15163952.0,2.28,0.004905,0.008958,0.49,,,9.6894,13.4705,4.6166,0.0,,1006671464.0,1006671464.0,551237969.0,3080414680.0,3080414680.0,环境保护,环保,环境治理,综合环境治理,3.39,2.77,0.0
2021-11-26,6.98,7.18,6.93,7.07,6.98,0.0899999999999998,1.29,8999440.0,27826088.0,2.28,0.00894,0.016326,1.12,,,9.816,13.6465,4.6769,0.0,,1006671464.0,1006671464.0,551237969.0,3120681537.9999995,3120681537.9999995,环境保护,环保,环境治理,综合环境治理,3.37,2.75,0.0
2021-11-29,6.98,7.05,6.86,6.95,7.07,-0.1200000000000001,-1.7,7695600.0,23478954.0,2.28,0.007645,0.013961,1.06,,,9.6577,13.4264,4.6015,0.0,,1006671464.0,1006671464.0,551237969.0,3070347965.0,3070347965.0,环境保护,环保,环境治理,综合环境治理,3.41,2.79,0.0
2021-11-30,7.02,7.27,6.93,7.07,6.95,0.1200000000000001,1.73,12169840.0,37807151.0,2.28,0.012089,0.022077,1.67,,,9.816,13.6465,4.6769,0.0,,1006671464.0,1006671464.0,551237969.0,3120681537.9999995,3120681537.9999995,环境保护,环保,环境治理,综合环境治理,3.36,2.75,0.0
2021-12-01,7.02,7.77,6.98,7.77,7.07,0.6999999999999993,9.9,33131774.0,108689954.0,2.28,0.032912,0.060104,4.01,,,10.7977,15.0112,5.1446,0.0,,1006671464.0,1006671464.0,551237969.0,3432749692.0,3432749692.0,环境保护,环保,环境治理,综合环境治理,3.41,2.79,0.0
2021-12-02,8.03,8.12,7.52,7.66,7.77,-0.1099999999999994,-1.42,54462531.99999999,184659277.0,2.28,0.054102,0.0988,4.07,,,10.6393,14.7911,5.0692,0.0,,1006671464.0,1006671464.0,551237969.0,3382416119.0,3382416119.0,环境保护,环保,环境治理,综合环境治理,3.75,3.07,0.0
2021-12-03,7.64,7.87,7.52,7.68,7.66,0.0199999999999995,0.26,27159158.0,91524938.0,2.28,0.026979,0.049269,1.17,,,10.671,14.8351,5.0842,0.0,,1006671464.0,1006671464.0,551237969.0,3392482834.0,3392482834.0,环境保护,环保,环境治理,综合环境治理,3.7,3.02,0.0
2021-12-06,7.73,7.98,7.59,7.62,7.68,-0.0599999999999996,-0.78,23444400.0,79833500.0,2.28,0.023289,0.04253,0.87,,,10.576,14.7031,5.039,0.0,,1006671464.0,1006671464.0,551237969.0,3362282689.9999995,3362282689.9999995,环境保护,环保,环境治理,综合环境治理,3.71,3.03,0.0
2021-12-07,7.62,7.82,7.5,7.52,7.62,-0.1000000000000005,-1.31,22417162.0,75087439.0,2.28,0.022269,0.040667,0.75,,,10.4493,14.527,4.9786,0.0,,1006671464.0,1006671464.0,551237969.0,3322015831.0,3322015831.0,环境保护,环保,环境治理,综合环境治理,3.67,3.01,0.0
2021-12-08,7.57,7.62,7.36,7.41,7.52,-0.1099999999999994,-1.46,17715900.0,57772605.0,2.28,0.017598,0.032138,0.55,,,10.291,14.3069,4.9032,0.0,,1006671464.0,1006671464.0,551237969.0,3271682258.0,3271682258.0,环境保护,环保,环境治理,综合环境治理,3.63,2.97,0.0
2021-12-09,7.39,7.46,7.36,7.36,7.41,-0.0499999999999998,-0.67,11273582.0,36546010.0,2.28,0.0111989999999999,0.020451,0.39,,,10.2277,14.2188,4.873,0.0,,1006671464.0,1006671464.0,551237969.0,3251548829.0000005,3251548829.0000005,环境保护,环保,环境治理,综合环境治理,3.58,2.93,0.0
2021-12-10,7.36,7.66,7.27,7.46,7.36,0.0999999999999996,1.36,17626215.0,57621473.0,2.28,0.017509,0.031976,0.86,,,10.3543,14.3949,4.9334,0.0,,1006671464.0,1006671464.0,551237969.0,3291815687.0,3291815687.0,环境保护,环保,环境治理,综合环境治理,3.55,2.91,0.0
2021-12-13,7.41,7.68,7.32,7.57,7.46,0.1100000000000003,1.47,16815756.0,55417632.0,2.28,0.016704,0.030505,0.91,,,10.5127,14.615,5.0088,0.0,,1006671464.0,1006671464.0,551237969.0,3342149260.0,3342149260.0,环境保护,环保,环境治理,综合环境治理,3.6,2.94,0.0
2021-12-14,7.48,7.71,7.48,7.64,7.57,0.0699999999999994,0.92,14612001.0,48863414.0,2.28,0.014515,0.0265079999999999,0.85,,,10.6077,14.7471,5.0541,0.0,,1006671464.0,1006671464.0,551237969.0,3372349404.0,3372349404.0,环境保护,环保,环境治理,综合环境治理,3.65,2.99,0.0
2021-12-15,7.73,7.75,7.55,7.55,7.64,-0.0899999999999998,-1.18,14043792.000000002,46884383.0,2.28,0.013951,0.025477,0.9,,,10.481,14.571,4.9937,0.0,,1006671464.0,1006671464.0,551237969.0,3332082546.0,3332082546.0,环境保护,环保,环境治理,综合环境治理,3.69,3.02,0.0
2021-12-16,7.52,7.68,7.46,7.48,7.55,-0.0699999999999994,-0.93,12542379.0,41453865.0,2.28,0.012459,0.022753,0.84,,,10.386,14.4389,4.9485,0.0,,1006671464.0,1006671464.0,551237969.0,3301882402.0,3301882402.0,环境保护,环保,环境治理,综合环境治理,3.64,2.98,0.0
2021-12-17,7.46,7.5,7.36,7.39,7.48,-0.0900000000000007,-1.2,9151000.0,29805261.0,2.28,0.00909,0.0166009999999999,0.6,,,10.2594,14.2628,4.8881,0.0,,1006671464.0,1006671464.0,551237969.0,3261615543.0,3261615543.0,环境保护,环保,环境治理,综合环境治理,3.61,2.95,0.0
2021-12-20,7.39,7.75,7.34,7.5,7.39,0.1100000000000003,1.49,22312446.0,74216563.0,2.28,0.022165,0.040477,1.66,,,10.4177,14.4829,4.9636,0.0,,1006671464.0,1006671464.0,551237969.0,3311949117.0,3311949117.0,环境保护,环保,环境治理,综合环境治理,3.56,2.92,0.0
2021-12-21,7.48,8.0,7.48,7.93,7.5,0.4299999999999997,5.73,32722290.000000004,111743720.0,2.28,0.032505,0.059361,2.25,,,11.0193,15.3193,5.2502,0.0,,1006671464.0,1006671464.0,551237969.0,3503216695.0,3503216695.0,环境保护,环保,环境治理,综合环境治理,3.62,2.96,0.0
2021-12-22,7.98,8.0,7.8,7.82,7.93,-0.1099999999999994,-1.39,20204200.0,69727006.0,2.28,0.02007,0.036652,1.11,,,10.861,15.0992,5.1748,0.0,,1006671464.0,1006671464.0,551237969.0,3452883122.0,3452883122.0,环境保护,环保,环境治理,综合环境治理,3.83,3.13,0.0
2021-12-23,7.8,7.91,7.64,7.64,7.82,-0.1800000000000006,-2.3,14386600.0,48635914.0,2.28,0.014291,0.026099,0.74,,,10.6077,14.7471,5.0541,0.0,,1006671464.0,1006671464.0,551237969.0,3372349404.0,3372349404.0,环境保护,环保,环境治理,综合环境治理,3.77,3.09,0.0
2021-12-24,7.71,7.71,7.41,7.41,7.64,-0.2299999999999995,-3.01,14154900.0,46597892.0,2.28,0.0140609999999999,0.025678,0.72,,,10.291,14.3069,4.9032,0.0,,1006671464.0,1006671464.0,551237969.0,3271682258.0,3271682258.0,环境保护,环保,环境治理,综合环境治理,3.69,3.02,0.0
2021-12-27,7.34,7.68,7.2,7.66,7.41,0.25,3.37,20059100.0,65796793.00000001,2.28,0.019926,0.036389,0.97,,,10.6393,14.7911,5.0692,0.0,,1006671464.0,1006671464.0,551237969.0,3382416119.0,3382416119.0,环境保护,环保,环境治理,综合环境治理,3.58,2.93,0.0
2021-12-28,7.68,7.71,7.5,7.64,7.66,-0.0200000000000004,-0.26,15835900.0,52761206.0,2.28,0.015731,0.0287279999999999,0.78,,,10.6077,14.7471,5.0541,0.0,,1006671464.0,1006671464.0,551237969.0,3372349404.0,3372349404.0,环境保护,环保,环境治理,综合环境治理,3.7,3.02,0.0
2021-12-29,7.64,8.41,7.59,7.84,7.64,0.2000000000000001,2.62,70099568.0,249807726.0,2.28,0.069635,0.127168,4.14,,,10.8926,15.1433,5.1899,0.0,,1006671464.0,1006671464.0,551237969.0,3462949836.0,3462949836.0,环境保护,环保,环境治理,综合环境治理,3.69,3.02,0.0
2021-12-30,7.43,7.82,7.39,7.52,7.84,-0.3200000000000003,-4.08,48920600.0,162067236.0,2.28,0.048596,0.088747,1.82,,,10.4493,14.527,4.9786,0.0,,1006671464.0,1006671464.0,551237969.0,3322015831.0,3322015831.0,环境保护,环保,环境治理,综合环境治理,3.78,3.1,0.0
2021-12-31,7.5,8.28,7.41,7.89,7.52,0.3700000000000001,4.92,45954620.0,158592852.0,2.28,0.04565,0.083366,1.36,,,10.956,15.2313,5.22,0.0,,1006671464.0,1006671464.0,551237969.0,3483083265.0000005,3483083265.0000005,环境保护,环保,环境治理,综合环境治理,3.63,2.97,0.0
2022-01-04,7.89,7.98,7.75,7.96,7.89,0.0700000000000002,0.89,33173101.0,114675995.0,2.28,0.032953,0.060179,0.83,,,11.051,15.3634,5.2653,0.0,,1006671464.0,1006671464.0,551237969.0,3513283409.0,3513283409.0,环境保护,环保,环境治理,综合环境治理,3.81,3.11,0.0
2022-01-05,7.84,8.37,7.84,8.09,7.96,0.1299999999999999,1.63,43198832.0,153558736.0,2.28,0.042913,0.078367,1.01,,,11.241,15.6275,5.3558,0.0,,1006671464.0,1006671464.0,551237969.0,3573683697.0,3573683697.0,环境保护,环保,环境治理,综合环境治理,3.84,3.14,0.0
2022-01-06,8.09,8.3,7.96,8.3,8.09,0.2100000000000008,2.6,35013102.0,124514404.0,2.28,0.034781,0.063517,0.73,,,11.5259,16.0237,5.4916,0.0,,1006671464.0,1006671464.0,551237969.0,3664284129.0,3664284129.0,环境保护,环保,环境治理,综合环境治理,3.91,3.2,0.0
2022-01-07,8.21,8.41,7.96,8.0,8.3,-0.3000000000000007,-3.61,31189800.0,111707920.0,2.28,0.030983,0.056581,0.76,,,11.1143,15.4514,5.2955,0.0,,1006671464.0,1006671464.0,551237969.0,3533416839.0,3533416839.0,环境保护,环保,环境治理,综合环境治理,4.0,3.28,0.0
2022-01-10,8.05,8.09,7.77,7.89,8.0,-0.1100000000000003,-1.38,17627985.0,61230991.0,2.28,0.017511,0.031979,0.47,,,10.956,15.2313,5.22,0.0,,1006671464.0,1006671464.0,551237969.0,3483083265.0000005,3483083265.0000005,环境保护,环保,环境治理,综合环境治理,3.86,3.16,0.0
2022-01-11,7.89,8.05,7.82,7.89,7.89,0.0,0.0,15697853.0,54629927.0,2.28,0.0155939999999999,0.028477,0.49,,,10.956,15.2313,5.22,0.0,,1006671464.0,1006671464.0,551237969.0,3483083265.0000005,3483083265.0000005,环境保护,环保,环境治理,综合环境治理,3.81,3.11,0.0
2022-01-12,7.98,8.57,7.93,8.25,7.89,0.3600000000000003,4.56,29319483.0,105294489.0,2.28,0.029125,0.053188,1.03,,,11.4626,15.9356,5.4614,0.0,,1006671464.0,1006671464.0,551237969.0,3644150700.0,3644150700.0,环境保护,环保,环境治理,综合环境治理,3.81,3.11,0.0
2022-01-13,8.21,8.23,8.03,8.12,8.25,-0.1300000000000007,-1.58,18357504.0,65435532.0,2.28,0.018236,0.033302,0.71,,,11.2726,15.6715,5.3709,0.0,,1006671464.0,1006671464.0,551237969.0,3583750412.0,3583750412.0,环境保护,环保,环境治理,综合环境治理,3.98,3.26,0.0
2022-01-14,8.05,8.16,7.77,7.82,8.12,-0.2999999999999989,-3.69,21104635.0,73413904.0,2.28,0.0209649999999999,0.038286,0.94,,,10.861,15.0992,5.1748,0.0,,1006671464.0,1006671464.0,551237969.0,3452883122.0,3452883122.0,环境保护,环保,环境治理,综合环境治理,3.92,3.2,0.0
2022-01-17,7.71,7.91,7.66,7.77,7.82,-0.0500000000000007,-0.64,13695900.0,46809705.0,2.28,0.013605,0.024846,0.67,,,10.7977,15.0112,5.1446,0.0,,1006671464.0,1006671464.0,551237969.0,3432749692.0,3432749692.0,环境保护,环保,环境治理,综合环境治理,3.77,3.09,0.0
2022-01-18,7.8,7.84,7.55,7.57,7.77,-0.1999999999999993,-2.57,15137400.0,50565806.0,2.28,0.015037,0.027461,0.77,,,10.5127,14.615,5.0088,0.0,,1006671464.0,1006671464.0,551237969.0,3342149260.0,3342149260.0,环境保护,环保,环境治理,综合环境治理,3.75,3.07,0.0
2022-01-19,7.57,7.66,7.43,7.62,7.57,0.0499999999999998,0.66,11539300.0,38244375.0,2.28,0.011463,0.020933,0.59,,,10.576,14.7031,5.039,0.0,,1006671464.0,1006671464.0,551237969.0,3362282689.9999995,3362282689.9999995,环境保护,环保,环境治理,综合环境治理,3.65,2.99,0.0
2022-01-20,7.64,7.71,7.34,7.39,7.62,-0.2300000000000004,-3.02,13603400.0,44465069.0,2.28,0.0135129999999999,0.024678,0.85,,,10.2594,14.2628,4.8881,0.0,,1006671464.0,1006671464.0,551237969.0,3261615543.0,3261615543.0,环境保护,环保,环境治理,综合环境治理,3.67,3.01,0.0
2022-01-21,7.36,7.43,7.27,7.34,7.39,-0.0499999999999998,-0.68,9779100.0,31543710.0,2.28,0.009714,0.01774,0.65,,,10.196,14.1748,4.8579,0.0,,1006671464.0,1006671464.0,551237969.0,3241482113.9999995,3241482113.9999995,环境保护,环保,环境治理,综合环境治理,3.56,2.92,0.0
2022-01-24,7.36,7.39,7.14,7.27,7.34,-0.0700000000000002,-0.95,6862322.0,21879828.0,2.28,0.006817,0.0124489999999999,0.54,,,10.101,14.0427,4.8127,0.0,,1006671464.0,1006671464.0,551237969.0,3211281970.0,3211281970.0,环境保护,环保,环境治理,综合环境治理,3.54,2.9,0.0
2022-01-25,7.3,7.34,6.84,6.91,7.27,-0.3599999999999994,-4.95,12872100.0,40026703.0,2.28,0.012787,0.023351,1.13,,,9.5944,13.3384,4.5713,0.0,,1006671464.0,1006671464.0,551237969.0,3050214536.0,3050214536.0,环境保护,环保,环境治理,综合环境治理,3.51,2.87,0.0
2022-01-26,6.95,7.23,6.93,7.16,6.91,0.25,3.62,12525614.0,39023051.0,2.28,0.012443,0.022723,1.15,,,9.9427,13.8226,4.7373,0.0,,1006671464.0,1006671464.0,551237969.0,3160948397.0,3160948397.0,环境保护,环保,环境治理,综合环境治理,3.33,2.73,0.0
2022-01-27,7.05,7.16,6.95,7.02,7.16,-0.1400000000000005,-1.96,11544895.0,35747158.0,2.28,0.011468,0.0209439999999999,1.04,,,9.7527,13.5585,4.6467,0.0,,1006671464.0,1006671464.0,551237969.0,3100548109.0,3100548109.0,环境保护,环保,环境治理,综合环境治理,3.45,2.83,0.0
2022-01-28,7.11,7.18,7.0,7.16,7.02,0.1400000000000005,1.99,9523730.0,29713816.0,2.28,0.009461,0.017277,0.89,,,9.9427,13.8226,4.7373,0.0,,1006671464.0,1006671464.0,551237969.0,3160948397.0,3160948397.0,环境保护,环保,环境治理,综合环境治理,3.39,2.77,0.0
2022-02-07,7.23,7.32,7.11,7.18,7.16,0.0199999999999995,0.28,9595356.0,30319920.0,2.28,0.009532,0.017407,0.9,,,9.9744,13.8666,4.7523,0.0,,1006671464.0,1006671464.0,551237969.0,3171015112.0,3171015112.0,环境保护,环保,环境治理,综合环境治理,3.45,2.83,0.0
2022-02-08,7.16,7.41,7.11,7.39,7.18,0.2099999999999999,2.92,10936292.0,34985167.0,2.28,0.010864,0.01984,0.98,,,10.2594,14.2628,4.8881,0.0,,1006671464.0,1006671464.0,551237969.0,3261615543.0,3261615543.0,环境保护,环保,环境治理,综合环境治理,3.47,2.84,0.0
2022-02-09,7.41,7.48,7.39,7.43,7.39,0.04,0.54,6918691.0,22558414.0,2.28,0.006873,0.012551,0.64,,,10.3227,14.3509,4.9183,0.0,,1006671464.0,1006671464.0,551237969.0,3281748973.0,3281748973.0,环境保护,环保,环境治理,综合环境治理,3.56,2.92,0.0
2022-02-10,7.43,7.48,7.34,7.41,7.43,-0.0199999999999995,-0.27,6215000.0,20178014.0,2.28,0.006174,0.011275,0.64,,,10.291,14.3069,4.9032,0.0,,1006671464.0,1006671464.0,551237969.0,3271682258.0,3271682258.0,环境保护,环保,环境治理,综合环境治理,3.59,2.93,0.0
2022-02-11,7.34,7.43,7.25,7.3,7.41,-0.1100000000000003,-1.48,6526900.0,20975031.0,2.28,0.006484,0.01184,0.76,,,10.1327,14.0868,4.8278,0.0,,1006671464.0,1006671464.0,551237969.0,3221348685.0,3221348685.0,环境保护,环保,环境治理,综合环境治理,3.58,2.93,0.0
2022-02-14,7.23,7.46,7.2,7.41,7.3,0.1100000000000003,1.51,6927683.0,22378112.0,2.28,0.006882,0.012567,0.86,,,10.291,14.3069,4.9032,0.0,,1006671464.0,1006671464.0,551237969.0,3271682258.0,3271682258.0,环境保护,环保,环境治理,综合环境治理,3.52,2.88,0.0
2022-02-15,7.43,7.46,7.27,7.34,7.41,-0.0700000000000002,-0.94,6055100.0,19435597.0,2.28,0.006015,0.010985,0.81,,,10.196,14.1748,4.8579,0.0,,1006671464.0,1006671464.0,551237969.0,3241482113.9999995,3241482113.9999995,环境保护,环保,环境治理,综合环境治理,3.58,2.93,0.0
2022-02-16,7.36,7.43,7.3,7.41,7.34,0.0700000000000002,0.95,5641200.0,18268568.0,2.28,0.005604,0.010234,0.86,,,10.291,14.3069,4.9032,0.0,,1006671464.0,1006671464.0,551237969.0,3271682258.0,3271682258.0,环境保护,环保,环境治理,综合环境治理,3.54,2.9,0.0
2022-02-17,7.43,7.68,7.39,7.52,7.41,0.1099999999999994,1.48,14039721.0,46544924.0,2.28,0.013947,0.025469,2.24,,,10.4493,14.527,4.9786,0.0,,1006671464.0,1006671464.0,551237969.0,3322015831.0,3322015831.0,环境保护,环保,环境治理,综合环境治理,3.58,2.93,0.0
2022-02-18,7.52,7.57,7.46,7.55,7.52,0.0300000000000002,0.4,8840720.0,29149501.0,2.28,0.008782,0.016038,1.13,,,10.481,14.571,4.9937,0.0,,1006671464.0,1006671464.0,551237969.0,3332082546.0,3332082546.0,环境保护,环保,环境治理,综合环境治理,3.63,2.97,0.0
2022-02-21,7.55,7.64,7.48,7.62,7.55,0.0700000000000002,0.93,10123517.0,33617896.0,2.28,0.010056,0.018365,1.22,,,10.576,14.7031,5.039,0.0,,1006671464.0,1006671464.0,551237969.0,3362282689.9999995,3362282689.9999995,环境保护,环保,环境治理,综合环境治理,3.64,2.98,0.0
2022-02-22,7.62,7.73,7.48,7.52,7.62,-0.1000000000000005,-1.31,8510886.0,28220006.0,2.28,0.008454,0.01544,0.95,,,10.4493,14.527,4.9786,0.0,,1006671464.0,1006671464.0,551237969.0,3322015831.0,3322015831.0,环境保护,环保,环境治理,综合环境治理,3.67,3.01,0.0
2022-02-23,7.52,7.59,7.43,7.57,7.52,0.0500000000000007,0.66,8027552.0,26509065.0,2.28,0.007974,0.014563,0.85,,,10.5127,14.615,5.0088,0.0,,1006671464.0,1006671464.0,551237969.0,3342149260.0,3342149260.0,环境保护,环保,环境治理,综合环境治理,3.63,2.97,0.0
2022-02-24,7.59,7.59,7.18,7.27,7.57,-0.3000000000000007,-3.96,12984900.0,41983388.0,2.28,0.012899,0.023556,1.31,,,10.101,14.0427,4.8127,0.0,,1006671464.0,1006671464.0,551237969.0,3211281970.0,3211281970.0,环境保护,环保,环境治理,综合环境治理,3.65,2.99,0.0
2022-02-25,7.3,7.46,7.23,7.25,7.27,-0.0199999999999995,-0.28,8798526.0,28264644.0,2.28,0.00874,0.015961,0.91,,,10.0694,13.9987,4.7976,0.0,,1006671464.0,1006671464.0,551237969.0,3201215256.0,3201215256.0,环境保护,环保,环境治理,综合环境治理,3.51,2.87,0.0
2022-02-28,7.23,7.32,7.05,7.2,7.25,-0.0499999999999998,-0.69,10974000.0,34438622.0,2.28,0.010901,0.019908,1.13,,,10.006,13.9107,4.7674,0.0,,1006671464.0,1006671464.0,551237969.0,3181081826.0,3181081826.0,环境保护,环保,环境治理,综合环境治理,3.5,2.86,0.0
2022-03-01,7.25,7.46,7.23,7.39,7.2,0.1899999999999995,2.64,9572795.0,30925166.0,2.28,0.009509,0.017366,0.97,,,10.2594,14.2628,4.8881,0.0,,1006671464.0,1006671464.0,551237969.0,3261615543.0,3261615543.0,环境保护,环保,环境治理,综合环境治理,3.48,2.84,0.0
2022-03-02,7.32,7.46,7.32,7.34,7.39,-0.0499999999999998,-0.68,6559800.0,21209219.0,2.28,0.0065159999999999,0.0118999999999999,0.65,,,10.196,14.1748,4.8579,0.0,,1006671464.0,1006671464.0,551237969.0,3241482113.9999995,3241482113.9999995,环境保护,环保,环境治理,综合环境治理,3.56,2.92,0.0
2022-03-03,7.36,7.41,7.27,7.34,7.34,0.0,0.0,6473338.0,20853099.0,2.28,0.00643,0.0117429999999999,0.66,,,10.196,14.1748,4.8579,0.0,,1006671464.0,1006671464.0,551237969.0,3241482113.9999995,3241482113.9999995,环境保护,环保,环境治理,综合环境治理,3.54,2.9,0.0
2022-03-04,7.32,7.32,7.14,7.16,7.34,-0.1799999999999997,-2.45,6400715.0,20223915.0,2.28,0.006358,0.011612,0.76,,,9.9427,13.8226,4.7373,0.0,,1006671464.0,1006671464.0,551237969.0,3160948397.0,3160948397.0,环境保护,环保,环境治理,综合环境治理,3.54,2.9,0.0
2022-03-07,7.18,7.23,7.02,7.05,7.16,-0.1100000000000003,-1.54,7789300.0,24262076.0,2.28,0.007738,0.014131,0.97,,,11.8194,3.3239,3.3239,0.0,,1006671464.0,1006671464.0,551237969.0,3110614824.0,3110614824.0,环境保护,环保,环境治理,综合环境治理,3.45,2.83,0.0
2022-03-08,7.07,7.11,6.73,6.79,7.05,-0.2599999999999998,-3.69,11391858.0,34349627.0,2.28,0.011316,0.020666,1.55,,,11.3987,3.2055,3.2055,0.0,,1006671464.0,1006671464.0,551237969.0,2999880962.9999995,2999880962.9999995,环境保护,环保,环境治理,综合环境治理,3.4,2.78,0.0
2022-03-09,6.84,6.93,6.36,6.66,6.79,-0.1299999999999999,-1.91,12453000.0,36232639.0,2.28,0.01237,0.022591,1.61,,,11.1692,3.141,3.141,0.0,,1006671464.0,1006671464.0,551237969.0,2939480675.0,2939480675.0,环境保护,环保,环境治理,综合环境治理,3.28,2.68,0.0
2022-03-10,6.73,6.89,6.7,6.82,6.66,0.1600000000000001,2.4,8513200.0,25476746.0,2.28,0.008457,0.015444,0.96,,,11.4369,3.2163,3.2163,0.0,,1006671464.0,1006671464.0,551237969.0,3009947677.0000005,3009947677.0000005,环境保护,环保,环境治理,综合环境治理,3.21,2.63,0.0
2022-03-11,6.73,6.86,6.61,6.82,6.82,0.0,0.0,7469202.0,22013342.0,2.28,0.0074199999999999,0.01355,0.8,,,11.4369,3.2163,3.2163,0.0,,1006671464.0,1006671464.0,551237969.0,3009947677.0000005,3009947677.0000005,环境保护,环保,环境治理,综合环境治理,3.29,2.69,0.0
2022-03-14,6.82,6.84,6.63,6.66,6.82,-0.1600000000000001,-2.35,5492200.0,16212247.0,2.28,0.005456,0.009963,0.58,,,11.1692,3.141,3.141,0.0,,1006671464.0,1006671464.0,551237969.0,2939480675.0,2939480675.0,环境保护,环保,环境治理,综合环境治理,3.29,2.69,0.0
2022-03-15,6.63,6.66,6.22,6.25,6.66,-0.4100000000000001,-6.16,9965495.0,28146732.0,2.28,0.009899,0.018078,1.1,,,10.4807,2.9474,2.9474,0.0,,1006671464.0,1006671464.0,551237969.0,2758279810.9999995,2758279810.9999995,环境保护,环保,环境治理,综合环境治理,3.21,2.63,0.0
2022-03-16,6.29,6.5,6.16,6.41,6.25,0.1600000000000001,2.56,10038356.0,27924127.0,2.28,0.009972,0.0182109999999999,1.14,,,10.7484,3.0227,3.0227,0.0,,1006671464.0,1006671464.0,551237969.0,2828746814.0,2828746814.0,环境保护,环保,环境治理,综合环境治理,3.01,2.47,0.0
2022-03-17,6.43,6.61,6.43,6.48,6.41,0.0700000000000002,1.09,7584095.0,21738309.0,2.28,0.007534,0.013758,0.91,,,10.8632,3.055,3.055,0.0,,1006671464.0,1006671464.0,551237969.0,2858946958.0,2858946958.0,环境保护,环保,环境治理,综合环境治理,3.09,2.53,0.0
2022-03-18,6.54,6.68,6.45,6.61,6.48,0.1299999999999999,2.01,7650000.0,22044922.0,2.28,0.007599,0.013878,0.94,,,11.0927,3.1195,3.1195,0.0,,1006671464.0,1006671464.0,551237969.0,2919347246.0,2919347246.0,环境保护,环保,环境治理,综合环境治理,3.12,2.56,0.0
2022-03-21,6.66,6.77,6.61,6.68,6.61,0.0699999999999994,1.06,7363346.000000001,21574088.0,2.28,0.007315,0.013358,0.9,,,11.2074,3.1518,3.1518,0.0,,1006671464.0,1006671464.0,551237969.0,2949547390.0,2949547390.0,环境保护,环保,环境治理,综合环境治理,3.19,2.61,0.0
2022-03-22,6.75,6.77,6.61,6.68,6.68,0.0,0.0,5664500.0,16645801.0,2.28,0.005627,0.010276,0.66,,,11.2074,3.1518,3.1518,0.0,,1006671464.0,1006671464.0,551237969.0,2949547390.0,2949547390.0,环境保护,环保,环境治理,综合环境治理,3.22,2.64,0.0
2022-03-23,6.7,6.75,6.57,6.61,6.68,-0.0699999999999994,-1.05,6671900.0,19395537.0,2.28,0.0066279999999999,0.012103,0.87,,,11.0927,3.1195,3.1195,0.0,,1006671464.0,1006671464.0,551237969.0,2919347246.0,2919347246.0,环境保护,环保,环境治理,综合环境治理,3.22,2.64,0.0
2022-03-24,6.57,6.63,6.5,6.52,6.61,-0.0900000000000007,-1.36,4931900.0,14155721.0,2.28,0.004899,0.008947,0.71,,,10.9397,3.0765,3.0765,0.0,,1006671464.0,1006671464.0,551237969.0,2879080386.9999995,2879080386.9999995,环境保护,环保,环境治理,综合环境治理,3.19,2.61,0.0
2022-03-25,6.52,6.63,6.48,6.52,6.52,0.0,0.0,5364756.0,15425574.0,2.28,0.005329,0.009732,0.83,,,10.9397,3.0765,3.0765,0.0,,1006671464.0,1006671464.0,551237969.0,2879080386.9999995,2879080386.9999995,环境保护,环保,环境治理,综合环境治理,3.15,2.57,0.0
2022-03-28,6.61,6.73,6.45,6.66,6.52,0.1400000000000005,2.15,9122010.0,26462633.0,2.28,0.009062,0.016548,1.52,,,11.1692,3.141,3.141,0.0,,1006671464.0,1006671464.0,551237969.0,2939480675.0,2939480675.0,环境保护,环保,环境治理,综合环境治理,3.15,2.57,0.0
2022-03-29,6.7,6.77,6.54,6.7,6.66,0.04,0.6,11566000.0,33698817.0,2.28,0.011489,0.0209819999999999,1.82,,,11.2457,3.1625,3.1625,0.0,,1006671464.0,1006671464.0,551237969.0,2959614104.0,2959614104.0,环境保护,环保,环境治理,综合环境治理,3.21,2.63,0.0
2022-03-30,6.7,6.73,6.61,6.68,6.7,-0.0200000000000004,-0.3,5804200.0,16963766.0,2.28,0.005766,0.010529,0.77,,,11.2074,3.1518,3.1518,0.0,,1006671464.0,1006671464.0,551237969.0,2949547390.0,2949547390.0,环境保护,环保,环境治理,综合环境治理,3.23,2.65,0.0
2022-03-31,6.63,6.84,6.63,6.73,6.68,0.0500000000000007,0.75,6678300.0,19807121.0,2.28,0.006634,0.012115,0.91,,,11.2839,3.1733,3.1733,0.0,,1006671464.0,1006671464.0,551237969.0,2969680819.0,2969680819.0,环境保护,环保,环境治理,综合环境治理,3.22,2.64,0.0
2022-04-01,6.73,6.82,6.7,6.77,6.73,0.0399999999999991,0.59,5878301.0,17397288.0,2.28,0.005839,0.010664,0.76,,,11.3604,3.1948,3.1948,0.0,,1006671464.0,1006671464.0,551237969.0,2989814248.0,2989814248.0,环境保护,环保,环境治理,综合环境治理,3.25,2.66,0.0
2022-04-06,6.63,6.91,6.63,6.86,6.77,0.0900000000000007,1.33,9449700.0,28303017.0,2.28,0.009387,0.017143,1.21,,,11.5134,3.2378,3.2378,0.0,,1006671464.0,1006671464.0,551237969.0,3030081107.0,3030081107.0,环境保护,环保,环境治理,综合环境治理,3.27,2.67,0.0
2022-04-07,6.86,6.86,6.66,6.7,6.86,-0.1600000000000001,-2.33,6683700.0,19767095.0,2.28,0.006639,0.0121249999999999,0.85,,,11.2457,3.1625,3.1625,0.0,,1006671464.0,1006671464.0,551237969.0,2959614104.0,2959614104.0,环境保护,环保,环境治理,综合环境治理,3.31,2.71,0.0
2022-04-08,6.66,6.7,6.48,6.54,6.7,-0.1600000000000001,-2.39,10119400.0,29185248.0,2.28,0.010052,0.018358,1.47,,,10.9779,3.0872,3.0872,0.0,,1006671464.0,1006671464.0,551237969.0,2889147101.9999995,2889147101.9999995,环境保护,环保,环境治理,综合环境治理,3.23,2.65,0.0
2022-04-11,6.52,6.54,6.27,6.29,6.54,-0.25,-3.82,9004920.0,25178412.0,2.28,0.008945,0.016336,1.16,,,10.5572,2.9689,2.9689,0.0,,1006671464.0,1006671464.0,551237969.0,2778413241.0000005,2778413241.0000005,环境保护,环保,环境治理,综合环境治理,3.16,2.58,0.0
2022-04-12,6.29,6.54,6.25,6.52,6.29,0.2299999999999995,3.66,7867060.000000001,22107029.0,2.28,0.0078149999999999,0.014272,0.96,,,10.9397,3.0765,3.0765,0.0,,1006671464.0,1006671464.0,551237969.0,2879080386.9999995,2879080386.9999995,环境保护,环保,环境治理,综合环境治理,3.04,2.48,0.0
2022-04-13,6.57,6.79,6.54,6.66,6.52,0.1400000000000005,2.15,12928056.0,37891147.0,2.28,0.012842,0.0234529999999999,1.5,,,11.1692,3.141,3.141,0.0,,1006671464.0,1006671464.0,551237969.0,2939480675.0,2939480675.0,环境保护,环保,环境治理,综合环境治理,3.15,2.57,0.0
2022-04-14,6.63,6.66,6.54,6.57,6.66,-0.0899999999999998,-1.35,6471674.0,18683686.0,2.28,0.006429,0.0117399999999999,0.69,,,11.0162,3.098,3.098,0.0,,1006671464.0,1006671464.0,551237969.0,2899213816.0,2899213816.0,环境保护,环保,环境治理,综合环境治理,3.21,2.63,0.0
2022-04-15,6.57,6.61,6.41,6.48,6.57,-0.0899999999999998,-1.37,7656000.0,21868906.0,2.28,0.007605,0.013889,0.83,,,10.8632,3.055,3.055,0.0,,1006671464.0,1006671464.0,551237969.0,2858946958.0,2858946958.0,环境保护,环保,环境治理,综合环境治理,3.17,2.59,0.0
2022-04-18,6.48,6.84,6.32,6.73,6.48,0.25,3.86,11523301.0,33517138.0,2.28,0.011447,0.020904,1.31,,,11.2839,3.1733,3.1733,0.0,,1006671464.0,1006671464.0,551237969.0,2969680819.0,2969680819.0,环境保护,环保,环境治理,综合环境治理,3.12,2.56,0.0
2022-04-19,6.66,6.79,6.59,6.68,6.73,-0.0500000000000007,-0.74,6573764.999999999,19203279.0,2.28,0.00653,0.0119249999999999,0.71,,,11.2074,3.1518,3.1518,0.0,,1006671464.0,1006671464.0,551237969.0,2949547390.0,2949547390.0,环境保护,环保,环境治理,综合环境治理,3.25,2.66,0.0
2022-04-20,6.63,6.68,6.48,6.52,6.68,-0.1600000000000001,-2.4,5493400.0,15818235.0,2.28,0.005457,0.009966,0.61,,,10.9397,3.0765,3.0765,0.0,,1006671464.0,1006671464.0,551237969.0,2879080386.9999995,2879080386.9999995,环境保护,环保,环境治理,综合环境治理,3.22,2.64,0.0
2022-04-21,6.54,6.59,6.29,6.36,6.52,-0.1599999999999992,-2.45,7787500.0,21839501.0,2.28,0.007736,0.014127,1.03,,,10.6719,3.0012,3.0012,0.0,,1006671464.0,1006671464.0,551237969.0,2808613385.0,2808613385.0,环境保护,环保,环境治理,综合环境治理,3.15,2.57,0.0
2022-04-22,6.36,6.38,6.22,6.29,6.36,-0.0700000000000002,-1.1,6985500.0,19252151.0,2.28,0.006939,0.012672,0.89,,,10.5572,2.9689,2.9689,0.0,,1006671464.0,1006671464.0,551237969.0,2778413241.0000005,2778413241.0000005,环境保护,环保,环境治理,综合环境治理,3.07,2.51,0.0
2022-04-25,6.27,6.27,5.79,5.88,6.29,-0.4100000000000001,-6.52,10870800.0,28618355.0,2.28,0.010799,0.019721,1.42,,,9.8686,2.7753,2.7753,0.0,,1006671464.0,1006671464.0,551237969.0,2597212377.0,2597212377.0,环境保护,环保,环境治理,综合环境治理,3.04,2.48,0.0
2022-04-26,5.88,5.93,5.47,5.54,5.88,-0.3399999999999998,-5.78,12833015.0,31962781.0,2.28,0.0127479999999999,0.02328,1.7,,,9.2949,2.6139,2.6139,0.0,,1006671464.0,1006671464.0,551237969.0,2446211658.0,2446211658.0,环境保护,环保,环境治理,综合环境治理,2.84,2.32,0.0
2022-04-27,5.52,5.7,5.29,5.68,5.54,0.1399999999999996,2.53,9452846.0,22744914.0,2.28,0.0093899999999999,0.017148,1.07,,,9.5244,2.6785,2.6785,0.0,,1006671464.0,1006671464.0,551237969.0,2506611945.0,2506611945.0,环境保护,环保,环境治理,综合环境治理,2.67,2.19,0.0
2022-04-28,5.65,5.65,5.4,5.45,5.68,-0.2299999999999995,-4.05,6398024.0,15505899.0,2.28,0.006356,0.011607,0.67,,,9.1419,2.5709,2.5709,0.0,,1006671464.0,1006671464.0,551237969.0,2405944799.0,2405944799.0,环境保护,环保,环境治理,综合环境治理,2.74,2.24,0.0
2022-04-29,5.45,5.79,5.45,5.75,5.45,0.2999999999999998,5.5,8530324.0,21320426.0,2.28,0.008474,0.015475,0.92,,,10.0091,2.7107,2.2617,0.0,,1006671464.0,1006671464.0,551237969.0,2536812089.0,2536812089.0,环境保护,环保,环境治理,综合环境治理,2.63,2.15,0.0
2022-05-05,5.86,6.2,5.61,6.02,5.75,0.2699999999999996,4.7,11496504.0,30114335.0,2.28,0.01142,0.020856,1.2,,,10.4857,2.8398,2.3694,0.0,,1006671464.0,1006671464.0,551237969.0,2657612665.0000005,2657612665.0000005,环境保护,环保,环境治理,综合环境治理,2.77,2.27,0.0
2022-05-06,5.86,5.93,5.63,5.84,6.02,-0.1799999999999997,-2.99,6414282.0,16406929.0,2.28,0.006372,0.011636,0.66,,,10.168,2.7538,2.2976,0.0,,1006671464.0,1006671464.0,551237969.0,2577078948.0,2577078948.0,环境保护,环保,环境治理,综合环境治理,2.9,2.38,0.0
2022-05-09,5.81,6.2,5.81,6.11,5.84,0.2700000000000004,4.62,9258500.0,24659579.0,2.28,0.009197,0.016796,1.09,,,10.6446,2.8828,2.4053,0.0,,1006671464.0,1006671464.0,551237969.0,2697879524.0,2697879524.0,环境保护,环保,环境治理,综合环境治理,2.82,2.3,0.0
2022-05-10,6.0,6.73,6.0,6.73,6.11,0.6200000000000001,10.15,10149542.0,29136802.0,2.28,0.010082,0.0184119999999999,1.21,,,11.717,3.1733,2.6477,0.0,,1006671464.0,1006671464.0,551237969.0,2969680819.0,2969680819.0,环境保护,环保,环境治理,综合环境治理,2.95,2.41,0.0
2022-05-11,7.41,7.41,7.41,7.41,6.73,0.6799999999999997,10.1,7898400.0,25669800.0,2.28,0.0078459999999999,0.014328,0.86,,,12.9086,3.496,2.9169,0.0,,1006671464.0,1006671464.0,551237969.0,3271682258.0,3271682258.0,环境保护,环保,环境治理,综合环境治理,3.25,2.66,0.0
2022-05-12,7.93,7.93,7.07,7.16,7.41,-0.25,-3.37,71020135.0,232929284.0,2.28,0.070549,0.128838,7.85,,,12.4717,3.3777,2.8182,0.0,,1006671464.0,1006671464.0,551237969.0,3160948397.0,3160948397.0,环境保护,环保,环境治理,综合环境治理,3.58,2.93,0.0
2022-05-13,7.07,7.87,7.07,7.87,7.16,0.71,9.92,80355631.0,269566801.0,2.28,0.079823,0.1457729999999999,3.84,,,13.7029,3.7111,3.0964,0.0,,1006671464.0,1006671464.0,551237969.0,3473016550.9999995,3473016550.9999995,环境保护,环保,环境治理,综合环境治理,3.45,2.83,0.0
2022-05-16,7.73,7.73,7.09,7.09,7.87,-0.7800000000000002,-9.91,90566502.0,291181081.0,2.28,0.089966,0.164297,2.53,,,12.3525,3.3454,2.7913,0.0,,1006671464.0,1006671464.0,551237969.0,3130748253.0000005,3130748253.0000005,环境保护,环保,环境治理,综合环境治理,3.8,3.11,0.0
2022-05-17,6.98,7.8,6.98,7.8,7.09,0.71,10.01,25055207.0,83724969.0,2.28,0.024889,0.045453,0.48,,,13.5838,3.6789,3.0695,0.0,,1006671464.0,1006671464.0,551237969.0,3442816407.0,3442816407.0,环境保护,环保,环境治理,综合环境治理,3.42,2.8,0.0
2022-05-18,8.57,8.57,8.37,8.57,7.8,0.7700000000000005,9.87,35926066.0,135073871.0,2.28,0.035688,0.065173,0.65,,,14.9342,4.0446,3.3746,0.0,,1006671464.0,1006671464.0,551237969.0,3785084705.0,3785084705.0,环境保护,环保,环境治理,综合环境治理,3.76,3.08,0.0
2022-05-19,8.55,9.35,7.91,8.25,8.57,-0.3200000000000003,-3.73,117083081.0,428994665.0,2.28,0.116307,0.2123999999999999,1.93,,,14.3782,3.894,3.249,0.0,,1006671464.0,1006671464.0,551237969.0,3644150700.0,3644150700.0,环境保护,环保,环境治理,综合环境治理,4.14,3.38,0.0
2022-05-20,8.21,8.32,7.57,7.64,8.25,-0.6100000000000003,-7.39,67690606.0,231787302.0,2.28,0.067242,0.122797,0.97,,,13.3058,3.6036,3.0067,0.0,,1006671464.0,1006671464.0,551237969.0,3372349404.0,3372349404.0,环境保护,环保,环境治理,综合环境治理,3.98,3.26,0.0
2022-05-23,7.71,7.75,7.36,7.43,7.64,-0.2099999999999999,-2.75,38622401.0,127031106.0,2.28,0.038366,0.070065,0.57,,,12.9483,3.5067,2.9259,0.0,,1006671464.0,1006671464.0,551237969.0,3281748973.0,3281748973.0,环境保护,环保,环境治理,综合环境治理,3.69,3.02,0.0
2022-05-24,7.46,7.64,7.09,7.11,7.43,-0.3199999999999994,-4.31,32119310.0,102889509.0,2.28,0.031906,0.058268,0.56,,,12.3922,3.3561,2.8002,0.0,,1006671464.0,1006671464.0,551237969.0,3140814968.0,3140814968.0,环境保护,环保,环境治理,综合环境治理,3.59,2.93,0.0
2022-05-25,7.14,7.27,7.09,7.27,7.11,0.1599999999999992,2.25,17817730.0,56088200.0,2.28,0.0177,0.032323,0.31,,,12.6703,3.4314,2.8631,0.0,,1006671464.0,1006671464.0,551237969.0,3211281970.0,3211281970.0,环境保护,环保,环境治理,综合环境治理,3.43,2.81,0.0
2022-05-26,7.3,7.34,7.07,7.23,7.27,-0.0399999999999991,-0.55,15627300.0,49297208.0,2.28,0.015524,0.028349,0.29,,,12.5908,3.4099,2.8451,0.0,,1006671464.0,1006671464.0,551237969.0,3191148541.0,3191148541.0,环境保护,环保,环境治理,综合环境治理,3.51,2.87,0.0
2022-05-27,7.23,7.43,7.16,7.3,7.23,0.0699999999999994,0.97,20830900.0,66467681.0,2.28,0.020693,0.037789,0.61,,,12.71,3.4422,2.872,0.0,,1006671464.0,1006671464.0,551237969.0,3221348685.0,3221348685.0,环境保护,环保,环境治理,综合环境治理,3.49,2.85,0.0
2022-05-30,7.32,7.36,7.09,7.14,7.3,-0.1600000000000001,-2.19,14720585.0,46292488.0,2.28,0.0146229999999999,0.026705,0.59,,,12.4319,3.3669,2.8092,0.0,,1006671464.0,1006671464.0,551237969.0,3150881682.0,3150881682.0,环境保护,环保,环境治理,综合环境治理,3.52,2.88,0.0
2022-05-31,7.23,7.84,7.16,7.84,7.14,0.7000000000000002,9.8,39193148.0,131527682.0,2.28,0.038933,0.0711,1.94,,,13.6632,3.7004,3.0874,0.0,,1006671464.0,1006671464.0,551237969.0,3462949836.0,3462949836.0,环境保护,环保,环境治理,综合环境治理,3.44,2.82,0.0
2022-06-01,7.75,8.03,7.55,7.68,7.84,-0.1600000000000001,-2.04,45853323.0,155166880.0,2.28,0.045549,0.0831819999999999,2.12,,,13.3852,3.6251,3.0246,0.0,,1006671464.0,1006671464.0,551237969.0,3392482834.0,3392482834.0,环境保护,环保,环境治理,综合环境治理,3.78,3.1,0.0
2022-06-02,7.68,7.77,7.5,7.62,7.68,-0.0599999999999996,-0.78,29588500.0,99229501.0,2.28,0.029392,0.053676,1.09,,,13.266,3.5928,2.9977,0.0,,1006671464.0,1006671464.0,551237969.0,3362282689.9999995,3362282689.9999995,环境保护,环保,环境治理,综合环境治理,3.71,3.03,0.0
2022-06-06,7.57,8.37,7.57,7.98,7.62,0.3600000000000003,4.72,40830555.0,143106450.0,2.28,0.04056,0.074071,1.36,,,13.9015,3.7649,3.1413,0.0,,1006671464.0,1006671464.0,551237969.0,3523350124.0,3523350124.0,环境保护,环保,环境治理,综合环境治理,3.67,3.01,0.0
2022-06-07,8.03,8.3,7.75,7.87,7.98,-0.1100000000000003,-1.38,34238700.0,119797215.0,2.28,0.034012,0.062112,1.01,,,13.7029,3.7111,3.0964,0.0,,1006671464.0,1006671464.0,551237969.0,3473016550.9999995,3473016550.9999995,环境保护,环保,环境治理,综合环境治理,3.85,3.15,0.0
2022-06-08,7.77,8.0,7.68,7.98,7.87,0.1100000000000003,1.4,29147390.000000004,100527888.0,2.28,0.028954,0.052876,0.77,,,13.9015,3.7649,3.1413,0.0,,1006671464.0,1006671464.0,551237969.0,3523350124.0,3523350124.0,环境保护,环保,环境治理,综合环境治理,3.8,3.11,0.0
2022-06-09,7.89,8.0,7.77,7.84,7.98,-0.1400000000000005,-1.75,14569560.0,50253416.0,2.28,0.014473,0.026431,0.41,,,13.6632,3.7004,3.0874,0.0,,1006671464.0,1006671464.0,551237969.0,3462949836.0,3462949836.0,环境保护,环保,环境治理,综合环境治理,3.85,3.15,0.0
2022-06-10,7.8,7.91,7.75,7.8,7.84,-0.04,-0.51,14362301.0,49321315.0,2.28,0.014267,0.026055,0.48,,,13.5838,3.6789,3.0695,0.0,,1006671464.0,1006671464.0,551237969.0,3442816407.0,3442816407.0,环境保护,环保,环境治理,综合环境治理,3.78,3.1,0.0
2022-06-13,7.75,8.12,7.71,7.84,7.8,0.04,0.51,22575621.0,78271353.0,2.28,0.0224259999999999,0.040954,0.85,,,13.6632,3.7004,3.0874,0.0,,1006671464.0,1006671464.0,551237969.0,3462949836.0,3462949836.0,环境保护,环保,环境治理,综合环境治理,3.76,3.08,0.0
2022-06-14,7.59,7.87,7.59,7.82,7.84,-0.0199999999999995,-0.26,17385511.0,59190602.0,2.28,0.01727,0.031539,0.76,,,13.6235,3.6896,3.0785,0.0,,1006671464.0,1006671464.0,551237969.0,3452883122.0,3452883122.0,环境保护,环保,环境治理,综合环境治理,3.78,3.1,0.0
2022-06-15,7.84,8.09,7.73,7.87,7.82,0.0499999999999998,0.64,21744100.0,75365430.0,2.28,0.0216,0.039446,1.11,,,13.7029,3.7111,3.0964,0.0,,1006671464.0,1006671464.0,551237969.0,3473016550.9999995,3473016550.9999995,环境保护,环保,环境治理,综合环境治理,3.77,3.09,0.0
2022-06-16,7.87,7.96,7.71,7.75,7.87,-0.1200000000000001,-1.52,16131145.000000002,55113764.0,2.28,0.016024,0.0292629999999999,0.89,,,13.5044,3.6573,3.0515,0.0,,1006671464.0,1006671464.0,551237969.0,3422682978.0,3422682978.0,环境保护,环保,环境治理,综合环境治理,3.8,3.11,0.0
2022-06-17,7.71,7.8,7.66,7.75,7.75,0.0,0.0,12032900.0,40813258.0,2.28,0.011953,0.021829,0.65,,,13.5044,3.6573,3.0515,0.0,,1006671464.0,1006671464.0,551237969.0,3422682978.0,3422682978.0,环境保护,环保,环境治理,综合环境治理,3.74,3.06,0.0
2022-06-20,7.71,8.03,7.68,7.89,7.75,0.1399999999999996,1.81,14685982.999999998,50686077.0,2.28,0.014589,0.026642,0.82,,,13.7427,3.7219,3.1054,0.0,,1006671464.0,1006671464.0,551237969.0,3483083265.0000005,3483083265.0000005,环境保护,环保,环境治理,综合环境治理,3.74,3.06,0.0
2022-06-21,7.91,8.69,7.84,8.69,7.89,0.7999999999999998,10.14,48493271.0,179947761.0,2.28,0.048172,0.087972,2.96,,,15.1328,4.0984,3.4195,0.0,,1006671464.0,1006671464.0,551237969.0,3835418278.000001,3835418278.000001,环境保护,环保,环境治理,综合环境治理,3.81,3.11,0.0
2022-06-22,8.78,9.55,8.48,9.55,8.69,0.8600000000000012,9.9,89260379.0,352994882.0,2.28,0.088669,0.161927,3.95,,,16.6421,4.5071,3.7606,0.0,,1006671464.0,1006671464.0,551237969.0,4217953434.0,4217953434.0,环境保护,环保,环境治理,综合环境治理,4.19,3.43,0.0
2022-06-23,9.58,10.51,9.14,9.28,9.55,-0.2700000000000013,-2.83,134615441.0,576446975.0,2.28,0.1337229999999999,0.244206,3.73,,,16.1655,4.378,3.6529,0.0,,1006671464.0,1006671464.0,551237969.0,4097152858.0,4097152858.0,环境保护,环保,环境治理,综合环境治理,4.61,3.77,0.0
2022-06-24,9.03,9.39,8.73,9.01,9.28,-0.2699999999999996,-2.91,77866694.0,309810855.0,2.28,0.077351,0.141258,1.3,,,15.6889,4.249,3.5452,0.0,,1006671464.0,1006671464.0,551237969.0,3976352283.0,3976352283.0,环境保护,环保,环境治理,综合环境治理,4.48,3.66,0.0
2022-06-27,8.94,9.07,8.76,8.82,9.01,-0.1899999999999995,-2.11,53593500.0,209159157.0,2.28,0.053238,0.097224,0.73,,,15.3711,4.1629,3.4734,0.0,,1006671464.0,1006671464.0,551237969.0,3895818566.0,3895818566.0,环境保护,环保,环境治理,综合环境治理,4.35,3.56,0.0
2022-06-28,8.82,9.35,8.69,9.07,8.82,0.25,2.83,53012897.0,210748236.0,2.28,0.052662,0.096171,0.66,,,15.808,4.2812,3.5721,0.0,,1006671464.0,1006671464.0,551237969.0,4006552427.0,4006552427.0,环境保护,环保,环境治理,综合环境治理,4.26,3.48,0.0
2022-06-29,8.89,9.05,8.62,8.66,9.07,-0.4100000000000001,-4.52,41731300.0,161326725.0,2.28,0.041455,0.075705,0.51,,,15.0931,4.0876,3.4105,0.0,,1006671464.0,1006671464.0,551237969.0,3825351563.0,3825351563.0,环境保护,环保,环境治理,综合环境治理,4.38,3.58,0.0
2022-06-30,8.6,8.71,8.32,8.37,8.66,-0.2900000000000009,-3.35,38954076.0,145039509.0,2.28,0.038696,0.070667,0.54,,,14.5768,3.9478,3.2939,0.0,,1006671464.0,1006671464.0,551237969.0,3694484273.0,3694484273.0,环境保护,环保,环境治理,综合环境治理,4.18,3.42,0.0
2022-07-01,8.53,8.55,8.3,8.39,8.37,0.0200000000000013,0.24,19218336.0,70801641.0,2.28,0.019091,0.034864,0.36,,,14.6165,3.9585,3.3028,0.0,,1006671464.0,1006671464.0,551237969.0,3704550988.0,3704550988.0,环境保护,环保,环境治理,综合环境治理,4.04,3.3,0.0
2022-07-04,8.39,8.5,8.23,8.46,8.39,0.0700000000000002,0.83,19511771.0,71769949.0,2.28,0.019382,0.035396,0.47,,,14.7356,3.9908,3.3298,0.0,,1006671464.0,1006671464.0,551237969.0,3734751131.0,3734751131.0,环境保护,环保,环境治理,综合环境治理,4.05,3.31,0.0
2022-07-05,8.44,8.5,8.25,8.37,8.46,-0.0900000000000016,-1.06,14430960.0,52841868.0,2.28,0.014335,0.026179,0.42,,,14.5768,3.9478,3.2939,0.0,,1006671464.0,1006671464.0,551237969.0,3694484273.0,3694484273.0,环境保护,环保,环境治理,综合环境治理,4.08,3.34,0.0
2022-07-06,8.62,8.73,8.39,8.53,8.37,0.1600000000000001,1.91,29058489.0,108560021.0,2.28,0.028866,0.052715,1.09,,,14.8548,4.0231,3.3567,0.0,,1006671464.0,1006671464.0,551237969.0,3764951275.0,3764951275.0,环境保护,环保,环境治理,综合环境治理,4.04,3.3,0.0
2022-07-07,8.44,8.89,8.44,8.82,8.53,0.2900000000000009,3.4,29656349.0,113610699.0,2.28,0.02946,0.0538,1.22,,,15.3711,4.1629,3.4734,0.0,,1006671464.0,1006671464.0,551237969.0,3895818566.0,3895818566.0,环境保护,环保,环境治理,综合环境治理,4.11,3.37,0.0
2022-07-08,8.87,8.94,8.66,8.8,8.82,-0.0199999999999995,-0.23,20315789.0,78252475.0,2.28,0.020181,0.036855,0.91,,,15.3314,4.1522,3.4644,0.0,,1006671464.0,1006671464.0,551237969.0,3885751851.0,3885751851.0,环境保护,环保,环境治理,综合环境治理,4.26,3.48,0.0
2022-07-11,8.8,8.89,8.6,8.78,8.8,-0.0200000000000013,-0.23,14780749.0,56758654.0,2.28,0.014683,0.026814,0.65,,,15.2917,4.1414,3.4554,0.0,,1006671464.0,1006671464.0,551237969.0,3875685136.0,3875685136.0,环境保护,环保,环境治理,综合环境治理,4.25,3.47,0.0
2022-07-12,8.78,9.03,8.69,8.71,8.78,-0.0699999999999985,-0.8,15881129.999999998,61510239.0,2.28,0.015776,0.02881,0.73,,,15.1725,4.1091,3.4285,0.0,,1006671464.0,1006671464.0,551237969.0,3845484992.0,3845484992.0,环境保护,环保,环境治理,综合环境治理,4.24,3.47,0.0
2022-07-13,8.62,8.89,8.6,8.89,8.71,0.1799999999999997,2.07,16528429.999999998,63965030.0,2.28,0.016419,0.029984,0.75,,,15.4903,4.1952,3.5003,0.0,,1006671464.0,1006671464.0,551237969.0,3926018710.0,3926018710.0,环境保护,环保,环境治理,综合环境治理,4.2,3.44,0.0
2022-07-14,8.94,8.96,8.73,8.78,8.89,-0.1100000000000012,-1.24,15560009.0,60083204.0,2.28,0.015457,0.028227,0.8,,,15.2917,4.1414,3.4554,0.0,,1006671464.0,1006671464.0,551237969.0,3875685136.0,3875685136.0,环境保护,环保,环境治理,综合环境治理,4.29,3.51,0.0
2022-07-15,8.69,8.85,8.55,8.64,8.78,-0.1399999999999988,-1.59,15225251.999999998,58004639.0,2.28,0.015124,0.02762,0.92,,,15.0534,4.0769,3.4016,0.0,,1006671464.0,1006671464.0,551237969.0,3815284849.0,3815284849.0,环境保护,环保,环境治理,综合环境治理,4.24,3.47,0.0
2022-07-18,8.64,9.28,8.64,9.07,8.64,0.4299999999999997,4.98,29122800.0,115170472.0,2.28,0.0289299999999999,0.052832,1.87,,,15.808,4.2812,3.5721,0.0,,1006671464.0,1006671464.0,551237969.0,4006552427.0,4006552427.0,环境保护,环保,环境治理,综合环境治理,4.17,3.41,0.0
2022-07-19,9.01,9.19,8.91,9.1,9.07,0.0299999999999993,0.33,17536900.0,69364032.0,2.28,0.017421,0.031814,0.95,,,15.8478,4.292,3.5811,0.0,,1006671464.0,1006671464.0,551237969.0,4016619141.0,4016619141.0,环境保护,环保,环境治理,综合环境治理,4.38,3.58,0.0
2022-07-20,8.98,9.12,8.91,9.05,9.1,-0.0499999999999989,-0.55,11834300.0,46770703.0,2.28,0.0117559999999999,0.021469,0.63,,,15.7683,4.2705,3.5631,0.0,,1006671464.0,1006671464.0,551237969.0,3996485712.0,3996485712.0,环境保护,环保,环境治理,综合环境治理,4.39,3.59,0.0
2022-07-21,9.05,9.3,8.98,9.21,9.05,0.1600000000000001,1.77,16957260.0,68122348.0,2.28,0.016845,0.030762,0.95,,,16.0463,4.3458,3.6259,0.0,,1006671464.0,1006671464.0,551237969.0,4066952715.0,4066952715.0,环境保护,环保,环境治理,综合环境治理,4.37,3.57,0.0
2022-07-22,9.26,9.46,9.14,9.3,9.21,0.0899999999999998,0.98,18265871.0,74436678.0,2.28,0.018145,0.033136,1.01,,,16.2052,4.3888,3.6619,0.0,,1006671464.0,1006671464.0,551237969.0,4107219573.0,4107219573.0,环境保护,环保,环境治理,综合环境治理,4.44,3.64,0.0
2022-07-25,9.23,9.3,9.01,9.03,9.3,-0.2700000000000013,-2.9,13777600.0,55099508.0,2.28,0.013686,0.024994,0.74,,,15.7286,4.2597,3.5541,0.0,,1006671464.0,1006671464.0,551237969.0,3986418997.0,3986418997.0,环境保护,环保,环境治理,综合环境治理,4.49,3.67,0.0
2022-07-26,9.03,9.12,8.91,9.1,9.03,0.0700000000000002,0.78,9792100.0,38727017.0,2.28,0.009727,0.017764,0.62,,,15.8478,4.292,3.5811,0.0,,1006671464.0,1006671464.0,551237969.0,4016619141.0,4016619141.0,环境保护,环保,环境治理,综合环境治理,4.36,3.56,0.0
2022-07-27,9.14,9.33,8.89,9.03,9.1,-0.0700000000000002,-0.77,12104833.0,48391823.0,2.28,0.012025,0.021959,0.86,,,15.7286,4.2597,3.5541,0.0,,1006671464.0,1006671464.0,551237969.0,3986418997.0,3986418997.0,环境保护,环保,环境治理,综合环境治理,4.39,3.59,0.0
2022-07-28,9.03,9.17,8.89,8.91,9.03,-0.1199999999999992,-1.33,12264204.0,48352447.0,2.28,0.012183,0.022248,0.86,,,15.53,4.2059,3.5093,0.0,,1006671464.0,1006671464.0,551237969.0,3936085424.0,3936085424.0,环境保护,环保,环境治理,综合环境治理,4.36,3.56,0.0
2022-07-29,8.91,9.1,8.82,8.96,8.91,0.0500000000000007,0.56,12403744.0,48793308.0,2.28,0.012322,0.022502,0.94,,,15.6094,4.2275,3.5272,0.0,,1006671464.0,1006671464.0,551237969.0,3956218854.000001,3956218854.000001,环境保护,环保,环境治理,综合环境治理,4.3,3.52,0.0
2022-08-01,8.91,8.96,8.64,8.73,8.96,-0.2300000000000004,-2.57,14943163.0,57237644.0,2.28,0.014844,0.027108,1.24,,,15.2123,4.1199,3.4375,0.0,,1006671464.0,1006671464.0,551237969.0,3855551707.0,3855551707.0,环境保护,环保,环境治理,综合环境治理,4.32,3.54,0.0
2022-08-02,8.66,8.69,8.16,8.32,8.73,-0.4100000000000001,-4.7,21303015.0,77947561.0,2.28,0.021162,0.038646,1.73,,,14.4973,3.9263,3.2759,0.0,,1006671464.0,1006671464.0,551237969.0,3674350844.0,3674350844.0,环境保护,环保,环境治理,综合环境治理,4.21,3.45,0.0
2022-08-03,8.21,8.5,7.93,8.03,8.32,-0.2900000000000009,-3.49,20496000.0,73625230.0,2.28,0.02036,0.037182,1.4,,,13.981,3.7864,3.1592,0.0,,1006671464.0,1006671464.0,551237969.0,3543483553.0,3543483553.0,环境保护,环保,环境治理,综合环境治理,4.02,3.29,0.0
2022-08-04,7.96,8.32,7.96,8.32,8.03,0.2900000000000009,3.61,14790801.0,52861617.0,2.28,0.014693,0.0268319999999999,0.91,,,14.4973,3.9263,3.2759,0.0,,1006671464.0,1006671464.0,551237969.0,3674350844.0,3674350844.0,环境保护,环保,环境治理,综合环境治理,3.87,3.17,0.0
2022-08-05,8.3,9.17,8.28,8.73,8.32,0.4100000000000001,4.93,30059342.0,116206863.0,2.28,0.02986,0.054531,1.79,,,15.2123,4.1199,3.4375,0.0,,1006671464.0,1006671464.0,551237969.0,3855551707.0,3855551707.0,环境保护,环保,环境治理,综合环境治理,4.02,3.29,0.0
2022-08-08,8.76,8.78,8.5,8.57,8.73,-0.1600000000000001,-1.83,17504484.0,65936630.00000001,2.28,0.017388,0.031755,0.86,,,14.9342,4.0446,3.3746,0.0,,1006671464.0,1006671464.0,551237969.0,3785084705.0,3785084705.0,环境保护,环保,环境治理,综合环境治理,4.21,3.45,0.0
2022-08-09,8.53,8.6,8.39,8.44,8.57,-0.1300000000000007,-1.52,11319500.0,41927586.0,2.28,0.011244,0.020535,0.54,,,14.6959,3.98,3.3208,0.0,,1006671464.0,1006671464.0,551237969.0,3724684417.000001,3724684417.000001,环境保护,环保,环境治理,综合环境治理,4.14,3.38,0.0
2022-08-10,8.37,8.39,8.23,8.3,8.44,-0.1399999999999988,-1.66,9848618.0,35859267.0,2.28,0.009783,0.017866,0.52,,,14.4576,3.9155,3.2669,0.0,,1006671464.0,1006671464.0,551237969.0,3664284129.0,3664284129.0,环境保护,环保,环境治理,综合环境治理,4.07,3.33,0.0
2022-08-11,8.32,9.1,8.28,8.87,8.3,0.5699999999999985,6.87,33090322.0,126582055.0,2.28,0.032871,0.060029,1.98,,,15.4506,4.1844,3.4913,0.0,,1006671464.0,1006671464.0,551237969.0,3915951995.0,3915951995.0,环境保护,环保,环境治理,综合环境治理,4.0,3.28,0.0
2022-08-12,8.66,8.87,8.5,8.62,8.87,-0.25,-2.82,27798741.0,105626573.0,2.28,0.0276149999999999,0.05043,1.37,,,15.0137,4.0661,3.3926,0.0,,1006671464.0,1006671464.0,551237969.0,3805218134.0,3805218134.0,环境保护,环保,环境治理,综合环境治理,4.28,3.5,0.0
2022-08-15,8.44,8.53,8.39,8.5,8.62,-0.1199999999999992,-1.39,11489300.0,42680077.0,2.28,0.011413,0.0208429999999999,0.58,,,14.8151,4.0123,3.3477,0.0,,1006671464.0,1006671464.0,551237969.0,3754884561.0,3754884561.0,环境保护,环保,环境治理,综合环境治理,4.16,3.4,0.0
2022-08-16,8.44,8.78,8.44,8.6,8.5,0.0999999999999996,1.18,16401770.000000002,61970606.0,2.28,0.016293,0.029754,0.88,,,14.9739,4.0553,3.3836,0.0,,1006671464.0,1006671464.0,551237969.0,3795151419.0,3795151419.0,环境保护,环保,环境治理,综合环境治理,4.1,3.36,0.0
2022-08-17,8.62,8.71,8.48,8.53,8.6,-0.0700000000000002,-0.81,11583000.0,43392293.0,2.28,0.011506,0.021013,0.59,,,14.8548,4.0231,3.3567,0.0,,1006671464.0,1006671464.0,551237969.0,3764951275.0,3764951275.0,环境保护,环保,环境治理,综合环境治理,4.15,3.39,0.0
2022-08-18,8.5,8.62,8.34,8.34,8.53,-0.1899999999999995,-2.23,13548776.999999998,50197101.0,2.28,0.013459,0.024579,0.67,,,14.537,3.937,3.2849,0.0,,1006671464.0,1006671464.0,551237969.0,3684417558.0,3684417558.0,环境保护,环保,环境治理,综合环境治理,4.11,3.37,0.0
2022-08-19,8.37,8.48,8.32,8.39,8.34,0.0500000000000007,0.6,9366500.0,34505596.0,2.28,0.009304,0.016992,0.58,,,14.6165,3.9585,3.3028,0.0,,1006671464.0,1006671464.0,551237969.0,3704550988.0,3704550988.0,环境保护,环保,环境治理,综合环境治理,4.03,3.29,0.0
2022-08-22,8.39,8.44,8.23,8.28,8.39,-0.1100000000000012,-1.31,9876700.0,36021396.0,2.28,0.009811,0.017917,0.79,,,14.4179,3.9047,3.258,0.0,,1006671464.0,1006671464.0,551237969.0,3654217414.0,3654217414.0,环境保护,环保,环境治理,综合环境治理,4.05,3.31,0.0
2022-08-23,8.3,8.44,8.23,8.39,8.28,0.1100000000000012,1.33,7519302.0,27527767.0,2.28,0.007469,0.013641,0.62,,,14.6165,3.9585,3.3028,0.0,,1006671464.0,1006671464.0,551237969.0,3704550988.0,3704550988.0,环境保护,环保,环境治理,综合环境治理,3.99,3.27,0.0
2022-08-24,8.34,8.37,8.03,8.05,8.39,-0.3399999999999998,-4.05,12022300.0,43129183.0,2.28,0.0119429999999999,0.02181,1.16,,,14.0207,3.7972,3.1682,0.0,,1006671464.0,1006671464.0,551237969.0,3553550268.0,3553550268.0,环境保护,环保,环境治理,综合环境治理,4.05,3.31,0.0
2022-08-25,8.21,8.25,7.87,8.07,8.05,0.0199999999999995,0.25,9460339.0,33174820.0,2.28,0.009398,0.017162,0.9,,,14.0604,3.8079,3.1772,0.0,,1006671464.0,1006671464.0,551237969.0,3563616983.0,3563616983.0,环境保护,环保,环境治理,综合环境治理,3.88,3.18,0.0
2022-08-26,8.19,8.21,7.98,8.03,8.07,-0.0400000000000009,-0.5,5745400.0,20311277.0,2.28,0.005707,0.010423,0.6,,,13.981,3.7864,3.1592,0.0,,1006671464.0,1006671464.0,551237969.0,3543483553.0,3543483553.0,环境保护,环保,环境治理,综合环境治理,3.89,3.19,0.0
2022-08-29,7.77,8.12,7.64,8.09,8.03,0.0600000000000005,0.75,9113282.0,31784823.0,2.28,0.009053,0.016532,1.02,,,14.1001,3.8187,3.1862,0.0,,1006671464.0,1006671464.0,551237969.0,3573683697.0,3573683697.0,环境保护,环保,环境治理,综合环境治理,3.87,3.17,0.0
2022-08-30,8.14,8.3,7.93,7.98,8.09,-0.1099999999999994,-1.36,7516217.999999999,26685003.0,2.28,0.007466,0.013635,0.86,,,13.9015,3.7649,3.1413,0.0,,1006671464.0,1006671464.0,551237969.0,3523350124.0,3523350124.0,环境保护,环保,环境治理,综合环境治理,3.91,3.2,0.0
2022-08-31,7.98,8.0,7.75,7.77,7.98,-0.2100000000000008,-2.63,7532500.0,25872189.0,2.28,0.007483,0.013665,0.86,,,14.4845,3.6681,2.7429,0.0,,1006671464.0,1006671464.0,551237969.0,3432749692.0,3432749692.0,环境保护,环保,环境治理,综合环境治理,3.85,3.15,0.0
2022-09-01,7.73,8.55,7.66,8.55,7.77,0.7800000000000011,10.04,24041260.0,87574026.0,2.28,0.023882,0.043613,3.05,,,15.9287,4.0338,3.0164,0.0,,1006671464.0,1006671464.0,551237969.0,3775017990.0,3775017990.0,环境保护,环保,环境治理,综合环境治理,3.75,3.07,0.0
2022-09-02,8.87,9.42,8.44,9.42,8.55,0.8699999999999992,10.18,56130324.0,223888053.0,2.28,0.055758,0.101826,5.2,,,17.5428,4.4426,3.3221,0.0,,1006671464.0,1006671464.0,551237969.0,4157553146.0,4157553146.0,环境保护,环保,环境治理,综合环境治理,4.13,3.38,0.0
2022-09-05,9.12,9.58,8.8,9.05,9.42,-0.3699999999999992,-3.93,80947961.0,323957345.0,2.28,0.080411,0.1468479999999999,3.88,,,16.8632,4.2705,3.1934,0.0,,1006671464.0,1006671464.0,551237969.0,3996485712.0,3996485712.0,环境保护,环保,环境治理,综合环境治理,4.54,3.72,0.0
2022-09-06,9.07,9.23,8.89,9.03,9.05,-0.0200000000000013,-0.22,43379988.0,170981339.0,2.28,0.043092,0.078696,1.23,,,16.8207,4.2597,3.1853,0.0,,1006671464.0,1006671464.0,551237969.0,3986418997.0,3986418997.0,环境保护,环保,环境治理,综合环境治理,4.37,3.57,0.0
2022-09-07,8.96,9.01,8.73,8.82,9.03,-0.209999999999999,-2.33,31231404.0,120861744.0,2.28,0.031024,0.056657,0.74,,,16.4384,4.1629,3.1129,0.0,,1006671464.0,1006671464.0,551237969.0,3895818566.0,3895818566.0,环境保护,环保,环境治理,综合环境治理,4.36,3.56,0.0
2022-09-08,8.85,8.87,8.57,8.64,8.82,-0.1799999999999997,-2.04,19779138.0,75370818.0,2.28,0.019648,0.0358809999999999,0.42,,,16.0986,4.0769,3.0486,0.0,,1006671464.0,1006671464.0,551237969.0,3815284849.0,3815284849.0,环境保护,环保,环境治理,综合环境治理,4.26,3.48,0.0
2022-09-09,8.71,8.71,8.48,8.53,8.64,-0.1100000000000012,-1.27,14138403.0,53009550.0,2.28,0.014045,0.025648,0.31,,,15.8862,4.0231,3.0084,0.0,,1006671464.0,1006671464.0,551237969.0,3764951275.0,3764951275.0,环境保护,环保,环境治理,综合环境治理,4.17,3.41,0.0
2022-09-13,8.55,8.73,8.48,8.62,8.53,0.0899999999999998,1.06,16868900.0,63416440.0,2.28,0.016757,0.030602,0.45,,,16.0562,4.0661,3.0406,0.0,,1006671464.0,1006671464.0,551237969.0,3805218134.0,3805218134.0,环境保护,环保,环境治理,综合环境治理,4.11,3.37,0.0
2022-09-14,8.41,8.53,8.03,8.48,8.62,-0.1399999999999988,-1.62,15133991.0,55619445.0,2.28,0.015034,0.0274549999999999,0.6,,,15.8013,4.0016,2.9923,0.0,,1006671464.0,1006671464.0,551237969.0,3744817846.0,3744817846.0,环境保护,环保,环境治理,综合环境治理,4.16,3.4,0.0
2022-09-15,8.46,8.53,8.16,8.28,8.48,-0.200000000000001,-2.36,13332300.0,48551530.0,2.28,0.013244,0.024186,0.69,,,15.419,3.9047,2.9199,0.0,,1006671464.0,1006671464.0,551237969.0,3654217414.0,3654217414.0,环境保护,环保,环境治理,综合环境治理,4.09,3.35,0.0
2022-09-16,8.25,8.44,8.09,8.12,8.28,-0.1600000000000001,-1.93,12771300.0,46209449.0,2.28,0.0126869999999999,0.023168,0.81,,,15.1217,3.8294,2.8636,0.0,,1006671464.0,1006671464.0,551237969.0,3583750412.0,3583750412.0,环境保护,环保,环境治理,综合环境治理,3.99,3.27,0.0
2022-09-19,8.09,8.37,7.89,8.12,8.12,0.0,0.0,14668000.0,52073884.0,2.28,0.014571,0.0266089999999999,1.02,,,15.1217,3.8294,2.8636,0.0,,1006671464.0,1006671464.0,551237969.0,3583750412.0,3583750412.0,环境保护,环保,环境治理,综合环境治理,3.92,3.2,0.0
2022-09-20,8.07,8.25,8.07,8.12,8.12,0.0,0.0,9478392.0,33825825.0,2.28,0.009416,0.017195,0.65,,,15.1217,3.8294,2.8636,0.0,,1006671464.0,1006671464.0,551237969.0,3583750412.0,3583750412.0,环境保护,环保,环境治理,综合环境治理,3.92,3.2,0.0
2022-09-21,8.16,8.94,7.96,8.94,8.12,0.8200000000000003,10.1,27751920.0,104920763.0,2.28,0.027568,0.050345,2.12,,,16.6508,4.2167,3.1532,0.0,,1006671464.0,1006671464.0,551237969.0,3946152139.0,3946152139.0,环境保护,环保,环境治理,综合环境治理,3.92,3.2,0.0
2022-09-22,9.07,9.83,8.94,9.19,8.94,0.25,2.8,131897481.0,547894502.0,2.28,0.131023,0.239275,8.45,,,17.1181,4.335,3.2416,0.0,,1006671464.0,1006671464.0,551237969.0,4056886000.0,4056886000.0,环境保护,环保,环境治理,综合环境治理,4.31,3.53,0.0
2022-09-23,8.91,9.23,8.73,8.85,9.19,-0.3399999999999998,-3.7,87782048.0,343774972.0,2.28,0.0872,0.159245,2.23,,,16.4809,4.1737,3.121,0.0,,1006671464.0,1006671464.0,551237969.0,3905885280.0,3905885280.0,环境保护,环保,环境治理,综合环境治理,4.43,3.63,0.0
2022-09-26,8.66,8.96,8.57,8.57,8.85,-0.2799999999999993,-3.16,41627963.0,159151290.0,2.28,0.041352,0.0741899999999999,0.77,,,15.9712,4.0446,3.0245,0.0,,1006671464.0,1006671464.0,561097969.0,3785084705.0,3785084705.0,环境保护,环保,环境治理,综合环境治理,4.27,3.49,0.0
2022-09-27,8.78,9.44,8.71,9.44,8.57,0.8699999999999992,10.15,33078241.0,132962585.0,2.28,0.032859,0.058953,0.55,,,17.5853,4.4533,3.3301,0.0,,1006671464.0,1006671464.0,561097969.0,4167619861.0,4167619861.0,环境保护,环保,环境治理,综合环境治理,4.14,3.38,0.0
2022-09-28,9.64,10.15,9.1,9.19,9.44,-0.25,-2.65,115498520.0,481644421.0,2.28,0.114733,0.205844,1.79,,,17.1181,4.335,3.2416,0.0,,1006671464.0,1006671464.0,561097969.0,4056886000.0,4056886000.0,环境保护,环保,环境治理,综合环境治理,4.55,3.73,0.0
2022-09-29,9.21,9.35,8.89,9.03,9.19,-0.1600000000000001,-1.74,58504993.00000001,232060503.0,2.28,0.058117,0.104269,0.71,,,16.8207,4.2597,3.1853,0.0,,1006671464.0,1006671464.0,561097969.0,3986418997.0,3986418997.0,环境保护,环保,环境治理,综合环境治理,4.43,3.63,0.0
2022-09-30,9.05,9.1,8.34,8.39,9.03,-0.6399999999999988,-7.09,50731402.0,191417027.0,2.28,0.050395,0.090415,0.75,,,15.6314,3.9585,2.9601,0.0,,1006671464.0,1006671464.0,561097969.0,3704550988.0,3704550988.0,环境保护,环保,环境治理,综合环境治理,4.36,3.56,0.0
2022-10-10,8.41,9.03,8.37,8.53,8.39,0.1399999999999988,1.67,37494993.0,141652719.0,2.28,0.037247,0.066824,0.63,,,15.8862,4.0231,3.0084,0.0,,1006671464.0,1006671464.0,561097969.0,3764951275.0,3764951275.0,环境保护,环保,环境治理,综合环境治理,4.05,3.31,0.0
2022-10-11,8.16,8.73,8.07,8.71,8.53,0.1800000000000015,2.11,38277920.0,142532963.0,2.28,0.038024,0.06822,0.65,,,16.2261,4.1091,3.0727,0.0,,1006671464.0,1006671464.0,561097969.0,3845484992.0,3845484992.0,环境保护,环保,环境治理,综合环境治理,4.11,3.37,0.0
2022-10-12,8.69,9.03,8.5,8.98,8.71,0.2699999999999996,3.1,37106621.0,143685688.0,2.28,0.036861,0.066132,0.62,,,16.7358,4.2382,3.1693,0.0,,1006671464.0,1006671464.0,561097969.0,3966285568.0,3966285568.0,环境保护,环保,环境治理,综合环境治理,4.2,3.44,0.0
2022-10-13,8.98,9.19,8.8,9.01,8.98,0.0299999999999993,0.33,36904600.0,145600256.0,2.28,0.03666,0.065772,0.83,,,16.7783,4.249,3.1773,0.0,,1006671464.0,1006671464.0,561097969.0,3976352283.0,3976352283.0,环境保护,环保,环境治理,综合环境治理,4.33,3.55,0.0
2022-10-14,9.05,9.12,8.91,9.07,9.01,0.0600000000000005,0.67,28095701.0,111175208.0,2.28,0.02791,0.050073,0.7,,,16.9057,4.2812,3.2014,0.0,,1006671464.0,1006671464.0,561097969.0,4006552427.0,4006552427.0,环境保护,环保,环境治理,综合环境治理,4.35,3.56,0.0
2022-10-17,8.98,9.28,8.87,9.28,9.07,0.209999999999999,2.32,30222441.0,120341463.0,2.28,0.030022,0.053863,0.85,,,17.288,4.378,3.2738,0.0,,1006671464.0,1006671464.0,561097969.0,4097152858.0,4097152858.0,环境保护,环保,环境治理,综合环境治理,4.38,3.58,0.0
2022-10-18,9.28,9.28,9.01,9.05,9.28,-0.2299999999999986,-2.48,26411700.0,105302973.0,2.28,0.026237,0.0470709999999999,0.77,,,16.8632,4.2705,3.1934,0.0,,1006671464.0,1006671464.0,561097969.0,3996485712.0,3996485712.0,环境保护,环保,环境治理,综合环境治理,4.48,3.66,0.0
2022-10-19,8.98,9.51,8.94,9.14,9.05,0.0899999999999998,0.99,36760900.0,147690895.0,2.28,0.036517,0.0655159999999999,1.16,,,17.0331,4.3135,3.2256,0.0,,1006671464.0,1006671464.0,561097969.0,4036752571.0,4036752571.0,环境保护,环保,环境治理,综合环境治理,4.37,3.57,0.0
2022-10-20,9.01,9.74,8.94,9.33,9.14,0.1899999999999995,2.08,55100391.0,226775309.0,2.28,0.054735,0.098201,1.74,,,17.3729,4.3996,3.2899,0.0,,1006671464.0,1006671464.0,561097969.0,4117286288.0,4117286288.0,环境保护,环保,环境治理,综合环境治理,4.41,3.61,0.0
2022-10-21,9.23,9.23,8.85,8.98,9.33,-0.3499999999999996,-3.75,35473701.0,140390904.0,2.28,0.035239,0.063222,1.0,,,16.7358,4.2382,3.1693,0.0,,1006671464.0,1006671464.0,561097969.0,3966285568.0,3966285568.0,环境保护,环保,环境治理,综合环境治理,4.5,3.68,0.0
2022-10-24,8.96,9.07,8.55,8.62,8.98,-0.3600000000000012,-4.01,25325834.0,97652401.0,2.28,0.025158,0.045136,0.69,,,16.0562,4.0661,3.0406,0.0,,1006671464.0,1006671464.0,561097969.0,3805218134.0,3805218134.0,环境保护,环保,环境治理,综合环境治理,4.33,3.55,0.0
2022-10-25,8.55,8.78,8.48,8.69,8.62,0.0700000000000002,0.81,18612200.0,70611024.0,2.28,0.018489,0.033171,0.52,,,16.1836,4.0984,3.0647,0.0,,1006671464.0,1006671464.0,561097969.0,3835418278.000001,3835418278.000001,环境保护,环保,环境治理,综合环境治理,4.16,3.4,0.0
2022-10-26,9.12,9.55,8.85,9.14,8.69,0.450000000000001,5.18,86022370.0,353792447.0,2.28,0.085452,0.153311,2.51,,,17.0331,4.3135,3.2256,0.0,,1006671464.0,1006671464.0,561097969.0,4036752571.0,4036752571.0,环境保护,环保,环境治理,综合环境治理,4.19,3.43,0.0
2022-10-27,9.1,9.76,9.07,9.23,9.14,0.0899999999999998,0.98,64425996.0,263031381.0,2.28,0.063999,0.114821,1.46,,,17.203,4.3565,3.2577,0.0,,1006671464.0,1006671464.0,561097969.0,4077019429.0,4077019429.0,环境保护,环保,环境治理,综合环境治理,4.41,3.61,0.0
2022-10-28,9.1,9.42,8.69,8.76,9.23,-0.4700000000000006,-5.09,44881347.0,177983946.0,2.28,0.044584,0.079988,0.98,,,17.3104,4.1306,3.1859,0.0,,1006671464.0,1006671464.0,561097969.0,3865618422.0,3865618422.0,环境保护,环保,环境治理,综合环境治理,4.46,3.65,0.0
2022-10-31,8.64,9.62,8.57,9.62,8.76,0.8599999999999994,9.82,75030079.0,314043801.0,2.28,0.074533,0.13372,1.57,,,19.0235,4.5394,3.5012,0.0,,1006671464.0,1006671464.0,561097969.0,4248153578.0,4248153578.0,环境保护,环保,环境治理,综合环境治理,4.22,3.46,0.0
2022-11-01,9.67,9.96,9.3,9.51,9.62,-0.1099999999999994,-1.14,87677577.0,367443141.0,2.28,0.087097,0.1562609999999999,1.52,,,18.7981,4.4856,3.4597,0.0,,1006671464.0,1006671464.0,561097969.0,4197820005.0,4197820005.0,环境保护,环保,环境治理,综合环境治理,4.64,3.8,0.0
2022-11-02,9.42,9.74,9.33,9.44,9.51,-0.0700000000000002,-0.74,54935873.0,228298573.0,2.28,0.054572,0.097908,0.77,,,18.6628,4.4533,3.4348,0.0,,1006671464.0,1006671464.0,561097969.0,4167619861.0,4167619861.0,环境保护,环保,环境治理,综合环境治理,4.59,3.75,0.0
2022-11-03,9.44,9.55,9.26,9.48,9.44,0.0400000000000009,0.42,40129215.0,165346728.0,2.28,0.039863,0.071519,0.61,,,18.753,4.4749,3.4514,0.0,,1006671464.0,1006671464.0,561097969.0,4187753290.000001,4187753290.000001,环境保护,环保,环境治理,综合环境治理,4.55,3.73,0.0
2022-11-04,9.51,9.69,9.39,9.55,9.48,0.0700000000000002,0.74,50660822.0,211850664.0,2.28,0.0503249999999999,0.090289,0.84,,,18.8882,4.5071,3.4763,0.0,,1006671464.0,1006671464.0,561097969.0,4217953434.0,4217953434.0,环境保护,环保,环境治理,综合环境治理,4.58,3.74,0.0
2022-11-07,9.46,10.01,9.42,9.71,9.55,0.1600000000000001,1.68,56717678.0,241702306.0,2.28,0.0563419999999999,0.1010829999999999,0.92,,,19.2038,4.5824,3.5344,0.0,,1006671464.0,1006671464.0,561097969.0,4288420437.0,4288420437.0,环境保护,环保,环境治理,综合环境治理,4.61,3.77,0.0
2022-11-08,9.69,10.01,9.37,9.85,9.71,0.1399999999999988,1.44,61056236.0,260035288.0,2.28,0.060652,0.108816,1.05,,,19.4742,4.647,3.5842,0.0,,1006671464.0,1006671464.0,561097969.0,4348820724.0,4348820724.0,环境保护,环保,环境治理,综合环境治理,4.69,3.83,0.0
2022-11-09,9.94,10.21,9.6,9.62,9.85,-0.2300000000000004,-2.34,49281607.0,212114194.0,2.28,0.048955,0.0878309999999999,0.94,,,19.0235,4.5394,3.5012,0.0,,1006671464.0,1006671464.0,561097969.0,4248153578.0,4248153578.0,环境保护,环保,环境治理,综合环境治理,4.75,3.89,0.0
2022-11-10,9.64,9.76,9.33,9.44,9.62,-0.1799999999999997,-1.87,38968903.0,161891121.0,2.28,0.038711,0.069451,0.76,,,18.6628,4.4533,3.4348,0.0,,1006671464.0,1006671464.0,561097969.0,4167619861.0,4167619861.0,环境保护,环保,环境治理,综合环境治理,4.64,3.8,0.0
2022-11-11,9.55,9.78,9.39,9.42,9.44,-0.0199999999999995,-0.21,40629900.0,169936327.0,2.28,0.040361,0.072411,0.79,,,18.6177,4.4426,3.4265,0.0,,1006671464.0,1006671464.0,561097969.0,4157553146.0,4157553146.0,环境保护,环保,环境治理,综合环境治理,4.55,3.73,0.0
2022-11-14,9.33,9.44,9.19,9.26,9.42,-0.1600000000000001,-1.7,25837033.0,105167357.0,2.28,0.025666,0.046047,0.52,,,18.3022,4.3673,3.3684,0.0,,1006671464.0,1006671464.0,561097969.0,4087086144.0,4087086144.0,环境保护,环保,环境治理,综合环境治理,4.54,3.72,0.0
2022-11-15,9.28,9.46,9.21,9.46,9.26,0.200000000000001,2.16,22326000.0,91493146.0,2.28,0.022178,0.03979,0.52,,,18.7079,4.4641,3.4431,0.0,,1006671464.0,1006671464.0,561097969.0,4177686576.0,4177686576.0,环境保护,环保,环境治理,综合环境治理,4.47,3.65,0.0
2022-11-16,9.42,9.46,9.14,9.19,9.46,-0.2700000000000013,-2.85,28773610.0,116651818.0,2.28,0.0285829999999999,0.051281,0.81,,,18.1669,4.335,3.3436,0.0,,1006671464.0,1006671464.0,561097969.0,4056886000.0,4056886000.0,环境保护,环保,环境治理,综合环境治理,4.57,3.74,0.0
2022-11-17,9.1,9.28,9.01,9.28,9.19,0.0899999999999998,0.98,19541134.0,78864307.0,2.28,0.019412,0.034827,0.62,,,18.3473,4.378,3.3767,0.0,,1006671464.0,1006671464.0,561097969.0,4097152858.0,4097152858.0,环境保护,环保,环境治理,综合环境治理,4.43,3.63,0.0
2022-11-18,9.28,9.78,9.26,9.26,9.28,-0.0199999999999995,-0.22,33773977.0,139607537.0,2.28,0.0335499999999999,0.060193,1.23,,,18.3022,4.3673,3.3684,0.0,,1006671464.0,1006671464.0,561097969.0,4087086144.0,4087086144.0,环境保护,环保,环境治理,综合环境治理,4.48,3.66,0.0
2022-11-21,9.12,9.21,8.96,9.1,9.26,-0.1600000000000001,-1.73,21918110.0,87119441.0,2.28,0.0217729999999999,0.039063,0.84,,,17.9866,4.292,3.3104,0.0,,1006671464.0,1006671464.0,561097969.0,4016619141.0,4016619141.0,环境保护,环保,环境治理,综合环境治理,4.47,3.65,0.0
2022-11-22,9.05,9.17,8.98,9.07,9.1,-0.0299999999999993,-0.33,14514900.0,57702110.0,2.28,0.014419,0.025869,0.57,,,17.9415,4.2812,3.3021,0.0,,1006671464.0,1006671464.0,561097969.0,4006552427.0,4006552427.0,环境保护,环保,环境治理,综合环境治理,4.39,3.59,0.0
2022-11-23,9.1,9.99,9.05,9.99,9.07,0.92,10.14,53651414.0,229282514.0,2.28,0.053296,0.095619,2.26,,,19.7447,4.7115,3.6339,0.0,,1006671464.0,1006671464.0,561097969.0,4409221012.0,4409221012.0,环境保护,环保,环境治理,综合环境治理,4.38,3.58,0.0
2022-11-24,10.37,10.53,9.58,9.69,9.99,-0.3000000000000007,-3.0,94710589.0,413616915.0,2.28,0.094083,0.168795,3.3,,,19.1587,4.5717,3.5261,0.0,,1006671464.0,1006671464.0,561097969.0,4278353722.0,4278353722.0,环境保护,环保,环境治理,综合环境治理,4.82,3.94,0.0
2022-11-25,9.67,9.8,9.46,9.51,9.69,-0.1799999999999997,-1.86,42181680.0,177320287.0,2.28,0.041902,0.075177,0.96,,,18.7981,4.4856,3.4597,0.0,,1006671464.0,1006671464.0,561097969.0,4197820005.0,4197820005.0,环境保护,环保,环境治理,综合环境治理,4.68,3.83,0.0
2022-11-28,9.44,9.62,9.39,9.48,9.51,-0.0299999999999993,-0.32,30198197.0,125625818.0,2.28,0.029998,0.05382,0.67,,,18.753,4.4749,3.4514,0.0,,1006671464.0,1006671464.0,561097969.0,4187753290.000001,4187753290.000001,环境保护,环保,环境治理,综合环境治理,4.59,3.75,0.0
2022-11-29,9.44,9.67,9.44,9.62,9.48,0.1399999999999988,1.48,28102381.0,117817735.0,2.28,0.027916,0.050085,0.6,,,19.0235,4.5394,3.5012,0.0,,1006671464.0,1006671464.0,561097969.0,4248153578.0,4248153578.0,环境保护,环保,环境治理,综合环境治理,4.58,3.74,0.0
2022-11-30,9.55,9.78,9.46,9.71,9.62,0.0900000000000016,0.94,32944783.0,138841914.0,2.28,0.032726,0.058715,0.66,,,19.2038,4.5824,3.5344,0.0,,1006671464.0,1006671464.0,561097969.0,4288420437.0,4288420437.0,环境保护,环保,环境治理,综合环境治理,4.64,3.8,0.0
2022-12-01,9.71,9.99,9.62,9.67,9.71,-0.0400000000000009,-0.41,34210602.0,146550095.0,2.28,0.033984,0.060971,0.75,,,19.1136,4.5609,3.5178,0.0,,1006671464.0,1006671464.0,561097969.0,4268287007.0,4268287007.0,环境保护,环保,环境治理,综合环境治理,4.69,3.83,0.0
2022-12-02,9.64,9.64,9.48,9.51,9.67,-0.1600000000000001,-1.65,23025717.0,96305150.0,2.28,0.022873,0.041037,0.69,,,18.7981,4.4856,3.4597,0.0,,1006671464.0,1006671464.0,561097969.0,4197820005.0,4197820005.0,环境保护,环保,环境治理,综合环境治理,4.66,3.82,0.0
2022-12-05,9.55,9.92,9.53,9.69,9.51,0.1799999999999997,1.89,27577601.0,117018680.0,2.28,0.027395,0.049149,0.93,,,19.1587,4.5717,3.5261,0.0,,1006671464.0,1006671464.0,561097969.0,4278353722.0,4278353722.0,环境保护,环保,环境治理,综合环境治理,4.59,3.75,0.0
2022-12-06,9.67,10.1,9.6,9.87,9.69,0.1799999999999997,1.86,46933161.0,203311910.0,2.28,0.046622,0.083645,1.61,,,19.5193,4.6577,3.5924,0.0,,1006671464.0,1006671464.0,561097969.0,4358887439.0,4358887439.0,环境保护,环保,环境治理,综合环境治理,4.68,3.83,0.0
2022-12-07,10.08,10.85,9.8,10.42,9.87,0.5500000000000007,5.57,115220410.0,534520417.0,2.28,0.114457,0.205348,3.5,,,20.6012,4.9159,3.7916,0.0,,1006671464.0,1006671464.0,561097969.0,4600488590.0,4600488590.0,环境保护,环保,环境治理,综合环境治理,4.76,3.9,0.0
2022-12-08,10.17,10.19,9.71,9.8,10.42,-0.6199999999999992,-5.95,72478322.0,313731400.0,2.28,0.0719979999999999,0.1291719999999999,1.47,,,19.3841,4.6255,3.5676,0.0,,1006671464.0,1006671464.0,561097969.0,4328687295.0,4328687295.0,环境保护,环保,环境治理,综合环境治理,5.03,4.11,0.0
2022-12-09,9.92,10.62,9.87,9.94,9.8,0.1399999999999988,1.43,54393315.0,240836217.0,2.28,0.054033,0.096941,0.95,,,19.6546,4.69,3.6173,0.0,,1006671464.0,1006671464.0,561097969.0,4389087583.0,4389087583.0,环境保护,环保,环境治理,综合环境治理,4.73,3.87,0.0
2022-12-12,9.78,10.19,9.69,10.05,9.94,0.1100000000000012,1.11,44533000.0,193690215.0,2.28,0.044238,0.079368,0.7,,,19.88,4.7438,3.6588,0.0,,1006671464.0,1006671464.0,561097969.0,4439421156.0,4439421156.0,环境保护,环保,环境治理,综合环境治理,4.8,3.92,0.0
2022-12-13,9.87,10.03,9.85,9.92,10.05,-0.1300000000000007,-1.29,24241001.0,105400557.0,2.28,0.02408,0.043203,0.36,,,19.6095,4.6792,3.609,0.0,,1006671464.0,1006671464.0,561097969.0,4379020868.0,4379020868.0,环境保护,环保,环境治理,综合环境治理,4.85,3.97,0.0
2022-12-14,9.85,9.9,9.67,9.74,9.92,-0.1799999999999997,-1.81,23690900.0,101199495.0,2.28,0.023534,0.042222,0.38,,,19.2488,4.5932,3.5427,0.0,,1006671464.0,1006671464.0,561097969.0,4298487151.0,4298487151.0,环境保护,环保,环境治理,综合环境治理,4.79,3.92,0.0
2022-12-15,9.69,9.94,9.64,9.94,9.74,0.1999999999999993,2.05,20352489.0,87268205.0,2.28,0.020218,0.036273,0.46,,,19.6546,4.69,3.6173,0.0,,1006671464.0,1006671464.0,561097969.0,4389087583.0,4389087583.0,环境保护,环保,环境治理,综合环境治理,4.7,3.84,0.0
2022-12-16,9.94,10.01,9.76,9.9,9.94,-0.0399999999999991,-0.4,17998400.0,77917675.0,2.28,0.017879,0.032077,0.54,,,19.5644,4.6685,3.6007,0.0,,1006671464.0,1006671464.0,561097969.0,4368954154.0,4368954154.0,环境保护,环保,环境治理,综合环境治理,4.8,3.92,0.0
2022-12-19,9.83,9.87,9.46,9.62,9.9,-0.2800000000000011,-2.83,19637100.0,82850804.0,2.28,0.019507,0.034998,0.75,,,19.0235,4.5394,3.5012,0.0,,1006671464.0,1006671464.0,561097969.0,4248153578.0,4248153578.0,环境保护,环保,环境治理,综合环境治理,4.77,3.91,0.0
2022-12-20,9.53,9.83,9.53,9.83,9.62,0.2100000000000008,2.18,14855300.0,63218329.0,2.28,0.014757,0.026475,0.7,,,19.4292,4.6362,3.5759,0.0,,1006671464.0,1006671464.0,561097969.0,4338754010.0,4338754010.0,环境保护,环保,环境治理,综合环境治理,4.64,3.8,0.0
2022-12-21,9.87,9.92,9.58,9.67,9.83,-0.1600000000000001,-1.63,13408246.0,56979295.0,2.28,0.013319,0.023896,0.69,,,19.1136,4.5609,3.5178,0.0,,1006671464.0,1006671464.0,561097969.0,4268287007.0,4268287007.0,环境保护,环保,环境治理,综合环境治理,4.74,3.88,0.0
2022-12-22,9.67,9.74,9.3,9.46,9.67,-0.209999999999999,-2.17,15358592.000000002,64383603.0,2.28,0.015257,0.027372,0.89,,,18.7079,4.4641,3.4431,0.0,,1006671464.0,1006671464.0,561097969.0,4177686576.0,4177686576.0,环境保护,环保,环境治理,综合环境治理,4.66,3.82,0.0
2022-12-23,9.39,9.44,8.91,8.98,9.46,-0.4800000000000004,-5.07,24107700.0,95855347.0,2.28,0.023948,0.042965,1.48,,,17.7612,4.2382,3.2689,0.0,,1006671464.0,1006671464.0,561097969.0,3966285568.0,3966285568.0,环境保护,环保,环境治理,综合环境治理,4.57,3.74,0.0
2022-12-26,8.87,9.19,8.69,9.19,8.98,0.209999999999999,2.34,17998700.0,70581727.0,2.28,0.017879,0.032078,1.03,,,18.1669,4.335,3.3436,0.0,,1006671464.0,1006671464.0,561097969.0,4056886000.0,4056886000.0,环境保护,环保,环境治理,综合环境治理,4.33,3.55,0.0
2022-12-27,9.19,9.26,8.96,9.01,9.19,-0.1799999999999997,-1.96,13515900.0,53616926.0,2.28,0.013426,0.024088,0.79,,,17.8063,4.249,3.2772,0.0,,1006671464.0,1006671464.0,561097969.0,3976352283.0,3976352283.0,环境保护,环保,环境治理,综合环境治理,4.43,3.63,0.0
2022-12-28,8.96,9.07,8.85,8.89,9.01,-0.1199999999999992,-1.33,9603600.0,37674907.0,2.28,0.00954,0.017116,0.57,,,17.5809,4.1952,3.2357,0.0,,1006671464.0,1006671464.0,561097969.0,3926018710.0,3926018710.0,环境保护,环保,环境治理,综合环境治理,4.35,3.56,0.0
2022-12-29,8.8,8.87,8.62,8.64,8.89,-0.25,-2.81,14012219.0,53631063.0,2.28,0.0139189999999999,0.024973,0.87,,,17.085,4.0769,3.1444,0.0,,1006671464.0,1006671464.0,561097969.0,3815284849.0,3815284849.0,环境保护,环保,环境治理,综合环境治理,4.29,3.51,0.0
2022-12-30,8.73,8.78,8.66,8.73,8.64,0.0899999999999998,1.04,6990534.0,26722906.0,2.28,0.006944,0.012459,0.44,,,17.2654,4.1199,3.1776,0.0,,1006671464.0,1006671464.0,561097969.0,3855551707.0,3855551707.0,环境保护,环保,环境治理,综合环境治理,4.17,3.41,0.0
2023-01-03,8.73,9.01,8.71,8.96,8.73,0.2300000000000004,2.63,11230600.0,43744919.0,2.28,0.011156,0.020015,0.9,,,17.7162,4.2275,3.2606,0.0,,1006671464.0,1006671464.0,561097969.0,3956218854.000001,3956218854.000001,环境保护,环保,环境治理,综合环境治理,4.21,3.45,0.0
2023-01-04,8.94,9.03,8.87,8.96,8.96,0.0,0.0,8237300.0,32349165.0,2.28,0.008183,0.014681,0.74,,,17.7162,4.2275,3.2606,0.0,,1006671464.0,1006671464.0,561097969.0,3956218854.000001,3956218854.000001,环境保护,环保,环境治理,综合环境治理,4.32,3.54,0.0
2023-01-05,8.91,9.03,8.87,8.96,8.96,0.0,0.0,7934100.0,31161620.0,2.28,0.007882,0.014086,0.79,,,17.7162,4.2275,3.2606,0.0,,1006671464.0,1006671464.0,563267969.0,3956218854.000001,3956218854.000001,环境保护,环保,环境治理,综合环境治理,4.32,3.54,0.0
2023-01-06,8.91,9.23,8.91,8.98,8.96,0.0199999999999995,0.22,11566700.0,45986467.0,2.28,0.01149,0.020535,1.19,,,17.7612,4.2382,3.2689,0.0,,1006671464.0,1006671464.0,563267969.0,3966285568.0,3966285568.0,环境保护,环保,环境治理,综合环境治理,4.32,3.54,0.0
2023-01-09,8.98,9.1,8.98,9.03,8.98,0.0499999999999989,0.56,9183300.0,36282775.0,2.28,0.009122,0.016304,1.0,,,17.8514,4.2597,3.2855,0.0,,1006671464.0,1006671464.0,563267969.0,3986418997.0,3986418997.0,环境保护,环保,环境治理,综合环境治理,4.33,3.55,0.0
2023-01-10,9.01,9.26,9.01,9.17,9.03,0.1400000000000005,1.55,12731800.0,51084815.0,2.28,0.0126469999999999,0.0226029999999999,1.32,,,18.1219,4.3243,3.3353,0.0,,1006671464.0,1006671464.0,563267969.0,4046819285.0,4046819285.0,环境保护,环保,环境治理,综合环境治理,4.36,3.56,0.0
2023-01-11,9.14,9.35,9.07,9.1,9.17,-0.0700000000000002,-0.76,14904592.000000002,60041207.0,2.28,0.014806,0.026461,1.5,,,17.9866,4.292,3.3104,0.0,,1006671464.0,1006671464.0,563267969.0,4016619141.0,4016619141.0,环境保护,环保,环境治理,综合环境治理,4.42,3.62,0.0
2023-01-12,9.1,9.12,8.85,9.01,9.1,-0.0899999999999998,-0.99,13596462.0,53405876.0,2.28,0.013506,0.024139,1.21,,,17.8063,4.249,3.2772,0.0,,1006671464.0,1006671464.0,563267969.0,3976352283.0,3976352283.0,环境保护,环保,环境治理,综合环境治理,4.39,3.59,0.0
2023-01-13,8.94,9.01,8.89,9.01,9.01,0.0,0.0,6196492.0,24324971.0,2.28,0.006155,0.011001,0.5,,,17.8063,4.249,3.2772,0.0,,1006671464.0,1006671464.0,563267969.0,3976352283.0,3976352283.0,环境保护,环保,环境治理,综合环境治理,4.35,3.56,0.0
2023-01-16,9.01,9.1,8.96,9.05,9.01,0.0400000000000009,0.44,6791200.0,26930766.0,2.28,0.0067459999999999,0.012057,0.6,,,17.8965,4.2705,3.2938,0.0,,1006671464.0,1006671464.0,563267969.0,3996485712.0,3996485712.0,环境保护,环保,环境治理,综合环境治理,4.35,3.56,0.0
2023-01-17,9.1,9.1,8.96,8.96,9.05,-0.0899999999999998,-0.99,5025846.0,19824495.0,2.28,0.004993,0.008923,0.46,,,17.7162,4.2275,3.2606,0.0,,1006671464.0,1006671464.0,563267969.0,3956218854.000001,3956218854.000001,环境保护,环保,环境治理,综合环境治理,4.37,3.57,0.0
2023-01-18,8.96,9.01,8.89,8.91,8.96,-0.0500000000000007,-0.56,6443100.0,25209881.0,2.28,0.0064,0.011439,0.69,,,17.626,4.2059,3.244,0.0,,1006671464.0,1006671464.0,563267969.0,3936085424.0,3936085424.0,环境保护,环保,环境治理,综合环境治理,4.32,3.54,0.0
2023-01-19,8.89,9.01,8.78,8.94,8.91,0.0299999999999993,0.34,7203130.0,28122724.0,2.28,0.007155,0.0127879999999999,0.95,,,17.6711,4.2167,3.2523,0.0,,1006671464.0,1006671464.0,563267969.0,3946152139.0,3946152139.0,环境保护,环保,环境治理,综合环境治理,4.3,3.52,0.0
2023-01-20,8.94,9.1,8.94,9.07,8.94,0.1300000000000007,1.45,8885462.0,35321620.0,2.28,0.008827,0.0157749999999999,1.4,,,17.9415,4.2812,3.3021,0.0,,1006671464.0,1006671464.0,563267969.0,4006552427.0,4006552427.0,环境保护,环保,环境治理,综合环境治理,4.31,3.53,0.0
2023-01-30,9.44,9.46,9.12,9.33,9.07,0.2599999999999998,2.87,30476120.0,124216745.0,2.28,0.030274,0.0541059999999999,4.44,,,18.4374,4.3996,3.3933,0.0,,1006671464.0,1006671464.0,563267969.0,4117286288.0,4117286288.0,环境保护,环保,环境治理,综合环境治理,4.38,3.58,0.0
2023-01-31,9.37,9.53,9.3,9.53,9.33,0.1999999999999993,2.14,23729692.0,98243725.0,2.28,0.023572,0.042129,2.04,,,18.8431,4.4964,3.468,0.0,,1006671464.0,1006671464.0,563267969.0,4207886720.0,4207886720.0,环境保护,环保,环境治理,综合环境治理,4.5,3.68,0.0
2023-02-01,9.51,9.64,9.46,9.55,9.53,0.0200000000000013,0.21,16538690.0,69168203.0,2.28,0.016429,0.029362,1.08,,,18.8882,4.5071,3.4763,0.0,,1006671464.0,1006671464.0,563267969.0,4217953434.0,4217953434.0,环境保护,环保,环境治理,综合环境治理,4.6,3.76,0.0
2023-02-02,9.55,9.64,9.48,9.55,9.55,0.0,0.0,12157804.0,50950802.0,2.28,0.012077,0.021584,0.7,,,18.8882,4.5071,3.4763,0.0,,1006671464.0,1006671464.0,563267969.0,4217953434.0,4217953434.0,环境保护,环保,环境治理,综合环境治理,4.61,3.77,0.0
2023-02-03,9.53,9.58,9.37,9.51,9.55,-0.0400000000000009,-0.42,13274700.0,55112138.0,2.28,0.0131869999999999,0.023567,0.72,,,18.7981,4.4856,3.4597,0.0,,1006671464.0,1006671464.0,563267969.0,4197820005.0,4197820005.0,环境保护,环保,环境治理,综合环境治理,4.61,3.77,0.0
2023-02-06,9.51,9.55,9.42,9.53,9.51,0.0199999999999995,0.21,9515461.0,39663141.0,2.28,0.009452,0.016893,0.49,,,18.8431,4.4964,3.468,0.0,,1006671464.0,1006671464.0,563267969.0,4207886720.0,4207886720.0,环境保护,环保,环境治理,综合环境治理,4.59,3.75,0.0
2023-02-07,9.12,9.44,8.87,9.01,9.53,-0.5199999999999996,-5.46,46900871.0,185059075.0,2.28,0.04659,0.0832659999999999,3.12,,,17.8063,4.249,3.2772,0.0,,1006671464.0,1006671464.0,563267969.0,3976352283.0,3976352283.0,环境保护,环保,环境治理,综合环境治理,4.6,3.76,0.0
2023-02-08,9.05,9.1,8.8,8.82,9.01,-0.1899999999999995,-2.11,26603107.0,103855973.0,2.28,0.026427,0.04723,1.35,,,17.4457,4.1629,3.2108,0.0,,1006671464.0,1006671464.0,563267969.0,3895818566.0,3895818566.0,环境保护,环保,环境治理,综合环境治理,4.35,3.56,0.0
2023-02-09,8.78,9.03,8.73,8.98,8.82,0.1600000000000001,1.81,17568957.0,68832370.0,2.28,0.017453,0.031191,0.81,,,17.7612,4.2382,3.2689,0.0,,1006671464.0,1006671464.0,563267969.0,3966285568.0,3966285568.0,环境保护,环保,环境治理,综合环境治理,4.26,3.48,0.0
2023-02-10,8.98,9.12,8.89,9.1,8.98,0.1199999999999992,1.34,16922900.0,67169823.0,2.28,0.016811,0.030044,0.74,,,17.9866,4.292,3.3104,0.0,,1006671464.0,1006671464.0,563267969.0,4016619141.0,4016619141.0,环境保护,环保,环境治理,综合环境治理,4.33,3.55,0.0
2023-02-13,9.07,9.35,9.05,9.19,9.1,0.0899999999999998,0.99,15613200.0,63134162.0,2.28,0.01551,0.027719,0.66,,,18.1669,4.335,3.3436,0.0,,1006671464.0,1006671464.0,563267969.0,4056886000.0,4056886000.0,环境保护,环保,环境治理,综合环境治理,4.39,3.59,0.0
2023-02-14,9.19,9.33,9.19,9.26,9.19,0.0700000000000002,0.76,11159022.0,45269266.0,2.28,0.011085,0.019811,0.45,,,18.3022,4.3673,3.3684,0.0,,1006671464.0,1006671464.0,563267969.0,4087086144.0,4087086144.0,环境保护,环保,环境治理,综合环境治理,4.43,3.63,0.0
2023-02-15,9.26,9.33,9.19,9.26,9.26,0.0,0.0,9207900.0,37409624.0,2.28,0.0091469999999999,0.016347,0.52,,,18.3022,4.3673,3.3684,0.0,,1006671464.0,1006671464.0,563267969.0,4087086144.0,4087086144.0,环境保护,环保,环境治理,综合环境治理,4.47,3.65,0.0
2023-02-16,9.33,9.33,8.96,9.03,9.26,-0.2300000000000004,-2.48,12254500.0,49219782.0,2.28,0.012173,0.021756,0.87,,,17.8514,4.2597,3.2855,0.0,,1006671464.0,1006671464.0,563267969.0,3986418997.0,3986418997.0,环境保护,环保,环境治理,综合环境治理,4.47,3.65,0.0
2023-02-17,9.01,9.12,8.94,8.96,9.03,-0.0699999999999985,-0.78,8625200.0,34047728.0,2.28,0.008568,0.015313,0.66,,,17.7162,4.2275,3.2606,0.0,,1006671464.0,1006671464.0,563267969.0,3956218854.000001,3956218854.000001,环境保护,环保,环境治理,综合环境治理,4.36,3.56,0.0
2023-02-20,9.01,9.03,8.82,9.01,8.96,0.0499999999999989,0.56,7978730.0,31256997.0,2.28,0.0079259999999999,0.014165,0.7,,,17.8063,4.249,3.2772,0.0,,1006671464.0,1006671464.0,563267969.0,3976352283.0,3976352283.0,环境保护,环保,环境治理,综合环境治理,4.32,3.54,0.0
2023-02-21,9.01,9.05,8.96,9.03,9.01,0.0199999999999995,0.22,6646130.0,26253464.0,2.28,0.006602,0.0117989999999999,0.68,,,17.8514,4.2597,3.2855,0.0,,1006671464.0,1006671464.0,563267969.0,3986418997.0,3986418997.0,环境保护,环保,环境治理,综合环境治理,4.35,3.56,0.0
2023-02-22,9.01,9.01,8.89,9.01,9.03,-0.0199999999999995,-0.22,6667800.0,26219925.0,2.28,0.006624,0.011838,0.75,,,17.8063,4.249,3.2772,0.0,,1006671464.0,1006671464.0,563267969.0,3976352283.0,3976352283.0,环境保护,环保,环境治理,综合环境治理,4.36,3.56,0.0
2023-02-23,9.03,9.28,8.98,9.28,9.01,0.2699999999999996,3.0,11331101.0,45035929.0,2.28,0.0112559999999999,0.020117,1.34,,,18.3473,4.378,3.3767,0.0,,1006671464.0,1006671464.0,563267969.0,4097152858.0,4097152858.0,环境保护,环保,环境治理,综合环境治理,4.35,3.56,0.0
2023-02-24,9.46,9.46,8.98,9.14,9.28,-0.1399999999999988,-1.51,32828952.0,132781673.0,2.28,0.032611,0.0582829999999999,3.98,,,18.0768,4.3135,3.327,0.0,,1006671464.0,1006671464.0,563267969.0,4036752571.0,4036752571.0,环境保护,环保,环境治理,综合环境治理,4.48,3.66,0.0
2023-02-27,9.07,9.96,9.05,9.28,9.14,0.1399999999999988,1.53,30917700.0,127051424.0,2.28,0.030713,0.05489,2.36,,,18.3473,4.378,3.3767,0.0,,1006671464.0,1006671464.0,563267969.0,4097152858.0,4097152858.0,环境保护,环保,环境治理,综合环境治理,4.41,3.61,0.0
2023-02-28,9.17,9.26,9.07,9.12,9.28,-0.1600000000000001,-1.72,17680239.0,70875920.0,2.28,0.017563,0.031389,1.0,,,18.0317,4.3028,3.3187,0.0,,1006671464.0,1006671464.0,563267969.0,4026685856.0,4026685856.0,环境保护,环保,环境治理,综合环境治理,4.48,3.66,0.0
2023-03-01,9.12,9.23,9.03,9.21,9.12,0.0900000000000016,0.99,14161739.000000002,56785233.0,2.28,0.014068,0.025142,0.71,,,18.212,4.3458,3.3518,0.0,,1006671464.0,1006671464.0,563267969.0,4066952715.0,4066952715.0,环境保护,环保,环境治理,综合环境治理,4.4,3.6,0.0
2023-03-02,9.26,9.3,9.12,9.14,9.21,-0.0700000000000002,-0.76,11886600.0,47940518.0,2.28,0.011808,0.021103,0.56,,,18.0768,4.3135,3.327,0.0,,1006671464.0,1006671464.0,563267969.0,4036752571.0,4036752571.0,环境保护,环保,环境治理,综合环境治理,4.44,3.64,0.0
2023-03-03,9.14,9.19,9.07,9.14,9.14,0.0,0.0,7646500.0,30613935.0,2.28,0.007596,0.0135749999999999,0.36,,,18.0768,4.3135,3.327,0.0,,1006671464.0,1006671464.0,563267969.0,4036752571.0,4036752571.0,环境保护,环保,环境治理,综合环境治理,4.41,3.61,0.0
2023-03-06,9.1,9.12,8.85,8.89,9.14,-0.25,-2.74,21418714.0,83826532.0,2.28,0.021277,0.038026,1.3,,,17.5809,4.1952,3.2357,0.0,,1006671464.0,1006671464.0,563267969.0,3926018710.0,3926018710.0,环境保护,环保,环境治理,综合环境治理,4.41,3.61,0.0
2023-03-07,8.87,8.91,8.62,8.66,8.89,-0.2300000000000004,-2.59,16955379.0,65037740.0,2.28,0.016843,0.030102,1.16,,,17.1301,4.0876,3.1527,0.0,,1006671464.0,1006671464.0,563267969.0,3825351563.0,3825351563.0,环境保护,环保,环境治理,综合环境治理,4.29,3.51,0.0
2023-03-08,8.66,8.78,8.64,8.73,8.66,0.0700000000000002,0.81,8148000.0,31092585.0,2.28,0.008094,0.014466,0.57,,,17.2654,4.1199,3.1776,0.0,,1006671464.0,1006671464.0,563267969.0,3855551707.0,3855551707.0,环境保护,环保,环境治理,综合环境治理,4.18,3.42,0.0
2023-03-09,8.78,8.78,8.71,8.73,8.73,0.0,0.0,6500231.0,24913227.0,2.28,0.006457,0.01154,0.49,,,17.2654,4.1199,3.1776,0.0,,1006671464.0,1006671464.0,563267969.0,3855551707.0,3855551707.0,环境保护,环保,环境治理,综合环境治理,4.21,3.45,0.0
2023-03-10,8.73,8.73,8.6,8.6,8.73,-0.1300000000000007,-1.49,9261100.0,35042843.0,2.28,0.0092,0.016442,0.76,,,16.9949,4.0553,3.1278,0.0,,1006671464.0,1006671464.0,563267969.0,3795151419.0,3795151419.0,环境保护,环保,环境治理,综合环境治理,4.21,3.45,0.0
2023-03-13,8.25,8.41,8.21,8.41,8.6,-0.1899999999999995,-2.21,17493999.0,63699010.0,2.28,0.017378,0.031058,1.4,,,16.6342,3.9693,3.0615,0.0,,1006671464.0,1006671464.0,563267969.0,3714617702.000001,3714617702.000001,环境保护,环保,环境治理,综合环境治理,4.15,3.39,0.0
2023-03-14,8.41,8.53,8.28,8.37,8.41,-0.0400000000000009,-0.48,8604700.0,31638273.0,2.28,0.008548,0.015276,0.74,,,16.5441,3.9478,3.0449,0.0,,1006671464.0,1006671464.0,563267969.0,3694484273.0,3694484273.0,环境保护,环保,环境治理,综合环境治理,4.06,3.32,0.0
2023-03-15,8.37,8.53,8.37,8.5,8.37,0.1300000000000007,1.55,7445313.0,27663211.0,2.28,0.007396,0.013218,0.74,,,16.8146,4.0123,3.0947,0.0,,1006671464.0,1006671464.0,563267969.0,3754884561.0,3754884561.0,环境保护,环保,环境治理,综合环境治理,4.04,3.3,0.0
2023-03-16,8.44,8.46,8.21,8.21,8.5,-0.2899999999999991,-3.41,7949800.999999999,29008609.0,2.28,0.007897,0.014114,0.81,,,16.2285,3.8725,2.9868,0.0,,1006671464.0,1006671464.0,563267969.0,3624017270.0,3624017270.0,环境保护,环保,环境治理,综合环境治理,4.1,3.36,0.0
2023-03-17,8.28,8.41,8.21,8.34,8.21,0.129999999999999,1.58,9869300.0,36123138.0,2.28,0.009804,0.017522,0.97,,,16.499,3.937,3.0366,0.0,,1006671464.0,1006671464.0,563267969.0,3684417558.0,3684417558.0,环境保护,环保,环境治理,综合环境治理,3.96,3.24,0.0
2023-03-20,8.34,8.55,8.23,8.25,8.34,-0.0899999999999998,-1.08,15839900.0,57934166.0,2.28,0.015735,0.028121,1.54,,,16.3187,3.894,3.0034,0.0,,1006671464.0,1006671464.0,563267969.0,3644150700.0,3644150700.0,环境保护,环保,环境治理,综合环境治理,4.03,3.29,0.0
2023-03-21,8.3,8.32,8.19,8.3,8.25,0.0500000000000007,0.61,8981000.0,32513768.0,2.28,0.008921,0.015944,0.9,,,16.4089,3.9155,3.02,0.0,,1006671464.0,1006671464.0,563267969.0,3664284129.0,3664284129.0,环境保护,环保,环境治理,综合环境治理,3.98,3.26,0.0
2023-03-22,8.3,8.41,8.3,8.34,8.3,0.0399999999999991,0.48,6201500.0,22731993.0,2.28,0.00616,0.0110099999999999,0.62,,,16.499,3.937,3.0366,0.0,,1006671464.0,1006671464.0,563267969.0,3684417558.0,3684417558.0,环境保护,环保,环境治理,综合环境治理,4.0,3.28,0.0
2023-03-23,8.28,8.37,8.28,8.3,8.34,-0.0399999999999991,-0.48,5740201.0,20901288.0,2.28,0.005702,0.0101909999999999,0.59,,,16.4089,3.9155,3.02,0.0,,1006671464.0,1006671464.0,563267969.0,3664284129.0,3664284129.0,环境保护,环保,环境治理,综合环境治理,4.03,3.29,0.0
2023-03-24,8.3,8.32,8.21,8.23,8.3,-0.0700000000000002,-0.84,8957685.0,32370532.0,2.28,0.008898,0.015903,0.96,,,16.2736,3.8832,2.9951,0.0,,1006671464.0,1006671464.0,563267969.0,3634083985.0,3634083985.0,环境保护,环保,环境治理,综合环境治理,4.0,3.28,0.0
2023-03-27,8.25,8.3,8.05,8.07,8.23,-0.1600000000000001,-1.94,11845401.0,42254869.0,2.28,0.011767,0.02103,1.3,,,15.9581,3.8079,2.937,0.0,,1006671464.0,1006671464.0,563267969.0,3563616983.0,3563616983.0,环境保护,环保,环境治理,综合环境治理,3.97,3.25,0.0
2023-03-28,8.09,8.12,7.91,8.0,8.07,-0.0700000000000002,-0.87,8523068.0,29878693.0,2.28,0.008467,0.0151309999999999,1.02,,,15.8228,3.7757,2.9121,0.0,,1006671464.0,1006671464.0,563267969.0,3533416839.0,3533416839.0,环境保护,环保,环境治理,综合环境治理,3.89,3.19,0.0
2023-03-29,7.96,8.0,7.84,7.96,8.0,-0.04,-0.5,11638580.0,40419672.0,2.28,0.0115609999999999,0.020663,1.41,,,15.7327,3.7542,2.8955,0.0,,1006671464.0,1006671464.0,563267969.0,3513283409.0,3513283409.0,环境保护,环保,环境治理,综合环境治理,3.86,3.16,0.0
2023-03-30,8.03,8.07,7.87,7.89,7.96,-0.0700000000000002,-0.88,6801100.0,23624330.0,2.28,0.006756,0.012074,0.73,,,15.5974,3.7219,2.8706,0.0,,1006671464.0,1006671464.0,563267969.0,3483083265.0000005,3483083265.0000005,环境保护,环保,环境治理,综合环境治理,3.84,3.14,0.0
2023-03-31,7.98,8.07,7.89,8.05,7.89,0.160000000000001,2.03,6487300.0,22769978.0,2.28,0.006444,0.011517,0.68,,,15.913,3.7972,2.9287,0.0,,1006671464.0,1006671464.0,563267969.0,3553550268.0,3553550268.0,环境保护,环保,环境治理,综合环境治理,3.81,3.11,0.0
2023-04-03,8.05,8.12,7.96,8.09,8.05,0.0399999999999991,0.5,6866045.0,24181375.0,2.28,0.006821,0.01219,0.76,,,16.0031,3.8187,2.9453,0.0,,1006671464.0,1006671464.0,563267969.0,3573683697.0,3573683697.0,环境保护,环保,环境治理,综合环境治理,3.88,3.18,0.0
2023-04-04,8.07,8.12,7.96,8.03,8.09,-0.0600000000000005,-0.74,9397700.0,33008294.0,2.28,0.009335,0.016684,1.17,,,15.8679,3.7864,2.9204,0.0,,1006671464.0,1006671464.0,563267969.0,3543483553.0,3543483553.0,环境保护,环保,环境治理,综合环境治理,3.91,3.2,0.0
2023-04-06,8.03,8.03,7.91,7.93,8.03,-0.0999999999999996,-1.25,6162514.0,21492211.0,2.28,0.006122,0.010941,0.75,,,15.6876,3.7434,2.8872,0.0,,1006671464.0,1006671464.0,563267969.0,3503216695.0,3503216695.0,环境保护,环保,环境治理,综合环境治理,3.87,3.17,0.0
2023-04-07,7.91,8.14,7.87,8.12,7.93,0.1899999999999995,2.4,8315914.999999999,29315488.0,2.28,0.008261,0.014764,1.16,,,16.0482,3.8294,2.9536,0.0,,1006671464.0,1006671464.0,563267969.0,3583750412.0,3583750412.0,环境保护,环保,环境治理,综合环境治理,3.83,3.13,0.0
2023-04-10,8.12,8.12,7.91,7.91,8.12,-0.209999999999999,-2.59,9676161.0,33889486.0,2.28,0.009612,0.017179,1.3,,,15.6425,3.7326,2.8789,0.0,,1006671464.0,1006671464.0,563267969.0,3493149980.0,3493149980.0,环境保护,环保,环境治理,综合环境治理,3.92,3.2,0.0
2023-04-11,7.91,7.98,7.77,7.84,7.91,-0.0700000000000002,-0.88,7782200.0,26775100.0,2.28,0.007731,0.013816,0.96,,,15.5073,3.7004,2.854,0.0,,1006671464.0,1006671464.0,563267969.0,3462949836.0,3462949836.0,环境保护,环保,环境治理,综合环境治理,3.82,3.12,0.0
2023-04-12,7.84,7.91,7.82,7.84,7.84,0.0,0.0,5099692.0,17569907.0,2.28,0.005066,0.009054,0.62,,,15.5073,3.7004,2.854,0.0,,1006671464.0,1006671464.0,563267969.0,3462949836.0,3462949836.0,环境保护,环保,环境治理,综合环境治理,3.78,3.1,0.0
2023-04-13,7.84,7.96,7.8,7.93,7.84,0.0899999999999998,1.15,6158000.0,21306894.0,2.28,0.006117,0.010933,0.83,,,15.6876,3.7434,2.8872,0.0,,1006671464.0,1006671464.0,563267969.0,3503216695.0,3503216695.0,环境保护,环保,环境治理,综合环境治理,3.78,3.1,0.0
2023-04-14,7.93,7.98,7.89,7.96,7.93,0.0300000000000002,0.38,4628100.0,16132985.0,2.28,0.004597,0.008217,0.62,,,15.7327,3.7542,2.8955,0.0,,1006671464.0,1006671464.0,563267969.0,3513283409.0,3513283409.0,环境保护,环保,环境治理,综合环境治理,3.83,3.13,0.0
2023-04-17,7.93,8.03,7.93,7.98,7.96,0.0200000000000004,0.25,4633414.0,16211976.0,2.28,0.0046029999999999,0.008226,0.69,,,15.7777,3.7649,2.9038,0.0,,1006671464.0,1006671464.0,563267969.0,3523350124.0,3523350124.0,环境保护,环保,环境治理,综合环境治理,3.84,3.14,0.0
2023-04-18,8.03,8.03,7.77,7.77,7.98,-0.2100000000000008,-2.63,8494700.0,29218450.0,2.28,0.008438,0.015081,1.5,,,15.372,3.6681,2.8292,0.0,,1006671464.0,1006671464.0,563267969.0,3432749692.0,3432749692.0,环境保护,环保,环境治理,综合环境治理,3.85,3.15,0.0
2023-04-19,7.8,7.87,7.77,7.8,7.77,0.0300000000000002,0.39,5233100.0,17929057.0,2.28,0.005198,0.009291,0.9,,,15.4171,3.6789,2.8375,0.0,,1006671464.0,1006671464.0,563267969.0,3442816407.0,3442816407.0,环境保护,环保,环境治理,综合环境治理,3.75,3.07,0.0
2023-04-20,7.77,7.77,7.59,7.73,7.8,-0.0699999999999994,-0.9,9259254.0,31186462.0,2.28,0.009198,0.0164379999999999,1.59,,,15.2819,3.6466,2.8126,0.0,,1006671464.0,1006671464.0,563267969.0,3412616263.0,3412616263.0,环境保护,环保,环境治理,综合环境治理,3.76,3.08,0.0
2023-04-21,7.73,7.73,7.5,7.55,7.73,-0.1800000000000006,-2.33,7607700.0,25370624.0,2.28,0.007557,0.013506,1.18,,,14.9212,3.5605,2.7462,0.0,,1006671464.0,1006671464.0,563267969.0,3332082546.0,3332082546.0,环境保护,环保,环境治理,综合环境治理,3.73,3.05,0.0
2023-04-24,7.52,7.71,7.39,7.62,7.55,0.0700000000000002,0.93,7403153.0,24533229.0,2.28,0.007354,0.013143,1.05,,,15.0565,3.5928,2.7711,0.0,,1006671464.0,1006671464.0,563267969.0,3362282689.9999995,3362282689.9999995,环境保护,环保,环境治理,综合环境治理,3.64,2.98,0.0
2023-04-25,7.62,7.62,7.3,7.41,7.62,-0.2099999999999999,-2.76,8656300.0,28144646.0,2.28,0.008599,0.015368,1.14,,,14.6508,3.496,2.6964,0.0,,1006671464.0,1006671464.0,563267969.0,3271682258.0,3271682258.0,环境保护,环保,环境治理,综合环境治理,3.67,3.01,0.0
2023-04-26,7.41,7.62,7.34,7.55,7.41,0.1399999999999996,1.89,6078200.0,20017800.0,2.28,0.006038,0.010791,0.8,,,14.9212,3.5605,2.7462,0.0,,1006671464.0,1006671464.0,563267969.0,3332082546.0,3332082546.0,环境保护,环保,环境治理,综合环境治理,3.58,2.93,0.0
2023-04-27,7.55,7.66,7.5,7.64,7.55,0.0899999999999998,1.19,5229947.0,17429943.0,2.28,0.005195,0.009285,0.67,,,15.1016,3.6036,2.7794,0.0,,1006671464.0,1006671464.0,563267969.0,3372349404.0,3372349404.0,环境保护,环保,环境治理,综合环境治理,3.64,2.98,0.0
2023-04-28,7.64,7.64,7.5,7.59,7.64,-0.0499999999999998,-0.65,8856004.0,29388630.0,2.28,0.008797,0.015723,1.27,,,15.0114,3.582,2.7628,0.0,,1006671464.0,1006671464.0,563267969.0,3352215974.9999995,3352215974.9999995,环境保护,环保,环境治理,综合环境治理,3.69,3.02,0.0
2023-05-04,7.07,7.43,7.07,7.41,7.59,-0.1799999999999997,-2.37,15357500.0,48986234.0,2.28,0.015256,0.027265,2.12,,,175.3612,2.9512,3.4167,0.0,,1006671464.0,1006671464.0,563267969.0,3271682258.0,3271682258.0,环境保护,环保,环境治理,综合环境治理,3.66,3.0,0.0
2023-05-05,7.41,7.41,7.09,7.16,7.41,-0.25,-3.37,14670640.0,46151999.0,2.28,0.014573,0.026046,1.66,,,169.4259,2.8513,3.301,0.0,,1006671464.0,1006671464.0,563267969.0,3160948397.0,3160948397.0,环境保护,环保,环境治理,综合环境治理,3.58,2.93,0.0
2023-05-08,7.14,7.3,7.11,7.16,7.16,0.0,0.0,8051702.0,25338467.0,2.28,0.007998,0.014295,0.8,,,169.4259,2.8513,3.301,0.0,,1006671464.0,1006671464.0,563267969.0,3160948397.0,3160948397.0,环境保护,环保,环境治理,综合环境治理,3.45,2.83,0.0
2023-05-09,7.14,7.23,6.98,7.05,7.16,-0.1100000000000003,-1.54,14090801.999999998,43713183.0,2.28,0.0139969999999999,0.0250159999999999,1.35,,,166.728,2.8059,3.2484,0.0,,1006671464.0,1006671464.0,563267969.0,3110614824.0,3110614824.0,环境保护,环保,环境治理,综合环境治理,3.45,2.83,0.0
2023-05-10,7.02,7.09,6.98,7.05,7.05,0.0,0.0,8397052.0,25874584.0,2.28,0.008341,0.014908,0.69,,,166.728,2.8059,3.2484,0.0,,1006671464.0,1006671464.0,563267969.0,3110614824.0,3110614824.0,环境保护,环保,环境治理,综合环境治理,3.4,2.78,0.0
2023-05-11,7.02,7.2,7.0,7.14,7.05,0.0899999999999998,1.28,8327100.0,25944550.0,2.28,0.008272,0.0147839999999999,0.69,,,168.8863,2.8422,3.2905,0.0,,1006671464.0,1006671464.0,563267969.0,3150881682.0,3150881682.0,环境保护,环保,环境治理,综合环境治理,3.4,2.78,0.0
2023-05-12,7.11,7.16,7.02,7.02,7.14,-0.1200000000000001,-1.68,5342300.0,16586267.0,2.28,0.0053069999999999,0.009484,0.5,,,166.1884,2.7968,3.2379,0.0,,1006671464.0,1006671464.0,563267969.0,3100548109.0,3100548109.0,环境保护,环保,环境治理,综合环境治理,3.44,2.82,0.0
2023-05-15,7.07,7.09,6.95,7.05,7.02,0.0300000000000002,0.43,5399095.0,16627634.999999998,2.28,0.005363,0.009585,0.61,,,166.728,2.8059,3.2484,0.0,,1006671464.0,1006671464.0,563267969.0,3110614824.0,3110614824.0,环境保护,环保,环境治理,综合环境治理,3.39,2.77,0.0
2023-05-16,7.07,7.09,6.98,7.05,7.05,0.0,0.0,4867730.0,15029881.0,2.28,0.004835,0.008642,0.59,,,166.728,2.8059,3.2484,0.0,,1006671464.0,1006671464.0,563267969.0,3110614824.0,3110614824.0,环境保护,环保,环境治理,综合环境治理,3.4,2.78,0.0
2023-05-17,7.05,7.2,6.98,7.18,7.05,0.1299999999999999,1.84,6680800.0,20833995.0,2.28,0.006637,0.011861,1.03,,,169.9655,2.8604,3.3115,0.0,,1006671464.0,1006671464.0,563267969.0,3171015112.0,3171015112.0,环境保护,环保,环境治理,综合环境治理,3.4,2.78,0.0
2023-05-18,7.18,7.2,7.11,7.18,7.18,0.0,0.0,5255400.0,16525070.0,2.28,0.005221,0.00933,0.86,,,169.9655,2.8604,3.3115,0.0,,1006671464.0,1006671464.0,563267969.0,3171015112.0,3171015112.0,环境保护,环保,环境治理,综合环境治理,3.47,2.84,0.0
2023-05-19,7.2,7.2,7.02,7.02,7.18,-0.1600000000000001,-2.23,6055046.0,18780201.0,2.28,0.006015,0.01075,1.1,,,166.1884,2.7968,3.2379,0.0,,1006671464.0,1006671464.0,563267969.0,3100548109.0,3100548109.0,环境保护,环保,环境治理,综合环境治理,3.47,2.84,0.0
2023-05-22,7.07,7.11,7.02,7.09,7.02,0.0700000000000002,1.0,4328992.0,13440104.0,2.28,0.0043,0.007685,0.77,,,167.8072,2.8241,3.2695,0.0,,1006671464.0,1006671464.0,563267969.0,3130748253.0000005,3130748253.0000005,环境保护,环保,环境治理,综合环境治理,3.39,2.77,0.0
2023-05-23,7.23,7.8,7.18,7.8,7.09,0.71,10.01,32449557.0,107692003.0,2.28,0.032235,0.057609,5.97,,,184.5339,3.1056,3.5954,0.0,,1006671464.0,1006671464.0,563267969.0,3442816407.0,3442816407.0,环境保护,环保,环境治理,综合环境治理,3.42,2.8,0.0
2023-05-24,7.8,7.89,7.62,7.73,7.8,-0.0699999999999994,-0.9,37981447.0,129202293.0,2.28,0.03773,0.067431,3.47,,,182.9152,3.0783,3.5638,0.0,,1006671464.0,1006671464.0,563267969.0,3412616263.0,3412616263.0,环境保护,环保,环境治理,综合环境治理,3.76,3.08,0.0
2023-05-25,7.71,7.8,7.52,7.68,7.73,-0.0500000000000007,-0.65,20064368.0,67314237.0,2.28,0.019931,0.035621,1.17,,,181.8361,3.0602,3.5428,0.0,,1006671464.0,1006671464.0,563267969.0,3392482834.0,3392482834.0,环境保护,环保,环境治理,综合环境治理,3.73,3.05,0.0
2023-05-26,7.71,7.91,7.62,7.68,7.68,0.0,0.0,22106852.0,75079621.0,2.28,0.02196,0.039247,1.1,,,181.8361,3.0602,3.5428,0.0,,1006671464.0,1006671464.0,563267969.0,3392482834.0,3392482834.0,环境保护,环保,环境治理,综合环境治理,3.71,3.03,0.0
2023-05-29,7.71,7.75,7.5,7.52,7.68,-0.1600000000000001,-2.08,12165600.0,40461379.0,2.28,0.0120849999999999,0.021598,0.52,,,178.059,2.9966,3.4692,0.0,,1006671464.0,1006671464.0,563267969.0,3322015831.0,3322015831.0,环境保护,环保,环境治理,综合环境治理,3.71,3.03,0.0
2023-05-30,7.57,7.66,7.46,7.66,7.52,0.1400000000000005,1.86,9305061.0,30855219.0,2.28,0.009243,0.01652,0.37,,,181.2965,3.0511,3.5323,0.0,,1006671464.0,1006671464.0,563267969.0,3382416119.0,3382416119.0,环境保护,环保,环境治理,综合环境治理,3.63,2.97,0.0
2023-05-31,7.62,7.66,7.46,7.46,7.66,-0.2000000000000001,-2.61,7296800.0,24016738.0,2.28,0.007248,0.012954,0.36,,,176.4403,2.9694,3.4377,0.0,,1006671464.0,1006671464.0,563267969.0,3291815687.0,3291815687.0,环境保护,环保,环境治理,综合环境治理,3.7,3.02,0.0
2023-06-01,7.43,7.43,7.32,7.34,7.46,-0.1200000000000001,-1.61,6426300.0,20745308.0,2.28,0.006384,0.011409,0.45,,,173.7425,2.924,3.3851,0.0,,1006671464.0,1006671464.0,563267969.0,3241482113.9999995,3241482113.9999995,环境保护,环保,环境治理,综合环境治理,3.6,2.94,0.0
2023-06-02,7.34,7.46,7.34,7.43,7.34,0.0899999999999998,1.23,4947233.0,16073593.0,2.28,0.004914,0.008783,0.43,,,175.9008,2.9603,3.4272,0.0,,1006671464.0,1006671464.0,563267969.0,3281748973.0,3281748973.0,环境保护,环保,环境治理,综合环境治理,3.54,2.9,0.0
2023-06-05,7.46,7.52,7.39,7.43,7.43,0.0,0.0,3785400.0,12339901.0,2.28,0.00376,0.00672,0.47,,,175.9008,2.9603,3.4272,0.0,,1006671464.0,1006671464.0,563267969.0,3281748973.0,3281748973.0,环境保护,环保,环境治理,综合环境治理,3.59,2.93,0.0
2023-06-06,7.48,7.48,7.16,7.2,7.43,-0.2299999999999995,-3.1,8754348.0,27878245.0,2.28,0.008696,0.015542,1.38,,,170.505,2.8695,3.322,0.0,,1006671464.0,1006671464.0,563267969.0,3181081826.0,3181081826.0,环境保护,环保,环境治理,综合环境治理,3.59,2.93,0.0
2023-06-07,7.2,7.59,7.16,7.36,7.2,0.1600000000000001,2.22,12323787.0,39861284.0,2.28,0.012242,0.021879,1.97,,,174.282,2.933,3.3956,0.0,,1006671464.0,1006671464.0,563267969.0,3251548829.0000005,3251548829.0000005,环境保护,环保,环境治理,综合环境治理,3.48,2.84,0.0
2023-06-08,7.43,7.43,7.25,7.34,7.36,-0.0200000000000004,-0.27,6511524.0,20940052.0,2.28,0.006468,0.0115599999999999,0.9,,,173.7425,2.924,3.3851,0.0,,1006671464.0,1006671464.0,563267969.0,3241482113.9999995,3241482113.9999995,环境保护,环保,环境治理,综合环境治理,3.55,2.91,0.0
2023-06-09,7.34,7.41,7.25,7.27,7.34,-0.0700000000000002,-0.95,4585301.0,14687682.0,2.28,0.004555,0.008141,0.63,,,172.1237,2.8967,3.3536,0.0,,1006671464.0,1006671464.0,563267969.0,3211281970.0,3211281970.0,环境保护,环保,环境治理,综合环境治理,3.54,2.9,0.0
2023-06-12,7.27,7.32,7.11,7.23,7.27,-0.0399999999999991,-0.55,5462701.0,17211556.0,2.28,0.0054259999999999,0.009698,0.76,,,171.0446,2.8786,3.3325,0.0,,1006671464.0,1006671464.0,563267969.0,3191148541.0,3191148541.0,环境保护,环保,环境治理,综合环境治理,3.51,2.87,0.0
2023-06-13,7.23,7.3,7.16,7.18,7.23,-0.0500000000000007,-0.69,4798146.0,15158313.0,2.28,0.004766,0.008518,0.64,,,169.9655,2.8604,3.3115,0.0,,1006671464.0,1006671464.0,563267969.0,3171015112.0,3171015112.0,环境保护,环保,环境治理,综合环境治理,3.49,2.85,0.0
2023-06-14,7.18,7.18,6.95,7.0,7.18,-0.1799999999999997,-2.51,10092300.0,31049388.0,2.28,0.010025,0.017917,1.5,,,165.6489,2.7878,3.2274,0.0,,1006671464.0,1006671464.0,563267969.0,3090481394.0,3090481394.0,环境保护,环保,环境治理,综合环境治理,3.47,2.84,0.0
2023-06-15,7.02,7.02,6.57,6.77,7.0,-0.2300000000000004,-3.29,17639461.0,52055420.0,2.28,0.017523,0.031316,2.8,,,160.2531,2.697,3.1223,0.0,,1006671464.0,1006671464.0,563267969.0,2989814248.0,2989814248.0,环境保护,环保,环境治理,综合环境治理,3.38,2.76,0.0
2023-06-16,6.77,6.93,6.68,6.82,6.77,0.0500000000000007,0.74,10771019.0,32160399.0,2.28,0.0107,0.019122,1.26,,,161.3323,2.7151,3.1433,0.0,,1006671464.0,1006671464.0,563267969.0,3009947677.0000005,3009947677.0000005,环境保护,环保,环境治理,综合环境治理,3.27,2.67,0.0
2023-06-19,6.77,6.77,6.66,6.7,6.82,-0.1200000000000001,-1.76,5331728.0,15673069.0,2.28,0.0052959999999999,0.009466,0.55,,,158.6344,2.6697,3.0908,0.0,,1006671464.0,1006671464.0,563267969.0,2959614104.0,2959614104.0,环境保护,环保,环境治理,综合环境治理,3.29,2.69,0.0
2023-06-20,6.7,6.73,6.57,6.57,6.7,-0.1299999999999999,-1.94,6754800.0,19545535.0,2.28,0.00671,0.011992,0.69,,,155.397,2.6152,3.0277,0.0,,1006671464.0,1006671464.0,563267969.0,2899213816.0,2899213816.0,环境保护,环保,环境治理,综合环境治理,3.23,2.65,0.0
2023-06-21,6.61,6.68,6.5,6.52,6.57,-0.0500000000000007,-0.76,4849600.0,13942013.0,2.28,0.004817,0.00861,0.48,,,154.3178,2.5971,3.0067,0.0,,1006671464.0,1006671464.0,563267969.0,2879080386.9999995,2879080386.9999995,环境保护,环保,环境治理,综合环境治理,3.17,2.59,0.0
2023-06-26,6.5,6.61,6.41,6.5,6.52,-0.0199999999999995,-0.31,5548900.0,15797860.0,2.28,0.005512,0.009851,0.61,,,153.7783,2.588,2.9961,0.0,,1006671464.0,1006671464.0,563267969.0,2869013672.0,2869013672.0,环境保护,环保,环境治理,综合环境治理,3.15,2.57,0.0
2023-06-27,6.59,6.7,6.5,6.7,6.5,0.2000000000000001,3.08,6394346.0,18633259.0,2.28,0.006352,0.011352,0.96,,,158.6344,2.6697,3.0908,0.0,,1006671464.0,1006671464.0,563267969.0,2959614104.0,2959614104.0,环境保护,环保,环境治理,综合环境治理,3.14,2.57,0.0
2023-06-28,6.73,6.73,6.5,6.61,6.7,-0.0899999999999998,-1.34,3696300.0,10681890.0,2.28,0.003672,0.006562,0.64,,,156.4761,2.6334,3.0487,0.0,,1006671464.0,1006671464.0,563267969.0,2919347246.0,2919347246.0,环境保护,环保,环境治理,综合环境治理,3.23,2.65,0.0
2023-06-29,6.63,6.66,6.59,6.63,6.61,0.0199999999999995,0.3,2671600.0,7778688.0,2.28,0.002654,0.004743,0.49,,,157.0157,2.6425,3.0592,0.0,,1006671464.0,1006671464.0,563267969.0,2929413960.0,2929413960.0,环境保护,环保,环境治理,综合环境治理,3.19,2.61,0.0
2023-06-30,6.66,6.91,6.66,6.82,6.63,0.1900000000000004,2.87,7335314.999999999,21860613.0,2.28,0.007287,0.013023,1.58,,,161.3323,2.7151,3.1433,0.0,,1006671464.0,1006671464.0,563267969.0,3009947677.0000005,3009947677.0000005,环境保护,环保,环境治理,综合环境治理,3.2,2.62,0.0
2023-07-03,6.79,6.93,6.77,6.91,6.82,0.0899999999999998,1.32,5883857.0,17765494.0,2.28,0.005845,0.010446,1.15,,,163.4906,2.7514,3.1854,0.0,,1006671464.0,1006671464.0,563267969.0,3050214536.0,3050214536.0,环境保护,环保,环境治理,综合环境治理,3.29,2.69,0.0
2023-07-04,6.93,6.95,6.86,6.95,6.91,0.04,0.58,4728938.0,14353410.0,2.28,0.004698,0.008396,0.91,,,164.5697,2.7696,3.2064,0.0,,1006671464.0,1006671464.0,563267969.0,3070347965.0,3070347965.0,环境保护,环保,环境治理,综合环境治理,3.33,2.73,0.0
2023-07-05,6.93,7.14,6.89,7.02,6.95,0.0699999999999994,1.01,7715600.0,23729830.0,2.28,0.007664,0.0136979999999999,1.59,,,166.1884,2.7968,3.2379,0.0,,1006671464.0,1006671464.0,563267969.0,3100548109.0,3100548109.0,环境保护,环保,环境治理,综合环境治理,3.36,2.75,0.0
2023-07-06,6.98,7.05,6.91,6.95,7.02,-0.0699999999999994,-1.0,4297100.0,13144642.0,2.28,0.004269,0.007629,0.76,,,164.5697,2.7696,3.2064,0.0,,1006671464.0,1006671464.0,563267969.0,3070347965.0,3070347965.0,环境保护,环保,环境治理,综合环境治理,3.39,2.77,0.0
2023-07-07,6.98,7.07,6.93,6.98,6.95,0.0300000000000002,0.43,3390150.0,10411456.0,2.28,0.003368,0.006019,0.57,,,165.1093,2.7787,3.2169,0.0,,1006671464.0,1006671464.0,563267969.0,3080414680.0,3080414680.0,环境保护,环保,环境治理,综合环境治理,3.36,2.75,0.0
2023-07-10,7.0,7.07,6.95,7.07,6.98,0.0899999999999998,1.29,3047557.0,9392194.0,2.28,0.003027,0.00541,0.59,,,167.2676,2.815,3.259,0.0,,1006671464.0,1006671464.0,563267969.0,3120681537.9999995,3120681537.9999995,环境保护,环保,环境治理,综合环境治理,3.37,2.75,0.0
2023-07-11,7.27,7.32,7.05,7.11,7.07,0.04,0.57,7030234.0,22045103.0,2.28,0.006984,0.0124809999999999,1.52,,,168.3467,2.8332,3.28,0.0,,1006671464.0,1006671464.0,563267969.0,3140814968.0,3140814968.0,环境保护,环保,环境治理,综合环境治理,3.41,2.79,0.0
2023-07-12,7.14,7.18,7.02,7.02,7.11,-0.0900000000000007,-1.27,4861500.0,15095035.0,2.28,0.004829,0.008631,0.95,,,166.1884,2.7968,3.2379,0.0,,1006671464.0,1006671464.0,563267969.0,3100548109.0,3100548109.0,环境保护,环保,环境治理,综合环境治理,3.43,2.81,0.0
2023-07-13,7.02,7.34,7.02,7.23,7.02,0.2100000000000008,2.99,10421800.0,32923281.000000004,2.28,0.010353,0.018502,2.3,,,171.0446,2.8786,3.3325,0.0,,1006671464.0,1006671464.0,563267969.0,3191148541.0,3191148541.0,环境保护,环保,环境治理,综合环境治理,3.39,2.77,0.0
2023-07-14,7.3,7.5,7.18,7.43,7.23,0.1999999999999993,2.77,12552433.0,40723431.0,2.28,0.012469,0.022285,2.18,,,175.9008,2.9603,3.4272,0.0,,1006671464.0,1006671464.0,563267969.0,3281748973.0,3281748973.0,环境保护,环保,环境治理,综合环境治理,3.49,2.85,0.0
2023-07-17,7.87,8.16,7.64,7.91,7.43,0.4800000000000004,6.46,38789423.0,134542559.0,2.28,0.038532,0.068865,5.12,,,187.2318,3.151,3.6479,0.0,,1006671464.0,1006671464.0,563267969.0,3493149980.0,3493149980.0,环境保护,环保,环境治理,综合环境治理,3.59,2.93,0.0
2023-07-18,7.87,8.03,7.71,8.0,7.91,0.0899999999999998,1.14,25157468.0,87048097.0,2.28,0.024991,0.044663,1.71,,,189.3901,3.1873,3.69,0.0,,1006671464.0,1006671464.0,563267969.0,3533416839.0,3533416839.0,环境保护,环保,环境治理,综合环境治理,3.82,3.12,0.0
2023-07-19,7.93,8.05,7.89,8.03,8.0,0.0299999999999993,0.37,10535611.0,36874878.0,2.28,0.010466,0.018704,0.57,,,189.9296,3.1964,3.7005,0.0,,1006671464.0,1006671464.0,563267969.0,3543483553.0,3543483553.0,环境保护,环保,环境治理,综合环境治理,3.86,3.16,0.0
2023-07-20,8.03,8.25,7.89,7.91,8.03,-0.1199999999999992,-1.49,12556914.0,44092326.0,2.28,0.012474,0.0222929999999999,0.64,,,187.2318,3.151,3.6479,0.0,,1006671464.0,1006671464.0,563267969.0,3493149980.0,3493149980.0,环境保护,环保,环境治理,综合环境治理,3.87,3.17,0.0
2023-07-21,7.82,8.05,7.82,7.96,7.91,0.0499999999999998,0.63,8861900.0,30872800.0,2.28,0.008803,0.015733,0.44,,,188.3109,3.1691,3.669,0.0,,1006671464.0,1006671464.0,563267969.0,3513283409.0,3513283409.0,环境保护,环保,环境治理,综合环境治理,3.82,3.12,0.0
2023-07-24,7.91,8.09,7.91,8.07,7.96,0.1100000000000003,1.38,8602800.0,30216635.0,2.28,0.008546,0.015273,0.45,,,191.0088,3.2145,3.7215,0.0,,1006671464.0,1006671464.0,563267969.0,3563616983.0,3563616983.0,环境保护,环保,环境治理,综合环境治理,3.84,3.14,0.0
2023-07-25,8.07,8.19,8.0,8.14,8.07,0.0700000000000002,0.87,9058167.0,32133154.0,2.28,0.008998,0.016081,0.69,,,192.6275,3.2418,3.7531,0.0,,1006671464.0,1006671464.0,563267969.0,3593817126.0000005,3593817126.0000005,环境保护,环保,环境治理,综合环境治理,3.89,3.19,0.0
2023-07-26,8.14,8.3,8.03,8.28,8.14,0.1399999999999988,1.72,8975900.0,32410636.0,2.28,0.008916,0.0159349999999999,0.9,,,195.8649,3.2963,3.8161,0.0,,1006671464.0,1006671464.0,563267969.0,3654217414.0,3654217414.0,环境保护,环保,环境治理,综合环境治理,3.93,3.21,0.0
2023-07-27,8.28,8.39,8.12,8.16,8.28,-0.1199999999999992,-1.45,10743400.0,38959943.0,2.28,0.010672,0.019073,1.12,,,193.1671,3.2509,3.7636,0.0,,1006671464.0,1006671464.0,563267969.0,3603883841.000001,3603883841.000001,环境保护,环保,环境治理,综合环境治理,3.99,3.27,0.0
2023-07-28,8.21,8.23,8.07,8.12,8.16,-0.0400000000000009,-0.49,10190600.0,36282400.0,2.28,0.010123,0.018092,1.1,,,192.0879,3.2327,3.7425,0.0,,1006671464.0,1006671464.0,563267969.0,3583750412.0,3583750412.0,环境保护,环保,环境治理,综合环境治理,3.94,3.22,0.0
2023-07-31,8.12,8.19,8.05,8.16,8.12,0.0400000000000009,0.49,9930746.0,35391311.0,2.28,0.009865,0.0176309999999999,1.04,,,193.1671,3.2509,3.7636,0.0,,1006671464.0,1006671464.0,563267969.0,3603883841.000001,3603883841.000001,环境保护,环保,环境治理,综合环境治理,3.92,3.2,0.0
2023-08-01,8.16,8.3,8.09,8.25,8.16,0.0899999999999998,1.1,8162114.0,29416447.0,2.28,0.0081079999999999,0.014491,0.83,,,195.3254,3.2872,3.8056,0.0,,1006671464.0,1006671464.0,563267969.0,3644150700.0,3644150700.0,环境保护,环保,环境治理,综合环境治理,3.94,3.22,0.0
2023-08-02,8.23,8.46,8.21,8.28,8.25,0.0299999999999993,0.36,12773400.0,46640694.0,2.28,0.0126889999999999,0.022677,1.33,,,195.8649,3.2963,3.8161,0.0,,1006671464.0,1006671464.0,563267969.0,3654217414.0,3654217414.0,环境保护,环保,环境治理,综合环境治理,3.98,3.26,0.0
2023-08-03,8.28,8.34,8.16,8.19,8.28,-0.0899999999999998,-1.09,6495800.0,23383516.0,2.28,0.0064529999999999,0.011532,0.63,,,193.7067,3.26,3.7741,0.0,,1006671464.0,1006671464.0,563267969.0,3613950556.0,3613950556.0,环境保护,环保,环境治理,综合环境治理,3.99,3.27,0.0
2023-08-04,8.23,8.32,8.19,8.23,8.19,0.0400000000000009,0.49,6547753.0,23707747.0,2.28,0.0065039999999999,0.011625,0.69,,,194.7858,3.2781,3.7951,0.0,,1006671464.0,1006671464.0,563267969.0,3634083985.0,3634083985.0,环境保护,环保,环境治理,综合环境治理,3.95,3.23,0.0
2023-08-07,8.28,8.44,8.16,8.37,8.23,0.1399999999999988,1.7,14538753.0,53150060.0,2.28,0.014442,0.025811,1.66,,,198.0232,3.3326,3.8582,0.0,,1006671464.0,1006671464.0,563267969.0,3694484273.0,3694484273.0,环境保护,环保,环境治理,综合环境治理,3.97,3.25,0.0
2023-08-08,8.73,8.94,8.21,8.28,8.37,-0.0899999999999998,-1.08,24520186.0,91560802.0,2.28,0.024358,0.043532,2.53,,,195.8649,3.2963,3.8161,0.0,,1006671464.0,1006671464.0,563267969.0,3654217414.0,3654217414.0,环境保护,环保,环境治理,综合环境治理,4.04,3.3,0.0
2023-08-09,8.19,8.37,8.05,8.23,8.28,-0.0499999999999989,-0.6,12817400.0,46382005.0,2.28,0.012732,0.022755,0.99,,,194.7858,3.2781,3.7951,0.0,,1006671464.0,1006671464.0,563267969.0,3634083985.0,3634083985.0,环境保护,环保,环境治理,综合环境治理,3.99,3.27,0.0
2023-08-10,8.25,8.37,8.19,8.23,8.23,0.0,0.0,5731385.0,20820691.0,2.28,0.005693,0.010175,0.44,,,194.7858,3.2781,3.7951,0.0,,1006671464.0,1006671464.0,563267969.0,3634083985.0,3634083985.0,环境保护,环保,环境治理,综合环境治理,3.97,3.25,0.0
2023-08-11,8.23,8.53,8.23,8.32,8.23,0.0899999999999998,1.09,14300700.0,52406522.0,2.28,0.014206,0.025389,1.11,,,196.9441,3.3144,3.8372,0.0,,1006671464.0,1006671464.0,563267969.0,3674350844.0,3674350844.0,环境保护,环保,环境治理,综合环境治理,3.97,3.25,0.0
2023-08-14,8.32,8.32,8.05,8.3,8.32,-0.0199999999999995,-0.24,15737300.0,56421367.0,2.28,0.0156329999999999,0.027939,1.09,,,196.4045,3.3054,3.8266,0.0,,1006671464.0,1006671464.0,563267969.0,3664284129.0,3664284129.0,环境保护,环保,环境治理,综合环境治理,4.02,3.29,0.0
2023-08-15,8.28,8.34,8.19,8.23,8.3,-0.0700000000000002,-0.84,6957500.0,25188524.0,2.28,0.006911,0.012352,0.48,,,194.7858,3.2781,3.7951,0.0,,1006671464.0,1006671464.0,563267969.0,3634083985.0,3634083985.0,环境保护,环保,环境治理,综合环境治理,4.0,3.28,0.0
2023-08-16,8.23,8.39,8.19,8.3,8.23,0.0700000000000002,0.85,8593800.0,31299409.0,2.28,0.008537,0.015257,0.77,,,196.4045,3.3054,3.8266,0.0,,1006671464.0,1006671464.0,563267969.0,3664284129.0,3664284129.0,环境保护,环保,环境治理,综合环境治理,3.97,3.25,0.0
2023-08-17,8.28,8.39,8.12,8.34,8.3,0.0399999999999991,0.48,10282102.0,37185775.0,2.28,0.010214,0.018254,1.0,,,197.4837,3.3235,3.8477,0.0,,1006671464.0,1006671464.0,563267969.0,3684417558.0,3684417558.0,环境保护,环保,环境治理,综合环境治理,4.0,3.28,0.0
2023-08-18,8.34,8.66,8.28,8.57,8.34,0.2300000000000004,2.76,24166902.0,90679424.0,2.28,0.024007,0.042905,2.16,,,202.8794,3.4143,3.9528,0.0,,1006671464.0,1006671464.0,563267969.0,3785084705.0,3785084705.0,环境保护,环保,环境治理,综合环境治理,4.03,3.29,0.0
2023-08-21,8.6,8.8,8.46,8.64,8.57,0.0700000000000002,0.82,19067200.0,72146020.0,2.28,0.018941,0.033851,1.45,,,204.4981,3.4416,3.9843,0.0,,1006671464.0,1006671464.0,563267969.0,3815284849.0,3815284849.0,环境保护,环保,环境治理,综合环境治理,4.14,3.38,0.0
2023-08-22,8.57,8.71,8.46,8.62,8.64,-0.0200000000000013,-0.23,17609001.0,66034504.0,2.28,0.017492,0.031262,1.27,,,203.9585,3.4325,3.9738,0.0,,1006671464.0,1006671464.0,563267969.0,3805218134.0,3805218134.0,环境保护,环保,环境治理,综合环境治理,4.17,3.41,0.0
2023-08-23,8.64,8.66,8.44,8.5,8.62,-0.1199999999999992,-1.39,12670200.0,47409787.0,2.28,0.012586,0.022494,0.79,,,201.2607,3.3871,3.9213,0.0,,1006671464.0,1006671464.0,563267969.0,3754884561.0,3754884561.0,环境保护,环保,环境治理,综合环境治理,4.16,3.4,0.0
2023-08-24,8.39,8.48,8.07,8.37,8.5,-0.1300000000000007,-1.53,20942828.0,75948773.0,2.28,0.020804,0.037181,1.25,,15.7957,7.8449,3.3326,3.9517,0.0,,1006671464.0,1006671464.0,563267969.0,3694484273.0,3694484273.0,环境保护,环保,环境治理,综合环境治理,4.1,3.36,0.0
2023-08-25,8.21,8.5,8.16,8.28,8.37,-0.0899999999999998,-1.08,14108991.0,51647358.0,2.28,0.014015,0.025048,0.75,,15.6235,7.7594,3.2963,3.9086,0.0,,1006671464.0,1006671464.0,563267969.0,3654217414.0,3654217414.0,环境保护,环保,环境治理,综合环境治理,4.04,3.3,0.0
2023-08-28,8.55,8.66,8.39,8.41,8.28,0.1300000000000007,1.57,28277362.0,106139077.0,2.28,0.02809,0.050202,1.68,,15.8818,7.8876,3.3508,3.9732,0.0,,1006671464.0,1006671464.0,563267969.0,3714617702.000001,3714617702.000001,环境保护,环保,环境治理,综合环境治理,3.99,3.27,0.0
2023-08-29,8.37,8.64,8.34,8.62,8.41,0.209999999999999,2.5,17573762.0,65750562.00000001,2.28,0.017457,0.0312,0.94,,16.2691,8.08,3.4325,4.0702,0.0,,1006671464.0,1006671464.0,563267969.0,3805218134.0,3805218134.0,环境保护,环保,环境治理,综合环境治理,4.06,3.32,0.0
2023-08-30,8.62,8.71,8.37,8.44,8.62,-0.1799999999999997,-2.09,16812140.0,62491460.0,2.28,0.016701,0.029847,0.9,,15.9248,7.909,3.3598,3.984,0.0,,1006671464.0,1006671464.0,563267969.0,3724684417.000001,3724684417.000001,环境保护,环保,环境治理,综合环境治理,4.16,3.4,0.0
2023-08-31,8.44,8.46,8.19,8.32,8.44,-0.1199999999999992,-1.42,12239684.0,44404800.0,2.28,0.012159,0.02173,0.63,,15.7096,7.8021,3.3144,3.9302,0.0,,1006671464.0,1006671464.0,563267969.0,3674350844.0,3674350844.0,环境保护,环保,环境治理,综合环境治理,4.07,3.33,0.0
2023-09-01,8.32,8.41,8.12,8.14,8.32,-0.1799999999999997,-2.16,11782647.0,42338031.0,2.28,0.011705,0.020918,0.66,,15.3653,7.6311,3.2418,3.844,0.0,,1006671464.0,1006671464.0,563267969.0,3593817126.0000005,3593817126.0000005,环境保护,环保,环境治理,综合环境治理,4.02,3.29,0.0
2023-09-04,8.16,8.28,8.05,8.25,8.14,0.1099999999999994,1.35,10955400.0,39265436.0,2.28,0.010883,0.01945,0.63,,15.5805,7.738,3.2872,3.8979,0.0,,1006671464.0,1006671464.0,563267969.0,3644150700.0,3644150700.0,环境保护,环保,环境治理,综合环境治理,3.93,3.21,0.0
2023-09-05,8.23,8.23,8.07,8.16,8.25,-0.0899999999999998,-1.09,7347500.999999999,26199120.0,2.28,0.007299,0.013044,0.53,,15.4083,7.6525,3.2509,3.8548,0.0,,1006671464.0,1006671464.0,563267969.0,3603883841.000001,3603883841.000001,环境保护,环保,环境治理,综合环境治理,3.98,3.26,0.0
2023-09-06,8.16,8.39,8.07,8.32,8.16,0.1600000000000001,1.96,12113693.0,43935297.0,2.28,0.012033,0.0215059999999999,1.02,,15.7096,7.8021,3.3144,3.9302,0.0,,1006671464.0,1006671464.0,563267969.0,3674350844.0,3674350844.0,环境保护,环保,环境治理,综合环境治理,3.94,3.22,0.0
2023-09-07,8.3,8.3,8.05,8.05,8.32,-0.2699999999999996,-3.25,11841702.0,42195802.0,2.28,0.011763,0.021023,1.09,,15.1931,7.5456,3.2055,3.801,0.0,,1006671464.0,1006671464.0,563267969.0,3553550268.0,3553550268.0,环境保护,环保,环境治理,综合环境治理,4.02,3.29,0.0
2023-09-08,8.0,8.16,8.0,8.12,8.05,0.0699999999999985,0.87,6483848.0,23020369.0,2.28,0.006441,0.011511,0.6,,15.3223,7.6098,3.2327,3.8333,0.0,,1006671464.0,1006671464.0,563267969.0,3583750412.0,3583750412.0,环境保护,环保,环境治理,综合环境治理,3.88,3.18,0.0
2023-09-11,8.16,8.23,8.05,8.16,8.12,0.0400000000000009,0.49,8235700.0,29441878.0,2.28,0.008181,0.014621,0.84,,15.4083,7.6525,3.2509,3.8548,0.0,,1006671464.0,1006671464.0,563267969.0,3603883841.000001,3603883841.000001,环境保护,环保,环境治理,综合环境治理,3.92,3.2,0.0
2023-09-12,8.21,8.44,8.16,8.28,8.16,0.1199999999999992,1.47,17323710.0,63296880.0,2.28,0.017209,0.030756,1.88,,15.6235,7.7594,3.2963,3.9086,0.0,,1006671464.0,1006671464.0,563267969.0,3654217414.0,3654217414.0,环境保护,环保,环境治理,综合环境治理,3.94,3.22,0.0
2023-09-13,8.32,8.37,8.12,8.3,8.28,0.0200000000000013,0.24,14532100.0,52412909.0,2.28,0.014436,0.0258,1.3,,15.6666,7.7808,3.3054,3.9194,0.0,,1006671464.0,1006671464.0,563267969.0,3664284129.0,3664284129.0,环境保护,环保,环境治理,综合环境治理,3.99,3.27,0.0
2023-09-14,8.25,8.5,8.07,8.09,8.3,-0.2100000000000008,-2.53,19757100.0,71341335.0,2.28,0.0196259999999999,0.035076,1.69,,15.2792,7.5884,3.2236,3.8225,0.0,,1006671464.0,1006671464.0,563267969.0,3573683697.0,3573683697.0,环境保护,环保,环境治理,综合环境治理,4.0,3.28,0.0
2023-09-15,8.14,8.23,8.09,8.16,8.09,0.0700000000000002,0.87,11180228.0,40070929.0,2.28,0.011106,0.019849,0.84,,15.4083,7.6525,3.2509,3.8548,0.0,,1006671464.0,1006671464.0,563267969.0,3603883841.000001,3603883841.000001,环境保护,环保,环境治理,综合环境治理,3.91,3.2,0.0
2023-09-18,8.12,8.25,8.09,8.25,8.16,0.0899999999999998,1.1,9964047.0,35842445.0,2.28,0.009898,0.0176899999999999,0.7,,15.5805,7.738,3.2872,3.8979,0.0,,1006671464.0,1006671464.0,563267969.0,3644150700.0,3644150700.0,环境保护,环保,环境治理,综合环境治理,3.94,3.22,0.0
2023-09-19,8.23,8.3,8.16,8.19,8.25,-0.0600000000000005,-0.73,8678500.0,31348712.0,2.28,0.008621,0.0154069999999999,0.6,,15.4514,7.6739,3.26,3.8656,0.0,,1006671464.0,1006671464.0,563267969.0,3613950556.0,3613950556.0,环境保护,环保,环境治理,综合环境治理,3.98,3.26,0.0
2023-09-20,8.23,8.34,8.19,8.23,8.19,0.0400000000000009,0.49,8941200.0,32437092.0,2.28,0.008882,0.015874,0.7,,15.5375,7.7166,3.2781,3.8871,0.0,,1006671464.0,1006671464.0,563267969.0,3634083985.0,3634083985.0,环境保护,环保,环境治理,综合环境治理,3.95,3.23,0.0
2023-09-21,8.21,8.28,8.14,8.21,8.23,-0.0199999999999995,-0.24,7109552.0,25585816.0,2.28,0.007062,0.012622,0.61,,15.4944,7.6953,3.269,3.8763,0.0,,1006671464.0,1006671464.0,563267969.0,3624017270.0,3624017270.0,环境保护,环保,环境治理,综合环境治理,3.97,3.25,0.0
2023-09-22,8.14,8.28,8.12,8.23,8.21,0.0199999999999995,0.24,8583194.0,30822037.0,2.28,0.008526,0.015238,0.94,,15.5375,7.7166,3.2781,3.8871,0.0,,1006671464.0,1006671464.0,563267969.0,3634083985.0,3634083985.0,环境保护,环保,环境治理,综合环境治理,3.96,3.24,0.0
2023-09-25,8.25,8.34,8.25,8.3,8.23,0.0700000000000002,0.85,8115253.0,29541098.0,2.28,0.008061,0.014407,0.94,,15.6666,7.7808,3.3054,3.9194,0.0,,1006671464.0,1006671464.0,563267969.0,3664284129.0,3664284129.0,环境保护,环保,环境治理,综合环境治理,3.97,3.25,0.0
2023-09-26,8.28,8.28,8.14,8.14,8.3,-0.1600000000000001,-1.93,6170000.0,22173972.0,2.28,0.006129,0.0109539999999999,0.74,,15.3653,7.6311,3.2418,3.844,0.0,,1006671464.0,1006671464.0,563267969.0,3593817126.0000005,3593817126.0000005,环境保护,环保,环境治理,综合环境治理,4.0,3.28,0.0
2023-09-27,8.14,8.23,8.12,8.12,8.14,-0.0200000000000013,-0.25,5648460.0,20211966.0,2.28,0.005611,0.0100279999999999,0.73,,15.3223,7.6098,3.2327,3.8333,0.0,,1006671464.0,1006671464.0,563267969.0,3583750412.0,3583750412.0,环境保护,环保,环境治理,综合环境治理,3.93,3.21,0.0
2023-09-28,8.14,8.48,8.09,8.48,8.12,0.3600000000000012,4.43,17558295.0,64362931.0,2.28,0.017442,0.031172,2.46,,16.0109,7.9518,3.378,4.0055,0.0,,1006671464.0,1006671464.0,563267969.0,3744817846.0,3744817846.0,环境保护,环保,环境治理,综合环境治理,3.92,3.2,0.0
2023-10-09,8.48,8.62,8.34,8.39,8.48,-0.0899999999999998,-1.06,15179294.0,56301460.0,2.28,0.015079,0.026949,1.65,,15.8387,7.8663,3.3417,3.9625,0.0,,1006671464.0,1006671464.0,563267969.0,3704550988.0,3704550988.0,环境保护,环保,环境治理,综合环境治理,4.09,3.35,0.0
2023-10-10,8.39,8.44,8.3,8.34,8.39,-0.0500000000000007,-0.6,8369700.0,30667406.0,2.28,0.008314,0.014859,0.79,,15.7527,7.8235,3.3235,3.9409,0.0,,1006671464.0,1006671464.0,563267969.0,3684417558.0,3684417558.0,环境保护,环保,环境治理,综合环境治理,4.05,3.31,0.0
2023-10-11,8.39,8.39,8.16,8.19,8.34,-0.1500000000000003,-1.8,10964300.0,39469085.0,2.28,0.0108919999999999,0.019466,1.04,,15.4514,7.6739,3.26,3.8656,0.0,,1006671464.0,1006671464.0,563267969.0,3613950556.0,3613950556.0,环境保护,环保,环境治理,综合环境治理,4.03,3.29,0.0
2023-10-12,8.21,8.37,8.19,8.34,8.19,0.1500000000000003,1.83,8294000.999999999,30204132.0,2.28,0.008239,0.0147249999999999,0.72,,15.7527,7.8235,3.3235,3.9409,0.0,,1006671464.0,1006671464.0,563267969.0,3684417558.0,3684417558.0,环境保护,环保,环境治理,综合环境治理,3.95,3.23,0.0
2023-10-13,8.34,8.39,8.23,8.28,8.34,-0.0600000000000005,-0.72,8690900.0,31606468.0,2.28,0.008633,0.015429,0.72,,15.6235,7.7594,3.2963,3.9086,0.0,,1006671464.0,1006671464.0,563267969.0,3654217414.0,3654217414.0,环境保护,环保,环境治理,综合环境治理,4.03,3.29,0.0
2023-10-16,8.32,8.5,8.25,8.41,8.28,0.1300000000000007,1.57,14009847.0,51694077.0,2.28,0.0139169999999999,0.024872,1.36,,15.8818,7.8876,3.3508,3.9732,0.0,,1006671464.0,1006671464.0,563267969.0,3714617702.000001,3714617702.000001,环境保护,环保,环境治理,综合环境治理,3.99,3.27,0.0
2023-10-17,8.44,8.46,8.25,8.32,8.41,-0.0899999999999998,-1.07,7472900.0,27274107.0,2.28,0.007423,0.013267,0.74,,15.7096,7.8021,3.3144,3.9302,0.0,,1006671464.0,1006671464.0,563267969.0,3674350844.0,3674350844.0,环境保护,环保,环境治理,综合环境治理,4.06,3.32,0.0
2023-10-18,8.32,8.32,8.14,8.19,8.32,-0.1300000000000007,-1.56,8396800.0,30238555.0,2.28,0.008341,0.0149069999999999,0.85,,15.4514,7.6739,3.26,3.8656,0.0,,1006671464.0,1006671464.0,563267969.0,3613950556.0,3613950556.0,环境保护,环保,环境治理,综合环境治理,4.02,3.29,0.0
2023-10-19,8.19,8.23,8.07,8.12,8.19,-0.0700000000000002,-0.85,7618500.0,27231867.0,2.28,0.007568,0.013526,0.81,,15.3223,7.6098,3.2327,3.8333,0.0,,1006671464.0,1006671464.0,563267969.0,3583750412.0,3583750412.0,环境保护,环保,环境治理,综合环境治理,3.95,3.23,0.0
2023-10-20,8.09,8.16,8.03,8.12,8.12,0.0,0.0,5889900.0,20927329.0,2.28,0.0058509999999999,0.010457,0.64,,15.3223,7.6098,3.2327,3.8333,0.0,,1006671464.0,1006671464.0,563267969.0,3583750412.0,3583750412.0,环境保护,环保,环境治理,综合环境治理,3.92,3.2,0.0
2023-10-23,8.14,8.16,7.82,7.89,8.12,-0.2299999999999995,-2.83,9202101.0,32004429.0,2.28,0.009141,0.016337,1.06,,14.8919,7.396,3.1419,3.7256,0.0,,1006671464.0,1006671464.0,563267969.0,3483083265.0000005,3483083265.0000005,环境保护,环保,环境治理,综合环境治理,3.92,3.2,0.0
2023-10-24,7.91,8.23,7.91,8.21,7.89,0.3200000000000012,4.06,10711300.0,38152387.0,2.28,0.01064,0.0190159999999999,1.39,,15.4944,7.6953,3.269,3.8763,0.0,,1006671464.0,1006671464.0,563267969.0,3624017270.0,3624017270.0,环境保护,环保,环境治理,综合环境治理,3.81,3.11,0.0
2023-10-25,8.37,8.48,8.32,8.44,8.21,0.2299999999999986,2.8,17568030.0,64812082.0,2.28,0.017452,0.031189,2.1,,15.9248,7.909,3.3598,3.984,0.0,,1006671464.0,1006671464.0,563267969.0,3724684417.000001,3724684417.000001,环境保护,环保,环境治理,综合环境治理,3.96,3.24,0.0
2023-10-26,8.37,8.39,8.28,8.32,8.44,-0.1199999999999992,-1.42,10133849.0,36957493.0,2.28,0.010067,0.017991,0.99,,15.7096,7.8021,3.3144,3.9302,0.0,,1006671464.0,1006671464.0,563267969.0,3674350844.0,3674350844.0,环境保护,环保,环境治理,综合环境治理,4.07,3.33,0.0
2023-10-27,8.32,8.32,7.91,8.03,8.32,-0.2900000000000009,-3.49,24221350.0,85240619.0,2.28,0.024061,0.043001,2.26,,17.2888,8.274,3.1964,4.1023,0.0,,1006671464.0,1006671464.0,563267969.0,3543483553.0,3543483553.0,环境保护,环保,环境治理,综合环境治理,4.02,3.29,0.0
2023-10-30,8.03,8.07,7.87,7.98,8.03,-0.0499999999999989,-0.62,16420566.0,57233921.0,2.28,0.016312,0.029152,1.14,,17.1906,8.2269,3.1782,4.079,0.0,,1006671464.0,1006671464.0,563267969.0,3523350124.0,3523350124.0,环境保护,环保,环境治理,综合环境治理,3.87,3.17,0.0
2023-10-31,8.0,8.03,7.87,7.91,7.98,-0.0700000000000002,-0.88,9948528.0,34547256.0,2.28,0.009883,0.017662,0.63,,17.0432,8.1564,3.151,4.044,0.0,,1006671464.0,1006671464.0,563267969.0,3493149980.0,3493149980.0,环境保护,环保,环境治理,综合环境治理,3.85,3.15,0.0
2023-11-01,7.93,8.09,7.87,8.07,7.91,0.1600000000000001,2.02,10703250.0,37607724.0,2.28,0.0106319999999999,0.0190019999999999,0.68,,17.387,8.321,3.2145,4.1256,0.0,,1006671464.0,1006671464.0,563267969.0,3563616983.0,3563616983.0,环境保护,环保,环境治理,综合环境治理,3.82,3.12,0.0
2023-11-02,8.03,8.09,7.89,7.91,8.07,-0.1600000000000001,-1.98,7725700.0,26936467.0,2.28,0.0076739999999999,0.0137159999999999,0.54,,17.0432,8.1564,3.151,4.044,0.0,,1006671464.0,1006671464.0,563267969.0,3493149980.0,3493149980.0,环境保护,环保,环境治理,综合环境治理,3.89,3.19,0.0
2023-11-03,7.91,8.0,7.87,7.93,7.91,0.0199999999999995,0.25,6174601.0,21518031.0,2.28,0.006134,0.010962,0.45,,17.0923,8.1799,3.1601,4.0557,0.0,,1006671464.0,1006671464.0,563267969.0,3503216695.0,3503216695.0,环境保护,环保,环境治理,综合环境治理,3.82,3.12,0.0
2023-11-06,7.96,8.09,7.96,8.09,7.93,0.1600000000000001,2.02,9899177.0,34873284.0,2.28,0.009834,0.017575,0.97,,17.4361,8.3445,3.2236,4.1372,0.0,,1006671464.0,1006671464.0,563267969.0,3573683697.0,3573683697.0,环境保护,环保,环境治理,综合环境治理,3.83,3.13,0.0
2023-11-07,8.09,8.48,8.03,8.48,8.09,0.3900000000000005,4.82,25071700.0,91121997.0,2.28,0.024906,0.044511,2.82,,18.2711,8.7441,3.378,4.3354,0.0,,1006671464.0,1006671464.0,563267969.0,3744817846.0,3744817846.0,环境保护,环保,环境治理,综合环境治理,3.91,3.2,0.0
2023-11-08,8.62,8.66,8.25,8.37,8.48,-0.1100000000000012,-1.3,18170628.0,66735933.99999999,2.28,0.01805,0.032259,1.53,,18.0255,8.6265,3.3326,4.2771,0.0,,1006671464.0,1006671464.0,563267969.0,3694484273.0,3694484273.0,环境保护,环保,环境治理,综合环境治理,4.09,3.35,0.0
2023-11-09,8.34,8.5,8.25,8.3,8.37,-0.0699999999999985,-0.84,12176862.0,44558026.0,2.28,0.012096,0.021618,0.91,,17.8782,8.556,3.3054,4.2421,0.0,,1006671464.0,1006671464.0,563267969.0,3664284129.0,3664284129.0,环境保护,环保,环境治理,综合环境治理,4.04,3.3,0.0
2023-11-10,8.3,8.62,8.21,8.41,8.3,0.1099999999999994,1.33,17269222.0,63698785.0,2.28,0.017155,0.030659,1.21,,18.1238,8.6735,3.3508,4.3004,0.0,,1006671464.0,1006671464.0,563267969.0,3714617702.000001,3714617702.000001,环境保护,环保,环境治理,综合环境治理,4.0,3.28,0.0
2023-11-13,8.39,8.55,8.34,8.53,8.41,0.1199999999999992,1.43,15022400.0,55940834.0,2.28,0.0149229999999999,0.02667,0.91,,18.3694,8.7911,3.3962,4.3587,0.0,,1006671464.0,1006671464.0,563267969.0,3764951275.0,3764951275.0,环境保护,环保,环境治理,综合环境治理,4.06,3.32,0.0
2023-11-14,8.53,8.53,8.34,8.41,8.53,-0.1199999999999992,-1.41,9591901.0,35366065.0,2.28,0.009528,0.017029,0.55,,18.1238,8.6735,3.3508,4.3004,0.0,,1006671464.0,1006671464.0,563267969.0,3714617702.000001,3714617702.000001,环境保护,环保,环境治理,综合环境治理,4.11,3.37,0.0
2023-11-15,8.46,8.64,8.41,8.53,8.41,0.1199999999999992,1.43,17760010.0,66498918.00000001,2.28,0.017642,0.03153,1.23,,18.3694,8.7911,3.3962,4.3587,0.0,,1006671464.0,1006671464.0,563267969.0,3764951275.0,3764951275.0,环境保护,环保,环境治理,综合环境治理,4.06,3.32,0.0
2023-11-16,8.5,8.55,8.41,8.46,8.53,-0.0699999999999985,-0.82,9435100.0,35037563.0,2.28,0.009373,0.016751,0.66,,18.222,8.7206,3.3689,4.3237,0.0,,1006671464.0,1006671464.0,563267969.0,3734751131.0,3734751131.0,环境保护,环保,环境治理,综合环境治理,4.11,3.37,0.0
2023-11-17,8.46,8.48,8.34,8.46,8.46,0.0,0.0,8536900.0,31455578.0,2.28,0.00848,0.015156,0.62,,18.222,8.7206,3.3689,4.3237,0.0,,1006671464.0,1006671464.0,563267969.0,3734751131.0,3734751131.0,环境保护,环保,环境治理,综合环境治理,4.08,3.34,0.0
2023-11-20,8.46,8.53,8.41,8.48,8.46,0.0199999999999995,0.24,10162500.0,37753688.0,2.28,0.010095,0.018042,0.84,,18.2711,8.7441,3.378,4.3354,0.0,,1006671464.0,1006671464.0,563267969.0,3744817846.0,3744817846.0,环境保护,环保,环境治理,综合环境治理,4.08,3.34,0.0
2023-11-21,8.6,9.03,8.57,8.73,8.48,0.25,2.95,39067863.0,151037151.0,2.28,0.038809,0.069359,3.52,,18.8114,9.0026,3.4779,4.4636,0.0,,1006671464.0,1006671464.0,563267969.0,3855551707.0,3855551707.0,环境保护,环保,环境治理,综合环境治理,4.09,3.35,0.0
2023-11-22,8.73,8.98,8.64,8.78,8.73,0.0499999999999989,0.57,32164553.000000004,124644804.0,2.28,0.031951,0.057103,1.89,,18.9096,9.0496,3.496,4.4869,0.0,,1006671464.0,1006671464.0,563267969.0,3875685136.0,3875685136.0,环境保护,环保,环境治理,综合环境治理,4.21,3.45,0.0
2023-11-23,8.66,8.8,8.64,8.73,8.78,-0.0499999999999989,-0.57,16159400.0,61760475.0,2.28,0.016052,0.028689,0.81,,18.8114,9.0026,3.4779,4.4636,0.0,,1006671464.0,1006671464.0,563267969.0,3855551707.0,3855551707.0,环境保护,环保,环境治理,综合环境治理,4.24,3.47,0.0
2023-11-24,8.91,9.19,8.73,8.78,8.73,0.0499999999999989,0.57,27257855.0,106440048.0,2.28,0.027077,0.048392,1.28,,18.9096,9.0496,3.496,4.4869,0.0,,1006671464.0,1006671464.0,563267969.0,3875685136.0,3875685136.0,环境保护,环保,环境治理,综合环境治理,4.21,3.45,0.0
2023-11-27,8.8,8.82,8.53,8.57,8.78,-0.209999999999999,-2.39,20203600.0,76281011.0,2.28,0.02007,0.035869,0.81,,18.4676,8.8381,3.4143,4.382,0.0,,1006671464.0,1006671464.0,563267969.0,3785084705.0,3785084705.0,环境保护,环保,环境治理,综合环境治理,4.24,3.47,0.0
2023-11-28,8.6,8.64,8.46,8.5,8.57,-0.0700000000000002,-0.82,10718700.0,40089459.0,2.28,0.010648,0.019029,0.4,,18.3202,8.7676,3.3871,4.347,0.0,,1006671464.0,1006671464.0,563267969.0,3754884561.0,3754884561.0,环境保护,环保,环境治理,综合环境治理,4.14,3.38,0.0
2023-11-29,8.55,8.57,8.44,8.44,8.5,-0.0600000000000005,-0.71,10293800.0,38359390.0,2.28,0.0102259999999999,0.018275,0.48,,18.1729,8.6971,3.3598,4.3121,0.0,,1006671464.0,1006671464.0,563267969.0,3724684417.000001,3724684417.000001,环境保护,环保,环境治理,综合环境治理,4.1,3.36,0.0
2023-11-30,8.46,8.48,8.34,8.39,8.44,-0.0499999999999989,-0.59,10011900.0,36887579.0,2.28,0.009946,0.017775,0.59,,18.0747,8.65,3.3417,4.2887,0.0,,1006671464.0,1006671464.0,563267969.0,3704550988.0,3704550988.0,环境保护,环保,环境治理,综合环境治理,4.07,3.33,0.0
2023-12-01,8.37,8.55,8.37,8.46,8.39,0.0700000000000002,0.83,8356933.0,31001224.0,2.28,0.008302,0.014837,0.53,,18.222,8.7206,3.3689,4.3237,0.0,,1006671464.0,1006671464.0,563267969.0,3734751131.0,3734751131.0,环境保护,环保,环境治理,综合环境治理,4.05,3.31,0.0
2023-12-04,8.48,8.62,8.41,8.55,8.46,0.0899999999999998,1.06,9958860.0,37285419.0,2.28,0.0098929999999999,0.017681,0.84,,18.4185,8.8146,3.4052,4.3703,0.0,,1006671464.0,1006671464.0,563267969.0,3775017990.0,3775017990.0,环境保护,环保,环境治理,综合环境治理,4.08,3.34,0.0
2023-12-05,8.55,8.55,8.37,8.39,8.55,-0.1600000000000001,-1.87,9984900.0,36901775.0,2.28,0.009919,0.017727,1.01,,18.0747,8.65,3.3417,4.2887,0.0,,1006671464.0,1006671464.0,563267969.0,3704550988.0,3704550988.0,环境保护,环保,环境治理,综合环境治理,4.13,3.38,0.0
2023-12-06,8.44,8.57,8.37,8.5,8.39,0.1099999999999994,1.31,9012200.0,33596827.0,2.28,0.008952,0.016,0.93,,18.3202,8.7676,3.3871,4.347,0.0,,1006671464.0,1006671464.0,563267969.0,3754884561.0,3754884561.0,环境保护,环保,环境治理,综合环境治理,4.05,3.31,0.0
2023-12-07,8.5,8.55,8.34,8.34,8.5,-0.1600000000000001,-1.88,8452651.0,31178931.0,2.28,0.008397,0.0150059999999999,0.89,,17.9764,8.603,3.3235,4.2654,0.0,,1006671464.0,1006671464.0,563267969.0,3684417558.0,3684417558.0,环境保护,环保,环境治理,综合环境治理,4.1,3.36,0.0
2023-12-08,8.37,8.44,8.19,8.21,8.34,-0.129999999999999,-1.56,7866500.0,28578177.0,2.28,0.007814,0.013966,0.86,,17.6817,8.462,3.269,4.1955,0.0,,1006671464.0,1006671464.0,563267969.0,3624017270.0,3624017270.0,环境保护,环保,环境治理,综合环境治理,4.03,3.29,0.0
2023-12-11,8.16,8.32,8.07,8.32,8.21,0.1099999999999994,1.34,7880386.0,28513871.0,2.28,0.007828,0.01399,0.87,,17.9273,8.5795,3.3144,4.2538,0.0,,1006671464.0,1006671464.0,563267969.0,3674350844.0,3674350844.0,环境保护,环保,环境治理,综合环境治理,3.96,3.24,0.0
2023-12-12,8.3,8.34,8.25,8.32,8.32,0.0,0.0,5487276.0,19991680.0,2.28,0.005451,0.0097419999999999,0.64,,17.9273,8.5795,3.3144,4.2538,0.0,,1006671464.0,1006671464.0,563267969.0,3674350844.0,3674350844.0,环境保护,环保,环境治理,综合环境治理,4.02,3.29,0.0
2023-12-13,8.32,8.39,8.23,8.25,8.32,-0.0700000000000002,-0.84,5594346.0,20401932.0,2.28,0.0055569999999999,0.009932,0.72,,17.78,8.509,3.2872,4.2188,0.0,,1006671464.0,1006671464.0,563267969.0,3644150700.0,3644150700.0,环境保护,环保,环境治理,综合环境治理,4.02,3.29,0.0
2023-12-14,8.25,8.44,8.23,8.34,8.25,0.0899999999999998,1.09,10844546.0,39756919.0,2.28,0.010773,0.019253,1.54,,17.9764,8.603,3.3235,4.2654,0.0,,1006671464.0,1006671464.0,563267969.0,3684417558.0,3684417558.0,环境保护,环保,环境治理,综合环境治理,3.98,3.26,0.0
2023-12-15,8.32,8.44,8.21,8.28,8.34,-0.0600000000000005,-0.72,8217946.000000001,29804417.0,2.28,0.008163,0.01459,1.09,,17.8291,8.5325,3.2963,4.2305,0.0,,1006671464.0,1006671464.0,563267969.0,3654217414.0,3654217414.0,环境保护,环保,环境治理,综合环境治理,4.03,3.29,0.0
2023-12-18,8.23,8.28,8.07,8.07,8.28,-0.209999999999999,-2.54,6463600.0,23088625.0,2.28,0.006421,0.0114749999999999,0.85,,17.387,8.321,3.2145,4.1256,0.0,,1006671464.0,1006671464.0,563267969.0,3563616983.0,3563616983.0,环境保护,环保,环境治理,综合环境治理,3.99,3.27,0.0
2023-12-19,8.12,8.12,7.96,8.05,8.07,-0.0199999999999995,-0.25,6089451.0,21410495.0,2.28,0.006049,0.010811,0.83,,17.3379,8.2975,3.2055,4.1139,0.0,,1006671464.0,1006671464.0,563267969.0,3553550268.0,3553550268.0,环境保护,环保,环境治理,综合环境治理,3.89,3.19,0.0
2023-12-20,8.07,8.14,7.98,8.0,8.05,-0.0500000000000007,-0.62,4701700.0,16638946.0,2.28,0.004671,0.008347,0.63,,17.2397,8.2504,3.1873,4.0906,0.0,,1006671464.0,1006671464.0,563267969.0,3533416839.0,3533416839.0,环境保护,环保,环境治理,综合环境治理,3.88,3.18,0.0
2023-12-21,8.0,8.12,7.87,8.05,8.0,0.0500000000000007,0.63,6824600.0,23943514.0,2.28,0.0067789999999999,0.012116,0.94,,17.3379,8.2975,3.2055,4.1139,0.0,,1006671464.0,1006671464.0,563267969.0,3553550268.0,3553550268.0,环境保护,环保,环境治理,综合环境治理,3.86,3.16,0.0
2023-12-22,8.09,8.09,7.87,7.89,8.05,-0.160000000000001,-1.99,6602700.0,23018308.0,2.28,0.006559,0.011722,1.02,,16.9941,8.1329,3.1419,4.0324,0.0,,1006671464.0,1006671464.0,563267969.0,3483083265.0000005,3483083265.0000005,环境保护,环保,环境治理,综合环境治理,3.88,3.18,0.0
2023-12-25,7.89,7.96,7.82,7.96,7.89,0.0700000000000002,0.89,4516050.0,15623463.0,2.28,0.004486,0.0080179999999999,0.74,,17.1415,8.2034,3.1691,4.0673,0.0,,1006671464.0,1006671464.0,563267969.0,3513283409.0,3513283409.0,环境保护,环保,环境治理,综合环境治理,3.81,3.11,0.0
2023-12-26,7.93,8.0,7.84,7.87,7.96,-0.0899999999999998,-1.13,4882558.0,16956143.0,2.28,0.00485,0.008668,0.85,,16.945,8.1094,3.1328,4.0207,0.0,,1006671464.0,1006671464.0,563267969.0,3473016550.9999995,3473016550.9999995,环境保护,环保,环境治理,综合环境治理,3.84,3.14,0.0
2023-12-27,7.84,7.98,7.77,7.93,7.87,0.0599999999999996,0.76,4911659.0,16980920.0,2.28,0.004879,0.00872,0.89,,17.0923,8.1799,3.1601,4.0557,0.0,,1006671464.0,1006671464.0,563267969.0,3503216695.0,3503216695.0,环境保护,环保,环境治理,综合环境治理,3.8,3.11,0.0
2023-12-28,7.96,8.03,7.87,8.03,7.93,0.0999999999999996,1.26,6488900.0,22707367.0,2.28,0.0064459999999999,0.0115199999999999,1.17,,17.2888,8.274,3.1964,4.1023,0.0,,1006671464.0,1006671464.0,563267969.0,3543483553.0,3543483553.0,环境保护,环保,环境治理,综合环境治理,3.83,3.13,0.0
2023-12-29,8.03,8.09,7.98,8.07,8.03,0.0400000000000009,0.5,5625153.0,19835140.0,2.28,0.0055879999999999,0.009987,1.03,,17.387,8.321,3.2145,4.1256,0.0,,1006671464.0,1006671464.0,563267969.0,3563616983.0,3563616983.0,环境保护,环保,环境治理,综合环境治理,3.87,3.17,0.0
2024-01-02,8.14,8.21,8.07,8.19,8.07,0.1199999999999992,1.49,6796400.999999999,24368866.0,2.28,0.006751,0.0120659999999999,1.29,,17.6326,8.4385,3.26,4.1839,0.0,,1006671464.0,1006671464.0,563267969.0,3613950556.0,3613950556.0,环境保护,环保,环境治理,综合环境治理,3.89,3.19,0.0
2024-01-03,8.14,8.23,8.12,8.16,8.19,-0.0299999999999993,-0.37,5580700.0,20013938.0,2.28,0.005544,0.009908,0.97,,17.5835,8.415,3.2509,4.1722,0.0,,1006671464.0,1006671464.0,563267969.0,3603883841.000001,3603883841.000001,环境保护,环保,环境治理,综合环境治理,3.95,3.23,0.0
2024-01-04,8.16,8.28,8.12,8.28,8.16,0.1199999999999992,1.47,5716000.0,20606208.0,2.28,0.005678,0.0101479999999999,0.97,,17.8291,8.5325,3.2963,4.2305,0.0,,1006671464.0,1006671464.0,563267969.0,3654217414.0,3654217414.0,环境保护,环保,环境治理,综合环境治理,3.94,3.22,0.0
2024-01-05,8.37,8.37,8.07,8.09,8.28,-0.1899999999999995,-2.29,5658100.0,20384726.0,2.28,0.005621,0.010045,0.94,,17.4361,8.3445,3.2236,4.1372,0.0,,1006671464.0,1006671464.0,563267969.0,3573683697.0,3573683697.0,环境保护,环保,环境治理,综合环境治理,3.99,3.27,0.0
2024-01-08,8.16,8.19,7.98,7.98,8.09,-0.1099999999999994,-1.36,5184900.0,18354693.0,2.28,0.005151,0.009205,0.88,,17.1906,8.2269,3.1782,4.079,0.0,,1006671464.0,1006671464.0,563267969.0,3523350124.0,3523350124.0,环境保护,环保,环境治理,综合环境治理,3.91,3.2,0.0
2024-01-09,8.0,8.25,7.96,8.14,7.98,0.1600000000000001,2.01,8922400.0,31884785.0,2.28,0.008863,0.01584,1.54,,17.5344,8.3915,3.2418,4.1606,0.0,,1006671464.0,1006671464.0,563267969.0,3593817126.0000005,3593817126.0000005,环境保护,环保,环境治理,综合环境治理,3.85,3.15,0.0
2024-01-10,8.21,8.21,8.0,8.05,8.14,-0.0899999999999998,-1.11,4792000.0,17028316.0,2.28,0.0047599999999999,0.008507,0.77,,17.3379,8.2975,3.2055,4.1139,0.0,,1006671464.0,1006671464.0,563267969.0,3553550268.0,3553550268.0,环境保护,环保,环境治理,综合环境治理,3.93,3.21,0.0
2024-01-11,8.05,8.3,8.05,8.28,8.05,0.2299999999999986,2.86,8962700.0,32248774.0,2.28,0.008903,0.015912,1.48,,17.8291,8.5325,3.2963,4.2305,0.0,,1006671464.0,1006671464.0,563267969.0,3654217414.0,3654217414.0,环境保护,环保,环境治理,综合环境治理,3.88,3.18,0.0
2024-01-12,8.32,8.41,8.25,8.25,8.28,-0.0299999999999993,-0.36,15598000.0,57064406.0,2.28,0.015495,0.027692,2.33,,17.78,8.509,3.2872,4.2188,0.0,,1006671464.0,1006671464.0,563267969.0,3644150700.0,3644150700.0,环境保护,环保,环境治理,综合环境治理,3.99,3.27,0.0
2024-01-15,8.16,8.39,8.09,8.32,8.25,0.0700000000000002,0.85,12967946.0,47186485.0,2.28,0.012882,0.023023,1.49,,17.9273,8.5795,3.3144,4.2538,0.0,,1006671464.0,1006671464.0,563267969.0,3674350844.0,3674350844.0,环境保护,环保,环境治理,综合环境治理,3.98,3.26,0.0
2024-01-16,8.34,8.41,8.14,8.41,8.32,0.0899999999999998,1.08,15652460.0,56960950.0,2.28,0.015549,0.027789,1.53,,18.1238,8.6735,3.3508,4.3004,0.0,,1006671464.0,1006671464.0,563267969.0,3714617702.000001,3714617702.000001,环境保护,环保,环境治理,综合环境治理,4.02,3.29,0.0
2024-01-17,8.5,8.96,8.37,8.57,8.41,0.1600000000000001,1.9,54667452.0,207274370.0,2.28,0.054305,0.0970539999999999,4.71,,18.4676,8.8381,3.4143,4.382,0.0,,1006671464.0,1006671464.0,563267969.0,3785084705.0,3785084705.0,环境保护,环保,环境治理,综合环境治理,4.06,3.32,0.0
2024-01-18,8.39,9.44,8.32,9.44,8.57,0.8699999999999992,10.15,46396034.0,186490453.0,2.28,0.046089,0.082369,2.15,,20.334,9.7313,3.7594,4.8248,0.0,,1006671464.0,1006671464.0,563267969.0,4167619861.0,4167619861.0,环境保护,环保,环境治理,综合环境治理,4.14,3.38,0.0
2024-01-19,10.37,10.37,10.37,10.37,9.44,0.9299999999999996,9.85,59933640.0,272698062.0,2.28,0.059536,0.106403,2.06,,22.3477,10.695,4.1317,5.3027,0.0,,1006671464.0,1006671464.0,563267969.0,4580355161.0,4580355161.0,环境保护,环保,环境治理,综合环境治理,4.55,3.73,0.0
2024-01-22,9.9,10.31,9.35,9.35,10.37,-1.0199999999999996,-9.84,149527783.0,640734569.0,2.28,0.148537,0.265465,3.94,,20.1375,9.6373,3.7231,4.7782,0.0,,1006671464.0,1006671464.0,563267969.0,4127353002.0,4127353002.0,环境保护,环保,环境治理,综合环境治理,5.01,4.1,0.0
2024-01-23,8.69,10.01,8.41,9.44,9.35,0.0899999999999998,0.96,124520143.0,495520422.0,2.28,0.123695,0.221067,1.91,,20.334,9.7313,3.7594,4.8248,0.0,,1006671464.0,1006671464.0,563267969.0,4167619861.0,4167619861.0,环境保护,环保,环境治理,综合环境治理,4.51,3.69,0.0
2024-01-24,9.14,10.37,9.1,10.37,9.44,0.9299999999999996,9.85,117909267.0,522696514.0,2.28,0.117128,0.209331,1.36,,22.3477,10.695,4.1317,5.3027,0.0,,1006671464.0,1006671464.0,563267969.0,4580355161.0,4580355161.0,环境保护,环保,环境治理,综合环境治理,4.55,3.73,0.0
2024-01-25,11.42,11.42,11.42,11.42,10.37,1.0500000000000007,10.13,17301900.0,86682519.0,2.28,0.0171869999999999,0.0307169999999999,0.17,,24.6071,11.7763,4.5494,5.8388,0.0,,1006671464.0,1006671464.0,563267969.0,5043424035.0,5043424035.0,环境保护,环保,环境治理,综合环境治理,5.01,4.1,0.0
2024-01-26,12.49,12.56,10.67,12.56,11.42,1.1400000000000006,9.98,176721791.0,933645094.0,2.28,0.1755509999999999,0.313744,1.88,,27.0629,12.9516,5.0034,6.4215,0.0,,1006671464.0,1006671464.0,563267969.0,5546759767.0,5546759767.0,环境保护,环保,环境治理,综合环境治理,5.51,4.51,0.0
2024-01-29,12.56,13.82,11.51,13.82,12.56,1.2599999999999998,10.03,236860228.0,1337497951.0,2.28,0.23529,0.4205109999999999,2.02,,29.7642,14.2444,5.5029,7.0625,0.0,,1006671464.0,1006671464.0,563267969.0,6100429072.0,6100429072.0,环境保护,环保,环境治理,综合环境治理,6.06,4.96,0.0
2024-01-30,13.68,14.8,12.43,12.43,13.82,-1.3900000000000006,-10.06,227266057.0,1347563930.0,2.28,0.22576,0.403478,1.69,,26.7682,12.8105,4.949,6.3515,0.0,,1006671464.0,1006671464.0,563267969.0,5486359479.0,5486359479.0,环境保护,环保,环境治理,综合环境治理,6.67,5.45,0.0
2024-01-31,11.63,13.45,11.19,11.19,12.43,-1.2400000000000002,-9.98,206978592.0,1103155497.0,2.28,0.205607,0.36746,1.33,,24.1159,11.5412,4.4586,5.7222,0.0,,1006671464.0,1006671464.0,563267969.0,4942756888.0,4942756888.0,环境保护,环保,环境治理,综合环境治理,6.0,4.91,0.0
2024-02-01,10.72,11.17,10.08,10.08,11.19,-1.1099999999999994,-9.92,98211101.0,439183242.0,2.28,0.09756,0.174359,0.57,,21.7092,10.3895,4.0136,5.1512,0.0,,1006671464.0,1006671464.0,563267969.0,4449487871.0,4449487871.0,环境保护,环保,环境治理,综合环境治理,5.4,4.42,0.0
2024-02-02,9.37,9.64,9.07,9.07,10.08,-1.0099999999999998,-10.02,84722314.0,342627453.0,2.28,0.084161,0.150412,0.45,,19.5481,9.3552,3.6141,4.6384,0.0,,1006671464.0,1006671464.0,563267969.0,4006552427.0,4006552427.0,环境保护,环保,环境治理,综合环境治理,4.86,3.98,0.0
2024-02-05,8.46,8.64,8.16,8.16,9.07,-0.91,-10.03,99905601.0,359501361.0,2.28,0.099244,0.177368,0.58,,17.5835,8.415,3.2509,4.1722,0.0,,1006671464.0,1006671464.0,563267969.0,3603883841.000001,3603883841.000001,环境保护,环保,环境治理,综合环境治理,4.38,3.58,0.0
2024-02-06,7.77,8.87,7.46,8.28,8.16,0.1199999999999992,1.47,154260425.0,556373830.0,2.28,0.153238,0.273867,1.08,,17.8291,8.5325,3.2963,4.2305,0.0,,1006671464.0,1006671464.0,563267969.0,3654217414.0,3654217414.0,环境保护,环保,环境治理,综合环境治理,3.94,3.22,0.0
2024-02-07,8.21,8.25,7.46,7.46,8.28,-0.8199999999999994,-9.9,129367445.0,440125556.0,2.28,0.12851,0.229673,1.0,,16.0609,7.6863,2.9694,3.8109,0.0,,1006671464.0,1006671464.0,563267969.0,3291815687.0,3291815687.0,环境保护,环保,环境治理,综合环境治理,3.99,3.27,0.0
2024-02-08,7.41,7.82,6.84,7.66,7.46,0.2000000000000001,2.68,105412158.0,338989850.0,2.28,0.1047139999999999,0.187144,0.93,,16.5029,7.8979,3.0511,3.9158,0.0,,1006671464.0,1006671464.0,563267969.0,3382416119.0,3382416119.0,环境保护,环保,环境治理,综合环境治理,3.6,2.94,0.0
2024-02-19,7.66,8.14,7.62,8.09,7.66,0.4299999999999997,5.61,94895021.0,330909034.0,2.28,0.094266,0.168472,0.83,,17.4361,8.3445,3.2236,4.1372,0.0,,1006671464.0,1006671464.0,563267969.0,3573683697.0,3573683697.0,环境保护,环保,环境治理,综合环境治理,3.7,3.02,0.0
2024-02-20,8.05,8.44,7.82,8.37,8.09,0.2799999999999993,3.46,90906654.0,326245899.0,2.28,0.090304,0.1613909999999999,0.78,,18.0255,8.6265,3.3326,4.2771,0.0,,1006671464.0,1006671464.0,563267969.0,3694484273.0,3694484273.0,环境保护,环保,环境治理,综合环境治理,3.91,3.2,0.0
2024-02-21,8.23,8.71,8.14,8.44,8.37,0.0700000000000002,0.84,89961018.0,334637759.0,2.28,0.089365,0.159713,0.78,,18.1729,8.6971,3.3598,4.3121,0.0,,1006671464.0,1006671464.0,563267969.0,3724684417.000001,3724684417.000001,环境保护,环保,环境治理,综合环境治理,4.04,3.3,0.0
2024-02-22,8.34,8.71,8.32,8.64,8.44,0.200000000000001,2.37,83834724.0,313264090.0,2.28,0.0832789999999999,0.148836,0.82,,18.6149,8.9086,3.4416,4.4169,0.0,,1006671464.0,1006671464.0,563267969.0,3815284849.0,3815284849.0,环境保护,环保,环境治理,综合环境治理,4.07,3.33,0.0
2024-02-23,8.57,9.12,8.53,9.03,8.64,0.3899999999999988,4.51,99557436.0,383676975.0,2.28,0.0988979999999999,0.17675,1.07,,19.4499,9.3082,3.5959,4.6151,0.0,,1006671464.0,1006671464.0,563267969.0,3986418997.0,3986418997.0,环境保护,环保,环境治理,综合环境治理,4.17,3.41,0.0
2024-02-26,9.1,9.19,8.82,8.91,9.03,-0.1199999999999992,-1.33,88506913.0,347749983.0,2.28,0.08792,0.157131,0.96,,19.2043,9.1907,3.5505,4.5568,0.0,,1006671464.0,1006671464.0,563267969.0,3936085424.0,3936085424.0,环境保护,环保,环境治理,综合环境治理,4.36,3.56,0.0
2024-02-27,8.91,9.17,8.87,9.14,8.91,0.2300000000000004,2.58,68354713.0,270458036.0,2.28,0.0679019999999999,0.121354,0.75,,19.6955,9.4257,3.6413,4.6733,0.0,,1006671464.0,1006671464.0,563267969.0,4036752571.0,4036752571.0,环境保护,环保,环境治理,综合环境治理,4.3,3.52,0.0
2024-02-28,9.21,9.37,8.46,8.48,9.14,-0.6600000000000001,-7.22,91718371.0,362966088.0,2.28,0.091111,0.162833,1.07,,18.2711,8.7441,3.378,4.3354,0.0,,1006671464.0,1006671464.0,563267969.0,3744817846.0,3744817846.0,环境保护,环保,环境治理,综合环境治理,4.41,3.61,0.0
2024-02-29,8.28,8.94,8.28,8.91,8.48,0.4299999999999997,5.07,54880071.0,210581940.0,2.28,0.054516,0.097432,0.64,,19.2043,9.1907,3.5505,4.5568,0.0,,1006671464.0,1006671464.0,563267969.0,3936085424.0,3936085424.0,环境保护,环保,环境治理,综合环境治理,4.09,3.35,0.0
2024-03-01,9.01,9.1,8.8,8.89,8.91,-0.0199999999999995,-0.22,38393100.0,149832058.0,2.28,0.038139,0.068161,0.48,,19.1552,9.1672,3.5415,4.5451,0.0,,1006671464.0,1006671464.0,563267969.0,3926018710.0,3926018710.0,环境保护,环保,环境治理,综合环境治理,4.3,3.52,0.0
2024-03-04,8.89,8.94,8.5,8.78,8.89,-0.1100000000000012,-1.24,36428171.0,139107553.0,2.28,0.036187,0.064673,0.53,,18.9096,9.0496,3.496,4.4869,0.0,,1006671464.0,1006671464.0,563267969.0,3875685136.0,3875685136.0,环境保护,环保,环境治理,综合环境治理,4.29,3.51,0.0
2024-03-05,8.69,8.76,8.39,8.41,8.78,-0.3699999999999992,-4.21,35678471.0,133231643.0,2.28,0.035442,0.063342,0.62,,18.1238,8.6735,3.3508,4.3004,0.0,,1006671464.0,1006671464.0,563267969.0,3714617702.000001,3714617702.000001,环境保护,环保,环境治理,综合环境治理,4.24,3.47,0.0
2024-03-06,8.37,8.66,8.37,8.53,8.41,0.1199999999999992,1.43,29533174.0,110382810.0,2.28,0.029337,0.052432,0.57,,18.3694,8.7911,3.3962,4.3587,0.0,,1006671464.0,1006671464.0,563267969.0,3764951275.0,3764951275.0,环境保护,环保,环境治理,综合环境治理,4.06,3.32,0.0
2024-03-07,8.53,8.6,8.34,8.37,8.53,-0.1600000000000001,-1.88,31080434.000000004,115309429.0,2.28,0.030874,0.055179,0.8,,18.0255,8.6265,3.3326,4.2771,0.0,,1006671464.0,1006671464.0,563267969.0,3694484273.0,3694484273.0,环境保护,环保,环境治理,综合环境治理,4.11,3.37,0.0
2024-03-08,8.39,9.17,8.32,8.98,8.37,0.6100000000000012,7.29,83407800.0,323055076.0,2.28,0.082855,0.148078,2.44,,19.3517,9.2612,3.5778,4.5918,0.0,,1006671464.0,1006671464.0,563267969.0,3966285568.0,3966285568.0,环境保护,环保,环境治理,综合环境治理,4.04,3.3,0.0
2024-03-11,8.98,9.74,8.98,9.48,8.98,0.5,5.57,90308850.0,370770305.0,2.28,0.08971,0.16033,2.09,,20.4322,9.7783,3.7776,4.8482,0.0,,1006671464.0,1006671464.0,563267969.0,4187753290.000001,4187753290.000001,环境保护,环保,环境治理,综合环境治理,4.33,3.55,0.0
2024-03-12,9.48,9.53,9.26,9.35,9.48,-0.1300000000000007,-1.37,63071522.0,259465484.0,2.28,0.062654,0.111974,1.17,,20.1375,9.6373,3.7231,4.7782,0.0,,1006671464.0,1006671464.0,563267969.0,4127353002.0,4127353002.0,环境保护,环保,环境治理,综合环境治理,4.58,3.74,0.0
2024-03-13,9.37,9.51,9.23,9.35,9.35,0.0,0.0,43328900.0,177932991.0,2.28,0.043042,0.076924,0.73,,20.1375,9.6373,3.7231,4.7782,0.0,,1006671464.0,1006671464.0,563267969.0,4127353002.0,4127353002.0,环境保护,环保,环境治理,综合环境治理,4.51,3.69,0.0
2024-03-14,9.35,9.44,9.14,9.33,9.35,-0.0199999999999995,-0.21,38991201.0,159205015.0,2.28,0.038733,0.0692229999999999,0.63,,20.0884,9.6138,3.714,4.7666,0.0,,1006671464.0,1006671464.0,563267969.0,4117286288.0,4117286288.0,环境保护,环保,环境治理,综合环境治理,4.51,3.69,0.0
2024-03-15,9.35,9.53,9.23,9.48,9.33,0.1500000000000003,1.61,49955900.0,205891536.0,2.28,0.049625,0.088689,0.78,,20.4322,9.7783,3.7776,4.8482,0.0,,1006671464.0,1006671464.0,563267969.0,4187753290.000001,4187753290.000001,环境保护,环保,环境治理,综合环境治理,4.5,3.68,0.0
2024-03-18,9.48,9.58,9.37,9.51,9.48,0.0299999999999993,0.32,38015100.0,157623825.0,2.28,0.037763,0.06749,0.67,,20.4813,9.8018,3.7866,4.8598,0.0,,1006671464.0,1006671464.0,563267969.0,4197820005.0,4197820005.0,环境保护,环保,环境治理,综合环境治理,4.58,3.74,0.0
2024-03-19,9.51,9.8,9.44,9.62,9.51,0.1099999999999994,1.16,54136551.0,228939801.0,2.28,0.053778,0.096112,1.16,,20.7269,9.9193,3.832,4.9181,0.0,,1006671464.0,1006671464.0,563267969.0,4248153578.0,4248153578.0,环境保护,环保,环境治理,综合环境治理,4.59,3.75,0.0
2024-03-20,9.6,9.85,9.53,9.85,9.62,0.2300000000000004,2.39,47918520.0,205003870.0,2.28,0.047601,0.085072,1.07,,21.2181,10.1544,3.9228,5.0346,0.0,,1006671464.0,1006671464.0,563267969.0,4348820724.0,4348820724.0,环境保护,环保,环境治理,综合环境治理,4.64,3.8,0.0
2024-03-21,9.8,9.87,9.51,9.64,9.85,-0.209999999999999,-2.13,41239203.0,174502519.0,2.28,0.0409659999999999,0.073214,0.9,,20.776,9.9428,3.8411,4.9297,0.0,,1006671464.0,1006671464.0,563267969.0,4258220293.0,4258220293.0,环境保护,环保,环境治理,综合环境治理,4.75,3.89,0.0
2024-03-22,9.6,9.64,9.33,9.37,9.64,-0.2700000000000013,-2.8,42808776.0,177308896.0,2.28,0.042525,0.076001,0.93,,20.1866,9.6608,3.7321,4.7899,0.0,,1006671464.0,1006671464.0,563267969.0,4137419717.0,4137419717.0,环境保护,环保,环境治理,综合环境治理,4.65,3.81,0.0
2024-03-25,9.28,9.42,9.07,9.1,9.37,-0.2699999999999996,-2.88,24974357.0,101579858.0,2.28,0.024809,0.0443379999999999,0.56,,19.5972,9.3787,3.6232,4.65,0.0,,1006671464.0,1006671464.0,563267969.0,4016619141.0,4016619141.0,环境保护,环保,环境治理,综合环境治理,4.52,3.7,0.0
2024-03-26,9.14,9.33,9.03,9.28,9.1,0.1799999999999997,1.98,32101700.0,129409050.0,2.28,0.031889,0.056992,0.76,,19.9902,9.5668,3.6958,4.7433,0.0,,1006671464.0,1006671464.0,563267969.0,4097152858.0,4097152858.0,环境保护,环保,环境治理,综合环境治理,4.39,3.59,0.0
2024-03-27,9.21,9.23,8.76,8.78,9.28,-0.5,-5.39,29777100.0,117286514.0,2.28,0.02958,0.052865,0.79,,18.9096,9.0496,3.496,4.4869,0.0,,1006671464.0,1006671464.0,563267969.0,3875685136.0,3875685136.0,环境保护,环保,环境治理,综合环境治理,4.48,3.66,0.0
2024-03-28,8.85,9.17,8.85,9.01,8.78,0.2300000000000004,2.62,38665500.0,153060263.0,2.28,0.038409,0.068645,1.13,6.0812,6.0812,5.6853,4.3166,4.3166,0.0,,1006671464.0,1006671464.0,563267969.0,3976352283.0,3976352283.0,环境保护,环保,环境治理,综合环境治理,4.24,3.47,0.0
2024-03-29,9.05,9.1,8.82,8.96,9.01,-0.0499999999999989,-0.55,30382703.000000004,118846181.0,2.28,0.030181,0.05394,0.9,6.0504,6.0504,5.6565,4.2948,4.2948,0.0,,1006671464.0,1006671464.0,563267969.0,3956218854.000001,3956218854.000001,环境保护,环保,环境治理,综合环境治理,4.35,3.56,0.0
2024-04-01,8.96,9.12,8.91,9.12,8.96,0.1599999999999983,1.79,26311695.0,104511386.0,2.28,0.026137,0.046713,0.84,6.1581,6.1581,5.7572,4.3713,4.3713,0.0,,1006671464.0,1006671464.0,563267969.0,4026685856.0,4026685856.0,环境保护,环保,环境治理,综合环境治理,4.32,3.54,0.0
2024-04-02,9.1,9.42,9.07,9.35,9.12,0.2300000000000004,2.52,55616294.99999999,225794785.0,2.28,0.055248,0.098739,1.77,6.3121,6.3121,5.9012,4.4805,4.4805,0.0,,1006671464.0,1006671464.0,563267969.0,4127353002.0,4127353002.0,环境保护,环保,环境治理,综合环境治理,4.4,3.6,0.0
2024-04-03,9.35,9.46,9.07,9.19,9.35,-0.1600000000000001,-1.71,40587496.0,163559391.0,2.28,0.040319,0.072057,1.12,6.2043,6.2043,5.8004,4.404,4.404,0.0,,1006671464.0,1006671464.0,563267969.0,4056886000.0,4056886000.0,环境保护,环保,环境治理,综合环境治理,4.51,3.69,0.0
2024-04-08,9.19,9.19,8.87,8.91,9.19,-0.2799999999999993,-3.05,36074432.0,142596544.0,2.28,0.035835,0.0640449999999999,0.94,6.0196,6.0196,5.6277,4.2729,4.2729,0.0,,1006671464.0,1006671464.0,563267969.0,3936085424.0,3936085424.0,环境保护,环保,环境治理,综合环境治理,4.43,3.63,0.0
2024-04-09,8.89,9.1,8.85,9.1,8.91,0.1899999999999995,2.13,25334002.0,100406032.0,2.28,0.025166,0.044977,0.67,6.1427,6.1427,5.7428,4.3603,4.3603,0.0,,1006671464.0,1006671464.0,563267969.0,4016619141.0,4016619141.0,环境保护,环保,环境治理,综合环境治理,4.3,3.52,0.0
2024-04-10,9.12,9.12,8.76,8.91,9.1,-0.1899999999999995,-2.09,25146200.0,98172643.0,2.28,0.02498,0.0446429999999999,0.68,6.0196,6.0196,5.6277,4.2729,4.2729,0.0,,1006671464.0,1006671464.0,563267969.0,3936085424.0,3936085424.0,环境保护,环保,环境治理,综合环境治理,4.39,3.59,0.0
2024-04-11,8.85,9.1,8.71,8.98,8.91,0.0700000000000002,0.79,23545701.0,92815729.0,2.28,0.02339,0.041802,0.64,6.0658,6.0658,5.6709,4.3057,4.3057,0.0,,1006671464.0,1006671464.0,563267969.0,3966285568.0,3966285568.0,环境保护,环保,环境治理,综合环境治理,4.3,3.52,0.0
2024-04-12,8.98,9.03,8.73,8.76,8.98,-0.2200000000000006,-2.45,21665000.0,84135398.0,2.28,0.021521,0.038463,0.72,5.9118,5.9118,5.5269,4.1964,4.1964,0.0,,1006671464.0,1006671464.0,563267969.0,3865618422.0,3865618422.0,环境保护,环保,环境治理,综合环境治理,4.33,3.55,0.0
2024-04-15,8.55,8.64,7.93,8.23,8.76,-0.5299999999999994,-6.05,41932296.0,151745723.0,2.28,0.041654,0.074445,1.59,5.5577,5.5577,5.1959,3.9451,3.9451,0.0,,1006671464.0,1006671464.0,563267969.0,3634083985.0,3634083985.0,环境保护,环保,环境治理,综合环境治理,4.22,3.46,0.0
2024-04-16,8.16,8.16,7.41,7.41,8.23,-0.8200000000000003,-9.96,41974501.0,140462487.0,2.28,0.041696,0.07452,1.52,5.0035,5.0035,4.6778,3.5517,3.5517,0.0,,1006671464.0,1006671464.0,563267969.0,3271682258.0,3271682258.0,环境保护,环保,环境治理,综合环境治理,3.97,3.25,0.0
2024-04-17,7.55,7.96,7.55,7.96,7.41,0.5499999999999998,7.42,27896457.0,95863056.0,2.28,0.027712,0.049526,0.9,5.373,5.373,5.0232,3.8139,3.8139,0.0,,1006671464.0,1006671464.0,563267969.0,3513283409.0,3513283409.0,环境保护,环保,环境治理,综合环境治理,3.58,2.93,0.0
2024-04-18,7.96,7.96,7.66,7.68,7.96,-0.2800000000000002,-3.52,24331500.0,83126359.0,2.28,0.0241699999999999,0.043197,0.77,5.1882,5.1882,4.8505,3.6828,3.6828,0.0,,1006671464.0,1006671464.0,563267969.0,3392482834.0,3392482834.0,环境保护,环保,环境治理,综合环境治理,3.84,3.14,0.0
2024-04-19,7.71,7.82,7.55,7.59,7.68,-0.0899999999999998,-1.17,19172303.0,64250748.0,2.28,0.019045,0.034038,0.61,5.1267,5.1267,4.7929,3.6391,3.6391,0.0,,1006671464.0,1006671464.0,563267969.0,3352215974.9999995,3352215974.9999995,环境保护,环保,环境治理,综合环境治理,3.71,3.03,0.0
2024-04-22,7.59,7.59,7.32,7.46,7.59,-0.1299999999999999,-1.71,15722295.000000002,51403569.0,2.28,0.015618,0.027913,0.51,5.0343,5.0343,4.7065,3.5735,3.5735,0.0,,1006671464.0,1006671464.0,563267969.0,3291815687.0,3291815687.0,环境保护,环保,环境治理,综合环境治理,3.66,3.0,0.0
2024-04-23,7.52,7.68,7.5,7.55,7.46,0.0899999999999998,1.21,15534001.0,51781291.0,2.28,0.0154309999999999,0.027578,0.6,5.0959,5.0959,4.7641,3.6172,3.6172,0.0,,1006671464.0,1006671464.0,563267969.0,3332082546.0,3332082546.0,环境保护,环保,环境治理,综合环境治理,3.6,2.94,0.0
2024-04-24,7.62,7.68,7.55,7.66,7.55,0.1100000000000003,1.46,13693901.999999998,45751283.0,2.28,0.013603,0.024312,0.67,5.1728,5.1728,4.8361,3.6719,3.6719,0.0,,1006671464.0,1006671464.0,563267969.0,3382416119.0,3382416119.0,环境保护,环保,环境治理,综合环境治理,3.64,2.98,0.0
2024-04-25,7.59,7.59,7.41,7.46,7.66,-0.2000000000000001,-2.61,24751500.0,81336284.0,2.28,0.0245869999999999,0.043943,1.4,5.0343,5.0089,4.8709,3.5735,3.3623,0.0,,1006671464.0,1006671464.0,563267969.0,3291815687.0,3291815687.0,环境保护,环保,环境治理,综合环境治理,3.7,3.02,0.0
2024-04-26,7.48,7.59,7.34,7.55,7.46,0.0899999999999998,1.21,22171800.0,72800464.0,2.28,0.022025,0.039363,1.25,5.0959,5.0701,4.9305,3.6172,3.4034,0.0,,1006671464.0,1006671464.0,563267969.0,3332082546.0,3332082546.0,环境保护,环保,环境治理,综合环境治理,3.6,2.94,0.0
2024-04-29,7.52,7.8,7.5,7.8,7.55,0.25,3.31,22358303.0,75748303.0,2.28,0.02221,0.039694,1.22,5.2652,5.2386,5.0943,3.7374,3.5165,0.0,,1006671464.0,1006671464.0,563267969.0,3442816407.0,3442816407.0,环境保护,环保,环境治理,综合环境治理,3.64,2.98,0.0
2024-04-30,7.91,7.93,7.66,7.8,7.8,0.0,0.0,20254301.0,69263493.0,2.28,0.02012,0.035959,1.03,5.2652,5.2386,5.0943,3.7374,3.5165,0.0,,1006671464.0,1006671464.0,563267969.0,3442816407.0,3442816407.0,环境保护,环保,环境治理,综合环境治理,3.76,3.08,0.0
2024-05-06,7.87,8.0,7.87,7.96,7.8,0.1600000000000001,2.05,19929100.0,69389446.0,2.28,0.019797,0.035381,0.97,5.373,5.3458,5.1986,3.8139,3.5885,0.0,,1006671464.0,1006671464.0,563267969.0,3513283409.0,3513283409.0,环境保护,环保,环境治理,综合环境治理,3.76,3.08,0.0
2024-05-07,7.96,7.96,7.8,7.93,7.96,-0.0300000000000002,-0.38,16213501.0,55952624.0,2.28,0.016106,0.0287849999999999,0.74,5.3576,5.3305,5.1837,3.803,3.5782,0.0,,1006671464.0,1006671464.0,563267969.0,3503216695.0,3503216695.0,环境保护,环保,环境治理,综合环境治理,3.84,3.14,0.0
2024-05-08,7.89,7.93,7.73,7.73,7.93,-0.1999999999999993,-2.52,14387410.0,49291620.0,2.28,0.014292,0.025543,0.71,5.219,5.1927,5.0496,3.7046,3.4857,0.0,,1006671464.0,1006671464.0,563267969.0,3412616263.0,3412616263.0,环境保护,环保,环境治理,综合环境治理,3.83,3.13,0.0
2024-05-09,7.75,7.91,7.75,7.82,7.73,0.0899999999999998,1.16,12609900.0,43432680.0,2.28,0.0125259999999999,0.022387,0.68,5.2806,5.2539,5.1092,3.7484,3.5268,0.0,,1006671464.0,1006671464.0,563267969.0,3452883122.0,3452883122.0,环境保护,环保,环境治理,综合环境治理,3.73,3.05,0.0
2024-05-10,7.82,7.82,7.62,7.64,7.82,-0.1800000000000006,-2.3,15399800.0,51893479.0,2.28,0.015298,0.02734,0.92,5.1574,5.1314,4.9901,3.6609,3.4446,0.0,,1006671464.0,1006671464.0,563267969.0,3372349404.0,3372349404.0,环境保护,环保,环境治理,综合环境治理,3.77,3.09,0.0
2024-05-13,7.62,7.64,7.5,7.5,7.64,-0.1399999999999996,-1.83,13235400.0,43841723.0,2.28,0.013148,0.023498,0.84,5.0651,5.0395,4.9007,3.5954,3.3829,0.0,,1006671464.0,1006671464.0,563267969.0,3311949117.0,3311949117.0,环境保护,环保,环境治理,综合环境治理,3.69,3.02,0.0
2024-05-14,7.52,7.59,7.43,7.55,7.5,0.0499999999999998,0.67,9557800.0,31592221.0,2.28,0.009494,0.016968,0.67,5.0959,5.0701,4.9305,3.6172,3.4034,0.0,,1006671464.0,1006671464.0,563267969.0,3332082546.0,3332082546.0,环境保护,环保,环境治理,综合环境治理,3.62,2.96,0.0
2024-05-15,7.57,7.64,7.5,7.59,7.55,0.04,0.53,11036400.0,36726926.0,2.28,0.010963,0.019594,0.85,5.1267,5.1008,4.9603,3.6391,3.424,0.0,,1006671464.0,1006671464.0,563267969.0,3352215974.9999995,3352215974.9999995,环境保护,环保,环境治理,综合环境治理,3.64,2.98,0.0
2024-05-16,7.52,7.77,7.52,7.68,7.59,0.0899999999999998,1.19,15783804.999999998,53154694.0,2.28,0.015679,0.028022,1.28,5.1882,5.162,5.0199,3.6828,3.4651,0.0,,1006671464.0,1006671464.0,563267969.0,3392482834.0,3392482834.0,环境保护,环保,环境治理,综合环境治理,3.66,3.0,0.0
2024-05-17,7.66,7.8,7.59,7.8,7.68,0.1200000000000001,1.56,12325710.0,41866012.0,2.28,0.012244,0.021882,0.95,5.2652,5.2386,5.0943,3.7374,3.5165,0.0,,1006671464.0,1006671464.0,563267969.0,3442816407.0,3442816407.0,环境保护,环保,环境治理,综合环境治理,3.71,3.03,0.0
2024-05-20,7.84,7.87,7.59,7.62,7.8,-0.1799999999999997,-2.31,16961000.0,57266282.0,2.28,0.016849,0.030112,1.37,5.1421,5.1161,4.9752,3.65,3.4343,0.0,,1006671464.0,1006671464.0,563267969.0,3362282689.9999995,3362282689.9999995,环境保护,环保,环境治理,综合环境治理,3.76,3.08,0.0
2024-05-21,7.62,7.62,7.46,7.52,7.62,-0.1000000000000005,-1.31,12715600.0,41870034.0,2.28,0.0126309999999999,0.0225749999999999,0.97,5.0805,5.0548,4.9156,3.6063,3.3931,0.0,,1006671464.0,1006671464.0,563267969.0,3322015831.0,3322015831.0,环境保护,环保,环境治理,综合环境治理,3.67,3.01,0.0
2024-05-22,7.55,7.66,7.5,7.59,7.52,0.0700000000000002,0.93,9159801.0,30446258.0,2.28,0.009099,0.016262,0.67,5.1267,5.1008,4.9603,3.6391,3.424,0.0,,1006671464.0,1006671464.0,563267969.0,3352215974.9999995,3352215974.9999995,环境保护,环保,环境治理,综合环境治理,3.63,2.97,0.0
2024-05-23,7.62,7.62,7.3,7.34,7.59,-0.25,-3.29,15001200.0,48624585.0,2.28,0.014902,0.026632,1.12,4.9573,4.9323,4.7964,3.5189,3.3109,0.0,,1006671464.0,1006671464.0,563267969.0,3241482113.9999995,3241482113.9999995,环境保护,环保,环境治理,综合环境治理,3.66,3.0,0.0
2024-05-24,7.34,7.41,7.25,7.27,7.34,-0.0700000000000002,-0.95,7230500.0,23201481.0,2.28,0.007183,0.012837,0.55,4.9111,4.8863,4.7517,3.4861,3.28,0.0,,1006671464.0,1006671464.0,563267969.0,3211281970.0,3211281970.0,环境保护,环保,环境治理,综合环境治理,3.54,2.9,0.0
2024-05-27,7.3,7.36,7.14,7.36,7.27,0.0900000000000007,1.24,8935300.0,28326472.0,2.28,0.008876,0.015863,0.73,4.9727,4.9476,4.8113,3.5298,3.3212,0.0,,1006671464.0,1006671464.0,563267969.0,3251548829.0000005,3251548829.0000005,环境保护,环保,环境治理,综合环境治理,3.51,2.87,0.0
2024-05-28,7.36,7.39,7.23,7.25,7.36,-0.1100000000000003,-1.49,9009800.0,28762531.0,2.28,0.00895,0.015996,0.85,4.8957,4.871,4.7368,3.4752,3.2698,0.0,,1006671464.0,1006671464.0,563267969.0,3201215256.0,3201215256.0,环境保护,环保,环境治理,综合环境治理,3.55,2.91,0.0
2024-05-29,7.2,7.36,7.2,7.3,7.25,0.0499999999999998,0.69,6987300.0,22405889.0,2.28,0.006941,0.012405,0.71,4.9265,4.9016,4.7666,3.497,3.2903,0.0,,1006671464.0,1006671464.0,563267969.0,3221348685.0,3221348685.0,环境保护,环保,环境治理,综合环境治理,3.5,2.86,0.0
2024-05-30,7.3,7.3,7.16,7.18,7.3,-0.1200000000000001,-1.64,7049000.0,22315527.0,2.28,0.007002,0.012514,0.75,4.8495,4.825,4.6921,3.4424,3.2389,0.0,,1006671464.0,1006671464.0,563267969.0,3171015112.0,3171015112.0,环境保护,环保,环境治理,综合环境治理,3.52,2.88,0.0
2024-05-31,7.2,7.25,7.18,7.2,7.18,0.0200000000000004,0.28,5670100.0,17949886.0,2.28,0.005633,0.0100659999999999,0.72,4.8649,4.8404,4.707,3.4533,3.2492,0.0,,1006671464.0,1006671464.0,563267969.0,3181081826.0,3181081826.0,环境保护,环保,环境治理,综合环境治理,3.47,2.84,0.0
2024-06-03,7.18,7.2,6.89,6.95,7.2,-0.25,-3.47,14104551.999999998,43330809.0,2.28,0.014011,0.025041,1.87,4.6956,4.6719,4.5432,3.3331,3.1361,0.0,,1006671464.0,1006671464.0,563267969.0,3070347965.0,3070347965.0,环境保护,环保,环境治理,综合环境治理,3.48,2.84,0.0
2024-06-04,6.98,6.98,6.82,6.98,6.95,0.0300000000000002,0.43,11745800.0,35570418.0,2.28,0.011668,0.020853,1.37,4.711,4.6872,4.5581,3.344,3.1464,0.0,,1006671464.0,1006671464.0,563267969.0,3080414680.0,3080414680.0,环境保护,环保,环境治理,综合环境治理,3.36,2.75,0.0
2024-06-05,6.93,6.95,6.75,6.75,6.98,-0.2300000000000004,-3.3,11448801.0,34290183.0,2.28,0.011373,0.020326,1.26,4.557,4.534,4.4091,3.2347,3.0435,0.0,,1006671464.0,1006671464.0,563267969.0,2979747533.0,2979747533.0,环境保护,环保,环境治理,综合环境治理,3.37,2.75,0.0
2024-06-06,6.75,6.79,6.38,6.48,6.75,-0.2699999999999996,-4.0,24730826.0,70922473.0,2.28,0.024567,0.043906,2.47,4.3723,4.3502,4.2304,3.1036,2.9202,0.0,,1006671464.0,1006671464.0,563267969.0,2858946958.0,2858946958.0,环境保护,环保,环境治理,综合环境治理,3.26,2.66,0.0
2024-06-07,6.5,6.68,6.45,6.59,6.48,0.1099999999999994,1.7,9630600.0,27784594.0,2.28,0.0095669999999999,0.017098,0.71,4.4493,4.4268,4.3049,3.1582,2.9716,0.0,,1006671464.0,1006671464.0,563267969.0,2909280531.0,2909280531.0,环境保护,环保,环境治理,综合环境治理,3.12,2.56,0.0
2024-06-11,6.59,6.66,6.41,6.57,6.59,-0.0199999999999995,-0.3,8631423.0,24734398.0,2.28,0.008574,0.0153239999999999,0.6,4.4339,4.4115,4.29,3.1473,2.9613,0.0,,1006671464.0,1006671464.0,563267969.0,2899213816.0,2899213816.0,环境保护,环保,环境治理,综合环境治理,3.18,2.6,0.0
2024-06-12,6.61,6.79,6.54,6.75,6.57,0.1799999999999997,2.74,11061821.0,32528914.0,2.28,0.010989,0.019639,0.84,4.557,4.534,4.4091,3.2347,3.0435,0.0,,1006671464.0,1006671464.0,563267969.0,2979747533.0,2979747533.0,环境保护,环保,环境治理,综合环境治理,3.17,2.59,0.0
2024-06-13,6.77,6.77,6.52,6.54,6.75,-0.2099999999999999,-3.11,11602000.0,33683841.0,2.28,0.011525,0.020598,0.89,4.4185,4.3962,4.2751,3.1364,2.951,0.0,,1006671464.0,1006671464.0,563267969.0,2889147101.9999995,2889147101.9999995,环境保护,环保,环境治理,综合环境治理,3.26,2.66,0.0
2024-06-14,6.54,6.68,6.45,6.63,6.54,0.0899999999999998,1.38,7194638.0,20827659.0,2.28,0.007147,0.012773,0.55,4.4801,4.4574,4.3347,3.1801,2.9921,0.0,,1006671464.0,1006671464.0,563267969.0,2929413960.0,2929413960.0,环境保护,环保,环境治理,综合环境治理,3.16,2.58,0.0
2024-06-17,6.57,6.66,6.52,6.59,6.63,-0.04,-0.6,5691200.0,16474636.999999998,2.28,0.005653,0.010104,0.59,4.4493,4.4268,4.3049,3.1582,2.9716,0.0,,1006671464.0,1006671464.0,563267969.0,2909280531.0,2909280531.0,环境保护,环保,环境治理,综合环境治理,3.2,2.62,0.0
2024-06-18,6.59,6.73,6.54,6.68,6.59,0.0899999999999998,1.37,7604500.999999999,22150393.0,2.28,0.007554,0.013501,0.86,4.5108,4.4881,4.3644,3.202,3.0127,0.0,,1006671464.0,1006671464.0,563267969.0,2949547390.0,2949547390.0,环境保护,环保,环境治理,综合环境治理,3.18,2.6,0.0
2024-06-19,6.7,6.75,6.61,6.66,6.68,-0.0199999999999995,-0.3,6320000.0,18535309.0,2.28,0.006278,0.01122,0.73,4.4954,4.4727,4.3495,3.191,3.0024,0.0,,1006671464.0,1006671464.0,563267969.0,2939480675.0,2939480675.0,环境保护,环保,环境治理,综合环境治理,3.22,2.64,0.0
2024-06-20,6.66,6.7,6.5,6.52,6.66,-0.1400000000000005,-2.1,8144738.0,23432555.0,2.28,0.008091,0.0144599999999999,1.06,4.4031,4.3808,4.2602,3.1255,2.9407,0.0,,1006671464.0,1006671464.0,563267969.0,2879080386.9999995,2879080386.9999995,环境保护,环保,环境治理,综合环境治理,3.21,2.63,0.0
2024-06-21,6.45,6.57,6.18,6.48,6.52,-0.0399999999999991,-0.61,8389200.0,23722688.0,2.28,0.008334,0.014894,1.2,4.3723,4.3502,4.2304,3.1036,2.9202,0.0,,1006671464.0,1006671464.0,563267969.0,2858946958.0,2858946958.0,环境保护,环保,环境治理,综合环境治理,3.15,2.57,0.0
2024-06-24,6.43,6.45,6.09,6.11,6.48,-0.3700000000000001,-5.71,12588857.0,34213780.0,2.28,0.0125049999999999,0.02235,1.74,4.126,4.1051,3.9921,2.9287,2.7556,0.0,,1006671464.0,1006671464.0,563267969.0,2697879524.0,2697879524.0,环境保护,环保,环境治理,综合环境治理,3.12,2.56,0.0
2024-06-25,6.09,6.25,6.06,6.18,6.11,0.0699999999999994,1.15,9817203.0,26568367.0,2.2795,0.009752,0.017429,1.14,4.1721,4.1511,4.0367,2.9615,2.7865,0.0,,1006671464.0,1006671464.0,563267969.0,2728079667.0,2728079667.0,环境保护,环保,环境治理,综合环境治理,2.95,2.41,0.0
2024-06-26,6.2,6.41,6.11,6.41,6.18,0.2300000000000004,3.72,8449601.0,23248185.0,2.28,0.008394,0.015001,0.93,4.3261,4.3042,4.1857,3.0708,2.8893,0.0,,1006671464.0,1006671464.0,563267969.0,2828746814.0,2828746814.0,环境保护,环保,环境治理,综合环境治理,2.98,2.44,0.0
2024-06-27,6.36,6.43,6.18,6.2,6.41,-0.2099999999999999,-3.28,7842919.0,21598623.0,2.28,0.007791,0.013924,0.83,4.1875,4.1664,4.0516,2.9725,2.7968,0.0,,1006671464.0,1006671464.0,563267969.0,2738146382.0,2738146382.0,环境保护,环保,环境治理,综合环境治理,3.09,2.53,0.0
2024-06-28,6.13,6.32,6.11,6.16,6.2,-0.04,-0.65,7459541.0,20339056.0,2.28,0.00741,0.013243,0.79,4.1567,4.1358,4.0218,2.9506,2.7762,0.0,,1006671464.0,1006671464.0,563267969.0,2718012953.0,2718012953.0,环境保护,环保,环境治理,综合环境治理,2.99,2.45,0.0
2024-07-01,6.13,6.25,6.06,6.2,6.16,0.04,0.65,7637039.999999999,20674857.0,2.28,0.007586,0.0135579999999999,0.83,4.1875,4.1664,4.0516,2.9725,2.7968,0.0,,1006671464.0,1006671464.0,563267969.0,2738146382.0,2738146382.0,环境保护,环保,环境治理,综合环境治理,2.97,2.43,0.0
2024-07-02,6.18,6.48,6.18,6.29,6.2,0.0899999999999998,1.45,12275048.0,34037441.0,2.28,0.012194,0.021793,1.49,4.2491,4.2277,4.1112,3.0162,2.8379,0.0,,1006671464.0,1006671464.0,563267969.0,2778413241.0000005,2778413241.0000005,环境保护,环保,环境治理,综合环境治理,2.99,2.45,0.0
2024-07-03,6.29,6.36,6.22,6.25,6.29,-0.04,-0.64,6254400.0,17252725.0,2.28,0.006213,0.011104,0.72,4.2183,4.197,4.0814,2.9943,2.8173,0.0,,1006671464.0,1006671464.0,563267969.0,2758279810.9999995,2758279810.9999995,环境保护,环保,环境治理,综合环境治理,3.04,2.48,0.0
2024-07-04,6.22,6.29,5.97,6.02,6.25,-0.2300000000000004,-3.68,9414700.0,25151183.0,2.28,0.009352,0.016714,1.14,4.0644,4.0438,3.9325,2.885,2.7145,0.0,,1006671464.0,1006671464.0,563267969.0,2657612665.0000005,2657612665.0000005,环境保护,环保,环境治理,综合环境治理,3.01,2.47,0.0
2024-07-05,6.02,6.13,5.93,6.09,6.02,0.0700000000000002,1.16,7226100.0,19172377.0,2.28,0.007178,0.012829,0.84,4.1106,4.0898,3.9772,2.9178,2.7454,0.0,,1006671464.0,1006671464.0,563267969.0,2687812809.0,2687812809.0,环境保护,环保,环境治理,综合环境治理,2.9,2.38,0.0
2024-07-08,6.11,6.11,5.84,5.86,6.09,-0.2299999999999995,-3.78,9719100.0,25225092.0,2.28,0.009655,0.017255,1.14,3.9566,3.9366,3.8282,2.8085,2.6425,0.0,,1006671464.0,1006671464.0,563267969.0,2587145662.0,2587145662.0,环境保护,环保,环境治理,综合环境治理,2.94,2.4,0.0
2024-07-09,5.86,5.95,5.68,5.86,5.86,0.0,0.0,9759400.0,24900382.0,2.28,0.009695,0.0173259999999999,1.09,3.9566,3.9366,3.8282,2.8085,2.6425,0.0,,1006671464.0,1006671464.0,563267969.0,2587145662.0,2587145662.0,环境保护,环保,环境治理,综合环境治理,2.83,2.31,0.0
2024-07-10,5.79,5.79,5.61,5.61,5.86,-0.25,-4.27,12384372.0,30775782.0,2.28,0.012302,0.021987,1.46,3.7873,3.7681,3.6643,2.6883,2.5294,0.0,,1006671464.0,1006671464.0,563267969.0,2476411801.0,2476411801.0,环境保护,环保,环境治理,综合环境治理,2.83,2.31,0.0
2024-07-11,5.7,5.88,5.68,5.86,5.61,0.25,4.46,13162219.0,33533700.0,2.28,0.013075,0.023368,1.36,3.9566,3.9366,3.8282,2.8085,2.6425,0.0,,1006671464.0,1006671464.0,563267969.0,2587145662.0,2587145662.0,环境保护,环保,环境治理,综合环境治理,2.71,2.21,0.0
2024-07-12,5.91,5.97,5.72,5.75,5.86,-0.1100000000000003,-1.88,7858000.0,20138511.0,2.28,0.007806,0.013951,0.75,3.8796,3.86,3.7537,2.7539,2.5911,0.0,,1006671464.0,1006671464.0,563267969.0,2536812089.0,2536812089.0,环境保护,环保,环境治理,综合环境治理,2.83,2.31,0.0
2024-07-15,5.77,5.77,5.61,5.63,5.75,-0.1200000000000001,-2.09,7139200.0,17676243.0,2.28,0.007092,0.012675,0.67,3.8027,3.7834,3.6792,2.6993,2.5397,0.0,,1006671464.0,1006671464.0,563267969.0,2486478516.0,2486478516.0,环境保护,环保,环境治理,综合环境治理,2.77,2.27,0.0
2024-07-16,5.65,5.68,5.59,5.61,5.63,-0.0199999999999995,-0.36,5436100.0,13398017.0,2.28,0.0054,0.009651,0.54,3.7873,3.7681,3.6643,2.6883,2.5294,0.0,,1006671464.0,1006671464.0,563267969.0,2476411801.0,2476411801.0,环境保护,环保,环境治理,综合环境治理,2.72,2.22,0.0
2024-07-17,5.61,5.77,5.59,5.63,5.61,0.0199999999999995,0.36,8618501.0,21385696.0,2.28,0.008561,0.015301,0.94,3.8027,3.7834,3.6792,2.6993,2.5397,0.0,,1006671464.0,1006671464.0,563267969.0,2486478516.0,2486478516.0,环境保护,环保,环境治理,综合环境治理,2.71,2.21,0.0
2024-07-18,5.65,5.65,5.49,5.65,5.63,0.0200000000000004,0.36,8074819.0,19752889.0,2.28,0.008021,0.014336,0.96,3.8181,3.7988,3.6941,2.7102,2.55,0.0,,1006671464.0,1006671464.0,563267969.0,2496545231.0,2496545231.0,环境保护,环保,环境治理,综合环境治理,2.72,2.22,0.0
2024-07-19,5.63,5.7,5.47,5.56,5.65,-0.0900000000000007,-1.59,7904934.0,19233425.0,2.28,0.007853,0.014034,1.06,3.7565,3.7375,3.6346,2.6665,2.5089,0.0,,1006671464.0,1006671464.0,563267969.0,2456278372.0,2456278372.0,环境保护,环保,环境治理,综合环境治理,2.73,2.23,0.0
2024-07-22,5.59,5.84,5.52,5.72,5.56,0.1600000000000001,2.88,12263317.0,30684031.0,2.28,0.012182,0.021772,1.65,3.8642,3.8447,3.7388,2.743,2.5808,0.0,,1006671464.0,1006671464.0,563267969.0,2526745375.0,2526745375.0,环境保护,环保,环境治理,综合环境治理,2.68,2.2,0.0
2024-07-23,5.72,6.29,5.7,6.29,5.72,0.5700000000000003,9.97,34625950.0,94536839.0,2.28,0.034396,0.061473,4.09,4.2491,4.2277,4.1112,3.0162,2.8379,0.0,,1006671464.0,1006671464.0,563267969.0,2778413241.0000005,2778413241.0000005,环境保护,环保,环境治理,综合环境治理,2.76,2.26,0.0
2024-07-24,6.2,6.5,6.02,6.06,6.29,-0.2300000000000004,-3.66,50017801.0,135903601.0,2.28,0.049686,0.0887989999999999,3.5,4.0952,4.0745,3.9623,2.9069,2.7351,0.0,,1006671464.0,1006671464.0,563267969.0,2677746094.0,2677746094.0,环境保护,环保,环境治理,综合环境治理,3.04,2.48,0.0
2024-07-25,6.02,6.22,5.95,6.09,6.06,0.0300000000000002,0.5,24744096.0,65999702.99999999,2.28,0.02458,0.04393,1.1,4.1106,4.0898,3.9772,2.9178,2.7454,0.0,,1006671464.0,1006671464.0,563267969.0,2687812809.0,2687812809.0,环境保护,环保,环境治理,综合环境治理,2.93,2.39,0.0
2024-07-26,6.09,6.13,5.97,6.02,6.09,-0.0700000000000002,-1.15,17039501.0,44990935.0,2.28,0.016927,0.030251,0.66,4.0644,4.0438,3.9325,2.885,2.7145,0.0,,1006671464.0,1006671464.0,563267969.0,2657612665.0000005,2657612665.0000005,环境保护,环保,环境治理,综合环境治理,2.94,2.4,0.0
2024-07-29,6.04,6.16,5.95,6.13,6.02,0.1100000000000003,1.83,17849901.0,47558522.0,2.28,0.017732,0.03169,0.64,4.1414,4.1204,4.0069,2.9397,2.7659,0.0,,1006671464.0,1006671464.0,563267969.0,2707946238.0,2707946238.0,环境保护,环保,环境治理,综合环境治理,2.9,2.38,0.0
2024-07-30,6.13,6.27,6.06,6.16,6.13,0.0300000000000002,0.49,12093700.0,32535041.0,2.28,0.012014,0.021471,0.42,4.1567,4.1358,4.0218,2.9506,2.7762,0.0,,1006671464.0,1006671464.0,563267969.0,2718012953.0,2718012953.0,环境保护,环保,环境治理,综合环境治理,2.96,2.42,0.0
2024-07-31,6.16,6.43,6.13,6.36,6.16,0.2000000000000001,3.25,18644434.0,51652912.0,2.28,0.018521,0.0331,0.77,4.2953,4.2736,4.1559,3.049,2.8687,0.0,,1006671464.0,1006671464.0,563267969.0,2808613385.0,2808613385.0,环境保护,环保,环境治理,综合环境治理,2.97,2.43,0.0
2024-08-01,6.36,6.36,6.25,6.32,6.36,-0.04,-0.63,13689893.0,37872826.0,2.28,0.013599,0.024304,0.76,4.2645,4.243,4.1261,3.0271,2.8482,0.0,,1006671464.0,1006671464.0,563267969.0,2788479955.0,2788479955.0,环境保护,环保,环境治理,综合环境治理,3.07,2.51,0.0
2024-08-02,6.22,6.34,6.16,6.16,6.32,-0.1600000000000001,-2.53,11324942.0,30987014.0,2.28,0.01125,0.020106,0.71,4.1567,4.1358,4.0218,2.9506,2.7762,0.0,,1006671464.0,1006671464.0,563267969.0,2718012953.0,2718012953.0,环境保护,环保,环境治理,综合环境治理,3.05,2.49,0.0
2024-08-05,6.16,6.2,5.95,5.95,6.16,-0.2099999999999999,-3.41,13911200.0,37114256.0,2.28,0.013819,0.024697,0.95,4.0182,3.9979,3.8878,2.8523,2.6837,0.0,,1006671464.0,1006671464.0,563267969.0,2627412521.0,2627412521.0,环境保护,环保,环境治理,综合环境治理,2.97,2.43,0.0
2024-08-06,6.02,6.09,5.95,6.06,5.95,0.1099999999999994,1.85,10549301.0,27870441.0,2.28,0.010479,0.018729,0.76,4.0952,4.0745,3.9623,2.9069,2.7351,0.0,,1006671464.0,1006671464.0,563267969.0,2677746094.0,2677746094.0,环境保护,环保,环境治理,综合环境治理,2.87,2.35,0.0
2024-08-07,6.06,6.06,5.95,6.02,6.06,-0.04,-0.66,7715200.0,20297673.0,2.28,0.007664,0.0136969999999999,0.57,4.0644,4.0438,3.9325,2.885,2.7145,0.0,,1006671464.0,1006671464.0,563267969.0,2657612665.0000005,2657612665.0000005,环境保护,环保,环境治理,综合环境治理,2.93,2.39,0.0
2024-08-08,6.02,6.04,5.88,6.02,6.02,0.0,0.0,7949156.0,20829094.0,2.28,0.007896,0.014113,0.69,4.0644,4.0438,3.9325,2.885,2.7145,0.0,,1006671464.0,1006671464.0,563267969.0,2657612665.0000005,2657612665.0000005,环境保护,环保,环境治理,综合环境治理,2.9,2.38,0.0
2024-08-09,6.0,6.11,5.97,6.0,6.02,-0.0199999999999995,-0.33,8688299.0,23001102.0,2.28,0.008631,0.015425,0.84,4.049,4.0285,3.9176,2.8741,2.7042,0.0,,1006671464.0,1006671464.0,563267969.0,2647545949.9999995,2647545949.9999995,环境保护,环保,环境治理,综合环境治理,2.9,2.38,0.0
2024-08-12,6.09,6.27,5.91,5.97,6.0,-0.0300000000000002,-0.5,13436156.0,35620537.0,2.28,0.013347,0.023854,1.38,4.0336,4.0132,3.9027,2.8632,2.6939,0.0,,1006671464.0,1006671464.0,563267969.0,2637479236.0,2637479236.0,环境保护,环保,环境治理,综合环境治理,2.89,2.37,0.0
2024-08-13,5.86,6.04,5.81,6.02,5.97,0.0499999999999998,0.84,10010911.0,26033802.0,2.28,0.009945,0.017773,1.04,4.0644,4.0438,3.9325,2.885,2.7145,0.0,,1006671464.0,1006671464.0,563267969.0,2657612665.0000005,2657612665.0000005,环境保护,环保,环境治理,综合环境治理,2.88,2.36,0.0
2024-08-14,6.02,6.13,5.93,6.06,6.02,0.04,0.66,9724800.0,25916554.0,2.28,0.00966,0.017265,1.02,4.0952,4.0745,3.9623,2.9069,2.7351,0.0,,1006671464.0,1006671464.0,563267969.0,2677746094.0,2677746094.0,环境保护,环保,环境治理,综合环境治理,2.9,2.38,0.0
2024-08-15,6.06,6.2,5.97,6.2,6.06,0.1400000000000005,2.31,14017872.0,37657813.0,2.28,0.013925,0.024887,1.41,4.1875,4.1664,4.0516,2.9725,2.7968,0.0,,1006671464.0,1006671464.0,563267969.0,2738146382.0,2738146382.0,环境保护,环保,环境治理,综合环境治理,2.93,2.39,0.0
2024-08-16,6.18,6.2,6.02,6.04,6.2,-0.1600000000000001,-2.58,9651658.0,25808157.0,2.28,0.009588,0.017135,0.86,4.0798,4.0592,3.9474,2.896,2.7248,0.0,,1006671464.0,1006671464.0,563267969.0,2667679380.0,2667679380.0,环境保护,环保,环境治理,综合环境治理,2.99,2.45,0.0
2024-08-19,6.04,6.04,5.93,5.93,6.04,-0.1100000000000003,-1.82,7262800.0,19015402.0,2.28,0.007215,0.012894,0.64,4.0028,3.9826,3.8729,2.8413,2.6734,0.0,,1006671464.0,1006671464.0,563267969.0,2617345806.0,2617345806.0,环境保护,环保,环境治理,综合环境治理,2.92,2.39,0.0
2024-08-20,5.95,6.0,5.77,5.81,5.93,-0.1200000000000001,-2.02,6319500.0,16150723.0,2.28,0.006278,0.011219,0.62,3.9258,3.906,3.7984,2.7867,2.622,0.0,,1006671464.0,1006671464.0,563267969.0,2567012233.0,2567012233.0,环境保护,环保,环境治理,综合环境治理,2.86,2.34,0.0
2024-08-21,5.79,6.41,5.77,6.34,5.81,0.5300000000000002,9.12,52116302.0,143875492.0,2.28,0.051771,0.092525,5.55,4.2799,4.2583,4.141,3.038,2.8585,0.0,,1006671464.0,1006671464.0,563267969.0,2798546670.0,2798546670.0,环境保护,环保,环境治理,综合环境治理,2.81,2.3,0.0
2024-08-22,6.18,6.22,5.95,5.95,6.34,-0.3899999999999997,-6.15,34902500.0,92756020.0,2.28,0.034671,0.061964,1.95,4.0182,3.9979,3.8878,2.8523,2.6837,0.0,,1006671464.0,1006671464.0,563267969.0,2627412521.0,2627412521.0,环境保护,环保,环境治理,综合环境治理,3.06,2.5,0.0
2024-08-23,5.95,6.54,5.88,6.54,5.95,0.5899999999999999,9.92,35235501.0,99408209.0,2.28,0.035002,0.062555,1.6,4.4185,4.3962,4.2751,3.1364,2.951,0.0,,1006671464.0,1006671464.0,563267969.0,2889147101.9999995,2889147101.9999995,环境保护,环保,环境治理,综合环境治理,2.87,2.35,0.0
2024-08-26,6.73,7.2,6.5,7.2,6.54,0.6600000000000001,10.09,44664304.0,135175898.0,2.28,0.044368,0.079295,1.64,4.8649,4.8404,4.707,3.4533,3.2492,0.0,,1006671464.0,1006671464.0,563267969.0,3181081826.0,3181081826.0,环境保护,环保,环境治理,综合环境治理,3.16,2.58,0.0
2024-08-27,7.2,7.32,6.61,6.7,7.2,-0.5,-6.94,85167703.0,258079775.0,2.28,0.084603,0.151203,2.46,4.5262,4.5034,4.3793,3.2129,3.023,0.0,,1006671464.0,1006671464.0,563267969.0,2959614104.0,2959614104.0,环境保护,环保,环境治理,综合环境治理,3.48,2.84,0.0
2024-08-28,6.68,7.0,6.48,6.77,6.7,0.0699999999999994,1.04,51226840.0,149898302.0,2.28,0.050887,0.090946,1.02,4.5724,17.2895,4.6438,3.2457,3.5614,0.0,,1006671464.0,1006671464.0,563267969.0,2989814248.0,2989814248.0,环境保护,环保,环境治理,综合环境治理,3.23,2.65,0.0
2024-08-29,6.66,6.75,6.5,6.73,6.77,-0.0399999999999991,-0.59,41482577.0,120856406.0,2.28,0.041208,0.073646,0.83,4.5416,17.173,4.6126,3.2238,3.5374,0.0,,1006671464.0,1006671464.0,563267969.0,2969680819.0,2969680819.0,环境保护,环保,环境治理,综合环境治理,3.27,2.67,0.0
2024-08-30,6.7,7.11,6.57,6.93,6.73,0.1999999999999993,2.97,61338844.99999999,183363225.0,2.28,0.060932,0.108898,1.19,4.6802,17.697,4.7533,3.3222,3.6454,0.0,,1006671464.0,1006671464.0,563267969.0,3060281251.0,3060281251.0,环境保护,环保,环境治理,综合环境治理,3.25,2.66,0.0
2024-09-02,6.75,7.0,6.66,6.95,6.93,0.0200000000000004,0.29,43347100.0,129191095.0,2.28,0.04306,0.076956,0.76,4.6956,17.7552,4.7689,3.3331,3.6574,0.0,,1006671464.0,1006671464.0,563267969.0,3070347965.0,3070347965.0,环境保护,环保,环境治理,综合环境治理,3.34,2.74,0.0
2024-09-03,6.86,7.18,6.77,7.0,6.95,0.0499999999999998,0.72,50507968.0,154548721.0,2.28,0.0501729999999999,0.08967,0.89,4.7264,17.8716,4.8002,3.3549,3.6813,0.0,,1006671464.0,1006671464.0,563267969.0,3090481394.0,3090481394.0,环境保护,环保,环境治理,综合环境治理,3.36,2.75,0.0
2024-09-04,6.91,7.71,6.84,7.11,7.0,0.1100000000000003,1.57,74260204.0,236887880.0,2.28,0.073768,0.131838,1.5,4.8034,18.1627,4.8784,3.4096,3.7413,0.0,,1006671464.0,1006671464.0,563267969.0,3140814968.0,3140814968.0,环境保护,环保,环境治理,综合环境治理,3.38,2.76,0.0
2024-09-05,7.11,7.18,6.75,6.91,7.11,-0.2000000000000001,-2.81,46351300.0,139447934.0,2.28,0.046044,0.0822899999999999,0.86,4.6648,17.6387,4.7376,3.3112,3.6334,0.0,,1006671464.0,1006671464.0,563267969.0,3050214536.0,3050214536.0,环境保护,环保,环境治理,综合环境治理,3.43,2.81,0.0
2024-09-06,6.79,6.91,6.57,6.59,6.91,-0.3200000000000003,-4.63,35713000.0,104575256.0,2.28,0.035476,0.063403,0.65,4.4493,16.8237,4.5187,3.1582,3.4655,0.0,,1006671464.0,1006671464.0,563267969.0,2909280531.0,2909280531.0,环境保护,环保,环境治理,综合环境治理,3.33,2.73,0.0
2024-09-09,6.57,6.84,6.32,6.59,6.59,0.0,0.0,26802500.0,77959219.0,2.28,0.026625,0.047584,0.54,4.4493,16.8237,4.5187,3.1582,3.4655,0.0,,1006671464.0,1006671464.0,563267969.0,2909280531.0,2909280531.0,环境保护,环保,环境治理,综合环境治理,3.18,2.6,0.0
2024-09-10,6.59,7.25,6.52,7.25,6.59,0.6600000000000001,10.02,31600871.000000004,98875331.0,2.28,0.031391,0.0561029999999999,0.68,4.8957,18.5119,4.9722,3.4752,3.8132,0.0,,1006671464.0,1006671464.0,563267969.0,3201215256.0,3201215256.0,环境保护,环保,环境治理,综合环境治理,3.18,2.6,0.0
2024-09-11,7.23,7.25,6.91,6.95,7.25,-0.2999999999999998,-4.14,56272500.0,173438700.0,2.28,0.0559,0.0999039999999999,1.31,4.6956,17.7552,4.7689,3.3331,3.6574,0.0,,1006671464.0,1006671464.0,563267969.0,3070347965.0,3070347965.0,环境保护,环保,环境治理,综合环境治理,3.5,2.86,0.0
2024-09-12,7.02,7.14,6.93,7.09,6.95,0.1399999999999996,2.01,42692000.0,131945727.0,2.28,0.042409,0.075793,1.08,4.788,18.1044,4.8627,3.3987,3.7293,0.0,,1006671464.0,1006671464.0,563267969.0,3130748253.0000005,3130748253.0000005,环境保护,环保,环境治理,综合环境治理,3.36,2.75,0.0
2024-09-13,7.0,7.18,6.77,6.77,7.09,-0.3200000000000003,-4.51,32064400.0,97371589.0,2.28,0.031852,0.056926,0.83,4.5724,17.2895,4.6438,3.2457,3.5614,0.0,,1006671464.0,1006671464.0,563267969.0,2989814248.0,2989814248.0,环境保护,环保,环境治理,综合环境治理,3.42,2.8,0.0
2024-09-18,6.79,6.91,6.59,6.89,6.77,0.1200000000000001,1.77,27837501.0,82405311.0,2.28,0.0276529999999999,0.049421,0.73,4.6494,17.5805,4.722,3.3003,3.6214,0.0,,1006671464.0,1006671464.0,563267969.0,3040147821.0,3040147821.0,环境保护,环保,环境治理,综合环境治理,3.27,2.67,0.0
2024-09-19,6.84,7.25,6.82,7.07,6.89,0.1800000000000006,2.61,38372800.0,118241333.0,2.28,0.038118,0.068125,1.01,4.7726,18.0462,4.8471,3.3877,3.7173,0.0,,1006671464.0,1006671464.0,563267969.0,3120681537.9999995,3120681537.9999995,环境保护,环保,环境治理,综合环境治理,3.32,2.72,0.0
2024-09-20,7.05,7.23,6.98,7.07,7.07,0.0,0.0,34911401.0,108668002.0,2.28,0.03468,0.06198,0.89,4.7726,18.0462,4.8471,3.3877,3.7173,0.0,,1006671464.0,1006671464.0,563267969.0,3120681537.9999995,3120681537.9999995,环境保护,环保,环境治理,综合环境治理,3.41,2.79,0.0
2024-09-23,7.09,7.11,6.89,7.02,7.07,-0.0500000000000007,-0.71,25359401.0,77735926.0,2.28,0.0251909999999999,0.045022,0.72,4.7418,17.9298,4.8158,3.3659,3.6933,0.0,,1006671464.0,1006671464.0,563267969.0,3100548109.0,3100548109.0,环境保护,环保,环境治理,综合环境治理,3.41,2.79,0.0
2024-09-24,7.02,7.46,6.98,7.27,7.02,0.25,3.56,59442902.0,188566280.0,2.28,0.059049,0.105532,1.87,4.9111,18.5702,4.9878,3.4861,3.8252,0.0,,1006671464.0,1006671464.0,563267969.0,3211281970.0,3211281970.0,环境保护,环保,环境治理,综合环境治理,3.39,2.77,0.0
2024-09-25,7.27,7.59,7.2,7.36,7.27,0.0900000000000007,1.24,53639869.99999999,173963610.0,2.28,0.053284,0.09523,1.44,4.9727,18.803,5.0504,3.5298,3.8732,0.0,,1006671464.0,1006671464.0,563267969.0,3251548829.0000005,3251548829.0000005,环境保护,环保,环境治理,综合环境治理,3.51,2.87,0.0
2024-09-26,7.34,7.46,7.25,7.46,7.36,0.0999999999999996,1.36,39409181.0,127703971.0,2.28,0.039148,0.069965,0.93,5.0343,19.0359,5.1129,3.5735,3.9212,0.0,,1006671464.0,1006671464.0,563267969.0,3291815687.0,3291815687.0,环境保护,环保,环境治理,综合环境治理,3.55,2.91,0.0
2024-09-27,7.46,7.89,7.39,7.68,7.46,0.2199999999999997,2.95,55315304.0,184739322.0,2.28,0.054949,0.098204,1.3,5.1882,19.618,5.2693,3.6828,4.0411,0.0,,1006671464.0,1006671464.0,563267969.0,3392482834.0,3392482834.0,环境保护,环保,环境治理,综合环境治理,3.6,2.94,0.0
2024-09-30,7.93,8.41,7.62,8.34,7.68,0.6600000000000001,8.59,75944583.0,268806417.0,2.28,0.075441,0.134829,1.63,5.6347,21.3062,5.7227,3.9997,4.3888,0.0,,1006671464.0,1006671464.0,563267969.0,3684417558.0,3684417558.0,环境保护,环保,环境治理,综合环境治理,3.71,3.03,0.0
2024-10-08,9.17,9.19,8.0,8.66,8.34,0.3200000000000003,3.84,98416108.0,373996712.0,2.28,0.097764,0.174723,1.73,5.8502,22.1212,5.9416,4.1527,4.5567,0.0,,1006671464.0,1006671464.0,563267969.0,3825351563.0,3825351563.0,环境保护,环保,环境治理,综合环境治理,4.03,3.29,0.0
2024-10-09,8.55,8.55,7.8,7.8,8.66,-0.8600000000000003,-9.93,58219502.0,204388199.0,2.28,0.057834,0.10336,0.9,5.2652,19.9091,5.3474,3.7374,4.101,0.0,,1006671464.0,1006671464.0,563267969.0,3442816407.0,3442816407.0,环境保护,环保,环境治理,综合环境治理,4.18,3.42,0.0
2024-10-10,7.66,7.8,7.36,7.57,7.8,-0.2299999999999995,-2.95,40594495.0,135267904.0,2.28,0.040325,0.07207,0.62,5.1113,19.3269,5.1911,3.6282,3.9811,0.0,,1006671464.0,1006671464.0,563267969.0,3342149260.0,3342149260.0,环境保护,环保,环境治理,综合环境治理,3.76,3.08,0.0
2024-10-11,7.57,7.57,7.2,7.25,7.57,-0.3200000000000003,-4.23,29452670.0,95017577.0,2.28,0.029257,0.052289,0.45,4.8957,18.5119,4.9722,3.4752,3.8132,0.0,,1006671464.0,1006671464.0,563267969.0,3201215256.0,3201215256.0,环境保护,环保,环境治理,综合环境治理,3.65,2.99,0.0
2024-10-14,7.32,7.64,7.3,7.55,7.25,0.2999999999999998,4.14,27410100.0,89703872.0,2.28,0.027228,0.048663,0.45,5.0959,19.2687,5.1754,3.6172,3.9691,0.0,,1006671464.0,1006671464.0,563267969.0,3332082546.0,3332082546.0,环境保护,环保,环境治理,综合环境治理,3.5,2.86,0.0
2024-10-15,7.52,7.96,7.41,7.68,7.55,0.1299999999999999,1.72,40489500.0,137619170.0,2.28,0.040221,0.071883,0.8,5.1882,19.618,5.2693,3.6828,4.0411,0.0,,1006671464.0,1006671464.0,563267969.0,3392482834.0,3392482834.0,环境保护,环保,环境治理,综合环境治理,3.64,2.98,0.0
2024-10-16,7.62,7.82,7.52,7.66,7.68,-0.0199999999999995,-0.26,25347900.0,85350863.0,2.28,0.0251799999999999,0.045001,0.65,5.1728,19.5598,5.2536,3.6719,4.0291,0.0,,1006671464.0,1006671464.0,563267969.0,3382416119.0,3382416119.0,环境保护,环保,环境治理,综合环境治理,3.71,3.03,0.0
2024-10-17,7.66,7.73,7.43,7.46,7.66,-0.2000000000000001,-2.61,23178300.0,76855247.0,2.28,0.023025,0.04115,0.71,5.0343,19.0359,5.1129,3.5735,3.9212,0.0,,1006671464.0,1006671464.0,563267969.0,3291815687.0,3291815687.0,环境保护,环保,环境治理,综合环境治理,3.7,3.02,0.0
2024-10-18,7.36,7.64,7.3,7.57,7.46,0.1100000000000003,1.47,27615381.0,90437927.0,2.28,0.0274319999999999,0.049027,0.95,5.1113,19.3269,5.1911,3.6282,3.9811,0.0,,1006671464.0,1006671464.0,563267969.0,3342149260.0,3342149260.0,环境保护,环保,环境治理,综合环境治理,3.6,2.94,0.0
2024-10-21,7.57,7.68,7.48,7.52,7.57,-0.0500000000000007,-0.66,23475969.0,77797443.0,2.28,0.0233199999999999,0.041678,0.81,5.0805,19.2105,5.1598,3.6063,3.9571,0.0,,1006671464.0,1006671464.0,563267969.0,3322015831.0,3322015831.0,环境保护,环保,环境治理,综合环境治理,3.65,2.99,0.0
2024-10-22,7.5,7.71,7.43,7.68,7.52,0.1600000000000001,2.13,28205140.000000004,94204545.0,2.28,0.028018,0.0500739999999999,1.01,5.1882,19.618,5.2693,3.6828,4.0411,0.0,,1006671464.0,1006671464.0,563267969.0,3392482834.0,3392482834.0,环境保护,环保,环境治理,综合环境治理,3.63,2.97,0.0
2024-10-23,7.71,7.91,7.62,7.75,7.68,0.0700000000000002,0.91,26664404.0,90950221.0,2.28,0.026488,0.047339,1.04,5.2344,19.7926,5.3162,3.7156,4.0771,0.0,,1006671464.0,1006671464.0,563267969.0,3422682978.0,3422682978.0,环境保护,环保,环境治理,综合环境治理,3.71,3.03,0.0
2024-10-24,7.77,7.98,7.73,7.93,7.75,0.1799999999999997,2.32,29296700.0,101444718.0,2.28,0.029103,0.052012,1.13,5.3576,20.2584,5.4413,3.803,4.173,0.0,,1006671464.0,1006671464.0,563267969.0,3503216695.0,3503216695.0,环境保护,环保,环境治理,综合环境治理,3.74,3.06,0.0
2024-10-25,8.73,8.73,8.73,8.73,7.93,0.8000000000000007,10.09,20862661.0,79903992.0,2.28,0.020724,0.037039,0.77,5.8964,22.2958,5.9885,4.1855,4.5927,0.0,,1006671464.0,1006671464.0,563267969.0,3855551707.0,3855551707.0,环境保护,环保,环境治理,综合环境治理,3.83,3.13,0.0
2024-10-28,9.6,9.6,9.01,9.6,8.73,0.8699999999999992,9.97,153693675.0,629323444.0,2.28,0.152675,0.272861,5.98,6.4814,24.508,6.5827,4.6008,5.0484,0.0,,1006671464.0,1006671464.0,563267969.0,4238086863.0,4238086863.0,环境保护,环保,环境治理,综合环境治理,4.21,3.45,0.0
2024-10-29,9.62,10.53,9.37,9.64,9.6,0.0400000000000009,0.42,171203433.0,750616446.0,2.28,0.170069,0.303947,3.31,6.5122,21.7164,6.8207,4.6226,4.9978,0.0,,1006671464.0,1006671464.0,563267969.0,4258220293.0,4258220293.0,环境保护,环保,环境治理,综合环境治理,4.63,3.79,0.0
2024-10-30,9.26,9.96,8.82,9.6,9.64,-0.0400000000000009,-0.41,118279685.0,483706468.0,2.28,0.1174959999999999,0.2099879999999999,1.47,6.4814,21.6137,6.7884,4.6008,4.9742,0.0,,1006671464.0,1006671464.0,563267969.0,4238086863.0,4238086863.0,环境保护,环保,环境治理,综合环境治理,4.65,3.81,0.0
2024-10-31,9.39,10.26,9.39,9.85,9.6,0.25,2.6,118249458.0,512913630.0,2.28,0.117466,0.209935,1.2,6.6508,22.1785,6.9658,4.721,5.1042,0.0,,1006671464.0,1006671464.0,563267969.0,4348820724.0,4348820724.0,环境保护,环保,环境治理,综合环境治理,4.63,3.79,0.0
2024-11-01,9.78,9.85,8.87,8.87,9.85,-0.9800000000000004,-9.95,88654377.0,357468603.0,2.28,0.0880669999999999,0.157393,0.76,5.9888,19.9709,6.2725,4.2511,4.5961,0.0,,1006671464.0,1006671464.0,563267969.0,3915951995.0,3915951995.0,环境保护,环保,环境治理,综合环境治理,4.75,3.89,0.0
2024-11-04,8.6,9.1,8.53,8.98,8.87,0.1100000000000012,1.24,45194742.0,175269303.0,2.28,0.044895,0.080237,0.35,6.0658,20.2276,6.3531,4.3057,4.6552,0.0,,1006671464.0,1006671464.0,563267969.0,3966285568.0,3966285568.0,环境保护,环保,环境治理,综合环境治理,4.28,3.5,0.0
2024-11-05,8.94,9.07,8.78,8.98,8.98,0.0,0.0,54548742.00000001,213625000.0,2.28,0.054187,0.096843,0.5,6.0658,20.2276,6.3531,4.3057,4.6552,0.0,,1006671464.0,1006671464.0,563267969.0,3966285568.0,3966285568.0,环境保护,环保,环境治理,综合环境治理,4.33,3.55,0.0
2024-11-06,9.07,9.33,8.85,8.89,8.98,-0.0899999999999998,-1.0,53933888.0,215249083.0,2.28,0.053576,0.095752,0.63,6.0042,20.0222,6.2886,4.262,4.6079,0.0,,1006671464.0,1006671464.0,563267969.0,3926018710.0,3926018710.0,环境保护,环保,环境治理,综合环境治理,4.33,3.55,0.0
2024-11-07,8.78,9.21,8.71,9.21,8.89,0.3200000000000003,3.6,49022944.0,194737079.0,2.28,0.048698,0.087033,0.68,6.2197,20.741,6.5143,4.415,4.7733,0.0,,1006671464.0,1006671464.0,563267969.0,4066952715.0,4066952715.0,环境保护,环保,环境治理,综合环境治理,4.29,3.51,0.0
2024-11-08,9.3,9.37,8.96,9.07,9.21,-0.1400000000000005,-1.52,40983560.0,163570207.0,2.28,0.040712,0.0727599999999999,0.7,6.1274,20.4329,6.4176,4.3494,4.7024,0.0,,1006671464.0,1006671464.0,563267969.0,4006552427.0,4006552427.0,环境保护,环保,环境治理,综合环境治理,4.44,3.64,0.0
2024-11-11,9.17,9.3,8.96,9.28,9.07,0.209999999999999,2.32,46546802.0,186898682.0,2.28,0.046238,0.082637,0.96,6.2659,20.895,6.5627,4.4478,4.8088,0.0,,1006671464.0,1006671464.0,563267969.0,4097152858.0,4097152858.0,环境保护,环保,环境治理,综合环境治理,4.38,3.58,0.0
2024-11-12,9.3,9.39,9.03,9.1,9.28,-0.1799999999999997,-1.94,45637589.0,183852103.0,2.28,0.045335,0.081023,0.93,6.1427,20.4843,6.4337,4.3603,4.7143,0.0,,1006671464.0,1006671464.0,563267969.0,4016619141.0,4016619141.0,环境保护,环保,环境治理,综合环境治理,4.48,3.66,0.0
2024-11-13,9.05,9.21,8.87,9.12,9.1,0.0199999999999995,0.22,28869400.0,114291363.0,2.28,0.028678,0.051253,0.61,6.1581,20.5356,6.4498,4.3713,4.7261,0.0,,1006671464.0,1006671464.0,563267969.0,4026685856.0,4026685856.0,环境保护,环保,环境治理,综合环境治理,4.39,3.59,0.0
2024-11-14,9.1,9.14,8.73,8.78,9.12,-0.3399999999999998,-3.73,26829200.0,104718267.0,2.28,0.0266509999999999,0.047631,0.64,5.9272,19.7655,6.208,4.2073,4.5488,0.0,,1006671464.0,1006671464.0,563267969.0,3875685136.0,3875685136.0,环境保护,环保,环境治理,综合环境治理,4.4,3.6,0.0
2024-11-15,8.71,8.85,8.32,8.34,8.78,-0.4399999999999995,-5.01,30990400.0,116554371.0,2.28,0.030785,0.055019,0.82,5.6347,18.7901,5.9016,3.9997,4.3244,0.0,,1006671464.0,1006671464.0,563267969.0,3684417558.0,3684417558.0,环境保护,环保,环境治理,综合环境治理,4.24,3.47,0.0
2024-11-18,8.41,8.55,8.07,8.16,8.34,-0.1799999999999997,-2.16,27023703.000000004,97517041.0,2.28,0.0268449999999999,0.047977,0.76,5.5115,18.3794,5.7726,3.9123,4.2298,0.0,,1006671464.0,1006671464.0,563267969.0,3603883841.000001,3603883841.000001,环境保护,环保,环境治理,综合环境治理,4.03,3.29,0.0
2024-11-19,8.16,8.41,8.09,8.39,8.16,0.2300000000000004,2.82,19690809.0,71507667.0,2.28,0.01956,0.034958,0.62,5.6655,18.8928,5.9338,4.0216,4.348,0.0,,1006671464.0,1006671464.0,563267969.0,3704550988.0,3704550988.0,环境保护,环保,环境治理,综合环境治理,3.94,3.22,0.0
2024-11-20,8.39,8.53,8.28,8.48,8.39,0.0899999999999998,1.07,15978279.0,59240539.0,2.28,0.015872,0.028367,0.6,5.7271,19.0981,5.9983,4.0653,4.3952,0.0,,1006671464.0,1006671464.0,563267969.0,3744817846.0,3744817846.0,环境保护,环保,环境治理,综合环境治理,4.05,3.31,0.0
2024-11-21,8.55,8.6,8.41,8.5,8.48,0.0199999999999995,0.24,17363200.0,64701882.0,2.28,0.017248,0.030826,0.72,5.7425,19.1495,6.0145,4.0762,4.4071,0.0,,1006671464.0,1006671464.0,563267969.0,3754884561.0,3754884561.0,环境保护,环保,环境治理,综合环境治理,4.09,3.35,0.0
2024-11-22,8.48,8.6,8.12,8.16,8.5,-0.3399999999999998,-4.0,23671630.0,87041136.0,2.28,0.023515,0.042026,1.07,5.5115,18.3794,5.7726,3.9123,4.2298,0.0,,1006671464.0,1006671464.0,563267969.0,3603883841.000001,3603883841.000001,环境保护,环保,环境治理,综合环境治理,4.1,3.36,0.0
2024-11-25,8.16,8.32,8.0,8.32,8.16,0.1600000000000001,1.96,22757300.0,81634633.0,2.28,0.022606,0.0404019999999999,1.1,5.6193,18.7387,5.8855,3.9888,4.3125,0.0,,1006671464.0,1006671464.0,563267969.0,3674350844.0,3674350844.0,环境保护,环保,环境治理,综合环境治理,3.94,3.22,0.0
2024-11-26,8.32,8.41,8.16,8.21,8.32,-0.1099999999999994,-1.32,12860170.0,46665578.0,2.28,0.012775,0.022831,0.65,5.5423,18.4821,5.8048,3.9341,4.2535,0.0,,1006671464.0,1006671464.0,563267969.0,3624017270.0,3624017270.0,环境保护,环保,环境治理,综合环境治理,4.02,3.29,0.0
2024-11-27,8.12,8.32,7.93,8.32,8.21,0.1099999999999994,1.34,18322051.0,65428753.0,2.28,0.018201,0.032528,0.99,5.6193,18.7387,5.8855,3.9888,4.3125,0.0,,1006671464.0,1006671464.0,563267969.0,3674350844.0,3674350844.0,环境保护,环保,环境治理,综合环境治理,3.96,3.24,0.0
2024-11-28,8.69,8.94,8.46,8.53,8.32,0.209999999999999,2.52,50255832.0,191329380.0,2.28,0.049923,0.089222,2.65,5.7579,19.2008,6.0306,4.0871,4.4189,0.0,,1006671464.0,1006671464.0,563267969.0,3764951275.0,3764951275.0,环境保护,环保,环境治理,综合环境治理,4.02,3.29,0.0
2024-11-29,8.44,8.64,8.41,8.55,8.53,0.0200000000000013,0.23,27310001.0,102154553.0,2.28,0.027129,0.0484849999999999,1.07,5.7733,19.2521,6.0467,4.0981,4.4307,0.0,,1006671464.0,1006671464.0,563267969.0,3775017990.0,3775017990.0,环境保护,环保,环境治理,综合环境治理,4.11,3.37,0.0
2024-12-02,8.57,9.07,8.5,9.03,8.55,0.4799999999999986,5.61,46088818.0,179927663.0,2.28,0.045783,0.081824,1.75,6.0966,20.3303,6.3853,4.3276,4.6788,0.0,,1006671464.0,1006671464.0,563267969.0,3986418997.0,3986418997.0,环境保护,环保,环境治理,综合环境治理,4.13,3.38,0.0
2024-12-03,9.03,9.19,8.8,9.14,9.03,0.1100000000000012,1.22,42274298.0,167549454.0,2.28,0.041994,0.075052,1.37,6.1735,20.587,6.4659,4.3822,4.7379,0.0,,1006671464.0,1006671464.0,563267969.0,4036752571.0,4036752571.0,环境保护,环保,环境治理,综合环境治理,4.36,3.56,0.0
2024-12-04,9.07,9.1,8.78,8.8,9.14,-0.3399999999999998,-3.72,28248300.0,110615250.0,2.28,0.028061,0.050151,0.77,5.9426,19.8169,6.2241,4.2183,4.5607,0.0,,1006671464.0,1006671464.0,563267969.0,3885751851.0,3885751851.0,环境保护,环保,环境治理,综合环境治理,4.41,3.61,0.0
2024-12-05,8.76,8.94,8.73,8.91,8.8,0.1099999999999994,1.25,19538400.0,75997488.0,2.28,0.019409,0.034688,0.5,6.0196,20.0736,6.3047,4.2729,4.6197,0.0,,1006671464.0,1006671464.0,563267969.0,3936085424.0,3936085424.0,环境保护,环保,环境治理,综合环境治理,4.25,3.47,0.0
2024-12-06,8.87,9.8,8.87,9.33,8.91,0.4199999999999999,4.71,64297977.0,263389817.0,2.28,0.063872,0.114152,1.97,6.2967,20.9977,6.5949,4.4696,4.8324,0.0,,1006671464.0,1006671464.0,563267969.0,4117286288.0,4117286288.0,环境保护,环保,环境治理,综合环境治理,4.3,3.52,0.0
2024-12-09,9.28,9.33,9.01,9.12,9.33,-0.2100000000000008,-2.25,33705615.0,135148273.0,2.28,0.033482,0.059839,0.84,6.1581,20.5356,6.4498,4.3713,4.7261,0.0,,1006671464.0,1006671464.0,563267969.0,4026685856.0,4026685856.0,环境保护,环保,环境治理,综合环境治理,4.5,3.68,0.0
2024-12-10,9.35,9.39,8.98,9.01,9.12,-0.1099999999999994,-1.21,29827396.000000004,119465532.0,2.28,0.02963,0.052954,0.79,6.0812,20.2789,6.3692,4.3166,4.667,0.0,,1006671464.0,1006671464.0,563267969.0,3976352283.0,3976352283.0,环境保护,环保,环境治理,综合环境治理,4.4,3.6,0.0
2024-12-11,8.96,9.33,8.91,9.3,9.01,0.2900000000000009,3.22,37391048.0,151043991.0,2.28,0.037143,0.066382,1.06,6.2813,20.9463,6.5788,4.4587,4.8206,0.0,,1006671464.0,1006671464.0,563267969.0,4107219573.0,4107219573.0,环境保护,环保,环境治理,综合环境治理,4.35,3.56,0.0
2024-12-12,9.28,10.24,9.21,10.24,9.3,0.9399999999999996,10.11,99715420.0,438597888.0,2.28,0.099055,0.17703,2.7,6.9125,23.0512,7.2399,4.9067,5.305,0.0,,1006671464.0,1006671464.0,563267969.0,4519954873.0,4519954873.0,环境保护,环保,环境治理,综合环境治理,4.49,3.67,0.0
2024-12-13,10.17,10.17,9.64,9.76,10.24,-0.4800000000000004,-4.69,107198822.0,464780627.0,2.28,0.106488,0.190316,2.02,6.5892,21.9731,6.9013,4.6773,5.0569,0.0,,1006671464.0,1006671464.0,563267969.0,4308553866.0,4308553866.0,环境保护,环保,环境治理,综合环境治理,4.94,4.04,0.0
2024-12-16,9.69,9.94,9.51,9.62,9.76,-0.1400000000000005,-1.43,62889313.0,268104939.0,2.28,0.062473,0.111651,1.02,6.4968,21.6651,6.8046,4.6117,4.986,0.0,,1006671464.0,1006671464.0,563267969.0,4248153578.0,4248153578.0,环境保护,环保,环境治理,综合环境治理,4.71,3.85,0.0
2024-12-17,9.62,9.64,9.01,9.03,9.62,-0.5899999999999999,-6.13,49156700.0,198221372.0,2.28,0.048831,0.087271,0.73,6.0966,20.3303,6.3853,4.3276,4.6788,0.0,,1006671464.0,1006671464.0,563267969.0,3986418997.0,3986418997.0,环境保护,环保,环境治理,综合环境治理,4.64,3.8,0.0
2024-12-18,9.14,9.44,8.96,9.21,9.03,0.1800000000000015,1.99,37460377.0,151667926.0,2.28,0.037212,0.066505,0.53,6.2197,20.741,6.5143,4.415,4.7733,0.0,,1006671464.0,1006671464.0,563267969.0,4066952715.0,4066952715.0,环境保护,环保,环境治理,综合环境治理,4.36,3.56,0.0
2024-12-19,9.03,9.14,8.85,9.05,9.21,-0.1600000000000001,-1.74,29257983.0,115265123.0,2.28,0.029064,0.051943,0.41,6.112,20.3816,6.4014,4.3385,4.6906,0.0,,1006671464.0,1006671464.0,563267969.0,3996485712.0,3996485712.0,环境保护,环保,环境治理,综合环境治理,4.44,3.64,0.0
2024-12-20,9.07,9.21,8.85,8.87,9.05,-0.1800000000000015,-1.99,34165700.0,134977276.0,2.28,0.033939,0.060656,0.6,5.9888,19.9709,6.2725,4.2511,4.5961,0.0,,1006671464.0,1006671464.0,563267969.0,3915951995.0,3915951995.0,环境保护,环保,环境治理,综合环境治理,4.37,3.57,0.0
2024-12-23,8.82,8.82,8.21,8.23,8.87,-0.6399999999999988,-7.22,39056284.0,144518840.0,2.28,0.038797,0.069339,0.92,5.5577,18.5334,5.821,3.9451,4.2653,0.0,,1006671464.0,1006671464.0,563267969.0,3634083985.0,3634083985.0,环境保护,环保,环境治理,综合环境治理,4.28,3.5,0.0
2024-12-24,8.23,8.39,8.03,8.32,8.23,0.0899999999999998,1.09,22889300.0,82142167.0,2.28,0.022738,0.040637,0.61,5.6193,18.7387,5.8855,3.9888,4.3125,0.0,,1006671464.0,1006671464.0,563267969.0,3674350844.0,3674350844.0,环境保护,环保,环境治理,综合环境治理,3.97,3.25,0.0
2024-12-25,8.3,8.3,7.91,8.14,8.32,-0.1799999999999997,-2.16,21170100.0,75009949.0,2.28,0.02103,0.037584,0.65,5.4961,18.328,5.7565,3.9014,4.218,0.0,,1006671464.0,1006671464.0,563267969.0,3593817126.0000005,3593817126.0000005,环境保护,环保,环境治理,综合环境治理,4.02,3.29,0.0
2024-12-26,8.21,8.25,8.09,8.12,8.14,-0.0200000000000013,-0.25,13954946.0,50029207.0,2.28,0.013862,0.024775,0.48,5.4807,18.2767,5.7403,3.8904,4.2062,0.0,,1006671464.0,1006671464.0,563267969.0,3583750412.0,3583750412.0,环境保护,环保,环境治理,综合环境治理,3.93,3.21,0.0
2024-12-27,8.07,8.39,8.07,8.21,8.12,0.0900000000000016,1.11,15720446.0,57001993.0,2.28,0.015616,0.027909,0.6,5.5423,18.4821,5.8048,3.9341,4.2535,0.0,,1006671464.0,1006671464.0,563267969.0,3624017270.0,3624017270.0,环境保护,环保,环境治理,综合环境治理,3.92,3.2,0.0
2024-12-30,8.16,8.21,7.91,7.98,8.21,-0.2300000000000004,-2.8,16815089.0,58942792.0,2.28,0.016704,0.029853,0.75,5.3884,17.9687,5.6436,3.8249,4.1353,0.0,,1006671464.0,1006671464.0,563267969.0,3523350124.0,3523350124.0,环境保护,环保,环境治理,综合环境治理,3.96,3.24,0.0
2024-12-31,7.98,8.07,7.64,7.64,7.98,-0.3400000000000007,-4.26,22275747.0,76225024.0,2.28,0.022128,0.039547,1.23,5.1574,17.1986,5.4017,3.6609,3.9581,0.0,,1006671464.0,1006671464.0,563267969.0,3372349404.0,3372349404.0,环境保护,环保,环境治理,综合环境治理,3.85,3.15,0.0
2025-01-02,7.64,7.8,7.43,7.48,7.64,-0.1599999999999992,-2.09,21605830.0,72066427.0,2.28,0.021463,0.0383579999999999,1.2,5.0497,16.8392,5.2889,3.5844,3.8754,0.0,,1006671464.0,1006671464.0,563267969.0,3301882402.0,3301882402.0,环境保护,环保,环境治理,综合环境治理,3.69,3.02,0.0
2025-01-03,7.52,7.55,7.14,7.18,7.48,-0.3000000000000007,-4.01,20343459.0,65109905.0,2.28,0.020209,0.0361169999999999,1.13,4.8495,16.1718,5.0792,3.4424,3.7218,0.0,,1006671464.0,1006671464.0,563267969.0,3171015112.0,3171015112.0,环境保护,环保,环境治理,综合环境治理,3.61,2.95,0.0
2025-01-06,7.11,7.39,6.93,7.27,7.18,0.0899999999999998,1.25,15925159.0,50538747.0,2.28,0.01582,0.028273,0.82,4.9111,16.3772,5.1437,3.4861,3.769,0.0,,1006671464.0,1006671464.0,563267969.0,3211281970.0,3211281970.0,环境保护,环保,环境治理,综合环境治理,3.47,2.84,0.0
2025-01-07,7.27,7.36,7.18,7.3,7.27,0.0300000000000002,0.41,15757840.0,50409175.0,2.28,0.015653,0.027976,0.81,4.9265,16.4285,5.1599,3.497,3.7809,0.0,,1006671464.0,1006671464.0,563267969.0,3221348685.0,3221348685.0,环境保护,环保,环境治理,综合环境治理,3.51,2.87,0.0
2025-01-08,7.27,7.34,7.02,7.32,7.3,0.0200000000000004,0.27,17867000.0,56454976.0,2.28,0.017749,0.03172,0.93,4.9419,16.4798,5.176,3.5079,3.7927,0.0,,1006671464.0,1006671464.0,563267969.0,3231415398.9999995,3231415398.9999995,环境保护,环保,环境治理,综合环境治理,3.52,2.88,0.0
2025-01-09,7.3,7.41,7.25,7.36,7.32,0.04,0.55,10997800.0,35462678.0,2.28,0.010925,0.019525,0.6,4.9727,16.5825,5.2082,3.5298,3.8163,0.0,,1006671464.0,1006671464.0,563267969.0,3251548829.0000005,3251548829.0000005,环境保护,环保,环境治理,综合环境治理,3.53,2.89,0.0
2025-01-10,7.36,7.39,7.07,7.07,7.36,-0.29,-3.94,11434107.0,36194306.0,2.28,0.011358,0.0203,0.71,4.7726,15.9151,4.9986,3.3877,3.6627,0.0,,1006671464.0,1006671464.0,563267969.0,3120681537.9999995,3120681537.9999995,环境保护,环保,环境治理,综合环境治理,3.55,2.91,0.0
2025-01-13,6.98,7.14,6.84,7.09,7.07,0.0199999999999995,0.28,11456007.0,35289357.0,2.28,0.01138,0.020338,0.8,4.788,15.9664,5.0147,3.3987,3.6745,0.0,,1006671464.0,1006671464.0,563267969.0,3130748253.0000005,3130748253.0000005,环境保护,环保,环境治理,综合环境治理,3.41,2.79,0.0
2025-01-14,7.16,7.39,7.11,7.39,7.09,0.2999999999999998,4.23,13862204.999999998,44240413.0,2.28,0.01377,0.02461,1.03,4.9881,16.6338,5.2244,3.5407,3.8281,0.0,,1006671464.0,1006671464.0,563267969.0,3261615543.0,3261615543.0,环境保护,环保,环境治理,综合环境治理,3.42,2.8,0.0
2025-01-15,7.36,7.48,7.25,7.41,7.39,0.0200000000000004,0.27,12831405.0,41492932.0,2.28,0.012746,0.02278,0.98,5.0035,16.6852,5.2405,3.5517,3.8399,0.0,,1006671464.0,1006671464.0,563267969.0,3271682258.0,3271682258.0,环境保护,环保,环境治理,综合环境治理,3.56,2.92,0.0
2025-01-16,7.43,7.62,7.39,7.5,7.41,0.0899999999999998,1.21,11971198.0,39424005.0,2.28,0.011892,0.021253,0.99,5.0651,16.8905,5.305,3.5954,3.8872,0.0,,1006671464.0,1006671464.0,563267969.0,3311949117.0,3311949117.0,环境保护,环保,环境治理,综合环境治理,3.58,2.93,0.0
2025-01-17,7.43,7.62,7.36,7.52,7.5,0.0199999999999995,0.27,13137100.0,43256192.0,2.28,0.0130499999999999,0.023323,1.07,5.0805,16.9419,5.3211,3.6063,3.899,0.0,,1006671464.0,1006671464.0,563267969.0,3322015831.0,3322015831.0,环境保护,环保,环境治理,综合环境治理,3.62,2.96,0.0
2025-01-20,7.52,7.77,7.41,7.68,7.52,0.1600000000000001,2.13,17477817.0,58572663.0,2.28,0.017362,0.031029,1.38,5.1882,17.3013,5.434,3.6828,3.9817,0.0,,1006671464.0,1006671464.0,563267969.0,3392482834.0,3392482834.0,环境保护,环保,环境治理,综合环境治理,3.63,2.97,0.0
2025-01-21,7.73,7.91,7.62,7.66,7.68,-0.0199999999999995,-0.26,21153800.0,71607272.0,2.28,0.0210139999999999,0.037555,1.53,5.1728,17.2499,5.4179,3.6719,3.9699,0.0,,1006671464.0,1006671464.0,563267969.0,3382416119.0,3382416119.0,环境保护,环保,环境治理,综合环境治理,3.71,3.03,0.0
2025-01-22,7.62,7.71,7.5,7.62,7.66,-0.04,-0.52,12451900.0,41507595.0,2.28,0.012369,0.022107,0.81,5.1421,17.1472,5.3856,3.65,3.9463,0.0,,1006671464.0,1006671464.0,563267969.0,3362282689.9999995,3362282689.9999995,环境保护,环保,环境治理,综合环境治理,3.7,3.02,0.0
2025-01-23,7.66,7.8,7.5,7.5,7.62,-0.1200000000000001,-1.57,18600700.0,62451752.0,2.28,0.018477,0.033023,1.22,5.0651,16.8905,5.305,3.5954,3.8872,0.0,,1006671464.0,1006671464.0,563267969.0,3311949117.0,3311949117.0,环境保护,环保,环境治理,综合环境治理,3.67,3.01,0.0
2025-01-24,7.5,7.62,7.48,7.59,7.5,0.0899999999999998,1.2,12774005.0,42301512.0,2.28,0.0126889999999999,0.0226779999999999,0.77,5.1267,17.0959,5.3695,3.6391,3.9345,0.0,,1006671464.0,1006671464.0,563267969.0,3352215974.9999995,3352215974.9999995,环境保护,环保,环境治理,综合环境治理,3.62,2.96,0.0
2025-01-27,7.87,8.34,7.66,7.66,7.59,0.0700000000000002,0.92,39861664.0,139761945.0,2.28,0.039597,0.070769,2.42,5.1728,17.2499,5.4179,3.6719,3.9699,0.0,,1006671464.0,1006671464.0,563267969.0,3382416119.0,3382416119.0,环境保护,环保,环境治理,综合环境治理,3.66,3.0,0.0
2025-02-05,7.71,7.77,7.59,7.75,7.66,0.0899999999999998,1.17,19770182.0,66913867.0,2.28,0.019639,0.035099,0.94,5.2344,17.4553,5.4823,3.7156,4.0172,0.0,,1006671464.0,1006671464.0,563267969.0,3422682978.0,3422682978.0,环境保护,环保,环境治理,综合环境治理,3.7,3.02,0.0
2025-02-06,7.75,7.91,7.64,7.89,7.75,0.1399999999999996,1.81,18955182.0,64748413.0,2.28,0.01883,0.033652,0.92,5.3268,17.7633,5.5791,3.7811,4.0881,0.0,,1006671464.0,1006671464.0,563267969.0,3483083265.0000005,3483083265.0000005,环境保护,环保,环境治理,综合环境治理,3.74,3.06,0.0
2025-02-07,8.05,8.09,7.91,8.03,7.89,0.1399999999999996,1.77,21978370.0,77146575.0,2.28,0.021833,0.039019,1.0,5.4192,18.0713,5.6758,3.8467,4.1589,0.0,,1006671464.0,1006671464.0,563267969.0,3543483553.0,3543483553.0,环境保护,环保,环境治理,综合环境治理,3.81,3.11,0.0
2025-02-10,8.09,8.3,8.0,8.25,8.03,0.2200000000000006,2.74,18454910.0,66251505.99999999,2.28,0.018333,0.032764,0.81,5.5731,18.5847,5.8371,3.956,4.2771,0.0,,1006671464.0,1006671464.0,563267969.0,3644150700.0,3644150700.0,环境保护,环保,环境治理,综合环境治理,3.87,3.17,0.0
2025-02-11,8.25,8.28,8.03,8.05,8.25,-0.1999999999999993,-2.42,16255860.999999998,57571835.0,2.28,0.016148,0.02886,0.68,5.4346,18.1227,5.692,3.8576,4.1708,0.0,,1006671464.0,1006671464.0,563267969.0,3553550268.0,3553550268.0,环境保护,环保,环境治理,综合环境治理,3.98,3.26,0.0
2025-02-12,8.07,8.19,8.03,8.16,8.05,0.1099999999999994,1.37,13566398.000000002,48172377.0,2.28,0.0134759999999999,0.024085,0.71,5.5115,18.3794,5.7726,3.9123,4.2298,0.0,,1006671464.0,1006671464.0,563267969.0,3603883841.000001,3603883841.000001,环境保护,环保,环境治理,综合环境治理,3.88,3.18,0.0
2025-02-13,8.16,8.21,8.05,8.09,8.16,-0.0700000000000002,-0.86,12468899.0,44433496.0,2.28,0.012386,0.0221369999999999,0.7,5.4654,18.2254,5.7242,3.8795,4.1944,0.0,,1006671464.0,1006671464.0,563267969.0,3573683697.0,3573683697.0,环境保护,环保,环境治理,综合环境治理,3.94,3.22,0.0
2025-02-14,8.05,8.12,8.03,8.05,8.09,-0.0399999999999991,-0.49,12013200.0,42528865.0,2.28,0.011934,0.021328,0.73,5.4346,18.1227,5.692,3.8576,4.1708,0.0,,1006671464.0,1006671464.0,563267969.0,3553550268.0,3553550268.0,环境保护,环保,环境治理,综合环境治理,3.91,3.2,0.0
2025-02-17,8.12,8.32,8.07,8.28,8.05,0.2299999999999986,2.86,14447103.0,51987720.0,2.28,0.014351,0.025649,0.99,5.5885,18.6361,5.8532,3.9669,4.2889,0.0,,1006671464.0,1006671464.0,563267969.0,3654217414.0,3654217414.0,环境保护,环保,环境治理,综合环境治理,3.88,3.18,0.0
2025-02-18,8.28,8.3,7.91,7.98,8.28,-0.2999999999999989,-3.62,16141684.0,57198835.0,2.28,0.016035,0.028657,1.17,5.3884,17.9687,5.6436,3.8249,4.1353,0.0,,1006671464.0,1006671464.0,563267969.0,3523350124.0,3523350124.0,环境保护,环保,环境治理,综合环境治理,3.99,3.27,0.0
2025-02-19,7.93,8.19,7.91,8.16,7.98,0.1799999999999997,2.26,14688415.0,52066187.0,2.28,0.014591,0.026077,1.07,5.5115,18.3794,5.7726,3.9123,4.2298,0.0,,1006671464.0,1006671464.0,563267969.0,3603883841.000001,3603883841.000001,环境保护,环保,环境治理,综合环境治理,3.85,3.15,0.0
2025-02-20,8.19,8.21,8.05,8.07,8.16,-0.0899999999999998,-1.1,8933200.0,31751424.0,2.28,0.008874,0.01586,0.64,5.45,18.174,5.7081,3.8686,4.1826,0.0,,1006671464.0,1006671464.0,563267969.0,3563616983.0,3563616983.0,环境保护,环保,环境治理,综合环境治理,3.94,3.22,0.0
2025-02-21,8.07,8.12,7.91,8.0,8.07,-0.0700000000000002,-0.87,12369481.0,43238247.0,2.28,0.0122879999999999,0.02196,0.93,5.4038,18.02,5.6597,3.8358,4.1471,0.0,,1006671464.0,1006671464.0,563267969.0,3533416839.0,3533416839.0,环境保护,环保,环境治理,综合环境治理,3.89,3.19,0.0
2025-02-24,7.98,8.16,7.93,8.14,8.0,0.1400000000000005,1.75,13648381.0,48234239.0,2.28,0.0135579999999999,0.024231,1.02,5.4961,18.328,5.7565,3.9014,4.218,0.0,,1006671464.0,1006671464.0,563267969.0,3593817126.0000005,3593817126.0000005,环境保护,环保,环境治理,综合环境治理,3.86,3.16,0.0
2025-02-25,8.07,8.19,8.0,8.07,8.14,-0.0700000000000002,-0.86,11627814.0,41283740.0,2.28,0.011551,0.0206429999999999,0.88,5.45,18.174,5.7081,3.8686,4.1826,0.0,,1006671464.0,1006671464.0,563267969.0,3563616983.0,3563616983.0,环境保护,环保,环境治理,综合环境治理,3.93,3.21,0.0
2025-02-26,8.07,8.21,8.05,8.14,8.07,0.0700000000000002,0.87,11234499.0,40010303.0,2.28,0.01116,0.019945,0.92,5.4961,18.328,5.7565,3.9014,4.218,0.0,,1006671464.0,1006671464.0,563267969.0,3593817126.0000005,3593817126.0000005,环境保护,环保,环境治理,综合环境治理,3.89,3.19,0.0
2025-02-27,8.23,8.87,8.16,8.39,8.14,0.25,3.07,44951395.0,167257619.0,2.28,0.044653,0.079805,3.89,5.6655,18.8928,5.9338,4.0216,4.348,0.0,,1006671464.0,1006671464.0,563267969.0,3704550988.0,3704550988.0,环境保护,环保,环境治理,综合环境治理,3.93,3.21,0.0
2025-02-28,8.3,8.5,8.0,8.05,8.39,-0.3399999999999998,-4.05,38070500.0,137524776.0,2.28,0.037818,0.067589,2.03,5.4346,18.1227,5.692,3.8576,4.1708,0.0,,1006671464.0,1006671464.0,563267969.0,3553550268.0,3553550268.0,环境保护,环保,环境治理,综合环境治理,4.05,3.31,0.0
2025-03-03,8.05,8.25,7.91,8.12,8.05,0.0699999999999985,0.87,23021700.0,81992704.0,2.28,0.022869,0.040872,0.96,5.4807,18.2767,5.7403,3.8904,4.2062,0.0,,1006671464.0,1006671464.0,563267969.0,3583750412.0,3583750412.0,环境保护,环保,环境治理,综合环境治理,3.88,3.18,0.0
2025-03-04,8.09,8.23,7.98,8.16,8.12,0.0400000000000009,0.49,12936245.0,46059117.0,2.28,0.012851,0.022966,0.5,5.5115,18.3794,5.7726,3.9123,4.2298,0.0,,1006671464.0,1006671464.0,563267969.0,3603883841.000001,3603883841.000001,环境保护,环保,环境治理,综合环境治理,3.92,3.2,0.0
2025-03-05,8.14,8.16,7.93,8.14,8.16,-0.0199999999999995,-0.25,15984762.0,56448217.0,2.28,0.015879,0.0283789999999999,0.61,5.4961,18.328,5.7565,3.9014,4.218,0.0,,1006671464.0,1006671464.0,563267969.0,3593817126.0000005,3593817126.0000005,环境保护,环保,环境治理,综合环境治理,3.94,3.22,0.0
2025-03-06,8.16,8.28,8.09,8.16,8.14,0.0199999999999995,0.25,18101184.0,64861813.0,2.28,0.017981,0.032136,0.67,5.5115,18.3794,5.7726,3.9123,4.2298,0.0,,1006671464.0,1006671464.0,563267969.0,3603883841.000001,3603883841.000001,环境保护,环保,环境治理,综合环境治理,3.93,3.21,0.0
2025-03-07,8.16,8.19,8.0,8.05,8.16,-0.1099999999999994,-1.35,12249546.0,43380214.0,2.28,0.012168,0.021747,0.57,5.4346,18.1227,5.692,3.8576,4.1708,0.0,,1006671464.0,1006671464.0,563267969.0,3553550268.0,3553550268.0,环境保护,环保,环境治理,综合环境治理,3.94,3.22,0.0
2025-03-10,8.05,8.28,8.03,8.12,8.05,0.0699999999999985,0.87,16581714.000000002,59250925.0,2.28,0.016472,0.029438,1.01,5.4807,18.2767,5.7403,3.8904,4.2062,0.0,,1006671464.0,1006671464.0,563267969.0,3583750412.0,3583750412.0,环境保护,环保,环境治理,综合环境治理,3.88,3.18,0.0
2025-03-11,8.05,8.39,8.03,8.3,8.12,0.1800000000000015,2.22,17023837.0,61433924.0,2.28,0.016911,0.030223,1.12,5.6039,18.6874,5.8693,3.9779,4.3007,0.0,,1006671464.0,1006671464.0,563267969.0,3664284129.0,3664284129.0,环境保护,环保,环境治理,综合环境治理,3.92,3.2,0.0
2025-03-12,8.37,8.5,8.25,8.37,8.3,0.0699999999999985,0.84,16335184.0,59869823.0,2.28,0.016227,0.029001,1.02,5.6501,18.8414,5.9177,4.0106,4.3362,0.0,,1006671464.0,1006671464.0,563267969.0,3694484273.0,3694484273.0,环境保护,环保,环境治理,综合环境治理,4.0,3.28,0.0
2025-03-13,8.34,8.41,8.21,8.41,8.37,0.0400000000000009,0.48,16286600.0,59319925.0,2.28,0.016179,0.028914,1.01,5.6809,18.9441,5.95,4.0325,4.3598,0.0,,1006671464.0,1006671464.0,563267969.0,3714617702.000001,3714617702.000001,环境保护,环保,环境治理,综合环境治理,4.04,3.3,0.0
2025-03-14,8.41,8.48,8.3,8.39,8.41,-0.0199999999999995,-0.24,16501200.0,60601006.0,2.28,0.016392,0.029295,1.05,5.6655,18.8928,5.9338,4.0216,4.348,0.0,,1006671464.0,1006671464.0,563267969.0,3704550988.0,3704550988.0,环境保护,环保,环境治理,综合环境治理,4.06,3.32,0.0
2025-03-17,8.39,8.6,8.34,8.46,8.39,0.0700000000000002,0.83,18959919.0,70589511.0,2.28,0.018834,0.03174,1.15,284.8177,284.8177,5.2416,3.6986,3.6986,0.0,,1006671464.0,1006671464.0,597345569.0,3734751131.0,3734751131.0,环境保护,环保,环境治理,综合环境治理,4.05,3.31,0.0
2025-03-18,8.44,8.5,8.37,8.41,8.46,-0.0500000000000007,-0.59,14062400.0,51898101.0,2.28,0.013969,0.023541,0.83,283.2823,283.2823,5.2133,3.6786,3.6786,0.0,,1006671464.0,1006671464.0,597345569.0,3714617702.000001,3714617702.000001,环境保护,环保,环境治理,综合环境治理,4.08,3.34,0.0
2025-03-19,8.44,8.44,8.3,8.34,8.41,-0.0700000000000002,-0.83,10887430.0,39821657.0,2.28,0.0108149999999999,0.018226,0.66,280.9792,280.9792,5.1709,3.6487,3.6487,0.0,,1006671464.0,1006671464.0,597345569.0,3684417558.0,3684417558.0,环境保护,环保,环境治理,综合环境治理,4.06,3.32,0.0
2025-03-20,8.3,8.39,8.25,8.28,8.34,-0.0600000000000005,-0.72,10943300.0,39894814.0,2.28,0.0108709999999999,0.01832,0.71,278.6761,278.6761,5.1285,3.6188,3.6188,0.0,,1006671464.0,1006671464.0,597345569.0,3654217414.0,3654217414.0,环境保护,环保,环境治理,综合环境治理,4.03,3.29,0.0
2025-03-21,8.21,8.34,8.16,8.21,8.28,-0.0699999999999985,-0.85,13607576.0,49182312.0,2.28,0.013517,0.02278,0.95,276.373,276.373,5.0862,3.5889,3.5889,0.0,,1006671464.0,1006671464.0,597345569.0,3624017270.0,3624017270.0,环境保护,环保,环境治理,综合环境治理,3.99,3.27,0.0
2025-03-24,8.21,8.28,7.75,7.91,8.21,-0.3000000000000007,-3.65,17723200.0,61893139.0,2.28,0.017606,0.02967,1.29,266.3929,266.3929,4.9025,3.4593,3.4593,0.0,,1006671464.0,1006671464.0,597345569.0,3493149980.0,3493149980.0,环境保护,环保,环境治理,综合环境治理,3.96,3.24,0.0
2025-03-25,7.93,7.98,7.8,7.89,7.91,-0.0200000000000004,-0.25,10466602.0,36230228.0,2.28,0.010397,0.017522,0.78,265.6252,265.6252,4.8884,3.4493,3.4493,0.0,,1006671464.0,1006671464.0,597345569.0,3483083265.0000005,3483083265.0000005,环境保护,环保,环境治理,综合环境治理,3.82,3.12,0.0
2025-03-26,7.89,8.14,7.89,8.07,7.89,0.1800000000000006,2.28,13558390.0,47921280.0,2.28,0.013469,0.022698,1.07,271.7668,271.7668,5.0014,3.5291,3.5291,0.0,,1006671464.0,1006671464.0,597345569.0,3563616983.0,3563616983.0,环境保护,环保,环境治理,综合环境治理,3.81,3.11,0.0
2025-03-27,8.0,8.07,7.89,8.0,8.07,-0.0700000000000002,-0.87,9741710.0,34116568.0,2.28,0.009677,0.016308,0.73,269.4637,269.4637,4.959,3.4992,3.4992,0.0,,1006671464.0,1006671464.0,597345569.0,3533416839.0,3533416839.0,环境保护,环保,环境治理,综合环境治理,3.89,3.19,0.0
2025-03-28,7.96,8.05,7.82,7.82,8.0,-0.1799999999999997,-2.25,9993220.0,34564140.0,2.28,0.009927,0.016729,0.77,263.322,263.322,4.846,3.4194,3.4194,0.0,,1006671464.0,1006671464.0,597345569.0,3452883122.0,3452883122.0,环境保护,环保,环境治理,综合环境治理,3.86,3.16,0.0
2025-03-31,7.75,7.89,7.64,7.77,7.82,-0.0500000000000007,-0.64,14781900.0,50305822.0,2.28,0.014684,0.024746,1.2,261.7866,261.7866,4.8177,3.3995,3.3995,0.0,,1006671464.0,1006671464.0,597345569.0,3432749692.0,3432749692.0,环境保护,环保,环境治理,综合环境治理,3.77,3.09,0.0
2025-04-01,7.8,7.96,7.8,7.96,7.77,0.1900000000000004,2.45,9908900.0,34365595.0,2.28,0.009843,0.016588,0.85,267.9283,267.9283,4.9307,3.4792,3.4792,0.0,,1006671464.0,1006671464.0,597345569.0,3513283409.0,3513283409.0,环境保护,环保,环境治理,综合环境治理,3.75,3.07,0.0
2025-04-02,7.96,8.14,7.87,8.03,7.96,0.0699999999999994,0.88,11510400.0,40505473.0,2.28,0.011434,0.019269,0.99,270.2314,270.2314,4.9731,3.5092,3.5092,0.0,,1006671464.0,1006671464.0,597345569.0,3543483553.0,3543483553.0,环境保护,环保,环境治理,综合环境治理,3.84,3.14,0.0
2025-04-03,7.98,8.16,7.93,8.12,8.03,0.0899999999999998,1.12,10385900.0,36737057.0,2.28,0.010317,0.017387,0.93,273.3022,273.3022,5.0296,3.549,3.549,0.0,,1006671464.0,1006671464.0,597345569.0,3583750412.0,3583750412.0,环境保护,环保,环境治理,综合环境治理,3.87,3.17,0.0
2025-04-07,7.84,7.87,7.3,7.3,8.12,-0.8199999999999994,-10.1,19579200.0,64123285.0,2.28,0.019449,0.032777,1.73,245.6649,245.6649,4.521,3.1901,3.1901,0.0,,1006671464.0,1006671464.0,597345569.0,3221348685.0,3221348685.0,环境保护,环保,环境治理,综合环境治理,3.92,3.2,0.0
2025-04-08,7.3,7.36,6.98,7.07,7.3,-0.2299999999999995,-3.15,22620231.0,71004896.0,2.28,0.02247,0.037868,1.71,237.9879,237.9879,4.3797,3.0904,3.0904,0.0,,1006671464.0,1006671464.0,597345569.0,3120681537.9999995,3120681537.9999995,环境保护,环保,环境治理,综合环境治理,3.52,2.88,0.0
2025-04-09,7.0,7.32,6.52,7.25,7.07,0.1799999999999997,2.55,22690400.0,69128086.0,2.28,0.02254,0.037985,1.53,244.1295,244.1295,4.4928,3.1702,3.1702,0.0,,1006671464.0,1006671464.0,597345569.0,3201215256.0,3201215256.0,环境保护,环保,环境治理,综合环境治理,3.41,2.79,0.0
2025-04-10,7.36,7.57,7.34,7.43,7.25,0.1799999999999997,2.48,15785700.0,51656754.0,2.28,0.015681,0.0264259999999999,0.91,250.2711,250.2711,4.6058,3.25,3.25,0.0,,1006671464.0,1006671464.0,597345569.0,3281748973.0,3281748973.0,环境保护,环保,环境治理,综合环境治理,3.5,2.86,0.0
2025-04-11,7.39,7.55,7.34,7.41,7.43,-0.0199999999999995,-0.27,11133300.0,36484535.0,2.28,0.01106,0.018638,0.61,249.5034,249.5034,4.5917,3.24,3.24,0.0,,1006671464.0,1006671464.0,597345569.0,3271682258.0,3271682258.0,环境保护,环保,环境治理,综合环境治理,3.59,2.93,0.0
2025-04-14,7.48,7.71,7.48,7.64,7.41,0.2299999999999995,3.1,11468100.0,38446304.0,2.28,0.011392,0.019198,0.62,257.1804,257.1804,4.733,3.3397,3.3397,0.0,,1006671464.0,1006671464.0,597345569.0,3372349404.0,3372349404.0,环境保护,环保,环境治理,综合环境治理,3.58,2.93,0.0
2025-04-15,7.62,7.71,7.5,7.57,7.64,-0.0699999999999994,-0.92,7202000.0,23914906.0,2.28,0.007154,0.012057,0.43,254.8773,254.8773,4.6906,3.3098,3.3098,0.0,,1006671464.0,1006671464.0,597345569.0,3342149260.0,3342149260.0,环境保护,环保,环境治理,综合环境治理,3.69,3.02,0.0
2025-04-16,7.57,7.57,7.25,7.36,7.57,-0.2099999999999999,-2.77,10483900.0,33998014.0,2.28,0.010414,0.017551,0.77,247.968,247.968,4.5634,3.22,3.22,0.0,,1006671464.0,1006671464.0,597345569.0,3251548829.0000005,3251548829.0000005,环境保护,环保,环境治理,综合环境治理,3.65,2.99,0.0
2025-04-17,7.34,7.52,7.3,7.41,7.36,0.0499999999999998,0.68,10171962.0,33215599.000000004,2.28,0.010105,0.017029,0.91,249.5034,249.5034,4.5917,3.24,3.24,0.0,,1006671464.0,1006671464.0,597345569.0,3271682258.0,3271682258.0,环境保护,环保,环境治理,综合环境治理,3.55,2.91,0.0
2025-04-18,7.48,7.48,7.32,7.43,7.41,0.0199999999999995,0.27,8872100.0,28749855.0,2.28,0.008813,0.014853,0.88,250.2711,250.2711,4.6058,3.25,3.25,0.0,,1006671464.0,1006671464.0,597345569.0,3281748973.0,3281748973.0,环境保护,环保,环境治理,综合环境治理,3.58,2.93,0.0
2025-04-21,7.46,7.52,7.39,7.5,7.43,0.0700000000000002,0.94,7848700.999999999,25675110.0,2.28,0.0077969999999999,0.013139,0.81,252.5742,252.5742,4.6482,3.2799,3.2799,0.0,,1006671464.0,1006671464.0,597345569.0,3311949117.0,3311949117.0,环境保护,环保,环境治理,综合环境治理,3.59,2.93,0.0
2025-04-22,7.55,7.64,7.48,7.55,7.5,0.0499999999999998,0.67,7239300.0,23983216.0,2.28,0.0071909999999999,0.012119,0.81,254.1096,254.1096,4.6764,3.2998,3.2998,0.0,,1006671464.0,1006671464.0,597345569.0,3332082546.0,3332082546.0,环境保护,环保,环境治理,综合环境治理,3.62,2.96,0.0
2025-04-23,7.55,7.71,7.5,7.52,7.55,-0.0300000000000002,-0.4,8054699.000000001,26803958.0,2.28,0.008001,0.013484,0.9,253.3419,253.3419,4.6623,3.2898,3.2898,0.0,,1006671464.0,1006671464.0,597345569.0,3322015831.0,3322015831.0,环境保护,环保,环境治理,综合环境治理,3.64,2.98,0.0
2025-04-24,7.59,7.59,7.39,7.43,7.52,-0.0899999999999998,-1.2,9198901.0,30149188.0,2.28,0.009138,0.0154,1.09,250.2711,250.2711,4.6058,3.25,3.25,0.0,,1006671464.0,1006671464.0,597345569.0,3281748973.0,3281748973.0,环境保护,环保,环境治理,综合环境治理,3.63,2.97,0.0
2025-04-25,7.5,7.66,7.41,7.5,7.43,0.0700000000000002,0.94,12533461.0,41519577.0,2.28,0.01245,0.0209819999999999,1.52,252.5742,171.2077,4.7939,3.2799,3.3719,0.0,,1006671464.0,1006671464.0,597345569.0,3311949117.0,3311949117.0,环境保护,环保,环境治理,综合环境治理,3.59,2.93,0.0
2025-04-28,7.5,7.59,7.27,7.32,7.5,-0.1799999999999997,-2.4,12513662.0,40347428.0,2.28,0.012431,0.022216,1.39,246.4326,167.0445,4.6773,3.2001,3.2899,0.0,,1006671464.0,1006671464.0,563267969.0,3231415398.9999995,3231415398.9999995,环境保护,环保,环境治理,综合环境治理,3.62,2.96,0.0
2025-04-29,7.3,7.5,7.27,7.43,7.32,0.1099999999999994,1.5,9753700.0,31809379.0,2.28,0.009689,0.017316,0.98,250.2711,169.6465,4.7502,3.25,3.3411,0.0,,1006671464.0,1006671464.0,563267969.0,3281748973.0,3281748973.0,环境保护,环保,环境治理,综合环境治理,3.53,2.89,0.0
2025-04-30,7.46,7.57,7.41,7.46,7.43,0.0300000000000002,0.4,7652335.000000001,25237946.0,2.28,0.007602,0.013586,0.74,251.0388,170.1669,4.7647,3.2599,3.3514,0.0,,1006671464.0,1006671464.0,563267969.0,3291815687.0,3291815687.0,环境保护,环保,环境治理,综合环境治理,3.59,2.93,0.0
2025-05-06,7.55,7.66,7.5,7.66,7.46,0.2000000000000001,2.68,8027646.000000001,26846580.0,2.28,0.007974,0.014252,0.78,257.9481,174.8504,4.8959,3.3496,3.4436,0.0,,1006671464.0,1006671464.0,563267969.0,3382416119.0,3382416119.0,环境保护,环保,环境治理,综合环境治理,3.6,2.94,0.0
2025-05-07,7.75,7.77,7.62,7.68,7.66,0.0199999999999995,0.26,9038300.0,30428366.0,2.28,0.008978,0.016046,0.9,258.7158,175.3708,4.9104,3.3596,3.4539,0.0,,1006671464.0,1006671464.0,563267969.0,3392482834.0,3392482834.0,环境保护,环保,环境治理,综合环境治理,3.7,3.02,0.0
2025-05-08,7.68,7.84,7.59,7.82,7.68,0.1400000000000005,1.82,11261500.0,38274616.0,2.28,0.011187,0.019993,1.2,263.322,178.4931,4.9979,3.4194,3.5154,0.0,,1006671464.0,1006671464.0,563267969.0,3452883122.0,3452883122.0,环境保护,环保,环境治理,综合环境治理,3.71,3.03,0.0
2025-05-09,7.8,7.82,7.66,7.71,7.82,-0.1100000000000003,-1.41,10072500.0,34057664.0,2.28,0.010006,0.017882,1.1,259.4835,175.8911,4.925,3.3696,3.4641,0.0,,1006671464.0,1006671464.0,563267969.0,3402549548.0,3402549548.0,环境保护,环保,环境治理,综合环境治理,3.77,3.09,0.0
2025-05-12,7.87,7.87,7.66,7.68,7.71,-0.0300000000000002,-0.39,9187100.0,31038621.0,2.28,0.009126,0.01631,1.0,258.7158,175.3708,4.9104,3.3596,3.4539,0.0,,1006671464.0,1006671464.0,563267969.0,3392482834.0,3392482834.0,环境保护,环保,环境治理,综合环境治理,3.72,3.04,0.0
2025-05-13,7.82,7.82,7.62,7.66,7.68,-0.0199999999999995,-0.26,10599646.0,35822082.0,2.28,0.010529,0.0188179999999999,1.11,257.9481,174.8504,4.8959,3.3496,3.4436,0.0,,1006671464.0,1006671464.0,563267969.0,3382416119.0,3382416119.0,环境保护,环保,环境治理,综合环境治理,3.71,3.03,0.0
2025-05-14,7.62,7.73,7.57,7.66,7.66,0.0,0.0,10707401.0,35880282.0,2.28,0.010636,0.019009,1.07,257.9481,174.8504,4.8959,3.3496,3.4436,0.0,,1006671464.0,1006671464.0,563267969.0,3382416119.0,3382416119.0,环境保护,环保,环境治理,综合环境治理,3.7,3.02,0.0
2025-05-15,7.66,7.73,7.59,7.64,7.66,-0.0200000000000004,-0.26,9564600.0,32116074.0,2.28,0.0095009999999999,0.016981,0.92,257.1804,174.33,4.8813,3.3397,3.4334,0.0,,1006671464.0,1006671464.0,563267969.0,3372349404.0,3372349404.0,环境保护,环保,环境治理,综合环境治理,3.7,3.02,0.0
2025-05-16,7.64,7.73,7.59,7.59,7.64,-0.0499999999999998,-0.65,9289700.0,31191473.0,2.28,0.009228,0.016493,0.93,255.645,173.2892,4.8522,3.3197,3.4129,0.0,,1006671464.0,1006671464.0,563267969.0,3352215974.9999995,3352215974.9999995,环境保护,环保,环境治理,综合环境治理,3.69,3.02,0.0
2025-05-19,7.66,7.91,7.62,7.89,7.59,0.2999999999999998,3.95,20647321.0,70789569.0,2.28,0.02051,0.036656,2.09,265.6252,180.0542,5.0416,3.4493,3.5461,0.0,,1006671464.0,1006671464.0,563267969.0,3483083265.0000005,3483083265.0000005,环境保护,环保,环境治理,综合环境治理,3.66,3.0,0.0
2025-05-20,7.89,7.96,7.77,7.93,7.89,0.04,0.51,10642532.0,36742075.0,2.28,0.010572,0.018894,0.88,267.1606,181.095,5.0707,3.4693,3.5666,0.0,,1006671464.0,1006671464.0,563267969.0,3503216695.0,3503216695.0,环境保护,环保,环境治理,综合环境治理,3.81,3.11,0.0
2025-05-21,7.93,8.05,7.82,7.91,7.93,-0.0199999999999995,-0.25,13119400.0,45521055.0,2.28,0.0130319999999999,0.023292,1.08,266.3929,180.5746,5.0561,3.4593,3.5564,0.0,,1006671464.0,1006671464.0,563267969.0,3493149980.0,3493149980.0,环境保护,环保,环境治理,综合环境治理,3.83,3.13,0.0
2025-05-22,8.03,8.16,7.75,7.77,7.91,-0.1400000000000005,-1.77,24133391.0,83750550.0,2.28,0.023973,0.042845,1.91,261.7866,177.4523,4.9687,3.3995,3.4949,0.0,,1006671464.0,1006671464.0,563267969.0,3432749692.0,3432749692.0,环境保护,环保,环境治理,综合环境治理,3.82,3.12,0.0
2025-05-23,7.75,7.82,7.57,7.59,7.77,-0.1799999999999997,-2.32,15869100.0,53635513.0,2.28,0.015764,0.028173,1.02,255.645,173.2892,4.8522,3.3197,3.4129,0.0,,1006671464.0,1006671464.0,563267969.0,3352215974.9999995,3352215974.9999995,环境保护,环保,环境治理,综合环境治理,3.75,3.07,0.0
2025-05-26,7.66,7.8,7.59,7.71,7.59,0.1200000000000001,1.58,11250700.0,37956920.0,2.28,0.0111759999999999,0.019974,0.67,259.4835,175.8911,4.925,3.3696,3.4641,0.0,,1006671464.0,1006671464.0,563267969.0,3402549548.0,3402549548.0,环境保护,环保,环境治理,综合环境治理,3.66,3.0,0.0
2025-05-27,7.71,7.8,7.62,7.77,7.71,0.0599999999999996,0.78,11370902.0,38505764.0,2.28,0.0112959999999999,0.020187,0.76,261.7866,177.4523,4.9687,3.3995,3.4949,0.0,,1006671464.0,1006671464.0,563267969.0,3432749692.0,3432749692.0,环境保护,环保,环境治理,综合环境治理,3.72,3.04,0.0
2025-05-28,7.77,7.82,7.64,7.68,7.77,-0.0899999999999998,-1.16,9841700.0,33328228.000000004,2.28,0.009776,0.017473,0.65,258.7158,175.3708,4.9104,3.3596,3.4539,0.0,,1006671464.0,1006671464.0,563267969.0,3392482834.0,3392482834.0,环境保护,环保,环境治理,综合环境治理,3.75,3.07,0.0
2025-05-29,7.68,7.87,7.64,7.84,7.68,0.1600000000000001,2.08,12861100.0,44002966.0,2.28,0.012776,0.022833,0.89,264.0898,179.0135,5.0124,3.4294,3.5256,0.0,,1006671464.0,1006671464.0,563267969.0,3462949836.0,3462949836.0,环境保护,环保,环境治理,综合环境治理,3.71,3.03,0.0
2025-05-30,7.84,7.89,7.71,7.73,7.84,-0.1099999999999994,-1.4,10362100.0,35381761.0,2.28,0.010293,0.018396,0.85,260.2512,176.4115,4.9396,3.3796,3.4744,0.0,,1006671464.0,1006671464.0,563267969.0,3412616263.0,3412616263.0,环境保护,环保,环境治理,综合环境治理,3.78,3.1,0.0
2025-06-03,7.66,7.77,7.66,7.71,7.73,-0.0200000000000004,-0.26,11364700.0,38406374.0,2.28,0.011289,0.020176,1.02,259.4835,175.8911,4.925,3.3696,3.4641,0.0,,1006671464.0,1006671464.0,563267969.0,3402549548.0,3402549548.0,环境保护,环保,环境治理,综合环境治理,3.73,3.05,0.0
2025-06-04,7.75,7.75,7.66,7.71,7.71,0.0,0.0,9016600.0,30432107.0,2.28,0.008957,0.016008,0.81,259.4835,175.8911,4.925,3.3696,3.4641,0.0,,1006671464.0,1006671464.0,563267969.0,3402549548.0,3402549548.0,环境保护,环保,环境治理,综合环境治理,3.72,3.04,0.0
2025-06-05,7.73,7.75,7.55,7.59,7.71,-0.1200000000000001,-1.56,16170100.0,54002686.0,2.28,0.016063,0.028708,1.51,255.645,173.2892,4.8522,3.3197,3.4129,0.0,,1006671464.0,1006671464.0,563267969.0,3352215974.9999995,3352215974.9999995,环境保护,环保,环境治理,综合环境治理,3.72,3.04,0.0
2025-06-06,7.62,7.71,7.57,7.71,7.59,0.1200000000000001,1.58,12004100.0,40273078.0,2.28,0.0119249999999999,0.021312,1.0,259.4835,175.8911,4.925,3.3696,3.4641,0.0,,1006671464.0,1006671464.0,563267969.0,3402549548.0,3402549548.0,环境保护,环保,环境治理,综合环境治理,3.66,3.0,0.0
2025-06-09,7.71,7.77,7.66,7.77,7.71,0.0599999999999996,0.78,10286039.0,34866795.0,2.28,0.010218,0.018261,0.87,261.7866,177.4523,4.9687,3.3995,3.4949,0.0,,1006671464.0,1006671464.0,563267969.0,3432749692.0,3432749692.0,环境保护,环保,环境治理,综合环境治理,3.72,3.04,0.0
2025-06-10,7.75,7.8,7.5,7.62,7.77,-0.1499999999999994,-1.93,13017330.0,43570920.0,2.28,0.012931,0.02311,1.11,256.4127,173.8096,4.8667,3.3297,3.4231,0.0,,1006671464.0,1006671464.0,563267969.0,3362282689.9999995,3362282689.9999995,环境保护,环保,环境治理,综合环境治理,3.75,3.07,0.0
2025-06-11,7.68,7.77,7.62,7.71,7.62,0.0899999999999998,1.18,13180459.0,44643149.0,2.28,0.0130929999999999,0.0233999999999999,1.09,259.4835,175.8911,4.925,3.3696,3.4641,0.0,,1006671464.0,1006671464.0,563267969.0,3402549548.0,3402549548.0,环境保护,环保,环境治理,综合环境治理,3.67,3.01,0.0
2025-06-12,7.68,7.75,7.62,7.66,7.71,-0.0499999999999998,-0.65,8877921.0,29907388.0,2.28,0.008819,0.015761,0.69,257.9481,174.8504,4.8959,3.3496,3.4436,0.0,,1006671464.0,1006671464.0,563267969.0,3382416119.0,3382416119.0,环境保护,环保,环境治理,综合环境治理,3.72,3.04,0.0
2025-06-13,7.64,7.68,7.52,7.55,7.66,-0.1100000000000003,-1.44,11088800.0,36850800.0,2.28,0.0110149999999999,0.019687,0.97,254.1096,172.2484,4.823,3.2998,3.3924,0.0,,1006671464.0,1006671464.0,563267969.0,3332082546.0,3332082546.0,环境保护,环保,环境治理,综合环境治理,3.7,3.02,0.0
2025-06-16,7.62,7.71,7.55,7.66,7.55,0.1100000000000003,1.46,11207092.0,37509738.0,2.28,0.0111329999999999,0.019897,0.99,257.9481,174.8504,4.8959,3.3496,3.4436,0.0,,1006671464.0,1006671464.0,563267969.0,3382416119.0,3382416119.0,环境保护,环保,环境治理,综合环境治理,3.64,2.98,0.0
2025-06-17,7.64,7.8,7.62,7.71,7.66,0.0499999999999998,0.65,12098592.0,40832592.0,2.28,0.012018,0.0214789999999999,1.05,259.4835,175.8911,4.925,3.3696,3.4641,0.0,,1006671464.0,1006671464.0,563267969.0,3402549548.0,3402549548.0,环境保护,环保,环境治理,综合环境治理,3.7,3.02,0.0
2025-06-18,7.66,7.71,7.59,7.62,7.71,-0.0899999999999998,-1.17,7436500.0,24860109.0,2.28,0.007387,0.013202,0.66,256.4127,173.8096,4.8667,3.3297,3.4231,0.0,,1006671464.0,1006671464.0,563267969.0,3362282689.9999995,3362282689.9999995,环境保护,环保,环境治理,综合环境治理,3.72,3.04,0.0
2025-06-19,7.62,7.64,7.39,7.41,7.62,-0.2099999999999999,-2.76,13986620.000000002,45957852.0,2.28,0.013894,0.024831,1.38,249.5034,169.1261,4.7356,3.24,3.3309,0.0,,1006671464.0,1006671464.0,563267969.0,3271682258.0,3271682258.0,环境保护,环保,环境治理,综合环境治理,3.67,3.01,0.0
2025-06-20,7.39,7.52,7.39,7.39,7.41,-0.0200000000000004,-0.27,8294900.0,27027770.0,2.28,0.0082399999999999,0.014726,0.74,248.7357,168.6057,4.721,3.23,3.3206,0.0,,1006671464.0,1006671464.0,563267969.0,3261615543.0,3261615543.0,环境保护,环保,环境治理,综合环境治理,3.58,2.93,0.0
2025-06-23,7.34,7.52,7.27,7.5,7.39,0.1100000000000003,1.49,10790381.0,35182174.0,2.28,0.010719,0.019157,1.02,252.5742,171.2077,4.7939,3.2799,3.3719,0.0,,1006671464.0,1006671464.0,563267969.0,3311949117.0,3311949117.0,环境保护,环保,环境治理,综合环境治理,3.56,2.92,0.0
2025-06-24,7.55,7.77,7.5,7.75,7.5,0.25,3.33,17066888.0,57537028.0,2.28,0.016954,0.0302999999999999,1.62,261.0189,176.9319,4.9541,3.3895,3.4846,0.0,,1006671464.0,1006671464.0,563267969.0,3422682978.0,3422682978.0,环境保护,环保,环境治理,综合环境治理,3.62,2.96,0.0
2025-06-25,7.77,7.8,7.68,7.77,7.75,0.0199999999999995,0.26,11088800.0,37637757.0,2.28,0.0110149999999999,0.019687,0.96,261.7866,177.4523,4.9687,3.3995,3.4949,0.0,,1006671464.0,1006671464.0,563267969.0,3432749692.0,3432749692.0,环境保护,环保,环境治理,综合环境治理,3.74,3.06,0.0
2025-06-26,7.82,7.87,7.73,7.77,7.77,0.0,0.0,13162285.0,45027087.0,2.28,0.013075,0.023368,1.07,261.7866,177.4523,4.9687,3.3995,3.4949,0.0,,1006671464.0,1006671464.0,563267969.0,3432749692.0,3432749692.0,环境保护,环保,环境治理,综合环境治理,3.75,3.07,0.0
2025-06-27,7.77,7.93,7.73,7.8,7.77,0.0300000000000002,0.39,12338300.0,42361902.0,2.28,0.012257,0.021905,1.02,262.5543,177.9727,4.9833,3.4095,3.5051,0.0,,1006671464.0,1006671464.0,563267969.0,3442816407.0,3442816407.0,环境保护,环保,环境治理,综合环境治理,3.75,3.07,0.0
2025-06-30,7.82,7.89,7.77,7.8,7.8,0.0,0.0,9600162.0,32936334.000000004,2.28,0.009537,0.017044,0.74,262.5543,177.9727,4.9833,3.4095,3.5051,0.0,,1006671464.0,1006671464.0,563267969.0,3442816407.0,3442816407.0,环境保护,环保,环境治理,综合环境治理,3.76,3.08,0.0
2025-07-01,7.8,7.91,7.75,7.8,7.8,0.0,0.0,12154884.0,41675140.0,2.28,0.012074,0.021579,0.96,262.5543,177.9727,4.9833,3.4095,3.5051,0.0,,1006671464.0,1006671464.0,563267969.0,3442816407.0,3442816407.0,环境保护,环保,环境治理,综合环境治理,3.76,3.08,0.0
2025-07-02,7.82,7.84,7.73,7.84,7.8,0.04,0.51,9927060.0,33896949.0,2.28,0.009861,0.017624,0.85,264.0898,179.0135,5.0124,3.4294,3.5256,0.0,,1006671464.0,1006671464.0,563267969.0,3462949836.0,3462949836.0,环境保护,环保,环境治理,综合环境治理,3.76,3.08,0.0
2025-07-03,7.84,7.93,7.82,7.91,7.84,0.0700000000000002,0.89,13834500.0,47894571.0,2.28,0.013743,0.024561,1.21,266.3929,180.5746,5.0561,3.4593,3.5564,0.0,,1006671464.0,1006671464.0,563267969.0,3493149980.0,3493149980.0,环境保护,环保,环境治理,综合环境治理,3.78,3.1,0.0
2025-07-04,7.91,7.98,7.77,7.82,7.91,-0.0899999999999998,-1.14,18002300.0,62123214.0,2.28,0.017883,0.03196,1.56,263.322,178.4931,4.9979,3.4194,3.5154,0.0,,1006671464.0,1006671464.0,563267969.0,3452883122.0,3452883122.0,环境保护,环保,环境治理,综合环境治理,3.82,3.12,0.0
2025-07-07,7.77,7.89,7.77,7.87,7.82,0.0499999999999998,0.64,11497401.0,39540491.0,2.28,0.0114209999999999,0.020412,0.91,264.8575,179.5339,5.027,3.4394,3.5359,0.0,,1006671464.0,1006671464.0,563267969.0,3473016550.9999995,3473016550.9999995,环境保护,环保,环境治理,综合环境治理,3.77,3.09,0.0
2025-07-08,7.87,7.93,7.8,7.91,7.87,0.04,0.51,16711400.0,57761123.0,2.28,0.0166009999999999,0.0296689999999999,1.28,266.3929,180.5746,5.0561,3.4593,3.5564,0.0,,1006671464.0,1006671464.0,563267969.0,3493149980.0,3493149980.0,环境保护,环保,环境治理,综合环境治理,3.8,3.11,0.0
2025-07-09,7.93,7.96,7.84,7.89,7.91,-0.0200000000000004,-0.25,10497600.0,36431376.0,2.28,0.010428,0.018637,0.75,265.6252,180.0542,5.0416,3.4493,3.5461,0.0,,1006671464.0,1006671464.0,563267969.0,3483083265.0000005,3483083265.0000005,环境保护,环保,环境治理,综合环境治理,3.82,3.12,0.0
2025-07-10,7.89,7.98,7.87,7.96,7.89,0.0700000000000002,0.89,13098193.0,45499421.0,2.28,0.013011,0.023254,0.93,267.9283,181.6154,5.0853,3.4792,3.5769,0.0,,1006671464.0,1006671464.0,563267969.0,3513283409.0,3513283409.0,环境保护,环保,环境治理,综合环境治理,3.81,3.11,0.0
2025-07-11,7.98,8.0,7.84,7.91,7.96,-0.0499999999999998,-0.63,15395500.0,53512015.0,2.28,0.015293,0.027332,1.1,266.3929,180.5746,5.0561,3.4593,3.5564,0.0,,1006671464.0,1006671464.0,563267969.0,3493149980.0,3493149980.0,环境保护,环保,环境治理,综合环境治理,3.84,3.14,0.0
2025-07-14,7.91,7.98,7.84,7.84,7.91,-0.0700000000000002,-0.88,19613100.0,68031808.0,2.28,0.019483,0.03482,1.46,264.0898,179.0135,5.0124,3.4294,3.5256,0.0,,1006671464.0,1006671464.0,563267969.0,3462949836.0,3462949836.0,环境保护,环保,环境治理,综合环境治理,3.82,3.12,0.0
2025-07-15,7.84,7.87,7.57,7.62,7.84,-0.2199999999999997,-2.81,25612960.0,86030664.0,2.28,0.0254429999999999,0.045472,1.7,256.4127,173.8096,4.8667,3.3297,3.4231,0.0,,1006671464.0,1006671464.0,563267969.0,3362282689.9999995,3362282689.9999995,环境保护,环保,环境治理,综合环境治理,3.78,3.1,0.0
2025-07-16,7.62,7.75,7.59,7.68,7.62,0.0599999999999996,0.79,17900712.0,60108187.0,2.28,0.017782,0.03178,1.06,258.7158,175.3708,4.9104,3.3596,3.4539,0.0,,1006671464.0,1006671464.0,563267969.0,3392482834.0,3392482834.0,环境保护,环保,环境治理,综合环境治理,3.67,3.01,0.0
2025-07-17,7.68,7.77,7.66,7.71,7.68,0.0300000000000002,0.39,11491612.0,38885793.0,2.28,0.011415,0.020402,0.63,259.4835,175.8911,4.925,3.3696,3.4641,0.0,,1006671464.0,1006671464.0,563267969.0,3402549548.0,3402549548.0,环境保护,环保,环境治理,综合环境治理,3.71,3.03,0.0
2025-07-18,7.71,7.75,7.64,7.71,7.71,0.0,0.0,9303106.0,31353401.0,2.28,0.009241,0.016516,0.52,259.4835,175.8911,4.925,3.3696,3.4641,0.0,,1006671464.0,1006671464.0,563267969.0,3402549548.0,3402549548.0,环境保护,环保,环境治理,综合环境治理,3.72,3.04,0.0
2025-07-21,7.77,7.93,7.73,7.91,7.71,0.2000000000000001,2.59,18668163.0,64492059.0,2.28,0.018544,0.033143,1.11,266.3929,180.5746,5.0561,3.4593,3.5564,0.0,,1006671464.0,1006671464.0,563267969.0,3493149980.0,3493149980.0,环境保护,环保,环境治理,综合环境治理,3.72,3.04,0.0
2025-07-22,7.93,7.96,7.82,7.96,7.91,0.0499999999999998,0.63,18271901.0,63380261.0,2.28,0.018151,0.032439,1.1,267.9283,181.6154,5.0853,3.4792,3.5769,0.0,,1006671464.0,1006671464.0,563267969.0,3513283409.0,3513283409.0,环境保护,环保,环境治理,综合环境治理,3.82,3.12,0.0
2025-07-23,7.98,8.03,7.89,7.91,7.96,-0.0499999999999998,-0.63,15352919.0,53625126.0,2.28,0.0152509999999999,0.0272569999999999,1.01,266.3929,180.5746,5.0561,3.4593,3.5564,0.0,,1006671464.0,1006671464.0,563267969.0,3493149980.0,3493149980.0,环境保护,环保,环境治理,综合环境治理,3.84,3.14,0.0
2025-07-24,7.91,8.03,7.89,8.0,7.91,0.0899999999999998,1.14,12591084.0,44055769.0,2.28,0.0125079999999999,0.022354,0.86,269.4637,182.6562,5.1144,3.4992,3.5974,0.0,,1006671464.0,1006671464.0,563267969.0,3533416839.0,3533416839.0,环境保护,环保,环境治理,综合环境治理,3.82,3.12,0.0
2025-07-25,8.05,8.05,7.93,7.98,8.0,-0.0199999999999995,-0.25,11431330.0,40021298.0,2.28,0.011356,0.020295,0.77,268.696,182.1358,5.0999,3.4892,3.5871,0.0,,1006671464.0,1006671464.0,563267969.0,3523350124.0,3523350124.0,环境保护,环保,环境治理,综合环境治理,3.86,3.16,0.0
2025-07-28,7.98,8.0,7.89,7.96,7.98,-0.0200000000000004,-0.25,11951000.0,41537664.0,2.28,0.011872,0.021217,0.78,267.9283,181.6154,5.0853,3.4792,3.5769,0.0,,1006671464.0,1006671464.0,563267969.0,3513283409.0,3513283409.0,环境保护,环保,环境治理,综合环境治理,3.85,3.15,0.0
2025-07-29,7.93,7.98,7.8,7.89,7.96,-0.0700000000000002,-0.88,12476000.0,43084576.0,2.28,0.012393,0.022149,0.9,265.6252,180.0542,5.0416,3.4493,3.5461,0.0,,1006671464.0,1006671464.0,563267969.0,3483083265.0000005,3483083265.0000005,环境保护,环保,环境治理,综合环境治理,3.84,3.14,0.0
2025-07-30,7.89,7.91,7.71,7.77,7.89,-0.1200000000000001,-1.52,16869500.0,57741980.0,2.28,0.016758,0.029949,1.32,261.7866,177.4523,4.9687,3.3995,3.4949,0.0,,1006671464.0,1006671464.0,563267969.0,3432749692.0,3432749692.0,环境保护,环保,环境治理,综合环境治理,3.81,3.11,0.0
2025-07-31,7.8,7.82,7.55,7.57,7.77,-0.1999999999999993,-2.57,18451300.0,62099778.0,2.28,0.0183289999999999,0.0327579999999999,1.41,254.8773,172.7688,4.8376,3.3098,3.4026,0.0,,1006671464.0,1006671464.0,563267969.0,3342149260.0,3342149260.0,环境保护,环保,环境治理,综合环境治理,3.75,3.07,0.0
2025-08-01,7.57,7.66,7.55,7.59,7.57,0.0199999999999995,0.26,15756201.0,52470087.0,2.28,0.015652,0.0279729999999999,1.11,255.645,173.2892,4.8522,3.3197,3.4129,0.0,,1006671464.0,1006671464.0,563267969.0,3352215974.9999995,3352215974.9999995,环境保护,环保,环境治理,综合环境治理,3.65,2.99,0.0
2025-08-04,7.62,7.73,7.5,7.64,7.59,0.0499999999999998,0.66,14260200.0,47736289.0,2.28,0.014166,0.025317,0.94,257.1804,174.33,4.8813,3.3397,3.4334,0.0,,1006671464.0,1006671464.0,563267969.0,3372349404.0,3372349404.0,环境保护,环保,环境治理,综合环境治理,3.66,3.0,0.0
2025-08-05,7.68,7.93,7.66,7.8,7.64,0.1600000000000001,2.09,16374300.0,55850770.0,2.28,0.016266,0.02907,1.05,262.5543,177.9727,4.9833,3.4095,3.5051,0.0,,1006671464.0,1006671464.0,563267969.0,3442816407.0,3442816407.0,环境保护,环保,环境治理,综合环境治理,3.69,3.02,0.0
2025-08-06,7.84,8.05,7.68,7.96,7.8,0.1600000000000001,2.05,29218170.0,100947147.0,2.28,0.029025,0.0518729999999999,1.79,267.9283,181.6154,5.0853,3.4792,3.5769,0.0,,1006671464.0,1006671464.0,563267969.0,3513283409.0,3513283409.0,环境保护,环保,环境治理,综合环境治理,3.76,3.08,0.0
2025-08-07,7.96,8.09,7.89,7.98,7.96,0.0200000000000004,0.25,28346875.0,99071090.0,2.28,0.028159,0.050326,,268.696,182.1358,5.0999,3.4892,3.5871,0.0,,1006671464.0,1006671464.0,563267969.0,3523350124.0,3523350124.0,环境保护,环保,环境治理,综合环境治理,3.84,3.14,0.0
2025-08-08,7.96,8.07,7.91,8.03,7.98,0.0499999999999989,0.63,18651501.0,65168192.0,2.28,0.018528,0.033113,,270.2314,183.1766,5.129,3.5092,3.6076,0.0,,1006671464.0,1006671464.0,563267969.0,3543483553.0,3543483553.0,环境保护,环保,环境治理,综合环境治理,3.85,3.15,0.0
2025-08-11,8.03,8.14,8.0,8.12,8.03,0.0899999999999998,1.12,18552974.0,65886265.0,2.28,0.01843,0.032938,,273.3022,185.2581,5.1873,3.549,3.6486,0.0,,1006671464.0,1006671464.0,563267969.0,3583750412.0,3583750412.0,环境保护,环保,环境治理,综合环境治理,3.87,3.17,0.0
2025-08-12,8.14,8.85,8.14,8.46,8.12,0.3400000000000016,4.19,61344788.0,228883945.0,2.28,0.060938,0.108909,,284.8177,193.0639,5.4058,3.6986,3.8023,0.0,,1006671464.0,1006671464.0,563267969.0,3734751131.0,3734751131.0,环境保护,环保,环境治理,综合环境治理,3.92,3.2,0.0
2025-08-13,8.5,8.62,8.34,8.53,8.46,0.0699999999999985,0.83,35562560.0,131959884.0,2.28,0.035327,0.063136,,287.1208,194.6251,5.4496,3.7285,3.8331,0.0,,1006671464.0,1006671464.0,563267969.0,3764951275.0,3764951275.0,环境保护,环保,环境治理,综合环境治理,4.08,3.34,0.0
2025-08-14,8.53,8.55,8.3,8.37,8.53,-0.1600000000000001,-1.88,24661700.0,91185108.0,2.28,0.024498,0.043783,,281.7469,190.9824,5.3476,3.6587,3.7613,0.0,,1006671464.0,1006671464.0,563267969.0,3694484273.0,3694484273.0,环境保护,环保,环境治理,综合环境治理,4.11,3.37,0.0
2025-08-15,8.3,9.21,8.28,9.21,8.37,0.8400000000000016,10.04,25414877.0,100388523.0,2.28,0.025246,0.04511999999999999,,310.1519,210.2368,5.8867,4.0275,4.1406,0.0,,1006671464.0,1006671464.0,563267969.0,4066952714.9999995,4066952714.9999995,环境保护,环保,环境治理,综合环境治理,4.04,3.3,0.0
