date,open,high,low,close,pre_close,change,pct_chg,volume,amount,factor,turnover_rate,turnover_rate_f,volume_ratio,pe,pe_ttm,pb,ps,ps_ttm,dv_ratio,dv_ttm,total_share,float_share,free_share,total_mv,circ_mv,industry,l1_name,l2_name,l3_name,up_limit,down_limit,is_st
2009-01-05,8.93,9.29,8.84,9.26,8.76,0.5,5.71,7608303.0,45297349.2,1.535,0.034805,0.061062,0.84,21.0183,12.7419,1.5975,1.3932,1.0965,0.021559,0.021559,470000000.0,218600000.0,124600000.0,2834100000.0,1318158000.0,新型电力,公用事业,电力,风力发电,6.28,5.14,
2009-01-06,9.21,9.59,9.06,9.58,9.26,0.3200000000000003,3.46,10942835.0,66980649.8,1.535,0.0500589999999999,0.087824,1.33,21.7503,13.1856,1.6531,1.4417,1.1347,0.020833,0.020833,470000000.0,218600000.0,124600000.0,2932800000.0,1364064000.0,新型电力,公用事业,电力,风力发电,6.63,5.43,
2009-01-07,9.58,9.64,9.35,9.49,9.58,-0.0899999999999998,-0.94,8688905.0,53822843.7,1.535,0.039748,0.069734,1.12,21.5411,13.0588,1.6372,1.4278,1.1238,0.021036,0.021036,470000000.0,218600000.0,124600000.0,2904600000.0,1350948000.0,新型电力,公用事业,电力,风力发电,6.86,5.62,
2009-01-08,9.27,9.3,8.53,8.9,9.49,-0.5899999999999999,-6.22,12256083.0,70999461.2,1.535,0.056066,0.0983629999999999,1.59,20.2166,12.2559,1.5365,1.34,1.0547,0.022414,0.022414,470000000.0,218600000.0,124600000.0,2726000000.0,1267880000.0,新型电力,公用事业,电力,风力发电,6.8,5.56,
2009-01-09,8.89,9.3,8.84,9.18,8.9,0.2799999999999993,3.15,6886853.0,40821620.7,1.535,0.031504,0.0552719999999999,0.77,20.844,12.6362,1.5842,1.3816,1.0874,0.021739,0.021739,470000000.0,218600000.0,124600000.0,2810600000.0,1307228000.0,新型电力,公用事业,电力,风力发电,6.38,5.22,
2009-01-12,9.13,9.73,9.06,9.49,9.18,0.3100000000000005,3.38,9567025.0,59467286.8,1.535,0.043765,0.076782,1.03,21.5411,13.0588,1.6372,1.4278,1.1238,0.021036,0.021036,470000000.0,218600000.0,124600000.0,2904600000.0,1350948000.0,新型电力,公用事业,电力,风力发电,6.58,5.38,
2009-01-13,9.36,9.73,9.33,9.46,9.49,-0.0299999999999993,-0.32,7533562.0,46869958.2,1.535,0.034463,0.0604619999999999,0.78,21.4714,13.0166,1.6319,1.4232,1.1201,0.0211039999999999,0.0211039999999999,470000000.0,218600000.0,124600000.0,2895200000.0,1346576000.0,新型电力,公用事业,电力,风力发电,6.8,5.56,
2009-01-14,9.41,9.76,9.29,9.75,9.46,0.2899999999999991,3.07,9112195.0,56945820.6,1.535,0.041684,0.073132,1.01,22.1337,13.4181,1.6822,1.4671,1.1547,0.020472,0.020472,470000000.0,218600000.0,124600000.0,2984500000.0,1388110000.0,新型电力,公用事业,电力,风力发电,6.78,5.54,
2009-01-15,9.61,9.93,9.56,9.75,9.75,0.0,0.0,9848638.0,62482884.5,1.535,0.045053,0.079042,1.09,22.1337,13.4181,1.6822,1.4671,1.1547,0.020472,0.020472,470000000.0,218600000.0,124600000.0,2984500000.0,1388110000.0,新型电力,公用事业,电力,风力发电,6.99,5.72,
2009-01-16,10.1,10.1,9.76,9.92,9.75,0.1699999999999999,1.74,10936626.0,70653734.4,1.535,0.05003,0.087774,1.27,22.5171,13.6505,1.7114,1.4925,1.1747,0.020124,0.020124,470000000.0,218600000.0,124600000.0,3036200000.0,1412156000.0,新型电力,公用事业,电力,风力发电,6.99,5.72,
2009-01-19,10.04,10.28,9.9,10.15,9.92,0.2300000000000004,2.32,9588689.0,63245106.3,1.535,0.043864,0.076956,1.02,23.0399,13.9675,1.7511,1.5272,1.202,0.019667,0.019667,470000000.0,218600000.0,124600000.0,3106700000.0,1444946000.0,新型电力,公用事业,电力,风力发电,7.11,5.81,
2009-01-20,10.19,10.24,9.95,10.18,10.15,0.0299999999999993,0.3,6594912.0,43300160.6,1.535,0.030169,0.052929,0.7,23.1096,14.0097,1.7564,1.5318,1.2056,0.019608,0.019608,470000000.0,218600000.0,124600000.0,3116100000.0,1449318000.0,新型电力,公用事业,电力,风力发电,7.27,5.95,
2009-01-21,9.99,10.51,9.98,10.25,10.18,0.0700000000000002,0.69,7632137.0,51203805.5,1.535,0.034914,0.061253,0.83,23.2839,14.1154,1.7697,1.5433,1.2147,0.019461,0.019461,470000000.0,218600000.0,124600000.0,3139600000.0,1460248000.0,新型电力,公用事业,电力,风力发电,7.29,5.97,
2009-01-22,10.36,10.41,10.05,10.24,10.25,-0.0099999999999997,-0.1,6725409.0,44703822.1,1.535,0.030766,0.0539759999999999,0.75,23.2491,14.0943,1.767,1.541,1.2129,0.01949,0.01949,470000000.0,218600000.0,124600000.0,3134900000.0,1458062000.0,新型电力,公用事业,电力,风力发电,7.35,6.01,
2009-01-23,10.28,10.28,9.95,9.98,10.24,-0.2599999999999998,-2.54,6722689.999999999,44010024.7,1.535,0.030753,0.053954,0.81,22.6565,13.735,1.722,1.5017,1.182,0.02,0.02,470000000.0,218600000.0,124600000.0,3055000000.0,1420900000.0,新型电力,公用事业,电力,风力发电,7.34,6.0,
2009-02-02,10.15,10.74,10.07,10.68,9.98,0.6999999999999993,7.01,9188631.0,62534957.2,1.535,0.042034,0.073745,1.23,24.2599,14.707,1.8438,1.608,1.2656,0.018678,0.018678,470000000.0,218600000.0,124600000.0,3271200000.0,1521456000.0,新型电力,公用事业,电力,风力发电,7.15,5.85,
2009-02-03,10.59,10.94,10.56,10.81,10.68,0.1300000000000007,1.22,11775115.0,82673552.7,1.535,0.053866,0.094503,1.6,24.5387,14.8761,1.865,1.6265,1.2802,0.018466,0.018466,470000000.0,218600000.0,124600000.0,3308800000.0,1538944000.0,新型电力,公用事业,电力,风力发电,7.66,6.26,
2009-02-04,10.85,11.16,10.64,11.11,10.81,0.2999999999999989,2.78,11707321.0,82906431.10000001,1.535,0.053556,0.0939589999999999,1.39,25.2359,15.2987,1.918,1.6727,1.3165,0.017956,0.017956,470000000.0,218600000.0,124600000.0,3402800000.0,1582664000.0,新型电力,公用事业,电力,风力发电,7.74,6.34,
2009-02-05,11.11,11.16,10.51,10.64,11.11,-0.4699999999999988,-4.23,11300059.0,80002851.8,1.535,0.0516929999999999,0.090691,1.23,24.1553,14.6437,1.8359,1.6011,1.2602,0.0187589999999999,0.0187589999999999,470000000.0,218600000.0,124600000.0,3257100000.0,1514898000.0,新型电力,公用事业,电力,风力发电,7.96,6.52,
2009-02-06,10.7,11.14,10.7,10.98,10.64,0.3399999999999998,3.2,13883541.0,99446769.5,1.535,0.063511,0.111425,1.37,24.9222,15.1085,1.8942,1.6519,1.3002,0.018182,0.018182,470000000.0,218600000.0,124600000.0,3360500000.0,1562990000.0,新型电力,公用事业,电力,风力发电,7.62,6.24,
2009-02-09,11.13,11.37,10.93,11.36,10.98,0.379999999999999,3.46,14453014.000000002,105210188.0,1.535,0.066116,0.115995,1.25,25.7936,15.6368,1.9604,1.7097,1.3456,0.017568,0.017568,470000000.0,218600000.0,124600000.0,3478000000.0,1617640000.0,新型电力,公用事业,电力,风力发电,7.87,6.44,
2009-02-10,11.27,12.49,11.1,12.49,11.36,1.1300000000000008,9.95,20123350.0,153691668.70000002,1.535,0.092056,0.161504,1.59,28.3729,17.2005,2.1565,1.8806,1.4802,0.015971,0.015971,470000000.0,218600000.0,124600000.0,3825800000.0,1779404000.0,新型电力,公用事业,电力,风力发电,8.14,6.66,
2009-02-11,12.28,12.74,11.74,12.1,12.49,-0.3900000000000005,-3.12,25218074.0,203736227.8,1.535,0.1153619999999999,0.202392,1.76,27.4667,16.6511,2.0876,1.8206,1.4329,0.0164969999999999,0.0164969999999999,470000000.0,218600000.0,124600000.0,3703600000.0,1722568000.0,新型电力,公用事业,电力,风力发电,8.95,7.33,
2009-02-12,12.13,12.36,11.44,12.08,12.1,-0.0199999999999995,-0.17,11710849.0,90679936.5,1.535,0.0535719999999999,0.093988,0.69,27.4318,16.63,2.0849,1.8183,1.4311,0.0165179999999999,0.0165179999999999,470000000.0,218600000.0,124600000.0,3698900000.0,1720382000.0,新型电力,公用事业,电力,风力发电,8.67,7.09,
2009-02-13,12.08,12.69,12.0,12.48,12.08,0.4000000000000003,3.31,12884383.0,103942244.7,1.535,0.05894,0.103406,0.75,28.3381,17.1794,2.1538,1.8783,1.4784,0.01599,0.01599,470000000.0,218600000.0,124600000.0,3821100000.0,1777218000.0,新型电力,公用事业,电力,风力发电,8.66,7.08,
2009-02-16,12.68,12.73,12.3,12.6,12.48,0.1199999999999992,0.96,12909313.0,105253559.2,1.535,0.059054,0.103606,0.76,28.6169,17.3484,2.175,1.8968,1.4929,0.015834,0.015834,470000000.0,218600000.0,124600000.0,3858700000.0,1794706000.0,新型电力,公用事业,电力,风力发电,8.94,7.32,
2009-02-17,12.51,12.57,11.9,11.97,12.6,-0.629999999999999,-5.0,11781936.0,93589373.1,1.535,0.053897,0.094558,0.71,27.1878,16.482,2.0664,1.8021,1.4184,0.016667,0.016667,470000000.0,218600000.0,124600000.0,3666000000.0,1705080000.0,新型电力,公用事业,电力,风力发电,9.03,7.39,
2009-02-18,11.54,11.93,11.13,11.13,11.97,-0.8399999999999999,-7.02,10175798.0,76165181.5,1.535,0.04655,0.081668,0.68,25.2707,15.3198,1.9207,1.675,1.3183,0.017931,0.017931,470000000.0,218600000.0,124600000.0,3407500000.0,1584850000.0,新型电力,公用事业,电力,风力发电,8.58,7.02,
2009-02-19,11.13,11.36,10.82,11.31,11.13,0.1799999999999997,1.62,12572817.0,90627649.2,1.535,0.057515,0.073268,1.06,25.6241,25.6241,1.9761,1.311,1.311,0.017639,0.017639,470000000.0,218600000.0,171600000.0,3463900000.0,1611082000.0,新型电力,公用事业,电力,风力发电,7.98,6.53,
2009-02-20,11.36,11.57,11.19,11.53,11.31,0.2199999999999988,1.95,10776433.0,80107494.7,1.535,0.049297,0.0628,0.89,26.1108,26.1108,2.0136,1.3359,1.3359,0.01731,0.01731,470000000.0,218600000.0,171600000.0,3529700000.0,1641686000.0,新型电力,公用事业,电力,风力发电,8.11,6.63,
2009-02-23,11.41,11.97,11.21,11.82,11.53,0.2900000000000009,2.52,12710053.0,95958242.3,1.535,0.058143,0.074068,1.09,26.7714,26.7714,2.0646,1.3697,1.3697,0.016883,0.016883,470000000.0,218600000.0,171600000.0,3619000000.0,1683220000.0,新型电力,公用事业,电力,风力发电,8.26,6.76,
2009-02-24,11.65,11.82,10.99,11.02,11.82,-0.8000000000000007,-6.77,13103437.0,97322562.0,1.535,0.0599429999999999,0.07636,1.13,24.9635,24.9635,1.9252,1.2772,1.2772,0.018106,0.018106,470000000.0,218600000.0,171600000.0,3374600000.0,1569548000.0,新型电力,公用事业,电力,风力发电,8.47,6.93,
2009-02-25,11.21,11.44,10.91,11.25,11.02,0.2300000000000004,2.09,9278251.0,67490339.5,1.535,0.0424439999999999,0.054069,0.78,25.485,25.485,1.9654,1.3039,1.3039,0.017735,0.017735,470000000.0,218600000.0,171600000.0,3445100000.0,1602338000.0,新型电力,公用事业,电力,风力发电,7.9,6.46,
2009-02-26,11.22,11.39,10.13,10.58,11.25,-0.6699999999999999,-5.96,10222345.0,73944813.4,1.535,0.046763,0.059571,0.87,23.9552,23.9552,1.8474,1.2256,1.2256,0.018868,0.018868,470000000.0,218600000.0,171600000.0,3238300000.0,1506154000.0,新型电力,公用事业,电力,风力发电,8.06,6.6,
2009-02-27,10.48,10.74,9.64,9.98,10.58,-0.5999999999999996,-5.67,9110391.0,60074265.0,1.535,0.041676,0.053091,0.81,22.5993,22.5993,1.7428,1.1563,1.1563,0.02,0.02,470000000.0,218600000.0,171600000.0,3055000000.0,1420900000.0,新型电力,公用事业,电力,风力发电,7.58,6.2,
2009-03-02,9.9,10.25,9.67,10.13,9.98,0.1500000000000003,1.5,4300604.0,28260970.8,1.535,0.019673,0.025062,0.4,22.9469,22.9469,1.7696,1.174,1.174,0.019697,0.019697,470000000.0,218600000.0,171600000.0,3102000000.0,1442760000.0,新型电力,公用事业,电力,风力发电,7.15,5.85,
2009-03-03,10.07,10.44,9.9,10.35,10.13,0.2199999999999988,2.17,7691992.0,51389069.3,1.535,0.035188,0.044825,0.84,23.4337,23.4337,1.8072,1.1989,1.1989,0.019288,0.019288,470000000.0,218600000.0,171600000.0,3167800000.0,1473364000.0,新型电力,公用事业,电力,风力发电,7.26,5.94,
2009-03-04,10.38,11.05,10.33,10.99,10.35,0.6400000000000006,6.18,10665727.0,74491632.0,1.535,0.048791,0.0621549999999999,1.31,24.894,24.894,1.9198,1.2737,1.2737,0.018156,0.018156,470000000.0,218600000.0,171600000.0,3365200000.0,1565176000.0,新型电力,公用事业,电力,风力发电,7.41,6.07,
2009-03-05,11.28,11.44,10.99,11.17,10.99,0.1799999999999997,1.64,13514679.999999998,98832763.8,1.535,0.061824,0.078757,1.61,25.3112,25.3112,1.952,1.295,1.295,0.017857,0.017857,470000000.0,218600000.0,171600000.0,3421600000.0,1591408000.0,新型电力,公用事业,电力,风力发电,7.88,6.44,
2009-03-06,10.96,11.33,10.96,11.07,11.17,-0.0999999999999996,-0.9,6307282.0,45730085.8,1.535,0.028853,0.036756,0.7,25.0678,25.0678,1.9332,1.2826,1.2826,0.018031,0.018031,470000000.0,218600000.0,171600000.0,3388700000.0,1576106000.0,新型电力,公用事业,电力,风力发电,8.01,6.55,
2009-03-09,11.07,11.22,10.28,10.3,11.07,-0.7699999999999996,-6.96,7019086.0,49060874.1,1.535,0.032109,0.0409039999999999,0.83,23.3294,23.3294,1.7991,1.1936,1.1936,0.019374,0.019374,470000000.0,218600000.0,171600000.0,3153700000.0,1466806000.0,新型电力,公用事业,电力,风力发电,7.93,6.49,
2009-03-10,10.16,10.48,10.13,10.47,10.3,0.1699999999999999,1.65,4430579.0,29700820.9,1.535,0.020268,0.025819,0.49,23.7118,23.7118,1.8286,1.2132,1.2132,0.019062,0.019062,470000000.0,218600000.0,171600000.0,3205400000.0,1490852000.0,新型电力,公用事业,电力,风力发电,7.38,6.04,
2009-03-11,10.67,10.73,10.33,10.53,10.47,0.0599999999999987,0.57,4790957.0,32941146.3,1.535,0.021917,0.027919,0.57,23.8509,23.8509,1.8394,1.2203,1.2203,0.01895,0.01895,470000000.0,218600000.0,171600000.0,3224200000.0,1499596000.0,新型电力,公用事业,电力,风力发电,7.5,6.14,
2009-03-12,10.42,10.53,10.01,10.44,10.53,-0.0899999999999998,-0.85,4011793.0,26889351.4,1.535,0.018352,0.0233789999999999,0.56,23.6423,23.6423,1.8233,1.2096,1.2096,0.019118,0.019118,470000000.0,218600000.0,171600000.0,3196000000.0,1486480000.0,新型电力,公用事业,电力,风力发电,7.55,6.17,
2009-03-16,10.42,10.42,10.08,10.35,10.44,-0.0899999999999998,-0.86,3358864.0,22417096.2,1.535,0.015365,0.019574,0.63,23.4337,23.4337,1.8072,1.1989,1.1989,0.019288,0.019288,470000000.0,218600000.0,171600000.0,3167800000.0,1473364000.0,新型电力,公用事业,电力,风力发电,7.48,6.12,
2009-03-17,10.32,10.79,10.21,10.71,10.35,0.3600000000000012,3.48,6243752.0,42966741.8,1.535,0.0285619999999999,0.036386,1.32,24.2681,24.2681,1.8715,1.2416,1.2416,0.018625,0.018625,470000000.0,218600000.0,171600000.0,3280600000.0,1525828000.0,新型电力,公用事业,电力,风力发电,7.41,6.07,
2009-03-18,10.74,11.07,10.67,10.87,10.71,0.1599999999999983,1.49,8885364.0,63134264.4,1.535,0.040647,0.05178,1.95,24.6158,24.6158,1.8983,1.2594,1.2594,0.018362,0.018362,470000000.0,218600000.0,171600000.0,3327600000.0,1547688000.0,新型电力,公用事业,电力,风力发电,7.68,6.28,
2009-03-19,10.9,11.28,10.81,11.24,10.87,0.370000000000001,3.4,10245543.0,73841593.9,1.535,0.0468689999999999,0.059706,1.88,25.4503,25.4503,1.9627,1.3021,1.3021,0.01776,0.01776,470000000.0,218600000.0,171600000.0,3440400000.0,1600152000.0,新型电力,公用事业,电力,风力发电,7.79,6.37,
2009-03-20,11.21,11.25,10.9,11.05,11.24,-0.1899999999999995,-1.69,8292632.000000001,59867896.2,1.535,0.0379349999999999,0.0483249999999999,1.27,25.033,25.033,1.9305,1.2808,1.2808,0.018056,0.018056,470000000.0,218600000.0,171600000.0,3384000000.0,1573920000.0,新型电力,公用事业,电力,风力发电,8.05,6.59,
2009-03-23,11.13,11.36,11.04,11.3,11.05,0.25,2.26,9402330.0,68922310.6,1.535,0.0430119999999999,0.0547919999999999,1.27,25.5893,25.5893,1.9734,1.3092,1.3092,0.0176629999999999,0.0176629999999999,470000000.0,218600000.0,171600000.0,3459200000.0,1608896000.0,新型电力,公用事业,电力,风力发电,7.92,6.48,
2009-03-24,11.48,11.59,11.24,11.33,11.3,0.0299999999999993,0.27,10101327.0,74883402.2,1.535,0.046209,0.0588659999999999,1.17,25.6589,25.6589,1.9788,1.3128,1.3128,0.017615,0.017615,470000000.0,218600000.0,171600000.0,3468600000.0,1613268000.0,新型电力,公用事业,电力,风力发电,8.1,6.62,
2009-03-25,11.14,11.64,10.91,11.39,11.33,0.0600000000000005,0.53,12817104.0,93910411.0,1.535,0.058633,0.074692,1.37,25.7979,25.7979,1.9895,1.3199,1.3199,0.01752,0.01752,470000000.0,218600000.0,171600000.0,3487400000.0,1622012000.0,新型电力,公用事业,电力,风力发电,8.12,6.64,
2009-03-26,11.25,11.6,11.04,11.42,11.39,0.0299999999999993,0.26,8256948.0,60725535.900000006,1.535,0.017568,0.048117,0.81,25.8675,25.8675,1.9949,1.3235,1.3235,0.017473,0.017473,470000000.0,470000000.0,171600000.0,3496800000.0,3496800000.0,新型电力,公用事业,电力,风力发电,8.16,6.68,
2009-03-27,11.34,11.53,11.31,11.33,11.42,-0.0899999999999998,-0.79,9501466.0,70654736.8,1.535,0.0202159999999999,0.05537,0.97,25.6589,25.6589,1.9788,1.3128,1.3128,0.017615,0.017615,470000000.0,470000000.0,171600000.0,3468600000.0,3468600000.0,新型电力,公用事业,电力,风力发电,8.18,6.7,
2009-03-30,11.21,11.28,11.05,11.1,11.33,-0.2300000000000004,-2.03,8105181.0,58991807.5,1.535,0.017245,0.047233,0.81,25.1373,25.1373,1.9386,1.2861,1.2861,0.017981,0.017981,470000000.0,470000000.0,171600000.0,3398100000.0,3398100000.0,新型电力,公用事业,电力,风力发电,8.12,6.64,
2009-03-31,10.82,11.27,10.71,11.24,11.1,0.1400000000000005,1.26,7433657.000000001,53056997.1,1.535,0.015816,0.04332,0.76,25.4503,25.4503,1.9627,1.3021,1.3021,0.01776,0.01776,470000000.0,470000000.0,171600000.0,3440400000.0,3440400000.0,新型电力,公用事业,电力,风力发电,7.95,6.51,
2009-04-01,11.28,12.36,11.28,12.36,11.24,1.1199999999999992,9.96,41208773.0,326323480.8,1.535,0.0876779999999999,0.240144,4.47,27.9883,27.9883,2.1584,1.432,1.432,0.016149,0.016149,470000000.0,470000000.0,171600000.0,3783500000.0,3783500000.0,新型电力,公用事业,电力,风力发电,8.05,6.59,
2009-04-02,12.39,13.31,12.17,12.97,12.36,0.6100000000000012,4.94,43632110.0,360773664.2,1.535,0.092834,0.254266,2.93,29.379,29.379,2.2657,1.5031,1.5031,0.015385,0.015385,470000000.0,470000000.0,171600000.0,3971500000.0,3971500000.0,新型电力,公用事业,电力,风力发电,8.86,7.25,
2009-04-03,12.89,13.0,12.39,12.53,12.97,-0.4400000000000013,-3.39,17186925.0,141963663.0,1.535,0.036568,0.100157,0.78,28.3708,28.3708,2.1879,1.4515,1.4515,0.015931,0.015931,470000000.0,470000000.0,171600000.0,3835200000.0,3835200000.0,新型电力,公用事业,电力,风力发电,9.3,7.61,
2009-04-07,12.54,13.02,12.43,12.66,12.53,0.1300000000000007,1.04,10289689.0,85174692.0,1.535,0.021893,0.0599629999999999,0.44,28.6837,28.6837,2.2121,1.4676,1.4676,0.015758,0.015758,470000000.0,470000000.0,171600000.0,3877500000.0,3877500000.0,新型电力,公用事业,电力,风力发电,8.98,7.34,
2009-04-08,12.36,12.39,11.93,11.97,12.66,-0.6899999999999995,-5.45,17736343.0,140189561.1,1.535,0.037737,0.103359,0.74,27.1191,27.1191,2.0914,1.3875,1.3875,0.016667,0.016667,470000000.0,470000000.0,171600000.0,3666000000.0,3666000000.0,新型电力,公用事业,电力,风力发电,9.08,7.43,
2009-04-09,11.97,12.13,11.67,12.03,11.97,0.0599999999999987,0.5,8989326.0,69798459.4,1.535,0.019126,0.052385,0.35,27.2582,27.2582,2.1021,1.3946,1.3946,0.016582,0.016582,470000000.0,470000000.0,171600000.0,3684800000.0,3684800000.0,新型电力,公用事业,电力,风力发电,8.58,7.02,
2009-04-10,12.13,12.39,11.85,12.28,12.03,0.25,2.08,11481647.0,91056476.3,1.535,0.024429,0.066909,0.59,27.8145,27.8145,2.145,1.4231,1.4231,0.01625,0.01625,470000000.0,470000000.0,171600000.0,3760000000.0,3760000000.0,新型电力,公用事业,电力,风力发电,8.62,7.06,
2009-04-13,12.37,12.6,12.28,12.42,12.28,0.1400000000000005,1.14,10671235.0,86239921.6,1.535,0.022705,0.062187,0.81,28.1274,28.1274,2.1692,1.4391,1.4391,0.016069,0.016069,470000000.0,470000000.0,171600000.0,3802300000.0,3802300000.0,新型电力,公用事业,电力,风力发电,8.8,7.2,
2009-04-14,12.42,12.53,12.08,12.43,12.42,0.0099999999999997,0.08,9861615.0,79234078.4,1.535,0.0209819999999999,0.057469,0.83,28.1622,28.1622,2.1718,1.4409,1.4409,0.016049,0.016049,470000000.0,470000000.0,171600000.0,3807000000.0,3807000000.0,新型电力,公用事业,电力,风力发电,8.9,7.28,
2009-04-15,12.66,13.11,12.56,12.89,12.43,0.4600000000000008,3.7,16902130.0,140777663.1,1.535,0.035962,0.098497,1.44,29.2052,27.6177,2.2418,1.4942,1.4583,0.015476,0.015476,470000000.0,470000000.0,171600000.0,3948000000.0,3948000000.0,新型电力,公用事业,电力,风力发电,8.91,7.29,
2009-04-16,12.89,12.97,12.59,12.88,12.89,-0.0099999999999997,-0.08,11072973.0,92162021.3,1.535,0.0235599999999999,0.064528,0.96,29.1704,27.5848,2.2391,1.4925,1.4566,0.015495,0.015495,470000000.0,470000000.0,171600000.0,3943300000.0,3943300000.0,新型电力,公用事业,电力,风力发电,9.24,7.56,
2009-04-17,12.88,12.88,12.45,12.51,12.88,-0.370000000000001,-2.87,7073555.0,58125780.3,1.535,0.01505,0.0412209999999999,0.59,28.336,26.7957,2.1751,1.4498,1.4149,0.015951,0.015951,470000000.0,470000000.0,171600000.0,3830500000.0,3830500000.0,新型电力,公用事业,电力,风力发电,9.23,7.55,
2009-04-20,12.53,13.46,12.53,13.29,12.51,0.7799999999999994,6.24,15101067.000000002,128832477.1,1.535,0.03213,0.088002,1.36,30.1092,28.4725,2.3112,1.5405,1.5035,0.015012,0.015012,470000000.0,470000000.0,171600000.0,4070200000.0,4070200000.0,新型电力,公用事业,电力,风力发电,8.97,7.34,
2009-04-21,13.23,13.75,13.17,13.62,13.29,0.33,2.48,13469187.0,118034617.1,1.535,0.028658,0.0784919999999999,1.12,30.8393,29.163,2.3672,1.5778,1.5399,0.014656,0.014656,470000000.0,470000000.0,171600000.0,4168900000.0,4168900000.0,新型电力,公用事业,电力,风力发电,9.53,7.79,
2009-04-22,13.6,13.79,12.57,12.62,13.62,-1.0,-7.34,12705351.0,107719642.0,1.556,0.027033,0.074041,1.0,28.1969,26.6642,2.236,1.4427,1.408,0.01603,0.030826,470000000.0,470000000.0,171600000.0,3811700000.0,3811700000.0,新型电力,公用事业,电力,风力发电,9.63,7.88,
2009-04-23,12.68,13.02,12.54,12.87,12.62,0.25,1.98,8010747.0,65572888.3,1.556,0.017044,0.046683,0.67,28.7532,27.1903,2.2801,1.4711,1.4358,0.015719,0.03023,470000000.0,470000000.0,171600000.0,3886900000.0,3886900000.0,新型电力,公用事业,电力,风力发电,8.92,7.3,
2009-04-24,12.96,12.99,12.4,12.43,12.87,-0.4399999999999995,-3.42,7748725.0,62934035.5,1.556,0.016487,0.045156,0.69,27.7797,26.2697,2.2029,1.4213,1.3872,0.01627,0.031289,470000000.0,470000000.0,171600000.0,3755300000.0,3755300000.0,新型电力,公用事业,电力,风力发电,9.1,7.44,
2009-04-27,12.4,12.51,11.81,12.06,12.43,-0.3699999999999992,-2.98,6571278.999999999,51032501.1,1.556,0.0139809999999999,0.038294,0.58,26.9453,25.4806,2.1367,1.3786,1.3455,0.016774,0.032258,470000000.0,470000000.0,171600000.0,3642500000.0,3642500000.0,新型电力,公用事业,电力,风力发电,8.79,7.19,
2009-04-28,12.04,12.42,11.92,12.35,12.06,0.2899999999999991,2.4,5144112.0,40477084.3,1.556,0.010945,0.029977,0.53,27.6059,26.1053,2.1891,1.4124,1.3785,0.016373,0.031486,470000000.0,470000000.0,171600000.0,3731800000.0,3731800000.0,新型电力,公用事业,电力,风力发电,8.53,6.98,
2009-04-29,12.43,12.73,12.31,12.7,12.35,0.3499999999999996,2.83,6808778.0,54958619.7,1.556,0.014487,0.039678,0.85,28.3708,26.8286,2.2498,1.4515,1.4167,0.015931,0.0306369999999999,470000000.0,470000000.0,171600000.0,3835200000.0,3835200000.0,新型电力,公用事业,电力,风力发电,8.73,7.15,
2009-04-30,12.76,12.79,12.49,12.62,12.7,-0.08,-0.63,6544670.0,53082299.0,1.556,0.013925,0.038139,0.95,28.1969,26.6642,2.236,1.4427,1.408,0.01603,0.030826,470000000.0,470000000.0,171600000.0,3811700000.0,3811700000.0,新型电力,公用事业,电力,风力发电,8.98,7.34,
2009-05-04,12.65,13.15,12.57,13.15,12.62,0.5300000000000011,4.2,8572083.0,71271951.0,1.556,0.018238,0.049954,1.31,29.379,27.7821,2.3297,1.5031,1.467,0.015385,0.029586,470000000.0,470000000.0,171600000.0,3971500000.0,3971500000.0,新型电力,公用事业,电力,风力发电,8.92,7.3,
2009-05-05,13.23,13.37,12.99,13.37,13.15,0.2199999999999988,1.67,10019902.0,84898910.3,1.556,0.0213189999999999,0.058391,1.49,29.8658,28.2424,2.3683,1.528,1.4913,0.015134,0.029104,470000000.0,470000000.0,171600000.0,4037300000.0,4037300000.0,新型电力,公用事业,电力,风力发电,9.3,7.61,
2009-05-06,13.27,13.51,13.16,13.43,13.37,0.0600000000000005,0.45,8902838.0,76406271.8,1.556,0.018942,0.051881,1.2,30.0049,28.3739,2.3794,1.5352,1.4983,0.015064,0.028969,470000000.0,470000000.0,171600000.0,4056100000.0,4056100000.0,新型电力,公用事业,电力,风力发电,9.45,7.73,
2009-05-07,13.46,14.11,13.38,14.05,13.43,0.620000000000001,4.62,23111928.0,204332324.9,1.556,0.0491739999999999,0.134685,2.83,31.3956,29.689,2.4896,1.6063,1.5677,0.0143959999999999,0.027685,470000000.0,470000000.0,171600000.0,4244100000.0,4244100000.0,新型电力,公用事业,电力,风力发电,9.49,7.77,
2009-05-08,14.19,14.55,13.86,14.28,14.05,0.2299999999999986,1.64,22340641.0,204902754.8,1.556,0.047533,0.13019,1.95,31.9171,30.1822,2.531,1.633,1.5938,0.014161,0.027233,470000000.0,470000000.0,171600000.0,4314600000.0,4314600000.0,新型电力,公用事业,电力,风力发电,9.93,8.13,
2009-05-11,14.41,14.89,13.82,14.04,14.28,-0.2400000000000002,-1.68,22118968.0,204216480.2,1.556,0.047062,0.1288979999999999,1.52,31.3608,29.6561,2.4869,1.6045,1.566,0.014412,0.0277159999999999,470000000.0,470000000.0,171600000.0,4239400000.0,4239400000.0,新型电力,公用事业,电力,风力发电,10.1,8.26,
2009-05-12,13.96,14.47,13.55,14.47,14.04,0.4300000000000015,3.06,15440991.0,139913059.2,1.556,0.032853,0.089982,0.89,32.3343,30.5767,2.5641,1.6543,1.6146,0.0139779999999999,0.026882,470000000.0,470000000.0,171600000.0,4371000000.0,4371000000.0,新型电力,公用事业,电力,风力发电,9.92,8.12,
2009-05-13,15.19,15.19,14.32,14.35,14.47,-0.120000000000001,-0.83,22304602.0,209236068.4,1.556,0.047457,0.1299799999999999,1.21,32.0562,30.3137,2.542,1.6401,1.6007,0.0141,0.027115,470000000.0,470000000.0,171600000.0,4333400000.0,4333400000.0,新型电力,公用事业,电力,风力发电,10.23,8.37,
2009-05-14,14.1,14.1,13.79,13.93,14.35,-0.4199999999999999,-2.93,10464683.0,93583675.9,1.556,0.022265,0.060983,0.5,31.1175,29.426,2.4676,1.5921,1.5538,0.014525,0.027933,470000000.0,470000000.0,171600000.0,4206500000.0,4206500000.0,新型电力,公用事业,电力,风力发电,10.14,8.3,
2009-05-15,13.83,13.99,13.66,13.94,13.93,0.0099999999999997,0.07,7791670.0,69294127.9,1.556,0.016578,0.045406,0.42,31.1522,29.4589,2.4704,1.5939,1.5556,0.014509,0.027902,470000000.0,470000000.0,171600000.0,4211200000.0,4211200000.0,新型电力,公用事业,电力,风力发电,9.85,8.06,
2009-05-18,13.83,13.93,13.54,13.85,13.94,-0.0899999999999998,-0.65,9380426.0,82444437.60000001,1.556,0.019958,0.054664,0.6,30.9436,29.2616,2.4538,1.5832,1.5451,0.014607,0.02809,470000000.0,470000000.0,171600000.0,4183000000.0,4183000000.0,新型电力,公用事业,电力,风力发电,9.86,8.06,
2009-05-19,14.0,14.04,13.69,13.88,13.85,0.0300000000000011,0.22,7488916.0,66679243.6,1.556,0.015934,0.043642,0.57,31.0131,29.3274,2.4593,1.5867,1.5486,0.014574,0.028027,470000000.0,470000000.0,171600000.0,4192400000.0,4192400000.0,新型电力,公用事业,电力,风力发电,9.79,8.01,
2009-05-20,13.85,14.07,13.68,13.69,13.88,-0.1900000000000012,-1.37,10311966.0,91799639.6,1.556,0.02194,0.0600929999999999,0.9,30.5959,28.9328,2.4262,1.5654,1.5278,0.014773,0.028409,470000000.0,470000000.0,171600000.0,4136000000.0,4136000000.0,新型电力,公用事业,电力,风力发电,9.81,8.03,
2009-05-21,13.63,13.76,13.18,13.26,13.69,-0.4299999999999997,-3.14,12212906.0,105106236.5,1.556,0.025985,0.071171,1.34,29.6224,28.0122,2.349,1.5156,1.4792,0.015258,0.0293429999999999,470000000.0,470000000.0,171600000.0,4004400000.0,4004400000.0,新型电力,公用事业,电力,风力发电,9.68,7.92,
2009-05-22,13.3,13.46,12.99,13.16,13.26,-0.0999999999999996,-0.75,10347644.0,87953226.8,1.556,0.022016,0.060301,1.1,29.4138,27.815,2.3325,1.5049,1.4688,0.015366,0.0295509999999999,470000000.0,470000000.0,171600000.0,3976200000.0,3976200000.0,新型电力,公用事业,电力,风力发电,9.37,7.67,
2009-05-25,12.84,13.37,12.59,13.32,13.16,0.1600000000000001,1.22,12623610.0,104109260.3,1.556,0.026859,0.073564,1.27,29.7615,28.1438,2.3601,1.5227,1.4861,0.0151869999999999,0.029206,470000000.0,470000000.0,171600000.0,4023200000.0,4023200000.0,新型电力,公用事业,电力,风力发电,9.31,7.61,
2009-05-26,13.24,13.41,13.15,13.16,13.32,-0.1600000000000001,-1.2,7168939.999999999,61301373.5,1.556,0.015253,0.0417769999999999,0.68,29.4138,27.815,2.3325,1.5049,1.4688,0.015366,0.0295509999999999,470000000.0,470000000.0,171600000.0,3976200000.0,3976200000.0,新型电力,公用事业,电力,风力发电,9.42,7.7,
2009-05-27,13.18,13.37,13.07,13.19,13.16,0.0299999999999993,0.23,7959492.0,67343694.1,1.556,0.016935,0.046384,0.76,29.4834,27.8807,2.338,1.5085,1.4722,0.01533,0.029481,470000000.0,470000000.0,171600000.0,3985600000.0,3985600000.0,新型电力,公用事业,电力,风力发电,9.31,7.61,
2009-06-01,13.27,13.41,13.19,13.37,13.19,0.1799999999999997,1.36,7000011.0,59917588.1,1.556,0.014894,0.0407929999999999,0.7,29.8658,28.2424,2.3683,1.528,1.4913,0.015134,0.01397,470000000.0,470000000.0,171600000.0,4037300000.0,4037300000.0,新型电力,公用事业,电力,风力发电,9.33,7.63,
2009-06-02,13.44,13.76,13.32,13.6,13.37,0.2300000000000004,1.72,10316599.0,90082783.3,1.556,0.0219499999999999,0.0601199999999999,1.14,30.3873,28.7356,2.4097,1.5547,1.5174,0.014874,0.01373,470000000.0,470000000.0,171600000.0,4107800000.0,4107800000.0,新型电力,公用事业,电力,风力发电,9.45,7.73,
2009-06-03,13.54,13.66,13.4,13.54,13.6,-0.0600000000000005,-0.44,7570913.0,65646883.9,1.556,0.016108,0.04412,0.84,30.2482,28.604,2.3987,1.5476,1.5104,0.014943,0.013793,470000000.0,470000000.0,171600000.0,4089000000.0,4089000000.0,新型电力,公用事业,电力,风力发电,9.61,7.87,
2009-06-04,13.51,13.51,12.96,13.18,13.54,-0.3599999999999994,-2.66,10576682.0,89543462.10000001,1.556,0.022504,0.0616359999999999,1.32,29.4486,27.8478,2.3353,1.5067,1.4705,0.0153479999999999,0.014168,470000000.0,470000000.0,171600000.0,3980900000.0,3980900000.0,新型电力,公用事业,电力,风力发电,9.57,7.83,
2009-06-05,13.19,13.3,13.1,13.12,13.18,-0.0600000000000005,-0.46,6679788.0,56666628.900000006,1.556,0.014212,0.038927,0.77,29.3095,27.7163,2.3242,1.4996,1.4635,0.015421,0.014235,470000000.0,470000000.0,171600000.0,3962100000.0,3962100000.0,新型电力,公用事业,电力,风力发电,9.32,7.62,
2009-06-08,13.12,13.19,12.84,12.91,13.12,-0.209999999999999,-1.6,5470357.0,45723509.1,1.556,0.011639,0.031879,0.65,28.8575,27.2889,2.2884,1.4765,1.441,0.015663,0.014458,470000000.0,470000000.0,171600000.0,3901000000.0,3901000000.0,新型电力,公用事业,电力,风力发电,9.27,7.59,
2009-06-09,12.99,13.13,12.71,13.13,12.91,0.2200000000000006,1.7,6404089.0,53012608.6,1.556,0.013626,0.03732,0.79,29.3443,27.7492,2.327,1.5014,1.4653,0.015403,0.014218,470000000.0,470000000.0,171600000.0,3966800000.0,3966800000.0,新型电力,公用事业,电力,风力发电,9.13,7.47,
2009-06-10,13.12,13.29,13.02,13.29,13.13,0.1599999999999983,1.22,7614864.0,64491201.1,1.556,0.016202,0.044376,1.04,29.692,28.078,2.3546,1.5191,1.4826,0.015222,0.014052,470000000.0,470000000.0,171600000.0,4013800000.0,4013800000.0,新型电力,公用事业,电力,风力发电,9.28,7.6,
2009-06-11,13.29,13.41,13.12,13.29,13.29,0.0,0.0,7628767.999999999,65012429.1,1.556,0.016231,0.044457,1.04,29.692,28.078,2.3546,1.5191,1.4826,0.015222,0.014052,470000000.0,470000000.0,171600000.0,4013800000.0,4013800000.0,新型电力,公用事业,电力,风力发电,9.39,7.69,
2009-06-12,13.3,13.51,13.07,13.15,13.29,-0.1399999999999988,-1.05,12514941.0,107528898.7,1.556,0.026628,0.072931,1.85,29.379,27.7821,2.3297,1.5031,1.467,0.015385,0.0142009999999999,470000000.0,470000000.0,171600000.0,3971500000.0,3971500000.0,新型电力,公用事业,电力,风力发电,9.39,7.69,
2009-06-15,13.09,13.33,12.9,13.33,13.15,0.1799999999999997,1.37,5035756.0,42481281.9,1.556,0.010714,0.029346,0.64,29.7963,28.1766,2.3628,1.5245,1.4879,0.0151689999999999,0.0140019999999999,470000000.0,470000000.0,171600000.0,4027900000.0,4027900000.0,新型电力,公用事业,电力,风力发电,9.3,7.61,
2009-06-16,13.23,13.3,13.04,13.15,13.33,-0.1799999999999997,-1.35,4033373.000000001,34068968.0,1.556,0.008582,0.0235049999999999,0.51,29.379,27.7821,2.3297,1.5031,1.467,0.015385,0.0142009999999999,470000000.0,470000000.0,171600000.0,3971500000.0,3971500000.0,新型电力,公用事业,电力,风力发电,9.43,7.71,
2009-06-17,13.15,13.35,13.01,13.3,13.15,0.1500000000000003,1.14,5744261.0,48696413.4,1.556,0.012222,0.033475,0.78,29.7267,28.1109,2.3573,1.5209,1.4844,0.015205,0.0140349999999999,470000000.0,470000000.0,171600000.0,4018500000.0,4018500000.0,新型电力,公用事业,电力,风力发电,9.3,7.61,
2009-06-18,13.3,13.68,13.24,13.65,13.3,0.3499999999999996,2.63,12949219.0,112501906.9,1.556,0.027552,0.075462,1.85,30.4916,28.8342,2.418,1.5601,1.5226,0.014823,0.013683,470000000.0,470000000.0,171600000.0,4121900000.0,4121900000.0,新型电力,公用事业,电力,风力发电,9.41,7.7,
2009-06-19,13.69,13.8,13.43,13.69,13.65,0.0399999999999991,0.29,11002621.0,96228017.0,1.556,0.02341,0.064118,1.37,30.5959,28.9328,2.4262,1.5654,1.5278,0.014773,0.0136359999999999,470000000.0,470000000.0,171600000.0,4136000000.0,4136000000.0,新型电力,公用事业,电力,风力发电,9.65,7.89,
2009-06-22,13.72,13.97,13.49,13.71,13.69,0.0200000000000013,0.15,11696494.0,103489553.8,1.556,0.024886,0.068161,1.51,30.6307,28.9657,2.429,1.5672,1.5295,0.014756,0.013621,470000000.0,470000000.0,171600000.0,4140700000.0,4140700000.0,新型电力,公用事业,电力,风力发电,9.68,7.92,
2009-06-23,13.54,13.74,13.4,13.65,13.71,-0.0600000000000005,-0.44,8198981.0,71609427.4,1.556,0.017445,0.0477799999999999,0.9,30.4916,28.8342,2.418,1.5601,1.5226,0.014823,0.013683,470000000.0,470000000.0,171600000.0,4121900000.0,4121900000.0,新型电力,公用事业,电力,风力发电,9.69,7.93,
2009-06-24,13.65,13.96,13.6,13.69,13.65,0.0399999999999991,0.29,8432847.0,74275017.60000001,1.556,0.017942,0.049142,0.85,30.5959,28.9328,2.4262,1.5654,1.5278,0.014773,0.0136359999999999,470000000.0,470000000.0,171600000.0,4136000000.0,4136000000.0,新型电力,公用事业,电力,风力发电,9.65,7.89,
2009-06-25,13.66,13.76,13.29,13.33,13.69,-0.3599999999999994,-2.63,8208992.0,71074063.89999999,1.556,0.017466,0.047838,0.79,29.7963,28.1766,2.3628,1.5245,1.4879,0.0151689999999999,0.0140019999999999,470000000.0,470000000.0,171600000.0,4027900000.0,4027900000.0,新型电力,公用事业,电力,风力发电,9.68,7.92,
2009-06-26,13.4,13.43,13.21,13.38,13.33,0.0500000000000007,0.38,4824248.0,41245694.2,1.556,0.010264,0.028113,0.51,29.9006,28.2753,2.3711,1.5298,1.4931,0.015116,0.013953,470000000.0,470000000.0,171600000.0,4042000000.0,4042000000.0,新型电力,公用事业,电力,风力发电,9.43,7.71,
2009-06-29,13.35,13.46,13.23,13.37,13.38,-0.0100000000000015,-0.07,5306957.0,45422622.3,1.556,0.011291,0.030926,0.64,29.8658,28.2424,2.3683,1.528,1.4913,0.015134,0.01397,470000000.0,470000000.0,171600000.0,4037300000.0,4037300000.0,新型电力,公用事业,电力,风力发电,9.46,7.74,
2009-06-30,13.4,13.41,13.15,13.21,13.37,-0.1599999999999983,-1.2,5692825.0,48477617.400000006,1.556,0.012112,0.0331749999999999,0.81,29.5181,27.9136,2.3408,1.5102,1.474,0.015312,0.014134,470000000.0,470000000.0,171600000.0,3990300000.0,3990300000.0,新型电力,公用事业,电力,风力发电,9.45,7.73,
2009-07-01,13.13,13.32,13.09,13.15,13.21,-0.0600000000000005,-0.45,5753563.0,48734259.2,1.556,0.012242,0.033529,0.89,29.379,27.7821,2.3297,1.5031,1.467,0.015385,0.0142009999999999,470000000.0,470000000.0,171600000.0,3971500000.0,3971500000.0,新型电力,公用事业,电力,风力发电,9.34,7.64,
2009-07-02,13.21,13.37,13.16,13.32,13.15,0.1699999999999999,1.29,5884800.0,50195011.2,1.556,0.012521,0.034294,0.99,29.7615,28.1438,2.3601,1.5227,1.4861,0.0151869999999999,0.0140189999999999,470000000.0,470000000.0,171600000.0,4023200000.0,4023200000.0,新型电力,公用事业,电力,风力发电,9.3,7.61,
2009-07-03,13.24,13.41,13.18,13.38,13.32,0.0600000000000005,0.45,6800878.0,58168081.2,1.556,0.01447,0.039632,1.24,29.9006,28.2753,2.3711,1.5298,1.4931,0.015116,0.013953,470000000.0,470000000.0,171600000.0,4042000000.0,4042000000.0,新型电力,公用事业,电力,风力发电,9.42,7.7,
2009-07-06,13.38,13.68,13.21,13.66,13.38,0.2799999999999993,2.09,12308595.0,106556263.0,1.556,0.026189,0.071728,2.09,30.5264,28.8671,2.4207,1.5618,1.5243,0.014806,0.013667,470000000.0,470000000.0,171600000.0,4126600000.0,4126600000.0,新型电力,公用事业,电力,风力发电,9.46,7.74,
2009-07-07,13.66,13.77,13.51,13.63,13.66,-0.0299999999999993,-0.22,9949211.0,87209839.0,1.556,0.0211689999999999,0.057979,1.37,30.4569,28.8013,2.4152,1.5583,1.5208,0.0148399999999999,0.013699,470000000.0,470000000.0,171600000.0,4117200000.0,4117200000.0,新型电力,公用事业,电力,风力发电,9.66,7.9,
2009-07-08,13.55,13.99,13.55,13.91,13.63,0.2799999999999993,2.05,15162860.999999998,134558919.1,1.556,0.032261,0.088362,1.86,31.0827,29.3931,2.4648,1.5903,1.5521,0.014541,0.013423,470000000.0,470000000.0,171600000.0,4201800000.0,4201800000.0,新型电力,公用事业,电力,风力发电,9.64,7.88,
2009-07-09,13.9,14.04,13.69,13.97,13.91,0.0600000000000005,0.43,11295134.0,100800995.0,1.556,0.024032,0.065822,1.13,31.2218,29.5246,2.4759,1.5974,1.559,0.014477,0.013363,470000000.0,470000000.0,171600000.0,4220600000.0,4220600000.0,新型电力,公用事业,电力,风力发电,9.83,8.05,
2009-07-10,14.02,14.46,14.02,14.13,13.97,0.1600000000000001,1.15,14990704.999999998,136901248.8,1.556,0.031895,0.0873579999999999,1.35,31.5694,29.8534,2.5034,1.6152,1.5764,0.014317,0.013216,470000000.0,470000000.0,171600000.0,4267600000.0,4267600000.0,新型电力,公用事业,电力,风力发电,9.88,8.08,
2009-07-13,14.16,14.52,14.04,14.16,14.13,0.0299999999999993,0.21,13867791.0,127363296.5,1.556,0.029506,0.080815,1.09,31.639,29.9192,2.5089,1.6188,1.5799,0.014286,0.0131869999999999,470000000.0,470000000.0,171600000.0,4277000000.0,4277000000.0,新型电力,公用事业,电力,风力发电,9.99,8.17,
2009-07-14,14.16,14.3,14.08,14.24,14.16,0.08,0.56,10281863.0,93700634.1,1.556,0.021876,0.059918,0.79,31.8128,30.0836,2.5227,1.6277,1.5886,0.014208,0.013115,470000000.0,470000000.0,171600000.0,4300500000.0,4300500000.0,新型电力,公用事业,电力,风力发电,10.01,8.19,
2009-07-15,14.24,14.33,14.14,14.27,14.24,0.0299999999999993,0.21,10583730.0,96775669.0,1.556,0.022519,0.061677,0.81,31.8823,30.1493,2.5282,1.6312,1.592,0.014177,0.013086,470000000.0,470000000.0,171600000.0,4309900000.0,4309900000.0,新型电力,公用事业,电力,风力发电,10.07,8.24,
2009-07-16,14.33,15.06,14.24,14.8,14.27,0.5300000000000011,3.71,22006439.0,207495622.0,1.556,0.046822,0.128243,1.8,33.0645,31.2672,2.622,1.6917,1.6511,0.01367,0.012618,470000000.0,470000000.0,171600000.0,4469700000.0,4469700000.0,新型电力,公用事业,电力,风力发电,10.09,8.25,
2009-07-17,14.7,15.19,14.35,14.53,14.8,-0.2700000000000013,-1.82,15397018.0,145697343.6,1.556,0.03276,0.089726,1.07,32.4734,30.7083,2.5751,1.6615,1.6215,0.0139189999999999,0.012848,470000000.0,470000000.0,171600000.0,4389800000.0,4389800000.0,新型电力,公用事业,电力,风力发电,10.46,8.56,
2009-07-20,14.55,15.03,14.42,14.86,14.53,0.33,2.27,13574606.0,128928977.2,1.556,0.0288819999999999,0.079106,0.94,33.2035,31.3987,2.633,1.6988,1.658,0.013613,0.012565,470000000.0,470000000.0,171600000.0,4488500000.0,4488500000.0,新型电力,公用事业,电力,风力发电,10.27,8.41,
2009-07-21,14.86,15.33,14.63,14.67,14.86,-0.1899999999999995,-1.28,18404783.0,177586166.6,1.556,0.039159,0.107254,1.28,32.7863,31.0042,2.5999,1.6775,1.6372,0.013786,0.012725,470000000.0,470000000.0,171600000.0,4432100000.0,4432100000.0,新型电力,公用事业,电力,风力发电,10.51,8.6,
2009-07-22,14.63,16.14,14.6,16.14,14.67,1.4700000000000006,10.02,40543193.0,411453347.1,1.556,0.086262,0.236266,2.54,36.0545,34.0947,2.8591,1.8447,1.8004,0.012536,0.011572,470000000.0,470000000.0,171600000.0,4873900000.0,4873900000.0,新型电力,公用事业,电力,风力发电,10.37,8.49,
2009-07-23,16.06,16.48,15.78,16.35,16.14,0.2100000000000008,1.3,33728752.0,349542720.0,1.556,0.071763,0.196554,1.53,36.5413,34.555,2.8977,1.8696,1.8247,0.012369,0.011418,470000000.0,470000000.0,171600000.0,4939700000.0,4939700000.0,新型电力,公用事业,电力,风力发电,11.41,9.33,
2009-07-24,16.1,16.56,15.59,16.07,16.35,-0.2800000000000011,-1.71,20554060.0,211912418.7,1.556,0.043732,0.119779,0.84,35.9154,33.9632,2.8481,1.8376,1.7934,0.0125849999999999,0.0116169999999999,470000000.0,470000000.0,171600000.0,4855100000.0,4855100000.0,新型电力,公用事业,电力,风力发电,11.56,9.46,
2009-07-27,16.12,16.42,15.87,16.15,16.07,0.0799999999999983,0.5,14752475.0,153107527.1,1.556,0.031388,0.0859699999999999,0.58,36.0893,34.1276,2.8619,1.8465,1.8021,0.012524,0.0115609999999999,470000000.0,470000000.0,171600000.0,4878600000.0,4878600000.0,新型电力,公用事业,电力,风力发电,11.36,9.3,
2009-07-28,16.26,16.46,15.7,16.07,16.15,-0.0799999999999983,-0.5,15217013.0,155953826.0,1.556,0.0323769999999999,0.0886769999999999,0.59,35.9154,33.9632,2.8481,1.8376,1.7934,0.0125849999999999,0.0116169999999999,470000000.0,470000000.0,171600000.0,4855100000.0,4855100000.0,新型电力,公用事业,电力,风力发电,11.42,9.34,
2009-07-29,15.9,15.95,14.47,14.64,16.07,-1.4299999999999995,-8.9,16425132.0,161517683.1,1.556,0.034947,0.095718,0.66,32.7168,30.9384,2.5944,1.6739,1.6337,0.013815,0.012752,470000000.0,470000000.0,171600000.0,4422700000.0,4422700000.0,新型电力,公用事业,电力,风力发电,11.36,9.3,
2009-07-30,14.5,14.86,13.88,14.46,14.64,-0.1799999999999997,-1.23,12966913.0,119444164.0,1.556,0.027589,0.075565,0.64,32.2996,44.6719,2.4611,1.6526,1.7136,0.013994,0.012917,470000000.0,470000000.0,171600000.0,4366300000.0,4366300000.0,新型电力,公用事业,电力,风力发电,10.35,8.47,
2009-07-31,14.46,14.94,14.35,14.92,14.46,0.4599999999999991,3.18,14388147.0,135398604.5,1.556,0.030613,0.083847,0.9,33.3426,46.1145,2.5405,1.7059,1.7689,0.0135559999999999,0.012513,470000000.0,470000000.0,171600000.0,4507300000.0,4507300000.0,新型电力,公用事业,电力,风力发电,10.22,8.36,
2009-08-03,14.92,15.73,14.74,15.65,14.92,0.7300000000000004,4.89,19257987.0,190290888.5,1.556,0.040974,0.1122259999999999,1.31,34.9767,48.3746,2.6651,1.7895,1.8556,0.012922,0.011928,470000000.0,470000000.0,171600000.0,4728200000.0,4728200000.0,新型电力,公用事业,电力,风力发电,10.55,8.63,
2009-08-04,15.67,16.34,15.62,15.84,15.65,0.1899999999999995,1.21,20029598.0,204982833.1,1.556,0.0426159999999999,0.116723,1.28,35.3939,48.9516,2.6968,1.8109,1.8778,0.0127699999999999,0.011788,470000000.0,470000000.0,171600000.0,4784600000.0,4784600000.0,新型电力,公用事业,电力,风力发电,11.07,9.05,
2009-08-05,15.72,15.72,15.06,15.3,15.84,-0.5399999999999991,-3.41,11694206.0,115399974.0,1.556,0.024881,0.068148,0.7,34.177,47.2686,2.6041,1.7486,1.8132,0.013225,0.012208,470000000.0,470000000.0,171600000.0,4620100000.0,4620100000.0,新型电力,公用事业,电力,风力发电,11.2,9.16,
2009-08-06,15.33,15.33,14.6,14.74,15.3,-0.5600000000000005,-3.66,8402347.0,80334889.5,1.556,0.017877,0.0489649999999999,0.54,32.9254,45.5375,2.5088,1.6846,1.7468,0.013728,0.012672,470000000.0,470000000.0,171600000.0,4450900000.0,4450900000.0,新型电力,公用事业,电力,风力发电,10.81,8.85,
2009-08-07,14.74,15.14,14.5,14.61,14.74,-0.1300000000000007,-0.88,9634275.0,92420305.3,1.556,0.020498,0.056144,0.65,32.6472,45.1528,2.4876,1.6703,1.732,0.013845,0.01278,470000000.0,470000000.0,171600000.0,4413300000.0,4413300000.0,新型电力,公用事业,电力,风力发电,10.42,8.52,
2009-08-10,14.92,15.05,14.49,14.81,14.61,0.200000000000001,1.37,5674574.0,53937058.7,1.556,0.012074,0.033069,0.41,33.0992,45.7779,2.522,1.6935,1.756,0.0136549999999999,0.012605,470000000.0,470000000.0,171600000.0,4474400000.0,4474400000.0,新型电力,公用事业,电力,风力发电,10.33,8.45,
2009-08-11,14.91,14.92,14.58,14.78,14.81,-0.0300000000000011,-0.2,3416349.0,32388902.1,1.556,0.007269,0.019909,0.31,33.0297,45.6817,2.5167,1.6899,1.7523,0.013684,0.012632,470000000.0,470000000.0,171600000.0,4465000000.0,4465000000.0,新型电力,公用事业,电力,风力发电,10.47,8.57,
2009-08-12,14.78,14.83,13.85,13.93,14.78,-0.8499999999999996,-5.75,5893667.0,53922291.9,1.556,0.01254,0.034345,0.76,31.1175,43.037,2.371,1.5921,1.6509,0.014525,0.013408,470000000.0,470000000.0,171600000.0,4206500000.0,4206500000.0,新型电力,公用事业,电力,风力发电,10.45,8.55,
2009-08-13,13.94,14.1,13.65,13.83,13.93,-0.0999999999999996,-0.72,6233438.0,55381725.9,1.556,0.013263,0.0363249999999999,0.94,30.9088,42.7485,2.3551,1.5814,1.6398,0.0146229999999999,0.013498,470000000.0,470000000.0,171600000.0,4178300000.0,4178300000.0,新型电力,公用事业,电力,风力发电,9.85,8.06,
2009-08-14,13.82,13.85,13.05,13.07,13.83,-0.7599999999999998,-5.5,5747990.0,49440982.900000006,1.556,0.01223,0.033496,0.93,29.2052,40.3923,2.2253,1.4942,1.5494,0.015476,0.014286,470000000.0,470000000.0,171600000.0,3948000000.0,3948000000.0,新型电力,公用事业,电力,风力发电,9.78,8.0,
2009-08-17,13.04,13.04,11.83,11.84,13.07,-1.2300000000000004,-9.41,5721788.0,45714582.5,1.556,0.012174,0.033344,1.06,26.4585,36.5935,2.016,1.3537,1.4037,0.017083,0.015769,470000000.0,470000000.0,171600000.0,3576700000.0,3576700000.0,新型电力,公用事业,电力,风力发电,9.24,7.56,
2009-08-18,11.79,12.35,11.75,12.26,11.84,0.4199999999999999,3.55,4528625.0,35112972.2,1.556,0.009635,0.026391,0.84,27.3973,37.8918,2.0875,1.4017,1.4535,0.0164969999999999,0.0152279999999999,470000000.0,470000000.0,171600000.0,3703600000.0,3703600000.0,新型电力,公用事业,电力,风力发电,8.37,6.85,
2009-08-19,12.28,12.31,11.36,11.42,12.26,-0.8399999999999999,-6.85,5471170.0,41642895.8,1.556,0.0116409999999999,0.031883,0.97,25.5198,35.2952,1.9445,1.3057,1.3539,0.0177109999999999,0.016349,470000000.0,470000000.0,171600000.0,3449800000.0,3449800000.0,新型电力,公用事业,电力,风力发电,8.67,7.09,
2009-08-20,11.41,11.9,11.41,11.87,11.42,0.4499999999999993,3.94,4460966.0,33652063.800000004,1.556,0.009491,0.025996,0.81,26.5281,36.6896,2.0213,1.3573,1.4074,0.017038,0.015727,470000000.0,470000000.0,171600000.0,3586100000.0,3586100000.0,新型电力,公用事业,电力,风力发电,8.07,6.61,
2009-08-21,11.87,12.32,11.79,12.31,11.87,0.4400000000000013,3.71,5317798.0,41530238.7,1.556,0.011314,0.030989,1.03,27.5016,38.0361,2.0955,1.4071,1.459,0.0164349999999999,0.0151709999999999,470000000.0,470000000.0,171600000.0,3717700000.0,3717700000.0,新型电力,公用事业,电力,风力发电,8.39,6.87,
2009-08-24,12.32,12.59,12.11,12.39,12.31,0.08,0.65,4772455.0,37923847.5,1.556,0.010154,0.027812,0.94,27.6754,38.2765,2.1087,1.416,1.4683,0.016332,0.015075,470000000.0,470000000.0,171600000.0,3741200000.0,3741200000.0,新型电力,公用事业,电力,风力发电,8.7,7.12,
2009-08-25,12.31,12.34,11.45,11.95,12.39,-0.4400000000000013,-3.55,4904763.0,37413981.1,1.556,0.010436,0.0285829999999999,1.0,26.7019,36.9301,2.0346,1.3662,1.4166,0.016927,0.015625,470000000.0,470000000.0,171600000.0,3609600000.0,3609600000.0,新型电力,公用事业,电力,风力发电,8.76,7.16,
2009-08-26,11.84,12.65,11.72,12.49,11.95,0.5400000000000009,4.52,6026305.0,47645574.2,1.556,0.012822,0.035118,1.21,27.9188,38.6131,2.1273,1.4284,1.4812,0.016189,0.0149439999999999,470000000.0,470000000.0,171600000.0,3774100000.0,3774100000.0,新型电力,公用事业,电力,风力发电,8.45,6.91,
2009-08-27,12.4,12.74,12.29,12.57,12.49,0.08,0.64,6526865.0,52672791.3,1.556,0.013887,0.038035,1.28,28.0926,38.8535,2.1405,1.4373,1.4904,0.016089,0.014851,470000000.0,470000000.0,171600000.0,3797600000.0,3797600000.0,新型电力,公用事业,电力,风力发电,8.83,7.23,
2009-08-28,12.54,12.65,12.12,12.21,12.57,-0.3599999999999994,-2.86,4094566.000000001,32410224.0,1.556,0.008712,0.023861,0.74,27.293,37.7475,2.0796,1.3964,1.448,0.016561,0.015287,470000000.0,470000000.0,171600000.0,3689500000.0,3689500000.0,新型电力,公用事业,电力,风力发电,8.89,7.27,
2009-08-31,12.0,12.11,11.36,11.36,12.21,-0.8500000000000014,-6.96,3927651.0,29303491.3,1.556,0.008357,0.022888,0.75,25.3807,35.1028,1.9339,1.2986,1.3465,0.017808,0.0164379999999999,470000000.0,470000000.0,171600000.0,3431000000.0,3431000000.0,新型电力,公用事业,电力,风力发电,8.64,7.07,
2009-09-01,11.36,11.61,11.28,11.39,11.36,0.0300000000000011,0.26,3492466.0000000005,25661802.1,1.556,0.007431,0.020352,0.69,25.4503,35.199,1.9392,1.3021,1.3502,0.01776,0.016393,470000000.0,470000000.0,171600000.0,3440400000.0,3440400000.0,新型电力,公用事业,电力,风力发电,8.03,6.57,
2009-09-02,11.41,11.55,11.2,11.39,11.39,0.0,0.0,2461365.0,18020265.4,1.556,0.005237,0.0143439999999999,0.51,25.4503,35.199,1.9392,1.3021,1.3502,0.01776,0.016393,470000000.0,470000000.0,171600000.0,3440400000.0,3440400000.0,新型电力,公用事业,电力,风力发电,8.05,6.59,
2009-09-03,11.42,11.98,11.41,11.92,11.39,0.5299999999999994,4.65,4639136.0,35021707.2,1.556,0.009871,0.027035,1.13,26.6324,36.8339,2.0293,1.3626,1.4129,0.016971,0.015666,470000000.0,470000000.0,171600000.0,3600200000.0,3600200000.0,新型电力,公用事业,电力,风力发电,8.05,6.59,
2009-09-04,11.89,12.29,11.81,12.14,11.92,0.2200000000000006,1.85,5075240.0,39259298.8,1.556,0.010798,0.0295759999999999,1.36,27.1191,37.5071,2.0663,1.3875,1.4388,0.016667,0.015385,470000000.0,470000000.0,171600000.0,3666000000.0,3666000000.0,新型电力,公用事业,电力,风力发电,8.43,6.89,
2009-09-07,12.2,12.34,12.09,12.21,12.14,0.0700000000000002,0.58,5031432.0,39518860.8,1.556,0.010705,0.029321,1.28,27.293,37.7475,2.0796,1.3964,1.448,0.016561,0.015287,470000000.0,470000000.0,171600000.0,3689500000.0,3689500000.0,新型电力,公用事业,电力,风力发电,8.58,7.02,
2009-09-08,12.14,12.42,11.98,12.37,12.21,0.1599999999999983,1.31,6350372.0,49720338.5,1.556,0.013511,0.037007,1.53,27.6406,38.2284,2.1061,1.4142,1.4664,0.016352,0.015094,470000000.0,470000000.0,171600000.0,3736500000.0,3736500000.0,新型电力,公用事业,电力,风力发电,8.64,7.07,
2009-09-09,12.28,12.39,12.07,12.26,12.37,-0.1099999999999994,-0.89,4981264.0,39155613.4,1.556,0.010598,0.029028,1.06,27.3973,37.8918,2.0875,1.4017,1.4535,0.0164969999999999,0.0152279999999999,470000000.0,470000000.0,171600000.0,3703600000.0,3703600000.0,新型电力,公用事业,电力,风力发电,8.75,7.16,
2009-09-10,12.25,12.42,12.09,12.23,12.26,-0.0299999999999993,-0.24,5145323.0,40523639.2,1.556,0.010947,0.029984,0.99,27.3277,37.7956,2.0822,1.3982,1.4498,0.0165389999999999,0.015267,470000000.0,470000000.0,171600000.0,3694200000.0,3694200000.0,新型电力,公用事业,电力,风力发电,8.67,7.09,
2009-09-11,12.14,12.53,12.09,12.53,12.23,0.2999999999999989,2.45,6725103.999999999,53533184.9,1.556,0.014309,0.039191,1.26,27.9883,38.7093,2.1326,1.432,1.4849,0.016149,0.0149069999999999,470000000.0,470000000.0,171600000.0,3783500000.0,3783500000.0,新型电力,公用事业,电力,风力发电,8.65,7.07,
2009-09-14,12.48,12.81,12.42,12.76,12.53,0.2300000000000004,1.84,6976096.000000001,56756707.7,1.556,0.014843,0.0406529999999999,1.24,28.5098,39.4306,2.1723,1.4587,1.5125,0.015854,0.014634,470000000.0,470000000.0,171600000.0,3854000000.0,3854000000.0,新型电力,公用事业,电力,风力发电,8.86,7.25,
2009-09-15,12.95,13.19,12.82,12.87,12.76,0.1099999999999994,0.86,8310638.0,69383236.2,1.556,0.017682,0.04843,1.38,28.7532,39.7672,2.1909,1.4711,1.5254,0.015719,0.01451,470000000.0,470000000.0,171600000.0,3886900000.0,3886900000.0,新型电力,公用事业,电力,风力发电,9.02,7.38,
2009-09-16,12.85,13.01,12.65,12.81,12.87,-0.0599999999999987,-0.47,5583216.0,45970919.5,1.556,0.0118789999999999,0.032536,0.87,28.6141,39.5748,2.1803,1.464,1.5181,0.0157959999999999,0.014581,470000000.0,470000000.0,171600000.0,3868100000.0,3868100000.0,新型电力,公用事业,电力,风力发电,9.1,7.44,
2009-09-17,12.79,13.21,12.79,13.07,12.81,0.2599999999999998,2.03,7023861.0,58993181.3,1.556,0.0149439999999999,0.040932,1.07,29.2052,40.3923,2.2253,1.4942,1.5494,0.015476,0.014286,470000000.0,470000000.0,171600000.0,3948000000.0,3948000000.0,新型电力,公用事业,电力,风力发电,9.05,7.41,
2009-09-18,13.07,13.21,12.45,12.56,13.07,-0.5099999999999998,-3.9,7254581.0,60129008.4,1.556,0.015435,0.042276,1.05,28.0579,38.8054,2.1379,1.4355,1.4886,0.016109,0.01487,470000000.0,470000000.0,171600000.0,3792900000.0,3792900000.0,新型电力,公用事业,电力,风力发电,9.24,7.56,
2009-09-21,12.31,12.74,11.98,12.73,12.56,0.1699999999999999,1.35,4375177.0,34669456.7,1.556,0.009309,0.0254959999999999,0.62,28.4403,39.3344,2.167,1.4551,1.5088,0.015892,0.01467,470000000.0,470000000.0,171600000.0,3844600000.0,3844600000.0,新型电力,公用事业,电力,风力发电,8.88,7.26,
2009-09-22,12.62,12.76,12.21,12.25,12.73,-0.4800000000000004,-3.77,3214959.0,25848313.9,1.556,0.00684,0.0187349999999999,0.49,27.3625,37.8437,2.0849,1.4,1.4517,0.0165179999999999,0.015248,470000000.0,470000000.0,171600000.0,3698900000.0,3698900000.0,新型电力,公用事业,电力,风力发电,9.0,7.36,
2009-09-23,12.25,12.4,11.9,11.98,12.25,-0.2699999999999996,-2.2,3131129.0,24512324.7,1.556,0.006662,0.018247,0.57,26.7714,37.0262,2.0399,1.3697,1.4203,0.016883,0.015584,470000000.0,470000000.0,171600000.0,3619000000.0,3619000000.0,新型电力,公用事业,电力,风力发电,8.66,7.08,
2009-09-24,11.95,12.29,11.59,12.12,11.98,0.1399999999999988,1.17,3684334.0,28275884.9,1.556,0.007839,0.02147,0.74,27.0844,37.459,2.0637,1.3857,1.4369,0.016688,0.015404,470000000.0,470000000.0,171600000.0,3661300000.0,3661300000.0,新型电力,公用事业,电力,风力发电,8.47,6.93,
2009-09-25,12.0,12.11,11.84,11.9,12.12,-0.2199999999999988,-1.82,2026322.0,15594076.4,1.556,0.004311,0.011808,0.47,26.5976,36.7858,2.0266,1.3608,1.4111,0.016993,0.015686,470000000.0,470000000.0,171600000.0,3595500000.0,3595500000.0,新型电力,公用事业,电力,风力发电,8.57,7.01,
2009-09-28,11.9,12.11,11.53,11.58,11.9,-0.3200000000000003,-2.69,1753453.0,13353588.1,1.556,0.003731,0.010218,0.53,25.8675,35.776,1.971,1.3235,1.3724,0.017473,0.016129,470000000.0,470000000.0,171600000.0,3496800000.0,3496800000.0,新型电力,公用事业,电力,风力发电,8.42,6.89,
2009-09-29,11.72,11.72,11.2,11.36,11.58,-0.2200000000000006,-1.9,2263731.0,16570771.2,1.556,0.004816,0.0131919999999999,0.82,25.3807,35.1028,1.9339,1.2986,1.3465,0.017808,0.0164379999999999,470000000.0,470000000.0,171600000.0,3431000000.0,3431000000.0,新型电力,公用事业,电力,风力发电,8.18,6.7,
2009-09-30,11.5,11.56,11.36,11.5,11.36,0.1400000000000005,1.23,2284791.0,16831753.799999997,1.556,0.004861,0.0133149999999999,0.89,25.6936,35.5356,1.9577,1.3146,1.3631,0.017591,0.016238,470000000.0,470000000.0,171600000.0,3473300000.0,3473300000.0,新型电力,公用事业,电力,风力发电,8.03,6.57,
2009-10-09,11.61,12.14,11.61,12.06,11.5,0.5600000000000005,4.87,2527642.0,19377514.6,1.556,0.0053779999999999,0.01473,1.05,26.9453,37.2667,2.0531,1.3786,1.4295,0.016774,0.015484,470000000.0,470000000.0,171600000.0,3642500000.0,3642500000.0,新型电力,公用事业,电力,风力发电,8.13,6.65,
2009-10-12,12.06,12.2,11.75,12.12,12.06,0.0599999999999987,0.5,2530387.0,19586228.7,1.556,0.005384,0.0147459999999999,1.17,27.0844,37.459,2.0637,1.3857,1.4369,0.016688,0.015404,470000000.0,470000000.0,171600000.0,3661300000.0,3661300000.0,新型电力,公用事业,电力,风力发电,8.53,6.98,
2009-10-13,12.11,12.57,11.98,12.48,12.12,0.3600000000000012,2.97,4215498.0,33485816.8,1.556,0.008969,0.0245659999999999,1.86,27.884,38.565,2.1246,1.4266,1.4793,0.016209,0.0149629999999999,470000000.0,470000000.0,171600000.0,3769400000.0,3769400000.0,新型电力,公用事业,电力,风力发电,8.57,7.01,
2009-10-14,12.6,12.73,12.34,12.4,12.48,-0.08,-0.64,5442569.0,43660675.5,1.556,0.01158,0.031717,1.97,27.7102,38.3246,2.1114,1.4177,1.4701,0.016311,0.015056,470000000.0,470000000.0,171600000.0,3745900000.0,3745900000.0,新型电力,公用事业,电力,风力发电,8.82,7.22,
2009-10-15,12.53,12.74,12.29,12.42,12.4,0.0199999999999995,0.16,2881448.0,23042989.0,1.556,0.006131,0.016792,0.85,27.7449,38.3727,2.114,1.4195,1.472,0.016291,0.015038,470000000.0,470000000.0,171600000.0,3750600000.0,3750600000.0,新型电力,公用事业,电力,风力发电,8.77,7.17,
2009-10-16,12.45,12.53,12.09,12.37,12.42,-0.0500000000000007,-0.4,2969420.0,23446918.9,1.556,0.006318,0.017304,0.84,27.6406,38.2284,2.1061,1.4142,1.4664,0.016352,0.015094,470000000.0,470000000.0,171600000.0,3736500000.0,3736500000.0,新型电力,公用事业,电力,风力发电,8.78,7.18,
2009-10-19,12.32,12.53,12.23,12.49,12.37,0.120000000000001,0.97,5591908.0,44721487.2,1.556,0.0118979999999999,0.032587,1.55,27.9188,38.6131,2.1273,1.4284,1.4812,0.016189,0.0149439999999999,470000000.0,470000000.0,171600000.0,3774100000.0,3774100000.0,新型电力,公用事业,电力,风力发电,8.75,7.16,
2009-10-20,12.56,12.73,12.46,12.71,12.49,0.2200000000000006,1.76,7028261.0,56990928.9,1.556,0.014954,0.040957,1.67,28.4055,39.2863,2.1644,1.4533,1.507,0.015912,0.014688,470000000.0,470000000.0,171600000.0,3839900000.0,3839900000.0,新型电力,公用事业,电力,风力发电,8.83,7.23,
2009-10-21,12.65,12.88,12.53,12.7,12.71,-0.0100000000000015,-0.08,5496167.0,44831310.4,1.556,0.011694,0.032029,1.15,28.3708,39.2382,2.1617,1.4515,1.5052,0.015931,0.0147059999999999,470000000.0,470000000.0,171600000.0,3835200000.0,3835200000.0,新型电力,公用事业,电力,风力发电,8.99,7.35,
2009-10-22,12.65,12.67,12.29,12.49,12.7,-0.209999999999999,-1.65,6623678.0,53064537.4,1.556,0.014093,0.0385999999999999,1.38,27.9188,64.5028,2.1137,1.4284,1.6373,0.016189,0.0149439999999999,470000000.0,470000000.0,171600000.0,3774100000.0,3774100000.0,新型电力,公用事业,电力,风力发电,8.98,7.34,
2009-10-23,12.49,12.81,12.45,12.73,12.49,0.2400000000000002,1.92,6481041.0,52757018.5,1.556,0.013789,0.037768,1.17,28.4403,65.7077,2.1532,1.4551,1.6679,0.015892,0.01467,470000000.0,470000000.0,171600000.0,3844600000.0,3844600000.0,新型电力,公用事业,电力,风力发电,8.83,7.23,
2009-10-26,12.76,12.91,12.62,12.73,12.73,0.0,0.0,3518404.0,28827905.2,1.556,0.007486,0.0205039999999999,0.56,28.4403,65.7077,2.1532,1.4551,1.6679,0.015892,0.01467,470000000.0,470000000.0,171600000.0,3844600000.0,3844600000.0,新型电力,公用事业,电力,风力发电,9.0,7.36,
2009-10-27,12.6,12.6,12.26,12.4,12.73,-0.33,-2.59,6761570.0,53761828.2,1.556,0.014386,0.039403,1.16,27.7102,64.0208,2.098,1.4177,1.625,0.016311,0.015056,470000000.0,470000000.0,171600000.0,3745900000.0,3745900000.0,新型电力,公用事业,电力,风力发电,9.0,7.36,
2009-10-28,12.46,12.56,12.21,12.56,12.4,0.1600000000000001,1.29,4963635.0,39519385.6,1.556,0.010561,0.0289259999999999,0.86,28.0579,64.8241,2.1243,1.4355,1.6454,0.016109,0.01487,470000000.0,470000000.0,171600000.0,3792900000.0,3792900000.0,新型电力,公用事业,电力,风力发电,8.77,7.17,
2009-10-29,12.51,13.12,12.42,12.93,12.56,0.3699999999999992,2.95,22863891.0,188406436.8,1.556,0.048647,0.133239,4.03,28.8923,66.7519,2.1874,1.4782,1.6944,0.015644,0.01444,470000000.0,470000000.0,171600000.0,3905700000.0,3905700000.0,新型电力,公用事业,电力,风力发电,8.88,7.26,
2009-10-30,13.01,13.15,12.76,12.91,12.93,-0.0199999999999995,-0.15,12262885.0,102229861.9,1.556,0.026091,0.071462,1.38,28.8575,66.6716,2.1848,1.4765,1.6923,0.015663,0.014458,470000000.0,470000000.0,171600000.0,3901000000.0,3901000000.0,新型电力,公用事业,电力,风力发电,9.14,7.48,
2009-11-02,12.74,13.43,12.39,13.4,12.91,0.4900000000000002,3.8,13764813.0,115045378.7,1.556,0.029287,0.080215,1.37,29.9353,69.1617,2.2664,1.5316,1.7555,0.015099,0.013937,470000000.0,470000000.0,171600000.0,4046700000.0,4046700000.0,新型电力,公用事业,电力,风力发电,9.13,7.47,
2009-11-03,13.33,13.76,13.18,13.62,13.4,0.2199999999999988,1.64,14576037.0,126594616.1,1.556,0.031013,0.0849419999999999,1.2,30.4221,70.2863,2.3033,1.5565,1.7841,0.014857,0.0137139999999999,470000000.0,470000000.0,171600000.0,4112500000.0,4112500000.0,新型电力,公用事业,电力,风力发电,9.47,7.75,
2009-11-04,13.57,13.88,13.33,13.57,13.62,-0.0499999999999989,-0.37,11349681.0,99259455.4,1.556,0.024148,0.06614,0.83,30.3178,70.0453,2.2954,1.5512,1.778,0.014908,0.013761,470000000.0,470000000.0,171600000.0,4098400000.0,4098400000.0,新型电力,公用事业,电力,风力发电,9.63,7.88,
2009-11-05,13.54,13.62,13.3,13.51,13.57,-0.0600000000000005,-0.44,8153133.0,70453920.7,1.556,0.0173469999999999,0.047512,0.54,30.1787,69.724,2.2848,1.544,1.7698,0.014977,0.013825,470000000.0,470000000.0,171600000.0,4079600000.0,4079600000.0,新型电力,公用事业,电力,风力发电,9.59,7.85,
2009-11-06,13.62,13.8,13.46,13.6,13.51,0.0899999999999998,0.67,10383191.0,90986483.7,1.556,0.022092,0.060508,0.86,30.3873,70.206,2.3006,1.5547,1.782,0.014874,0.01373,470000000.0,470000000.0,171600000.0,4107800000.0,4107800000.0,新型电力,公用事业,电力,风力发电,9.55,7.81,
2009-11-09,13.6,13.9,13.52,13.8,13.6,0.200000000000001,1.47,8447717.0,74460613.89999999,1.556,0.017974,0.049229,0.73,30.8393,71.2503,2.3349,1.5778,1.8085,0.014656,0.013529,470000000.0,470000000.0,171600000.0,4168900000.0,4168900000.0,新型电力,公用事业,电力,风力发电,9.61,7.87,
2009-11-10,13.82,13.86,13.54,13.58,13.8,-0.2200000000000006,-1.59,7756682.000000001,68014774.39999999,1.556,0.016504,0.045202,0.73,30.3526,70.1257,2.298,1.5529,1.78,0.014891,0.013746,470000000.0,470000000.0,171600000.0,4103100000.0,4103100000.0,新型电力,公用事业,电力,风力发电,9.76,7.98,
2009-11-11,13.58,13.71,13.38,13.46,13.58,-0.1199999999999992,-0.88,5874810.0,51071894.4,1.556,0.0125,0.034235,0.64,30.0744,69.4831,2.2769,1.5387,1.7637,0.0150289999999999,0.013873,470000000.0,470000000.0,171600000.0,4065500000.0,4065500000.0,新型电力,公用事业,电力,风力发电,9.6,7.86,
2009-11-12,13.47,13.71,13.46,13.47,13.46,0.0099999999999997,0.07,6153768.0,53727380.6,1.556,0.0130929999999999,0.035861,0.76,30.1092,69.5634,2.2796,1.5405,1.7657,0.015012,0.013857,470000000.0,470000000.0,171600000.0,4070200000.0,4070200000.0,新型电力,公用事业,电力,风力发电,9.52,7.79,
2009-11-13,13.47,13.66,13.24,13.55,13.47,0.08,0.59,5324276.0,46026877.3,1.556,0.011328,0.031027,0.69,30.283,69.965,2.2927,1.5494,1.7759,0.0149249999999999,0.013777,470000000.0,470000000.0,171600000.0,4093700000.0,4093700000.0,新型电力,公用事业,电力,风力发电,9.53,7.79,
2009-11-16,13.62,14.11,13.62,14.1,13.55,0.5499999999999989,4.06,13085971.0,117136482.3,1.556,0.027842,0.076259,1.95,31.4999,72.7765,2.3849,1.6116,1.8473,0.014349,0.013245,470000000.0,470000000.0,171600000.0,4258200000.0,4258200000.0,新型电力,公用事业,电力,风力发电,9.58,7.84,
2009-11-17,14.1,14.18,13.93,14.04,14.1,-0.0600000000000005,-0.43,8231395.0,74414415.5,1.556,0.017514,0.047969,1.08,31.3608,72.4552,2.3743,1.6045,1.8391,0.014412,0.013304,470000000.0,470000000.0,171600000.0,4239400000.0,4239400000.0,新型电力,公用事业,电力,风力发电,9.97,8.15,
2009-11-18,14.04,14.14,13.71,14.14,14.04,0.1000000000000014,0.71,8200941.0,73563581.2,1.556,0.017449,0.047791,1.06,31.6042,73.0175,2.3928,1.617,1.8534,0.014301,0.013201,470000000.0,470000000.0,171600000.0,4272300000.0,4272300000.0,新型电力,公用事业,电力,风力发电,9.92,8.12,
2009-11-19,14.14,14.35,14.07,14.32,14.14,0.1799999999999997,1.27,10438054.0,95477653.8,1.556,0.022209,0.060828,1.27,31.9867,73.9011,2.4217,1.6365,1.8758,0.01413,0.013043,470000000.0,470000000.0,171600000.0,4324000000.0,4324000000.0,新型电力,公用事业,电力,风力发电,10.0,8.18,
2009-11-20,14.22,14.39,14.07,14.18,14.32,-0.1400000000000005,-0.98,8737007.0,79823999.80000001,1.556,0.018589,0.050915,0.96,31.6737,73.1781,2.398,1.6205,1.8575,0.01427,0.013172,470000000.0,470000000.0,171600000.0,4281700000.0,4281700000.0,新型电力,公用事业,电力,风力发电,10.12,8.28,
2009-11-23,14.11,14.47,14.11,14.44,14.18,0.2599999999999998,1.83,9876260.0,90737772.2,1.556,0.021013,0.057554,1.01,32.2648,74.5437,2.4428,1.6508,1.8921,0.014009,0.012931,470000000.0,470000000.0,171600000.0,4361600000.0,4361600000.0,新型电力,公用事业,电力,风力发电,10.02,8.2,
2009-11-24,14.52,14.58,13.47,13.66,14.44,-0.7799999999999994,-5.4,12045776.0,109459256.3,1.556,0.025629,0.070197,1.32,30.5264,70.5273,2.3112,1.5618,1.7902,0.014806,0.013667,470000000.0,470000000.0,171600000.0,4126600000.0,4126600000.0,新型电力,公用事业,电力,风力发电,10.21,8.35,
2009-11-25,13.68,14.28,13.54,14.19,13.66,0.5299999999999994,3.88,8578124.0,76610118.4,1.556,0.018251,0.049989,0.87,31.7085,73.2584,2.4007,1.6223,1.8595,0.014254,0.013158,470000000.0,470000000.0,171600000.0,4286400000.0,4286400000.0,新型电力,公用事业,电力,风力发电,9.66,7.9,
2009-11-26,14.21,14.52,13.52,13.52,14.19,-0.6699999999999999,-4.72,12207032.0,110680285.5,1.556,0.025972,0.0711369999999999,1.23,30.2135,69.8044,2.2875,1.5458,1.7718,0.01496,0.013809,470000000.0,470000000.0,171600000.0,4084300000.0,4084300000.0,新型电力,公用事业,电力,风力发电,10.03,8.21,
2009-11-27,13.35,13.58,12.9,12.93,13.52,-0.5899999999999999,-4.36,6988467.0,59336175.2,1.556,0.014869,0.040725,0.68,28.8923,66.7519,2.1874,1.4782,1.6944,0.015644,0.01444,470000000.0,470000000.0,171600000.0,3905700000.0,3905700000.0,新型电力,公用事业,电力,风力发电,9.56,7.82,
2009-11-30,13.02,13.77,13.02,13.77,12.93,0.8399999999999999,6.5,7221771.000000001,62218593.2,1.556,0.015365,0.042085,0.73,30.7698,71.0896,2.3296,1.5743,1.8045,0.014689,0.013559,470000000.0,470000000.0,171600000.0,4159500000.0,4159500000.0,新型电力,公用事业,电力,风力发电,9.14,7.48,
2009-12-01,13.69,14.24,13.62,14.19,13.77,0.4199999999999999,3.05,9999173.0,90118616.9,1.556,0.021275,0.05827,1.06,31.7085,73.2584,2.4007,1.6223,1.8595,0.014254,0.013158,470000000.0,470000000.0,171600000.0,4286400000.0,4286400000.0,新型电力,公用事业,电力,风力发电,9.74,7.97,
2009-12-02,14.22,14.41,14.16,14.22,14.19,0.0300000000000011,0.21,9362860.0,85849443.6,1.556,0.019921,0.054562,1.04,31.778,73.4191,2.4059,1.6259,1.8636,0.014223,0.013129,470000000.0,470000000.0,171600000.0,4295800000.0,4295800000.0,新型电力,公用事业,电力,风力发电,10.03,8.21,
2009-12-03,14.24,14.61,14.04,14.52,14.22,0.2999999999999989,2.11,14160701.999999998,131426526.1,1.556,0.030129,0.082522,1.55,32.4386,74.9453,2.4559,1.6597,1.9023,0.013934,0.012862,470000000.0,470000000.0,171600000.0,4385100000.0,4385100000.0,新型电力,公用事业,电力,风力发电,10.05,8.23,
2009-12-04,14.52,14.72,13.71,14.16,14.52,-0.3599999999999994,-2.48,13400462.0,122480073.1,1.556,0.028512,0.078091,1.4,31.639,73.0978,2.3954,1.6188,1.8554,0.014286,0.0131869999999999,470000000.0,470000000.0,171600000.0,4277000000.0,4277000000.0,新型电力,公用事业,电力,风力发电,10.26,8.4,
2009-12-07,14.14,14.55,14.0,14.49,14.16,0.33,2.33,8125802.0,74665393.5,1.556,0.017289,0.047353,0.75,32.3691,74.7847,2.4507,1.6561,1.8983,0.013963,0.012889,470000000.0,470000000.0,171600000.0,4375700000.0,4375700000.0,新型电力,公用事业,电力,风力发电,10.01,8.19,
2009-12-08,14.46,14.64,14.21,14.47,14.49,-0.0199999999999995,-0.14,9593321.0,88980832.1,1.556,0.020411,0.0559049999999999,0.87,32.3343,74.7043,2.448,1.6543,1.8962,0.0139779999999999,0.012903,470000000.0,470000000.0,171600000.0,4371000000.0,4371000000.0,新型电力,公用事业,电力,风力发电,10.24,8.38,
2009-12-09,14.44,14.44,13.85,14.02,14.47,-0.450000000000001,-3.11,6852175.999999999,62399499.4,1.556,0.014579,0.039931,0.63,31.3261,72.3748,2.3717,1.6027,1.8371,0.014428,0.013319,470000000.0,470000000.0,171600000.0,4234700000.0,4234700000.0,新型电力,公用事业,电力,风力发电,10.23,8.37,
2009-12-10,14.04,14.21,13.85,14.05,14.02,0.0300000000000011,0.21,5122177.0,46201499.900000006,1.556,0.010898,0.0298499999999999,0.49,31.3956,72.5355,2.377,1.6063,1.8412,0.0143959999999999,0.013289,470000000.0,470000000.0,171600000.0,4244100000.0,4244100000.0,新型电力,公用事业,电力,风力发电,9.91,8.11,
2009-12-11,14.13,14.25,13.97,14.0,14.05,-0.0500000000000007,-0.36,4182139.0,37843339.0,1.556,0.008898,0.024371,0.49,31.2913,72.2945,2.3691,1.601,1.835,0.0144439999999999,0.013333,470000000.0,470000000.0,171600000.0,4230000000.0,4230000000.0,新型电力,公用事业,电力,风力发电,9.93,8.13,
2009-12-14,14.04,14.05,13.54,13.93,14.0,-0.0700000000000002,-0.5,4686514.0,41426810.3,1.556,0.009971,0.027311,0.69,31.1175,71.8929,2.3559,1.5921,1.8248,0.014525,0.013408,470000000.0,470000000.0,171600000.0,4206500000.0,4206500000.0,新型电力,公用事业,电力,风力发电,9.9,8.1,
2009-12-15,13.85,14.22,13.76,13.99,13.93,0.0600000000000005,0.43,5277511.0,47738235.5,1.556,0.011229,0.0307549999999999,0.87,31.2565,72.2142,2.3664,1.5992,1.833,0.014461,0.013348,470000000.0,470000000.0,171600000.0,4225300000.0,4225300000.0,新型电力,公用事业,电力,风力发电,9.85,8.06,
2009-12-16,13.96,14.16,13.91,14.1,13.99,0.1099999999999994,0.79,4342993.0,39237474.8,1.556,0.00924,0.0253089999999999,0.83,31.4999,72.7765,2.3849,1.6116,1.8473,0.014349,0.013245,470000000.0,470000000.0,171600000.0,4258200000.0,4258200000.0,新型电力,公用事业,电力,风力发电,9.89,8.09,
2009-12-17,14.14,14.19,13.49,13.54,14.1,-0.5600000000000005,-3.97,4754582.0,42045503.0,1.556,0.010116,0.027707,1.01,30.2482,69.8847,2.2901,1.5476,1.7739,0.014943,0.013793,470000000.0,470000000.0,171600000.0,4089000000.0,4089000000.0,新型电力,公用事业,电力,风力发电,9.97,8.15,
2009-12-18,13.37,13.62,13.04,13.09,13.54,-0.4499999999999993,-3.32,3849405.000000001,32857996.1,1.556,0.00819,0.0224319999999999,0.83,29.24,67.5552,2.2138,1.496,1.7147,0.015458,0.014269,470000000.0,470000000.0,171600000.0,3952700000.0,3952700000.0,新型电力,公用事业,电力,风力发电,9.57,7.83,
2009-12-21,13.07,13.47,13.07,13.47,13.09,0.3800000000000008,2.9,3088989.0,26292574.9,1.556,0.006572,0.018001,0.67,30.1092,69.5634,2.2796,1.5405,1.7657,0.015012,0.013857,470000000.0,470000000.0,171600000.0,4070200000.0,4070200000.0,新型电力,公用事业,电力,风力发电,9.25,7.57,
2009-12-22,13.51,13.54,12.76,12.91,13.47,-0.5600000000000005,-4.16,4023536.0,34112818.5,1.556,0.008561,0.023447,0.94,28.8575,66.6716,2.1848,1.4765,1.6923,0.015663,0.014458,470000000.0,470000000.0,171600000.0,3901000000.0,3901000000.0,新型电力,公用事业,电力,风力发电,9.53,7.79,
2009-12-23,12.84,13.19,12.76,13.19,12.91,0.2799999999999993,2.17,3138174.0,26200862.5,1.556,0.006677,0.018288,0.78,29.4834,68.1175,2.2322,1.5085,1.729,0.01533,0.014151,470000000.0,470000000.0,171600000.0,3985600000.0,3985600000.0,新型电力,公用事业,电力,风力发电,9.13,7.47,
2009-12-24,13.21,13.47,13.16,13.41,13.19,0.2200000000000006,1.67,4790583.0,41153490.1,1.556,0.010193,0.027917,1.27,29.9701,69.2421,2.2691,1.5334,1.7576,0.015081,0.013921,470000000.0,470000000.0,171600000.0,4051400000.0,4051400000.0,新型电力,公用事业,电力,风力发电,9.33,7.63,
2009-12-25,13.43,13.55,13.26,13.33,13.41,-0.08,-0.6,3386593.0,29152900.9,1.556,0.007206,0.019735,0.9,29.7963,68.8404,2.2559,1.5245,1.7474,0.0151689999999999,0.0140019999999999,470000000.0,470000000.0,171600000.0,4027900000.0,4027900000.0,新型电力,公用事业,电力,风力发电,9.48,7.76,
2009-12-28,13.35,13.66,13.35,13.66,13.33,0.33,2.48,4771032.0,41492301.8,1.556,0.0101509999999999,0.027803,1.29,30.5264,70.5273,2.3112,1.5618,1.7902,0.014806,0.013667,470000000.0,470000000.0,171600000.0,4126600000.0,4126600000.0,新型电力,公用事业,电力,风力发电,9.43,7.71,
2009-12-29,13.68,13.77,13.46,13.74,13.66,0.08,0.59,4468488.0,39186829.0,1.556,0.009507,0.02604,1.11,30.7002,70.9289,2.3243,1.5707,1.8004,0.014723,0.01359,470000000.0,470000000.0,171600000.0,4150100000.0,4150100000.0,新型电力,公用事业,电力,风力发电,9.66,7.9,
2009-12-30,13.85,14.14,13.76,13.9,13.74,0.1600000000000001,1.16,9412856.0,84332612.7,1.556,0.020027,0.054853,2.29,31.0479,71.7322,2.3507,1.5885,1.8208,0.014558,0.013438,470000000.0,470000000.0,171600000.0,4197100000.0,4197100000.0,新型电力,公用事业,电力,风力发电,9.71,7.95,
2009-12-31,13.9,13.99,13.8,13.94,13.9,0.0399999999999991,0.29,4349743.0,38839978.5,1.556,0.009255,0.025348,0.81,31.1522,71.9732,2.3585,1.5939,1.8269,0.014509,0.0133929999999999,470000000.0,470000000.0,171600000.0,4211200000.0,4211200000.0,新型电力,公用事业,电力,风力发电,9.82,8.04,
2010-01-04,14.07,14.11,13.9,14.0,13.94,0.0600000000000005,0.43,4981633.0,44799797.6,1.556,0.010599,0.02903,0.94,31.2913,72.2945,2.3691,1.601,1.835,0.013333,0.013333,470000000.0,470000000.0,171600000.0,4230000000.0,4230000000.0,新型电力,公用事业,电力,风力发电,9.86,8.06,
2010-01-05,13.96,14.02,13.77,13.97,14.0,-0.0299999999999993,-0.21,4849689.0,43358448.0,1.556,0.010318,0.028262,0.87,31.2218,72.1339,2.3638,1.5974,1.831,0.013363,0.013363,470000000.0,470000000.0,171600000.0,4220600000.0,4220600000.0,新型电力,公用事业,电力,风力发电,9.9,8.1,
2010-01-06,13.97,14.07,13.85,13.9,13.97,-0.0700000000000002,-0.5,4770620.0,42827692.9,1.556,0.01015,0.027801,0.85,31.0479,71.7322,2.3507,1.5885,1.8208,0.013438,0.013438,470000000.0,470000000.0,171600000.0,4197100000.0,4197100000.0,新型电力,公用事业,电力,风力发电,9.88,8.08,
2010-01-07,13.9,13.93,13.29,13.37,13.9,-0.5300000000000011,-3.81,6313583.0,55214070.8,1.556,0.0134329999999999,0.036792,1.11,29.8658,69.0011,2.2612,1.528,1.7514,0.01397,0.01397,470000000.0,470000000.0,171600000.0,4037300000.0,4037300000.0,新型电力,公用事业,电力,风力发电,9.82,8.04,
2010-01-08,13.37,13.52,13.3,13.47,13.37,0.1000000000000014,0.75,3436929.0,29667587.6,1.556,0.0073129999999999,0.0200289999999999,0.68,30.1092,69.5634,2.2796,1.5405,1.7657,0.013857,0.013857,470000000.0,470000000.0,171600000.0,4070200000.0,4070200000.0,新型电力,公用事业,电力,风力发电,9.45,7.73,
2010-01-11,13.58,13.72,13.46,13.46,13.47,-0.0099999999999997,-0.07,3290646.0,28618997.4,1.556,0.0070009999999999,0.019176,0.68,30.0744,69.4831,2.2769,1.5387,1.7637,0.013873,0.013873,470000000.0,470000000.0,171600000.0,4065500000.0,4065500000.0,新型电力,公用事业,电力,风力发电,9.53,7.79,
2010-01-12,13.52,13.88,13.4,13.88,13.46,0.4199999999999999,3.12,5057612.0,44663161.6,1.556,0.010761,0.029473,1.12,31.0131,71.6519,2.348,1.5867,1.8187,0.013453,0.013453,470000000.0,470000000.0,171600000.0,4192400000.0,4192400000.0,新型电力,公用事业,电力,风力发电,9.52,7.79,
2010-01-13,13.69,14.08,13.58,13.9,13.88,0.0199999999999995,0.14,7510975.0,67100474.10000001,1.556,0.015981,0.0437699999999999,1.64,31.0479,71.7322,2.3507,1.5885,1.8208,0.013438,0.013438,470000000.0,470000000.0,171600000.0,4197100000.0,4197100000.0,新型电力,公用事业,电力,风力发电,9.81,8.03,
2010-01-14,13.94,14.21,13.83,14.18,13.9,0.2799999999999993,2.01,9687050.0,87791966.6,1.556,0.020611,0.056451,1.89,31.6737,73.1781,2.398,1.6205,1.8575,0.013172,0.013172,470000000.0,470000000.0,171600000.0,4281700000.0,4281700000.0,新型电力,公用事业,电力,风力发电,9.82,8.04,
2010-01-15,14.13,14.19,13.97,14.05,14.18,-0.129999999999999,-0.92,6674970.0,60332829.5,1.556,0.014202,0.038898,1.15,31.3956,72.5355,2.377,1.6063,1.8412,0.013289,0.013289,470000000.0,470000000.0,171600000.0,4244100000.0,4244100000.0,新型电力,公用事业,电力,风力发电,10.02,8.2,
2010-01-18,14.05,14.36,13.94,14.32,14.05,0.2699999999999996,1.92,8510581.0,77617631.7,1.556,0.018108,0.049595,1.32,31.9867,73.9011,2.4217,1.6365,1.8758,0.013043,0.013043,470000000.0,470000000.0,171600000.0,4324000000.0,4324000000.0,新型电力,公用事业,电力,风力发电,9.93,8.13,
2010-01-19,14.3,14.3,14.0,14.14,14.32,-0.1799999999999997,-1.26,7380332.000000001,66957795.0,1.556,0.015703,0.043009,0.99,31.6042,73.0175,2.3928,1.617,1.8534,0.013201,0.013201,470000000.0,470000000.0,171600000.0,4272300000.0,4272300000.0,新型电力,公用事业,电力,风力发电,10.12,8.28,
2010-01-20,14.14,14.14,13.58,13.63,14.14,-0.5099999999999998,-3.61,6305351.0,56226841.8,1.556,0.0134159999999999,0.036744,0.79,30.4569,70.3667,2.3059,1.5583,1.7861,0.013699,0.013699,470000000.0,470000000.0,171600000.0,4117200000.0,4117200000.0,新型电力,公用事业,电力,风力发电,10.0,8.18,
2010-01-21,13.65,13.83,13.58,13.72,13.63,0.0899999999999998,0.66,3254034.0,28660978.8,1.556,0.006923,0.018963,0.42,30.6655,70.8486,2.3217,1.569,1.7983,0.013605,0.013605,470000000.0,470000000.0,171600000.0,4145400000.0,4145400000.0,新型电力,公用事业,电力,风力发电,9.64,7.88,
2010-01-22,13.57,13.74,13.15,13.54,13.72,-0.1800000000000015,-1.31,6274274.0,54582025.4,1.556,0.0133499999999999,0.036563,0.98,30.2482,69.8847,2.2901,1.5476,1.7739,0.013793,0.013793,470000000.0,470000000.0,171600000.0,4089000000.0,4089000000.0,新型电力,公用事业,电力,风力发电,9.7,7.94,
2010-01-25,13.57,13.6,13.29,13.32,13.54,-0.2199999999999988,-1.62,2522960.0,21849609.0,1.556,0.005368,0.0147029999999999,0.4,29.7615,68.7601,2.2533,1.5227,1.7453,0.0140189999999999,0.0140189999999999,470000000.0,470000000.0,171600000.0,4023200000.0,4023200000.0,新型电力,公用事业,电力,风力发电,9.57,7.83,
2010-01-26,13.4,13.47,12.77,12.84,13.32,-0.4800000000000004,-3.6,3286369.0,27504814.9,1.556,0.006992,0.019151,0.64,28.6837,66.27,2.1717,1.4676,1.6821,0.0145449999999999,0.0145449999999999,470000000.0,470000000.0,171600000.0,3877500000.0,3877500000.0,新型电力,公用事业,电力,风力发电,9.42,7.7,
2010-01-27,12.88,12.98,12.48,12.73,12.84,-0.1099999999999994,-0.86,2148267.0,17622550.5,1.556,0.004571,0.012519,0.5,28.4403,65.7077,2.1532,1.4551,1.6679,0.01467,0.01467,470000000.0,470000000.0,171600000.0,3844600000.0,3844600000.0,新型电力,公用事业,电力,风力发电,9.08,7.43,
2010-01-28,12.74,12.88,12.45,12.88,12.73,0.1500000000000003,1.18,2899145.0,23738962.1,1.556,0.006168,0.016895,0.83,28.788,66.5109,2.1796,1.4729,1.6882,0.014493,0.014493,470000000.0,470000000.0,171600000.0,3891600000.0,3891600000.0,新型电力,公用事业,电力,风力发电,9.0,7.36,
2010-01-29,12.77,13.04,12.67,12.85,12.88,-0.0300000000000011,-0.23,3139430.0,26013658.4,1.556,0.00668,0.018295,0.92,28.7185,66.3503,2.1743,1.4693,1.6842,0.014528,0.014528,470000000.0,470000000.0,171600000.0,3882200000.0,3882200000.0,新型电力,公用事业,电力,风力发电,9.11,7.45,
2010-02-01,12.88,12.88,12.45,12.54,12.85,-0.3100000000000005,-2.41,3043234.0,24644853.7,1.556,0.006475,0.017734,1.09,28.0231,64.7437,2.1216,1.4338,1.6434,0.0148879999999999,0.0148879999999999,470000000.0,470000000.0,171600000.0,3788200000.0,3788200000.0,新型电力,公用事业,电力,风力发电,9.09,7.43,
2010-02-02,12.6,12.79,12.42,12.45,12.54,-0.0899999999999998,-0.72,2628532.0,21264562.6,1.556,0.005593,0.015318,0.91,27.8145,64.2618,2.1058,1.4231,1.6311,0.015,0.015,470000000.0,470000000.0,171600000.0,3760000000.0,3760000000.0,新型电力,公用事业,电力,风力发电,8.87,7.25,
2010-02-03,12.43,12.65,12.0,12.62,12.45,0.1699999999999999,1.37,3935000.0,31154334.0,1.556,0.008372,0.022931,1.42,28.1969,65.1454,2.1348,1.4427,1.6536,0.014797,0.014797,470000000.0,470000000.0,171600000.0,3811700000.0,3811700000.0,新型电力,公用事业,电力,风力发电,8.8,7.2,
2010-02-04,12.45,12.74,12.42,12.62,12.62,0.0,0.0,4239943.0,34361595.0,1.556,0.009021,0.024708,1.36,28.1969,65.1454,2.1348,1.4427,1.6536,0.014797,0.014797,470000000.0,470000000.0,171600000.0,3811700000.0,3811700000.0,新型电力,公用事业,电力,风力发电,8.92,7.3,
2010-02-05,12.37,12.48,12.15,12.18,12.62,-0.4399999999999995,-3.49,3332271.0,26348005.9,1.556,0.00709,0.019419,0.98,27.2234,62.8962,2.0611,1.3928,1.5965,0.015326,0.015326,470000000.0,470000000.0,171600000.0,3680100000.0,3680100000.0,新型电力,公用事业,电力,风力发电,8.92,7.3,
2010-02-08,12.18,12.34,12.18,12.21,12.18,0.0300000000000011,0.25,1992443.0,15690588.6,1.556,0.004239,0.011611,0.58,27.293,63.0569,2.0664,1.3964,1.6006,0.015287,0.015287,470000000.0,470000000.0,171600000.0,3689500000.0,3689500000.0,新型电力,公用事业,电力,风力发电,8.61,7.05,
2010-02-09,12.21,12.32,12.07,12.2,12.21,-0.0100000000000015,-0.08,2291002.0,17952350.8,1.556,0.004874,0.013351,0.71,44.4826,44.4826,2.0604,1.6367,1.6367,0.015306,0.015306,470000000.0,470000000.0,171600000.0,3684800000.0,3684800000.0,新型电力,公用事业,电力,风力发电,8.64,7.07,
2010-02-10,12.25,12.32,12.17,12.29,12.2,0.0899999999999998,0.74,2449991.0,19272405.8,1.556,0.005213,0.014277,0.78,44.8231,44.8231,2.0762,1.6493,1.6493,0.0151899999999999,0.0151899999999999,470000000.0,470000000.0,171600000.0,3713000000.0,3713000000.0,新型电力,公用事业,电力,风力发电,8.62,7.06,
2010-02-11,12.29,12.39,12.25,12.32,12.29,0.0300000000000011,0.24,2279811.0,18037593.700000003,1.556,0.0048509999999999,0.013286,0.8,44.9365,44.9365,2.0814,1.6534,1.6534,0.015152,0.015152,470000000.0,470000000.0,171600000.0,3722400000.0,3722400000.0,新型电力,公用事业,电力,风力发电,8.69,7.11,
2010-02-12,12.34,12.56,12.31,12.53,12.32,0.209999999999999,1.7,2510746.0,20091087.3,1.556,0.005342,0.014631,1.02,45.6741,45.6741,2.1156,1.6806,1.6806,0.0149069999999999,0.0149069999999999,470000000.0,470000000.0,171600000.0,3783500000.0,3783500000.0,新型电力,公用事业,电力,风力发电,8.71,7.13,
2010-02-22,12.43,12.68,12.43,12.57,12.53,0.0400000000000009,0.32,2912889.0,23521480.6,1.556,0.006198,0.016975,1.26,45.8444,45.8444,2.1235,1.6868,1.6868,0.014851,0.014851,470000000.0,470000000.0,171600000.0,3797600000.0,3797600000.0,新型电力,公用事业,电力,风力发电,8.86,7.25,
2010-02-23,12.48,12.57,12.21,12.53,12.57,-0.0400000000000009,-0.32,2429862.0,19405543.4,1.556,0.00517,0.0141599999999999,0.98,45.6741,45.6741,2.1156,1.6806,1.6806,0.0149069999999999,0.0149069999999999,470000000.0,470000000.0,171600000.0,3783500000.0,3783500000.0,新型电力,公用事业,电力,风力发电,8.89,7.27,
2010-02-24,12.46,12.81,12.45,12.81,12.53,0.2800000000000011,2.23,4106918.0,33483790.7,1.556,0.008738,0.023933,1.63,46.6954,46.6954,2.1629,1.7181,1.7181,0.014581,0.014581,470000000.0,470000000.0,171600000.0,3868100000.0,3868100000.0,新型电力,公用事业,电力,风力发电,8.86,7.25,
2010-02-25,12.85,12.93,12.79,12.9,12.81,0.0899999999999998,0.7,4188324.0,34621038.6,1.556,0.008911,0.024407,1.47,47.0359,47.0359,2.1787,1.7307,1.7307,0.014475,0.014475,470000000.0,470000000.0,171600000.0,3896300000.0,3896300000.0,新型电力,公用事业,电力,风力发电,9.05,7.41,
2010-02-26,12.88,13.05,12.79,12.93,12.9,0.0299999999999993,0.23,4305079.0,35853516.2,1.556,0.00916,0.025088,1.33,47.1493,47.1493,2.1839,1.7348,1.7348,0.01444,0.01444,470000000.0,470000000.0,171600000.0,3905700000.0,3905700000.0,新型电力,公用事业,电力,风力发电,9.12,7.46,
2010-03-01,12.93,13.29,12.88,13.19,12.93,0.2599999999999998,2.01,5838049.0,49569329.8,1.556,0.012421,0.0340209999999999,1.63,48.1139,48.1139,2.2286,1.7703,1.7703,0.014151,0.014151,470000000.0,470000000.0,171600000.0,3985600000.0,3985600000.0,新型电力,公用事业,电力,风力发电,9.14,7.48,
2010-03-02,13.24,13.51,13.21,13.47,13.19,0.2800000000000011,2.12,9028199.0,77692351.3,1.556,0.019209,0.052612,2.16,49.1352,49.1352,2.2759,1.8079,1.8079,0.013857,0.013857,470000000.0,470000000.0,171600000.0,4070200000.0,4070200000.0,新型电力,公用事业,电力,风力发电,9.33,7.63,
2010-03-03,13.54,14.22,13.54,13.82,13.47,0.3499999999999996,2.6,19103600.0,170730213.4,1.556,0.040646,0.111326,3.48,50.3834,50.3834,2.3337,1.8538,1.8538,0.013514,0.013514,470000000.0,470000000.0,171600000.0,4173600000.0,4173600000.0,新型电力,公用事业,电力,风力发电,9.53,7.79,
2010-03-04,13.9,13.91,13.41,13.68,13.82,-0.1400000000000005,-1.01,11492949.0,100829708.6,1.556,0.024453,0.0669749999999999,1.35,49.8728,49.8728,2.3101,1.8351,1.8351,0.013652,0.013652,470000000.0,470000000.0,171600000.0,4131300000.0,4131300000.0,新型电力,公用事业,电力,风力发电,9.77,7.99,
2010-03-05,13.76,14.13,13.38,14.0,13.68,0.3200000000000003,2.34,12289132.0,109402262.4,1.556,0.026147,0.071615,1.23,51.0643,51.0643,2.3653,1.8789,1.8789,0.013333,0.013333,470000000.0,470000000.0,171600000.0,4230000000.0,4230000000.0,新型电力,公用事业,电力,风力发电,9.67,7.91,
2010-03-08,14.0,14.89,13.77,14.83,14.0,0.8300000000000001,5.93,22571462.0,209401305.9,1.556,0.048024,0.1315349999999999,1.95,54.0714,54.0714,2.5045,1.9895,1.9895,0.012592,0.012592,470000000.0,470000000.0,171600000.0,4479100000.0,4479100000.0,新型电力,公用事业,电力,风力发电,9.9,8.1,
2010-03-09,14.63,15.22,14.24,14.36,14.83,-0.4700000000000006,-3.17,27574457.0,260472220.6,1.556,0.058669,0.16069,1.85,52.3692,52.3692,2.4257,1.9269,1.9269,0.013001,0.013001,470000000.0,470000000.0,171600000.0,4338100000.0,4338100000.0,新型电力,公用事业,电力,风力发电,10.48,8.58,
2010-03-10,14.32,14.6,14.13,14.56,14.36,0.200000000000001,1.39,13034843.0,120337161.4,1.556,0.027734,0.075961,0.7,53.1068,53.1068,2.4599,1.954,1.954,0.012821,0.012821,470000000.0,470000000.0,171600000.0,4399200000.0,4399200000.0,新型电力,公用事业,电力,风力发电,10.15,8.31,
2010-03-11,14.49,15.09,14.13,14.14,14.56,-0.4199999999999999,-2.88,26982751.0,251874003.5,1.556,0.0574099999999999,0.157242,1.55,51.5749,51.5749,2.3889,1.8977,1.8977,0.013201,0.013201,470000000.0,470000000.0,171600000.0,4272300000.0,4272300000.0,新型电力,公用事业,电力,风力发电,10.3,8.42,
2010-03-12,14.0,14.05,13.69,13.83,14.14,-0.3100000000000005,-2.19,12671628.0,112865730.6,1.556,0.026961,0.073844,0.62,50.4401,50.4401,2.3363,1.8559,1.8559,0.013498,0.013498,470000000.0,470000000.0,171600000.0,4178300000.0,4178300000.0,新型电力,公用事业,电力,风力发电,10.0,8.18,
2010-03-15,13.83,14.0,13.55,13.91,13.83,0.08,0.58,6503399.0,57711665.5,1.556,0.0138369999999999,0.0378989999999999,0.32,50.7238,50.7238,2.3495,1.8664,1.8664,0.013423,0.013423,470000000.0,470000000.0,171600000.0,4201800000.0,4201800000.0,新型电力,公用事业,电力,风力发电,9.78,8.0,
2010-03-16,13.74,14.24,13.74,14.21,13.91,0.3000000000000007,2.16,8348875.999999999,75340346.0,1.556,0.017764,0.048653,0.48,51.8018,51.8018,2.3994,1.906,1.906,0.013143,0.013143,470000000.0,470000000.0,171600000.0,4291100000.0,4291100000.0,新型电力,公用事业,电力,风力发电,9.83,8.05,
2010-03-17,14.24,14.56,14.04,14.27,14.21,0.0599999999999987,0.42,23235638.0,212144665.2,1.556,0.049438,0.135406,1.72,52.0288,52.0288,2.4099,1.9144,1.9144,0.013086,0.013086,470000000.0,470000000.0,171600000.0,4309900000.0,4309900000.0,新型电力,公用事业,电力,风力发电,10.04,8.22,
2010-03-18,14.19,14.19,13.86,13.93,14.27,-0.3399999999999998,-2.38,9750061.0,87685813.8,1.556,0.020745,0.0568189999999999,0.63,50.7806,50.7806,2.3521,1.8685,1.8685,0.013408,0.013408,470000000.0,470000000.0,171600000.0,4206500000.0,4206500000.0,新型电力,公用事业,电力,风力发电,10.09,8.25,
2010-03-19,13.91,14.14,13.86,14.07,13.93,0.1400000000000005,1.01,8979876.0,80787136.7,1.556,0.019106,0.0523299999999999,0.74,51.2912,51.2912,2.3758,1.8872,1.8872,0.013274,0.013274,470000000.0,470000000.0,171600000.0,4248800000.0,4248800000.0,新型电力,公用事业,电力,风力发电,9.85,8.06,
2010-03-22,14.08,14.14,13.79,13.85,14.07,-0.2200000000000006,-1.56,6068433.0,54124335.5,1.556,0.012912,0.035364,0.53,50.4969,50.4969,2.339,1.858,1.858,0.013483,0.013483,470000000.0,470000000.0,171600000.0,4183000000.0,4183000000.0,新型电力,公用事业,电力,风力发电,9.94,8.14,
2010-03-23,13.79,14.0,13.77,13.83,13.85,-0.0199999999999995,-0.14,5481195.0,48880621.0,1.556,0.0116619999999999,0.031942,0.49,50.4401,50.4401,2.3363,1.8559,1.8559,0.013498,0.013498,470000000.0,470000000.0,171600000.0,4178300000.0,4178300000.0,新型电力,公用事业,电力,风力发电,9.79,8.01,
2010-03-24,13.83,13.99,13.69,13.72,13.83,-0.1099999999999994,-0.8,6408729.0,57094000.0,1.556,0.0136359999999999,0.037347,0.6,50.043,50.043,2.318,1.8413,1.8413,0.013605,0.013605,470000000.0,470000000.0,171600000.0,4145400000.0,4145400000.0,新型电力,公用事业,电力,风力发电,9.78,8.0,
2010-03-26,13.54,13.69,13.3,13.68,13.72,-0.0400000000000009,-0.29,7453252.0,64824024.3,1.556,0.015858,0.043434,1.02,49.8728,49.8728,2.3101,1.8351,1.8351,0.013652,0.013652,470000000.0,470000000.0,171600000.0,4131300000.0,4131300000.0,新型电力,公用事业,电力,风力发电,9.7,7.94,
2010-03-29,13.68,13.85,13.6,13.85,13.68,0.1699999999999999,1.24,5754275.0,50762589.9,1.556,0.0122429999999999,0.033533,0.84,50.4969,50.4969,2.339,1.858,1.858,0.013483,0.013483,470000000.0,470000000.0,171600000.0,4183000000.0,4183000000.0,新型电力,公用事业,电力,风力发电,9.67,7.91,
2010-03-30,13.85,13.9,13.58,13.71,13.85,-0.1399999999999988,-1.01,4932204.0,43499716.1,1.556,0.010494,0.028742,0.79,49.9862,49.9862,2.3153,1.8392,1.8392,0.013621,0.013621,470000000.0,470000000.0,171600000.0,4140700000.0,4140700000.0,新型电力,公用事业,电力,风力发电,9.79,8.01,
2010-03-31,13.65,13.76,13.57,13.69,13.71,-0.0200000000000013,-0.15,4385388.0,38496506.7,1.556,0.009331,0.025556,0.73,49.9295,49.9295,2.3127,1.8371,1.8371,0.0136359999999999,0.0136359999999999,470000000.0,470000000.0,171600000.0,4136000000.0,4136000000.0,新型电力,公用事业,电力,风力发电,9.69,7.93,
2010-04-01,13.68,13.99,13.65,13.93,13.69,0.2400000000000002,1.75,7085302.0,63133067.7,1.556,0.015075,0.0412899999999999,1.22,50.7806,50.7806,2.3521,1.8685,1.8685,0.013408,0.013408,470000000.0,470000000.0,171600000.0,4206500000.0,4206500000.0,新型电力,公用事业,电力,风力发电,9.68,7.92,
2010-04-02,13.93,13.99,13.74,13.86,13.93,-0.0700000000000002,-0.5,5559894.0,49485057.8,1.556,0.01183,0.0324,0.94,50.5536,50.5536,2.3416,1.8601,1.8601,0.013468,0.013468,470000000.0,470000000.0,171600000.0,4187700000.0,4187700000.0,新型电力,公用事业,电力,风力发电,9.85,8.06,
2010-04-06,13.9,14.02,13.8,14.0,13.86,0.1400000000000005,1.01,6813549.000000001,60948010.2,1.556,0.014497,0.039706,1.23,51.0643,51.0643,2.3653,1.8789,1.8789,0.013333,0.013333,470000000.0,470000000.0,171600000.0,4230000000.0,4230000000.0,新型电力,公用事业,电力,风力发电,9.8,8.02,
2010-04-07,14.0,14.05,13.74,13.76,14.0,-0.2400000000000002,-1.71,5545823.0,49323023.8,1.556,0.0118,0.032318,0.96,50.1564,50.1564,2.3232,1.8455,1.8455,0.0135749999999999,0.0135749999999999,470000000.0,470000000.0,171600000.0,4154800000.0,4154800000.0,新型电力,公用事业,电力,风力发电,9.9,8.1,
2010-04-08,13.71,13.77,13.55,13.6,13.76,-0.1600000000000001,-1.16,6012675.0,52647144.2,1.556,0.012793,0.035039,1.02,49.5891,49.5891,2.2969,1.8246,1.8246,0.01373,0.01373,470000000.0,470000000.0,171600000.0,4107800000.0,4107800000.0,新型电力,公用事业,电力,风力发电,9.72,7.96,
2010-04-09,13.6,13.72,13.58,13.71,13.6,0.1100000000000012,0.81,4187966.000000001,36759854.7,1.556,0.008911,0.024405,0.68,49.9862,49.9862,2.3153,1.8392,1.8392,0.013621,0.013621,470000000.0,470000000.0,171600000.0,4140700000.0,4140700000.0,新型电力,公用事业,电力,风力发电,9.61,7.87,
2010-04-12,13.55,13.55,13.07,13.1,13.71,-0.6100000000000012,-4.45,14551014.000000002,123713119.4,1.556,0.03096,0.084796,2.59,47.7734,47.7734,2.2128,1.7578,1.7578,0.014252,0.014252,470000000.0,470000000.0,171600000.0,3957400000.0,3957400000.0,新型电力,公用事业,电力,风力发电,9.69,7.93,
2010-04-13,13.07,13.15,12.63,12.85,13.1,-0.25,-1.91,8407550.0,69706458.6,1.556,0.017888,0.048995,1.13,46.8656,46.8656,2.1708,1.7244,1.7244,0.014528,0.014528,470000000.0,470000000.0,171600000.0,3882200000.0,3882200000.0,新型电力,公用事业,电力,风力发电,9.26,7.58,
2010-04-14,12.84,13.13,12.79,13.13,12.85,0.2800000000000011,2.18,5188088.0,43391331.5,1.556,0.011038,0.030234,0.67,47.8869,47.8869,2.2181,1.762,1.762,0.014218,0.014218,470000000.0,470000000.0,171600000.0,3966800000.0,3966800000.0,新型电力,公用事业,电力,风力发电,9.09,7.43,
2010-04-15,13.15,13.18,12.85,12.99,13.13,-0.1400000000000005,-1.07,4072711.0,34084430.099999994,1.556,0.008665,0.023734,0.53,47.3763,47.3763,2.1944,1.7432,1.7432,0.014371,0.014371,470000000.0,470000000.0,171600000.0,3924500000.0,3924500000.0,新型电力,公用事业,电力,风力发电,9.28,7.6,
2010-04-16,12.99,13.09,12.81,13.01,12.99,0.0199999999999995,0.15,2864516.0,23852163.0,1.556,0.006095,0.016693,0.39,47.433,47.433,2.1971,1.7453,1.7453,0.014354,0.014354,470000000.0,470000000.0,171600000.0,3929200000.0,3929200000.0,新型电力,公用事业,电力,风力发电,9.19,7.52,
2010-04-19,12.96,12.96,12.42,12.43,13.01,-0.5800000000000001,-4.46,4626704.0,37876084.6,1.556,0.009844,0.026962,0.66,45.3337,45.3337,2.0998,1.668,1.668,0.015019,0.015019,470000000.0,470000000.0,171600000.0,3755300000.0,3755300000.0,新型电力,公用事业,电力,风力发电,9.2,7.52,
2010-04-20,12.42,12.59,12.29,12.57,12.43,0.1400000000000005,1.13,3316994.9999999995,26643099.0,1.556,0.007057,0.01933,0.66,45.8444,45.8444,2.1235,1.6868,1.6868,0.014851,0.014851,470000000.0,470000000.0,171600000.0,3797600000.0,3797600000.0,新型电力,公用事业,电力,风力发电,8.79,7.19,
2010-04-21,12.57,12.9,12.56,12.88,12.57,0.3100000000000005,2.47,4038080.000000001,33107778.700000003,1.556,0.0085919999999999,0.023532,1.01,46.9791,46.9791,2.176,1.7286,1.7286,0.014493,0.014493,470000000.0,470000000.0,171600000.0,3891600000.0,3891600000.0,新型电力,公用事业,电力,风力发电,8.89,7.27,
2010-04-22,12.84,12.88,12.65,12.74,12.88,-0.1400000000000005,-1.09,3800378.0,31130818.4,1.556,0.008086,0.022147,1.0,46.4685,,2.2193,1.7098,1.9164,0.014652,,470000000.0,470000000.0,171600000.0,3849300000.0,3849300000.0,新型电力,公用事业,电力,风力发电,9.11,7.45,
2010-04-23,12.76,12.9,12.73,12.77,12.74,0.0299999999999993,0.24,3345837.9999999995,27570671.5,1.556,0.0071189999999999,0.019498,0.9,46.5819,,2.2247,1.714,1.9211,0.014616,,470000000.0,470000000.0,171600000.0,3858700000.0,3858700000.0,新型电力,公用事业,电力,风力发电,9.01,7.37,
2010-04-26,12.81,12.99,12.79,12.84,12.77,0.0700000000000002,0.55,3034317.0,25113973.3,1.556,0.006456,0.017683,0.79,46.8089,,2.2355,1.7223,1.9305,0.0145449999999999,,470000000.0,470000000.0,171600000.0,3877500000.0,3877500000.0,新型电力,公用事业,电力,风力发电,9.03,7.39,
2010-04-27,12.85,12.85,12.28,12.42,12.84,-0.4199999999999999,-3.27,3945888.0,31559242.6,1.556,0.008396,0.022995,1.13,45.277,,2.1624,1.666,1.8673,0.015038,,470000000.0,470000000.0,171600000.0,3750600000.0,3750600000.0,新型电力,公用事业,电力,风力发电,9.08,7.43,
2010-04-28,12.11,12.37,12.09,12.23,12.42,-0.1899999999999995,-1.53,2408699.0,18891877.2,1.556,0.0051249999999999,0.0140369999999999,0.66,44.5961,,2.1298,1.6409,1.8392,0.015267,,470000000.0,470000000.0,171600000.0,3694200000.0,3694200000.0,新型电力,公用事业,电力,风力发电,8.78,7.18,
2010-04-29,12.28,12.35,11.75,11.81,12.23,-0.4199999999999999,-3.43,2820765.0,21943878.6,1.556,0.0060019999999999,0.0164379999999999,0.85,43.0642,,2.0567,1.5845,1.776,0.01581,,470000000.0,470000000.0,171600000.0,3567300000.0,3567300000.0,新型电力,公用事业,电力,风力发电,8.65,7.07,
2010-04-30,11.78,11.84,11.13,11.27,11.81,-0.5400000000000009,-4.57,3598390.0,26367928.5,1.556,0.007656,0.02097,1.16,41.0784,,1.9618,1.5115,1.6941,0.016575,,470000000.0,470000000.0,171600000.0,3402800000.0,3402800000.0,新型电力,公用事业,电力,风力发电,8.35,6.83,
2010-05-04,11.03,11.42,10.99,11.23,11.27,-0.0399999999999991,-0.35,2034660.0,14683654.4,1.556,0.004329,0.011857,0.64,40.9649,,1.9564,1.5073,1.6895,0.01662,,470000000.0,470000000.0,171600000.0,3393400000.0,3393400000.0,新型电力,公用事业,电力,风力发电,7.96,6.52,
2010-05-05,11.2,11.62,10.97,11.59,11.23,0.3599999999999994,3.21,3970253.0,28849312.9,1.556,0.008447,0.0231369999999999,1.34,42.2699,,2.0187,1.5553,1.7433,0.016107,,470000000.0,470000000.0,171600000.0,3501500000.0,3501500000.0,新型电力,公用事业,电力,风力发电,7.94,6.5,
2010-05-06,11.5,11.59,11.13,11.23,11.59,-0.3599999999999994,-3.11,2622513.0,19097390.5,1.556,0.00558,0.015283,0.88,40.9649,,1.9564,1.5073,1.6895,0.01662,,470000000.0,470000000.0,171600000.0,3393400000.0,3393400000.0,新型电力,公用事业,电力,风力发电,8.2,6.71,
2010-05-07,11.05,11.19,10.89,10.94,11.23,-0.2900000000000009,-2.58,2674688.0,18945102.1,1.556,0.005691,0.015587,0.89,39.8869,,1.9049,1.4676,1.645,0.01707,,470000000.0,470000000.0,171600000.0,3304100000.0,3304100000.0,新型电力,公用事业,电力,风力发电,7.94,6.5,
2010-05-10,10.95,11.14,10.72,11.05,10.94,0.1100000000000012,1.01,3696285.0,26017896.3,1.556,0.007864,0.02154,1.24,40.284,,1.9239,1.4822,1.6614,0.016901,,470000000.0,470000000.0,171600000.0,3337000000.0,3337000000.0,新型电力,公用事业,电力,风力发电,7.73,6.33,
2010-05-11,11.23,11.27,10.81,10.85,11.05,-0.200000000000001,-1.81,2169604.0,15363567.1,1.556,0.004616,0.012643,0.72,39.5464,,1.8887,1.4551,1.631,0.017217,,470000000.0,470000000.0,171600000.0,3275900000.0,3275900000.0,新型电力,公用事业,电力,风力发电,7.81,6.39,
2010-05-12,10.78,10.95,10.57,10.89,10.85,0.0400000000000009,0.37,1764641.9999999998,12233890.7,1.556,0.003755,0.010283,0.58,39.7166,,1.8968,1.4614,1.638,0.017143,,470000000.0,470000000.0,171600000.0,3290000000.0,3290000000.0,新型电力,公用事业,电力,风力发电,7.67,6.27,
2010-05-13,10.83,11.03,10.61,11.03,10.89,0.1399999999999988,1.29,3104165.0,21673998.9,1.556,0.006605,0.01809,1.2,40.2273,,1.9212,1.4802,1.659,0.016925,,470000000.0,470000000.0,171600000.0,3332300000.0,3332300000.0,新型电力,公用事业,电力,风力发电,7.7,6.3,
2010-05-14,10.92,11.02,10.83,10.88,11.03,-0.1499999999999985,-1.36,2536810.0,17810804.3,1.556,0.005397,0.014783,0.95,39.6599,,1.8941,1.4593,1.6356,0.0171669999999999,,470000000.0,470000000.0,171600000.0,3285300000.0,3285300000.0,新型电力,公用事业,电力,风力发电,7.8,6.38,
2010-05-17,10.66,10.81,10.11,10.16,10.88,-0.7200000000000006,-6.62,3072317.0,20578051.8,1.556,0.0065369999999999,0.017904,1.16,37.05,,1.7694,1.3632,1.528,0.0183769999999999,,470000000.0,470000000.0,171600000.0,3069100000.0,3069100000.0,新型电力,公用事业,电力,风力发电,7.69,6.29,
2010-05-18,10.13,10.22,9.68,10.01,10.16,-0.1500000000000003,-1.48,2689432.0,17222271.700000003,1.556,0.005722,0.015673,1.06,36.4826,,1.7423,1.3424,1.5046,0.018663,,470000000.0,470000000.0,171600000.0,3022100000.0,3022100000.0,新型电力,公用事业,电力,风力发电,7.18,5.88,
2010-05-19,9.83,10.07,9.83,9.91,10.01,-0.0999999999999996,-1.0,2139284.0,13673021.4,1.556,0.004552,0.0124669999999999,0.81,36.1421,,1.7261,1.3298,1.4906,0.018838,,470000000.0,470000000.0,171600000.0,2993900000.0,2993900000.0,新型电力,公用事业,电力,风力发电,7.07,5.79,
2010-05-20,9.77,10.04,9.52,9.62,9.91,-0.2900000000000009,-2.93,1943388.0,12278387.2,1.556,0.004135,0.011325,0.72,35.0641,,1.6746,1.2902,1.4461,0.019417,,470000000.0,470000000.0,171600000.0,2904600000.0,2904600000.0,新型电力,公用事业,电力,风力发电,7.01,5.73,
2010-05-21,9.34,9.69,9.18,9.68,9.62,0.0600000000000005,0.62,2985406.0,18151649.9,1.556,0.006352,0.017397,1.21,35.2911,,1.6854,1.2985,1.4555,0.019293,,470000000.0,470000000.0,171600000.0,2923400000.0,2923400000.0,新型电力,公用事业,电力,风力发电,6.8,5.56,
2010-05-24,9.65,10.64,9.65,10.53,9.68,0.8499999999999996,8.78,6564309.0,42628329.2,1.556,0.013967,0.038254,2.56,38.4117,,1.8345,1.4133,1.5842,0.017725,,470000000.0,470000000.0,171600000.0,3181900000.0,3181900000.0,新型电力,公用事业,电力,风力发电,6.84,5.6,
2010-05-25,10.35,10.44,9.97,10.11,10.54,-0.4299999999999997,-4.08,4884018.0,31819779.4,1.568,0.0103919999999999,0.028462,1.5,36.596,,1.7478,1.3465,1.5093,0.018605,0.007752,470000000.0,470000000.0,171600000.0,3031500000.0,3031500000.0,新型电力,公用事业,电力,风力发电,7.39,6.05,
2010-05-26,10.13,10.25,10.04,10.13,10.11,0.0200000000000013,0.2,2193912.0,14195129.0,1.568,0.004668,0.012785,0.59,36.6528,,1.7505,1.3486,1.5116,0.018576,0.00774,470000000.0,470000000.0,171600000.0,3036200000.0,3036200000.0,新型电力,公用事业,电力,风力发电,7.1,5.81,
2010-05-27,10.05,10.27,9.94,10.24,10.13,0.1099999999999994,1.09,3168747.0,20481097.6,1.568,0.006742,0.018466,0.85,37.05,,1.7694,1.3632,1.528,0.0183769999999999,0.007657,470000000.0,470000000.0,171600000.0,3069100000.0,3069100000.0,新型电力,公用事业,电力,风力发电,7.11,5.81,
2010-05-28,10.33,10.4,10.14,10.27,10.24,0.0299999999999993,0.29,4036327.0,26457604.3,1.568,0.008588,0.0235219999999999,1.02,37.1634,,1.7749,1.3674,1.5327,0.018321,0.0076339999999999,470000000.0,470000000.0,171600000.0,3078500000.0,3078500000.0,新型电力,公用事业,电力,风力发电,7.18,5.88,
2010-05-31,10.14,10.32,9.97,9.99,10.27,-0.2799999999999993,-2.73,3350608.9999999995,21767616.8,1.568,0.007129,0.0195259999999999,0.8,36.1421,,1.7261,1.3298,1.4906,0.018838,0.007849,470000000.0,470000000.0,171600000.0,2993900000.0,2993900000.0,新型电力,公用事业,电力,风力发电,7.21,5.9,
2010-06-01,9.83,9.91,9.46,9.6,9.99,-0.3900000000000005,-3.9,2553558.0,15788051.4,1.568,0.005433,0.014881,0.72,34.7237,,1.6583,1.2776,1.4321,0.019608,0.00817,470000000.0,470000000.0,171600000.0,2876400000.0,2876400000.0,新型电力,公用事业,电力,风力发电,7.01,5.73,
2010-06-02,9.56,9.99,9.53,9.83,9.6,0.2300000000000004,2.4,1844171.0,11426769.7,1.568,0.003924,0.010747,0.6,35.5748,,1.699,1.309,1.4672,0.019139,0.007974,470000000.0,470000000.0,171600000.0,2946900000.0,2946900000.0,新型电力,公用事业,电力,风力发电,6.73,5.51,
2010-06-03,9.83,9.91,9.63,9.66,9.83,-0.1699999999999999,-1.73,2025268.0,12670698.6,1.568,0.004309,0.011802,0.68,34.9506,,1.6692,1.286,1.4414,0.019481,0.008117,470000000.0,470000000.0,171600000.0,2895200000.0,2895200000.0,新型电力,公用事业,电力,风力发电,6.9,5.64,
2010-06-04,9.53,9.83,9.52,9.72,9.66,0.0600000000000005,0.62,1629320.0,10023255.2,1.568,0.003467,0.009495,0.59,35.1776,,1.68,1.2943,1.4508,0.019355,0.008065,470000000.0,470000000.0,171600000.0,2914000000.0,2914000000.0,新型电力,公用事业,电力,风力发电,6.78,5.54,
2010-06-07,9.69,9.69,9.46,9.5,9.72,-0.2200000000000006,-2.26,1626325.0,9898426.6,1.568,0.0034599999999999,0.009477,0.71,34.3833,,1.6421,1.2651,1.418,0.019802,0.008251,470000000.0,470000000.0,171600000.0,2848200000.0,2848200000.0,新型电力,公用事业,电力,风力发电,6.82,5.58,
2010-06-08,9.49,9.63,9.46,9.6,9.5,0.0999999999999996,1.05,1506576.0,9166863.8,1.568,0.003205,0.00878,0.78,34.7237,,1.6583,1.2776,1.4321,0.019608,0.00817,470000000.0,470000000.0,171600000.0,2876400000.0,2876400000.0,新型电力,公用事业,电力,风力发电,6.67,5.45,
2010-06-09,9.67,9.88,9.61,9.85,9.6,0.25,2.6,3196027.0,19864201.3,1.568,0.0068,0.018625,1.85,35.6315,,1.7017,1.311,1.4695,0.019108,0.007962,470000000.0,470000000.0,171600000.0,2951600000.0,2951600000.0,新型电力,公用事业,电力,风力发电,6.73,5.51,
2010-06-10,9.74,9.97,9.72,9.83,9.85,-0.0199999999999995,-0.2,2758314.0,17338240.5,1.568,0.005869,0.0160739999999999,1.38,35.5748,,1.699,1.309,1.4672,0.019139,0.007974,470000000.0,470000000.0,171600000.0,2946900000.0,2946900000.0,新型电力,公用事业,电力,风力发电,6.91,5.65,
2010-06-11,9.86,9.89,9.75,9.82,9.83,-0.0099999999999997,-0.1,1828840.0,11435593.8,1.568,0.003891,0.010658,0.85,35.518,,1.6963,1.3069,1.4648,0.019169,0.007987,470000000.0,470000000.0,171600000.0,2942200000.0,2942200000.0,新型电力,公用事业,电力,风力发电,6.9,5.64,
2010-06-17,9.86,9.89,9.75,9.78,9.82,-0.0400000000000009,-0.41,1299277.0,8131973.5,1.568,0.002764,0.007572,0.6,35.4045,,1.6909,1.3027,1.4601,0.019231,0.008013,470000000.0,470000000.0,171600000.0,2932800000.0,2932800000.0,新型电力,公用事业,电力,风力发电,6.89,5.63,
2010-06-18,9.78,9.8,9.36,9.47,9.78,-0.3099999999999987,-3.17,1635284.0,10005108.9,1.568,0.003479,0.00953,0.77,34.2698,,1.6367,1.2609,1.4133,0.019868,0.008278,470000000.0,470000000.0,171600000.0,2838800000.0,2838800000.0,新型电力,公用事业,电力,风力发电,6.86,5.62,
2010-06-21,9.55,9.74,9.41,9.71,9.47,0.2400000000000002,2.53,1626760.0,9976835.3,1.568,0.003461,0.0094799999999999,0.76,35.1209,,1.6773,1.2923,1.4484,0.019386,0.008078,470000000.0,470000000.0,171600000.0,2909300000.0,2909300000.0,新型电力,公用事业,电力,风力发电,6.64,5.44,
2010-06-22,9.61,9.83,9.61,9.74,9.71,0.0299999999999993,0.31,1874877.0,11661726.2,1.568,0.0039889999999999,0.010926,1.02,35.2343,,1.6827,1.2964,1.4531,0.0193239999999999,0.008052,470000000.0,470000000.0,171600000.0,2918700000.0,2918700000.0,新型电力,公用事业,电力,风力发电,6.81,5.57,
2010-06-23,9.69,9.8,9.6,9.72,9.74,-0.0199999999999995,-0.21,1507117.0,9325709.5,1.568,0.0032069999999999,0.008783,0.91,35.1776,,1.68,1.2943,1.4508,0.019355,0.008065,470000000.0,470000000.0,171600000.0,2914000000.0,2914000000.0,新型电力,公用事业,电力,风力发电,6.83,5.59,
2010-06-24,9.71,9.74,9.61,9.67,9.72,-0.0500000000000007,-0.51,1197205.0,7376809.0,1.568,0.002547,0.006977,0.75,35.0074,,1.6719,1.2881,1.4438,0.019449,0.008104,470000000.0,470000000.0,171600000.0,2899900000.0,2899900000.0,新型电力,公用事业,电力,风力发电,6.82,5.58,
2010-06-25,9.64,9.64,9.39,9.53,9.67,-0.1400000000000005,-1.45,1702472.0,10331321.3,1.568,0.003622,0.009921,1.09,34.4967,,1.6475,1.2693,1.4227,0.019737,0.008224,470000000.0,470000000.0,171600000.0,2857600000.0,2857600000.0,新型电力,公用事业,电力,风力发电,6.79,5.55,
2010-06-28,9.49,9.6,9.36,9.36,9.53,-0.1699999999999999,-1.78,922495.0,5556576.600000001,1.568,0.001963,0.005376,0.58,33.8726,,1.6177,1.2463,1.397,0.020101,0.008375,470000000.0,470000000.0,171600000.0,2805900000.0,2805900000.0,新型电力,公用事业,电力,风力发电,6.69,5.47,
2010-06-29,9.38,9.46,8.78,8.8,9.36,-0.5599999999999987,-5.98,2452110.0,14212047.2,1.568,0.005217,0.01429,1.7,31.8301,,1.5201,1.1712,1.3127,0.02139,0.0089129999999999,470000000.0,470000000.0,171600000.0,2636700000.0,2636700000.0,新型电力,公用事业,电力,风力发电,6.57,5.37,
2010-06-30,8.73,8.75,8.59,8.64,8.8,-0.1600000000000001,-1.82,1593006.0,8790734.0,1.568,0.0033889999999999,0.009283,1.02,31.2627,,1.4931,1.1503,1.2893,0.021779,0.009074,470000000.0,470000000.0,171600000.0,2589700000.0,2589700000.0,新型电力,公用事业,电力,风力发电,6.17,5.05,
2010-07-01,8.62,8.69,8.36,8.4,8.64,-0.2400000000000002,-2.78,1603896.0,8749257.0,1.568,0.003413,0.009347,1.02,30.4116,,1.4524,1.119,1.2542,0.0223879999999999,0.009328,470000000.0,470000000.0,171600000.0,2519200000.0,2519200000.0,新型电力,公用事业,电力,风力发电,6.06,4.96,
2010-07-02,8.42,8.58,8.09,8.5,8.4,0.0999999999999996,1.19,2361227.0,12606439.6,1.568,0.005024,0.01376,1.43,30.752,,1.4687,1.1315,1.2683,0.02214,0.009225,470000000.0,470000000.0,171600000.0,2547400000.0,2547400000.0,新型电力,公用事业,电力,风力发电,5.9,4.82,
2010-07-05,8.44,8.61,8.23,8.59,8.5,0.0899999999999998,1.06,1565348.0,8429815.2,1.568,0.003331,0.009122,0.88,31.0925,,1.4849,1.144,1.2823,0.021898,0.009124,470000000.0,470000000.0,171600000.0,2575600000.0,2575600000.0,新型电力,公用事业,电力,风力发电,5.96,4.88,
2010-07-06,8.59,8.81,8.51,8.8,8.59,0.2100000000000008,2.44,2140929.0,11900440.8,1.568,0.004555,0.012476,1.12,31.8301,,1.5201,1.1712,1.3127,0.02139,0.0089129999999999,470000000.0,470000000.0,171600000.0,2636700000.0,2636700000.0,新型电力,公用事业,电力,风力发电,6.03,4.93,
2010-07-07,8.8,8.8,8.62,8.77,8.8,-0.0300000000000011,-0.34,1456059.0,8098447.3,1.568,0.003098,0.008485,0.79,31.7166,,1.5147,1.167,1.308,0.021467,0.008945,470000000.0,470000000.0,171600000.0,2627300000.0,2627300000.0,新型电力,公用事业,电力,风力发电,6.17,5.05,
2010-07-08,8.78,9.16,8.67,9.11,8.77,0.3399999999999998,3.88,3525033.0,19958054.5,1.568,0.0075,0.0205419999999999,1.93,32.9648,,1.5743,1.2129,1.3595,0.020654,0.008606,470000000.0,470000000.0,171600000.0,2730700000.0,2730700000.0,新型电力,公用事业,电力,风力发电,6.15,5.03,
2010-07-09,9.06,9.35,8.84,9.11,9.11,0.0,0.0,9997508.0,57622211.3,1.568,0.0212709999999999,0.058261,4.52,32.9648,,1.5743,1.2129,1.3595,0.020654,0.008606,470000000.0,470000000.0,171600000.0,2730700000.0,2730700000.0,新型电力,公用事业,电力,风力发电,6.39,5.23,
2010-07-12,9.06,9.09,8.89,9.02,9.11,-0.0899999999999998,-0.99,5301097.0,30425279.5,1.568,0.0112789999999999,0.030892,1.42,32.6244,,1.5581,1.2004,1.3455,0.02087,0.008696,470000000.0,470000000.0,171600000.0,2702500000.0,2702500000.0,新型电力,公用事业,电力,风力发电,6.39,5.23,
2010-07-13,8.94,8.94,8.69,8.75,9.02,-0.2699999999999996,-2.99,2603561.0,14580509.4,1.568,0.005539,0.015172,0.58,31.6598,,1.512,1.1649,1.3057,0.021505,0.008961,470000000.0,470000000.0,171600000.0,2622600000.0,2622600000.0,新型电力,公用事业,电力,风力发电,6.33,5.18,
2010-07-14,8.73,9.02,8.72,8.84,8.75,0.0899999999999998,1.03,2700202.0,15266511.7,1.568,0.005745,0.015735,0.59,32.0003,,1.5283,1.1774,1.3197,0.021277,0.008865,470000000.0,470000000.0,171600000.0,2650800000.0,2650800000.0,新型电力,公用事业,电力,风力发电,6.14,5.02,
2010-07-15,8.78,8.89,8.59,8.61,8.84,-0.2300000000000004,-2.6,2076926.0,11585263.5,1.568,0.004419,0.012103,0.43,31.1492,,1.4876,1.1461,1.2846,0.021858,0.0091069999999999,470000000.0,470000000.0,171600000.0,2580300000.0,2580300000.0,新型电力,公用事业,电力,风力发电,6.2,5.08,
2010-07-16,8.55,8.7,8.39,8.55,8.61,-0.0599999999999987,-0.7,1387228.0,7522215.100000001,1.568,0.002952,0.008084,0.31,30.9222,,1.4768,1.1378,1.2753,0.022018,0.009174,470000000.0,470000000.0,171600000.0,2561500000.0,2561500000.0,新型电力,公用事业,电力,风力发电,6.04,4.94,
2010-07-19,8.53,9.02,8.47,8.89,8.55,0.3399999999999998,3.98,3011494.0,16819201.8,1.568,0.006407,0.017549,1.07,32.1705,,1.5364,1.1837,1.3268,0.021164,0.008818,470000000.0,470000000.0,171600000.0,2664900000.0,2664900000.0,新型电力,公用事业,电力,风力发电,6.0,4.91,
2010-07-20,8.84,9.13,8.8,9.11,8.89,0.2199999999999988,2.47,4683051.0,26921806.2,1.568,0.0099639999999999,0.027291,1.99,32.9648,,1.5743,1.2129,1.3595,0.020654,0.008606,470000000.0,470000000.0,171600000.0,2730700000.0,2730700000.0,新型电力,公用事业,电力,风力发电,6.24,5.1,
2010-07-21,9.13,9.31,9.05,9.16,9.11,0.0500000000000007,0.55,6479117.0,38021300.7,1.568,0.013785,0.037757,2.34,33.135,,1.5825,1.2192,1.3665,0.020548,0.008562,470000000.0,470000000.0,171600000.0,2744800000.0,2744800000.0,新型电力,公用事业,电力,风力发电,6.39,5.23,
2010-07-22,9.13,9.33,9.05,9.27,9.16,0.1099999999999994,1.2,3856965.0,22660680.0,1.568,0.008206,0.022476,1.09,33.5322,,1.6014,1.2338,1.3829,0.020305,0.00846,470000000.0,470000000.0,171600000.0,2777700000.0,2777700000.0,新型电力,公用事业,电力,风力发电,6.42,5.26,
2010-07-23,9.3,9.3,9.11,9.25,9.27,-0.0199999999999995,-0.22,3702440.0,21710510.5,1.568,0.007878,0.0215759999999999,0.95,33.4755,,1.5987,1.2317,1.3806,0.020339,0.008475,470000000.0,470000000.0,171600000.0,2773000000.0,2773000000.0,新型电力,公用事业,电力,风力发电,6.5,5.32,
2010-07-26,9.24,9.44,9.2,9.38,9.25,0.1300000000000007,1.41,3924735.0,23391720.3,1.568,0.0083509999999999,0.022871,0.9,33.9294,,1.6204,1.2484,1.3993,0.0200669999999999,0.008361,470000000.0,470000000.0,171600000.0,2810600000.0,2810600000.0,新型电力,公用事业,电力,风力发电,6.49,5.31,
2010-07-27,9.38,9.44,9.25,9.27,9.38,-0.1100000000000012,-1.17,3350693.0,19944950.1,1.568,0.007129,0.0195259999999999,0.74,33.5322,,1.6014,1.2338,1.3829,0.020305,0.00846,470000000.0,470000000.0,171600000.0,2777700000.0,2777700000.0,新型电力,公用事业,电力,风力发电,6.58,5.38,
2010-07-28,9.33,9.69,9.17,9.61,9.27,0.3399999999999998,3.67,6439649.0,38901770.7,1.568,0.013701,0.037527,1.51,34.7804,,1.6611,1.2797,1.4344,0.019576,0.008157,470000000.0,470000000.0,171600000.0,2881100000.0,2881100000.0,新型电力,公用事业,电力,风力发电,6.5,5.32,
2010-07-29,9.8,10.18,9.61,9.66,9.61,0.0500000000000007,0.52,12768816.0,79584732.8,1.568,0.027168,0.07441,3.0,34.9506,,1.6692,1.286,1.4414,0.019481,0.008117,470000000.0,470000000.0,171600000.0,2895200000.0,2895200000.0,新型电力,公用事业,电力,风力发电,6.74,5.52,
2010-07-30,9.6,9.78,9.49,9.71,9.66,0.0500000000000007,0.52,6083104.0,37513563.8,1.568,0.012943,0.035449,1.01,35.1209,,1.6773,1.2923,1.4484,0.019386,0.008078,470000000.0,470000000.0,171600000.0,2909300000.0,2909300000.0,新型电力,公用事业,电力,风力发电,6.78,5.54,
2010-08-02,9.64,9.88,9.64,9.83,9.71,0.1199999999999992,1.24,5820315.0,36354135.5,1.568,0.012384,0.033918,0.89,35.5748,,1.699,1.309,1.4672,0.019139,0.007974,470000000.0,470000000.0,171600000.0,2946900000.0,2946900000.0,新型电力,公用事业,电力,风力发电,6.81,5.57,
2010-08-03,9.88,9.89,9.58,9.58,9.83,-0.25,-2.54,5269278.0,32746232.8,1.568,0.011211,0.0307069999999999,0.76,34.667,,1.6556,1.2756,1.4297,0.01964,0.008183,470000000.0,470000000.0,171600000.0,2871700000.0,2871700000.0,新型电力,公用事业,电力,风力发电,6.9,5.64,
2010-08-04,9.56,9.61,9.33,9.6,9.58,0.0199999999999995,0.21,4587193.0,27688094.2,1.568,0.00976,0.026732,0.63,34.7237,,1.6583,1.2776,1.4321,0.019608,0.00817,470000000.0,470000000.0,171600000.0,2876400000.0,2876400000.0,新型电力,公用事业,电力,风力发电,6.72,5.5,
2010-08-05,9.6,9.64,9.46,9.52,9.6,-0.08,-0.83,3595569.9999999995,21897664.8,1.568,0.00765,0.020953,0.52,34.44,,1.6448,1.2672,1.4204,0.019769,0.008237,470000000.0,470000000.0,171600000.0,2852900000.0,2852900000.0,新型电力,公用事业,电力,风力发电,6.73,5.51,
2010-08-06,9.42,9.88,9.42,9.83,9.52,0.3100000000000005,3.26,6411817.0,39694403.5,1.568,0.013642,0.037365,1.26,35.5748,,1.699,1.309,1.4672,0.019139,0.007974,470000000.0,470000000.0,171600000.0,2946900000.0,2946900000.0,新型电力,公用事业,电力,风力发电,6.68,5.46,
2010-08-09,9.85,9.91,9.78,9.89,9.83,0.0600000000000005,0.61,5364960.0,33718364.300000004,1.568,0.011415,0.031264,1.04,35.8017,,1.7098,1.3173,1.4765,0.019017,0.007924,470000000.0,470000000.0,171600000.0,2965700000.0,2965700000.0,新型电力,公用事业,电力,风力发电,6.9,5.64,
2010-08-10,9.89,9.94,9.47,9.49,9.89,-0.4000000000000003,-4.04,5165123.0,32010068.9,1.568,0.01099,0.0301,1.02,34.3265,,1.6394,1.263,1.4157,0.019835,0.008264,470000000.0,470000000.0,171600000.0,2843500000.0,2843500000.0,新型电力,公用事业,电力,风力发电,6.94,5.68,
2010-08-11,9.42,9.8,9.42,9.78,9.49,0.2899999999999991,3.06,4944830.0,30479049.6,1.568,0.010521,0.028816,0.98,35.4045,,1.6714,1.3027,1.4327,0.019231,0.008013,470000000.0,470000000.0,171600000.0,2932800000.0,2932800000.0,新型电力,公用事业,电力,风力发电,6.66,5.45,
2010-08-12,9.67,10.04,9.61,9.97,9.78,0.1900000000000012,1.94,10233655.0,64466377.2,1.568,0.021774,0.059637,2.01,36.0854,,1.7036,1.3278,1.4602,0.018868,0.007862,470000000.0,470000000.0,171600000.0,2989200000.0,2989200000.0,新型电力,公用事业,电力,风力发电,6.86,5.62,
2010-08-13,9.94,10.07,9.83,10.05,9.97,0.08,0.8,6311299.0,40007666.5,1.568,0.013428,0.036779,0.98,36.3691,,1.717,1.3382,1.4717,0.018721,0.0078,470000000.0,470000000.0,171600000.0,3012700000.0,3012700000.0,新型电力,公用事业,电力,风力发电,7.0,5.72,
2010-08-16,10.02,10.18,9.91,10.11,10.05,0.0599999999999987,0.6,7335981.0,47120723.1,1.568,0.015608,0.04275,1.15,36.596,,1.7277,1.3465,1.4809,0.018605,0.007752,470000000.0,470000000.0,171600000.0,3031500000.0,3031500000.0,新型电力,公用事业,电力,风力发电,7.05,5.77,
2010-08-17,10.13,10.38,10.05,10.32,10.11,0.2100000000000008,2.08,6934680.0,45039185.3,1.568,0.014755,0.040412,1.02,37.3336,,1.7625,1.3737,1.5107,0.018237,0.007599,470000000.0,470000000.0,171600000.0,3092600000.0,3092600000.0,新型电力,公用事业,电力,风力发电,7.1,5.81,
2010-08-18,10.29,10.33,10.1,10.21,10.32,-0.1099999999999994,-1.07,5898062.0,38317805.6,1.568,0.012549,0.034371,0.82,36.9365,,1.7438,1.3591,1.4947,0.0184329999999999,0.00768,470000000.0,470000000.0,171600000.0,3059700000.0,3059700000.0,新型电力,公用事业,电力,风力发电,7.24,5.92,
2010-08-19,10.19,10.27,10.07,10.13,10.21,-0.08,-0.78,5211528.0,33787932.0,1.568,0.011088,0.0303699999999999,0.71,36.6528,,1.7304,1.3486,1.4832,0.018576,0.00774,470000000.0,470000000.0,171600000.0,3036200000.0,3036200000.0,新型电力,公用事业,电力,风力发电,7.16,5.86,
2010-08-20,10.13,10.22,9.96,10.0,10.13,-0.1300000000000007,-1.28,3904181.0,25086261.6,1.568,0.008307,0.0227519999999999,0.62,36.1989,,1.7089,1.3319,1.4648,0.018809,0.007837,470000000.0,470000000.0,171600000.0,2998600000.0,2998600000.0,新型电力,公用事业,电力,风力发电,7.11,5.81,
2010-08-23,9.99,10.14,9.99,10.04,10.0,0.0399999999999991,0.4,2863000.0,18406198.0,1.568,0.006091,0.016684,0.49,36.3124,,1.7143,1.3361,1.4694,0.01875,0.007813,470000000.0,470000000.0,171600000.0,3008000000.0,3008000000.0,新型电力,公用事业,电力,风力发电,7.02,5.74,
2010-08-24,10.05,10.3,9.96,10.25,10.04,0.2100000000000008,2.09,3986704.0,25868766.6,1.568,0.008482,0.023233,0.8,37.1067,,1.7518,1.3653,1.5016,0.018349,0.007645,470000000.0,470000000.0,171600000.0,3073800000.0,3073800000.0,新型电力,公用事业,电力,风力发电,7.04,5.76,
2010-08-25,10.19,10.24,9.93,9.96,10.25,-0.2899999999999991,-2.83,3542401.9999999995,22741797.8,1.568,0.007537,0.0206429999999999,0.81,36.0287,,1.7009,1.3257,1.4579,0.0188979999999999,0.0078739999999999,470000000.0,470000000.0,171600000.0,2984500000.0,2984500000.0,新型电力,公用事业,电力,风力发电,7.19,5.89,
2010-08-26,9.97,10.05,9.89,9.99,9.96,0.0299999999999993,0.3,2479726.0,15769508.0,1.568,0.0052759999999999,0.014451,0.64,36.1421,,1.7063,1.3298,1.4625,0.018838,0.007849,470000000.0,470000000.0,171600000.0,2993900000.0,2993900000.0,新型电力,公用事业,电力,风力发电,6.99,5.72,
2010-08-27,10.0,10.24,9.94,10.21,9.99,0.2200000000000006,2.2,3678342.0,23769562.6,1.568,0.007826,0.021436,1.1,36.9365,,1.7438,1.3591,1.4947,0.0184329999999999,0.00768,470000000.0,470000000.0,171600000.0,3059700000.0,3059700000.0,新型电力,公用事业,电力,风力发电,7.01,5.73,
2010-08-30,10.27,10.44,10.16,10.4,10.21,0.1899999999999995,1.86,5800612.0,38239810.5,1.568,0.0123419999999999,0.033803,1.75,37.6173,,1.7759,1.3841,1.5222,0.0181,0.007541,470000000.0,470000000.0,171600000.0,3116100000.0,3116100000.0,新型电力,公用事业,电力,风力发电,7.16,5.86,
2010-08-31,10.32,10.41,10.19,10.32,10.4,-0.08,-0.77,3869901.0,25403849.7,1.568,0.008234,0.022552,0.99,37.3336,,1.7625,1.3737,1.5107,0.018237,0.007599,470000000.0,470000000.0,171600000.0,3092600000.0,3092600000.0,新型电力,公用事业,电力,风力发电,7.29,5.97,
2010-09-01,10.29,10.63,10.25,10.55,10.32,0.2300000000000004,2.23,9354692.0,62480120.2,1.568,0.0199039999999999,0.054515,2.41,38.1847,,1.8027,1.405,1.5452,0.017831,0.007429,470000000.0,470000000.0,171600000.0,3163100000.0,3163100000.0,新型电力,公用事业,电力,风力发电,7.24,5.92,
2010-09-02,10.57,10.82,10.49,10.69,10.55,0.1399999999999988,1.33,8075116.0,55155267.6,1.568,0.017181,0.047058,1.6,38.6954,,1.8268,1.4238,1.5658,0.017595,0.007331,470000000.0,470000000.0,171600000.0,3205400000.0,3205400000.0,新型电力,公用事业,电力,风力发电,7.4,6.06,
2010-09-03,10.69,10.69,10.33,10.47,10.69,-0.2199999999999988,-2.06,6135685.0,41064290.1,1.568,0.013055,0.035756,1.0,37.901,,1.7893,1.3946,1.5337,0.017964,0.007485,470000000.0,470000000.0,171600000.0,3139600000.0,3139600000.0,新型电力,公用事业,电力,风力发电,7.5,6.14,
2010-09-06,10.51,10.66,10.43,10.58,10.47,0.1099999999999994,1.05,5485280.0,36938470.6,1.568,0.011671,0.031966,0.83,38.2982,,1.808,1.4092,1.5498,0.017778,0.007407,470000000.0,470000000.0,171600000.0,3172500000.0,3172500000.0,新型电力,公用事业,电力,风力发电,7.35,6.01,
2010-09-07,10.62,10.65,10.38,10.63,10.58,0.0500000000000007,0.47,4474399.0,30071363.6,1.568,0.0095199999999999,0.026075,0.68,38.4684,,1.8161,1.4154,1.5567,0.017699,0.007375,470000000.0,470000000.0,171600000.0,3186600000.0,3186600000.0,新型电力,公用事业,电力,风力发电,7.43,6.08,
2010-09-08,10.58,10.79,10.49,10.77,10.63,0.1399999999999988,1.32,4735391.0,32364269.8,1.568,0.010075,0.027596,0.71,38.979,,1.8402,1.4342,1.5773,0.017467,0.007278,470000000.0,470000000.0,171600000.0,3228900000.0,3228900000.0,新型电力,公用事业,电力,风力发电,7.46,6.1,
2010-09-09,10.79,11.07,10.44,10.52,10.77,-0.25,-2.32,7783607.000000001,53451523.7,1.568,0.016561,0.045359,1.35,38.0712,,1.7973,1.4008,1.5406,0.017884,0.0074519999999999,470000000.0,470000000.0,171600000.0,3153700000.0,3153700000.0,新型电力,公用事业,电力,风力发电,7.56,6.18,
2010-09-10,10.58,10.82,10.35,10.82,10.52,0.3000000000000007,2.85,5526659.0,37452308.5,1.568,0.0117589999999999,0.032207,0.97,39.1493,,1.8482,1.4405,1.5842,0.017391,0.007246,470000000.0,470000000.0,171600000.0,3243000000.0,3243000000.0,新型电力,公用事业,电力,风力发电,7.38,6.04,
2010-09-13,10.82,11.02,10.76,10.99,10.82,0.1699999999999999,1.57,6747002.0,46922115.3,1.568,0.014355,0.039318,1.2,39.7734,,1.8777,1.4634,1.6095,0.017118,0.007133,470000000.0,470000000.0,171600000.0,3294700000.0,3294700000.0,新型电力,公用事业,电力,风力发电,7.59,6.21,
2010-09-14,10.98,11.09,10.77,11.07,10.99,0.08,0.73,5748691.0,40023842.7,1.568,0.012231,0.0335009999999999,0.98,40.0571,,1.8911,1.4739,1.6209,0.0169969999999999,0.007082,470000000.0,470000000.0,171600000.0,3318200000.0,3318200000.0,新型电力,公用事业,电力,风力发电,7.71,6.31,
2010-09-15,11.02,11.09,10.66,10.76,11.07,-0.3100000000000005,-2.8,4262385.0,29618916.5,1.568,0.009069,0.024839,0.7,38.9223,,1.8375,1.4321,1.575,0.017493,0.007289,470000000.0,470000000.0,171600000.0,3224200000.0,3224200000.0,新型电力,公用事业,电力,风力发电,7.77,6.35,
2010-09-16,10.76,10.82,10.29,10.51,10.76,-0.25,-2.32,3905361.0,26115882.7,1.568,0.008309,0.022759,0.65,38.0145,,1.7947,1.3987,1.5383,0.01791,0.007463,470000000.0,470000000.0,171600000.0,3149000000.0,3149000000.0,新型电力,公用事业,电力,风力发电,7.55,6.17,
2010-09-17,10.49,10.55,10.27,10.3,10.51,-0.209999999999999,-2.0,2441947.0,16192822.4,1.568,0.0051959999999999,0.01423,0.47,37.2769,,1.7598,1.3716,1.5084,0.018265,0.00761,470000000.0,470000000.0,171600000.0,3087900000.0,3087900000.0,新型电力,公用事业,电力,风力发电,7.37,6.03,
2010-09-20,10.33,10.41,9.93,9.97,10.3,-0.33,-3.2,2532923.0,16347984.1,1.568,0.005389,0.014761,0.55,36.0854,,1.7036,1.3278,1.4602,0.018868,0.007862,470000000.0,470000000.0,171600000.0,2989200000.0,2989200000.0,新型电力,公用事业,电力,风力发电,7.23,5.91,
2010-09-21,10.0,10.16,9.96,10.08,9.97,0.1099999999999994,1.1,1389840.0,8915838.9,1.568,0.002957,0.008099,0.37,36.4826,,1.7223,1.3424,1.4763,0.018663,0.007776,470000000.0,470000000.0,171600000.0,3022100000.0,3022100000.0,新型电力,公用事业,电力,风力发电,7.0,5.72,
2010-09-27,10.18,10.33,10.1,10.3,10.08,0.2200000000000006,2.18,1651838.0,10792579.2,1.568,0.003515,0.009626,0.57,37.2769,,1.7598,1.3716,1.5084,0.018265,0.00761,470000000.0,470000000.0,171600000.0,3087900000.0,3087900000.0,新型电力,公用事业,电力,风力发电,7.07,5.79,
2010-09-28,10.3,10.35,10.0,10.08,10.3,-0.2200000000000006,-2.14,1892110.0,12314170.4,1.568,0.004026,0.011026,0.79,36.4826,,1.7223,1.3424,1.4763,0.018663,0.007776,470000000.0,470000000.0,171600000.0,3022100000.0,3022100000.0,新型电力,公用事业,电力,风力发电,7.23,5.91,
2010-09-29,10.11,10.25,10.0,10.19,10.08,0.1099999999999994,1.09,1979216.0,12805081.5,1.568,0.0042109999999999,0.0115339999999999,1.0,36.8797,,1.7411,1.357,1.4924,0.018462,0.007692,470000000.0,470000000.0,171600000.0,3055000000.0,3055000000.0,新型电力,公用事业,电力,风力发电,7.07,5.79,
2010-09-30,10.19,10.32,10.07,10.27,10.19,0.08,0.79,1895929.0,12383605.1,1.568,0.0040339999999999,0.011049,1.0,37.1634,,1.7545,1.3674,1.5038,0.018321,0.0076339999999999,470000000.0,470000000.0,171600000.0,3078500000.0,3078500000.0,新型电力,公用事业,电力,风力发电,7.15,5.85,
2010-10-08,10.38,10.71,10.27,10.63,10.27,0.3600000000000012,3.51,4043097.0,27057724.6,1.568,0.008602,0.023561,2.29,38.4684,,1.8161,1.4154,1.5567,0.017699,0.007375,470000000.0,470000000.0,171600000.0,3186600000.0,3186600000.0,新型电力,公用事业,电力,风力发电,7.21,5.9,
2010-10-11,10.6,10.91,10.52,10.82,10.63,0.1899999999999995,1.79,6503674.0,44611019.7,1.568,0.013838,0.0379,2.84,39.1493,,1.8482,1.4405,1.5842,0.017391,0.007246,470000000.0,470000000.0,171600000.0,3243000000.0,3243000000.0,新型电力,公用事业,电力,风力发电,7.46,6.1,
2010-10-12,10.76,10.76,10.58,10.66,10.82,-0.1600000000000001,-1.48,4217843.0,28691527.3,1.568,0.008974,0.02458,1.29,38.5819,,1.8214,1.4196,1.5612,0.017647,0.0073529999999999,470000000.0,470000000.0,171600000.0,3196000000.0,3196000000.0,新型电力,公用事业,电力,风力发电,7.59,6.21,
2010-10-13,10.66,10.69,10.4,10.6,10.66,-0.0600000000000005,-0.56,4717500.0,31729648.6,1.568,0.010037,0.0274909999999999,1.27,38.3549,,1.8107,1.4113,1.5521,0.017751,0.007396,470000000.0,470000000.0,171600000.0,3177200000.0,3177200000.0,新型电力,公用事业,电力,风力发电,7.48,6.12,
2010-10-14,10.6,10.63,10.16,10.3,10.6,-0.2999999999999989,-2.83,4960998.0,32943088.4,1.568,0.010555,0.02891,1.16,37.2769,,1.7598,1.3716,1.5084,0.018265,0.00761,470000000.0,470000000.0,171600000.0,3087900000.0,3087900000.0,新型电力,公用事业,电力,风力发电,7.44,6.08,
2010-10-15,10.25,10.35,10.08,10.16,10.3,-0.1400000000000005,-1.36,3709166.000000001,24167140.6,1.568,0.007892,0.021615,0.76,36.7663,,1.7357,1.3528,1.4878,0.018519,0.007716,470000000.0,470000000.0,171600000.0,3045600000.0,3045600000.0,新型电力,公用事业,电力,风力发电,7.23,5.91,
2010-10-18,10.22,10.49,9.82,10.43,10.16,0.2699999999999996,2.66,7154367.0,46470639.1,1.568,0.015222,0.041692,1.48,37.7308,,1.7813,1.3883,1.5268,0.018045,0.007519,470000000.0,470000000.0,171600000.0,3125500000.0,3125500000.0,新型电力,公用事业,电力,风力发电,7.13,5.83,
2010-10-19,10.35,10.65,10.22,10.63,10.43,0.200000000000001,1.92,5953632.0,39902220.6,1.568,0.012667,0.034695,1.2,38.4684,,1.8161,1.4154,1.5567,0.017699,0.007375,470000000.0,470000000.0,171600000.0,3186600000.0,3186600000.0,新型电力,公用事业,电力,风力发电,7.32,5.99,
2010-10-20,10.41,10.6,10.33,10.46,10.63,-0.1699999999999999,-1.6,4711132.0,31436029.3,1.568,0.010024,0.027454,0.89,37.8443,,1.8221,1.3925,1.5093,0.017991,0.007496,470000000.0,470000000.0,171600000.0,3134900000.0,3134900000.0,新型电力,公用事业,电力,风力发电,7.46,6.1,
2010-10-21,10.47,10.91,10.43,10.73,10.46,0.2699999999999996,2.58,8066748.0,55182706.2,1.568,0.0171629999999999,0.0470089999999999,1.52,38.8088,,1.8685,1.428,1.5477,0.017544,0.00731,470000000.0,470000000.0,171600000.0,3214800000.0,3214800000.0,新型电力,公用事业,电力,风力发电,7.34,6.0,
2010-10-22,10.73,11.02,10.58,10.82,10.73,0.0899999999999998,0.84,9826422.0,68422560.80000001,1.568,0.020907,0.057264,1.66,39.1493,,1.8849,1.4405,1.5613,0.017391,0.007246,470000000.0,470000000.0,171600000.0,3243000000.0,3243000000.0,新型电力,公用事业,电力,风力发电,7.52,6.16,
2010-10-25,10.83,11.15,10.66,11.09,10.82,0.2699999999999996,2.5,8726161.0,61053722.2,1.568,0.018566,0.050852,1.22,40.1138,,1.9313,1.476,1.5998,0.016973,0.007072,470000000.0,470000000.0,171600000.0,3322900000.0,3322900000.0,新型电力,公用事业,电力,风力发电,7.59,6.21,
2010-10-26,11.15,11.81,10.9,11.52,11.09,0.4299999999999997,3.88,14979422.0,108171388.2,1.568,0.031871,0.087293,2.01,41.7025,,2.0078,1.5344,1.6631,0.016327,0.006803,470000000.0,470000000.0,171600000.0,3454500000.0,3454500000.0,新型电力,公用事业,电力,风力发电,7.78,6.36,
2010-10-27,11.52,11.76,11.26,11.27,11.52,-0.25,-2.17,12296995.0,90130230.6,1.568,0.026164,0.071661,1.33,40.7947,,1.9641,1.501,1.6269,0.01669,0.006954,470000000.0,470000000.0,171600000.0,3379300000.0,3379300000.0,新型电力,公用事业,电力,风力发电,8.09,6.62,
2010-10-28,11.27,11.57,11.26,11.37,11.27,0.0999999999999996,0.89,6060398.0,43973385.8,1.568,0.012894,0.035317,0.56,41.1351,,1.9805,1.5136,1.6405,0.016552,0.0068969999999999,470000000.0,470000000.0,171600000.0,3407500000.0,3407500000.0,新型电力,公用事业,电力,风力发电,7.91,6.47,
2010-10-29,11.37,11.42,10.98,11.16,11.37,-0.209999999999999,-1.85,6176396.0,43922579.2,1.568,0.013141,0.035993,0.6,40.3975,,1.945,1.4864,1.6111,0.016854,0.007022,470000000.0,470000000.0,171600000.0,3346400000.0,3346400000.0,新型电力,公用事业,电力,风力发电,7.98,6.53,
2010-11-01,11.16,11.52,11.13,11.38,11.16,0.2200000000000006,1.97,6921439.999999999,49929779.6,1.568,0.014726,0.040335,0.72,41.1918,,1.9832,1.5156,1.6428,0.016529,0.006887,470000000.0,470000000.0,171600000.0,3412200000.0,3412200000.0,新型电力,公用事业,电力,风力发电,7.83,6.41,
2010-11-02,11.4,11.87,11.34,11.7,11.38,0.3199999999999985,2.81,9942553.0,73498276.10000001,1.568,0.021154,0.05794,1.07,42.3266,,2.0379,1.5574,1.688,0.016086,0.006702,470000000.0,470000000.0,171600000.0,3506200000.0,3506200000.0,新型电力,公用事业,电力,风力发电,7.99,6.53,
2010-11-03,11.73,12.09,11.51,11.95,11.7,0.25,2.14,10602726.0,80612147.6,1.568,0.022559,0.061787,1.28,43.2344,,2.0816,1.5908,1.7242,0.0157479999999999,0.006562,470000000.0,470000000.0,171600000.0,3581400000.0,3581400000.0,新型电力,公用事业,电力,风力发电,8.21,6.71,
2010-11-04,12.0,12.29,11.79,12.26,11.95,0.3100000000000005,2.59,11088577.0,85290565.5,1.568,0.023593,0.064619,1.4,44.3692,,2.1362,1.6325,1.7695,0.015345,0.0063939999999999,470000000.0,470000000.0,171600000.0,3675400000.0,3675400000.0,新型电力,公用事业,电力,风力发电,8.38,6.86,
2010-11-05,12.29,12.7,12.04,12.47,12.26,0.2100000000000008,1.71,16928272.0,133381510.1,1.568,0.036018,0.09865,1.89,45.1068,,2.1717,1.6597,1.7989,0.015094,0.006289,470000000.0,470000000.0,171600000.0,3736500000.0,3736500000.0,新型电力,公用事业,电力,风力发电,8.6,7.04,
2010-11-08,12.36,12.53,12.15,12.34,12.47,-0.1300000000000007,-1.04,10410348.0,81786716.8,1.568,0.02215,0.060666,0.94,44.6529,,2.1499,1.643,1.7808,0.015248,0.006353,470000000.0,470000000.0,171600000.0,3698900000.0,3698900000.0,新型电力,公用事业,电力,风力发电,8.75,7.16,
2010-11-09,12.36,12.47,12.12,12.37,12.34,0.0299999999999993,0.24,6546212.0,51178851.2,1.568,0.013928,0.038148,0.56,44.7663,,2.1553,1.6472,1.7853,0.0152089999999999,0.006337,470000000.0,470000000.0,171600000.0,3708300000.0,3708300000.0,新型电力,公用事业,电力,风力发电,8.66,7.08,
2010-11-10,12.29,12.34,11.96,12.04,12.37,-0.33,-2.67,5967417.0,46224047.1,1.568,0.012697,0.034775,0.54,43.5748,,2.098,1.6033,1.7378,0.015625,0.00651,470000000.0,470000000.0,171600000.0,3609600000.0,3609600000.0,新型电力,公用事业,电力,风力发电,8.68,7.1,
2010-11-11,11.93,12.29,11.92,11.92,12.04,-0.1199999999999992,-1.0,6887107.000000001,53382420.2,1.568,0.014653,0.040135,0.68,43.1209,,2.0761,1.5866,1.7197,0.015789,0.006579,470000000.0,470000000.0,171600000.0,3572000000.0,3572000000.0,新型电力,公用事业,电力,风力发电,8.45,6.91,
2010-11-12,11.92,11.98,10.82,10.85,11.92,-1.0700000000000005,-8.98,8380495.0,60895030.7,1.568,0.017831,0.048837,0.9,39.2627,,1.8904,1.4447,1.5658,0.017341,0.007225,470000000.0,470000000.0,171600000.0,3252400000.0,3252400000.0,新型电力,公用事业,电力,风力发电,8.36,6.84,
2010-11-15,10.88,11.9,10.85,11.52,10.85,0.6699999999999999,6.18,7816933.0,56855687.8,1.568,0.016632,0.0455529999999999,1.02,41.7025,,2.0078,1.5344,1.6631,0.016327,0.006803,470000000.0,470000000.0,171600000.0,3454500000.0,3454500000.0,新型电力,公用事业,电力,风力发电,7.61,6.23,
2010-11-16,11.42,11.73,11.07,11.42,11.52,-0.0999999999999996,-0.87,6300737.0,46017984.4,1.568,0.013406,0.036718,0.88,41.3053,,1.9887,1.5198,1.6473,0.016484,0.006868,470000000.0,470000000.0,171600000.0,3421600000.0,3421600000.0,新型电力,公用事业,电力,风力发电,8.09,6.62,
2010-11-17,11.35,11.52,11.13,11.35,11.42,-0.0700000000000002,-0.61,2868861.0,20737802.0,1.568,0.006104,0.016718,0.41,41.0784,,1.9778,1.5115,1.6382,0.016575,0.006906,470000000.0,470000000.0,171600000.0,3402800000.0,3402800000.0,新型电力,公用事业,电力,风力发电,8.01,6.55,
2010-11-18,11.37,11.59,11.13,11.52,11.35,0.1699999999999999,1.5,5198918.0,37691475.3,1.568,0.011062,0.030297,0.81,41.7025,,2.0078,1.5344,1.6631,0.016327,0.006803,470000000.0,470000000.0,171600000.0,3454500000.0,3454500000.0,新型电力,公用事业,电力,风力发电,7.96,6.52,
2010-11-19,11.62,11.7,11.29,11.67,11.52,0.1500000000000003,1.3,6186836.0,45622911.4,1.568,0.013163,0.036054,1.01,42.2131,,2.0324,1.5532,1.6835,0.016129,0.00672,470000000.0,470000000.0,171600000.0,3496800000.0,3496800000.0,新型电力,公用事业,电力,风力发电,8.09,6.62,
2010-11-22,11.57,11.76,11.48,11.67,11.67,0.0,0.0,4018631.0,29798477.3,1.568,0.00855,0.023419,0.71,42.2131,,2.0324,1.5532,1.6835,0.016129,0.00672,470000000.0,470000000.0,171600000.0,3496800000.0,3496800000.0,新型电力,公用事业,电力,风力发电,8.18,6.7,
2010-11-23,11.6,11.65,11.01,11.31,11.67,-0.3599999999999994,-3.08,4399040.0,31627190.4,1.568,0.00936,0.0256349999999999,0.9,40.9081,,1.9696,1.5052,1.6315,0.016644,0.006935,470000000.0,470000000.0,171600000.0,3388700000.0,3388700000.0,新型电力,公用事业,电力,风力发电,8.18,6.7,
2010-11-24,11.2,11.42,11.2,11.42,11.31,0.1099999999999994,0.97,2351931.0,16988332.0,1.568,0.005004,0.013706,0.52,41.3053,,1.9887,1.5198,1.6473,0.016484,0.006868,470000000.0,470000000.0,171600000.0,3421600000.0,3421600000.0,新型电力,公用事业,电力,风力发电,7.93,6.49,
2010-11-25,11.4,11.68,11.34,11.52,11.42,0.0999999999999996,0.88,3581180.0000000005,26386162.4,1.568,0.00762,0.020869,0.81,41.7025,,2.0078,1.5344,1.6631,0.016327,0.006803,470000000.0,470000000.0,171600000.0,3454500000.0,3454500000.0,新型电力,公用事业,电力,风力发电,8.01,6.55,
2010-11-26,11.59,11.59,11.23,11.31,11.52,-0.209999999999999,-1.82,2826158.0,20492875.2,1.568,0.0060129999999999,0.016469,0.69,40.9081,,1.9696,1.5052,1.6315,0.016644,0.006935,470000000.0,470000000.0,171600000.0,3388700000.0,3388700000.0,新型电力,公用事业,电力,风力发电,8.09,6.62,
2010-11-29,11.27,11.54,11.26,11.42,11.31,0.1099999999999994,0.97,2729229.0,19914460.6,1.568,0.005807,0.015905,0.79,41.3053,,1.9887,1.5198,1.6473,0.016484,0.006868,470000000.0,470000000.0,171600000.0,3421600000.0,3421600000.0,新型电力,公用事业,电力,风力发电,7.93,6.49,
2010-11-30,11.45,11.78,11.15,11.78,11.42,0.3599999999999994,3.15,9361739.0,69259993.5,1.568,0.019919,0.0545559999999999,2.95,42.6103,,2.0515,1.5678,1.6993,0.015979,0.006658,470000000.0,470000000.0,171600000.0,3529700000.0,3529700000.0,新型电力,公用事业,电力,风力发电,8.01,6.55,
2010-12-01,11.87,12.34,11.85,12.18,11.78,0.4000000000000003,3.4,14369849.0,111396331.0,1.568,0.030574,0.08374,3.45,44.0855,,2.1226,1.6221,1.7582,0.015444,0.006435,470000000.0,470000000.0,171600000.0,3651900000.0,3651900000.0,新型电力,公用事业,电力,风力发电,8.26,6.76,
2010-12-02,12.14,12.36,11.87,12.01,12.18,-0.1699999999999999,-1.4,7716364.0,59504530.1,1.568,0.016418,0.044967,1.17,43.4614,,2.0925,1.5991,1.7333,0.015666,0.006527,470000000.0,470000000.0,171600000.0,3600200000.0,3600200000.0,新型电力,公用事业,电力,风力发电,8.55,6.99,
2010-12-03,12.1,12.1,11.46,11.7,12.01,-0.3100000000000005,-2.58,5436508.0,40690472.4,1.568,0.011567,0.031681,0.73,42.3266,,2.0379,1.5574,1.688,0.016086,0.006702,470000000.0,470000000.0,171600000.0,3506200000.0,3506200000.0,新型电力,公用事业,电力,风力发电,8.43,6.89,
2010-12-06,11.7,11.79,11.24,11.45,11.7,-0.25,-2.14,3296312.0000000005,24023782.9,1.568,0.007013,0.019209,0.42,41.4188,,1.9942,1.524,1.6518,0.0164379999999999,0.0068489999999999,470000000.0,470000000.0,171600000.0,3431000000.0,3431000000.0,新型电力,公用事业,电力,风力发电,8.21,6.71,
2010-12-07,11.45,11.57,11.13,11.56,11.45,0.1100000000000012,0.96,2792673.0,20282453.5,1.568,0.0059419999999999,0.016274,0.35,41.816,,2.0133,1.5386,1.6677,0.016282,0.006784,470000000.0,470000000.0,171600000.0,3463900000.0,3463900000.0,新型电力,公用事业,电力,风力发电,8.03,6.57,
2010-12-08,11.56,11.56,11.26,11.34,11.56,-0.2200000000000006,-1.9,2098539.0,15253653.3,1.568,0.004465,0.012229,0.31,41.0216,,1.975,1.5094,1.636,0.0165979999999999,0.006916,470000000.0,470000000.0,171600000.0,3398100000.0,3398100000.0,新型电力,公用事业,电力,风力发电,8.11,6.63,
2010-12-09,11.34,11.49,11.23,11.32,11.34,-0.0199999999999995,-0.18,1741924.0000000002,12625757.7,1.568,0.0037059999999999,0.0101509999999999,0.41,40.9649,,1.9723,1.5073,1.6337,0.01662,0.006925,470000000.0,470000000.0,171600000.0,3393400000.0,3393400000.0,新型电力,公用事业,电力,风力发电,7.95,6.51,
2010-12-10,11.29,11.54,11.27,11.51,11.32,0.1899999999999995,1.68,1993488.0,14556192.1,1.568,0.004241,0.0116169999999999,0.65,41.6457,,2.0051,1.5323,1.6609,0.016349,0.006812,470000000.0,470000000.0,171600000.0,3449800000.0,3449800000.0,新型电力,公用事业,电力,风力发电,7.94,6.5,
2010-12-13,11.57,12.14,11.57,11.98,11.51,0.4700000000000006,4.08,6837849.000000001,51723980.3,1.568,0.014549,0.039848,2.87,43.3479,,2.087,1.595,1.7288,0.015707,0.006545,470000000.0,470000000.0,171600000.0,3590800000.0,3590800000.0,新型电力,公用事业,电力,风力发电,8.07,6.61,
2010-12-14,11.98,12.18,11.84,11.98,11.98,0.0,0.0,5417949.0,41546426.4,1.568,0.011528,0.031573,1.75,43.3479,,2.087,1.595,1.7288,0.015707,0.006545,470000000.0,470000000.0,171600000.0,3590800000.0,3590800000.0,新型电力,公用事业,电力,风力发电,8.4,6.88,
2010-12-15,11.98,12.15,11.89,12.09,11.98,0.1099999999999994,0.92,5397998.0,41515405.7,1.568,0.011485,0.031457,1.49,43.745,,2.1062,1.6096,1.7446,0.015564,0.0064849999999999,470000000.0,470000000.0,171600000.0,3623700000.0,3623700000.0,新型电力,公用事业,电力,风力发电,8.4,6.88,
2010-12-16,12.14,12.15,11.87,11.95,12.09,-0.1400000000000005,-1.16,3838997.0,29397621.7,1.568,0.008168,0.022372,0.9,43.2344,,2.0816,1.5908,1.7242,0.0157479999999999,0.006562,470000000.0,470000000.0,171600000.0,3581400000.0,3581400000.0,新型电力,公用事业,电力,风力发电,8.48,6.94,
2010-12-17,11.9,12.0,11.79,11.98,11.95,0.0300000000000011,0.25,3569403.0,27129810.2,1.568,0.007594,0.020801,0.76,43.3479,,2.087,1.595,1.7288,0.015707,0.006545,470000000.0,470000000.0,171600000.0,3590800000.0,3590800000.0,新型电力,公用事业,电力,风力发电,8.38,6.86,
2010-12-20,12.17,12.17,11.42,12.01,11.98,0.0299999999999993,0.25,4944236.0,37390654.5,1.568,0.01052,0.028813,0.99,43.4614,,2.0925,1.5991,1.7333,0.015666,0.006527,470000000.0,470000000.0,171600000.0,3600200000.0,3600200000.0,新型电力,公用事业,电力,风力发电,8.4,6.88,
2010-12-21,12.01,12.04,11.79,11.93,12.01,-0.08,-0.67,2579331.0,19618495.5,1.568,0.005488,0.015031,0.56,43.1777,,2.0789,1.5887,1.722,0.015769,0.00657,470000000.0,470000000.0,171600000.0,3576700000.0,3576700000.0,新型电力,公用事业,电力,风力发电,8.43,6.89,
2010-12-22,11.93,11.93,11.57,11.59,11.93,-0.3399999999999998,-2.85,2655830.0,19814710.3,1.568,0.005651,0.015477,0.65,41.9294,,2.0188,1.5428,1.6722,0.016238,0.0067659999999999,470000000.0,470000000.0,171600000.0,3473300000.0,3473300000.0,新型电力,公用事业,电力,风力发电,8.37,6.85,
2010-12-23,11.37,11.71,11.37,11.51,11.59,-0.08,-0.69,2116823.0,15545590.5,1.568,0.004504,0.012336,0.6,41.6457,,2.0051,1.5323,1.6609,0.016349,0.006812,470000000.0,470000000.0,171600000.0,3449800000.0,3449800000.0,新型电力,公用事业,电力,风力发电,8.13,6.65,
2010-12-24,11.45,11.48,11.1,11.38,11.51,-0.129999999999999,-1.13,1970486.0,14192923.7,1.568,0.004193,0.011483,0.62,41.1918,,1.9832,1.5156,1.6428,0.016529,0.006887,470000000.0,470000000.0,171600000.0,3412200000.0,3412200000.0,新型电力,公用事业,电力,风力发电,8.07,6.61,
2010-12-27,11.38,11.51,11.1,11.2,11.38,-0.1800000000000015,-1.58,2138938.0,15419136.4,1.568,0.004551,0.0124649999999999,0.75,40.511,,1.9505,1.4906,1.6156,0.016807,0.007003,470000000.0,470000000.0,171600000.0,3355800000.0,3355800000.0,新型电力,公用事业,电力,风力发电,7.99,6.53,
2010-12-28,11.2,11.24,10.94,11.01,11.2,-0.1899999999999995,-1.7,1671421.0,11809060.3,1.568,0.003556,0.00974,0.73,39.8301,,1.9177,1.4655,1.5885,0.017094,0.007123,470000000.0,470000000.0,171600000.0,3299400000.0,3299400000.0,新型电力,公用事业,电力,风力发电,7.85,6.43,
2010-12-29,11.21,11.23,10.94,10.99,11.01,-0.0199999999999995,-0.18,1520780.0,10677527.4,1.568,0.003236,0.008862,0.72,39.7734,,1.9149,1.4634,1.5862,0.017118,0.007133,470000000.0,470000000.0,171600000.0,3294700000.0,3294700000.0,新型电力,公用事业,电力,风力发电,7.72,6.32,
2010-12-30,10.99,11.02,10.66,10.85,10.99,-0.1400000000000005,-1.27,2105996.0,14451295.1,1.568,0.004481,0.012273,1.12,39.2627,,1.8904,1.4447,1.5658,0.017341,0.007225,470000000.0,470000000.0,171600000.0,3252400000.0,3252400000.0,新型电力,公用事业,电力,风力发电,7.71,6.31,
2010-12-31,10.87,10.96,10.74,10.94,10.85,0.0899999999999998,0.83,1607764.0,11160830.3,1.568,0.003421,0.0093689999999999,0.85,39.6032,,1.9068,1.4572,1.5794,0.017192,0.007163,470000000.0,470000000.0,171600000.0,3280600000.0,3280600000.0,新型电力,公用事业,电力,风力发电,7.61,6.23,
2011-01-04,11.02,11.05,10.82,11.05,10.94,0.1100000000000012,1.01,2485083.0,17355868.1,1.568,0.0052869999999999,0.014482,1.37,40.0003,,1.9259,1.4718,1.5953,0.007092,0.007092,470000000.0,470000000.0,171600000.0,3313500000.0,3313500000.0,新型电力,公用事业,电力,风力发电,7.68,6.28,
2011-01-05,11.01,11.07,10.87,10.94,11.05,-0.1100000000000012,-1.0,1867089.0,13046543.1,1.568,0.003973,0.01088,0.99,39.6032,,1.9068,1.4572,1.5794,0.007163,0.007163,470000000.0,470000000.0,171600000.0,3280600000.0,3280600000.0,新型电力,公用事业,电力,风力发电,7.76,6.35,
2011-01-06,10.93,11.02,10.68,10.77,10.94,-0.1699999999999999,-1.55,2036105.0,14045691.8,1.568,0.004332,0.011865,1.06,38.979,,1.8767,1.4342,1.5545,0.007278,0.007278,470000000.0,470000000.0,171600000.0,3228900000.0,3228900000.0,新型电力,公用事业,电力,风力发电,7.68,6.28,
2011-01-07,10.79,10.9,10.66,10.85,10.77,0.08,0.74,2231536.0,15341564.4,1.568,0.004748,0.013004,1.1,39.2627,,1.8904,1.4447,1.5658,0.007225,0.007225,470000000.0,470000000.0,171600000.0,3252400000.0,3252400000.0,新型电力,公用事业,电力,风力发电,7.56,6.18,
2011-01-10,10.85,11.05,10.77,10.87,10.85,0.0199999999999995,0.18,2213955.0,15388903.4,1.568,0.004711,0.012902,1.08,39.3195,,1.8931,1.4467,1.5681,0.007215,0.007215,470000000.0,470000000.0,171600000.0,3257100000.0,3257100000.0,新型电力,公用事业,电力,风力发电,7.61,6.23,
2011-01-11,10.82,11.05,10.82,11.05,10.87,0.1800000000000015,1.66,2923789.0,20450222.6,1.568,0.006221,0.017038,1.35,40.0003,,1.9259,1.4718,1.5953,0.007092,0.007092,470000000.0,470000000.0,171600000.0,3313500000.0,3313500000.0,新型电力,公用事业,电力,风力发电,7.62,6.24,
2011-01-12,11.05,11.13,10.87,11.01,11.05,-0.0400000000000009,-0.36,2062712.0,14452135.6,1.568,0.004389,0.01202,0.91,39.8301,,1.9177,1.4655,1.5885,0.007123,0.007123,470000000.0,470000000.0,171600000.0,3299400000.0,3299400000.0,新型电力,公用事业,电力,风力发电,7.76,6.35,
2011-01-13,11.01,11.05,10.83,10.91,11.01,-0.0999999999999996,-0.91,1384748.0,9693760.0,1.568,0.002946,0.00807,0.6,39.4897,,1.9013,1.453,1.5749,0.007184,0.007184,470000000.0,470000000.0,171600000.0,3271200000.0,3271200000.0,新型电力,公用事业,电力,风力发电,7.72,6.32,
2011-01-14,10.93,10.93,10.51,10.52,10.91,-0.3900000000000005,-3.57,1841250.0,12573896.6,1.568,0.003918,0.01073,0.85,38.0712,,1.833,1.4008,1.5183,0.0074519999999999,0.0074519999999999,470000000.0,470000000.0,171600000.0,3153700000.0,3153700000.0,新型电力,公用事业,电力,风力发电,7.66,6.26,
2011-01-17,10.52,10.6,9.96,10.0,10.52,-0.5199999999999996,-4.94,1611175.0,10420568.0,1.568,0.003428,0.009389,0.77,36.1989,,1.7428,1.3319,1.4436,0.007837,0.007837,470000000.0,470000000.0,171600000.0,2998600000.0,2998600000.0,新型电力,公用事业,电力,风力发电,7.38,6.04,
2011-01-18,10.02,10.08,9.93,10.04,10.0,0.0399999999999991,0.4,608785.0,3883173.4,1.568,0.001295,0.003548,0.31,36.3124,,1.7483,1.3361,1.4482,0.007813,0.007813,470000000.0,470000000.0,171600000.0,3008000000.0,3008000000.0,新型电力,公用事业,电力,风力发电,7.02,5.74,
2011-01-19,10.0,10.24,10.0,10.22,10.04,0.1800000000000015,1.79,756724.0,4894946.3,1.568,0.00161,0.00441,0.5,36.9932,,1.7811,1.3612,1.4753,0.007669,0.007669,470000000.0,470000000.0,171600000.0,3064400000.0,3064400000.0,新型电力,公用事业,电力,风力发电,7.04,5.76,
2011-01-20,10.21,10.24,9.93,9.93,10.22,-0.2900000000000009,-2.84,843806.0,5412599.5,1.568,0.001795,0.004917,0.68,35.9152,,1.7292,1.3215,1.4323,0.007899,0.007899,470000000.0,470000000.0,171600000.0,2975100000.0,2975100000.0,新型电力,公用事业,电力,风力发电,7.17,5.87,
2011-01-21,9.88,10.07,9.83,9.88,9.93,-0.0499999999999989,-0.5,951482.0,6033923.0,1.568,0.0020239999999999,0.005545,0.84,35.745,,1.721,1.3152,1.4255,0.007937,0.007937,470000000.0,470000000.0,171600000.0,2961000000.0,2961000000.0,新型电力,公用事业,电力,风力发电,6.96,5.7,
2011-01-24,9.94,10.04,9.8,9.8,9.88,-0.08,-0.81,858935.0,5433303.2,1.568,0.001828,0.0050049999999999,0.9,35.4613,,1.7073,1.3048,1.4142,0.008,0.008,470000000.0,470000000.0,171600000.0,2937500000.0,2937500000.0,新型电力,公用事业,电力,风力发电,6.93,5.67,
2011-01-25,9.71,9.71,9.11,9.25,9.8,-0.5500000000000007,-5.61,1605084.0,9645138.9,1.568,0.003415,0.009354,2.0,33.4755,,1.6117,1.2317,1.335,0.008475,0.008475,470000000.0,470000000.0,171600000.0,2773000000.0,2773000000.0,新型电力,公用事业,电力,风力发电,6.88,5.63,
2011-01-26,9.27,9.46,9.27,9.38,9.25,0.1300000000000007,1.41,710098.0,4251526.0,1.568,0.001511,0.004138,0.71,33.9294,,1.6336,1.2484,1.3531,0.008361,0.008361,470000000.0,470000000.0,171600000.0,2810600000.0,2810600000.0,新型电力,公用事业,电力,风力发电,6.49,5.31,
2011-01-27,9.38,9.5,9.33,9.44,9.38,0.0599999999999987,0.64,931863.0,5605335.5,1.568,0.001983,0.00543,0.94,34.1563,,1.6445,1.2568,1.3622,0.008306,0.008306,470000000.0,470000000.0,171600000.0,2829400000.0,2829400000.0,新型电力,公用事业,电力,风力发电,6.58,5.38,
2011-01-28,9.46,9.49,9.38,9.47,9.44,0.0300000000000011,0.32,799076.0,4804131.3,1.568,0.0017,0.004657,0.79,34.2698,,1.65,1.2609,1.3667,0.008278,0.008278,470000000.0,470000000.0,171600000.0,2838800000.0,2838800000.0,新型电力,公用事业,电力,风力发电,6.62,5.42,
2011-01-31,9.47,9.69,9.46,9.66,9.47,0.1899999999999995,2.01,986614.0,6038973.399999999,1.568,0.002099,0.005749,1.01,34.9506,,1.6828,1.286,1.3939,0.008117,0.008117,470000000.0,470000000.0,171600000.0,2895200000.0,2895200000.0,新型电力,公用事业,电力,风力发电,6.64,5.44,
2011-02-01,9.69,9.97,9.64,9.83,9.66,0.1699999999999999,1.76,1088569.0,6774608.7,1.568,0.002316,0.006344,1.08,35.5748,,1.7128,1.309,1.4188,0.007974,0.007974,470000000.0,470000000.0,171600000.0,2946900000.0,2946900000.0,新型电力,公用事业,电力,风力发电,6.78,5.54,
2011-02-09,9.93,9.93,9.72,9.85,9.83,0.0199999999999995,0.2,1061261.0,6665632.899999999,1.568,0.002258,0.006185,1.17,35.6315,,1.7155,1.311,1.421,0.007962,0.007962,470000000.0,470000000.0,171600000.0,2951600000.0,2951600000.0,新型电力,公用事业,电力,风力发电,6.9,5.64,
2011-02-10,9.86,10.13,9.8,10.05,9.85,0.200000000000001,2.03,1926786.0,12329207.3,1.568,0.0040999999999999,0.011228,1.98,36.3691,,1.751,1.3382,1.4504,0.0078,0.0078,470000000.0,470000000.0,171600000.0,3012700000.0,3012700000.0,新型电力,公用事业,电力,风力发电,6.91,5.65,
2011-02-11,10.04,10.16,9.96,10.08,10.05,0.0299999999999993,0.3,1542497.0,9888631.0,1.568,0.0032819999999999,0.008989,1.32,36.4826,,1.7565,1.3424,1.455,0.007776,0.007776,470000000.0,470000000.0,171600000.0,3022100000.0,3022100000.0,新型电力,公用事业,电力,风力发电,7.05,5.77,
2011-02-14,10.1,10.16,10.02,10.13,10.08,0.0500000000000007,0.5,2565658.0,16559658.0,1.568,0.005459,0.014951,1.94,36.6528,,1.7647,1.3486,1.4617,0.00774,0.00774,470000000.0,470000000.0,171600000.0,3036200000.0,3036200000.0,新型电力,公用事业,电力,风力发电,7.07,5.79,
2011-02-15,10.13,10.22,10.11,10.14,10.13,0.0099999999999997,0.1,1964470.0,12751400.5,1.568,0.00418,0.011448,1.2,36.7095,,1.7674,1.3507,1.464,0.007728,0.007728,470000000.0,470000000.0,171600000.0,3040900000.0,3040900000.0,新型电力,公用事业,电力,风力发电,7.11,5.81,
2011-02-16,10.16,10.24,10.02,10.24,10.14,0.0999999999999996,0.99,2731124.0,17666386.900000002,1.568,0.0058109999999999,0.015916,1.51,37.05,,1.7838,1.3632,1.4776,0.007657,0.007657,470000000.0,470000000.0,171600000.0,3069100000.0,3069100000.0,新型电力,公用事业,电力,风力发电,7.12,5.82,
2011-02-17,10.24,10.27,10.04,10.19,10.24,-0.0500000000000007,-0.49,2025205.0,13135416.9,1.568,0.004309,0.011802,0.94,36.8797,,1.7756,1.357,1.4708,0.007692,0.007692,470000000.0,470000000.0,171600000.0,3055000000.0,3055000000.0,新型电力,公用事业,电力,风力发电,7.18,5.88,
2011-02-18,10.21,10.58,10.07,10.52,10.19,0.33,3.24,3659184.0,24138485.1,1.568,0.0077849999999999,0.021324,1.69,38.0712,,1.833,1.4008,1.5183,0.0074519999999999,0.0074519999999999,470000000.0,470000000.0,171600000.0,3153700000.0,3153700000.0,新型电力,公用事业,电力,风力发电,7.15,5.85,
2011-02-21,10.43,10.58,10.32,10.47,10.52,-0.0499999999999989,-0.48,3569332.0,23800988.9,1.568,0.007594,0.0208,1.38,37.901,,1.8248,1.3946,1.5115,0.007485,0.007485,470000000.0,470000000.0,171600000.0,3139600000.0,3139600000.0,新型电力,公用事业,电力,风力发电,7.38,6.04,
2011-02-22,10.52,10.52,10.14,10.18,10.47,-0.2900000000000009,-2.77,2983800.0,19590792.0,1.568,0.006349,0.017388,1.07,36.823,,1.7729,1.3549,1.4685,0.007704,0.007704,470000000.0,470000000.0,171600000.0,3050300000.0,3050300000.0,新型电力,公用事业,电力,风力发电,7.35,6.01,
2011-02-23,10.14,10.33,10.07,10.27,10.18,0.0899999999999998,0.88,2281316.0,14852147.9,1.568,0.004854,0.0132939999999999,0.76,37.1634,,1.7893,1.3674,1.4821,0.0076339999999999,0.0076339999999999,470000000.0,470000000.0,171600000.0,3078500000.0,3078500000.0,新型电力,公用事业,电力,风力发电,7.14,5.84,
2011-02-24,10.24,10.66,10.18,10.57,10.27,0.3000000000000007,2.92,4388147.0,29376844.0,1.568,0.009336,0.0255719999999999,1.51,38.2415,,1.8412,1.4071,1.5251,0.007418,0.007418,470000000.0,470000000.0,171600000.0,3167800000.0,3167800000.0,新型电力,公用事业,电力,风力发电,7.21,5.9,
2011-02-25,10.58,10.6,10.32,10.43,10.57,-0.1400000000000005,-1.32,2087275.0,13876873.1,1.568,0.004441,0.012164,0.62,37.7308,,1.8166,1.3883,1.5047,0.007519,0.007519,470000000.0,470000000.0,171600000.0,3125500000.0,3125500000.0,新型电力,公用事业,电力,风力发电,7.41,6.07,
2011-02-28,10.44,10.58,10.44,10.55,10.43,0.120000000000001,1.15,2372330.0,15924852.0,1.568,0.005048,0.013825,0.77,38.1847,,1.8385,1.405,1.5228,0.007429,0.007429,470000000.0,470000000.0,171600000.0,3163100000.0,3163100000.0,新型电力,公用事业,电力,风力发电,7.32,5.99,
2011-03-01,10.6,10.65,10.47,10.58,10.55,0.0299999999999993,0.28,2772254.0,18655637.8,1.568,0.005898,0.016155,0.98,38.2982,,1.8439,1.4092,1.5274,0.007407,0.007407,470000000.0,470000000.0,171600000.0,3172500000.0,3172500000.0,新型电力,公用事业,电力,风力发电,7.4,6.06,
2011-03-02,10.54,10.55,10.36,10.52,10.58,-0.0600000000000005,-0.57,2129466.0,14200871.3,1.568,0.004531,0.0124089999999999,0.77,38.0712,,1.833,1.4008,1.5183,0.0074519999999999,0.0074519999999999,470000000.0,470000000.0,171600000.0,3153700000.0,3153700000.0,新型电力,公用事业,电力,风力发电,7.43,6.08,
2011-03-03,10.55,10.9,10.32,10.63,10.52,0.1100000000000012,1.05,6476672.0,44101477.2,1.568,0.0137799999999999,0.037743,2.36,38.4684,,1.8521,1.4154,1.5342,0.007375,0.007375,470000000.0,470000000.0,171600000.0,3186600000.0,3186600000.0,新型电力,公用事业,电力,风力发电,7.38,6.04,
2011-03-04,10.55,10.63,10.35,10.62,10.63,-0.0100000000000015,-0.09,2954454.0,19818568.5,1.568,0.006286,0.017217,0.93,38.4117,,1.8494,1.4133,1.5319,0.007386,0.007386,470000000.0,470000000.0,171600000.0,3181900000.0,3181900000.0,新型电力,公用事业,电力,风力发电,7.46,6.1,
2011-03-07,10.58,10.82,10.52,10.82,10.62,0.200000000000001,1.88,4998285.0,33978672.8,1.568,0.0106349999999999,0.0291279999999999,1.5,39.1493,,1.8849,1.4405,1.5613,0.007246,0.007246,470000000.0,470000000.0,171600000.0,3243000000.0,3243000000.0,新型电力,公用事业,电力,风力发电,7.45,6.09,
2011-03-08,10.79,10.8,10.6,10.71,10.82,-0.1099999999999994,-1.02,2539041.0,17323678.9,1.568,0.005402,0.014796,0.66,38.7521,,1.8658,1.4259,1.5455,0.0073209999999999,0.0073209999999999,470000000.0,470000000.0,171600000.0,3210100000.0,3210100000.0,新型电力,公用事业,电力,风力发电,7.59,6.21,
2011-03-09,10.69,10.76,10.54,10.69,10.71,-0.0200000000000013,-0.19,2990069.0,20272839.7,1.568,0.006362,0.017425,0.78,38.6954,,1.863,1.4238,1.5432,0.007331,0.007331,470000000.0,470000000.0,171600000.0,3205400000.0,3205400000.0,新型电力,公用事业,电力,风力发电,7.51,6.15,
2011-03-10,10.66,10.68,10.54,10.54,10.69,-0.1500000000000003,-1.4,1827197.0,12354615.5,1.568,0.003888,0.010648,0.46,38.128,,1.8357,1.4029,1.5206,0.0074399999999999,0.0074399999999999,470000000.0,470000000.0,171600000.0,3158400000.0,3158400000.0,新型电力,公用事业,电力,风力发电,7.5,6.14,
2011-03-11,10.49,10.6,10.44,10.44,10.54,-0.0999999999999996,-0.95,2120920.0,14241138.2,1.568,0.004513,0.01236,0.69,37.7875,,1.8193,1.3904,1.507,0.007508,0.007508,470000000.0,470000000.0,171600000.0,3130200000.0,3130200000.0,新型电力,公用事业,电力,风力发电,7.39,6.05,
2011-03-14,10.44,10.57,10.38,10.54,10.44,0.0999999999999996,0.96,2339712.0,15639590.4,1.568,0.004978,0.013635,0.81,38.128,,1.8357,1.4029,1.5206,0.0074399999999999,0.0074399999999999,470000000.0,470000000.0,171600000.0,3158400000.0,3158400000.0,新型电力,公用事业,电力,风力发电,7.33,5.99,
2011-03-15,10.49,10.55,10.18,10.29,10.54,-0.25,-2.37,2747297.0,18049936.2,1.568,0.005845,0.01601,1.16,37.2202,,1.792,1.3695,1.4844,0.007622,0.007622,470000000.0,470000000.0,171600000.0,3083200000.0,3083200000.0,新型电力,公用事业,电力,风力发电,7.39,6.05,
2011-03-16,10.3,10.51,10.24,10.43,10.29,0.1400000000000005,1.36,2122736.0,14076846.0,1.568,0.004516,0.01237,0.88,37.7308,,1.8166,1.3883,1.5047,0.007519,0.007519,470000000.0,470000000.0,171600000.0,3125500000.0,3125500000.0,新型电力,公用事业,电力,风力发电,7.22,5.9,
2011-03-17,10.46,10.74,10.36,10.51,10.43,0.08,0.77,4454565.0,30035631.2,1.568,0.009478,0.025959,2.0,38.0145,,1.8303,1.3987,1.5161,0.007463,0.007463,470000000.0,470000000.0,171600000.0,3149000000.0,3149000000.0,新型电力,公用事业,电力,风力发电,7.32,5.99,
2011-03-18,10.69,10.82,10.57,10.58,10.51,0.0700000000000002,0.67,2232376.0,15124541.4,1.568,0.00475,0.013009,0.81,38.2982,,1.8439,1.4092,1.5274,0.007407,0.007407,470000000.0,470000000.0,171600000.0,3172500000.0,3172500000.0,新型电力,公用事业,电力,风力发电,7.37,6.03,
2011-03-21,10.58,11.01,10.35,10.98,10.58,0.4000000000000003,3.78,11151076.0,77174134.9,1.568,0.0237259999999999,0.064983,4.01,39.7166,,1.9122,1.4614,1.5839,0.007143,0.007143,470000000.0,470000000.0,171600000.0,3290000000.0,3290000000.0,新型电力,公用事业,电力,风力发电,7.43,6.08,
2011-03-22,10.91,11.2,10.69,11.18,10.98,0.1999999999999993,1.82,8939348.0,62788678.2,1.568,0.01902,0.0520939999999999,1.97,40.4542,,1.9477,1.4885,1.6134,0.007013,0.007013,470000000.0,470000000.0,171600000.0,3351100000.0,3351100000.0,新型电力,公用事业,电力,风力发电,7.7,6.3,
2011-03-23,11.2,11.21,10.96,11.07,11.18,-0.1099999999999994,-0.98,4634911.0,32696581.3,1.568,0.009862,0.02701,0.8,40.0571,,1.9286,1.4739,1.5975,0.007082,0.007082,470000000.0,470000000.0,171600000.0,3318200000.0,3318200000.0,新型电力,公用事业,电力,风力发电,7.84,6.42,
2011-03-24,11.1,11.1,10.87,10.9,11.07,-0.1699999999999999,-1.54,3714391.000000001,25926219.2,1.568,0.007903,0.021646,0.59,39.433,,1.8986,1.4509,1.5726,0.007194,0.007194,470000000.0,470000000.0,171600000.0,3266500000.0,3266500000.0,新型电力,公用事业,电力,风力发电,7.77,6.35,
2011-03-25,10.83,11.02,10.83,11.02,10.9,0.1199999999999992,1.1,3494007.0,24361811.7,1.568,0.007434,0.0203609999999999,0.57,39.8869,,1.9204,1.4676,1.5907,0.007112,0.007112,470000000.0,470000000.0,171600000.0,3304100000.0,3304100000.0,新型电力,公用事业,电力,风力发电,7.65,6.26,
2011-03-28,11.07,11.26,10.99,11.13,11.02,0.1100000000000012,1.0,4909022.0,34840534.800000004,1.568,0.010445,0.028607,0.77,40.284,,1.9395,1.4822,1.6066,0.007042,0.007042,470000000.0,470000000.0,171600000.0,3337000000.0,3337000000.0,新型电力,公用事业,电力,风力发电,7.73,6.33,
2011-03-29,11.16,11.52,10.87,11.21,11.13,0.08,0.72,6479366.0,46330560.8,1.568,0.013786,0.037759,1.26,40.5677,,1.9532,1.4927,1.6179,0.006993,0.006993,470000000.0,470000000.0,171600000.0,3360500000.0,3360500000.0,新型电力,公用事业,电力,风力发电,7.81,6.39,
2011-03-30,11.12,11.76,10.9,11.35,11.21,0.1399999999999988,1.25,8317164.999999999,60280729.9,1.568,0.017696,0.048468,1.79,41.0784,,1.9778,1.5115,1.6382,0.006906,0.006906,470000000.0,470000000.0,171600000.0,3402800000.0,3402800000.0,新型电力,公用事业,电力,风力发电,7.87,6.44,
2011-03-31,11.27,11.37,11.07,11.1,11.35,-0.25,-2.2,3553364.0,25337810.6,1.568,0.00756,0.020707,0.66,40.1705,,1.9341,1.4781,1.602,0.007062,0.007062,470000000.0,470000000.0,171600000.0,3327600000.0,3327600000.0,新型电力,公用事业,电力,风力发电,7.96,6.52,
2011-04-01,11.04,11.18,10.9,11.13,11.1,0.0300000000000011,0.27,3005577.0,21144053.2,1.568,0.006395,0.017515,0.56,,,2.1335,1.6637,1.6637,0.007042,0.007042,470000000.0,470000000.0,171600000.0,3337000000.0,3337000000.0,新型电力,公用事业,电力,风力发电,7.79,6.37,
2011-04-06,11.13,11.37,11.05,11.2,11.13,0.0699999999999985,0.63,3330207.0,23843001.7,1.568,0.007086,0.019407,0.63,,,2.1456,1.6731,1.6731,0.007003,0.007003,470000000.0,470000000.0,171600000.0,3355800000.0,3355800000.0,新型电力,公用事业,电力,风力发电,7.81,6.39,
2011-04-07,11.15,11.42,11.15,11.24,11.2,0.0400000000000009,0.36,3418900.0,24565274.6,1.568,0.007274,0.019924,0.69,,,2.1546,1.6801,1.6801,0.006974,0.006974,470000000.0,470000000.0,171600000.0,3369900000.0,3369900000.0,新型电力,公用事业,电力,风力发电,7.85,6.43,
2011-04-08,11.26,11.32,11.09,11.16,11.24,-0.08,-0.71,2887713.0,20566200.0,1.568,0.0061439999999999,0.016828,0.67,,,2.1396,1.6684,1.6684,0.007022,0.007022,470000000.0,470000000.0,171600000.0,3346400000.0,3346400000.0,新型电力,公用事业,电力,风力发电,7.89,6.45,
2011-04-11,11.16,11.49,11.15,11.32,11.16,0.1600000000000001,1.43,5689768.0,41242587.6,1.568,0.0121059999999999,0.033157,1.76,,,2.1696,1.6918,1.6918,0.006925,0.006925,470000000.0,470000000.0,171600000.0,3393400000.0,3393400000.0,新型电力,公用事业,电力,风力发电,7.83,6.41,
2011-04-12,11.29,11.7,11.18,11.68,11.32,0.3599999999999994,3.18,7801882.000000001,57505821.2,1.568,0.0166,0.045466,2.13,,,2.2387,1.7457,1.7457,0.006711,0.006711,470000000.0,470000000.0,171600000.0,3501500000.0,3501500000.0,新型电力,公用事业,电力,风力发电,7.94,6.5,
2011-04-13,11.74,11.87,11.48,11.7,11.68,0.0199999999999995,0.17,5839837.0,43521857.5,1.568,0.0124249999999999,0.034032,1.26,,,2.2417,1.7481,1.7481,0.006702,0.006702,470000000.0,470000000.0,171600000.0,3506200000.0,3506200000.0,新型电力,公用事业,电力,风力发电,8.2,6.71,
2011-04-14,11.81,12.0,11.7,11.7,11.7,0.0,0.0,6479403.0,48874025.1,1.568,0.013786,0.037759,1.26,,,2.2417,1.7481,1.7481,0.006702,0.006702,470000000.0,470000000.0,171600000.0,3506200000.0,3506200000.0,新型电力,公用事业,电力,风力发电,8.21,6.71,
2011-04-15,11.7,12.18,11.6,12.1,11.7,0.4000000000000003,3.42,10366730.0,79198109.6,1.568,0.022057,0.060412,1.81,,,2.3199,1.809,1.809,0.006477,0.006477,470000000.0,470000000.0,171600000.0,3628400000.0,3628400000.0,新型电力,公用事业,电力,风力发电,8.21,6.71,
2011-04-18,12.07,12.5,12.01,12.29,12.1,0.1899999999999995,1.57,9187311.0,71773965.89999999,1.568,0.019547,0.053539,1.27,,,2.3559,1.8371,1.8371,0.006378,0.006378,470000000.0,470000000.0,171600000.0,3684800000.0,3684800000.0,新型电力,公用事业,电力,风力发电,8.49,6.95,
2011-04-19,12.17,12.64,11.98,12.42,12.29,0.1300000000000007,1.06,11323469.0,89362229.60000001,1.568,0.024092,0.0659879999999999,1.43,,,2.38,1.8558,1.8558,0.006313,0.006313,470000000.0,470000000.0,171600000.0,3722400000.0,3722400000.0,新型电力,公用事业,电力,风力发电,8.62,7.06,
2011-04-20,12.36,12.4,11.89,11.92,12.42,-0.5,-4.03,7551267.999999999,58229394.5,1.568,0.016067,0.044005,0.87,,,2.2643,1.7809,1.563,0.006579,0.006579,470000000.0,470000000.0,171600000.0,3572000000.0,3572000000.0,新型电力,公用事业,电力,风力发电,8.71,7.13,
2011-04-21,11.92,12.06,11.81,12.04,11.92,0.1199999999999992,1.01,4534955.0,34480062.400000006,1.568,0.009649,0.026427,0.5,,,2.2881,1.7996,1.5795,0.00651,0.00651,470000000.0,470000000.0,171600000.0,3609600000.0,3609600000.0,新型电力,公用事业,电力,风力发电,8.36,6.84,
2011-04-22,12.0,12.12,11.81,12.06,12.04,0.0200000000000013,0.17,3483496.0,26549314.7,1.568,0.0074119999999999,0.0203,0.41,,,2.2911,1.8019,1.5815,0.006502,0.006502,470000000.0,470000000.0,171600000.0,3614300000.0,3614300000.0,新型电力,公用事业,电力,风力发电,8.45,6.91,
2011-04-25,11.92,11.92,11.29,11.42,12.06,-0.6400000000000006,-5.31,4307421.0,31822596.8,1.568,0.009165,0.025102,0.6,,,2.1689,1.7059,1.4972,0.006868,0.006868,470000000.0,470000000.0,171600000.0,3421600000.0,3421600000.0,新型电力,公用事业,电力,风力发电,8.46,6.92,
2011-04-26,11.42,11.51,11.21,11.4,11.42,-0.0199999999999995,-0.18,2118468.0,15378792.6,1.568,0.004507,0.012345,0.34,,,2.166,1.7035,1.4952,0.0068779999999999,0.0068779999999999,470000000.0,470000000.0,171600000.0,3416900000.0,3416900000.0,新型电力,公用事业,电力,风力发电,8.01,6.55,
2011-04-27,11.4,11.57,11.24,11.34,11.4,-0.0600000000000005,-0.53,2490279.0,18167845.6,1.568,0.005298,0.014512,0.57,,,2.154,1.6942,1.4869,0.006916,0.006916,470000000.0,470000000.0,171600000.0,3398100000.0,3398100000.0,新型电力,公用事业,电力,风力发电,8.0,6.54,
2011-04-28,11.34,11.7,11.34,11.42,11.34,0.08,0.71,3843325.0,28232658.9,1.568,0.008177,0.022397,1.13,,,2.1689,1.7059,1.4972,0.006868,0.006868,470000000.0,470000000.0,171600000.0,3421600000.0,3421600000.0,新型电力,公用事业,电力,风力发电,7.95,6.51,
2011-04-29,11.4,11.73,11.21,11.67,11.42,0.25,2.19,3140077.0,23118300.7,1.568,0.006681,0.018299,0.97,,,2.2166,1.7434,1.5301,0.00672,0.00672,470000000.0,470000000.0,171600000.0,3496800000.0,3496800000.0,新型电力,公用事业,电力,风力发电,8.01,6.55,
2011-05-03,11.71,12.01,11.56,11.92,11.67,0.25,2.14,4087593.0,30923202.1,1.568,0.008697,0.02382,1.29,,,2.2643,1.7809,1.563,0.006579,0.006579,470000000.0,470000000.0,171600000.0,3572000000.0,3572000000.0,新型电力,公用事业,电力,风力发电,8.18,6.7,
2011-05-04,11.87,12.18,11.63,11.67,11.92,-0.25,-2.1,5004276.0,37938060.5,1.568,0.010647,0.029162,1.6,,,2.2166,1.7434,1.5301,0.00672,0.00672,470000000.0,470000000.0,171600000.0,3496800000.0,3496800000.0,新型电力,公用事业,电力,风力发电,8.36,6.84,
2011-05-05,11.52,11.76,11.45,11.59,11.67,-0.08,-0.69,2305550.0,17039545.4,1.568,0.004905,0.0134359999999999,0.62,,,2.2017,1.7317,1.5198,0.0067659999999999,0.0067659999999999,470000000.0,470000000.0,171600000.0,3473300000.0,3473300000.0,新型电力,公用事业,电力,风力发电,8.18,6.7,
2011-05-06,11.45,12.1,11.34,11.98,11.59,0.3900000000000005,3.36,4601858.0,34919392.3,1.568,0.009791,0.026817,1.25,,,2.2762,1.7902,1.5712,0.006545,0.006545,470000000.0,470000000.0,171600000.0,3590800000.0,3590800000.0,新型电力,公用事业,电力,风力发电,8.13,6.65,
2011-05-09,11.93,12.17,11.81,12.14,11.98,0.1600000000000001,1.34,5206779.0,39934340.6,1.568,0.011078,0.030343,1.36,,,2.306,1.8137,1.5918,0.00646,0.00646,470000000.0,470000000.0,171600000.0,3637800000.0,3637800000.0,新型电力,公用事业,电力,风力发电,8.4,6.88,
2011-05-10,12.14,12.65,11.98,12.37,12.14,0.2299999999999986,1.89,11644337.0,92233133.5,1.568,0.024775,0.067857,2.75,,,2.3507,1.8488,1.6227,0.006337,0.006337,470000000.0,470000000.0,171600000.0,3708300000.0,3708300000.0,新型电力,公用事业,电力,风力发电,8.51,6.97,
2011-05-11,12.36,12.7,12.31,12.32,12.37,-0.0499999999999989,-0.4,7322673.0,58222256.7,1.568,0.01558,0.0426729999999999,1.27,,,2.3417,1.8418,1.6165,0.006361,0.006361,470000000.0,470000000.0,171600000.0,3694200000.0,3694200000.0,新型电力,公用事业,电力,风力发电,8.68,7.1,
2011-05-12,12.48,13.56,12.36,13.56,12.32,1.2400000000000002,10.06,22568896.0,193246040.6,1.568,0.048019,0.13152,3.63,,,2.5771,2.0269,1.779,0.0057799999999999,0.0057799999999999,470000000.0,470000000.0,171600000.0,4065500000.0,4065500000.0,新型电力,公用事业,电力,风力发电,8.65,7.07,
2011-05-13,13.74,14.71,13.72,14.35,13.56,0.7899999999999991,5.83,50973739.0,460010733.2,1.568,0.108455,0.29705,4.96,,,2.7261,2.1441,1.8818,0.005464,0.005464,470000000.0,470000000.0,171600000.0,4300500000.0,4300500000.0,新型电力,公用事业,电力,风力发电,9.52,7.79,
2011-05-16,14.14,15.04,13.89,14.9,14.35,0.5500000000000007,3.83,39853616.0,368250418.7,1.568,0.084795,0.2322469999999999,2.04,,,2.8303,2.2261,1.9538,0.005263,0.005263,470000000.0,470000000.0,171600000.0,4465000000.0,4465000000.0,新型电力,公用事业,电力,风力发电,10.07,8.24,
2011-05-17,14.14,14.5,13.59,13.77,14.9,-1.1300000000000008,-7.58,30088831.0,270388430.70000005,1.568,0.064019,0.175343,1.14,,,2.6158,2.0574,1.8057,0.005695,0.005695,470000000.0,470000000.0,171600000.0,4126600000.0,4126600000.0,新型电力,公用事业,电力,风力发电,10.45,8.55,
2011-05-18,13.56,13.92,13.34,13.77,13.77,0.0,0.0,17933259.0,156645224.79999998,1.568,0.0381559999999999,0.104506,0.59,,,2.6158,2.0574,1.8057,0.005695,0.005695,470000000.0,470000000.0,171600000.0,4126600000.0,4126600000.0,新型电力,公用事业,电力,风力发电,9.66,7.9,
2011-05-19,13.77,14.54,13.56,14.11,13.77,0.3399999999999998,2.47,21338399.0,191844665.6,1.568,0.045401,0.12435,0.66,,,2.6814,2.1089,1.8509,0.005556,0.005556,470000000.0,470000000.0,171600000.0,4230000000.0,4230000000.0,新型电力,公用事业,电力,风力发电,9.66,7.9,
2011-05-20,13.92,14.58,13.55,14.3,14.11,0.1900000000000012,1.35,21602418.0,194550686.0,1.568,0.045963,0.125888,0.67,,,2.7171,2.137,1.8756,0.005482,0.005482,470000000.0,470000000.0,171600000.0,4286400000.0,4286400000.0,新型电力,公用事业,电力,风力发电,9.9,8.1,
2011-05-23,14.21,14.49,12.89,13.05,14.3,-1.25,-8.74,18307237.0,159380892.0,1.568,0.038952,0.106686,0.7,,,2.4788,1.9496,1.7111,0.00601,0.00601,470000000.0,470000000.0,171600000.0,3910400000.0,3910400000.0,新型电力,公用事业,电力,风力发电,10.03,8.21,
2011-05-24,12.81,13.45,12.59,13.16,13.05,0.1099999999999994,0.84,11926110.0,99497869.8,1.568,0.025375,0.069499,0.55,,,2.4996,1.966,1.7255,0.005959,0.005959,470000000.0,470000000.0,171600000.0,3943300000.0,3943300000.0,新型电力,公用事业,电力,风力发电,9.15,7.49,
2011-05-25,13.14,13.58,12.62,13.45,13.16,0.2899999999999991,2.2,15323645.000000002,128184697.0,1.568,0.032604,0.089299,0.84,,,2.5562,2.0105,1.7646,0.005828,,470000000.0,470000000.0,171600000.0,4032600000.0,4032600000.0,新型电力,公用事业,电力,风力发电,9.23,7.55,
2011-05-26,13.44,13.7,12.87,12.98,13.45,-0.4699999999999988,-3.49,14733018.0,125507200.7,1.568,0.031347,0.0858569999999999,0.83,,,2.4669,1.9402,1.7029,0.006039,,470000000.0,470000000.0,171600000.0,3891600000.0,3891600000.0,新型电力,公用事业,电力,风力发电,9.44,7.72,
2011-05-27,12.73,12.9,11.68,11.68,12.98,-1.3000000000000007,-10.02,16144491.0,122797807.9,1.568,0.03435,0.094082,0.99,,,2.2196,1.7457,1.5322,0.006711,,470000000.0,470000000.0,171600000.0,3501500000.0,3501500000.0,新型电力,公用事业,电力,风力发电,9.11,7.45,
2011-05-30,11.29,11.54,10.58,10.73,11.68,-0.9499999999999992,-8.13,9729299.0,68551310.89999999,1.568,0.020701,0.056698,0.64,,,2.0378,1.6028,1.4067,0.00731,,470000000.0,470000000.0,171600000.0,3214800000.0,3214800000.0,新型电力,公用事业,电力,风力发电,8.2,6.71,
2011-05-31,10.79,11.2,10.71,11.18,10.73,0.4499999999999993,4.19,9453412.0,66235302.4,1.568,0.020114,0.05509,0.7,,,2.1242,1.6707,1.4664,0.007013,,470000000.0,470000000.0,171600000.0,3351100000.0,3351100000.0,新型电力,公用事业,电力,风力发电,7.52,6.16,
2011-06-01,11.18,12.29,10.99,12.29,11.18,1.1099999999999994,9.93,20134277.0,153331453.6,1.568,0.042839,0.1173329999999999,1.54,,,2.3358,1.8371,1.6124,0.006378,,470000000.0,470000000.0,171600000.0,3684800000.0,3684800000.0,新型电力,公用事业,电力,风力发电,7.84,6.42,
2011-06-02,12.54,13.06,12.31,12.65,12.29,0.3600000000000012,2.93,28882413.0,233815894.8,1.568,0.061452,0.168312,2.06,,,2.4043,1.891,1.6597,0.006196,,470000000.0,470000000.0,171600000.0,3792900000.0,3792900000.0,新型电力,公用事业,电力,风力发电,8.62,7.06,
2011-06-03,12.56,12.94,12.39,12.69,12.65,0.0399999999999991,0.32,14803816.0,119436760.2,1.568,0.031497,0.0862689999999999,0.88,,,2.4103,1.8957,1.6638,0.00618,,470000000.0,470000000.0,171600000.0,3802300000.0,3802300000.0,新型电力,公用事业,电力,风力发电,8.88,7.26,
2011-06-07,12.7,13.25,12.48,13.0,12.69,0.3100000000000005,2.44,15832553.0,129619447.0,1.568,0.033686,0.092264,0.95,,,2.4698,1.9425,1.7049,0.006031,,470000000.0,470000000.0,171600000.0,3896300000.0,3896300000.0,新型电力,公用事业,电力,风力发电,8.9,7.28,
2011-06-08,12.84,13.23,12.48,12.98,13.0,-0.0199999999999995,-0.15,15926742.000000002,130570199.4,1.568,0.033887,0.0928129999999999,0.89,,,2.4669,1.9402,1.7029,0.006039,,470000000.0,470000000.0,171600000.0,3891600000.0,3891600000.0,新型电力,公用事业,电力,风力发电,9.12,7.46,
2011-06-09,12.72,13.44,12.72,12.72,12.98,-0.2599999999999998,-2.0,15716110.0,131250532.6,1.568,0.033439,0.091586,0.82,,,2.4162,1.9004,1.6679,0.006165,,470000000.0,470000000.0,171600000.0,3811700000.0,3811700000.0,新型电力,公用事业,电力,风力发电,9.11,7.45,
2011-06-10,12.59,12.81,11.89,12.31,12.72,-0.4100000000000001,-3.22,12771401.0,100262052.9,1.568,0.027173,0.074425,0.7,,,2.3388,1.8394,1.6144,0.006369,,470000000.0,470000000.0,171600000.0,3689500000.0,3689500000.0,新型电力,公用事业,电力,风力发电,8.92,7.3,
2011-06-13,12.04,12.62,12.01,12.61,12.31,0.2999999999999989,2.44,9281369.0,73374566.1,1.568,0.019748,0.0540869999999999,0.62,,,2.3954,1.884,1.6535,0.006219,,470000000.0,470000000.0,171600000.0,3778800000.0,3778800000.0,新型电力,公用事业,电力,风力发电,8.64,7.07,
2011-06-14,12.54,12.97,12.45,12.86,12.61,0.25,1.98,10745612.0,87543448.9,1.568,0.022863,0.06262,0.77,,,2.443,1.9215,1.6864,0.006098,,470000000.0,470000000.0,171600000.0,3854000000.0,3854000000.0,新型电力,公用事业,电力,风力发电,8.84,7.24,
2011-06-15,12.86,13.7,12.7,13.2,12.86,0.3399999999999998,2.64,21026780.0,178285256.9,1.568,0.044738,0.1225339999999999,1.63,,,2.5086,1.973,1.7317,0.005938,,470000000.0,470000000.0,171600000.0,3957400000.0,3957400000.0,新型电力,公用事业,电力,风力发电,9.02,7.38,
2011-06-16,12.94,13.48,12.81,12.97,13.2,-0.2299999999999986,-1.74,13338241.0,111363461.4,1.568,0.0283789999999999,0.0777289999999999,0.96,,,2.4639,1.9379,1.7008,0.006046,,470000000.0,470000000.0,171600000.0,3886900000.0,3886900000.0,新型电力,公用事业,电力,风力发电,9.26,7.58,
2011-06-17,12.83,12.86,12.0,12.0,12.97,-0.9700000000000006,-7.48,11833152.0,93647409.8,1.568,0.025177,0.068958,0.88,,,2.2792,1.7926,1.5733,0.0065359999999999,,470000000.0,470000000.0,171600000.0,3595500000.0,3595500000.0,新型电力,公用事业,电力,风力发电,9.1,7.44,
2011-06-20,11.85,11.85,11.04,11.54,12.0,-0.4600000000000008,-3.83,9126164.0,66625776.400000006,1.568,0.019417,0.053183,0.69,,,2.1928,1.7246,1.5137,0.006793,,470000000.0,470000000.0,171600000.0,3459200000.0,3459200000.0,新型电力,公用事业,电力,风力发电,8.42,6.89,
2011-06-21,11.54,11.96,11.42,11.92,11.54,0.3800000000000008,3.29,7471637.0,55744627.0,1.568,0.0158969999999999,0.0435409999999999,0.57,,,2.2643,1.7809,1.563,0.006579,,470000000.0,470000000.0,171600000.0,3572000000.0,3572000000.0,新型电力,公用事业,电力,风力发电,8.1,6.62,
2011-06-22,11.92,12.34,11.73,11.92,11.92,0.0,0.0,8075210.000000001,62120579.1,1.568,0.017181,0.047058,0.64,,,2.2643,1.7809,1.563,0.006579,,470000000.0,470000000.0,171600000.0,3572000000.0,3572000000.0,新型电力,公用事业,电力,风力发电,8.36,6.84,
2011-06-23,11.68,12.07,11.52,11.85,11.92,-0.0700000000000002,-0.59,8148910.000000001,61245194.4,1.568,0.017338,0.047488,0.82,,,2.2524,1.7715,1.5548,0.006614,,470000000.0,470000000.0,171600000.0,3553200000.0,3553200000.0,新型电力,公用事业,电力,风力发电,8.36,6.84,
2011-06-27,12.14,12.51,12.1,12.45,11.85,0.5999999999999996,5.06,13969035.999999998,109496310.7,1.568,0.029721,0.0814049999999999,1.56,,,2.3656,1.8605,1.6329,0.006297,,470000000.0,470000000.0,171600000.0,3731800000.0,3731800000.0,新型电力,公用事业,电力,风力发电,8.32,6.8,
2011-06-28,12.48,12.65,12.31,12.58,12.45,0.1300000000000007,1.04,10046521.0,80146510.5,1.568,0.021376,0.0585459999999999,1.07,,,2.3894,1.8793,1.6494,0.006234,,470000000.0,470000000.0,171600000.0,3769400000.0,3769400000.0,新型电力,公用事业,电力,风力发电,8.73,7.15,
2011-06-29,12.59,13.09,12.31,12.56,12.58,-0.0199999999999995,-0.16,13926028.0,113063847.2,1.568,0.02963,0.0811539999999999,1.46,,,2.3864,1.8769,1.6473,0.006242,,470000000.0,470000000.0,171600000.0,3764700000.0,3764700000.0,新型电力,公用事业,电力,风力发电,8.82,7.22,
2011-06-30,12.39,12.94,12.39,12.67,12.56,0.1099999999999994,0.88,10505804.0,85085181.7,1.568,0.022353,0.061223,0.97,,,2.4073,1.8933,1.6617,0.006188,,470000000.0,470000000.0,171600000.0,3797600000.0,3797600000.0,新型电力,公用事业,电力,风力发电,8.81,7.21,
2011-07-01,12.7,12.9,12.54,12.83,12.67,0.1600000000000001,1.26,11384907.0,92744272.5,1.568,0.0242229999999999,0.066346,1.01,,,2.4371,1.9168,1.6823,0.0061119999999999,,470000000.0,470000000.0,171600000.0,3844600000.0,3844600000.0,新型电力,公用事业,电力,风力发电,8.89,7.27,
2011-07-04,13.01,13.09,12.78,12.98,12.83,0.1500000000000003,1.17,13486678.0,111313857.5,1.568,0.028695,0.078594,1.13,,,2.4669,1.9402,1.7029,0.006039,,470000000.0,470000000.0,171600000.0,3891600000.0,3891600000.0,新型电力,公用事业,电力,风力发电,9.0,7.36,
2011-07-05,12.87,13.2,12.78,13.03,12.98,0.0499999999999989,0.39,12286177.0,101879523.0,1.568,0.026141,0.071598,1.04,,,2.4758,1.9472,1.709,0.006017,,470000000.0,470000000.0,171600000.0,3905700000.0,3905700000.0,新型电力,公用事业,电力,风力发电,9.11,7.45,
2011-07-06,12.94,13.0,12.67,12.84,13.03,-0.1899999999999995,-1.46,9286379.0,75712091.7,1.568,0.019758,0.054116,0.75,,,2.4401,1.9191,1.6844,0.006105,,470000000.0,470000000.0,171600000.0,3849300000.0,3849300000.0,新型电力,公用事业,电力,风力发电,9.14,7.48,
2011-07-07,12.83,12.98,12.67,12.72,12.84,-0.1199999999999992,-0.93,9622534.0,78578788.4,1.568,0.0204729999999999,0.056075,0.84,,,2.4162,1.9004,1.6679,0.006165,,470000000.0,470000000.0,171600000.0,3811700000.0,3811700000.0,新型电力,公用事业,电力,风力发电,9.01,7.37,
2011-07-08,12.59,13.33,12.59,13.16,12.72,0.4399999999999995,3.46,18481397.0,154356874.60000002,1.568,0.0393219999999999,0.1076999999999999,1.65,,,2.4996,1.966,1.7255,0.005959,,470000000.0,470000000.0,171600000.0,3943300000.0,3943300000.0,新型电力,公用事业,电力,风力发电,8.92,7.3,
2011-07-11,13.06,13.39,13.01,13.33,13.16,0.1699999999999999,1.29,14565626.999999998,123098686.0,1.568,0.030991,0.084881,1.15,,,2.5324,1.9918,1.7481,0.0058819999999999,,470000000.0,470000000.0,171600000.0,3995000000.0,3995000000.0,新型电力,公用事业,电力,风力发电,9.23,7.55,
2011-07-12,13.25,13.25,12.9,12.95,13.33,-0.3800000000000008,-2.85,9802608.0,81476764.7,1.568,0.020857,0.057125,0.76,,,2.4609,1.9355,1.6988,0.0060529999999999,,470000000.0,470000000.0,171600000.0,3882200000.0,3882200000.0,新型电力,公用事业,电力,风力发电,9.35,7.65,
2011-07-13,12.87,13.25,12.87,13.22,12.95,0.2700000000000013,2.08,9440000.0,78787954.5,1.568,0.020085,0.055012,0.76,,,2.5116,1.9753,1.7337,0.005931,,470000000.0,470000000.0,171600000.0,3962100000.0,3962100000.0,新型电力,公用事业,电力,风力发电,9.09,7.43,
2011-07-14,12.72,12.9,12.36,12.5,13.22,-0.7200000000000006,-5.45,24778382.0,199728191.0,1.568,0.05272,0.144396,2.0,,,2.3745,1.8676,1.6391,0.0062739999999999,,470000000.0,470000000.0,171600000.0,3745900000.0,3745900000.0,新型电力,公用事业,电力,风力发电,9.27,7.59,
2011-07-15,12.37,12.37,12.09,12.28,12.5,-0.2200000000000006,-1.76,11810102.0,91879133.0,1.568,0.0251279999999999,0.068823,0.77,,,2.3328,1.8348,1.6103,0.0063859999999999,,470000000.0,470000000.0,171600000.0,3680100000.0,3680100000.0,新型电力,公用事业,电力,风力发电,8.77,7.17,
2011-07-18,12.2,12.43,12.2,12.32,12.28,0.0400000000000009,0.33,7235424.000000001,56777245.1,1.568,0.015395,0.042164,0.51,,,2.3417,1.8418,1.6165,0.006361,,470000000.0,470000000.0,171600000.0,3694200000.0,3694200000.0,新型电力,公用事业,电力,风力发电,8.61,7.05,
2011-07-19,12.23,12.32,12.09,12.29,12.32,-0.0300000000000011,-0.24,5316667.0,41346987.5,1.568,0.011312,0.030983,0.42,,,2.3358,1.8371,1.6124,0.006378,,470000000.0,470000000.0,171600000.0,3684800000.0,3684800000.0,新型电力,公用事业,电力,风力发电,8.65,7.07,
2011-07-20,12.36,12.58,12.29,12.53,12.29,0.2400000000000002,1.95,8317264.0,66125511.6,1.568,0.017696,0.048469,0.71,,,2.3805,1.8722,1.6432,0.006258,,470000000.0,470000000.0,171600000.0,3755300000.0,3755300000.0,新型电力,公用事业,电力,风力发电,8.62,7.06,
2011-07-21,12.54,12.61,12.07,12.07,12.53,-0.4599999999999991,-3.67,5997183.0,46924853.1,1.568,0.01276,0.034949,0.52,,,2.2941,1.8043,1.5836,0.006494,,470000000.0,470000000.0,171600000.0,3619000000.0,3619000000.0,新型电力,公用事业,电力,风力发电,8.79,7.19,
2011-07-22,12.06,12.2,11.96,12.04,12.07,-0.0300000000000011,-0.25,3940571.0,30349964.2,1.568,0.008384,0.022964,0.51,,,2.2881,1.7996,1.5795,0.00651,,470000000.0,470000000.0,171600000.0,3609600000.0,3609600000.0,新型电力,公用事业,电力,风力发电,8.47,6.93,
2011-07-25,12.06,12.2,11.34,11.42,12.04,-0.6199999999999992,-5.15,5469351.0,41135807.4,1.568,0.011637,0.031873,0.89,,,2.1689,1.7059,1.4972,0.006868,,470000000.0,470000000.0,171600000.0,3421600000.0,3421600000.0,新型电力,公用事业,电力,风力发电,8.45,6.91,
2011-07-26,11.4,11.78,11.24,11.49,11.42,0.0700000000000002,0.61,3121972.0,22793870.8,1.568,0.006642,0.018193,0.54,,,2.1838,1.7176,1.5075,0.006821,,470000000.0,470000000.0,171600000.0,3445100000.0,3445100000.0,新型电力,公用事业,电力,风力发电,8.01,6.55,
2011-07-27,11.48,11.73,11.34,11.67,11.49,0.1799999999999997,1.57,3709754.0,27418370.5,1.568,0.007893,0.021619,0.69,,,2.2166,1.7434,1.5301,0.00672,,470000000.0,470000000.0,171600000.0,3496800000.0,3496800000.0,新型电力,公用事业,电力,风力发电,8.06,6.6,
2011-07-28,11.49,11.57,11.26,11.43,11.67,-0.2400000000000002,-2.06,4141756.0,30123817.7,1.568,0.008812,0.024136,0.93,,,2.1719,1.7082,1.4993,0.006859,,470000000.0,470000000.0,171600000.0,3426300000.0,3426300000.0,新型电力,公用事业,电力,风力发电,8.18,6.7,
2011-07-29,11.52,11.54,11.31,11.46,11.43,0.0300000000000011,0.26,3044839.0,22207197.5,1.568,0.006478,0.017744,0.75,,,2.1779,1.7129,1.5034,0.00684,,470000000.0,470000000.0,171600000.0,3435700000.0,3435700000.0,新型电力,公用事业,电力,风力发电,8.02,6.56,
2011-08-01,11.46,11.56,11.32,11.49,11.46,0.0299999999999993,0.26,2689014.0,19647319.4,1.568,0.005721,0.01567,0.69,,,2.1838,1.7176,1.5075,0.006821,,470000000.0,470000000.0,171600000.0,3445100000.0,3445100000.0,新型电力,公用事业,电力,风力发电,8.04,6.58,
2011-08-02,11.37,11.42,11.02,11.18,11.49,-0.3100000000000005,-2.7,4065862.000000001,28916172.2,1.568,0.0086509999999999,0.023694,1.22,,,2.1242,1.6707,1.4664,0.007013,,470000000.0,470000000.0,171600000.0,3351100000.0,3351100000.0,新型电力,公用事业,电力,风力发电,8.06,6.6,
2011-08-03,11.09,11.24,11.01,11.13,11.18,-0.0499999999999989,-0.45,2983231.0,21180876.7,1.568,0.006347,0.0173849999999999,0.85,,,2.1153,1.6637,1.4602,0.007042,,470000000.0,470000000.0,171600000.0,3337000000.0,3337000000.0,新型电力,公用事业,电力,风力发电,7.84,6.42,
2011-08-04,11.15,11.35,11.15,11.23,11.13,0.0999999999999996,0.9,2301480.0,16518718.099999998,1.568,0.004897,0.013412,0.68,,,2.1332,1.6778,1.4725,0.006983,,470000000.0,470000000.0,171600000.0,3365200000.0,3365200000.0,新型电力,公用事业,电力,风力发电,7.81,6.39,
2011-08-05,10.96,10.96,10.6,10.68,11.23,-0.5500000000000007,-4.9,4524466.0,31092153.9,1.568,0.009627,0.026366,1.5,,,2.0289,1.5957,1.4006,0.007342,,470000000.0,470000000.0,171600000.0,3200700000.0,3200700000.0,新型电力,公用事业,电力,风力发电,7.88,6.44,
2011-08-08,10.58,10.58,9.63,9.78,10.68,-0.9000000000000004,-8.43,6372916.0,40682116.7,1.568,0.013559,0.037138,1.92,,,1.8591,1.4622,1.2833,0.008013,,470000000.0,470000000.0,171600000.0,2932800000.0,2932800000.0,新型电力,公用事业,电力,风力发电,7.49,6.13,
2011-08-09,9.49,9.74,9.03,9.6,9.78,-0.1799999999999997,-1.84,5446752.0,32586762.9,1.568,0.011589,0.031741,1.35,,,1.8233,1.4341,1.2586,0.00817,,470000000.0,470000000.0,171600000.0,2876400000.0,2876400000.0,新型电力,公用事业,电力,风力发电,6.86,5.62,
2011-08-10,9.74,9.89,9.61,9.69,9.6,0.0899999999999998,0.94,3892738.0,24239476.2,1.568,0.008282,0.022685,0.9,,,1.8412,1.4481,1.271,0.008091,,470000000.0,470000000.0,171600000.0,2904600000.0,2904600000.0,新型电力,公用事业,电力,风力发电,6.73,5.51,
2011-08-11,9.49,9.83,9.31,9.82,9.69,0.1300000000000007,1.34,3246928.0,19990780.1,1.568,0.006908,0.018921,0.72,,,1.865,1.4669,1.2874,0.007987,,470000000.0,470000000.0,171600000.0,2942200000.0,2942200000.0,新型电力,公用事业,电力,风力发电,6.8,5.56,
2011-08-12,9.91,10.16,9.82,9.99,9.82,0.1699999999999999,1.73,4325004.0,27624760.9,1.568,0.009202,0.025204,0.92,,,1.8978,1.4926,1.3101,0.007849,,470000000.0,470000000.0,171600000.0,2993900000.0,2993900000.0,新型电力,公用事业,电力,风力发电,6.89,5.63,
2011-08-15,10.02,10.27,10.02,10.22,9.99,0.2300000000000004,2.3,4672678.0,30274850.1,1.568,0.009942,0.0272299999999999,1.0,,,1.9425,1.5278,1.3409,0.007669,,470000000.0,470000000.0,171600000.0,3064400000.0,3064400000.0,新型电力,公用事业,电力,风力发电,7.01,5.73,
2011-08-16,10.11,10.4,10.04,10.16,10.22,-0.0600000000000005,-0.59,3904214.0,25402864.3,1.568,0.008307,0.0227519999999999,0.9,,,1.9306,1.5184,1.3327,0.007716,,470000000.0,470000000.0,171600000.0,3045600000.0,3045600000.0,新型电力,公用事业,电力,风力发电,7.17,5.87,
2011-08-17,10.05,10.16,9.82,9.94,10.16,-0.2200000000000006,-2.17,4327886.0,27520511.4,1.568,0.009208,0.025221,1.08,,,1.9644,1.4856,1.3205,0.0078859999999999,,470000000.0,470000000.0,171600000.0,2979800000.0,2979800000.0,新型电力,公用事业,电力,风力发电,7.13,5.83,
2011-08-18,9.72,10.3,9.72,10.25,9.94,0.3100000000000005,3.12,8418994.0,54108608.9,1.568,0.017913,0.049062,2.06,,,2.0263,1.5325,1.3622,0.007645,,470000000.0,470000000.0,171600000.0,3073800000.0,3073800000.0,新型电力,公用事业,电力,风力发电,6.97,5.71,
2011-08-19,10.19,10.3,9.96,10.18,10.25,-0.0700000000000002,-0.68,4889065.0,31596514.8,1.568,0.010402,0.028491,0.95,,,2.0109,1.5208,1.3517,0.007704,,470000000.0,470000000.0,171600000.0,3050300000.0,3050300000.0,新型电力,公用事业,电力,风力发电,7.19,5.89,
2011-08-22,10.16,10.3,10.0,10.07,10.18,-0.1099999999999994,-1.08,6342548.0,41156224.1,1.568,0.013495,0.036961,1.21,,,1.9892,1.5044,1.3372,0.007788,,470000000.0,470000000.0,171600000.0,3017400000.0,3017400000.0,新型电力,公用事业,电力,风力发电,7.14,5.84,
2011-08-23,10.07,10.11,9.86,10.07,10.07,0.0,0.0,4213158.0,26783128.2,1.568,0.008964,0.024552,0.76,,,1.9892,1.5044,1.3372,0.007788,,470000000.0,470000000.0,171600000.0,3017400000.0,3017400000.0,新型电力,公用事业,电力,风力发电,7.06,5.78,
2011-08-24,10.07,10.13,9.88,9.88,10.07,-0.1899999999999995,-1.89,3292248.0000000005,21035319.5,1.568,0.007005,0.019186,0.58,,,1.952,1.4762,1.3122,0.007937,,470000000.0,470000000.0,171600000.0,2961000000.0,2961000000.0,新型电力,公用事业,电力,风力发电,7.06,5.78,
2011-08-25,9.93,10.22,9.82,10.16,9.88,0.2799999999999993,2.83,4364222.0,27999126.6,1.568,0.0092859999999999,0.0254329999999999,0.8,,,2.0078,1.5184,1.3497,0.007716,,470000000.0,470000000.0,171600000.0,3045600000.0,3045600000.0,新型电力,公用事业,电力,风力发电,6.93,5.67,
2011-08-26,10.22,11.18,10.19,11.18,10.16,1.0199999999999996,10.04,22638883.0,158774445.2,1.568,0.0481679999999999,0.131928,4.9,,,2.2092,1.6707,1.485,0.007013,,470000000.0,470000000.0,171600000.0,3351100000.0,3351100000.0,新型电力,公用事业,电力,风力发电,7.13,5.83,
2011-08-30,10.76,11.21,10.66,10.83,11.18,-0.3499999999999996,-3.13,21407316.0,148794702.5,1.568,0.045547,0.124751,2.62,,,2.141,1.6192,1.4392,0.007236,,470000000.0,470000000.0,171600000.0,3247700000.0,3247700000.0,新型电力,公用事业,电力,风力发电,7.84,6.42,
2011-08-31,10.66,10.87,10.47,10.79,10.83,-0.0400000000000009,-0.37,10756544.0,73445403.39999999,1.568,0.022886,0.062684,0.96,,,2.1317,1.6121,1.433,0.007267,,470000000.0,470000000.0,171600000.0,3233600000.0,3233600000.0,新型电力,公用事业,电力,风力发电,7.6,6.22,
2011-09-01,10.66,10.9,10.4,10.43,10.79,-0.3599999999999994,-3.34,7901957.000000001,53430941.400000006,1.568,0.016813,0.046049,0.63,,,2.0604,1.5583,1.3851,0.007519,,470000000.0,470000000.0,171600000.0,3125500000.0,3125500000.0,新型电力,公用事业,电力,风力发电,7.57,6.19,
2011-09-02,10.38,10.38,9.91,10.13,10.43,-0.2999999999999989,-2.88,7218027.0,46525142.8,1.568,0.015358,0.0420629999999999,0.54,,,2.0016,1.5137,1.3455,0.00774,,470000000.0,470000000.0,171600000.0,3036200000.0,3036200000.0,新型电力,公用事业,电力,风力发电,7.32,5.99,
2011-09-05,9.93,10.4,9.93,10.19,10.13,0.0599999999999987,0.59,6345762.0,41281641.8,1.568,0.013502,0.03698,0.45,,,2.014,1.5231,1.3538,0.007692,,470000000.0,470000000.0,171600000.0,3055000000.0,3055000000.0,新型电力,公用事业,电力,风力发电,7.11,5.81,
2011-09-06,9.99,10.1,9.67,9.74,10.19,-0.4499999999999993,-4.42,4664948.0,29191851.9,1.568,0.009925,0.027185,0.43,,,1.9241,1.4551,1.2934,0.008052,,470000000.0,470000000.0,171600000.0,2918700000.0,2918700000.0,新型电力,公用事业,电力,风力发电,7.15,5.85,
2011-09-07,9.78,10.65,9.78,10.49,9.74,0.75,7.7,11545827.0,76070448.2,1.568,0.0245659999999999,0.067283,1.57,,,2.0728,1.5676,1.3934,0.007474,,470000000.0,470000000.0,171600000.0,3144300000.0,3144300000.0,新型电力,公用事业,电力,风力发电,6.83,5.59,
2011-09-08,10.41,10.96,10.35,10.55,10.49,0.0600000000000005,0.57,13044923.0,88692133.8,1.568,0.027755,0.076019,1.73,,,2.0852,1.577,1.4017,0.007429,,470000000.0,470000000.0,171600000.0,3163100000.0,3163100000.0,新型电力,公用事业,电力,风力发电,7.36,6.02,
2011-09-09,10.41,10.69,10.33,10.46,10.55,-0.0899999999999998,-0.85,6026168.0,40438412.5,1.568,0.012822,0.035118,0.7,,,2.0666,1.5629,1.3892,0.007496,,470000000.0,470000000.0,171600000.0,3134900000.0,3134900000.0,新型电力,公用事业,电力,风力发电,7.4,6.06,
2011-09-13,10.24,10.33,9.96,10.1,10.46,-0.3600000000000012,-3.44,5857113.0,37864179.3,1.568,0.0124619999999999,0.0341319999999999,0.7,,,1.9954,1.509,1.3413,0.007764,,470000000.0,470000000.0,171600000.0,3026800000.0,3026800000.0,新型电力,公用事业,电力,风力发电,7.34,6.0,
2011-09-14,10.16,10.65,10.02,10.65,10.1,0.5500000000000007,5.45,5879473.0,38638938.7,1.568,0.0125099999999999,0.034263,0.71,,,2.1038,1.5911,1.4142,0.007364,,470000000.0,470000000.0,171600000.0,3191300000.0,3191300000.0,新型电力,公用事业,电力,风力发电,7.08,5.8,
2011-09-15,10.65,10.94,10.54,10.6,10.65,-0.0500000000000007,-0.47,8220292.0,56392891.0,1.568,0.01749,0.047904,0.97,,,2.0945,1.584,1.408,0.007396,,470000000.0,470000000.0,171600000.0,3177200000.0,3177200000.0,新型电力,公用事业,电力,风力发电,7.47,6.11,
2011-09-16,10.66,11.01,10.62,10.82,10.6,0.2200000000000006,2.08,8765377.0,60722489.0,1.568,0.01865,0.0510799999999999,1.12,,,2.1379,1.6168,1.4371,0.007246,,470000000.0,470000000.0,171600000.0,3243000000.0,3243000000.0,新型电力,公用事业,电力,风力发电,7.44,6.08,
2011-09-19,10.74,11.12,10.6,10.91,10.82,0.0899999999999998,0.83,8744812.0,60927140.7,1.568,0.018606,0.05096,1.26,,,2.1565,1.6309,1.4496,0.007184,,470000000.0,470000000.0,171600000.0,3271200000.0,3271200000.0,新型电力,公用事业,电力,风力发电,7.59,6.21,
2011-09-20,10.93,11.12,10.57,11.12,10.91,0.209999999999999,1.92,9275849.0,64454322.1,1.568,0.019736,0.054055,1.24,,,2.1968,1.6614,1.4767,0.007052,,470000000.0,470000000.0,171600000.0,3332300000.0,3332300000.0,新型电力,公用事业,电力,风力发电,7.66,6.26,
2011-09-21,10.99,11.29,10.8,11.26,11.12,0.1400000000000005,1.26,11777143.0,83148572.10000001,1.568,0.0250579999999999,0.068631,1.44,,,2.2246,1.6824,1.4955,0.006964,,470000000.0,470000000.0,171600000.0,3374600000.0,3374600000.0,新型电力,公用事业,电力,风力发电,7.8,6.38,
2011-09-22,11.13,11.71,10.87,10.93,11.26,-0.33,-2.93,14279616.0,103308585.4,1.568,0.030382,0.083215,1.53,,,2.1596,1.6332,1.4517,0.007174,,470000000.0,470000000.0,171600000.0,3275900000.0,3275900000.0,新型电力,公用事业,电力,风力发电,7.9,6.46,
2011-09-23,10.58,10.82,10.32,10.52,10.93,-0.4100000000000001,-3.75,8174017.999999999,54849238.6,1.568,0.017392,0.0476339999999999,0.77,,,2.079,1.5723,1.3976,0.0074519999999999,,470000000.0,470000000.0,171600000.0,3153700000.0,3153700000.0,新型电力,公用事业,电力,风力发电,7.67,6.27,
2011-09-26,10.4,10.63,10.07,10.13,10.52,-0.3899999999999988,-3.71,5133000.0,33784532.3,1.568,0.010921,0.029913,0.49,,,2.0016,1.5137,1.3455,0.00774,,470000000.0,470000000.0,171600000.0,3036200000.0,3036200000.0,新型电力,公用事业,电力,风力发电,7.38,6.04,
2011-09-27,10.32,10.36,10.07,10.24,10.13,0.1099999999999994,1.09,3425466.0000000005,22318849.7,1.568,0.007288,0.019962,0.35,,,2.0232,1.5301,1.3601,0.007657,,470000000.0,470000000.0,171600000.0,3069100000.0,3069100000.0,新型电力,公用事业,电力,风力发电,7.11,5.81,
2011-09-28,10.25,10.38,9.77,9.77,10.24,-0.4700000000000006,-4.59,4231685.0,27133892.8,1.568,0.009004,0.02466,0.49,,,1.9303,1.4598,1.2976,0.008026,,470000000.0,470000000.0,171600000.0,2928100000.0,2928100000.0,新型电力,公用事业,电力,风力发电,7.18,5.88,
2011-09-29,9.71,9.83,9.27,9.27,9.77,-0.5,-5.12,4152913.0,25279234.0,1.568,0.008836,0.024201,0.59,,,1.8311,1.3849,1.2309,0.00846,,470000000.0,470000000.0,171600000.0,2777700000.0,2777700000.0,新型电力,公用事业,电力,风力发电,6.85,5.61,
2011-09-30,9.28,9.42,8.91,9.27,9.27,0.0,0.0,3313412.0000000005,19436320.9,1.568,0.00705,0.019309,0.66,,,1.8311,1.3849,1.2309,0.00846,,470000000.0,470000000.0,171600000.0,2777700000.0,2777700000.0,新型电力,公用事业,电力,风力发电,6.5,5.32,
2011-10-10,9.31,9.35,9.16,9.24,9.27,-0.0299999999999993,-0.32,1746691.0,10308971.7,1.568,0.0037159999999999,0.010179,0.43,,,1.825,1.3802,1.2268,0.008489,,470000000.0,470000000.0,171600000.0,2768300000.0,2768300000.0,新型电力,公用事业,电力,风力发电,6.5,5.32,
2011-10-11,9.41,9.6,9.22,9.41,9.24,0.1699999999999999,1.84,3419383.0,20633881.0,1.568,0.007275,0.019926,1.01,,,1.859,1.4059,1.2497,0.008333,,470000000.0,470000000.0,171600000.0,2820000000.0,2820000000.0,新型电力,公用事业,电力,风力发电,6.48,5.3,
2011-10-12,9.35,9.8,9.24,9.75,9.41,0.3399999999999998,3.61,4299753.0,26378056.2,1.568,0.009148,0.025057,1.27,,,1.9272,1.4575,1.2955,0.008039,,470000000.0,470000000.0,171600000.0,2923400000.0,2923400000.0,新型电力,公用事业,电力,风力发电,6.6,5.4,
2011-10-13,9.72,9.82,9.61,9.72,9.75,-0.0299999999999993,-0.31,3999478.0,24788902.3,1.568,0.00851,0.023307,1.18,,,1.921,1.4528,1.2913,0.008065,,470000000.0,470000000.0,171600000.0,2914000000.0,2914000000.0,新型电力,公用事业,电力,风力发电,6.84,5.6,
2011-10-14,9.69,9.86,9.61,9.83,9.72,0.1099999999999994,1.13,2736705.0,17044918.5,1.568,0.005823,0.015948,0.82,,,1.9427,1.4692,1.3059,0.007974,,470000000.0,470000000.0,171600000.0,2946900000.0,2946900000.0,新型电力,公用事业,电力,风力发电,6.82,5.58,
2011-10-17,9.83,9.96,9.72,9.75,9.83,-0.08,-0.81,2439838.0,15265882.9,1.568,0.005191,0.014218,0.75,,,1.9272,1.4575,1.2955,0.008039,,470000000.0,470000000.0,171600000.0,2923400000.0,2923400000.0,新型电力,公用事业,电力,风力发电,6.9,5.64,
2011-10-18,9.61,9.71,9.08,9.13,9.75,-0.6199999999999992,-6.36,3697102.0,22107956.1,1.568,0.007866,0.021545,1.09,,,1.8033,1.3638,1.2122,0.008591,,470000000.0,470000000.0,171600000.0,2735400000.0,2735400000.0,新型电力,公用事业,电力,风力发电,6.84,5.6,
2011-10-19,9.19,9.31,8.98,9.09,9.13,-0.0400000000000009,-0.44,2603890.0,15173217.3,1.568,0.00554,0.015174,0.76,,,1.7971,1.3591,1.208,0.008621,,470000000.0,470000000.0,171600000.0,2726000000.0,2726000000.0,新型电力,公用事业,电力,风力发电,6.4,5.24,
2011-10-20,9.05,9.06,8.62,8.7,9.09,-0.3900000000000005,-4.29,3613538.0,20265661.0,1.568,0.007688,0.021058,1.17,,,1.7196,1.3005,1.156,0.009009,,470000000.0,470000000.0,171600000.0,2608500000.0,2608500000.0,新型电力,公用事业,电力,风力发电,6.38,5.22,
2011-10-21,8.73,8.75,8.47,8.51,8.7,-0.1899999999999995,-2.18,1775688.0,9732358.5,1.568,0.003778,0.010348,0.59,,,1.6824,1.2724,1.131,0.009208,,470000000.0,470000000.0,171600000.0,2552100000.0,2552100000.0,新型电力,公用事业,电力,风力发电,6.11,5.0,
2011-10-24,8.47,8.83,8.44,8.75,8.51,0.2400000000000002,2.82,2027670.0,11177261.3,1.568,0.004314,0.011816,0.72,,,1.7289,1.3075,1.1622,0.008961,,470000000.0,470000000.0,171600000.0,2622600000.0,2622600000.0,新型电力,公用事业,电力,风力发电,5.97,4.89,
2011-10-25,8.78,8.98,8.67,8.94,8.75,0.1899999999999995,2.17,2451904.0,13875526.6,1.568,0.005217,0.014288,0.89,,,1.7661,1.3356,1.1872,0.008772,,470000000.0,470000000.0,171600000.0,2679000000.0,2679000000.0,新型电力,公用事业,电力,风力发电,6.14,5.02,
2011-10-26,8.86,9.06,8.8,8.94,8.94,0.0,0.0,2549733.0,14580762.1,1.568,0.005425,0.014859,1.02,,,1.7923,1.3356,1.2428,0.008772,,470000000.0,470000000.0,171600000.0,2679000000.0,2679000000.0,新型电力,公用事业,电力,风力发电,6.27,5.13,
2011-10-27,8.89,9.02,8.87,8.98,8.94,0.0400000000000009,0.45,1985442.0,11337467.4,1.568,0.004224,0.01157,0.8,,,1.8017,1.3427,1.2493,0.008726,,470000000.0,470000000.0,171600000.0,2693100000.0,2693100000.0,新型电力,公用事业,电力,风力发电,6.27,5.13,
2011-10-28,9.09,9.17,8.98,9.09,8.98,0.1099999999999994,1.22,2388219.0,13813957.1,1.568,0.005081,0.0139169999999999,1.11,,,1.8237,1.3591,1.2646,0.008621,,470000000.0,470000000.0,171600000.0,2726000000.0,2726000000.0,新型电力,公用事业,电力,风力发电,6.3,5.16,
2011-10-31,9.09,9.11,8.94,9.05,9.09,-0.0399999999999991,-0.44,2277397.0,13093064.5,1.568,0.004846,0.0132719999999999,1.0,,,1.8143,1.352,1.2581,0.008666,,470000000.0,470000000.0,171600000.0,2711900000.0,2711900000.0,新型电力,公用事业,电力,风力发电,6.38,5.22,
2011-11-01,8.98,9.09,8.94,9.02,9.05,-0.0300000000000011,-0.33,2337106.0,13417145.7,1.568,0.004973,0.013619,1.0,,,1.808,1.3474,1.2537,0.008696,,470000000.0,470000000.0,171600000.0,2702500000.0,2702500000.0,新型电力,公用事业,电力,风力发电,6.35,5.19,
2011-11-02,8.84,9.06,8.67,9.06,9.02,0.0400000000000009,0.44,2975238.0,16855573.3,1.568,0.00633,0.017338,1.29,,,1.8175,1.3544,1.2602,0.0086509999999999,,470000000.0,470000000.0,171600000.0,2716600000.0,2716600000.0,新型电力,公用事业,电力,风力发电,6.33,5.18,
2011-11-03,9.06,9.28,9.05,9.13,9.06,0.0700000000000002,0.77,4570217.0,26731689.0,1.568,0.009724,0.026633,1.91,,,1.83,1.3638,1.269,0.008591,,470000000.0,470000000.0,171600000.0,2735400000.0,2735400000.0,新型电力,公用事业,电力,风力发电,6.36,5.2,
2011-11-04,9.14,9.28,9.13,9.28,9.13,0.1499999999999985,1.64,3377023.0000000005,19859151.8,1.568,0.007185,0.01968,1.16,,,1.8615,1.3872,1.2908,0.008446,,470000000.0,470000000.0,171600000.0,2782400000.0,2782400000.0,新型电力,公用事业,电力,风力发电,6.4,5.24,
2011-11-07,9.3,9.36,9.2,9.31,9.28,0.0300000000000011,0.32,2992203.0,17753728.9,1.568,0.006366,0.017437,0.96,,,1.8678,1.3919,1.2951,0.008418,,470000000.0,470000000.0,171600000.0,2791800000.0,2791800000.0,新型电力,公用事业,电力,风力发电,6.51,5.33,
2011-11-08,9.36,9.61,9.27,9.31,9.31,0.0,0.0,4962838.0,29813760.0,1.568,0.010559,0.028921,1.53,,,1.8678,1.3919,1.2951,0.008418,,470000000.0,470000000.0,171600000.0,2791800000.0,2791800000.0,新型电力,公用事业,电力,风力发电,6.53,5.35,
2011-11-09,9.28,9.38,9.09,9.31,9.31,0.0,0.0,3019526.0,17802480.7,1.568,0.0064249999999999,0.017596,0.8,,,1.8678,1.3919,1.2951,0.008418,,470000000.0,470000000.0,171600000.0,2791800000.0,2791800000.0,新型电力,公用事业,电力,风力发电,6.53,5.35,
2011-11-10,9.17,9.25,8.89,8.94,9.31,-0.370000000000001,-3.97,4720177.0,27223199.2,1.568,0.010043,0.027507,1.25,,,1.7923,1.3356,1.2428,0.008772,,470000000.0,470000000.0,171600000.0,2679000000.0,2679000000.0,新型电力,公用事业,电力,风力发电,6.53,5.35,
2011-11-11,8.95,8.98,8.81,8.89,8.94,-0.0499999999999989,-0.56,3002297.0,17034210.599999998,1.568,0.006388,0.017496,0.79,,,1.7829,1.3286,1.2363,0.008818,,470000000.0,470000000.0,171600000.0,2664900000.0,2664900000.0,新型电力,公用事业,电力,风力发电,6.27,5.13,
2011-11-14,8.94,9.3,8.94,9.27,8.89,0.379999999999999,4.27,3896196.0,22718316.5,1.568,0.0082899999999999,0.022705,1.04,,,1.8583,1.3849,1.2886,0.00846,,470000000.0,470000000.0,171600000.0,2777700000.0,2777700000.0,新型电力,公用事业,电力,风力发电,6.24,5.1,
2011-11-15,9.24,9.56,9.16,9.53,9.27,0.2599999999999998,2.8,5792138.0,34722291.4,1.568,0.012324,0.033754,1.48,,,1.9118,1.4247,1.3257,0.008224,,470000000.0,470000000.0,171600000.0,2857600000.0,2857600000.0,新型电力,公用事业,电力,风力发电,6.5,5.32,
2011-11-16,9.6,9.67,9.27,9.41,9.53,-0.1199999999999992,-1.26,6986341.0,41908437.0,1.568,0.014865,0.040713,1.71,,,1.8866,1.4059,1.3082,0.008333,,470000000.0,470000000.0,171600000.0,2820000000.0,2820000000.0,新型电力,公用事业,电力,风力发电,6.69,5.47,
2011-11-17,9.36,9.52,9.24,9.44,9.41,0.0299999999999993,0.32,5593643.0,33550315.6,1.568,0.011901,0.032597,1.15,,,1.8929,1.4106,1.3126,0.008306,,470000000.0,470000000.0,171600000.0,2829400000.0,2829400000.0,新型电力,公用事业,电力,风力发电,6.6,5.4,
2011-11-18,9.41,9.47,9.11,9.2,9.44,-0.2400000000000002,-2.54,5057342.0,29956884.7,1.568,0.01076,0.029472,1.0,,,1.8458,1.3755,1.2799,0.008518,,470000000.0,470000000.0,171600000.0,2758900000.0,2758900000.0,新型电力,公用事业,电力,风力发电,6.62,5.42,
2011-11-21,9.28,9.64,9.2,9.47,9.2,0.2700000000000013,2.93,6252509.0,37409777.0,1.568,0.013303,0.036437,1.14,,,1.8992,1.4153,1.3169,0.008278,,470000000.0,470000000.0,171600000.0,2838800000.0,2838800000.0,新型电力,公用事业,电力,风力发电,6.46,5.28,
2011-11-22,9.39,9.39,8.94,9.22,9.47,-0.25,-2.64,3476401.9999999995,20354371.9,1.568,0.007397,0.020259,0.59,,,1.8489,1.3778,1.282,0.008503,,470000000.0,470000000.0,171600000.0,2763600000.0,2763600000.0,新型电力,公用事业,电力,风力发电,6.64,5.44,
2011-11-23,9.19,9.25,8.97,9.03,9.22,-0.1900000000000012,-2.06,2255690.0,13104280.6,1.568,0.004799,0.013145,0.41,,,1.8112,1.3497,1.2559,0.008681,,470000000.0,470000000.0,171600000.0,2707200000.0,2707200000.0,新型电力,公用事业,电力,风力发电,6.47,5.29,
2011-11-24,8.97,9.0,8.75,8.83,9.03,-0.1999999999999993,-2.21,2301099.0,13005899.9,1.568,0.004896,0.01341,0.51,,,1.7703,1.3192,1.2275,0.008881,,470000000.0,470000000.0,171600000.0,2646100000.0,2646100000.0,新型电力,公用事业,电力,风力发电,6.34,5.18,
2011-11-25,8.83,8.98,8.61,8.78,8.83,-0.0500000000000007,-0.57,2783255.0,15560095.2,1.568,0.0059219999999999,0.0162189999999999,0.72,,,1.7609,1.3122,1.221,0.008929,,470000000.0,470000000.0,171600000.0,2632000000.0,2632000000.0,新型电力,公用事业,电力,风力发电,6.19,5.07,
2011-11-28,8.75,8.89,8.66,8.83,8.78,0.0500000000000007,0.57,2130373.0,11912736.6,1.568,0.004533,0.012415,0.62,,,1.7703,1.3192,1.2275,0.008881,,470000000.0,470000000.0,171600000.0,2646100000.0,2646100000.0,新型电力,公用事业,电力,风力发电,6.16,5.04,
2011-11-29,8.94,8.94,8.77,8.86,8.83,0.0299999999999993,0.34,2004877.0,11312495.1,1.568,0.004266,0.0116829999999999,0.77,,,1.7766,1.3239,1.2319,0.00885,,470000000.0,470000000.0,171600000.0,2655500000.0,2655500000.0,新型电力,公用事业,电力,风力发电,6.19,5.07,
2011-11-30,8.86,8.87,8.31,8.67,8.86,-0.1899999999999995,-2.14,3879274.0,21220409.4,1.568,0.008254,0.022606,1.69,,,1.7388,1.2958,1.2057,0.009042,,470000000.0,470000000.0,171600000.0,2599100000.0,2599100000.0,新型电力,公用事业,电力,风力发电,6.22,5.09,
2011-12-01,8.84,8.98,8.78,8.84,8.67,0.1699999999999999,1.96,3396494.9999999995,19257803.0,1.568,0.007227,0.019793,1.3,,,1.7734,1.3216,1.2297,0.008865,,470000000.0,470000000.0,171600000.0,2650800000.0,2650800000.0,新型电力,公用事业,电力,风力发电,6.08,4.98,
2011-12-02,8.78,8.81,8.51,8.64,8.84,-0.1999999999999993,-2.26,1939281.0,10670008.3,1.568,0.004126,0.011301,0.68,,,1.7326,1.2911,1.2014,0.009074,,470000000.0,470000000.0,171600000.0,2589700000.0,2589700000.0,新型电力,公用事业,电力,风力发电,6.2,5.08,
2011-12-05,8.56,8.69,8.44,8.45,8.64,-0.1900000000000012,-2.2,1486497.0,8097267.600000001,1.568,0.003163,0.0086629999999999,0.56,,,1.6948,1.263,1.1752,0.009276,,470000000.0,470000000.0,171600000.0,2533300000.0,2533300000.0,新型电力,公用事业,电力,风力发电,6.06,4.96,
2011-12-06,8.45,8.55,8.36,8.45,8.45,0.0,0.0,964816.0,5197277.8,1.568,0.002053,0.005622,0.38,,,1.6948,1.263,1.1752,0.009276,,470000000.0,470000000.0,171600000.0,2533300000.0,2533300000.0,新型电力,公用事业,电力,风力发电,5.93,4.85,
2011-12-07,8.44,8.53,8.39,8.47,8.45,0.0200000000000013,0.24,865637.0000000001,4665268.100000001,1.568,0.001842,0.0050449999999999,0.37,,,1.698,1.2653,1.1774,0.009259,,470000000.0,470000000.0,171600000.0,2538000000.0,2538000000.0,新型电力,公用事业,电力,风力发电,5.93,4.85,
2011-12-08,8.5,8.55,8.37,8.47,8.47,0.0,0.0,1011316.0,5448411.9,1.568,0.002152,0.005893,0.58,,,1.698,1.2653,1.1774,0.009259,,470000000.0,470000000.0,171600000.0,2538000000.0,2538000000.0,新型电力,公用事业,电力,风力发电,5.94,4.86,
2011-12-09,8.44,8.5,8.36,8.39,8.47,-0.08,-0.94,862836.0,4627701.2,1.568,0.001836,0.005028,0.69,,,1.6822,1.2536,1.1665,0.009346,,470000000.0,470000000.0,171600000.0,2514500000.0,2514500000.0,新型电力,公用事业,电力,风力发电,5.94,4.86,
2011-12-12,8.33,8.44,8.28,8.28,8.39,-0.1100000000000012,-1.31,916706.0,4878025.2,1.568,0.00195,0.005342,0.88,,,1.6602,1.2372,1.1512,0.00947,,470000000.0,470000000.0,171600000.0,2481600000.0,2481600000.0,新型电力,公用事业,电力,风力发电,5.89,4.82,
2011-12-13,8.17,8.23,7.7,7.73,8.28,-0.5499999999999989,-6.64,1959340.0,9906025.5,1.568,0.004169,0.011418,2.12,,,1.5502,1.1552,1.0749,0.010142,,470000000.0,470000000.0,171600000.0,2317100000.0,2317100000.0,新型电力,公用事业,电力,风力发电,5.81,4.75,
2011-12-14,7.75,7.93,7.6,7.62,7.73,-0.1100000000000003,-1.42,1509310.0,7472643.5,1.568,0.003211,0.008796,1.34,,,1.5282,1.1388,1.0597,0.0102879999999999,,470000000.0,470000000.0,171600000.0,2284200000.0,2284200000.0,新型电力,公用事业,电力,风力发电,5.42,4.44,
2011-12-15,7.62,7.68,7.42,7.43,7.62,-0.1900000000000004,-2.49,1498206.0,7182342.3,1.568,0.003188,0.008731,1.2,,,1.4904,1.1107,1.0335,0.010549,,470000000.0,470000000.0,171600000.0,2227800000.0,2227800000.0,新型电力,公用事业,电力,风力发电,5.35,4.37,
2011-12-16,7.43,7.57,7.31,7.57,7.43,0.1400000000000005,1.88,1336933.0,6341964.600000001,1.568,0.002845,0.007791,0.99,,,1.5187,1.1318,1.0531,0.0103519999999999,,470000000.0,470000000.0,171600000.0,2270100000.0,2270100000.0,新型电力,公用事业,电力,风力发电,5.21,4.27,
2011-12-19,7.53,7.53,7.31,7.5,7.57,-0.0700000000000002,-0.92,1130839.0,5329159.1,1.568,0.002406,0.00659,0.78,,,1.503,1.1201,1.0422,0.01046,,470000000.0,470000000.0,171600000.0,2246600000.0,2246600000.0,新型电力,公用事业,电力,风力发电,5.31,4.35,
2011-12-20,7.39,7.6,7.39,7.48,7.5,-0.0199999999999995,-0.27,829987.9999999999,3979334.1,1.568,0.001766,0.004837,0.56,,,1.4999,1.1177,1.04,0.010482,,470000000.0,470000000.0,171600000.0,2241900000.0,2241900000.0,新型电力,公用事业,电力,风力发电,5.26,4.3,
2011-12-22,7.32,7.32,6.73,7.04,7.48,-0.4400000000000004,-5.88,1808855.0,8070870.3,1.568,0.003849,0.010541,1.43,,,1.4118,1.0521,0.979,0.011136,,470000000.0,470000000.0,171600000.0,2110300000.0,2110300000.0,新型电力,公用事业,电力,风力发电,5.25,4.29,
2011-12-23,6.9,7.15,6.9,7.06,7.04,0.0199999999999995,0.28,816867.0,3674445.7,1.568,0.001738,0.0047599999999999,0.62,,,1.415,1.0545,0.9812,0.011111,,470000000.0,470000000.0,171600000.0,2115000000.0,2115000000.0,新型电力,公用事业,电力,风力发电,4.94,4.04,
2011-12-26,6.98,7.1,6.98,7.02,7.06,-0.04,-0.57,493190.0,2215751.9000000004,1.568,0.001049,0.002874,0.42,,,1.4087,1.0498,0.9768,0.011161,,470000000.0,470000000.0,171600000.0,2105600000.0,2105600000.0,新型电力,公用事业,电力,风力发电,4.95,4.05,
2011-12-27,6.96,6.99,6.87,6.88,7.02,-0.1399999999999996,-1.99,1192707.0,5264809.9,1.568,0.002538,0.006951,1.17,,,1.3804,1.0287,0.9572,0.01139,,470000000.0,470000000.0,171600000.0,2063300000.0,2063300000.0,新型电力,公用事业,电力,风力发电,4.93,4.03,
2011-12-28,6.82,6.88,6.62,6.73,6.88,-0.1499999999999994,-2.18,1415515.0,6055831.9,1.568,0.003012,0.008249,1.38,,,1.3489,1.0052,0.9354,0.011655,,470000000.0,470000000.0,171600000.0,2016300000.0,2016300000.0,新型电力,公用事业,电力,风力发电,4.83,3.95,
2011-12-29,6.63,6.73,6.6,6.66,6.73,-0.0700000000000002,-1.04,845154.9999999999,3596677.1,1.568,0.001798,0.004925,0.74,,,1.3364,0.9959,0.9267,0.011765,,470000000.0,470000000.0,171600000.0,1997500000.0,1997500000.0,新型电力,公用事业,电力,风力发电,4.72,3.86,
2011-12-30,6.65,6.79,6.65,6.73,6.66,0.0700000000000002,1.05,860037.9999999999,3693727.8,1.568,0.00183,0.005012,0.9,,,1.3489,1.0052,0.9354,0.011655,,470000000.0,470000000.0,171600000.0,2016300000.0,2016300000.0,新型电力,公用事业,电力,风力发电,4.68,3.83,
2012-01-04,6.76,6.9,6.71,6.73,6.73,0.0,0.0,1429000.0,6190571.9,1.568,0.0030399999999999,0.008328,1.49,,,1.3489,1.0052,0.9354,,,470000000.0,470000000.0,171600000.0,2016300000.0,2016300000.0,新型电力,公用事业,电力,风力发电,4.72,3.86,
2012-01-05,6.65,6.73,6.48,6.51,6.73,-0.2200000000000006,-3.27,830437.0000000001,3498537.3,1.568,0.001767,0.0048389999999999,0.72,,,1.3049,0.9724,0.9048,,,470000000.0,470000000.0,171600000.0,1950500000.0,1950500000.0,新型电力,公用事业,电力,风力发电,4.72,3.86,
2012-01-06,6.44,6.52,6.35,6.49,6.51,-0.0199999999999995,-0.31,829874.0,3399734.8000000003,1.568,0.001766,0.004836,0.77,,,1.3018,0.9701,0.9027,,,470000000.0,470000000.0,171600000.0,1945800000.0,1945800000.0,新型电力,公用事业,电力,风力发电,4.57,3.74,
2012-01-09,6.55,6.82,6.43,6.81,6.49,0.3199999999999994,4.93,1038851.0,4416604.6,1.568,0.00221,0.006054,1.08,,,1.3647,1.017,0.9463,,,470000000.0,470000000.0,171600000.0,2039800000.0,2039800000.0,新型电力,公用事业,电力,风力发电,4.55,3.73,
2012-01-10,6.79,7.13,6.7,7.09,6.81,0.2800000000000002,4.11,2041897.0,9119662.5,1.568,0.004344,0.011899,2.05,,,1.4213,1.0591,0.9855,,,470000000.0,470000000.0,171600000.0,2124400000.0,2124400000.0,新型电力,公用事业,电力,风力发电,4.77,3.91,
2012-01-11,7.09,7.13,6.95,7.04,7.09,-0.0499999999999998,-0.71,1565059.0,7021764.100000001,1.568,0.00333,0.00912,1.27,,,1.4118,1.0521,0.979,,,470000000.0,470000000.0,171600000.0,2110300000.0,2110300000.0,新型电力,公用事业,电力,风力发电,4.97,4.07,
2012-01-12,7.06,7.42,6.99,7.18,7.04,0.1399999999999996,1.99,2372480.0,10958956.7,1.568,0.005048,0.013826,1.88,,,1.4401,1.0732,0.9986,,,470000000.0,470000000.0,171600000.0,2152600000.0,2152600000.0,新型电力,公用事业,电力,风力发电,4.94,4.04,
2012-01-13,7.18,7.18,6.9,6.95,7.18,-0.2299999999999995,-3.2,1376281.0,6162004.399999999,1.568,0.002928,0.00802,0.88,,,1.393,1.0381,0.9659,,,470000000.0,470000000.0,171600000.0,2082100000.0,2082100000.0,新型电力,公用事业,电力,风力发电,5.04,4.12,
2012-01-16,6.84,7.04,6.84,6.93,6.95,-0.0200000000000004,-0.29,881360.0,3907675.1,1.568,0.001875,0.0051359999999999,0.52,,,1.3898,1.0357,0.9637,,,470000000.0,470000000.0,171600000.0,2077400000.0,2077400000.0,新型电力,公用事业,电力,风力发电,4.87,3.99,
2012-01-17,6.9,7.32,6.9,7.32,6.93,0.3900000000000005,5.63,1879210.0,8592483.399999999,1.568,0.003998,0.0109509999999999,1.14,,,1.4684,1.0943,1.0182,,,470000000.0,470000000.0,171600000.0,2194900000.0,2194900000.0,新型电力,公用事业,电力,风力发电,4.86,3.98,
2012-01-18,7.29,7.42,7.04,7.17,7.32,-0.1500000000000003,-2.05,1768591.0,8121483.6,1.568,0.003763,0.010306,1.1,,,1.437,1.0709,0.9964,,,470000000.0,470000000.0,171600000.0,2147900000.0,2147900000.0,新型电力,公用事业,电力,风力发电,5.14,4.2,
2012-01-19,7.13,7.89,7.06,7.37,7.17,0.2000000000000001,2.79,2130313.0,10083719.4,1.568,0.004533,0.012414,1.29,,,1.4779,1.1013,1.0248,,,470000000.0,470000000.0,171600000.0,2209000000.0,2209000000.0,新型电力,公用事业,电力,风力发电,5.03,4.11,
2012-01-20,7.26,7.35,7.12,7.29,7.37,-0.08,-1.09,2238223.0,10318915.1,1.568,0.004762,0.013043,1.39,,,1.4621,1.0896,1.0139,,,470000000.0,470000000.0,171600000.0,2185500000.0,2185500000.0,新型电力,公用事业,电力,风力发电,5.17,4.23,
2012-01-30,7.29,7.35,7.13,7.21,7.29,-0.08,-1.1,950915.0,4371350.9,1.568,0.002023,0.005541,0.53,,,1.4464,1.0779,1.003,,,470000000.0,470000000.0,171600000.0,2162000000.0,2162000000.0,新型电力,公用事业,电力,风力发电,5.12,4.19,
2012-01-31,7.21,7.23,7.07,7.2,7.21,-0.0099999999999997,-0.14,711985.0,3253381.1,1.568,0.0015149999999999,0.004149,0.4,,,1.4433,1.0755,1.0008,,,470000000.0,470000000.0,171600000.0,2157300000.0,2157300000.0,新型电力,公用事业,电力,风力发电,5.06,4.14,
2012-02-01,7.2,7.24,7.09,7.13,7.2,-0.0700000000000002,-0.97,689744.0,3153481.3,1.568,0.001468,0.004019,0.44,,,1.4307,1.0662,0.9921,,,470000000.0,470000000.0,171600000.0,2138500000.0,2138500000.0,新型电力,公用事业,电力,风力发电,5.05,4.13,
2012-02-02,7.17,7.28,7.13,7.26,7.13,0.1299999999999999,1.82,885903.0000000001,4077183.8,1.568,0.001885,0.005163,0.66,,,1.4559,1.0849,1.0095,,,470000000.0,470000000.0,171600000.0,2176100000.0,2176100000.0,新型电力,公用事业,电力,风力发电,5.01,4.1,
2012-02-03,7.21,7.43,7.21,7.43,7.26,0.1699999999999999,2.34,2461959.0,11598084.1,1.568,0.005238,0.014347,2.25,,,1.4904,1.1107,1.0335,,,470000000.0,470000000.0,171600000.0,2227800000.0,2227800000.0,新型电力,公用事业,电力,风力发电,5.09,4.17,
2012-02-06,7.42,7.51,7.34,7.45,7.43,0.0200000000000004,0.27,1902759.0,9017135.2,1.568,0.0040479999999999,0.011088,1.67,,,1.4936,1.113,1.0357,,,470000000.0,470000000.0,171600000.0,2232500000.0,2232500000.0,新型电力,公用事业,电力,风力发电,5.21,4.27,
2012-02-07,7.45,7.45,7.2,7.29,7.45,-0.1600000000000001,-2.15,2003098.0,9301644.0,1.568,0.004262,0.011673,1.51,,,1.4621,1.0896,1.0139,,,470000000.0,470000000.0,171600000.0,2185500000.0,2185500000.0,新型电力,公用事业,电力,风力发电,5.23,4.28,
2012-02-08,7.23,7.4,7.21,7.4,7.29,0.1100000000000003,1.51,1931078.0,9023869.4,1.568,0.004109,0.0112529999999999,1.22,,,1.4841,1.106,1.0291,,,470000000.0,470000000.0,171600000.0,2218400000.0,2218400000.0,新型电力,公用事业,电力,风力发电,5.12,4.19,
2012-02-09,7.45,7.56,7.37,7.46,7.4,0.0599999999999996,0.81,2677963.0,12769832.1,1.568,0.005698,0.015606,1.46,,,1.4967,1.1154,1.0378,,,470000000.0,470000000.0,171600000.0,2237200000.0,2237200000.0,新型电力,公用事业,电力,风力发电,5.19,4.25,
2012-02-10,7.45,7.82,7.4,7.64,7.46,0.1799999999999997,2.41,3805987.000000001,18511062.0,1.568,0.008098,0.022179,1.73,,,1.5313,1.1412,1.0618,,,470000000.0,470000000.0,171600000.0,2288900000.0,2288900000.0,新型电力,公用事业,电力,风力发电,5.24,4.28,
2012-02-13,7.51,7.68,7.42,7.64,7.64,0.0,0.0,2723128.0,13180096.8,1.568,0.005794,0.015869,1.11,,,1.5313,1.1412,1.0618,,,470000000.0,470000000.0,171600000.0,2288900000.0,2288900000.0,新型电力,公用事业,电力,风力发电,5.36,4.38,
2012-02-14,7.64,8.01,7.56,7.75,7.64,0.1100000000000003,1.44,4441472.0,22108289.1,1.568,0.00945,0.025883,1.69,,,1.5533,1.1576,1.0771,,,470000000.0,470000000.0,171600000.0,2321800000.0,2321800000.0,新型电力,公用事业,电力,风力发电,5.36,4.38,
2012-02-15,7.71,7.84,7.6,7.84,7.75,0.0899999999999998,1.16,3013784.0,14878681.8,1.568,0.006412,0.017563,0.97,,,1.5722,1.1716,1.0902,,,470000000.0,470000000.0,171600000.0,2350000000.0,2350000000.0,新型电力,公用事业,电力,风力发电,5.43,4.45,
2012-02-16,7.84,8.14,7.78,8.04,7.84,0.1999999999999993,2.55,6183105.0,31519198.7,1.568,0.013156,0.036032,1.86,,,1.6131,1.2021,1.1185,,,470000000.0,470000000.0,171600000.0,2411100000.0,2411100000.0,新型电力,公用事业,电力,风力发电,5.5,4.5,
2012-02-17,8.04,8.06,7.89,7.98,8.04,-0.0599999999999987,-0.75,2497509.0,12678784.1,1.568,0.005314,0.014554,0.62,,,1.6005,1.1927,1.1098,,,470000000.0,470000000.0,171600000.0,2392300000.0,2392300000.0,新型电力,公用事业,电力,风力发电,5.64,4.62,
2012-02-20,8.08,8.15,7.95,7.97,7.98,-0.0100000000000006,-0.13,2393299.0,12260945.8,1.568,0.005092,0.013947,0.63,,,1.5973,1.1904,1.1076,,,470000000.0,470000000.0,171600000.0,2387600000.0,2387600000.0,新型电力,公用事业,电力,风力发电,5.6,4.58,
2012-02-21,7.97,8.03,7.65,7.9,7.97,-0.0699999999999994,-0.88,3256155.0,16203537.3,1.568,0.006928,0.018975,0.88,,,1.5848,1.181,1.0989,,,470000000.0,470000000.0,171600000.0,2368800000.0,2368800000.0,新型电力,公用事业,电力,风力发电,5.59,4.57,
2012-02-22,7.86,7.98,7.79,7.98,7.9,0.08,1.01,3275179.0,16546400.3,1.568,0.0069679999999999,0.019086,0.94,,,1.6005,1.1927,1.1098,,,470000000.0,470000000.0,171600000.0,2392300000.0,2392300000.0,新型电力,公用事业,电力,风力发电,5.54,4.54,
2012-02-23,7.95,8.03,7.81,7.92,7.98,-0.0600000000000005,-0.75,3070956.0,15509123.6,1.568,0.006534,0.017896,0.87,,,1.5879,1.1833,1.1011,,,470000000.0,470000000.0,171600000.0,2373500000.0,2373500000.0,新型电力,公用事业,电力,风力发电,5.6,4.58,
2012-02-24,7.87,8.0,7.84,7.98,7.92,0.0600000000000005,0.76,3400435.0,17163382.8,1.568,0.007235,0.019816,1.17,,,1.6005,1.1927,1.1098,,,470000000.0,470000000.0,171600000.0,2392300000.0,2392300000.0,新型电力,公用事业,电力,风力发电,5.56,4.55,
2012-02-27,7.95,8.12,7.95,8.01,7.98,0.0299999999999993,0.38,4836448.0,24819960.200000003,1.568,0.0102899999999999,0.028184,1.57,,,1.6068,1.1974,1.1142,,,470000000.0,470000000.0,171600000.0,2401700000.0,2401700000.0,新型电力,公用事业,电力,风力发电,5.6,4.58,
2012-02-28,7.97,7.98,7.81,7.89,8.01,-0.1200000000000001,-1.5,3149199.0,15856701.6,1.568,0.0067,0.018352,0.88,,,1.5816,1.1786,1.0967,,,470000000.0,470000000.0,171600000.0,2364100000.0,2364100000.0,新型电力,公用事业,电力,风力发电,5.62,4.6,
2012-02-29,7.86,7.97,7.79,7.79,7.89,-0.0999999999999996,-1.27,2074601.0,10427440.4,1.568,0.004414,0.01209,0.58,,,1.5628,1.1646,1.0836,,,470000000.0,470000000.0,171600000.0,2335900000.0,2335900000.0,新型电力,公用事业,电力,风力发电,5.53,4.53,
2012-03-01,7.73,7.9,7.68,7.82,7.79,0.0300000000000002,0.39,2351783.0,11703919.6,1.568,0.005004,0.013705,0.71,,,1.569,1.1693,1.088,,,470000000.0,470000000.0,171600000.0,2345300000.0,2345300000.0,新型电力,公用事业,电力,风力发电,5.47,4.47,
2012-03-02,7.82,7.95,7.81,7.93,7.82,0.1099999999999994,1.41,2220234.0,11172903.1,1.568,0.004724,0.012938,0.7,,,1.5911,1.1857,1.1033,,,470000000.0,470000000.0,171600000.0,2378200000.0,2378200000.0,新型电力,公用事业,电力,风力发电,5.49,4.49,
2012-03-05,7.92,8.28,7.92,8.28,7.93,0.3499999999999996,4.41,9081625.0,47294060.1,1.568,0.019323,0.052923,3.1,,,1.6602,1.2372,1.1512,,,470000000.0,470000000.0,171600000.0,2481600000.0,2481600000.0,新型电力,公用事业,电力,风力发电,5.57,4.55,
2012-03-06,8.28,8.31,7.95,8.04,8.28,-0.2400000000000002,-2.9,7625217.0,39552676.0,1.568,0.016224,0.044436,2.02,,,1.6131,1.2021,1.1185,,,470000000.0,470000000.0,171600000.0,2411100000.0,2411100000.0,新型电力,公用事业,电力,风力发电,5.81,4.75,
2012-03-07,7.84,7.98,7.84,7.92,8.04,-0.1199999999999992,-1.49,3984545.0,20126831.7,1.568,0.008478,0.02322,0.85,,,1.5879,1.1833,1.1011,,,470000000.0,470000000.0,171600000.0,2373500000.0,2373500000.0,新型电力,公用事业,电力,风力发电,5.64,4.62,
2012-03-08,7.89,8.08,7.86,8.0,7.92,0.08,1.01,2726001.0,13860437.2,1.568,0.0058,0.015886,0.54,,,1.6036,1.1951,1.112,,,470000000.0,470000000.0,171600000.0,2397000000.0,2397000000.0,新型电力,公用事业,电力,风力发电,5.56,4.55,
2012-03-09,8.0,8.12,7.89,8.09,8.0,0.0899999999999998,1.12,4753596.0,24336973.4,1.568,0.010114,0.027702,0.93,,,1.6225,1.2091,1.1251,,,470000000.0,470000000.0,171600000.0,2425200000.0,2425200000.0,新型电力,公用事业,电力,风力发电,5.61,4.59,
2012-03-12,8.09,8.12,8.0,8.11,8.09,0.0199999999999995,0.25,3841907.0,19776030.5,1.568,0.008174,0.022389,0.68,,,1.6256,1.2115,1.1272,,,470000000.0,470000000.0,171600000.0,2429900000.0,2429900000.0,新型电力,公用事业,电力,风力发电,5.68,4.64,
2012-03-13,8.12,8.26,8.03,8.22,8.11,0.1100000000000012,1.36,5068024.0,26376961.1,1.568,0.010783,0.0295339999999999,1.11,,,1.6477,1.2279,1.1425,,,470000000.0,470000000.0,171600000.0,2462800000.0,2462800000.0,新型电力,公用事业,电力,风力发电,5.69,4.65,
2012-03-14,8.22,8.25,7.65,7.71,8.22,-0.5100000000000007,-6.2,6796717.0,34707905.2,1.568,0.014461,0.039608,1.67,,,1.547,1.1529,1.0727,,,470000000.0,470000000.0,171600000.0,2312400000.0,2312400000.0,新型电力,公用事业,电力,风力发电,5.76,4.72,
2012-03-15,7.7,7.76,7.34,7.4,7.71,-0.3099999999999996,-4.02,4175277.0,19895610.6,1.568,0.008884,0.024331,0.9,,,1.4841,1.106,1.0291,,,470000000.0,470000000.0,171600000.0,2218400000.0,2218400000.0,新型电力,公用事业,电力,风力发电,5.41,4.43,
2012-03-16,7.39,7.59,7.39,7.59,7.4,0.1899999999999995,2.57,2412205.0,11558793.1,1.568,0.005132,0.014057,0.49,,,1.5219,1.1341,1.0553,,,470000000.0,470000000.0,171600000.0,2274800000.0,2274800000.0,新型电力,公用事业,电力,风力发电,5.19,4.25,
2012-03-19,7.56,7.7,7.53,7.7,7.59,0.1100000000000003,1.45,2528750.0,12288686.3,1.568,0.00538,0.014736,0.57,,,1.5439,1.1505,1.0706,,,470000000.0,470000000.0,171600000.0,2307700000.0,2307700000.0,新型电力,公用事业,电力,风力发电,5.32,4.36,
2012-03-20,7.64,7.64,7.5,7.5,7.7,-0.2000000000000001,-2.6,2054876.0,9900320.1,1.568,0.004372,0.011975,0.49,,,1.503,1.1201,1.0422,,,470000000.0,470000000.0,171600000.0,2246600000.0,2246600000.0,新型电力,公用事业,电力,风力发电,5.4,4.42,
2012-03-21,7.51,7.59,7.4,7.51,7.5,0.0099999999999997,0.13,2049673.0,9803887.5,1.568,0.004361,0.011944,0.57,,,1.5062,1.1224,1.0444,,,470000000.0,470000000.0,171600000.0,2251300000.0,2251300000.0,新型电力,公用事业,电力,风力发电,5.26,4.3,
2012-03-22,7.45,7.56,7.45,7.5,7.51,-0.0099999999999997,-0.13,1603052.0,7660851.1,1.568,0.003411,0.009342,0.61,,,1.503,1.1201,1.0422,,,470000000.0,470000000.0,171600000.0,2246600000.0,2246600000.0,新型电力,公用事业,电力,风力发电,5.27,4.31,
2012-03-23,7.51,7.51,7.29,7.34,7.5,-0.1600000000000001,-2.13,1798709.9999999998,8484204.4,1.568,0.0038269999999999,0.010482,0.84,,,1.4716,1.0966,1.0204,,,470000000.0,470000000.0,171600000.0,2199600000.0,2199600000.0,新型电力,公用事业,电力,风力发电,5.26,4.3,
2012-03-26,7.39,7.4,7.21,7.29,7.34,-0.0499999999999998,-0.68,979526.0,4572076.5,1.568,0.002084,0.0057079999999999,0.49,,,1.4621,1.0896,1.0139,,,470000000.0,470000000.0,171600000.0,2185500000.0,2185500000.0,新型电力,公用事业,电力,风力发电,5.15,4.21,
2012-03-27,7.29,7.35,7.18,7.18,7.29,-0.1100000000000003,-1.51,1531549.0,7106496.4,1.568,0.003259,0.0089249999999999,0.9,,,1.4401,1.0732,0.9986,,,470000000.0,470000000.0,171600000.0,2152600000.0,2152600000.0,新型电力,公用事业,电力,风力发电,5.12,4.19,
2012-03-28,7.15,7.15,6.7,6.77,7.18,-0.4100000000000001,-5.71,2735380.0,12002824.1,1.568,0.00582,0.01594,1.72,,,1.3584,1.0123,0.9419,,,470000000.0,470000000.0,171600000.0,2030400000.0,2030400000.0,新型电力,公用事业,电力,风力发电,5.04,4.12,
2012-03-29,6.73,6.81,6.65,6.74,6.77,-0.0299999999999993,-0.44,1846666.0,7914840.600000001,1.568,0.003929,0.010761,1.07,,,1.3521,1.0076,0.9376,,,470000000.0,470000000.0,171600000.0,2021000000.0,2021000000.0,新型电力,公用事业,电力,风力发电,4.75,3.89,
2012-03-30,6.74,6.77,6.59,6.66,6.74,-0.08,-1.19,1200499.0,5110197.699999999,1.568,0.002554,0.006996,0.68,,,1.3364,0.9959,0.9267,,,470000000.0,470000000.0,171600000.0,1997500000.0,1997500000.0,新型电力,公用事业,电力,风力发电,4.73,3.87,
2012-04-05,6.7,6.82,6.66,6.79,6.66,0.1299999999999999,1.95,1923454.0,8294709.999999999,1.568,0.004092,0.011209,1.16,,,1.3615,1.0146,0.9441,,,470000000.0,470000000.0,171600000.0,2035100000.0,2035100000.0,新型电力,公用事业,电力,风力发电,4.68,3.83,
2012-04-06,6.79,6.9,6.76,6.81,6.79,0.0199999999999995,0.29,1928969.0,8412393.8,1.568,0.004104,0.011241,1.04,,,1.3647,1.017,0.9463,,,470000000.0,470000000.0,171600000.0,2039800000.0,2039800000.0,新型电力,公用事业,电力,风力发电,4.76,3.9,
2012-04-09,6.82,7.06,6.76,6.9,6.81,0.0900000000000007,1.32,1922660.0,8506034.2,1.568,0.004091,0.011204,1.0,,,1.3835,1.031,0.9594,,,470000000.0,470000000.0,171600000.0,2068000000.0,2068000000.0,新型电力,公用事业,电力,风力发电,4.77,3.91,
2012-04-10,6.95,6.95,6.68,6.95,6.9,0.0499999999999998,0.72,1094912.0,4770064.5,1.568,0.00233,0.006381,0.62,,,1.393,1.0381,0.9659,,,470000000.0,470000000.0,171600000.0,2082100000.0,2082100000.0,新型电力,公用事业,电力,风力发电,4.84,3.96,
2012-04-11,6.9,7.01,6.82,6.98,6.95,0.0300000000000002,0.43,1331057.0,5892330.8,1.568,0.002832,0.0077569999999999,0.82,,,1.3993,1.0427,0.9703,,,470000000.0,470000000.0,171600000.0,2091500000.0,2091500000.0,新型电力,公用事业,电力,风力发电,4.87,3.99,
2012-04-12,6.98,7.12,6.96,7.1,6.98,0.1199999999999992,1.72,2253405.0,10123018.3,1.568,0.004794,0.013132,1.37,,,1.4244,1.0615,0.9877,,,470000000.0,470000000.0,171600000.0,2129100000.0,2129100000.0,新型电力,公用事业,电力,风力发电,4.9,4.01,
2012-04-13,7.06,7.29,7.06,7.21,7.1,0.1100000000000003,1.55,2318087.0,10601181.3,1.568,0.004932,0.013509,1.36,,,1.4464,1.0779,1.003,,,470000000.0,470000000.0,171600000.0,2162000000.0,2162000000.0,新型电力,公用事业,电力,风力发电,4.98,4.08,
2012-04-16,7.15,7.23,7.09,7.17,7.21,-0.04,-0.55,1396275.0,6368704.2,1.568,0.0029709999999999,0.008137,0.78,,,1.437,1.0709,0.9964,,,470000000.0,470000000.0,171600000.0,2147900000.0,2147900000.0,新型电力,公用事业,电力,风力发电,5.06,4.14,
2012-04-17,7.21,7.43,7.17,7.28,7.17,0.1100000000000003,1.53,2958624.0,13803018.1,1.568,0.0062949999999999,0.017241,1.76,,,1.459,1.0873,1.0117,,,470000000.0,470000000.0,171600000.0,2180800000.0,2180800000.0,新型电力,公用事业,电力,风力发电,5.03,4.11,
2012-04-18,7.29,7.4,7.21,7.4,7.28,0.1200000000000001,1.65,2433226.0,11378244.0,1.568,0.005177,0.01418,1.19,,,1.4841,1.106,1.0291,,,470000000.0,470000000.0,171600000.0,2218400000.0,2218400000.0,新型电力,公用事业,电力,风力发电,5.1,4.18,
2012-04-19,7.37,8.08,7.31,7.81,7.4,0.4099999999999992,5.54,9127874.0,45364273.1,1.568,0.019421,0.053193,4.02,,,1.5659,1.1669,1.0858,,,470000000.0,470000000.0,171600000.0,2340600000.0,2340600000.0,新型电力,公用事业,电力,风力发电,5.19,4.25,
2012-04-20,7.68,7.78,7.53,7.68,7.81,-0.1299999999999999,-1.66,5678777.0,27674905.3,1.568,0.012083,0.033093,1.56,,,1.5407,1.1482,1.0684,,,470000000.0,470000000.0,171600000.0,2303000000.0,2303000000.0,新型电力,公用事业,电力,风力发电,5.48,4.48,
2012-04-23,7.65,7.67,7.32,7.32,7.68,-0.3599999999999994,-4.69,4315404.0,20469763.9,1.568,0.009182,0.025148,1.0,,,1.4684,1.0943,1.0182,,,470000000.0,470000000.0,171600000.0,2194900000.0,2194900000.0,新型电力,公用事业,电力,风力发电,5.39,4.41,
2012-04-24,7.29,7.29,6.87,7.1,7.32,-0.2200000000000006,-3.01,3510756.0,15787967.4,1.568,0.00747,0.020459,0.72,,,1.4244,1.0615,0.9877,,,470000000.0,470000000.0,171600000.0,2129100000.0,2129100000.0,新型电力,公用事业,电力,风力发电,5.14,4.2,
2012-04-25,7.06,7.26,6.96,7.17,7.1,0.0700000000000002,0.99,2715958.0,12372149.7,1.568,0.0057789999999999,0.015827,0.54,,,1.437,1.0709,0.9964,,,470000000.0,470000000.0,171600000.0,2147900000.0,2147900000.0,新型电力,公用事业,电力,风力发电,4.98,4.08,
2012-04-27,6.81,6.81,6.81,6.81,7.17,-0.3600000000000003,-5.02,757300.0,3286682.0,1.568,0.001611,0.004413,0.15,,,1.6236,1.0266,1.3261,,,470000000.0,470000000.0,171600000.0,2039800000.0,2039800000.0,新型电力,公用事业,电力,风力发电,4.8,4.34,
2012-05-02,6.46,6.46,6.46,6.46,6.81,-0.3499999999999996,-5.14,634000.0,2612080.0,1.568,0.001349,0.003695,0.19,,,1.5413,0.9745,1.2588,,,470000000.0,470000000.0,171600000.0,1936400000.0,1936400000.0,新型电力,公用事业,电力,风力发电,4.56,4.12,
2012-05-03,6.13,6.13,6.13,6.13,6.46,-0.33,-5.11,1622100.0,6342411.0,1.568,0.003451,0.009453,0.68,,,1.4628,0.9249,1.1947,,,470000000.0,470000000.0,171600000.0,1837700000.0,1837700000.0,新型电力,公用事业,电力,风力发电,4.33,3.91,
2012-05-04,6.16,6.27,6.1,6.19,6.13,0.0600000000000005,0.98,9016701.0,35650201.3,1.568,0.019184,0.052545,4.88,,,1.4777,0.9343,1.2069,,,470000000.0,470000000.0,171600000.0,1856500000.0,1856500000.0,新型电力,公用事业,电力,风力发电,4.11,3.71,
2012-05-07,6.15,6.32,6.15,6.24,6.19,0.0499999999999998,0.81,4269602.0,16977786.7,1.568,0.009084,0.024881,1.45,,,1.489,0.9414,1.2161,,,470000000.0,470000000.0,171600000.0,1870600000.0,1870600000.0,新型电力,公用事业,电力,风力发电,4.15,3.75,
2012-05-08,6.22,6.33,6.19,6.3,6.24,0.0599999999999996,0.96,4084620.0,16364975.5,1.568,0.0086909999999999,0.023803,1.25,,,1.5039,0.9509,1.2283,,,470000000.0,470000000.0,171600000.0,1889400000.0,1889400000.0,新型电力,公用事业,电力,风力发电,4.18,3.78,
2012-05-09,6.27,6.49,6.26,6.3,6.3,0.0,0.0,3928670.0,15905232.2,1.568,0.008359,0.022894,1.0,,,1.5039,0.9509,1.2283,,,470000000.0,470000000.0,171600000.0,1889400000.0,1889400000.0,新型电力,公用事业,电力,风力发电,4.22,3.82,
2012-05-10,6.27,6.52,6.26,6.41,6.3,0.1100000000000003,1.75,3766431.0,15395204.6,1.568,0.008014,0.021949,0.82,,,1.5301,0.9674,1.2497,,,470000000.0,470000000.0,171600000.0,1922300000.0,1922300000.0,新型电力,公用事业,电力,风力发电,4.22,3.82,
2012-05-11,6.4,6.49,6.33,6.44,6.41,0.0300000000000002,0.47,2661475.0,10927019.8,1.568,0.005663,0.01551,0.53,,,1.5376,0.9722,1.2558,,,470000000.0,470000000.0,171600000.0,1931700000.0,1931700000.0,新型电力,公用事业,电力,风力发电,4.29,3.89,
2012-05-14,6.46,6.51,6.29,6.29,6.44,-0.1500000000000003,-2.33,3715382.0,15086449.1,1.568,0.007905,0.0216509999999999,0.99,,,1.5002,0.9485,1.2252,,,470000000.0,470000000.0,171600000.0,1884700000.0,1884700000.0,新型电力,公用事业,电力,风力发电,4.32,3.9,
2012-05-15,6.27,6.27,6.13,6.21,6.29,-0.08,-1.27,3298076.9999999995,12999464.4,1.568,0.007017,0.01922,0.91,,,1.4815,0.9367,1.21,,,470000000.0,470000000.0,171600000.0,1861200000.0,1861200000.0,新型电力,公用事业,电力,风力发电,4.21,3.81,
2012-05-16,6.21,6.27,6.12,6.15,6.21,-0.0599999999999996,-0.97,1991656.0,7861170.9,1.568,0.004238,0.011606,0.57,,,1.4665,0.9272,1.1977,,,470000000.0,470000000.0,171600000.0,1842400000.0,1842400000.0,新型电力,公用事业,电力,风力发电,4.16,3.76,
2012-05-17,6.13,6.26,6.12,6.22,6.15,0.0699999999999994,1.14,2386228.0,9397482.7,1.568,0.005077,0.013906,0.77,,,1.4852,0.939,1.213,,,470000000.0,470000000.0,171600000.0,1865900000.0,1865900000.0,新型电力,公用事业,电力,风力发电,4.12,3.72,
2012-05-18,6.19,6.3,6.15,6.27,6.22,0.0499999999999998,0.8,2475491.0,9817519.0,1.568,0.0052669999999999,0.014426,0.88,,,1.4964,0.9461,1.2222,,,470000000.0,470000000.0,171600000.0,1880000000.0,1880000000.0,新型电力,公用事业,电力,风力发电,4.17,3.77,
2012-05-21,6.26,6.29,6.07,6.08,6.27,-0.1899999999999995,-3.03,3183340.0,12508618.2,1.568,0.006773,0.0185509999999999,1.15,,,1.4515,0.9178,1.1855,,,470000000.0,470000000.0,171600000.0,1823600000.0,1823600000.0,新型电力,公用事业,电力,风力发电,4.2,3.8,
2012-05-23,6.15,6.19,6.08,6.13,6.08,0.0499999999999998,0.82,2011856.0,7856059.199999999,1.568,0.004281,0.011724,0.75,,,1.4628,0.9249,1.1947,,,470000000.0,470000000.0,171600000.0,1837700000.0,1837700000.0,新型电力,公用事业,电力,风力发电,4.07,3.69,
2012-05-24,6.13,6.15,5.82,5.85,6.13,-0.2800000000000002,-4.57,7469228.0,28057817.4,1.568,0.015892,0.0435269999999999,3.1,,,1.3954,0.8823,1.1397,,,470000000.0,470000000.0,171600000.0,1753100000.0,1753100000.0,新型电力,公用事业,电力,风力发电,4.11,3.71,
2012-05-25,5.83,5.85,5.61,5.66,5.85,-0.1899999999999995,-3.25,4534230.0,16434123.1,1.568,0.009647,0.026423,1.29,,,1.3505,0.8539,1.103,,,470000000.0,470000000.0,171600000.0,1696700000.0,1696700000.0,新型电力,公用事业,电力,风力发电,3.92,3.54,
2012-05-28,5.66,5.8,5.57,5.8,5.66,0.1399999999999996,2.47,3154325.0,11434492.9,1.568,0.006711,0.018382,0.8,,,1.3842,0.8752,1.1305,,,470000000.0,470000000.0,171600000.0,1739000000.0,1739000000.0,新型电力,公用事业,电力,风力发电,3.79,3.43,
2012-05-29,5.74,6.08,5.71,5.94,5.8,0.1400000000000005,2.41,4208265.0,15846546.2,1.568,0.008954,0.024524,1.03,,,1.4179,0.8965,1.158,,,470000000.0,470000000.0,171600000.0,1781300000.0,1781300000.0,新型电力,公用事业,电力,风力发电,3.89,3.52,
2012-05-30,5.93,6.04,5.88,5.97,5.94,0.0299999999999993,0.51,2539918.0,9663604.0,1.568,0.005404,0.014801,0.59,,,1.4254,0.9012,1.1641,,,470000000.0,470000000.0,171600000.0,1790700000.0,1790700000.0,新型电力,公用事业,电力,风力发电,3.98,3.6,
2012-05-31,5.97,6.08,5.91,5.97,5.97,0.0,0.0,2324098.0,8893283.2,1.568,0.004945,0.013544,0.53,,,1.4254,0.9012,1.1641,,,470000000.0,470000000.0,171600000.0,1790700000.0,1790700000.0,新型电力,公用事业,电力,风力发电,4.0,3.62,
2012-06-01,5.96,6.08,5.94,6.02,5.97,0.0499999999999998,0.84,2538795.0,9755686.2,1.568,0.005402,0.014795,0.76,,,1.4366,0.9083,1.1733,,,470000000.0,470000000.0,171600000.0,1804800000.0,1804800000.0,新型电力,公用事业,电力,风力发电,4.0,3.62,
2012-06-04,5.91,6.08,5.85,5.86,6.02,-0.1599999999999992,-2.66,2431076.0,9196921.4,1.568,0.005173,0.014167,0.82,,,1.3992,0.8846,1.1427,,,470000000.0,470000000.0,171600000.0,1757800000.0,1757800000.0,新型电力,公用事业,电力,风力发电,4.03,3.65,
2012-06-05,5.88,6.07,5.88,6.02,5.86,0.1599999999999992,2.73,1910106.0,7301865.8,1.568,0.004064,0.011131,0.68,,,1.4366,0.9083,1.1733,,,470000000.0,470000000.0,171600000.0,1804800000.0,1804800000.0,新型电力,公用事业,电力,风力发电,3.93,3.55,
2012-06-06,6.04,6.07,5.97,6.04,6.02,0.0200000000000004,0.33,1545739.0,5937936.7,1.568,0.003289,0.009008,0.66,,,1.4403,0.9107,1.1763,,,470000000.0,470000000.0,171600000.0,1809500000.0,1809500000.0,新型电力,公用事业,电力,风力发电,4.03,3.65,
2012-06-07,6.08,6.15,6.01,6.02,6.04,-0.0200000000000004,-0.33,3546208.9999999995,13737607.1,1.568,0.007545,0.020666,1.65,,,1.4366,0.9083,1.1733,,,470000000.0,470000000.0,171600000.0,1804800000.0,1804800000.0,新型电力,公用事业,电力,风力发电,4.04,3.66,
2012-06-08,6.05,6.18,5.99,6.04,6.02,0.0200000000000004,0.33,2848415.0,11052770.5,1.568,0.0060599999999999,0.016599,1.19,,,1.4403,0.9107,1.1763,,,470000000.0,470000000.0,171600000.0,1809500000.0,1809500000.0,新型电力,公用事业,电力,风力发电,4.03,3.65,
2012-06-11,6.02,6.1,5.97,6.08,6.04,0.04,0.66,1926788.0,7426075.300000001,1.568,0.0040999999999999,0.011228,0.78,,,1.4515,0.9178,1.1855,,,470000000.0,470000000.0,171600000.0,1823600000.0,1823600000.0,新型电力,公用事业,电力,风力发电,4.04,3.66,
2012-06-12,6.04,6.35,6.04,6.26,6.08,0.1799999999999997,2.96,4869278.0,19314111.3,1.568,0.01036,0.028376,2.07,,,1.4927,0.9438,1.2191,,,470000000.0,470000000.0,171600000.0,1875300000.0,1875300000.0,新型电力,公用事业,电力,风力发电,4.07,3.69,
2012-06-13,6.22,6.3,6.19,6.22,6.26,-0.04,-0.64,3035932.0,12100574.3,1.568,0.006459,0.017692,1.03,,,1.4852,0.939,1.213,,,470000000.0,470000000.0,171600000.0,1865900000.0,1865900000.0,新型电力,公用事业,电力,风力发电,4.19,3.79,
2012-06-14,6.21,6.29,6.16,6.26,6.22,0.04,0.64,1893310.0,7519826.2,1.568,0.004028,0.011033,0.58,,,1.4927,0.9438,1.2191,,,470000000.0,470000000.0,171600000.0,1875300000.0,1875300000.0,新型电力,公用事业,电力,风力发电,4.17,3.77,
2012-06-15,6.27,6.35,6.21,6.32,6.26,0.0600000000000005,0.96,2774159.0,11136813.6,1.568,0.0059019999999999,0.016166,0.95,,,1.5077,0.9532,1.2313,,,470000000.0,470000000.0,171600000.0,1894100000.0,1894100000.0,新型电力,公用事业,电力,风力发电,4.19,3.79,
2012-06-18,6.32,6.38,6.24,6.27,6.32,-0.0500000000000007,-0.79,2515215.0,10104933.8,1.568,0.005352,0.014657,0.87,,,1.4964,0.9461,1.2222,,,470000000.0,470000000.0,171600000.0,1880000000.0,1880000000.0,新型电力,公用事业,电力,风力发电,4.23,3.83,
2012-06-19,6.26,6.29,6.19,6.24,6.27,-0.0299999999999993,-0.48,2194271.0,8731897.6,1.568,0.0046689999999999,0.012787,0.73,,,1.489,0.9414,1.2161,,,470000000.0,470000000.0,171600000.0,1870600000.0,1870600000.0,新型电力,公用事业,电力,风力发电,4.2,3.8,
2012-06-20,6.24,6.32,6.19,6.22,6.24,-0.0200000000000004,-0.32,2046115.0,8160594.100000001,1.568,0.004353,0.0119239999999999,0.82,,,1.4852,0.939,1.213,,,470000000.0,470000000.0,171600000.0,1865900000.0,1865900000.0,新型电力,公用事业,电力,风力发电,4.18,3.78,
2012-06-21,6.24,6.32,6.12,6.15,6.22,-0.0699999999999994,-1.13,2258250.0,8877502.6,1.568,0.004805,0.01316,0.99,,,1.4665,0.9272,1.1977,,,470000000.0,470000000.0,171600000.0,1842400000.0,1842400000.0,新型电力,公用事业,电力,风力发电,4.17,3.77,
2012-06-25,6.16,6.16,5.88,5.97,6.15,-0.1800000000000006,-2.93,2265763.0,8693997.4,1.568,0.004821,0.013204,0.96,,,1.4254,0.9012,1.1641,,,470000000.0,470000000.0,171600000.0,1790700000.0,1790700000.0,新型电力,公用事业,电力,风力发电,4.12,3.72,
2012-06-26,5.96,6.08,5.88,5.97,5.97,0.0,0.0,1549180.0,5917737.5,1.568,0.003296,0.009028,0.69,,,1.4254,0.9012,1.1641,,,470000000.0,470000000.0,171600000.0,1790700000.0,1790700000.0,新型电力,公用事业,电力,风力发电,4.0,3.62,
2012-06-27,6.01,6.12,5.93,6.07,5.97,0.1000000000000005,1.68,2869975.0,11059048.2,1.568,0.006106,0.016725,1.39,,,1.4478,0.9154,1.1825,,,470000000.0,470000000.0,171600000.0,1818900000.0,1818900000.0,新型电力,公用事业,电力,风力发电,4.0,3.62,
2012-06-28,6.07,6.12,5.88,5.93,6.07,-0.1400000000000005,-2.31,2383465.0,9076748.8,1.568,0.005071,0.01389,1.08,,,1.4141,0.8941,1.155,,,470000000.0,470000000.0,171600000.0,1776600000.0,1776600000.0,新型电力,公用事业,电力,风力发电,4.06,3.68,
2012-06-29,5.82,5.96,5.71,5.96,5.93,0.0300000000000002,0.51,2381348.0,8940690.7,1.568,0.005067,0.0138769999999999,1.05,,,1.4216,0.8988,1.1611,,,470000000.0,470000000.0,171600000.0,1786000000.0,1786000000.0,新型电力,公用事业,电力,风力发电,3.97,3.59,
2012-07-02,5.97,6.12,5.85,6.1,5.96,0.1399999999999996,2.35,2122712.0,8159263.100000001,1.568,0.004516,0.01237,0.93,,,1.4553,0.9201,1.1886,,,470000000.0,470000000.0,171600000.0,1828300000.0,1828300000.0,新型电力,公用事业,电力,风力发电,3.99,3.61,
2012-07-03,6.26,6.3,6.08,6.16,6.1,0.0600000000000005,0.98,2028269.0,7955958.899999999,1.568,0.004315,0.0118199999999999,0.9,,,1.4702,0.9296,1.2008,,,470000000.0,470000000.0,171600000.0,1847100000.0,1847100000.0,新型电力,公用事业,电力,风力发电,4.08,3.7,
2012-07-04,6.15,6.29,5.97,6.07,6.16,-0.0899999999999998,-1.46,2201775.0,8541991.0,1.568,0.004685,0.0128309999999999,0.93,,,1.4478,0.9154,1.1825,,,470000000.0,470000000.0,171600000.0,1818900000.0,1818900000.0,新型电力,公用事业,电力,风力发电,4.13,3.73,
2012-07-05,6.04,6.04,5.8,5.83,6.07,-0.2400000000000002,-3.95,1763918.0,6621396.399999999,1.568,0.003753,0.010279,0.79,,,1.3917,0.8799,1.1366,,,470000000.0,470000000.0,171600000.0,1748400000.0,1748400000.0,新型电力,公用事业,电力,风力发电,4.06,3.68,
2012-07-06,5.83,6.13,5.83,6.07,5.83,0.2400000000000002,4.12,3099763.0,11995066.8,1.568,0.006595,0.018064,1.48,,,1.4478,0.9154,1.1825,,,470000000.0,470000000.0,171600000.0,1818900000.0,1818900000.0,新型电力,公用事业,电力,风力发电,3.91,3.53,
2012-07-09,5.99,6.12,5.77,5.86,6.07,-0.2099999999999999,-3.46,2140195.0,8100902.2,1.568,0.004554,0.012472,0.95,,,1.3992,0.8846,1.1427,,,470000000.0,470000000.0,171600000.0,1757800000.0,1757800000.0,新型电力,公用事业,电力,风力发电,4.06,3.68,
2012-07-10,5.79,5.9,5.75,5.79,5.86,-0.0700000000000002,-1.19,1309309.0,4853034.3,1.568,0.002786,0.00763,0.58,,,1.3805,0.8728,1.1275,,,470000000.0,470000000.0,171600000.0,1734300000.0,1734300000.0,新型电力,公用事业,电力,风力发电,3.93,3.55,
2012-07-11,5.79,5.96,5.77,5.83,5.79,0.04,0.69,760048.0,2831382.9,1.568,0.001617,0.004429,0.36,,,1.3917,0.8799,1.1366,,,470000000.0,470000000.0,171600000.0,1748400000.0,1748400000.0,新型电力,公用事业,电力,风力发电,3.87,3.51,
2012-07-12,5.8,5.93,5.8,5.88,5.83,0.0499999999999998,0.86,1172219.0,4390130.9,1.568,0.002494,0.006831,0.65,,,1.4029,0.887,1.1458,,,470000000.0,470000000.0,171600000.0,1762500000.0,1762500000.0,新型电力,公用事业,电力,风力发电,3.91,3.53,
2012-07-13,5.85,5.94,5.8,5.83,5.88,-0.0499999999999998,-0.85,949900.0,3546292.2,1.568,0.002021,0.005536,0.56,,,1.3917,0.8799,1.1366,,,470000000.0,470000000.0,171600000.0,1748400000.0,1748400000.0,新型电力,公用事业,电力,风力发电,3.94,3.56,
2012-07-16,5.88,5.88,5.54,5.57,5.83,-0.2599999999999998,-4.46,2710395.0,9696110.7,1.568,0.0057669999999999,0.015795,2.14,,,1.3281,0.8397,1.0847,,,470000000.0,470000000.0,171600000.0,1668500000.0,1668500000.0,新型电力,公用事业,电力,风力发电,3.91,3.53,
2012-07-17,5.57,5.61,5.44,5.58,5.57,0.0099999999999997,0.18,919592.0,3255657.6,1.568,0.001957,0.005359,0.67,,,1.3318,0.8421,1.0877,,,470000000.0,470000000.0,171600000.0,1673200000.0,1673200000.0,新型电力,公用事业,电力,风力发电,3.73,3.37,
2012-07-18,5.61,5.61,5.49,5.58,5.58,0.0,0.0,1111800.0,3933155.4,1.568,0.002366,0.006479,0.85,,,1.3318,0.8421,1.0877,,,470000000.0,470000000.0,171600000.0,1673200000.0,1673200000.0,新型电力,公用事业,电力,风力发电,3.74,3.38,
2012-07-19,5.58,5.71,5.54,5.61,5.58,0.0300000000000002,0.54,1942297.0,6950742.5,1.568,0.004133,0.011319,1.41,,,1.3393,0.8468,1.0938,,,470000000.0,470000000.0,171600000.0,1682600000.0,1682600000.0,新型电力,公用事业,电力,风力发电,3.74,3.38,
2012-07-20,5.6,5.64,5.54,5.6,5.61,-0.0100000000000006,-0.18,1131851.0,4042486.0,1.568,0.002408,0.0065959999999999,0.74,,,1.3356,0.8444,1.0908,,,470000000.0,470000000.0,171600000.0,1677900000.0,1677900000.0,新型电力,公用事业,电力,风力发电,3.76,3.4,
2012-07-23,5.55,5.6,5.47,5.55,5.6,-0.0499999999999998,-0.89,586030.0,2069303.0,1.568,0.001247,0.003415,0.37,,,1.3243,0.8373,1.0816,,,470000000.0,470000000.0,171600000.0,1663800000.0,1663800000.0,新型电力,公用事业,电力,风力发电,3.75,3.39,
2012-07-24,5.55,5.63,5.54,5.61,5.55,0.0600000000000005,1.08,918900.0,3266553.5,1.568,0.001955,0.0053549999999999,0.81,,,1.3393,0.8468,1.0938,,,470000000.0,470000000.0,171600000.0,1682600000.0,1682600000.0,新型电力,公用事业,电力,风力发电,3.72,3.36,
2012-07-25,5.58,5.63,5.52,5.57,5.61,-0.04,-0.71,933623.0,3313456.5,1.568,0.001986,0.005441,0.82,,,1.3281,0.8397,1.0847,,,470000000.0,470000000.0,171600000.0,1668500000.0,1668500000.0,新型电力,公用事业,电力,风力发电,3.76,3.4,
2012-07-26,5.58,5.63,5.35,5.47,5.57,-0.1000000000000005,-1.8,1062834.0,3731080.2,1.568,0.002261,0.006194,0.96,,,1.3056,0.8255,1.0663,,,470000000.0,470000000.0,171600000.0,1640300000.0,1640300000.0,新型电力,公用事业,电力,风力发电,3.73,3.37,
2012-07-27,5.52,5.6,5.44,5.54,5.47,0.0700000000000002,1.28,1293431.0,4555925.7,1.568,0.002752,0.007537,1.4,,,1.3206,0.835,1.0786,,,470000000.0,470000000.0,171600000.0,1659100000.0,1659100000.0,新型电力,公用事业,电力,风力发电,3.66,3.32,
2012-07-30,5.25,5.49,5.25,5.25,5.54,-0.29,-5.23,7182384.0,24244817.4,1.568,0.015282,0.041855,7.49,,,1.2533,0.7924,1.0236,,,470000000.0,470000000.0,171600000.0,1574500000.0,1574500000.0,新型电力,公用事业,电力,风力发电,3.71,3.35,
2012-07-31,5.17,5.25,4.99,4.99,5.25,-0.2599999999999998,-4.95,3678277.0,11779836.6,1.568,0.007826,0.021435,1.61,,,1.1897,0.7522,0.9716,,,470000000.0,470000000.0,171600000.0,1494600000.0,1494600000.0,新型电力,公用事业,电力,风力发电,3.52,3.18,
2012-08-01,4.89,5.1,4.85,5.0,4.99,0.0099999999999997,0.2,2616762.0,8292420.400000001,1.568,0.005568,0.0152489999999999,0.92,,,1.1934,0.7545,0.9747,,,470000000.0,470000000.0,171600000.0,1499300000.0,1499300000.0,新型电力,公用事业,电力,风力发电,3.34,3.02,
2012-08-02,5.0,5.16,4.95,5.03,5.0,0.0300000000000002,0.6,2513156.0,8076860.399999999,1.568,0.0053469999999999,0.0146449999999999,0.79,,,1.2009,0.7593,0.9808,,,470000000.0,470000000.0,171600000.0,1508700000.0,1508700000.0,新型电力,公用事业,电力,风力发电,3.35,3.03,
2012-08-03,5.06,5.28,4.99,5.28,5.03,0.25,4.97,4420558.0,14649142.1,1.568,0.009405,0.025761,1.28,,,1.2607,0.7971,1.0297,,,470000000.0,470000000.0,171600000.0,1583900000.0,1583900000.0,新型电力,公用事业,电力,风力发电,3.37,3.05,
2012-08-06,5.25,5.32,5.19,5.32,5.28,0.04,0.76,1289092.0,4317344.0,1.568,0.0027429999999999,0.007512,0.32,,,1.2682,0.8019,1.0358,,,470000000.0,470000000.0,171600000.0,1593300000.0,1593300000.0,新型电力,公用事业,电力,风力发电,3.54,3.2,
2012-08-07,5.32,5.32,5.17,5.22,5.32,-0.1000000000000005,-1.88,2726604.0,9081865.3,1.568,0.005801,0.015889,0.94,,,1.2458,0.7877,1.0175,,,470000000.0,470000000.0,171600000.0,1565100000.0,1565100000.0,新型电力,公用事业,电力,风力发电,3.56,3.22,
2012-08-08,5.22,5.28,5.19,5.27,5.22,0.0499999999999998,0.96,2249525.0,7534627.9,1.568,0.004786,0.0131089999999999,0.83,,,1.257,0.7948,1.0266,,,470000000.0,470000000.0,171600000.0,1579200000.0,1579200000.0,新型电力,公用事业,电力,风力发电,3.5,3.16,
2012-08-09,5.28,5.32,5.21,5.28,5.27,0.0100000000000006,0.19,2881836.0,9708658.7,1.568,0.0061319999999999,0.016794,1.09,,,1.2607,0.7971,1.0297,,,470000000.0,470000000.0,171600000.0,1583900000.0,1583900000.0,新型电力,公用事业,电力,风力发电,3.53,3.19,
2012-08-10,5.27,5.35,5.13,5.21,5.28,-0.0700000000000002,-1.33,2679550.0,8920721.7,1.568,0.005701,0.015615,0.99,,,1.242,0.7853,1.0144,,,470000000.0,470000000.0,171600000.0,1560400000.0,1560400000.0,新型电力,公用事业,电力,风力发电,3.54,3.2,
2012-08-13,5.21,5.47,5.16,5.28,5.21,0.0700000000000002,1.34,3417650.0,11717359.6,1.568,0.007272,0.019916,1.44,,,1.2607,0.7971,1.0297,,,470000000.0,470000000.0,171600000.0,1583900000.0,1583900000.0,新型电力,公用事业,电力,风力发电,3.49,3.15,
2012-08-14,5.32,5.33,5.21,5.3,5.28,0.0199999999999995,0.38,1187136.0,3985759.9,1.568,0.002526,0.006918,0.43,,,1.2645,0.7995,1.0327,,,470000000.0,470000000.0,171600000.0,1588600000.0,1588600000.0,新型电力,公用事业,电力,风力发电,3.54,3.2,
2012-08-15,5.3,5.5,5.27,5.38,5.3,0.08,1.51,1600908.0,5529000.2,1.568,0.003406,0.0093289999999999,0.64,,,1.2832,0.8113,1.048,,,470000000.0,470000000.0,171600000.0,1612100000.0,1612100000.0,新型电力,公用事业,电力,风力发电,3.55,3.21,
2012-08-16,5.35,5.35,5.21,5.22,5.38,-0.1600000000000001,-2.97,1261830.0,4245610.6,1.568,0.002685,0.0073529999999999,0.54,,,1.2757,0.7877,1.0327,,,470000000.0,470000000.0,171600000.0,1565100000.0,1565100000.0,新型电力,公用事业,电力,风力发电,3.6,3.26,
2012-08-17,5.25,5.28,5.19,5.25,5.22,0.0300000000000002,0.57,569702.0,1904043.3,1.568,0.001212,0.00332,0.28,,,1.2834,0.7924,1.0389,,,470000000.0,470000000.0,171600000.0,1574500000.0,1574500000.0,新型电力,公用事业,电力,风力发电,3.5,3.16,
2012-08-20,5.28,5.28,5.1,5.17,5.25,-0.08,-1.52,1000690.0,3278132.9,1.568,0.002129,0.005832,0.62,,,1.2642,0.7806,1.0234,,,470000000.0,470000000.0,171600000.0,1551000000.0,1551000000.0,新型电力,公用事业,电力,风力发电,3.52,3.18,
2012-08-21,5.17,5.43,5.13,5.35,5.17,0.1799999999999997,3.48,2223670.0,7565398.7,1.568,0.004731,0.012958,1.98,,,1.3063,0.8066,1.0575,,,470000000.0,470000000.0,171600000.0,1602700000.0,1602700000.0,新型电力,公用事业,电力,风力发电,3.47,3.14,
2012-08-22,5.35,5.61,5.28,5.52,5.35,0.1699999999999999,3.18,3463730.0000000005,12206655.9,1.568,0.00737,0.0201849999999999,2.6,,,1.3485,0.8326,1.0916,,,470000000.0,470000000.0,171600000.0,1654400000.0,1654400000.0,新型电力,公用事业,电力,风力发电,3.58,3.24,
2012-08-23,5.79,5.79,5.57,5.72,5.52,0.2000000000000001,3.62,4461384.0,16189393.6,1.568,0.009492,0.0259989999999999,2.62,,,1.3983,0.8634,1.1319,,,470000000.0,470000000.0,171600000.0,1715500000.0,1715500000.0,新型电力,公用事业,电力,风力发电,3.7,3.34,
2012-08-24,5.66,5.68,5.44,5.47,5.72,-0.25,-4.37,2701871.0,9499398.2,1.568,0.005749,0.015745,1.15,,,1.337,0.8255,1.0823,,,470000000.0,470000000.0,171600000.0,1640300000.0,1640300000.0,新型电力,公用事业,电力,风力发电,3.83,3.47,
2012-08-27,5.38,5.69,5.36,5.68,5.47,0.2099999999999999,3.84,2216393.0,7913430.7,1.568,0.004716,0.012916,0.8,,,1.3868,0.8563,1.1226,,,470000000.0,470000000.0,171600000.0,1701400000.0,1701400000.0,新型电力,公用事业,电力,风力发电,3.66,3.32,
2012-08-28,5.66,5.68,5.5,5.57,5.68,-0.1099999999999994,-1.94,1401942.0,5002876.5,1.568,0.002983,0.00817,0.47,,,1.36,0.8397,1.1009,,,470000000.0,470000000.0,171600000.0,1668500000.0,1668500000.0,新型电力,公用事业,电力,风力发电,3.8,3.44,
2012-08-29,5.5,5.64,5.49,5.49,5.57,-0.08,-1.44,1086518.0,3865904.9,1.568,0.002312,0.006332,0.38,,,1.3408,0.8279,1.0854,,,470000000.0,470000000.0,171600000.0,1645000000.0,1645000000.0,新型电力,公用事业,电力,风力发电,3.73,3.37,
2012-08-30,5.49,5.63,5.22,5.58,5.49,0.0899999999999998,1.64,1799075.9999999998,6243704.300000001,1.568,0.003828,0.010484,0.76,,,1.3638,0.8421,1.104,,,470000000.0,470000000.0,171600000.0,1673200000.0,1673200000.0,新型电力,公用事业,电力,风力发电,3.68,3.33,
2012-08-31,5.47,5.72,5.47,5.71,5.58,0.1299999999999999,2.33,1397111.0,5011690.800000001,1.568,0.002973,0.008142,0.76,,,1.3945,0.861,1.1288,,,470000000.0,470000000.0,171600000.0,1710800000.0,1710800000.0,新型电力,公用事业,电力,风力发电,3.74,3.38,
2012-09-03,5.68,5.96,5.61,5.74,5.71,0.0300000000000002,0.53,2030160.0,7541620.5,1.568,0.004319,0.011831,1.28,,,1.4021,0.8657,1.135,,,470000000.0,470000000.0,171600000.0,1720200000.0,1720200000.0,新型电力,公用事业,电力,风力发电,3.82,3.46,
2012-09-04,5.74,5.82,5.66,5.75,5.74,0.0099999999999997,0.17,1234614.0,4512096.0,1.568,0.002627,0.007195,0.8,,,1.4059,0.8681,1.1381,,,470000000.0,470000000.0,171600000.0,1724900000.0,1724900000.0,新型电力,公用事业,电力,风力发电,3.84,3.48,
2012-09-05,5.8,5.96,5.72,5.9,5.75,0.1500000000000003,2.61,1765718.0,6602163.3,1.568,0.003757,0.0102899999999999,1.17,,,1.4404,0.8894,1.166,,,470000000.0,470000000.0,171600000.0,1767200000.0,1767200000.0,新型电力,公用事业,电力,风力发电,3.85,3.49,
2012-09-06,5.9,5.93,5.8,5.85,5.9,-0.0500000000000007,-0.85,954929.0,3566195.9000000004,1.568,0.002032,0.005565,0.58,,,1.4289,0.8823,1.1567,,,470000000.0,470000000.0,171600000.0,1753100000.0,1753100000.0,新型电力,公用事业,电力,风力发电,3.95,3.57,
2012-09-07,5.83,6.01,5.83,5.9,5.85,0.0500000000000007,0.85,3252299.0,12264790.2,1.568,0.0069199999999999,0.018953,2.2,,,1.4404,0.8894,1.166,,,470000000.0,470000000.0,171600000.0,1767200000.0,1767200000.0,新型电力,公用事业,电力,风力发电,3.92,3.54,
2012-09-10,5.88,5.9,5.77,5.82,5.9,-0.08,-1.36,1823201.0,6773082.2,1.568,0.003879,0.010625,0.99,,,1.4213,0.8775,1.1505,,,470000000.0,470000000.0,171600000.0,1743700000.0,1743700000.0,新型电力,公用事业,电力,风力发电,3.95,3.57,
2012-09-11,5.8,5.85,5.74,5.83,5.82,0.0099999999999997,0.17,819159.0,3031807.2,1.568,0.001743,0.004774,0.45,,,1.4251,0.8799,1.1536,,,470000000.0,470000000.0,171600000.0,1748400000.0,1748400000.0,新型电力,公用事业,电力,风力发电,3.9,3.52,
2012-09-12,5.8,5.86,5.79,5.82,5.83,-0.0099999999999997,-0.17,1062574.0,3942485.3,1.568,0.002261,0.006192,0.62,,,1.4213,0.8775,1.1505,,,470000000.0,470000000.0,171600000.0,1743700000.0,1743700000.0,新型电力,公用事业,电力,风力发电,3.91,3.53,
2012-09-13,5.8,5.86,5.77,5.79,5.82,-0.0300000000000002,-0.52,1005644.0,3725036.5,1.568,0.00214,0.00586,0.64,,,1.4136,0.8728,1.1443,,,470000000.0,470000000.0,171600000.0,1734300000.0,1734300000.0,新型电力,公用事业,电力,风力发电,3.9,3.52,
2012-09-14,5.77,5.9,5.71,5.77,5.79,-0.0200000000000004,-0.35,1120698.0,4133478.4,1.568,0.002384,0.006531,0.7,,,1.4098,0.8704,1.1412,,,470000000.0,470000000.0,171600000.0,1729600000.0,1729600000.0,新型电力,公用事业,电力,风力发电,3.87,3.51,
2012-09-17,5.75,5.8,5.57,5.64,5.77,-0.1299999999999999,-2.25,970229.0,3521959.7,1.568,0.002064,0.005654,0.83,,,1.3791,0.8515,1.1164,,,470000000.0,470000000.0,171600000.0,1692000000.0,1692000000.0,新型电力,公用事业,电力,风力发电,3.86,3.5,
2012-09-18,5.58,5.64,5.52,5.6,5.64,-0.04,-0.71,443829.0,1574266.9,1.568,0.000944,0.0025859999999999,0.45,,,1.3676,0.8444,1.1071,,,470000000.0,470000000.0,171600000.0,1677900000.0,1677900000.0,新型电力,公用事业,电力,风力发电,3.78,3.42,
2012-09-19,5.55,5.66,5.55,5.6,5.6,0.0,0.0,279945.0,1000982.6,1.568,0.000596,0.0016309999999999,0.3,,,1.3676,0.8444,1.1071,,,470000000.0,470000000.0,171600000.0,1677900000.0,1677900000.0,新型电力,公用事业,电力,风力发电,3.75,3.39,
2012-09-20,5.66,5.66,5.36,5.39,5.6,-0.2099999999999999,-3.75,740698.0,2583582.7,1.568,0.001576,0.0043159999999999,0.97,,,1.3178,0.8137,1.0668,,,470000000.0,470000000.0,171600000.0,1616800000.0,1616800000.0,新型电力,公用事业,电力,风力发电,3.75,3.39,
2012-09-21,5.39,5.52,5.33,5.35,5.39,-0.04,-0.74,659802.0,2278840.8,1.568,0.0014039999999999,0.003845,0.93,,,1.3063,0.8066,1.0575,,,470000000.0,470000000.0,171600000.0,1602700000.0,1602700000.0,新型电力,公用事业,电力,风力发电,3.61,3.27,
2012-09-24,5.33,5.39,5.25,5.38,5.35,0.0300000000000002,0.56,451265.0,1530658.0,1.568,0.00096,0.00263,0.73,,,1.314,0.8113,1.0637,,,470000000.0,470000000.0,171600000.0,1612100000.0,1612100000.0,新型电力,公用事业,电力,风力发电,3.58,3.24,
2012-09-25,5.43,5.49,5.35,5.36,5.38,-0.0199999999999995,-0.37,255000.0,877664.0,1.568,0.000543,0.001486,0.5,,,1.3102,0.809,1.0606,,,470000000.0,470000000.0,171600000.0,1607400000.0,1607400000.0,新型电力,公用事业,电力,风力发电,3.6,3.26,
2012-09-26,5.41,5.41,5.22,5.24,5.36,-0.1200000000000001,-2.24,713200.0,2430059.0,1.568,0.001517,0.004156,1.49,,,1.2795,0.79,1.0358,,,470000000.0,470000000.0,171600000.0,1569800000.0,1569800000.0,新型电力,公用事业,电力,风力发电,3.59,3.25,
2012-09-27,5.24,5.38,5.24,5.32,5.24,0.08,1.53,857496.9999999999,2899364.0,1.568,0.001824,0.004997,1.52,,,1.2987,0.8019,1.0513,,,470000000.0,470000000.0,171600000.0,1593300000.0,1593300000.0,新型电力,公用事业,电力,风力发电,3.51,3.17,
2012-09-28,5.32,5.44,5.28,5.43,5.32,0.1099999999999994,2.07,974481.0,3339110.9,1.568,0.002073,0.005679,1.66,,,1.3255,0.8184,1.073,,,470000000.0,470000000.0,171600000.0,1626200000.0,1626200000.0,新型电力,公用事业,电力,风力发电,3.56,3.22,
2012-10-08,5.41,5.52,5.41,5.47,5.43,0.04,0.74,838836.0,2931259.1,1.568,0.001785,0.004888,1.29,,,1.337,0.8255,1.0823,,,470000000.0,470000000.0,171600000.0,1640300000.0,1640300000.0,新型电力,公用事业,电力,风力发电,3.63,3.29,
2012-10-09,5.47,5.64,5.47,5.64,5.47,0.1699999999999999,3.11,1210564.0,4298408.5,1.568,0.002576,0.007055,1.66,,,1.3791,0.8515,1.1164,,,470000000.0,470000000.0,171600000.0,1692000000.0,1692000000.0,新型电力,公用事业,电力,风力发电,3.66,3.32,
2012-10-10,5.57,5.82,5.55,5.74,5.64,0.1000000000000005,1.77,1582609.0,5800619.6,1.568,0.003367,0.009223,1.72,,,1.4021,0.8657,1.135,,,470000000.0,470000000.0,171600000.0,1720200000.0,1720200000.0,新型电力,公用事业,电力,风力发电,3.78,3.42,
2012-10-11,5.72,6.02,5.64,5.86,5.74,0.1200000000000001,2.09,2709455.0,10211736.0,1.568,0.005765,0.015789,2.48,,,1.4328,0.8846,1.1598,,,470000000.0,470000000.0,171600000.0,1757800000.0,1757800000.0,新型电力,公用事业,电力,风力发电,3.84,3.48,
2012-10-12,5.83,5.96,5.72,5.8,5.86,-0.0600000000000005,-1.02,1306330.0,4836818.4,1.568,0.002779,0.007613,0.89,,,1.4174,0.8752,1.1474,,,470000000.0,470000000.0,171600000.0,1739000000.0,1739000000.0,新型电力,公用事业,电力,风力发电,3.93,3.55,
2012-10-15,5.8,5.82,5.63,5.69,5.8,-0.1099999999999994,-1.9,991320.0,3608769.7,1.568,0.002109,0.005777,0.65,,,1.3906,0.8586,1.1257,,,470000000.0,470000000.0,171600000.0,1706100000.0,1706100000.0,新型电力,公用事业,电力,风力发电,3.89,3.52,
2012-10-16,5.74,5.83,5.69,5.8,5.69,0.1099999999999994,1.93,876345.0000000001,3225437.5,1.568,0.001865,0.005107,0.56,,,1.4174,0.8752,1.1474,,,470000000.0,470000000.0,171600000.0,1739000000.0,1739000000.0,新型电力,公用事业,电力,风力发电,3.81,3.45,
2012-10-17,5.8,5.85,5.72,5.8,5.8,0.0,0.0,655065.0,2415125.1,1.568,0.001394,0.0038169999999999,0.44,,,1.4174,0.8752,1.1474,,,470000000.0,470000000.0,171600000.0,1739000000.0,1739000000.0,新型电力,公用事业,电力,风力发电,3.89,3.52,
2012-10-18,5.79,6.07,5.79,5.91,5.8,0.1100000000000003,1.9,1925439.0,7285060.4,1.568,0.004097,0.011221,1.47,,,1.4443,0.8917,1.1691,,,470000000.0,470000000.0,171600000.0,1771900000.0,1771900000.0,新型电力,公用事业,电力,风力发电,3.89,3.52,
2012-10-19,5.96,6.08,5.91,6.05,5.91,0.1399999999999996,2.37,2066027.0,7936848.8,1.568,0.004396,0.01204,1.8,,,1.4787,0.913,1.1971,,,470000000.0,470000000.0,171600000.0,1814200000.0,1814200000.0,新型电力,公用事业,电力,风力发电,3.96,3.58,
2012-10-22,5.99,6.29,5.99,6.19,6.05,0.1400000000000005,2.31,2230564.0,8815325.9,1.568,0.004746,0.012999,1.71,,,1.5132,0.9343,1.225,,,470000000.0,470000000.0,171600000.0,1856500000.0,1856500000.0,新型电力,公用事业,电力,风力发电,4.05,3.67,
2012-10-23,6.19,6.27,6.07,6.13,6.19,-0.0600000000000005,-0.97,1280937.0,5009698.1,1.568,0.002725,0.007465,0.83,,,1.4979,0.9249,1.2126,,,470000000.0,470000000.0,171600000.0,1837700000.0,1837700000.0,新型电力,公用事业,电力,风力发电,4.15,3.75,
2012-10-24,6.12,6.35,6.12,6.32,6.13,0.1900000000000004,3.1,2836393.0,11331049.4,1.568,0.006035,0.016529,1.74,,,1.5439,0.9532,1.2498,,,470000000.0,470000000.0,171600000.0,1894100000.0,1894100000.0,新型电力,公用事业,电力,风力发电,4.11,3.71,
2012-10-25,6.32,6.35,6.13,6.15,6.32,-0.1699999999999999,-2.69,4319637.0,17237812.7,1.568,0.009191,0.025173,2.09,,,1.5017,0.9272,1.2157,,,470000000.0,470000000.0,171600000.0,1842400000.0,1842400000.0,新型电力,公用事业,电力,风力发电,4.23,3.83,
2012-10-26,6.13,6.16,5.86,5.94,6.15,-0.2099999999999999,-3.41,1680730.0,6444458.5,1.568,0.0035759999999999,0.009794,0.66,,,1.4519,0.8965,1.1753,,,470000000.0,470000000.0,171600000.0,1781300000.0,1781300000.0,新型电力,公用事业,电力,风力发电,4.12,3.72,
2012-10-29,5.91,6.15,5.91,6.04,5.94,0.0999999999999996,1.68,990272.0,3826943.6,1.568,0.002107,0.0057709999999999,0.4,,,1.4749,0.9107,1.1939,,,470000000.0,470000000.0,171600000.0,1809500000.0,1809500000.0,新型电力,公用事业,电力,风力发电,3.98,3.6,
2012-10-30,6.04,6.1,5.96,6.01,6.04,-0.0300000000000002,-0.5,798005.0,3068489.6,1.568,0.001698,0.00465,0.36,,,1.4672,0.9059,1.1877,,,470000000.0,470000000.0,171600000.0,1800100000.0,1800100000.0,新型电力,公用事业,电力,风力发电,4.04,3.66,
2012-10-31,6.01,6.21,6.01,6.07,6.01,0.0600000000000005,1.0,909345.0,3548211.3,1.568,0.001935,0.005299,0.43,,,1.4685,0.9154,1.0776,,,470000000.0,470000000.0,171600000.0,1818900000.0,1818900000.0,新型电力,公用事业,电力,风力发电,4.02,3.64,
2012-11-01,6.07,6.19,6.07,6.15,6.07,0.08,1.32,1338504.0,5230131.0,1.568,0.002848,0.0078,0.77,,,1.4875,0.9272,1.0915,,,470000000.0,470000000.0,171600000.0,1842400000.0,1842400000.0,新型电力,公用事业,电力,风力发电,4.06,3.68,
2012-11-02,6.18,6.33,6.13,6.29,6.15,0.1399999999999996,2.28,1511550.0,6029243.8,1.568,0.003216,0.008809,1.32,,,1.5216,0.9485,1.1166,,,470000000.0,470000000.0,171600000.0,1884700000.0,1884700000.0,新型电力,公用事业,电力,风力发电,4.12,3.72,
2012-11-05,6.29,6.46,6.29,6.41,6.29,0.1200000000000001,1.91,2254656.0,9178698.2,1.568,0.004797,0.013139,2.03,,,1.552,0.9674,1.1388,,,470000000.0,470000000.0,171600000.0,1922300000.0,1922300000.0,新型电力,公用事业,电力,风力发电,4.21,3.81,
2012-11-06,6.43,6.43,6.1,6.18,6.41,-0.2300000000000004,-3.59,2192207.0,8719080.5,1.568,0.004664,0.012775,1.61,,,1.4951,0.9319,1.0971,,,470000000.0,470000000.0,171600000.0,1851800000.0,1851800000.0,新型电力,公用事业,电力,风力发电,4.29,3.89,
2012-11-07,6.19,6.29,6.1,6.21,6.18,0.0300000000000002,0.49,1357527.0,5361745.3,1.568,0.002888,0.007911,0.83,,,1.5026,0.9367,1.1026,,,470000000.0,470000000.0,171600000.0,1861200000.0,1861200000.0,新型电力,公用事业,电力,风力发电,4.14,3.74,
2012-11-08,6.21,6.21,5.93,5.94,6.21,-0.2699999999999996,-4.35,1113522.0,4296370.8,1.568,0.002369,0.006489,0.64,,,1.4381,0.8965,1.0553,,,470000000.0,470000000.0,171600000.0,1781300000.0,1781300000.0,新型电力,公用事业,电力,风力发电,4.16,3.76,
2012-11-09,5.86,6.24,5.86,6.24,5.94,0.2999999999999998,5.05,4343849.0,17271709.0,1.568,0.009242,0.025314,2.58,,,1.5102,0.9414,1.1082,,,470000000.0,470000000.0,171600000.0,1870600000.0,1870600000.0,新型电力,公用事业,电力,风力发电,3.98,3.6,
2012-11-12,6.22,6.27,6.08,6.15,6.24,-0.0899999999999998,-1.44,3116007.0,12247579.8,1.568,0.00663,0.018159,1.38,,,1.4875,0.9272,1.0915,,,470000000.0,470000000.0,171600000.0,1842400000.0,1842400000.0,新型电力,公用事业,电力,风力发电,4.18,3.78,
2012-11-13,6.12,6.13,5.83,5.85,6.15,-0.3000000000000007,-4.88,3331331.0,12575309.8,1.568,0.007088,0.019413,1.37,,,1.4154,0.8823,1.0386,,,470000000.0,470000000.0,171600000.0,1753100000.0,1753100000.0,新型电力,公用事业,电力,风力发电,4.12,3.72,
2012-11-14,5.8,5.9,5.79,5.88,5.85,0.0300000000000002,0.51,955642.0,3568238.5,1.568,0.002033,0.0055689999999999,0.36,,,1.423,0.887,1.0442,,,470000000.0,470000000.0,171600000.0,1762500000.0,1762500000.0,新型电力,公用事业,电力,风力发电,3.92,3.54,
2012-11-15,5.8,6.16,5.69,5.97,5.88,0.0899999999999998,1.53,1352529.0,5096942.0,1.568,0.002878,0.007882,0.53,,,1.4457,0.9012,1.0609,,,470000000.0,470000000.0,171600000.0,1790700000.0,1790700000.0,新型电力,公用事业,电力,风力发电,3.94,3.56,
2012-11-16,5.88,6.04,5.79,5.97,5.97,0.0,0.0,1044362.0,3934903.2,1.568,0.002222,0.006086,0.4,,,1.4457,0.9012,1.0609,,,470000000.0,470000000.0,171600000.0,1790700000.0,1790700000.0,新型电力,公用事业,电力,风力发电,4.0,3.62,
2012-11-19,5.91,6.21,5.86,6.13,5.97,0.1600000000000001,2.68,1640191.9999999998,6338749.300000001,1.568,0.0034899999999999,0.009558,0.84,,,1.4837,0.9249,1.0887,,,470000000.0,470000000.0,171600000.0,1837700000.0,1837700000.0,新型电力,公用事业,电力,风力发电,4.0,3.62,
2012-11-20,6.13,6.22,6.04,6.07,6.13,-0.0599999999999996,-0.98,1380075.0,5412425.4,1.568,0.002936,0.008042,0.83,,,1.4685,0.9154,1.0776,,,470000000.0,470000000.0,171600000.0,1818900000.0,1818900000.0,新型电力,公用事业,电力,风力发电,4.11,3.71,
2012-11-21,6.07,6.26,6.01,6.16,6.07,0.0899999999999998,1.48,957651.0,3732171.8,1.568,0.002038,0.005581,0.75,,,1.4913,0.9296,1.0943,,,470000000.0,470000000.0,171600000.0,1847100000.0,1847100000.0,新型电力,公用事业,电力,风力发电,4.06,3.68,
2012-11-22,6.13,6.24,6.08,6.19,6.16,0.0300000000000002,0.49,1118768.0,4412759.0,1.568,0.0023799999999999,0.00652,0.88,,,1.4988,0.9343,1.0999,,,470000000.0,470000000.0,171600000.0,1856500000.0,1856500000.0,新型电力,公用事业,电力,风力发电,4.13,3.73,
2012-11-23,6.21,6.21,6.1,6.16,6.19,-0.0300000000000002,-0.48,644657.0,2531376.7,1.568,0.001372,0.003757,0.52,,,1.4913,0.9296,1.0943,,,470000000.0,470000000.0,171600000.0,1847100000.0,1847100000.0,新型电力,公用事业,电力,风力发电,4.15,3.75,
2012-11-26,6.15,6.15,5.99,6.01,6.16,-0.1500000000000003,-2.44,678960.0,2631599.0,1.568,0.0014449999999999,0.003957,0.59,,,1.4533,0.9059,1.0664,,,470000000.0,470000000.0,171600000.0,1800100000.0,1800100000.0,新型电力,公用事业,电力,风力发电,4.13,3.73,
2012-11-27,5.96,6.04,5.71,5.71,6.01,-0.2999999999999998,-4.99,1518443.0,5576134.100000001,1.568,0.003231,0.008849,1.59,,,1.3812,0.861,1.0135,,,470000000.0,470000000.0,171600000.0,1710800000.0,1710800000.0,新型电力,公用事业,电力,风力发电,4.02,3.64,
2012-11-28,5.64,5.71,5.46,5.63,5.71,-0.08,-1.4,971813.0,3445233.7,1.568,0.002068,0.005663,0.99,,,1.3622,0.8492,0.9996,,,470000000.0,470000000.0,171600000.0,1687300000.0,1687300000.0,新型电力,公用事业,电力,风力发电,3.82,3.46,
2012-11-29,5.57,5.68,5.55,5.55,5.63,-0.08,-1.42,392450.0,1404918.0,1.568,0.000835,0.002287,0.4,,,1.3433,0.8373,0.9857,,,470000000.0,470000000.0,171600000.0,1663800000.0,1663800000.0,新型电力,公用事业,电力,风力发电,3.77,3.41,
2012-11-30,5.49,5.69,5.49,5.63,5.55,0.08,1.44,395894.0,1411332.6,1.568,0.000842,0.002307,0.47,,,1.3622,0.8492,0.9996,,,470000000.0,470000000.0,171600000.0,1687300000.0,1687300000.0,新型电力,公用事业,电力,风力发电,3.72,3.36,
2012-12-03,5.35,5.52,5.35,5.38,5.63,-0.25,-4.44,1205513.0,4147793.6,1.568,0.002565,0.007025,1.52,,,1.3015,0.8113,0.9551,,,470000000.0,470000000.0,171600000.0,1612100000.0,1612100000.0,新型电力,公用事业,电力,风力发电,3.77,3.41,
2012-12-04,5.35,5.38,5.13,5.28,5.38,-0.0999999999999996,-1.86,1338868.0,4470827.100000001,1.568,0.002849,0.007802,1.49,,,1.2788,0.7971,0.9384,,,470000000.0,470000000.0,171600000.0,1583900000.0,1583900000.0,新型电力,公用事业,电力,风力发电,3.6,3.26,
2012-12-05,5.24,5.55,5.24,5.46,5.28,0.1799999999999997,3.41,1364329.0,4730749.899999999,1.568,0.002903,0.007951,1.58,,,1.3205,0.8231,0.969,,,470000000.0,470000000.0,171600000.0,1635600000.0,1635600000.0,新型电力,公用事业,电力,风力发电,3.54,3.2,
2012-12-06,5.46,5.57,5.46,5.5,5.46,0.04,0.73,648258.0,2277207.5,1.568,0.001379,0.003778,0.69,,,1.3319,0.8302,0.9773,,,470000000.0,470000000.0,171600000.0,1649700000.0,1649700000.0,新型电力,公用事业,电力,风力发电,3.65,3.31,
2012-12-07,5.49,5.61,5.46,5.61,5.5,0.1100000000000003,2.0,834434.0,2962340.3,1.568,0.0017749999999999,0.004863,0.84,,,1.3584,0.8468,0.9968,,,470000000.0,470000000.0,171600000.0,1682600000.0,1682600000.0,新型电力,公用事业,电力,风力发电,3.69,3.33,
2012-12-10,5.58,5.72,5.55,5.64,5.61,0.0299999999999993,0.53,865745.0000000001,3116774.6,1.568,0.001842,0.0050449999999999,0.8,,,1.366,0.8515,1.0024,,,470000000.0,470000000.0,171600000.0,1692000000.0,1692000000.0,新型电力,公用事业,电力,风力发电,3.76,3.4,
2012-12-11,5.68,5.72,5.61,5.66,5.64,0.0200000000000004,0.35,801053.0,2894457.3,1.568,0.001704,0.004668,0.79,,,1.3698,0.8539,1.0052,,,470000000.0,470000000.0,171600000.0,1696700000.0,1696700000.0,新型电力,公用事业,电力,风力发电,3.78,3.42,
2012-12-12,5.66,5.79,5.57,5.69,5.66,0.0300000000000002,0.53,790218.0,2852758.4000000004,1.568,0.001681,0.004605,0.88,,,1.3774,0.8586,1.0108,,,470000000.0,470000000.0,171600000.0,1706100000.0,1706100000.0,新型电力,公用事业,电力,风力发电,3.79,3.43,
2012-12-13,5.55,5.83,5.55,5.68,5.69,-0.0100000000000006,-0.18,1320569.0,4797136.7,1.568,0.00281,0.007696,1.68,,,1.3736,0.8563,1.008,,,470000000.0,470000000.0,171600000.0,1701400000.0,1701400000.0,新型电力,公用事业,电力,风力发电,3.81,3.45,
2012-12-14,5.63,5.83,5.61,5.8,5.68,0.1200000000000001,2.11,1744012.0,6413680.6,1.568,0.003711,0.010163,1.89,,,1.404,0.8752,1.0302,,,470000000.0,470000000.0,171600000.0,1739000000.0,1739000000.0,新型电力,公用事业,电力,风力发电,3.8,3.44,
2012-12-17,5.79,5.85,5.75,5.79,5.8,-0.0099999999999997,-0.17,1449051.0,5354869.800000001,1.568,0.003083,0.008444,1.31,,,1.4002,0.8728,1.0275,,,470000000.0,470000000.0,171600000.0,1734300000.0,1734300000.0,新型电力,公用事业,电力,风力发电,3.89,3.52,
2012-12-18,5.79,5.88,5.69,5.72,5.79,-0.0700000000000002,-1.21,1794111.0,6631757.4,1.568,0.0038169999999999,0.010455,1.47,,,1.385,0.8634,1.0163,,,470000000.0,470000000.0,171600000.0,1715500000.0,1715500000.0,新型电力,公用事业,电力,风力发电,3.87,3.51,
2012-12-19,5.68,5.82,5.68,5.79,5.72,0.0700000000000002,1.22,1138926.0,4192651.8,1.568,0.002423,0.006637,0.8,,,1.4002,0.8728,1.0275,,,470000000.0,470000000.0,171600000.0,1734300000.0,1734300000.0,新型电力,公用事业,电力,风力发电,3.83,3.47,
2012-12-20,5.79,5.82,5.72,5.82,5.79,0.0300000000000002,0.52,1112634.0,4094402.8,1.568,0.0023669999999999,0.006484,0.75,,,1.4078,0.8775,1.033,,,470000000.0,470000000.0,171600000.0,1743700000.0,1743700000.0,新型电力,公用事业,电力,风力发电,3.87,3.51,
2012-12-21,5.82,5.9,5.77,5.82,5.82,0.0,0.0,1255859.0,4678501.7,1.568,0.002672,0.007319,0.87,,,1.4078,0.8775,1.033,,,470000000.0,470000000.0,171600000.0,1743700000.0,1743700000.0,新型电力,公用事业,电力,风力发电,3.9,3.52,
2012-12-24,5.82,6.01,5.77,5.96,5.82,0.1399999999999996,2.41,1548702.0,5809055.7,1.568,0.003295,0.009025,1.15,,,1.4419,0.8988,1.0581,,,470000000.0,470000000.0,171600000.0,1786000000.0,1786000000.0,新型电力,公用事业,电力,风力发电,3.9,3.52,
2012-12-25,5.96,6.15,5.9,6.01,5.96,0.0499999999999998,0.84,2883054.0,11057224.2,1.568,0.006134,0.016801,2.1,,,1.4533,0.9059,1.0664,,,470000000.0,470000000.0,171600000.0,1800100000.0,1800100000.0,新型电力,公用事业,电力,风力发电,3.99,3.61,
2012-12-26,5.88,6.15,5.83,6.08,6.01,0.0700000000000002,1.16,2283909.0,8768784.299999999,1.568,0.004859,0.013309,1.44,,,1.4723,0.9178,1.0804,,,470000000.0,470000000.0,171600000.0,1823600000.0,1823600000.0,新型电力,公用事业,电力,风力发电,4.02,3.64,
2012-12-27,6.12,6.38,5.94,6.01,6.08,-0.0700000000000002,-1.15,5031740.0,19733109.1,1.568,0.010706,0.029322,2.77,,,1.4533,0.9059,1.0664,,,470000000.0,470000000.0,171600000.0,1800100000.0,1800100000.0,新型电力,公用事业,电力,风力发电,4.07,3.69,
2012-12-28,5.96,6.07,5.94,5.94,6.01,-0.0699999999999994,-1.16,3112615.0,11863463.9,1.568,0.006623,0.018139,1.2,,,1.4381,0.8965,1.0553,,,470000000.0,470000000.0,171600000.0,1781300000.0,1781300000.0,新型电力,公用事业,电力,风力发电,4.02,3.64,
2012-12-31,6.24,6.24,6.18,6.24,5.94,0.2999999999999998,5.05,9662394.0,38446901.7,1.568,0.020558,0.056308,3.25,,,1.5102,0.9414,1.1082,,,470000000.0,470000000.0,171600000.0,1870600000.0,1870600000.0,新型电力,公用事业,电力,风力发电,3.98,3.6,
2013-01-04,6.3,6.49,6.24,6.3,6.24,0.0599999999999996,0.96,6726694.0,27200027.4,1.568,0.014312,0.0392,1.46,,,1.5254,0.9509,1.1193,,,470000000.0,470000000.0,171600000.0,1889400000.0,1889400000.0,新型电力,公用事业,电力,风力发电,4.18,3.78,
2013-01-07,6.32,6.43,6.18,6.35,6.3,0.0499999999999998,0.79,4123142.0,16615128.8,1.568,0.008773,0.024028,0.77,,,1.5368,0.958,1.1277,,,470000000.0,470000000.0,171600000.0,1903500000.0,1903500000.0,新型电力,公用事业,电力,风力发电,4.22,3.82,
2013-01-08,6.37,6.66,6.35,6.66,6.35,0.3100000000000005,4.88,7148531.0,29875565.7,1.568,0.01521,0.041658,1.25,,,1.6127,1.0053,1.1834,,,470000000.0,470000000.0,171600000.0,1997500000.0,1997500000.0,新型电力,公用事业,电力,风力发电,4.25,3.85,
2013-01-09,6.57,6.74,6.51,6.54,6.66,-0.1200000000000001,-1.8,6610442.0,27858901.2,1.568,0.014065,0.038522,1.07,,,1.5823,0.9864,1.1611,,,470000000.0,470000000.0,171600000.0,1959900000.0,1959900000.0,新型电力,公用事业,电力,风力发电,4.46,4.04,
2013-01-10,6.57,6.59,6.33,6.38,6.54,-0.1600000000000001,-2.45,5057765.0,20838504.6,1.568,0.010761,0.029474,0.74,,,1.5444,0.9627,1.1333,,,470000000.0,470000000.0,171600000.0,1912900000.0,1912900000.0,新型电力,公用事业,电力,风力发电,4.38,3.96,
2013-01-11,6.37,6.4,6.19,6.3,6.38,-0.08,-1.25,4898266.0,19683573.0,1.568,0.010422,0.0285449999999999,0.83,,,1.5254,0.9509,1.1193,,,470000000.0,470000000.0,171600000.0,1889400000.0,1889400000.0,新型电力,公用事业,电力,风力发电,4.27,3.87,
2013-01-14,6.3,6.52,6.27,6.48,6.3,0.1800000000000006,2.86,4266095.0,17408431.7,1.568,0.009077,0.024861,0.77,,,1.5671,0.9769,1.15,,,470000000.0,470000000.0,171600000.0,1941100000.0,1941100000.0,新型电力,公用事业,电力,风力发电,4.22,3.82,
2013-01-15,6.43,6.57,6.43,6.54,6.48,0.0599999999999996,0.93,4572177.0,18938977.4,1.568,0.009728,0.026644,0.82,,,1.5823,0.9864,1.1611,,,470000000.0,470000000.0,171600000.0,1959900000.0,1959900000.0,新型电力,公用事业,电力,风力发电,4.34,3.92,
2013-01-16,6.52,6.87,6.52,6.81,6.54,0.2699999999999996,4.13,6926598.0,29698023.8,1.568,0.014737,0.040365,1.36,,,1.6468,1.0266,1.2084,,,470000000.0,470000000.0,171600000.0,2039800000.0,2039800000.0,新型电力,公用事业,电力,风力发电,4.38,3.96,
2013-01-17,6.74,7.01,6.74,6.76,6.81,-0.0499999999999998,-0.73,3942983.0,17227093.5,1.568,0.008389,0.022978,0.77,,,1.6354,1.0195,1.2001,,,470000000.0,470000000.0,171600000.0,2025700000.0,2025700000.0,新型电力,公用事业,电力,风力发电,4.56,4.12,
2013-01-18,6.77,6.85,6.68,6.76,6.76,0.0,0.0,2563108.0,11047935.8,1.568,0.005453,0.014937,0.52,,,1.6354,1.0195,1.2001,,,470000000.0,470000000.0,171600000.0,2025700000.0,2025700000.0,新型电力,公用事业,电力,风力发电,4.53,4.09,
2013-01-21,6.76,7.1,6.76,7.09,6.76,0.33,4.88,4489630.0,20087938.1,1.568,0.009552,0.026163,1.01,,,1.7151,1.0691,1.2586,,,470000000.0,470000000.0,171600000.0,2124400000.0,2124400000.0,新型电力,公用事业,电力,风力发电,4.53,4.09,
2013-01-22,7.1,7.2,6.99,7.07,7.09,-0.0199999999999995,-0.28,3255730.0,14676426.6,1.568,0.006927,0.018973,0.72,,,1.7113,1.0668,1.2558,,,470000000.0,470000000.0,171600000.0,2119700000.0,2119700000.0,新型电力,公用事业,电力,风力发电,4.75,4.29,
2013-01-23,7.07,7.1,6.73,6.91,7.07,-0.1600000000000001,-2.26,2859600.0,12601265.1,1.568,0.006084,0.016664,0.68,,,1.6734,1.0431,1.2279,,,470000000.0,470000000.0,171600000.0,2072700000.0,2072700000.0,新型电力,公用事业,电力,风力发电,4.74,4.28,
2013-01-24,6.91,7.02,6.71,6.81,6.91,-0.1000000000000005,-1.45,2653268.0,11664185.5,1.568,0.005645,0.015462,0.78,,,1.6468,1.0266,1.2084,,,470000000.0,470000000.0,171600000.0,2039800000.0,2039800000.0,新型电力,公用事业,电力,风力发电,4.63,4.19,
2013-01-25,6.87,7.15,6.74,7.1,6.81,0.29,4.26,4734230.0,21102732.0,1.568,0.010073,0.027589,1.5,,,1.7189,1.0715,1.2614,,,470000000.0,470000000.0,171600000.0,2129100000.0,2129100000.0,新型电力,公用事业,电力,风力发电,4.56,4.12,
2013-01-28,7.12,7.17,7.04,7.13,7.1,0.0300000000000002,0.42,3363650.0,15231168.0,1.568,0.007157,0.0196019999999999,0.93,,,1.7265,1.0762,1.2669,,,470000000.0,470000000.0,171600000.0,2138500000.0,2138500000.0,新型电力,公用事业,电力,风力发电,4.76,4.3,
2013-01-29,7.13,7.13,6.98,7.07,7.13,-0.0599999999999996,-0.84,2339485.0,10505809.8,1.568,0.004978,0.013633,0.69,,,1.7113,1.0668,1.2558,,,470000000.0,470000000.0,171600000.0,2119700000.0,2119700000.0,新型电力,公用事业,电力,风力发电,4.78,4.32,
2013-01-30,7.09,7.1,6.93,7.02,7.07,-0.0500000000000007,-0.71,1852314.0,8289693.999999999,1.568,0.003941,0.010794,0.58,,,1.7,1.0597,1.2474,,,470000000.0,470000000.0,171600000.0,2105600000.0,2105600000.0,新型电力,公用事业,电力,风力发电,4.74,4.28,
2013-01-31,7.02,7.06,6.84,6.98,7.02,-0.0399999999999991,-0.57,2173031.0,9614311.4,1.568,0.0046229999999999,0.012663,0.73,,,1.6886,1.0526,1.2391,,,470000000.0,470000000.0,171600000.0,2091500000.0,2091500000.0,新型电力,公用事业,电力,风力发电,4.7,4.26,
2013-02-01,6.95,7.15,6.91,7.04,6.98,0.0599999999999996,0.86,2709256.0,12227800.8,1.568,0.005764,0.015788,0.94,,,1.7038,1.062,1.2502,,,470000000.0,470000000.0,171600000.0,2110300000.0,2110300000.0,新型电力,公用事业,电力,风力发电,4.67,4.23,
2013-02-04,7.06,7.13,6.9,6.93,7.04,-0.1100000000000003,-1.56,2672771.0,11928422.0,1.568,0.005687,0.015576,1.07,,,1.6772,1.0455,1.2307,,,470000000.0,470000000.0,171600000.0,2077400000.0,2077400000.0,新型电力,公用事业,电力,风力发电,4.71,4.27,
2013-02-05,6.87,7.24,6.77,7.21,6.93,0.2800000000000002,4.04,6610792.999999999,29949416.0,1.568,0.014066,0.0385239999999999,2.81,,,1.7455,1.0881,1.2808,,,470000000.0,470000000.0,171600000.0,2162000000.0,2162000000.0,新型电力,公用事业,电力,风力发电,4.64,4.2,
2013-02-06,7.15,7.23,6.95,7.2,7.21,-0.0099999999999997,-0.14,5560506.0,25259141.2,1.568,0.011831,0.032404,1.74,,,1.7417,1.0857,1.2781,,,470000000.0,470000000.0,171600000.0,2157300000.0,2157300000.0,新型电力,公用事业,电力,风力发电,4.83,4.37,
2013-02-07,7.17,7.24,7.07,7.18,7.2,-0.0200000000000004,-0.28,4214704.0,19297776.3,1.568,0.008967,0.024561,1.07,,,1.7379,1.0833,1.2753,,,470000000.0,470000000.0,171600000.0,2152600000.0,2152600000.0,新型电力,公用事业,电力,风力发电,4.82,4.36,
2013-02-08,7.09,7.28,7.09,7.2,7.18,0.0200000000000004,0.28,3940021.0,18068304.4,1.568,0.008383,0.0229599999999999,0.91,,,1.7417,1.0857,1.2781,,,470000000.0,470000000.0,171600000.0,2157300000.0,2157300000.0,新型电力,公用事业,电力,风力发电,4.81,4.35,
2013-02-18,7.17,7.24,7.07,7.09,7.2,-0.1100000000000003,-1.53,2427200.0,11054516.0,1.568,0.0051639999999999,0.014145,0.53,,,1.7151,1.0691,1.2586,,,470000000.0,470000000.0,171600000.0,2124400000.0,2124400000.0,新型电力,公用事业,电力,风力发电,4.82,4.36,
2013-02-19,7.09,7.09,6.84,6.88,7.09,-0.2099999999999999,-2.96,2680096.0,11854424.4,1.568,0.005702,0.015618,0.59,,,1.6658,1.0384,1.2224,,,470000000.0,470000000.0,171600000.0,2063300000.0,2063300000.0,新型电力,公用事业,电力,风力发电,4.75,4.29,
2013-02-20,6.88,6.99,6.84,6.98,6.88,0.1000000000000005,1.45,1400918.0,6176121.8,1.568,0.0029809999999999,0.008164,0.37,,,1.6886,1.0526,1.2391,,,470000000.0,470000000.0,171600000.0,2091500000.0,2091500000.0,新型电力,公用事业,电力,风力发电,4.61,4.17,
2013-02-21,6.95,6.95,6.66,6.71,6.98,-0.2700000000000004,-3.87,1913207.0,8288488.4,1.568,0.004071,0.011149,0.65,,,1.6241,1.0124,1.1917,,,470000000.0,470000000.0,171600000.0,2011600000.0,2011600000.0,新型电力,公用事业,电力,风力发电,4.67,4.23,
2013-02-22,6.68,6.84,6.66,6.71,6.71,0.0,0.0,2024481.0,8725500.0,1.568,0.004307,0.011798,0.82,,,1.6241,1.0124,1.1917,,,470000000.0,470000000.0,171600000.0,2011600000.0,2011600000.0,新型电力,公用事业,电力,风力发电,4.49,4.07,
2013-02-25,6.74,6.84,6.66,6.79,6.71,0.08,1.19,1587950.0,6843164.1,1.568,0.0033789999999999,0.009254,0.76,,,1.643,1.0242,1.2057,,,470000000.0,470000000.0,171600000.0,2035100000.0,2035100000.0,新型电力,公用事业,电力,风力发电,4.49,4.07,
2013-02-26,6.79,6.84,6.59,6.6,6.79,-0.1900000000000004,-2.8,2020344.0,8648070.700000001,1.568,0.004299,0.011774,1.05,,,1.5975,0.9958,1.1723,,,470000000.0,470000000.0,171600000.0,1978700000.0,1978700000.0,新型电力,公用事业,电力,风力发电,4.55,4.11,
2013-02-27,6.63,6.7,6.55,6.62,6.6,0.0200000000000004,0.3,1419101.0,5984447.100000001,1.568,0.003019,0.00827,0.79,,,1.6013,0.9982,1.175,,,470000000.0,470000000.0,171600000.0,1983400000.0,1983400000.0,新型电力,公用事业,电力,风力发电,4.42,4.0,
2013-02-28,6.65,6.95,6.63,6.9,6.62,0.2800000000000002,4.23,3769984.0,16452472.3,1.568,0.008021,0.02197,2.1,,,1.6696,1.0408,1.2252,,,470000000.0,470000000.0,171600000.0,2068000000.0,2068000000.0,新型电力,公用事业,电力,风力发电,4.43,4.01,
2013-03-01,6.91,6.91,6.82,6.88,6.9,-0.0200000000000004,-0.29,1308655.0,5726000.699999999,1.568,0.002784,0.0076259999999999,0.6,,,1.6658,1.0384,1.2224,,,470000000.0,470000000.0,171600000.0,2063300000.0,2063300000.0,新型电力,公用事业,电力,风力发电,4.62,4.18,
2013-03-04,6.9,6.9,6.68,6.7,6.88,-0.1799999999999997,-2.62,1919900.0,8265282.999999999,1.568,0.004085,0.011188,0.95,,,1.6203,1.01,1.189,,,470000000.0,470000000.0,171600000.0,2006900000.0,2006900000.0,新型电力,公用事业,电力,风力发电,4.61,4.17,
2013-03-05,6.7,6.98,6.63,6.9,6.7,0.2000000000000001,2.99,2054826.0,9006261.6,1.568,0.004372,0.011975,0.98,,,1.6696,1.0408,1.2252,,,470000000.0,470000000.0,171600000.0,2068000000.0,2068000000.0,新型电力,公用事业,电力,风力发电,4.48,4.06,
2013-03-06,6.88,6.98,6.84,6.91,6.9,0.0099999999999997,0.14,1769950.0,7797913.7,1.568,0.003766,0.010314,0.85,,,1.6734,1.0431,1.2279,,,470000000.0,470000000.0,171600000.0,2072700000.0,2072700000.0,新型电力,公用事业,电力,风力发电,4.62,4.18,
2013-03-07,6.93,7.04,6.84,6.91,6.91,0.0,0.0,2933199.0,12972120.8,1.568,0.006241,0.017093,1.36,,,1.6734,1.0431,1.2279,,,470000000.0,470000000.0,171600000.0,2072700000.0,2072700000.0,新型电力,公用事业,电力,风力发电,4.63,4.19,
2013-03-08,6.93,6.98,6.85,6.9,6.91,-0.0099999999999997,-0.14,1244564.0,5481292.6,1.568,0.0026479999999999,0.0072529999999999,0.62,,,1.6696,1.0408,1.2252,,,470000000.0,470000000.0,171600000.0,2068000000.0,2068000000.0,新型电力,公用事业,电力,风力发电,4.63,4.19,
2013-03-11,6.91,6.91,6.79,6.87,6.9,-0.0300000000000002,-0.43,1080460.0,4714976.6,1.568,0.002299,0.006296,0.54,,,1.662,1.036,1.2196,,,470000000.0,470000000.0,171600000.0,2058600000.0,2058600000.0,新型电力,公用事业,电力,风力发电,4.62,4.18,
2013-03-12,6.84,6.87,6.62,6.76,6.87,-0.1100000000000003,-1.6,2266529.0,9753805.7,1.568,0.004822,0.013208,1.25,,,1.6354,1.0195,1.2001,,,470000000.0,470000000.0,171600000.0,2025700000.0,2025700000.0,新型电力,公用事业,电力,风力发电,4.6,4.16,
2013-03-13,6.74,6.74,6.65,6.71,6.76,-0.0499999999999998,-0.74,1139141.0,4857034.0,1.568,0.002424,0.006638,0.61,,,1.6241,1.0124,1.1917,,,470000000.0,470000000.0,171600000.0,2011600000.0,2011600000.0,新型电力,公用事业,电力,风力发电,4.53,4.09,
2013-03-14,6.68,6.96,6.66,6.77,6.71,0.0599999999999996,0.89,1508772.0,6536144.4,1.568,0.00321,0.008792,0.87,,,1.6392,1.0218,1.2029,,,470000000.0,470000000.0,171600000.0,2030400000.0,2030400000.0,新型电力,公用事业,电力,风力发电,4.49,4.07,
2013-03-15,6.73,6.84,6.71,6.73,6.77,-0.0399999999999991,-0.59,723599.0,3127133.7,1.568,0.00154,0.004217,0.5,,,1.6279,1.0147,1.1945,,,470000000.0,470000000.0,171600000.0,2016300000.0,2016300000.0,新型电力,公用事业,电力,风力发电,4.54,4.1,
2013-03-18,6.74,6.82,6.7,6.82,6.73,0.0899999999999998,1.34,1093412.0,4719826.2,1.568,0.002326,0.006372,0.81,,,1.6506,1.0289,1.2112,,,470000000.0,470000000.0,171600000.0,2044500000.0,2044500000.0,新型电力,公用事业,电力,风力发电,4.5,4.08,
2013-03-19,6.77,7.17,6.77,7.06,6.82,0.2399999999999993,3.52,7878039.0,35523439.400000006,1.568,0.016762,0.045909,5.85,,,1.7075,1.0644,1.253,,,470000000.0,470000000.0,171600000.0,2115000000.0,2115000000.0,新型电力,公用事业,电力,风力发电,4.57,4.13,
2013-03-20,7.02,7.2,6.96,7.12,7.06,0.0600000000000005,0.85,4271391.0,19365846.7,1.568,0.009088,0.0248919999999999,1.73,,,1.7227,1.0739,1.2641,,,470000000.0,470000000.0,171600000.0,2133800000.0,2133800000.0,新型电力,公用事业,电力,风力发电,4.73,4.28,
2013-03-21,7.13,7.29,7.06,7.18,7.12,0.0599999999999996,0.84,3818161.0,17481197.7,1.568,0.008124,0.02225,1.23,,,1.7379,1.0833,1.2753,,,470000000.0,470000000.0,171600000.0,2152600000.0,2152600000.0,新型电力,公用事业,电力,风力发电,4.77,4.31,
2013-03-22,7.18,7.26,7.12,7.18,7.18,0.0,0.0,1849501.0,8480882.799999999,1.568,0.003935,0.010778,0.52,,,1.7379,1.0833,1.2753,,,470000000.0,470000000.0,171600000.0,2152600000.0,2152600000.0,新型电力,公用事业,电力,风力发电,4.81,4.35,
2013-03-25,7.24,7.34,7.12,7.26,7.18,0.08,1.11,2010080.0,9289393.8,1.568,0.004277,0.011714,0.53,,,1.7569,1.0952,1.2892,,,470000000.0,470000000.0,171600000.0,2176100000.0,2176100000.0,新型电力,公用事业,电力,风力发电,4.81,4.35,
2013-03-26,7.23,7.26,7.01,7.13,7.26,-0.1299999999999999,-1.79,2102340.0,9535496.0,1.568,0.0044729999999999,0.012251,0.53,,,1.7265,1.0762,1.2669,,,470000000.0,470000000.0,171600000.0,2138500000.0,2138500000.0,新型电力,公用事业,电力,风力发电,4.86,4.4,
2013-03-27,7.12,7.18,7.1,7.17,7.13,0.04,0.56,1282017.0,5833969.4,1.568,0.002728,0.007471,0.46,,,1.7341,1.081,1.2725,,,470000000.0,470000000.0,171600000.0,2147900000.0,2147900000.0,新型电力,公用事业,电力,风力发电,4.78,4.32,
2013-03-28,7.1,7.12,6.96,6.98,7.17,-0.1899999999999995,-2.65,2076571.0,9301506.0,1.568,0.004418,0.0121009999999999,0.94,,,1.6886,1.0526,1.2391,,,470000000.0,470000000.0,171600000.0,2091500000.0,2091500000.0,新型电力,公用事业,电力,风力发电,4.8,4.34,
2013-03-29,6.98,7.17,6.95,7.09,6.98,0.1099999999999994,1.58,2252986.0,10178373.4,1.568,0.004794,0.013129,1.21,,,1.7151,1.0691,1.2586,,,470000000.0,470000000.0,171600000.0,2124400000.0,2124400000.0,新型电力,公用事业,电力,风力发电,4.67,4.23,
2013-04-01,7.15,7.15,7.02,7.1,7.09,0.0099999999999997,0.14,1107999.0,5006729.5,1.568,0.0023569999999999,0.006457,0.57,,,1.7189,1.0715,1.2614,,,470000000.0,470000000.0,171600000.0,2129100000.0,2129100000.0,新型电力,公用事业,电力,风力发电,4.75,4.29,
2013-04-02,7.07,7.1,7.01,7.01,7.1,-0.0899999999999998,-1.27,1210147.0,5447471.899999999,1.568,0.002575,0.007052,0.69,,,1.6962,1.0573,1.2446,,,470000000.0,470000000.0,171600000.0,2100900000.0,2100900000.0,新型电力,公用事业,电力,风力发电,4.76,4.3,
2013-04-03,7.01,7.06,6.79,6.88,7.01,-0.1299999999999999,-1.85,1753090.0000000002,7707831.5,1.568,0.00373,0.010216,1.11,,,1.6658,1.0384,1.2224,,,470000000.0,470000000.0,171600000.0,2063300000.0,2063300000.0,新型电力,公用事业,电力,风力发电,4.69,4.25,
2013-04-08,6.84,6.84,6.57,6.73,6.88,-0.1499999999999994,-2.18,970543.0,4133347.4,1.568,0.002065,0.005656,0.58,,,1.6279,1.0147,1.1945,,,470000000.0,470000000.0,171600000.0,2016300000.0,2016300000.0,新型电力,公用事业,电力,风力发电,4.61,4.17,
2013-04-09,6.68,6.88,6.66,6.84,6.73,0.1099999999999994,1.63,1095142.0,4769597.7,1.568,0.00233,0.006382,0.75,,,1.6544,1.0313,1.214,,,470000000.0,470000000.0,171600000.0,2049200000.0,2049200000.0,新型电力,公用事业,电力,风力发电,4.5,4.08,
2013-04-10,6.82,6.93,6.76,6.76,6.84,-0.08,-1.17,1248611.0,5417472.1,1.568,0.002657,0.007276,1.02,,,1.6354,1.0195,1.2001,,,470000000.0,470000000.0,171600000.0,2025700000.0,2025700000.0,新型电力,公用事业,电力,风力发电,4.58,4.14,
2013-04-11,6.77,6.79,6.73,6.73,6.76,-0.0299999999999993,-0.44,742900.0,3204405.0,1.568,0.001581,0.004329,0.59,,,1.6279,1.0147,1.1945,,,470000000.0,470000000.0,171600000.0,2016300000.0,2016300000.0,新型电力,公用事业,电力,风力发电,4.53,4.09,
2013-04-12,6.79,6.88,6.71,6.79,6.73,0.0599999999999996,0.89,795300.0,3453639.0,1.568,0.001692,0.004635,0.68,,177.8001,1.4949,1.0242,0.96,0.0,,470000000.0,470000000.0,171600000.0,2035100000.0,2035100000.0,新型电力,公用事业,电力,风力发电,4.5,4.08,
2013-04-15,6.87,6.87,6.71,6.76,6.79,-0.0300000000000002,-0.44,691831.0,2991262.3,1.568,0.001472,0.004032,0.71,,176.9789,1.488,1.0195,0.9556,0.0,,470000000.0,470000000.0,171600000.0,2025700000.0,2025700000.0,新型电力,公用事业,电力,风力发电,4.55,4.11,
2013-04-16,6.68,6.87,6.6,6.81,6.76,0.0499999999999998,0.74,592451.0,2552830.9,1.568,0.001261,0.003453,0.65,,178.2107,1.4984,1.0266,0.9623,0.0,,470000000.0,470000000.0,171600000.0,2039800000.0,2039800000.0,新型电力,公用事业,电力,风力发电,4.53,4.09,
2013-04-17,6.84,6.84,6.66,6.79,6.81,-0.0199999999999995,-0.29,555600.0,2396862.9,1.568,0.0011819999999999,0.0032379999999999,0.68,,177.8001,1.4949,1.0242,0.96,0.0,,470000000.0,470000000.0,171600000.0,2035100000.0,2035100000.0,新型电力,公用事业,电力,风力发电,4.56,4.12,
2013-04-18,6.79,6.93,6.79,6.9,6.79,0.1100000000000003,1.62,1178963.0,5171532.7,1.568,0.002508,0.00687,1.75,,180.6745,1.5191,1.0408,0.9756,0.0,,470000000.0,470000000.0,171600000.0,2068000000.0,2068000000.0,新型电力,公用事业,电力,风力发电,4.55,4.11,
2013-04-19,6.93,7.02,6.91,6.98,6.9,0.08,1.16,1432784.0,6354290.9,1.568,0.003048,0.00835,1.88,,182.7276,1.5364,1.0526,0.9866,0.0,,470000000.0,470000000.0,171600000.0,2091500000.0,2091500000.0,新型电力,公用事业,电力,风力发电,4.62,4.18,
2013-04-22,6.98,7.06,6.81,6.91,6.98,-0.0700000000000002,-1.0,2030868.0,8989523.1,1.568,0.004321,0.011835,2.28,,181.0851,1.5225,1.0431,0.9778,0.0,,470000000.0,470000000.0,171600000.0,2072700000.0,2072700000.0,新型电力,公用事业,电力,风力发电,4.67,4.23,
2013-04-23,6.88,6.96,6.74,6.77,6.91,-0.1400000000000005,-2.03,1216261.0,5326774.0,1.568,0.0025879999999999,0.007088,1.05,177.3895,177.3895,1.4915,0.9578,0.9578,0.0,,470000000.0,470000000.0,171600000.0,2030400000.0,2030400000.0,新型电力,公用事业,电力,风力发电,4.63,4.19,
2013-04-24,6.84,6.88,6.74,6.87,6.77,0.1000000000000005,1.48,1124049.0,4885491.0,1.568,0.002392,0.00655,0.88,179.8532,179.8532,1.5122,0.9711,0.9711,0.0,,470000000.0,470000000.0,171600000.0,2058600000.0,2058600000.0,新型电力,公用事业,电力,风力发电,4.54,4.1,
2013-04-25,6.87,6.99,6.74,6.79,6.87,-0.08,-1.16,1492880.0,6545730.0,1.568,0.003176,0.0087,1.07,177.8001,177.8001,1.4949,0.96,0.96,0.0,,470000000.0,470000000.0,171600000.0,2035100000.0,2035100000.0,新型电力,公用事业,电力,风力发电,4.6,4.16,
2013-04-26,6.87,6.88,6.77,6.85,6.79,0.0599999999999996,0.88,1054013.0,4588371.699999999,1.568,0.002243,0.006142,0.72,179.4426,179.4426,1.5087,0.9689,0.9689,0.0,,470000000.0,470000000.0,171600000.0,2053900000.0,2053900000.0,新型电力,公用事业,电力,风力发电,4.55,4.11,
2013-05-02,6.77,6.9,6.77,6.88,6.85,0.0300000000000002,0.44,728877.0,3187639.2,1.568,0.0015509999999999,0.004248,0.53,180.2639,49.5251,1.6106,0.9733,0.9786,0.0,,470000000.0,470000000.0,171600000.0,2063300000.0,2063300000.0,新型电力,公用事业,电力,风力发电,4.59,4.15,
2013-05-03,6.9,6.96,6.87,6.91,6.88,0.0300000000000002,0.44,1300515.0,5736199.800000001,1.568,0.002767,0.007579,1.16,181.0851,49.7507,1.618,0.9778,0.9831,0.0,,470000000.0,470000000.0,171600000.0,2072700000.0,2072700000.0,新型电力,公用事业,电力,风力发电,4.61,4.17,
2013-05-06,6.9,6.98,6.88,6.95,6.91,0.04,0.58,773989.0,3417932.2,1.568,0.001647,0.00451,0.68,181.9064,49.9764,1.6253,0.9822,0.9875,0.0,,470000000.0,470000000.0,171600000.0,2082100000.0,2082100000.0,新型电力,公用事业,电力,风力发电,4.63,4.19,
2013-05-07,6.95,6.99,6.91,6.95,6.95,0.0,0.0,1025775.0,4542142.5,1.568,0.002183,0.005978,0.96,181.9064,49.9764,1.6253,0.9822,0.9875,0.0,,470000000.0,470000000.0,171600000.0,2082100000.0,2082100000.0,新型电力,公用事业,电力,风力发电,4.65,4.21,
2013-05-08,6.96,6.99,6.93,6.99,6.95,0.04,0.58,996677.0,4427642.399999999,1.568,0.002121,0.005808,1.02,183.1382,50.3148,1.6363,0.9889,0.9942,0.0,,470000000.0,470000000.0,171600000.0,2096200000.0,2096200000.0,新型电力,公用事业,电力,风力发电,4.65,4.21,
2013-05-09,7.02,7.02,6.85,6.88,6.99,-0.1100000000000003,-1.57,1464525.0,6443502.0,1.568,0.003116,0.008535,1.52,180.2639,49.5251,1.6106,0.9733,0.9786,0.0,,470000000.0,470000000.0,171600000.0,2063300000.0,2063300000.0,新型电力,公用事业,电力,风力发电,4.68,4.24,
2013-05-10,6.85,6.9,6.79,6.9,6.88,0.0200000000000004,0.29,1008404.0,4404626.8,1.568,0.002146,0.005876,0.91,180.6745,49.6379,1.6143,0.9756,0.9808,0.0,,470000000.0,470000000.0,171600000.0,2068000000.0,2068000000.0,新型电力,公用事业,电力,风力发电,4.61,4.17,
2013-05-13,6.85,6.96,6.85,6.91,6.9,0.0099999999999997,0.14,649181.0,2856539.3,1.568,0.001381,0.003783,0.62,181.0851,49.7507,1.618,0.9778,0.9831,0.0,,470000000.0,470000000.0,171600000.0,2072700000.0,2072700000.0,新型电力,公用事业,电力,风力发电,4.62,4.18,
2013-05-14,6.9,7.26,6.88,7.26,6.91,0.3499999999999996,5.07,8178834.0,37743103.4,1.568,0.017402,0.047662,7.95,190.1188,52.2326,1.6987,1.0265,1.0321,0.0,,470000000.0,470000000.0,171600000.0,2176100000.0,2176100000.0,新型电力,公用事业,电力,风力发电,4.63,4.19,
2013-05-15,7.2,7.32,7.06,7.2,7.26,-0.0599999999999996,-0.83,3486875.0,16001870.3,1.568,0.007419,0.02032,1.42,188.4763,51.7814,1.684,1.0177,1.0232,0.0,,470000000.0,470000000.0,171600000.0,2157300000.0,2157300000.0,新型电力,公用事业,电力,风力发电,4.86,4.4,
2013-05-16,7.21,7.26,7.07,7.17,7.2,-0.0300000000000002,-0.42,1928592.0,8813632.9,1.568,0.004103,0.0112389999999999,0.65,187.6551,51.5558,1.6767,1.0132,1.0187,0.0,,470000000.0,470000000.0,171600000.0,2147900000.0,2147900000.0,新型电力,公用事业,电力,风力发电,4.82,4.36,
2013-05-17,7.12,7.31,7.1,7.28,7.17,0.1100000000000003,1.53,2627337.0,12143400.4,1.568,0.00559,0.0153109999999999,0.86,190.5295,52.3454,1.7023,1.0288,1.0343,0.0,,470000000.0,470000000.0,171600000.0,2180800000.0,2180800000.0,新型电力,公用事业,电力,风力发电,4.8,4.34,
2013-05-20,7.26,7.53,7.26,7.34,7.28,0.0599999999999996,0.82,2436591.0,11462203.6,1.568,0.0051839999999999,0.014199,0.72,192.172,52.7967,1.717,1.0376,1.0433,0.0,,470000000.0,470000000.0,171600000.0,2199600000.0,2199600000.0,新型电力,公用事业,电力,风力发电,4.87,4.41,
2013-05-21,7.34,7.34,7.17,7.24,7.34,-0.0999999999999996,-1.36,2777864.0,12792740.4,1.568,0.0059099999999999,0.016188,0.74,189.7082,52.1198,1.695,1.0243,1.0299,0.0,,470000000.0,470000000.0,171600000.0,2171400000.0,2171400000.0,新型电力,公用事业,电力,风力发电,4.91,4.45,
2013-05-22,7.28,7.28,7.17,7.2,7.24,-0.04,-0.55,1836145.0,8446753.0,1.568,0.003907,0.0107,0.69,188.4763,51.7814,1.684,1.0177,1.0232,0.0,,470000000.0,470000000.0,171600000.0,2157300000.0,2157300000.0,新型电力,公用事业,电力,风力发电,4.85,4.39,
2013-05-23,7.23,7.23,7.1,7.17,7.2,-0.0300000000000002,-0.42,1690604.0,7742272.3,1.568,0.003597,0.009852,0.73,187.6551,51.5558,1.6767,1.0132,1.0187,0.0,,470000000.0,470000000.0,171600000.0,2147900000.0,2147900000.0,新型电力,公用事业,电力,风力发电,4.82,4.36,
2013-05-24,7.15,7.32,7.13,7.31,7.17,0.1399999999999996,1.95,2868598.0,13300070.5,1.568,0.006103,0.016717,1.26,191.3507,52.5711,1.7097,1.0332,1.0388,0.0,,470000000.0,470000000.0,171600000.0,2190200000.0,2190200000.0,新型电力,公用事业,电力,风力发电,4.8,4.34,
2013-05-27,7.32,7.48,7.31,7.43,7.31,0.1200000000000001,1.64,3660752.0,17255014.5,1.568,0.007789,0.021333,1.58,194.6357,53.4736,1.739,1.0509,1.0566,0.0,,470000000.0,470000000.0,171600000.0,2227800000.0,2227800000.0,新型电力,公用事业,电力,风力发电,4.89,4.43,
2013-05-28,7.46,7.81,7.39,7.78,7.43,0.3500000000000005,4.71,7396708.0,36449931.900000006,1.568,0.015738,0.0431039999999999,2.88,203.6694,55.9555,1.8197,1.0997,1.1057,0.0,,470000000.0,470000000.0,171600000.0,2331200000.0,2331200000.0,新型电力,公用事业,电力,风力发电,4.98,4.5,
2013-05-29,7.87,8.17,7.76,8.17,7.78,0.3899999999999997,5.01,8838922.0,45074340.6,1.568,0.018806,0.051509,2.53,213.935,58.7758,1.9115,1.1551,1.1614,0.0,,470000000.0,470000000.0,171600000.0,2448700000.0,2448700000.0,新型电力,公用事业,电力,风力发电,5.21,4.71,
2013-05-30,8.12,8.28,7.95,8.06,8.17,-0.1099999999999994,-1.35,6670759.0,34341146.7,1.568,0.014193,0.038874,1.36,211.0606,57.9861,1.8858,1.1396,1.1458,0.0,,470000000.0,470000000.0,171600000.0,2415800000.0,2415800000.0,新型电力,公用事业,电力,风力发电,5.47,4.95,
2013-05-31,8.0,8.47,7.76,8.31,8.06,0.25,3.1,9351783.0,48695273.8,1.568,0.019897,0.054498,1.59,217.6306,59.7911,1.9445,1.1751,1.1815,0.0,,470000000.0,470000000.0,171600000.0,2491000000.0,2491000000.0,新型电力,公用事业,电力,风力发电,5.4,4.88,
2013-06-03,8.25,8.61,8.17,8.48,8.31,0.1699999999999999,2.05,5203547.0,27808699.9,1.568,0.011071,0.030324,0.72,222.1475,61.0321,1.9848,1.1995,1.206,0.0,,470000000.0,470000000.0,171600000.0,2542700000.0,2542700000.0,新型电力,公用事业,电力,风力发电,5.57,5.04,
2013-06-04,8.44,8.48,8.06,8.29,8.48,-0.1900000000000012,-2.24,5567811.0,29304409.6,1.568,0.011846,0.032446,0.74,217.22,59.6783,1.9408,1.1729,1.1792,0.0,,470000000.0,470000000.0,171600000.0,2486300000.0,2486300000.0,新型电力,公用事业,电力,风力发电,5.68,5.14,
2013-06-06,8.66,9.13,7.98,8.15,8.29,-0.1399999999999988,-1.69,24486994.0,134885899.89999998,1.568,0.0521,0.142698,3.44,213.5244,58.663,1.9078,1.1529,1.1592,0.0,,470000000.0,470000000.0,171600000.0,2444000000.0,2444000000.0,新型电力,公用事业,电力,风力发电,5.82,4.76,
2013-06-07,7.7,7.95,7.34,7.5,8.15,-0.6500000000000004,-7.98,12289158.0,59273064.6,1.568,0.026147,0.071615,1.2,196.2782,53.9248,1.7537,1.0598,1.0656,0.0,,470000000.0,470000000.0,171600000.0,2246600000.0,2246600000.0,新型电力,公用事业,电力,风力发电,5.72,4.68,
2013-06-13,7.29,7.32,6.77,6.91,7.5,-0.5899999999999999,-7.87,6239962.0,27858769.8,1.568,0.013277,0.036363,0.55,181.0851,49.7507,1.618,0.9778,0.9831,0.0,,470000000.0,470000000.0,171600000.0,2072700000.0,2072700000.0,新型电力,公用事业,电力,风力发电,5.26,4.3,
2013-06-14,6.96,7.21,6.9,7.04,6.91,0.1299999999999999,1.88,4396993.0,19826138.8,1.568,0.009355,0.0256239999999999,0.41,184.3701,50.6532,1.6473,0.9955,1.0009,0.0,,470000000.0,470000000.0,171600000.0,2110300000.0,2110300000.0,新型电力,公用事业,电力,风力发电,4.85,3.97,
2013-06-17,6.93,6.98,6.77,6.82,7.04,-0.2199999999999997,-3.12,4573718.0,20000623.0,1.568,0.009731,0.0266529999999999,0.43,178.6214,49.0739,1.5959,0.9645,0.9697,0.0,,470000000.0,470000000.0,171600000.0,2044500000.0,2044500000.0,新型电力,公用事业,电力,风力发电,4.94,4.04,
2013-06-18,6.82,6.93,6.74,6.9,6.82,0.08,1.17,2820647.0,12273974.9,1.568,0.0060009999999999,0.016437,0.27,180.6745,49.6379,1.6143,0.9756,0.9808,0.0,,470000000.0,470000000.0,171600000.0,2068000000.0,2068000000.0,新型电力,公用事业,电力,风力发电,4.79,3.92,
2013-06-19,6.9,7.1,6.55,6.99,6.9,0.0899999999999998,1.3,6251448.0,27368748.200000003,1.568,0.013301,0.03643,1.03,183.1382,50.3148,1.6363,0.9889,0.9942,0.0,,470000000.0,470000000.0,171600000.0,2096200000.0,2096200000.0,新型电力,公用事业,电力,风力发电,4.84,3.96,
2013-06-20,6.99,7.1,6.71,6.81,6.99,-0.1800000000000006,-2.58,4887715.0,21541099.2,1.568,0.010399,0.028483,1.01,178.2107,48.961,1.5923,0.9623,0.9675,0.0,,470000000.0,470000000.0,171600000.0,2039800000.0,2039800000.0,新型电力,公用事业,电力,风力发电,4.91,4.01,
2013-06-21,6.74,6.74,6.44,6.62,6.81,-0.1899999999999995,-2.79,2707595.0,11377939.9,1.568,0.005761,0.015779,0.59,173.2833,47.6073,1.5482,0.9356,0.9407,0.0,,470000000.0,470000000.0,171600000.0,1983400000.0,1983400000.0,新型电力,公用事业,电力,风力发电,4.77,3.91,
2013-06-24,6.55,6.62,5.97,5.99,6.62,-0.6299999999999999,-9.52,4301453.0,17265050.1,1.568,0.009152,0.025067,1.01,156.8583,43.0947,1.4015,0.847,0.8516,0.0,,470000000.0,470000000.0,171600000.0,1795400000.0,1795400000.0,新型电力,公用事业,电力,风力发电,4.64,3.8,
2013-06-25,5.96,6.04,5.46,5.88,5.99,-0.1100000000000003,-1.84,3548714.0,12998885.5,1.568,0.00755,0.02068,0.85,153.9839,42.305,1.3758,0.8314,0.8359,0.0,,470000000.0,470000000.0,171600000.0,1762500000.0,1762500000.0,新型电力,公用事业,电力,风力发电,4.2,3.44,
2013-06-26,5.88,5.97,5.69,5.88,5.88,0.0,0.0,2647686.0,9833560.1,1.568,0.005633,0.015429,0.61,153.9839,42.305,1.3758,0.8314,0.8359,0.0,,470000000.0,470000000.0,171600000.0,1762500000.0,1762500000.0,新型电力,公用事业,电力,风力发电,4.13,3.38,
2013-06-27,5.88,5.99,5.66,5.72,5.88,-0.1600000000000001,-2.72,2990669.0,11167817.0,1.568,0.006363,0.017428,0.83,149.8777,41.1769,1.3391,0.8093,0.8137,0.0,,470000000.0,470000000.0,171600000.0,1715500000.0,1715500000.0,新型电力,公用事业,电力,风力发电,4.13,3.38,
2013-06-28,5.64,5.82,5.57,5.64,5.72,-0.08,-1.4,2902268.0,10491277.2,1.568,0.006175,0.016913,0.9,147.8246,40.6128,1.3208,0.7982,0.8025,0.0,,470000000.0,470000000.0,171600000.0,1692000000.0,1692000000.0,新型电力,公用事业,电力,风力发电,4.02,3.29,
2013-07-01,5.69,5.77,5.61,5.74,5.64,0.1000000000000005,1.77,1976838.0,7166191.1,1.568,0.004206,0.0115199999999999,0.6,150.2883,41.2897,1.3428,0.8115,0.8159,0.0,,470000000.0,470000000.0,171600000.0,1720200000.0,1720200000.0,新型电力,公用事业,电力,风力发电,3.96,3.24,
2013-07-02,5.77,5.82,5.6,5.8,5.74,0.0599999999999996,1.05,2484677.0,9030523.5,1.568,0.0052869999999999,0.0144789999999999,0.88,151.9308,41.741,1.3575,0.8204,0.8248,0.0,,470000000.0,470000000.0,171600000.0,1739000000.0,1739000000.0,新型电力,公用事业,电力,风力发电,4.03,3.29,
2013-07-03,5.8,5.82,5.61,5.72,5.8,-0.08,-1.38,2876269.0,10411187.6,1.568,0.00612,0.0167609999999999,1.11,149.8777,41.1769,1.3391,0.8093,0.8137,0.0,,470000000.0,470000000.0,171600000.0,1715500000.0,1715500000.0,新型电力,公用事业,电力,风力发电,4.07,3.33,
2013-07-04,5.69,5.82,5.61,5.74,5.72,0.0200000000000004,0.35,3021157.0,11006969.9,1.568,0.006428,0.017606,1.14,150.2883,41.2897,1.3428,0.8115,0.8159,0.0,,470000000.0,470000000.0,171600000.0,1720200000.0,1720200000.0,新型电力,公用事业,电力,风力发电,4.02,3.29,
2013-07-05,5.71,5.97,5.69,5.85,5.74,0.1099999999999994,1.92,4510681.0,16821510.0,1.568,0.009597,0.026286,1.7,153.1627,42.0794,1.3685,0.827,0.8315,0.0,,470000000.0,470000000.0,171600000.0,1753100000.0,1753100000.0,新型电力,公用事业,电力,风力发电,4.03,3.29,
2013-07-08,5.77,5.79,5.47,5.5,5.85,-0.3499999999999996,-5.98,2821152.0,10058075.3,1.568,0.0060019999999999,0.01644,0.95,144.129,39.5975,1.2878,0.7782,0.7824,0.0,,470000000.0,470000000.0,171600000.0,1649700000.0,1649700000.0,新型电力,公用事业,电力,风力发电,4.1,3.36,
2013-07-09,5.5,5.58,5.33,5.5,5.5,0.0,0.0,1760599.0000000002,6104352.1,1.568,0.0037459999999999,0.01026,0.56,144.129,39.5975,1.2878,0.7782,0.7824,0.0,,470000000.0,470000000.0,171600000.0,1649700000.0,1649700000.0,新型电力,公用事业,电力,风力发电,3.86,3.16,
2013-07-10,5.49,5.64,5.44,5.61,5.5,0.1100000000000003,2.0,2176609.0,7714873.2,1.568,0.004631,0.0126839999999999,0.73,147.0033,40.3872,1.3134,0.7937,0.7981,0.0,,470000000.0,470000000.0,171600000.0,1682600000.0,1682600000.0,新型电力,公用事业,电力,风力发电,3.86,3.16,
2013-07-11,5.58,5.86,5.58,5.82,5.61,0.2099999999999999,3.74,3554387.0000000005,13031343.5,1.568,0.0075629999999999,0.020713,1.24,152.3414,41.8538,1.3611,0.8226,0.827,0.0,,470000000.0,470000000.0,171600000.0,1743700000.0,1743700000.0,新型电力,公用事业,电力,风力发电,3.94,3.22,
2013-07-12,5.82,5.86,5.69,5.71,5.82,-0.1100000000000003,-1.89,2397419.0,8827764.8,1.568,0.005101,0.013971,0.81,149.4671,41.0641,1.3355,0.807,0.8114,0.0,,470000000.0,470000000.0,171600000.0,1710800000.0,1710800000.0,新型电力,公用事业,电力,风力发电,4.08,3.34,
2013-07-15,5.64,5.77,5.63,5.74,5.71,0.0300000000000002,0.53,3120905.0,11336793.8,1.568,0.00664,0.018187,1.23,150.2883,41.2897,1.3428,0.8115,0.8159,0.0,,470000000.0,470000000.0,171600000.0,1720200000.0,1720200000.0,新型电力,公用事业,电力,风力发电,4.0,3.28,
2013-07-16,5.74,5.74,5.6,5.74,5.74,0.0,0.0,3127288.0,11276687.3,1.568,0.006654,0.018224,1.2,150.2883,41.2897,1.3428,0.8115,0.8159,0.0,,470000000.0,470000000.0,171600000.0,1720200000.0,1720200000.0,新型电力,公用事业,电力,风力发电,4.03,3.29,
2013-07-17,5.74,5.82,5.64,5.66,5.74,-0.08,-1.39,2236202.0,8154327.9,1.568,0.004758,0.013031,0.78,148.2352,40.7257,1.3244,0.8004,0.8047,0.0,,470000000.0,470000000.0,171600000.0,1696700000.0,1696700000.0,新型电力,公用事业,电力,风力发电,4.03,3.29,
2013-07-18,5.66,5.72,5.6,5.61,5.66,-0.0499999999999998,-0.88,2340331.0,8438114.600000001,1.568,0.004979,0.0136379999999999,0.81,147.0033,40.3872,1.3134,0.7937,0.7981,0.0,,470000000.0,470000000.0,171600000.0,1682600000.0,1682600000.0,新型电力,公用事业,电力,风力发电,3.97,3.25,
2013-07-19,5.63,5.64,5.32,5.35,5.61,-0.2600000000000007,-4.63,2982309.0,10438447.8,1.568,0.006345,0.017379,1.13,140.0227,38.4694,1.2511,0.7561,0.7602,0.0,,470000000.0,470000000.0,171600000.0,1602700000.0,1602700000.0,新型电力,公用事业,电力,风力发电,3.94,3.22,
2013-07-22,5.22,5.41,5.19,5.36,5.35,0.0100000000000006,0.19,1557262.0,5266272.7,1.568,0.003313,0.009075,0.56,140.4334,38.5822,1.2547,0.7583,0.7624,0.0,,470000000.0,470000000.0,171600000.0,1607400000.0,1607400000.0,新型电力,公用事业,电力,风力发电,3.75,3.07,
2013-07-23,5.36,5.52,5.33,5.46,5.36,0.0999999999999996,1.87,2242933.0,7788167.3,1.568,0.004772,0.013071,0.92,142.8971,39.2591,1.2768,0.7716,0.7758,0.0,,470000000.0,470000000.0,171600000.0,1635600000.0,1635600000.0,新型电力,公用事业,电力,风力发电,3.76,3.08,
2013-07-24,5.47,5.5,5.3,5.41,5.46,-0.0499999999999998,-0.92,1721523.0,5938738.6,1.568,0.003663,0.010032,0.76,141.6652,38.9206,1.2657,0.7649,0.7691,0.0,,470000000.0,470000000.0,171600000.0,1621500000.0,1621500000.0,新型电力,公用事业,电力,风力发电,3.83,3.13,
2013-07-25,5.41,5.46,5.33,5.39,5.41,-0.0200000000000004,-0.37,1587496.0,5443373.899999999,1.568,0.003378,0.009251,0.73,141.2546,38.8078,1.2621,0.7627,0.7668,0.0,,470000000.0,470000000.0,171600000.0,1616800000.0,1616800000.0,新型电力,公用事业,电力,风力发电,3.8,3.11,
2013-07-26,5.3,5.38,5.27,5.33,5.39,-0.0599999999999996,-1.11,1009789.0,3434979.8000000003,1.568,0.0021479999999999,0.005885,0.5,139.6121,38.3566,1.2474,0.7538,0.7579,0.0,,470000000.0,470000000.0,171600000.0,1598000000.0,1598000000.0,新型电力,公用事业,电力,风力发电,3.78,3.1,
2013-07-29,5.39,5.39,5.28,5.28,5.33,-0.0499999999999998,-0.94,1416709.0,4823808.8,1.568,0.003014,0.008256,0.87,138.3802,38.0181,1.2364,0.7472,0.7512,0.0,,470000000.0,470000000.0,171600000.0,1583900000.0,1583900000.0,新型电力,公用事业,电力,风力发电,3.74,3.06,
2013-07-30,5.25,5.33,5.19,5.32,5.28,0.04,0.76,1316292.0,4423527.8,1.568,0.002801,0.007671,0.82,139.2015,38.2438,1.2437,0.7516,0.7557,0.0,,470000000.0,470000000.0,171600000.0,1593300000.0,1593300000.0,新型电力,公用事业,电力,风力发电,3.71,3.03,
2013-07-31,5.3,5.35,5.27,5.32,5.32,0.0,0.0,1808154.0,6131106.5,1.568,0.0038469999999999,0.010537,1.28,139.2015,38.2438,1.2437,0.7516,0.7557,0.0,,470000000.0,470000000.0,171600000.0,1593300000.0,1593300000.0,新型电力,公用事业,电力,风力发电,3.73,3.05,
2013-08-01,5.28,5.46,5.28,5.43,5.32,0.1099999999999994,2.07,2008675.0,6913822.100000001,1.568,0.004274,0.011706,1.41,142.0758,39.0335,1.2694,0.7671,0.7713,0.0,,470000000.0,470000000.0,171600000.0,1626200000.0,1626200000.0,新型电力,公用事业,电力,风力发电,3.73,3.05,
2013-08-02,5.47,5.5,5.36,5.43,5.43,0.0,0.0,1584328.0,5480529.8,1.568,0.003371,0.009233,1.05,142.0758,39.0335,1.2694,0.7671,0.7713,0.0,,470000000.0,470000000.0,171600000.0,1626200000.0,1626200000.0,新型电力,公用事业,电力,风力发电,3.81,3.11,
2013-08-05,5.44,5.93,5.38,5.75,5.43,0.3200000000000003,5.89,4644368.0,16662411.3,1.568,0.009882,0.027065,2.85,150.6989,41.4025,1.3465,0.8137,0.8181,0.0,,470000000.0,470000000.0,171600000.0,1724900000.0,1724900000.0,新型电力,公用事业,电力,风力发电,3.81,3.11,
2013-08-06,5.75,5.93,5.71,5.86,5.75,0.1100000000000003,1.91,5760400.0,21358992.3,1.568,0.012256,0.033569,2.53,153.5733,42.1922,1.3721,0.8292,0.8337,0.0,,470000000.0,470000000.0,171600000.0,1757800000.0,1757800000.0,新型电力,公用事业,电力,风力发电,4.04,3.3,
2013-08-07,5.8,5.8,5.68,5.69,5.86,-0.1699999999999999,-2.9,2126400.0,7774562.7,1.568,0.004524,0.012392,0.67,149.0565,40.9513,1.3318,0.8048,0.8092,0.0,,470000000.0,470000000.0,171600000.0,1706100000.0,1706100000.0,新型电力,公用事业,电力,风力发电,4.11,3.37,
2013-08-08,5.69,5.75,5.64,5.69,5.69,0.0,0.0,1146598.0,4166181.5,1.568,0.00244,0.006682,0.36,149.0565,40.9513,1.3318,0.8048,0.8092,0.0,,470000000.0,470000000.0,171600000.0,1706100000.0,1706100000.0,新型电力,公用事业,电力,风力发电,3.99,3.27,
2013-08-09,5.69,6.01,5.64,5.86,5.69,0.1699999999999999,2.99,3741055.000000001,13981235.9,1.568,0.00796,0.021801,1.23,153.5733,42.1922,1.3721,0.8292,0.8337,0.0,,470000000.0,470000000.0,171600000.0,1757800000.0,1757800000.0,新型电力,公用事业,电力,风力发电,3.99,3.27,
2013-08-12,5.9,5.93,5.77,5.91,5.86,0.0499999999999998,0.85,2275873.0,8534559.8,1.568,0.004842,0.013263,0.65,154.8052,42.5307,1.3831,0.8359,0.8404,0.0,,470000000.0,470000000.0,171600000.0,1771900000.0,1771900000.0,新型电力,公用事业,电力,风力发电,4.11,3.37,
2013-11-18,5.64,5.94,5.58,5.85,5.91,-0.0600000000000005,-1.02,9850457.0,36258950.2,1.568,0.020958,0.057404,3.27,153.1627,,1.5576,0.827,0.8661,,,470000000.0,470000000.0,171600000.0,1753100000.0,1753100000.0,新型电力,公用事业,电力,风力发电,4.15,3.39,
2013-11-19,5.75,6.01,5.68,5.97,5.85,0.1200000000000001,2.05,7226989.999999999,26828309.4,1.568,0.015377,0.042115,1.89,156.4477,,1.591,0.8447,0.8847,,,470000000.0,470000000.0,171600000.0,1790700000.0,1790700000.0,新型电力,公用事业,电力,风力发电,4.1,3.36,
2013-11-20,5.93,5.96,5.8,5.9,5.97,-0.0699999999999994,-1.17,4566157.0,17176446.7,1.568,0.009715,0.0266089999999999,0.94,154.3946,,1.5701,0.8337,0.8731,,,470000000.0,470000000.0,171600000.0,1767200000.0,1767200000.0,新型电力,公用事业,电力,风力发电,4.19,3.43,
2013-11-21,5.88,6.15,5.83,5.91,5.9,0.0099999999999997,0.17,5600764.0,21409525.4,1.568,0.011917,0.032638,1.01,154.8052,,1.5743,0.8359,0.8754,,,470000000.0,470000000.0,171600000.0,1771900000.0,1771900000.0,新型电力,公用事业,电力,风力发电,4.14,3.38,
2013-11-22,5.94,6.15,5.86,6.07,5.91,0.1600000000000001,2.71,5958282.0,22965681.8,1.568,0.012677,0.034722,1.01,158.9114,,1.6161,0.858,0.8986,,,470000000.0,470000000.0,171600000.0,1818900000.0,1818900000.0,新型电力,公用事业,电力,风力发电,4.15,3.39,
2013-11-25,6.02,6.26,5.94,6.16,6.07,0.0899999999999998,1.48,5628421.0,21866853.0,1.568,0.011975,0.0327999999999999,0.85,161.3752,,1.6411,0.8713,0.9126,,,470000000.0,470000000.0,171600000.0,1847100000.0,1847100000.0,新型电力,公用事业,电力,风力发电,4.26,3.48,
2013-11-26,6.12,6.41,6.08,6.41,6.16,0.25,4.06,5844046.0,23490414.8,1.568,0.012434,0.034056,1.01,167.9451,,1.7079,0.9068,0.9497,,,470000000.0,470000000.0,171600000.0,1922300000.0,1922300000.0,新型电力,公用事业,电力,风力发电,4.32,3.54,
2013-11-27,6.35,6.41,6.22,6.32,6.41,-0.0899999999999998,-1.4,4765854.0,19131603.0,1.568,0.01014,0.027773,0.86,165.4814,,1.6829,0.8935,0.9358,,,470000000.0,470000000.0,171600000.0,1894100000.0,1894100000.0,新型电力,公用事业,电力,风力发电,4.5,3.68,
2013-11-28,6.32,6.35,6.21,6.26,6.32,-0.0600000000000005,-0.95,4186840.0,16728394.0,1.568,0.008908,0.024399,0.75,163.8389,,1.6662,0.8847,0.9265,,,470000000.0,470000000.0,171600000.0,1875300000.0,1875300000.0,新型电力,公用事业,电力,风力发电,4.43,3.63,
2013-11-29,6.22,6.3,6.08,6.19,6.26,-0.0699999999999994,-1.12,4585778.0,18094201.5,1.568,0.009757,0.026724,0.87,162.1964,,1.6495,0.8758,0.9172,,,470000000.0,470000000.0,171600000.0,1856500000.0,1856500000.0,新型电力,公用事业,电力,风力发电,4.39,3.59,
2013-12-02,5.8,5.99,5.58,5.63,6.19,-0.5600000000000005,-9.05,6655272.0,24502182.3,1.568,0.0141599999999999,0.038784,1.33,147.414,,1.4991,0.796,0.8336,,,470000000.0,470000000.0,171600000.0,1687300000.0,1687300000.0,新型电力,公用事业,电力,风力发电,4.35,3.56,
2013-12-03,5.63,5.75,5.6,5.74,5.63,0.1100000000000003,1.95,2613069.0,9458050.1,1.568,0.00556,0.0152279999999999,0.5,150.2883,,1.5284,0.8115,0.8499,,,470000000.0,470000000.0,171600000.0,1720200000.0,1720200000.0,新型电力,公用事业,电力,风力发电,3.95,3.23,
2013-12-04,5.72,5.88,5.68,5.8,5.74,0.0599999999999996,1.05,3000220.0,11066935.1,1.568,0.006383,0.017484,0.66,151.9308,,1.5451,0.8204,0.8591,,,470000000.0,470000000.0,171600000.0,1739000000.0,1739000000.0,新型电力,公用事业,电力,风力发电,4.03,3.29,
2013-12-05,5.82,5.88,5.77,5.85,5.8,0.0499999999999998,0.86,2496170.0,9273392.4,1.568,0.005311,0.0145459999999999,0.59,153.1627,,1.5576,0.827,0.8661,,,470000000.0,470000000.0,171600000.0,1753100000.0,1753100000.0,新型电力,公用事业,电力,风力发电,4.07,3.33,
2013-12-06,5.85,5.96,5.8,5.9,5.85,0.0500000000000007,0.85,3201205.0,12022296.2,1.568,0.006811,0.0186549999999999,0.83,154.3946,,1.5701,0.8337,0.8731,,,470000000.0,470000000.0,171600000.0,1767200000.0,1767200000.0,新型电力,公用事业,电力,风力发电,4.1,3.36,
2013-12-09,5.91,6.15,5.86,6.05,5.9,0.1499999999999994,2.54,4514467.0,17360239.3,1.568,0.009605,0.0263079999999999,1.26,158.5008,,1.6119,0.8558,0.8963,,,470000000.0,470000000.0,171600000.0,1814200000.0,1814200000.0,新型电力,公用事业,电力,风力发电,4.14,3.38,
2013-12-10,6.04,6.05,5.91,5.94,6.05,-0.1099999999999994,-1.82,2928347.0,11149459.3,1.568,0.0062309999999999,0.017065,0.93,155.6264,,1.5827,0.8403,0.88,,,470000000.0,470000000.0,171600000.0,1781300000.0,1781300000.0,新型电力,公用事业,电力,风力发电,4.25,3.47,
2013-12-11,5.91,5.97,5.82,5.86,5.94,-0.08,-1.35,2427923.0,9094183.4,1.568,0.005166,0.014149,0.75,153.5733,,1.5618,0.8292,0.8684,,,470000000.0,470000000.0,171600000.0,1757800000.0,1757800000.0,新型电力,公用事业,电力,风力发电,4.17,3.41,
2013-12-12,5.86,5.91,5.82,5.85,5.86,-0.0100000000000006,-0.17,1559378.0,5831996.4,1.568,0.0033179999999999,0.009087,0.5,153.1627,,1.5576,0.827,0.8661,,,470000000.0,470000000.0,171600000.0,1753100000.0,1753100000.0,新型电力,公用事业,电力,风力发电,4.11,3.37,
2013-12-13,5.85,5.93,5.83,5.91,5.85,0.0600000000000005,1.03,1566209.0,5871332.1,1.568,0.003332,0.009127,0.54,154.8052,,1.5743,0.8359,0.8754,,,470000000.0,470000000.0,171600000.0,1771900000.0,1771900000.0,新型电力,公用事业,电力,风力发电,4.1,3.36,
2013-12-16,5.88,5.93,5.72,5.74,5.91,-0.1699999999999999,-2.88,1624681.0,6008861.2,1.568,0.003457,0.0094679999999999,0.63,150.2883,,1.5284,0.8115,0.8499,,,470000000.0,470000000.0,171600000.0,1720200000.0,1720200000.0,新型电力,公用事业,电力,风力发电,4.15,3.39,
2013-12-17,5.8,5.8,5.66,5.66,5.74,-0.08,-1.39,1857588.0,6764636.3,1.568,0.003952,0.010825,0.92,148.2352,,1.5075,0.8004,0.8383,,,470000000.0,470000000.0,171600000.0,1696700000.0,1696700000.0,新型电力,公用事业,电力,风力发电,4.03,3.29,
2013-12-18,5.69,5.75,5.64,5.66,5.66,0.0,0.0,1572825.0,5694718.0,1.568,0.003346,0.009166,0.87,148.2352,,1.5075,0.8004,0.8383,,,470000000.0,470000000.0,171600000.0,1696700000.0,1696700000.0,新型电力,公用事业,电力,风力发电,3.97,3.25,
2013-12-19,5.69,5.71,5.57,5.68,5.66,0.0199999999999995,0.35,3616700.0,13001746.2,1.568,0.007695,0.021076,2.21,148.6458,,1.5117,0.8026,0.8406,,,470000000.0,470000000.0,171600000.0,1701400000.0,1701400000.0,新型电力,公用事业,电力,风力发电,3.97,3.25,
2013-12-20,5.64,5.64,5.3,5.36,5.68,-0.3199999999999994,-5.63,6779648.0,23501910.2,1.568,0.0144249999999999,0.039508,3.31,140.4334,,1.4281,0.7583,0.7941,,,470000000.0,470000000.0,171600000.0,1607400000.0,1607400000.0,新型电力,公用事业,电力,风力发电,3.98,3.26,
2013-12-23,5.32,5.39,5.25,5.33,5.36,-0.0300000000000002,-0.56,2080999.0,7069969.0,1.568,0.004428,0.0121269999999999,0.67,139.6121,,1.4198,0.7538,0.7895,,,470000000.0,470000000.0,171600000.0,1598000000.0,1598000000.0,新型电力,公用事业,电力,风力发电,3.76,3.08,
2013-12-24,5.33,5.44,5.3,5.38,5.33,0.0499999999999998,0.94,2152401.0,7388629.0,1.568,0.00458,0.012543,0.68,140.844,,1.4323,0.7605,0.7965,,,470000000.0,470000000.0,171600000.0,1612100000.0,1612100000.0,新型电力,公用事业,电力,风力发电,3.74,3.06,
2013-12-25,5.35,5.5,5.33,5.43,5.38,0.0499999999999998,0.93,2663685.0,9201378.8,1.568,0.005667,0.015523,0.82,142.0758,,1.4448,0.7671,0.8034,,,470000000.0,470000000.0,171600000.0,1626200000.0,1626200000.0,新型电力,公用事业,电力,风力发电,3.77,3.09,
2013-12-26,5.39,5.39,5.08,5.16,5.43,-0.2699999999999996,-4.97,9336066.0,31035156.0,1.568,0.019864,0.0544059999999999,2.7,135.0952,,1.3739,0.7294,0.7639,,,470000000.0,470000000.0,171600000.0,1546300000.0,1546300000.0,新型电力,公用事业,电力,风力发电,3.81,3.11,
2013-12-27,5.11,5.22,5.1,5.17,5.16,0.0099999999999997,0.19,3037106.0,10011621.5,1.568,0.006462,0.016669,0.66,135.5059,,1.378,0.7317,0.7663,,,470000000.0,470000000.0,182200000.0,1551000000.0,1551000000.0,新型电力,公用事业,电力,风力发电,3.62,2.96,
2013-12-30,5.19,5.19,4.99,5.03,5.17,-0.1399999999999996,-2.71,7985081.0,25812689.6,1.568,0.01699,0.0424289999999999,2.07,131.8103,,1.3405,0.7117,0.7454,,,470000000.0,470000000.0,188200000.0,1508700000.0,1508700000.0,新型电力,公用事业,电力,风力发电,3.63,2.97,
2013-12-31,5.02,5.05,4.94,4.97,5.03,-0.0600000000000005,-1.19,10253999.0,32597268.6,1.568,0.021817,0.054485,2.04,130.1678,,1.3237,0.7028,0.7361,,,470000000.0,470000000.0,188200000.0,1489900000.0,1489900000.0,新型电力,公用事业,电力,风力发电,3.53,2.89,
2014-01-02,4.99,5.08,4.99,5.06,4.97,0.0899999999999998,1.81,5027804.0,16135922.5,1.568,0.010697,0.025837,0.76,132.6315,,1.3488,0.7161,0.75,,,470000000.0,470000000.0,194600000.0,1518100000.0,1518100000.0,新型电力,公用事业,电力,风力发电,3.49,2.85,
2014-01-03,5.02,5.06,5.0,5.06,5.06,0.0,0.0,2502380.0,8032383.5,1.568,0.005324,0.012859,0.35,132.6315,,1.3488,0.7161,0.75,,,470000000.0,470000000.0,194600000.0,1518100000.0,1518100000.0,新型电力,公用事业,电力,风力发电,3.55,2.91,
2014-01-06,5.06,5.11,4.97,4.99,5.06,-0.0699999999999994,-1.38,3550080.0000000005,11433766.0,1.568,0.007553,0.018243,0.62,130.5784,,1.3279,0.7051,0.7384,,,470000000.0,470000000.0,194600000.0,1494600000.0,1494600000.0,新型电力,公用事业,电力,风力发电,3.55,2.91,
2014-01-07,5.0,5.02,4.88,4.91,4.99,-0.08,-1.6,3192361.0,10074268.2,1.568,0.006792,0.016405,0.54,128.5253,,1.307,0.694,0.7268,,,470000000.0,470000000.0,194600000.0,1471100000.0,1471100000.0,新型电力,公用事业,电力,风力发电,3.5,2.86,
2014-01-08,4.91,4.99,4.89,4.91,4.91,0.0,0.0,1741122.0,5482625.9,1.568,0.003705,0.008947,0.35,128.5253,,1.307,0.694,0.7268,,,470000000.0,470000000.0,194600000.0,1471100000.0,1471100000.0,新型电力,公用事业,电力,风力发电,3.44,2.82,
2014-01-09,4.97,5.13,4.94,5.0,4.91,0.0899999999999998,1.83,4673636.0,15009678.5,1.568,0.009944,0.024017,1.46,130.989,,1.3321,0.7073,0.7407,,,470000000.0,470000000.0,194600000.0,1499300000.0,1499300000.0,新型电力,公用事业,电力,风力发电,3.44,2.82,
2014-01-10,4.97,5.06,4.91,5.03,5.0,0.0300000000000002,0.6,2579398.0,8233547.000000001,1.568,0.005488,0.013255,0.82,131.8103,,1.3405,0.7117,0.7454,,,470000000.0,470000000.0,194600000.0,1508700000.0,1508700000.0,新型电力,公用事业,电力,风力发电,3.51,2.87,
2014-01-13,5.1,5.1,4.95,5.02,5.03,-0.0100000000000006,-0.2,2039976.0,6535408.7,1.568,0.00434,0.010483,0.65,131.3996,,1.3363,0.7095,0.743,,,470000000.0,470000000.0,194600000.0,1504000000.0,1504000000.0,新型电力,公用事业,电力,风力发电,3.53,2.89,
2014-01-14,5.0,5.16,5.0,5.14,5.02,0.1200000000000001,2.39,3170962.0,10314330.7,1.568,0.0067469999999999,0.016295,1.11,134.6846,,1.3697,0.7272,0.7616,,,470000000.0,470000000.0,194600000.0,1541600000.0,1541600000.0,新型电力,公用事业,电力,风力发电,3.52,2.88,
2014-01-15,5.14,5.16,5.05,5.11,5.14,-0.0299999999999993,-0.58,1854068.0,6016540.5,1.568,0.003945,0.009528,0.65,133.8634,,1.3613,0.7228,0.757,,,470000000.0,470000000.0,194600000.0,1532200000.0,1532200000.0,新型电力,公用事业,电力,风力发电,3.61,2.95,
2014-01-16,5.06,5.14,5.02,5.05,5.11,-0.0600000000000005,-1.17,2692000.0,8712810.7,1.568,0.005728,0.0138339999999999,0.94,132.2209,,1.3446,0.7139,0.7477,,,470000000.0,470000000.0,194600000.0,1513400000.0,1513400000.0,新型电力,公用事业,电力,风力发电,3.59,2.93,
2014-01-17,5.08,5.08,4.95,4.97,5.05,-0.08,-1.58,1433502.0,4573994.7,1.568,0.0030499999999999,0.007366,0.58,130.1678,,1.3237,0.7028,0.7361,,,470000000.0,470000000.0,194600000.0,1489900000.0,1489900000.0,新型电力,公用事业,电力,风力发电,3.54,2.9,
2014-01-20,4.97,5.1,4.94,5.03,4.97,0.0600000000000005,1.21,2040509.0,6512797.4,1.568,0.0043419999999999,0.010486,0.91,131.8103,,1.3405,0.7117,0.7454,,,470000000.0,470000000.0,194600000.0,1508700000.0,1508700000.0,新型电力,公用事业,电力,风力发电,3.49,2.85,
2014-01-21,5.08,5.08,4.99,5.05,5.03,0.0199999999999995,0.4,1572375.0,5042537.9,1.568,0.003345,0.00808,0.7,132.2209,,1.3446,0.7139,0.7477,,,470000000.0,470000000.0,194600000.0,1513400000.0,1513400000.0,新型电力,公用事业,电力,风力发电,3.53,2.89,
2014-01-22,5.02,5.14,5.02,5.13,5.05,0.08,1.58,2501045.0,8148747.7,1.568,0.005321,0.0128519999999999,1.3,134.274,,1.3655,0.725,0.7593,,,470000000.0,470000000.0,194600000.0,1536900000.0,1536900000.0,新型电力,公用事业,电力,风力发电,3.54,2.9,
2014-01-23,5.13,5.38,5.1,5.24,5.13,0.1100000000000003,2.14,5815468.0,19436196.8,1.568,0.012373,0.029884,2.84,137.1484,,1.3947,0.7405,0.7756,,,470000000.0,470000000.0,194600000.0,1569800000.0,1569800000.0,新型电力,公用事业,电力,风力发电,3.6,2.94,
2014-01-24,5.21,5.28,5.17,5.22,5.24,-0.0200000000000004,-0.38,3689795.0,12295592.1,1.568,0.007851,0.018961,1.38,136.7377,,1.3906,0.7383,0.7732,,,470000000.0,470000000.0,194600000.0,1565100000.0,1565100000.0,新型电力,公用事业,电力,风力发电,3.67,3.01,
2014-01-27,5.22,5.22,5.1,5.11,5.22,-0.1099999999999994,-2.11,2446768.0,8041443.100000001,1.568,0.005206,0.012573,0.78,133.8634,,1.3613,0.7228,0.757,,,470000000.0,470000000.0,194600000.0,1532200000.0,1532200000.0,新型电力,公用事业,电力,风力发电,3.66,3.0,
2014-01-28,5.16,5.17,5.06,5.13,5.11,0.0199999999999995,0.39,1579110.0,5153065.4,1.568,0.00336,0.008115,0.49,134.274,,1.3655,0.725,0.7593,,,470000000.0,470000000.0,194600000.0,1536900000.0,1536900000.0,新型电力,公用事业,电力,风力发电,3.59,2.93,
2014-01-29,5.11,5.19,5.1,5.16,5.13,0.0300000000000002,0.58,1173090.0,3850744.3,1.568,0.002496,0.006028,0.37,135.0952,,1.3739,0.7294,0.7639,,,470000000.0,470000000.0,194600000.0,1546300000.0,1546300000.0,新型电力,公用事业,电力,风力发电,3.6,2.94,
2014-01-30,5.11,5.16,5.08,5.14,5.16,-0.0200000000000004,-0.39,1513049.0,4947322.699999999,1.568,0.003219,0.007775,0.51,134.6846,,1.3697,0.7272,0.7616,,,470000000.0,470000000.0,194600000.0,1541600000.0,1541600000.0,新型电力,公用事业,电力,风力发电,3.62,2.96,
2014-02-07,5.08,5.22,5.08,5.22,5.14,0.08,1.56,1823881.0,6017866.600000001,1.568,0.003881,0.009372,0.88,136.7377,,1.3906,0.7383,0.7732,,,470000000.0,470000000.0,194600000.0,1565100000.0,1565100000.0,新型电力,公用事业,电力,风力发电,3.61,2.95,
2014-02-10,5.24,5.33,5.22,5.3,5.22,0.08,1.53,3739513.0,12587433.4,1.568,0.007956,0.019216,2.19,138.7909,,1.4114,0.7494,0.7848,,,470000000.0,470000000.0,194600000.0,1588600000.0,1588600000.0,新型电力,公用事业,电力,风力发电,3.66,3.0,
2014-02-11,5.3,5.33,5.25,5.32,5.3,0.0200000000000004,0.38,3530180.0000000005,11936087.7,1.568,0.007511,0.018141,1.8,139.2015,,1.4156,0.7516,0.7872,,,470000000.0,470000000.0,194600000.0,1593300000.0,1593300000.0,新型电力,公用事业,电力,风力发电,3.72,3.04,
2014-02-12,5.3,5.36,5.27,5.35,5.32,0.0299999999999993,0.56,2509128.0,8513427.799999999,1.568,0.005339,0.012894,1.07,140.0227,,1.424,0.7561,0.7918,,,470000000.0,470000000.0,194600000.0,1602700000.0,1602700000.0,新型电力,公用事业,电力,风力发电,3.73,3.05,
2014-02-13,5.3,5.38,5.25,5.28,5.35,-0.0699999999999994,-1.31,3055511.0,10378003.2,1.568,0.006501,0.015701,1.16,138.3802,,1.4073,0.7472,0.7825,,,470000000.0,470000000.0,194600000.0,1583900000.0,1583900000.0,新型电力,公用事业,电力,风力发电,3.75,3.07,
2014-02-14,5.28,5.39,5.25,5.38,5.28,0.0999999999999996,1.89,2981773.0,10122452.6,1.568,0.006344,0.015323,1.02,140.844,,1.4323,0.7605,0.7965,,,470000000.0,470000000.0,194600000.0,1612100000.0,1612100000.0,新型电力,公用事业,电力,风力发电,3.71,3.03,
2014-02-17,5.39,5.46,5.36,5.46,5.38,0.08,1.49,3378849.0,11669749.2,1.568,0.007189,0.017363,1.07,142.8971,,1.4532,0.7716,0.8081,,,470000000.0,470000000.0,194600000.0,1635600000.0,1635600000.0,新型电力,公用事业,电力,风力发电,3.77,3.09,
2014-02-18,5.46,5.46,5.36,5.41,5.46,-0.0499999999999998,-0.92,3352500.0,11568777.1,1.568,0.007133,0.017228,1.08,141.6652,,1.4407,0.7649,0.8011,,,470000000.0,470000000.0,194600000.0,1621500000.0,1621500000.0,新型电力,公用事业,电力,风力发电,3.83,3.13,
2014-02-19,5.46,5.61,5.43,5.57,5.41,0.1600000000000001,2.96,6089618.0,21529297.3,1.568,0.012957,0.031293,1.99,145.7715,,1.4824,0.7871,0.8243,,,470000000.0,470000000.0,194600000.0,1668500000.0,1668500000.0,新型电力,公用事业,电力,风力发电,3.8,3.11,
2014-02-20,5.58,5.91,5.49,5.77,5.57,0.1999999999999993,3.59,10701057.0,39139145.3,1.568,0.022768,0.05499,2.84,151.1096,,1.5367,0.8159,0.8545,,,470000000.0,470000000.0,194600000.0,1729600000.0,1729600000.0,新型电力,公用事业,电力,风力发电,3.91,3.2,
2014-02-21,5.68,5.77,5.55,5.58,5.77,-0.1899999999999995,-3.29,5265889.0,18967833.5,1.568,0.011204,0.02706,0.99,146.1821,,1.4866,0.7893,0.8266,,,470000000.0,470000000.0,194600000.0,1673200000.0,1673200000.0,新型电力,公用事业,电力,风力发电,4.05,3.31,
2014-02-24,5.57,5.57,5.38,5.44,5.58,-0.1399999999999996,-2.51,2925615.0,10140621.5,1.568,0.006225,0.015034,0.51,142.4865,,1.449,0.7694,0.8057,,,470000000.0,470000000.0,194600000.0,1630900000.0,1630900000.0,新型电力,公用事业,电力,风力发电,3.92,3.2,
2014-02-25,5.44,5.57,5.27,5.32,5.44,-0.1200000000000001,-2.21,2921783.0,10114780.3,1.568,0.006217,0.015014,0.52,139.2015,,1.4156,0.7516,0.7872,,,470000000.0,470000000.0,194600000.0,1593300000.0,1593300000.0,新型电力,公用事业,电力,风力发电,3.82,3.12,
2014-02-26,5.33,5.46,5.21,5.44,5.32,0.1200000000000001,2.26,2405502.0,8141077.199999999,1.568,0.005118,0.012361,0.43,142.4865,,1.449,0.7694,0.8057,,,470000000.0,470000000.0,194600000.0,1630900000.0,1630900000.0,新型电力,公用事业,电力,风力发电,3.73,3.05,
2014-02-27,5.44,5.57,5.41,5.47,5.44,0.0299999999999993,0.55,2796952.0,9821442.5,1.568,0.005951,0.014373,0.58,143.3077,,1.4574,0.7738,0.8104,,,470000000.0,470000000.0,194600000.0,1640300000.0,1640300000.0,新型电力,公用事业,电力,风力发电,3.82,3.12,
2014-02-28,5.47,5.58,5.33,5.58,5.47,0.1100000000000003,2.01,2193931.0,7631443.8,1.568,0.004668,0.011274,0.67,146.1821,,1.4866,0.7893,0.8266,,,470000000.0,470000000.0,194600000.0,1673200000.0,1673200000.0,新型电力,公用事业,电力,风力发电,3.84,3.14,
2014-03-03,5.6,5.72,5.57,5.6,5.58,0.0199999999999995,0.36,2450453.0,8801250.1,1.568,0.005214,0.012592,0.93,146.5927,,1.4908,0.7915,0.829,,,470000000.0,470000000.0,194600000.0,1677900000.0,1677900000.0,新型电力,公用事业,电力,风力发电,3.92,3.2,
2014-03-04,5.57,5.8,5.52,5.79,5.6,0.1900000000000004,3.39,4893979.0,17871318.599999998,1.568,0.0104129999999999,0.0251489999999999,1.92,151.5202,,1.5409,0.8181,0.8568,,,470000000.0,470000000.0,194600000.0,1734300000.0,1734300000.0,新型电力,公用事业,电力,风力发电,3.93,3.21,
2014-03-05,5.8,5.8,5.68,5.75,5.79,-0.04,-0.69,3052740.0,11158791.7,1.568,0.006495,0.015687,1.04,150.6989,,1.5325,0.8137,0.8522,,,470000000.0,470000000.0,194600000.0,1724900000.0,1724900000.0,新型电力,公用事业,电力,风力发电,4.06,3.32,
2014-03-06,5.75,5.75,5.6,5.69,5.75,-0.0599999999999996,-1.04,2260772.0,8169307.8,1.568,0.00481,0.011618,0.73,149.0565,,1.5158,0.8048,0.8429,,,470000000.0,470000000.0,194600000.0,1706100000.0,1706100000.0,新型电力,公用事业,电力,风力发电,4.04,3.3,
2014-03-07,5.68,5.72,5.63,5.66,5.69,-0.0300000000000002,-0.53,1755229.0,6351756.8,1.568,0.003735,0.00902,0.59,148.2352,,1.5075,0.8004,0.8383,,,470000000.0,470000000.0,194600000.0,1696700000.0,1696700000.0,新型电力,公用事业,电力,风力发电,3.99,3.27,
2014-03-10,5.64,6.22,5.52,6.22,5.66,0.5599999999999996,9.89,9081285.0,34572801.2,1.568,0.019322,0.046666,3.15,163.0177,,1.6578,0.8802,0.9218,,,470000000.0,470000000.0,194600000.0,1865900000.0,1865900000.0,新型电力,公用事业,电力,风力发电,3.97,3.25,
2014-03-11,6.08,6.74,5.9,6.46,6.22,0.2400000000000002,3.86,18705870.0,75357027.5,1.568,0.0398,0.096125,4.44,169.177,,1.7205,0.9135,0.9567,,,470000000.0,470000000.0,194600000.0,1936400000.0,1936400000.0,新型电力,公用事业,电力,风力发电,4.37,3.57,
2014-03-12,6.32,6.81,6.12,6.74,6.46,0.2800000000000002,4.33,19717361.0,82497361.3,1.568,0.0419519999999999,0.101323,2.83,176.5682,,1.7956,0.9534,0.9985,,,470000000.0,470000000.0,194600000.0,2021000000.0,2021000000.0,新型电力,公用事业,电力,风力发电,4.53,3.71,
2014-03-13,6.63,6.71,6.27,6.46,6.74,-0.2800000000000002,-4.15,11981779.0,50134041.7,1.568,0.025493,0.061571,1.16,169.177,,1.7205,0.9135,0.9567,,,470000000.0,470000000.0,194600000.0,1936400000.0,1936400000.0,新型电力,公用事业,电力,风力发电,4.73,3.87,
2014-03-14,6.35,6.68,6.22,6.66,6.46,0.2000000000000001,3.1,13273517.000000002,54580919.1,1.568,0.028242,0.068209,1.08,174.5151,,1.7747,0.9423,0.9869,,,470000000.0,470000000.0,194600000.0,1997500000.0,1997500000.0,新型电力,公用事业,电力,风力发电,4.53,3.71,
2014-03-17,6.55,6.73,6.49,6.51,6.66,-0.1500000000000003,-2.25,9442795.0,39648309.4,1.568,0.020091,0.048524,0.65,170.4089,,1.733,0.9201,0.9636,,,470000000.0,470000000.0,194600000.0,1950500000.0,1950500000.0,新型电力,公用事业,电力,风力发电,4.68,3.83,
2014-03-18,6.49,6.59,6.18,6.26,6.51,-0.25,-3.84,13061071.0,52789109.5,1.568,0.02779,0.067118,0.89,163.8389,,1.6662,0.8847,0.9265,,,470000000.0,470000000.0,194600000.0,1875300000.0,1875300000.0,新型电力,公用事业,电力,风力发电,4.57,3.74,
2014-03-19,6.19,6.19,5.97,6.12,6.26,-0.1399999999999996,-2.24,9244863.0,35919243.0,1.568,0.01967,0.047507,0.69,160.1433,,1.6286,0.8647,0.9056,,,470000000.0,470000000.0,194600000.0,1833000000.0,1833000000.0,新型电力,公用事业,电力,风力发电,4.39,3.59,
2014-03-20,6.12,6.73,6.07,6.73,6.12,0.6100000000000003,9.97,18137362.0,74949209.4,1.568,0.03859,0.093203,1.59,176.1576,,1.7914,0.9512,0.9961,,,470000000.0,470000000.0,194600000.0,2016300000.0,2016300000.0,新型电力,公用事业,电力,风力发电,4.29,3.51,
2014-03-21,6.84,7.31,6.84,6.98,6.73,0.25,3.71,29666151.0,133009139.4,1.568,0.063119,0.152447,2.35,182.7276,,1.8583,0.9866,1.0333,,,470000000.0,470000000.0,194600000.0,2091500000.0,2091500000.0,新型电力,公用事业,电力,风力发电,4.72,3.86,
2014-03-24,7.06,7.26,6.77,7.09,6.98,0.1099999999999994,1.58,21408227.0,95754636.0,1.568,0.045549,0.110011,1.35,185.602,,1.8875,1.0022,1.0496,,,470000000.0,470000000.0,194600000.0,2124400000.0,2124400000.0,新型电力,公用事业,电力,风力发电,4.9,4.01,
2014-03-25,6.99,7.53,6.82,7.29,7.09,0.2000000000000001,2.82,21871512.0,101313517.9,1.568,0.046535,0.112392,1.19,190.9401,,1.9418,1.031,1.0797,,,470000000.0,470000000.0,194600000.0,2185500000.0,2185500000.0,新型电力,公用事业,电力,风力发电,4.97,4.07,
2014-03-26,7.15,7.24,6.98,7.15,7.29,-0.1399999999999996,-1.92,11721669.0,53179628.4,1.568,0.02494,0.060235,0.58,187.2445,,1.9042,1.011,1.0588,,,470000000.0,470000000.0,194600000.0,2143200000.0,2143200000.0,新型电力,公用事业,电力,风力发电,5.12,4.19,
2014-03-27,7.06,7.1,6.87,6.87,7.15,-0.2800000000000002,-3.92,9354822.0,41561069.8,1.568,0.0199039999999999,0.048072,0.45,179.8532,,1.829,0.9711,1.017,,,470000000.0,470000000.0,194600000.0,2058600000.0,2058600000.0,新型电力,公用事业,电力,风力发电,5.02,4.1,
2014-03-28,6.79,6.99,6.63,6.65,6.87,-0.2199999999999997,-3.2,8823045.0,38520867.400000006,1.568,0.018772,0.045339,0.47,174.1045,,1.7706,0.9401,0.9845,,,470000000.0,470000000.0,194600000.0,1992800000.0,1992800000.0,新型电力,公用事业,电力,风力发电,4.82,3.94,
2014-03-31,6.7,7.31,6.7,7.24,6.65,0.5899999999999999,8.87,25981267.0,119305919.0,1.568,0.0552789999999999,0.133511,1.78,189.7082,,1.9292,1.0243,1.0728,,,470000000.0,470000000.0,194600000.0,2171400000.0,2171400000.0,新型电力,公用事业,电力,风力发电,4.66,3.82,
2014-04-01,7.07,7.17,6.79,6.99,7.24,-0.25,-3.45,14701698.000000002,65238290.5,1.568,0.03128,0.075548,0.95,183.1382,,1.8624,0.9889,1.0356,,,470000000.0,470000000.0,194600000.0,2096200000.0,2096200000.0,新型电力,公用事业,电力,风力发电,5.08,4.16,
2014-04-02,6.9,7.04,6.82,6.93,6.99,-0.0600000000000005,-0.86,9585424.0,42211677.3,1.568,0.020395,0.049257,0.68,181.4957,,1.8457,0.98,1.0263,,,470000000.0,470000000.0,194600000.0,2077400000.0,2077400000.0,新型电力,公用事业,电力,风力发电,4.91,4.01,
2014-04-03,6.9,7.53,6.81,7.32,6.93,0.3900000000000005,5.63,18060416.0,82527543.60000001,1.568,0.038426,0.0928079999999999,1.32,191.7613,,1.9501,1.0354,1.0844,,,470000000.0,470000000.0,194600000.0,2194900000.0,2194900000.0,新型电力,公用事业,电力,风力发电,4.86,3.98,
2014-04-04,7.18,7.67,7.1,7.35,7.32,0.0299999999999993,0.41,16804570.0,80191585.30000001,1.568,0.035754,0.086354,1.09,192.5826,,1.9585,1.0399,1.089,,,470000000.0,470000000.0,194600000.0,2204300000.0,2204300000.0,新型电力,公用事业,电力,风力发电,5.14,4.2,
2014-04-08,7.29,7.6,7.09,7.43,7.35,0.08,1.09,11025616.0,51439723.1,1.568,0.0234589999999999,0.056658,0.65,194.6357,,1.9794,1.0509,1.1006,,,470000000.0,470000000.0,194600000.0,2227800000.0,2227800000.0,新型电力,公用事业,电力,风力发电,5.16,4.22,
2014-04-09,7.31,7.51,6.99,7.13,7.43,-0.2999999999999998,-4.04,15037035.999999998,69160948.0,1.568,0.0319939999999999,0.077272,1.07,186.8338,,1.9,1.0088,1.0565,,,470000000.0,470000000.0,194600000.0,2138500000.0,2138500000.0,新型电力,公用事业,电力,风力发电,5.21,4.27,
2014-04-10,7.12,7.29,6.88,7.04,7.13,-0.0899999999999998,-1.26,15424369.0,69382760.1,1.568,0.032818,0.079262,1.09,184.3701,,1.875,0.9955,1.0426,,,470000000.0,470000000.0,194600000.0,2110300000.0,2110300000.0,新型电力,公用事业,电力,风力发电,5.01,4.1,
2014-04-11,7.04,7.34,6.88,7.2,7.04,0.1600000000000001,2.27,12506168.0,56944223.400000006,1.568,0.0266089999999999,0.0642659999999999,0.82,188.4763,,1.9167,1.0177,1.0658,,,470000000.0,470000000.0,194600000.0,2157300000.0,2157300000.0,新型电力,公用事业,电力,风力发电,4.94,4.04,
2014-04-14,7.12,7.24,7.02,7.24,7.2,0.04,0.56,8174012.0,37193648.4,1.568,0.017392,0.042004,0.58,189.7082,,1.9292,1.0243,1.0728,,,470000000.0,470000000.0,194600000.0,2171400000.0,2171400000.0,新型电力,公用事业,电力,风力发电,5.05,4.13,
2014-04-15,7.15,7.21,6.98,7.21,7.24,-0.0300000000000002,-0.41,10416680.0,47024127.5,1.568,0.022163,0.053529,0.84,188.887,,2.9383,1.0199,1.1939,,,470000000.0,470000000.0,194600000.0,2162000000.0,2162000000.0,新型电力,公用事业,电力,风力发电,5.08,4.16,
2014-04-16,7.15,7.59,7.15,7.24,7.21,0.0300000000000002,0.42,8956549.0,41976306.6,1.568,0.019056,0.046025,0.73,189.7082,,2.9511,1.0243,1.1991,,,470000000.0,470000000.0,194600000.0,2171400000.0,2171400000.0,新型电力,公用事业,电力,风力发电,5.06,4.14,
2014-04-17,7.23,7.31,7.04,7.26,7.24,0.0199999999999995,0.28,7439284.0,34047211.300000004,1.568,0.015828,0.038229,0.67,190.1188,,2.9575,1.0265,1.2017,,,470000000.0,470000000.0,194600000.0,2176100000.0,2176100000.0,新型电力,公用事业,电力,风力发电,5.08,4.16,
2014-04-18,7.18,7.46,7.15,7.37,7.26,0.1100000000000003,1.52,7155986.0,33312539.700000003,1.568,0.015226,0.036773,0.75,192.9932,,3.0022,1.0421,1.2198,,,470000000.0,470000000.0,194600000.0,2209000000.0,2209000000.0,新型电力,公用事业,电力,风力发电,5.09,4.17,
2014-04-21,7.26,7.81,7.24,7.62,7.37,0.25,3.39,14936665.0,72417587.10000001,1.568,0.03178,0.076756,1.77,199.5632,,3.1044,1.0775,1.2613,,,470000000.0,470000000.0,194600000.0,2284200000.0,2284200000.0,新型电力,公用事业,电力,风力发电,5.17,4.23,
2014-04-22,7.6,8.39,7.45,8.39,7.62,0.7700000000000005,10.1,34732090.0,181429065.7,1.568,0.073898,0.178479,3.55,219.6838,,3.4174,1.1862,1.3885,,,470000000.0,470000000.0,194600000.0,2514500000.0,2514500000.0,新型电力,公用事业,电力,风力发电,5.35,4.37,
2014-04-23,8.56,8.78,8.2,8.77,8.39,0.379999999999999,4.53,26869174.0,144932064.9,1.568,0.057168,0.138074,1.83,,,3.5833,1.4508,1.4508,,,470000000.0,470000000.0,194600000.0,2627300000.0,2627300000.0,新型电力,公用事业,电力,风力发电,5.89,4.82,
2014-04-24,8.48,8.72,8.09,8.11,8.77,-0.6600000000000001,-7.53,20858957.0,111577701.3,1.568,0.044381,0.1071889999999999,1.14,,,3.3141,1.3418,1.3418,,,470000000.0,470000000.0,194600000.0,2429900000.0,2429900000.0,新型电力,公用事业,电力,风力发电,6.15,5.03,
2014-04-25,8.18,8.67,8.12,8.29,8.11,0.1799999999999997,2.22,17337607.0,92787975.9,1.568,0.036889,0.0890939999999999,0.83,,,3.391,1.3729,1.3729,,,470000000.0,470000000.0,194600000.0,2486300000.0,2486300000.0,新型电力,公用事业,电力,风力发电,5.69,4.65,
2014-04-28,8.25,8.37,7.46,7.48,8.29,-0.8099999999999987,-9.77,23815169.0,115867139.7,1.568,0.050671,0.1223799999999999,1.04,,,3.6431,1.238,1.2181,,,470000000.0,470000000.0,194600000.0,2241900000.0,2241900000.0,新型电力,公用事业,电力,风力发电,5.82,4.76,
2014-04-29,7.13,7.68,7.13,7.6,7.48,0.1199999999999992,1.6,12488113.0,59338436.7,1.568,0.02657,0.064173,0.51,,,3.7042,1.2588,1.2385,,,470000000.0,470000000.0,194600000.0,2279500000.0,2279500000.0,新型电力,公用事业,电力,风力发电,5.25,4.29,
2014-04-30,7.6,8.37,7.56,8.37,7.6,0.7699999999999996,10.13,24626931.0,129801466.7,1.568,0.052398,0.126552,1.21,,,4.0784,1.3859,1.3637,,,470000000.0,470000000.0,194600000.0,2509800000.0,2509800000.0,新型电力,公用事业,电力,风力发电,5.34,4.37,
2014-05-05,8.2,9.19,8.06,8.81,8.37,0.4400000000000013,5.26,25674795.0,141454117.7,1.568,0.054627,0.131936,1.3,,,4.2923,1.4586,1.4352,,,470000000.0,470000000.0,194600000.0,2641400000.0,2641400000.0,新型电力,公用事业,电力,风力发电,5.87,4.81,
2014-05-06,9.38,9.41,8.83,9.2,8.81,0.3899999999999988,4.43,20254098.0,117674246.2,1.568,0.043094,0.1040809999999999,0.97,,,4.4832,1.5235,1.499,,,470000000.0,470000000.0,194600000.0,2758900000.0,2758900000.0,新型电力,公用事业,电力,风力发电,6.18,5.06,
2014-05-07,9.09,9.09,8.47,8.77,9.2,-0.4299999999999997,-4.67,24133986.0,134353293.4,1.568,0.051349,0.124018,1.13,,,4.2694,1.4508,1.4275,,,470000000.0,470000000.0,194600000.0,2627300000.0,2627300000.0,新型电力,公用事业,电力,风力发电,6.46,5.28,
2014-05-08,8.91,8.92,8.44,8.53,8.77,-0.2400000000000002,-2.74,17643183.0,96729073.7,1.568,0.0375389999999999,0.090664,0.82,,,4.1548,1.4119,1.3892,,,470000000.0,470000000.0,194600000.0,2556800000.0,2556800000.0,新型电力,公用事业,电力,风力发电,6.15,5.03,
2014-05-09,8.55,8.58,7.86,8.04,8.53,-0.4900000000000002,-5.74,19572153.0,102109063.0,1.568,0.041643,0.100576,0.87,,,3.9181,1.3314,1.31,,,470000000.0,470000000.0,194600000.0,2411100000.0,2411100000.0,新型电力,公用事业,电力,风力发电,5.98,4.9,
2014-05-12,8.04,8.39,8.04,8.2,8.04,0.1600000000000001,1.99,15514106.0,81316668.2,1.568,0.033009,0.079723,0.72,,,3.9944,1.3574,1.3356,,,470000000.0,470000000.0,194600000.0,2458100000.0,2458100000.0,新型电力,公用事业,电力,风力发电,5.64,4.62,
2014-05-13,8.29,9.02,8.14,9.02,8.2,0.8200000000000003,10.0,27418636.0,151767370.4,1.568,0.058338,0.140897,1.41,,,4.3916,1.4923,1.4684,,,470000000.0,470000000.0,194600000.0,2702500000.0,2702500000.0,新型电力,公用事业,电力,风力发电,5.75,4.71,
2014-05-14,8.92,9.16,8.48,8.77,9.02,-0.25,-2.77,21398646.0,120747433.0,1.568,0.045529,0.109962,1.03,,,4.2694,1.4508,1.4275,,,470000000.0,470000000.0,194600000.0,2627300000.0,2627300000.0,新型电力,公用事业,电力,风力发电,6.33,5.18,
2014-05-15,8.77,8.83,8.29,8.51,8.77,-0.2599999999999998,-2.96,13473903.0,72920175.3,1.568,0.028668,0.069239,0.66,,,4.1472,1.4093,1.3867,,,470000000.0,470000000.0,194600000.0,2552100000.0,2552100000.0,新型电力,公用事业,电力,风力发电,6.15,5.03,
2014-05-16,8.59,9.09,8.51,8.75,8.51,0.2400000000000002,2.82,18871714.0,106234379.7,1.568,0.040153,0.096977,0.97,,,4.2617,1.4482,1.425,,,470000000.0,470000000.0,194600000.0,2622600000.0,2622600000.0,新型电力,公用事业,电力,风力发电,5.97,4.89,
2014-05-19,8.47,9.0,7.98,8.83,8.75,0.08,0.91,14646966.0,79615521.8,1.568,0.031164,0.075267,0.76,,,4.2999,1.4612,1.4377,,,470000000.0,470000000.0,194600000.0,2646100000.0,2646100000.0,新型电力,公用事业,电力,风力发电,6.14,5.02,
2014-05-20,8.77,9.16,8.53,9.09,8.83,0.2599999999999998,2.94,20277455.0,115316137.7,1.568,0.043144,0.104201,1.06,,,4.4298,1.5053,1.4811,,,470000000.0,470000000.0,194600000.0,2726000000.0,2726000000.0,新型电力,公用事业,电力,风力发电,6.19,5.07,
2014-05-21,8.94,9.38,8.86,8.87,9.09,-0.2200000000000006,-2.42,17763736.0,102757807.8,1.568,0.037795,0.0912829999999999,1.0,,,4.3228,1.469,1.4454,,,470000000.0,470000000.0,194600000.0,2660200000.0,2660200000.0,新型电力,公用事业,电力,风力发电,6.38,5.22,
2014-05-22,8.83,9.22,8.72,9.14,8.87,0.2700000000000013,3.04,16862756.0,97297656.4,1.568,0.035878,0.086653,0.99,,,4.4527,1.5131,1.4888,,,470000000.0,470000000.0,194600000.0,2740100000.0,2740100000.0,新型电力,公用事业,电力,风力发电,6.23,5.09,
2014-05-23,9.05,9.3,8.91,8.98,9.14,-0.1600000000000001,-1.75,10662123.0,61471726.1,1.568,0.022685,0.05479,0.6,,,4.3763,1.4871,1.4633,,,470000000.0,470000000.0,194600000.0,2693100000.0,2693100000.0,新型电力,公用事业,电力,风力发电,6.41,5.25,
2014-05-26,8.92,9.05,8.64,8.89,8.98,-0.0899999999999998,-1.0,10797645.0,60916175.0,1.568,0.022974,0.055486,0.67,,,4.3305,1.4716,1.4479,,,470000000.0,470000000.0,194600000.0,2664900000.0,2664900000.0,新型电力,公用事业,电力,风力发电,6.3,5.16,
2014-05-27,8.87,8.97,8.7,8.92,8.89,0.0299999999999993,0.34,7690632.000000001,43293436.4,1.568,0.016363,0.03952,0.5,,,4.3458,1.4768,1.453,,,470000000.0,470000000.0,194600000.0,2674300000.0,2674300000.0,新型电力,公用事业,电力,风力发电,6.24,5.1,
2014-05-28,8.91,8.92,8.61,8.64,8.92,-0.2799999999999993,-3.14,11244521.0,62712901.8,1.568,0.023925,0.057783,0.88,,,4.2083,1.43,1.4071,,,470000000.0,470000000.0,194600000.0,2589700000.0,2589700000.0,新型电力,公用事业,电力,风力发电,6.26,5.12,
2014-05-29,8.56,8.56,8.08,8.09,8.64,-0.5500000000000007,-6.37,16808034.0,88718652.0,1.568,0.035762,0.086372,1.47,,,3.941,1.3392,1.3177,,,470000000.0,470000000.0,194600000.0,2425200000.0,2425200000.0,新型电力,公用事业,电力,风力发电,6.06,4.96,
2014-05-30,7.95,8.18,7.95,8.14,8.09,0.0500000000000007,0.62,7978189.0,41035746.9,1.568,0.016975,0.040998,0.7,,,3.9639,1.347,1.3254,,,470000000.0,470000000.0,194600000.0,2439300000.0,2439300000.0,新型电力,公用事业,电力,风力发电,5.68,4.64,
2014-06-03,8.17,8.33,8.03,8.08,8.14,-0.0600000000000005,-0.74,6301790.0,32908871.3,1.568,0.013408,0.032383,0.58,,,3.9333,1.3366,1.3152,,,470000000.0,470000000.0,194600000.0,2420500000.0,2420500000.0,新型电力,公用事业,电力,风力发电,5.71,4.67,
2014-06-04,8.03,8.11,7.78,7.87,8.08,-0.2099999999999999,-2.6,7020464.0,35320730.4,1.568,0.014937,0.036076,0.7,,,3.834,1.3029,1.282,,,470000000.0,470000000.0,194600000.0,2359400000.0,2359400000.0,新型电力,公用事业,电力,风力发电,5.67,4.64,
2014-06-05,7.86,8.0,7.73,7.92,7.87,0.0499999999999998,0.64,5975756.0,30015576.2,1.568,0.012714,0.030708,0.61,,,3.857,1.3107,1.2896,,,470000000.0,470000000.0,194600000.0,2373500000.0,2373500000.0,新型电力,公用事业,电力,风力发电,5.52,4.52,
2014-06-06,7.89,7.89,7.6,7.64,7.92,-0.2800000000000002,-3.54,8421671.0,41359497.2,1.568,0.017918,0.043277,0.96,,,3.7195,1.2639,1.2436,,,470000000.0,470000000.0,194600000.0,2288900000.0,2288900000.0,新型电力,公用事业,电力,风力发电,5.56,4.55,
2014-06-09,7.67,7.86,7.54,7.7,7.64,0.0600000000000005,0.79,7105663.0,35145491.300000004,1.568,0.015118,0.036514,1.0,,,3.75,1.2743,1.2539,,,470000000.0,470000000.0,194600000.0,2307700000.0,2307700000.0,新型电力,公用事业,电力,风力发电,5.36,4.38,
2014-06-10,7.7,7.79,7.62,7.78,7.7,0.08,1.04,4429322.0,21799601.7,1.568,0.009424,0.022761,0.64,,,3.7882,1.2873,1.2666,,,470000000.0,470000000.0,194600000.0,2331200000.0,2331200000.0,新型电力,公用事业,电力,风力发电,5.4,4.42,
2014-06-11,7.73,7.86,7.71,7.84,7.78,0.0599999999999996,0.77,3940118.0,19655310.1,1.568,0.008383,0.020247,0.6,,,3.8188,1.2977,1.2768,,,470000000.0,470000000.0,194600000.0,2350000000.0,2350000000.0,新型电力,公用事业,电力,风力发电,5.46,4.46,
2014-06-12,7.84,7.92,7.76,7.78,7.84,-0.0599999999999996,-0.77,4309194.0,21539004.9,1.568,0.0091679999999999,0.022144,0.72,,,3.7882,1.2873,1.2666,,,470000000.0,470000000.0,194600000.0,2331200000.0,2331200000.0,新型电力,公用事业,电力,风力发电,5.5,4.5,
2014-06-13,7.78,7.97,7.7,7.95,7.78,0.1699999999999999,2.19,5897183.0,29426720.0,1.568,0.0125469999999999,0.030304,1.05,,,3.8722,1.3159,1.2947,,,470000000.0,470000000.0,194600000.0,2382900000.0,2382900000.0,新型电力,公用事业,电力,风力发电,5.46,4.46,
2014-06-16,7.97,8.15,7.9,8.01,7.95,0.0599999999999996,0.75,6838039.999999999,35094599.300000004,1.568,0.014549,0.035139,1.33,,,3.9028,1.3262,1.3049,,,470000000.0,470000000.0,194600000.0,2401700000.0,2401700000.0,新型电力,公用事业,电力,风力发电,5.58,4.56,
2014-06-17,8.09,8.11,7.75,7.84,8.01,-0.1699999999999999,-2.12,7461232.000000001,37686950.5,1.568,0.015875,0.038341,1.47,,,3.8188,1.2977,1.2768,,,470000000.0,470000000.0,194600000.0,2350000000.0,2350000000.0,新型电力,公用事业,电力,风力发电,5.62,4.6,
2014-06-18,7.9,7.9,7.56,7.6,7.84,-0.2400000000000002,-3.06,4746090.0,23425324.2,1.568,0.010098,0.0243889999999999,0.83,,,3.7042,1.2588,1.2385,,,470000000.0,470000000.0,194600000.0,2279500000.0,2279500000.0,新型电力,公用事业,电力,风力发电,5.5,4.5,
2014-06-19,7.53,7.53,7.06,7.13,7.6,-0.4699999999999997,-6.18,7386053.999999999,34374757.599999994,1.568,0.015715,0.037955,1.26,,,3.4751,1.1809,1.1619,,,470000000.0,470000000.0,194600000.0,2138500000.0,2138500000.0,新型电力,公用事业,电力,风力发电,5.34,4.37,
2014-06-20,7.13,7.42,7.13,7.31,7.13,0.1799999999999997,2.52,3285966.0000000005,15303080.0,1.568,0.006991,0.016886,0.51,,,3.5591,1.2094,1.19,,,470000000.0,470000000.0,194600000.0,2190200000.0,2190200000.0,新型电力,公用事业,电力,风力发电,5.01,4.1,
2014-06-23,7.31,7.48,7.28,7.37,7.31,0.0600000000000005,0.82,2299060.0,10868653.0,1.568,0.004892,0.011814,0.39,,,3.5896,1.2198,1.2002,,,470000000.0,470000000.0,194600000.0,2209000000.0,2209000000.0,新型电力,公用事业,电力,风力发电,5.13,4.19,
2014-06-24,7.32,7.39,7.28,7.35,7.37,-0.0200000000000004,-0.27,2249441.0,10532451.1,1.568,0.004786,0.011559,0.45,,,3.582,1.2172,1.1977,,,470000000.0,470000000.0,194600000.0,2204300000.0,2204300000.0,新型电力,公用事业,电力,风力发电,5.17,4.23,
2014-06-25,7.32,7.32,7.23,7.23,7.35,-0.1199999999999992,-1.63,2102961.0,9751145.4,1.568,0.004474,0.010807,0.53,,,3.5209,1.1965,1.1773,,,470000000.0,470000000.0,194600000.0,2166700000.0,2166700000.0,新型电力,公用事业,电力,风力发电,5.16,4.22,
2014-06-26,7.18,7.35,7.17,7.24,7.23,0.0099999999999997,0.14,2923258.0,13538915.5,1.568,0.00622,0.015022,0.84,,,3.5285,1.1991,1.1798,,,470000000.0,470000000.0,194600000.0,2171400000.0,2171400000.0,新型电力,公用事业,电力,风力发电,5.07,4.15,
2014-06-27,7.31,7.34,7.13,7.26,7.24,0.0199999999999995,0.28,4674707.0,21648184.2,1.568,0.009946,0.024022,1.82,,,3.5362,1.2017,1.1824,,,470000000.0,470000000.0,194600000.0,2176100000.0,2176100000.0,新型电力,公用事业,电力,风力发电,5.08,4.16,
2014-06-30,7.26,7.43,7.17,7.43,7.26,0.1699999999999999,2.34,4298177.0,20001031.0,1.568,0.009145,0.022087,1.51,,,3.6202,1.2302,1.2104,,,470000000.0,470000000.0,194600000.0,2227800000.0,2227800000.0,新型电力,公用事业,电力,风力发电,5.09,4.17,
2014-07-01,7.45,8.17,7.39,8.17,7.43,0.7400000000000002,9.96,18018517.0,92507716.7,1.568,0.0383369999999999,0.092593,5.54,,,3.9792,1.3522,1.3305,,,470000000.0,470000000.0,194600000.0,2448700000.0,2448700000.0,新型电力,公用事业,电力,风力发电,5.21,4.27,
2014-07-02,8.17,8.42,8.0,8.15,8.17,-0.0199999999999995,-0.24,12251817.0,63853496.5,1.568,0.0260679999999999,0.062959,1.91,,,3.9715,1.3496,1.3279,,,470000000.0,470000000.0,194600000.0,2444000000.0,2444000000.0,新型电力,公用事业,电力,风力发电,5.73,4.69,
2014-07-03,8.2,8.22,8.03,8.04,8.15,-0.1100000000000012,-1.35,5882186.0,30325464.9,1.568,0.012515,0.030227,0.7,,,3.9181,1.3314,1.31,,,470000000.0,470000000.0,194600000.0,2411100000.0,2411100000.0,新型电力,公用事业,电力,风力发电,5.72,4.68,
2014-07-04,8.11,8.55,8.08,8.26,8.04,0.2200000000000006,2.74,12242970.0,65282895.900000006,1.568,0.026049,0.062914,1.36,,,4.025,1.3678,1.3458,,,470000000.0,470000000.0,194600000.0,2476900000.0,2476900000.0,新型电力,公用事业,电力,风力发电,5.64,4.62,
2014-07-07,8.33,8.61,8.23,8.48,8.26,0.2200000000000006,2.66,10203229.0,54964454.1,1.568,0.021709,0.052432,0.97,,,4.1319,1.4041,1.3815,,,470000000.0,470000000.0,194600000.0,2542700000.0,2542700000.0,新型电力,公用事业,电力,风力发电,5.8,4.74,
2014-07-08,8.45,8.91,8.34,8.73,8.48,0.25,2.95,8516894.0,47323032.7,1.568,0.018121,0.043766,0.73,,,4.2541,1.4456,1.4224,,,470000000.0,470000000.0,194600000.0,2617900000.0,2617900000.0,新型电力,公用事业,电力,风力发电,5.95,4.87,
2014-07-09,8.7,8.84,8.45,8.5,8.73,-0.2300000000000004,-2.63,7519171.000000001,41292681.0,1.568,0.015998,0.038639,0.77,,,4.1395,1.4067,1.3841,,,470000000.0,470000000.0,194600000.0,2547400000.0,2547400000.0,新型电力,公用事业,电力,风力发电,6.13,5.01,
2014-07-10,8.75,8.94,8.55,8.64,8.5,0.1400000000000005,1.65,5947405.0,33073103.3,1.568,0.012654,0.030562,0.67,,,4.2083,1.43,1.4071,,,470000000.0,470000000.0,194600000.0,2589700000.0,2589700000.0,新型电力,公用事业,电力,风力发电,5.96,4.88,
2014-07-11,8.61,9.0,8.34,8.67,8.64,0.0299999999999993,0.35,6815464.999999999,37811674.7,1.568,0.014501,0.035023,0.77,,,4.2236,1.4352,1.4122,,,470000000.0,470000000.0,194600000.0,2599100000.0,2599100000.0,新型电力,公用事业,电力,风力发电,6.06,4.96,
2014-07-14,8.62,8.84,8.48,8.64,8.67,-0.0299999999999993,-0.35,5078210.0,27910205.4,1.568,0.010805,0.0260959999999999,0.65,,,4.2083,1.43,1.4071,,,470000000.0,470000000.0,194600000.0,2589700000.0,2589700000.0,新型电力,公用事业,电力,风力发电,6.08,4.98,
2014-07-15,8.59,8.72,8.33,8.42,8.64,-0.2200000000000006,-2.55,5444911.0,29499197.3,1.568,0.011585,0.02798,0.8,,,4.1014,1.3937,1.3713,,,470000000.0,470000000.0,194600000.0,2523900000.0,2523900000.0,新型电力,公用事业,电力,风力发电,6.06,4.96,
2014-07-16,8.42,8.64,8.39,8.64,8.42,0.2200000000000006,2.61,5479118.0,29873651.3,1.568,0.011658,0.028156,0.89,,,4.2083,1.43,1.4071,,,470000000.0,470000000.0,194600000.0,2589700000.0,2589700000.0,新型电力,公用事业,电力,风力发电,5.91,4.83,
2014-07-17,8.64,8.78,8.56,8.67,8.64,0.0299999999999993,0.35,5014214.0,27713286.3,1.568,0.010669,0.025767,0.87,,,4.2236,1.4352,1.4122,,,470000000.0,470000000.0,194600000.0,2599100000.0,2599100000.0,新型电力,公用事业,电力,风力发电,6.06,4.96,
2014-07-18,8.67,8.83,8.59,8.75,8.67,0.08,0.92,4228074.0,23517837.1,1.568,0.0089959999999999,0.021727,0.76,,,4.2617,1.4482,1.425,,,470000000.0,470000000.0,194600000.0,2622600000.0,2622600000.0,新型电力,公用事业,电力,风力发电,6.08,4.98,
2014-07-21,8.81,8.83,8.51,8.66,8.75,-0.0899999999999998,-1.03,4374084.0,24228984.3,1.568,0.009307,0.022477,0.87,,,4.2159,1.4326,1.4096,,,470000000.0,470000000.0,194600000.0,2594400000.0,2594400000.0,新型电力,公用事业,电力,风力发电,6.14,5.02,
2014-07-22,8.66,8.78,8.55,8.72,8.66,0.0600000000000005,0.69,5121794.0,28300461.0,1.568,0.0108969999999999,0.02632,1.04,,,4.2465,1.443,1.4199,,,470000000.0,470000000.0,194600000.0,2613200000.0,2613200000.0,新型电力,公用事业,电力,风力发电,6.07,4.97,
2014-07-23,8.72,8.77,8.55,8.55,8.72,-0.1699999999999999,-1.95,3338971.0,18355865.7,1.568,0.007104,0.017158,0.69,,,4.1625,1.4145,1.3918,,,470000000.0,470000000.0,194600000.0,2561500000.0,2561500000.0,新型电力,公用事业,电力,风力发电,6.12,5.0,
2014-07-24,8.55,8.64,8.18,8.29,8.55,-0.2600000000000015,-3.04,4781127.0,25468933.9,1.568,0.010173,0.024569,1.08,,,4.0403,1.3729,1.3509,,,470000000.0,470000000.0,194600000.0,2486300000.0,2486300000.0,新型电力,公用事业,电力,风力发电,6.0,4.91,
2014-07-25,8.42,8.42,8.22,8.34,8.29,0.0500000000000007,0.6,2440371.0,12973292.8,1.568,0.005192,0.01254,0.56,,,4.0632,1.3807,1.3586,,,470000000.0,470000000.0,194600000.0,2500400000.0,2500400000.0,新型电力,公用事业,电力,风力发电,5.82,4.76,
2014-09-11,9.17,9.17,9.06,9.17,8.34,0.8300000000000001,9.95,7452150.0,43572465.4,1.568,0.015856,0.0382949999999999,1.86,,,5.5155,1.5183,1.5825,,,470000000.0,470000000.0,194600000.0,2749500000.0,2749500000.0,新型电力,公用事业,电力,风力发电,5.85,4.79,
2014-09-12,9.41,10.1,9.35,10.1,9.17,0.9299999999999996,10.14,26162724.0,165601538.9,1.568,0.0556649999999999,0.134444,5.65,,,6.0718,1.6714,1.7421,,,470000000.0,470000000.0,194600000.0,3026800000.0,3026800000.0,新型电力,公用事业,电力,风力发电,6.44,5.27,
2014-09-15,10.47,10.63,9.88,10.1,10.1,0.0,0.0,27310607.0,176976848.5,1.568,0.058108,0.140342,3.09,,,6.0718,1.6714,1.7421,,,470000000.0,470000000.0,194600000.0,3026800000.0,3026800000.0,新型电力,公用事业,电力,风力发电,7.08,5.8,
2014-09-16,10.16,10.25,9.64,9.64,10.1,-0.4599999999999991,-4.55,16461060.0,103489671.3,1.568,0.035024,0.084589,1.21,,,5.7984,1.5962,1.6637,,,470000000.0,470000000.0,194600000.0,2890500000.0,2890500000.0,新型电力,公用事业,电力,风力发电,7.08,5.8,
2014-09-17,9.41,9.56,9.16,9.46,9.64,-0.1799999999999997,-1.87,18520329.0,110146391.8,1.568,0.039405,0.0951709999999999,1.16,,,5.6853,1.565,1.6312,,,470000000.0,470000000.0,194600000.0,2834100000.0,2834100000.0,新型电力,公用事业,电力,风力发电,6.77,5.54,
2014-09-18,9.39,9.99,9.25,9.64,9.46,0.1799999999999997,1.9,18158867.0,111252118.9,1.568,0.038636,0.093314,0.95,,,5.7984,1.5962,1.6637,,,470000000.0,470000000.0,194600000.0,2890500000.0,2890500000.0,新型电力,公用事业,电力,风力发电,6.63,5.43,
2014-09-19,9.53,9.72,9.38,9.55,9.64,-0.0899999999999998,-0.93,9784176.0,59548174.8,1.568,0.020817,0.050278,0.46,,,5.7418,1.5806,1.6474,,,470000000.0,470000000.0,194600000.0,2862300000.0,2862300000.0,新型电力,公用事业,电力,风力发电,6.77,5.54,
2014-09-22,9.53,9.88,9.41,9.77,9.55,0.2199999999999988,2.3,12668801.0,78323865.30000001,1.568,0.026955,0.065102,0.7,,,5.8738,1.6169,1.6853,,,470000000.0,470000000.0,194600000.0,2928100000.0,2928100000.0,新型电力,公用事业,电力,风力发电,6.7,5.48,
2014-09-23,9.72,9.93,9.64,9.78,9.77,0.0099999999999997,0.1,8366556.0,52081996.5,1.568,0.017801,0.042994,0.55,,,5.8833,1.6195,1.688,,,470000000.0,470000000.0,194600000.0,2932800000.0,2932800000.0,新型电力,公用事业,电力,风力发电,6.85,5.61,
2014-09-24,9.72,9.77,9.58,9.69,9.78,-0.0899999999999998,-0.92,7561450.999999999,46610821.7,1.568,0.016088,0.038856,0.56,,,5.8267,1.6039,1.6718,,,470000000.0,470000000.0,194600000.0,2904600000.0,2904600000.0,新型电力,公用事业,电力,风力发电,6.86,5.62,
2014-09-25,9.66,10.07,9.56,9.72,9.69,0.0300000000000011,0.31,12726258.0,79508206.1,1.568,0.027077,0.065397,1.13,,,5.8455,1.6091,1.6772,,,470000000.0,470000000.0,194600000.0,2914000000.0,2914000000.0,新型电力,公用事业,电力,风力发电,6.8,5.56,
2014-09-26,9.55,9.96,9.42,9.75,9.72,0.0299999999999993,0.31,7312409.0,45341460.1,1.568,0.015558,0.037577,0.72,,,5.8644,1.6143,1.6826,,,470000000.0,470000000.0,194600000.0,2923400000.0,2923400000.0,新型电力,公用事业,电力,风力发电,6.82,5.58,
2014-09-29,9.75,9.99,9.66,9.97,9.75,0.2200000000000006,2.26,10517235.0,66078356.1,1.568,0.0223769999999999,0.0540449999999999,1.08,,,5.9964,1.6507,1.7205,,,470000000.0,470000000.0,194600000.0,2989200000.0,2989200000.0,新型电力,公用事业,电力,风力发电,6.84,5.6,
2014-09-30,10.04,10.1,9.83,9.93,9.97,-0.0400000000000009,-0.4,6736713.0,42616576.2,1.568,0.014333,0.034618,0.72,,,5.9681,1.6429,1.7124,,,470000000.0,470000000.0,194600000.0,2975100000.0,2975100000.0,新型电力,公用事业,电力,风力发电,7.0,5.72,
2014-10-08,9.99,10.33,9.91,10.27,9.93,0.3399999999999998,3.42,10588759.0,68829154.1,1.568,0.022529,0.054413,1.18,,,6.1755,1.7,1.7719,,,470000000.0,470000000.0,194600000.0,3078500000.0,3078500000.0,新型电力,公用事业,电力,风力发电,6.96,5.7,
2014-10-09,10.29,11.29,10.29,10.93,10.27,0.6600000000000001,6.43,20960749.0,144992860.5,1.568,0.044597,0.107712,2.19,,,6.5715,1.809,1.8855,,,470000000.0,470000000.0,194600000.0,3275900000.0,3275900000.0,新型电力,公用事业,电力,风力发电,7.21,5.9,
2014-10-10,11.26,12.03,10.98,11.9,10.93,0.9700000000000006,8.87,26743928.000000004,200528980.6,1.568,0.056902,0.13743,2.38,,,7.1561,1.9699,2.0532,,,470000000.0,470000000.0,194600000.0,3567300000.0,3567300000.0,新型电力,公用事业,电力,风力发电,7.67,6.27,
2014-10-13,11.9,11.9,10.99,11.32,11.9,-0.5800000000000001,-4.87,16729572.0,121277979.5,1.568,0.035595,0.085969,1.11,,,6.8072,1.8739,1.9531,,,470000000.0,470000000.0,194600000.0,3393400000.0,3393400000.0,新型电力,公用事业,电力,风力发电,8.35,6.83,
2014-10-14,11.23,12.39,11.1,12.26,11.32,0.9399999999999996,8.3,18890292.0,145027446.1,1.568,0.040192,0.097072,1.16,,,7.3729,2.0296,2.1154,,,470000000.0,470000000.0,194600000.0,3675400000.0,3675400000.0,新型电力,公用事业,电力,风力发电,7.94,6.5,
2014-10-15,12.23,12.23,11.7,12.01,12.26,-0.25,-2.04,10915193.0,83341570.9,1.568,0.023224,0.05609,0.58,,,7.2221,1.9881,2.0721,,,470000000.0,470000000.0,194600000.0,3600200000.0,3600200000.0,新型电力,公用事业,电力,风力发电,8.6,7.04,
2014-10-16,11.81,12.0,11.26,11.32,12.01,-0.6899999999999995,-5.75,11717955.0,86562824.39999999,1.568,0.024932,0.060216,0.62,,,6.8072,1.8739,1.9531,,,470000000.0,470000000.0,194600000.0,3393400000.0,3393400000.0,新型电力,公用事业,电力,风力发电,8.43,6.89,
2014-10-17,11.31,11.59,11.1,11.42,11.32,0.0999999999999996,0.88,5769434.0,41738621.1,1.568,0.012275,0.0296479999999999,0.34,,,6.8638,1.8894,1.9694,,,470000000.0,470000000.0,194600000.0,3421600000.0,3421600000.0,新型电力,公用事业,电力,风力发电,7.94,6.5,
2014-10-20,11.43,11.63,11.13,11.48,11.42,0.0600000000000005,0.53,5782342.0,42129066.3,1.568,0.012303,0.029714,0.45,,,6.9015,1.8998,1.9802,,,470000000.0,470000000.0,194600000.0,3440400000.0,3440400000.0,新型电力,公用事业,电力,风力发电,8.01,6.55,
2014-10-21,11.48,11.52,11.13,11.35,11.48,-0.1300000000000007,-1.13,6993710.000000001,50303601.6,1.568,0.0148799999999999,0.035939,0.66,,,6.8261,1.879,1.9585,,,470000000.0,470000000.0,194600000.0,3402800000.0,3402800000.0,新型电力,公用事业,电力,风力发电,8.05,6.59,
2014-10-22,11.38,12.45,11.32,12.15,11.35,0.8000000000000007,7.05,17752361.0,136406084.6,1.568,0.037771,0.091225,2.16,,,7.3069,2.0114,2.0965,,,470000000.0,470000000.0,194600000.0,3642500000.0,3642500000.0,新型电力,公用事业,电力,风力发电,7.96,6.52,
2014-10-23,11.92,12.78,11.81,12.23,12.15,0.08,0.66,13000622.0,101856504.8,1.568,0.0276609999999999,0.066807,1.35,,,7.3541,2.0244,2.11,,,470000000.0,470000000.0,194600000.0,3666000000.0,3666000000.0,新型电力,公用事业,电力,风力发电,8.53,6.98,
2014-10-24,12.23,12.23,11.79,11.9,12.23,-0.33,-2.7,6314902.0,47998049.5,1.568,0.0134359999999999,0.032451,0.64,,,7.1561,1.9699,2.0532,,,470000000.0,470000000.0,194600000.0,3567300000.0,3567300000.0,新型电力,公用事业,电力,风力发电,8.58,7.02,
2014-10-27,12.23,12.25,11.85,11.95,11.9,0.0499999999999989,0.42,4626221.0,35412306.4,1.568,0.009843,0.023773,0.46,,,7.1844,1.9777,2.0613,,,470000000.0,470000000.0,194600000.0,3581400000.0,3581400000.0,新型电力,公用事业,电力,风力发电,8.35,6.83,
2014-10-28,11.96,12.34,11.89,12.17,11.95,0.2200000000000006,1.84,8954648.0,69691472.0,1.568,0.019052,0.046016,0.92,,,7.3164,2.014,2.0992,,,470000000.0,470000000.0,194600000.0,3647200000.0,3647200000.0,新型电力,公用事业,电力,风力发电,8.38,6.86,
2014-10-29,12.17,13.09,11.92,13.06,12.17,0.8900000000000006,7.31,14064225.0,111826602.8,1.568,0.029924,0.072272,1.39,,,7.8538,2.1619,2.2534,,,470000000.0,470000000.0,194600000.0,3915100000.0,3915100000.0,新型电力,公用事业,电力,风力发电,8.54,6.98,
2014-10-30,12.95,12.95,12.51,12.83,13.06,-0.2300000000000004,-1.76,11179155.0,90509357.1,1.568,0.0237849999999999,0.057447,1.19,,,10.177,2.123,2.8598,,,470000000.0,470000000.0,194600000.0,3844600000.0,3844600000.0,新型电力,公用事业,电力,风力发电,9.16,7.5,
2014-10-31,12.72,13.22,12.67,12.83,12.83,0.0,0.0,9467199.0,78136138.60000001,1.568,0.020143,0.04865,1.05,,,10.177,2.123,2.8598,,,470000000.0,470000000.0,194600000.0,3844600000.0,3844600000.0,新型电力,公用事业,电力,风力发电,9.0,7.36,
2014-11-03,12.78,13.56,12.75,13.23,12.83,0.4000000000000003,3.12,11213063.0,94975769.3,1.568,0.023858,0.057621,1.16,,,10.5005,2.1905,2.9507,,,470000000.0,470000000.0,194600000.0,3966800000.0,3966800000.0,新型电力,公用事业,电力,风力发电,9.0,7.36,
2014-11-04,13.3,13.34,12.83,13.09,13.23,-0.1400000000000005,-1.06,6646996.000000001,55236785.6,1.568,0.014143,0.034157,0.61,,,10.3886,2.1671,2.9192,,,470000000.0,470000000.0,194600000.0,3924500000.0,3924500000.0,新型电力,公用事业,电力,风力发电,9.28,7.6,
2014-11-05,13.03,13.22,12.86,13.11,13.09,0.0199999999999995,0.15,4305175.0,35982542.1,1.568,0.00916,0.022123,0.41,,,10.401,2.1697,2.9227,,,470000000.0,470000000.0,194600000.0,3929200000.0,3929200000.0,新型电力,公用事业,电力,风力发电,9.19,7.52,
2014-11-06,13.64,13.64,12.78,12.9,13.11,-0.209999999999999,-1.6,7490328.999999999,62641127.4,1.568,0.015937,0.038491,0.87,,,10.2393,2.136,2.8773,,,470000000.0,470000000.0,194600000.0,3868100000.0,3868100000.0,新型电力,公用事业,电力,风力发电,9.2,7.52,
2014-11-07,12.86,12.98,12.2,12.23,12.9,-0.6699999999999999,-5.19,11333271.0,90157103.7,1.568,0.024113,0.058239,1.45,,,9.7043,2.0244,2.727,,,470000000.0,470000000.0,194600000.0,3666000000.0,3666000000.0,新型电力,公用事业,电力,风力发电,9.05,7.41,
2014-11-10,12.07,12.23,11.89,12.21,12.23,-0.0199999999999995,-0.16,6407029.0,49207907.5,1.568,0.013632,0.032924,0.78,,,9.6918,2.0218,2.7235,,,470000000.0,470000000.0,194600000.0,3661300000.0,3661300000.0,新型电力,公用事业,电力,风力发电,8.58,7.02,
2014-11-11,12.21,12.21,11.7,11.79,12.21,-0.4200000000000017,-3.44,7383842.0,56159727.6,1.568,0.01571,0.037944,1.02,,,9.3559,1.9517,2.6291,,,470000000.0,470000000.0,194600000.0,3534400000.0,3534400000.0,新型电力,公用事业,电力,风力发电,8.57,7.01,
2014-11-12,11.73,12.06,11.63,12.0,11.79,0.2100000000000008,1.78,2926549.0,22229984.6,1.568,0.006227,0.015039,0.4,,,9.5177,1.9855,2.6745,,,470000000.0,470000000.0,194600000.0,3595500000.0,3595500000.0,新型电力,公用事业,电力,风力发电,8.27,6.77,
2014-11-13,11.87,12.03,11.82,11.93,12.0,-0.0700000000000002,-0.58,3332421.0,25253035.0,1.568,0.00709,0.017124,0.47,,,9.4679,1.9751,2.6605,,,470000000.0,470000000.0,194600000.0,3576700000.0,3576700000.0,新型电力,公用事业,电力,风力发电,8.42,6.89,
2014-11-14,11.87,11.92,11.27,11.42,11.93,-0.5099999999999998,-4.27,5323300.0,39028635.4,1.568,0.011326,0.027355,0.85,,,9.0573,1.8894,2.5452,,,470000000.0,470000000.0,194600000.0,3421600000.0,3421600000.0,新型电力,公用事业,电力,风力发电,8.37,6.85,
2014-11-17,11.31,11.6,11.29,11.6,11.42,0.1799999999999997,1.58,3111181.0,22726578.5,1.568,0.00662,0.015988,0.61,,,9.2066,1.9206,2.5871,,,470000000.0,470000000.0,194600000.0,3478000000.0,3478000000.0,新型电力,公用事业,电力,风力发电,8.01,6.55,
2014-11-18,11.46,12.01,11.46,11.92,11.6,0.3200000000000003,2.76,3424400.0,25962681.8,1.568,0.007286,0.017597,0.78,,,9.4554,1.9725,2.657,,,470000000.0,470000000.0,194600000.0,3572000000.0,3572000000.0,新型电力,公用事业,电力,风力发电,8.14,6.66,
2014-11-19,12.04,12.1,11.76,11.92,11.92,0.0,0.0,2886456.0,21950352.5,1.568,0.006141,0.014833,0.8,,,9.4554,1.9725,2.657,,,470000000.0,470000000.0,194600000.0,3572000000.0,3572000000.0,新型电力,公用事业,电力,风力发电,8.36,6.84,
2014-11-20,11.82,11.98,11.63,11.89,11.92,-0.0299999999999993,-0.25,2390793.0,17925561.2,1.568,0.005087,0.0122859999999999,0.66,,,9.4306,1.9673,2.65,,,470000000.0,470000000.0,194600000.0,3562600000.0,3562600000.0,新型电力,公用事业,电力,风力发电,8.36,6.84,
2014-11-21,12.0,12.06,11.65,11.78,11.89,-0.1100000000000012,-0.93,3083278.0,23161924.8,1.568,0.00656,0.015844,0.9,,,9.3435,1.9491,2.6256,,,470000000.0,470000000.0,194600000.0,3529700000.0,3529700000.0,新型电力,公用事业,电力,风力发电,8.34,6.82,
2014-11-24,11.92,12.01,11.73,11.74,11.78,-0.0399999999999991,-0.34,4572013.0,34430788.7,1.568,0.009728,0.023494,1.53,,,9.3186,1.9439,2.6186,,,470000000.0,470000000.0,194600000.0,3520300000.0,3520300000.0,新型电力,公用事业,电力,风力发电,8.26,6.76,
2014-11-25,11.74,11.87,11.45,11.7,11.74,-0.0400000000000009,-0.34,4492895.0,33266843.3,1.568,0.009559,0.023088,1.37,,,9.2813,1.9361,2.6081,,,470000000.0,470000000.0,194600000.0,3506200000.0,3506200000.0,新型电力,公用事业,电力,风力发电,8.24,6.74,
2014-11-26,11.7,11.73,11.49,11.59,11.7,-0.1099999999999994,-0.94,4471615.0,33062773.7,1.568,0.009514,0.022978,1.28,,,9.1942,1.918,2.5836,,,470000000.0,470000000.0,194600000.0,3473300000.0,3473300000.0,新型电力,公用事业,电力,风力发电,8.21,6.71,
2014-11-27,11.57,11.89,11.54,11.7,11.59,0.1099999999999994,0.95,6760002.0,50554362.6,1.568,0.014383,0.034738,1.78,,,9.2813,1.9361,2.6081,,,470000000.0,470000000.0,194600000.0,3506200000.0,3506200000.0,新型电力,公用事业,电力,风力发电,8.13,6.65,
2014-11-28,11.78,11.78,11.51,11.52,11.7,-0.1799999999999997,-1.54,5089221.0,37748818.3,1.568,0.0108279999999999,0.026152,1.09,,,9.1444,1.9076,2.5696,,,470000000.0,470000000.0,194600000.0,3454500000.0,3454500000.0,新型电力,公用事业,电力,风力发电,8.21,6.71,
2014-12-01,11.42,11.48,11.12,11.13,11.52,-0.3899999999999988,-3.39,6566109.0,47045797.3,1.568,0.01397,0.033742,1.29,,,8.8334,1.8427,2.4822,,,470000000.0,470000000.0,194600000.0,3337000000.0,3337000000.0,新型电力,公用事业,电力,风力发电,8.09,6.62,
2014-12-02,11.16,11.38,11.12,11.31,11.13,0.1799999999999997,1.62,3816315.0,27555372.1,1.568,0.00812,0.019611,0.7,,,8.9702,1.8713,2.5207,,,470000000.0,470000000.0,194600000.0,3388700000.0,3388700000.0,新型电力,公用事业,电力,风力发电,7.81,6.39,
2014-12-03,11.31,11.35,11.04,11.15,11.31,-0.1600000000000001,-1.41,6894494.0,48921331.5,1.568,0.014669,0.035429,1.29,,,8.8458,1.8453,2.4857,,,470000000.0,470000000.0,194600000.0,3341700000.0,3341700000.0,新型电力,公用事业,电力,风力发电,7.93,6.49,
2014-12-04,11.21,11.43,11.1,11.31,11.15,0.1600000000000001,1.43,6685421.000000001,47975936.9,1.568,0.014224,0.034355,1.15,,,8.9702,1.8713,2.5207,,,470000000.0,470000000.0,194600000.0,3388700000.0,3388700000.0,新型电力,公用事业,电力,风力发电,7.82,6.4,
2014-12-05,11.38,12.43,11.37,12.43,11.31,1.1199999999999992,9.9,29205655.0,228470863.3,1.568,0.06214,0.15008,5.03,,,9.866,2.0581,2.7724,,,470000000.0,470000000.0,194600000.0,3727100000.0,3727100000.0,新型电力,公用事业,电力,风力发电,7.93,6.49,
2014-12-08,12.54,13.52,12.37,13.14,12.43,0.7100000000000009,5.71,28753910.0,238832053.1,1.568,0.061179,0.147759,2.7,,,10.4259,2.1749,2.9297,,,470000000.0,470000000.0,194600000.0,3938600000.0,3938600000.0,新型电力,公用事业,电力,风力发电,8.72,7.14,
2014-12-09,12.98,13.01,11.82,11.82,13.14,-1.3200000000000005,-10.05,15379729.0,121093175.7,1.568,0.032723,0.0790329999999999,1.02,,,9.3808,1.9569,2.6361,,,470000000.0,470000000.0,194600000.0,3543800000.0,3543800000.0,新型电力,公用事业,电力,风力发电,9.22,7.54,
2014-12-10,11.7,12.23,11.16,11.96,11.82,0.1400000000000005,1.18,8687286.0,64766609.6,1.568,0.018484,0.044642,0.5,,,9.4928,1.9803,2.6675,,,470000000.0,470000000.0,194600000.0,3586100000.0,3586100000.0,新型电力,公用事业,电力,风力发电,8.29,6.79,
2014-12-11,11.76,12.09,11.68,11.96,11.96,0.0,0.0,5278832.0,40018853.9,1.568,0.0112319999999999,0.027127,0.3,,,9.4928,1.9803,2.6675,,,470000000.0,470000000.0,194600000.0,3586100000.0,3586100000.0,新型电力,公用事业,电力,风力发电,8.39,6.87,
2014-12-12,11.96,12.94,11.79,12.39,11.96,0.4299999999999997,3.6,9790937.0,78020927.89999999,1.568,0.020832,0.050313,0.56,,,9.8287,2.0503,2.7619,,,470000000.0,470000000.0,194600000.0,3713000000.0,3713000000.0,新型电力,公用事业,电力,风力发电,8.39,6.87,
2014-12-15,12.39,12.47,11.87,12.28,12.39,-0.1100000000000012,-0.89,6445585.0,50278496.1,1.568,0.0137139999999999,0.033122,0.47,,,9.7416,2.0322,2.7374,,,470000000.0,470000000.0,194600000.0,3680100000.0,3680100000.0,新型电力,公用事业,电力,风力发电,8.69,7.11,
2014-12-16,12.23,12.42,12.1,12.31,12.28,0.0300000000000011,0.24,4883278.0,38155283.8,1.568,0.01039,0.0250939999999999,0.54,,,9.7665,2.0374,2.7444,,,470000000.0,470000000.0,194600000.0,3689500000.0,3689500000.0,新型电力,公用事业,电力,风力发电,8.61,7.05,
2014-12-17,12.31,12.31,11.84,11.93,12.31,-0.3800000000000008,-3.09,5239576.0,40034141.8,1.568,0.011148,0.0269249999999999,0.75,,,9.4679,1.9751,2.6605,,,470000000.0,470000000.0,194600000.0,3576700000.0,3576700000.0,新型电力,公用事业,电力,风力发电,8.64,7.07,
2014-12-18,11.89,12.07,11.68,11.71,11.93,-0.2199999999999988,-1.84,4045617.0,30479209.8,1.568,0.008608,0.020789,0.64,,,9.2937,1.9387,2.6116,,,470000000.0,470000000.0,194600000.0,3510900000.0,3510900000.0,新型电力,公用事业,电力,风力发电,8.37,6.85,
2014-12-19,11.7,11.7,11.13,11.45,11.71,-0.2600000000000015,-2.22,5609877.0,40607493.1,1.568,0.011936,0.028828,0.92,,,9.0822,1.8946,2.5522,,,470000000.0,470000000.0,194600000.0,3431000000.0,3431000000.0,新型电力,公用事业,电力,风力发电,8.22,6.72,
2014-12-22,11.29,11.29,10.3,10.69,11.45,-0.7599999999999998,-6.64,6496996.0,44969869.0,1.568,0.013823,0.033386,1.24,,,8.485,1.77,2.3843,,,470000000.0,470000000.0,194600000.0,3205400000.0,3205400000.0,新型电力,公用事业,电力,风力发电,8.03,6.57,
2014-12-23,10.58,10.9,10.51,10.57,10.69,-0.1199999999999992,-1.12,2684633.0,18428096.7,1.568,0.005712,0.013796,0.51,,,8.3855,1.7493,2.3564,,,470000000.0,470000000.0,194600000.0,3167800000.0,3167800000.0,新型电力,公用事业,电力,风力发电,7.5,6.14,
2014-12-24,10.57,10.83,10.4,10.77,10.57,0.1999999999999993,1.89,2969807.0,20160273.0,1.568,0.006319,0.015261,0.62,,,8.5472,1.783,2.4018,,,470000000.0,470000000.0,194600000.0,3228900000.0,3228900000.0,新型电力,公用事业,电力,风力发电,7.41,6.07,
2014-12-25,10.77,11.15,10.65,11.09,10.77,0.3200000000000003,2.97,2677478.0,18716933.3,1.568,0.005697,0.0137589999999999,0.61,,,8.7961,1.8349,2.4717,,,470000000.0,470000000.0,194600000.0,3322900000.0,3322900000.0,新型电力,公用事业,电力,风力发电,7.56,6.18,
2014-12-26,11.09,11.2,10.94,11.05,11.09,-0.0399999999999991,-0.36,2665713.0,18782288.9,1.568,0.005672,0.0136979999999999,0.65,,,8.7712,1.8297,2.4648,,,470000000.0,470000000.0,194600000.0,3313500000.0,3313500000.0,新型电力,公用事业,电力,风力发电,7.78,6.36,
2014-12-29,11.07,11.07,10.43,10.65,11.05,-0.4000000000000003,-3.62,3755561.0,25626348.8,1.568,0.007991,0.019299,1.07,,,8.4477,1.7623,2.3739,,,470000000.0,470000000.0,194600000.0,3191300000.0,3191300000.0,新型电力,公用事业,电力,风力发电,7.76,6.35,
2014-12-30,10.44,10.98,10.41,10.94,10.65,0.2899999999999991,2.72,4769084.0,32661711.4,1.568,0.010147,0.0245069999999999,1.62,,,8.6841,1.8116,2.4403,,,470000000.0,470000000.0,194600000.0,3280600000.0,3280600000.0,新型电力,公用事业,电力,风力发电,7.47,6.11,
2014-12-31,10.85,10.98,10.69,10.88,10.94,-0.0599999999999987,-0.55,2137298.0,14752073.2,1.568,0.004547,0.010983,0.63,,,8.6343,1.8012,2.4263,,,470000000.0,470000000.0,194600000.0,3261800000.0,3261800000.0,新型电力,公用事业,电力,风力发电,7.68,6.28,
2015-01-05,10.82,10.98,10.77,10.91,10.88,0.0299999999999993,0.28,3315014.0,23019985.2,1.568,0.007053,0.017035,1.04,,,8.6592,1.8064,2.4333,,,470000000.0,470000000.0,194600000.0,3271200000.0,3271200000.0,新型电力,公用事业,电力,风力发电,7.63,6.25,
2015-01-06,10.93,11.42,10.83,11.29,10.91,0.379999999999999,3.48,4434597.0,31614973.4,1.568,0.009435,0.022788,1.33,,,8.9578,1.8687,2.5172,,,470000000.0,470000000.0,194600000.0,3384000000.0,3384000000.0,新型电力,公用事业,电力,风力发电,7.66,6.26,
2015-01-07,11.2,11.4,11.12,11.21,11.29,-0.0799999999999983,-0.71,2327369.0,16618882.3,1.568,0.004952,0.01196,0.63,,,8.8956,1.8557,2.4997,,,470000000.0,470000000.0,194600000.0,3360500000.0,3360500000.0,新型电力,公用事业,电力,风力发电,7.92,6.48,
2015-01-08,11.21,11.21,10.94,11.04,11.21,-0.1700000000000017,-1.52,3133510.0,22065526.8,1.568,0.0066669999999999,0.016102,0.92,,,8.7587,1.8271,2.4613,,,470000000.0,470000000.0,194600000.0,3308800000.0,3308800000.0,新型电力,公用事业,电力,风力发电,7.87,6.44,
2015-01-09,10.99,11.15,10.94,10.96,11.04,-0.0799999999999983,-0.72,1764240.0000000002,12412112.8,1.568,0.003754,0.009066,0.57,,,8.6965,1.8142,2.4438,,,470000000.0,470000000.0,194600000.0,3285300000.0,3285300000.0,新型电力,公用事业,电力,风力发电,7.74,6.34,
2015-01-12,10.94,10.94,10.66,10.76,10.96,-0.200000000000001,-1.82,1705488.0,11709589.3,1.568,0.003629,0.008764,0.57,,,8.5348,1.7804,2.3983,,,470000000.0,470000000.0,194600000.0,3224200000.0,3224200000.0,新型电力,公用事业,电力,风力发电,7.69,6.29,
2015-01-13,10.71,10.91,10.63,10.77,10.76,0.0099999999999997,0.09,1834089.0,12592273.5,1.568,0.003902,0.009425,0.69,,,8.5472,1.783,2.4018,,,470000000.0,470000000.0,194600000.0,3228900000.0,3228900000.0,新型电力,公用事业,电力,风力发电,7.55,6.17,
2015-01-14,10.69,11.38,10.69,11.18,10.77,0.4100000000000001,3.81,3776440.0,26598567.0,1.568,0.008035,0.019406,1.75,,,8.8707,1.8505,2.4927,,,470000000.0,470000000.0,194600000.0,3351100000.0,3351100000.0,新型电力,公用事业,电力,风力发电,7.56,6.18,
2015-01-15,11.18,11.26,10.91,11.13,11.18,-0.0499999999999989,-0.45,2411703.0,17038527.3,1.568,0.005131,0.012393,0.99,,,8.8334,1.8427,2.4822,,,470000000.0,470000000.0,194600000.0,3337000000.0,3337000000.0,新型电力,公用事业,电力,风力发电,7.84,6.42,
2015-01-16,11.13,11.31,11.02,11.15,11.13,0.0199999999999995,0.18,3571608.9999999995,25367601.3,1.568,0.007599,0.018354,1.55,,,8.8458,1.8453,2.4857,,,470000000.0,470000000.0,194600000.0,3341700000.0,3341700000.0,新型电力,公用事业,电力,风力发电,7.81,6.39,
2015-01-19,10.98,11.23,10.66,10.87,11.15,-0.2800000000000011,-2.51,4097759.0,28730917.5,1.568,0.008719,0.021057,1.54,,,8.6219,1.7986,2.4228,,,470000000.0,470000000.0,194600000.0,3257100000.0,3257100000.0,新型电力,公用事业,电力,风力发电,7.82,6.4,
2015-01-20,10.98,11.12,10.93,11.05,10.87,0.1800000000000015,1.66,2584104.0,18161713.3,1.568,0.0054979999999999,0.013279,0.82,,,8.7712,1.8297,2.4648,,,470000000.0,470000000.0,194600000.0,3313500000.0,3313500000.0,新型电力,公用事业,电力,风力发电,7.62,6.24,
2015-01-21,11.12,11.51,10.99,11.45,11.05,0.3999999999999986,3.62,6240783.0,44822203.1,1.568,0.013278,0.03207,1.9,,,9.0822,1.8946,2.5522,,,470000000.0,470000000.0,194600000.0,3431000000.0,3431000000.0,新型电力,公用事业,电力,风力发电,7.76,6.35,
2015-01-22,11.45,11.73,11.37,11.6,11.45,0.1500000000000003,1.31,5887795.0,43273828.9,1.568,0.012527,0.0302559999999999,1.56,,,9.2066,1.9206,2.5871,,,470000000.0,470000000.0,194600000.0,3478000000.0,3478000000.0,新型电力,公用事业,电力,风力发电,8.03,6.57,
2015-01-23,12.2,12.69,11.89,12.12,11.6,0.5199999999999996,4.48,11853438.0,92033557.7,1.568,0.02522,0.0609119999999999,2.65,,,9.6172,2.0062,2.7025,,,470000000.0,470000000.0,194600000.0,3633100000.0,3633100000.0,新型电力,公用事业,电力,风力发电,8.14,6.66,
2015-01-26,11.92,12.65,11.82,12.54,12.12,0.4199999999999999,3.47,11244657.0,88782099.3,1.568,0.023925,0.057783,1.83,,,9.9531,2.0763,2.7969,,,470000000.0,470000000.0,194600000.0,3760000000.0,3760000000.0,新型电力,公用事业,电力,风力发电,8.5,6.96,
2015-01-27,12.53,13.03,12.26,12.84,12.54,0.3000000000000007,2.39,13169857.999999998,107706632.0,1.568,0.0280209999999999,0.067677,1.74,,,10.1895,2.1256,2.8633,,,470000000.0,470000000.0,194600000.0,3849300000.0,3849300000.0,新型电力,公用事业,电力,风力发电,8.8,7.2,
2015-01-28,12.84,13.69,12.79,12.92,12.84,0.08,0.62,9694394.0,81171441.9,1.568,0.020626,0.049817,1.0,,,10.2517,2.1386,2.8808,,,470000000.0,470000000.0,194600000.0,3872800000.0,3872800000.0,新型电力,公用事业,电力,风力发电,9.01,7.37,
2015-01-29,12.79,13.05,12.56,12.65,12.92,-0.2699999999999996,-2.09,5354895.0,43424536.8,1.568,0.011393,0.027517,0.52,,,10.0402,2.0945,2.8214,,,470000000.0,470000000.0,194600000.0,3792900000.0,3792900000.0,新型电力,公用事业,电力,风力发电,9.06,7.42,
2015-01-30,12.61,12.86,12.06,12.28,12.65,-0.370000000000001,-2.92,5314833.0,42267259.9,1.568,0.011308,0.027312,0.52,,,9.7416,2.0322,2.7374,,,470000000.0,470000000.0,194600000.0,3680100000.0,3680100000.0,新型电力,公用事业,电力,风力发电,8.88,7.26,
2015-02-02,11.93,12.62,11.93,12.39,12.28,0.1100000000000012,0.9,3879980.000000001,30528490.6,1.568,0.008255,0.019938,0.43,,,9.8287,2.0503,2.7619,,,470000000.0,470000000.0,194600000.0,3713000000.0,3713000000.0,新型电力,公用事业,电力,风力发电,8.61,7.05,
2015-02-03,12.4,12.59,11.98,12.1,12.39,-0.2900000000000009,-2.34,6968897.0,53849396.3,1.568,0.014827,0.035811,0.93,,,9.6047,2.0036,2.699,,,470000000.0,470000000.0,194600000.0,3628400000.0,3628400000.0,新型电力,公用事业,电力,风力发电,8.69,7.11,
2015-02-04,12.06,12.36,12.06,12.2,12.1,0.0999999999999996,0.83,4501943.0,34963994.2,1.568,0.0095789999999999,0.023134,0.72,,,9.6794,2.0192,2.72,,,470000000.0,470000000.0,194600000.0,3656600000.0,3656600000.0,新型电力,公用事业,电力,风力发电,8.49,6.95,
2015-02-05,12.48,12.48,11.79,11.84,12.2,-0.3599999999999994,-2.95,7306780.0,55780817.4,1.568,0.0155459999999999,0.037548,1.4,,,9.3932,1.9595,2.6396,,,470000000.0,470000000.0,194600000.0,3548500000.0,3548500000.0,新型电力,公用事业,电力,风力发电,8.56,7.0,
2015-02-06,11.92,11.92,11.42,11.51,11.84,-0.33,-2.79,5899445.0,43692033.7,1.568,0.012552,0.028187,1.05,,,9.132,1.905,2.5661,,,470000000.0,470000000.0,209299994.0,3449800000.0,3449800000.0,新型电力,公用事业,电力,风力发电,8.31,6.8,
2015-02-09,11.01,11.67,11.01,11.4,11.51,-0.1099999999999994,-0.96,3271701.0,24073374.9,1.568,0.006961,0.015632,0.57,,,9.0449,1.8868,2.5417,,,470000000.0,470000000.0,209299994.0,3416900000.0,3416900000.0,新型电力,公用事业,电力,风力发电,8.07,6.61,
2015-02-10,11.26,11.49,11.26,11.42,11.4,0.0199999999999995,0.18,3975893.0,28990493.5,1.568,0.008459,0.018996,0.71,,,9.0573,1.8894,2.5452,,,470000000.0,470000000.0,209299994.0,3421600000.0,3421600000.0,新型电力,公用事业,电力,风力发电,8.0,6.54,
2015-02-11,11.54,12.15,11.51,12.0,11.42,0.5800000000000001,5.08,5981117.0,45233154.6,1.568,0.012726,0.0285769999999999,1.2,,,9.5177,1.9855,2.6745,,,470000000.0,470000000.0,209299994.0,3595500000.0,3595500000.0,新型电力,公用事业,电力,风力发电,8.01,6.55,
2015-02-12,12.21,12.21,11.78,11.84,12.0,-0.1600000000000001,-1.33,6336327.0,48110765.3,1.568,0.013482,0.030274,1.2,,,9.3932,1.9595,2.6396,,,470000000.0,470000000.0,209299994.0,3548500000.0,3548500000.0,新型电力,公用事业,电力,风力发电,8.42,6.89,
2015-02-13,11.93,12.7,11.82,12.59,11.84,0.75,6.33,13096609.0,102605462.0,1.568,0.027865,0.060049,2.57,,,9.9904,2.0841,2.8074,,,470000000.0,470000000.0,218099994.0,3774100000.0,3774100000.0,新型电力,公用事业,电力,风力发电,8.31,6.8,
2015-02-16,12.59,13.2,12.59,12.7,12.59,0.1099999999999994,0.87,14354189.000000002,118380433.4,1.568,0.030541,0.065815,2.2,,,10.0775,2.1022,2.8318,,,470000000.0,470000000.0,218099994.0,3807000000.0,3807000000.0,新型电力,公用事业,电力,风力发电,8.83,7.23,
2015-02-17,12.72,12.78,12.4,12.7,12.7,0.0,0.0,8389814.0,67554537.1,1.568,0.017851,0.038468,0.96,,,10.0775,2.1022,2.8318,,,470000000.0,470000000.0,218099994.0,3807000000.0,3807000000.0,新型电力,公用事业,电力,风力发电,8.91,7.29,
2015-02-25,12.73,12.86,12.62,12.7,12.7,0.0,0.0,4726970.0,38361440.3,1.568,0.010057,0.021673,0.49,,,10.0775,2.1022,2.8318,,,470000000.0,470000000.0,218099994.0,3807000000.0,3807000000.0,新型电力,公用事业,电力,风力发电,8.91,7.29,
2015-02-26,12.7,13.16,12.65,12.98,12.7,0.2800000000000011,2.2,6364985.0,52064910.7,1.568,0.013543,0.028571,0.68,,,10.3015,2.149,2.8948,,,470000000.0,470000000.0,222780857.0,3891600000.0,3891600000.0,新型电力,公用事业,电力,风力发电,8.91,7.29,
2015-02-27,13.16,13.16,12.69,12.78,12.98,-0.200000000000001,-1.54,8913772.0,73165754.3,1.568,0.018965,0.040011,0.95,,,10.1397,2.1152,2.8493,,,470000000.0,470000000.0,222780857.0,3830500000.0,3830500000.0,新型电力,公用事业,电力,风力发电,9.11,7.45,
2015-03-02,12.92,12.92,12.48,12.65,12.78,-0.129999999999999,-1.02,12273421.0,99113688.6,1.568,0.026114,0.053402,1.44,,,10.0402,2.0945,2.8214,,,470000000.0,470000000.0,229830857.0,3792900000.0,3792900000.0,新型电力,公用事业,电力,风力发电,8.97,7.34,
2015-03-03,12.54,12.78,12.5,12.65,12.65,0.0,0.0,9761458.0,78774044.7,1.568,0.020769,0.042472,1.2,,,10.0402,2.0945,2.8214,,,470000000.0,470000000.0,229830857.0,3792900000.0,3792900000.0,新型电力,公用事业,电力,风力发电,8.88,7.26,
2015-03-04,12.73,13.92,12.69,13.92,12.65,1.2699999999999996,10.04,35303222.0,303192354.1,1.568,0.075113,0.153605,4.2,,,11.0479,2.3047,3.1045,,,470000000.0,470000000.0,229830857.0,4173600000.0,4173600000.0,新型电力,公用事业,电力,风力发电,8.88,7.26,
2015-03-05,14.08,15.08,13.85,14.58,13.92,0.6600000000000001,4.74,26325762.0,243369873.3,1.568,0.056012,0.108995,1.81,,,11.5705,2.4137,3.2514,,,470000000.0,470000000.0,241530857.0,4371000000.0,4371000000.0,新型电力,公用事业,电力,风力发电,9.77,7.99,
2015-03-06,14.43,14.55,13.7,14.17,14.58,-0.4100000000000001,-2.81,17981661.0,162107778.2,1.568,0.038259,0.074449,0.97,,,11.247,2.3462,3.1605,,,470000000.0,470000000.0,241530857.0,4248800000.0,4248800000.0,新型电力,公用事业,电力,风力发电,10.23,8.37,
2015-03-09,14.3,14.86,13.83,14.58,14.17,0.4100000000000001,2.89,16862984.0,155031299.3,1.568,0.035879,0.069817,0.83,,,11.5705,2.4137,3.2514,,,470000000.0,470000000.0,241530857.0,4371000000.0,4371000000.0,新型电力,公用事业,电力,风力发电,9.94,8.14,
2015-03-10,14.55,16.04,14.55,16.04,14.58,1.459999999999999,10.01,23193540.0,232799629.5,1.568,0.049348,0.096027,1.09,,,12.7275,2.6551,3.5765,,,470000000.0,470000000.0,241530857.0,4808100000.0,4808100000.0,新型电力,公用事业,电力,风力发电,10.23,8.37,
2015-03-11,16.15,17.59,15.49,17.28,16.04,1.240000000000002,7.73,31923516.0,337709692.6,1.568,0.067922,0.127185,1.33,,,13.7104,2.8601,3.8527,,,470000000.0,470000000.0,251000000.0,5179400000.0,5179400000.0,新型电力,公用事业,电力,风力发电,11.25,9.21,
2015-03-12,17.28,18.02,16.78,17.15,17.28,-0.1300000000000025,-0.75,23042173.0,254276011.6,1.568,0.0490259999999999,0.091801,0.99,,,13.6109,2.8393,3.8247,,,470000000.0,470000000.0,251000000.0,5141800000.0,5141800000.0,新型电力,公用事业,电力,风力发电,12.12,9.92,
2015-03-13,17.17,17.56,16.51,17.25,17.15,0.1000000000000014,0.58,16477160.999999998,178581115.0,1.568,0.035058,0.065646,0.73,,,13.6855,2.8549,3.8457,,,470000000.0,470000000.0,251000000.0,5170000000.0,5170000000.0,新型电力,公用事业,电力,风力发电,12.03,9.85,
2015-03-16,17.15,17.64,16.97,17.55,17.25,0.3000000000000007,1.74,14709615.0,162357521.2,1.568,0.031297,0.058604,0.66,,,13.9219,2.9042,3.9121,,,470000000.0,470000000.0,251000000.0,5259300000.0,5259300000.0,新型电力,公用事业,电力,风力发电,12.1,9.9,
2015-03-17,17.56,17.72,17.15,17.34,17.55,-0.2100000000000008,-1.2,14258765.0,158145896.6,1.568,0.0303379999999999,0.056808,0.65,,,13.7602,2.8705,3.8667,,,470000000.0,470000000.0,251000000.0,5198200000.0,5198200000.0,新型电力,公用事业,电力,风力发电,12.31,10.07,
2015-03-18,17.3,18.11,16.62,16.92,17.34,-0.4199999999999981,-2.42,32836151.0,357832543.0,1.568,0.069864,0.130821,1.64,,,13.4242,2.8004,3.7723,,,470000000.0,470000000.0,251000000.0,5071300000.0,5071300000.0,新型电力,公用事业,电力,风力发电,12.17,9.95,
2015-03-19,16.82,17.01,16.31,16.68,16.92,-0.240000000000002,-1.42,20699890.0,219565049.1,1.568,0.044042,0.08247,1.02,,,13.2376,2.7615,3.7198,,,470000000.0,470000000.0,251000000.0,5000800000.0,5000800000.0,新型电力,公用事业,电力,风力发电,11.87,9.71,
2015-03-20,16.62,17.56,16.48,17.2,16.68,0.5199999999999996,3.12,21805223.0,238390433.3,1.568,0.046394,0.086873,1.1,,,13.6482,2.8471,3.8352,,,470000000.0,470000000.0,251000000.0,5155900000.0,5155900000.0,新型电力,公用事业,电力,风力发电,11.7,9.58,
2015-03-23,17.25,17.72,17.06,17.17,17.2,-0.0299999999999975,-0.17,19646896.0,216160795.7,1.568,0.041802,0.078274,0.94,,,13.6233,2.8419,3.8282,,,470000000.0,470000000.0,251000000.0,5146500000.0,5146500000.0,新型电力,公用事业,电力,风力发电,12.07,9.87,
2015-03-24,17.0,17.04,16.42,16.78,17.17,-0.3900000000000005,-2.27,15471396.0,165050970.70000002,1.568,0.0329179999999999,0.061639,0.71,,,13.3123,2.777,3.7408,,,470000000.0,470000000.0,251000000.0,5029000000.0,5029000000.0,新型电力,公用事业,电力,风力发电,12.05,9.86,
2015-03-25,16.64,16.7,15.9,16.26,16.78,-0.5199999999999996,-3.1,25826508.0,265770265.4,1.568,0.05495,0.102894,1.17,,,12.9017,2.6914,3.6255,,,470000000.0,470000000.0,251000000.0,4873900000.0,4873900000.0,新型电力,公用事业,电力,风力发电,11.77,9.63,
2015-03-26,16.31,16.37,15.76,16.04,16.26,-0.2200000000000024,-1.35,17192870.0,176295633.29999998,1.568,0.036581,0.068497,0.83,,,12.7275,2.6551,3.5765,,,470000000.0,470000000.0,251000000.0,4808100000.0,4808100000.0,新型电力,公用事业,电力,风力发电,11.41,9.33,
2015-03-27,16.06,17.64,16.02,17.64,16.04,1.6000000000000014,9.98,48665842.0,534937931.1,1.568,0.103544,0.193888,2.43,,,13.9966,2.9198,3.9331,,,470000000.0,470000000.0,251000000.0,5287500000.0,5287500000.0,新型电力,公用事业,电力,风力发电,11.25,9.21,
2015-03-30,17.67,18.05,16.89,17.4,17.64,-0.240000000000002,-1.36,33798390.0,374913359.4,1.568,0.071911,0.134655,1.33,,,13.8099,2.8809,3.8807,,,470000000.0,470000000.0,251000000.0,5217000000.0,5217000000.0,新型电力,公用事业,电力,风力发电,12.38,10.13,
2015-03-31,17.39,17.4,16.86,17.3,17.4,-0.0999999999999978,-0.57,12209715.0,133363141.8,1.568,0.0259779999999999,0.048644,0.43,,,13.7228,2.8627,3.8562,,,470000000.0,470000000.0,251000000.0,5184100000.0,5184100000.0,新型电力,公用事业,电力,风力发电,12.21,9.99,
2015-04-02,16.43,16.43,16.43,16.43,17.3,-0.870000000000001,-5.03,4050700.0,42451336.0,1.568,0.008619,0.016138,0.15,,,13.0386,2.7199,3.6639,,,470000000.0,470000000.0,251000000.0,4925600000.0,4925600000.0,新型电力,公用事业,电力,风力发电,11.58,10.48,
2015-04-03,15.62,15.62,15.62,15.62,16.43,-0.8100000000000005,-4.93,4966500.0,49466340.0,1.568,0.010567,0.019787,0.21,,,12.3916,2.585,3.4821,,,470000000.0,470000000.0,251000000.0,4681200000.0,4681200000.0,新型电力,公用事业,电力,风力发电,11.0,9.96,
2015-04-07,15.15,16.4,15.15,16.4,15.62,0.7799999999999994,4.99,37069729.0,377486021.5,1.568,0.078872,0.147688,1.79,,,13.0137,2.7148,3.6569,,,470000000.0,470000000.0,251000000.0,4916200000.0,4916200000.0,新型电力,公用事业,电力,风力发电,10.46,9.46,
2015-04-08,16.31,16.43,15.59,15.82,16.4,-0.5799999999999983,-3.54,27322553.000000004,278001747.90000004,1.568,0.058133,0.108855,1.48,,,12.5534,2.6187,3.5276,,,470000000.0,470000000.0,251000000.0,4742300000.0,4742300000.0,新型电力,公用事业,电力,风力发电,10.98,9.94,
2015-04-09,15.88,16.61,15.54,16.61,15.82,0.7899999999999991,4.99,25166919.0,260682944.6,1.568,0.053547,0.100267,1.47,,,13.1754,2.7485,3.7024,,,470000000.0,470000000.0,251000000.0,4977300000.0,4977300000.0,新型电力,公用事业,电力,风力发电,10.59,9.59,
2015-04-10,16.34,17.15,16.29,16.95,16.61,0.3399999999999998,2.05,16523449.0,176576473.9,1.568,0.035156,0.06583,0.84,,,13.4491,2.8056,3.7793,,,470000000.0,470000000.0,251000000.0,5080700000.0,5080700000.0,新型电力,公用事业,电力,风力发电,11.12,10.06,
2015-04-13,17.25,17.72,16.93,17.25,16.95,0.3000000000000007,1.77,17304466.0,191449249.6,1.568,0.036818,0.068942,0.78,,,13.6855,2.8549,3.8457,,,470000000.0,470000000.0,251000000.0,5170000000.0,5170000000.0,新型电力,公用事业,电力,风力发电,11.35,10.27,
2015-04-14,17.25,17.51,16.75,16.84,17.25,-0.4100000000000001,-2.38,13616184.0,147940857.9,1.568,0.028971,0.054248,0.55,,,13.362,2.7874,3.7548,,,470000000.0,470000000.0,251000000.0,5047800000.0,5047800000.0,新型电力,公用事业,电力,风力发电,11.55,10.45,
2015-04-15,16.15,16.97,15.99,16.59,16.84,-0.25,-1.48,19617904.0,202989642.4,1.568,0.04174,0.078159,0.98,,,,2.7459,5.9047,,,470000000.0,470000000.0,251000000.0,4972600000.0,4972600000.0,新型电力,公用事业,电力,风力发电,11.28,10.2,
2015-04-16,16.18,17.25,16.01,16.71,16.59,0.120000000000001,0.72,15759919.0,168628750.20000002,1.568,0.033532,0.062789,0.85,,,,2.7667,5.9493,,,470000000.0,470000000.0,251000000.0,5010200000.0,5010200000.0,新型电力,公用事业,电力,风力发电,11.11,10.05,
2015-04-17,16.76,17.22,16.34,16.57,16.71,-0.1400000000000005,-0.84,10694382.0,113720969.6,1.568,0.022754,0.042607,0.65,,,,2.7433,5.8991,,,470000000.0,470000000.0,251000000.0,4967900000.0,4967900000.0,新型电力,公用事业,电力,风力发电,11.19,10.13,
2015-04-20,16.34,16.73,16.13,16.17,16.57,-0.3999999999999986,-2.41,13402700.0,140219257.60000002,1.568,0.028516,0.053397,0.87,,,,2.6758,5.754,,,470000000.0,470000000.0,251000000.0,4845700000.0,4845700000.0,新型电力,公用事业,电力,风力发电,11.1,10.04,
2015-04-21,16.23,16.75,16.23,16.65,16.17,0.4799999999999969,2.97,9666369.0,102054972.4,1.568,0.020567,0.038511,0.66,,,,2.7563,5.927,,,470000000.0,470000000.0,251000000.0,4991400000.0,4991400000.0,新型电力,公用事业,电力,风力发电,10.83,9.79,
2015-04-22,17.25,17.25,16.79,16.95,16.65,0.3000000000000007,1.8,11769802.0,127330429.7,1.568,0.025042,0.0468919999999999,0.85,,,,2.8056,6.033,,,470000000.0,470000000.0,251000000.0,5080700000.0,5080700000.0,新型电力,公用事业,电力,风力发电,11.15,10.09,
2015-04-23,16.95,17.61,16.95,17.25,16.95,0.3000000000000007,1.77,18461364.0,204095780.3,1.568,0.039279,0.073551,1.51,,,,2.8549,6.1391,,,470000000.0,470000000.0,251000000.0,5170000000.0,5170000000.0,新型电力,公用事业,电力,风力发电,11.35,10.27,
2015-04-24,17.0,18.11,16.93,18.11,17.25,0.8599999999999994,4.99,25966841.0,293349961.7,1.568,0.055249,0.1034539999999999,2.03,,,,2.9976,6.446,,,470000000.0,470000000.0,251000000.0,5428500000.0,5428500000.0,新型电力,公用事业,电力,风力发电,11.55,10.45,
2015-04-27,18.46,19.02,18.46,19.0,18.11,0.8900000000000006,4.91,30317773.0,365661679.9,1.568,0.064506,0.1207879999999999,1.91,,,,3.1456,6.7641,,,470000000.0,470000000.0,251000000.0,5696400000.0,5696400000.0,新型电力,公用事业,电力,风力发电,12.13,10.97,
2015-04-28,19.13,19.13,18.05,18.78,19.0,-0.2199999999999988,-1.16,26584706.0,312127178.20000005,1.568,0.056563,0.105915,1.38,,,,3.1092,6.686,,,470000000.0,470000000.0,251000000.0,5630600000.0,5630600000.0,新型电力,公用事业,电力,风力发电,12.73,11.51,
2015-04-29,18.53,19.73,18.35,19.69,18.78,0.91,4.85,20309783.0,252405873.5,1.568,0.043212,0.080915,0.9,,,,3.2598,7.0097,,,470000000.0,470000000.0,251000000.0,5903200000.0,5903200000.0,新型电力,公用事业,电力,风力发电,12.58,11.38,
2015-05-04,19.99,20.04,18.71,19.36,19.69,-0.3300000000000018,-1.68,14538885.0,180825761.6,1.568,0.030934,0.0579239999999999,0.6,,,,6.8925,8.9345,,,470000000.0,470000000.0,251000000.0,5804500000.0,5804500000.0,新型电力,公用事业,电力,风力发电,13.19,11.93,
2015-05-05,19.35,19.35,18.39,18.39,19.36,-0.9699999999999988,-5.01,15233499.0,180480215.7,1.568,0.032412,0.0606909999999999,0.65,,,,6.5465,8.486,,,470000000.0,470000000.0,251000000.0,5513100000.0,5513100000.0,新型电力,公用事业,电力,风力发电,12.97,11.73,
2015-05-06,18.41,18.82,17.47,17.5,18.39,-0.8900000000000006,-4.84,10590801.0,121795157.0,1.568,0.022534,0.042194,0.49,,,,6.2284,8.0736,,,470000000.0,470000000.0,251000000.0,5245200000.0,5245200000.0,新型电力,公用事业,电力,风力发电,12.32,11.14,
2015-05-07,17.4,17.47,16.62,16.68,17.5,-0.8200000000000003,-4.69,9904374.0,106685643.5,1.568,0.0210729999999999,0.03946,0.57,,,,5.9382,7.6974,,,470000000.0,470000000.0,251000000.0,5000800000.0,5000800000.0,新型电力,公用事业,电力,风力发电,11.72,10.6,
2015-05-08,16.86,17.22,16.46,16.93,16.68,0.25,1.5,8175006.0,88035890.3,1.568,0.017394,0.03257,0.58,,,,6.0275,7.8132,,,470000000.0,470000000.0,251000000.0,5076000000.0,5076000000.0,新型电力,公用事业,电力,风力发电,11.17,10.11,
2015-05-11,17.23,17.23,16.93,17.17,16.93,0.240000000000002,1.42,11797287.0,128713903.5,1.568,0.025101,0.047001,1.01,,,,6.1112,7.9217,,,470000000.0,470000000.0,251000000.0,5146500000.0,5146500000.0,新型电力,公用事业,电力,风力发电,11.34,10.26,
2015-05-12,17.19,17.81,16.62,17.72,17.17,0.5499999999999972,3.2,11478959.0,127334129.2,1.568,0.024423,0.0457329999999999,1.03,,,,6.3065,8.1749,,,470000000.0,470000000.0,251000000.0,5311000000.0,5311000000.0,新型电力,公用事业,电力,风力发电,11.5,10.4,
2015-05-13,17.72,18.31,17.3,18.28,17.72,0.5600000000000023,3.16,13811382.999999998,156950139.0,1.568,0.029386,0.055025,1.33,,,,6.5074,8.4353,,,470000000.0,470000000.0,251000000.0,5480200000.0,5480200000.0,新型电力,公用事业,电力,风力发电,11.87,10.74,
2015-05-14,18.28,18.61,17.89,18.06,18.28,-0.2200000000000024,-1.2,9165397.0,106788094.9,1.568,0.019501,0.036516,0.83,,,,6.4293,8.334,,,470000000.0,470000000.0,251000000.0,5414400000.0,5414400000.0,新型电力,公用事业,电力,风力发电,12.24,11.08,
2015-05-15,18.05,18.28,17.44,17.56,18.06,-0.5,-2.77,9023285.0,102128687.5,1.568,0.019198,0.035949,0.83,,,,6.2507,8.1025,,,470000000.0,470000000.0,251000000.0,5264000000.0,5264000000.0,新型电力,公用事业,电力,风力发电,12.1,10.94,
2015-05-18,17.22,17.51,16.95,17.28,17.56,-0.2799999999999976,-1.59,7877814.0,86981398.8,1.568,0.0167609999999999,0.031386,0.71,,,,6.1502,7.9723,,,470000000.0,470000000.0,251000000.0,5179400000.0,5179400000.0,新型电力,公用事业,电力,风力发电,11.76,10.64,
2015-05-19,17.3,17.91,17.28,17.78,17.28,0.5,2.89,7677853.999999999,86629181.89999999,1.568,0.016336,0.0305889999999999,0.75,,,,6.3288,8.2038,,,470000000.0,470000000.0,251000000.0,5329800000.0,5329800000.0,新型电力,公用事业,电力,风力发电,11.57,10.47,
2015-05-20,17.95,18.14,17.58,17.97,17.78,0.1899999999999977,1.07,9945048.0,113850616.8,1.568,0.02116,0.039622,1.05,,,,6.3958,8.2906,,,470000000.0,470000000.0,251000000.0,5386200000.0,5386200000.0,新型电力,公用事业,电力,风力发电,11.91,10.77,
2015-05-21,18.08,18.13,17.72,17.92,17.97,-0.0499999999999971,-0.28,9614592.0,109665591.1,1.568,0.020457,0.038305,1.1,,,,6.3791,8.2689,,,470000000.0,470000000.0,251000000.0,5372100000.0,5372100000.0,新型电力,公用事业,电力,风力发电,12.03,10.89,
2015-05-22,18.05,18.82,17.92,18.82,17.92,0.8999999999999986,5.02,19130671.0,228190285.0,1.568,0.040704,0.076218,2.17,,,,6.6972,8.6813,,,470000000.0,470000000.0,251000000.0,5640000000.0,5640000000.0,新型电力,公用事业,电力,风力发电,12.0,10.86,
2015-05-25,19.29,19.76,18.97,19.76,18.82,0.9400000000000012,4.99,18698265.0,233474528.3,1.568,0.039784,0.0744949999999999,1.72,,,,7.032,9.1153,,,470000000.0,470000000.0,251000000.0,5922000000.0,5922000000.0,新型电力,公用事业,电力,风力发电,12.6,11.4,
2015-05-26,20.4,20.74,20.4,20.74,19.76,0.9799999999999968,4.96,21373292.0,282339908.79999995,1.568,0.045475,0.0851529999999999,1.64,,,,7.3836,9.5711,,,470000000.0,470000000.0,251000000.0,6218100000.0,6218100000.0,新型电力,公用事业,电力,风力发电,13.23,11.97,
2015-05-27,21.47,21.78,20.38,21.78,20.74,1.0400000000000027,5.01,29998113.0,411341950.1,1.568,0.063826,0.119514,1.9,,,,7.752,10.0486,,,470000000.0,470000000.0,251000000.0,6528300000.0,6528300000.0,新型电力,公用事业,电力,风力发电,13.89,12.57,
2015-05-28,22.75,22.86,21.78,21.9,21.78,0.1199999999999974,0.55,30758882.0,444585226.2,1.568,0.065444,0.122545,1.56,,,,7.7966,10.1065,,,470000000.0,470000000.0,251000000.0,6565900000.0,6565900000.0,新型电力,公用事业,电力,风力发电,14.58,13.2,
2015-05-29,21.62,22.19,20.81,20.81,21.9,-1.09,-4.98,28505516.0,384714041.2,1.568,0.06065,0.113568,1.19,,,,7.406,9.6,,,470000000.0,470000000.0,251000000.0,6236900000.0,6236900000.0,新型电力,公用事业,电力,风力发电,14.67,13.27,
2015-06-01,20.34,21.53,19.99,20.71,20.81,-0.0999999999999978,-0.48,18839060.0,250938755.8,1.568,0.040083,0.075056,0.73,,,,7.3725,9.5566,,,470000000.0,470000000.0,251000000.0,6208700000.0,6208700000.0,新型电力,公用事业,电力,风力发电,13.93,12.61,
2015-06-02,20.78,21.15,20.1,21.01,20.71,0.3000000000000007,1.45,21552982.0,281599267.9,1.568,0.045857,0.085868,0.83,,,,7.4785,9.6941,,,470000000.0,470000000.0,251000000.0,6298000000.0,6298000000.0,新型电力,公用事业,电力,风力发电,13.87,12.55,
2015-06-03,20.93,21.45,20.4,20.81,21.01,-0.2000000000000028,-0.95,19172623.0,255824796.7,1.568,0.0407929999999999,0.076385,0.74,,,,7.406,9.6,,,470000000.0,470000000.0,251000000.0,6236900000.0,6236900000.0,新型电力,公用事业,电力,风力发电,14.07,12.73,
2015-06-04,20.78,20.78,19.77,20.21,20.81,-0.5999999999999979,-2.88,18174891.0,233724454.4,1.568,0.03867,0.07241,0.76,,,,7.1939,9.3251,,,470000000.0,470000000.0,251000000.0,6058300000.0,6058300000.0,新型电力,公用事业,电力,风力发电,13.93,12.61,
2015-06-05,20.65,21.22,20.56,21.22,20.21,1.009999999999998,5.0,28088085.0,377758864.4,1.568,0.059762,0.111905,1.32,,,,7.5511,9.7881,,,470000000.0,470000000.0,251000000.0,6359100000.0,6359100000.0,新型电力,公用事业,电力,风力发电,13.53,12.25,
2015-06-08,21.94,22.28,21.48,22.28,21.22,1.0600000000000025,5.0,20488787.0,290177434.0,1.568,0.043593,0.081629,0.97,,,,7.9306,10.2801,,,470000000.0,470000000.0,251000000.0,6678700000.0,6678700000.0,新型电力,公用事业,电力,风力发电,14.21,12.85,
2015-06-09,23.27,23.39,22.69,23.39,22.28,1.1099999999999994,4.98,16067226.999999998,239050795.4,1.568,0.034186,0.064013,0.75,,,,8.3268,10.7937,,,470000000.0,470000000.0,251000000.0,7012400000.0,7012400000.0,新型电力,公用事业,电力,风力发电,14.92,13.5,
2015-06-10,24.55,24.57,24.12,24.57,23.39,1.1799999999999995,5.04,6514496.0,101852959.8,1.568,0.013861,0.025954,0.32,,,,8.7454,11.3363,,,470000000.0,470000000.0,251000000.0,7364900000.0,7364900000.0,新型电力,公用事业,电力,风力发电,15.67,14.17,
2015-06-11,25.79,25.79,25.79,25.79,24.57,1.2199999999999989,4.97,2131534.0,35063734.3,1.568,0.004535,0.008492,0.12,,,,9.1807,11.9006,,,470000000.0,470000000.0,251000000.0,7731500000.0,7731500000.0,新型电力,公用事业,电力,风力发电,16.45,14.89,
2015-06-12,27.08,27.08,27.08,27.08,25.79,1.2899999999999991,5.0,2329977.0,40238702.8,1.568,0.004957,0.009283,0.16,,,,9.6383,12.4938,,,470000000.0,470000000.0,251000000.0,8116900000.0,8116900000.0,新型电力,公用事业,电力,风力发电,17.27,15.63,
2015-06-15,28.22,28.24,25.73,25.73,27.08,-1.349999999999998,-4.99,9266400.0,157561374.60000002,1.568,0.019716,0.036918,0.97,,,,9.1584,11.8716,,,470000000.0,470000000.0,251000000.0,7712700000.0,7712700000.0,新型电力,公用事业,电力,风力发电,18.13,16.41,
2015-06-16,24.45,24.45,24.45,24.45,25.73,-1.2800000000000011,-4.97,1269100.0,19785269.0,1.568,0.0027,0.005056,0.17,,,,8.7007,11.2784,,,470000000.0,470000000.0,251000000.0,7327300000.0,7327300000.0,新型电力,公用事业,电力,风力发电,17.23,15.59,
2015-06-17,23.22,23.22,23.22,23.22,24.45,-1.2300000000000004,-5.03,2209400.0,32721214.0,1.568,0.004701,0.0088019999999999,0.51,,,,8.2654,10.7141,,,470000000.0,470000000.0,251000000.0,6960700000.0,6960700000.0,新型电力,公用事业,电力,风力发电,16.37,14.81,
2015-06-18,22.06,24.38,22.06,22.16,23.22,-1.0599999999999987,-4.57,51761099.0,765424458.5,1.568,0.11013,0.20622,15.04,,,,7.8859,10.2222,,,470000000.0,470000000.0,251000000.0,6641100000.0,6641100000.0,新型电力,公用事业,电力,风力发电,15.55,14.07,
2015-06-19,21.06,21.67,21.04,21.04,22.16,-1.120000000000001,-5.05,20313799.0,273889702.6,1.568,0.0432209999999999,0.080931,1.52,,,,7.4897,9.7086,,,470000000.0,470000000.0,251000000.0,6307400000.0,6307400000.0,新型电力,公用事业,电力,风力发电,14.84,13.42,
2015-06-23,21.11,21.64,19.99,20.21,21.04,-0.8299999999999983,-3.94,17819267.0,230361465.7,1.568,0.037913,0.070993,1.05,,,,7.1939,9.3251,,,470000000.0,470000000.0,251000000.0,6058300000.0,6058300000.0,新型电力,公用事业,电力,风力发电,14.09,12.75,
2015-06-24,20.7,21.09,20.23,21.04,20.21,0.8299999999999983,4.11,17751966.0,235843978.9,1.568,0.03777,0.070725,0.95,,,,7.4897,9.7086,,,470000000.0,470000000.0,251000000.0,6307400000.0,6307400000.0,新型电力,公用事业,电力,风力发电,13.53,12.25,
2015-06-25,21.17,22.09,20.56,22.09,21.04,1.0500000000000007,4.99,15008235.999999998,205706901.3,1.568,0.031932,0.059794,0.68,,,,7.8636,10.1933,,,470000000.0,470000000.0,251000000.0,6622300000.0,6622300000.0,新型电力,公用事业,电力,风力发电,14.09,12.75,
2015-06-26,21.65,22.74,21.0,21.18,22.09,-0.91,-4.12,35224820.0,488177348.8,1.568,0.074946,0.140338,1.44,,,,7.5399,9.7737,,,470000000.0,470000000.0,251000000.0,6349700000.0,6349700000.0,新型电力,公用事业,电力,风力发电,14.79,13.39,
2015-06-29,21.67,22.11,20.12,20.12,21.18,-1.0599999999999987,-5.0,19057466.0,250959237.6,1.568,0.040548,0.075926,0.9,,,,7.1604,9.2817,,,470000000.0,470000000.0,251000000.0,6030100000.0,6030100000.0,新型电力,公用事业,电力,风力发电,14.19,12.83,
2015-06-30,19.15,20.23,19.11,19.62,20.12,-0.5,-2.49,18105013.0,225194199.6,1.568,0.038521,0.072132,0.86,,,,6.9818,9.0502,,,470000000.0,470000000.0,251000000.0,5879700000.0,5879700000.0,新型电力,公用事业,电力,风力发电,13.47,12.19,
2015-07-01,19.55,20.48,18.63,18.63,19.62,-0.990000000000002,-5.05,14681709.0,182649404.6,1.568,0.031238,0.058493,0.7,,,,6.6302,8.5945,,,470000000.0,470000000.0,251000000.0,5583600000.0,5583600000.0,新型电力,公用事业,电力,风力发电,13.14,11.88,
2015-07-02,18.52,18.82,17.7,17.7,18.63,-0.9299999999999996,-4.99,9396192.0,106651318.7,1.568,0.019992,0.037435,0.46,,,,6.3009,8.1676,,,470000000.0,470000000.0,251000000.0,5306300000.0,5306300000.0,新型电力,公用事业,电力,风力发电,12.47,11.29,
2015-07-03,16.82,16.82,16.82,16.82,17.7,-0.879999999999999,-4.97,1358800.0,14579924.0,1.568,0.002891,0.0054139999999999,0.07,,,,5.9884,7.7625,,,470000000.0,470000000.0,251000000.0,5043100000.0,5043100000.0,新型电力,公用事业,电力,风力发电,11.85,10.73,
2015-07-06,17.55,17.55,15.98,15.98,16.82,-0.8399999999999999,-4.99,8065228.0,83608125.7,1.568,0.0171599999999999,0.032132,0.64,,,,5.687,7.3719,,,470000000.0,470000000.0,251000000.0,4789300000.0,4789300000.0,新型电力,公用事业,电力,风力发电,11.27,10.19,
2015-07-07,15.18,15.18,15.18,15.18,15.98,-0.8000000000000007,-5.01,137000.0,1326160.0,1.568,0.000291,0.000546,0.01,,,,5.4024,7.0029,,,470000000.0,470000000.0,251000000.0,4549600000.0,4549600000.0,新型电力,公用事业,电力,风力发电,10.7,9.68,
2015-07-08,14.43,14.43,14.43,14.43,15.18,-0.75,-4.94,37400.0,344080.0,1.568,8e-05,0.000149,0.01,,,,5.1345,6.6556,,,470000000.0,470000000.0,251000000.0,4324000000.0,4324000000.0,新型电力,公用事业,电力,风力发电,10.16,9.2,
2015-07-09,13.7,15.15,13.7,15.05,14.43,0.620000000000001,4.3,48982351.0,445018102.8,1.568,0.1042179999999999,0.195149,12.89,,,,5.3577,6.945,,,470000000.0,470000000.0,251000000.0,4512000000.0,4512000000.0,新型电力,公用事业,电力,风力发电,9.66,8.74,
2015-07-10,14.3,15.76,14.3,15.46,15.05,0.4100000000000001,2.72,52899506.99999999,516311415.3,1.568,0.112552,0.210755,4.52,,,,5.5028,7.1331,,,470000000.0,470000000.0,251000000.0,4634200000.0,4634200000.0,新型电力,公用事业,电力,风力发电,10.08,9.12,
2015-07-13,15.19,15.98,14.69,15.27,15.46,-0.1900000000000012,-1.23,48771398.0,472671932.5,1.568,0.1037689999999999,0.194308,2.21,,,,5.4359,7.0463,,,470000000.0,470000000.0,251000000.0,4577800000.0,4577800000.0,新型电力,公用事业,电力,风力发电,10.35,9.37,
2015-07-14,14.88,15.3,14.5,14.5,15.27,-0.7699999999999996,-5.04,31351632.0,295128129.9,1.568,0.066706,0.124907,1.04,,,,5.1624,6.6918,,,470000000.0,470000000.0,251000000.0,4347500000.0,4347500000.0,新型电力,公用事业,电力,风力发电,10.23,9.25,
2015-07-15,13.8,14.1,13.78,13.78,14.5,-0.7200000000000006,-4.97,5962600.0,52529397.0,1.568,0.012686,0.023755,0.16,,,,4.9057,6.359,,,470000000.0,470000000.0,251000000.0,4131300000.0,4131300000.0,新型电力,公用事业,电力,风力发电,9.71,8.79,
2015-07-16,13.09,13.55,13.09,13.09,13.78,-0.6899999999999995,-5.01,16947800.0,142172396.10000002,1.568,0.036059,0.067521,0.45,,,,4.6601,6.0407,,,470000000.0,470000000.0,251000000.0,3924500000.0,3924500000.0,新型电力,公用事业,电力,风力发电,9.23,8.35,
2015-07-17,12.61,13.63,12.61,13.25,13.09,0.1600000000000001,1.22,24651791.0,206700525.8,1.568,0.052451,0.098214,0.79,,,,4.7159,6.1131,,,470000000.0,470000000.0,251000000.0,3971500000.0,3971500000.0,新型电力,公用事业,电力,风力发电,8.77,7.93,
2015-07-20,13.27,13.91,13.11,13.55,13.25,0.3000000000000007,2.26,21001307.0,181632228.0,1.568,0.044684,0.083671,0.82,,,,4.822,6.2505,,,470000000.0,470000000.0,251000000.0,4060800000.0,4060800000.0,新型电力,公用事业,电力,风力发电,8.87,8.03,
2015-07-21,13.33,13.99,13.08,13.91,13.55,0.3599999999999994,2.66,16421779.0,143023620.1,1.568,0.03494,0.065425,0.82,,,,4.9503,6.4169,,,470000000.0,470000000.0,251000000.0,4168900000.0,4168900000.0,新型电力,公用事业,电力,风力发电,9.07,8.21,
2015-07-22,13.81,14.6,13.64,14.6,13.91,0.6899999999999995,4.96,22511261.0,206994139.6,1.568,0.047896,0.089686,1.32,,,,5.1959,6.7352,,,470000000.0,470000000.0,251000000.0,4375700000.0,4375700000.0,新型电力,公用事业,电力,风力发电,9.31,8.43,
2015-07-23,14.9,15.26,14.55,14.97,14.6,0.370000000000001,2.53,21016961.0,199887857.8,1.568,0.044717,0.083733,1.03,,,,5.3298,6.9089,,,470000000.0,470000000.0,251000000.0,4488500000.0,4488500000.0,新型电力,公用事业,电力,风力发电,9.78,8.84,
2015-07-24,14.97,15.52,14.22,14.22,14.97,-0.75,-5.01,23778390.0,224931056.0,1.568,0.050592,0.094735,1.13,,,,5.0619,6.5616,,,470000000.0,470000000.0,251000000.0,4262900000.0,4262900000.0,新型电力,公用事业,电力,风力发电,10.03,9.07,
2015-07-27,13.72,14.33,13.52,13.52,14.22,-0.7000000000000011,-4.92,19886025.0,173964063.9,1.568,0.0423109999999999,0.0792269999999999,0.95,,,,4.8108,6.2361,,,470000000.0,470000000.0,251000000.0,4051400000.0,4051400000.0,新型电力,公用事业,电力,风力发电,9.52,8.62,
2015-07-28,12.84,13.14,12.84,12.84,13.52,-0.6799999999999997,-5.03,11497872.0,94338896.0,1.568,0.024464,0.045808,0.55,,,,4.5708,5.925,,,470000000.0,470000000.0,251000000.0,3849300000.0,3849300000.0,新型电力,公用事业,电力,风力发电,9.05,8.19,
2015-07-29,13.08,13.14,12.2,12.89,12.84,0.0500000000000007,0.39,15568648.000000002,123874201.2,1.568,0.033125,0.062026,0.79,,,,4.5876,5.9467,,,470000000.0,470000000.0,251000000.0,3863400000.0,3863400000.0,新型电力,公用事业,电力,风力发电,8.6,7.78,
2015-07-30,12.67,12.97,12.25,12.26,12.89,-0.6300000000000008,-4.89,11053833.0,89437370.3,1.568,0.023519,0.044039,0.6,,,,4.3643,5.6573,,,470000000.0,470000000.0,251000000.0,3675400000.0,3675400000.0,新型电力,公用事业,电力,风力发电,8.63,7.81,
2015-07-31,11.76,12.0,11.65,11.65,12.26,-0.6099999999999994,-4.98,12231712.0,91667153.5,1.568,0.026025,0.048732,0.75,,,,4.1467,5.3752,,,470000000.0,470000000.0,251000000.0,3492100000.0,3492100000.0,新型电力,公用事业,电力,风力发电,8.21,7.43,
2015-08-03,11.49,11.49,11.07,11.07,11.65,-0.5800000000000001,-4.98,9080289.0,64395932.6,1.568,0.01932,0.036176,0.65,,,,3.9402,5.1075,,,470000000.0,470000000.0,251000000.0,3318200000.0,3318200000.0,新型电力,公用事业,电力,风力发电,7.8,7.06,
2015-08-04,10.9,11.62,10.9,11.62,11.07,0.5499999999999989,4.97,11276290.0,82522017.60000001,1.568,0.023992,0.044925,0.95,,,,4.1355,5.3607,,,470000000.0,470000000.0,251000000.0,3482700000.0,3482700000.0,新型电力,公用事业,电力,风力发电,7.41,6.71,
2015-08-05,11.9,12.04,11.38,11.52,11.62,-0.0999999999999996,-0.86,11046953.0,82644646.9,1.568,0.023504,0.044012,0.93,,,,4.102,5.3173,,,470000000.0,470000000.0,251000000.0,3454500000.0,3454500000.0,新型电力,公用事业,电力,风力发电,7.78,7.04,
2015-08-06,11.21,11.52,10.99,11.52,11.52,0.0,0.0,7074139.999999999,51286597.7,1.568,0.015051,0.028184,0.65,,,,4.102,5.3173,,,470000000.0,470000000.0,251000000.0,3454500000.0,3454500000.0,新型电力,公用事业,电力,风力发电,7.72,6.98,
2015-08-07,11.6,12.1,11.51,12.1,11.52,0.5800000000000001,5.03,12038917.0,91810534.7,1.568,0.025615,0.047964,1.19,,,,4.3085,5.585,,,470000000.0,470000000.0,251000000.0,3628400000.0,3628400000.0,新型电力,公用事业,电力,风力发电,7.72,6.98,
2015-08-10,12.23,12.72,12.15,12.72,12.1,0.620000000000001,5.12,11614125.0,92791510.3,1.568,0.0247109999999999,0.046271,1.15,,,,4.5262,5.8671,,,470000000.0,470000000.0,251000000.0,3811700000.0,3811700000.0,新型电力,公用事业,电力,风力发电,8.11,7.33,
2015-08-11,12.76,12.97,12.47,12.65,12.72,-0.0700000000000002,-0.55,12458367.0,100849508.9,1.568,0.026507,0.049635,1.17,,,,4.5038,5.8382,,,470000000.0,470000000.0,251000000.0,3792900000.0,3792900000.0,新型电力,公用事业,电力,风力发电,8.52,7.7,
2015-08-12,12.58,13.28,12.4,13.28,12.65,0.629999999999999,4.98,15632440.0,130334878.9,1.568,0.033261,0.062281,1.44,,,,4.7271,6.1275,,,470000000.0,470000000.0,251000000.0,3980900000.0,3980900000.0,新型电力,公用事业,电力,风力发电,8.47,7.67,
2015-08-13,13.31,13.91,13.09,13.64,13.28,0.3600000000000012,2.71,17994518.0,155185055.9,1.568,0.038286,0.071691,1.53,,,,4.8554,6.2939,,,470000000.0,470000000.0,251000000.0,4089000000.0,4089000000.0,新型电力,公用事业,电力,风力发电,8.89,8.05,
2015-08-14,13.75,14.25,13.5,13.72,13.64,0.08,0.59,15091059.0,133141887.2,1.568,0.032109,0.060124,1.08,,,,4.8834,6.3301,,,470000000.0,470000000.0,251000000.0,4112500000.0,4112500000.0,新型电力,公用事业,电力,风力发电,9.14,8.27,
2015-08-17,13.45,14.41,13.41,14.41,13.72,0.6899999999999995,5.03,15939140.0,142327149.20000002,1.568,0.033913,0.063503,1.09,,,,5.1289,6.6484,,,470000000.0,470000000.0,251000000.0,4319300000.0,4319300000.0,新型电力,公用事业,电力,风力发电,9.19,8.31,
2015-08-18,14.55,15.05,13.69,13.69,14.41,-0.7200000000000006,-5.0,24188745.0,220189712.9,1.568,0.051465,0.09637,1.57,,,,4.8722,6.3156,,,470000000.0,470000000.0,251000000.0,4103100000.0,4103100000.0,新型电力,公用事业,电力,风力发电,9.65,8.73,
2015-08-19,13.0,13.89,13.0,13.72,13.69,0.0300000000000011,0.22,17507517.0,147206987.7,1.568,0.03725,0.069751,0.99,,,,4.8834,6.3301,,,470000000.0,470000000.0,251000000.0,4112500000.0,4112500000.0,新型电力,公用事业,电力,风力发电,9.17,8.29,
2015-08-20,13.41,13.69,13.03,13.03,13.72,-0.6900000000000013,-5.03,9028692.0,76713482.2,1.568,0.01921,0.035971,0.5,,,,4.6378,6.0118,,,470000000.0,470000000.0,251000000.0,3905700000.0,3905700000.0,新型电力,公用事业,电力,风力发电,9.19,8.31,
2015-08-21,12.39,12.73,12.37,12.37,13.03,-0.6600000000000001,-5.07,9593252.0,76180048.5,1.568,0.020411,0.03822,0.59,,,,4.4034,5.7079,,,470000000.0,470000000.0,251000000.0,3708300000.0,3708300000.0,新型电力,公用事业,电力,风力发电,8.73,7.89,
2015-08-24,11.76,11.85,11.76,11.76,12.37,-0.6099999999999994,-4.93,2323918.0,17430518.0,1.568,0.004945,0.009259,0.15,,,,4.1857,5.4258,,,470000000.0,470000000.0,251000000.0,3525000000.0,3525000000.0,新型电力,公用事业,电力,风力发电,8.28,7.5,
2015-08-25,11.18,11.18,11.18,11.18,11.76,-0.5800000000000001,-4.93,642900.0,4583877.0,1.568,0.001368,0.002561,0.05,,,,3.9792,5.1581,,,470000000.0,470000000.0,251000000.0,3351100000.0,3351100000.0,新型电力,公用事业,电力,风力发电,7.88,7.13,
2015-08-26,10.62,10.93,10.62,10.62,11.18,-0.5600000000000005,-5.01,11595200.0,78782982.0,1.568,0.024671,0.046196,1.48,,,,3.7783,4.8977,,,470000000.0,470000000.0,251000000.0,3181900000.0,3181900000.0,新型电力,公用事业,电力,风力发电,7.49,6.77,
2015-08-27,10.47,10.77,10.08,10.27,10.62,-0.3499999999999996,-3.3,22787552.0,148518192.2,1.568,0.048484,0.0907869999999999,3.43,,,,3.6555,4.7385,,,470000000.0,470000000.0,251000000.0,3078500000.0,3078500000.0,新型电力,公用事业,电力,风力发电,7.11,6.43,
2015-08-28,10.46,10.79,10.46,10.79,10.27,0.5199999999999996,5.06,15906504.0,108777357.7,1.568,0.033844,0.063373,1.69,,,,3.8397,4.9773,,,470000000.0,470000000.0,251000000.0,3233600000.0,3233600000.0,新型电力,公用事业,电力,风力发电,6.88,6.22,
2015-08-31,10.79,11.16,10.63,10.77,10.79,-0.0199999999999995,-0.19,12766148.0,88794204.5,1.568,0.027162,0.046515,1.2,,,,3.8341,10.0257,,,470000000.0,470000000.0,274453000.0,3228900000.0,3228900000.0,新型电力,公用事业,电力,风力发电,7.22,6.54,
2015-09-01,10.62,11.07,10.24,10.24,10.77,-0.5299999999999994,-4.92,14194804.0,95715775.1,1.568,0.030202,0.0517199999999999,1.11,,,,3.6444,9.5295,,,470000000.0,470000000.0,274453000.0,3069100000.0,3069100000.0,新型电力,公用事业,电力,风力发电,7.21,6.53,
2015-09-02,9.72,10.16,9.72,9.72,10.24,-0.5199999999999996,-5.08,13834748.000000002,86297716.7,1.568,0.029436,0.050408,0.9,,,,3.4602,9.0479,,,470000000.0,470000000.0,274453000.0,2914000000.0,2914000000.0,新型电力,公用事业,电力,风力发电,6.86,6.2,
2015-09-07,9.77,10.08,9.52,9.66,9.72,-0.0600000000000005,-0.62,6821600.0,42950082.0,1.568,0.014514,0.024855,0.43,,,,3.4379,8.9895,,,470000000.0,470000000.0,274453000.0,2895200000.0,2895200000.0,新型电力,公用事业,电力,风力发电,6.51,5.89,
2015-09-08,9.56,10.08,9.17,9.96,9.66,0.3000000000000007,3.11,8435341.0,51170192.4,1.568,0.017948,0.030735,0.66,,,,3.5439,9.2668,0.0,,470000000.0,470000000.0,274453000.0,2984500000.0,2984500000.0,新型电力,公用事业,电力,风力发电,6.47,5.85,
2015-09-09,10.11,10.46,9.97,10.46,9.96,0.5,5.02,10593509.0,70079727.89999999,1.568,0.0225389999999999,0.038599,0.94,,,,3.7225,9.7338,0.0,,470000000.0,470000000.0,274453000.0,3134900000.0,3134900000.0,新型电力,公用事业,电力,风力发电,6.67,6.03,
2015-09-10,10.63,10.98,10.41,10.98,10.46,0.5199999999999996,4.97,14719818.0,101337473.2,1.568,0.031319,0.053633,1.37,,,,3.9067,10.2154,0.0,,470000000.0,470000000.0,274453000.0,3290000000.0,3290000000.0,新型电力,公用事业,电力,风力发电,7.0,6.34,
2015-09-11,11.12,11.12,10.54,10.85,10.98,-0.1300000000000007,-1.18,11564342.0,79866048.4,1.568,0.024605,0.0421359999999999,1.06,,,,3.862,10.0986,0.0,,470000000.0,470000000.0,274453000.0,3252400000.0,3252400000.0,新型电力,公用事业,电力,风力发电,7.35,6.65,
2015-09-14,11.05,11.24,10.3,10.3,10.85,-0.5499999999999989,-5.07,7226253.0,49146618.4,1.568,0.015375,0.02633,0.69,,,,3.6667,9.5879,0.0,,470000000.0,470000000.0,274453000.0,3087900000.0,3087900000.0,新型电力,公用事业,电力,风力发电,7.27,6.57,
2015-09-15,9.8,10.04,9.78,9.78,10.3,-0.5200000000000014,-5.05,3899853.0,24414634.2,1.568,0.008298,0.01421,0.37,,,,3.4825,9.1063,0.0,,470000000.0,470000000.0,274453000.0,2932800000.0,2932800000.0,新型电力,公用事业,电力,风力发电,6.9,6.24,
2015-09-16,9.49,10.27,9.31,10.27,9.78,0.4900000000000002,5.01,8716730.0,54132093.2,1.568,0.018546,0.03176,0.91,,,,3.6555,9.5587,0.0,,470000000.0,470000000.0,274453000.0,3078500000.0,3078500000.0,新型电力,公用事业,电力,风力发电,6.55,5.93,
2015-09-17,10.24,10.32,9.8,9.8,10.27,-0.4699999999999988,-4.58,7405899.000000001,47620226.0,1.568,0.015757,0.0269839999999999,0.8,,,,3.4881,9.1209,0.0,,470000000.0,470000000.0,274453000.0,2937500000.0,2937500000.0,新型电力,公用事业,电力,风力发电,6.88,6.22,
2015-09-18,9.8,10.05,9.55,9.85,9.8,0.0499999999999989,0.51,4913248.0,30572274.9,1.568,0.010454,0.017902,0.63,,,,3.5049,9.1647,0.0,,470000000.0,470000000.0,274453000.0,2951600000.0,2951600000.0,新型电力,公用事业,电力,风力发电,6.56,5.94,
2015-09-21,9.74,10.19,9.61,10.13,9.85,0.2800000000000011,2.84,4790062.0,30605204.2,1.568,0.010192,0.017453,0.74,,,,3.6053,9.4273,0.0,,470000000.0,470000000.0,274453000.0,3036200000.0,3036200000.0,新型电力,公用事业,电力,风力发电,6.59,5.97,
2015-09-22,10.19,10.22,9.94,10.04,10.13,-0.0900000000000016,-0.89,6451801.0,41529515.3,1.568,0.013727,0.023508,1.09,,,,3.5718,9.3398,0.0,,470000000.0,470000000.0,274453000.0,3008000000.0,3008000000.0,新型电力,公用事业,电力,风力发电,6.78,6.14,
2015-09-23,9.88,9.96,9.74,9.8,10.04,-0.2399999999999984,-2.39,4791573.0,30046621.9,1.568,0.010195,0.017459,0.74,,,,3.4881,9.1209,0.0,,470000000.0,470000000.0,274453000.0,2937500000.0,2937500000.0,新型电力,公用事业,电力,风力发电,6.72,6.08,
2015-09-24,9.82,10.29,9.8,10.29,9.8,0.4899999999999984,5.0,7380908.0,47850642.3,1.568,0.015704,0.0268929999999999,1.3,,,,3.6611,9.5733,0.0,,470000000.0,470000000.0,274453000.0,3083200000.0,3083200000.0,新型电力,公用事业,电力,风力发电,6.56,5.94,
2015-09-25,10.47,10.57,10.02,10.41,10.29,0.120000000000001,1.17,9168234.0,60314406.8,1.568,0.019507,0.033405,1.62,,,,3.7058,9.69,0.0,,470000000.0,470000000.0,274453000.0,3120800000.0,3120800000.0,新型电力,公用事业,电力,风力发电,6.89,6.23,
2015-09-28,10.07,10.93,9.89,10.77,10.41,0.3599999999999994,3.46,8559700.0,56789266.0,1.568,0.018212,0.0311879999999999,1.31,,,,3.8341,10.0257,0.0,,470000000.0,470000000.0,274453000.0,3228900000.0,3228900000.0,新型电力,公用事业,电力,风力发电,6.97,6.31,
2015-09-29,10.62,11.29,10.46,10.98,10.77,0.2100000000000008,1.95,8914128.0,62207038.1,1.568,0.018966,0.03248,1.23,,,,3.9067,10.2154,0.0,,470000000.0,470000000.0,274453000.0,3290000000.0,3290000000.0,新型电力,公用事业,电力,风力发电,7.21,6.53,
2015-09-30,10.98,11.16,10.68,10.98,10.98,0.0,0.0,4690881.0,32741348.9,1.568,0.009981,0.017092,0.6,,,,3.9067,10.2154,0.0,,470000000.0,470000000.0,274453000.0,3290000000.0,3290000000.0,新型电力,公用事业,电力,风力发电,7.35,6.65,
2015-10-08,11.12,11.42,10.98,10.99,10.98,0.0099999999999997,0.09,5804755.0,41151898.1,1.568,0.012351,0.02115,0.75,,,,3.9123,10.23,0.0,,470000000.0,470000000.0,274453000.0,3294700000.0,3294700000.0,新型电力,公用事业,电力,风力发电,7.35,6.65,
2015-10-09,11.05,11.05,10.77,10.93,10.99,-0.0600000000000005,-0.55,4065280.000000001,28343440.5,1.568,0.00865,0.014812,0.55,,,,3.8899,10.1716,0.0,,470000000.0,470000000.0,274453000.0,3275900000.0,3275900000.0,新型电力,公用事业,电力,风力发电,7.36,6.66,
2015-10-12,10.98,11.29,10.96,11.24,10.93,0.3100000000000005,2.84,3160630.0,22528737.1,1.568,0.006725,0.011516,0.49,,,,4.0016,10.4635,0.0,,470000000.0,470000000.0,274453000.0,3369900000.0,3369900000.0,新型电力,公用事业,电力,风力发电,7.32,6.62,
2015-10-27,11.81,11.81,11.81,11.81,11.24,0.5700000000000003,5.07,380094.0,2862107.8000000003,1.568,0.000809,0.001385,0.07,,,,4.2025,10.9888,0.0,,470000000.0,470000000.0,274453000.0,3539100000.0,3539100000.0,新型电力,公用事业,电力,风力发电,7.53,6.81,
2015-10-28,12.4,12.4,12.4,12.4,11.81,0.5899999999999999,5.0,103505.0,818724.6,1.568,0.0002199999999999,0.0003769999999999,0.03,,,,4.4145,11.5434,0.0,,470000000.0,470000000.0,274453000.0,3717700000.0,3717700000.0,新型电力,公用事业,电力,风力发电,7.91,7.15,
2015-10-29,13.03,13.03,13.03,13.03,12.4,0.629999999999999,5.08,355701.0,2955875.3000000003,1.568,0.000757,0.0012959999999999,0.13,,,,4.6378,12.1271,0.0,,470000000.0,470000000.0,274453000.0,3905700000.0,3905700000.0,新型电力,公用事业,电力,风力发电,8.31,7.51,
2015-10-30,13.41,13.69,12.53,13.63,13.03,0.6000000000000014,4.6,32085672.0,273729469.1,1.568,0.068267,0.116908,19.89,,,,4.8499,12.6817,0.0,,470000000.0,470000000.0,274453000.0,4084300000.0,4084300000.0,新型电力,公用事业,电力,风力发电,8.73,7.89,
2015-11-02,13.25,13.94,12.95,13.05,13.63,-0.5800000000000001,-4.26,18514089.0,158224537.2,1.568,0.039392,0.067458,2.57,,,,4.6434,13.3289,0.0,,470000000.0,470000000.0,274453000.0,3910400000.0,3910400000.0,新型电力,公用事业,电力,风力发电,9.12,8.26,
2015-11-03,13.06,13.48,12.79,12.94,13.05,-0.1100000000000012,-0.84,8210927.0,68519894.3,1.568,0.01747,0.029917,0.8,,,,4.6043,13.2168,0.0,,470000000.0,470000000.0,274453000.0,3877500000.0,3877500000.0,新型电力,公用事业,电力,风力发电,8.74,7.9,
2015-11-04,13.01,13.58,12.94,13.31,12.94,0.370000000000001,2.86,9267553.0,78060389.2,1.568,0.019718,0.033767,0.78,,,,4.7382,13.6013,0.0,,470000000.0,470000000.0,274453000.0,3990300000.0,3990300000.0,新型电力,公用事业,电力,风力发电,8.66,7.84,
2015-11-05,13.31,13.72,13.2,13.31,13.31,0.0,0.0,10582845.0,90411211.0,1.568,0.022517,0.03856,0.77,,,,4.7382,13.6013,0.0,,470000000.0,470000000.0,274453000.0,3990300000.0,3990300000.0,新型电力,公用事业,电力,风力发电,8.91,8.07,
2015-11-06,13.33,13.97,13.22,13.97,13.31,0.6600000000000001,4.96,14765789.000000002,130244203.5,1.568,0.031417,0.0538009999999999,0.94,,,,4.9726,14.2741,0.0,,470000000.0,470000000.0,274453000.0,4187700000.0,4187700000.0,新型电力,公用事业,电力,风力发电,8.91,8.07,
2015-11-09,13.58,13.88,13.27,13.53,13.97,-0.4400000000000013,-3.15,15059801.999999998,129775224.2,1.568,0.032042,0.054872,1.23,,,,4.8164,13.8256,0.0,,470000000.0,470000000.0,274453000.0,4056100000.0,4056100000.0,新型电力,公用事业,电力,风力发电,9.36,8.46,
2015-11-10,13.48,13.99,13.38,13.75,13.53,0.2200000000000006,1.63,8183095.0,71602717.8,1.568,0.017411,0.029816,0.71,,,,4.8945,14.0498,0.0,,470000000.0,470000000.0,274453000.0,4121900000.0,4121900000.0,新型电力,公用事业,电力,风力发电,9.06,8.2,
2015-11-11,13.74,14.27,13.59,14.14,13.75,0.3900000000000005,2.84,9784600.0,87756880.3,1.568,0.020818,0.035651,0.85,,,,5.034,14.4504,0.0,,470000000.0,470000000.0,274453000.0,4239400000.0,4239400000.0,新型电力,公用事业,电力,风力发电,9.21,8.33,
2015-11-12,14.08,14.72,14.06,14.19,14.14,0.0499999999999989,0.35,10067986.0,91964119.6,1.568,0.021421,0.036684,0.86,,,,5.0508,14.4984,0.0,,470000000.0,470000000.0,274453000.0,4253500000.0,4253500000.0,新型电力,公用事业,电力,风力发电,9.47,8.57,
2015-11-13,13.97,14.35,13.77,13.94,14.19,-0.25,-1.76,7313334.0,65297469.4,1.568,0.01556,0.0266469999999999,0.63,,,,4.9615,14.2421,0.0,,470000000.0,470000000.0,274453000.0,4178300000.0,4178300000.0,新型电力,公用事业,电力,风力发电,9.5,8.6,
2015-11-16,13.74,14.32,13.41,14.11,13.94,0.1699999999999999,1.22,7903362.0,70460119.8,1.568,0.016816,0.028797,0.78,,,,5.0229,14.4183,0.0,,470000000.0,470000000.0,274453000.0,4230000000.0,4230000000.0,新型电力,公用事业,电力,风力发电,9.33,8.45,
2015-11-17,14.27,14.35,13.41,13.44,14.11,-0.6699999999999999,-4.75,14383040.0,127454804.5,1.568,0.030602,0.0524059999999999,1.66,,,,4.7829,13.7294,0.0,,470000000.0,470000000.0,274453000.0,4027900000.0,4027900000.0,新型电力,公用事业,电力,风力发电,9.45,8.55,
2015-11-18,13.39,13.55,12.76,12.78,13.44,-0.6600000000000001,-4.91,14067724.0,116686019.8,1.568,0.029931,0.051257,1.42,,,,4.5485,13.0566,0.0,,470000000.0,470000000.0,274453000.0,3830500000.0,3830500000.0,新型电力,公用事业,电力,风力发电,9.0,8.14,
2015-11-19,12.94,13.22,12.81,13.2,12.78,0.4199999999999999,3.29,7940605.0,66265780.0,1.568,0.016895,0.028932,0.74,,,,4.6992,13.4891,0.0,,470000000.0,470000000.0,274453000.0,3957400000.0,3957400000.0,新型电力,公用事业,电力,风力发电,8.56,7.74,
2015-11-20,13.34,13.48,13.22,13.42,13.2,0.2200000000000006,1.67,5493530.0,46765123.8,1.568,0.011688,0.020016,0.53,,,,4.7773,13.7134,0.0,,470000000.0,470000000.0,274453000.0,4023200000.0,4023200000.0,新型电力,公用事业,电力,风力发电,8.84,8.0,
2015-11-23,12.92,13.45,12.9,13.03,13.42,-0.3900000000000005,-2.91,7662932.000000001,64459882.9,1.568,0.016304,0.027921,0.77,,,,4.6378,13.3129,0.0,,470000000.0,470000000.0,274453000.0,3905700000.0,3905700000.0,新型电力,公用事业,电力,风力发电,8.99,8.13,
2015-11-24,13.09,13.55,13.05,13.41,13.03,0.3800000000000008,2.92,6543328.0,55489116.2,1.568,0.013922,0.023841,0.66,,,,4.7717,13.6974,0.0,,470000000.0,470000000.0,274453000.0,4018500000.0,4018500000.0,新型电力,公用事业,电力,风力发电,8.73,7.89,
2015-11-25,13.41,14.08,13.34,14.06,13.41,0.6500000000000004,4.85,12731194.0,113868180.2,1.568,0.027088,0.046388,1.53,,,,5.0061,14.3703,0.0,,470000000.0,470000000.0,274453000.0,4215900000.0,4215900000.0,新型电力,公用事业,电力,风力发电,8.98,8.12,
2015-11-26,14.08,14.08,13.63,13.67,14.06,-0.3900000000000005,-2.77,10128029.0,89151825.89999999,1.568,0.021549,0.036903,1.25,,,,4.8666,13.9697,0.0,,470000000.0,470000000.0,274453000.0,4098400000.0,4098400000.0,新型电力,公用事业,电力,风力发电,9.42,8.52,
2015-11-27,13.69,14.05,13.03,13.14,13.67,-0.5299999999999994,-3.88,8700848.0,75782611.39999999,1.568,0.018512,0.031703,1.02,,,,4.6769,13.425,0.0,,470000000.0,470000000.0,274453000.0,3938600000.0,3938600000.0,新型电力,公用事业,电力,风力发电,9.16,8.28,
2015-11-30,13.2,13.33,12.53,12.9,13.14,-0.2400000000000002,-1.83,7372819.0,60490814.8,1.568,0.015687,0.026864,0.81,,,,4.5931,13.1847,0.0,,470000000.0,470000000.0,274453000.0,3868100000.0,3868100000.0,新型电力,公用事业,电力,风力发电,8.8,7.96,
2015-12-01,12.95,13.27,12.9,13.09,12.9,0.1899999999999995,1.47,5384340.0,44933191.0,1.568,0.011456,0.019618,0.59,,,,4.6601,13.377,0.0,,470000000.0,470000000.0,274453000.0,3924500000.0,3924500000.0,新型电力,公用事业,电力,风力发电,8.64,7.82,
2015-12-02,13.22,13.3,12.69,13.03,13.09,-0.0600000000000005,-0.46,4621450.0,38457205.5,1.568,0.009833,0.016839,0.52,,,,4.6378,13.3129,0.0,,470000000.0,470000000.0,274453000.0,3905700000.0,3905700000.0,新型电力,公用事业,电力,风力发电,8.77,7.93,
2015-12-03,13.0,13.66,12.98,13.48,13.03,0.450000000000001,3.45,6301267.0,53551711.0,1.568,0.013407,0.022959,0.87,,,,4.7996,13.7775,0.0,,470000000.0,470000000.0,274453000.0,4042000000.0,4042000000.0,新型电力,公用事业,电力,风力发电,8.73,7.89,
2015-12-04,13.48,14.16,13.27,14.16,13.48,0.6799999999999997,5.04,8282870.0,73031855.3,1.568,0.017623,0.03018,1.28,,,,5.0396,14.4664,0.0,,470000000.0,470000000.0,274453000.0,4244100000.0,4244100000.0,新型电力,公用事业,电力,风力发电,9.03,8.17,
2015-12-07,14.43,14.86,14.28,14.86,14.16,0.6999999999999993,4.94,22553798.0,212616353.5,1.568,0.047987,0.082177,3.53,,,,5.2908,15.1873,0.0,,470000000.0,470000000.0,274453000.0,4455600000.0,4455600000.0,新型电力,公用事业,电力,风力发电,9.48,8.58,
2015-12-08,14.86,15.02,14.14,14.25,14.86,-0.6099999999999994,-4.1,17841310.0,165298258.4,1.568,0.03796,0.065007,1.89,,,,5.0731,14.5625,0.0,,470000000.0,470000000.0,274453000.0,4272300000.0,4272300000.0,新型电力,公用事业,电力,风力发电,9.95,9.01,
2015-12-09,14.05,14.82,14.05,14.39,14.25,0.1400000000000005,0.98,8094581.0,74621942.89999999,1.568,0.017223,0.029494,0.68,,,,5.1233,14.7067,0.0,,470000000.0,470000000.0,274453000.0,4314600000.0,4314600000.0,新型电力,公用事业,电力,风力发电,9.54,8.64,
2015-12-10,14.43,15.12,14.27,15.12,14.39,0.7299999999999986,5.07,9376068.0,87295160.39999999,1.568,0.0199489999999999,0.034163,0.74,,,,5.3801,15.4436,0.0,,470000000.0,470000000.0,274453000.0,4530800000.0,4530800000.0,新型电力,公用事业,电力,风力发电,9.64,8.72,
2015-12-11,15.44,15.87,15.24,15.65,15.12,0.5300000000000011,3.51,20122545.0,202382192.1,1.568,0.042814,0.073319,1.52,,,,5.5698,15.9883,0.0,,470000000.0,470000000.0,274453000.0,4690600000.0,4690600000.0,新型电力,公用事业,电力,风力发电,10.12,9.16,
2015-12-14,15.52,15.52,14.86,15.19,15.65,-0.4600000000000008,-2.94,10908568.0,105564409.0,1.568,0.02321,0.039747,0.7,,,,5.408,15.5237,0.0,,470000000.0,470000000.0,274453000.0,4554300000.0,4554300000.0,新型电力,公用事业,电力,风力发电,10.48,9.48,
2015-12-15,15.29,15.85,15.13,15.49,15.19,0.3000000000000007,1.97,6856692.0,68034324.5,1.568,0.014589,0.0249829999999999,0.52,,,,5.514,15.8281,0.0,,470000000.0,470000000.0,274453000.0,4643600000.0,4643600000.0,新型电力,公用事业,电力,风力发电,10.17,9.21,
2015-12-16,15.52,16.26,15.41,16.26,15.49,0.7700000000000014,4.97,14454182.0,148288047.6,1.568,0.030754,0.052665,1.31,,,,5.7875,16.6131,0.0,,470000000.0,470000000.0,274453000.0,4873900000.0,4873900000.0,新型电力,公用事业,电力,风力发电,10.37,9.39,
2015-12-17,16.31,16.97,15.84,16.62,16.26,0.3599999999999994,2.21,16888456.0,175059830.5,1.568,0.035933,0.061535,1.37,,,,5.9158,16.9816,0.0,,470000000.0,470000000.0,274453000.0,4982000000.0,4982000000.0,新型电力,公用事业,电力,风力发电,10.89,9.85,
2015-12-18,16.46,17.12,16.17,16.31,16.62,-0.3100000000000023,-1.87,11852883.0,125890237.1,1.568,0.025219,0.0431869999999999,0.86,,,,5.8042,16.6612,0.0,,470000000.0,470000000.0,274453000.0,4888000000.0,4888000000.0,新型电力,公用事业,电力,风力发电,11.13,10.07,
2015-12-21,16.31,16.51,15.92,16.32,16.31,0.0100000000000015,0.06,8570738.0,88793457.0,1.568,0.018236,0.031228,0.7,,,,5.8098,16.6772,0.0,,470000000.0,470000000.0,274453000.0,4892700000.0,4892700000.0,新型电力,公用事业,电力,风力发电,10.92,9.88,
2015-12-22,16.23,16.7,16.23,16.48,16.32,0.1600000000000001,0.98,6658762.0,69852472.0,1.568,0.014168,0.024262,0.57,,,,5.8656,16.8374,0.0,,470000000.0,470000000.0,274453000.0,4939700000.0,4939700000.0,新型电力,公用事业,电力,风力发电,10.93,9.89,
2015-12-23,16.45,16.46,15.74,16.04,16.48,-0.4400000000000013,-2.67,7632264.999999999,78835428.0,1.568,0.016239,0.027809,0.65,,,,5.7093,16.3888,0.0,,470000000.0,470000000.0,274453000.0,4808100000.0,4808100000.0,新型电力,公用事业,电力,风力发电,11.04,9.98,
2015-12-24,15.99,16.43,15.3,16.24,16.04,0.1999999999999993,1.25,7405639.999999999,76517342.1,1.568,0.015757,0.026983,0.72,,,,5.7819,16.5971,0.0,,470000000.0,470000000.0,274453000.0,4869200000.0,4869200000.0,新型电力,公用事业,电力,风力发电,10.74,9.72,
2015-12-25,16.4,17.06,16.1,16.9,16.24,0.6600000000000001,4.06,10986596.0,117226759.2,1.568,0.023376,0.040031,1.3,,,,6.0163,17.2699,0.0,,470000000.0,470000000.0,274453000.0,5066600000.0,5066600000.0,新型电力,公用事业,电力,风力发电,10.88,9.84,
2015-12-28,16.67,16.93,16.06,16.06,16.9,-0.8399999999999999,-4.97,11216959.0,117370226.1,1.568,0.023866,0.04087,1.36,,,,5.7149,16.4048,0.0,,470000000.0,470000000.0,274453000.0,4812800000.0,4812800000.0,新型电力,公用事业,电力,风力发电,11.32,10.24,
2015-12-29,16.15,16.31,15.37,15.74,16.06,-0.3199999999999985,-1.99,10917055.0,109038555.7,1.568,0.023228,0.039778,1.24,,,,5.6033,16.0844,0.0,,470000000.0,470000000.0,274453000.0,4718800000.0,4718800000.0,新型电力,公用事业,电力,风力发电,10.75,9.73,
2015-12-30,15.68,15.96,15.3,15.35,15.74,-0.3900000000000005,-2.48,9027997.0,89175859.1,1.568,0.019209,0.032895,0.94,,,,5.4638,15.6839,0.0,,470000000.0,470000000.0,274453000.0,4601300000.0,4601300000.0,新型电力,公用事业,电力,风力发电,10.54,9.54,
2015-12-31,15.49,15.49,14.58,14.58,15.35,-0.7699999999999996,-5.02,15209563.0,143367262.79999998,1.568,0.032361,0.055418,1.53,,,,5.1903,14.8989,0.0,,470000000.0,470000000.0,274453000.0,4371000000.0,4371000000.0,新型电力,公用事业,电力,风力发电,10.28,9.3,
2016-01-04,13.86,13.86,13.86,13.86,14.58,-0.7200000000000006,-4.94,2985600.0,26392704.0,1.568,0.006352,0.010878,0.26,,,,4.9336,14.162,0.0,,470000000.0,470000000.0,274453000.0,4154800000.0,4154800000.0,新型电力,公用事业,电力,风力发电,9.77,8.84,0.0
2016-01-05,13.17,13.17,13.17,13.17,13.86,-0.6899999999999995,-4.98,1003300.0,8427720.0,1.568,0.0021349999999999,0.003656,0.1,,,,4.688,13.4571,0.0,,470000000.0,470000000.0,274453000.0,3948000000.0,3948000000.0,新型电力,公用事业,电力,风力发电,9.28,8.4,0.0
2016-01-06,12.51,12.51,12.51,12.51,13.17,-0.6600000000000001,-5.01,2746300.0,21915474.0,1.568,0.005843,0.010006,0.35,,,,4.4536,12.7842,0.0,,470000000.0,470000000.0,274453000.0,3750600000.0,3750600000.0,新型电力,公用事业,电力,风力发电,8.82,7.98,0.0
2016-01-07,11.89,11.89,11.89,11.89,12.51,-0.6199999999999992,-4.96,2542100.0,19269118.0,1.568,0.005409,0.009262,0.41,,,,4.2304,12.1434,0.0,,470000000.0,470000000.0,274453000.0,3562600000.0,3562600000.0,新型电力,公用事业,电力,风力发电,8.38,7.58,0.0
2016-01-08,11.29,11.76,11.29,11.71,11.89,-0.1799999999999997,-1.51,25559112.0,185987161.6,1.568,0.054381,0.093127,5.22,,,,4.169,11.9672,0.0,,470000000.0,470000000.0,274453000.0,3510900000.0,3510900000.0,新型电力,公用事业,电力,风力发电,7.96,7.2,0.0
2016-01-11,11.15,11.29,11.13,11.13,11.71,-0.5800000000000001,-4.95,8686446.0,61851831.6,1.568,0.018482,0.03165,1.25,,,,3.9625,11.3744,0.0,,470000000.0,470000000.0,274453000.0,3337000000.0,3337000000.0,新型电力,公用事业,电力,风力发电,7.84,7.1,0.0
2016-01-12,10.66,10.87,10.58,10.58,11.13,-0.5500000000000007,-4.94,9885282.0,66893274.2,1.568,0.021033,0.036018,1.22,,,,3.7672,10.8137,0.0,,470000000.0,470000000.0,274453000.0,3172500000.0,3172500000.0,新型电力,公用事业,电力,风力发电,7.46,6.75,0.0
2016-01-13,10.65,11.12,10.65,10.76,10.58,0.1799999999999997,1.7,15295294.0,107340626.0,1.568,0.032543,0.05573,1.55,,,,3.8285,10.99,0.0,,470000000.0,470000000.0,274453000.0,3224200000.0,3224200000.0,新型电力,公用事业,电力,风力发电,7.09,6.41,0.0
2016-01-14,10.22,10.79,10.22,10.71,10.76,-0.0499999999999989,-0.46,11368670.0,75483055.39999999,1.568,0.024189,0.0414229999999999,0.92,,,,3.8118,10.9419,0.0,,470000000.0,470000000.0,274453000.0,3210100000.0,3210100000.0,新型电力,公用事业,电力,风力发电,7.2,6.52,0.0
2016-01-15,10.46,11.15,10.46,10.55,10.71,-0.1600000000000001,-1.49,8208128.999999999,56435669.1,1.568,0.017464,0.029907,0.58,,,,3.756,10.7817,0.0,,470000000.0,470000000.0,274453000.0,3163100000.0,3163100000.0,新型电力,公用事业,电力,风力发电,7.17,6.49,0.0
2016-01-18,10.21,10.82,10.11,10.6,10.55,0.0499999999999989,0.47,6577856.0,44114977.3,1.568,0.013995,0.023967,0.62,,,,3.7727,10.8298,0.0,,470000000.0,470000000.0,274453000.0,3177200000.0,3177200000.0,新型电力,公用事业,电力,风力发电,7.07,6.39,0.0
2016-01-19,10.55,11.13,10.54,11.13,10.6,0.5300000000000011,5.0,10227181.0,72046244.5,1.568,0.02176,0.037264,1.0,,,,3.9625,11.3744,0.0,,470000000.0,470000000.0,274453000.0,3337000000.0,3337000000.0,新型电力,公用事业,电力,风力发电,7.1,6.42,0.0
2016-01-20,11.13,11.42,11.01,11.15,11.13,0.0199999999999995,0.18,9489945.0,67849455.6,1.568,0.020191,0.034578,0.92,,,,3.9681,11.3905,0.0,,470000000.0,470000000.0,274453000.0,3341700000.0,3341700000.0,新型电力,公用事业,电力,风力发电,7.46,6.75,0.0
2016-01-21,10.98,11.34,10.68,10.93,11.15,-0.2200000000000006,-1.97,7691192.0,54471329.400000006,1.568,0.016364,0.028024,0.84,,,,3.8899,11.1662,0.0,,470000000.0,470000000.0,274453000.0,3275900000.0,3275900000.0,新型电力,公用事业,电力,风力发电,7.47,6.75,0.0
2016-01-22,10.96,11.12,10.38,10.77,10.93,-0.1600000000000001,-1.46,6393834.0,43493493.9,1.568,0.013604,0.023297,0.76,,,,3.8341,11.006,0.0,,470000000.0,470000000.0,274453000.0,3228900000.0,3228900000.0,新型电力,公用事业,电力,风力发电,7.32,6.62,0.0
2016-01-25,10.93,10.94,10.63,10.73,10.77,-0.0399999999999991,-0.37,4739622.0,32595150.4,1.568,0.010084,0.017269,0.59,,,,3.8174,10.9579,0.0,,470000000.0,470000000.0,274453000.0,3214800000.0,3214800000.0,新型电力,公用事业,电力,风力发电,7.21,6.53,0.0
2016-01-26,10.76,10.76,10.19,10.19,10.73,-0.5400000000000009,-5.03,7680800.0,50583529.0,1.568,0.016342,0.027986,1.0,,,,3.6276,10.4132,0.0,,470000000.0,470000000.0,274453000.0,3055000000.0,3055000000.0,新型电力,公用事业,电力,风力发电,7.18,6.5,0.0
2016-01-27,9.8,9.97,9.69,9.69,10.19,-0.5,-4.91,7404000.0,45889643.3,1.568,0.015753,0.026977,1.03,,,,3.449,9.9006,0.0,,470000000.0,470000000.0,274453000.0,2904600000.0,2904600000.0,新型电力,公用事业,电力,风力发电,6.83,6.18,0.0
2016-01-28,9.2,9.38,9.2,9.2,9.69,-0.4900000000000002,-5.06,7496002.0,44077008.2,1.568,0.015949,0.027313,1.11,,,,3.276,9.4039,0.0,,470000000.0,470000000.0,274453000.0,2758900000.0,2758900000.0,新型电力,公用事业,电力,风力发电,6.49,5.87,0.0
2016-01-29,8.95,9.28,8.78,9.16,9.2,-0.0399999999999991,-0.43,7390695.0,42718760.4,1.568,0.015725,0.0269289999999999,1.1,,,,3.2593,9.3559,0.0,,470000000.0,470000000.0,274453000.0,2744800000.0,2744800000.0,新型电力,公用事业,电力,风力发电,6.16,5.58,0.0
2016-02-01,9.16,9.61,9.13,9.61,9.16,0.4499999999999993,4.91,6174960.0,37515307.9,1.568,0.013138,0.0224989999999999,0.89,,,,3.4211,9.8205,0.0,,470000000.0,470000000.0,274453000.0,2881100000.0,2881100000.0,新型电力,公用事业,电力,风力发电,6.13,5.55,0.0
2016-02-02,9.96,10.1,9.78,10.1,9.61,0.4900000000000002,5.1,1462891.0,9357331.0,1.568,0.003113,0.00533,0.2,,,,3.5941,10.3171,0.0,,470000000.0,470000000.0,274453000.0,3026800000.0,3026800000.0,新型电力,公用事业,电力,风力发电,6.44,5.82,0.0
2016-02-03,10.6,10.6,10.6,10.6,10.1,0.5,4.95,568277.0,3841552.5,1.568,0.001209,0.002071,0.09,,,,3.7727,10.8298,0.0,,470000000.0,470000000.0,274453000.0,3177200000.0,3177200000.0,新型电力,公用事业,电力,风力发电,6.76,6.12,0.0
2016-02-16,11.13,11.13,10.98,11.13,10.6,0.5300000000000011,5.0,3481969.0,24680179.9,1.568,0.007408,0.0126869999999999,0.75,,,,3.9625,11.3744,0.0,,470000000.0,470000000.0,274453000.0,3337000000.0,3337000000.0,新型电力,公用事业,电力,风力发电,7.1,6.42,0.0
2016-02-17,11.7,11.7,11.7,11.7,11.13,0.5699999999999985,5.12,795985.0,5938048.1,1.568,0.001694,0.0029,0.21,,,,4.1634,11.9512,0.0,,470000000.0,470000000.0,274453000.0,3506200000.0,3506200000.0,新型电力,公用事业,电力,风力发电,7.46,6.75,0.0
2016-02-18,12.28,12.28,12.28,12.28,11.7,0.5800000000000001,4.96,558102.0,4369938.699999999,1.568,0.001187,0.002034,0.22,,,,4.3699,12.5439,0.0,,470000000.0,470000000.0,274453000.0,3680100000.0,3680100000.0,新型电力,公用事业,电力,风力发电,7.83,7.09,0.0
2016-02-19,12.36,12.36,11.67,12.0,12.28,-0.2799999999999993,-2.28,25090161.0,189894763.5,1.568,0.053383,0.091419,18.27,,,,4.2694,12.2556,0.0,,470000000.0,470000000.0,274453000.0,3595500000.0,3595500000.0,新型电力,公用事业,电力,风力发电,8.22,7.44,0.0
2016-02-22,12.03,12.59,11.79,12.56,12.0,0.5600000000000005,4.67,12998510.0,102440344.6,1.568,0.027656,0.047362,2.13,,,,4.4704,12.8323,0.0,,470000000.0,470000000.0,274453000.0,3764700000.0,3764700000.0,新型电力,公用事业,电力,风力发电,8.03,7.27,0.0
2016-02-23,12.36,12.67,12.21,12.47,12.56,-0.0899999999999998,-0.72,9192247.0,72954100.39999999,1.568,0.019558,0.033493,1.07,,,,4.4369,12.7362,0.0,,470000000.0,470000000.0,274453000.0,3736500000.0,3736500000.0,新型电力,公用事业,电力,风力发电,8.41,7.61,0.0
2016-02-24,12.37,12.62,11.96,12.31,12.47,-0.1600000000000001,-1.28,6429130.0,50573420.6,1.568,0.0136789999999999,0.0234249999999999,0.66,,,,4.3811,12.576,0.0,,470000000.0,470000000.0,274453000.0,3689500000.0,3689500000.0,新型电力,公用事业,电力,风力发电,8.35,7.55,0.0
2016-02-25,12.43,12.62,11.7,11.7,12.31,-0.6100000000000012,-4.96,8716141.0,66808615.3,1.568,0.018545,0.031758,0.8,,,,4.1634,11.9512,0.0,,470000000.0,470000000.0,274453000.0,3506200000.0,3506200000.0,新型电力,公用事业,电力,风力发电,8.24,7.46,0.0
2016-02-26,11.7,11.92,11.12,11.29,11.7,-0.4100000000000001,-3.5,7124395.0,51767667.9,1.568,0.015158,0.025959,0.57,,,,4.0183,11.5346,0.0,,470000000.0,470000000.0,274453000.0,3384000000.0,3384000000.0,新型电力,公用事业,电力,风力发电,7.83,7.09,0.0
2016-02-29,11.18,11.45,10.73,10.96,11.29,-0.3299999999999983,-2.92,7591349.000000001,52989827.2,1.568,0.016152,0.02766,0.85,,,,3.9011,11.1982,0.0,,470000000.0,470000000.0,274453000.0,3285300000.0,3285300000.0,新型电力,公用事业,电力,风力发电,7.56,6.84,0.0
2016-03-01,10.98,11.51,10.85,11.51,10.96,0.5499999999999989,5.02,4195393.0,30111238.700000003,1.568,0.008926,0.015286,0.54,,,,4.0964,11.7589,0.0,,470000000.0,470000000.0,274453000.0,3449800000.0,3449800000.0,新型电力,公用事业,电力,风力发电,7.34,6.64,0.0
2016-03-02,12.09,12.09,12.09,12.09,11.51,0.5800000000000001,5.04,1608320.0,12400147.2,1.568,0.003422,0.00586,0.24,,,,4.3029,12.3517,0.0,,470000000.0,470000000.0,274453000.0,3623700000.0,3623700000.0,新型电力,公用事业,电力,风力发电,7.71,6.97,0.0
2016-03-03,12.7,12.7,12.18,12.7,12.09,0.6099999999999994,5.05,16448265.0,131862481.2,1.568,0.034996,0.059931,2.81,,,,4.5206,12.9765,0.0,,470000000.0,470000000.0,274453000.0,3807000000.0,3807000000.0,新型电力,公用事业,电力,风力发电,8.1,7.32,0.0
2016-03-04,12.7,13.12,12.17,12.75,12.7,0.0500000000000007,0.39,11427541.0,91961159.3,1.568,0.024314,0.041638,1.55,,,,4.5373,13.0245,0.0,,470000000.0,470000000.0,274453000.0,3821100000.0,3821100000.0,新型电力,公用事业,电力,风力发电,8.51,7.7,0.0
2016-03-07,12.81,13.39,12.81,13.39,12.75,0.6400000000000006,5.02,5709071.0,48547507.400000006,1.568,0.0121469999999999,0.020802,0.69,,,,4.7662,13.6814,0.0,,470000000.0,470000000.0,274453000.0,4013800000.0,4013800000.0,新型电力,公用事业,电力,风力发电,8.54,7.72,0.0
2016-03-08,13.64,14.06,12.97,13.69,13.39,0.2999999999999989,2.24,15276467.000000002,132816271.79999998,1.568,0.032503,0.055662,1.94,,,,4.8722,13.9858,0.0,,470000000.0,470000000.0,274453000.0,4103100000.0,4103100000.0,新型电力,公用事业,电力,风力发电,8.97,8.11,0.0
2016-03-09,13.36,14.05,13.33,13.41,13.69,-0.2799999999999993,-2.05,8085656.0,70203815.4,1.568,0.017204,0.029461,0.8,,,,4.7717,13.6974,0.0,,470000000.0,470000000.0,274453000.0,4018500000.0,4018500000.0,新型电力,公用事业,电力,风力发电,9.17,8.29,0.0
2016-03-10,13.36,13.63,12.73,12.73,13.41,-0.6799999999999997,-5.07,10071639.0,82890976.6,1.568,0.021429,0.036697,0.88,,,,4.5317,13.0085,0.0,,470000000.0,470000000.0,274453000.0,3816400000.0,3816400000.0,新型电力,公用事业,电力,风力发电,8.98,8.12,0.0
2016-03-11,12.54,13.28,12.34,12.89,12.73,0.1600000000000001,1.26,7187721.000000001,59036697.2,1.568,0.015293,0.026189,0.71,,,,4.5876,13.1687,0.0,,470000000.0,470000000.0,274453000.0,3863400000.0,3863400000.0,新型电力,公用事业,电力,风力发电,8.53,7.71,0.0
2016-03-14,13.17,13.17,12.89,12.98,12.89,0.0899999999999998,0.7,6222151.0,51630755.8,1.568,0.013239,0.022671,0.67,,,,4.621,13.2648,0.0,,470000000.0,470000000.0,274453000.0,3891600000.0,3891600000.0,新型电力,公用事业,电力,风力发电,8.63,7.81,0.0
2016-03-15,13.0,13.48,12.83,13.3,12.98,0.3200000000000003,2.47,6694253.0,56191485.7,1.568,0.0142429999999999,0.024391,0.71,,,,4.7327,13.5853,0.0,,470000000.0,470000000.0,274453000.0,3985600000.0,3985600000.0,新型电力,公用事业,电力,风力发电,8.69,7.87,0.0
2016-03-16,13.72,13.86,13.17,13.3,13.3,0.0,0.0,5952274.0,51207782.4,1.568,0.012664,0.021688,0.78,,,,4.7327,13.5853,0.0,,470000000.0,470000000.0,274453000.0,3985600000.0,3985600000.0,新型电力,公用事业,电力,风力发电,8.9,8.06,0.0
2016-03-17,13.19,13.61,13.17,13.47,13.3,0.1699999999999999,1.28,5992694.0,51309438.4,1.568,0.01275,0.021835,0.83,,,,4.7941,13.7615,0.0,,470000000.0,470000000.0,274453000.0,4037300000.0,4037300000.0,新型电力,公用事业,电力,风力发电,8.9,8.06,0.0
2016-03-18,13.44,13.58,13.34,13.52,13.47,0.0499999999999989,0.37,7513264.999999999,64651137.7,1.568,0.015986,0.0273749999999999,1.17,,,,4.8108,13.8095,0.0,,470000000.0,470000000.0,274453000.0,4051400000.0,4051400000.0,新型电力,公用事业,电力,风力发电,9.02,8.16,0.0
2016-03-21,13.55,13.56,12.86,13.05,13.52,-0.4699999999999988,-3.48,21893661.0,182828064.7,1.568,0.046582,0.079772,3.38,,,,4.6434,13.3289,0.0,,470000000.0,470000000.0,274453000.0,3910400000.0,3910400000.0,新型电力,公用事业,电力,风力发电,9.05,8.19,0.0
2016-03-22,12.58,12.78,12.39,12.45,13.05,-0.6000000000000014,-4.6,16644998.000000002,133011974.4,1.568,0.035415,0.060648,1.73,,,,4.4313,12.7202,0.0,,470000000.0,470000000.0,274453000.0,3731800000.0,3731800000.0,新型电力,公用事业,电力,风力发电,8.74,7.9,0.0
2016-03-23,12.26,12.76,12.0,12.62,12.45,0.1699999999999999,1.37,9204257.0,73464797.1,1.568,0.019584,0.033537,0.79,,,,4.4927,12.8964,0.0,,470000000.0,470000000.0,274453000.0,3783500000.0,3783500000.0,新型电力,公用事业,电力,风力发电,8.34,7.54,0.0
2016-03-24,12.54,12.54,12.28,12.34,12.62,-0.2799999999999993,-2.22,6367583.0,50217142.2,1.568,0.013548,0.023201,0.52,,,,4.3922,12.608,0.0,,470000000.0,470000000.0,274453000.0,3698900000.0,3698900000.0,新型电力,公用事业,电力,风力发电,8.45,7.65,0.0
2016-03-28,12.95,12.95,12.79,12.95,12.34,0.6099999999999994,4.94,10297942.0,84998365.9,1.568,0.021911,0.037522,0.84,,,,4.6099,13.2328,0.0,,470000000.0,470000000.0,274453000.0,3882200000.0,3882200000.0,新型电力,公用事业,电力,风力发电,8.26,7.48,0.0
2016-03-29,12.95,13.27,12.54,12.75,12.95,-0.1999999999999993,-1.54,9810575.0,80958226.4,1.568,0.020874,0.035746,0.76,,,,4.5373,13.0245,0.0,,470000000.0,470000000.0,274453000.0,3821100000.0,3821100000.0,新型电力,公用事业,电力,风力发电,8.67,7.85,0.0
2016-03-30,12.87,13.01,12.72,12.94,12.75,0.1899999999999995,1.49,7500572.0,61476717.3,1.568,0.015959,0.027329,0.72,,,,4.6043,13.2168,0.0,,470000000.0,470000000.0,274453000.0,3877500000.0,3877500000.0,新型电力,公用事业,电力,风力发电,8.54,7.72,0.0
2016-03-31,12.95,13.0,12.76,12.79,12.94,-0.1500000000000003,-1.16,5534685.0,45377859.7,1.568,0.011776,0.020166,0.64,,,,4.5541,13.0726,0.0,,470000000.0,470000000.0,274453000.0,3835200000.0,3835200000.0,新型电力,公用事业,电力,风力发电,8.66,7.84,0.0
2016-04-01,12.67,13.09,12.67,12.97,12.79,0.1800000000000015,1.41,5862740.0,48227798.5,1.568,0.012474,0.021362,0.74,,,,4.6155,13.2488,0.0,,470000000.0,470000000.0,274453000.0,3886900000.0,3886900000.0,新型电力,公用事业,电力,风力发电,8.57,7.75,0.0
2016-04-05,13.01,13.25,13.0,13.03,12.97,0.0599999999999987,0.46,7187156.0,60029519.1,1.568,0.0152919999999999,0.026187,0.92,,,,4.6378,13.3129,0.0,,470000000.0,470000000.0,274453000.0,3905700000.0,3905700000.0,新型电力,公用事业,电力,风力发电,8.68,7.86,0.0
2016-04-06,13.08,13.16,12.9,13.0,13.03,-0.0299999999999993,-0.23,5265283.0,43674084.1,1.568,0.011203,0.019185,0.73,,,,4.6266,13.2809,0.0,,470000000.0,470000000.0,274453000.0,3896300000.0,3896300000.0,新型电力,公用事业,电力,风力发电,8.73,7.89,0.0
2016-04-07,13.17,13.63,12.95,13.42,13.0,0.4199999999999999,3.23,12882213.0,109937831.4,1.568,0.027409,0.046938,2.05,,,,4.7773,13.7134,0.0,,470000000.0,470000000.0,274453000.0,4023200000.0,4023200000.0,新型电力,公用事业,电力,风力发电,8.7,7.88,0.0
2016-04-08,13.27,13.67,13.27,13.36,13.42,-0.0600000000000005,-0.45,6763478.999999999,57927630.5,1.568,0.01439,0.024643,0.92,,,,4.755,13.6493,0.0,,470000000.0,470000000.0,274453000.0,4004400000.0,4004400000.0,新型电力,公用事业,电力,风力发电,8.99,8.13,0.0
2016-04-11,13.72,14.03,13.72,14.03,13.36,0.6699999999999999,5.01,16479501.999999998,147107307.39999998,1.568,0.035063,0.060045,2.17,,,,4.995,14.3382,0.0,,470000000.0,470000000.0,274453000.0,4206500000.0,4206500000.0,新型电力,公用事业,电力,风力发电,8.95,8.09,0.0
2016-04-12,14.03,14.63,13.91,14.25,14.03,0.2200000000000006,1.57,14924782.0,135611134.6,1.568,0.031755,0.05438,1.54,,,,5.0731,14.5625,0.0,,470000000.0,470000000.0,274453000.0,4272300000.0,4272300000.0,新型电力,公用事业,电力,风力发电,9.4,8.5,0.0
2016-04-13,14.11,14.52,13.97,14.24,14.25,-0.0099999999999997,-0.07,11172893.0,101612684.8,1.568,0.023772,0.0407099999999999,0.99,,,,5.0675,14.5465,0.0,,470000000.0,470000000.0,274453000.0,4267600000.0,4267600000.0,新型电力,公用事业,电力,风力发电,9.54,8.64,0.0
2016-04-14,14.27,14.94,14.19,14.94,14.24,0.6999999999999993,4.92,17091650.0,160599421.4,1.568,0.036365,0.062275,1.37,,,,5.3187,15.2674,0.0,,470000000.0,470000000.0,274453000.0,4479100000.0,4479100000.0,新型电力,公用事业,电力,风力发电,9.53,8.63,0.0
2016-04-15,15.15,15.49,14.85,15.02,14.94,0.08,0.54,11581326.0,111613283.0,1.568,0.024641,0.042198,0.87,,,,5.3466,14.0869,0.0,,470000000.0,470000000.0,274453000.0,4502600000.0,4502600000.0,新型电力,公用事业,电力,风力发电,10.01,9.05,0.0
2016-04-18,15.02,15.68,15.02,15.4,15.02,0.3800000000000008,2.53,9369531.0,92137129.5,1.568,0.019935,0.034139,0.66,,,,5.4805,14.4398,0.0,,470000000.0,470000000.0,274453000.0,4615400000.0,4615400000.0,新型电力,公用事业,电力,风力发电,10.06,9.1,0.0
2016-04-19,15.4,15.59,14.63,15.05,15.4,-0.3499999999999996,-2.27,14192418.0,135229455.7,1.568,0.0301969999999999,0.051712,1.11,,,,5.3577,14.1163,0.0,,470000000.0,470000000.0,274453000.0,4512000000.0,4512000000.0,新型电力,公用事业,电力,风力发电,10.31,9.33,0.0
2016-04-20,15.15,15.44,14.3,15.02,15.05,-0.0300000000000011,-0.2,13833131.0,131344538.4,1.568,0.029432,0.050403,1.09,,,,5.3466,14.0869,0.0,,470000000.0,470000000.0,274453000.0,4502600000.0,4502600000.0,新型电力,公用事业,电力,风力发电,10.08,9.12,0.0
2016-04-21,15.21,15.51,15.02,15.23,15.02,0.2100000000000008,1.4,12474351.0,121275704.1,1.568,0.026541,0.045452,0.94,,,,5.4191,14.2781,0.0,,470000000.0,470000000.0,274453000.0,4563700000.0,4563700000.0,新型电力,公用事业,电力,风力发电,10.06,9.1,0.0
2016-04-22,15.34,15.48,14.61,15.34,15.23,0.1099999999999994,0.72,14643612.0,140529418.29999998,1.568,0.031157,0.053356,1.19,,,,5.4582,14.381,0.0,,470000000.0,470000000.0,274453000.0,4596600000.0,4596600000.0,新型电力,公用事业,电力,风力发电,10.2,9.22,0.0
2016-04-25,15.68,16.1,15.4,16.1,15.34,0.7600000000000016,4.95,26805265.000000004,272182859.5,1.568,0.057032,0.097668,2.08,,,,5.7317,15.1016,0.0,,470000000.0,470000000.0,274453000.0,4826900000.0,4826900000.0,新型电力,公用事业,电力,风力发电,10.27,9.29,0.0
2017-12-18,12.54,13.42,11.45,11.45,16.1,-4.650000000000002,-28.88,215640541.0,1722210889.0,1.568,0.23009,0.290757,13.16,10.6737,13.0557,3.2363,5.1153,1.8698,0.0,,1270000000.0,937200000.0,741653000.0,9271000000.0,6841560000.0,新型电力,公用事业,电力,风力发电,11.3,9.24,0.0
2017-12-19,10.3,10.77,10.3,10.3,11.45,-1.1499999999999986,-10.04,155022630.0,1026774558.0,1.568,0.16541,0.209023,2.74,9.6063,11.7502,2.9126,4.6038,1.6828,0.0,,1270000000.0,937200000.0,741653000.0,8343900000.0,6157404000.0,新型电力,公用事业,电力,风力发电,8.03,6.57,0.0
2017-12-20,10.3,10.57,10.0,10.41,10.3,0.1099999999999994,1.07,110183939.0,725095251.0,1.568,0.117567,0.148565,1.3,9.7087,11.8753,2.9437,4.6528,1.7007,0.0,,1270000000.0,937200000.0,741653000.0,8432800000.0,6223008000.0,新型电力,公用事业,电力,风力发电,7.23,5.91,0.0
2017-12-21,10.27,10.49,9.72,10.22,10.41,-0.1899999999999995,-1.83,77270874.0,497513783.0,1.568,0.082449,0.1041869999999999,0.74,9.5332,11.6607,2.8905,4.5688,1.67,0.0,,1270000000.0,937200000.0,741653000.0,8280400000.0,6110544000.0,新型电力,公用事业,电力,风力发电,7.3,5.98,0.0
2017-12-22,10.04,10.88,9.96,10.41,10.22,0.1899999999999995,1.86,111392362.0,747492894.0,1.568,0.118857,0.150195,0.95,9.7087,11.8753,2.9437,4.6528,1.7007,0.0,,1270000000.0,937200000.0,741653000.0,8432800000.0,6223008000.0,新型电力,公用事业,电力,风力发电,7.17,5.87,0.0
2017-12-25,10.3,10.62,9.82,9.89,10.41,-0.5199999999999996,-5.0,82832025.0,536920547.0,1.568,0.088382,0.111686,0.62,9.2262,11.2852,2.7974,4.4216,1.6162,0.0,,1270000000.0,937200000.0,741653000.0,8013700000.0,5913732000.0,新型电力,公用事业,电力,风力发电,7.3,5.98,0.0
2017-12-26,9.85,9.94,9.58,9.66,9.89,-0.2300000000000004,-2.33,64387510.0,399063676.0,1.568,0.068702,0.0868159999999999,0.6,9.0069,11.0169,2.7309,4.3165,1.5778,0.0,,1270000000.0,937200000.0,741653000.0,7823200000.0,5773152000.0,新型电力,公用事业,电力,风力发电,6.94,5.68,0.0
2017-12-27,9.72,9.94,9.66,9.72,9.66,0.0600000000000005,0.62,65573612.0,410379434.0,1.568,0.069968,0.088415,0.74,9.0653,11.0884,2.7486,4.3445,1.588,0.0,,1270000000.0,937200000.0,741653000.0,7874000000.0,5810640000.0,新型电力,公用事业,电力,风力发电,6.78,5.54,0.0
2017-12-28,9.6,9.64,9.38,9.42,9.72,-0.3000000000000007,-3.09,62251538.0,376835849.0,1.568,0.066423,0.083936,0.78,8.7875,10.7486,2.6644,4.2114,1.5394,0.0,,1270000000.0,937200000.0,741653000.0,7632700000.0,5632572000.0,新型电力,公用事业,电力,风力发电,6.82,5.58,0.0
2017-12-29,9.36,9.52,9.3,9.46,9.42,0.0400000000000009,0.42,36023985.0,216665826.0,1.568,0.038438,0.048573,0.47,8.8168,10.7844,2.6732,4.2254,1.5445,0.0,,1270000000.0,937200000.0,741653000.0,7658100000.0,5651316000.0,新型电力,公用事业,电力,风力发电,6.61,5.41,0.0
2018-01-02,9.46,9.72,9.38,9.61,9.46,0.1499999999999985,1.59,40734991.0,248363359.0,1.568,0.043465,0.0549249999999999,0.65,8.963,10.9632,2.7176,4.2955,1.5701,0.0,,1270000000.0,937200000.0,741653000.0,7785100000.0,5745036000.0,新型电力,公用事业,电力,风力发电,6.63,5.43,0.0
2018-01-03,9.66,9.83,9.6,9.8,9.61,0.1900000000000012,1.98,49120429.0,303893800.0,1.568,0.052412,0.066231,0.91,9.1384,11.1778,2.7708,4.3796,1.6008,0.0,,1270000000.0,937200000.0,741653000.0,7937500000.0,5857500000.0,新型电力,公用事业,电力,风力发电,6.74,5.52,0.0
2018-01-04,9.72,9.86,9.64,9.67,9.8,-0.1300000000000007,-1.33,35604501.0,220916969.0,1.568,0.0379899999999999,0.048007,0.7,9.0215,11.0348,2.7353,4.3235,1.5804,0.0,,1270000000.0,937200000.0,741653000.0,7835900000.0,5782524000.0,新型电力,公用事业,电力,风力发电,6.88,5.63,0.0
2018-01-05,9.78,10.18,9.72,9.91,9.67,0.2400000000000002,2.48,71083327.0,450246161.0,1.568,0.075846,0.095844,1.59,9.2408,11.303,2.8018,4.4286,1.6188,0.0,,1270000000.0,937200000.0,741653000.0,8026400000.0,5923104000.0,新型电力,公用事业,电力,风力发电,6.79,5.55,0.0
2018-01-08,9.88,10.04,9.8,9.86,9.91,-0.0500000000000007,-0.5,40697588.0,256950167.0,1.568,0.043425,0.054874,0.87,9.1969,11.2494,2.7885,4.4076,1.6111,0.0,,1270000000.0,937200000.0,741653000.0,7988300000.0,5894988000.0,新型电力,公用事业,电力,风力发电,6.95,5.69,0.0
2018-01-09,9.88,9.93,9.61,9.63,9.86,-0.2299999999999986,-2.33,41638487.0,258607535.0,1.568,0.0444289999999999,0.056143,0.88,8.9776,10.9811,2.722,4.3025,1.5727,0.0,,1270000000.0,937200000.0,741653000.0,7797800000.0,5754408000.0,新型电力,公用事业,电力,风力发电,6.92,5.66,0.0
2018-01-10,9.6,9.67,9.39,9.47,9.63,-0.1600000000000001,-1.66,33139793.0,200687744.0,1.568,0.03536,0.044684,0.7,8.8314,10.8023,2.6777,4.2324,1.5471,0.0,,1270000000.0,937200000.0,741653000.0,7670800000.0,5660688000.0,新型电力,公用事业,电力,风力发电,6.75,5.53,0.0
2018-01-11,9.49,9.61,9.42,9.53,9.47,0.0599999999999987,0.63,26697134.000000004,162223224.0,1.568,0.0284859999999999,0.035997,0.6,8.8899,10.8738,2.6954,4.2604,1.5573,0.0,,1270000000.0,937200000.0,741653000.0,7721600000.0,5698176000.0,新型电力,公用事业,电力,风力发电,6.64,5.44,0.0
2018-01-12,9.5,9.53,9.38,9.41,9.53,-0.1199999999999992,-1.26,25472059.0,153310714.0,1.568,0.027179,0.034345,0.6,8.7729,10.7307,2.6599,4.2044,1.5368,0.0,,1270000000.0,937200000.0,741653000.0,7620000000.0,5623200000.0,新型电力,公用事业,电力,风力发电,6.69,5.47,0.0
2018-01-15,9.33,9.33,8.7,8.83,9.41,-0.5800000000000001,-6.16,41466000.0,237064878.0,1.568,0.044245,0.05591,1.24,8.2319,10.069,2.4959,3.9451,1.442,0.0,,1270000000.0,937200000.0,741653000.0,7150100000.0,5276436000.0,新型电力,公用事业,电力,风力发电,6.6,5.4,0.0
2018-01-16,8.8,8.91,8.73,8.84,8.83,0.0099999999999997,0.11,19017136.0,106989873.0,1.568,0.020291,0.025642,0.56,8.2465,10.0869,2.5003,3.9521,1.4446,0.0,,1270000000.0,937200000.0,741653000.0,7162800000.0,5285808000.0,新型电力,公用事业,电力,风力发电,6.19,5.07,0.0
2018-01-17,8.84,9.24,8.64,9.2,8.84,0.3599999999999994,4.07,36742216.0,208642525.0,1.568,0.0392039999999999,0.049541,1.26,8.5828,10.4982,2.6023,4.1133,1.5035,0.0,,1270000000.0,937200000.0,741653000.0,7454900000.0,5501364000.0,新型电力,公用事业,电力,风力发电,6.2,5.08,0.0
2018-01-18,9.16,9.38,9.09,9.14,9.2,-0.0599999999999987,-0.65,24059929.0,141192685.0,1.568,0.025672,0.032441,0.81,8.5243,10.4267,2.5846,4.0853,1.4933,0.0,,1270000000.0,937200000.0,741653000.0,7404100000.0,5463876000.0,新型电力,公用事业,电力,风力发电,6.46,5.28,0.0
2018-01-19,9.13,9.25,8.95,8.98,9.14,-0.1600000000000001,-1.75,18379891.0,106255612.0,1.568,0.019611,0.024782,0.63,8.3781,10.2479,2.5402,4.0152,1.4677,0.0,,1270000000.0,937200000.0,741653000.0,7277100000.0,5370156000.0,新型电力,公用事业,电力,风力发电,6.41,5.25,0.0
2018-01-22,8.89,9.2,8.89,9.05,8.98,0.0700000000000002,0.78,18358048.0,106278960.0,1.568,0.019588,0.0247529999999999,0.66,8.4366,10.3194,2.558,4.0432,1.4779,0.0,,1270000000.0,937200000.0,741653000.0,7327900000.0,5407644000.0,新型电力,公用事业,电力,风力发电,6.3,5.16,0.0
2018-01-23,9.09,9.96,9.05,9.96,9.05,0.91,10.06,69734751.0,429030216.0,1.568,0.074408,0.094026,2.99,9.2847,11.3567,2.8151,4.4496,1.6265,0.0,,1270000000.0,937200000.0,741653000.0,8064500000.0,5951220000.0,新型电力,公用事业,电力,风力发电,6.35,5.19,0.0
2018-01-24,9.86,10.0,9.56,9.71,9.96,-0.25,-2.51,56818860.0,354327572.0,1.568,0.060626,0.076611,1.7,9.0507,11.0705,2.7442,4.3375,1.5855,0.0,,1270000000.0,937200000.0,741653000.0,7861300000.0,5801268000.0,新型电力,公用事业,电力,风力发电,6.99,5.72,0.0
2018-01-25,9.67,10.11,9.66,9.67,9.71,-0.0400000000000009,-0.41,42003509.0,263747215.00000003,1.568,0.044818,0.056635,1.12,9.0215,11.0348,2.7353,4.3235,1.5804,0.0,,1270000000.0,937200000.0,741653000.0,7835900000.0,5782524000.0,新型电力,公用事业,电力,风力发电,6.81,5.57,0.0
2018-01-26,9.67,9.86,9.58,9.66,9.67,-0.0099999999999997,-0.1,21198190.0,131178384.0,1.568,0.0226189999999999,0.028582,0.52,9.0069,11.0169,2.7309,4.3165,1.5778,0.0,,1270000000.0,937200000.0,741653000.0,7823200000.0,5773152000.0,新型电力,公用事业,电力,风力发电,6.79,5.55,0.0
2018-01-29,9.74,9.85,9.39,9.44,9.66,-0.2200000000000006,-2.28,29002082.0,176544725.0,1.568,0.030945,0.039105,0.7,8.8021,10.7665,2.6688,4.2184,1.5419,0.0,,1270000000.0,937200000.0,741653000.0,7645400000.0,5641944000.0,新型电力,公用事业,电力,风力发电,6.78,5.54,0.0
2018-01-30,9.36,9.44,9.28,9.31,9.44,-0.129999999999999,-1.38,19663737.0,117248600.0,1.568,0.020981,0.026513,0.45,8.6852,10.6234,2.6333,4.1623,1.5214,0.0,,1270000000.0,937200000.0,741653000.0,7543800000.0,5566968000.0,新型电力,公用事业,电力,风力发电,6.62,5.42,0.0
2018-01-31,9.3,9.3,8.94,9.03,9.31,-0.2800000000000011,-3.01,20022610.0,116172513.0,1.568,0.021364,0.026997,0.59,8.422,10.3015,2.5535,4.0362,1.4753,0.0,,1270000000.0,937200000.0,741653000.0,7315200000.0,5398272000.0,新型电力,公用事业,电力,风力发电,6.53,5.35,0.0
2018-02-01,8.94,9.11,8.36,8.5,9.03,-0.5299999999999994,-5.87,26840022.0,149409087.0,1.568,0.028639,0.036189,1.02,7.9249,9.6934,2.4028,3.798,1.3882,0.0,,1270000000.0,937200000.0,741653000.0,6883400000.0,5079624000.0,新型电力,公用事业,电力,风力发电,6.34,5.18,0.0
2018-02-02,8.47,8.66,7.97,8.56,8.5,0.0600000000000005,0.71,16881769.0,90328337.0,1.568,0.0180129999999999,0.0227619999999999,0.72,7.9833,9.765,2.4205,3.826,1.3985,0.0,,1270000000.0,937200000.0,741653000.0,6934200000.0,5117112000.0,新型电力,公用事业,电力,风力发电,5.96,4.88,0.0
2018-02-05,8.39,9.39,8.33,9.02,8.56,0.4599999999999991,5.37,20594282.0,116337200.0,1.568,0.021974,0.027768,0.92,8.4074,10.2836,2.5491,4.0292,1.4728,0.0,,1270000000.0,937200000.0,741653000.0,7302500000.0,5388900000.0,新型电力,公用事业,电力,风力发电,6.01,4.91,0.0
2018-02-06,8.69,9.09,8.64,8.7,9.02,-0.3200000000000003,-3.55,20050551.0,113203975.0,1.568,0.021394,0.027035,0.96,8.1149,9.9259,2.4604,3.889,1.4215,0.0,,1270000000.0,937200000.0,741653000.0,7048500000.0,5201460000.0,新型电力,公用事业,电力,风力发电,6.33,5.18,0.0
2018-02-07,8.97,9.02,8.62,8.84,8.7,0.1400000000000005,1.61,17221751.0,97299591.0,1.568,0.018376,0.023221,0.82,8.2465,10.0869,2.5003,3.9521,1.4446,0.0,,1270000000.0,937200000.0,741653000.0,7162800000.0,5285808000.0,新型电力,公用事业,电力,风力发电,6.11,5.0,0.0
2018-02-08,8.89,9.22,8.83,9.22,8.84,0.3800000000000008,4.3,21896132.0,127071602.0,1.568,0.023363,0.029523,1.08,8.5974,10.5161,2.6067,4.1203,1.5061,0.0,,1270000000.0,937200000.0,741653000.0,7467600000.0,5510736000.0,新型电力,公用事业,电力,风力发电,6.2,5.08,0.0
2018-02-09,9.0,9.16,8.64,8.78,9.22,-0.4400000000000013,-4.77,22456203.0,127431655.0,1.568,0.023961,0.0302789999999999,1.16,8.188,10.0154,2.4826,3.9241,1.4344,0.0,,1270000000.0,937200000.0,741653000.0,7112000000.0,5248320000.0,新型电力,公用事业,电力,风力发电,6.47,5.29,0.0
2018-02-12,8.81,9.66,8.81,9.66,8.78,0.8800000000000008,10.02,57055939.0,346838019.0,1.568,0.060879,0.076931,2.79,9.0069,11.0169,2.7309,4.3165,1.5778,0.0,,1270000000.0,937200000.0,741653000.0,7823200000.0,5773152000.0,新型电力,公用事业,电力,风力发电,6.16,5.04,0.0
2018-02-13,9.8,9.94,9.38,9.39,9.66,-0.2699999999999996,-2.8,40021823.0,243199227.0,1.568,0.042704,0.053963,1.44,8.7583,10.7129,2.6555,4.1974,1.5342,0.0,,1270000000.0,937200000.0,741653000.0,7607300000.0,5613828000.0,新型电力,公用事业,电力,风力发电,6.78,5.54,0.0
2018-02-14,9.41,9.67,9.33,9.61,9.39,0.2199999999999988,2.34,21005314.0,127213866.0,1.568,0.022413,0.028322,0.66,8.963,10.9632,2.7176,4.2955,1.5701,0.0,,1270000000.0,937200000.0,741653000.0,7785100000.0,5745036000.0,新型电力,公用事业,电力,风力发电,6.59,5.39,0.0
2018-02-22,9.69,9.83,9.56,9.6,9.61,-0.0099999999999997,-0.1,26208014.0,161421843.0,1.568,0.027964,0.035337,0.81,8.9484,10.9453,2.7131,4.2885,1.5675,0.0,,1270000000.0,937200000.0,741653000.0,7772400000.0,5735664000.0,新型电力,公用事业,电力,风力发电,6.74,5.52,0.0
2018-02-23,9.6,9.63,9.41,9.63,9.6,0.0300000000000011,0.31,21987956.0,133552420.0,1.568,0.023461,0.029647,0.66,8.9776,10.9811,2.722,4.3025,1.5727,0.0,,1270000000.0,937200000.0,741653000.0,7797800000.0,5754408000.0,新型电力,公用事业,电力,风力发电,6.73,5.51,0.0
2018-02-26,9.69,9.96,9.58,9.91,9.63,0.2799999999999993,2.91,32258618.0,201720741.0,1.568,0.03442,0.043496,0.97,9.2408,11.303,2.8018,4.4286,1.6188,0.0,,1270000000.0,937200000.0,741653000.0,8026400000.0,5923104000.0,新型电力,公用事业,电力,风力发电,6.75,5.53,0.0
2018-02-27,9.83,10.0,9.69,9.78,9.91,-0.1300000000000007,-1.31,23644012.0,148179148.0,1.568,0.025228,0.03188,0.84,9.1238,11.16,2.7663,4.3725,1.5983,0.0,,1270000000.0,937200000.0,741653000.0,7924800000.0,5848128000.0,新型电力,公用事业,电力,风力发电,6.95,5.69,0.0
2018-02-28,9.75,10.6,9.56,10.1,9.78,0.3200000000000003,3.27,40181607.0,256359970.0,1.568,0.0428739999999999,0.054178,1.61,9.4163,11.5177,2.855,4.5127,1.6495,0.0,,1270000000.0,937200000.0,741653000.0,8178800000.0,6035568000.0,新型电力,公用事业,电力,风力发电,6.86,5.62,0.0
2018-03-01,9.94,10.41,9.93,10.22,10.1,0.120000000000001,1.19,34398317.0,224269282.0,1.568,0.036703,0.046381,1.19,9.5332,11.6607,2.8905,4.5688,1.67,0.0,,1270000000.0,937200000.0,741653000.0,8280400000.0,6110544000.0,新型电力,公用事业,电力,风力发电,7.08,5.8,0.0
2018-03-02,10.04,10.3,9.86,9.91,10.22,-0.3100000000000005,-3.03,26970301.0,173700278.0,1.568,0.028778,0.036365,0.88,9.2408,11.303,2.8018,4.4286,1.6188,0.0,,1270000000.0,937200000.0,741653000.0,8026400000.0,5923104000.0,新型电力,公用事业,电力,风力发电,7.17,5.87,0.0
2018-03-05,10.3,10.83,10.16,10.38,9.91,0.4700000000000006,4.74,50547305.0,336958821.0,1.568,0.0539339999999999,0.068155,1.61,9.6794,11.8396,2.9348,4.6388,1.6956,0.0,,1270000000.0,937200000.0,741653000.0,8407400000.0,6204264000.0,新型电力,公用事业,电力,风力发电,6.95,5.69,0.0
2018-03-06,10.46,10.9,10.44,10.74,10.38,0.3599999999999994,3.47,44340900.0,301919079.0,1.568,0.047312,0.059787,1.26,10.0157,12.2509,3.0368,4.8,1.7545,0.0,,1270000000.0,937200000.0,741653000.0,8699500000.0,6419820000.0,新型电力,公用事业,电力,风力发电,7.28,5.96,0.0
2018-03-07,10.74,10.88,10.6,10.74,10.74,0.0,0.0,28403712.0,194569550.0,1.568,0.030307,0.038298,0.72,10.0157,12.2509,3.0368,4.8,1.7545,0.0,,1270000000.0,937200000.0,741653000.0,8699500000.0,6419820000.0,新型电力,公用事业,电力,风力发电,7.54,6.17,0.0
2018-03-08,10.74,10.8,10.46,10.68,10.74,-0.0600000000000005,-0.56,26077830.0,176165941.0,1.568,0.027825,0.035162,0.71,9.9572,12.1794,3.019,4.772,1.7443,0.0,,1270000000.0,937200000.0,741653000.0,8648700000.0,6382332000.0,新型电力,公用事业,电力,风力发电,7.54,6.17,0.0
2018-03-09,10.65,10.88,10.52,10.76,10.68,0.08,0.75,24083262.0,164178012.0,1.568,0.025697,0.032472,0.68,10.0304,12.2688,3.0412,4.807,1.7571,0.0,,1270000000.0,937200000.0,741653000.0,8712200000.0,6429192000.0,新型电力,公用事业,电力,风力发电,7.49,6.13,0.0
2018-03-12,10.79,11.21,10.73,11.04,10.76,0.2799999999999993,2.6,33119399.0,233164800.0,1.568,0.035339,0.044656,0.95,10.2935,12.5907,3.121,4.9331,1.8032,0.0,,1270000000.0,937200000.0,741653000.0,8940800000.0,6597888000.0,新型电力,公用事业,电力,风力发电,7.55,6.17,0.0
2018-03-13,11.05,12.03,11.02,11.51,11.04,0.4700000000000006,4.26,45302027.0,334350353.0,1.568,0.048338,0.061083,1.45,10.7322,13.1273,3.254,5.1434,1.88,0.0,,1270000000.0,937200000.0,741653000.0,9321800000.0,6879048000.0,新型电力,公用事业,电力,风力发电,7.74,6.34,0.0
2018-03-14,11.46,11.71,11.27,11.46,11.51,-0.0499999999999989,-0.43,29945258.0,219211599.0,1.568,0.031952,0.040376,0.95,10.6883,13.0736,3.2407,5.1223,1.8723,0.0,,1270000000.0,937200000.0,741653000.0,9283700000.0,6850932000.0,新型电力,公用事业,电力,风力发电,8.07,6.61,0.0
2018-03-15,11.45,11.79,11.37,11.57,11.46,0.1099999999999994,0.96,31798822.0,234862439.0,1.568,0.0339299999999999,0.042876,1.0,10.7907,13.1988,3.2717,5.1714,1.8903,0.0,,1270000000.0,937200000.0,741653000.0,9372600000.0,6916536000.0,新型电力,公用事业,电力,风力发电,8.04,6.58,0.0
2018-03-16,11.52,11.84,11.42,11.76,11.57,0.1899999999999995,1.64,43155951.0,319441109.0,1.568,0.046048,0.058189,1.31,10.9661,13.4134,3.3249,5.2555,1.921,0.0,,1270000000.0,937200000.0,741653000.0,9525000000.0,7029000000.0,新型电力,公用事业,电力,风力发电,8.12,6.64,0.0
2018-03-19,11.73,11.84,11.24,11.29,11.76,-0.4700000000000006,-4.0,40272301.0,296188369.0,1.568,0.042971,0.054301,1.1,10.5275,12.8769,3.1919,5.0452,1.8442,0.0,,1270000000.0,937200000.0,741653000.0,9144000000.0,6747840000.0,新型电力,公用事业,电力,风力发电,8.25,6.75,0.0
2018-03-20,11.27,11.35,10.9,11.01,11.29,-0.2799999999999993,-2.48,34965802.0,246989389.0,1.568,0.037309,0.047146,0.92,10.2643,12.555,3.1121,4.9191,1.7981,0.0,,1270000000.0,937200000.0,741653000.0,8915400000.0,6579144000.0,新型电力,公用事业,电力,风力发电,7.92,6.48,0.0
2018-03-21,11.13,11.16,10.71,10.73,11.01,-0.2799999999999993,-2.54,25073913.0,175090636.0,1.568,0.0267539999999999,0.033808,0.7,10.0011,12.233,3.0323,4.793,1.752,0.0,,1270000000.0,937200000.0,741653000.0,8686800000.0,6410448000.0,新型电力,公用事业,电力,风力发电,7.72,6.32,0.0
2018-03-22,10.82,10.93,10.54,10.85,10.73,0.1199999999999992,1.12,26267652.0,180251988.0,1.568,0.028028,0.035418,0.75,10.1181,12.3761,3.0678,4.849,1.7725,0.0,,1270000000.0,937200000.0,741653000.0,8788400000.0,6485424000.0,新型电力,公用事业,电力,风力发电,7.52,6.16,0.0
2018-03-23,10.43,10.63,9.89,9.93,10.85,-0.92,-8.48,40923502.0,267642408.0,1.568,0.043666,0.055179,1.21,9.2554,11.3209,2.8062,4.4356,1.6213,0.0,,1270000000.0,937200000.0,741653000.0,8039100000.0,5932476000.0,新型电力,公用事业,电力,风力发电,7.61,6.23,0.0
2018-03-26,9.86,10.35,9.56,10.35,9.93,0.4199999999999999,4.23,30746334.000000004,196104392.0,1.568,0.032807,0.041456,0.92,9.6502,11.8038,2.9259,4.6248,1.6905,0.0,,1270000000.0,937200000.0,741653000.0,8382000000.0,6185520000.0,新型电力,公用事业,电力,风力发电,6.96,5.7,0.0
2018-03-27,10.44,10.76,10.44,10.71,10.35,0.3600000000000012,3.48,27282365.000000004,185055351.0,1.568,0.0291109999999999,0.036786,0.86,9.9865,12.2152,3.0279,4.786,1.7494,0.0,,1270000000.0,937200000.0,741653000.0,8674100000.0,6401076000.0,新型电力,公用事业,电力,风力发电,7.26,5.94,0.0
2018-03-28,10.54,10.66,10.36,10.55,10.71,-0.1600000000000001,-1.49,18850502.0,126652636.0,1.568,0.020114,0.025417,0.63,9.8403,12.0363,2.9836,4.7159,1.7238,0.0,,1270000000.0,937200000.0,741653000.0,8547100000.0,6307356000.0,新型电力,公用事业,电力,风力发电,7.51,6.15,0.0
2018-03-29,10.55,11.2,10.55,11.07,10.55,0.5199999999999996,4.93,28907000.0,201986980.0,1.568,0.030844,0.038976,1.0,10.3228,12.6265,3.1299,4.9471,1.8083,0.0,,1270000000.0,937200000.0,741653000.0,8966200000.0,6616632000.0,新型电力,公用事业,电力,风力发电,7.4,6.06,0.0
2018-03-30,11.21,11.27,10.98,11.18,11.07,0.1099999999999994,0.99,18700955.0,132633804.0,1.568,0.019954,0.025215,0.64,10.4251,12.7517,3.1609,4.9962,1.8262,0.0,,1270000000.0,937200000.0,741653000.0,9055100000.0,6682236000.0,新型电力,公用事业,电力,风力发电,7.77,6.35,0.0
2018-04-02,11.26,11.65,11.15,11.16,11.18,-0.0199999999999995,-0.18,26815631.0,194683306.0,1.568,0.028612,0.036157,1.08,10.4105,12.7338,3.1565,4.9892,1.8237,0.0,,1270000000.0,937200000.0,741653000.0,9042400000.0,6672864000.0,新型电力,公用事业,电力,风力发电,7.84,6.42,0.0
2018-04-03,10.98,10.98,10.71,10.87,11.16,-0.2900000000000009,-2.6,24822166.0,171806290.0,1.568,0.0264849999999999,0.033469,1.03,10.1327,12.394,3.0722,4.8561,1.775,0.0,,1270000000.0,937200000.0,741653000.0,8801100000.0,6494796000.0,新型电力,公用事业,电力,风力发电,7.83,6.41,0.0
2018-04-04,10.88,11.1,10.82,11.02,10.87,0.1500000000000003,1.38,18353081.0,128357868.0,1.568,0.019583,0.024746,0.78,10.2789,12.5728,3.1166,4.9261,1.8006,0.0,,1270000000.0,937200000.0,741653000.0,8928100000.0,6588516000.0,新型电力,公用事业,电力,风力发电,7.62,6.24,0.0
2018-04-09,10.94,11.05,10.77,10.94,11.02,-0.08,-0.73,14694195.000000002,102178791.0,1.568,0.015679,0.019813,0.62,10.2058,12.4834,3.0944,4.8911,1.7878,0.0,,1270000000.0,937200000.0,741653000.0,8864600000.0,6541656000.0,新型电力,公用事业,电力,风力发电,7.73,6.33,0.0
2018-04-10,10.98,11.1,10.87,11.05,10.94,0.1100000000000012,1.01,15232175.0,106731230.0,1.568,0.016253,0.0205379999999999,0.74,10.3082,12.6086,3.1254,4.9401,1.8057,0.0,,1270000000.0,937200000.0,741653000.0,8953500000.0,6607260000.0,新型电力,公用事业,电力,风力发电,7.68,6.28,0.0
2018-04-11,11.09,11.1,10.85,10.91,11.05,-0.1400000000000005,-1.27,14991601.0,105098125.0,1.568,0.015996,0.020214,0.75,10.1766,12.4477,3.0855,4.8771,1.7827,0.0,,1270000000.0,937200000.0,741653000.0,8839200000.0,6522912000.0,新型电力,公用事业,电力,风力发电,7.76,6.35,0.0
2018-04-12,10.79,10.87,10.68,10.74,10.91,-0.1699999999999999,-1.56,13724401.0,94190535.0,1.568,0.0146439999999999,0.018505,0.78,10.0157,12.2509,3.0368,4.8,1.7545,0.0,,1270000000.0,937200000.0,741653000.0,8699500000.0,6419820000.0,新型电力,公用事业,电力,风力发电,7.66,6.26,0.0
2018-04-13,10.79,10.85,10.71,10.74,10.74,0.0,0.0,9534000.0,65580369.00000001,1.568,0.010173,0.012855,0.62,10.0157,12.2509,3.0368,4.8,1.7545,0.0,,1270000000.0,937200000.0,741653000.0,8699500000.0,6419820000.0,新型电力,公用事业,电力,风力发电,7.54,6.17,0.0
2018-04-16,10.8,11.04,10.73,10.96,10.74,0.2200000000000006,2.05,15470901.999999998,107582748.0,1.568,0.016508,0.02086,1.13,10.2204,27.3234,2.9418,4.8981,1.3638,0.0,,1270000000.0,937200000.0,741653000.0,8877300000.0,6551028000.0,新型电力,公用事业,电力,风力发电,7.54,6.17,0.0
2018-04-17,11.01,11.2,10.98,11.02,10.96,0.0599999999999987,0.55,19716606.0,139347167.0,1.568,0.021038,0.026585,1.43,10.2789,27.4798,2.9586,4.9261,1.3716,0.0,,1270000000.0,937200000.0,741653000.0,8928100000.0,6588516000.0,新型电力,公用事业,电力,风力发电,7.69,6.29,0.0
2018-04-18,11.1,11.16,10.55,11.02,11.02,0.0,0.0,24048979.0,166745424.0,1.568,0.02566,0.0324259999999999,1.64,10.2789,27.4798,2.9586,4.9261,1.3716,0.0,,1270000000.0,937200000.0,741653000.0,8928100000.0,6588516000.0,新型电力,公用事业,电力,风力发电,7.73,6.33,0.0
2018-04-19,10.98,11.05,10.88,10.93,11.02,-0.0899999999999998,-0.82,10852521.0,75769697.0,1.568,0.01158,0.014633,0.66,10.1912,27.2452,2.9334,4.8841,1.3599,0.0,,1270000000.0,937200000.0,741653000.0,8851900000.0,6532284000.0,新型电力,公用事业,电力,风力发电,7.73,6.33,0.0
2018-04-20,10.93,10.93,10.58,10.65,10.93,-0.2799999999999993,-2.56,15240410.0,103983191.0,1.568,0.016262,0.0205489999999999,0.96,9.928,26.5416,2.8576,4.758,1.3248,0.0,,1270000000.0,937200000.0,741653000.0,8623300000.0,6363588000.0,新型电力,公用事业,电力,风力发电,7.67,6.27,0.0
2018-04-23,10.52,10.62,10.32,10.43,10.65,-0.2200000000000006,-2.07,14938363.0,99405556.0,1.568,0.015939,0.020142,0.88,9.7233,25.9944,2.7987,4.6598,1.2975,0.0,,1270000000.0,937200000.0,741653000.0,8445500000.0,6232380000.0,新型电力,公用事业,电力,风力发电,7.47,6.11,0.0
2018-04-24,10.46,10.74,10.4,10.65,10.43,0.2200000000000006,2.11,10401550.0,70404843.0,1.568,0.011099,0.014025,0.61,9.928,26.5416,2.8576,4.758,1.3248,0.0,,1270000000.0,937200000.0,741653000.0,8623300000.0,6363588000.0,新型电力,公用事业,电力,风力发电,7.32,5.99,0.0
2018-04-25,10.57,10.74,10.54,10.62,10.65,-0.0300000000000011,-0.28,10079712.0,68212021.0,1.568,0.0107549999999999,0.0135909999999999,0.67,9.8988,26.4634,2.8492,4.7439,1.3209,0.0,,1270000000.0,937200000.0,741653000.0,8597900000.0,6344844000.0,新型电力,公用事业,电力,风力发电,7.47,6.11,0.0
2018-04-26,10.54,10.66,10.41,10.43,10.62,-0.1899999999999995,-1.79,10490100.0,70190629.0,1.568,0.011193,0.014144,0.85,9.7233,25.9944,2.7987,4.6598,1.2975,0.0,,1270000000.0,937200000.0,741653000.0,8445500000.0,6232380000.0,新型电力,公用事业,电力,风力发电,7.45,6.09,0.0
2018-04-27,10.47,10.52,10.3,10.49,10.43,0.0600000000000005,0.58,8517021.0,56580392.0,1.568,0.009088,0.011484,0.7,9.7818,26.1507,2.8155,4.6879,1.3053,0.0,,1270000000.0,937200000.0,741653000.0,8496300000.0,6269868000.0,新型电力,公用事业,电力,风力发电,7.32,5.99,0.0
2018-05-02,10.54,10.54,10.32,10.35,10.49,-0.1400000000000005,-1.33,8965000.0,59558027.0,1.568,0.009566,0.012088,0.82,25.7989,22.6376,2.7139,1.2877,1.2057,0.0,,1270000000.0,937200000.0,741653000.0,8382000000.0,6185520000.0,新型电力,公用事业,电力,风力发电,7.36,6.02,0.0
2018-05-03,10.35,10.36,9.91,10.33,10.35,-0.0199999999999995,-0.19,13373322.0,86438039.0,1.568,0.014269,0.018032,1.38,25.7598,22.6033,2.7098,1.2858,1.2039,0.0,,1270000000.0,937200000.0,741653000.0,8369300000.0,6176148000.0,新型电力,公用事业,电力,风力发电,7.26,5.94,0.0
2018-05-04,10.3,10.6,10.22,10.44,10.33,0.1099999999999994,1.06,11430500.0,75868686.0,1.568,0.012196,0.0154119999999999,1.11,26.0335,22.8434,2.7386,1.2994,1.2167,0.0,,1270000000.0,937200000.0,741653000.0,8458200000.0,6241752000.0,新型电力,公用事业,电力,风力发电,7.25,5.93,0.0
2018-05-07,10.47,10.77,10.43,10.65,10.44,0.2100000000000008,2.01,13953020.000000002,94925436.0,1.568,0.0148879999999999,0.018813,1.32,26.5416,23.2893,2.792,1.3248,1.2405,0.0,,1270000000.0,937200000.0,741653000.0,8623300000.0,6363588000.0,新型电力,公用事业,电力,风力发电,7.33,5.99,0.0
2018-05-08,10.68,10.82,10.55,10.68,10.65,0.0299999999999993,0.28,9596900.0,65396424.0,1.568,0.01024,0.01294,0.85,26.6198,23.3579,2.8003,1.3287,1.2441,0.0,,1270000000.0,937200000.0,741653000.0,8648700000.0,6382332000.0,新型电力,公用事业,电力,风力发电,7.47,6.11,0.0
2018-05-09,10.68,10.76,10.55,10.69,10.68,0.0099999999999997,0.09,7140000.999999999,48517760.0,1.568,0.007618,0.009627,0.62,26.6589,23.3922,2.8044,1.3307,1.2459,0.0,,1270000000.0,937200000.0,741653000.0,8661400000.0,6391704000.0,新型电力,公用事业,电力,风力发电,7.49,6.13,0.0
2018-05-10,10.73,10.77,10.65,10.73,10.69,0.0400000000000009,0.37,6535102.0,44627482.0,1.568,0.006973,0.008812,0.59,26.7371,23.4608,2.8126,1.3346,1.2496,0.0,,1270000000.0,937200000.0,741653000.0,8686800000.0,6410448000.0,新型电力,公用事业,电力,风力发电,7.5,6.14,0.0
2018-05-11,10.73,10.76,10.54,10.57,10.73,-0.1600000000000001,-1.49,8753303.0,59260083.0,1.568,0.00934,0.011802,0.9,26.3462,23.1178,2.7715,1.315,1.2313,0.0,,1270000000.0,937200000.0,741653000.0,8559800000.0,6316728000.0,新型电力,公用事业,电力,风力发电,7.52,6.16,0.0
2018-05-14,10.57,11.54,10.57,11.23,10.57,0.6600000000000001,6.24,36612868.0,258930420.0,1.568,0.039066,0.049367,3.98,27.9879,24.5583,2.9442,1.397,1.308,0.0,,1270000000.0,937200000.0,741653000.0,9093200000.0,6710352000.0,新型电力,公用事业,电力,风力发电,7.41,6.07,0.0
2018-05-15,11.23,11.32,10.96,11.13,11.23,-0.0999999999999996,-0.89,17815701.0,126154807.0,1.568,0.019009,0.024022,1.3,27.7534,24.3525,2.9195,1.3853,1.2971,0.0,,1270000000.0,937200000.0,741653000.0,9017000000.0,6654120000.0,新型电力,公用事业,电力,风力发电,7.88,6.44,0.0
2018-05-16,11.09,11.2,10.96,11.01,11.13,-0.120000000000001,-1.08,12385100.0,87578308.0,1.568,0.013215,0.016699,0.81,27.4407,24.0782,2.8866,1.3697,1.2825,0.0,,1270000000.0,937200000.0,741653000.0,8915400000.0,6579144000.0,新型电力,公用事业,电力,风力发电,7.81,6.39,0.0
2018-05-17,10.96,11.07,10.85,10.99,11.01,-0.0199999999999995,-0.18,8503317.0,59516150.0,1.568,0.009073,0.011465,0.52,27.4016,24.0439,2.8825,1.3677,1.2806,0.0,,1270000000.0,937200000.0,741653000.0,8902700000.0,6569772000.0,新型电力,公用事业,电力,风力发电,7.72,6.32,0.0
2018-05-18,10.98,11.04,10.88,11.02,10.99,0.0299999999999993,0.27,6367100.0,44555744.0,1.568,0.006794,0.008585,0.38,27.4798,24.1125,2.8907,1.3716,1.2843,0.0,,1270000000.0,937200000.0,741653000.0,8928100000.0,6588516000.0,新型电力,公用事业,电力,风力发电,7.71,6.31,0.0
2018-05-21,11.05,11.16,11.01,11.01,11.02,-0.0099999999999997,-0.09,13965253.0,98677207.0,1.568,0.014901,0.01883,0.85,27.4407,24.0782,2.8866,1.3697,1.2825,0.0,,1270000000.0,937200000.0,741653000.0,8915400000.0,6579144000.0,新型电力,公用事业,电力,风力发电,7.73,6.33,0.0
2018-05-22,11.02,11.73,10.98,11.31,11.01,0.3000000000000007,2.72,25049221.0,181043520.0,1.568,0.026728,0.033775,2.12,28.1834,24.7298,2.9648,1.4067,1.3172,0.0,,1270000000.0,937200000.0,741653000.0,9156700000.0,6757212000.0,新型电力,公用事业,电力,风力发电,7.72,6.32,0.0
2018-05-23,11.32,11.46,11.18,11.2,11.31,-0.1100000000000012,-0.97,15510601.0,111882679.0,1.568,0.01655,0.020914,1.17,27.9098,24.4897,2.936,1.3931,1.3044,0.0,,1270000000.0,937200000.0,741653000.0,9067800000.0,6691608000.0,新型电力,公用事业,电力,风力发电,7.93,6.49,0.0
2018-05-24,11.13,11.29,10.87,10.91,11.2,-0.2899999999999991,-2.59,16796800.0,118627137.0,1.568,0.017922,0.022648,1.21,27.2061,23.8724,2.862,1.358,1.2715,0.0,,1270000000.0,937200000.0,741653000.0,8839200000.0,6522912000.0,新型电力,公用事业,电力,风力发电,7.85,6.43,0.0
2018-05-25,10.9,11.01,10.82,10.87,10.91,-0.0400000000000009,-0.37,10242850.0,71212554.0,1.568,0.010929,0.013811,0.66,27.0889,23.7695,2.8496,1.3521,1.266,0.0,,1270000000.0,937200000.0,741653000.0,8801100000.0,6494796000.0,新型电力,公用事业,电力,风力发电,7.66,6.26,0.0
2018-05-28,10.87,10.87,10.6,10.65,10.87,-0.2199999999999988,-2.02,10202620.0,69809560.0,1.568,0.010886,0.0137569999999999,0.63,26.5416,23.2893,2.792,1.3248,1.2405,0.0,,1270000000.0,937200000.0,741653000.0,8623300000.0,6363588000.0,新型电力,公用事业,电力,风力发电,7.62,6.24,0.0
2018-05-29,10.66,10.94,10.65,10.74,10.65,0.0899999999999998,0.85,10970187.0,75359058.0,1.568,0.011705,0.014792,0.71,26.7762,23.4951,2.8167,1.3365,1.2514,0.0,,1270000000.0,937200000.0,741653000.0,8699500000.0,6419820000.0,新型电力,公用事业,电力,风力发电,7.47,6.11,0.0
2018-05-30,10.65,10.66,10.14,10.14,10.74,-0.5999999999999996,-5.59,17484674.0,116185531.0,1.568,0.018656,0.023575,1.37,25.2908,22.1917,2.6605,1.2624,1.182,0.0,,1270000000.0,937200000.0,741653000.0,8216900000.0,6063684000.0,新型电力,公用事业,电力,风力发电,7.54,6.17,0.0
2018-05-31,10.22,10.35,10.14,10.19,10.14,0.0499999999999989,0.49,9418051.0,61589085.0,1.568,0.0100489999999999,0.012699,0.72,25.408,22.2946,2.6728,1.2682,1.1875,0.0,,1270000000.0,937200000.0,741653000.0,8255000000.0,6091800000.0,新型电力,公用事业,电力,风力发电,7.12,5.82,0.0
2018-06-01,10.19,10.41,10.08,10.29,10.19,0.0999999999999996,0.98,7033710.000000001,45911061.0,1.568,0.0075049999999999,0.009484,0.6,25.6426,22.5004,2.6975,1.2799,1.1984,0.0,,1270000000.0,937200000.0,741653000.0,8331200000.0,6148032000.0,新型电力,公用事业,电力,风力发电,7.15,5.85,0.0
2018-06-04,10.22,10.54,10.22,10.36,10.29,0.0700000000000002,0.68,7361941.0,48840252.0,1.568,0.007855,0.009926,0.67,25.838,22.6719,2.718,1.2897,1.2076,0.0,,1270000000.0,937200000.0,741653000.0,8394700000.0,6194892000.0,新型电力,公用事业,电力,风力发电,7.22,5.9,0.0
2018-06-05,10.43,10.57,10.38,10.54,10.36,0.1799999999999997,1.74,6245171.0,41753199.0,1.568,0.006664,0.008421,0.6,26.268,23.0492,2.7633,1.3111,1.2277,0.0,,1270000000.0,937200000.0,741653000.0,8534400000.0,6297984000.0,新型电力,公用事业,电力,风力发电,7.27,5.95,0.0
2018-06-06,10.51,10.82,10.51,10.79,10.54,0.25,2.37,11680298.0,79484579.0,1.568,0.012463,0.015749,1.23,26.8934,23.598,2.8291,1.3424,1.2569,0.0,,1270000000.0,937200000.0,741653000.0,8737600000.0,6447936000.0,新型电力,公用事业,电力,风力发电,7.39,6.05,0.0
2018-06-07,10.88,11.2,10.79,11.12,10.79,0.33,3.06,22536249.0,158681011.0,1.568,0.0240459999999999,0.030387,2.7,27.7143,24.3182,2.9154,1.3833,1.2953,0.0,,1270000000.0,937200000.0,741653000.0,9004300000.0,6644748000.0,新型电力,公用事业,电力,风力发电,7.57,6.19,0.0
2018-06-08,10.99,11.15,10.66,10.79,11.12,-0.33,-2.97,14849326.999999998,103059857.0,1.568,0.015844,0.020022,1.35,26.8934,23.598,2.8291,1.3424,1.2569,0.0,,1270000000.0,937200000.0,741653000.0,8737600000.0,6447936000.0,新型电力,公用事业,电力,风力发电,7.8,6.38,0.0
2018-06-11,10.74,10.88,10.62,10.65,10.79,-0.1399999999999988,-1.3,8963442.0,61431908.0,1.568,0.009564,0.012086,0.72,26.5416,23.2893,2.792,1.3248,1.2405,0.0,,1270000000.0,937200000.0,741653000.0,8623300000.0,6363588000.0,新型电力,公用事业,电力,风力发电,7.57,6.19,0.0
2018-06-12,10.68,10.76,10.46,10.71,10.65,0.0600000000000005,0.56,10559900.0,71691590.0,1.568,0.011267,0.0142379999999999,0.82,26.698,23.4265,2.8085,1.3326,1.2478,0.0,,1270000000.0,937200000.0,741653000.0,8674100000.0,6401076000.0,新型电力,公用事业,电力,风力发电,7.47,6.11,0.0
2018-06-13,10.63,10.76,10.38,10.47,10.71,-0.2400000000000002,-2.24,8593174.0,57863906.0,1.568,0.009169,0.011587,0.63,26.1116,22.912,2.7468,1.3033,1.2204,0.0,,1270000000.0,937200000.0,741653000.0,8483600000.0,6260496000.0,新型电力,公用事业,电力,风力发电,7.51,6.15,0.0
2018-06-15,10.98,11.38,10.52,10.52,10.47,0.0499999999999989,0.48,39201222.0,272625679.0,1.568,0.041828,0.052857,2.99,26.2289,23.0149,2.7592,1.3092,1.2258,0.0,,1270000000.0,937200000.0,741653000.0,8521700000.0,6288612000.0,新型电力,公用事业,电力,风力发电,7.35,6.01,0.0
2018-06-19,9.89,10.43,9.47,9.47,10.52,-1.049999999999999,-9.98,33636398.0,212604839.0,1.568,0.03589,0.045353,2.05,23.6099,20.7168,2.4836,1.1785,1.1034,0.0,,1270000000.0,937200000.0,741653000.0,7670800000.0,5660688000.0,新型电力,公用事业,电力,风力发电,7.38,6.04,0.0
2018-06-20,9.5,9.64,9.09,9.52,9.47,0.0499999999999989,0.53,21267427.0,127726834.0,1.568,0.0226929999999999,0.028676,1.05,23.7272,20.8197,2.496,1.1843,1.1089,0.0,,1270000000.0,937200000.0,741653000.0,7708900000.0,5688804000.0,新型电力,公用事业,电力,风力发电,6.64,5.44,0.0
2018-06-21,9.52,9.53,8.62,8.87,9.52,-0.6500000000000004,-6.83,20564083.0,120041592.0,1.568,0.021942,0.0277269999999999,0.91,22.1245,19.4134,2.3274,1.1043,1.034,0.0,,1270000000.0,937200000.0,741653000.0,7188200000.0,5304552000.0,新型电力,公用事业,电力,风力发电,6.68,5.46,0.0
2018-06-22,8.64,9.19,8.64,9.17,8.87,0.3000000000000007,3.38,15128116.0,86675357.0,1.568,0.016142,0.020398,0.61,22.8672,20.0651,2.4055,1.1414,1.0687,0.0,,1270000000.0,937200000.0,741653000.0,7429500000.0,5482620000.0,新型电力,公用事业,电力,风力发电,6.23,5.09,0.0
2018-06-25,9.16,9.39,8.94,8.97,9.17,-0.1999999999999993,-2.18,13206310.0,76845806.0,1.568,0.014091,0.017807,0.51,22.3591,19.6192,2.3521,1.116,1.045,0.0,,1270000000.0,937200000.0,741653000.0,7264400000.0,5360784000.0,新型电力,公用事业,电力,风力发电,6.44,5.27,0.0
2018-06-26,8.8,9.02,8.59,8.95,8.97,-0.0200000000000013,-0.22,16157340.0,90357148.0,1.568,0.01724,0.021786,0.78,22.32,19.5849,2.348,1.1141,1.0432,0.0,,1270000000.0,937200000.0,741653000.0,7251700000.0,5351412000.0,新型电力,公用事业,电力,风力发电,6.29,5.15,0.0
2018-06-27,9.16,9.24,8.69,8.83,8.95,-0.1199999999999992,-1.34,12514913.0,71543765.0,1.568,0.013354,0.016874,0.72,22.0073,19.3105,2.3151,1.0985,1.0285,0.0,,1270000000.0,937200000.0,741653000.0,7150100000.0,5276436000.0,新型电力,公用事业,电力,风力发电,6.28,5.14,0.0
2018-06-28,8.77,8.89,8.64,8.7,8.83,-0.1300000000000007,-1.47,9699079.0,54343401.0,1.568,0.0103489999999999,0.013078,0.63,21.6946,19.0361,2.2822,1.0829,1.0139,0.0,,1270000000.0,937200000.0,741653000.0,7048500000.0,5201460000.0,新型电力,公用事业,电力,风力发电,6.19,5.07,0.0
2018-06-29,8.61,8.91,8.39,8.8,8.7,0.1000000000000014,1.15,15151901.0,83926205.0,1.568,0.016167,0.02043,1.14,21.9291,19.2419,2.3068,1.0946,1.0249,0.0,,1270000000.0,937200000.0,741653000.0,7124700000.0,5257692000.0,新型电力,公用事业,电力,风力发电,6.11,5.0,0.0
2018-07-02,8.75,8.8,8.33,8.44,8.8,-0.3600000000000012,-4.09,12049401.0,65756244.00000001,1.568,0.012857,0.016247,0.9,21.03,18.4531,2.2123,1.0497,0.9829,0.0,,1270000000.0,937200000.0,741653000.0,6832600000.0,5042136000.0,新型电力,公用事业,电力,风力发电,6.17,5.05,0.0
2018-07-03,8.47,8.55,8.18,8.47,8.44,0.0300000000000011,0.36,8602108.0,46138071.0,1.568,0.009179,0.011599,0.66,21.1082,18.5217,2.2205,1.0536,0.9865,0.0,,1270000000.0,937200000.0,741653000.0,6858000000.0,5060880000.0,新型电力,公用事业,电力,风力发电,5.92,4.84,0.0
2018-07-04,8.4,8.47,8.14,8.14,8.47,-0.33,-3.9,9208700.0,48518331.0,1.568,0.009826,0.012416,0.79,20.2873,17.8014,2.1341,1.0126,0.9482,0.0,,1270000000.0,937200000.0,741653000.0,6591300000.0,4864068000.0,新型电力,公用事业,电力,风力发电,5.94,4.86,0.0
2018-07-05,8.14,8.2,7.68,7.76,8.14,-0.3800000000000008,-4.67,14340010.0,72630737.0,1.568,0.015301,0.019335,1.31,19.3492,16.9782,2.0354,0.9658,0.9043,0.0,,1270000000.0,937200000.0,741653000.0,6286500000.0,4639140000.0,新型电力,公用事业,电力,风力发电,5.71,4.67,0.0
2018-07-06,7.71,7.84,7.32,7.75,7.76,-0.0099999999999997,-0.13,19305910.0,94005241.0,1.568,0.0206,0.026031,1.63,19.3101,16.9439,2.0313,0.9638,0.9025,0.0,,1270000000.0,937200000.0,741653000.0,6273800000.0,4629768000.0,新型电力,公用事业,电力,风力发电,5.45,4.46,0.0
2018-07-09,7.78,7.93,7.71,7.92,7.75,0.1699999999999999,2.19,9858039.0,49335543.0,1.568,0.010519,0.013292,0.78,19.7401,17.3212,2.0766,0.9853,0.9226,0.0,,1270000000.0,937200000.0,741653000.0,6413500000.0,4732860000.0,新型电力,公用事业,电力,风力发电,5.43,4.45,0.0
2018-07-10,7.92,8.06,7.84,7.98,7.92,0.0600000000000005,0.76,7853600.999999999,39769033.0,1.568,0.00838,0.010589,0.64,19.8964,17.4584,2.093,0.9931,0.9299,0.0,,1270000000.0,937200000.0,741653000.0,6464300000.0,4770348000.0,新型电力,公用事业,电力,风力发电,5.56,4.55,0.0
2018-07-11,7.86,7.87,7.62,7.73,7.98,-0.25,-3.13,8626122.0,42642582.0,1.568,0.009204,0.011631,0.71,19.271,16.9096,2.0272,0.9619,0.9007,0.0,,1270000000.0,937200000.0,741653000.0,6261100000.0,4620396000.0,新型电力,公用事业,电力,风力发电,5.6,4.58,0.0
2018-07-12,7.79,8.01,7.75,7.98,7.73,0.25,3.23,11881410.0,60019856.0,1.568,0.012678,0.01602,0.99,19.8964,17.4584,2.093,0.9931,0.9299,0.0,,1270000000.0,937200000.0,741653000.0,6464300000.0,4770348000.0,新型电力,公用事业,电力,风力发电,5.42,4.44,0.0
2018-07-13,7.97,8.0,7.87,7.9,7.98,-0.08,-1.0,6995322.0,35409409.0,1.568,0.0074639999999999,0.009432,0.61,19.701,17.2869,2.0724,0.9834,0.9208,0.0,,1270000000.0,937200000.0,741653000.0,6400800000.0,4723488000.0,新型电力,公用事业,电力,风力发电,5.6,4.58,0.0
2018-07-16,7.78,7.78,7.53,7.73,7.9,-0.1699999999999999,-2.15,11590622.0,56541109.0,1.568,0.012367,0.015628,1.28,19.271,16.9096,2.0272,0.9619,0.9007,0.0,,1270000000.0,937200000.0,741653000.0,6261100000.0,4620396000.0,新型电力,公用事业,电力,风力发电,5.54,4.54,0.0
2018-07-17,7.76,7.9,7.68,7.89,7.73,0.1599999999999992,2.07,8946430.0,44436459.0,1.568,0.009546,0.0120629999999999,0.95,19.6619,17.2526,2.0683,0.9814,0.9189,0.0,,1270000000.0,937200000.0,741653000.0,6388100000.0,4714116000.0,新型电力,公用事业,电力,风力发电,5.42,4.44,0.0
2018-07-18,7.9,7.95,7.79,7.84,7.89,-0.0499999999999998,-0.63,7690400.0,38538483.0,1.568,0.008206,0.010369,0.8,19.5446,17.1497,2.056,0.9756,0.9134,0.0,,1270000000.0,937200000.0,741653000.0,6350000000.0,4686000000.0,新型电力,公用事业,电力,风力发电,5.53,4.53,0.0
2018-07-19,7.81,7.82,7.51,7.54,7.84,-0.2999999999999998,-3.83,9570101.0,46542736.0,1.568,0.010211,0.012904,1.02,18.8019,16.498,1.9779,0.9385,0.8787,0.0,,1270000000.0,937200000.0,741653000.0,6108700000.0,4507932000.0,新型电力,公用事业,电力,风力发电,5.5,4.5,0.0
2018-07-20,7.59,7.68,7.43,7.65,7.54,0.1100000000000003,1.46,7461710.000000001,35999804.0,1.568,0.007962,0.010061,0.83,19.0756,16.7381,2.0067,0.9521,0.8915,0.0,,1270000000.0,937200000.0,741653000.0,6197600000.0,4573536000.0,新型电力,公用事业,电力,风力发电,5.29,4.33,0.0
2018-07-23,7.6,7.81,7.59,7.71,7.65,0.0599999999999996,0.78,8826301.0,43488617.0,1.568,0.009418,0.011901,0.98,19.2319,16.8753,2.0231,0.9599,0.8988,0.0,,1270000000.0,937200000.0,741653000.0,6248400000.0,4611024000.0,新型电力,公用事业,电力,风力发电,5.37,4.39,0.0
2018-07-24,7.71,8.03,7.71,7.9,7.71,0.1900000000000004,2.46,15117101.0,76234413.0,1.568,0.01613,0.020383,1.78,19.701,17.2869,2.0724,0.9834,0.9208,0.0,,1270000000.0,937200000.0,741653000.0,6400800000.0,4723488000.0,新型电力,公用事业,电力,风力发电,5.41,4.43,0.0
2018-07-25,7.95,8.69,7.87,8.69,7.9,0.7899999999999991,10.0,46045624.0,251446880.0,1.568,0.049131,0.062085,4.73,21.6555,19.0018,2.278,1.0809,1.0121,0.0,,1270000000.0,937200000.0,741653000.0,7035800000.0,5192088000.0,新型电力,公用事业,电力,风力发电,5.54,4.54,0.0
2018-07-26,8.56,8.75,8.36,8.37,8.69,-0.3200000000000003,-3.68,28583936.0,155341091.0,1.568,0.030499,0.038541,1.64,20.8737,18.3159,2.1958,1.0419,0.9756,0.0,,1270000000.0,937200000.0,741653000.0,6781800000.0,5004648000.0,新型电力,公用事业,电力,风力发电,6.09,4.99,0.0
2018-07-27,8.42,8.44,8.17,8.18,8.37,-0.1899999999999995,-2.27,13311500.0,70193396.0,1.568,0.0142029999999999,0.017948,0.63,20.4046,17.9043,2.1465,1.0185,0.9536,0.0,,1270000000.0,937200000.0,741653000.0,6629400000.0,4892184000.0,新型电力,公用事业,电力,风力发电,5.87,4.81,0.0
2018-07-30,8.18,8.33,8.11,8.2,8.18,0.0199999999999995,0.24,12080800.0,63219209.0,1.568,0.0128899999999999,0.016289,0.54,20.4437,17.9386,2.1506,1.0204,0.9555,0.0,,1270000000.0,937200000.0,741653000.0,6642100000.0,4901556000.0,新型电力,公用事业,电力,风力发电,5.74,4.7,0.0
2018-07-31,8.22,8.47,8.18,8.25,8.2,0.0500000000000007,0.61,12187813.0,64491770.0,1.568,0.013004,0.016433,0.53,20.561,18.0415,2.1629,1.0263,0.9609,0.0,,1270000000.0,937200000.0,741653000.0,6680200000.0,4929672000.0,新型电力,公用事业,电力,风力发电,5.75,4.71,0.0
2018-08-01,8.29,8.36,8.06,8.09,8.25,-0.1600000000000001,-1.94,10634825.0,55508627.0,1.568,0.011347,0.014339,0.47,20.1701,17.6985,2.1218,1.0068,0.9427,0.0,,1270000000.0,937200000.0,741653000.0,6553200000.0,4835952000.0,新型电力,公用事业,电力,风力发电,5.79,4.73,0.0
2018-08-02,8.08,8.08,7.54,7.7,8.09,-0.3899999999999997,-4.82,15862703.0,78565431.0,1.568,0.016926,0.0213879999999999,1.03,19.1928,16.841,2.019,0.958,0.897,0.0,,1270000000.0,937200000.0,741653000.0,6235700000.0,4601652000.0,新型电力,公用事业,电力,风力发电,5.68,4.64,0.0
2018-08-03,7.71,7.79,7.64,7.65,7.7,-0.0499999999999998,-0.65,8170888.0,40116095.0,1.568,0.008718,0.0110169999999999,0.64,19.0756,16.7381,2.0067,0.9521,0.8915,0.0,,1270000000.0,937200000.0,741653000.0,6197600000.0,4573536000.0,新型电力,公用事业,电力,风力发电,5.4,4.42,0.0
2018-08-06,7.84,8.08,7.67,7.7,7.65,0.0499999999999998,0.65,14669601.0,73346756.0,1.568,0.015653,0.01978,1.24,19.1928,16.841,2.019,0.958,0.897,0.0,,1270000000.0,937200000.0,741653000.0,6235700000.0,4601652000.0,新型电力,公用事业,电力,风力发电,5.37,4.39,0.0
2018-08-07,7.6,8.12,7.6,8.04,7.7,0.3399999999999989,4.42,17086789.0,86261886.0,1.568,0.0182319999999999,0.023039,1.39,20.0528,17.5956,2.1095,1.0009,0.9372,0.0,,1270000000.0,937200000.0,741653000.0,6515100000.0,4807836000.0,新型电力,公用事业,电力,风力发电,5.4,4.42,0.0
2018-08-08,7.92,8.0,7.82,7.82,8.04,-0.2199999999999988,-2.74,11591567.0,58378006.0,1.568,0.0123679999999999,0.015629,0.87,19.5056,23.0308,2.0777,0.9736,0.9288,0.0,,1270000000.0,937200000.0,741653000.0,6337300000.0,4676628000.0,新型电力,公用事业,电力,风力发电,5.64,4.62,0.0
2018-08-09,7.82,8.0,7.73,7.97,7.82,0.1499999999999994,1.92,11759697.0,59418054.0,1.568,0.0125479999999999,0.015856,0.87,19.8574,23.4462,2.1152,0.9912,0.9455,0.0,,1270000000.0,937200000.0,741653000.0,6451600000.0,4760976000.0,新型电力,公用事业,电力,风力发电,5.49,4.49,0.0
2018-08-10,7.95,8.18,7.87,8.03,7.97,0.0599999999999996,0.75,12407522.0,63598561.0,1.568,0.013239,0.01673,0.98,20.0137,23.6308,2.1319,0.999,0.953,0.0,,1270000000.0,937200000.0,741653000.0,6502400000.0,4798464000.0,新型电力,公用事业,电力,风力发电,5.59,4.57,0.0
2018-08-13,7.92,7.92,7.73,7.87,8.03,-0.1599999999999992,-1.99,8418035.0,42036330.0,1.568,0.008982,0.01135,0.62,19.6228,23.1693,2.0902,0.9795,0.9344,0.0,,1270000000.0,937200000.0,741653000.0,6375400000.0,4704744000.0,新型电力,公用事业,电力,风力发电,5.63,4.61,0.0
2018-08-14,7.87,7.95,7.76,7.84,7.87,-0.0300000000000002,-0.38,5009700.0,25071127.0,1.568,0.005345,0.006755,0.41,19.5446,23.077,2.0819,0.9756,0.9306,0.0,,1270000000.0,937200000.0,741653000.0,6350000000.0,4686000000.0,新型电力,公用事业,电力,风力发电,5.52,4.52,0.0
2018-08-15,7.84,7.86,7.64,7.65,7.84,-0.1899999999999995,-2.42,5523900.0,27222211.0,1.568,0.005894,0.007448,0.56,19.0756,22.5231,2.0319,0.9521,0.9083,0.0,,1270000000.0,937200000.0,741653000.0,6197600000.0,4573536000.0,新型电力,公用事业,电力,风力发电,5.5,4.5,0.0
2018-08-16,7.56,7.7,7.37,7.59,7.65,-0.0600000000000005,-0.78,5181200.0,24952820.0,1.5677,0.005528,0.006986,0.6,18.9192,22.3385,2.0153,0.9443,0.9009,0.0,,1270000000.0,937200000.0,741653000.0,6146800000.0,4536048000.0,新型电力,公用事业,电力,风力发电,5.37,4.39,0.0
2018-08-17,7.63,7.7,7.43,7.48,7.59,-0.1099999999999994,-1.45,4195100.0,20193894.0,1.5677,0.004476,0.005656,0.57,18.6456,22.0154,1.9861,0.9307,0.8878,0.0,,1270000000.0,937200000.0,741653000.0,6057900000.0,4470444000.0,新型电力,公用事业,电力,风力发电,5.32,4.36,0.0
2018-08-20,7.51,7.54,7.35,7.48,7.48,0.0,0.0,5096801.0,24193780.0,1.5677,0.0054379999999999,0.006872,0.9,18.6456,22.0154,1.9861,0.9307,0.8878,0.0,,1270000000.0,937200000.0,741653000.0,6057900000.0,4470444000.0,新型电力,公用事业,电力,风力发电,5.25,4.29,0.0
2018-08-21,7.48,7.62,7.45,7.59,7.48,0.1099999999999994,1.47,5247410.0,25254267.0,1.5677,0.005599,0.007075,1.05,18.9192,22.3385,2.0153,0.9443,0.9009,0.0,,1270000000.0,937200000.0,741653000.0,6146800000.0,4536048000.0,新型电力,公用事业,电力,风力发电,5.25,4.29,0.0
2018-08-22,7.57,7.6,7.49,7.51,7.59,-0.08,-1.05,3328574.0,15984100.0,1.5677,0.003552,0.004488,0.66,18.7238,22.1077,1.9945,0.9346,0.8916,0.0,,1270000000.0,937200000.0,741653000.0,6083300000.0,4489188000.0,新型电力,公用事业,电力,风力发电,5.32,4.36,0.0
2018-08-23,7.54,7.57,7.48,7.54,7.51,0.0300000000000002,0.4,2944661.0,14148103.0,1.5677,0.003142,0.00397,0.64,18.8019,22.2,2.0028,0.9385,0.8953,0.0,,1270000000.0,937200000.0,741653000.0,6108700000.0,4507932000.0,新型电力,公用事业,电力,风力发电,5.27,4.31,0.0
2018-08-24,7.68,8.0,7.63,7.63,7.54,0.0899999999999998,1.19,14590332.0,72537751.0,1.5677,0.015568,0.019673,3.51,19.0365,22.477,2.0278,0.9502,0.9065,0.0,,1270000000.0,937200000.0,741653000.0,6184900000.0,4564164000.0,新型电力,公用事业,电力,风力发电,5.29,4.33,0.0
2018-08-27,7.57,7.78,7.54,7.78,7.63,0.1500000000000003,1.97,7825991.0,38410009.0,1.5677,0.00835,0.0105519999999999,1.25,19.3883,22.8924,2.0652,0.9677,0.9232,0.0,,1270000000.0,937200000.0,741653000.0,6299200000.0,4648512000.0,新型电力,公用事业,电力,风力发电,5.36,4.38,0.0
2018-08-28,7.75,7.92,7.73,7.9,7.78,0.1200000000000001,1.54,8606476.0,43069384.0,1.568,0.009183,0.011604,1.27,19.701,23.2616,2.0985,0.9834,0.9381,0.0,,1270000000.0,937200000.0,741653000.0,6400800000.0,4723488000.0,新型电力,公用事业,电力,风力发电,5.46,4.46,0.0
2018-08-29,7.92,7.93,7.76,7.79,7.9,-0.1100000000000003,-1.39,5345524.0,26706877.0,1.568,0.005704,0.007208,0.72,19.4274,22.9385,2.0694,0.9697,0.9251,0.0,,1270000000.0,937200000.0,741653000.0,6311900000.0,4657884000.0,新型电力,公用事业,电力,风力发电,5.54,4.54,0.0
2018-08-30,7.73,7.79,7.64,7.64,7.79,-0.1500000000000003,-1.93,3493700.0,17143865.0,1.568,0.003728,0.004711,0.44,19.0365,22.477,2.0278,0.9502,0.9065,0.0,,1270000000.0,937200000.0,741653000.0,6184900000.0,4564164000.0,新型电力,公用事业,电力,风力发电,5.47,4.47,0.0
2018-08-31,7.65,7.7,7.56,7.6,7.64,-0.04,-0.52,2821700.0,13695932.0,1.568,0.003011,0.003805,0.35,18.9583,22.3847,2.0194,0.9463,0.9027,0.0,,1270000000.0,937200000.0,741653000.0,6159500000.0,4545420000.0,新型电力,公用事业,电力,风力发电,5.36,4.38,0.0
2018-09-03,7.57,7.7,7.5,7.6,7.6,0.0,0.0,3281501.9999999995,15898785.0,1.568,0.003501,0.004425,0.58,18.9583,22.3847,2.0194,0.9463,0.9027,0.0,,1270000000.0,937200000.0,741653000.0,6159500000.0,4545420000.0,新型电力,公用事业,电力,风力发电,5.34,4.37,0.0
2018-09-04,7.59,7.67,7.56,7.64,7.6,0.04,0.53,4808124.0,23355809.0,1.568,0.00513,0.006483,1.02,19.0365,22.477,2.0278,0.9502,0.9065,0.0,,1270000000.0,937200000.0,741653000.0,6184900000.0,4564164000.0,新型电力,公用事业,电力,风力发电,5.34,4.37,0.0
2018-09-05,7.6,7.64,7.48,7.5,7.64,-0.1399999999999996,-1.83,5199609.0,25079812.0,1.568,0.005548,0.007011,1.32,18.6847,22.0616,1.9903,0.9326,0.8897,0.0,,1270000000.0,937200000.0,741653000.0,6070600000.0,4479816000.0,新型电力,公用事业,电力,风力发电,5.36,4.38,0.0
2018-09-06,7.43,7.59,7.42,7.53,7.5,0.0300000000000002,0.4,3808004.0,18269848.0,1.568,0.004063,0.005134,0.97,18.7629,22.1539,1.9986,0.9365,0.8934,0.0,,1270000000.0,937200000.0,741653000.0,6096000000.0,4498560000.0,新型电力,公用事业,电力,风力发电,5.26,4.3,0.0
2018-09-07,7.53,7.62,7.48,7.54,7.53,0.0099999999999997,0.13,3201680.0,15422324.0,1.568,0.003416,0.004317,0.8,18.8019,22.2,2.0028,0.9385,0.8953,0.0,,1270000000.0,937200000.0,741653000.0,6108700000.0,4507932000.0,新型电力,公用事业,电力,风力发电,5.28,4.32,0.0
2018-09-10,7.48,7.54,7.32,7.37,7.54,-0.1699999999999999,-2.25,6122200.0,29018513.0,1.568,0.006532,0.008255,1.51,18.372,21.6924,1.957,0.917,0.8748,0.0,,1270000000.0,937200000.0,741653000.0,5969000000.0,4404840000.0,新型电力,公用事业,电力,风力发电,5.29,4.33,0.0
2018-09-11,7.4,7.42,7.13,7.17,7.37,-0.2000000000000001,-2.71,5593700.0,25741120.0,1.568,0.0059689999999999,0.007542,1.21,17.8638,21.0924,1.9028,0.8917,0.8506,0.0,,1270000000.0,937200000.0,741653000.0,5803900000.0,4283004000.0,新型电力,公用事业,电力,风力发电,5.17,4.23,0.0
2018-09-12,7.17,7.31,6.99,7.24,7.17,0.0700000000000002,0.98,6680520.0,30530999.0,1.568,0.007128,0.009008,1.4,18.0593,21.3231,1.9237,0.9014,0.8599,0.0,,1270000000.0,937200000.0,741653000.0,5867400000.0,4329864000.0,新型电力,公用事业,电力,风力发电,5.03,4.11,0.0
2018-09-13,7.26,7.32,7.04,7.21,7.24,-0.0300000000000002,-0.41,6538221.0,29888376.0,1.568,0.0069759999999999,0.008816,1.29,17.9811,21.2308,1.9153,0.8975,0.8562,0.0,,1270000000.0,937200000.0,741653000.0,5842000000.0,4311120000.0,新型电力,公用事业,电力,风力发电,5.08,4.16,0.0
2018-09-14,7.23,7.6,7.18,7.32,7.21,0.1100000000000003,1.53,10346820.0,48800247.0,1.568,0.01104,0.013951,1.84,18.2547,21.5539,1.9445,0.9112,0.8692,0.0,,1270000000.0,937200000.0,741653000.0,5930900000.0,4376724000.0,新型电力,公用事业,电力,风力发电,5.06,4.14,0.0
2018-09-17,7.21,7.26,7.12,7.17,7.32,-0.1500000000000003,-2.05,6166335.0,28251405.0,1.568,0.00658,0.008314,0.87,17.8638,21.0924,1.9028,0.8917,0.8506,0.0,,1270000000.0,937200000.0,741653000.0,5803900000.0,4283004000.0,新型电力,公用事业,电力,风力发电,5.14,4.2,0.0
2018-09-18,7.17,7.28,7.1,7.28,7.17,0.1100000000000003,1.53,4347200.0,19988251.0,1.568,0.004638,0.005862,0.62,18.1374,21.4154,1.932,0.9053,0.8636,0.0,,1270000000.0,937200000.0,741653000.0,5892800000.0,4348608000.0,新型电力,公用事业,电力,风力发电,5.03,4.11,0.0
2018-09-19,7.24,7.51,7.21,7.39,7.28,0.1099999999999994,1.51,7864302.0,36959991.0,1.568,0.008391,0.010604,1.15,18.4111,21.7385,1.9611,0.919,0.8767,0.0,,1270000000.0,937200000.0,741653000.0,5981700000.0,4414212000.0,新型电力,公用事业,电力,风力发电,5.1,4.18,0.0
2018-09-20,7.42,7.46,7.32,7.35,7.39,-0.04,-0.54,3531700.0,16623924.0,1.568,0.003768,0.004762,0.5,18.3329,21.6462,1.9528,0.9151,0.8729,0.0,,1270000000.0,937200000.0,741653000.0,5956300000.0,4395468000.0,新型电力,公用事业,电力,风力发电,5.18,4.24,0.0
2018-09-21,7.39,7.6,7.34,7.51,7.35,0.1600000000000001,2.18,6638600.0,31663732.0,1.568,0.007083,0.008951,1.03,18.7238,22.1077,1.9945,0.9346,0.8916,0.0,,1270000000.0,937200000.0,741653000.0,6083300000.0,4489188000.0,新型电力,公用事业,电力,风力发电,5.16,4.22,0.0
2018-09-25,7.48,7.54,7.42,7.46,7.51,-0.0499999999999998,-0.67,5114100.0,24378578.0,1.568,0.005457,0.006896,0.9,18.6065,21.9693,1.982,0.9287,0.886,0.0,,1270000000.0,937200000.0,741653000.0,6045200000.0,4461072000.0,新型电力,公用事业,电力,风力发电,5.27,4.31,0.0
2018-09-26,7.5,7.53,7.42,7.43,7.46,-0.0300000000000002,-0.4,5931820.0,28229038.0,1.568,0.006329,0.007998,1.08,18.5283,21.877,1.9736,0.9248,0.8823,0.0,,1270000000.0,937200000.0,741653000.0,6019800000.0,4442328000.0,新型电力,公用事业,电力,风力发电,5.24,4.28,0.0
2018-09-27,7.45,7.53,7.26,7.26,7.43,-0.1699999999999999,-2.29,5924100.0,27964815.0,1.568,0.006321,0.007988,1.02,18.0983,21.3693,1.9278,0.9034,0.8618,0.0,,1270000000.0,937200000.0,741653000.0,5880100000.0,4339236000.0,新型电力,公用事业,电力,风力发电,5.21,4.27,0.0
2018-09-28,7.26,7.42,7.24,7.42,7.26,0.1600000000000001,2.2,4010890.0,18739198.0,1.568,0.00428,0.005408,0.74,18.4892,21.8308,1.9695,0.9229,0.8804,0.0,,1270000000.0,937200000.0,741653000.0,6007100000.0,4432956000.0,新型电力,公用事业,电力,风力发电,5.09,4.17,0.0
2018-10-08,7.37,7.6,7.23,7.24,7.42,-0.1799999999999997,-2.43,10127700.0,47902436.0,1.568,0.010806,0.013656,1.83,18.0593,21.3231,1.9237,0.9014,0.8599,0.0,,1270000000.0,937200000.0,741653000.0,5867400000.0,4329864000.0,新型电力,公用事业,电力,风力发电,5.2,4.26,0.0
2018-10-09,7.26,7.32,7.17,7.2,7.24,-0.04,-0.55,4843101.0,22341660.0,1.568,0.005168,0.00653,0.78,17.942,21.1847,1.9112,0.8956,0.8543,0.0,,1270000000.0,937200000.0,741653000.0,5829300000.0,4301748000.0,新型电力,公用事业,电力,风力发电,5.08,4.16,0.0
2018-10-10,7.2,7.39,7.13,7.37,7.2,0.1699999999999999,2.36,7364700.999999999,33985426.0,1.568,0.007858,0.00993,1.19,18.372,21.6924,1.957,0.917,0.8748,0.0,,1270000000.0,937200000.0,741653000.0,5969000000.0,4404840000.0,新型电力,公用事业,电力,风力发电,5.05,4.13,0.0
2018-10-11,7.21,7.35,6.66,6.85,7.37,-0.5200000000000005,-7.06,13934813.0,62176154.0,1.568,0.014869,0.018789,2.16,17.082,20.1693,1.8196,0.8526,0.8134,0.0,,1270000000.0,937200000.0,741653000.0,5549900000.0,4095564000.0,新型电力,公用事业,电力,风力发电,5.17,4.23,0.0
2018-10-12,6.74,6.93,6.24,6.24,6.85,-0.6099999999999994,-8.91,20833422.0,86455037.0,1.568,0.022229,0.0280909999999999,2.59,15.5575,18.3693,1.6572,0.7765,0.7408,0.0,,1270000000.0,937200000.0,741653000.0,5054600000.0,3730056000.0,新型电力,公用事业,电力,风力发电,4.81,3.93,0.0
2018-10-15,6.26,6.41,5.61,5.61,6.24,-0.6299999999999999,-10.1,27738500.0,102522523.0,1.568,0.029597,0.037401,2.43,13.994,16.5231,1.4906,0.6985,0.6663,0.0,,1270000000.0,937200000.0,741653000.0,4546600000.0,3355176000.0,新型电力,公用事业,电力,风力发电,4.38,3.58,0.0
2018-10-16,5.44,5.55,5.25,5.36,5.61,-0.25,-4.46,17045698.0,58756716.0,1.568,0.018188,0.0229829999999999,1.14,13.3685,15.7846,1.424,0.6673,0.6366,0.0,,1270000000.0,937200000.0,741653000.0,4343400000.0,3205224000.0,新型电力,公用事业,电力,风力发电,3.94,3.22,0.0
2018-10-17,5.44,5.49,5.21,5.41,5.36,0.0499999999999998,0.93,9776966.0,33508038.0,1.568,0.0104319999999999,0.013183,0.56,13.4858,15.9231,1.4365,0.6731,0.6421,0.0,,1270000000.0,937200000.0,741653000.0,4381500000.0,3233340000.0,新型电力,公用事业,电力,风力发电,3.76,3.08,0.0
2018-10-18,5.36,5.47,5.14,5.22,5.41,-0.1900000000000004,-3.51,11074701.0,37483431.0,1.568,0.011817,0.014932,0.62,13.0167,15.3693,1.3865,0.6497,0.6198,0.0,,1270000000.0,937200000.0,741653000.0,4229100000.0,3120876000.0,新型电力,公用事业,电力,风力发电,3.8,3.11,0.0
2018-10-19,5.14,5.38,5.02,5.35,5.22,0.1299999999999999,2.49,9384501.0,31442798.0,1.568,0.010013,0.012653,0.54,13.3294,15.7385,1.4198,0.6653,0.6347,0.0,,1270000000.0,937200000.0,741653000.0,4330700000.0,3195852000.0,新型电力,公用事业,电力,风力发电,3.66,3.0,0.0
2018-10-22,5.43,5.88,5.38,5.88,5.35,0.5300000000000002,9.91,19497856.0,70142588.0,1.568,0.020804,0.02629,1.3,14.6585,17.3077,1.5614,0.7317,0.698,0.0,,1270000000.0,937200000.0,741653000.0,4762500000.0,3514500000.0,新型电力,公用事业,电力,风力发电,3.75,3.07,0.0
2018-10-23,5.8,5.85,5.61,5.61,5.88,-0.2699999999999996,-4.59,13250260.999999998,48341648.0,1.568,0.014138,0.017866,0.99,13.994,16.5231,1.4906,0.6985,0.6663,0.0,,1270000000.0,937200000.0,741653000.0,4546600000.0,3355176000.0,新型电力,公用事业,电力,风力发电,4.13,3.38,0.0
2018-10-24,5.58,5.74,5.55,5.58,5.61,-0.0300000000000002,-0.53,8318857.000000001,29859014.0,1.568,0.008876,0.011217,0.66,13.9158,16.4308,1.4823,0.6946,0.6626,0.0,,1270000000.0,937200000.0,741653000.0,4521200000.0,3336432000.0,新型电力,公用事业,电力,风力发电,3.94,3.22,0.0
2018-10-25,5.46,5.58,5.35,5.54,5.58,-0.04,-0.72,9391565.0,32731265.0,1.568,0.010021,0.012663,0.76,13.7985,16.2923,1.4698,0.6887,0.657,0.0,,1270000000.0,937200000.0,741653000.0,4483100000.0,3308316000.0,新型电力,公用事业,电力,风力发电,3.92,3.2,0.0
2018-10-26,5.54,5.69,5.49,5.5,5.54,-0.04,-0.72,6801757.000000001,24195002.0,1.568,0.007258,0.009171,0.57,13.7203,16.2,1.4615,0.6848,0.6533,0.0,,1270000000.0,937200000.0,741653000.0,4457700000.0,3289572000.0,新型电力,公用事业,电力,风力发电,3.88,3.18,0.0
2018-10-29,5.5,5.54,5.33,5.36,5.5,-0.1399999999999996,-2.55,5613656.0,19342377.0,1.568,0.00599,0.007569,0.49,13.3685,15.7846,1.424,0.6673,0.6366,0.0,,1270000000.0,937200000.0,741653000.0,4343400000.0,3205224000.0,新型电力,公用事业,电力,风力发电,3.86,3.16,0.0
2018-10-30,5.49,5.72,5.35,5.55,5.36,0.1899999999999995,3.54,9380117.0,33055743.000000004,1.568,0.0100089999999999,0.012648,1.08,13.8376,16.3385,1.474,0.6907,0.6589,0.0,,1270000000.0,937200000.0,741653000.0,4495800000.0,3317688000.0,新型电力,公用事业,电力,风力发电,3.76,3.08,0.0
2018-10-31,5.58,6.1,5.5,5.93,5.55,0.3799999999999999,6.85,21347946.0,79834969.0,1.568,0.022778,0.028784,2.7,14.7758,34.929,1.6199,0.7375,0.885,0.0,,1270000000.0,937200000.0,741653000.0,4800600000.0,3542616000.0,新型电力,公用事业,电力,风力发电,3.89,3.19,0.0
2018-11-01,5.83,5.91,5.74,5.74,5.93,-0.1899999999999995,-3.2,13734515.0,50915446.0,1.568,0.014655,0.018519,1.31,14.3067,33.8202,1.5684,0.7141,0.8569,0.0,,1270000000.0,937200000.0,741653000.0,4648200000.0,3430152000.0,新型电力,公用事业,电力,风力发电,4.16,3.4,0.0
2018-11-02,5.82,5.93,5.79,5.85,5.74,0.1099999999999994,1.92,11767928.0,43917582.0,1.568,0.012556,0.016019,1.03,14.5803,34.467,1.5984,0.7278,0.8733,0.0,,1270000000.0,937200000.0,734642028.0,4737100000.0,3495756000.0,新型电力,公用事业,电力,风力发电,4.03,3.29,0.0
2018-11-05,5.88,6.02,5.82,5.91,5.85,0.0600000000000005,1.03,11532980.0,43464050.0,1.568,0.012306,0.015699,0.93,14.7367,34.8366,1.6156,0.7356,0.8827,0.0,,1270000000.0,937200000.0,734642028.0,4787900000.0,3533244000.0,新型电力,公用事业,电力,风力发电,4.1,3.36,0.0
2018-11-06,5.88,6.08,5.79,6.08,5.91,0.1699999999999999,2.88,15328903.0,57946917.0,1.568,0.016356,0.020866,1.13,15.1666,35.8531,1.6627,0.757,0.9084,0.0,,1270000000.0,937200000.0,734642028.0,4927600000.0,3636336000.0,新型电力,公用事业,电力,风力发电,4.15,3.39,0.0
2018-11-07,6.04,6.26,6.01,6.08,6.08,0.0,0.0,14435816.0,56388845.0,1.568,0.015403,0.01965,0.98,15.1666,35.8531,1.6627,0.757,0.9084,0.0,,1270000000.0,937200000.0,734642028.0,4927600000.0,3636336000.0,新型电力,公用事业,电力,风力发电,4.27,3.49,0.0
2018-11-08,6.12,6.16,5.96,5.97,6.08,-0.1100000000000003,-1.81,9110533.0,35114859.0,1.568,0.009721,0.012401,0.68,14.893,35.2062,1.6327,0.7434,0.8921,0.0,,1270000000.0,937200000.0,734642028.0,4838700000.0,3570732000.0,新型电力,公用事业,电力,风力发电,4.27,3.49,0.0
2018-11-09,5.97,6.13,5.9,6.04,5.97,0.0700000000000002,1.17,10147400.0,39075333.0,1.568,0.010827,0.0138129999999999,0.82,15.0494,35.5759,1.6499,0.7512,0.9014,0.0,,1270000000.0,937200000.0,734642028.0,4889500000.0,3608220000.0,新型电力,公用事业,电力,风力发电,4.19,3.43,0.0
2018-11-12,6.04,6.29,5.99,6.26,6.04,0.2199999999999997,3.64,13534982.0,53315354.0,1.568,0.014442,0.018424,1.12,15.5966,36.8695,1.7099,0.7785,0.9342,0.0,,1270000000.0,937200000.0,734642028.0,5067300000.0,3739428000.0,新型电力,公用事业,电力,风力发电,4.24,3.47,0.0
2018-11-13,6.16,6.55,6.16,6.44,6.26,0.1800000000000006,2.88,16555847.0,67460530.0,1.568,0.017665,0.022536,1.32,16.0657,37.9784,1.7613,0.8019,0.9623,0.0,,1270000000.0,937200000.0,734642028.0,5219700000.0,3851892000.0,新型电力,公用事业,电力,风力发电,4.39,3.59,0.0
2018-11-14,6.43,6.55,6.37,6.44,6.44,0.0,0.0,12632401.0,52022963.0,1.568,0.013479,0.017195,0.99,16.0657,37.9784,1.7613,0.8019,0.9623,0.0,,1270000000.0,937200000.0,734642028.0,5219700000.0,3851892000.0,新型电力,公用事业,电力,风力发电,4.52,3.7,0.0
2018-11-15,6.59,6.71,6.43,6.52,6.44,0.0799999999999991,1.24,18521800.0,77192437.0,1.568,0.019763,0.025212,1.49,16.2611,38.4404,1.7827,0.8117,0.974,0.0,,1270000000.0,937200000.0,734642028.0,5283200000.0,3898752000.0,新型电力,公用事业,电力,风力发电,4.52,3.7,0.0
2018-11-16,6.48,6.62,6.44,6.51,6.52,-0.0099999999999997,-0.15,12885990.0,53496866.0,1.568,0.013749,0.017541,0.9,16.2221,38.348,1.7784,0.8097,0.9717,0.0,,1270000000.0,937200000.0,734642028.0,5270500000.0,3889380000.0,新型电力,公用事业,电力,风力发电,4.58,3.74,0.0
2018-11-19,6.54,6.6,6.4,6.51,6.51,0.0,0.0,10786401.0,44517758.0,1.568,0.011509,0.014683,0.73,16.2221,38.348,1.7784,0.8097,0.9717,0.0,,1270000000.0,937200000.0,734642028.0,5270500000.0,3889380000.0,新型电力,公用事业,电力,风力发电,4.57,3.74,0.0
2018-11-20,6.48,6.6,6.38,6.43,6.51,-0.08,-1.23,11182100.0,46273029.0,1.568,0.011931,0.015221,0.78,16.0266,37.886,1.757,0.8,0.9599,0.0,,1270000000.0,937200000.0,734642028.0,5207000000.0,3842520000.0,新型电力,公用事业,电力,风力发电,4.57,3.74,0.0
2018-11-21,6.35,6.44,6.29,6.4,6.43,-0.0299999999999993,-0.47,8329700.0,33909171.0,1.568,0.008888,0.0113379999999999,0.63,15.9484,37.7012,1.7484,0.7961,0.9553,0.0,,1270000000.0,937200000.0,734642028.0,5181600000.0,3823776000.0,新型电力,公用事业,电力,风力发电,4.51,3.69,0.0
2018-11-22,6.43,6.46,6.3,6.37,6.4,-0.0300000000000002,-0.47,8106800.0,32963267.0,1.568,0.00865,0.011035,0.66,15.8703,37.5164,1.7399,0.7921,0.9506,0.0,,1270000000.0,937200000.0,734642028.0,5156200000.0,3805032000.0,新型电力,公用事业,电力,风力发电,4.49,3.67,0.0
2018-11-23,6.4,6.43,6.15,6.19,6.37,-0.1799999999999997,-2.83,13943800.0,55801876.0,1.568,0.014878,0.01898,1.36,15.4403,36.4999,1.6927,0.7707,0.9248,0.0,,1270000000.0,937200000.0,734642028.0,5016500000.0,3701940000.0,新型电力,公用事业,电力,风力发电,4.47,3.65,0.0
2018-11-26,6.04,6.16,5.83,5.9,6.19,-0.29,-4.68,11151795.0,42703977.0,1.568,0.011899,0.0153099999999999,1.07,14.6976,34.7442,1.6113,0.7336,0.8803,0.0,,1270000000.0,937200000.0,728398628.0,4775200000.0,3523872000.0,新型电力,公用事业,电力,风力发电,4.35,3.56,0.0
2018-11-27,5.91,6.4,5.91,6.21,5.9,0.3099999999999996,5.25,17815927.0,70368704.0,1.568,0.01901,0.0244589999999999,1.69,15.4794,36.5923,1.697,0.7726,0.9272,0.0,,1270000000.0,937200000.0,728398628.0,5029200000.0,3711312000.0,新型电力,公用事业,电力,风力发电,4.14,3.38,0.0
2018-11-28,6.26,6.33,6.16,6.24,6.21,0.0300000000000002,0.48,9434700.0,37597930.0,1.568,0.010067,0.012953,0.79,15.5575,36.7771,1.7056,0.7765,0.9319,0.0,,1270000000.0,937200000.0,728398628.0,5054600000.0,3730056000.0,新型电力,公用事业,电力,风力发电,4.36,3.56,0.0
2018-11-29,6.33,6.4,6.08,6.1,6.24,-0.1400000000000005,-2.24,10300954.0,41045154.0,1.568,0.0109909999999999,0.0141419999999999,0.85,15.2057,35.9455,1.667,0.759,0.9108,0.0,,1270000000.0,937200000.0,728398628.0,4940300000.0,3645708000.0,新型电力,公用事业,电力,风力发电,4.38,3.58,0.0
2018-11-30,6.16,6.4,6.07,6.24,6.1,0.1400000000000005,2.3,12176501.0,48495006.0,1.568,0.0129919999999999,0.016717,0.97,15.5575,36.7771,1.7056,0.7765,0.9319,0.0,,1270000000.0,937200000.0,728398628.0,5054600000.0,3730056000.0,新型电力,公用事业,电力,风力发电,4.28,3.5,0.0
2018-12-03,6.43,6.44,6.29,6.33,6.24,0.0899999999999998,1.44,10976580.0,44504177.0,1.568,0.011712,0.0150689999999999,0.9,15.7921,37.3315,1.7313,0.7882,0.9459,0.0,,1270000000.0,937200000.0,728398628.0,5130800000.0,3786288000.0,新型电力,公用事业,电力,风力发电,4.38,3.58,0.0
2018-12-04,6.35,6.49,6.29,6.4,6.33,0.0700000000000002,1.11,10741385.0,43776523.0,1.568,0.0114609999999999,0.014747,0.88,15.9484,37.7012,1.7484,0.7961,0.9553,0.0,,1270000000.0,937200000.0,728398628.0,5181600000.0,3823776000.0,新型电力,公用事业,电力,风力发电,4.44,3.64,0.0
2018-12-05,6.24,6.43,6.21,6.32,6.4,-0.08,-1.25,7798100.0,31522728.0,1.568,0.008321,0.010706,0.73,15.753,37.2391,1.727,0.7863,0.9436,0.0,,1270000000.0,937200000.0,728398628.0,5118100000.0,3776916000.0,新型电力,公用事业,电力,风力发电,4.49,3.67,0.0
2018-12-06,6.32,6.35,6.18,6.24,6.32,-0.08,-1.27,7157400.0,28588016.0,1.568,0.007637,0.009826,0.69,15.5575,36.7771,1.7056,0.7765,0.9319,0.0,,1270000000.0,937200000.0,728398628.0,5054600000.0,3730056000.0,新型电力,公用事业,电力,风力发电,4.43,3.63,0.0
2018-12-07,6.24,6.3,6.16,6.22,6.24,-0.0200000000000004,-0.32,3940200.0,15681575.0,1.568,0.004204,0.005409,0.4,15.5184,36.6847,1.7013,0.7746,0.9295,0.0,,1270000000.0,937200000.0,728398628.0,5041900000.0,3720684000.0,新型电力,公用事业,电力,风力发电,4.38,3.58,0.0
2018-12-10,6.16,6.22,5.93,5.96,6.22,-0.2599999999999998,-4.18,7785200.0,30059554.0,1.568,0.008307,0.010688,0.96,14.8539,35.1138,1.6284,0.7414,0.8897,0.0,,1270000000.0,937200000.0,728398628.0,4826000000.0,3561360000.0,新型电力,公用事业,电力,风力发电,4.37,3.57,0.0
2018-12-11,6.01,6.05,5.93,5.97,5.96,0.0099999999999997,0.17,5226200.0,19962005.0,1.568,0.005576,0.007175,0.7,14.893,35.2062,1.6327,0.7434,0.8921,0.0,,1270000000.0,937200000.0,728398628.0,4838700000.0,3570732000.0,新型电力,公用事业,电力,风力发电,4.18,3.42,0.0
2018-12-12,5.97,6.43,5.97,6.19,5.97,0.2200000000000006,3.69,11086931.0,43447882.0,1.568,0.01183,0.015221,1.74,15.4403,36.4999,1.6927,0.7707,0.9248,0.0,,1270000000.0,937200000.0,728398628.0,5016500000.0,3701940000.0,新型电力,公用事业,电力,风力发电,4.19,3.43,0.0
2018-12-13,6.18,6.22,6.04,6.15,6.19,-0.04,-0.65,4908700.0,19220033.0,1.568,0.005238,0.006739,0.7,15.323,36.2227,1.6799,0.7648,0.9178,0.0,,1270000000.0,937200000.0,728398628.0,4978400000.0,3673824000.0,新型电力,公用事业,电力,风力发电,4.35,3.56,0.0
2018-12-14,6.16,6.16,5.85,5.88,6.15,-0.2700000000000004,-4.39,6495400.0,24802636.0,1.568,0.006931,0.008917,0.99,14.6585,34.6518,1.607,0.7317,0.878,0.0,,1270000000.0,937200000.0,728398628.0,4762500000.0,3514500000.0,新型电力,公用事业,电力,风力发电,4.31,3.53,0.0
2018-12-17,5.9,5.96,5.85,5.93,5.88,0.0499999999999998,0.85,3439519.9999999995,12978668.0,1.568,0.00367,0.004722,0.48,14.7758,34.929,1.6199,0.7375,0.885,0.0,,1270000000.0,937200000.0,728398628.0,4800600000.0,3542616000.0,新型电力,公用事业,电力,风力发电,4.13,3.38,0.0
2018-12-18,5.88,5.94,5.75,5.9,5.93,-0.0299999999999993,-0.51,4630301.0,17252529.0,1.568,0.004941,0.006357,0.74,14.6976,34.7442,1.6113,0.7336,0.8803,0.0,,1270000000.0,937200000.0,728398628.0,4775200000.0,3523872000.0,新型电力,公用事业,电力,风力发电,4.16,3.4,0.0
2018-12-19,5.86,5.9,5.69,5.74,5.9,-0.1600000000000001,-2.71,4186401.0,15468855.0,1.568,0.004467,0.0057469999999999,0.68,14.3067,33.8202,1.5684,0.7141,0.8569,0.0,,1270000000.0,937200000.0,728398628.0,4648200000.0,3430152000.0,新型电力,公用事业,电力,风力发电,4.14,3.38,0.0
2018-12-20,5.69,5.79,5.66,5.77,5.74,0.0299999999999993,0.52,2948400.0,10802152.0,1.568,0.003146,0.0040479999999999,0.62,14.3849,34.005,1.577,0.718,0.8616,0.0,,1270000000.0,937200000.0,728398628.0,4673600000.0,3448896000.0,新型电力,公用事业,电力,风力发电,4.03,3.29,0.0
2018-12-21,5.75,5.75,5.6,5.69,5.77,-0.0799999999999991,-1.39,4151994.0,14999348.0,1.568,0.00443,0.0056999999999999,0.96,14.1894,33.5429,1.5556,0.7083,0.8499,0.0,,1270000000.0,937200000.0,728398628.0,4610100000.0,3402036000.0,新型电力,公用事业,电力,风力发电,4.05,3.31,0.0
2018-12-24,5.69,5.74,5.6,5.71,5.69,0.0199999999999995,0.35,2183900.0,7932782.0,1.568,0.00233,0.002998,0.56,14.2285,33.6353,1.5599,0.7102,0.8522,0.0,,1270000000.0,937200000.0,728398628.0,4622800000.0,3411408000.0,新型电力,公用事业,电力,风力发电,3.99,3.27,0.0
2018-12-25,5.63,5.63,5.43,5.58,5.71,-0.1299999999999999,-2.28,5672600.0,19986861.0,1.568,0.0060529999999999,0.007788,1.57,13.9158,32.8961,1.5256,0.6946,0.8335,0.0,,1270000000.0,937200000.0,728398628.0,4521200000.0,3336432000.0,新型电力,公用事业,电力,风力发电,4.0,3.28,0.0
2018-12-26,5.63,5.66,5.55,5.58,5.58,0.0,0.0,1929600.0,6879954.0,1.568,0.002059,0.002649,0.5,13.9158,32.8961,1.5256,0.6946,0.8335,0.0,,1270000000.0,937200000.0,728398628.0,4521200000.0,3336432000.0,新型电力,公用事业,电力,风力发电,3.92,3.2,0.0
2018-12-27,5.69,5.75,5.33,5.35,5.58,-0.2300000000000004,-4.12,4941534.0,17483820.0,1.568,0.005273,0.006784,1.46,13.3294,31.51,1.4613,0.6653,0.7984,0.0,,1270000000.0,937200000.0,728398628.0,4330700000.0,3195852000.0,新型电力,公用事业,电力,风力发电,3.92,3.2,0.0
2018-12-28,5.41,5.82,5.35,5.64,5.35,0.29,5.42,7668353.0,27332128.0,1.568,0.008182,0.010528,2.03,14.0721,33.2657,1.5427,0.7024,0.8429,0.0,,1270000000.0,937200000.0,728398628.0,4572000000.0,3373920000.0,新型电力,公用事业,电力,风力发电,3.75,3.07,0.0
2019-01-02,5.64,5.71,5.54,5.6,5.64,-0.04,-0.71,3260501.0,11670765.0,1.568,0.003479,0.004476,0.73,13.9549,32.9885,1.5299,0.6965,0.8359,0.0,,1270000000.0,937200000.0,728398628.0,4533900000.0,3345804000.0,新型电力,公用事业,电力,风力发电,3.96,3.24,0.0
2019-01-03,5.61,5.68,5.58,5.61,5.6,0.0100000000000006,0.18,3461100.0,12427914.0,1.568,0.003693,0.004752,0.74,13.994,33.0809,1.5342,0.6985,0.8382,0.0,,1270000000.0,937200000.0,728398628.0,4546600000.0,3355176000.0,新型电力,公用事业,电力,风力发电,3.93,3.21,0.0
2019-01-04,5.6,5.8,5.57,5.77,5.61,0.1599999999999992,2.85,4840600.0,17654910.0,1.568,0.0051649999999999,0.006646,1.14,14.3849,34.005,1.577,0.718,0.8616,0.0,,1270000000.0,937200000.0,728398628.0,4673600000.0,3448896000.0,新型电力,公用事业,电力,风力发电,3.94,3.22,0.0
2019-01-07,5.83,5.94,5.8,5.9,5.77,0.1300000000000007,2.25,5138302.0,19276201.0,1.568,0.005483,0.007054,1.06,14.6976,34.7442,1.6113,0.7336,0.8803,0.0,,1270000000.0,937200000.0,728398628.0,4775200000.0,3523872000.0,新型电力,公用事业,电力,风力发电,4.05,3.31,0.0
2019-01-08,5.94,5.94,5.74,5.77,5.9,-0.1300000000000007,-2.2,4985525.0,18426966.0,1.568,0.00532,0.006845,1.02,14.3849,34.005,1.577,0.718,0.8616,0.0,,1270000000.0,937200000.0,728398628.0,4673600000.0,3448896000.0,新型电力,公用事业,电力,风力发电,4.14,3.38,0.0
2019-01-09,5.75,5.88,5.72,5.74,5.77,-0.0299999999999993,-0.52,3854702.0,14272583.0,1.568,0.004113,0.005292,0.89,14.3067,33.8202,1.5684,0.7141,0.8569,0.0,,1270000000.0,937200000.0,728398628.0,4648200000.0,3430152000.0,新型电力,公用事业,电力,风力发电,4.05,3.31,0.0
2019-01-10,5.72,5.88,5.72,5.77,5.74,0.0299999999999993,0.52,3567000.0,13167401.0,1.568,0.003806,0.004897,0.8,14.3849,34.005,1.577,0.718,0.8616,0.0,,1270000000.0,937200000.0,728398628.0,4673600000.0,3448896000.0,新型电力,公用事业,电力,风力发电,4.03,3.29,0.0
2019-01-11,5.77,5.86,5.72,5.82,5.77,0.0500000000000007,0.87,3398900.0,12582977.0,1.568,0.003627,0.004666,0.76,14.5021,34.2822,1.5899,0.7239,0.8686,0.0,,1270000000.0,937200000.0,728398628.0,4711700000.0,3477012000.0,新型电力,公用事业,电力,风力发电,4.05,3.31,0.0
2019-01-14,5.8,5.85,5.71,5.74,5.82,-0.08,-1.37,3451600.0,12730272.0,1.568,0.003683,0.004739,0.82,14.3067,33.8202,1.5684,0.7141,0.8569,0.0,,1270000000.0,937200000.0,728398628.0,4648200000.0,3430152000.0,新型电力,公用事业,电力,风力发电,4.08,3.34,0.0
2019-01-15,5.75,5.83,5.72,5.8,5.74,0.0599999999999996,1.05,4672322.0,17218865.0,1.568,0.004985,0.006415,1.21,14.463,34.1898,1.5856,0.7219,0.8663,0.0,,1270000000.0,937200000.0,728398628.0,4699000000.0,3467640000.0,新型电力,公用事业,电力,风力发电,4.03,3.29,0.0
2019-01-16,5.82,5.86,5.74,5.77,5.8,-0.0300000000000002,-0.52,3681500.0,13600580.0,1.568,0.003928,0.0050539999999999,0.97,14.3849,34.005,1.577,0.718,0.8616,0.0,,1270000000.0,937200000.0,728398628.0,4673600000.0,3448896000.0,新型电力,公用事业,电力,风力发电,4.07,3.33,0.0
2019-01-17,5.74,5.79,5.68,5.69,5.77,-0.0799999999999991,-1.39,2655100.0,9694138.0,1.568,0.002833,0.003645,0.71,14.1894,33.5429,1.5556,0.7083,0.8499,0.0,,1270000000.0,937200000.0,728398628.0,4610100000.0,3402036000.0,新型电力,公用事业,电力,风力发电,4.05,3.31,0.0
2019-01-18,5.66,5.9,5.66,5.77,5.69,0.0799999999999991,1.41,4929758.0,18093267.0,1.568,0.00526,0.006768,1.38,14.3849,34.005,1.577,0.718,0.8616,0.0,,1270000000.0,937200000.0,728398628.0,4673600000.0,3448896000.0,新型电力,公用事业,电力,风力发电,3.99,3.27,0.0
2019-01-21,5.72,5.83,5.72,5.8,5.77,0.0300000000000002,0.52,3823060.0,14069512.0,1.568,0.004079,0.005249,0.99,14.463,34.1898,1.5856,0.7219,0.8663,0.0,,1270000000.0,937200000.0,728398628.0,4699000000.0,3467640000.0,新型电力,公用事业,电力,风力发电,4.05,3.31,0.0
2019-01-22,5.8,5.91,5.74,5.74,5.8,-0.0599999999999996,-1.03,5436793.0,20154511.0,1.568,0.005801,0.0074639999999999,1.38,14.3067,33.8202,1.5684,0.7141,0.8569,0.0,,1270000000.0,937200000.0,728398628.0,4648200000.0,3430152000.0,新型电力,公用事业,电力,风力发电,4.07,3.33,0.0
2019-01-23,5.72,5.77,5.68,5.75,5.74,0.0099999999999997,0.17,4215493.0,15427060.0,1.568,0.0044979999999999,0.005787,1.03,14.3458,33.9126,1.5727,0.7161,0.8593,0.0,,1270000000.0,937200000.0,728398628.0,4660900000.0,3439524000.0,新型电力,公用事业,电力,风力发电,4.03,3.29,0.0
2019-01-24,5.83,5.99,5.77,5.79,5.75,0.04,0.7,5482706.0,20391022.0,1.568,0.0058499999999999,0.007527,1.3,14.4239,34.0974,1.5813,0.72,0.864,0.0,,1270000000.0,937200000.0,728398628.0,4686300000.0,3458268000.0,新型电力,公用事业,电力,风力发电,4.04,3.3,0.0
2019-01-25,5.82,5.86,5.71,5.74,5.79,-0.0499999999999998,-0.86,3892259.0,14323792.0,1.568,0.004153,0.005344,0.81,14.3067,33.8202,1.5684,0.7141,0.8569,0.0,,1270000000.0,937200000.0,728398628.0,4648200000.0,3430152000.0,新型电力,公用事业,电力,风力发电,4.06,3.32,0.0
2019-01-28,5.74,5.79,5.57,5.57,5.74,-0.1699999999999999,-2.96,3887725.0,14138489.0,1.568,0.004148,0.005337,0.85,13.8767,32.8037,1.5213,0.6926,0.8312,0.0,,1270000000.0,937200000.0,728398628.0,4508500000.0,3327060000.0,新型电力,公用事业,电力,风力发电,4.03,3.29,0.0
2019-01-29,5.58,5.63,5.41,5.47,5.57,-0.1000000000000005,-1.8,5822569.0,20387910.0,1.568,0.006213,0.007994,1.27,13.6422,32.2493,1.4956,0.6809,0.8171,0.0,,1270000000.0,937200000.0,728398628.0,4432300000.0,3270828000.0,新型电力,公用事业,电力,风力发电,3.91,3.2,0.0
2019-01-30,5.47,5.64,5.46,5.49,5.47,0.0200000000000004,0.37,5143700.0,18194700.0,1.568,0.005488,0.007062,1.1,13.6813,32.3417,1.4999,0.6829,0.8195,0.0,,1270000000.0,937200000.0,728398628.0,4445000000.0,3280200000.0,新型电力,公用事业,电力,风力发电,3.84,3.14,0.0
2019-01-31,5.49,5.58,5.3,5.36,5.49,-0.1299999999999999,-2.37,4530353.0,15658406.0,1.568,0.004834,0.00622,0.93,13.3685,31.6024,1.4656,0.6673,0.8007,0.0,,1270000000.0,937200000.0,728398628.0,4343400000.0,3205224000.0,新型电力,公用事业,电力,风力发电,3.85,3.15,0.0
2019-02-01,5.39,5.5,5.38,5.47,5.36,0.1099999999999994,2.05,3950910.0,13761237.0,1.568,0.004216,0.005424,0.85,13.6422,32.2493,1.4956,0.6809,0.8171,0.0,,1270000000.0,937200000.0,728398628.0,4432300000.0,3270828000.0,新型电力,公用事业,电力,风力发电,3.76,3.08,0.0
2019-02-11,5.49,5.63,5.49,5.61,5.47,0.1400000000000005,2.56,4186400.0,14884262.0,1.568,0.004467,0.0057469999999999,0.9,13.994,33.0809,1.5342,0.6985,0.8382,0.0,,1270000000.0,937200000.0,728398628.0,4546600000.0,3355176000.0,新型电力,公用事业,电力,风力发电,3.84,3.14,0.0
2019-02-12,5.63,5.77,5.58,5.71,5.61,0.0999999999999996,1.78,4344993.0,15728754.0,1.568,0.004636,0.005965,0.92,14.2285,33.6353,1.5599,0.7102,0.8522,0.0,,1270000000.0,937200000.0,728398628.0,4622800000.0,3411408000.0,新型电力,公用事业,电力,风力发电,3.94,3.22,0.0
2019-02-13,5.71,5.9,5.66,5.82,5.71,0.1100000000000003,1.93,7663536.0,28289730.0,1.568,0.008177,0.010521,1.73,14.5021,34.2822,1.5899,0.7239,0.8686,0.0,,1270000000.0,937200000.0,728398628.0,4711700000.0,3477012000.0,新型电力,公用事业,电力,风力发电,4.0,3.28,0.0
2019-02-14,5.8,5.93,5.79,5.86,5.82,0.04,0.69,5550101.0,20744059.0,1.568,0.0059219999999999,0.00762,1.12,14.6194,34.5594,1.6027,0.7297,0.8757,0.0,,1270000000.0,937200000.0,728398628.0,4749800000.0,3505128000.0,新型电力,公用事业,电力,风力发电,4.08,3.34,0.0
2019-02-15,5.85,6.01,5.8,5.86,5.86,0.0,0.0,7177537.0,26992962.0,1.568,0.007658,0.009854,1.4,14.6194,34.5594,1.6027,0.7297,0.8757,0.0,,1270000000.0,937200000.0,728398628.0,4749800000.0,3505128000.0,新型电力,公用事业,电力,风力发电,4.11,3.37,0.0
2019-02-18,5.86,6.16,5.86,6.12,5.86,0.2599999999999998,4.44,11774766.0,45251933.0,1.568,0.0125639999999999,0.016165,2.04,15.2448,36.0379,1.6713,0.7609,0.9131,0.0,,1270000000.0,937200000.0,728398628.0,4953000000.0,3655080000.0,新型电力,公用事业,电力,风力发电,4.11,3.37,0.0
2019-02-19,6.07,6.27,6.02,6.07,6.12,-0.0499999999999998,-0.82,12123322.0,47363494.0,1.568,0.012936,0.016644,1.66,15.1276,35.7607,1.6584,0.7551,0.9061,0.0,,1270000000.0,937200000.0,728398628.0,4914900000.0,3626964000.0,新型电力,公用事业,电力,风力发电,4.29,3.51,0.0
2019-02-20,6.07,6.35,6.07,6.21,6.07,0.1399999999999996,2.31,11833043.0,46920323.0,1.568,0.012626,0.016245,1.34,15.4794,36.5923,1.697,0.7726,0.9272,0.0,,1270000000.0,937200000.0,728398628.0,5029200000.0,3711312000.0,新型电力,公用事业,电力,风力发电,4.26,3.48,0.0
2019-02-21,6.16,6.24,6.08,6.1,6.21,-0.1100000000000003,-1.77,9343100.0,36653162.0,1.568,0.009969,0.012827,0.96,15.2057,35.9455,1.667,0.759,0.9108,0.0,,1270000000.0,937200000.0,728398628.0,4940300000.0,3645708000.0,新型电力,公用事业,电力,风力发电,4.36,3.56,0.0
2019-02-22,6.12,6.19,5.97,6.16,6.1,0.0600000000000005,0.98,9325857.0,36276460.0,1.568,0.009951,0.012803,0.89,15.3621,36.3151,1.6841,0.7668,0.9201,0.0,,1270000000.0,937200000.0,728398628.0,4991100000.0,3683196000.0,新型电力,公用事业,电力,风力发电,4.28,3.5,0.0
2019-02-25,6.29,6.4,6.15,6.37,6.16,0.2099999999999999,3.41,23256814.0,93375499.0,1.568,0.024815,0.031929,2.14,15.8703,37.5164,1.7399,0.7921,0.9506,0.0,,1270000000.0,937200000.0,728398628.0,5156200000.0,3805032000.0,新型电力,公用事业,电力,风力发电,4.32,3.54,0.0
2019-02-26,6.37,6.46,6.22,6.27,6.37,-0.1000000000000005,-1.57,20660520.0,83568034.0,1.568,0.022045,0.0283639999999999,1.57,15.6357,36.9619,1.7141,0.7804,0.9365,0.0,,1270000000.0,937200000.0,728398628.0,5080000000.0,3748800000.0,新型电力,公用事业,电力,风力发电,4.47,3.65,0.0
2019-02-27,6.22,6.33,6.16,6.24,6.27,-0.0299999999999993,-0.48,16746353.0,66708288.0,1.568,0.017868,0.022991,1.13,15.5575,36.7771,1.7056,0.7765,0.9319,0.0,,1270000000.0,937200000.0,728398628.0,5054600000.0,3730056000.0,新型电力,公用事业,电力,风力发电,4.4,3.6,0.0
2019-02-28,6.24,6.41,6.21,6.27,6.24,0.0299999999999993,0.48,15402856.0,61910238.0,1.568,0.0164349999999999,0.0211459999999999,0.97,15.6357,36.9619,1.7141,0.7804,0.9365,0.0,,1270000000.0,937200000.0,728398628.0,5080000000.0,3748800000.0,新型电力,公用事业,电力,风力发电,4.38,3.58,0.0
2019-03-01,6.32,6.33,6.22,6.29,6.27,0.0200000000000004,0.32,11099567.0,44513828.0,1.568,0.011843,0.015238,0.65,15.6748,37.0543,1.7184,0.7824,0.9389,0.0,,1270000000.0,937200000.0,728398628.0,5092700000.0,3758172000.0,新型电力,公用事业,电力,风力发电,4.4,3.6,0.0
2019-03-04,6.27,6.49,6.27,6.4,6.29,0.1100000000000003,1.75,20246239.0,82644910.0,1.568,0.0216029999999999,0.0277959999999999,1.16,15.9484,37.7012,1.7484,0.7961,0.9553,0.0,,1270000000.0,937200000.0,728398628.0,5181600000.0,3823776000.0,新型电力,公用事业,电力,风力发电,4.41,3.61,0.0
2019-03-05,6.41,6.55,6.32,6.54,6.4,0.1399999999999996,2.19,15842924.0,65265605.0,1.568,0.016905,0.02175,0.94,16.3002,38.5328,1.787,0.8136,0.9763,0.0,,1270000000.0,937200000.0,728398628.0,5295900000.0,3908124000.0,新型电力,公用事业,电力,风力发电,4.49,3.67,0.0
2019-03-06,6.59,6.91,6.54,6.85,6.54,0.3099999999999996,4.74,29666871.000000004,128480097.0,1.568,0.031655,0.0407289999999999,1.87,17.082,40.3809,1.8727,0.8526,1.0232,0.0,,1270000000.0,937200000.0,728398628.0,5549900000.0,4095564000.0,新型电力,公用事业,电力,风力发电,4.59,3.75,0.0
2019-03-07,6.85,7.43,6.77,7.26,6.85,0.4100000000000001,5.99,30375380.0,138949920.0,1.568,0.0324109999999999,0.041702,1.65,18.0983,42.7834,1.9841,0.9034,1.084,0.0,,1270000000.0,937200000.0,728398628.0,5880100000.0,4339236000.0,新型电力,公用事业,电力,风力发电,4.81,3.93,0.0
2019-03-08,7.07,7.34,6.87,6.99,7.26,-0.2699999999999996,-3.72,24924848.0,113186907.0,1.568,0.026595,0.034219,1.16,17.4338,41.2125,1.9113,0.8702,1.0442,0.0,,1270000000.0,937200000.0,728398628.0,5664200000.0,4179912000.0,新型电力,公用事业,电力,风力发电,5.09,4.17,0.0
2019-03-11,7.01,7.48,6.98,7.31,6.99,0.3199999999999994,4.58,22250875.0,101780177.0,1.568,0.023742,0.030548,0.92,18.2156,43.0606,1.997,0.9092,1.0911,0.0,,1270000000.0,937200000.0,728398628.0,5918200000.0,4367352000.0,新型电力,公用事业,电力,风力发电,4.91,4.01,0.0
2019-03-12,7.32,7.43,7.06,7.24,7.31,-0.0699999999999994,-0.96,21067337.0,97770861.0,1.568,0.022479,0.028923,0.86,18.0593,42.691,1.9798,0.9014,1.0817,0.0,,1270000000.0,937200000.0,728398628.0,5867400000.0,4329864000.0,新型电力,公用事业,电力,风力发电,5.13,4.19,0.0
2019-03-13,7.28,7.34,7.06,7.07,7.24,-0.1699999999999999,-2.35,15164401.0,69145306.0,1.568,0.016181,0.020819,0.59,17.6293,41.6746,1.9327,0.8799,1.0559,0.0,,1270000000.0,937200000.0,728398628.0,5727700000.0,4226772000.0,新型电力,公用事业,电力,风力发电,5.08,4.16,0.0
2019-03-14,6.91,7.17,6.73,6.81,7.07,-0.2600000000000007,-3.68,17019892.0,75034120.0,1.568,0.01816,0.0233659999999999,0.75,16.9648,40.1037,1.8598,0.8468,1.0161,0.0,,1270000000.0,937200000.0,728398628.0,5511800000.0,4067448000.0,新型电力,公用事业,电力,风力发电,4.96,4.06,0.0
2019-03-15,6.79,7.31,6.79,7.15,6.81,0.3400000000000007,4.99,21531574.0,97340704.0,1.568,0.022974,0.02956,1.07,17.8247,42.1366,1.9541,0.8897,1.0677,0.0,,1270000000.0,937200000.0,728398628.0,5791200000.0,4273632000.0,新型电力,公用事业,电力,风力发电,4.77,3.91,0.0
2019-03-18,7.2,7.5,7.07,7.34,7.15,0.1899999999999995,2.66,16667651.999999998,77663580.0,1.568,0.017785,0.022883,0.86,18.2938,43.2454,2.0055,0.9131,1.0957,0.0,,1270000000.0,937200000.0,728398628.0,5943600000.0,4386096000.0,新型电力,公用事业,电力,风力发电,5.02,4.1,0.0
2019-03-19,7.39,7.51,7.29,7.42,7.34,0.08,1.09,17369204.0,81748225.0,1.568,0.018533,0.023846,0.95,18.4892,43.7075,2.027,0.9229,1.1075,0.0,,1270000000.0,937200000.0,728398628.0,6007100000.0,4432956000.0,新型电力,公用事业,电力,风力发电,5.15,4.21,0.0
2019-03-20,7.39,7.5,7.24,7.37,7.42,-0.0499999999999998,-0.67,14594619.0,68624004.0,1.568,0.0155729999999999,0.020037,0.83,18.372,43.4303,2.0141,0.917,1.1004,0.0,,1270000000.0,937200000.0,728398628.0,5969000000.0,4404840000.0,新型电力,公用事业,电力,风力发电,5.2,4.26,0.0
2019-03-21,7.37,8.11,7.32,8.03,7.37,0.6599999999999993,8.96,53785752.0,270698860.0,1.568,0.05739,0.073841,3.08,20.0137,47.3113,2.1941,0.999,1.1988,0.0,,1270000000.0,937200000.0,728398628.0,6502400000.0,4798464000.0,新型电力,公用事业,电力,风力发电,5.17,4.23,0.0
2019-03-22,8.12,8.44,7.93,8.12,8.03,0.0899999999999998,1.12,40274796.0,209120557.0,1.568,0.042974,0.055292,1.62,20.2483,47.8657,2.2198,1.0107,1.2128,0.0,,1270000000.0,937200000.0,728398628.0,6578600000.0,4854696000.0,新型电力,公用事业,电力,风力发电,5.63,4.61,0.0
2019-03-25,7.97,8.04,7.75,7.76,8.12,-0.3599999999999994,-4.43,18266523.0,91924497.0,1.568,0.019491,0.025078,0.64,19.3492,45.7404,2.1213,0.9658,1.159,0.0,,1270000000.0,937200000.0,728398628.0,6286500000.0,4639140000.0,新型电力,公用事业,电力,风力发电,5.7,4.66,0.0
2019-03-26,7.78,7.87,7.35,7.39,7.76,-0.3700000000000001,-4.77,19485033.0,93619442.0,1.568,0.020791,0.026751,0.68,18.4111,43.5227,2.0184,0.919,1.1028,0.0,,1270000000.0,937200000.0,728398628.0,5981700000.0,4414212000.0,新型电力,公用事业,电力,风力发电,5.45,4.46,0.0
2019-03-27,7.5,7.53,7.18,7.39,7.39,0.0,0.0,13638976.0,63659457.0,1.568,0.014553,0.018986,0.47,18.4111,43.5227,2.0184,0.919,1.1028,0.0,,1270000000.0,937200000.0,718351848.9999999,5981700000.0,4414212000.0,新型电力,公用事业,电力,风力发电,5.18,4.24,0.0
2019-03-28,7.39,7.53,7.26,7.37,7.39,-0.0199999999999995,-0.27,10201519.0,48091681.0,1.568,0.010885,0.0142009999999999,0.35,18.372,43.4303,2.0141,0.917,1.1004,0.0,,1270000000.0,937200000.0,718351848.9999999,5969000000.0,4404840000.0,新型电力,公用事业,电力,风力发电,5.18,4.24,0.0
2019-03-29,7.37,7.54,7.17,7.51,7.37,0.1399999999999996,1.9,9879021.0,46601385.0,1.568,0.010541,0.013752,0.48,18.7238,44.2619,2.0527,0.9346,1.1215,0.0,,1270000000.0,937200000.0,718351848.9999999,6083300000.0,4489188000.0,新型电力,公用事业,电力,风力发电,5.17,4.23,0.0
2019-04-01,7.48,7.71,7.43,7.64,7.51,0.1299999999999999,1.73,14086892.000000002,68598235.0,1.568,0.015031,0.01961,0.99,19.0365,45.0011,2.087,0.9502,1.1402,0.0,,1270000000.0,937200000.0,718351848.9999999,6184900000.0,4564164000.0,新型电力,公用事业,电力,风力发电,5.27,4.31,0.0
2019-04-02,7.73,7.98,7.64,7.97,7.64,0.33,4.32,19101980.0,95941907.0,1.568,0.0203819999999999,0.026591,1.42,19.8574,46.9416,2.177,0.9912,1.1894,0.0,,1270000000.0,937200000.0,718351848.9999999,6451600000.0,4760976000.0,新型电力,公用事业,电力,风力发电,5.36,4.38,0.0
2019-04-03,7.9,8.56,7.84,8.31,7.97,0.3400000000000007,4.27,29225364.0,150916452.0,1.568,0.031184,0.040684,2.18,20.7173,48.9745,2.2712,1.0341,1.2409,0.0,,1270000000.0,937200000.0,718351848.9999999,6731000000.0,4967160000.0,新型电力,公用事业,电力,风力发电,5.59,4.57,0.0
2019-04-04,8.31,8.34,7.95,8.15,8.31,-0.1600000000000001,-1.93,26384863.0,136744195.0,1.568,0.028153,0.03673,1.6,20.3264,48.0505,2.2284,1.0146,1.2175,0.0,,1270000000.0,937200000.0,718351848.9999999,6604000000.0,4873440000.0,新型电力,公用事业,电力,风力发电,5.83,4.77,0.0
2019-04-08,8.18,8.33,7.98,8.06,8.15,-0.0899999999999998,-1.1,16284501.0,84316648.0,1.568,0.017376,0.022669,0.83,20.0919,47.4961,2.2027,1.0029,1.2034,0.0,,1270000000.0,937200000.0,718351848.9999999,6527800000.0,4817208000.0,新型电力,公用事业,电力,风力发电,5.72,4.68,0.0
2019-04-09,8.03,8.12,7.95,8.03,8.06,-0.0300000000000011,-0.37,10727902.0,55061640.0,1.568,0.011447,0.014934,0.51,20.0137,47.3113,2.1941,0.999,1.1988,0.0,,1270000000.0,937200000.0,718351848.9999999,6502400000.0,4798464000.0,新型电力,公用事业,电力,风力发电,5.65,4.63,0.0
2019-04-10,7.92,8.17,7.86,8.09,8.03,0.0600000000000005,0.75,12915527.0,66033282.00000001,1.568,0.013781,0.017979,0.63,20.1701,47.6809,2.2112,1.0068,1.2081,0.0,,1270000000.0,937200000.0,718351848.9999999,6553200000.0,4835952000.0,新型电力,公用事业,电力,风力发电,5.63,4.61,0.0
2019-04-11,8.09,8.17,7.82,7.82,8.09,-0.2699999999999996,-3.34,11108803.0,56511458.0,1.568,0.011853,0.015464,0.58,19.5056,46.11,2.1384,0.9736,1.1683,0.0,,1270000000.0,937200000.0,718351848.9999999,6337300000.0,4676628000.0,新型电力,公用事业,电力,风力发电,5.68,4.64,0.0
2019-04-12,7.79,7.9,7.71,7.79,7.82,-0.0300000000000002,-0.38,7640820.0,38045302.0,1.568,0.008153,0.010637,0.49,19.4274,45.9252,2.1298,0.9697,1.1636,0.0,,1270000000.0,937200000.0,718351848.9999999,6311900000.0,4657884000.0,新型电力,公用事业,电力,风力发电,5.49,4.49,0.0
2019-04-15,8.18,8.36,7.97,8.0,7.79,0.2099999999999999,2.7,15690299.0,81209834.0,1.568,0.016742,0.021842,1.34,19.9355,21.5217,1.9868,0.9951,1.5161,0.0,,1270000000.0,937200000.0,718351848.9999999,6477000000.0,4779720000.0,新型电力,公用事业,电力,风力发电,5.47,4.47,0.0
2019-04-16,8.04,8.06,7.71,8.01,8.0,0.0099999999999997,0.12,13764462.0,69154763.0,1.568,0.0146869999999999,0.0191609999999999,1.18,19.9746,21.5639,1.9907,0.997,1.5191,0.0,,1270000000.0,937200000.0,718351848.9999999,6489700000.0,4789092000.0,新型电力,公用事业,电力,风力发电,5.61,4.59,0.0
2019-04-17,8.01,8.23,7.92,8.08,8.01,0.0700000000000002,0.87,15688801.0,80836625.0,1.568,0.0167399999999999,0.02184,1.28,20.131,21.7327,2.0063,1.0048,1.531,0.0,,1270000000.0,937200000.0,718351848.9999999,6540500000.0,4826580000.0,新型电力,公用事业,电力,风力发电,5.62,4.6,0.0
2019-04-18,8.11,8.11,7.84,7.86,8.08,-0.2199999999999997,-2.72,10964143.0,55472898.0,1.568,0.011699,0.015263,0.86,19.5837,21.1419,1.9518,0.9775,1.4894,0.0,,1270000000.0,937200000.0,718351848.9999999,6362700000.0,4695372000.0,新型电力,公用事业,电力,风力发电,5.67,4.64,0.0
2019-04-19,7.89,8.01,7.62,7.89,7.86,0.0299999999999993,0.38,18756600.0,92790986.0,1.568,0.020013,0.026111,1.47,19.6619,21.2263,1.9596,0.9814,1.4953,0.0,,1270000000.0,937200000.0,718351848.9999999,6388100000.0,4714116000.0,新型电力,公用事业,电力,风力发电,5.51,4.51,0.0
2019-04-22,8.55,8.56,8.06,8.14,7.89,0.2500000000000009,3.17,40188889.0,212542012.0,1.568,0.0428819999999999,0.0559459999999999,2.68,20.2873,21.9015,2.0219,1.0126,1.5429,0.0,,1270000000.0,937200000.0,718351848.9999999,6591300000.0,4864068000.0,新型电力,公用事业,电力,风力发电,5.53,4.53,0.0
2019-04-23,8.04,8.26,7.73,8.01,8.14,-0.1300000000000007,-1.6,26937245.0,137258863.0,1.568,0.028742,0.037499,1.36,19.9746,21.5639,1.9907,0.997,1.5191,0.0,,1270000000.0,937200000.0,718351848.9999999,6489700000.0,4789092000.0,新型电力,公用事业,电力,风力发电,5.71,4.67,0.0
2019-04-24,8.0,8.01,7.56,7.92,8.01,-0.0899999999999998,-1.12,28986658.0,143395143.0,1.568,0.030929,0.040352,1.29,19.7401,21.3107,1.9674,0.9853,1.5013,0.0,,1270000000.0,937200000.0,718351848.9999999,6413500000.0,4732860000.0,新型电力,公用事业,电力,风力发电,5.62,4.6,0.0
2019-04-25,7.9,7.95,7.56,7.56,7.92,-0.3600000000000003,-4.55,22466299.0,110685232.0,1.568,0.023972,0.031275,0.89,18.841,20.3401,1.8778,0.9404,1.4329,0.0,,1270000000.0,937200000.0,718351848.9999999,6121400000.0,4517304000.0,新型电力,公用事业,电力,风力发电,5.56,4.55,0.0
2019-04-26,7.56,7.68,7.39,7.54,7.56,-0.0199999999999995,-0.26,13419260.0,64352878.0,1.568,0.0143179999999999,0.018681,0.49,18.8019,20.2979,1.8739,0.9385,1.4299,0.0,,1270000000.0,937200000.0,718351848.9999999,6108700000.0,4507932000.0,新型电力,公用事业,电力,风力发电,5.3,4.34,0.0
2019-04-29,7.59,7.62,7.31,7.4,7.54,-0.1399999999999996,-1.86,14026256.0,66889694.0,1.568,0.014966,0.0195259999999999,0.53,19.9181,15.5375,1.755,1.4032,1.6998,0.0,,1270000000.0,937200000.0,718351848.9999999,5994400000.0,4423584000.0,新型电力,公用事业,电力,风力发电,5.29,4.33,0.0
2019-04-30,7.46,7.67,7.42,7.48,7.4,0.08,1.08,9528020.0,45746043.0,1.568,0.010166,0.013264,0.45,20.1291,15.7021,1.7736,1.418,1.7178,0.0,,1270000000.0,937200000.0,718351848.9999999,6057900000.0,4470444000.0,新型电力,公用事业,电力,风力发电,5.19,4.25,0.0
2019-05-06,7.29,7.29,6.73,6.73,7.48,-0.75,-10.03,18390600.0,81982966.0,1.568,0.0196229999999999,0.024797,1.04,18.1036,14.122,1.5951,1.2753,1.545,0.0,,1270000000.0,937200000.0,741653000.0,5448300000.0,4020588000.0,新型电力,公用事业,电力,风力发电,5.25,4.29,0.0
2019-05-07,6.79,7.04,6.62,6.93,6.73,0.1999999999999993,2.97,20230520.0,88174274.0,1.568,0.0215859999999999,0.0272779999999999,1.3,18.6522,14.55,1.6434,1.314,1.5918,0.0,,1270000000.0,937200000.0,741653000.0,5613400000.0,4142424000.0,新型电力,公用事业,电力,风力发电,4.72,3.86,0.0
2019-05-08,6.85,6.99,6.66,6.82,6.93,-0.1099999999999994,-1.59,11768800.0,51432286.0,1.568,0.012557,0.015868,0.78,18.3568,14.3195,1.6174,1.2932,1.5666,0.0,,1270000000.0,937200000.0,741653000.0,5524500000.0,4076820000.0,新型电力,公用事业,电力,风力发电,4.86,3.98,0.0
2019-05-09,6.81,6.88,6.7,6.73,6.82,-0.0899999999999998,-1.32,8234300.0,35517548.0,1.568,0.008786,0.011103,0.56,18.1036,14.122,1.5951,1.2753,1.545,0.0,,1270000000.0,937200000.0,741653000.0,5448300000.0,4020588000.0,新型电力,公用事业,电力,风力发电,4.79,3.92,0.0
2019-05-10,6.82,6.96,6.55,6.9,6.73,0.1699999999999999,2.53,10891309.0,47466365.0,1.568,0.011621,0.0146849999999999,0.8,18.5678,14.4841,1.636,1.308,1.5846,0.0,,1270000000.0,937200000.0,741653000.0,5588000000.0,4123680000.0,新型电力,公用事业,电力,风力发电,4.72,3.86,0.0
2019-05-13,6.79,6.91,6.79,6.85,6.9,-0.0500000000000007,-0.72,8009210.000000001,34998557.0,1.568,0.008546,0.010799,0.58,18.4412,14.3854,1.6248,1.2991,1.5738,0.0,,1270000000.0,937200000.0,741653000.0,5549900000.0,4095564000.0,新型电力,公用事业,电力,风力发电,4.84,3.96,0.0
2019-05-14,6.82,6.93,6.76,6.77,6.85,-0.08,-1.17,8132000.0,35461254.0,1.568,0.008677,0.010965,0.69,18.2302,14.2208,1.6062,1.2843,1.5558,0.0,,1270000000.0,937200000.0,741653000.0,5486400000.0,4048704000.0,新型电力,公用事业,电力,风力发电,4.81,3.93,0.0
2019-05-15,6.85,7.01,6.79,6.95,6.77,0.1800000000000006,2.66,10491540.0,46228220.0,1.568,0.011195,0.014146,1.12,18.6944,14.5829,1.6471,1.317,1.5954,0.0,,1270000000.0,937200000.0,741653000.0,5626100000.0,4151796000.0,新型电力,公用事业,电力,风力发电,4.75,3.89,0.0
2019-05-16,6.95,7.13,6.87,7.04,6.95,0.0899999999999998,1.29,10279638.0,45929784.0,1.568,0.010968,0.0138599999999999,1.12,18.9476,14.7804,1.6695,1.3348,1.617,0.0,,1270000000.0,937200000.0,741653000.0,5702300000.0,4208028000.0,新型电力,公用事业,电力,风力发电,4.87,3.99,0.0
2019-05-17,6.96,7.06,6.4,6.51,7.04,-0.5300000000000002,-7.53,17205238.0,73948372.0,1.568,0.018358,0.023199,1.8,17.5128,13.6612,1.543,1.2337,1.4946,0.0,,1270000000.0,937200000.0,741653000.0,5270500000.0,3889380000.0,新型电力,公用事业,电力,风力发电,4.94,4.04,0.0
2019-05-20,6.55,6.57,6.37,6.43,6.51,-0.08,-1.23,8016323.0,33083808.0,1.568,0.008553,0.010809,0.74,17.3018,13.4966,1.5244,1.2189,1.4766,0.0,,1270000000.0,937200000.0,741653000.0,5207000000.0,3842520000.0,新型电力,公用事业,电力,风力发电,4.57,3.74,0.0
2019-05-21,6.51,6.7,6.44,6.62,6.43,0.1900000000000004,2.95,8657501.0,36409803.0,1.568,0.009238,0.011673,0.8,17.8082,13.8916,1.5691,1.2545,1.5198,0.0,,1270000000.0,937200000.0,741653000.0,5359400000.0,3954984000.0,新型电力,公用事业,电力,风力发电,4.51,3.69,0.0
2019-05-22,6.6,6.65,6.4,6.48,6.62,-0.1399999999999996,-2.11,6571108.0,27271652.0,1.568,0.007011,0.00886,0.6,17.4284,13.5953,1.5356,1.2278,1.4874,0.0,,1270000000.0,937200000.0,741653000.0,5245100000.0,3870636000.0,新型电力,公用事业,电力,风力发电,4.64,3.8,0.0
2019-05-23,6.43,6.71,6.35,6.52,6.48,0.0399999999999991,0.62,11606200.0,48702009.0,1.568,0.012384,0.015649,1.14,17.555,13.6941,1.5468,1.2367,1.4982,0.0,,1270000000.0,937200000.0,741653000.0,5283200000.0,3898752000.0,新型电力,公用事业,电力,风力发电,4.54,3.72,0.0
2019-05-24,6.55,6.65,6.46,6.52,6.52,0.0,0.0,7996000.0,33308645.0,1.568,0.008532,0.010781,0.77,17.555,13.6941,1.5468,1.2367,1.4982,0.0,,1270000000.0,937200000.0,741653000.0,5283200000.0,3898752000.0,新型电力,公用事业,电力,风力发电,4.58,3.74,0.0
2019-05-27,6.59,6.68,6.49,6.66,6.52,0.1400000000000005,2.15,8426335.0,35428214.0,1.568,0.008991,0.011362,0.98,17.9348,13.9903,1.5802,1.2634,1.5306,0.0,,1270000000.0,937200000.0,741653000.0,5397500000.0,3983100000.0,新型电力,公用事业,电力,风力发电,4.58,3.74,0.0
2019-05-28,6.68,6.93,6.62,6.79,6.66,0.1299999999999999,1.95,13194925.0,57395001.0,1.568,0.014079,0.0177909999999999,1.53,18.2724,14.2537,1.61,1.2872,1.5594,0.0,,1270000000.0,937200000.0,741653000.0,5499100000.0,4058076000.0,新型电力,公用事业,电力,风力发电,4.68,3.83,0.0
2019-05-29,6.71,7.12,6.71,6.99,6.79,0.2000000000000001,2.95,11179801.0,49530431.0,1.568,0.011929,0.015074,1.17,18.821,14.6816,1.6583,1.3259,1.6062,0.0,,1270000000.0,937200000.0,741653000.0,5664200000.0,4179912000.0,新型电力,公用事业,电力,风力发电,4.76,3.9,0.0
2019-05-30,7.04,7.43,6.87,7.29,6.99,0.2999999999999998,4.29,17637251.0,79827922.0,1.568,0.018819,0.023781,1.68,19.6227,15.3071,1.7289,1.3824,1.6746,0.0,,1270000000.0,937200000.0,741653000.0,5905500000.0,4357980000.0,新型电力,公用事业,电力,风力发电,4.91,4.01,0.0
2019-05-31,7.15,7.32,7.01,7.02,7.29,-0.2700000000000004,-3.7,13984500.0,63885642.0,1.568,0.014922,0.0188559999999999,1.2,18.9054,14.7475,1.6657,1.3318,1.6134,0.0,,1270000000.0,937200000.0,741653000.0,5689600000.0,4198656000.0,新型电力,公用事业,电力,风力发电,5.12,4.19,0.0
2019-06-03,7.12,7.12,6.81,6.84,7.02,-0.1799999999999997,-2.56,10272024.0,45390688.0,1.568,0.01096,0.01385,0.8,18.399,14.3524,1.6211,1.2961,1.5702,0.0,,1270000000.0,937200000.0,741653000.0,5537200000.0,4086192000.0,新型电力,公用事业,电力,风力发电,4.93,4.03,0.0
2019-06-04,6.9,6.93,6.66,6.76,6.84,-0.08,-1.17,8051524.000000001,34899833.0,1.568,0.008591,0.010856,0.61,18.188,14.1879,1.6025,1.2813,1.5522,0.0,,1270000000.0,937200000.0,741653000.0,5473700000.0,4039332000.0,新型电力,公用事业,电力,风力发电,4.8,3.92,0.0
2019-06-05,6.84,6.88,6.7,6.79,6.76,0.0300000000000002,0.44,6058819.0,26277791.0,1.568,0.0064649999999999,0.008169,0.5,18.2724,14.2537,1.61,1.2872,1.5594,0.0,,1270000000.0,937200000.0,741653000.0,5499100000.0,4058076000.0,新型电力,公用事业,电力,风力发电,4.74,3.88,0.0
2019-06-06,6.79,6.85,6.57,6.57,6.79,-0.2199999999999997,-3.24,5999770.0,25741320.0,1.568,0.006402,0.00809,0.54,17.6816,13.7928,1.5579,1.2456,1.509,0.0,,1270000000.0,937200000.0,741653000.0,5321300000.0,3926868000.0,新型电力,公用事业,电力,风力发电,4.76,3.9,0.0
2019-06-10,6.62,6.87,6.57,6.76,6.57,0.1899999999999995,2.89,8867012.0,38199158.0,1.568,0.009461,0.011956,1.0,18.188,14.1879,1.6025,1.2813,1.5522,0.0,,1270000000.0,937200000.0,741653000.0,5473700000.0,4039332000.0,新型电力,公用事业,电力,风力发电,4.61,3.77,0.0
2019-06-11,6.81,7.09,6.77,7.02,6.76,0.2599999999999998,3.85,9361139.0,41594256.0,1.568,0.009988,0.012622,1.19,18.9054,14.7475,1.6657,1.3318,1.6134,0.0,,1270000000.0,937200000.0,741653000.0,5689600000.0,4198656000.0,新型电力,公用事业,电力,风力发电,4.74,3.88,0.0
2019-06-12,7.04,7.09,6.85,6.93,7.02,-0.0899999999999998,-1.28,7804100.999999999,34679617.0,1.568,0.008327,0.010523,1.02,18.6522,14.55,1.6434,1.314,1.5918,0.0,,1270000000.0,937200000.0,741653000.0,5613400000.0,4142424000.0,新型电力,公用事业,电力,风力发电,4.93,4.03,0.0
2019-06-13,6.93,7.01,6.82,6.91,6.93,-0.0199999999999995,-0.29,7729298.0,34063871.0,1.568,0.0082469999999999,0.010422,1.01,18.61,14.517,1.6397,1.311,1.5882,0.0,,1270000000.0,937200000.0,741653000.0,5600700000.0,4133052000.0,新型电力,公用事业,电力,风力发电,4.86,3.98,0.0
2019-06-14,6.93,6.99,6.59,6.62,6.91,-0.29,-4.2,10755920.0,46069404.0,1.568,0.011477,0.0145029999999999,1.35,17.8082,13.8916,1.5691,1.2545,1.5198,0.0,,1270000000.0,937200000.0,741653000.0,5359400000.0,3954984000.0,新型电力,公用事业,电力,风力发电,4.85,3.97,0.0
2019-06-17,6.65,6.76,6.52,6.59,6.62,-0.0300000000000002,-0.45,8015400.0,33870793.0,1.568,0.0085519999999999,0.010807,0.9,17.7238,13.8258,1.5616,1.2486,1.5126,0.0,,1270000000.0,937200000.0,741653000.0,5334000000.0,3936240000.0,新型电力,公用事业,电力,风力发电,4.64,3.8,0.0
2019-06-18,6.59,7.24,6.52,6.91,6.59,0.3200000000000003,4.86,27115211.0,120176173.0,1.568,0.028932,0.0365609999999999,3.1,18.61,14.517,1.6397,1.311,1.5882,0.0,,1270000000.0,937200000.0,741653000.0,5600700000.0,4133052000.0,新型电力,公用事业,电力,风力发电,4.62,3.78,0.0
2019-06-19,6.99,7.09,6.79,6.91,6.91,0.0,0.0,22176116.0,97402452.0,1.568,0.023662,0.029901,1.81,18.61,14.517,1.6397,1.311,1.5882,0.0,,1270000000.0,937200000.0,741653000.0,5600700000.0,4133052000.0,新型电力,公用事业,电力,风力发电,4.85,3.97,0.0
2019-06-20,6.84,6.98,6.74,6.84,6.91,-0.0700000000000002,-1.01,14829425.0,64789252.0,1.568,0.015823,0.019995,0.98,18.399,14.3524,1.6211,1.2961,1.5702,0.0,,1270000000.0,937200000.0,741653000.0,5537200000.0,4086192000.0,新型电力,公用事业,电力,风力发电,4.85,3.97,0.0
2019-06-21,6.87,6.99,6.84,6.96,6.84,0.1200000000000001,1.75,13577635.0,59863994.0,1.568,0.014487,0.018307,0.82,18.7366,14.6158,1.6509,1.3199,1.599,0.0,,1270000000.0,937200000.0,741653000.0,5638800000.0,4161168000.0,新型电力,公用事业,电力,风力发电,4.8,3.92,0.0
2019-06-24,6.99,6.99,6.76,6.82,6.96,-0.1399999999999996,-2.01,9813771.0,42828646.0,1.568,0.010471,0.0132319999999999,0.57,18.3568,14.3195,1.6174,1.2932,1.5666,0.0,,1270000000.0,937200000.0,741653000.0,5524500000.0,4076820000.0,新型电力,公用事业,电力,风力发电,4.88,4.0,0.0
2019-06-25,6.84,6.88,6.73,6.76,6.82,-0.0600000000000005,-0.88,8049300.0,34831411.0,1.568,0.008589,0.010853,0.46,18.188,14.1879,1.6025,1.2813,1.5522,0.0,,1270000000.0,937200000.0,741653000.0,5473700000.0,4039332000.0,新型电力,公用事业,电力,风力发电,4.79,3.92,0.0
2019-06-26,6.73,6.82,6.66,6.7,6.76,-0.0599999999999996,-0.89,6447300.0,27732199.0,1.568,0.006879,0.008693,0.47,18.0192,14.0562,1.5877,1.2694,1.5378,0.0,,1270000000.0,937200000.0,741653000.0,5422900000.0,4001844000.0,新型电力,公用事业,电力,风力发电,4.74,3.88,0.0
2019-06-27,6.7,6.84,6.66,6.71,6.7,0.0099999999999997,0.15,6766900.0,29136213.0,1.568,0.00722,0.009124,0.64,18.0614,14.0891,1.5914,1.2724,1.5414,0.0,,1270000000.0,937200000.0,741653000.0,5435600000.0,4011216000.0,新型电力,公用事业,电力,风力发电,4.7,3.84,0.0
2019-06-28,6.74,6.74,6.55,6.66,6.71,-0.0499999999999998,-0.75,8921290.0,37711942.0,1.568,0.009519,0.012029,1.0,17.9348,13.9903,1.5802,1.2634,1.5306,0.0,,1270000000.0,937200000.0,741653000.0,5397500000.0,3983100000.0,新型电力,公用事业,电力,风力发电,4.71,3.85,0.0
2019-07-01,6.76,6.82,6.73,6.79,6.66,0.1299999999999999,1.95,9120020.0,39379676.0,1.568,0.009731,0.012297,1.14,18.2724,14.2537,1.61,1.2872,1.5594,0.0,,1270000000.0,937200000.0,741653000.0,5499100000.0,4058076000.0,新型电力,公用事业,电力,风力发电,4.68,3.83,0.0
2019-07-02,6.79,6.79,6.54,6.6,6.79,-0.1900000000000004,-2.8,14388200.0,60905623.0,1.568,0.015352,0.0194,1.83,17.766,13.8587,1.5653,1.2516,1.5162,0.0,,1270000000.0,937200000.0,741653000.0,5346700000.0,3945612000.0,新型电力,公用事业,电力,风力发电,4.76,3.9,0.0
2019-07-03,6.59,6.66,6.54,6.59,6.6,-0.0099999999999997,-0.15,6633947.0,27884443.0,1.568,0.007078,0.008945,0.73,17.7238,13.8258,1.5616,1.2486,1.5126,0.0,,1270000000.0,937200000.0,741653000.0,5334000000.0,3936240000.0,新型电力,公用事业,电力,风力发电,4.63,3.79,0.0
2019-07-04,6.6,6.63,6.46,6.48,6.59,-0.1099999999999994,-1.67,7675800.0,31862643.0,1.568,0.00819,0.01035,0.84,17.4284,13.5953,1.5356,1.2278,1.4874,0.0,,1270000000.0,937200000.0,741653000.0,5245100000.0,3870636000.0,新型电力,公用事业,电力,风力发电,4.62,3.78,0.0
2019-07-05,6.46,6.62,6.44,6.54,6.48,0.0599999999999996,0.93,7816000.999999999,32647460.0,1.568,0.00834,0.010539,0.84,17.5972,13.727,1.5505,1.2397,1.5018,0.0,,1270000000.0,937200000.0,741653000.0,5295900000.0,3908124000.0,新型电力,公用事业,电力,风力发电,4.54,3.72,0.0
2019-07-08,6.54,6.59,6.26,6.33,6.54,-0.2099999999999999,-3.21,9930905.0,40482094.0,1.568,0.010596,0.0133899999999999,1.09,17.0486,13.2991,1.5021,1.201,1.4549,0.0,,1270000000.0,937200000.0,741653000.0,5130800000.0,3786288000.0,新型电力,公用事业,电力,风力发电,4.59,3.75,0.0
2019-07-09,6.29,6.43,6.29,6.37,6.33,0.04,0.63,6687336.0,27155132.0,1.568,0.007135,0.0090169999999999,0.72,17.133,13.3649,1.5096,1.207,1.4621,0.0,,1270000000.0,937200000.0,741653000.0,5156200000.0,3805032000.0,新型电力,公用事业,电力,风力发电,4.44,3.64,0.0
2019-07-10,6.4,6.43,6.35,6.35,6.37,-0.0200000000000004,-0.31,4724520.0,19238878.0,1.568,0.005041,0.00637,0.61,17.0908,13.332,1.5059,1.204,1.4585,0.0,,1270000000.0,937200000.0,741653000.0,5143500000.0,3795660000.0,新型电力,公用事业,电力,风力发电,4.47,3.65,0.0
2019-07-11,6.37,6.48,6.35,6.48,6.35,0.1300000000000007,2.05,5223800.0,21382286.0,1.568,0.005574,0.007043,0.71,17.4284,13.5953,1.5356,1.2278,1.4874,0.0,,1270000000.0,937200000.0,741653000.0,5245100000.0,3870636000.0,新型电力,公用事业,电力,风力发电,4.46,3.65,0.0
2019-07-12,6.46,6.48,6.38,6.46,6.48,-0.0200000000000004,-0.31,4398351.0,18049085.0,1.568,0.004693,0.0059299999999999,0.64,17.3862,13.5624,1.5319,1.2248,1.4838,0.0,,1270000000.0,937200000.0,741653000.0,5232400000.0,3861264000.0,新型电力,公用事业,电力,风力发电,4.54,3.72,0.0
2019-07-15,6.49,6.59,6.4,6.57,6.46,0.1100000000000003,1.7,11221365.0,46515262.0,1.568,0.011973,0.01513,1.81,17.6816,13.7928,1.5579,1.2456,1.509,0.0,,1270000000.0,937200000.0,741653000.0,5321300000.0,3926868000.0,新型电力,公用事业,电力,风力发电,4.53,3.71,0.0
2019-07-16,6.51,6.68,6.48,6.63,6.57,0.0599999999999996,0.91,9856756.0,41190344.0,1.568,0.010517,0.01329,1.53,17.8504,13.9245,1.5728,1.2575,1.5234,0.0,,1270000000.0,937200000.0,741653000.0,5372100000.0,3964356000.0,新型电力,公用事业,电力,风力发电,4.61,3.77,0.0
2019-07-17,6.57,6.57,6.48,6.49,6.63,-0.1399999999999996,-2.11,7113367.0,29539321.0,1.568,0.00759,0.0095909999999999,1.0,17.4706,13.6282,1.5393,1.2307,1.491,0.0,,1270000000.0,937200000.0,741653000.0,5257800000.0,3880008000.0,新型电力,公用事业,电力,风力发电,4.65,3.81,0.0
2019-07-18,6.48,6.48,6.33,6.35,6.49,-0.1400000000000005,-2.16,5508000.0,22413225.0,1.568,0.005877,0.007427,0.73,17.0908,13.332,1.5059,1.204,1.4585,0.0,,1270000000.0,937200000.0,741653000.0,5143500000.0,3795660000.0,新型电力,公用事业,电力,风力发电,4.55,3.73,0.0
2019-07-19,6.35,6.51,6.35,6.4,6.35,0.0500000000000007,0.79,4412130.0,18138879.0,1.568,0.0034739999999999,0.0059489999999999,0.58,17.2174,13.4307,1.517,1.2129,1.4694,0.0,,1270000000.0,1270000000.0,741653000.0,5181600000.0,5181600000.0,新型电力,公用事业,电力,风力发电,4.46,3.65,0.0
2019-07-22,6.43,6.48,6.27,6.29,6.4,-0.1100000000000003,-1.72,6135130.0,24738096.0,1.568,0.0048309999999999,0.008272,0.8,16.922,13.2003,1.491,1.1921,1.4441,0.0,,1270000000.0,1270000000.0,741653000.0,5092700000.0,5092700000.0,新型电力,公用事业,电力,风力发电,4.49,3.67,0.0
2019-07-23,6.27,6.32,6.24,6.29,6.29,0.0,0.0,5251200.0,21027961.0,1.568,0.004135,0.0070799999999999,0.8,16.922,13.2003,1.491,1.1921,1.4441,0.0,,1270000000.0,1270000000.0,741653000.0,5092700000.0,5092700000.0,新型电力,公用事业,电力,风力发电,4.41,3.61,0.0
2019-07-24,6.3,6.35,6.27,6.32,6.29,0.0300000000000002,0.48,4938602.0,19917296.0,1.568,0.003889,0.006659,0.87,17.0064,13.2661,1.4984,1.198,1.4513,0.0,,1270000000.0,1270000000.0,741653000.0,5118100000.0,5118100000.0,新型电力,公用事业,电力,风力发电,4.41,3.61,0.0
2019-07-25,6.33,6.33,6.24,6.27,6.32,-0.0500000000000007,-0.79,6010900.0,24043150.0,1.568,0.004733,0.008105,1.15,16.8798,13.1674,1.4873,1.1891,1.4405,0.0,,1270000000.0,1270000000.0,741653000.0,5080000000.0,5080000000.0,新型电力,公用事业,电力,风力发电,4.43,3.63,0.0
2019-07-26,6.41,6.74,6.37,6.7,6.27,0.4300000000000006,6.86,25153752.0,106063516.0,1.568,0.019806,0.033916,4.7,18.0192,14.0562,1.5877,1.2694,1.5378,0.0,,1270000000.0,1270000000.0,741653000.0,5422900000.0,5422900000.0,新型电力,公用事业,电力,风力发电,4.4,3.6,0.0
2019-07-29,6.59,6.66,6.52,6.54,6.7,-0.1600000000000001,-2.39,11187200.0,46895764.0,1.568,0.008809,0.015084,1.18,17.5972,13.727,1.5505,1.2397,1.5018,0.0,,1270000000.0,1270000000.0,741653000.0,5295900000.0,5295900000.0,新型电力,公用事业,电力,风力发电,4.7,3.84,0.0
2019-07-30,6.51,6.55,6.48,6.51,6.54,-0.0300000000000002,-0.46,8194800.999999999,34088491.0,1.568,0.0064529999999999,0.011049,0.78,17.5128,13.6612,1.543,1.2337,1.4946,0.0,,1270000000.0,1270000000.0,741653000.0,5270500000.0,5270500000.0,新型电力,公用事业,电力,风力发电,4.59,3.75,0.0
2019-07-31,6.51,6.52,6.4,6.4,6.51,-0.1099999999999994,-1.69,5910600.0,24289588.0,1.568,0.004654,0.007969,0.53,17.2174,13.4307,1.517,1.2129,1.4694,0.0,,1270000000.0,1270000000.0,741653000.0,5181600000.0,5181600000.0,新型电力,公用事业,电力,风力发电,4.57,3.74,0.0
2019-08-01,6.35,6.52,6.35,6.44,6.4,0.04,0.63,6877200.0,28223772.0,1.568,0.005415,0.009273,0.61,17.344,13.5295,1.5282,1.2218,1.4802,0.0,,1270000000.0,1270000000.0,741653000.0,5219700000.0,5219700000.0,新型电力,公用事业,电力,风力发电,4.49,3.67,0.0
2019-08-02,6.33,6.4,6.27,6.33,6.44,-0.1100000000000003,-1.71,7701400.0,31059173.0,1.568,0.006064,0.010384,0.67,17.0486,13.2991,1.5021,1.201,1.4549,0.0,,1270000000.0,1270000000.0,741653000.0,5130800000.0,5130800000.0,新型电力,公用事业,电力,风力发电,4.52,3.7,0.0
2019-08-05,6.3,6.38,6.19,6.21,6.33,-0.1200000000000001,-1.9,7977299.000000001,31938734.0,1.568,0.006281,0.0107559999999999,1.0,16.711,13.0357,1.4724,1.1772,1.4261,0.0,,1270000000.0,1270000000.0,741653000.0,5029200000.0,5029200000.0,新型电力,公用事业,电力,风力发电,4.44,3.64,0.0
2019-08-06,6.05,6.12,5.72,5.96,6.21,-0.25,-4.03,10777044.0,40815972.0,1.568,0.008486,0.014531,1.47,16.0358,12.509,1.4129,1.1297,1.3685,0.0,,1270000000.0,1270000000.0,741653000.0,4826000000.0,4826000000.0,新型电力,公用事业,电力,风力发电,4.36,3.56,0.0
2019-08-07,5.99,6.04,5.88,5.91,5.96,-0.0499999999999998,-0.84,4566600.0,17380246.0,1.568,0.003596,0.006157,0.58,15.9092,12.4103,1.4017,1.1208,1.3577,0.0,,1270000000.0,1270000000.0,741653000.0,4787900000.0,4787900000.0,新型电力,公用事业,电力,风力发电,4.18,3.42,0.0
2019-08-08,5.96,5.96,5.86,5.94,5.91,0.0300000000000002,0.51,3769100.0,14244194.0,1.568,0.002968,0.005082,0.5,15.9936,12.4761,1.4092,1.1267,1.3649,0.0,,1270000000.0,1270000000.0,741653000.0,4813300000.0,4813300000.0,新型电力,公用事业,电力,风力发电,4.15,3.39,0.0
2019-08-09,5.97,5.99,5.8,5.82,5.94,-0.1200000000000001,-2.02,4199900.0,15739077.0,1.568,0.003307,0.005663,0.6,15.656,12.2127,1.3794,1.1029,1.3361,0.0,,1270000000.0,1270000000.0,741653000.0,4711700000.0,4711700000.0,新型电力,公用事业,电力,风力发电,4.17,3.41,0.0
2019-08-12,5.85,5.94,5.82,5.93,5.82,0.1099999999999994,1.89,5995350.0,22514134.0,1.568,0.004721,0.008084,0.96,15.9514,12.4432,1.4055,1.1237,1.3613,0.0,,1270000000.0,1270000000.0,741653000.0,4800600000.0,4800600000.0,新型电力,公用事业,电力,风力发电,4.08,3.34,0.0
2019-08-13,5.9,5.96,5.85,5.94,5.93,0.0100000000000006,0.17,4720949.0,17848283.0,1.568,0.003717,0.0063649999999999,0.81,15.9936,12.4761,1.4092,1.1267,1.3649,0.0,,1270000000.0,1270000000.0,741653000.0,4813300000.0,4813300000.0,新型电力,公用事业,电力,风力发电,4.16,3.4,0.0
2019-08-14,6.01,6.05,5.94,5.97,5.94,0.0299999999999993,0.51,4514860.0,17257265.0,1.568,0.003555,0.006088,0.97,16.078,12.5419,1.4166,1.1326,1.3721,0.0,,1270000000.0,1270000000.0,741653000.0,4838700000.0,4838700000.0,新型电力,公用事业,电力,风力发电,4.17,3.41,0.0
2019-08-15,5.82,5.97,5.71,5.94,5.97,-0.0299999999999993,-0.5,9660205.0,35948781.0,1.568,0.007606,0.013025,2.08,15.9936,12.4761,1.4092,1.1267,1.3649,0.0,,1270000000.0,1270000000.0,741653000.0,4813300000.0,4813300000.0,新型电力,公用事业,电力,风力发电,4.19,3.43,0.0
2019-08-16,5.93,5.96,5.86,5.91,5.94,-0.0300000000000002,-0.51,5872905.0,22193887.0,1.568,0.004624,0.007919,1.01,15.9092,12.4103,1.4017,1.1208,1.3577,0.0,,1270000000.0,1270000000.0,741653000.0,4787900000.0,4787900000.0,新型电力,公用事业,电力,风力发电,4.17,3.41,0.0
2019-08-19,5.96,6.13,5.91,6.13,5.91,0.2199999999999997,3.72,8745620.0,33596546.0,1.568,0.006886,0.011792,1.42,16.5,12.8711,1.4538,1.1624,1.4081,0.0,,1270000000.0,1270000000.0,741653000.0,4965700000.0,4965700000.0,新型电力,公用事业,电力,风力发电,4.15,3.39,0.0
2019-08-20,6.1,6.26,6.07,6.16,6.13,0.0300000000000002,0.49,6714600.0,26465312.0,1.568,0.0052869999999999,0.009054,1.0,16.5844,12.937,1.4612,1.1683,1.4153,0.0,,1270000000.0,1270000000.0,741653000.0,4991100000.0,4991100000.0,新型电力,公用事业,电力,风力发电,4.3,3.52,0.0
2019-08-21,6.12,6.32,6.12,6.29,6.16,0.1299999999999999,2.11,7352502.0,29294766.0,1.568,0.005789,0.009914,1.04,16.922,13.2003,1.491,1.1921,1.4441,0.0,,1270000000.0,1270000000.0,741653000.0,5092700000.0,5092700000.0,新型电力,公用事业,电力,风力发电,4.32,3.54,0.0
2019-08-22,6.27,6.43,6.22,6.4,6.29,0.1100000000000003,1.75,10139847.0,40878808.0,1.568,0.007984,0.013672,1.32,17.2174,13.4307,1.517,1.2129,1.4694,0.0,,1270000000.0,1270000000.0,741653000.0,5181600000.0,5181600000.0,新型电力,公用事业,电力,风力发电,4.41,3.61,0.0
2019-08-23,6.43,6.43,6.22,6.3,6.4,-0.1000000000000005,-1.56,11455307.0,46353454.0,1.568,0.00902,0.015446,1.48,16.9642,10.2411,1.4427,1.1951,1.9067,0.0,,1270000000.0,1270000000.0,741653000.0,5105400000.0,5105400000.0,新型电力,公用事业,电力,风力发电,4.49,3.67,0.0
2019-08-26,6.12,6.33,6.02,6.32,6.3,0.0200000000000004,0.32,9705200.0,38517385.0,1.568,0.0076419999999999,0.01351,1.09,17.0064,10.2666,1.4463,1.198,1.9115,0.0,,1270000000.0,1270000000.0,718351848.9999999,5118100000.0,5118100000.0,新型电力,公用事业,电力,风力发电,4.42,3.62,0.0
2019-08-27,6.37,6.37,6.26,6.32,6.32,0.0,0.0,8232410.000000001,33144496.0,1.568,0.006482,0.01146,0.91,17.0064,10.2666,1.4463,1.198,1.9115,0.0,,1270000000.0,1270000000.0,718351848.9999999,5118100000.0,5118100000.0,新型电力,公用事业,电力,风力发电,4.43,3.63,0.0
2019-08-28,6.29,6.33,6.24,6.32,6.32,0.0,0.0,6955557.000000001,27869873.0,1.568,0.0054769999999999,0.009683,0.74,17.0064,10.2666,1.4463,1.198,1.9115,0.0,,1270000000.0,1270000000.0,718351848.9999999,5118100000.0,5118100000.0,新型电力,公用事业,电力,风力发电,4.43,3.63,0.0
2019-08-29,6.33,6.33,6.22,6.26,6.32,-0.0600000000000005,-0.95,5851701.0,23403795.0,1.568,0.004608,0.008146,0.63,16.8376,10.1647,1.432,1.1862,1.8925,0.0,,1270000000.0,1270000000.0,718351848.9999999,5067300000.0,5067300000.0,新型电力,公用事业,电力,风力发电,4.43,3.63,0.0
2019-08-30,6.27,6.3,6.15,6.16,6.26,-0.0999999999999996,-1.6,5522200.0,21952215.0,1.568,0.004348,0.007687,0.65,16.5844,10.0118,1.4104,1.1683,1.8641,0.0,,1270000000.0,1270000000.0,718351848.9999999,4991100000.0,4991100000.0,新型电力,公用事业,电力,风力发电,4.39,3.59,0.0
2019-09-02,6.19,6.33,6.15,6.32,6.16,0.1600000000000001,2.6,7903813.0,31664261.0,1.568,0.0062229999999999,0.011003,1.09,17.0064,10.2666,1.4463,1.198,1.9115,0.0,,1270000000.0,1270000000.0,718351848.9999999,5118100000.0,5118100000.0,新型电力,公用事业,电力,风力发电,4.32,3.54,0.0
2019-09-03,6.32,6.32,6.24,6.29,6.32,-0.0300000000000002,-0.47,4831944.0,19314848.0,1.568,0.003805,0.0067259999999999,0.7,16.922,10.2156,1.4392,1.1921,1.902,0.0,,1270000000.0,1270000000.0,718351848.9999999,5092700000.0,5092700000.0,新型电力,公用事业,电力,风力发电,4.43,3.63,0.0
2019-09-04,6.26,6.29,6.21,6.27,6.29,-0.0200000000000004,-0.32,6501590.0,25914094.0,1.568,0.005119,0.009051,1.05,16.8798,10.1901,1.4356,1.1891,1.8973,0.0,,1270000000.0,1270000000.0,718351848.9999999,5080000000.0,5080000000.0,新型电力,公用事业,电力,风力发电,4.41,3.61,0.0
2019-09-05,6.3,6.41,6.27,6.29,6.27,0.0200000000000004,0.32,10186006.0,41149055.0,1.568,0.00802,0.01418,1.66,16.922,10.2156,1.4392,1.1921,1.902,0.0,,1270000000.0,1270000000.0,718351848.9999999,5092700000.0,5092700000.0,新型电力,公用事业,电力,风力发电,4.4,3.6,0.0
2019-09-06,6.32,6.32,6.21,6.27,6.29,-0.0200000000000004,-0.32,7167645.0,28608041.0,1.568,0.005644,0.009978,1.03,16.8798,10.1901,1.4356,1.1891,1.8973,0.0,,1270000000.0,1270000000.0,718351848.9999999,5080000000.0,5080000000.0,新型电力,公用事业,电力,风力发电,4.41,3.61,0.0
2019-09-09,6.32,6.37,6.27,6.35,6.27,0.08,1.28,10751347.0,43360862.0,1.568,0.008466,0.014967,1.47,17.0908,10.3175,1.4535,1.204,1.921,0.0,,1270000000.0,1270000000.0,718351848.9999999,5143500000.0,5143500000.0,新型电力,公用事业,电力,风力发电,4.4,3.6,0.0
2019-09-10,6.37,6.44,6.29,6.38,6.35,0.0300000000000002,0.47,13607301.0,55277412.0,1.568,0.010714,0.018942,1.73,17.1752,10.3685,1.4607,1.2099,1.9305,0.0,,1270000000.0,1270000000.0,718351848.9999999,5168900000.0,5168900000.0,新型电力,公用事业,电力,风力发电,4.46,3.65,0.0
2019-09-11,6.38,6.71,6.35,6.65,6.38,0.2700000000000004,4.23,24834812.0,103562112.0,1.568,0.019555,0.034572,2.58,17.8926,10.8016,1.5217,1.2605,2.0111,0.0,,1270000000.0,1270000000.0,718351848.9999999,5384800000.0,5384800000.0,新型电力,公用事业,电力,风力发电,4.48,3.66,0.0
2019-09-12,6.6,6.66,6.51,6.52,6.65,-0.1300000000000007,-1.95,14279572.0,59790260.0,1.568,0.011244,0.019878,1.07,17.555,10.5978,1.493,1.2367,1.9731,0.0,,1270000000.0,1270000000.0,718351848.9999999,5283200000.0,5283200000.0,新型电力,公用事业,电力,风力发电,4.66,3.82,0.0
2019-09-16,6.54,6.73,6.49,6.66,6.52,0.1400000000000005,2.15,13817200.0,58258395.0,1.568,0.01088,0.019235,0.98,17.9348,10.827,1.5253,1.2634,2.0158,0.0,,1270000000.0,1270000000.0,718351848.9999999,5397500000.0,5397500000.0,新型电力,公用事业,电力,风力发电,4.58,3.74,0.0
2019-09-17,6.66,6.68,6.49,6.51,6.66,-0.1500000000000003,-2.25,9799395.0,41007821.0,1.568,0.007716,0.013641,0.63,17.5128,10.5723,1.4894,1.2337,1.9684,0.0,,1270000000.0,1270000000.0,718351848.9999999,5270500000.0,5270500000.0,新型电力,公用事业,电力,风力发电,4.68,3.83,0.0
2019-09-18,6.48,6.62,6.44,6.51,6.51,0.0,0.0,8786401.0,36568458.0,1.568,0.006918,0.012231,0.58,17.5128,10.5723,1.4894,1.2337,1.9684,0.0,,1270000000.0,1270000000.0,718351848.9999999,5270500000.0,5270500000.0,新型电力,公用事业,电力,风力发电,4.57,3.74,0.0
2019-09-19,6.52,6.59,6.51,6.55,6.51,0.04,0.61,4588968.0,19159146.0,1.568,0.003613,0.006388,0.32,17.6394,10.6487,1.5002,1.2426,1.9826,0.0,,1270000000.0,1270000000.0,718351848.9999999,5308600000.0,5308600000.0,新型电力,公用事业,电力,风力发电,4.57,3.74,0.0
2019-09-20,6.59,7.06,6.57,6.6,6.55,0.0499999999999998,0.76,27536067.0,118241274.0,1.568,0.021682,0.038332,2.69,17.766,10.7251,1.5109,1.2516,1.9969,0.0,,1270000000.0,1270000000.0,718351848.9999999,5346700000.0,5346700000.0,新型电力,公用事业,电力,风力发电,4.6,3.76,0.0
2019-09-23,6.62,6.63,6.46,6.51,6.6,-0.0899999999999998,-1.36,8765300.0,36470176.0,1.568,0.006902,0.012202,0.68,17.5128,10.5723,1.4894,1.2337,1.9684,0.0,,1270000000.0,1270000000.0,718351848.9999999,5270500000.0,5270500000.0,新型电力,公用事业,电力,风力发电,4.63,3.79,0.0
2019-09-24,6.54,6.54,6.41,6.44,6.51,-0.0699999999999994,-1.08,10062167.0,41397639.0,1.568,0.007923,0.014007,0.85,17.344,10.4704,1.475,1.2218,1.9494,0.0,,1270000000.0,1270000000.0,718351848.9999999,5219700000.0,5219700000.0,新型电力,公用事业,电力,风力发电,4.57,3.74,0.0
2019-09-25,6.43,6.43,6.32,6.37,6.44,-0.0700000000000002,-1.09,8040661.0,32631101.0,1.568,0.006331,0.011193,0.67,17.133,10.343,1.4571,1.207,1.9257,0.0,,1270000000.0,1270000000.0,718351848.9999999,5156200000.0,5156200000.0,新型电力,公用事业,电力,风力发电,4.52,3.7,0.0
2019-09-26,6.38,6.4,6.12,6.13,6.37,-0.2400000000000002,-3.77,11256262.0,44733432.0,1.568,0.008863,0.01567,0.95,16.5,9.9609,1.4033,1.1624,1.8546,0.0,,1270000000.0,1270000000.0,718351848.9999999,4965700000.0,4965700000.0,新型电力,公用事业,电力,风力发电,4.47,3.65,0.0
2019-09-27,6.16,6.29,6.15,6.27,6.13,0.1399999999999996,2.28,6156867.0,24512151.0,1.568,0.004848,0.008571,0.47,16.8798,10.1901,1.4356,1.1891,1.8973,0.0,,1270000000.0,1270000000.0,718351848.9999999,5080000000.0,5080000000.0,新型电力,公用事业,电力,风力发电,4.3,3.52,0.0
2019-09-30,6.26,6.33,6.22,6.27,6.27,0.0,0.0,4407467.0,17665400.0,1.568,0.0034699999999999,0.006136,0.5,16.8798,10.1901,1.4356,1.1891,1.8973,0.0,,1270000000.0,1270000000.0,718351848.9999999,5080000000.0,5080000000.0,新型电力,公用事业,电力,风力发电,4.4,3.6,0.0
2019-10-08,6.26,6.33,6.21,6.22,6.27,-0.0499999999999998,-0.8,3147596.0,12601217.0,1.568,0.0024779999999999,0.004382,0.39,16.7532,10.1137,1.4248,1.1802,1.883,0.0,,1270000000.0,1270000000.0,718351848.9999999,5041900000.0,5041900000.0,新型电力,公用事业,电力,风力发电,4.4,3.6,0.0
2019-10-09,6.22,6.27,6.18,6.26,6.22,0.04,0.64,3174400.0,12587741.0,1.568,0.0025,0.004419,0.48,16.8376,10.1647,1.432,1.1862,1.8925,0.0,,1270000000.0,1270000000.0,718351848.9999999,5067300000.0,5067300000.0,新型电力,公用事业,电力,风力发电,4.37,3.57,0.0
2019-10-10,6.29,6.35,6.24,6.33,6.26,0.0700000000000002,1.12,4295600.0,17275236.0,1.568,0.003382,0.00598,0.76,17.0486,10.292,1.4499,1.201,1.9162,0.0,,1270000000.0,1270000000.0,718351848.9999999,5130800000.0,5130800000.0,新型电力,公用事业,电力,风力发电,4.39,3.59,0.0
2019-10-11,6.33,6.48,6.32,6.44,6.33,0.1100000000000003,1.74,6433595.0,26239222.0,1.568,0.005066,0.0089559999999999,1.52,17.344,10.4704,1.475,1.2218,1.9494,0.0,,1270000000.0,1270000000.0,718351848.9999999,5219700000.0,5219700000.0,新型电力,公用事业,电力,风力发电,4.44,3.64,0.0
2019-10-14,6.51,6.55,6.46,6.52,6.44,0.0799999999999991,1.24,6976253.0,28999124.0,1.568,0.005493,0.009711,1.63,17.555,10.5978,1.493,1.2367,1.9731,0.0,,1270000000.0,1270000000.0,718351848.9999999,5283200000.0,5283200000.0,新型电力,公用事业,电力,风力发电,4.52,3.7,0.0
2019-10-15,6.54,6.55,6.43,6.46,6.52,-0.0599999999999996,-0.92,6707700.0,27704382.0,1.568,0.005282,0.0093379999999999,1.4,17.3862,10.4958,1.4786,1.2248,1.9542,0.0,,1270000000.0,1270000000.0,718351848.9999999,5232400000.0,5232400000.0,新型电力,公用事业,电力,风力发电,4.58,3.74,0.0
2019-10-16,6.46,6.52,6.33,6.37,6.46,-0.0899999999999998,-1.39,6213683.0,25431553.0,1.568,0.004893,0.00865,1.13,17.133,10.343,1.4571,1.207,1.9257,0.0,,1270000000.0,1270000000.0,718351848.9999999,5156200000.0,5156200000.0,新型电力,公用事业,电力,风力发电,4.53,3.71,0.0
2019-10-17,6.38,6.41,6.3,6.33,6.37,-0.04,-0.63,4377283.0,17750406.0,1.568,0.003447,0.006094,0.71,17.0486,10.292,1.4499,1.201,1.9162,0.0,,1270000000.0,1270000000.0,718351848.9999999,5130800000.0,5130800000.0,新型电力,公用事业,电力,风力发电,4.47,3.65,0.0
2019-10-18,6.33,6.37,6.21,6.26,6.33,-0.0700000000000002,-1.11,5024974.0,20149049.0,1.568,0.003957,0.006995,0.82,16.8376,10.1647,1.432,1.1862,1.8925,0.0,,1270000000.0,1270000000.0,718351848.9999999,5067300000.0,5067300000.0,新型电力,公用事业,电力,风力发电,4.44,3.64,0.0
2019-10-21,6.27,6.27,6.02,6.16,6.26,-0.0999999999999996,-1.6,8145700.0,31756209.0,1.568,0.0064139999999999,0.0113389999999999,1.39,16.5844,10.0118,1.4104,1.1683,1.8641,0.0,,1270000000.0,1270000000.0,718351848.9999999,4991100000.0,4991100000.0,新型电力,公用事业,电力,风力发电,4.39,3.59,0.0
2019-10-22,6.24,6.29,6.18,6.24,6.16,0.08,1.3,7206900.0,28683085.0,1.568,0.005675,0.010033,1.18,16.7954,9.3599,1.431,1.1832,1.8886,0.0,,1270000000.0,1270000000.0,718351848.9999999,5054600000.0,5054600000.0,新型电力,公用事业,电力,风力发电,4.32,3.54,0.0
2019-10-23,6.27,6.27,6.12,6.13,6.24,-0.1100000000000003,-1.76,6293401.0,24748820.0,1.568,0.004955,0.008761,1.02,16.5,9.1953,1.4058,1.1624,1.8553,0.0,,1270000000.0,1270000000.0,718351848.9999999,4965700000.0,4965700000.0,新型电力,公用事业,电力,风力发电,4.38,3.58,0.0
2019-10-24,6.15,6.19,6.13,6.16,6.13,0.0300000000000002,0.49,4496000.0,17662624.0,1.568,0.0035399999999999,0.006259,0.72,16.5844,9.2423,1.413,1.1683,1.8648,0.0,,1270000000.0,1270000000.0,718351848.9999999,4991100000.0,4991100000.0,新型电力,公用事业,电力,风力发电,4.3,3.52,0.0
2019-10-25,6.19,6.19,6.07,6.16,6.16,0.0,0.0,4812601.0,18807667.0,1.568,0.003789,0.0067,0.77,16.5844,9.2423,1.413,1.1683,1.8648,0.0,,1270000000.0,1270000000.0,718351848.9999999,4991100000.0,4991100000.0,新型电力,公用事业,电力,风力发电,4.32,3.54,0.0
2019-10-28,6.16,6.24,6.13,6.24,6.16,0.08,1.3,6352675.0,25056379.0,1.568,0.0050019999999999,0.008843,1.03,16.7954,9.3599,1.431,1.1832,1.8886,0.0,,1270000000.0,1270000000.0,718351848.9999999,5054600000.0,5054600000.0,新型电力,公用事业,电力,风力发电,4.32,3.54,0.0
2019-10-29,6.22,6.26,6.1,6.1,6.24,-0.1400000000000005,-2.24,6508000.0,25454711.0,1.568,0.005124,0.00906,1.12,16.4156,9.1482,1.3986,1.1564,1.8459,0.0,,1270000000.0,1270000000.0,718351848.9999999,4940300000.0,4940300000.0,新型电力,公用事业,电力,风力发电,4.38,3.58,0.0
2019-10-30,6.1,6.12,6.04,6.05,6.1,-0.0499999999999998,-0.82,4480400.0,17324708.0,1.568,0.003528,0.006237,0.79,16.289,9.0777,1.3878,1.1475,1.8316,0.0,,1270000000.0,1270000000.0,718351848.9999999,4902200000.0,4902200000.0,新型电力,公用事业,电力,风力发电,4.28,3.5,0.0
2019-10-31,6.04,6.08,5.96,5.96,6.05,-0.0899999999999998,-1.49,4521425.0,17317785.0,1.568,0.00356,0.0062939999999999,0.85,16.0358,8.9366,1.3663,1.1297,1.8032,0.0,,1270000000.0,1270000000.0,718351848.9999999,4826000000.0,4826000000.0,新型电力,公用事业,电力,风力发电,4.25,3.47,0.0
2019-11-01,5.96,6.02,5.9,5.99,5.96,0.0300000000000002,0.5,3356700.0,12772802.0,1.568,0.002643,0.004673,0.63,16.1202,8.9836,1.3735,1.1356,1.8126,0.0,,1270000000.0,1270000000.0,718351848.9999999,4851400000.0,4851400000.0,新型电力,公用事业,电力,风力发电,4.18,3.42,0.0
2019-11-04,6.02,6.02,5.96,5.99,5.99,0.0,0.0,3878500.0,14811154.0,1.568,0.003054,0.005399,0.77,16.1202,8.9836,1.3735,1.1356,1.8126,0.0,,1270000000.0,1270000000.0,718351848.9999999,4851400000.0,4851400000.0,新型电力,公用事业,电力,风力发电,4.2,3.44,0.0
2019-11-05,5.97,6.07,5.93,6.07,5.99,0.08,1.34,5871746.0,22479280.0,1.568,0.0046229999999999,0.008174,1.29,16.3312,9.1012,1.3914,1.1505,1.8364,0.0,,1270000000.0,1270000000.0,718351848.9999999,4914900000.0,4914900000.0,新型电力,公用事业,电力,风力发电,4.2,3.44,0.0
2019-11-06,6.05,6.05,5.97,5.99,6.07,-0.08,-1.32,5220783.0,19972733.0,1.568,0.004111,0.007268,1.18,16.1202,8.9836,1.3735,1.1356,1.8126,0.0,,1270000000.0,1270000000.0,718351848.9999999,4851400000.0,4851400000.0,新型电力,公用事业,电力,风力发电,4.26,3.48,0.0
2019-11-07,5.99,6.02,5.94,5.99,5.99,0.0,0.0,3791471.0,14451573.0,1.568,0.002985,0.005278,0.83,16.1202,8.9836,1.3735,1.1356,1.8126,0.0,,1270000000.0,1270000000.0,718351848.9999999,4851400000.0,4851400000.0,新型电力,公用事业,电力,风力发电,4.2,3.44,0.0
2019-11-08,6.01,6.08,6.01,6.02,5.99,0.0299999999999993,0.5,3931305.000000001,15122346.0,1.568,0.003096,0.005473,0.89,16.2046,9.0307,1.3807,1.1416,1.8221,0.0,,1270000000.0,1270000000.0,718351848.9999999,4876800000.0,4876800000.0,新型电力,公用事业,电力,风力发电,4.2,3.44,0.0
2019-11-11,6.01,6.07,5.9,5.91,6.02,-0.1099999999999994,-1.83,5225305.0,19885024.0,1.568,0.004114,0.007274,1.15,15.9092,8.866,1.3555,1.1208,1.7889,0.0,,1270000000.0,1270000000.0,718351848.9999999,4787900000.0,4787900000.0,新型电力,公用事业,电力,风力发电,4.22,3.46,0.0
2019-11-12,5.9,5.93,5.72,5.86,5.91,-0.0499999999999998,-0.85,5619664.0,20891747.0,1.568,0.004425,0.007823,1.17,15.7826,8.7955,1.3447,1.1118,1.7747,0.0,,1270000000.0,1270000000.0,718351848.9999999,4749800000.0,4749800000.0,新型电力,公用事业,电力,风力发电,4.15,3.39,0.0
2019-11-13,5.83,5.86,5.74,5.77,5.86,-0.0900000000000007,-1.54,3668800.0,13544375.0,1.568,0.002889,0.005107,0.77,15.5294,8.6544,1.3231,1.094,1.7462,0.0,,1270000000.0,1270000000.0,718351848.9999999,4673600000.0,4673600000.0,新型电力,公用事业,电力,风力发电,4.11,3.37,0.0
2019-11-14,5.77,5.83,5.77,5.82,5.77,0.0500000000000007,0.87,3706700.0,13719261.0,1.568,0.0029189999999999,0.00516,0.83,15.656,8.7249,1.3339,1.1029,1.7604,0.0,,1270000000.0,1270000000.0,718351848.9999999,4711700000.0,4711700000.0,新型电力,公用事业,电力,风力发电,4.05,3.31,0.0
2019-11-15,5.8,5.91,5.75,5.9,5.82,0.08,1.37,4468358.0,16699803.0,1.568,0.003518,0.00622,1.01,15.867,8.8425,1.3519,1.1178,1.7842,0.0,,1270000000.0,1270000000.0,718351848.9999999,4775200000.0,4775200000.0,新型电力,公用事业,电力,风力发电,4.08,3.34,0.0
2019-11-18,5.93,5.94,5.86,5.91,5.9,0.0099999999999997,0.17,3464500.0,13039537.0,1.568,0.002728,0.004823,0.76,15.9092,8.866,1.3555,1.1208,1.7889,0.0,,1270000000.0,1270000000.0,718351848.9999999,4787900000.0,4787900000.0,新型电力,公用事业,电力,风力发电,4.14,3.38,0.0
2019-11-19,5.91,5.99,5.88,5.94,5.91,0.0300000000000002,0.51,3660129.0,13852439.0,1.568,0.002882,0.005095,0.87,15.9936,8.9131,1.3627,1.1267,1.7984,0.0,,1270000000.0,1270000000.0,718351848.9999999,4813300000.0,4813300000.0,新型电力,公用事业,电力,风力发电,4.15,3.39,0.0
2019-11-20,5.93,6.05,5.93,5.99,5.94,0.0499999999999998,0.84,5025466.0,19237907.0,1.568,0.003957,0.006996,1.32,16.1202,8.9836,1.3735,1.1356,1.8126,0.0,,1270000000.0,1270000000.0,718351848.9999999,4851400000.0,4851400000.0,新型电力,公用事业,电力,风力发电,4.17,3.41,0.0
2019-11-21,5.96,6.02,5.94,5.99,5.99,0.0,0.0,2796274.0,10662718.0,1.568,0.002202,0.0038929999999999,0.69,16.1202,8.9836,1.3735,1.1356,1.8126,0.0,,1270000000.0,1270000000.0,718351848.9999999,4851400000.0,4851400000.0,新型电力,公用事业,电力,风力发电,4.2,3.44,0.0
2019-11-22,6.16,6.43,6.07,6.1,5.99,0.1099999999999994,1.84,22292184.0,88508435.0,1.568,0.017553,0.031032,5.74,16.4156,9.1482,1.3986,1.1564,1.8459,0.0,,1270000000.0,1270000000.0,718351848.9999999,4940300000.0,4940300000.0,新型电力,公用事业,电力,风力发电,4.2,3.44,0.0
2019-11-25,6.02,6.07,5.83,5.97,6.1,-0.1299999999999999,-2.13,12913158.0,49042193.0,1.568,0.010168,0.017976,1.73,16.078,8.9601,1.3699,1.1326,1.8079,0.0,,1270000000.0,1270000000.0,718351848.9999999,4838700000.0,4838700000.0,新型电力,公用事业,电力,风力发电,4.28,3.5,0.0
2019-11-26,5.93,6.02,5.93,5.99,5.97,0.0200000000000004,0.34,4554700.0,17356528.0,1.568,0.0035859999999999,0.00634,0.49,16.1202,8.9836,1.3735,1.1356,1.8126,0.0,,1270000000.0,1270000000.0,718351848.9999999,4851400000.0,4851400000.0,新型电力,公用事业,电力,风力发电,4.19,3.43,0.0
2019-11-27,5.99,6.1,5.93,6.04,5.99,0.0499999999999998,0.83,5527700.0,21247278.0,1.568,0.004353,0.007695,0.58,16.2468,9.0542,1.3843,1.1445,1.8269,0.0,,1270000000.0,1270000000.0,718351848.9999999,4889500000.0,4889500000.0,新型电力,公用事业,电力,风力发电,4.2,3.44,0.0
2019-11-28,6.05,6.35,5.88,5.99,6.04,-0.0499999999999998,-0.83,18079474.0,70752208.0,1.568,0.014236,0.025168,1.88,16.1202,8.9836,1.3735,1.1356,1.8126,0.0,,1270000000.0,1270000000.0,718351848.9999999,4851400000.0,4851400000.0,新型电力,公用事业,电力,风力发电,4.24,3.47,0.0
2019-11-29,6.04,6.18,6.02,6.16,5.99,0.1699999999999999,2.84,8313655.0,32402666.0,1.568,0.006546,0.011573,0.66,16.5844,9.2423,1.413,1.1683,1.8648,0.0,,1270000000.0,1270000000.0,718351848.9999999,4991100000.0,4991100000.0,新型电力,公用事业,电力,风力发电,4.2,3.44,0.0
2019-12-02,6.16,6.32,6.15,6.19,6.16,0.0300000000000002,0.49,9721133.0,38642442.0,1.568,0.0076539999999999,0.013533,0.98,16.6688,9.2894,1.4202,1.1743,1.8743,0.0,,1270000000.0,1270000000.0,718351848.9999999,5016500000.0,5016500000.0,新型电力,公用事业,电力,风力发电,4.32,3.54,0.0
2019-12-03,6.15,6.22,6.15,6.19,6.19,0.0,0.0,4989633.0,19698633.0,1.568,0.003929,0.006946,0.54,16.6688,9.2894,1.4202,1.1743,1.8743,0.0,,1270000000.0,1270000000.0,718351848.9999999,5016500000.0,5016500000.0,新型电力,公用事业,电力,风力发电,4.35,3.56,0.0
2019-12-04,6.19,6.24,6.16,6.21,6.19,0.0199999999999995,0.32,5466333.0,21613489.0,1.568,0.004304,0.00761,0.59,16.711,9.3129,1.4238,1.1772,1.8791,0.0,,1270000000.0,1270000000.0,718351848.9999999,5029200000.0,5029200000.0,新型电力,公用事业,电力,风力发电,4.35,3.56,0.0
2019-12-05,6.21,6.24,6.18,6.22,6.21,0.0099999999999997,0.16,4693043.0,18607004.0,1.568,0.003695,0.006533,0.5,16.7532,9.3364,1.4274,1.1802,1.8838,0.0,,1270000000.0,1270000000.0,718351848.9999999,5041900000.0,5041900000.0,新型电力,公用事业,电力,风力发电,4.36,3.56,0.0
2019-12-06,6.22,6.22,6.12,6.15,6.22,-0.0699999999999994,-1.13,5996056.0,23532214.0,1.568,0.004721,0.008347,0.9,16.5422,9.2188,1.4094,1.1653,1.8601,0.0,,1270000000.0,1270000000.0,718351848.9999999,4978400000.0,4978400000.0,新型电力,公用事业,电力,风力发电,4.37,3.57,0.0
2019-12-09,6.15,6.21,6.08,6.12,6.15,-0.0300000000000002,-0.49,6439400.0,25200464.0,1.568,0.00507,0.008964,1.04,16.4578,9.1718,1.4022,1.1594,1.8506,0.0,,1270000000.0,1270000000.0,718351848.9999999,4953000000.0,4953000000.0,新型电力,公用事业,电力,风力发电,4.31,3.53,0.0
2019-12-10,6.12,6.13,6.05,6.12,6.12,0.0,0.0,4157344.0,16161315.0,1.568,0.003273,0.005787,0.75,16.4578,9.1718,1.4022,1.1594,1.8506,0.0,,1270000000.0,1270000000.0,718351848.9999999,4953000000.0,4953000000.0,新型电力,公用事业,电力,风力发电,4.29,3.51,0.0
2019-12-11,6.12,6.19,6.08,6.13,6.12,0.0099999999999997,0.16,4913067.0,19275765.0,1.568,0.003869,0.006839,0.92,16.5,9.1953,1.4058,1.1624,1.8553,0.0,,1270000000.0,1270000000.0,718351848.9999999,4965700000.0,4965700000.0,新型电力,公用事业,电力,风力发电,4.29,3.51,0.0
2019-12-12,6.16,6.3,6.13,6.26,6.13,0.1299999999999999,2.12,10692340.0,42611983.0,1.568,0.008419,0.0148849999999999,2.04,16.8376,9.3834,1.4346,1.1862,1.8933,0.0,,1270000000.0,1270000000.0,718351848.9999999,5067300000.0,5067300000.0,新型电力,公用事业,电力,风力发电,4.3,3.52,0.0
2019-12-13,6.26,6.32,6.21,6.29,6.26,0.0300000000000002,0.48,8565394.0,34309780.0,1.568,0.006744,0.0119239999999999,1.33,16.922,9.4305,1.4418,1.1921,1.9028,0.0,,1270000000.0,1270000000.0,718351848.9999999,5092700000.0,5092700000.0,新型电力,公用事业,电力,风力发电,4.39,3.59,0.0
2019-12-16,6.3,6.33,6.24,6.3,6.29,0.0099999999999997,0.16,8457100.0,33947328.0,1.568,0.006659,0.011773,1.22,16.9642,9.454,1.4454,1.1951,1.9075,0.0,,1270000000.0,1270000000.0,718351848.9999999,5105400000.0,5105400000.0,新型电力,公用事业,电力,风力发电,4.41,3.61,0.0
2019-12-17,6.3,6.43,6.27,6.35,6.3,0.0499999999999998,0.79,12983500.0,52667912.0,1.568,0.010223,0.018074,1.76,17.0908,9.5245,1.4562,1.204,1.9218,0.0,,1270000000.0,1270000000.0,718351848.9999999,5143500000.0,5143500000.0,新型电力,公用事业,电力,风力发电,4.42,3.62,0.0
2019-12-18,6.35,6.66,6.32,6.44,6.35,0.0900000000000007,1.42,20320400.0,84294689.0,1.568,0.016,0.028288,2.23,17.344,9.6656,1.4777,1.2218,1.9503,0.0,,1270000000.0,1270000000.0,718351848.9999999,5219700000.0,5219700000.0,新型电力,公用事业,电力,风力发电,4.46,3.65,0.0
2019-12-19,6.4,6.74,6.4,6.74,6.44,0.2999999999999998,4.66,20427700.0,85847919.0,1.568,0.016085,0.028437,1.67,18.1458,10.1125,1.546,1.2783,2.0404,0.0,,1270000000.0,1270000000.0,718351848.9999999,5461000000.0,5461000000.0,新型电力,公用事业,电力,风力发电,4.52,3.7,0.0
2019-12-20,6.87,7.42,6.74,7.23,6.74,0.4900000000000002,7.27,69712715.0,316134374.0,1.568,0.054892,0.0970449999999999,4.93,19.4539,10.8415,1.6575,1.3705,2.1875,0.0,,1270000000.0,1270000000.0,718351848.9999999,5854700000.0,5854700000.0,新型电力,公用事业,电力,风力发电,4.73,3.87,0.0
2019-12-23,7.02,7.04,6.51,6.59,7.23,-0.6400000000000006,-8.85,44387079.0,190805159.0,1.568,0.03495,0.06179,1.68,17.7238,9.8773,1.5101,1.2486,1.993,0.0,,1270000000.0,1270000000.0,718351848.9999999,5334000000.0,5334000000.0,新型电力,公用事业,电力,风力发电,5.07,4.15,0.0
2019-12-24,6.59,6.9,6.49,6.7,6.59,0.1100000000000003,1.67,24373706.0,103567188.0,1.568,0.019192,0.0339299999999999,0.73,18.0192,10.0419,1.5353,1.2694,2.0262,0.0,,1270000000.0,1270000000.0,718351848.9999999,5422900000.0,5422900000.0,新型电力,公用事业,电力,风力发电,4.62,3.78,0.0
2019-12-25,6.71,6.74,6.57,6.7,6.7,0.0,0.0,13939300.0,59017064.0,1.568,0.010976,0.019405,0.39,18.0192,10.0419,1.5353,1.2694,2.0262,0.0,,1270000000.0,1270000000.0,718351848.9999999,5422900000.0,5422900000.0,新型电力,公用事业,电力,风力发电,4.7,3.84,0.0
2019-12-26,6.68,6.84,6.65,6.73,6.7,0.0300000000000002,0.45,15015718.0,64391284.0,1.568,0.0118229999999999,0.020903,0.43,18.1036,10.0889,1.5425,1.2753,2.0357,0.0,,1270000000.0,1270000000.0,718351848.9999999,5448300000.0,5448300000.0,新型电力,公用事业,电力,风力发电,4.7,3.84,0.0
2019-12-27,6.73,6.77,6.57,6.63,6.73,-0.1000000000000005,-1.49,17109705.0,72956245.0,1.568,0.013472,0.023818,0.51,17.8504,9.9478,1.5209,1.2575,2.0072,0.0,,1270000000.0,1270000000.0,718351848.9999999,5372100000.0,5372100000.0,新型电力,公用事业,电力,风力发电,4.72,3.86,0.0
2019-12-30,6.52,6.65,6.46,6.62,6.63,-0.0099999999999997,-0.15,13070110.0,54682494.0,1.568,0.010291,0.018195,0.57,17.8082,9.9243,1.5173,1.2545,2.0024,0.0,,1270000000.0,1270000000.0,718351848.9999999,5359400000.0,5359400000.0,新型电力,公用事业,电力,风力发电,4.65,3.81,0.0
2019-12-31,6.59,6.88,6.59,6.79,6.62,0.1699999999999999,2.57,18208834.0,78703726.0,1.568,0.014338,0.025348,1.09,18.2724,10.183,1.5568,1.2872,2.0546,0.0,,1270000000.0,1270000000.0,718351848.9999999,5499100000.0,5499100000.0,新型电力,公用事业,电力,风力发电,4.64,3.8,0.0
2020-01-02,6.87,6.87,6.73,6.8,6.79,0.0099999999999997,0.15,16149506.0,70031530.0,1.5677,0.012716,0.022481,1.04,18.3146,10.2065,1.5604,1.2902,2.0594,0.0,,1270000000.0,1270000000.0,718351848.9999999,5511800000.0,5511800000.0,新型电力,公用事业,电力,风力发电,4.76,3.9,0.0
2020-01-03,6.79,6.82,6.71,6.8,6.8,0.0,0.0,9678816.0,41763044.0,1.5677,0.007621,0.013474,0.61,18.3146,10.2065,1.5604,1.2902,2.0594,0.0,,1270000000.0,1270000000.0,718351848.9999999,5511800000.0,5511800000.0,新型电力,公用事业,电力,风力发电,4.77,3.91,0.0
2020-01-06,6.82,7.07,6.77,6.94,6.8,0.1400000000000005,2.06,26009088.0,115307348.0,1.5677,0.02048,0.0362069999999999,1.75,18.6944,10.4182,1.5928,1.317,2.1021,0.0,,1270000000.0,1270000000.0,718351848.9999999,5626100000.0,5626100000.0,新型电力,公用事业,电力,风力发电,4.77,3.91,0.0
2020-01-07,6.91,7.05,6.88,6.94,6.94,0.0,0.0,13642945.000000002,60494216.0,1.5677,0.010742,0.018992,0.82,18.6944,10.4182,1.5928,1.317,2.1021,0.0,,1270000000.0,1270000000.0,718351848.9999999,5626100000.0,5626100000.0,新型电力,公用事业,电力,风力发电,4.87,3.99,0.0
2020-01-08,6.96,7.27,6.88,7.04,6.94,0.0999999999999996,1.44,27592785.0,124409963.0,1.5677,0.021727,0.038411,1.65,18.9476,10.5593,1.6144,1.3348,2.1306,0.0,,1270000000.0,1270000000.0,718351848.9999999,5702300000.0,5702300000.0,新型电力,公用事业,电力,风力发电,4.87,3.99,0.0
2020-01-09,7.07,7.15,6.94,7.05,7.04,0.0099999999999997,0.14,14848199.0,66562354.99999999,1.5677,0.011691,0.02067,0.8,18.9898,10.5828,1.618,1.3378,2.1353,0.0,,1270000000.0,1270000000.0,718351848.9999999,5715000000.0,5715000000.0,新型电力,公用事业,电力,风力发电,4.94,4.04,0.0
2020-01-10,7.05,7.07,6.85,6.96,7.05,-0.0899999999999998,-1.28,14747300.0,65134641.0,1.5677,0.011612,0.020529,0.8,18.7366,10.4417,1.5964,1.3199,2.1068,0.0,,1270000000.0,1270000000.0,718351848.9999999,5638800000.0,5638800000.0,新型电力,公用事业,电力,风力发电,4.95,4.05,0.0
2020-01-13,6.93,7.07,6.9,6.94,6.96,-0.0199999999999995,-0.29,14676596.0,65185629.0,1.5677,0.011556,0.0204309999999999,0.76,18.6944,10.4182,1.5928,1.317,2.1021,0.0,,1270000000.0,1270000000.0,718351848.9999999,5626100000.0,5626100000.0,新型电力,公用事业,电力,风力发电,4.88,4.0,0.0
2020-01-14,6.99,7.6,6.93,7.37,6.94,0.4299999999999997,6.2,58478549.0,272532547.0,1.5677,0.046046,0.081407,3.42,19.8337,11.0532,1.6899,1.3972,2.2302,0.0,,1270000000.0,1270000000.0,718351848.9999999,5969000000.0,5969000000.0,新型电力,公用事业,电力,风力发电,4.87,3.99,0.0
2020-01-15,7.42,7.81,7.12,7.49,7.37,0.1200000000000001,1.63,50933031.0,242475800.0,1.5677,0.040105,0.070903,1.95,20.1713,11.2413,1.7186,1.421,2.2682,0.0,,1270000000.0,1270000000.0,718351848.9999999,6070600000.0,6070600000.0,新型电力,公用事业,电力,风力发电,5.17,4.23,0.0
2020-01-16,7.46,7.71,7.32,7.57,7.49,0.08,1.07,34976848.0,167940018.0,1.5677,0.027541,0.04869,1.14,20.3823,11.3589,1.7366,1.4359,2.2919,0.0,,1270000000.0,1270000000.0,718351848.9999999,6134100000.0,6134100000.0,新型电力,公用事业,电力,风力发电,5.26,4.3,0.0
2020-01-17,7.57,8.07,7.48,7.87,7.57,0.2999999999999998,3.96,47968366.0,239445045.0,1.5677,0.03777,0.066776,1.38,21.1841,11.8057,1.8049,1.4924,2.3821,0.0,,1270000000.0,1270000000.0,718351848.9999999,6375400000.0,6375400000.0,新型电力,公用事业,电力,风力发电,5.31,4.35,0.0
2020-01-20,7.85,8.29,7.85,8.21,7.87,0.3400000000000007,4.32,46718774.0,241849607.0,1.5677,0.036786,0.065036,1.13,22.1125,12.3231,1.884,1.5578,2.4865,0.0,,1270000000.0,1270000000.0,718351848.9999999,6654800000.0,6654800000.0,新型电力,公用事业,电力,风力发电,5.52,4.52,0.0
2020-01-21,8.2,8.36,7.98,8.11,8.21,-0.1000000000000014,-1.22,43115447.0,225518412.0,1.5677,0.033949,0.06002,0.9,21.8171,12.1585,1.8589,1.5369,2.4532,0.0,,1270000000.0,1270000000.0,718351848.9999999,6565900000.0,6565900000.0,新型电力,公用事业,电力,风力发电,5.76,4.72,0.0
2020-01-22,8.0,8.06,7.54,7.92,8.11,-0.1899999999999995,-2.34,33275152.0,167136006.0,1.5677,0.026201,0.046322,0.74,21.3107,11.8763,1.8157,1.5013,2.3963,0.0,,1270000000.0,1270000000.0,718351848.9999999,6413500000.0,6413500000.0,新型电力,公用事业,电力,风力发电,5.69,4.65,0.0
2020-01-23,7.82,7.95,7.24,7.42,7.92,-0.5,-6.31,37584565.0,181652323.0,1.5677,0.029594,0.052321,0.91,19.9603,11.1237,1.7007,1.4061,2.2444,0.0,,1270000000.0,1270000000.0,718351848.9999999,6007100000.0,6007100000.0,新型电力,公用事业,电力,风力发电,5.56,4.55,0.0
2020-02-03,6.68,6.68,6.68,6.68,7.42,-0.7400000000000002,-9.97,1899000.0,8089740.0,1.5677,0.001495,0.002644,0.05,17.977,10.0184,1.5317,1.2664,2.0214,0.0,,1270000000.0,1270000000.0,718351848.9999999,5410200000.0,5410200000.0,新型电力,公用事业,电力,风力发电,5.2,4.26,0.0
2020-02-04,6.13,7.23,6.13,7.04,6.68,0.3600000000000003,5.39,46109799.0,199703233.0,1.5677,0.036307,0.064188,1.42,18.9476,10.5593,1.6144,1.3348,2.1306,0.0,,1270000000.0,1270000000.0,718351848.9999999,5702300000.0,5702300000.0,新型电力,公用事业,电力,风力发电,4.69,3.83,0.0
2020-02-05,7.1,7.57,6.98,7.12,7.04,0.08,1.14,34959525.0,161617189.0,1.5677,0.027527,0.048666,1.08,19.1586,10.6769,1.6323,1.3497,2.1543,0.0,,1270000000.0,1270000000.0,718351848.9999999,5765800000.0,5765800000.0,新型电力,公用事业,电力,风力发电,4.94,4.04,0.0
2020-02-06,7.01,7.34,6.98,7.27,7.12,0.1499999999999994,2.11,22161678.0,102089079.0,1.5677,0.01745,0.030851,0.72,19.5805,10.9121,1.6683,1.3794,2.2017,0.0,,1270000000.0,1270000000.0,718351848.9999999,5892800000.0,5892800000.0,新型电力,公用事业,电力,风力发电,4.99,4.09,0.0
2020-02-07,7.16,7.32,7.04,7.18,7.27,-0.0899999999999998,-1.24,22883443.0,104494927.0,1.5677,0.018018,0.031855,0.8,19.3273,10.7709,1.6467,1.3615,2.1733,0.0,,1270000000.0,1270000000.0,718351848.9999999,5816600000.0,5816600000.0,新型电力,公用事业,电力,风力发电,5.1,4.18,0.0
2020-02-10,7.1,7.59,7.02,7.54,7.18,0.3600000000000003,5.01,32050649.0,151764510.0,1.5677,0.025237,0.044617,1.25,20.2979,11.3118,1.7294,1.4299,2.2824,0.0,,1270000000.0,1270000000.0,718351848.9999999,6108700000.0,6108700000.0,新型电力,公用事业,电力,风力发电,5.04,4.12,0.0
2020-02-11,7.67,7.7,7.32,7.38,7.54,-0.1600000000000001,-2.12,27288599.0,129922515.0,1.5677,0.021487,0.037988,0.86,19.8759,11.0767,1.6935,1.4002,2.235,0.0,,1270000000.0,1270000000.0,718351848.9999999,5981700000.0,5981700000.0,新型电力,公用事业,电力,风力发电,5.29,4.33,0.0
2020-02-12,7.29,8.04,7.29,7.82,7.38,0.4400000000000004,5.96,38075029.0,188025616.0,1.5677,0.02998,0.053003,1.37,21.0575,11.7352,1.7941,1.4834,2.3678,0.0,,1270000000.0,1270000000.0,718351848.9999999,6337300000.0,6337300000.0,新型电力,公用事业,电力,风力发电,5.18,4.24,0.0
2020-02-13,7.85,7.93,7.6,7.7,7.82,-0.1200000000000001,-1.53,32881777.0,162943557.0,1.5677,0.025891,0.045774,1.15,20.7199,11.547,1.7654,1.4597,2.3299,0.0,,1270000000.0,1270000000.0,718351848.9999999,6235700000.0,6235700000.0,新型电力,公用事业,电力,风力发电,5.49,4.49,0.0
2020-02-14,7.67,7.82,7.57,7.74,7.7,0.04,0.52,25689210.0,126292486.0,1.5677,0.020228,0.035761,0.84,20.8465,11.6176,1.7762,1.4686,2.3441,0.0,,1270000000.0,1270000000.0,718351848.9999999,6273800000.0,6273800000.0,新型电力,公用事业,电力,风力发电,5.4,4.42,0.0
2020-02-17,7.68,7.9,7.65,7.9,7.74,0.1600000000000001,2.07,28670396.000000004,142198018.0,1.5677,0.0225749999999999,0.039911,0.92,21.2685,11.8527,1.8121,1.4983,2.3915,0.0,,1270000000.0,1270000000.0,718351848.9999999,6400800000.0,6400800000.0,新型电力,公用事业,电力,风力发电,5.43,4.45,0.0
2020-02-18,7.87,8.14,7.82,7.95,7.9,0.0499999999999998,0.63,23681986.0,120618528.0,1.5677,0.018647,0.0329669999999999,0.78,21.3951,11.9233,1.8229,1.5072,2.4058,0.0,,1270000000.0,1270000000.0,718351848.9999999,6438900000.0,6438900000.0,新型电力,公用事业,电力,风力发电,5.54,4.54,0.0
2020-02-19,8.11,8.39,7.65,7.67,7.95,-0.2800000000000002,-3.52,41633200.0,212167883.0,1.5677,0.032782,0.057957,1.4,20.6355,11.5,1.7582,1.4537,2.3204,0.0,,1270000000.0,1270000000.0,718351848.9999999,6210300000.0,6210300000.0,新型电力,公用事业,电力,风力发电,5.58,4.56,0.0
2020-02-20,7.84,7.9,7.65,7.78,7.67,0.1100000000000003,1.43,23158377.0,114573887.0,1.5677,0.0182349999999999,0.032238,0.76,20.9309,11.6646,1.7833,1.4745,2.3536,0.0,,1270000000.0,1270000000.0,718351848.9999999,6299200000.0,6299200000.0,新型电力,公用事业,电力,风力发电,5.38,4.4,0.0
2020-02-21,7.78,7.79,7.52,7.63,7.78,-0.1500000000000003,-1.93,30250940.000000004,147790045.0,1.5677,0.02382,0.042112,1.06,20.5511,11.453,1.751,1.4478,2.3109,0.0,,1270000000.0,1270000000.0,718351848.9999999,6184900000.0,6184900000.0,新型电力,公用事业,电力,风力发电,5.46,4.46,0.0
2020-02-24,7.54,7.54,7.24,7.38,7.63,-0.25,-3.28,44139494.0,206835999.0,1.5677,0.034756,0.0614459999999999,1.5,19.8759,11.0767,1.6935,1.4002,2.235,0.0,,1270000000.0,1270000000.0,718351848.9999999,5981700000.0,5981700000.0,新型电力,公用事业,电力,风力发电,5.36,4.38,0.0
2020-02-25,7.21,7.56,7.1,7.51,7.38,0.1299999999999999,1.76,33540501.0,156231205.0,1.5677,0.02641,0.046691,1.03,20.2135,11.2648,1.7222,1.424,2.2729,0.0,,1270000000.0,1270000000.0,718351848.9999999,6083300000.0,6083300000.0,新型电力,公用事业,电力,风力发电,5.18,4.24,0.0
2020-02-26,7.37,7.45,7.21,7.29,7.51,-0.2199999999999997,-2.93,22014145.0,103165459.0,1.5677,0.017334,0.030645,0.64,19.6227,10.9356,1.6719,1.3824,2.2065,0.0,,1270000000.0,1270000000.0,718351848.9999999,5905500000.0,5905500000.0,新型电力,公用事业,电力,风力发电,5.27,4.31,0.0
2020-02-27,7.34,7.42,7.24,7.34,7.29,0.0499999999999998,0.69,13359628.0,62529898.0,1.5677,0.010519,0.018598,0.44,19.7493,11.0061,1.6827,1.3913,2.2207,0.0,,1270000000.0,1270000000.0,718351848.9999999,5943600000.0,5943600000.0,新型电力,公用事业,电力,风力发电,5.12,4.19,0.0
2020-02-28,7.07,7.23,6.94,7.04,7.34,-0.2999999999999998,-4.09,19046253.0,85963673.0,1.5677,0.014997,0.026514,0.66,18.9476,10.5593,1.6144,1.3348,2.1306,0.0,,1270000000.0,1270000000.0,718351848.9999999,5702300000.0,5702300000.0,新型电力,公用事业,电力,风力发电,5.15,4.21,0.0
2020-03-02,7.05,7.29,6.99,7.23,7.04,0.1900000000000004,2.7,15323669.0,70059161.0,1.5677,0.0120659999999999,0.021332,0.58,19.4539,10.8415,1.6575,1.3705,2.1875,0.0,,1270000000.0,1270000000.0,718351848.9999999,5854700000.0,5854700000.0,新型电力,公用事业,电力,风力发电,4.94,4.04,0.0
2020-03-03,7.31,7.4,7.13,7.18,7.23,-0.0500000000000007,-0.69,19837034.0,92132455.0,1.5677,0.01562,0.0276149999999999,0.96,19.3273,10.7709,1.6467,1.3615,2.1733,0.0,,1270000000.0,1270000000.0,718351848.9999999,5816600000.0,5816600000.0,新型电力,公用事业,电力,风力发电,5.07,4.15,0.0
2020-03-04,7.13,7.24,7.05,7.24,7.18,0.0600000000000005,0.84,14206981.0,64668834.0,1.5677,0.011187,0.019777,0.79,19.4961,10.865,1.6611,1.3734,2.1923,0.0,,1270000000.0,1270000000.0,718351848.9999999,5867400000.0,5867400000.0,新型电力,公用事业,电力,风力发电,5.04,4.12,0.0
2020-03-05,7.29,7.34,7.21,7.32,7.24,0.08,1.1,18930610.0,88034734.0,1.5677,0.0149059999999999,0.026353,1.16,19.7071,10.9826,1.6791,1.3883,2.216,0.0,,1270000000.0,1270000000.0,718351848.9999999,5930900000.0,5930900000.0,新型电力,公用事业,电力,风力发电,5.08,4.16,0.0
2020-03-06,7.21,7.29,7.2,7.21,7.32,-0.1100000000000003,-1.5,13000931.0,59979028.0,1.5677,0.010237,0.018098,0.74,19.4117,10.818,1.6539,1.3675,2.1828,0.0,,1270000000.0,1270000000.0,718351848.9999999,5842000000.0,5842000000.0,新型电力,公用事业,电力,风力发电,5.14,4.2,0.0
2020-03-09,7.13,7.13,6.71,6.73,7.21,-0.4799999999999995,-6.66,22923926.0,101153722.0,1.5677,0.01805,0.0319119999999999,1.41,18.1036,10.0889,1.5425,1.2753,2.0357,0.0,,1270000000.0,1270000000.0,718351848.9999999,5448300000.0,5448300000.0,新型电力,公用事业,电力,风力发电,5.06,4.14,0.0
2020-03-10,6.68,6.85,6.52,6.85,6.73,0.1199999999999992,1.78,17497841.0,74654929.0,1.5677,0.0137779999999999,0.024358,0.98,18.4412,10.2771,1.5712,1.2991,2.0736,0.0,,1270000000.0,1270000000.0,718351848.9999999,5549900000.0,5549900000.0,新型电力,公用事业,电力,风力发电,4.72,3.86,0.0
2020-03-11,6.87,6.88,6.71,6.71,6.85,-0.1399999999999996,-2.04,10573306.0,45914231.0,1.5677,0.008325,0.014719,0.61,18.0614,10.0654,1.5389,1.2724,2.0309,0.0,,1270000000.0,1270000000.0,718351848.9999999,5435600000.0,5435600000.0,新型电力,公用事业,电力,风力发电,4.81,3.93,0.0
2020-03-12,6.69,6.69,6.46,6.54,6.71,-0.1699999999999999,-2.53,15381834.0,64248976.0,1.5677,0.012112,0.021413,0.93,17.5972,9.8067,1.4993,1.2397,1.9787,0.0,,1270000000.0,1270000000.0,718351848.9999999,5295900000.0,5295900000.0,新型电力,公用事业,电力,风力发电,4.71,3.85,0.0
2020-03-13,6.22,6.47,6.13,6.43,6.54,-0.1100000000000003,-1.68,17830035.0,71702476.0,1.5677,0.014039,0.024821,1.12,17.3018,9.6421,1.4741,1.2189,1.9455,0.0,,1270000000.0,1270000000.0,718351848.9999999,5207000000.0,5207000000.0,新型电力,公用事业,电力,风力发电,4.59,3.75,0.0
2020-03-16,6.44,6.57,6.22,6.24,6.43,-0.1899999999999995,-2.95,13955906.0,57076359.0,1.5677,0.010989,0.019428,0.83,16.7954,9.3599,1.431,1.1832,1.8886,0.0,,1270000000.0,1270000000.0,718351848.9999999,5054600000.0,5054600000.0,新型电力,公用事业,电力,风力发电,4.51,3.69,0.0
2020-03-17,6.3,6.49,6.13,6.47,6.24,0.2299999999999995,3.69,13345566.0,53670803.0,1.5677,0.010508,0.0185779999999999,0.89,17.4284,9.7127,1.4849,1.2278,1.9597,0.0,,1270000000.0,1270000000.0,718351848.9999999,5245100000.0,5245100000.0,新型电力,公用事业,电力,风力发电,4.38,3.58,0.0
2020-03-18,6.46,6.55,6.3,6.32,6.47,-0.1499999999999994,-2.32,10307900.0,42402463.0,1.5677,0.008116,0.014349,0.73,17.0064,9.4775,1.449,1.198,1.9123,0.0,,1270000000.0,1270000000.0,718351848.9999999,5118100000.0,5118100000.0,新型电力,公用事业,电力,风力发电,4.54,3.72,0.0
2020-03-19,6.29,6.4,6.16,6.4,6.32,0.08,1.27,10241801.0,40954444.0,1.5677,0.008064,0.0142569999999999,0.72,17.2174,9.5951,1.4669,1.2129,1.936,0.0,,1270000000.0,1270000000.0,718351848.9999999,5181600000.0,5181600000.0,新型电力,公用事业,电力,风力发电,4.43,3.63,0.0
2020-03-20,6.4,6.47,6.32,6.4,6.4,0.0,0.0,7316521.000000001,29799977.0,1.5677,0.005761,0.010185,0.56,17.2174,9.5951,1.4669,1.2129,1.936,0.0,,1270000000.0,1270000000.0,718351848.9999999,5181600000.0,5181600000.0,新型电力,公用事业,电力,风力发电,4.49,3.67,0.0
2020-03-23,6.24,6.3,6.18,6.18,6.4,-0.2200000000000006,-3.44,7135700.0,28339272.0,1.5677,0.005619,0.0099329999999999,0.65,16.6266,9.2658,1.4166,1.1713,1.8696,0.0,,1270000000.0,1270000000.0,718351848.9999999,5003800000.0,5003800000.0,新型电力,公用事业,电力,风力发电,4.49,3.67,0.0
2020-03-24,6.26,6.35,6.13,6.33,6.18,0.1500000000000003,2.43,10237461.0,40833041.0,1.5677,0.008061,0.014251,1.06,17.0486,9.501,1.4526,1.201,1.917,0.0,,1270000000.0,1270000000.0,718351848.9999999,5130800000.0,5130800000.0,新型电力,公用事业,电力,风力发电,4.33,3.55,0.0
2020-03-25,6.43,6.44,6.35,6.41,6.33,0.08,1.26,8747265.0,35692279.0,1.5677,0.006888,0.012177,0.97,17.2596,9.6186,1.4705,1.2159,1.9408,0.0,,1270000000.0,1270000000.0,718351848.9999999,5194300000.0,5194300000.0,新型电力,公用事业,电力,风力发电,4.44,3.64,0.0
2020-03-26,6.35,6.38,6.29,6.32,6.41,-0.0899999999999998,-1.4,6285604.0,25385470.0,1.5677,0.004949,0.00875,0.72,17.0064,9.4775,1.449,1.198,1.9123,0.0,,1270000000.0,1270000000.0,718351848.9999999,5118100000.0,5118100000.0,新型电力,公用事业,电力,风力发电,4.5,3.68,0.0
2020-03-27,6.4,6.43,6.29,6.3,6.32,-0.0200000000000004,-0.32,5503072.0,22248526.0,1.5677,0.004333,0.007661,0.69,16.9642,9.454,1.4454,1.1951,1.9075,0.0,,1270000000.0,1270000000.0,718351848.9999999,5105400000.0,5105400000.0,新型电力,公用事业,电力,风力发电,4.43,3.63,0.0
2020-03-30,6.26,6.26,6.13,6.19,6.3,-0.1099999999999994,-1.75,6642795.0,26110653.0,1.5677,0.005231,0.009247,0.88,16.6688,9.2894,1.4202,1.1743,1.8743,0.0,,1270000000.0,1270000000.0,718351848.9999999,5016500000.0,5016500000.0,新型电力,公用事业,电力,风力发电,4.42,3.62,0.0
2020-03-31,6.21,6.26,6.16,6.18,6.19,-0.0100000000000006,-0.16,4904000.0,19407991.0,1.5677,0.003861,0.006827,0.66,16.6266,9.2658,1.4166,1.1713,1.8696,0.0,,1270000000.0,1270000000.0,718351848.9999999,5003800000.0,5003800000.0,新型电力,公用事业,电力,风力发电,4.35,3.56,0.0
2020-04-01,6.16,6.32,6.15,6.19,6.18,0.0100000000000006,0.16,8272196.000000001,32794586.000000004,1.5677,0.006514,0.011516,1.29,16.6688,9.2894,1.4202,1.1743,1.8743,0.0,,1270000000.0,1270000000.0,718351848.9999999,5016500000.0,5016500000.0,新型电力,公用事业,电力,风力发电,4.33,3.55,0.0
2020-04-02,6.15,6.27,6.13,6.27,6.19,0.0799999999999991,1.29,7694900.999999999,30367857.0,1.5677,0.006059,0.010712,1.22,16.8798,9.4069,1.4382,1.1891,1.8981,0.0,,1270000000.0,1270000000.0,718351848.9999999,5080000000.0,5080000000.0,新型电力,公用事业,电力,风力发电,4.35,3.56,0.0
2020-04-03,6.24,6.27,6.16,6.16,6.27,-0.1099999999999994,-1.75,5578200.0,22050257.0,1.5677,0.004392,0.0077649999999999,0.84,16.5844,9.2423,1.413,1.1683,1.8648,0.0,,1270000000.0,1270000000.0,718351848.9999999,4991100000.0,4991100000.0,新型电力,公用事业,电力,风力发电,4.4,3.6,0.0
2020-04-07,6.24,6.33,6.19,6.3,6.16,0.1399999999999996,2.27,10337396.0,41356266.0,1.5677,0.00814,0.01439,1.56,16.9642,9.454,1.4454,1.1951,1.9075,0.0,,1270000000.0,1270000000.0,718351848.9999999,5105400000.0,5105400000.0,新型电力,公用事业,电力,风力发电,4.32,3.54,0.0
2020-04-08,6.3,6.33,6.26,6.3,6.3,0.0,0.0,5633500.0,22607532.0,1.5677,0.004436,0.007842,0.77,16.9642,9.454,1.4454,1.1951,1.9075,0.0,,1270000000.0,1270000000.0,718351848.9999999,5105400000.0,5105400000.0,新型电力,公用事业,电力,风力发电,4.42,3.62,0.0
2020-04-09,6.29,6.36,6.29,6.35,6.3,0.0499999999999998,0.79,6742373.0,27247200.0,1.5677,0.005309,0.009386,0.9,17.0908,9.5245,1.4562,1.204,1.9218,0.0,,1270000000.0,1270000000.0,718351848.9999999,5143500000.0,5143500000.0,新型电力,公用事业,电力,风力发电,4.42,3.62,0.0
2020-04-10,6.36,6.36,6.16,6.16,6.35,-0.1899999999999995,-2.99,7704007.000000001,30772567.0,1.5677,0.006066,0.010725,1.07,16.5844,9.2423,1.413,1.1683,1.8648,0.0,,1270000000.0,1270000000.0,718351848.9999999,4991100000.0,4991100000.0,新型电力,公用事业,电力,风力发电,4.46,3.65,0.0
2020-04-13,6.15,6.16,6.0,6.05,6.16,-0.1100000000000003,-1.79,6784200.0,26239761.0,1.5677,0.005342,0.009444,0.94,16.289,9.0777,1.3878,1.1475,1.8316,0.0,,1270000000.0,1270000000.0,718351848.9999999,4902200000.0,4902200000.0,新型电力,公用事业,电力,风力发电,4.32,3.54,0.0
2020-04-14,6.1,6.36,6.07,6.35,6.05,0.2999999999999998,4.96,12617473.0,50411563.0,1.5677,0.009935,0.017564,1.7,17.0908,9.5245,1.4562,1.204,1.9218,0.0,,1270000000.0,1270000000.0,718351848.9999999,5143500000.0,5143500000.0,新型电力,公用事业,电力,风力发电,4.25,3.47,0.0
2020-04-15,6.35,6.36,6.24,6.26,6.35,-0.0899999999999998,-1.42,5767250.0,23173319.0,1.5677,0.004541,0.008028,0.73,16.8376,9.3834,1.4346,1.1862,1.8933,0.0,,1270000000.0,1270000000.0,718351848.9999999,5067300000.0,5067300000.0,新型电力,公用事业,电力,风力发电,4.46,3.65,0.0
2020-04-16,6.24,6.29,6.19,6.24,6.26,-0.0199999999999995,-0.32,4353600.0,17327515.0,1.5677,0.003428,0.0060609999999999,0.55,16.7954,9.3599,1.431,1.1832,1.8886,0.0,,1270000000.0,1270000000.0,718351848.9999999,5054600000.0,5054600000.0,新型电力,公用事业,电力,风力发电,4.39,3.59,0.0
2020-04-17,6.32,6.32,6.21,6.22,6.24,-0.0200000000000004,-0.32,5523513.0,22072459.0,1.5677,0.004349,0.007689,0.74,16.7532,9.3364,1.4274,1.1802,1.8838,0.0,,1270000000.0,1270000000.0,718351848.9999999,5041900000.0,5041900000.0,新型电力,公用事业,电力,风力发电,4.38,3.58,0.0
2020-04-20,6.24,6.26,6.19,6.24,6.22,0.0200000000000004,0.32,4199855.0,16652900.000000002,1.5677,0.003307,0.005847,0.6,16.7954,9.3599,1.431,1.1832,1.8886,0.0,,1270000000.0,1270000000.0,718351848.9999999,5054600000.0,5054600000.0,新型电力,公用事业,电力,风力发电,4.37,3.57,0.0
2020-04-21,6.21,6.21,6.11,6.18,6.24,-0.0600000000000005,-0.96,6273799.0,24601733.0,1.5677,0.00494,0.0087339999999999,0.97,16.6266,9.2658,1.4166,1.1713,1.8696,0.0,,1270000000.0,1270000000.0,718351848.9999999,5003800000.0,5003800000.0,新型电力,公用事业,电力,风力发电,4.38,3.58,0.0
2020-04-22,6.11,6.24,6.1,6.19,6.18,0.0100000000000006,0.16,5945899.0,23383608.0,1.5677,0.004682,0.008277,1.14,16.6688,9.2894,1.4202,1.1743,1.8743,0.0,,1270000000.0,1270000000.0,718351848.9999999,5016500000.0,5016500000.0,新型电力,公用事业,电力,风力发电,4.33,3.55,0.0
2020-04-23,6.24,6.24,6.13,6.18,6.19,-0.0100000000000006,-0.16,6913200.0,27209402.0,1.5677,0.005443,0.009624,1.31,16.6266,9.2658,1.4166,1.1713,1.8696,0.0,,1270000000.0,1270000000.0,718351848.9999999,5003800000.0,5003800000.0,新型电力,公用事业,电力,风力发电,4.35,3.56,0.0
2020-04-24,6.13,6.16,6.05,6.1,6.18,-0.08,-1.29,6572600.999999999,25571971.0,1.5677,0.005175,0.00915,1.14,22.9945,25.9744,1.3525,2.4086,2.8154,0.0,,1270000000.0,1270000000.0,718351848.9999999,4940300000.0,4940300000.0,新型电力,公用事业,电力,风力发电,4.33,3.55,0.0
2020-04-27,6.08,6.11,5.94,5.94,6.1,-0.1599999999999992,-2.62,7501400.0,28801422.0,1.5677,0.005907,0.010443,1.25,22.4034,25.3067,1.3177,2.3467,2.743,0.0,,1270000000.0,1270000000.0,718351848.9999999,4813300000.0,4813300000.0,新型电力,公用事业,电力,风力发电,4.28,3.5,0.0
2020-04-28,5.94,5.94,5.57,5.75,5.94,-0.1900000000000004,-3.2,11513784.0,42189536.0,1.5677,0.009066,0.016028,1.73,21.694,24.5054,1.276,2.2724,2.6561,0.0,,1270000000.0,1270000000.0,718351848.9999999,4660900000.0,4660900000.0,新型电力,公用事业,电力,风力发电,4.17,3.41,0.0
2020-04-29,5.71,5.88,5.69,5.83,5.75,0.08,1.39,6421901.0,23804225.0,1.5677,0.005057,0.00894,0.84,21.9896,24.8393,1.2934,2.3033,2.6923,0.0,,1270000000.0,1270000000.0,718351848.9999999,4724400000.0,4724400000.0,新型电力,公用事业,电力,风力发电,4.04,3.3,0.0
2020-04-30,5.89,6.13,5.88,6.11,5.83,0.2800000000000002,4.8,9639500.0,36977558.0,1.5677,0.00759,0.013419,1.24,23.0536,26.0412,1.356,2.4148,2.8226,0.0,,1270000000.0,1270000000.0,718351848.9999999,4953000000.0,4953000000.0,新型电力,公用事业,电力,风力发电,4.09,3.35,0.0
2020-05-06,6.04,6.19,5.96,6.16,6.11,0.0499999999999998,0.82,7084900.0,27675885.0,1.5677,0.005579,0.009863,0.85,23.2309,26.2415,1.3664,2.4334,2.8443,0.0,,1270000000.0,1270000000.0,718351848.9999999,4991100000.0,4991100000.0,新型电力,公用事业,电力,风力发电,4.29,3.51,0.0
2020-05-07,6.16,6.18,6.02,6.04,6.16,-0.1200000000000001,-1.95,5936753.0,23036351.0,1.5677,0.004675,0.008264,0.7,22.758,25.7073,1.3386,2.3838,2.7864,0.0,,1270000000.0,1270000000.0,718351848.9999999,4889500000.0,4889500000.0,新型电力,公用事业,电力,风力发电,4.32,3.54,0.0
2020-05-08,6.08,6.18,6.02,6.11,6.04,0.0700000000000002,1.16,7597336.0,29576636.0,1.5677,0.0059819999999999,0.010576,0.94,23.0536,26.0412,1.356,2.4148,2.8226,0.0,,1270000000.0,1270000000.0,718351848.9999999,4953000000.0,4953000000.0,新型电力,公用事业,电力,风力发电,4.24,3.47,0.0
2020-05-11,6.1,6.15,6.04,6.07,6.11,-0.04,-0.65,6296200.0,24426889.0,1.5677,0.004958,0.008765,0.86,22.8762,25.8408,1.3455,2.3962,2.8009,0.0,,1270000000.0,1270000000.0,718351848.9999999,4914900000.0,4914900000.0,新型电力,公用事业,电力,风力发电,4.29,3.51,0.0
2020-05-12,6.07,6.07,5.94,5.97,6.07,-0.1000000000000005,-1.65,5659800.0,21614968.0,1.5677,0.004457,0.007879,0.77,22.5216,25.4402,1.3247,2.3591,2.7575,0.0,,1270000000.0,1270000000.0,718351848.9999999,4838700000.0,4838700000.0,新型电力,公用事业,电力,风力发电,4.26,3.48,0.0
2020-05-13,5.96,6.02,5.91,6.0,5.97,0.0300000000000002,0.5,4262960.0,16280959.0,1.5677,0.003357,0.005934,0.65,22.6398,25.5737,1.3316,2.3715,2.7719,0.0,,1270000000.0,1270000000.0,718351848.9999999,4864100000.0,4864100000.0,新型电力,公用事业,电力,风力发电,4.19,3.43,0.0
2020-05-14,5.97,5.97,5.91,5.93,6.0,-0.0700000000000002,-1.17,4538900.0,17182374.0,1.5677,0.003574,0.006318,0.76,22.3442,25.2399,1.3142,2.3405,2.7357,0.0,,1270000000.0,1270000000.0,718351848.9999999,4800600000.0,4800600000.0,新型电力,公用事业,电力,风力发电,4.21,3.45,0.0
2020-05-15,5.96,5.99,5.93,5.94,5.93,0.0100000000000006,0.17,3510000.0,13321152.0,1.5677,0.002764,0.004886,0.62,22.4034,25.3067,1.3177,2.3467,2.743,0.0,,1270000000.0,1270000000.0,718351848.9999999,4813300000.0,4813300000.0,新型电力,公用事业,电力,风力发电,4.16,3.4,0.0
2020-05-18,6.0,6.05,5.93,6.02,5.94,0.0799999999999991,1.35,5324628.0,20358832.0,1.5677,0.004193,0.0074119999999999,1.1,22.6989,25.6405,1.3351,2.3776,2.7792,0.0,,1270000000.0,1270000000.0,718351848.9999999,4876800000.0,4876800000.0,新型电力,公用事业,电力,风力发电,4.17,3.41,0.0
2020-05-19,6.08,6.11,6.04,6.07,6.02,0.0500000000000007,0.83,4485600.0,17362992.0,1.5677,0.003532,0.0062439999999999,0.96,22.8762,25.8408,1.3455,2.3962,2.8009,0.0,,1270000000.0,1270000000.0,718351848.9999999,4914900000.0,4914900000.0,新型电力,公用事业,电力,风力发电,4.22,3.46,0.0
2020-05-20,6.07,6.11,5.96,5.99,6.07,-0.08,-1.32,8411200.0,32453659.0,1.5677,0.006623,0.011709,1.9,22.5807,25.507,1.3282,2.3653,2.7647,0.0,,1270000000.0,1270000000.0,718351848.9999999,4851400000.0,4851400000.0,新型电力,公用事业,电力,风力发电,4.26,3.48,0.0
2020-05-21,5.97,6.02,5.86,5.89,5.99,-0.1000000000000005,-1.67,6257400.0,23735219.0,1.5677,0.004927,0.008711,1.19,22.226,25.1063,1.3073,2.3281,2.7213,0.0,,1270000000.0,1270000000.0,718351848.9999999,4775200000.0,4775200000.0,新型电力,公用事业,电力,风力发电,4.2,3.44,0.0
2020-05-22,5.94,5.94,5.77,5.86,5.89,-0.0299999999999993,-0.51,5500560.0,20455435.0,1.5677,0.004331,0.007657,0.98,22.1078,24.9728,1.3003,2.3157,2.7068,0.0,,1270000000.0,1270000000.0,718351848.9999999,4749800000.0,4749800000.0,新型电力,公用事业,电力,风力发电,4.14,3.38,0.0
2020-06-08,6.44,6.44,6.44,6.44,5.86,0.5800000000000001,9.9,878185.0,3609340.0,1.5677,0.000691,0.001222,0.15,24.2949,27.4434,1.429,2.5448,2.9746,0.0,,1270000000.0,1270000000.0,718351848.9999999,5219700000.0,5219700000.0,新型电力,公用事业,电力,风力发电,4.11,3.37,0.0
2020-06-09,7.09,7.09,6.57,6.65,6.44,0.2099999999999999,3.26,58267872.0,255262389.0,1.5677,0.04588,0.081113,11.41,25.0634,28.3114,1.4742,2.6253,3.0687,0.0,,1270000000.0,1270000000.0,718351848.9999999,5384800000.0,5384800000.0,新型电力,公用事业,电力,风力发电,4.52,3.7,0.0
2020-06-10,6.29,6.4,6.18,6.29,6.65,-0.3600000000000003,-5.41,27424865.000000004,110134138.0,1.5677,0.021594,0.0381769999999999,1.73,23.7038,26.7756,1.3942,2.4829,2.9022,0.0,,1270000000.0,1270000000.0,718351848.9999999,5092700000.0,5092700000.0,新型电力,公用事业,电力,风力发电,4.66,3.82,0.0
2020-06-11,6.18,6.71,6.18,6.55,6.29,0.2599999999999998,4.13,29486042.0,122396651.0,1.5677,0.0232169999999999,0.041047,1.5,24.7087,27.9108,1.4533,2.5882,3.0252,0.0,,1270000000.0,1270000000.0,718351848.9999999,5308600000.0,5308600000.0,新型电力,公用事业,电力,风力发电,4.41,3.61,0.0
2020-06-12,6.43,6.49,6.35,6.41,6.55,-0.1399999999999996,-2.14,15099400.0,61831692.0,1.5677,0.011889,0.0210199999999999,0.62,24.1767,27.3098,1.422,2.5324,2.9601,0.0,,1270000000.0,1270000000.0,718351848.9999999,5194300000.0,5194300000.0,新型电力,公用事业,电力,风力发电,4.6,3.76,0.0
2020-06-15,6.41,6.74,6.32,6.65,6.41,0.2400000000000002,3.74,23530041.0,98890896.0,1.5677,0.018528,0.032756,0.9,25.0634,28.3114,1.4742,2.6253,3.0687,0.0,,1270000000.0,1270000000.0,718351848.9999999,5384800000.0,5384800000.0,新型电力,公用事业,电力,风力发电,4.5,3.68,0.0
2020-06-16,6.71,6.76,6.54,6.62,6.65,-0.0300000000000002,-0.45,14645934.0,61771799.0,1.5677,0.011532,0.020388,0.48,24.9452,28.1779,1.4672,2.6129,3.0542,0.0,,1270000000.0,1270000000.0,718351848.9999999,5359400000.0,5359400000.0,新型电力,公用事业,电力,风力发电,4.66,3.82,0.0
2020-06-17,6.63,6.66,6.43,6.52,6.62,-0.1000000000000005,-1.51,13702045.000000002,57071683.0,1.5677,0.010789,0.019074,0.62,24.5905,27.7772,1.4464,2.5758,3.0108,0.0,,1270000000.0,1270000000.0,718351848.9999999,5283200000.0,5283200000.0,新型电力,公用事业,电力,风力发电,4.64,3.8,0.0
2020-06-18,6.54,6.69,6.47,6.69,6.52,0.1700000000000008,2.61,11705603.0,49014111.0,1.5677,0.009217,0.016295,0.61,25.2407,28.5117,1.4846,2.6439,3.0904,0.0,,1270000000.0,1270000000.0,718351848.9999999,5422900000.0,5422900000.0,新型电力,公用事业,电力,风力发电,4.58,3.74,0.0
2020-06-19,6.65,7.37,6.58,7.37,6.69,0.6799999999999997,10.16,36226568.0,163322357.0,1.5677,0.028525,0.05043,2.3,27.7825,31.3829,1.6341,2.9101,3.4016,0.0,,1270000000.0,1270000000.0,718351848.9999999,5969000000.0,5969000000.0,新型电力,公用事业,电力,风力发电,4.7,3.84,0.0
2020-06-22,8.11,8.11,8.11,8.11,7.37,0.7399999999999993,10.04,7929400.999999999,40995003.0,1.5677,0.0062439999999999,0.011038,0.4,30.5608,34.5212,1.7975,3.2012,3.7417,0.0,,1270000000.0,1270000000.0,718351848.9999999,6565900000.0,6565900000.0,新型电力,公用事业,电力,风力发电,5.17,4.23,0.0
2020-06-23,8.31,8.92,8.01,8.11,8.11,0.0,0.0,120921182.0,650367117.0,1.5677,0.095214,0.168331,7.18,30.5608,34.5212,1.7975,3.2012,3.7417,0.0,,1270000000.0,1270000000.0,718351848.9999999,6565900000.0,6565900000.0,新型电力,公用事业,电力,风力发电,5.69,4.65,0.0
2020-06-24,7.76,8.07,7.52,7.52,8.11,-0.5899999999999999,-7.27,64477576.0,318451362.0,1.5677,0.05077,0.0897579999999999,1.69,28.3736,32.0507,1.6689,2.9721,3.474,0.0,,1270000000.0,1270000000.0,718351848.9999999,6096000000.0,6096000000.0,新型电力,公用事业,电力,风力发电,5.69,4.65,0.0
2020-06-29,7.84,8.17,7.68,7.7,7.52,0.1800000000000006,2.39,44284364.0,222503818.0,1.5677,0.03487,0.061647,0.92,29.0239,32.7851,1.7071,3.0402,3.5536,0.0,,1270000000.0,1270000000.0,718351848.9999999,6235700000.0,6235700000.0,新型电力,公用事业,电力,风力发电,5.28,4.32,0.0
2020-06-30,7.73,7.84,7.52,7.73,7.7,0.0300000000000002,0.39,28827706.0,141329224.0,1.5677,0.0226989999999999,0.04013,0.53,29.1421,32.9187,1.7141,3.0525,3.568,0.0,,1270000000.0,1270000000.0,718351848.9999999,6261100000.0,6261100000.0,新型电力,公用事业,电力,风力发电,5.4,4.42,0.0
2020-07-01,7.74,7.87,7.48,7.87,7.73,0.1399999999999996,1.81,30268770.0,147568931.0,1.5677,0.023834,0.0421359999999999,0.57,29.6741,33.5196,1.7454,3.1083,3.6332,0.0,,1270000000.0,1270000000.0,718351848.9999999,6375400000.0,6375400000.0,新型电力,公用事业,电力,风力发电,5.42,4.44,0.0
2020-07-02,7.96,8.65,7.95,8.43,7.87,0.5599999999999996,7.12,66608912.0,353836667.0,1.5677,0.0524479999999999,0.092725,1.15,31.8021,35.9234,1.8705,3.3312,3.8937,0.0,,1270000000.0,1270000000.0,718351848.9999999,6832600000.0,6832600000.0,新型电力,公用事业,电力,风力发电,5.52,4.52,0.0
2020-07-03,8.31,8.54,8.23,8.26,8.43,-0.1699999999999999,-2.02,38066288.0,202078265.0,1.5677,0.029973,0.052991,0.81,31.1519,35.1889,1.8323,3.2631,3.8141,0.0,,1270000000.0,1270000000.0,718351848.9999999,6692900000.0,6692900000.0,新型电力,公用事业,电力,风力发电,5.92,4.84,0.0
2020-07-06,8.18,8.64,8.12,8.5,8.26,0.2400000000000002,2.91,43713022.0,232481253.0,1.5677,0.03442,0.060852,1.05,32.0386,36.1905,1.8844,3.3559,3.9227,0.0,,1270000000.0,1270000000.0,718351848.9999999,6883400000.0,6883400000.0,新型电力,公用事业,电力,风力发电,5.8,4.74,0.0
2020-07-07,8.59,9.08,8.59,8.72,8.5,0.2200000000000006,2.59,47815554.0,270752587.0,1.5677,0.03765,0.066563,1.15,32.8661,37.1253,1.9331,3.4426,4.024,0.0,,1270000000.0,1270000000.0,718351848.9999999,7061200000.0,7061200000.0,新型电力,公用事业,电力,风力发电,5.96,4.88,0.0
2020-07-08,8.86,9.0,8.5,8.76,8.72,0.0399999999999991,0.46,37555413.0,208631560.0,1.5677,0.029571,0.05228,0.83,33.0435,37.3257,1.9436,3.4612,4.0457,0.0,,1270000000.0,1270000000.0,718351848.9999999,7099300000.0,7099300000.0,新型电力,公用事业,电力,风力发电,6.12,5.0,0.0
2020-07-09,8.78,8.83,8.59,8.79,8.76,0.0299999999999993,0.34,31891180.0,177183816.0,1.5677,0.0251109999999999,0.044395,0.68,33.1617,37.4592,1.9505,3.4736,4.0602,0.0,,1270000000.0,1270000000.0,718351848.9999999,7124700000.0,7124700000.0,新型电力,公用事业,电力,风力发电,6.15,5.03,0.0
2020-07-10,8.76,8.76,8.39,8.42,8.79,-0.3699999999999992,-4.21,32176001.0,174640119.0,1.5677,0.025335,0.044791,0.81,31.743,35.8567,1.8671,3.325,3.8865,0.0,,1270000000.0,1270000000.0,718351848.9999999,6819900000.0,6819900000.0,新型电力,公用事业,电力,风力发电,6.17,5.05,0.0
2020-07-13,8.53,8.92,8.43,8.83,8.42,0.4100000000000001,4.87,43107865.0,238690622.0,1.5677,0.033943,0.060009,1.12,33.2799,37.5927,1.9575,3.486,4.0747,0.0,,1270000000.0,1270000000.0,718351848.9999999,7150100000.0,7150100000.0,新型电力,公用事业,电力,风力发电,5.91,4.83,0.0
2020-07-14,8.78,9.5,8.7,9.09,8.83,0.2599999999999998,2.94,48902337.0,283627237.0,1.5677,0.038506,0.068076,1.27,34.2848,38.7279,2.0166,3.5912,4.1977,0.0,,1270000000.0,1270000000.0,718351848.9999999,7366000000.0,7366000000.0,新型电力,公用事业,电力,风力发电,6.19,5.07,0.0
2020-07-15,9.09,9.17,8.48,8.56,9.09,-0.5299999999999994,-5.83,35881193.0,199419681.0,1.5677,0.028253,0.049949,0.93,32.275,36.4576,1.8984,3.3807,3.9516,0.0,,1270000000.0,1270000000.0,718351848.9999999,6934200000.0,6934200000.0,新型电力,公用事业,电力,风力发电,6.38,5.22,0.0
2020-07-16,8.54,8.7,8.0,8.11,8.56,-0.450000000000001,-5.26,27530189.0,146469703.0,1.5677,0.021677,0.038324,0.72,30.5608,34.5212,1.7975,3.2012,3.7417,0.0,,1270000000.0,1270000000.0,718351848.9999999,6565900000.0,6565900000.0,新型电力,公用事业,电力,风力发电,6.01,4.91,0.0
2020-07-17,8.17,8.25,7.93,8.12,8.11,0.0099999999999997,0.12,16184599.0,83368220.0,1.5677,0.012744,0.02253,0.43,30.6199,34.588,1.801,3.2073,3.749,0.0,,1270000000.0,1270000000.0,718351848.9999999,6578600000.0,6578600000.0,新型电力,公用事业,电力,风力发电,5.69,4.65,0.0
2020-07-20,8.2,8.58,8.2,8.5,8.12,0.3800000000000008,4.68,20903896.0,112199124.0,1.5677,0.01646,0.0291,0.61,32.0386,36.1905,1.8844,3.3559,3.9227,0.0,,1270000000.0,1270000000.0,718351848.9999999,6883400000.0,6883400000.0,新型电力,公用事业,电力,风力发电,5.7,4.66,0.0
2020-07-21,8.51,8.78,8.47,8.56,8.5,0.0600000000000005,0.71,20919898.0,114503130.0,1.5677,0.016472,0.029122,0.7,32.275,36.4576,1.8984,3.3807,3.9516,0.0,,1270000000.0,1270000000.0,718351848.9999999,6934200000.0,6934200000.0,新型电力,公用事业,电力,风力发电,5.96,4.88,0.0
2020-07-22,8.54,8.54,8.36,8.39,8.56,-0.1699999999999999,-1.99,18514938.0,99736176.0,1.5677,0.014579,0.025774,0.76,31.6248,35.7231,1.8601,3.3126,3.872,0.0,,1270000000.0,1270000000.0,718351848.9999999,6794500000.0,6794500000.0,新型电力,公用事业,电力,风力发电,6.01,4.91,0.0
2020-07-23,8.4,8.48,7.98,8.47,8.39,0.08,0.95,22475650.0,117174167.0,1.5677,0.017697,0.031288,1.08,31.9203,36.057,1.8775,3.3436,3.9082,0.0,,1270000000.0,1270000000.0,718351848.9999999,6858000000.0,6858000000.0,新型电力,公用事业,电力,风力发电,5.89,4.82,0.0
2020-07-24,8.51,8.54,7.96,7.96,8.47,-0.5100000000000007,-6.02,19028291.0,99375702.0,1.5677,0.014983,0.026489,0.96,30.0288,33.9203,1.7662,3.1454,3.6766,0.0,,1270000000.0,1270000000.0,718351848.9999999,6451600000.0,6451600000.0,新型电力,公用事业,电力,风力发电,5.94,4.86,0.0
2020-07-27,8.0,8.11,7.84,8.0,7.96,0.04,0.5,15748419.0,80135835.0,1.5677,0.0124,0.0219229999999999,0.77,30.147,34.0538,1.7732,3.1578,3.6911,0.0,,1270000000.0,1270000000.0,718351848.9999999,6477000000.0,6477000000.0,新型电力,公用事业,电力,风力发电,5.59,4.57,0.0
2020-07-28,8.0,8.23,8.0,8.2,8.0,0.1999999999999993,2.5,14933918.0,77703800.0,1.5677,0.0117589999999999,0.020789,0.77,30.9154,34.9219,1.8184,3.2383,3.7852,0.0,,1270000000.0,1270000000.0,718351848.9999999,6642100000.0,6642100000.0,新型电力,公用事业,电力,风力发电,5.61,4.59,0.0
2020-07-29,8.15,8.34,8.07,8.32,8.2,0.120000000000001,1.46,15461414.000000002,81236141.0,1.5677,0.012174,0.021523,0.85,31.3883,35.456,1.8462,3.2878,3.8431,0.0,,1270000000.0,1270000000.0,718351848.9999999,6743700000.0,6743700000.0,新型电力,公用事业,电力,风力发电,5.75,4.71,0.0
2020-07-30,8.42,8.42,8.18,8.25,8.32,-0.0700000000000002,-0.84,11586600.0,61150036.0,1.5677,0.009123,0.016129,0.66,31.0928,35.1222,1.8288,3.2569,3.8069,0.0,,1270000000.0,1270000000.0,718351848.9999999,6680200000.0,6680200000.0,新型电力,公用事业,电力,风力发电,5.84,4.78,0.0
2020-07-31,8.36,8.86,8.36,8.64,8.25,0.3900000000000005,4.73,40803924.0,224973104.0,1.5677,0.032129,0.056802,2.66,32.5706,36.7915,1.9157,3.4117,3.9878,0.0,,1270000000.0,1270000000.0,718351848.9999999,6997700000.0,6997700000.0,新型电力,公用事业,电力,风力发电,5.79,4.73,0.0
2020-08-03,8.61,8.89,8.56,8.75,8.64,0.1099999999999994,1.27,25723104.0,143771170.0,1.5677,0.0202539999999999,0.035809,1.31,32.9844,37.2589,1.9401,3.455,4.0385,0.0,,1270000000.0,1270000000.0,718351848.9999999,7086600000.0,7086600000.0,新型电力,公用事业,电力,风力发电,6.06,4.96,0.0
2020-08-04,8.73,8.79,8.58,8.78,8.75,0.0299999999999993,0.34,16918393.0,93486818.0,1.5677,0.013322,0.023552,0.78,33.1026,37.3924,1.947,3.4674,4.053,0.0,,1270000000.0,1270000000.0,718351848.9999999,7112000000.0,7112000000.0,新型电力,公用事业,电力,风力发电,6.14,5.02,0.0
2020-08-05,8.7,8.7,8.39,8.64,8.78,-0.1399999999999988,-1.59,18499176.0,100833313.0,1.5677,0.0145659999999999,0.025752,0.84,32.5706,36.7915,1.9157,3.4117,3.9878,0.0,,1270000000.0,1270000000.0,718351848.9999999,6997700000.0,6997700000.0,新型电力,公用事业,电力,风力发电,6.16,5.04,0.0
2020-08-06,8.78,8.87,8.5,8.72,8.64,0.08,0.93,22044648.0,122190688.0,1.5677,0.017358,0.030688,0.97,32.8661,37.1253,1.9331,3.4426,4.024,0.0,,1270000000.0,1270000000.0,718351848.9999999,7061200000.0,7061200000.0,新型电力,公用事业,电力,风力发电,6.06,4.96,0.0
2020-08-07,8.62,8.62,8.21,8.45,8.72,-0.2700000000000013,-3.1,19464801.0,104823800.0,1.5677,0.015327,0.027096,0.78,31.8612,35.9902,1.874,3.3374,3.901,0.0,,1270000000.0,1270000000.0,718351848.9999999,6845300000.0,6845300000.0,新型电力,公用事业,电力,风力发电,6.12,5.0,0.0
2020-08-10,8.36,8.48,8.26,8.31,8.45,-0.1399999999999988,-1.66,11382589.0,60579087.0,1.5677,0.008963,0.015845,0.55,31.3292,35.3893,1.8427,3.2816,3.8358,0.0,,1270000000.0,1270000000.0,718351848.9999999,6731000000.0,6731000000.0,新型电力,公用事业,电力,风力发电,5.93,4.85,0.0
2020-08-11,8.39,8.39,8.01,8.07,8.31,-0.2400000000000002,-2.89,16596145.000000002,86809564.0,1.5677,0.013068,0.023103,0.94,30.4426,34.3877,1.7906,3.1888,3.7273,0.0,,1270000000.0,1270000000.0,718351848.9999999,6540500000.0,6540500000.0,新型电力,公用事业,电力,风力发电,5.83,4.77,0.0
2020-08-12,8.09,8.12,7.7,8.11,8.07,0.0399999999999991,0.5,23291285.0,117773323.0,1.5677,0.01834,0.032423,1.32,30.5608,34.5212,1.7975,3.2012,3.7417,0.0,,1270000000.0,1270000000.0,718351848.9999999,6565900000.0,6565900000.0,新型电力,公用事业,电力,风力发电,5.67,4.64,0.0
2020-08-13,8.14,8.17,8.0,8.04,8.11,-0.0700000000000002,-0.86,13494801.0,69529419.0,1.5677,0.010626,0.018786,0.73,30.3243,34.2541,1.7836,3.1764,3.7128,0.0,,1270000000.0,1270000000.0,718351848.9999999,6515100000.0,6515100000.0,新型电力,公用事业,电力,风力发电,5.69,4.65,0.0
2020-08-14,8.01,8.12,7.84,8.07,8.04,0.0300000000000011,0.37,15356450.0,78154175.0,1.5677,0.012092,0.021377,0.91,30.4426,34.3877,1.7906,3.1888,3.7273,0.0,,1270000000.0,1270000000.0,718351848.9999999,6540500000.0,6540500000.0,新型电力,公用事业,电力,风力发电,5.64,4.62,0.0
2020-08-17,8.11,8.25,8.03,8.2,8.07,0.129999999999999,1.61,14402974.0,74843489.0,1.5677,0.011341,0.02005,0.9,30.9154,34.9219,1.8184,3.2383,3.7852,0.0,,1270000000.0,1270000000.0,718351848.9999999,6642100000.0,6642100000.0,新型电力,公用事业,电力,风力发电,5.67,4.64,0.0
2020-08-18,8.18,8.47,8.12,8.42,8.2,0.2200000000000006,2.68,20676174.0,110301569.0,1.5677,0.01628,0.028783,1.24,31.743,35.8567,1.8671,3.325,3.8865,0.0,,1270000000.0,1270000000.0,718351848.9999999,6819900000.0,6819900000.0,新型电力,公用事业,电力,风力发电,5.75,4.71,0.0
2020-08-19,8.43,8.53,8.25,8.32,8.42,-0.0999999999999996,-1.19,19268000.0,102788738.0,1.5677,0.015172,0.026823,1.1,31.3883,35.456,1.8462,3.2878,3.8431,0.0,,1270000000.0,1270000000.0,718351848.9999999,6743700000.0,6743700000.0,新型电力,公用事业,电力,风力发电,5.91,4.83,0.0
2020-08-20,8.26,8.28,7.98,8.07,8.32,-0.25,-3.0,14800200.0,76604103.0,1.5677,0.011654,0.0206029999999999,0.89,30.4426,34.3877,1.7906,3.1888,3.7273,0.0,,1270000000.0,1270000000.0,718351848.9999999,6540500000.0,6540500000.0,新型电力,公用事业,电力,风力发电,5.84,4.78,0.0
2020-08-21,8.09,8.15,7.98,8.12,8.07,0.0499999999999989,0.62,11047600.0,56901043.0,1.5677,0.008699,0.015379,0.65,30.6199,34.588,1.801,3.2073,3.749,0.0,,1270000000.0,1270000000.0,718351848.9999999,6578600000.0,6578600000.0,新型电力,公用事业,电力,风力发电,5.67,4.64,0.0
2020-08-24,8.12,8.26,8.04,8.26,8.12,0.1400000000000005,1.72,10072304.0,52397387.0,1.5677,0.007931,0.0140209999999999,0.63,31.1519,35.1889,1.8323,3.2631,3.8141,0.0,,1270000000.0,1270000000.0,718351848.9999999,6692900000.0,6692900000.0,新型电力,公用事业,电力,风力发电,5.7,4.66,0.0
2020-08-25,8.25,8.26,8.03,8.07,8.26,-0.1899999999999995,-2.3,9555800.0,49456663.0,1.5677,0.0075239999999999,0.013302,0.63,30.4426,34.3877,1.7906,3.1888,3.7273,0.0,,1270000000.0,1270000000.0,718351848.9999999,6540500000.0,6540500000.0,新型电力,公用事业,电力,风力发电,5.8,4.74,0.0
2020-08-26,8.04,8.04,7.76,7.79,8.07,-0.2800000000000002,-3.47,14574900.0,73335348.0,1.5677,0.011476,0.020289,1.13,29.3785,33.1858,1.728,3.0773,3.597,0.0,,1270000000.0,1270000000.0,718351848.9999999,6311900000.0,6311900000.0,新型电力,公用事业,电力,风力发电,5.67,4.64,0.0
2020-08-27,7.81,7.93,7.74,7.92,7.79,0.1299999999999999,1.67,6386544.0,31952969.0,1.5677,0.005029,0.008891,0.53,29.8514,33.72,1.7558,3.1268,3.6549,0.0,,1270000000.0,1270000000.0,718351848.9999999,6413500000.0,6413500000.0,新型电力,公用事业,电力,风力发电,5.47,4.47,0.0
2020-08-28,7.84,7.89,7.71,7.81,7.92,-0.1100000000000003,-1.39,9784330.0,48489332.0,1.5677,0.007704,0.013621,0.95,29.4377,36.4689,1.7046,3.0835,3.0637,0.0,,1270000000.0,1270000000.0,718351848.9999999,6324600000.0,6324600000.0,新型电力,公用事业,电力,风力发电,5.56,4.55,0.0
2020-08-31,7.84,7.89,7.68,7.68,7.81,-0.1299999999999999,-1.66,12208301.0,60426260.0,1.5677,0.009613,0.016995,1.21,28.9648,35.8831,1.6772,3.034,3.0145,0.0,,1270000000.0,1270000000.0,718351848.9999999,6223000000.0,6223000000.0,新型电力,公用事业,电力,风力发电,5.48,4.48,0.0
2020-09-01,7.7,7.78,7.52,7.76,7.68,0.08,1.04,9093537.0,44300987.0,1.5677,0.00716,0.012659,0.87,29.2603,36.2492,1.6943,3.0649,3.0453,0.0,,1270000000.0,1270000000.0,718351848.9999999,6286500000.0,6286500000.0,新型电力,公用事业,电力,风力发电,5.39,4.41,0.0
2020-09-02,7.74,7.81,7.6,7.67,7.76,-0.0899999999999998,-1.16,7912900.0,38800007.0,1.5677,0.0062309999999999,0.0110149999999999,0.76,28.9056,35.8099,1.6738,3.0278,3.0084,0.0,,1270000000.0,1270000000.0,718351848.9999999,6210300000.0,6210300000.0,新型电力,公用事业,电力,风力发电,5.45,4.46,0.0
2020-09-03,7.67,7.73,7.57,7.6,7.67,-0.0700000000000002,-0.91,7217250.999999999,35201129.0,1.5677,0.005683,0.0100469999999999,0.8,28.6692,35.5169,1.6601,3.003,2.9838,0.0,,1270000000.0,1270000000.0,718351848.9999999,6159500000.0,6159500000.0,新型电力,公用事业,电力,风力发电,5.38,4.4,0.0
2020-09-04,7.51,7.7,7.37,7.67,7.6,0.0700000000000002,0.92,9728550.0,46809211.0,1.5677,0.00766,0.013543,1.05,28.9056,35.8099,1.6738,3.0278,3.0084,0.0,,1270000000.0,1270000000.0,718351848.9999999,6210300000.0,6210300000.0,新型电力,公用事业,电力,风力发电,5.34,4.37,0.0
2020-09-07,7.6,7.71,7.43,7.49,7.67,-0.1799999999999997,-2.35,8545901.0,41283114.0,1.5677,0.006729,0.011897,0.93,28.2554,35.0043,1.6362,2.9597,2.9407,0.0,,1270000000.0,1270000000.0,718351848.9999999,6070600000.0,6070600000.0,新型电力,公用事业,电力,风力发电,5.38,4.4,0.0
2020-09-08,7.48,7.59,7.38,7.57,7.49,0.08,1.07,8251106.0,39498711.0,1.5677,0.006497,0.011486,0.97,28.551,35.3705,1.6533,2.9906,2.9715,0.0,,1270000000.0,1270000000.0,718351848.9999999,6134100000.0,6134100000.0,新型电力,公用事业,电力,风力发电,5.26,4.3,0.0
2020-09-09,7.48,7.57,7.43,7.48,7.57,-0.0899999999999998,-1.19,9600107.0,45878320.0,1.5677,0.007559,0.013364,1.15,28.1963,34.9311,1.6327,2.9535,2.9345,0.0,,1270000000.0,1270000000.0,718351848.9999999,6057900000.0,6057900000.0,新型电力,公用事业,电力,风力发电,5.31,4.35,0.0
2020-09-10,7.54,7.59,7.21,7.26,7.48,-0.2200000000000006,-2.94,9556911.0,45014955.0,1.5677,0.007525,0.013304,1.1,27.3687,33.9059,1.5848,2.8668,2.8484,0.0,,1270000000.0,1270000000.0,718351848.9999999,5880100000.0,5880100000.0,新型电力,公用事业,电力,风力发电,5.25,4.29,0.0
2020-09-11,7.31,7.35,7.16,7.32,7.26,0.0600000000000005,0.83,5477320.0,25375138.0,1.5677,0.004313,0.007625,0.6,27.6052,34.1988,1.5985,2.8916,2.873,0.0,,1270000000.0,1270000000.0,718351848.9999999,5930900000.0,5930900000.0,新型电力,公用事业,电力,风力发电,5.09,4.17,0.0
2020-09-14,7.38,7.6,7.29,7.37,7.32,0.0499999999999998,0.68,6748400.0,31837825.0,1.5677,0.005314,0.009394,0.81,27.7825,34.4185,1.6088,2.9101,2.8915,0.0,,1270000000.0,1270000000.0,718351848.9999999,5969000000.0,5969000000.0,新型电力,公用事业,电力,风力发电,5.14,4.2,0.0
2020-09-15,7.35,7.49,7.29,7.49,7.37,0.1200000000000001,1.63,8424873.0,39828128.0,1.5677,0.006634,0.011728,1.06,28.2554,35.0043,1.6362,2.9597,2.9407,0.0,,1270000000.0,1270000000.0,718351848.9999999,6070600000.0,6070600000.0,新型电力,公用事业,电力,风力发电,5.17,4.23,0.0
2020-09-16,7.46,7.51,7.38,7.46,7.49,-0.0300000000000002,-0.4,6592610.000000001,31313046.0,1.5677,0.005191,0.009177,0.83,28.1372,34.8579,1.6293,2.9473,2.9284,0.0,,1270000000.0,1270000000.0,718351848.9999999,6045200000.0,6045200000.0,新型电力,公用事业,电力,风力发电,5.26,4.3,0.0
2020-09-17,7.46,7.49,7.37,7.46,7.46,0.0,0.0,4740400.0,22487287.0,1.5677,0.003733,0.006599,0.64,28.1372,34.8579,1.6293,2.9473,2.9284,0.0,,1270000000.0,1270000000.0,718351848.9999999,6045200000.0,6045200000.0,新型电力,公用事业,电力,风力发电,5.24,4.28,0.0
2020-09-18,7.46,7.62,7.43,7.59,7.46,0.1299999999999999,1.74,9805024.0,47182921.0,1.5677,0.00772,0.013649,1.49,28.6101,35.4437,1.6567,2.9968,2.9776,0.0,,1270000000.0,1270000000.0,718351848.9999999,6146800000.0,6146800000.0,新型电力,公用事业,电力,风力发电,5.24,4.28,0.0
2020-09-21,7.67,7.67,7.52,7.57,7.59,-0.0199999999999995,-0.26,7677020.0,37224601.0,1.5677,0.006045,0.010687,1.06,28.551,35.3705,1.6533,2.9906,2.9715,0.0,,1270000000.0,1270000000.0,718351848.9999999,6134100000.0,6134100000.0,新型电力,公用事业,电力,风力发电,5.32,4.36,0.0
2020-09-22,7.49,7.57,7.4,7.43,7.57,-0.1400000000000005,-1.85,6387000.0,30506033.0,1.5677,0.005029,0.008891,0.86,28.019,34.7114,1.6225,2.9349,2.9161,0.0,,1270000000.0,1270000000.0,718351848.9999999,6019800000.0,6019800000.0,新型电力,公用事业,电力,风力发电,5.31,4.35,0.0
2020-09-23,7.43,7.51,7.38,7.43,7.43,0.0,0.0,6415751.0,30502350.0,1.5677,0.005052,0.008931,0.91,28.019,34.7114,1.6225,2.9349,2.9161,0.0,,1270000000.0,1270000000.0,718351848.9999999,6019800000.0,6019800000.0,新型电力,公用事业,电力,风力发电,5.21,4.27,0.0
2020-09-24,7.42,7.46,7.05,7.12,7.43,-0.3099999999999996,-4.17,10739852.0,49611833.0,1.5677,0.008457,0.014951,1.53,26.8367,33.2468,1.554,2.8111,2.793,0.0,,1270000000.0,1270000000.0,718351848.9999999,5765800000.0,5765800000.0,新型电力,公用事业,电力,风力发电,5.21,4.27,0.0
2020-09-25,7.15,7.21,6.94,6.99,7.12,-0.1299999999999999,-1.83,5413572.0,24327726.0,1.5677,0.004263,0.007536,0.66,26.3638,32.6609,1.5266,2.7615,2.7438,0.0,,1270000000.0,1270000000.0,718351848.9999999,5664200000.0,5664200000.0,新型电力,公用事业,电力,风力发电,4.99,4.09,0.0
2020-09-28,7.04,7.32,6.96,7.07,6.99,0.08,1.14,9132100.0,41503569.0,1.5677,0.0071909999999999,0.012713,1.25,26.6594,33.0271,1.5437,2.7925,2.7746,0.0,,1270000000.0,1270000000.0,718351848.9999999,5727700000.0,5727700000.0,新型电力,公用事业,电力,风力发电,4.91,4.01,0.0
2020-09-29,7.21,7.38,7.13,7.23,7.07,0.1600000000000001,2.26,9977100.0,46379011.0,1.5677,0.007856,0.013889,1.31,27.2505,33.7594,1.578,2.8544,2.8361,0.0,,1270000000.0,1270000000.0,718351848.9999999,5854700000.0,5854700000.0,新型电力,公用事业,电力,风力发电,4.96,4.06,0.0
2020-09-30,7.29,7.32,7.18,7.26,7.23,0.0299999999999993,0.41,5948510.0,27498409.0,1.5677,0.004684,0.008281,0.71,27.3687,33.9059,1.5848,2.8668,2.8484,0.0,,1270000000.0,1270000000.0,718351848.9999999,5880100000.0,5880100000.0,新型电力,公用事业,电力,风力发电,5.07,4.15,0.0
2020-10-09,7.37,7.73,7.35,7.6,7.26,0.3399999999999998,4.68,12801998.0,61817767.0,1.5677,0.01008,0.017821,1.55,28.6692,35.5169,1.6601,3.003,2.9838,0.0,,1270000000.0,1270000000.0,718351848.9999999,6159500000.0,6159500000.0,新型电力,公用事业,电力,风力发电,5.09,4.17,0.0
2020-10-12,7.65,7.73,7.6,7.63,7.6,0.0300000000000002,0.39,12666644.0,61813812.0,1.5677,0.009974,0.017633,1.46,28.7874,35.6634,1.667,3.0154,2.9961,0.0,,1270000000.0,1270000000.0,718351848.9999999,6184900000.0,6184900000.0,新型电力,公用事业,电力,风力发电,5.34,4.37,0.0
2020-10-13,7.6,7.65,7.52,7.62,7.63,-0.0099999999999997,-0.13,9981466.0,48318986.0,1.5677,0.007859,0.013895,0.99,28.7283,35.5902,1.6635,3.0092,2.9899,0.0,,1270000000.0,1270000000.0,718351848.9999999,6172200000.0,6172200000.0,新型电力,公用事业,电力,风力发电,5.36,4.38,0.0
2020-10-14,7.62,7.92,7.46,7.76,7.62,0.1399999999999996,1.84,21157572.0,104088572.0,1.5677,0.0166599999999999,0.029453,2.06,29.2603,36.2492,1.6943,3.0649,3.0453,0.0,,1270000000.0,1270000000.0,718351848.9999999,6286500000.0,6286500000.0,新型电力,公用事业,电力,风力发电,5.35,4.37,0.0
2020-10-15,7.7,7.84,7.54,7.6,7.76,-0.1600000000000001,-2.06,12206760.0,59777531.0,1.5677,0.009612,0.016993,0.98,28.6692,35.5169,1.6601,3.003,2.9838,0.0,,1270000000.0,1270000000.0,718351848.9999999,6159500000.0,6159500000.0,新型电力,公用事业,电力,风力发电,5.45,4.46,0.0
2020-10-16,7.57,7.62,7.48,7.6,7.6,0.0,0.0,6375208.0,30712290.0,1.5677,0.00502,0.008875,0.46,28.6692,35.5169,1.6601,3.003,2.9838,0.0,,1270000000.0,1270000000.0,718351848.9999999,6159500000.0,6159500000.0,新型电力,公用事业,电力,风力发电,5.34,4.37,0.0
2020-10-19,7.6,7.98,7.59,7.76,7.6,0.1600000000000001,2.11,18428600.0,92051187.0,1.5677,0.014511,0.025654,1.48,29.2603,36.2492,1.6943,3.0649,3.0453,0.0,,1270000000.0,1270000000.0,718351848.9999999,6286500000.0,6286500000.0,新型电力,公用事业,电力,风力发电,5.34,4.37,0.0
2020-10-20,7.68,7.74,7.57,7.7,7.76,-0.0599999999999996,-0.77,12198139.0,59548298.0,1.5677,0.009605,0.016981,0.89,29.0239,35.9563,1.6807,3.0402,3.0207,0.0,,1270000000.0,1270000000.0,718351848.9999999,6235700000.0,6235700000.0,新型电力,公用事业,电力,风力发电,5.45,4.46,0.0
2020-10-21,7.71,7.71,7.49,7.54,7.7,-0.1600000000000001,-2.08,7831200.999999999,37788454.0,1.5677,0.006166,0.010902,0.56,28.4328,35.224,1.6464,2.9782,2.9592,0.0,,1270000000.0,1270000000.0,718351848.9999999,6108700000.0,6108700000.0,新型电力,公用事业,电力,风力发电,5.4,4.42,0.0
2020-10-22,7.52,7.73,7.45,7.6,7.54,0.0599999999999996,0.8,8080900.999999999,39148704.0,1.5677,0.006363,0.011249,0.71,28.6692,35.5169,1.6601,3.003,2.9838,0.0,,1270000000.0,1270000000.0,718351848.9999999,6159500000.0,6159500000.0,新型电力,公用事业,电力,风力发电,5.29,4.33,0.0
2020-10-23,7.56,7.79,7.49,7.63,7.6,0.0300000000000002,0.39,12826543.0,62702539.0,1.5677,0.0101,0.017856,1.21,28.7874,34.1811,1.6665,3.0154,2.9669,0.0,,1270000000.0,1270000000.0,718351848.9999999,6184900000.0,6184900000.0,新型电力,公用事业,电力,风力发电,5.34,4.37,0.0
2020-10-26,7.59,7.67,7.52,7.6,7.63,-0.0300000000000002,-0.39,8621009.0,41674488.0,1.5677,0.006788,0.012001,0.73,28.6692,34.0407,1.6596,3.003,2.9547,0.0,,1270000000.0,1270000000.0,718351848.9999999,6159500000.0,6159500000.0,新型电力,公用事业,电力,风力发电,5.36,4.38,0.0
2020-10-27,7.54,8.28,7.54,8.12,7.6,0.5199999999999996,6.84,41578156.0,213284447.0,1.5677,0.032739,0.05788,4.19,30.6199,36.3569,1.7726,3.2073,3.1557,0.0,,1270000000.0,1270000000.0,718351848.9999999,6578600000.0,6578600000.0,新型电力,公用事业,电力,风力发电,5.34,4.37,0.0
2020-10-28,8.14,8.29,8.04,8.12,8.12,0.0,0.0,29775250.0,154917953.0,1.5677,0.023445,0.041449,1.89,30.6199,36.3569,1.7726,3.2073,3.1557,0.0,,1270000000.0,1270000000.0,718351848.9999999,6578600000.0,6578600000.0,新型电力,公用事业,电力,风力发电,5.7,4.66,0.0
2020-10-29,8.06,8.25,8.01,8.04,8.12,-0.08,-0.99,23335750.0,120864335.0,1.5677,0.018375,0.032485,1.16,30.3243,36.006,1.7554,3.1764,3.1253,0.0,,1270000000.0,1270000000.0,718351848.9999999,6515100000.0,6515100000.0,新型电力,公用事业,电力,风力发电,5.7,4.66,0.0
2020-10-30,8.0,8.25,7.96,8.09,8.04,0.0500000000000007,0.62,21356573.0,110445050.0,1.5677,0.016816,0.02973,0.92,30.5017,36.2165,1.7657,3.195,3.1435,0.0,,1270000000.0,1270000000.0,718351848.9999999,6553200000.0,6553200000.0,新型电力,公用事业,电力,风力发电,5.64,4.62,0.0
2020-11-02,8.09,8.31,8.0,8.31,8.09,0.2200000000000006,2.72,27986413.0,146232416.0,1.5677,0.022037,0.038959,1.12,31.3292,37.1992,1.8136,3.2816,3.2288,0.0,,1270000000.0,1270000000.0,718351848.9999999,6731000000.0,6731000000.0,新型电力,公用事业,电力,风力发电,5.68,4.64,0.0
2020-11-03,8.36,8.75,8.28,8.32,8.31,0.0099999999999997,0.12,29558789.0,159409663.0,1.5677,0.023275,0.041148,1.03,31.3883,37.2694,1.817,3.2878,3.2349,0.0,,1270000000.0,1270000000.0,718351848.9999999,6743700000.0,6743700000.0,新型电力,公用事业,电力,风力发电,5.83,4.77,0.0
2020-11-04,8.31,8.48,8.04,8.18,8.32,-0.1400000000000005,-1.68,21180500.0,111444931.0,1.5677,0.016678,0.029485,0.8,30.8563,36.6377,1.7862,3.2321,3.1801,0.0,,1270000000.0,1270000000.0,718351848.9999999,6629400000.0,6629400000.0,新型电力,公用事业,电力,风力发电,5.84,4.78,0.0
2020-11-05,8.28,8.83,8.17,8.79,8.18,0.6099999999999994,7.46,48769957.0,267852915.0,1.5677,0.038402,0.067891,1.98,33.1617,39.375,1.9197,3.4736,3.4177,0.0,,1270000000.0,1270000000.0,718351848.9999999,7124700000.0,7124700000.0,新型电力,公用事业,电力,风力发电,5.74,4.7,0.0
2020-11-06,8.78,9.06,8.43,8.61,8.79,-0.1799999999999997,-2.05,41762819.0,231667070.0,1.5677,0.032884,0.058137,1.4,32.4524,38.5327,1.8786,3.3993,3.3446,0.0,,1270000000.0,1270000000.0,718351848.9999999,6972300000.0,6972300000.0,新型电力,公用事业,电力,风力发电,6.17,5.05,0.0
2020-11-09,8.61,9.03,8.54,8.89,8.61,0.2800000000000011,3.25,36817044.0,205786471.0,1.5677,0.02899,0.051252,1.09,33.5164,39.7961,1.9402,3.5107,3.4542,0.0,,1270000000.0,1270000000.0,718351848.9999999,7200900000.0,7200900000.0,新型电力,公用事业,电力,风力发电,6.04,4.94,0.0
2020-11-10,8.89,9.08,8.62,8.79,8.89,-0.1000000000000014,-1.12,25601870.0,143754400.0,1.5677,0.0201589999999999,0.03564,0.72,33.1617,39.375,1.9197,3.4736,3.4177,0.0,,1270000000.0,1270000000.0,718351848.9999999,7124700000.0,7124700000.0,新型电力,公用事业,电力,风力发电,6.24,5.1,0.0
2020-11-11,8.79,8.97,8.64,8.92,8.79,0.1300000000000007,1.48,27032029.0,152240500.0,1.5677,0.021285,0.037631,0.78,33.6346,39.9365,1.9471,3.5231,3.4664,0.0,,1270000000.0,1270000000.0,718351848.9999999,7226300000.0,7226300000.0,新型电力,公用事业,电力,风力发电,6.17,5.05,0.0
2020-11-12,8.89,9.45,8.78,9.09,8.92,0.1699999999999999,1.91,43439005.0,252011718.0,1.5677,0.034204,0.0604699999999999,1.21,34.2848,40.7085,1.9847,3.5912,3.5334,0.0,,1270000000.0,1270000000.0,718351848.9999999,7366000000.0,7366000000.0,新型电力,公用事业,电力,风力发电,6.26,5.12,0.0
2020-11-13,10.0,10.0,10.0,10.0,9.09,0.91,10.01,6705000.0,42777900.0,1.5677,0.00528,0.009334,0.19,37.7133,44.7794,2.1832,3.9504,3.8868,0.0,,1270000000.0,1270000000.0,718351848.9999999,8102600000.0,8102600000.0,新型电力,公用事业,电力,风力发电,6.38,5.22,0.0
2020-11-16,10.66,11.01,10.17,11.01,10.0,1.0099999999999998,10.1,97015767.0,659433347.0,1.5677,0.07639,0.135053,3.47,41.4964,49.2713,2.4022,4.3466,4.2767,0.0,,1270000000.0,1270000000.0,718351848.9999999,8915400000.0,8915400000.0,新型电力,公用事业,电力,风力发电,7.02,5.74,0.0
2020-11-17,11.01,12.1,10.9,11.76,11.01,0.75,6.81,147868124.0,1085905637.0,1.5677,0.116432,0.205844,3.7,44.3338,52.6403,2.5664,4.6438,4.5691,0.0,,1270000000.0,1270000000.0,718351848.9999999,9525000000.0,9525000000.0,新型电力,公用事业,电力,风力发电,7.72,6.32,0.0
2020-11-18,12.04,12.92,11.29,11.91,11.76,0.1500000000000003,1.28,148515525.0,1145032601.0,1.5677,0.116941,0.2067449999999999,2.31,44.9249,53.3422,2.6007,4.7058,4.63,0.0,,1270000000.0,1270000000.0,718351848.9999999,9652000000.0,9652000000.0,新型电力,公用事业,电力,风力发电,8.25,6.75,0.0
2020-11-19,11.91,11.93,11.02,11.33,11.91,-0.5800000000000001,-4.87,101395692.0,732207803.0,1.5677,0.079839,0.14115,1.14,42.7378,50.7453,2.474,4.4767,4.4046,0.0,,1270000000.0,1270000000.0,718351848.9999999,9182100000.0,9182100000.0,新型电力,公用事业,电力,风力发电,8.36,6.84,0.0
2020-11-20,11.29,11.73,11.04,11.35,11.33,0.0199999999999995,0.18,100460748.0,730078595.0,1.5677,0.079103,0.139849,1.0,42.7969,50.8155,2.4775,4.4829,4.4107,0.0,,1270000000.0,1270000000.0,718351848.9999999,9194800000.0,9194800000.0,新型电力,公用事业,电力,风力发电,7.95,6.51,0.0
2020-11-23,11.43,12.32,11.16,11.63,11.35,0.2800000000000011,2.47,113352012.0,844184577.0,1.5677,0.089254,0.157795,0.95,43.8609,52.0788,2.5391,4.5943,4.5204,0.0,,1270000000.0,1270000000.0,718351848.9999999,9423400000.0,9423400000.0,新型电力,公用事业,电力,风力发电,7.96,6.52,0.0
2020-11-24,11.74,12.32,11.52,11.8,11.63,0.1699999999999999,1.46,105877352.0,799683340.0,1.5677,0.083368,0.147389,0.87,44.5111,52.8509,2.5767,4.6624,4.5874,0.0,,1270000000.0,1270000000.0,718351848.9999999,9563100000.0,9563100000.0,新型电力,公用事业,电力,风力发电,8.16,6.68,0.0
2020-11-25,11.62,12.67,11.32,12.06,11.8,0.2599999999999998,2.2,98800095.0,749988639.0,1.5677,0.077795,0.137537,0.87,45.4569,53.9739,2.6315,4.7615,4.6849,0.0,,1270000000.0,1270000000.0,718351848.9999999,9766300000.0,9766300000.0,新型电力,公用事业,电力,风力发电,8.28,6.78,0.0
2020-11-26,11.95,12.04,11.54,12.01,12.06,-0.0500000000000007,-0.41,63382143.00000001,476453776.0,1.5677,0.049907,0.0882329999999999,0.61,45.2796,53.7633,2.6212,4.7429,4.6666,0.0,,1270000000.0,1270000000.0,718351848.9999999,9728200000.0,9728200000.0,新型电力,公用事业,电力,风力发电,8.46,6.92,0.0
2020-11-27,11.91,11.91,10.8,11.22,12.01,-0.7899999999999991,-6.58,96122233.0,680595498.0,1.5677,0.075687,0.133809,1.0,42.324,50.254,2.4501,4.4333,4.362,0.0,,1270000000.0,1270000000.0,718351848.9999999,9093200000.0,9093200000.0,新型电力,公用事业,电力,风力发电,8.43,6.89,0.0
2020-11-30,11.13,11.24,10.58,10.91,11.22,-0.3100000000000005,-2.76,45102251.0,314544651.0,1.5677,0.035514,0.062786,0.47,41.1418,48.8502,2.3817,4.3095,4.2401,0.0,,1270000000.0,1270000000.0,718351848.9999999,8839200000.0,8839200000.0,新型电力,公用事业,电力,风力发电,7.88,6.44,0.0
2020-12-01,10.82,11.07,10.61,10.66,10.91,-0.25,-2.29,43538720.0,299173516.0,1.5677,0.034282,0.060609,0.53,40.196,47.7272,2.3269,4.2104,4.1427,0.0,,1270000000.0,1270000000.0,718351848.9999999,8636000000.0,8636000000.0,新型电力,公用事业,电力,风力发电,7.66,6.26,0.0
2020-12-02,10.75,10.75,10.1,10.16,10.66,-0.5,-4.69,58630494.99999999,387619133.0,1.5677,0.046166,0.081618,0.84,38.3044,45.4812,2.2174,4.0123,3.9477,0.0,,1270000000.0,1270000000.0,718351848.9999999,8229600000.0,8229600000.0,新型电力,公用事业,电力,风力发电,7.48,6.12,0.0
2020-12-03,10.17,10.19,9.88,9.92,10.16,-0.2400000000000002,-2.36,36369043.0,231626097.0,1.5677,0.028637,0.050628,0.59,37.4177,44.4284,2.1661,3.9194,3.8563,0.0,,1270000000.0,1270000000.0,718351848.9999999,8039100000.0,8039100000.0,新型电力,公用事业,电力,风力发电,7.13,5.83,0.0
2020-12-04,9.91,10.41,9.85,10.13,9.92,0.2100000000000008,2.12,45723623.0,295167421.0,1.5677,0.036003,0.063651,0.82,38.1862,45.3409,2.2106,3.9999,3.9355,0.0,,1270000000.0,1270000000.0,718351848.9999999,8204200000.0,8204200000.0,新型电力,公用事业,电力,风力发电,6.96,5.7,0.0
2020-12-07,10.35,10.44,10.06,10.27,10.13,0.1399999999999988,1.38,45888054.0,300874411.0,1.5677,0.036132,0.0638799999999999,1.0,38.7182,45.9726,2.2414,4.0556,3.9904,0.0,,1270000000.0,1270000000.0,718351848.9999999,8318500000.0,8318500000.0,新型电力,公用事业,电力,风力发电,7.11,5.81,0.0
2020-12-08,10.16,10.39,9.72,10.28,10.27,0.0099999999999997,0.1,64213935.0,414307093.0,1.5677,0.0505619999999999,0.089391,1.4,38.7773,46.0427,2.2448,4.0618,3.9964,0.0,,1270000000.0,1270000000.0,718351848.9999999,8331200000.0,8331200000.0,新型电力,公用事业,电力,风力发电,7.21,5.9,0.0
2020-12-09,10.22,10.5,9.78,9.81,10.28,-0.4699999999999988,-4.57,41734700.0,270508655.0,1.5677,0.032862,0.058098,0.83,37.004,43.9371,2.1421,3.8761,3.8137,0.0,,1270000000.0,1270000000.0,718351848.9999999,7950200000.0,7950200000.0,新型电力,公用事业,电力,风力发电,7.22,5.9,0.0
2020-12-10,9.59,10.02,9.31,9.99,9.81,0.1799999999999997,1.83,41598974.0,255755193.0,1.5677,0.032755,0.0579089999999999,0.89,37.6542,44.7092,2.1798,3.9442,3.8807,0.0,,1270000000.0,1270000000.0,718351848.9999999,8089900000.0,8089900000.0,新型电力,公用事业,电力,风力发电,6.89,5.63,0.0
2020-12-11,9.86,10.1,9.5,9.88,9.99,-0.1099999999999994,-1.1,33791317.0,211260346.0,1.5677,0.026607,0.04704,0.71,37.2404,44.2179,2.1558,3.9008,3.8381,0.0,,1270000000.0,1270000000.0,718351848.9999999,8001000000.0,8001000000.0,新型电力,公用事业,电力,风力发电,7.01,5.73,0.0
2020-12-14,9.88,10.0,9.8,9.97,9.88,0.0899999999999998,0.91,22610240.0,143040178.0,1.5677,0.017803,0.031475,0.5,37.5951,44.639,2.1763,3.938,3.8746,0.0,,1270000000.0,1270000000.0,718351848.9999999,8077200000.0,8077200000.0,新型电力,公用事业,电力,风力发电,6.93,5.67,0.0
2020-12-15,9.97,10.05,9.52,9.97,9.97,0.0,0.0,35162243.0,219344437.0,1.5677,0.027687,0.048948,0.86,37.5951,44.639,2.1763,3.938,3.8746,0.0,,1270000000.0,1270000000.0,718351848.9999999,8077200000.0,8077200000.0,新型电力,公用事业,电力,风力发电,7.0,5.72,0.0
2020-12-16,9.89,9.97,9.61,9.7,9.97,-0.2700000000000013,-2.71,30422001.0,189259106.0,1.5677,0.023954,0.04235,0.87,36.5902,43.4458,2.1182,3.8327,3.771,0.0,,1270000000.0,1270000000.0,718351848.9999999,7861300000.0,7861300000.0,新型电力,公用事业,电力,风力发电,7.0,5.72,0.0
2020-12-17,9.72,10.68,9.69,10.68,9.7,0.9800000000000004,10.1,79039407.0,522219245.0,1.5677,0.062236,0.110029,2.42,40.2551,47.7974,2.3303,4.2166,4.1488,0.0,,1270000000.0,1270000000.0,718351848.9999999,8648700000.0,8648700000.0,新型电力,公用事业,电力,风力发电,6.81,5.57,0.0
2020-12-18,10.97,11.71,10.96,11.19,10.68,0.5099999999999998,4.78,115247923.0,825062225.0,1.5677,0.090746,0.160434,2.87,42.2058,50.1136,2.4432,4.4209,4.3498,0.0,,1270000000.0,1270000000.0,718351848.9999999,9067800000.0,9067800000.0,新型电力,公用事业,电力,风力发电,7.49,6.13,0.0
2020-12-21,11.18,12.31,10.8,11.91,11.19,0.7200000000000006,6.43,109446713.0,806108418.0,1.5677,0.086179,0.152358,1.94,44.9249,53.3422,2.6007,4.7058,4.63,0.0,,1270000000.0,1270000000.0,718351848.9999999,9652000000.0,9652000000.0,新型电力,公用事业,电力,风力发电,7.85,6.43,0.0
2020-12-22,11.76,13.11,11.62,12.57,11.91,0.6600000000000001,5.54,172213197.0,1383111924.0,1.5677,0.135601,0.239734,2.33,47.4076,56.2901,2.7444,4.9658,4.8859,0.0,,1270000000.0,1270000000.0,718351848.9999999,10185400000.0,10185400000.0,新型电力,公用事业,电力,风力发电,8.36,6.84,0.0
2020-12-23,12.82,13.76,12.51,12.54,12.57,-0.0300000000000011,-0.24,149927789.0,1237782684.0,1.5677,0.118053,0.2087109999999999,1.48,47.2894,56.1497,2.7375,4.9534,4.8737,0.0,,1270000000.0,1270000000.0,718351848.9999999,10160000000.0,10160000000.0,新型电力,公用事业,电力,风力发电,8.82,7.22,0.0
2020-12-24,12.53,12.89,12.18,12.46,12.54,-0.0799999999999983,-0.64,95732543.0,763010609.0,1.5677,0.07538,0.133267,0.76,46.9938,55.7988,2.7204,4.9225,4.8433,0.0,,1270000000.0,1270000000.0,718351848.9999999,10096500000.0,10096500000.0,新型电力,公用事业,电力,风力发电,8.8,7.2,0.0
2020-12-25,12.23,13.25,11.95,13.06,12.46,0.5999999999999996,4.82,108078642.0,878935372.0,1.5677,0.085101,0.150454,0.84,49.2401,58.4659,2.8505,5.1578,5.0748,0.0,,1270000000.0,1270000000.0,718351848.9999999,10579100000.0,10579100000.0,新型电力,公用事业,电力,风力发电,8.75,7.16,0.0
2020-12-28,13.28,13.59,12.7,13.09,13.06,0.0299999999999993,0.23,104724982.0,875150812.0,1.5677,0.082461,0.145785,0.82,49.3583,58.6062,2.8573,5.1701,5.0869,0.0,,1270000000.0,1270000000.0,718351848.9999999,10604500000.0,10604500000.0,新型电力,公用事业,电力,风力发电,9.16,7.5,0.0
2020-12-29,12.9,12.93,11.79,11.79,13.09,-1.3000000000000007,-9.93,96995596.0,747373943.0,1.5677,0.076374,0.135025,0.77,44.452,52.7807,2.5733,4.6562,4.5813,0.0,,1270000000.0,1270000000.0,718351848.9999999,9550400000.0,9550400000.0,新型电力,公用事业,电力,风力发电,9.19,7.52,0.0
2020-12-30,12.24,12.96,12.18,12.7,11.79,0.91,7.72,165848476.0,1347475883.0,1.5677,0.1305889999999999,0.230874,1.49,47.8805,56.8516,2.7718,5.0153,4.9346,0.0,,1270000000.0,1270000000.0,718351848.9999999,10287000000.0,10287000000.0,新型电力,公用事业,电力,风力发电,8.27,6.77,0.0
2020-12-31,12.57,13.17,12.23,13.01,12.7,0.3100000000000005,2.44,144331476.0,1169610988.0,1.5677,0.113647,0.20092,1.26,49.0628,58.2553,2.8402,5.1392,5.0565,0.0,,1270000000.0,1270000000.0,718351848.9999999,10541000000.0,10541000000.0,新型电力,公用事业,电力,风力发电,8.91,7.29,0.0
2021-01-04,13.42,13.76,12.93,13.44,13.01,0.4299999999999997,3.31,128539636.0,1101731985.0,1.5677,0.101212,0.1789369999999999,1.04,50.6588,60.1504,2.9326,5.3064,5.221,0.0,,1270000000.0,1270000000.0,718351848.9999999,10883900000.0,10883900000.0,新型电力,公用事业,电力,风力发电,9.13,7.47,0.0
2021-01-05,13.64,14.78,13.58,14.78,13.44,1.34,9.97,133199786.0,1229460118.0,1.5677,0.104882,0.185424,1.04,55.7424,66.1864,3.2269,5.8389,5.7449,0.0,,1270000000.0,1270000000.0,718351848.9999999,11976100000.0,11976100000.0,新型电力,公用事业,电力,风力发电,9.43,7.71,0.0
2021-01-06,16.26,16.26,14.12,14.94,14.78,0.1600000000000001,1.08,187699596.0,1808996329.0,1.5677,0.147795,0.261292,1.4,56.3335,66.8883,3.2611,5.9008,5.8058,0.0,,1270000000.0,1270000000.0,718351848.9999999,12103100000.0,12103100000.0,新型电力,公用事业,电力,风力发电,10.37,8.49,0.0
2021-01-07,15.32,16.34,14.79,15.74,14.94,0.8000000000000007,5.35,158632002.0,1576538071.0,1.568,0.124907,0.220828,1.04,59.3482,70.4679,3.4356,6.2165,6.1165,0.0,,1270000000.0,1270000000.0,718351848.9999999,12750800000.0,12750800000.0,新型电力,公用事业,电力,风力发电,10.48,8.58,0.0
2021-01-08,15.54,15.6,14.17,15.13,15.74,-0.6099999999999994,-3.88,121398077.0,1155359423.0,1.568,0.095589,0.168995,0.81,57.0428,67.7306,3.3022,5.9751,5.8789,0.0,,1270000000.0,1270000000.0,718351848.9999999,12255500000.0,12255500000.0,新型电力,公用事业,电力,风力发电,11.04,9.04,0.0
2021-01-11,15.37,15.59,13.63,13.63,15.13,-1.5,-9.91,126522110.0,1161160914.0,1.568,0.099624,0.176128,0.87,51.3681,60.9926,2.9736,5.3807,5.2941,0.0,,1270000000.0,1270000000.0,718351848.9999999,11036300000.0,11036300000.0,新型电力,公用事业,电力,风力发电,10.62,8.69,0.0
2021-01-12,13.97,14.99,13.97,14.99,13.63,1.3599999999999994,9.98,104281472.0,971149976.0,1.568,0.082111,0.145168,0.72,56.5108,67.0989,3.2714,5.9193,5.8241,0.0,,1270000000.0,1270000000.0,718351848.9999999,12141200000.0,12141200000.0,新型电力,公用事业,电力,风力发电,9.56,7.82,0.0
2021-01-13,15.82,16.5,15.62,16.07,14.99,1.08,7.2,188980481.0,1955970970.0,1.568,0.148804,0.263075,1.35,60.5895,71.9418,3.5075,6.3466,6.2445,0.0,,1270000000.0,1270000000.0,718351848.9999999,13017500000.0,13017500000.0,新型电力,公用事业,电力,风力发电,10.52,8.6,0.0
2021-01-14,16.02,17.69,16.02,16.54,16.07,0.4699999999999988,2.92,203910140.0,2207731903.0,1.568,0.160559,0.283858,1.46,62.3629,74.0474,3.6101,6.5323,6.4272,0.0,,1270000000.0,1270000000.0,718351848.9999999,13398500000.0,13398500000.0,新型电力,公用事业,电力,风力发电,11.28,9.23,0.0
2021-01-15,15.87,18.2,15.54,18.2,16.54,1.66,10.04,173216524.0,1854024451.0,1.568,0.1363909999999999,0.2411299999999999,1.16,68.6287,81.4872,3.9728,7.1887,7.073,0.0,,1270000000.0,1270000000.0,718351848.9999999,14744700000.0,14744700000.0,新型电力,公用事业,电力,风力发电,11.61,9.5,0.0
2021-01-18,19.51,20.02,19.1,20.02,18.2,1.8200000000000005,10.0,89930849.0,1136810170.0,1.568,0.070812,0.125191,0.56,75.4857,89.6289,4.3698,7.9069,7.7797,0.0,,1270000000.0,1270000000.0,718351848.9999999,16217900000.0,16217900000.0,新型电力,公用事业,电力,风力发电,12.77,10.45,0.0
2021-01-19,21.17,22.03,19.46,20.13,20.02,0.1099999999999994,0.55,228336354.0,3066076472.0,1.568,0.1797919999999999,0.317861,1.5,75.8995,90.1202,4.3937,7.9502,7.8223,0.0,,1270000000.0,1270000000.0,718351848.9999999,16306800000.0,16306800000.0,新型电力,公用事业,电力,风力发电,14.05,11.49,0.0
2021-01-20,19.85,22.14,19.46,22.14,20.13,2.0100000000000016,9.99,201588606.0,2660610386.0,1.568,0.158731,0.280627,1.14,83.4658,99.1042,4.8317,8.7428,8.6021,0.0,,1270000000.0,1270000000.0,718351848.9999999,17932400000.0,17932400000.0,新型电力,公用事业,电力,风力发电,14.12,11.56,0.0
2021-01-21,21.48,23.99,20.93,21.98,22.14,-0.1600000000000001,-0.72,203620041.0,2894997431.0,1.568,0.160331,0.283454,1.14,82.8747,98.4023,4.7975,8.6809,8.5412,0.0,,1270000000.0,1270000000.0,718351848.9999999,17805400000.0,17805400000.0,新型电力,公用事业,电力,风力发电,15.53,12.71,0.0
2021-01-22,21.67,24.18,21.67,24.18,21.98,2.2,10.01,178477639.0,2659655504.0,1.568,0.140534,0.248454,1.0,91.1503,108.2285,5.2766,9.5477,9.3941,0.0,,1270000000.0,1270000000.0,718351848.9999999,19583400000.0,19583400000.0,新型电力,公用事业,电力,风力发电,15.42,12.62,0.0
2021-01-25,24.3,26.33,23.83,24.99,24.18,0.8099999999999987,3.35,231823866.0,3715567707.0,1.568,0.1825379999999999,0.322716,1.29,94.2241,111.8783,5.4545,9.8697,9.7109,0.0,,1270000000.0,1270000000.0,718351848.9999999,20243800000.0,20243800000.0,新型电力,公用事业,电力,风力发电,16.96,13.88,0.0
2021-01-26,24.51,27.49,23.68,26.86,24.99,1.870000000000001,7.48,204109433.0,3367484621.0,1.568,0.160716,0.284136,0.98,101.2584,120.2305,5.8617,10.6065,10.4359,0.0,,1270000000.0,1270000000.0,718351848.9999999,21755100000.0,21755100000.0,新型电力,公用事业,电力,风力发电,17.53,14.35,0.0
2021-01-27,26.37,27.41,24.88,26.34,26.86,-0.5199999999999996,-1.94,184700798.0,3100970447.0,1.568,0.145434,0.257117,0.91,99.3077,117.9143,5.7488,10.4022,10.2348,0.0,,1270000000.0,1270000000.0,718351848.9999999,21336000000.0,21336000000.0,新型电力,公用事业,电力,风力发电,18.84,15.42,0.0
2021-01-28,25.1,26.31,23.71,23.71,26.34,-2.629999999999999,-9.98,185423804.0,2913254004.0,1.568,0.146003,0.258124,0.92,89.377,106.1229,5.1739,9.362,9.2113,0.0,,1270000000.0,1270000000.0,718351848.9999999,19202400000.0,19202400000.0,新型电力,公用事业,电力,风力发电,18.48,15.12,0.0
2021-01-29,24.48,25.35,22.19,24.51,23.71,0.8000000000000007,3.37,189270726.0,2903537596.0,1.568,0.149032,0.263479,0.96,92.3917,109.7024,5.3485,9.6778,9.522,0.0,,1270000000.0,1270000000.0,718351848.9999999,19850100000.0,19850100000.0,新型电力,公用事业,电力,风力发电,16.63,13.61,0.0
2021-02-01,24.4,24.63,22.34,22.61,24.51,-1.900000000000002,-7.75,147404644.0,2197156856.0,1.568,0.116067,0.205198,0.74,85.2391,101.2098,4.9344,8.9285,8.7849,0.0,,1270000000.0,1270000000.0,718351848.9999999,18313400000.0,18313400000.0,新型电力,公用事业,电力,风力发电,17.19,14.07,0.0
2021-02-02,22.44,24.87,22.27,24.87,22.61,2.2600000000000016,10.0,185022693.0,2798005900.0,1.568,0.145687,0.2575659999999999,1.02,93.7512,111.3168,5.4272,9.8202,9.6621,0.0,,1270000000.0,1270000000.0,718351848.9999999,20142200000.0,20142200000.0,新型电力,公用事业,电力,风力发电,15.86,12.98,0.0
2021-02-03,25.26,26.95,24.63,25.89,24.87,1.0199999999999996,4.1,206321539.0,3409299106.0,1.568,0.162458,0.287215,1.16,97.5935,115.8789,5.6496,10.2226,10.0581,0.0,,1270000000.0,1270000000.0,718351848.9999999,20967700000.0,20967700000.0,新型电力,公用事业,电力,风力发电,17.45,14.27,0.0
2021-02-04,25.48,26.34,23.33,24.46,25.89,-1.4299999999999995,-5.52,169457204.0,2660283121.0,1.568,0.133431,0.235897,0.93,92.2143,109.4919,5.3382,9.6592,9.5038,0.0,,1270000000.0,1270000000.0,718351848.9999999,19812000000.0,19812000000.0,新型电力,公用事业,电力,风力发电,18.16,14.86,0.0
2021-02-05,24.54,24.54,22.01,22.01,24.46,-2.45,-10.02,140150727.0,2047049410.0,1.568,0.110355,0.1951,0.78,82.9929,98.5427,4.8044,8.6933,8.5534,0.0,,1270000000.0,1270000000.0,718351848.9999999,17830800000.0,17830800000.0,新型电力,公用事业,电力,风力发电,17.16,14.04,0.0
2021-02-08,22.12,22.7,21.23,22.12,22.01,0.1099999999999994,0.5,120383206.0,1703512354.0,1.568,0.0947899999999999,0.1675829999999999,0.71,83.4067,99.034,4.8283,8.7366,8.596,0.0,,1270000000.0,1270000000.0,718351848.9999999,17919700000.0,17919700000.0,新型电力,公用事业,电力,风力发电,15.44,12.64,0.0
2021-02-09,22.05,24.34,21.45,24.34,22.12,2.219999999999999,10.04,171033969.0,2551735316.0,1.568,0.134672,0.238092,1.04,91.7414,108.9304,5.3108,9.6096,9.455,0.0,,1270000000.0,1270000000.0,718351848.9999999,19710400000.0,19710400000.0,新型电力,公用事业,电力,风力发电,15.52,12.7,0.0
2021-02-10,24.15,24.27,22.47,23.68,24.34,-0.6600000000000001,-2.71,152219668.0,2275884991.0,1.568,0.1198579999999999,0.211901,0.94,89.2587,105.9825,5.1671,9.3496,9.1991,0.0,,1270000000.0,1270000000.0,718351848.9999999,19177000000.0,19177000000.0,新型电力,公用事业,电力,风力发电,17.07,13.97,0.0
2021-02-18,24.74,25.03,22.47,24.3,23.68,0.620000000000001,2.62,161697399.0,2470996532.0,1.568,0.127321,0.225095,1.07,91.6232,108.79,5.304,9.5973,9.4428,0.0,,1270000000.0,1270000000.0,718351848.9999999,19685000000.0,19685000000.0,新型电力,公用事业,电力,风力发电,16.61,13.59,0.0
2021-02-19,23.36,23.46,21.87,22.59,24.3,-1.7100000000000009,-7.04,139003995.0,1998136499.0,1.568,0.109452,0.193504,0.93,85.18,101.1396,4.931,8.9224,8.7788,0.0,,1270000000.0,1270000000.0,718351848.9999999,18300700000.0,18300700000.0,新型电力,公用事业,电力,风力发电,17.05,13.95,0.0
2021-02-22,22.77,24.46,22.42,23.08,22.59,0.4899999999999984,2.17,155581459.0,2342713701.0,1.568,0.122505,0.216581,1.05,87.0125,103.3154,5.0371,9.1143,8.9676,0.0,,1270000000.0,1270000000.0,718351848.9999999,18694400000.0,18694400000.0,新型电力,公用事业,电力,风力发电,15.85,12.97,0.0
2021-02-23,21.95,22.05,20.79,21.17,23.08,-1.9099999999999968,-8.28,133375280.0,1818106691.0,1.568,0.10502,0.185668,0.86,79.8009,94.7526,4.6196,8.3589,8.2244,0.0,,1270000000.0,1270000000.0,718351848.9999999,17145000000.0,17145000000.0,新型电力,公用事业,电力,风力发电,16.19,13.25,0.0
2021-02-24,20.85,21.11,19.29,19.76,21.17,-1.41,-6.66,111073339.0,1421340585.0,1.568,0.087459,0.1546219999999999,0.75,74.4808,88.4358,4.3116,7.8016,7.6761,0.0,,1270000000.0,1270000000.0,718351848.9999999,16002000000.0,16002000000.0,新型电力,公用事业,电力,风力发电,14.85,12.15,0.0
2021-02-25,20.07,20.18,19.21,19.29,19.76,-0.4700000000000024,-2.38,73831868.0,923969048.0,1.568,0.058135,0.10278,0.53,72.7075,86.3301,4.209,7.6159,7.4933,0.0,,1270000000.0,1270000000.0,718351848.9999999,15621000000.0,15621000000.0,新型电力,公用事业,电力,风力发电,13.86,11.34,0.0
2021-02-26,18.47,19.05,18.31,18.52,19.29,-0.7699999999999996,-3.99,69322851.0,823587103.0,1.568,0.054585,0.0965029999999999,0.57,69.811,82.891,4.0413,7.3125,7.1948,0.0,,1270000000.0,1270000000.0,718351848.9999999,14998700000.0,14998700000.0,新型电力,公用事业,电力,风力发电,13.53,11.07,0.0
2021-03-01,18.83,19.29,18.58,19.15,18.52,0.629999999999999,3.4,59246655.00000001,717381605.0,1.568,0.046651,0.082476,0.55,72.1754,85.6985,4.1782,7.5602,7.4385,0.0,,1270000000.0,1270000000.0,718351848.9999999,15506700000.0,15506700000.0,新型电力,公用事业,电力,风力发电,12.99,10.63,0.0
2021-03-02,19.13,19.13,18.11,18.38,19.15,-0.7699999999999996,-4.02,63478967.00000001,750228802.0,1.568,0.049983,0.088368,0.71,69.279,82.2593,4.0105,7.2568,7.14,0.0,,1270000000.0,1270000000.0,718351848.9999999,14884400000.0,14884400000.0,新型电力,公用事业,电力,风力发电,13.43,10.99,0.0
2021-03-03,18.36,20.21,18.11,19.94,18.38,1.5600000000000025,8.49,138764048.0,1732095679.0,1.568,0.109263,0.19317,1.84,75.1901,89.278,4.3527,7.8759,7.7492,0.0,,1270000000.0,1270000000.0,718351848.9999999,16154400000.0,16154400000.0,新型电力,公用事业,电力,风力发电,12.89,10.55,0.0
2021-03-04,18.97,19.44,18.57,18.77,19.94,-1.1700000000000017,-5.87,93988613.0,1134095907.0,1.568,0.0740069999999999,0.130839,1.16,70.7568,84.014,4.096,7.4116,7.2923,0.0,,1270000000.0,1270000000.0,718351848.9999999,15201900000.0,15201900000.0,新型电力,公用事业,电力,风力发电,13.99,11.45,0.0
2021-03-05,18.47,19.58,18.22,18.94,18.77,0.1700000000000017,0.91,74389156.0,907780616.0,1.568,0.058574,0.103555,0.88,71.407,84.786,4.1337,7.4797,7.3593,0.0,,1270000000.0,1270000000.0,718351848.9999999,15341600000.0,15341600000.0,新型电力,公用事业,电力,风力发电,13.17,10.77,0.0
2021-03-08,18.66,19.33,18.35,18.53,18.94,-0.4100000000000001,-2.16,68845163.0,829892650.0,1.568,0.0542089999999999,0.095838,0.8,69.8701,82.9612,4.0447,7.3187,7.2009,0.0,,1270000000.0,1270000000.0,718351848.9999999,15011400000.0,15011400000.0,新型电力,公用事业,电力,风力发电,13.29,10.87,0.0
2021-03-09,18.74,18.78,16.68,17.72,18.53,-0.8100000000000023,-4.37,80156702.0,904972526.0,1.568,0.063116,0.111584,0.91,66.7963,79.3114,3.8668,6.9967,6.8841,0.0,,1270000000.0,1270000000.0,718351848.9999999,14351000000.0,14351000000.0,新型电力,公用事业,电力,风力发电,13.0,10.64,0.0
2021-03-10,18.28,18.49,17.48,17.73,17.72,0.0100000000000015,0.06,59966269.99999999,685061071.0,1.568,0.047218,0.083478,0.66,66.8554,79.3816,3.8702,7.0029,6.8902,0.0,,1270000000.0,1270000000.0,718351848.9999999,14363700000.0,14363700000.0,新型电力,公用事业,电力,风力发电,12.43,10.17,0.0
2021-03-11,17.25,18.31,17.11,18.03,17.73,0.3000000000000007,1.69,66037018.00000001,750491047.0,1.568,0.0519979999999999,0.091929,0.88,67.9785,80.7152,3.9352,7.1205,7.006,0.0,,1270000000.0,1270000000.0,718351848.9999999,14605000000.0,14605000000.0,新型电力,公用事业,电力,风力发电,12.44,10.18,0.0
2021-03-12,18.13,18.28,17.34,17.77,18.03,-0.2600000000000015,-1.44,62040077.0,702519370.0,1.568,0.04885,0.086364,0.89,66.9736,79.522,3.877,7.0153,6.9024,0.0,,1270000000.0,1270000000.0,718351848.9999999,14389100000.0,14389100000.0,新型电力,公用事业,电力,风力发电,12.65,10.35,0.0
2021-03-15,17.98,19.13,17.84,18.27,17.77,0.5,2.81,95275120.0,1124189340.0,1.568,0.07502,0.13263,1.41,68.8652,81.768,3.9865,7.2134,7.0974,0.0,,1270000000.0,1270000000.0,718351848.9999999,14795500000.0,14795500000.0,新型电力,公用事业,电力,风力发电,12.46,10.2,0.0
2021-03-16,18.03,18.24,17.25,17.62,18.27,-0.6499999999999986,-3.56,63517423.0,713412905.0,1.568,0.050014,0.088421,0.87,66.4416,78.8903,3.8462,6.9596,6.8476,0.0,,1270000000.0,1270000000.0,718351848.9999999,14274800000.0,14274800000.0,新型电力,公用事业,电力,风力发电,12.82,10.49,0.0
2021-03-17,17.72,18.63,17.48,18.24,17.62,0.6199999999999974,3.52,80454901.0,936137593.0,1.568,0.06335,0.111999,1.16,68.747,81.6276,3.9797,7.201,7.0852,0.0,,1270000000.0,1270000000.0,718351848.9999999,14770100000.0,14770100000.0,新型电力,公用事业,电力,风力发电,12.36,10.12,0.0
2021-03-18,18.2,19.02,18.05,18.47,18.24,0.2300000000000004,1.26,74707321.0,883193180.0,1.568,0.058825,0.103998,1.02,69.6336,82.6804,4.031,7.2939,7.1766,0.0,,1270000000.0,1270000000.0,718351848.9999999,14960600000.0,14960600000.0,新型电力,公用事业,电力,风力发电,12.79,10.47,0.0
2021-03-19,17.8,18.24,17.5,18.03,18.47,-0.4399999999999977,-2.38,55979421.0,638337508.0,1.568,0.044078,0.077928,0.74,67.9785,80.7152,3.9352,7.1205,7.006,0.0,,1270000000.0,1270000000.0,718351848.9999999,14605000000.0,14605000000.0,新型电力,公用事业,电力,风力发电,12.96,10.6,0.0
2021-03-22,18.08,19.73,17.81,19.07,18.03,1.0399999999999991,5.77,97596335.0,1166910904.0,1.568,0.076848,0.135861,1.32,71.8799,85.3475,4.1611,7.5292,7.4081,0.0,,1270000000.0,1270000000.0,718351848.9999999,15443200000.0,15443200000.0,新型电力,公用事业,电力,风力发电,12.65,10.35,0.0
2021-03-23,18.97,18.97,17.73,18.0,19.07,-1.0700000000000005,-5.61,75473479.0,880883780.0,1.568,0.059428,0.105065,1.01,67.8603,80.5748,3.9284,7.1082,6.9938,0.0,,1270000000.0,1270000000.0,718351848.9999999,14579600000.0,14579600000.0,新型电力,公用事业,电力,风力发电,13.38,10.94,0.0
2021-03-24,17.67,18.44,17.62,18.06,18.0,0.0599999999999987,0.33,53728078.0,618508985.0,1.568,0.0423059999999999,0.074794,0.7,68.0967,80.8555,3.942,7.1329,7.0182,0.0,,1270000000.0,1270000000.0,718351848.9999999,14630400000.0,14630400000.0,新型电力,公用事业,电力,风力发电,12.63,10.33,0.0
2021-03-25,18.03,18.03,17.22,17.36,18.06,-0.6999999999999993,-3.88,50189582.0,560608935.0,1.568,0.039519,0.069868,0.7,65.4367,77.6971,3.7881,6.8543,6.744,0.0,,1270000000.0,1270000000.0,718351848.9999999,14058900000.0,14058900000.0,新型电力,公用事业,电力,风力发电,12.67,10.37,0.0
2021-03-26,17.48,18.67,17.26,18.44,17.36,1.0800000000000018,6.22,93012485.0,1080900207.0,1.568,0.073238,0.12948,1.4,69.5154,82.54,4.0242,7.2815,7.1644,0.0,,1270000000.0,1270000000.0,718351848.9999999,14935200000.0,14935200000.0,新型电力,公用事业,电力,风力发电,12.18,9.96,0.0
2021-03-29,18.36,18.97,18.2,18.47,18.44,0.0299999999999975,0.16,76186498.0,904772544.0,1.568,0.059989,0.106057,1.03,69.6336,82.6804,4.031,7.2939,7.1766,0.0,,1270000000.0,1270000000.0,718351848.9999999,14960600000.0,14960600000.0,新型电力,公用事业,电力,风力发电,12.94,10.58,0.0
2021-03-30,18.55,19.77,18.05,19.38,18.47,0.91,4.93,100481766.0,1219905825.0,1.568,0.07912,0.139878,1.44,73.0621,86.7513,4.2295,7.653,7.5299,0.0,,1270000000.0,1270000000.0,718351848.9999999,15697200000.0,15697200000.0,新型电力,公用事业,电力,风力发电,12.96,10.6,0.0
2021-03-31,19.07,20.2,18.93,19.35,19.38,-0.0299999999999975,-0.15,88940999.0,1108992705.0,1.568,0.070032,0.1238129999999999,1.19,72.9439,86.6109,4.2226,7.6407,7.5177,0.0,,1270000000.0,1270000000.0,718351848.9999999,15671800000.0,15671800000.0,新型电力,公用事业,电力,风力发电,13.6,11.12,0.0
2021-04-01,19.35,19.71,18.66,19.13,19.35,-0.2200000000000024,-1.14,66632848.0,811215181.0,1.568,0.052467,0.092758,0.81,72.1163,85.6283,4.1747,7.554,7.4324,0.0,,1270000000.0,1270000000.0,718351848.9999999,15494000000.0,15494000000.0,新型电力,公用事业,电力,风力发电,13.57,11.11,0.0
2021-04-02,19.04,19.08,18.24,18.72,19.13,-0.4100000000000001,-2.14,51465633.0,611755427.0,1.568,0.040524,0.071644,0.61,70.5794,83.8034,4.0858,7.393,7.274,0.0,,1270000000.0,1270000000.0,718351848.9999999,15163800000.0,15163800000.0,新型电力,公用事业,电力,风力发电,13.42,10.98,0.0
2021-04-06,18.72,19.27,18.53,18.63,18.72,-0.0899999999999998,-0.48,41410764.0,496509005.0,1.568,0.032607,0.057647,0.54,70.2248,83.3823,4.0652,7.3558,7.2375,0.0,,1270000000.0,1270000000.0,718351848.9999999,15087600000.0,15087600000.0,新型电力,公用事业,电力,风力发电,13.13,10.75,0.0
2021-04-07,18.66,18.86,18.14,18.31,18.63,-0.3200000000000003,-1.72,42458901.0,496974188.0,1.568,0.0334319999999999,0.059106,0.61,69.0425,81.9785,3.9968,7.232,7.1156,0.0,,1270000000.0,1270000000.0,718351848.9999999,14833600000.0,14833600000.0,新型电力,公用事业,电力,风力发电,13.07,10.69,0.0
2021-04-08,18.05,18.33,17.58,17.77,18.31,-0.5399999999999991,-2.95,44853121.0,509314730.0,1.568,0.035317,0.062439,0.77,66.9736,79.522,3.877,7.0153,6.9024,0.0,,1270000000.0,1270000000.0,718351848.9999999,14389100000.0,14389100000.0,新型电力,公用事业,电力,风力发电,12.85,10.51,0.0
2021-04-09,17.92,18.74,17.56,17.98,17.77,0.2100000000000008,1.18,54271222.0,627409757.0,1.568,0.042733,0.0755499999999999,1.1,67.8012,80.5046,3.9249,7.102,6.9877,0.0,,1270000000.0,1270000000.0,718351848.9999999,14566900000.0,14566900000.0,新型电力,公用事业,电力,风力发电,12.46,10.2,0.0
2021-04-12,17.7,17.84,16.73,17.0,17.98,-0.9800000000000004,-5.45,53672043.00000001,590780815.0,1.568,0.042261,0.0747159999999999,1.14,64.0771,76.0828,3.7094,6.7119,6.6039,0.0,,1270000000.0,1270000000.0,718351848.9999999,13766800000.0,13766800000.0,新型电力,公用事业,电力,风力发电,12.62,10.32,0.0
2021-04-13,16.82,17.09,16.2,16.31,17.0,-0.6900000000000013,-4.06,38860300.0,409202285.0,1.568,0.0305989999999999,0.054096,0.82,61.4762,72.9946,3.5588,6.4395,6.3358,0.0,,1270000000.0,1270000000.0,718351848.9999999,13208000000.0,13208000000.0,新型电力,公用事业,电力,风力发电,11.92,9.76,0.0
2021-04-14,16.46,17.33,16.26,17.19,16.31,0.8800000000000026,5.4,59992422.0,644795236.0,1.568,0.0472379999999999,0.083514,1.28,64.7865,76.9251,3.7504,6.7862,6.677,0.0,,1270000000.0,1270000000.0,718351848.9999999,13919200000.0,13919200000.0,新型电力,公用事业,电力,风力发电,11.44,9.36,0.0
2021-04-15,17.01,17.01,16.26,16.46,17.19,-0.7300000000000004,-4.25,45863624.0,483830929.0,1.568,0.036113,0.063846,0.91,62.0673,73.6965,3.593,6.5014,6.3968,0.0,,1270000000.0,1270000000.0,718351848.9999999,13335000000.0,13335000000.0,新型电力,公用事业,电力,风力发电,12.06,9.86,0.0
2021-04-16,16.46,16.7,16.24,16.56,16.46,0.0999999999999978,0.61,28987154.0,304116998.0,1.568,0.022825,0.040352,0.57,62.422,74.1176,3.6135,6.5385,6.4333,0.0,,1270000000.0,1270000000.0,718351848.9999999,13411200000.0,13411200000.0,新型电力,公用事业,电力,风力发电,11.55,9.45,0.0
2021-04-19,16.62,18.16,16.48,17.91,16.56,1.3500000000000014,8.15,92868415.0,1041122365.0,1.568,0.073125,0.12928,2.04,67.5056,80.1537,3.9078,7.071,6.9572,0.0,,1270000000.0,1270000000.0,718351848.9999999,14503400000.0,14503400000.0,新型电力,公用事业,电力,风力发电,11.62,9.5,0.0
2021-04-20,17.72,19.36,17.44,18.86,17.91,0.9499999999999992,5.3,116894807.0,1375406394.0,1.568,0.092043,0.162726,2.19,71.1114,84.4351,4.1166,7.4487,7.3289,0.0,,1270000000.0,1270000000.0,718351848.9999999,15278100000.0,15278100000.0,新型电力,公用事业,电力,风力发电,12.56,10.28,0.0
2021-04-21,18.8,19.88,18.47,19.4,18.86,0.5399999999999991,2.86,109626355.0,1337536450.0,1.568,0.08632,0.152608,1.59,73.1212,86.8215,4.2329,7.6592,7.536,0.0,,1270000000.0,1270000000.0,718351848.9999999,15709900000.0,15709900000.0,新型电力,公用事业,电力,风力发电,13.23,10.83,0.0
2021-04-22,19.62,21.12,19.33,19.85,19.4,0.4500000000000028,2.32,132478221.0,1701870921.0,1.568,0.104314,0.18442,1.68,74.8355,88.8569,4.3321,7.8388,7.7127,0.0,,1270000000.0,1270000000.0,718351848.9999999,16078200000.0,16078200000.0,新型电力,公用事业,电力,风力发电,13.61,11.13,0.0
2021-04-23,19.33,20.62,19.33,20.1,19.85,0.25,1.26,112274365.0,1434696834.0,1.568,0.088405,0.156294,1.17,106.2121,102.3716,4.4329,8.1549,5.8514,0.0,,1270000000.0,1270000000.0,718351848.9999999,16281400000.0,16281400000.0,新型电力,公用事业,电力,风力发电,13.93,11.39,0.0
2021-04-26,19.8,20.46,19.3,19.6,20.1,-0.5,-2.49,88903669.0,1123851620.0,1.568,0.070003,0.123761,0.79,103.5609,99.8163,4.3222,7.9514,5.7053,0.0,,1270000000.0,1270000000.0,718351848.9999999,15875000000.0,15875000000.0,新型电力,公用事业,电力,风力发电,14.1,11.54,0.0
2021-04-27,19.55,19.62,18.3,18.85,19.6,-0.75,-3.83,80614595.0,968163907.0,1.568,0.063476,0.112222,0.72,99.5842,95.9834,4.1563,7.6461,5.4863,0.0,,1270000000.0,1270000000.0,718351848.9999999,15265400000.0,15265400000.0,新型电力,公用事业,电力,风力发电,13.75,11.25,0.0
2021-04-28,18.97,19.84,18.57,19.13,18.85,0.2799999999999976,1.49,73960333.0,909436320.0,1.568,0.0582359999999999,0.102958,0.71,101.0755,97.4208,4.2185,7.7606,5.5684,0.0,,1270000000.0,1270000000.0,718351848.9999999,15494000000.0,15494000000.0,新型电力,公用事业,电力,风力发电,13.22,10.82,0.0
2021-04-29,19.11,19.87,18.58,19.33,19.13,0.1999999999999993,1.05,90886865.0,1115663049.0,1.568,0.071564,0.126521,0.93,102.1525,98.4588,4.2634,7.8432,5.6277,0.0,,1270000000.0,1270000000.0,718351848.9999999,15659100000.0,15659100000.0,新型电力,公用事业,电力,风力发电,13.42,10.98,0.0
2021-04-30,19.19,21.09,18.83,20.49,19.33,1.16,6.0,129319774.0,1662764821.0,1.568,0.101827,0.180023,1.45,108.2833,104.368,4.5193,8.314,5.9655,0.0,,1270000000.0,1270000000.0,718351848.9999999,16598900000.0,16598900000.0,新型电力,公用事业,电力,风力发电,13.56,11.1,0.0
2021-05-06,20.68,22.55,20.12,22.55,20.49,2.0600000000000023,10.05,184156366.0,2520963152.0,1.568,0.145005,0.25636,1.99,119.1365,114.8287,4.9723,9.1473,6.5634,0.0,,1270000000.0,1270000000.0,718351848.9999999,18262600000.0,18262600000.0,新型电力,公用事业,电力,风力发电,14.38,11.76,0.0
2021-05-07,22.27,23.22,21.87,22.12,22.55,-0.4299999999999997,-1.91,149818951.0,2154840672.0,1.568,0.1179679999999999,0.208559,1.34,116.8996,112.6727,4.8789,8.9755,6.4402,0.0,,1270000000.0,1270000000.0,718351848.9999999,17919700000.0,17919700000.0,新型电力,公用事业,电力,风力发电,15.82,12.94,0.0
2021-05-10,21.95,24.34,21.89,24.13,22.12,2.009999999999998,9.09,154944791.0,2332464723.0,1.568,0.122004,0.215695,1.23,127.5042,122.8939,5.3215,9.7897,7.0244,0.0,,1270000000.0,1270000000.0,718351848.9999999,19545300000.0,19545300000.0,新型电力,公用事业,电力,风力发电,15.52,12.7,0.0
2021-05-11,23.41,23.41,21.72,22.36,24.13,-1.7699999999999996,-7.34,142788837.0,2046369556.0,1.568,0.112432,0.198773,1.01,118.1423,113.8705,4.9308,9.0709,6.5086,0.0,,1270000000.0,1270000000.0,718351848.9999999,18110200000.0,18110200000.0,新型电力,公用事业,电力,风力发电,16.93,13.85,0.0
2021-05-12,22.75,23.49,21.95,23.03,22.36,0.6700000000000017,3.0,96812358.0,1408758292.0,1.568,0.07623,0.13477,0.64,121.7048,117.3042,5.0795,9.3445,6.7049,0.0,,1270000000.0,1270000000.0,718351848.9999999,18656300000.0,18656300000.0,新型电力,公用事业,电力,风力发电,15.69,12.83,0.0
2021-05-13,22.09,23.3,21.72,22.64,23.03,-0.3900000000000005,-1.69,86355837.0,1236441980.0,1.568,0.067997,0.120214,0.59,119.6336,115.3078,4.993,9.1854,6.5908,0.0,,1270000000.0,1270000000.0,718351848.9999999,18338800000.0,18338800000.0,新型电力,公用事业,电力,风力发电,16.16,13.22,0.0
2021-05-14,22.61,24.29,22.05,23.85,22.64,1.2100000000000009,5.34,119430215.0,1782122102.0,1.568,0.09404,0.166256,0.95,126.0129,121.4565,5.2593,9.6752,6.9423,0.0,,1270000000.0,1270000000.0,718351848.9999999,19316700000.0,19316700000.0,新型电力,公用事业,电力,风力发电,15.88,13.0,0.0
2021-05-17,23.58,24.87,22.97,23.13,23.85,-0.7200000000000024,-3.02,117258255.0,1772742579.0,1.568,0.092329,0.163232,0.98,122.2019,117.7833,5.1002,9.3826,6.7323,0.0,,1270000000.0,1270000000.0,718351848.9999999,18732500000.0,18732500000.0,新型电力,公用事业,电力,风力发电,16.73,13.69,0.0
2021-05-18,23.21,24.63,23.21,24.38,23.13,1.25,5.4,116504868.0,1789114183.0,1.568,0.091736,0.162184,1.04,128.8298,124.1715,5.3769,9.8915,7.0974,0.0,,1270000000.0,1270000000.0,718351848.9999999,19748500000.0,19748500000.0,新型电力,公用事业,电力,风力发电,16.23,13.28,0.0
2021-05-19,23.83,26.66,23.6,25.56,24.38,1.1799999999999995,4.84,136611976.0,2189949811.0,1.568,0.107568,0.1901739999999999,1.27,135.0434,130.1605,5.6362,10.3686,7.4398,0.0,,1270000000.0,1270000000.0,718351848.9999999,20701000000.0,20701000000.0,新型电力,公用事业,电力,风力发电,17.11,14.0,0.0
2021-05-20,25.06,25.64,24.45,25.01,25.56,-0.5499999999999972,-2.15,86682814.0,1385112995.0,1.568,0.068254,0.120669,0.75,132.1437,127.3657,5.5152,10.146,7.28,0.0,,1270000000.0,1270000000.0,718351848.9999999,20256500000.0,20256500000.0,新型电力,公用事业,电力,风力发电,17.93,14.67,0.0
2021-05-21,24.79,25.87,24.08,25.53,25.01,0.5199999999999996,2.08,93977898.0,1500050661.0,1.568,0.073998,0.073998,0.82,134.8777,130.0008,5.6293,10.3559,7.4306,0.0,,1270000000.0,1270000000.0,1270000000.0,20675600000.0,20675600000.0,新型电力,公用事业,电力,风力发电,17.55,14.36,0.0
2021-05-24,25.09,26.01,24.51,24.95,25.53,-0.5800000000000018,-2.27,67577213.0,1083457292.0,1.568,0.05321,0.05321,0.61,131.8123,127.0462,5.5013,10.1205,7.2618,0.0,,1270000000.0,1270000000.0,1270000000.0,20205700000.0,20205700000.0,新型电力,公用事业,电力,风力发电,17.91,14.65,0.0
2021-05-25,24.7,24.88,23.25,23.82,24.95,-1.129999999999999,-4.53,99741986.0,1521755249.0,1.568,0.078537,0.078537,0.99,125.8472,121.2968,5.2524,9.6625,6.9331,0.0,,1270000000.0,1270000000.0,1270000000.0,19291300000.0,19291300000.0,新型电力,公用事业,电力,风力发电,17.5,14.32,0.0
2021-05-26,23.66,24.26,23.54,23.77,23.82,-0.0500000000000007,-0.21,56581881.00000001,861576384.0,1.568,0.044553,0.0538279999999999,0.58,125.5987,121.0573,5.242,9.6434,6.9194,0.0,,1270000000.0,1270000000.0,1051151849.0,19253200000.0,19253200000.0,新型电力,公用事业,电力,风力发电,16.71,13.67,0.0
2021-05-27,23.61,23.93,23.07,23.24,23.77,-0.5300000000000011,-2.23,63913854.0,955640251.0,1.568,0.050326,0.060804,0.79,122.7818,118.3423,5.1244,9.4272,6.7642,0.0,,1270000000.0,1270000000.0,1051151849.0,18821400000.0,18821400000.0,新型电力,公用事业,电力,风力发电,16.68,13.64,0.0
2021-05-28,23.24,24.38,23.24,23.74,23.24,0.5,2.15,79397719.0,1211040483.0,1.568,0.062518,0.075534,1.04,125.433,120.8976,5.2351,9.6307,6.9103,0.0,,1270000000.0,1270000000.0,1051151849.0,19227800000.0,19227800000.0,新型电力,公用事业,电力,风力发电,16.3,13.34,0.0
2021-05-31,23.68,24.82,23.52,24.63,23.74,0.8900000000000006,3.75,87096656.0,1354420789.0,1.568,0.06858,0.082858,1.19,130.1554,125.4492,5.4322,9.9933,7.1705,0.0,,1270000000.0,1270000000.0,1051151849.0,19951700000.0,19951700000.0,新型电力,公用事业,电力,风力发电,16.65,13.63,0.0
2021-06-01,24.15,24.24,22.92,23.47,24.63,-1.16,-4.71,79949892.0,1202927031.0,1.568,0.062953,0.076059,1.03,124.0246,119.5401,5.1763,9.5226,6.8327,0.0,,1270000000.0,1270000000.0,1051151849.0,19011900000.0,19011900000.0,新型电力,公用事业,电力,风力发电,17.28,14.14,0.0
2021-06-02,23.28,24.07,22.39,22.61,23.47,-0.8599999999999994,-3.66,71140621.0,1056587493.0,1.568,0.056016,0.067679,0.97,119.4679,115.1481,4.9861,9.1727,6.5817,0.0,,1270000000.0,1270000000.0,1051151849.0,18313400000.0,18313400000.0,新型电力,公用事业,电力,风力发电,16.47,13.47,0.0
2021-06-03,22.25,22.74,21.61,22.19,22.61,-0.4199999999999981,-1.86,60780011.0,859849175.0,1.568,0.047858,0.057822,0.8,117.231,112.9921,4.8928,9.001,6.4584,0.0,,1270000000.0,1270000000.0,1051151849.0,17970500000.0,17970500000.0,新型电力,公用事业,电力,风力发电,15.86,12.98,0.0
2021-06-04,21.81,23.21,21.67,22.69,22.19,0.5,2.25,75560178.0,1091570530.0,1.568,0.059496,0.071883,1.0,119.8821,115.5474,5.0034,9.2045,6.6045,0.0,,1270000000.0,1270000000.0,1051151849.0,18376900000.0,18376900000.0,新型电力,公用事业,电力,风力发电,15.57,12.74,0.0
2021-06-07,22.7,23.13,22.22,22.44,22.69,-0.25,-1.1,54745301.0,789048181.0,1.568,0.043107,0.043107,0.73,118.5565,114.2698,4.9481,9.1027,6.5315,0.0,,1270000000.0,1270000000.0,1270000000.0,18173700000.0,18173700000.0,新型电力,公用事业,电力,风力发电,15.92,13.02,0.0
2021-06-08,22.17,22.92,21.26,21.61,22.44,-0.8300000000000018,-3.7,62777376.0,877746715.0,1.568,0.049431,0.049431,0.92,114.1656,110.0375,4.7648,8.7656,6.2896,0.0,,1270000000.0,1270000000.0,1270000000.0,17500600000.0,17500600000.0,新型电力,公用事业,电力,风力发电,15.74,12.88,0.0
2021-06-09,21.62,21.86,21.03,21.73,21.61,0.120000000000001,0.56,44554216.0,611943564.0,1.568,0.035082,0.035082,0.69,114.8283,110.6764,4.7925,8.8165,6.3261,0.0,,1270000000.0,1270000000.0,1270000000.0,17602200000.0,17602200000.0,新型电力,公用事业,电力,风力发电,15.16,12.4,0.0
2021-06-10,21.81,22.5,21.56,21.95,21.73,0.2199999999999988,1.01,63287672.0,892024208.0,1.568,0.0498329999999999,0.0498329999999999,1.06,115.9882,111.7943,4.8409,8.9055,6.39,0.0,,1270000000.0,1270000000.0,1270000000.0,17780000000.0,17780000000.0,新型电力,公用事业,电力,风力发电,15.25,12.47,0.0
2021-06-11,21.76,22.09,21.09,22.0,21.95,0.0500000000000007,0.23,53720461.0,738291729.0,1.568,0.0423,0.0423,0.89,116.2368,112.0339,4.8513,8.9246,6.4037,0.0,,1270000000.0,1270000000.0,1270000000.0,17818100000.0,17818100000.0,新型电力,公用事业,电力,风力发电,15.4,12.6,0.0
2021-06-15,21.9,22.14,20.68,20.82,22.0,-1.1799999999999995,-5.36,52534846.0,710342299.0,1.568,0.0413659999999999,0.0413659999999999,0.94,110.0231,106.0449,4.5919,8.4476,6.0614,0.0,,1270000000.0,1270000000.0,1270000000.0,16865600000.0,16865600000.0,新型电力,公用事业,电力,风力发电,15.43,12.63,0.0
2021-06-16,20.57,20.98,19.21,19.41,20.82,-1.41,-6.77,54882917.00000001,696822246.0,1.568,0.043215,0.043215,0.99,102.5667,98.8581,4.2807,7.8751,5.6506,0.0,,1270000000.0,1270000000.0,1270000000.0,15722600000.0,15722600000.0,新型电力,公用事业,电力,风力发电,14.61,11.95,0.0
2021-06-17,19.57,20.09,19.47,19.79,19.41,0.379999999999999,1.96,38179628.0,482391234.0,1.568,0.030063,0.030063,0.71,104.5551,100.7746,4.3637,8.0277,5.7601,0.0,,1270000000.0,1270000000.0,1270000000.0,16027400000.0,16027400000.0,新型电力,公用事业,电力,风力发电,13.62,11.14,0.0
2021-06-18,19.6,20.65,19.41,20.37,19.79,0.5800000000000018,2.93,52899957.99999999,680331492.0,1.568,0.041654,0.041654,1.01,107.6205,103.7291,4.4917,8.2631,5.929,0.0,,1270000000.0,1270000000.0,1270000000.0,16497300000.0,16497300000.0,新型电力,公用事业,电力,风力发电,13.88,11.36,0.0
2021-06-21,20.12,21.07,19.98,20.49,20.37,0.1199999999999974,0.59,42763561.0,562362366.0,1.568,0.033672,0.033672,0.85,108.2833,104.368,4.5193,8.314,5.9655,0.0,,1270000000.0,1270000000.0,1270000000.0,16598900000.0,16598900000.0,新型电力,公用事业,电力,风力发电,14.29,11.69,0.0
2021-06-22,20.93,20.95,20.24,20.67,20.49,0.1800000000000032,0.88,34555053.0,454753351.0,1.568,0.0272089999999999,0.0272089999999999,0.72,109.1946,105.2464,4.5574,8.3839,6.0157,0.0,,1270000000.0,1270000000.0,1270000000.0,16738600000.0,16738600000.0,新型电力,公用事业,电力,风力发电,14.38,11.76,0.0
2021-06-23,20.62,21.72,20.38,21.31,20.67,0.639999999999997,3.1,60711643.99999999,819809938.0,1.568,0.047804,0.047804,1.36,112.5914,108.5203,4.6991,8.6447,6.2028,0.0,,1270000000.0,1270000000.0,1270000000.0,17259300000.0,17259300000.0,新型电力,公用事业,电力,风力发电,14.5,11.86,0.0
2021-06-24,21.18,21.47,20.63,20.63,21.31,-0.6799999999999997,-3.19,38042524.0,508932246.0,1.568,0.029955,0.029955,0.83,109.0289,105.0866,4.5504,8.3712,6.0066,0.0,,1270000000.0,1270000000.0,1270000000.0,16713200000.0,16713200000.0,新型电力,公用事业,电力,风力发电,14.95,12.23,0.0
2021-06-25,20.62,20.92,20.46,20.68,20.63,0.0500000000000007,0.24,26878552.0,354374677.0,1.568,0.021164,0.021164,0.59,109.2775,105.3262,4.5608,8.3903,6.0203,0.0,,1270000000.0,1270000000.0,1270000000.0,16751300000.0,16751300000.0,新型电力,公用事业,电力,风力发电,14.48,11.84,0.0
2021-06-28,20.78,21.34,20.56,21.12,20.68,0.4400000000000013,2.13,31091694.0,418690646.0,1.568,0.024482,0.024482,0.77,111.5972,107.5621,4.6576,8.5684,6.1481,0.0,,1270000000.0,1270000000.0,1270000000.0,17106900000.0,17106900000.0,新型电力,公用事业,电力,风力发电,14.51,11.87,0.0
2021-06-29,21.28,21.98,20.89,21.4,21.12,0.2799999999999976,1.33,51781678.0,711463135.0,1.568,0.040773,0.040773,1.35,113.0885,108.9994,4.7199,8.6829,6.2302,0.0,,1270000000.0,1270000000.0,1270000000.0,17335500000.0,17335500000.0,新型电力,公用事业,电力,风力发电,14.82,12.12,0.0
2021-06-30,21.14,21.87,21.0,21.65,21.4,0.25,1.17,46937989.0,644370709.0,1.568,0.036959,0.036959,1.13,114.4141,110.2771,4.7752,8.7847,6.3033,0.0,,1270000000.0,1270000000.0,1270000000.0,17538700000.0,17538700000.0,新型电力,公用事业,电力,风力发电,15.02,12.29,0.0
2021-07-01,21.64,21.8,20.59,20.84,21.65,-0.8099999999999987,-3.74,46665400.0,627786496.0,1.568,0.036744,0.036744,1.2,110.106,106.1247,4.5954,8.4539,6.0659,0.0,,1270000000.0,1270000000.0,1270000000.0,16878300000.0,16878300000.0,新型电力,公用事业,电力,风力发电,15.19,12.43,0.0
2021-07-02,20.82,22.42,20.56,22.08,20.84,1.2399999999999984,5.95,85916635.0,1192922400.0,1.568,0.067651,0.067651,2.11,116.651,112.4331,4.8686,8.9564,6.4265,0.0,,1270000000.0,1270000000.0,1270000000.0,17881600000.0,17881600000.0,新型电力,公用事业,电力,风力发电,14.62,11.96,0.0
2021-07-05,22.69,24.16,22.3,23.76,22.08,1.6800000000000033,7.61,107446518.0,1609427305.0,1.568,0.084604,0.084604,2.05,125.5158,120.9774,5.2385,9.6371,6.9149,0.0,,1270000000.0,1270000000.0,1270000000.0,19240500000.0,19240500000.0,新型电力,公用事业,电力,风力发电,15.49,12.67,0.0
2021-07-06,23.54,23.61,21.87,22.52,23.76,-1.240000000000002,-5.22,100038742.0,1456800791.0,1.568,0.078771,0.078771,1.48,118.9708,114.669,4.9654,9.1345,6.5543,0.0,,1270000000.0,1270000000.0,1270000000.0,18237200000.0,18237200000.0,新型电力,公用事业,电力,风力发电,16.67,13.64,0.0
2021-07-07,22.03,24.7,21.51,23.74,22.52,1.2199999999999989,5.42,113910483.0,1706369897.0,1.568,0.089693,0.089693,1.47,125.433,120.8976,5.2351,9.6307,6.9103,0.0,,1270000000.0,1270000000.0,1270000000.0,19227800000.0,19227800000.0,新型电力,公用事业,电力,风力发电,15.8,12.92,0.0
2021-07-08,23.77,24.65,23.52,23.82,23.74,0.0800000000000018,0.34,91785952.0,1404845250.0,1.568,0.072272,0.072272,1.01,125.8472,121.2968,5.2524,9.6625,6.9331,0.0,,1270000000.0,1270000000.0,1270000000.0,19291300000.0,19291300000.0,新型电力,公用事业,电力,风力发电,16.65,13.63,0.0
2021-07-09,23.3,25.53,23.1,24.98,23.82,1.16,4.87,138613519.0,2184587692.0,1.568,0.109145,0.109145,1.39,131.978,127.206,5.5082,10.1332,7.2709,0.0,,1270000000.0,1270000000.0,1270000000.0,20231100000.0,20231100000.0,新型电力,公用事业,电力,风力发电,16.71,13.67,0.0
2021-07-12,25.4,27.47,25.39,26.99,24.98,2.009999999999998,8.05,182963112.0,3112611870.0,1.568,0.144065,0.144065,1.66,142.5827,137.4271,5.9508,10.9475,7.8551,0.0,,1270000000.0,1270000000.0,1270000000.0,21856700000.0,21856700000.0,新型电力,公用事业,电力,风力发电,17.52,14.34,0.0
2021-07-13,26.55,29.68,26.19,29.68,26.99,2.6900000000000013,9.97,201945896.0,3603149298.0,1.568,0.159013,0.159013,1.61,156.8327,151.1619,6.5456,12.0416,8.6402,0.0,,1270000000.0,1270000000.0,1270000000.0,24041100000.0,24041100000.0,新型电力,公用事业,电力,风力发电,18.93,15.49,0.0
2021-07-14,29.48,29.51,26.72,27.38,29.68,-2.3000000000000007,-7.75,182801483.0,3251207594.0,1.568,0.143938,0.143938,1.25,144.6539,139.4235,6.0373,11.1065,7.9692,0.0,,1270000000.0,1270000000.0,1270000000.0,22174200000.0,22174200000.0,新型电力,公用事业,电力,风力发电,20.82,17.04,0.0
2021-07-15,26.7,28.54,26.0,28.02,27.38,0.6400000000000006,2.34,142255603.0,2473784028.0,1.568,0.112012,0.112012,0.89,148.0507,142.6974,6.1791,11.3673,8.1564,0.0,,1270000000.0,1270000000.0,1270000000.0,22694900000.0,22694900000.0,新型电力,公用事业,电力,风力发电,19.21,15.71,0.0
2021-07-16,27.75,30.65,27.49,28.55,28.02,0.5300000000000011,1.89,143700758.0,2689836067.0,1.568,0.11315,0.11315,0.85,150.8675,145.4125,6.2966,11.5836,8.3115,0.0,,1270000000.0,1270000000.0,1270000000.0,23126700000.0,23126700000.0,新型电力,公用事业,电力,风力发电,19.66,16.08,0.0
2021-07-19,27.93,29.6,26.66,27.11,28.55,-1.4400000000000013,-5.04,138828512.0,2480771026.0,1.568,0.109314,0.109314,0.81,143.2455,138.066,5.9785,10.9984,7.8916,0.0,,1270000000.0,1270000000.0,1270000000.0,21958300000.0,21958300000.0,新型电力,公用事业,电力,风力发电,20.03,16.39,0.0
2021-07-20,26.8,29.82,26.67,29.82,27.11,2.710000000000001,10.0,193590543.0,3626725553.0,1.568,0.1524329999999999,0.1524329999999999,1.2,157.5783,151.8806,6.5767,12.0988,8.6812,0.0,,1270000000.0,1270000000.0,1270000000.0,24155400000.0,24155400000.0,新型电力,公用事业,电力,风力发电,19.02,15.56,0.0
2021-07-21,30.81,32.44,30.2,31.91,29.82,2.09,7.01,199581365.0,4002140603.0,1.568,0.1571509999999999,0.1571509999999999,1.25,168.5972,162.501,7.0366,12.9449,9.2883,0.0,,1270000000.0,1270000000.0,1270000000.0,25844500000.0,25844500000.0,新型电力,公用事业,电力,风力发电,20.92,17.12,0.0
2021-07-22,32.63,33.56,31.91,32.96,31.91,1.0500000000000007,3.29,162128477.0,3380194613.0,1.568,0.12766,0.12766,0.99,174.148,167.8512,7.2683,13.371,9.5941,0.0,,1270000000.0,1270000000.0,1270000000.0,26695400000.0,26695400000.0,新型电力,公用事业,电力,风力发电,22.39,18.32,0.0
2021-07-23,32.22,34.87,31.53,33.18,32.96,0.2199999999999988,0.67,137576029.0,2910856422.0,1.568,0.108328,0.108328,0.82,175.3079,168.9691,7.3167,13.4601,9.658,0.0,,1270000000.0,1270000000.0,1270000000.0,26873200000.0,26873200000.0,新型电力,公用事业,电力,风力发电,23.12,18.92,0.0
2021-07-26,33.63,34.65,31.63,34.14,33.18,0.9600000000000009,2.89,124216973.0,2628130341.0,1.568,0.097809,0.097809,0.75,180.3617,173.8401,7.5276,13.8481,9.9364,0.0,,1270000000.0,1270000000.0,1270000000.0,27647900000.0,27647900000.0,新型电力,公用事业,电力,风力发电,23.28,19.04,0.0
2021-07-27,33.74,35.44,30.72,30.72,34.14,-3.4200000000000017,-10.02,158469452.0,3336068384.0,1.568,0.124779,0.124779,0.97,162.3007,156.4322,6.7738,12.4614,8.9414,0.0,,1270000000.0,1270000000.0,1270000000.0,24879300000.0,24879300000.0,新型电力,公用事业,电力,风力发电,23.95,19.59,0.0
2021-07-28,28.85,30.58,27.66,29.4,30.72,-1.3200000000000005,-4.3,105644326.0,1973703274.0,1.568,0.083185,0.083185,0.68,155.3414,149.7245,6.4833,11.9271,8.558,0.0,,1270000000.0,1270000000.0,1270000000.0,23812500000.0,23812500000.0,新型电力,公用事业,电力,风力发电,21.55,17.63,0.0
2021-07-29,30.56,31.89,29.82,30.7,29.4,1.3000000000000007,4.42,111395167.0,2190033392.0,1.568,0.087713,0.087713,0.81,162.2178,156.3523,6.7703,12.455,8.9368,0.0,,1270000000.0,1270000000.0,1270000000.0,24866600000.0,24866600000.0,新型电力,公用事业,电力,风力发电,20.63,16.88,0.0
2021-07-30,31.88,33.4,31.05,32.76,30.7,2.0599999999999987,6.71,132317095.0,2726224267.0,1.568,0.1041869999999999,0.1041869999999999,1.04,173.071,166.8131,7.2233,13.2884,9.5348,0.0,,1270000000.0,1270000000.0,1270000000.0,26530300000.0,26530300000.0,新型电力,公用事业,电力,风力发电,21.54,17.62,0.0
2021-08-02,33.56,34.81,31.28,32.61,32.76,-0.1499999999999985,-0.46,128755017.0,2726891121.0,1.568,0.101382,0.101382,1.02,172.3254,166.0944,7.1922,13.2311,9.4937,0.0,,1270000000.0,1270000000.0,1270000000.0,26416000000.0,26416000000.0,新型电力,公用事业,电力,风力发电,22.98,18.8,0.0
2021-08-03,32.02,33.81,30.7,31.36,32.61,-1.25,-3.83,90985771.0,1864303882.0,1.568,0.071642,0.071642,0.71,165.6975,159.7062,6.9156,12.7222,9.1285,0.0,,1270000000.0,1270000000.0,1270000000.0,25400000000.0,25400000000.0,新型电力,公用事业,电力,风力发电,22.88,18.72,0.0
2021-08-04,31.23,34.5,31.02,34.5,31.36,3.140000000000001,10.01,117791148.0,2490844143.0,1.568,0.092749,0.092749,1.03,182.2672,175.6768,7.6071,13.9944,10.0414,0.0,,1270000000.0,1270000000.0,1270000000.0,27940000000.0,27940000000.0,新型电力,公用事业,电力,风力发电,22.0,18.0,0.0
2021-08-05,35.39,37.95,34.31,37.95,34.5,3.450000000000003,10.0,162183905.0,3756918444.0,1.568,0.127704,0.127704,1.4,200.4939,193.2444,8.3678,15.3939,11.0455,0.0,,1270000000.0,1270000000.0,1270000000.0,30734000000.0,30734000000.0,新型电力,公用事业,电力,风力发电,24.2,19.8,0.0
2021-08-06,39.83,41.08,38.56,39.84,37.95,1.8900000000000008,4.98,127219394.0,3222560124.0,1.568,0.100173,0.100173,1.01,210.5186,202.9067,8.7862,16.1636,11.5978,0.0,,1270000000.0,1270000000.0,1270000000.0,32270700000.0,32270700000.0,新型电力,公用事业,电力,风力发电,26.62,21.78,0.0
2021-08-09,39.67,39.94,35.91,37.68,39.84,-2.160000000000004,-5.42,124367558.0,2956010227.0,1.568,0.097927,0.097927,0.99,199.0855,191.8869,8.3091,15.2857,10.9679,0.0,,1270000000.0,1270000000.0,1270000000.0,30518100000.0,30518100000.0,新型电力,公用事业,电力,风力发电,27.95,22.87,0.0
2021-08-10,37.04,39.92,35.42,39.09,37.68,1.4100000000000037,3.74,131672908.0,3172835934.0,1.568,0.103679,0.103679,1.06,206.5419,199.0737,8.6203,15.8582,11.3787,0.0,,1270000000.0,1270000000.0,1270000000.0,31661100000.0,31661100000.0,新型电力,公用事业,电力,风力发电,26.43,21.63,0.0
2021-08-11,38.15,42.12,37.91,41.03,39.09,1.9399999999999973,4.96,129914964.0,3309242608.0,1.568,0.102295,0.102295,0.98,216.8151,208.9755,9.049,16.647,11.9447,0.0,,1270000000.0,1270000000.0,1270000000.0,33235900000.0,33235900000.0,新型电力,公用事业,电力,风力发电,27.42,22.44,0.0
2021-08-12,40.02,41.33,38.34,40.09,41.03,-0.9399999999999976,-2.29,90056944.0,2282866315.0,1.568,0.070911,0.070911,0.67,211.8442,204.1843,8.8416,16.2654,11.6708,0.0,,1270000000.0,1270000000.0,1270000000.0,32473900000.0,32473900000.0,新型电力,公用事业,电力,风力发电,28.79,23.55,0.0
2021-08-13,38.57,44.11,38.42,43.12,40.09,3.029999999999994,7.56,159924248.0,4385417043.0,1.568,0.1259249999999999,0.1259249999999999,1.33,227.834,219.596,9.5089,17.493,12.5517,0.0,,1270000000.0,1270000000.0,1270000000.0,34925000000.0,34925000000.0,新型电力,公用事业,电力,风力发电,28.13,23.01,0.0
2021-08-16,42.37,42.6,38.86,39.11,43.12,-4.009999999999998,-9.3,129004010.0,3329356978.0,1.568,0.101578,0.101578,1.01,206.6247,199.1536,8.6237,15.8646,11.3833,0.0,,1270000000.0,1270000000.0,1270000000.0,31673800000.0,31673800000.0,新型电力,公用事业,电力,风力发电,30.25,24.75,0.0
2021-08-17,38.35,39.56,36.72,37.48,39.11,-1.6300000000000026,-4.17,89173995.0,2168578293.0,1.568,0.070216,0.070216,0.7,198.0085,190.8489,8.2641,15.203,10.9086,0.0,,1270000000.0,1270000000.0,1270000000.0,30353000000.0,30353000000.0,新型电力,公用事业,电力,风力发电,27.43,22.45,0.0
2021-08-18,37.51,38.96,36.38,37.87,37.48,0.3900000000000005,1.04,72907892.0,1755449999.0,1.568,0.057408,0.057408,0.61,200.0797,192.8452,8.3505,15.3621,11.0227,0.0,,1270000000.0,1270000000.0,1270000000.0,30670500000.0,30670500000.0,新型电力,公用事业,电力,风力发电,26.29,21.51,0.0
2021-08-19,37.29,41.66,36.94,40.58,37.87,2.710000000000001,7.16,138416370.0,3537463969.0,1.568,0.1089889999999999,0.1089889999999999,1.28,214.4125,206.6598,8.9487,16.4625,11.8123,0.0,,1270000000.0,1270000000.0,1270000000.0,32867600000.0,32867600000.0,新型电力,公用事业,电力,风力发电,26.57,21.74,0.0
2021-08-20,40.19,44.64,39.98,44.64,40.58,4.060000000000002,10.0,147654553.0,4095591261.0,1.568,0.116263,0.116263,1.25,235.8703,227.3417,9.8443,18.1101,12.9945,0.0,,1270000000.0,1270000000.0,1270000000.0,36156900000.0,36156900000.0,新型电力,公用事业,电力,风力发电,28.47,23.29,0.0
2021-08-23,47.04,48.59,44.95,47.17,44.64,2.530000000000001,5.67,146432512.0,4386514020.0,1.568,0.1153009999999999,0.1153009999999999,1.27,249.209,240.1981,10.401,19.1342,13.7293,0.0,,1270000000.0,1270000000.0,1270000000.0,38201600000.0,38201600000.0,新型电力,公用事业,电力,风力发电,31.32,25.62,0.0
2021-08-24,47.23,50.85,47.23,48.45,47.17,1.2800000000000011,2.71,105384757.0,3278991187.0,1.568,0.08298,0.08298,0.89,256.0026,246.746,10.6845,19.6558,14.1036,0.0,,1270000000.0,1270000000.0,1270000000.0,39243000000.0,39243000000.0,新型电力,公用事业,电力,风力发电,33.09,27.07,0.0
2021-08-25,48.42,53.3,47.53,52.37,48.45,3.9199999999999946,8.09,131107397.0,4239859192.0,1.568,0.1032339999999999,0.1032339999999999,1.07,276.7148,266.7093,11.549,21.2461,15.2447,0.0,,1270000000.0,1270000000.0,1270000000.0,42418000000.0,42418000000.0,新型电力,公用事业,电力,风力发电,33.99,27.81,0.0
2021-08-26,50.38,50.96,48.07,49.69,52.37,-2.68,-5.12,98290468.0,3127950355.0,1.568,0.077394,0.077394,0.73,262.5476,212.7167,10.7018,20.1583,13.1666,0.0,,1270000000.0,1270000000.0,1270000000.0,40246300000.0,40246300000.0,新型电力,公用事业,电力,风力发电,36.74,30.06,0.0
2021-08-27,49.96,54.66,47.95,54.03,49.69,4.340000000000003,8.73,118245253.0,3907646665.0,1.568,0.093106,0.164606,0.94,285.4967,231.3101,11.6372,21.9204,14.3175,0.0,,1270000000.0,1270000000.0,718351848.9999999,43764200000.0,43764200000.0,新型电力,公用事业,电力,风力发电,34.86,28.52,0.0
2021-08-30,52.7,57.2,50.62,51.73,54.03,-2.3000000000000043,-4.26,153558147.0,5261705408.0,1.568,0.120912,0.213765,1.28,273.318,221.4428,11.1408,20.9853,13.7067,0.0,,1270000000.0,1270000000.0,718351848.9999999,41897300000.0,41897300000.0,新型电力,公用事业,电力,风力发电,37.91,31.01,0.0
2021-08-31,51.73,54.88,51.32,54.33,51.73,2.6000000000000014,5.03,99680145.0,3388919410.0,1.568,0.078488,0.138762,0.82,287.0709,232.5854,11.7014,22.0412,14.3964,0.0,,1270000000.0,1270000000.0,718351848.9999999,44005500000.0,44005500000.0,新型电力,公用事业,电力,风力发电,36.29,29.69,0.0
2021-09-01,54.28,56.43,48.92,51.3,54.33,-3.030000000000001,-5.58,108529071.0,3654142607.0,1.568,0.085456,0.151081,0.9,271.0811,219.6305,11.0496,20.8135,13.5946,0.0,,1270000000.0,1270000000.0,718351848.9999999,41554400000.0,41554400000.0,新型电力,公用事业,电力,风力发电,38.12,31.19,0.0
2021-09-02,51.35,55.35,51.29,52.97,51.3,1.6700000000000017,3.26,86918549.0,2951910131.0,1.568,0.06844,0.120997,0.75,279.863,226.7456,11.4076,21.4878,14.035,0.0,,1270000000.0,1270000000.0,718351848.9999999,42900600000.0,42900600000.0,新型电力,公用事业,电力,风力发电,35.99,29.45,0.0
2021-09-03,51.89,53.99,47.67,47.97,52.97,-5.0,-9.44,110150567.0,3479629658.0,1.568,0.0867329999999999,0.153338,0.97,253.4343,205.333,10.3303,19.4586,12.7096,0.0,,1270000000.0,1270000000.0,718351848.9999999,38849300000.0,38849300000.0,新型电力,公用事业,电力,风力发电,37.16,30.4,0.0
2021-09-06,46.26,47.49,43.25,45.58,47.97,-2.390000000000001,-4.98,110719803.0,3195730544.0,1.568,0.087181,0.15413,0.99,240.8413,195.1301,9.817,18.4917,12.078,0.0,,1270000000.0,1270000000.0,718351848.9999999,36918900000.0,36918900000.0,新型电力,公用事业,电力,风力发电,33.65,27.53,0.0
2021-09-07,45.77,47.98,44.69,46.41,45.58,0.8299999999999983,1.82,98238147.0,2901628407.0,1.568,0.0773529999999999,0.136755,0.95,245.2323,198.6877,9.996,18.8289,12.2983,0.0,,1270000000.0,1270000000.0,718351848.9999999,37592000000.0,37592000000.0,新型电力,公用事业,电力,风力发电,31.98,26.16,0.0
2021-09-08,46.04,50.07,45.57,49.5,46.41,3.0900000000000034,6.66,106147860.0,3266726516.0,1.568,0.083581,0.147766,1.03,261.5535,211.9112,10.6613,20.082,13.1168,0.0,,1270000000.0,1270000000.0,718351848.9999999,40093900000.0,40093900000.0,新型电力,公用事业,电力,风力发电,32.56,26.64,0.0
2021-09-09,49.25,52.07,48.66,51.38,49.5,1.8800000000000023,3.8,87698328.0,2834214910.0,1.568,0.069054,0.122083,0.86,271.4953,219.9661,11.0665,20.8453,13.6153,0.0,,1270000000.0,1270000000.0,718351848.9999999,41617900000.0,41617900000.0,新型电力,公用事业,电力,风力发电,34.73,28.41,0.0
2021-09-10,50.65,55.33,49.36,54.1,51.38,2.719999999999999,5.29,107820935.0,3590988474.0,1.568,0.084898,0.1500949999999999,1.05,285.8281,231.5786,11.6507,21.9458,14.3341,0.0,,1270000000.0,1270000000.0,718351848.9999999,43815000000.0,43815000000.0,新型电力,公用事业,电力,风力发电,36.05,29.49,0.0
2021-09-13,55.01,58.8,52.53,58.66,54.1,4.559999999999995,8.43,119186839.0,4189720987.0,1.568,0.093848,0.1659169999999999,1.17,309.9371,251.1117,12.6335,23.7969,15.5432,0.0,,1270000000.0,1270000000.0,718351848.9999999,47510700000.0,47510700000.0,新型电力,公用事业,电力,风力发电,37.95,31.05,0.0
2021-09-14,56.62,60.51,55.04,56.45,58.66,-2.2099999999999937,-3.77,107353812.0,3943837943.0,1.568,0.084531,0.149445,1.03,298.2554,241.6472,12.1573,22.9,14.9573,0.0,,1270000000.0,1270000000.0,718351848.9999999,45720000000.0,45720000000.0,新型电力,公用事业,电力,风力发电,41.15,33.67,0.0
2021-09-15,57.97,58.2,55.01,56.84,56.45,0.3900000000000005,0.69,81143101.0,2947445820.0,1.568,0.063892,0.112957,0.77,300.3267,243.3253,12.2417,23.059,15.0612,0.0,,1270000000.0,1270000000.0,718351848.9999999,46037500000.0,46037500000.0,新型电力,公用事业,电力,风力发电,39.6,32.4,0.0
2021-09-16,55.37,56.28,51.29,53.22,56.84,-3.620000000000005,-6.37,98801589.0,3380995891.0,1.568,0.077797,0.137539,0.98,281.1886,227.8196,11.4616,21.5896,14.1014,0.0,,1270000000.0,1270000000.0,718351848.9999999,43103800000.0,43103800000.0,新型电力,公用事业,电力,风力发电,39.88,32.63,0.0
2021-09-17,53.47,58.53,51.24,58.53,53.22,5.310000000000002,9.98,123063566.0,4350744982.0,1.568,0.0969,0.171314,1.2,309.2743,250.5747,12.6064,23.746,15.5099,0.0,,1270000000.0,1270000000.0,718351848.9999999,47409100000.0,47409100000.0,新型电力,公用事业,电力,风力发电,37.33,30.55,0.0
2021-09-22,59.04,59.04,55.65,56.92,58.53,-1.6099999999999994,-2.75,103513947.0,3806517826.0,1.568,0.081507,0.144099,0.98,300.7409,243.6609,12.2586,23.0908,15.082,0.0,,1270000000.0,1270000000.0,718351848.9999999,46101000000.0,46101000000.0,新型电力,公用事业,电力,风力发电,41.06,33.6,0.0
2021-09-23,57.77,61.56,56.28,58.0,56.92,1.0799999999999983,1.9,117292127.0,4424714689.0,1.568,0.092356,0.163279,1.14,306.4575,248.2925,12.4916,23.5297,15.3687,0.0,,1270000000.0,1270000000.0,718351848.9999999,46977300000.0,46977300000.0,新型电力,公用事业,电力,风力发电,39.93,32.67,0.0
2021-09-24,56.46,58.63,53.41,55.43,58.0,-2.5700000000000003,-4.43,94430586.0,3385196145.0,1.568,0.074355,0.131455,0.9,292.8703,237.2841,11.9378,22.4865,14.6873,0.0,,1270000000.0,1270000000.0,718351848.9999999,44894500000.0,44894500000.0,新型电力,公用事业,电力,风力发电,40.69,33.29,0.0
2021-09-27,56.45,56.6,49.89,49.89,55.43,-5.539999999999999,-9.99,67137792.0,2189299834.0,1.568,0.052864,0.093461,0.63,263.6247,213.5893,10.7457,20.241,13.2206,0.0,,1270000000.0,1270000000.0,718351848.9999999,40411400000.0,40411400000.0,新型电力,公用事业,电力,风力发电,38.89,31.82,0.0
2021-09-28,46.4,48.06,45.16,45.47,49.89,-4.420000000000002,-8.86,89145863.0,2641118648.0,1.568,0.070194,0.124098,0.88,240.2613,194.6602,9.7934,18.4472,12.049,0.0,,1270000000.0,1270000000.0,718351848.9999999,36830000000.0,36830000000.0,新型电力,公用事业,电力,风力发电,35.0,28.64,0.0
2021-09-29,44.84,45.94,41.91,42.1,45.47,-3.369999999999997,-7.41,94356138.0,2633688250.0,1.568,0.074296,0.131351,1.0,222.4489,180.2285,9.0673,17.0796,11.1557,0.0,,1270000000.0,1270000000.0,718351848.9999999,34099500000.0,34099500000.0,新型电力,公用事业,电力,风力发电,31.9,26.1,0.0
2021-09-30,43.14,45.97,43.14,45.08,42.1,2.979999999999997,7.08,84086560.0,2409928520.0,1.568,0.06621,0.117055,0.91,238.1901,192.9821,9.709,18.2882,11.9451,0.0,,1270000000.0,1270000000.0,718351848.9999999,36512500000.0,36512500000.0,新型电力,公用事业,电力,风力发电,29.54,24.17,0.0
2021-10-08,46.32,46.73,41.08,42.34,45.08,-2.739999999999995,-6.08,77628173.0,2125629603.0,1.568,0.061125,0.108064,0.9,223.6916,181.2354,9.118,17.175,11.218,0.0,,1270000000.0,1270000000.0,718351848.9999999,34290000000.0,34290000000.0,新型电力,公用事业,电力,风力发电,31.63,25.88,0.0
2021-10-11,42.35,42.48,39.2,41.07,42.34,-1.2700000000000031,-3.0,56062349.0,1463849627.0,1.568,0.0441439999999999,0.078043,0.68,216.9808,175.7983,8.8444,16.6597,10.8815,0.0,,1270000000.0,1270000000.0,718351848.9999999,33261300000.0,33261300000.0,新型电力,公用事业,电力,风力发电,29.7,24.3,0.0
2021-10-12,40.97,41.74,38.18,39.12,41.07,-1.9500000000000028,-4.75,62458252.0,1574233202.0,1.568,0.04918,0.086947,0.78,206.7076,167.4749,8.4257,15.871,10.3663,0.0,,1270000000.0,1270000000.0,718351848.9999999,31686500000.0,31686500000.0,新型电力,公用事业,电力,风力发电,28.81,23.57,0.0
2021-10-13,39.56,40.25,38.49,39.58,39.12,0.4600000000000008,1.18,44373888.0,1118480517.0,1.568,0.03494,0.061772,0.59,209.1102,169.4215,8.5236,16.0554,10.4868,0.0,,1270000000.0,1270000000.0,718351848.9999999,32054800000.0,32054800000.0,新型电力,公用事业,电力,风力发电,27.45,22.46,0.0
2021-10-14,38.42,39.67,37.82,38.82,39.58,-0.759999999999998,-1.92,43436245.0,1074065185.0,1.568,0.0342019999999999,0.060467,0.67,205.1335,166.1996,8.3615,15.7501,10.2873,0.0,,1270000000.0,1270000000.0,718351848.9999999,31445200000.0,31445200000.0,新型电力,公用事业,电力,风力发电,27.76,22.72,0.0
2021-10-15,38.82,39.83,37.32,38.98,38.82,0.1599999999999966,0.41,58688181.99999999,1446275722.0,1.568,0.046211,0.081698,1.03,205.962,166.8708,8.3953,15.8137,10.3289,0.0,,1270000000.0,1270000000.0,718351848.9999999,31572200000.0,31572200000.0,新型电力,公用事业,电力,风力发电,27.24,22.28,0.0
2021-10-18,38.95,41.77,38.86,41.11,38.98,2.1300000000000026,5.46,74825285.0,1931034549.0,1.568,0.058918,0.104162,1.41,217.2294,175.9997,8.8546,16.6788,10.8939,0.0,,1270000000.0,1270000000.0,718351848.9999999,33299400000.0,33299400000.0,新型电力,公用事业,电力,风力发电,27.35,22.37,0.0
2021-10-19,40.77,43.15,40.52,42.98,41.11,1.8699999999999968,4.55,75658958.0,2043665397.0,1.568,0.0595739999999999,0.105323,1.33,227.0884,183.9875,9.2564,17.4358,11.3883,0.0,,1270000000.0,1270000000.0,718351848.9999999,34810700000.0,34810700000.0,新型电力,公用事业,电力,风力发电,28.84,23.6,0.0
2021-10-20,42.98,47.28,42.35,47.28,42.98,4.300000000000004,10.0,37599448.0,1098029756.0,1.568,0.029606,0.052341,0.63,249.7889,202.3795,10.1817,19.1787,12.5268,0.0,,1270000000.0,1270000000.0,718351848.9999999,38290500000.0,38290500000.0,新型电力,公用事业,电力,风力发电,30.15,24.67,0.0
2021-10-21,49.24,50.76,47.67,49.69,47.28,2.4099999999999966,5.1,119583475.0,3763787261.0,1.568,0.09416,0.1664689999999999,2.06,262.5476,212.7167,10.7018,20.1583,13.1666,0.0,,1270000000.0,1270000000.0,718351848.9999999,40246300000.0,40246300000.0,新型电力,公用事业,电力,风力发电,33.17,27.14,0.0
2021-10-22,50.22,50.68,47.32,47.78,49.69,-1.9099999999999968,-3.84,91660453.0,2871686997.0,1.568,0.072174,0.127598,1.25,252.4401,204.5275,10.2898,19.3823,12.6597,0.0,,1270000000.0,1270000000.0,718351848.9999999,38696900000.0,38696900000.0,新型电力,公用事业,电力,风力发电,34.86,28.52,0.0
2021-10-25,48.78,49.53,47.37,48.69,47.78,0.9099999999999966,1.9,69882362.0,2164649673.0,1.568,0.055025,0.097282,0.88,257.2453,208.4207,10.4857,19.7512,12.9007,0.0,,1270000000.0,1270000000.0,718351848.9999999,39433500000.0,39433500000.0,新型电力,公用事业,电力,风力发电,33.52,27.42,0.0
2021-10-26,47.95,50.49,47.06,47.2,48.69,-1.4899999999999949,-3.06,92963608.0,2878057825.0,1.568,0.0732,0.129412,1.18,249.3747,202.5825,10.1633,19.1469,13.2118,0.0,,1270000000.0,1270000000.0,718351848.9999999,38227000000.0,38227000000.0,新型电力,公用事业,电力,风力发电,34.16,27.95,0.0
2021-10-27,47.18,48.14,46.27,47.42,47.2,0.2199999999999988,0.47,65409118.99999999,1967950756.0,1.568,0.0515029999999999,0.091054,0.79,250.5346,203.5248,10.2105,19.236,13.2732,0.0,,1270000000.0,1270000000.0,718351848.9999999,38404800000.0,38404800000.0,新型电力,公用事业,电力,风力发电,33.11,27.09,0.0
2021-10-28,46.48,46.96,42.95,43.09,47.42,-4.329999999999998,-9.13,90349824.0,2557267548.0,1.568,0.071142,0.125774,1.03,227.6683,184.9491,9.2786,17.4803,12.0618,0.0,,1270000000.0,1270000000.0,718351848.9999999,34899600000.0,34899600000.0,新型电力,公用事业,电力,风力发电,33.26,27.22,0.0
2021-10-29,44.7,46.88,44.31,44.64,43.09,1.5499999999999972,3.6,75080952.0,2175303116.0,1.568,0.059119,0.104518,0.92,235.8703,191.6121,9.6129,18.1101,12.4963,0.0,,1270000000.0,1270000000.0,718351848.9999999,36156900000.0,36156900000.0,新型电力,公用事业,电力,风力发电,30.23,24.73,0.0
2021-11-01,45.25,45.42,42.9,43.25,44.64,-1.3900000000000006,-3.11,58335664.0,1629981448.0,1.568,0.045934,0.0812079999999999,0.74,228.4968,185.6221,9.3124,17.5439,12.1057,0.0,,1270000000.0,1270000000.0,718351848.9999999,35026600000.0,35026600000.0,新型电力,公用事业,电力,风力发电,31.32,25.62,0.0
2021-11-02,43.43,44.55,41.36,42.18,43.25,-1.0700000000000005,-2.47,61018293.99999999,1670122410.0,1.568,0.048046,0.0849419999999999,0.8,222.8631,181.0455,9.0828,17.1114,11.8072,0.0,,1270000000.0,1270000000.0,718351848.9999999,34163000000.0,34163000000.0,新型电力,公用事业,电力,风力发电,30.34,24.82,0.0
2021-11-03,42.23,42.37,40.82,41.87,42.18,-0.3100000000000023,-0.73,43907716.0,1158360308.0,1.568,0.034573,0.061123,0.63,221.2061,179.6995,9.0153,16.9842,11.7194,0.0,,1270000000.0,1270000000.0,718351848.9999999,33909000000.0,33909000000.0,新型电力,公用事业,电力,风力发电,29.59,24.21,0.0
2021-11-04,41.9,43.12,40.96,42.49,41.87,0.6200000000000045,1.48,63838409.0,1710814675.0,1.568,0.050266,0.0888679999999999,0.97,224.5201,182.3916,9.1503,17.2386,11.895,0.0,,1270000000.0,1270000000.0,718351848.9999999,34417000000.0,34417000000.0,新型电力,公用事业,电力,风力发电,29.37,24.03,0.0
2021-11-05,42.88,43.89,40.42,40.99,42.49,-1.5,-3.53,67092206.00000001,1813106114.0,1.568,0.0528289999999999,0.093397,1.11,216.5666,175.9305,8.8262,16.6279,11.4736,0.0,,1270000000.0,1270000000.0,718351848.9999999,33197800000.0,33197800000.0,新型电力,公用事业,电力,风力发电,29.81,24.39,0.0
2021-11-08,40.0,43.87,39.89,43.25,40.99,2.259999999999998,5.51,75252271.0,2038976102.0,1.568,0.059254,0.104757,1.28,228.4968,185.6221,9.3124,17.5439,12.1057,0.0,,1270000000.0,1270000000.0,718351848.9999999,35026600000.0,35026600000.0,新型电力,公用事业,电力,风力发电,28.75,23.53,0.0
2021-11-09,43.87,44.55,42.78,43.46,43.25,0.2100000000000008,0.49,60382018.00000001,1678225156.0,1.568,0.047545,0.0840559999999999,0.97,229.6567,186.5644,9.3597,17.633,12.1671,0.0,,1270000000.0,1270000000.0,718351848.9999999,35204400000.0,35204400000.0,新型电力,公用事业,电力,风力发电,30.34,24.82,0.0
2021-11-10,42.45,42.96,40.25,41.18,43.46,-2.280000000000001,-5.25,57155893.99999999,1507592370.0,1.568,0.0450049999999999,0.079565,0.92,217.5608,176.7381,8.8667,16.7043,11.5263,0.0,,1270000000.0,1270000000.0,718351848.9999999,33350200000.0,33350200000.0,新型电力,公用事业,电力,风力发电,30.49,24.95,0.0
2021-11-11,41.44,41.47,40.19,40.61,41.18,-0.5700000000000003,-1.38,37219457.0,970380726.0,1.568,0.029307,0.051812,0.57,214.5782,174.3152,8.7451,16.4753,11.3683,0.0,,1270000000.0,1270000000.0,718351848.9999999,32893000000.0,32893000000.0,新型电力,公用事业,电力,风力发电,28.89,23.63,0.0
2021-11-12,41.24,41.24,39.98,40.14,40.61,-0.4699999999999988,-1.16,34211279.0,882249468.0,1.568,0.026938,0.047625,0.58,212.0928,172.2961,8.6438,16.2844,11.2366,0.0,,1270000000.0,1270000000.0,718351848.9999999,32512000000.0,32512000000.0,新型电力,公用事业,电力,风力发电,28.49,23.31,0.0
2021-11-15,39.98,40.74,38.76,40.44,40.14,0.2999999999999971,0.75,47514245.0,1199303635.0,1.568,0.037413,0.066143,0.9,213.6669,173.5749,8.708,16.4053,11.32,0.0,,1270000000.0,1270000000.0,718351848.9999999,32753300000.0,32753300000.0,新型电力,公用事业,电力,风力发电,28.16,23.04,0.0
2021-11-16,40.11,40.42,37.95,38.02,40.44,-2.4199999999999946,-5.98,44742000.0,1111532530.0,1.568,0.03523,0.062284,0.95,200.9082,163.2102,8.188,15.4257,10.644,0.0,,1270000000.0,1270000000.0,718351848.9999999,30797500000.0,30797500000.0,新型电力,公用事业,电力,风力发电,28.37,23.21,0.0
2021-11-17,38.81,41.03,38.42,39.94,38.02,1.9199999999999944,5.05,64531698.0,1645733325.0,1.568,0.0508119999999999,0.089833,1.46,211.0157,171.4212,8.5999,16.2017,11.1795,0.0,,1270000000.0,1270000000.0,718351848.9999999,32346900000.0,32346900000.0,新型电力,公用事业,电力,风力发电,26.68,21.83,0.0
2021-11-18,39.92,43.94,39.2,43.94,39.94,4.0,10.02,130731855.0,3567084076.0,1.568,0.1029379999999999,0.1819889999999999,2.86,232.1422,188.5835,9.461,17.8238,12.2988,0.0,,1270000000.0,1270000000.0,718351848.9999999,35585400000.0,35585400000.0,新型电力,公用事业,电力,风力发电,28.02,22.92,0.0
2021-11-19,43.67,44.05,41.65,42.93,43.94,-1.009999999999998,-2.3,105031768.0,2877882552.0,1.568,0.082702,0.146212,1.63,226.8398,184.2761,9.2449,17.4167,12.0179,0.0,,1270000000.0,1270000000.0,718351848.9999999,34772600000.0,34772600000.0,新型电力,公用事业,电力,风力发电,30.82,25.22,0.0
2021-11-22,42.65,44.58,42.49,43.67,42.93,0.740000000000002,1.72,73350838.0,2050560273.0,1.568,0.0577569999999999,0.10211,0.93,230.7337,187.4393,9.4036,17.7157,12.2242,0.0,,1270000000.0,1270000000.0,718351848.9999999,35369500000.0,35369500000.0,新型电力,公用事业,电力,风力发电,30.12,24.64,0.0
2021-11-23,43.68,44.22,42.7,43.06,43.67,-0.6099999999999994,-1.4,55916951.0,1548711145.0,1.568,0.044029,0.077841,0.67,227.5026,184.8145,9.2719,17.4676,12.053,0.0,,1270000000.0,1270000000.0,718351848.9999999,34874200000.0,34874200000.0,新型电力,公用事业,电力,风力发电,30.64,25.07,0.0
2021-11-24,42.6,43.62,42.15,42.51,43.06,-0.5500000000000043,-1.28,40882658.0,1114078450.0,1.568,0.032191,0.056912,0.48,224.6029,182.4589,9.1537,17.245,11.8994,0.0,,1270000000.0,1270000000.0,718351848.9999999,34429700000.0,34429700000.0,新型电力,公用事业,电力,风力发电,30.21,24.71,0.0
2021-11-25,42.49,44.34,42.16,43.87,42.51,1.3599999999999994,3.2,56702647.0,1570762289.0,1.568,0.044648,0.078934,0.7,231.8108,188.3143,9.4475,17.7984,12.2812,0.0,,1270000000.0,1270000000.0,718351848.9999999,35534600000.0,35534600000.0,新型电力,公用事业,电力,风力发电,29.82,24.4,0.0
2021-11-26,43.9,46.46,43.59,44.34,43.87,0.4700000000000059,1.07,87322630.0,2504505017.0,1.568,0.068758,0.12156,1.32,234.2962,190.3334,9.5487,17.9892,12.4129,0.0,,1270000000.0,1270000000.0,718351848.9999999,35915600000.0,35915600000.0,新型电力,公用事业,电力,风力发电,30.78,25.18,0.0
2021-11-29,43.43,47.04,43.1,47.02,44.34,2.68,6.04,97498267.0,2856465037.0,1.568,0.0767699999999999,0.1357249999999999,1.55,248.4634,201.8422,10.1261,19.077,13.1635,0.0,,1270000000.0,1270000000.0,718351848.9999999,38087300000.0,38087300000.0,新型电力,公用事业,电力,风力发电,31.11,25.45,0.0
2021-11-30,47.51,47.51,45.52,46.73,47.02,-0.2900000000000062,-0.62,70183649.0,2070887738.0,1.568,0.055263,0.097701,1.04,246.8892,200.5634,10.062,18.9561,13.0801,0.0,,1270000000.0,1270000000.0,718351848.9999999,37846000000.0,37846000000.0,新型电力,公用事业,电力,风力发电,32.99,26.99,0.0
2021-12-01,46.88,46.98,44.94,46.41,46.73,-0.3200000000000003,-0.68,59214068.99999999,1741959610.0,1.568,0.046625,0.08243,0.84,245.2323,199.2174,9.9944,18.8289,12.9923,0.0,,1270000000.0,1270000000.0,718351848.9999999,37592000000.0,37592000000.0,新型电力,公用事业,电力,风力发电,32.78,26.82,0.0
2021-12-02,46.41,46.82,45.55,46.48,46.41,0.0700000000000002,0.15,48267761.0,1424989880.0,1.568,0.038006,0.067192,0.65,245.5637,199.4866,10.008,18.8543,13.0099,0.0,,1270000000.0,1270000000.0,718351848.9999999,37642800000.0,37642800000.0,新型电力,公用事业,电力,风力发电,32.56,26.64,0.0
2021-12-03,46.4,47.18,44.99,45.64,46.48,-0.8399999999999963,-1.81,53363751.0,1570036069.0,1.568,0.042019,0.074286,0.74,275.1639,223.5327,9.6328,21.127,14.5781,0.0,,1448995523.0,1270000000.0,718351848.9999999,42180259675.0,36969700000.0,新型电力,公用事业,电力,风力发电,32.6,26.68,0.0
2021-12-06,45.47,45.79,43.37,43.43,45.64,-2.210000000000001,-4.84,59057994.99999999,1670523197.0,1.568,0.046502,0.082213,0.9,261.8358,212.7054,9.1662,20.1037,13.872,0.0,,1448995523.0,1270000000.0,718351848.9999999,40137175987.0,35179000000.0,新型电力,公用事业,电力,风力发电,32.02,26.2,0.0
2021-12-07,43.75,43.87,40.41,41.14,43.43,-2.289999999999999,-5.27,59892618.00000001,1585329443.0,1.568,0.04716,0.083375,1.03,248.035,201.4943,8.6831,19.0441,13.1408,0.0,,1448995523.0,1270000000.0,718351848.9999999,38021642524.0,33324800000.0,新型电力,公用事业,电力,风力发电,30.47,24.93,0.0
2021-12-08,41.4,41.94,40.88,41.55,41.14,0.4099999999999966,1.0,37633764.0,995731759.0,1.568,0.029633,0.052389,0.67,250.4927,203.4908,8.7691,19.2328,13.271,0.0,,1448995523.0,1270000000.0,718351848.9999999,38398381360.0,33655000000.0,新型电力,公用事业,电力,风力发电,28.86,23.62,0.0
2021-12-09,41.32,41.68,40.72,41.41,41.55,-0.1400000000000005,-0.34,33231063.0,874022685.0,1.568,0.026166,0.04626,0.64,249.642,202.7997,8.7393,19.1675,13.2259,0.0,,1448995523.0,1270000000.0,718351848.9999999,38267971762.0,33540700000.0,新型电力,公用事业,电力,风力发电,29.15,23.85,0.0
2021-12-10,40.86,43.4,40.45,42.99,41.41,1.5800000000000054,3.82,58137567.00000001,1577532894.0,1.568,0.045778,0.0809319999999999,1.2,259.1891,210.5554,9.0735,19.9005,13.7317,0.0,,1448995523.0,1270000000.0,718351848.9999999,39731457241.0,34823400000.0,新型电力,公用事业,电力,风力发电,29.05,23.77,0.0
2021-12-13,43.46,44.8,43.03,43.12,42.99,0.1299999999999954,0.3,47830296.0,1332183914.0,1.568,0.037662,0.066583,0.96,259.9453,211.1697,9.1,19.9585,13.7718,0.0,,1448995523.0,1270000000.0,718351848.9999999,39847376883.0,34925000000.0,新型电力,公用事业,电力,风力发电,30.16,24.68,0.0
2021-12-14,42.65,43.36,41.24,42.04,43.12,-1.0799999999999983,-2.5,43973211.0,1177983411.0,1.568,0.0346249999999999,0.061214,0.93,253.423,205.8712,8.8717,19.4578,13.4262,0.0,,1448995523.0,1270000000.0,718351848.9999999,38847569972.0,34048700000.0,新型电力,公用事业,电力,风力发电,30.25,24.75,0.0
2021-12-15,41.79,42.54,41.16,41.52,42.04,-0.519999999999996,-1.24,30108761.0,800411432.0,1.568,0.023708,0.041914,0.68,250.3037,203.3372,8.7625,19.2183,13.261,0.0,,1448995523.0,1270000000.0,718351848.9999999,38369401449.0,33629600000.0,新型电力,公用事业,电力,风力发电,29.49,24.13,0.0
2021-12-16,41.55,41.76,40.56,41.19,41.52,-0.3300000000000054,-0.79,30837743.0,806117566.0,1.568,0.0242819999999999,0.0429279999999999,0.72,248.3186,201.7246,8.693,19.0658,13.1558,0.0,,1448995523.0,1270000000.0,718351848.9999999,38065112389.0,33362900000.0,新型电力,公用事业,电力,风力发电,29.13,23.83,0.0
2021-12-17,41.55,42.73,41.13,41.21,41.19,0.0200000000000031,0.05,39043819.0,1038484619.0,1.568,0.030743,0.054352,0.93,248.4131,201.8014,8.6963,19.0731,13.1608,0.0,,1448995523.0,1270000000.0,718351848.9999999,38079602344.0,33375600000.0,新型电力,公用事业,电力,风力发电,28.9,23.64,0.0
2021-12-20,41.21,41.91,39.42,39.75,41.21,-1.4600000000000009,-3.54,37611940.0,967291713.0,1.568,0.0296159999999999,0.052359,0.98,239.6223,194.66,8.3886,18.3981,12.6951,0.0,,1448995523.0,1270000000.0,718351848.9999999,36732036508.0,32194500000.0,新型电力,公用事业,电力,风力发电,28.91,23.65,0.0
2021-12-21,39.76,40.36,38.98,39.94,39.75,0.1899999999999977,0.48,25608499.0,647366874.0,1.568,0.020164,0.035649,0.71,240.7566,195.5815,8.4283,18.4852,12.7552,0.0,,1448995523.0,1270000000.0,718351848.9999999,36905915971.0,32346900000.0,新型电力,公用事业,电力,风力发电,27.89,22.82,0.0
2021-12-22,40.16,40.44,39.29,39.97,39.94,0.0300000000000011,0.08,21376188.0,544023171.0,1.568,0.016832,0.029757,0.65,240.9456,195.7351,8.4349,18.4998,12.7652,0.0,,1448995523.0,1270000000.0,718351848.9999999,36934895881.0,32372300000.0,新型电力,公用事业,电力,风力发电,28.02,22.92,0.0
2021-12-23,40.03,40.19,38.96,39.44,39.97,-0.5300000000000011,-1.33,23390683.0,589401550.0,1.568,0.018418,0.032562,0.76,237.7318,193.1243,8.3224,18.253,12.5949,0.0,,1448995523.0,1270000000.0,718351848.9999999,36442237403.0,31940500000.0,新型电力,公用事业,电力,风力发电,28.04,22.94,0.0
2021-12-24,39.44,39.64,37.63,37.73,39.44,-1.7100000000000009,-4.34,34631152.0,846872188.0,1.568,0.027269,0.048209,1.18,227.4285,184.7543,7.9617,17.4619,12.0491,0.0,,1448995523.0,1270000000.0,718351848.9999999,34862832283.0,30556200000.0,新型电力,公用事业,电力,风力发电,27.67,22.64,0.0
2021-12-27,37.79,38.38,36.38,37.22,37.73,-0.509999999999998,-1.35,30335664.0,726690757.0,1.568,0.0238859999999999,0.04223,1.06,224.4037,182.297,7.8558,17.2297,11.8888,0.0,,1448995523.0,1270000000.0,718351848.9999999,34399153716.0,30149800000.0,新型电力,公用事业,电力,风力发电,26.47,21.65,0.0
2021-12-28,37.22,39.65,37.22,39.51,37.22,2.289999999999999,6.15,47391646.0,1170778306.0,1.568,0.0373159999999999,0.065973,1.75,238.2044,193.5082,8.3389,18.2893,12.62,0.0,,1448995523.0,1270000000.0,718351848.9999999,36514687180.0,32004000000.0,新型电力,公用事业,电力,风力发电,26.11,21.37,0.0
2021-12-29,39.33,41.8,39.14,41.08,39.51,1.5700000000000005,3.97,67807098.0,1755144687.0,1.568,0.053391,0.0943929999999999,2.16,247.6569,201.1871,8.6698,19.015,13.1208,0.0,,1448995523.0,1270000000.0,718351848.9999999,37963682703.0,33274000000.0,新型电力,公用事业,电力,风力发电,27.72,22.68,0.0
2021-12-30,41.87,42.23,39.72,40.02,41.08,-1.0599999999999952,-2.58,56114232.99999999,1459835099.0,1.568,0.044184,0.0781149999999999,1.38,241.2292,195.9654,8.4448,18.5215,12.7802,0.0,,1448995523.0,1270000000.0,718351848.9999999,36978365747.0,32410400000.0,新型电力,公用事业,电力,风力发电,28.82,23.58,0.0
2021-12-31,39.39,42.02,39.39,41.6,40.02,1.5799999999999983,3.95,58664816.0,1538701066.0,1.568,0.046193,0.081666,1.24,250.7763,203.7211,8.779,19.2545,13.286,0.0,,1448995523.0,1270000000.0,718351848.9999999,38441851225.0,33693100000.0,新型电力,公用事业,电力,风力发电,28.07,22.97,0.0
2022-01-04,41.65,41.69,38.35,38.7,41.6,-2.8999999999999986,-6.97,61650821.0,1548862401.0,1.568,0.048544,0.085823,1.18,233.2891,189.5152,8.1669,17.9119,12.3596,0.0,,1448995523.0,1270000000.0,718351848.9999999,35761209508.0,31343600000.0,新型电力,公用事业,电力,风力发电,29.18,23.88,0.0
2022-01-05,38.67,38.67,37.32,37.68,38.7,-1.0200000000000031,-2.64,28273397.0,680111519.0,1.568,0.022263,0.039359,0.48,227.1449,184.5239,7.9518,17.4401,12.034,0.0,,1448995523.0,1270000000.0,718351848.9999999,34819362418.0,30518100000.0,新型电力,公用事业,电力,风力发电,27.15,22.21,0.0
2022-01-06,37.38,39.18,37.24,38.4,37.68,0.7199999999999989,1.91,26598925.0,649541512.0,1.568,0.0209439999999999,0.037028,0.49,231.4931,188.0562,8.104,17.774,12.2644,0.0,,1448995523.0,1270000000.0,718351848.9999999,35485900358.0,31102300000.0,新型电力,公用事业,电力,风力发电,26.43,21.63,0.0
2022-01-07,38.15,38.65,36.85,36.91,38.4,-1.490000000000002,-3.88,27393302.0,652998792.0,1.568,0.02157,0.038134,0.59,222.5131,180.7612,7.7896,17.0845,11.7887,0.0,,1448995523.0,1270000000.0,718351848.9999999,34109354611.0,29895800000.0,新型电力,公用事业,电力,风力发电,26.94,22.04,0.0
2022-01-10,36.91,37.55,36.28,37.1,36.91,0.1900000000000048,0.51,18920098.0,447305379.0,1.568,0.014898,0.026338,0.47,223.6474,181.6827,7.8293,17.1716,11.8487,0.0,,1448995523.0,1270000000.0,718351848.9999999,34283234074.0,30048200000.0,新型电力,公用事业,电力,风力发电,25.89,21.19,0.0
2022-01-11,36.8,37.33,35.36,35.61,37.1,-1.490000000000002,-4.02,29583185.0,681907060.0,1.568,0.023294,0.0411819999999999,0.91,214.6675,174.3877,7.515,16.4821,11.373,0.0,,1448995523.0,1270000000.0,718351848.9999999,32906688327.0,28841700000.0,新型电力,公用事业,电力,风力发电,26.03,21.29,0.0
2022-01-12,36.63,36.97,35.77,36.38,35.61,0.7700000000000031,2.16,21418690.0,496769985.0,1.568,0.016865,0.029816,0.82,219.2993,178.1504,7.6771,16.8377,11.6184,0.0,,1448995523.0,1270000000.0,718351848.9999999,33616696134.0,29464000000.0,新型电力,公用事业,电力,风力发电,24.98,20.44,0.0
2022-01-13,37.0,37.79,36.11,36.66,36.38,0.279999999999994,0.77,32044046.000000004,756397271.0,1.568,0.025232,0.044608,1.29,221.0007,179.5326,7.7367,16.9684,11.7085,0.0,,1448995523.0,1270000000.0,718351848.9999999,33877515328.0,29692600000.0,新型电力,公用事业,电力,风力发电,25.52,20.88,0.0
2022-01-14,36.22,36.66,35.61,35.94,36.66,-0.7199999999999989,-1.96,19730967.0,452907173.0,1.568,0.015536,0.027467,0.76,220.6793,179.2715,6.7896,16.9437,11.6915,0.0,,1475926818.0,1270000000.0,718351848.9999999,33828242669.0,29108400000.0,新型电力,公用事业,电力,风力发电,25.72,21.04,0.0
2022-01-17,35.59,36.03,34.86,35.78,35.94,-0.1599999999999966,-0.45,17379575.0,394667261.0,1.568,0.013685,0.024194,0.71,219.7165,178.4893,6.76,16.8698,11.6405,0.0,,1475926818.0,1270000000.0,718351848.9999999,33680649987.0,28981400000.0,新型电力,公用事业,电力,风力发电,25.21,20.63,0.0
2022-01-18,35.84,36.46,35.41,36.03,35.78,0.25,0.7,17315700.0,398852130.0,1.568,0.013634,0.0241049999999999,0.72,221.257,179.7408,6.8074,16.9881,11.7221,0.0,,1475926818.0,1270000000.0,718351848.9999999,33916798278.0,29184600000.0,新型电力,公用事业,电力,风力发电,25.1,20.54,0.0
2022-01-19,35.97,35.97,33.6,33.98,36.03,-2.0500000000000043,-5.69,29135286.0,641042985.0,1.568,0.022941,0.040559,1.35,208.644,169.4945,6.4193,16.0196,11.0539,0.0,,1475926818.0,1270000000.0,718351848.9999999,31983334146.0,27520900000.0,新型电力,公用事业,电力,风力发电,25.28,20.68,0.0
2022-01-20,33.41,33.96,32.02,32.07,33.98,-1.9099999999999968,-5.62,33848451.0,705438334.0,1.568,0.026652,0.0471199999999999,1.46,196.8975,159.9521,6.0579,15.1177,10.4316,0.0,,1475926818.0,1270000000.0,718351848.9999999,30182703428.000004,25971500000.0,新型电力,公用事业,电力,风力发电,23.84,19.5,0.0
2022-01-21,32.14,33.45,32.14,32.33,32.07,0.259999999999998,0.81,26155636.0,546551509.0,1.568,0.020595,0.036411,1.11,198.5343,161.2818,6.1083,15.2434,10.5183,0.0,,1475926818.0,1270000000.0,718351848.9999999,30433610987.0,26187400000.0,新型电力,公用事业,电力,风力发电,22.5,18.41,0.0
2022-01-24,31.88,34.81,31.77,34.29,32.33,1.9600000000000009,6.06,36238994.0,776527025.0,1.568,0.0285349999999999,0.050447,1.46,210.5696,171.0588,6.4786,16.1675,11.1559,0.0,,1475926818.0,1270000000.0,718351848.9999999,32278519510.0,27774900000.0,新型电力,公用事业,电力,风力发电,22.68,18.56,0.0
2022-01-25,34.15,34.62,33.19,33.21,34.29,-1.0799999999999983,-3.15,26199361.0,568208190.0,1.568,0.0206289999999999,0.036471,0.92,203.9262,165.6619,6.2742,15.6574,10.8039,0.0,,1475926818.0,1270000000.0,718351848.9999999,31260130005.0,26898600000.0,新型电力,公用事业,电力,风力发电,24.06,19.68,0.0
2022-01-26,33.71,34.21,32.05,32.68,33.21,-0.5300000000000011,-1.6,21154170.0,443365536.0,1.568,0.0166569999999999,0.029448,0.7,200.6526,163.0025,6.1735,15.4061,10.6305,0.0,,1475926818.0,1270000000.0,718351848.9999999,30758314887.0,26466800000.0,新型电力,公用事业,电力,风力发电,23.3,19.06,0.0
2022-01-27,32.77,33.4,31.85,31.96,32.68,-0.7199999999999989,-2.2,21633958.0,450922596.0,1.568,0.017035,0.030116,0.75,196.2236,159.4046,6.0372,15.066,10.3958,0.0,,1475926818.0,1270000000.0,718351848.9999999,30079388551.0,25882600000.0,新型电力,公用事业,电力,风力发电,22.92,18.76,0.0
2022-01-28,32.22,32.55,30.91,31.61,31.96,-0.3500000000000014,-1.1,22995932.0,464122208.0,1.568,0.0181069999999999,0.032012,0.88,194.1054,157.6838,5.972,14.9034,10.2836,0.0,,1475926818.0,1270000000.0,718351848.9999999,29754684651.0,25603200000.0,新型电力,公用事业,电力,风力发电,22.42,18.34,0.0
2022-02-07,32.55,33.4,32.02,32.21,31.61,0.6000000000000014,1.9,20453387.0,424514400.0,1.568,0.016105,0.028473,0.8,197.7641,160.656,6.0846,15.1843,10.4775,0.0,,1475926818.0,1270000000.0,718351848.9999999,30315536842.0,26085800000.0,新型电力,公用事业,电力,风力发电,22.18,18.14,0.0
2022-02-08,32.14,32.69,31.36,32.69,32.21,0.4799999999999969,1.49,19107810.0,390632555.0,1.568,0.0150459999999999,0.0266,0.85,200.7488,163.0807,6.1764,15.4135,10.6356,0.0,,1475926818.0,1270000000.0,718351848.9999999,30773074155.0,26479500000.0,新型电力,公用事业,电力,风力发电,22.59,18.49,0.0
2022-02-09,32.61,33.87,32.14,33.49,32.69,0.8000000000000043,2.45,27163902.0,574195564.0,1.568,0.021389,0.037814,1.29,205.6592,167.0698,6.3275,15.7905,10.8957,0.0,,1475926818.0,1270000000.0,718351848.9999999,31525796832.0,27127200000.0,新型电力,公用事业,电力,风力发电,22.94,18.77,0.0
2022-02-10,33.4,33.88,32.8,33.15,33.49,-0.3400000000000034,-1.02,21985603.0,466406028.0,1.568,0.017311,0.030606,0.99,203.541,165.349,6.2623,15.6278,10.7835,0.0,,1475926818.0,1270000000.0,718351848.9999999,31201092933.0,26847800000.0,新型电力,公用事业,电力,风力发电,23.5,19.22,0.0
2022-02-11,32.8,34.26,32.41,33.15,33.15,0.0,0.0,30224841.0,647569048.0,1.568,0.023799,0.0420749999999999,1.35,203.541,165.349,6.2623,15.6278,10.7835,0.0,,1475926818.0,1270000000.0,718351848.9999999,31201092933.0,26847800000.0,新型电力,公用事业,电力,风力发电,23.25,19.03,0.0
2022-02-14,32.76,34.64,32.47,33.84,33.15,0.6900000000000048,2.08,31558642.0,683030555.0,1.568,0.024849,0.043932,1.33,207.7775,168.7905,6.3927,15.9531,11.008,0.0,,1475926818.0,1270000000.0,718351848.9999999,31850500732.0,27406600000.0,新型电力,公用事业,电力,风力发电,23.25,19.03,0.0
2022-02-15,33.79,34.18,32.57,34.15,33.84,0.3099999999999951,0.92,27615655.0,589978207.0,1.568,0.021745,0.038443,1.06,209.7031,170.3548,6.4519,16.101,11.11,0.0,,1475926818.0,1270000000.0,718351848.9999999,32145686096.0,27660600000.0,新型电力,公用事业,电力,风力发电,23.74,19.42,0.0
2022-02-16,34.18,35.09,33.93,34.1,34.15,-0.0499999999999971,-0.15,31686186.0,695730485.0,1.568,0.02495,0.0441099999999999,1.14,209.4143,170.1202,6.443,16.0788,11.0947,0.0,,1475926818.0,1270000000.0,718351848.9999999,32101408292.0,27622500000.0,新型电力,公用事业,电力,风力发电,23.96,19.6,0.0
2022-02-17,33.71,36.79,33.63,35.92,34.1,1.8200000000000005,5.34,64898547.0,1471993867.0,1.568,0.051101,0.090344,2.27,220.583,179.1933,6.7867,16.9363,11.6864,0.0,,1475926818.0,1270000000.0,718351848.9999999,33813483400.0,29095700000.0,新型电力,公用事业,电力,风力发电,23.93,19.58,0.0
2022-02-18,35.14,35.75,35.06,35.42,35.92,-0.5,-1.39,27840677.0,627742560.0,1.568,0.021922,0.038756,0.75,217.502,176.6904,6.6919,16.6998,11.5232,0.0,,1475926818.0,1270000000.0,718351848.9999999,33341186819.000004,28689300000.0,新型电力,公用事业,电力,风力发电,25.2,20.62,0.0
2022-02-21,35.28,36.64,35.06,36.17,35.42,0.75,2.12,38969044.0,892765955.0,1.568,0.030684,0.054248,1.06,222.1235,180.4447,6.8341,17.0546,11.768,0.0,,1475926818.0,1270000000.0,718351848.9999999,34049631691.0,29298900000.0,新型电力,公用事业,电力,风力发电,24.85,20.33,0.0
2022-02-22,37.32,37.6,36.06,37.04,36.17,0.8699999999999974,2.41,49446009.0,1163349847.0,1.568,0.038934,0.068833,1.29,227.4191,184.7466,6.997,17.4612,12.0486,0.0,,1475926818.0,1270000000.0,718351848.9999999,34861391441.0,29997400000.0,新型电力,公用事业,电力,风力发电,25.38,20.76,0.0
2022-02-23,36.64,37.4,36.5,37.3,37.04,0.259999999999998,0.7,34116673.0,805918328.0,1.568,0.026864,0.047493,0.8,229.0559,186.0763,7.0474,17.5869,12.1353,0.0,,1475926818.0,1270000000.0,718351848.9999999,35112299000.0,30213300000.0,新型电力,公用事业,电力,风力发电,25.98,21.26,0.0
2022-02-24,36.57,37.05,34.56,35.28,37.3,-2.019999999999996,-5.42,48488743.0,1109665040.0,1.568,0.03818,0.0675,1.13,216.6354,175.9864,6.6652,16.6332,11.4773,0.0,,1475926818.0,1270000000.0,718351848.9999999,33208353405.0,28575000000.0,新型电力,公用事业,电力,风力发电,26.17,21.41,0.0
2022-02-25,36.08,36.88,35.72,36.22,35.28,0.9399999999999976,2.66,35370322.0,819687086.0,1.568,0.027851,0.049238,0.89,222.4124,180.6794,6.843,17.0768,11.7833,0.0,,1475926818.0,1270000000.0,718351848.9999999,34093909496.0,29337000000.0,新型电力,公用事业,电力,风力发电,24.75,20.25,0.0
2022-02-28,36.06,39.84,35.99,39.84,36.22,3.620000000000005,9.99,59864084.0,1460919274.0,1.568,0.047137,0.083335,1.45,244.6536,198.7473,7.5273,18.7844,12.9616,0.0,,1475926818.0,1270000000.0,718351848.9999999,37503300445.0,32270700000.0,新型电力,公用事业,电力,风力发电,25.41,20.79,0.0
2022-03-01,39.83,40.17,38.2,38.93,39.84,-0.9100000000000036,-2.28,83727422.0,2093615590.0,1.568,0.065927,0.116555,1.84,239.0692,194.2108,7.3554,18.3557,12.6658,0.0,,1475926818.0,1270000000.0,718351848.9999999,36647262891.0,31534100000.0,新型电力,公用事业,电力,风力发电,27.95,22.87,0.0
2022-03-02,38.65,40.72,38.51,39.91,38.93,0.9799999999999968,2.52,74653613.0,1891450360.0,1.568,0.0587819999999999,0.103923,1.43,245.0388,199.0602,7.5391,18.814,12.9821,0.0,,1475926818.0,1270000000.0,718351848.9999999,37562337518.0,32321500000.0,新型电力,公用事业,电力,风力发电,27.31,22.35,0.0
2022-03-03,39.75,41.0,39.22,40.2,39.91,0.2900000000000062,0.73,54639751.0,1396734452.0,1.568,0.043023,0.076063,0.9,246.8681,200.5463,7.5954,18.9545,13.079,0.0,,1475926818.0,1270000000.0,718351848.9999999,37842763614.0,32562800000.0,新型电力,公用事业,电力,风力发电,28.0,22.91,0.0
2022-03-04,39.5,40.2,38.2,38.26,40.2,-1.9400000000000048,-4.83,43668977.0,1084449194.0,1.568,0.034385,0.060791,0.71,234.9291,190.8475,7.2281,18.0378,12.4464,0.0,,1475926818.0,1270000000.0,718351848.9999999,36012614359.0,30988000000.0,新型电力,公用事业,电力,风力发电,28.2,23.08,0.0
2022-03-07,38.24,39.03,37.48,37.79,38.26,-0.4699999999999988,-1.23,29382977.0,715786527.0,1.568,0.023136,0.040903,0.46,232.0406,188.501,7.1392,17.816,12.2934,0.0,,1475926818.0,1270000000.0,718351848.9999999,35569836314.0,30607000000.0,新型电力,公用事业,电力,风力发电,26.84,21.96,0.0
2022-03-08,37.79,38.12,34.29,34.94,37.79,-2.8500000000000014,-7.54,47233605.0,1075934617.0,1.568,0.0371919999999999,0.065753,0.83,214.5172,174.2657,6.6,16.4706,11.365,0.0,,1475926818.0,1270000000.0,718351848.9999999,32883649505.0,28295600000.0,新型电力,公用事业,电力,风力发电,26.51,21.69,0.0
2022-03-09,35.3,35.53,32.55,34.45,34.94,-0.4899999999999949,-1.4,37609440.0,820723760.0,1.568,0.0296139999999999,0.052355,0.75,211.5325,171.841,6.5082,16.2414,11.2069,0.0,,1475926818.0,1270000000.0,718351848.9999999,32426112191.0,27901900000.0,新型电力,公用事业,电力,风力发电,24.51,20.05,0.0
2022-03-10,35.28,35.91,34.39,35.08,34.45,0.6299999999999955,1.83,33658041.0,753084265.0,1.568,0.0265019999999999,0.046855,0.79,215.3838,174.9696,6.6267,16.5371,11.4109,0.0,,1475926818.0,1270000000.0,718351848.9999999,33016482919.0,28409900000.0,新型电力,公用事业,电力,风力发电,24.17,19.77,0.0
2022-03-11,34.31,34.81,33.4,34.43,35.08,-0.6499999999999986,-1.85,25657249.0,559074907.0,1.568,0.020203,0.035717,0.67,211.4362,171.7627,6.5053,16.234,11.2018,0.0,,1475926818.0,1270000000.0,718351848.9999999,32411352923.0,27889200000.0,新型电力,公用事业,电力,风力发电,24.61,20.13,0.0
2022-03-14,34.1,35.26,33.52,33.74,34.43,-0.6899999999999977,-2.0,29018454.0,632786655.0,1.568,0.0228489999999999,0.040396,0.84,207.1998,168.3212,6.3749,15.9088,10.9774,0.0,,1475926818.0,1270000000.0,718351848.9999999,31761945123.0,27330400000.0,新型电力,公用事业,电力,风力发电,24.16,19.76,0.0
2022-03-15,33.24,34.21,31.92,31.92,33.74,-1.8200000000000005,-5.39,31542167.0,666747744.0,1.568,0.024836,0.043909,0.91,196.031,159.2481,6.0313,15.0512,10.3856,0.0,,1475926818.0,1270000000.0,718351848.9999999,30049870014.0,25857200000.0,新型电力,公用事业,电力,风力发电,23.67,19.37,0.0
2022-03-16,32.57,33.98,31.52,33.85,31.92,1.93,6.05,41039642.0,861961396.0,1.568,0.032315,0.05713,1.3,207.8737,168.8687,6.3956,15.9605,11.0131,0.0,,1475926818.0,1270000000.0,718351848.9999999,31865260001.0,27419300000.0,新型电力,公用事业,电力,风力发电,22.4,18.32,0.0
2022-03-17,34.5,35.44,33.87,33.99,33.85,0.1400000000000005,0.41,43156630.0,954515996.0,1.568,0.033982,0.060077,1.34,208.7403,169.5727,6.4223,16.027,11.059,0.0,,1475926818.0,1270000000.0,718351848.9999999,31998093414.0,27533600000.0,新型电力,公用事业,电力,风力发电,23.75,19.43,0.0
2022-03-18,33.95,35.44,33.48,35.44,33.99,1.4499999999999955,4.27,35169916.0,771593981.0,1.568,0.027693,0.048959,1.03,217.5983,176.7686,6.6948,16.7071,11.5283,0.0,,1475926818.0,1270000000.0,718351848.9999999,33355946087.000004,28702000000.0,新型电力,公用事业,电力,风力发电,23.85,19.51,0.0
2022-03-21,34.81,35.88,34.5,34.86,35.44,-0.5799999999999983,-1.64,36026439.0,805062309.0,1.568,0.028367,0.050152,1.0,214.0358,173.8746,6.5852,16.4336,11.3395,0.0,,1475926818.0,1270000000.0,718351848.9999999,32809853164.0,28232100000.0,新型电力,公用事业,电力,风力发电,24.86,20.34,0.0
2022-03-22,34.65,35.58,34.39,34.48,34.86,-0.3800000000000025,-1.09,28590719.0,636035654.0,1.568,0.0225119999999999,0.0398,0.76,211.725,171.9974,6.5141,16.2562,11.2171,0.0,,1475926818.0,1270000000.0,718351848.9999999,32455630728.000004,27927300000.0,新型电力,公用事业,电力,风力发电,24.45,20.01,0.0
2022-03-23,34.78,35.09,34.06,34.14,34.48,-0.3399999999999963,-0.99,19605769.0,431412973.0,1.568,0.015438,0.0272929999999999,0.53,209.6068,170.2766,6.449,16.0936,11.1049,0.0,,1475926818.0,1270000000.0,718351848.9999999,32130926828.0,27647900000.0,新型电力,公用事业,电力,风力发电,24.19,19.79,0.0
2022-03-24,33.56,34.28,32.8,34.01,34.14,-0.1300000000000025,-0.38,24242787.0,517658255.0,1.568,0.019089,0.033748,0.75,208.8366,169.6509,6.4253,16.0344,11.0641,0.0,,1475926818.0,1270000000.0,718351848.9999999,32012852682.0,27546300000.0,新型电力,公用事业,电力,风力发电,23.95,19.59,0.0
2022-03-25,33.98,34.94,32.98,33.1,34.01,-0.9099999999999966,-2.68,25701909.0,552948301.0,1.568,0.020238,0.035779,0.89,203.2522,165.1144,6.2535,15.6057,10.7682,0.0,,1475926818.0,1270000000.0,718351848.9999999,31156815128.0,26809700000.0,新型电力,公用事业,电力,风力发电,23.86,19.52,0.0
2022-03-28,32.69,32.8,31.55,31.85,33.1,-1.25,-3.78,22816089.0,465714215.0,1.568,0.017965,0.031762,0.85,195.5496,158.8571,6.0165,15.0143,10.3601,0.0,,1475926818.0,1270000000.0,718351848.9999999,29976073674.0,25793700000.0,新型电力,公用事业,电力,风力发电,23.22,19.0,0.0
2022-03-29,31.99,32.41,31.2,31.75,31.85,-0.1000000000000014,-0.31,17530062.0,355599276.0,1.568,0.013803,0.024403,0.72,194.9719,158.3878,5.9987,14.9699,10.3295,0.0,,1475926818.0,1270000000.0,718351848.9999999,29887518065.0,25717500000.0,新型电力,公用事业,电力,风力发电,22.34,18.28,0.0
2022-03-30,31.75,32.46,31.75,32.14,31.75,0.3900000000000005,1.23,17994601.0,368727484.0,1.568,0.014169,0.02505,0.82,197.379,160.3432,6.0728,15.1547,10.4571,0.0,,1475926818.0,1270000000.0,718351848.9999999,30256499769.0,26035000000.0,新型电力,公用事业,电力,风力发电,22.28,18.23,0.0
2022-03-31,32.08,32.08,30.43,30.54,32.14,-1.6000000000000014,-4.98,32627693.0,645591228.0,1.568,0.025691,0.0454199999999999,1.51,187.5581,152.3651,5.7706,14.4007,9.9368,0.0,,1475926818.0,1270000000.0,718351848.9999999,28751054415.0,24739600000.0,新型电力,公用事业,电力,风力发电,22.55,18.45,0.0
2022-04-01,30.2,30.87,30.07,30.36,30.54,-0.1799999999999997,-0.59,18393732.0,357849500.0,1.568,0.014483,0.025605,0.79,186.4028,151.4265,5.7351,14.312,9.8755,0.0,,1475926818.0,1270000000.0,718351848.9999999,28573943196.0,24587200000.0,新型电力,公用事业,电力,风力发电,21.43,17.53,0.0
2022-04-06,30.11,30.15,29.26,30.0,30.36,-0.3599999999999994,-1.19,19741342.0,373100004.0,1.568,0.015544,0.027481,0.9,184.1883,149.6276,5.6669,14.1419,9.7582,0.0,,1475926818.0,1270000000.0,718351848.9999999,28234480028.0,24295100000.0,新型电力,公用事业,电力,风力发电,21.3,17.42,0.0
2022-04-07,29.68,30.58,29.16,30.29,30.0,0.2899999999999991,0.97,29634050.0,565734421.0,1.568,0.023334,0.041253,1.39,186.0176,151.1137,5.7232,14.2824,9.8551,0.0,,1475926818.0,1270000000.0,718351848.9999999,28514906124.0,24536400000.0,新型电力,公用事业,电力,风力发电,21.04,17.22,0.0
2022-04-08,30.31,30.36,29.07,29.24,30.29,-1.0500000000000007,-3.47,19799593.0,372909319.0,1.568,0.01559,0.027563,0.84,179.5667,145.8732,5.5247,13.7871,9.5134,0.0,,1475926818.0,1270000000.0,718351848.9999999,27526035156.0,23685500000.0,新型电力,公用事业,电力,风力发电,21.25,17.39,0.0
2022-04-11,28.8,28.85,27.03,27.1,29.24,-2.139999999999997,-7.32,28310738.0,498288821.0,1.568,0.022292,0.039411,1.18,166.376,135.1576,5.1189,12.7743,8.8145,0.0,,1475926818.0,1270000000.0,718351848.9999999,25504015415.0,21945600000.0,新型电力,公用事业,电力,风力发电,20.52,16.79,0.0
2022-04-12,27.17,27.97,27.17,27.94,27.1,0.8399999999999999,3.1,18730931.0,329821697.0,1.568,0.014749,0.026075,0.81,171.5753,139.3812,5.2789,13.1735,9.09,0.0,,1475926818.0,1270000000.0,718351848.9999999,26301015897.0,22631400000.0,新型电力,公用事业,电力,风力发电,19.01,15.55,0.0
2022-04-13,27.86,29.06,27.58,27.93,27.94,-0.0100000000000015,-0.04,22158036.0,399004809.0,1.568,0.017447,0.030846,0.95,171.479,139.303,5.2759,13.1661,9.0849,0.0,,1475926818.0,1270000000.0,718351848.9999999,26286256629.0,22618700000.0,新型电力,公用事业,电力,风力发电,19.6,16.04,0.0
2022-04-14,28.04,28.55,27.83,28.13,27.93,0.1999999999999993,0.72,15284463.0,273945678.0,1.568,0.012035,0.021277,0.64,172.7307,140.3198,5.3144,13.2622,9.1512,0.0,,1475926818.0,1270000000.0,718351848.9999999,26478127115.000004,22783800000.0,新型电力,公用事业,电力,风力发电,19.59,16.03,0.0
2022-04-15,28.04,28.04,27.06,27.25,28.13,-0.879999999999999,-3.13,14683746.0,257136187.0,1.568,0.011562,0.0204409999999999,0.7,167.3388,135.9397,5.1485,12.8482,8.8655,0.0,,1475926818.0,1270000000.0,718351848.9999999,25651608097.0,22072600000.0,新型电力,公用事业,电力,风力发电,19.73,16.15,0.0
2022-04-18,27.05,27.36,26.17,27.28,27.25,0.0300000000000011,0.11,13400246.0,229680316.0,1.568,0.010551,0.018654,0.68,167.5314,136.0962,5.1544,12.863,8.8757,0.0,,1475926818.0,1270000000.0,718351848.9999999,25681126633.0,22098000000.0,新型电力,公用事业,电力,风力发电,19.12,15.64,0.0
2022-04-19,27.44,27.74,26.56,26.97,27.28,-0.3100000000000023,-1.14,15559525.0,268739151.0,1.568,0.012252,0.02166,0.92,165.6058,134.5318,5.0952,12.7152,8.7737,0.0,,1475926818.0,1270000000.0,718351848.9999999,25385941270.0,21844000000.0,新型电力,公用事业,电力,风力发电,19.14,15.66,0.0
2022-04-20,26.99,27.13,25.87,25.97,26.97,-1.0,-3.71,17451391.0,293315708.0,1.568,0.013741,0.0242939999999999,1.08,159.4437,129.526,4.9056,12.242,8.4473,0.0,,1475926818.0,1270000000.0,718351848.9999999,24441348106.0,21031200000.0,新型电力,公用事业,电力,风力发电,18.92,15.48,0.0
2022-04-21,26.0,26.23,24.24,24.51,25.97,-1.4599999999999973,-5.62,27918334.000000004,446640613.0,1.568,0.021983,0.036239,1.83,67.854,54.6323,4.6348,5.2334,5.7982,0.0,,1475926818.0,1270000000.0,770398849.0,23068736165.0,19850100000.0,新型电力,公用事业,电力,风力发电,18.22,14.9,0.0
2022-04-22,24.15,24.77,23.68,24.04,24.51,-0.4700000000000024,-1.92,22539635.0,347058925.0,1.568,0.017748,0.029257,1.27,66.5516,53.5837,4.5458,5.1329,5.6869,0.0,,1475926818.0,1270000000.0,770398849.0,22625958120.0,19469100000.0,新型电力,公用事业,电力,风力发电,17.19,14.07,0.0
2022-04-25,23.65,23.99,22.88,23.65,24.04,-0.3900000000000005,-1.62,41048161.0,615633720.0,1.568,0.032321,0.0532819999999999,2.12,65.4663,52.7098,4.4717,5.0492,5.5941,0.0,,1475926818.0,1270000000.0,770398849.0,22256976415.0,19151600000.0,新型电力,公用事业,电力,风力发电,16.86,13.8,0.0
2022-04-26,24.3,24.38,22.25,22.28,23.65,-1.3699999999999974,-5.79,43810866.0,647307306.0,1.568,0.034497,0.056868,1.76,61.6894,49.6689,4.2137,4.7579,5.2714,0.0,,1475926818.0,1270000000.0,770398849.0,20972920084.0,18046700000.0,新型电力,公用事业,电力,风力发电,16.59,13.57,0.0
2022-04-27,21.89,24.51,21.62,24.51,22.28,2.2300000000000004,10.01,51562752.0,766992916.0,1.568,0.040601,0.0669299999999999,1.69,67.854,54.6323,4.6348,5.2334,5.7982,0.0,,1475926818.0,1270000000.0,770398849.0,23068736165.0,19850100000.0,新型电力,公用事业,电力,风力发电,15.63,12.79,0.0
2022-04-28,24.12,26.09,24.01,25.06,24.51,0.5499999999999972,2.24,54856106.99999999,875304133.0,1.568,0.0431939999999999,0.071205,1.47,69.3734,55.8557,4.7386,5.3506,5.928,0.0,,1475926818.0,1270000000.0,770398849.0,23585310552.0,20294600000.0,新型电力,公用事业,电力,风力发电,17.19,14.07,0.0
2022-04-29,25.01,26.81,24.55,26.26,25.06,1.2000000000000028,4.79,50296126.0,817668121.0,1.568,0.039603,0.065286,1.18,72.7162,58.5471,4.9669,5.6084,6.2137,0.0,,1475926818.0,1270000000.0,770398849.0,24721774202.0,21272500000.0,新型电力,公用事业,电力,风力发电,17.58,14.38,0.0
2022-05-05,26.2,26.84,26.0,26.34,26.26,0.0799999999999983,0.3,32774996.000000004,552640305.0,1.568,0.025807,0.042543,0.68,72.9333,58.7218,4.9817,5.6251,6.2322,0.0,,1475926818.0,1270000000.0,770398849.0,24795570542.0,21336000000.0,新型电力,公用事业,电力,风力发电,18.43,15.08,0.0
2022-05-06,25.31,26.44,25.17,26.34,26.34,0.0,0.0,24867784.0,411998354.0,1.568,0.019581,0.032279,0.53,72.9333,58.7218,4.9817,5.6251,6.2322,0.0,,1475926818.0,1270000000.0,770398849.0,24795570542.0,21336000000.0,新型电力,公用事业,电力,风力发电,18.48,15.12,0.0
2022-05-09,26.12,26.56,26.04,26.37,26.34,0.0300000000000011,0.11,19548810.0,328301394.0,1.568,0.0153929999999999,0.025375,0.46,73.0201,58.7917,4.9877,5.6318,6.2396,0.0,,1475926818.0,1270000000.0,770398849.0,24825089079.0,21361400000.0,新型电力,公用事业,电力,风力发电,18.48,15.12,0.0
2022-05-10,25.87,27.86,25.72,27.57,26.37,1.1999999999999993,4.55,36734468.0,633047785.0,1.568,0.028925,0.047682,1.01,76.3195,61.4482,5.213,5.8863,6.5216,0.0,,1475926818.0,1270000000.0,770398849.0,25946793460.0,22326600000.0,新型电力,公用事业,电力,风力发电,18.5,15.14,0.0
2022-05-11,27.36,28.69,27.22,27.46,27.57,-0.1099999999999994,-0.4,46701811.0,832251497.0,1.568,0.036773,0.06062,1.42,76.0156,61.2035,5.1923,5.8629,6.4956,0.0,,1475926818.0,1270000000.0,770398849.0,25843478583.0,22237700000.0,新型电力,公用事业,电力,风力发电,19.34,15.82,0.0
2022-05-12,27.42,28.54,27.28,27.75,27.46,0.2899999999999991,1.06,35150411.0,626703824.0,1.568,0.027677,0.045626,1.09,76.8404,61.8677,5.2486,5.9265,6.5661,0.0,,1475926818.0,1270000000.0,770398849.0,26123904679.0,22479000000.0,新型电力,公用事业,电力,风力发电,19.26,15.76,0.0
2022-05-13,27.75,28.44,27.35,28.21,27.75,0.4600000000000008,1.66,30566691.0,543148951.0,1.568,0.024068,0.039676,0.94,78.0994,62.8813,5.3346,6.0236,6.6736,0.0,,1475926818.0,1270000000.0,770398849.0,26551923456.0,22847300000.0,新型电力,公用事业,电力,风力发电,19.47,15.93,0.0
2022-05-30,30.89,31.03,29.82,31.03,28.21,2.8200000000000003,10.0,32240688.0,631144410.0,1.568,0.025386,0.041849,0.96,85.9137,69.1729,5.8684,6.6263,7.3414,0.0,,1475926818.0,1270000000.0,770398849.0,29208591728.0,25133300000.0,新型电力,公用事业,电力,风力发电,19.79,16.19,0.0
2022-05-31,32.77,34.14,31.06,31.67,31.03,0.6400000000000006,2.06,95046863.0,1965763142.0,1.568,0.07484,0.123374,2.62,87.6936,70.606,5.99,6.7635,7.4935,0.0,,1475926818.0,1270000000.0,770398849.0,29813721724.0,25654000000.0,新型电力,公用事业,电力,风力发电,21.77,17.81,0.0
2022-06-01,30.76,31.05,30.0,30.36,31.67,-1.3100000000000025,-4.14,53946231.99999999,1044308536.0,1.568,0.042477,0.070024,1.13,84.0469,67.6699,5.7409,6.4823,7.1819,0.0,,1475926818.0,1270000000.0,770398849.0,28573943196.0,24587200000.0,新型电力,公用事业,电力,风力发电,22.22,18.18,0.0
2022-06-02,30.12,32.74,30.03,31.97,30.36,1.6099999999999994,5.3,62355403.0,1251319571.0,1.568,0.049099,0.080939,1.26,88.5184,71.2701,6.0463,6.8272,7.564,0.0,,1475926818.0,1270000000.0,770398849.0,30094147819.0,25895300000.0,新型电力,公用事业,电力,风力发电,21.3,17.42,0.0
2022-06-06,31.44,34.79,31.44,34.17,31.97,2.200000000000003,6.88,67277011.0,1439129576.0,1.568,0.0529739999999999,0.0873279999999999,1.23,94.5962,76.1636,6.4614,7.2959,8.0833,0.0,,1475926818.0,1270000000.0,770398849.0,32160445364.0,27673300000.0,新型电力,公用事业,电力,风力发电,22.43,18.35,0.0
2022-06-07,34.03,34.48,33.05,33.6,34.17,-0.5700000000000003,-1.67,46390511.0,998300093.0,1.568,0.036528,0.060216,0.75,93.0333,74.9053,6.3547,7.1754,7.9498,0.0,,1475926818.0,1270000000.0,770398849.0,31629111710.0,27216100000.0,新型电力,公用事业,电力,风力发电,23.97,19.61,0.0
2022-06-08,34.03,35.89,33.93,35.01,33.6,1.4099999999999966,4.2,68784084.0,1522950662.0,1.568,0.054161,0.089284,1.06,96.9405,78.0511,6.6216,7.4767,8.2836,0.0,,1475926818.0,1270000000.0,770398849.0,32957445846.0,28359100000.0,新型电力,公用事业,电力,风力发电,23.57,19.29,0.0
2022-06-09,34.56,35.26,33.81,34.34,35.01,-0.6699999999999946,-1.91,40857420.0,896700324.0,1.568,0.032171,0.054231,0.68,95.0737,76.5481,6.4941,7.3327,8.1241,0.0,,1475926818.0,1270000000.0,753392249.0,32322797314.0,27813000000.0,新型电力,公用事业,电力,风力发电,24.56,20.1,0.0
2022-06-10,33.45,34.45,33.12,34.14,34.34,-0.2000000000000028,-0.58,34042274.0,737840833.0,1.568,0.026805,0.045185,0.6,94.5094,76.0937,6.4555,7.2892,8.0759,0.0,,1475926818.0,1270000000.0,753392249.0,32130926828.0,27647900000.0,新型电力,公用事业,电力,风力发电,24.09,19.71,0.0
2022-06-13,33.63,35.25,33.43,35.08,34.14,0.9399999999999976,2.75,44198032.0,976842338.0,1.568,0.034802,0.058665,0.86,97.1141,78.1909,6.6334,7.4901,8.2985,0.0,,1475926818.0,1270000000.0,753392249.0,33016482919.0,28409900000.0,新型电力,公用事业,电力,风力发电,23.95,19.59,0.0
2022-06-14,36.06,37.63,35.44,36.27,35.08,1.1900000000000048,3.39,65363016.0,1520682703.0,1.568,0.051467,0.086758,1.4,100.4135,80.8474,6.8588,7.7446,8.5804,0.0,,1475926818.0,1270000000.0,753392249.0,34138187300.0,29375100000.0,新型电力,公用事业,电力,风力发电,24.61,20.13,0.0
2022-06-15,36.06,37.35,35.75,36.03,36.27,-0.240000000000002,-0.66,52486332.99999999,1224718688.0,1.568,0.041328,0.069667,1.04,99.7623,80.3231,6.8143,7.6944,8.5248,0.0,,1475926818.0,1270000000.0,753392249.0,33916798278.0,29184600000.0,新型电力,公用事业,电力,风力发电,25.44,20.82,0.0
2022-06-16,35.52,36.14,34.62,34.7,36.03,-1.3299999999999983,-3.69,44568618.0,999861788.0,1.568,0.035093,0.059157,0.94,96.0722,77.352,6.5623,7.4098,8.2094,0.0,,1475926818.0,1270000000.0,753392249.0,32662260482.0,28105100000.0,新型电力,公用事业,电力,风力发电,25.28,20.68,0.0
2022-06-17,34.03,36.57,33.59,36.03,34.7,1.3299999999999983,3.83,53887685.0,1217463394.0,1.568,0.042431,0.071527,1.12,99.7623,80.3231,6.8143,7.6944,8.5248,0.0,,1475926818.0,1270000000.0,753392249.0,33916798278.0,29184600000.0,新型电力,公用事业,电力,风力发电,24.34,19.92,0.0
2022-06-20,36.19,36.61,35.53,35.7,36.03,-0.3299999999999983,-0.92,43939860.0,1010007417.0,1.568,0.034598,0.058323,0.84,98.8506,79.5891,6.752,7.6241,8.4469,0.0,,1475926818.0,1270000000.0,753392249.0,33606853646.0,28917900000.0,新型电力,公用事业,电力,风力发电,25.28,20.68,0.0
2022-06-21,35.36,35.56,33.95,34.31,35.7,-1.3900000000000006,-3.89,36375722.0,801935301.0,1.568,0.0286419999999999,0.0482829999999999,0.7,94.9869,76.4782,6.4881,7.3261,8.1167,0.0,,1475926818.0,1270000000.0,753392249.0,32293278778.0,27787600000.0,新型电力,公用事业,电力,风力发电,25.05,20.49,0.0
2022-06-22,34.1,34.92,33.57,33.63,34.31,-0.6799999999999997,-1.98,27295940.000000004,595617572.0,1.568,0.021493,0.036231,0.59,93.1202,74.9752,6.3606,7.1821,7.9572,0.0,,1475926818.0,1270000000.0,753392249.0,31658630246.0,27241500000.0,新型电力,公用事业,电力,风力发电,24.07,19.69,0.0
2022-06-23,34.64,35.06,33.71,34.95,33.63,1.3200000000000005,3.93,40246641.0,887742725.0,1.568,0.03169,0.053421,0.98,96.7668,77.9113,6.6097,7.4633,8.2688,0.0,,1475926818.0,1270000000.0,753392249.0,32898408773.0,28308300000.0,新型电力,公用事业,电力,风力发电,23.6,19.31,0.0
2022-06-24,35.11,35.34,34.4,34.84,34.95,-0.1099999999999994,-0.31,31991022.0,710135929.0,1.568,0.02519,0.042463,0.79,96.4629,77.6666,6.5889,7.4399,8.2428,0.0,,1475926818.0,1270000000.0,753392249.0,32795093896.0,28219400000.0,新型电力,公用事业,电力,风力发电,24.52,20.06,0.0
2022-06-27,34.97,37.29,34.7,36.21,34.84,1.3699999999999974,3.93,58673430.00000001,1353432903.0,1.568,0.0462,0.0778789999999999,1.63,100.2398,80.7076,6.8469,7.7312,8.5656,0.0,,1475926818.0,1270000000.0,753392249.0,34079150228.0,29324300000.0,新型电力,公用事业,电力,风力发电,24.44,20.0,0.0
2022-06-28,36.22,36.36,35.58,36.05,36.21,-0.1600000000000037,-0.44,36333304.0,834220049.0,1.568,0.028609,0.048226,0.93,99.8057,80.358,6.8173,7.6977,8.5285,0.0,,1475926818.0,1270000000.0,753392249.0,33931557546.0,29197300000.0,新型电力,公用事业,电力,风力发电,25.4,20.78,0.0
2022-06-29,35.91,36.03,33.79,34.01,36.05,-2.039999999999999,-5.66,39078945.0,868413254.0,1.568,0.030771,0.051871,1.0,94.1621,75.8141,6.4318,7.2624,8.0462,0.0,,1475926818.0,1270000000.0,753392249.0,32012852682.0,27546300000.0,新型电力,公用事业,电力,风力发电,25.29,20.69,0.0
2022-06-30,34.01,35.04,34.01,34.73,34.01,0.7199999999999989,2.12,25886571.0,573502513.0,1.568,0.020383,0.03436,0.63,96.159,77.4219,6.5682,7.4165,8.2169,0.0,,1475926818.0,1270000000.0,753392249.0,32691779019.0,28130500000.0,新型电力,公用事业,电力,风力发电,23.86,19.52,0.0
2022-07-01,34.67,36.85,34.18,36.36,34.73,1.6300000000000026,4.69,55371821.0,1269236591.0,1.568,0.0436,0.073497,1.44,100.674,81.0571,6.8766,7.7647,8.6027,0.0,,1475926818.0,1270000000.0,753392249.0,34226742909.0,29451300000.0,新型电力,公用事业,电力,风力发电,24.37,19.94,0.0
2022-07-04,36.35,38.18,36.1,37.88,36.36,1.5200000000000031,4.18,72608631.0,1732440002.0,1.568,0.057172,0.096376,1.69,104.885,84.4476,7.1642,8.0895,8.9625,0.0,,1475926818.0,1270000000.0,753392249.0,35658391923.0,30683200000.0,新型电力,公用事业,电力,风力发电,25.51,20.87,0.0
2022-07-05,37.93,38.56,37.0,37.8,37.88,-0.0800000000000054,-0.21,50272946.0,1206638099.0,1.568,0.039585,0.066729,1.1,104.6679,84.2728,7.1494,8.0727,8.9439,0.0,,1475926818.0,1270000000.0,753392249.0,35584595582.0,30619700000.0,新型电力,公用事业,电力,风力发电,26.58,21.74,0.0
2022-07-06,37.54,37.69,36.31,36.77,37.8,-1.029999999999994,-2.72,35842208.0,845185956.0,1.568,0.028222,0.047574,0.74,101.8027,81.9659,6.9537,7.8517,8.6991,0.0,,1475926818.0,1270000000.0,753392249.0,34610483882.0,29781500000.0,新型电力,公用事业,电力,风力发电,26.52,21.7,0.0
2022-07-07,36.69,37.87,35.91,37.63,36.77,0.8599999999999994,2.34,42294135.0,1003227214.0,1.568,0.033302,0.056138,0.88,104.1904,83.8883,7.1168,8.0359,8.9031,0.0,,1475926818.0,1270000000.0,753392249.0,35422243632.0,30480000000.0,新型电力,公用事业,电力,风力发电,25.8,21.11,0.0
2022-07-08,38.04,38.35,36.61,36.8,37.63,-0.8300000000000054,-2.21,36167742.0,861677099.0,1.568,0.028479,0.048007,0.71,101.8895,82.0358,6.9596,7.8584,8.7065,0.0,,1475926818.0,1270000000.0,753392249.0,34640002418.0,29806900000.0,新型电力,公用事业,电力,风力发电,26.4,21.6,0.0
2022-07-11,36.08,36.61,33.92,34.28,36.8,-2.519999999999996,-6.85,43604150.0,961971881.0,1.568,0.0343339999999999,0.057877,0.92,94.9001,76.4083,6.4822,7.3194,8.1093,0.0,,1475926818.0,1270000000.0,753392249.0,32263760241.0,27762200000.0,新型电力,公用事业,电力,风力发电,25.82,21.12,0.0
2022-07-12,33.88,34.73,33.12,33.45,34.28,-0.8299999999999983,-2.42,27565435.0,594796995.0,1.568,0.021705,0.0365879999999999,0.66,92.5992,74.5558,6.325,7.1419,7.9127,0.0,,1475926818.0,1270000000.0,753392249.0,31481519028.0,27089100000.0,新型电力,公用事业,电力,风力发电,24.05,19.67,0.0
2022-07-13,33.16,34.06,32.41,33.6,33.45,0.1499999999999985,0.45,27408400.0,580023809.0,1.568,0.021581,0.0363799999999999,0.74,93.0333,74.9053,6.3547,7.1754,7.9498,0.0,,1475926818.0,1270000000.0,753392249.0,31629111710.0,27216100000.0,新型电力,公用事业,电力,风力发电,23.46,19.2,0.0
2022-07-14,33.56,36.96,33.27,36.96,33.6,3.3599999999999994,10.0,86449764.0,2002650001.0,1.568,0.068071,0.114747,2.44,102.3236,82.3853,6.9893,7.8919,8.7436,0.0,,1475926818.0,1270000000.0,753392249.0,34787595100.0,29933900000.0,新型电力,公用事业,电力,风力发电,23.57,19.29,0.0
2022-07-15,36.77,37.77,36.49,37.18,36.96,0.2199999999999988,0.6,75551366.0,1790860317.0,1.568,0.059489,0.100282,1.71,102.9314,82.8747,7.0308,7.9388,8.7956,0.0,,1475926818.0,1270000000.0,753392249.0,34994224855.0,30111700000.0,新型电力,公用事业,电力,风力发电,25.93,21.21,0.0
2022-07-18,36.85,39.2,36.53,38.79,37.18,1.6099999999999994,4.33,80943466.0,1967185695.0,1.568,0.062412,0.103731,1.55,107.4029,86.4749,7.3362,8.2837,9.1777,0.0,,1475926818.0,1296931295.0,780323544.0,36514429477.0,32086080238.0,新型电力,公用事业,电力,风力发电,26.08,21.34,0.0
2022-07-19,38.96,39.97,38.32,38.42,38.79,-0.3699999999999974,-0.95,63995912.0,1593198065.0,1.568,0.049344,0.082012,1.07,106.361,85.636,7.265,8.2033,9.0886,0.0,,1475926818.0,1296931295.0,780323544.0,36160207041.0,31774816728.0,新型电力,公用事业,电力,风力发电,27.21,22.27,0.0
2022-07-20,38.84,39.91,38.62,39.06,38.42,0.6400000000000006,1.67,41251692.0,1030361403.0,1.568,0.031807,0.052865,0.62,108.1409,87.0691,7.3866,8.3406,9.2407,0.0,,1475926818.0,1296931295.0,780323544.0,36765337036.0,32306558558.0,新型电力,公用事业,电力,风力发电,26.95,22.05,0.0
2022-07-21,38.78,39.89,37.88,39.17,39.06,0.1099999999999994,0.28,51700490.0,1291784395.0,1.568,0.039864,0.066255,0.74,108.4448,87.3138,7.4074,8.364,9.2667,0.0,,1475926818.0,1296931295.0,780323544.0,36868651914.0,32397343749.0,新型电力,公用事业,电力,风力发电,27.4,22.42,0.0
2022-07-22,39.2,39.62,38.1,38.79,39.17,-0.3800000000000025,-0.97,34985052.0,867746682.0,1.568,0.026975,0.044834,0.56,107.4029,86.4749,7.3362,8.2837,9.1777,0.0,,1475926818.0,1296931295.0,780323544.0,36514429477.0,32086080238.0,新型电力,公用事业,电力,风力发电,27.48,22.48,0.0
2022-07-25,38.54,40.75,38.29,38.64,38.79,-0.1499999999999985,-0.39,41337933.0,1037534662.0,1.568,0.031874,0.052975,0.76,106.9688,86.1254,7.3066,8.2502,9.1406,0.0,,1475926818.0,1296931295.0,780323544.0,36366836796.0,31956387109.0,新型电力,公用事业,电力,风力发电,27.21,22.27,0.0
2022-07-26,38.42,40.13,38.13,39.39,38.64,0.75,1.94,40679575.0,1019624208.0,1.568,0.031366,0.052132,0.87,109.0526,87.8031,7.4489,8.4109,9.3186,0.0,,1475926818.0,1296931295.0,780323544.0,37075281668.0,32578914130.0,新型电力,公用事业,电力,风力发电,27.1,22.18,0.0
2022-07-27,39.06,39.17,37.77,37.95,39.39,-1.4399999999999975,-3.66,39819235.0,971091432.0,1.568,0.030703,0.051029,0.95,105.0586,84.5874,7.1761,8.1029,8.9773,0.0,,1475926818.0,1296931295.0,780323544.0,35717428996.0,31385737339.0,新型电力,公用事业,电力,风力发电,27.63,22.61,0.0
2022-07-28,37.95,38.24,36.97,37.08,37.95,-0.8700000000000045,-2.29,31891519.0,760024081.0,1.568,0.02459,0.04087,0.76,102.6709,82.665,7.013,7.9187,8.7733,0.0,,1475926818.0,1296931295.0,780323544.0,34905669246.0,30672425127.0,新型电力,公用事业,电力,风力发电,26.62,21.78,0.0
2022-07-29,37.1,37.38,36.5,36.72,37.08,-0.3599999999999994,-0.97,23078587.0,542777651.0,1.568,0.017795,0.0295759999999999,0.61,101.6725,81.861,6.9448,7.8417,8.688,0.0,,1475926818.0,1296931295.0,780323544.0,34566206078.0,30374130929.0,新型电力,公用事业,电力,风力发电,26.02,21.29,0.0
2022-08-01,36.41,36.55,34.68,36.02,36.72,-0.6999999999999957,-1.91,39368988.0,891779325.0,1.568,0.030355,0.050452,1.11,99.7189,80.2881,6.8113,7.691,8.521,0.0,,1475926818.0,1296931295.0,780323544.0,33902039009.0,29790511846.0,新型电力,公用事业,电力,风力发电,25.76,21.08,0.0
2022-08-02,35.59,35.95,33.45,33.76,36.02,-2.260000000000005,-6.27,41487124.0,904206768.0,1.568,0.031989,0.053167,1.19,93.4675,75.2548,6.3843,7.2089,7.9869,0.0,,1475926818.0,1296931295.0,780323544.0,31776704392.0,27922930781.0,新型电力,公用事业,电力,风力发电,25.27,20.67,0.0
2022-08-03,33.74,35.19,32.6,32.65,33.76,-1.1099999999999994,-3.29,39152042.0,842144969.0,1.568,0.030188,0.050174,1.11,90.3852,72.7731,6.1738,6.9711,7.7235,0.0,,1475926818.0,1296931295.0,780323544.0,30728796351.0,27002109562.0,新型电力,公用事业,电力,风力发电,23.68,19.38,0.0
2022-08-04,32.93,33.96,32.69,33.34,32.65,0.6900000000000048,2.11,27417553.000000004,582067646.0,1.568,0.02114,0.035136,0.78,92.2953,74.3111,6.3043,7.1185,7.8867,0.0,,1475926818.0,1296931295.0,780323544.0,31378204151.0,27572759332.0,新型电力,公用事业,电力,风力发电,22.9,18.74,0.0
2022-08-05,33.4,33.81,32.33,33.66,33.34,0.3199999999999932,0.96,34414270.0,725289733.0,1.568,0.026535,0.044103,1.01,93.207,75.0451,6.3665,7.1888,7.9646,0.0,,1475926818.0,1296931295.0,780323544.0,31688148782.0,27845114904.0,新型电力,公用事业,电力,风力发电,23.39,19.13,0.0
2022-08-08,33.56,34.65,33.4,34.45,33.66,0.7900000000000063,2.35,33270664.0,725179390.0,1.568,0.025653,0.042637,0.91,95.3776,76.7928,6.5148,7.3562,8.1501,0.0,,1475926818.0,1296931295.0,780323544.0,32426112191.0,28493580551.0,新型电力,公用事业,电力,风力发电,23.62,19.32,0.0
2022-08-09,34.45,34.81,34.1,34.25,34.45,-0.2000000000000028,-0.58,26529320.0,583395280.0,1.568,0.020455,0.033998,0.75,94.8133,76.3384,6.4763,7.3127,8.1019,0.0,,1475926818.0,1296931295.0,780323544.0,32234241705.0,28324979483.0,新型电力,公用事业,电力,风力发电,24.17,19.77,0.0
2022-08-10,34.18,34.64,33.57,33.66,34.25,-0.5900000000000034,-1.72,22174199.0,481298970.0,1.568,0.017097,0.0284169999999999,0.69,93.207,75.0451,6.3665,7.1888,7.9646,0.0,,1475926818.0,1296931295.0,780323544.0,31688148782.0,27845114904.0,新型电力,公用事业,电力,风力发电,24.02,19.66,0.0
2022-08-11,33.92,33.99,33.26,33.96,33.66,0.3000000000000042,0.89,18461563.0,396755097.0,1.568,0.014235,0.023659,0.64,94.0318,75.7092,6.4229,7.2524,8.0351,0.0,,1475926818.0,1296931295.0,780323544.0,31968574878.0,28091531850.0,新型电力,公用事业,电力,风力发电,23.62,19.32,0.0
2022-08-12,33.56,34.56,33.48,34.18,33.96,0.2199999999999988,0.65,18205546.0,396918442.0,1.568,0.0140369999999999,0.023331,0.68,94.6396,76.1986,6.4644,7.2993,8.087,0.0,,1475926818.0,1296931295.0,780323544.0,32175204632.0,28273102231.0,新型电力,公用事业,电力,风力发电,23.83,19.49,0.0
2022-08-15,34.29,35.67,34.2,35.59,34.18,1.4100000000000037,4.13,38284757.0,860221806.0,1.568,0.029519,0.0490629999999999,1.61,98.5467,79.3444,6.7313,7.6006,8.4209,0.0,,1475926818.0,1296931295.0,780323544.0,33503538769.0,29440340397.0,新型电力,公用事业,电力,风力发电,23.98,19.62,0.0
2022-08-16,36.06,36.44,35.17,35.47,35.59,-0.1200000000000045,-0.34,29761892.0,674157810.0,1.568,0.022948,0.03814,1.2,98.1994,79.0648,6.7076,7.5738,8.3912,0.0,,1475926818.0,1296931295.0,780323544.0,33385464623.0,29336585893.0,新型电力,公用事业,电力,风力发电,24.97,20.43,0.0
2022-08-17,35.04,35.28,34.28,34.81,35.47,-0.6599999999999966,-1.86,28648305.0,633320387.0,1.568,0.0220889999999999,0.036713,1.13,96.3761,77.5967,6.583,7.4332,8.2354,0.0,,1475926818.0,1296931295.0,780323544.0,32765575360.0,28791874749.0,新型电力,公用事业,电力,风力发电,24.88,20.36,0.0
2022-08-18,34.98,35.28,34.5,34.65,34.81,-0.1600000000000037,-0.46,18898277.0,418865724.0,1.568,0.014572,0.024219,0.71,95.942,77.2472,6.5534,7.3997,8.1983,0.0,,1475926818.0,1296931295.0,780323544.0,32617982678.0,28662181620.0,新型电力,公用事业,电力,风力发电,24.42,19.98,0.0
2022-08-19,34.34,35.72,33.81,35.28,34.65,0.6300000000000026,1.82,31305134.000000004,695060741.0,1.568,0.024138,0.040384,1.17,97.6785,74.2016,6.6137,7.5336,8.6854,0.0,,1475926818.0,1296931295.0,775191213.0,33208353405.0,29180954138.000004,新型电力,公用事业,电力,风力发电,24.31,19.89,0.0
2022-08-22,35.2,36.25,33.82,36.21,35.28,0.9299999999999996,2.64,40865297.0,920217382.0,1.568,0.031509,0.052716,1.39,100.2398,76.1474,6.7871,7.7312,8.9132,0.0,,1475926818.0,1296931295.0,775191213.0,34079150228.0,29946143602.0,新型电力,公用事业,电力,风力发电,24.75,20.25,0.0
2022-08-23,35.75,36.38,35.33,35.36,36.21,-0.8500000000000014,-2.35,23851175.0,542452925.0,1.568,0.01839,0.030768,0.8,97.8956,74.3665,6.6284,7.5504,8.7047,0.0,,1475926818.0,1296931295.0,775191213.0,33282149746.0,29245800702.0,新型电力,公用事业,电力,风力发电,25.4,20.78,0.0
2022-08-24,35.59,35.91,34.03,34.15,35.36,-1.2100000000000009,-3.42,23326087.0,520114666.0,1.568,0.017986,0.030091,0.81,94.5528,71.8272,6.4021,7.2926,8.4075,0.0,,1475926818.0,1296931295.0,775191213.0,32145686096.0,28247163605.0,新型电力,公用事业,电力,风力发电,24.81,20.3,0.0
2022-08-25,34.15,34.46,32.76,33.24,34.15,-0.9099999999999966,-2.66,21135466.0,450520457.0,1.568,0.016297,0.027265,0.76,92.0348,69.9144,6.2316,7.0984,8.1836,0.0,,1475926818.0,1296931295.0,775191213.0,31289648542.0,27494943454.0,新型电力,公用事业,电力,风力发电,23.96,19.6,0.0
2022-08-26,33.35,35.52,33.12,34.23,33.24,0.9899999999999948,2.98,29439991.0,646660933.0,1.568,0.0227,0.037978,1.05,94.7698,71.9921,6.4168,7.3093,8.4268,0.0,,1475926818.0,1296931295.0,775191213.0,32219482437.0,28312010170.0,新型电力,公用事业,电力,风力发电,23.32,19.08,0.0
2022-08-29,33.63,33.77,32.96,33.59,34.23,-0.6399999999999935,-1.87,17856376.0,379809176.0,1.568,0.013768,0.023035,0.64,92.9899,70.64,6.2962,7.172,8.2685,0.0,,1475926818.0,1296931295.0,775191213.0,31614352442.0,27780268339.0,新型电力,公用事业,电力,风力发电,24.01,19.65,0.0
2022-08-30,33.51,33.73,33.01,33.18,33.59,-0.4100000000000037,-1.22,14400314.000000002,305438141.0,1.568,0.011103,0.018576,0.62,91.8612,69.7825,6.2198,7.085,8.1682,0.0,,1475926818.0,1296931295.0,775191213.0,31230611469.0,27443066202.0,新型电力,公用事业,电力,风力发电,23.56,19.28,0.0
2022-08-31,33.16,33.48,31.63,31.91,33.18,-1.2699999999999996,-3.83,22121385.0,455368812.0,1.568,0.017057,0.028537,1.04,88.3448,67.1113,5.9817,6.8138,7.8555,0.0,,1475926818.0,1296931295.0,775191213.0,30035110746.0,26392551853.0,新型电力,公用事业,电力,风力发电,23.28,19.04,0.0
2022-09-01,31.89,32.22,30.58,30.75,31.91,-1.16,-3.64,18981432.0,377972830.0,1.568,0.014636,0.0244859999999999,0.9,85.1322,64.6709,5.7642,6.566,7.5698,0.0,,1475926818.0,1296931295.0,775191213.0,28942924901.0,25432822695.0,新型电力,公用事业,电力,风力发电,22.39,18.32,0.0
2022-09-02,30.89,31.17,30.42,30.67,30.75,-0.0799999999999983,-0.26,11515487.0,225435091.0,1.568,0.008879,0.014855,0.56,84.9152,64.506,5.7495,6.5493,7.5505,0.0,,1475926818.0,1296931295.0,775191213.0,28869128560.0,25367976130.0,新型电力,公用事业,电力,风力发电,21.57,17.65,0.0
2022-09-05,30.64,30.76,30.04,30.39,30.67,-0.2800000000000011,-0.91,11279680.0,218401988.0,1.568,0.008697,0.014551,0.66,84.1337,63.9123,5.6966,6.489,7.4811,0.0,,1475926818.0,1296931295.0,775191213.0,28603461733.0,25134528497.0,新型电力,公用事业,电力,风力发电,21.52,17.6,0.0
2022-09-06,30.53,32.11,30.47,31.67,30.39,1.2800000000000011,4.21,21161711.0,423835589.0,1.568,0.0163169999999999,0.027299,1.35,87.6936,66.6166,5.9376,6.7635,7.7976,0.0,,1475926818.0,1296931295.0,775191213.0,29813721724.0,26198012159.0,新型电力,公用事业,电力,风力发电,21.32,17.44,0.0
2022-09-07,31.66,31.72,31.2,31.38,31.67,-0.2900000000000027,-0.92,16273945.000000002,326294109.0,1.568,0.0125479999999999,0.0209929999999999,0.96,86.8687,65.99,5.8818,6.6999,7.7243,0.0,,1475926818.0,1296931295.0,775191213.0,29533295628.0,25951595213.0,新型电力,公用事业,电力,风力发电,22.22,18.18,0.0
2022-09-08,31.39,31.53,30.65,30.78,31.38,-0.5999999999999979,-1.91,12435173.0,246518477.0,1.568,0.009588,0.016041,0.78,85.2191,64.7368,5.7701,6.5727,7.5776,0.0,,1475926818.0,1296931295.0,775191213.0,28972443437.0,25458761321.0,新型电力,公用事业,电力,风力发电,22.01,18.01,0.0
2022-09-09,31.02,32.52,30.78,31.94,30.78,1.16,3.77,21668160.0,439035841.0,1.568,0.016707,0.0279519999999999,1.49,88.4316,67.1772,5.9876,6.8205,7.8632,0.0,,1475926818.0,1296931295.0,775191213.0,30064629283.0,26418490479.0,新型电力,公用事业,电力,风力发电,21.59,17.67,0.0
2022-09-13,32.18,32.71,31.8,32.22,31.94,0.2799999999999976,0.88,15810609.0,325487613.0,1.568,0.012191,0.020396,0.95,89.213,67.7708,6.0405,6.8807,7.9327,0.0,,1475926818.0,1296931295.0,775191213.0,30330296110.0,26651938112.0,新型电力,公用事业,电力,风力发电,22.41,18.33,0.0
2022-09-14,31.55,32.3,31.36,31.67,32.22,-0.5499999999999972,-1.71,13165203.0,265946940.0,1.568,0.0101509999999999,0.0169829999999999,0.75,87.6936,66.6166,5.9376,6.7635,7.7976,0.0,,1475926818.0,1296931295.0,775191213.0,29813721724.0,26198012159.0,新型电力,公用事业,电力,风力发电,22.61,18.5,0.0
2022-09-15,32.14,32.55,30.76,30.83,31.67,-0.8400000000000034,-2.65,18677807.0,374667217.0,1.568,0.014402,0.024094,1.18,85.3493,64.8357,5.7789,6.5827,7.5891,0.0,,1475926818.0,1296931295.0,775191213.0,29016721242.0,25497669260.0,新型电力,公用事业,电力,风力发电,22.22,18.18,0.0
2022-09-16,30.53,30.53,29.2,29.38,30.83,-1.4499999999999993,-4.7,16914493.0,320776240.0,1.568,0.013042,0.02182,1.03,81.3553,61.8017,5.5085,6.2747,7.234,0.0,,1475926818.0,1296931295.0,775191213.0,27658868569.0,24304492468.0,新型电力,公用事业,电力,风力发电,21.63,17.69,0.0
2022-09-19,29.53,30.01,29.09,29.59,29.38,0.2100000000000008,0.71,9898209.0,187003378.0,1.568,0.007632,0.0127689999999999,0.57,81.9197,62.2304,5.5467,6.3182,7.2842,0.0,,1475926818.0,1296931295.0,775191213.0,27850739056.0,24473093537.0,新型电力,公用事业,电力,风力发电,20.61,16.87,0.0
2022-09-20,31.0,32.55,30.59,32.55,29.59,2.9599999999999973,10.0,17436079.0,354047958.0,1.568,0.013444,0.022493,1.17,90.1247,68.4634,6.1022,6.951,8.0138,0.0,,1475926818.0,1296931295.0,775191213.0,30640240742.0,26924293684.0,新型电力,公用事业,电力,风力发电,20.76,16.98,0.0
2022-09-21,31.96,33.99,31.38,33.04,32.55,0.490000000000002,1.51,43131349.0,909163192.0,1.568,0.033256,0.05564,2.83,91.4705,69.4857,6.1934,7.0548,8.1334,0.0,,1475926818.0,1296931295.0,775191213.0,31097778055.0,27326342386.0,新型电力,公用事业,电力,风力发电,22.84,18.68,0.0
2022-09-22,32.74,33.21,32.43,32.79,33.04,-0.25,-0.76,21294134.0,445697880.0,1.568,0.016419,0.0274699999999999,1.0,90.7759,68.9581,6.1463,7.0013,8.0717,0.0,,1475926818.0,1296931295.0,775191213.0,30861629764.0,27118833378.0,新型电力,公用事业,电力,风力发电,23.18,18.96,0.0
2022-09-23,32.71,32.91,31.53,31.86,32.79,-0.9299999999999996,-2.84,18294515.0,375195007.0,1.568,0.014106,0.0236,0.84,88.2145,67.0123,5.9729,6.8037,7.8439,0.0,,1475926818.0,1296931295.0,775191213.0,29990832942.0,26353643914.0,新型电力,公用事业,电力,风力发电,23.0,18.82,0.0
2022-09-26,31.61,32.43,31.36,31.39,31.86,-0.4699999999999988,-1.48,17718312.0,360702731.0,1.568,0.013662,0.022857,0.8,86.9122,66.023,5.8847,6.7033,7.7281,0.0,,1475926818.0,1296931295.0,775191213.0,29548054896.0,25964564526.0,新型电力,公用事业,电力,风力发电,22.35,18.29,0.0
2022-09-27,31.41,31.74,30.58,31.28,31.39,-0.1099999999999994,-0.35,16874444.0,334219741.0,1.568,0.013011,0.021768,0.72,86.6083,65.7921,5.8641,6.6798,7.7011,0.0,,1475926818.0,1296931295.0,775191213.0,29444740019.0,25873779335.0,新型电力,公用事业,电力,风力发电,22.02,18.02,0.0
2022-09-28,31.25,31.33,29.23,29.32,31.28,-1.9600000000000009,-6.27,19609254.0,375197543.0,1.568,0.01512,0.025296,0.84,81.1817,61.6698,5.4967,6.2613,7.2186,0.0,,1475926818.0,1296931295.0,775191213.0,27599831497.0,24252615217.0,新型电力,公用事业,电力,风力发电,21.95,17.96,0.0
2022-09-29,29.67,30.2,29.26,29.43,29.32,0.1099999999999994,0.38,14696376.999999998,278458613.0,1.568,0.011332,0.018958,0.78,81.4856,61.9007,5.5173,6.2847,7.2456,0.0,,1475926818.0,1296931295.0,775191213.0,27703146374.0,24343400407.0,新型电力,公用事业,电力,风力发电,20.57,16.83,0.0
2022-09-30,29.24,30.01,29.18,29.53,29.43,0.1000000000000014,0.34,13045042.0,245935944.0,1.568,0.010058,0.016828,0.75,81.746,62.0985,5.5349,6.3048,7.2687,0.0,,1475926818.0,1296931295.0,775191213.0,27791701983.0,24421216285.0,新型电力,公用事业,电力,风力发电,20.65,16.89,0.0
2022-10-10,29.51,29.78,28.26,28.43,29.53,-1.1000000000000014,-3.73,11415879.0,210400212.0,1.568,0.0088019999999999,0.0147269999999999,0.7,78.7072,59.79,5.3292,6.0704,6.9985,0.0,,1475926818.0,1296931295.0,775191213.0,26758553210.0,23513364378.0,新型电力,公用事业,电力,风力发电,20.71,16.95,0.0
2022-10-11,28.41,29.2,28.41,28.99,28.43,0.5599999999999987,1.97,10312096.0,190312805.0,1.568,0.007951,0.013303,0.68,80.27,60.9773,5.435,6.191,7.1375,0.0,,1475926818.0,1296931295.0,775191213.0,27289886865.0,23980259645.0,新型电力,公用事业,电力,风力发电,19.94,16.32,0.0
2022-10-12,29.16,29.32,27.61,29.32,28.99,0.3300000000000018,1.14,18545298.0,337105769.0,1.568,0.014299,0.0239239999999999,1.34,81.1817,61.6698,5.4967,6.2613,7.2186,0.0,,1475926818.0,1296931295.0,775191213.0,27599831497.0,24252615217.0,新型电力,公用事业,电力,风力发电,20.34,16.64,0.0
2022-10-13,28.85,29.35,28.69,28.95,29.32,-0.370000000000001,-1.26,12197971.0,226343886.0,1.568,0.009405,0.015735,0.9,80.1398,60.8783,5.4262,6.1809,7.1259,0.0,,1475926818.0,1296931295.0,775191213.0,27245609060.0,23941351706.0,新型电力,公用事业,电力,风力发电,20.57,16.83,0.0
2022-10-14,29.29,30.34,29.24,30.03,28.95,1.0800000000000018,3.73,18611454.0,354093335.0,1.568,0.01435,0.024009,1.42,83.1352,63.1538,5.629,6.412,7.3923,0.0,,1475926818.0,1296931295.0,775191213.0,28263998565.000004,24836234299.0,新型电力,公用事业,电力,风力发电,20.31,16.61,0.0
2022-10-17,29.78,30.25,29.67,30.15,30.03,0.1199999999999974,0.4,10582539.0,202355069.0,1.568,0.0081599999999999,0.013652,0.74,83.4826,63.4177,5.6525,6.4388,7.4232,0.0,,1475926818.0,1296931295.0,775191213.0,28382072710.0,24939988803.0,新型电力,公用事业,电力,风力发电,21.07,17.24,0.0
2022-10-18,30.58,30.7,29.73,29.85,30.15,-0.2999999999999971,-1.0,11692082.0,224456108.0,1.568,0.009015,0.015083,0.83,82.6577,62.7911,5.5967,6.3751,7.3498,0.0,,1475926818.0,1296931295.0,775191213.0,28101646615.0,24693571857.0,新型电力,公用事业,电力,风力发电,21.15,17.31,0.0
2022-10-19,29.84,30.67,29.73,29.81,29.85,-0.0400000000000027,-0.13,12353525.0,237597705.0,1.568,0.009525,0.015936,0.86,82.5275,62.6921,5.5878,6.3651,7.3382,0.0,,1475926818.0,1296931295.0,775191213.0,28057368810.0,24654663918.0,新型电力,公用事业,电力,风力发电,20.94,17.14,0.0
2022-10-20,29.64,29.81,28.69,29.15,29.81,-0.6600000000000001,-2.21,11694661.0,217443854.0,1.568,0.0090169999999999,0.0150859999999999,0.89,80.7041,61.307,5.4644,6.2245,7.1761,0.0,,1475926818.0,1296931295.0,775191213.0,27437479547.0,24109952774.0,新型电力,公用事业,电力,风力发电,20.91,17.11,0.0
2022-10-21,29.31,29.74,28.84,28.93,29.15,-0.2199999999999988,-0.75,10087991.0,188642457.0,1.568,0.007778,0.013014,0.78,80.0964,60.8453,5.4232,6.1776,7.1221,0.0,,1475926818.0,1296931295.0,775191213.0,27230849792.0,23928382393.0,新型电力,公用事业,电力,风力发电,20.45,16.73,0.0
2022-10-24,29.12,29.9,28.32,28.38,28.93,-0.5500000000000007,-1.9,14570944.0,271252519.0,1.568,0.011235,0.0187969999999999,1.29,78.5769,59.6911,5.3203,6.0604,6.987,0.0,,1475926818.0,1296931295.0,775191213.0,26714275406.0,23474456440.0,新型电力,公用事业,电力,风力发电,20.3,16.61,0.0
2022-10-25,28.38,28.62,27.44,28.55,28.38,0.1700000000000017,0.6,11790962.0,211247993.0,1.568,0.009091,0.01521,0.98,79.0545,60.0539,5.3527,6.0972,7.0294,0.0,,1475926818.0,1296931295.0,775191213.0,26876627356.0,23617118882.0,新型电力,公用事业,电力,风力发电,19.91,16.29,0.0
2022-10-26,28.79,29.56,28.68,29.4,28.55,0.8499999999999979,2.98,16157726.999999998,301005139.0,1.568,0.012458,0.020844,1.34,81.3987,50.3351,5.4004,6.278,6.103,0.0,,1475926818.0,1296931295.0,775191213.0,27673627838.0,24317461781.0,新型电力,公用事业,电力,风力发电,20.03,16.39,0.0
2022-10-27,29.45,31.66,29.45,30.26,29.4,0.860000000000003,2.93,25337789.0,496323190.0,1.568,0.019537,0.032686,1.97,83.7864,51.8116,5.5588,6.4622,6.282,0.0,,1475926818.0,1296931295.0,775191213.0,28485387587.0,25030773994.0,新型电力,公用事业,电力,风力发电,20.63,16.88,0.0
2022-10-28,29.79,30.22,28.93,29.21,30.26,-1.0500000000000007,-3.47,14534412.0,274334661.0,1.568,0.011207,0.018749,0.93,80.8778,50.0129,5.3658,6.2379,6.0639,0.0,,1475926818.0,1296931295.0,775191213.0,27496516619.0,24161830026.0,新型电力,公用事业,电力,风力发电,21.23,17.37,0.0
2022-10-31,29.01,29.93,28.77,29.53,29.21,0.3200000000000003,1.1,12062836.0,227163277.0,1.568,0.009301,0.015561,0.73,81.746,50.5498,5.4234,6.3048,6.129,0.0,,1475926818.0,1296931295.0,775191213.0,27791701983.0,24421216285.0,新型电力,公用事业,电力,风力发电,20.49,16.77,0.0
2022-11-01,29.73,31.41,29.6,31.03,29.53,1.5,5.08,23520277.0,462367810.0,1.568,0.018135,0.030341,1.47,85.9137,53.127,5.6999,6.6263,6.4415,0.0,,1475926818.0,1296931295.0,775191213.0,29208591728.0,25666270328.0,新型电力,公用事业,电力,风力发电,20.71,16.95,0.0
2022-11-02,30.73,31.53,30.62,31.34,31.03,0.3099999999999987,1.0,17500128.0,348825303.0,1.568,0.013493,0.0225749999999999,0.96,86.7819,53.6639,5.7575,6.6932,6.5066,0.0,,1475926818.0,1296931295.0,775191213.0,29503777092.0,25925656587.0,新型电力,公用事业,电力,风力发电,21.77,17.81,0.0
2022-11-03,31.34,33.96,31.12,33.19,31.34,1.8499999999999976,5.9,39371496.0,834394826.0,1.568,0.030357,0.050789,2.12,91.9046,56.8317,6.0974,7.0883,6.8907,0.0,,1475926818.0,1296931295.0,775191213.0,31245370737.0,27456035515.0,新型电力,公用事业,电力,风力发电,21.99,17.99,0.0
2022-11-04,33.82,36.52,33.54,36.14,33.19,2.950000000000003,8.89,65378922.0,1470878593.0,1.568,0.05041,0.084339,3.06,100.0662,61.8786,6.6389,7.7178,7.5026,0.0,,1475926818.0,1296931295.0,775191213.0,34020113155.0,29894266350.0,新型电力,公用事业,电力,风力发电,23.29,19.05,0.0
2022-11-07,36.53,36.69,35.75,35.99,36.14,-0.1499999999999985,-0.42,49346880.0,1137632604.0,1.568,0.038049,0.063658,1.56,99.6321,61.6101,6.6101,7.6843,7.4701,0.0,,1475926818.0,1296931295.0,775191213.0,33872520473.000004,29764573220.0,新型电力,公用事业,电力,风力发电,25.36,20.75,0.0
2022-11-08,35.91,36.83,35.61,36.06,35.99,0.0700000000000002,0.19,27143062.0,625025607.0,1.568,0.020929,0.035015,0.7,99.8491,61.7444,6.6245,7.7011,7.4863,0.0,,1475926818.0,1296931295.0,775191213.0,33946316814.0,29829419785.000004,新型电力,公用事业,电力,风力发电,25.25,20.66,0.0
2022-11-09,36.46,36.99,36.08,36.38,36.06,0.3200000000000003,0.89,26264768.0,611295493.0,1.568,0.020251,0.0338819999999999,0.66,100.7174,62.2813,6.6821,7.768,7.5514,0.0,,1475926818.0,1296931295.0,775191213.0,34241502178.000004,30088806044.0,新型电力,公用事业,电力,风力发电,25.3,20.7,0.0
2022-11-10,35.94,36.22,35.12,35.37,36.38,-1.0100000000000051,-2.78,25623582.0,580741610.0,1.568,0.019757,0.033055,0.62,97.939,60.5632,6.4978,7.5537,7.3431,0.0,,1475926818.0,1296931295.0,775191213.0,33296909014.0,29258770015.0,新型电力,公用事业,电力,风力发电,25.52,20.88,0.0
2022-11-11,36.85,36.93,34.5,34.62,35.37,-0.75,-2.12,29836489.0,671915521.0,1.568,0.023005,0.038489,0.77,95.8552,59.2746,6.3595,7.393,7.1869,0.0,,1475926818.0,1296931295.0,775191213.0,32588464141.0,28636242994.0,新型电力,公用事业,电力,风力发电,24.82,20.3,0.0
2022-11-14,34.1,34.79,32.61,33.21,34.62,-1.4099999999999966,-4.07,34442367.0,737701838.0,1.568,0.026557,0.044431,1.09,91.948,56.8585,6.1003,7.0917,6.8939,0.0,,1475926818.0,1296931295.0,775191213.0,31260130005.0,27469004828.0,新型电力,公用事业,电力,风力发电,24.29,19.87,0.0
2022-11-15,33.21,33.54,32.69,33.41,33.21,0.1999999999999957,0.6,22205482.0,470376768.0,1.568,0.017122,0.028645,0.77,92.5124,57.2075,6.1377,7.1352,6.9362,0.0,,1475926818.0,1296931295.0,775191213.0,31452000492.0,27637605896.0,新型电力,公用事业,电力,风力发电,23.3,19.06,0.0
2022-11-16,33.29,33.6,32.6,32.72,33.41,-0.6899999999999977,-2.07,17724456.0,372851737.0,1.568,0.013666,0.022865,0.64,90.6022,56.0263,6.011,6.9879,6.793,0.0,,1475926818.0,1296931295.0,775191213.0,30802592692.0,27066956127.0,新型电力,公用事业,电力,风力发电,23.44,19.18,0.0
2022-11-17,32.77,33.05,32.29,32.63,32.72,-0.0899999999999963,-0.28,16402104.999999998,340865189.0,1.568,0.0126469999999999,0.0211589999999999,0.63,90.3418,55.8652,5.9937,6.9678,6.7735,0.0,,1475926818.0,1296931295.0,775191213.0,30714037083.0,26989140249.0,新型电力,公用事业,电力,风力发电,22.96,18.78,0.0
2022-11-18,32.72,32.91,31.88,32.27,32.63,-0.3599999999999994,-1.1,14899407.999999998,308812130.0,1.568,0.011488,0.01922,0.62,89.3433,55.2478,5.9275,6.8908,6.6986,0.0,,1475926818.0,1296931295.0,775191213.0,30374573914.0,26690846051.0,新型电力,公用事业,电力,风力发电,22.89,18.73,0.0
2022-11-21,31.94,32.65,31.77,32.38,32.27,0.1099999999999994,0.34,13346478.0,275458206.0,1.568,0.010291,0.017217,0.63,89.6471,55.4357,5.9476,6.9142,6.7214,0.0,,1475926818.0,1296931295.0,775191213.0,30477888792.0,26781631242.0,新型电力,公用事业,电力,风力发电,22.64,18.52,0.0
2022-11-22,32.46,32.58,31.74,31.94,32.38,-0.4400000000000013,-1.36,12933375.0,265099106.00000003,1.568,0.009972,0.016684,0.76,88.4316,54.684,5.867,6.8205,6.6303,0.0,,1475926818.0,1296931295.0,775191213.0,30064629283.0,26418490479.0,新型电力,公用事业,电力,风力发电,22.72,18.59,0.0
2022-11-23,31.97,32.63,31.8,32.38,31.94,0.4400000000000013,1.38,16035171.0,329241064.0,1.568,0.012364,0.020685,1.06,89.6471,55.4357,5.9476,6.9142,6.7214,0.0,,1475926818.0,1296931295.0,775191213.0,30477888792.0,26781631242.0,新型电力,公用事业,电力,风力发电,22.41,18.33,0.0
2022-11-24,32.44,33.29,32.16,32.63,32.38,0.25,0.77,19762436.0,412493730.0,1.568,0.015238,0.025494,1.34,90.3418,55.8652,5.9937,6.9678,6.7735,0.0,,1475926818.0,1296931295.0,775191213.0,30714037083.0,26989140249.0,新型电力,公用事业,电力,风力发电,22.72,18.59,0.0
2022-11-25,32.47,32.58,31.83,31.86,32.63,-0.7700000000000031,-2.36,10859116.0,221942741.0,1.568,0.008373,0.014008,0.71,88.2145,54.5498,5.8526,6.8037,6.614,0.0,,1475926818.0,1296931295.0,775191213.0,29990832942.0,26353643914.0,新型电力,公用事业,电力,风力发电,22.89,18.73,0.0
2022-11-28,31.12,31.97,30.97,31.91,31.86,0.0500000000000007,0.16,12120164.0,244694728.0,1.568,0.009345,0.015635,0.83,88.3448,54.6303,5.8612,6.8138,6.6238,0.0,,1475926818.0,1296931295.0,775191213.0,30035110746.0,26392551853.0,新型电力,公用事业,电力,风力发电,22.35,18.29,0.0
2022-11-29,31.91,32.11,31.49,31.97,31.91,0.0599999999999987,0.19,14417537.0,292551987.0,1.568,0.0111169999999999,0.018599,1.01,88.5184,54.7377,5.8727,6.8272,6.6368,0.0,,1475926818.0,1296931295.0,775191213.0,30094147819.0,26444429105.000004,新型电力,公用事业,电力,风力发电,22.39,18.32,0.0
2022-11-30,31.91,32.71,31.55,32.65,31.97,0.6799999999999997,2.13,21085921.0,432585535.0,1.568,0.0162579999999999,0.027201,1.44,90.3852,55.8921,5.9966,6.9711,6.7768,0.0,,1475926818.0,1296931295.0,775191213.0,30728796351.0,27002109562.0,新型电力,公用事业,电力,风力发电,22.43,18.35,0.0
2022-12-01,32.57,32.68,32.27,32.39,32.65,-0.259999999999998,-0.8,12022833.0,249028882.0,1.568,0.00927,0.01551,0.77,89.6906,55.4626,5.9505,6.9176,6.7247,0.0,,1475926818.0,1296931295.0,775191213.0,30492648060.0,26794600555.0,新型电力,公用事业,电力,风力发电,22.9,18.74,0.0
2022-12-02,32.24,32.82,32.22,32.58,32.39,0.1899999999999977,0.59,12412777.0,258103106.0,1.568,0.009571,0.016013,0.88,90.2115,55.7847,5.9851,6.9577,6.7637,0.0,,1475926818.0,1296931295.0,775191213.0,30669759278.0,26950232310.0,新型电力,公用事业,电力,风力发电,22.73,18.59,0.0
2022-12-05,32.47,32.76,32.14,32.41,32.58,-0.1700000000000017,-0.52,13273154.999999998,274091042.0,1.568,0.010234,0.017122,0.92,89.734,55.4894,5.9534,6.9209,6.7279,0.0,,1475926818.0,1296931295.0,775191213.0,30507407328.0,26807569868.0,新型电力,公用事业,电力,风力发电,22.86,18.7,0.0
2022-12-06,32.36,32.52,31.6,31.97,32.41,-0.4399999999999977,-1.36,16940577.0,346104886.0,1.568,0.013062,0.0218529999999999,1.16,88.5184,54.7377,5.8727,6.8272,6.6368,0.0,,1475926818.0,1296931295.0,775191213.0,30094147819.0,26444429105.000004,新型电力,公用事业,电力,风力发电,22.74,18.6,0.0
2022-12-07,31.83,32.38,31.53,31.66,31.97,-0.3099999999999987,-0.97,14107973.000000002,287120886.0,1.568,0.010878,0.018199,0.93,87.6502,54.2008,5.8151,6.7602,6.5717,0.0,,1475926818.0,1296931295.0,775191213.0,29798962455.000004,26185042846.0,新型电力,公用事业,电力,风力发电,22.43,18.35,0.0
2022-12-08,31.52,31.81,30.76,31.28,31.66,-0.379999999999999,-1.2,15084974.0,301825256.0,1.568,0.011631,0.0194599999999999,1.1,86.6083,53.5565,5.746,6.6798,6.4936,0.0,,1475926818.0,1296931295.0,775191213.0,29444740019.0,25873779335.0,新型电力,公用事业,电力,风力发电,22.21,18.17,0.0
2022-12-09,31.28,31.66,30.54,31.17,31.28,-0.1099999999999994,-0.35,28271688.0,558208865.0,1.568,0.021799,0.036471,1.97,86.3044,53.3686,5.7259,6.6564,6.4708,0.0,,1475926818.0,1296931295.0,775191213.0,29341425142.0,25782994145.0,新型电力,公用事业,电力,风力发电,21.95,17.96,0.0
2022-12-12,30.8,30.81,29.57,29.82,31.17,-1.3500000000000014,-4.33,25158623.0,480050577.0,1.568,0.019399,0.032455,1.43,82.5709,51.0599,5.4782,6.3684,6.1909,0.0,,1475926818.0,1296931295.0,775191213.0,28072128078.0,24667633231.0,新型电力,公用事业,电力,风力发电,21.87,17.89,0.0
2022-12-13,29.85,30.17,29.76,29.82,29.82,0.0,0.0,10033843.0,191411738.0,1.568,0.007737,0.012944,0.5,82.5709,51.0599,5.4782,6.3684,6.1909,0.0,,1475926818.0,1296931295.0,775191213.0,28072128078.0,24667633231.0,新型电力,公用事业,电力,风力发电,20.92,17.12,0.0
2022-12-14,29.87,30.37,29.71,29.82,29.82,0.0,0.0,9053758.0,173030864.0,1.568,0.006981,0.011679,0.49,82.5709,51.0599,5.4782,6.3684,6.1909,0.0,,1475926818.0,1296931295.0,775191213.0,28072128078.0,24667633231.0,新型电力,公用事业,电力,风力发电,20.92,17.12,0.0
2022-12-15,29.78,30.11,29.26,30.07,29.82,0.25,0.84,12063076.0,228684183.0,1.568,0.009301,0.015561,0.69,83.2655,51.4894,5.5242,6.422,6.2429,0.0,,1475926818.0,1296931295.0,775191213.0,28308276369.0,24875142238.0,新型电力,公用事业,电力,风力发电,20.92,17.12,0.0
2022-12-16,29.9,30.07,29.27,29.68,30.07,-0.3900000000000005,-1.3,9892166.0,186699268.0,1.568,0.007627,0.012761,0.58,82.1802,50.8183,5.4522,6.3383,6.1616,0.0,,1475926818.0,1296931295.0,775191213.0,27939294665.0,24550909414.0,新型电力,公用事业,电力,风力发电,21.1,17.26,0.0
2022-12-19,29.56,30.4,29.01,29.26,29.68,-0.4199999999999981,-1.42,16165518.0,306764322.0,1.568,0.012464,0.0208539999999999,1.22,81.008,50.0935,5.3745,6.2479,6.0737,0.0,,1475926818.0,1296931295.0,775191213.0,27540794424.0,24200737965.0,新型电力,公用事业,电力,风力发电,20.82,17.04,0.0
2022-12-20,29.01,29.48,28.74,29.4,29.26,0.139999999999997,0.48,7589297.0,141089931.0,1.568,0.005852,0.00979,0.66,81.3987,50.3351,5.4004,6.278,6.103,0.0,,1475926818.0,1296931295.0,775191213.0,27673627838.0,24317461781.0,新型电力,公用事业,电力,风力发电,20.53,16.79,0.0
2022-12-21,29.18,29.62,28.93,29.02,29.4,-0.379999999999999,-1.29,7087914.0,131838760.0,1.568,0.005465,0.009143,0.65,80.3568,49.6908,5.3313,6.1977,6.0249,0.0,,1475926818.0,1296931295.0,775191213.0,27319405401.0,24006198270.0,新型电力,公用事业,电力,风力发电,20.63,16.88,0.0
2022-12-22,29.23,29.24,28.07,28.22,29.02,-0.8000000000000007,-2.76,10626826.0,193176236.0,1.568,0.008194,0.013709,1.01,78.1428,48.3217,5.1844,6.0269,5.8589,0.0,,1475926818.0,1296931295.0,775191213.0,26566682724.0,23344763310.0,新型电力,公用事业,电力,风力发电,20.36,16.66,0.0
2022-12-23,28.07,28.54,27.96,28.35,28.22,0.1300000000000025,0.46,6394772.0,115439958.0,1.568,0.004931,0.008249,0.62,78.4901,48.5364,5.2074,6.0537,5.8849,0.0,,1475926818.0,1296931295.0,775191213.0,26684756869.0,23448517814.000004,新型电力,公用事业,电力,风力发电,19.8,16.2,0.0
2022-12-26,28.35,28.71,28.29,28.68,28.35,0.3299999999999983,1.16,6721623.0,122576946.0,1.568,0.005183,0.008671,0.7,79.4018,49.1002,5.2679,6.124,5.9533,0.0,,1475926818.0,1296931295.0,775191213.0,26994701501.000004,23720873386.0,新型电力,公用事业,电力,风力发电,19.89,16.27,0.0
2022-12-27,28.69,28.84,28.52,28.6,28.68,-0.0799999999999983,-0.28,6096967.0,111332751.0,1.568,0.004701,0.007865,0.79,79.1847,48.966,5.2535,6.1073,5.937,0.0,,1475926818.0,1296931295.0,775191213.0,26920905160.0,23656026821.0,新型电力,公用事业,电力,风力发电,20.12,16.46,0.0
2022-12-28,28.58,29.15,28.1,28.38,28.6,-0.2200000000000024,-0.77,10359795.0,188704389.0,1.568,0.007988,0.013364,1.4,78.5769,48.5901,5.2132,6.0604,5.8914,0.0,,1475926818.0,1296931295.0,775191213.0,26714275406.0,23474456440.0,新型电力,公用事业,电力,风力发电,20.06,16.42,0.0
2022-12-29,28.27,28.52,27.91,28.02,28.38,-0.3599999999999994,-1.27,7524437.0,135099092.0,1.568,0.005802,0.009707,0.94,77.5784,47.9727,5.1469,5.9834,5.8166,0.0,,1475926818.0,1296931295.0,775191213.0,26374812238.0,23176162242.0,新型电力,公用事业,电力,风力发电,19.91,16.29,0.0
2022-12-30,28.24,28.52,27.96,27.97,28.02,-0.0500000000000007,-0.18,5836943.0,104775278.0,1.568,0.004501,0.00753,0.79,77.4482,47.8922,5.1383,5.9733,5.8068,0.0,,1475926818.0,1296931295.0,775191213.0,26330534433.0,23137254303.0,新型电力,公用事业,电力,风力发电,19.66,16.08,0.0
2023-01-03,27.75,28.74,27.69,28.65,27.97,0.6799999999999997,2.43,10092193.0,182023866.0,1.568,0.007782,0.013019,1.38,79.3149,49.0465,5.2621,6.1173,5.9467,0.0,,1475926818.0,1296931295.0,775191213.0,26965182965.0,23694934760.0,新型电力,公用事业,电力,风力发电,19.62,16.06,0.0
2023-01-04,28.66,28.74,28.11,28.24,28.65,-0.4100000000000001,-1.43,7877545.0,142698433.0,1.568,0.006074,0.010162,0.99,78.1862,48.3485,5.1873,6.0303,5.8621,0.0,,1475926818.0,1296931295.0,775191213.0,26581441992.0,23357732623.0,新型电力,公用事业,电力,风力发电,20.1,16.44,0.0
2023-01-05,28.38,29.01,28.38,28.82,28.24,0.5800000000000018,2.05,11695808.0,214475737.0,1.568,0.009018,0.0150879999999999,1.4,79.7925,49.3418,5.2938,6.1542,5.9826,0.0,,1475926818.0,1296931295.0,775191213.0,27127534915.0,23837597202.0,新型电力,公用事业,电力,风力发电,19.81,16.21,0.0
2023-01-06,28.77,30.0,28.55,29.45,28.82,0.629999999999999,2.19,19885156.0,374181701.0,1.568,0.0153319999999999,0.0256519999999999,2.31,81.529,50.4156,5.409,6.2881,6.1127,0.0,,1475926818.0,1296931295.0,775191213.0,27717905642.0,24356369720.0,新型电力,公用事业,电力,风力发电,20.22,16.54,0.0
2023-01-09,29.53,29.92,29.34,29.51,29.45,0.0600000000000022,0.2,12060848.0,227968134.0,1.568,0.0093,0.015559,1.09,81.7026,50.523,5.4206,6.3015,6.1258,0.0,,1475926818.0,1296931295.0,775191213.0,27776942715.0,24408246972.0,新型电力,公用事业,电力,风力发电,20.66,16.9,0.0
2023-01-10,29.67,29.71,29.16,29.42,29.51,-0.0899999999999998,-0.3,9185683.0,172289804.0,1.568,0.007083,0.01185,0.75,81.4422,50.3619,5.4033,6.2814,6.1062,0.0,,1475926818.0,1296931295.0,775191213.0,27688387106.0,24330431094.0,新型电力,公用事业,电力,风力发电,20.7,16.94,0.0
2023-01-11,29.42,29.56,28.84,28.95,29.42,-0.4700000000000024,-1.6,8987506.0,167031790.0,1.568,0.0069299999999999,0.011594,0.74,80.1398,49.5566,5.3169,6.1809,6.0086,0.0,,1475926818.0,1296931295.0,775191213.0,27245609060.0,23941351706.0,新型电力,公用事业,电力,风力发电,20.64,16.88,0.0
2023-01-12,28.93,29.74,28.9,29.04,28.95,0.0899999999999998,0.31,8825133.0,165003216.0,1.568,0.006805,0.011384,0.71,80.4003,49.7176,5.3341,6.201,6.0281,0.0,,1475926818.0,1296931295.0,775191213.0,27334164669.0,24019167583.0,新型电力,公用事业,电力,风力发电,20.31,16.61,0.0
2023-01-13,29.07,29.48,28.71,28.99,29.04,-0.0500000000000007,-0.17,7172600.0,132800047.0,1.568,0.00553,0.009253,0.61,80.27,49.6371,5.3255,6.191,6.0184,0.0,,1475926818.0,1296931295.0,775191213.0,27289886865.0,23980259645.0,新型电力,公用事业,电力,风力发电,20.37,16.67,0.0
2023-01-16,29.02,29.7,28.85,29.51,28.99,0.5200000000000031,1.79,10766201.0,202016915.0,1.568,0.008301,0.013888,1.16,81.7026,50.523,5.4206,6.3015,6.1258,0.0,,1475926818.0,1296931295.0,775191213.0,27776942715.0,24408246972.0,新型电力,公用事业,电力,风力发电,20.34,16.64,0.0
2023-01-17,30.26,30.39,29.7,29.74,29.51,0.2299999999999968,0.78,12530593.0,238872332.0,1.568,0.0096619999999999,0.016165,1.39,82.3538,50.9257,5.4638,6.3517,6.1746,0.0,,1475926818.0,1296931295.0,775191213.0,27998331737.0,24602786666.0,新型电力,公用事业,电力,风力发电,20.7,16.94,0.0
2023-01-18,29.79,30.07,29.62,29.68,29.74,-0.0599999999999987,-0.2,7324946.000000001,139228917.0,1.568,0.0056479999999999,0.0094489999999999,0.76,82.1802,50.8183,5.4522,6.3383,6.1616,0.0,,1475926818.0,1296931295.0,775191213.0,27939294665.0,24550909414.0,新型电力,公用事业,电力,风力发电,20.87,17.07,0.0
2023-01-19,29.71,29.78,29.37,29.68,29.68,0.0,0.0,7081557.000000001,133664150.0,1.568,0.00546,0.0091349999999999,0.76,82.1802,50.8183,5.4522,6.3383,6.1616,0.0,,1475926818.0,1296931295.0,775191213.0,27939294665.0,24550909414.0,新型电力,公用事业,电力,风力发电,20.82,17.04,0.0
2023-01-20,29.73,30.59,29.73,30.34,29.68,0.6600000000000001,2.22,13964444.0,269210824.0,1.568,0.010767,0.018014,1.56,84.0035,51.9458,5.5732,6.4789,6.2983,0.0,,1475926818.0,1296931295.0,775191213.0,28559183928.0,25095620558.000004,新型电力,公用事业,电力,风力发电,20.82,17.04,0.0
2023-01-30,30.89,31.38,30.67,30.78,30.34,0.4400000000000013,1.45,18378198.0,363765310.0,1.568,0.014171,0.023708,1.78,85.2191,52.6975,5.6539,6.5727,6.3894,0.0,,1475926818.0,1296931295.0,775191213.0,28972443437.0,25458761321.0,新型电力,公用事业,电力,风力发电,21.29,17.42,0.0
2023-01-31,30.62,31.02,30.56,30.98,30.78,0.1999999999999993,0.65,9714374.0,191041895.0,1.568,0.00749,0.012532,0.82,85.7834,53.0465,5.6913,6.6162,6.4317,0.0,,1475926818.0,1296931295.0,775191213.0,29164313924.0,25627362389.000004,新型电力,公用事业,电力,风力发电,21.59,17.67,0.0
2023-02-01,30.94,31.27,30.83,31.06,30.98,0.0799999999999983,0.26,11907904.0,235870961.0,1.568,0.009182,0.015361,1.05,86.0005,53.1807,5.7057,6.633,6.448,0.0,,1475926818.0,1296931295.0,775191213.0,29238110265.0,25692208954.0,新型电力,公用事业,电力,风力发电,21.74,17.78,0.0
2023-02-02,31.08,31.08,30.47,30.53,31.06,-0.5299999999999976,-1.71,13782915.0,269879071.0,1.568,0.010627,0.01778,1.13,84.5245,52.268,5.6078,6.5191,6.3373,0.0,,1475926818.0,1296931295.0,775191213.0,28736295146.0,25251252314.0,新型电力,公用事业,电力,风力发电,21.79,17.83,0.0
2023-02-03,30.53,30.56,29.79,30.17,30.53,-0.3599999999999994,-1.18,11401520.0,218929768.0,1.568,0.008791,0.014708,0.84,83.526,51.6505,5.5415,6.4421,6.2625,0.0,,1475926818.0,1296931295.0,775191213.0,28396831978.000004,24952958116.0,新型电力,公用事业,电力,风力发电,21.42,17.52,0.0
2023-02-06,29.98,30.15,29.81,30.03,30.17,-0.1400000000000005,-0.46,7458358.0,142559308.0,1.568,0.0057509999999999,0.009621,0.57,83.1352,51.4089,5.5156,6.412,6.2332,0.0,,1475926818.0,1296931295.0,775191213.0,28263998565.000004,24836234299.0,新型电力,公用事业,电力,风力发电,21.16,17.32,0.0
2023-02-07,29.73,29.79,28.51,29.04,30.03,-0.990000000000002,-3.3,30912848.0,571054722.0,1.568,0.023835,0.039878,2.85,80.4003,49.7176,5.3341,6.201,6.0281,0.0,,1475926818.0,1296931295.0,775191213.0,27334164669.0,24019167583.0,新型电力,公用事业,电力,风力发电,21.07,17.24,0.0
2023-02-08,29.04,29.71,28.88,29.12,29.04,0.0800000000000018,0.28,19773790.0,370349516.0,1.568,0.015247,0.025508,1.31,80.6173,49.8519,5.3485,6.2178,6.0444,0.0,,1475926818.0,1296931295.0,775191213.0,27407961010.0,24084014148.0,新型电力,公用事业,电力,风力发电,20.37,16.67,0.0
2023-02-09,28.87,29.01,28.15,28.98,29.12,-0.1400000000000005,-0.48,25852064.0,470737093.0,1.568,0.019933,0.033349,1.55,80.2266,49.6103,5.3226,6.1876,6.0151,0.0,,1475926818.0,1296931295.0,775191213.0,27275127597.0,23967290332.0,新型电力,公用事业,电力,风力发电,20.43,16.71,0.0
2023-02-10,28.85,28.93,28.52,28.66,28.98,-0.3200000000000003,-1.1,12505666.0,228866254.0,1.568,0.009643,0.016132,0.66,79.3583,49.0734,5.265,6.1207,5.95,0.0,,1475926818.0,1296931295.0,775191213.0,26979942233.0,23707904073.0,新型电力,公用事业,电力,风力发电,20.33,16.63,0.0
2023-02-13,28.6,28.76,28.41,28.54,28.66,-0.120000000000001,-0.42,13248466.0,241293945.0,1.568,0.010215,0.017091,0.69,79.011,48.8586,5.242,6.0939,5.924,0.0,,1475926818.0,1296931295.0,775191213.0,26861868088.000004,23604149569.0,新型电力,公用事业,电力,风力发电,20.11,16.45,0.0
2023-02-14,28.54,28.69,28.43,28.63,28.54,0.0899999999999998,0.32,11385069.0,207257765.0,1.568,0.008778,0.0146869999999999,0.56,79.2715,49.0197,5.2593,6.114,5.9435,0.0,,1475926818.0,1296931295.0,775191213.0,26950423697.0,23681965447.0,新型电力,公用事业,电力,风力发电,20.02,16.38,0.0
2023-02-15,28.62,28.76,28.24,28.4,28.63,-0.2300000000000004,-0.8,13342921.0,242113539.0,1.568,0.0102879999999999,0.017212,0.81,78.6203,48.617,5.2161,6.0637,5.8947,0.0,,1475926818.0,1296931295.0,775191213.0,26729034674.0,23487425752.0,新型电力,公用事业,电力,风力发电,20.09,16.43,0.0
2023-02-16,28.38,28.49,27.69,27.91,28.4,-0.4899999999999984,-1.73,20798015.0,372476508.0,1.568,0.0160359999999999,0.02683,1.36,77.2745,47.7848,5.1268,5.96,5.7938,0.0,,1475926818.0,1296931295.0,775191213.0,26271497360.0,23085377051.0,新型电力,公用事业,电力,风力发电,19.92,16.3,0.0
2023-02-17,27.85,27.96,27.6,27.75,27.91,-0.1600000000000001,-0.57,11532695.0,204374389.0,1.568,0.008892,0.014877,0.81,76.8404,47.5163,5.098,5.9265,5.7612,0.0,,1475926818.0,1296931295.0,775191213.0,26123904679.0,22955683922.0,新型电力,公用事业,电力,风力发电,19.58,16.02,0.0
2023-02-20,27.46,27.85,27.13,27.83,27.75,0.0799999999999983,0.29,14212650.0,249266355.0,1.568,0.010959,0.018334,1.01,77.0575,47.6505,5.1124,5.9432,5.7775,0.0,,1475926818.0,1296931295.0,775191213.0,26197701020.0,23020530486.0,新型电力,公用事业,电力,风力发电,19.47,15.93,0.0
2023-02-21,27.78,28.4,27.74,28.15,27.83,0.3200000000000003,1.15,13082654.0,234699705.0,1.568,0.0100869999999999,0.016877,0.92,77.9257,48.1875,5.17,6.0102,5.8426,0.0,,1475926818.0,1296931295.0,775191213.0,26492886383.000004,23279916745.000004,新型电力,公用事业,电力,风力发电,19.53,15.98,0.0
2023-02-22,28.07,28.11,27.8,27.89,28.15,-0.259999999999998,-0.92,8362848.0,148949399.0,1.568,0.006448,0.0107879999999999,0.57,77.2311,47.7579,5.1239,5.9566,5.7905,0.0,,1475926818.0,1296931295.0,775191213.0,26256738092.0,23072407738.0,新型电力,公用事业,电力,风力发电,19.75,16.16,0.0
2023-02-23,27.85,28.07,27.85,27.96,27.89,0.0700000000000002,0.25,6764210.000000001,120453520.0,1.568,0.0052159999999999,0.008726,0.5,77.4048,47.8653,5.1354,5.97,5.8035,0.0,,1475926818.0,1296931295.0,775191213.0,26315775165.0,23124284990.0,新型电力,公用事业,电力,风力发电,19.57,16.01,0.0
2023-02-24,28.02,28.21,27.91,28.18,27.96,0.2199999999999988,0.79,8329549.000000001,149074970.0,1.568,0.006423,0.010745,0.77,78.0126,48.2411,5.1757,6.0169,5.8491,0.0,,1475926818.0,1296931295.0,775191213.0,26522404919.0,23305855371.0,新型电力,公用事业,电力,风力发电,19.61,16.05,0.0
2023-02-27,28.38,28.79,28.24,28.68,28.18,0.5,1.77,18577123.0,338461718.0,1.568,0.0143239999999999,0.023965,1.83,79.4018,49.1002,5.2679,6.124,5.9533,0.0,,1475926818.0,1296931295.0,775191213.0,26994701501.000004,23720873386.0,新型电力,公用事业,电力,风力发电,19.77,16.17,0.0
2023-02-28,28.82,28.82,28.27,28.55,28.68,-0.129999999999999,-0.45,11046303.0,200353840.0,1.568,0.008517,0.01425,1.0,79.0545,48.8854,5.2449,6.0972,5.9272,0.0,,1475926818.0,1296931295.0,775191213.0,26876627356.0,23617118882.0,新型电力,公用事业,电力,风力发电,20.12,16.46,0.0
2023-03-01,28.52,28.55,28.3,28.51,28.55,-0.0399999999999991,-0.14,9777543.0,177059594.0,1.568,0.007539,0.012613,0.92,78.9242,48.8049,5.2362,6.0872,5.9175,0.0,,1475926818.0,1296931295.0,775191213.0,26832349551.0,23578210943.0,新型电力,公用事业,电力,风力发电,20.03,16.39,0.0
2023-03-02,28.43,28.46,27.97,28.0,28.51,-0.5100000000000016,-1.79,12153920.0,218236602.0,1.568,0.009371,0.015679,1.12,77.535,47.9458,5.1441,5.98,5.8133,0.0,,1475926818.0,1296931295.0,775191213.0,26360052969.0,23163192929.0,新型电力,公用事业,电力,风力发电,20.0,16.36,0.0
2023-03-03,28.0,28.18,27.83,27.93,28.0,-0.0700000000000002,-0.25,6716364.999999999,119767443.0,1.568,0.005179,0.008664,0.56,77.318,47.8116,5.1297,5.9633,5.797,0.0,,1475926818.0,1296931295.0,775191213.0,26286256629.0,23098346364.000004,新型电力,公用事业,电力,风力发电,19.65,16.07,0.0
2023-03-06,27.94,28.11,27.72,28.05,27.93,0.120000000000001,0.43,7999858.0,142695293.0,1.568,0.006168,0.01032,0.69,77.6653,48.0264,5.1527,5.9901,5.8231,0.0,,1475926818.0,1296931295.0,775191213.0,26404330774.0,23202100868.0,新型电力,公用事业,电力,风力发电,19.59,16.03,0.0
2023-03-07,27.99,28.04,27.44,27.44,28.05,-0.6099999999999994,-2.17,8512900.0,150480219.0,1.568,0.0065639999999999,0.010982,0.89,75.9722,46.9794,5.0404,5.8595,5.6961,0.0,,1475926818.0,1296931295.0,775191213.0,25828719315.0,22696297663.0,新型电力,公用事业,电力,风力发电,19.68,16.1,0.0
2023-03-08,27.44,27.68,27.3,27.68,27.44,0.2399999999999984,0.87,4769739.0,83677778.0,1.568,0.003678,0.006153,0.53,76.6234,47.3821,5.0836,5.9097,5.7449,0.0,,1475926818.0,1296931295.0,775191213.0,26050108338.0,22890837357.0,新型电力,公用事业,电力,风力发电,19.25,15.75,0.0
2023-03-09,27.66,27.85,27.52,27.53,27.68,-0.1499999999999985,-0.54,4995042.0,88134175.0,1.568,0.003851,0.006444,0.62,76.2326,47.1405,5.0576,5.8796,5.7156,0.0,,1475926818.0,1296931295.0,775191213.0,25917274924.0,22774113540.0,新型电力,公用事业,电力,风力发电,19.42,15.89,0.0
2023-03-10,27.44,27.5,26.64,26.7,27.53,-0.8300000000000018,-3.01,11673184.0,200330841.0,1.568,0.009001,0.015058,1.77,73.9318,45.7177,4.905,5.7021,5.5431,0.0,,1475926818.0,1296931295.0,775191213.0,25135033711.0,22086739954.0,新型电力,公用事业,电力,风力发电,19.32,15.8,0.0
2023-03-13,26.66,26.81,25.73,26.01,26.7,-0.6899999999999977,-2.58,13292649.0,220762557.0,1.568,0.010249,0.017148,1.75,72.0216,44.5365,4.7783,5.5548,5.3999,0.0,,1475926818.0,1296931295.0,775191213.0,24485625911.0,21516090184.0,新型电力,公用事业,电力,风力发电,18.73,15.33,0.0
2023-03-14,26.01,26.03,24.77,25.24,26.01,-0.7700000000000031,-2.96,21957386.0,353258333.0,1.568,0.01693,0.028325,2.54,69.8944,43.2211,4.6371,5.3907,5.2404,0.0,,1475926818.0,1296931295.0,775191213.0,23762421770.0,20880593850.0,新型电力,公用事业,电力,风力发电,18.25,14.93,0.0
2023-03-15,25.24,25.53,24.87,24.9,25.24,-0.3399999999999998,-1.35,15105874.0,241761377.0,1.568,0.011647,0.019487,1.33,68.9393,42.6305,4.5738,5.3171,5.1688,0.0,,1475926818.0,1296931295.0,775191213.0,23437717870.0,20595268965.0,新型电力,公用事业,电力,风力发电,17.71,14.49,0.0
2023-03-16,24.77,25.1,24.07,24.12,24.9,-0.7799999999999976,-3.13,15982464.000000002,249498812.0,1.568,0.0123229999999999,0.020617,1.19,66.7687,41.2882,4.4298,5.1497,5.0061,0.0,,1475926818.0,1296931295.0,775191213.0,22699754461.0,19946803317.0,新型电力,公用事业,电力,风力发电,17.47,14.29,0.0
2023-03-17,24.32,24.74,24.15,24.29,24.12,0.1699999999999981,0.7,15390737.0,239798724.0,1.568,0.011867,0.019854,0.99,67.2462,32.037,4.2585,5.1865,6.0141,0.0,,1475926818.0,1296931295.0,775191213.0,22862106411.0,20089465760.0,新型电力,公用事业,电力,风力发电,16.92,13.84,0.0
2023-03-20,24.19,24.55,23.91,24.26,24.29,-0.0299999999999975,-0.12,11765296.0,181448747.0,1.568,0.009072,0.015177,0.72,67.1594,31.9956,4.253,5.1798,6.0063,0.0,,1475926818.0,1296931295.0,775191213.0,22832587874.0,20063527134.0,新型电力,公用事业,电力,风力发电,17.04,13.94,0.0
2023-03-21,24.43,25.09,24.41,25.07,24.26,0.8099999999999987,3.34,15592472.0,246460772.0,1.568,0.0120229999999999,0.020114,0.97,69.4168,33.0711,4.3959,5.3539,6.2082,0.0,,1475926818.0,1296931295.0,775191213.0,23600069820.0,20737931407.0,新型电力,公用事业,电力,风力发电,17.02,13.92,0.0
2023-03-22,25.18,25.4,24.85,25.09,25.07,0.0199999999999995,0.08,11639608.0,186520583.0,1.568,0.008975,0.015015,0.79,69.4603,33.0918,4.3987,5.3573,6.2121,0.0,,1475926818.0,1296931295.0,775191213.0,23614829088.0,20750900720.0,新型电力,公用事业,电力,风力发电,17.59,14.39,0.0
2023-03-23,24.96,25.23,24.88,25.06,25.09,-0.0300000000000011,-0.12,8543424.0,136436148.0,1.568,0.0065869999999999,0.011021,0.61,69.3734,33.0504,4.3932,5.3506,6.2043,0.0,,1475926818.0,1296931295.0,775191213.0,23585310552.0,20724962094.0,新型电力,公用事业,电力,风力发电,17.6,14.4,0.0
2023-03-24,25.14,25.24,24.88,24.98,25.06,-0.0799999999999983,-0.32,9270396.0,148105242.0,1.568,0.007148,0.011959,0.74,69.1564,32.947,4.3794,5.3338,6.1849,0.0,,1475926818.0,1296931295.0,775191213.0,23511514211.0,20660115529.0,新型电力,公用事业,电力,风力发电,17.58,14.38,0.0
2023-03-27,24.93,24.99,24.65,24.81,24.98,-0.1700000000000017,-0.68,11734132.0,185551281.0,1.568,0.009048,0.015137,1.03,68.6788,32.7195,4.3492,5.297,6.1422,0.0,,1475926818.0,1296931295.0,775191213.0,23349162261.0,20517453087.0,新型电力,公用事业,电力,风力发电,17.52,14.34,0.0
2023-03-28,24.98,24.98,24.54,24.62,24.81,-0.1899999999999977,-0.77,8286800.0,130506484.0,1.568,0.00639,0.01069,0.73,68.1579,32.4713,4.3162,5.2568,6.0956,0.0,,1475926818.0,1296931295.0,775191213.0,23172051043.0,20361821332.0,新型电力,公用事业,电力,风力发电,17.4,14.24,0.0
2023-03-29,24.63,24.98,24.4,24.43,24.62,-0.1900000000000012,-0.77,9057277.0,142344894.0,1.568,0.006984,0.011684,0.92,67.6369,32.2231,4.2832,5.2166,6.049,0.0,,1475926818.0,1296931295.0,775191213.0,22994939824.0,20206189576.0,新型电力,公用事业,电力,风力发电,17.27,14.13,0.0
2023-03-30,24.43,24.7,24.23,24.62,24.43,0.1900000000000012,0.78,9609887.0,150132511.0,1.568,0.00741,0.012397,1.02,68.1579,32.4713,4.3162,5.2568,6.0956,0.0,,1475926818.0,1296931295.0,775191213.0,23172051043.0,20361821332.0,新型电力,公用事业,电力,风力发电,17.14,14.02,0.0
2023-03-31,24.7,25.21,24.68,24.96,24.62,0.3399999999999998,1.38,12688563.0,202010716.0,1.568,0.009784,0.016368,1.32,33.1043,33.1043,4.3798,6.181,6.181,0.0,,1475926818.0,1296931295.0,775191213.0,23496754943.0,20647146216.0,新型电力,公用事业,电力,风力发电,17.27,14.13,0.0
2023-04-03,24.96,25.64,24.65,25.43,24.96,0.4699999999999988,1.88,19713327.0,317104718.0,1.568,0.0152,0.02543,1.92,33.7281,33.7281,4.4623,6.2975,6.2975,0.0,,1475926818.0,1296931295.0,775191213.0,23939532988.0,21036225605.0,新型电力,公用事业,电力,风力发电,17.51,14.33,0.0
2023-04-04,25.48,25.48,24.85,25.15,25.43,-0.2800000000000011,-1.1,15534313.0,248371724.0,1.568,0.0119779999999999,0.0200389999999999,1.31,33.3538,33.3538,4.4128,6.2276,6.2276,0.0,,1475926818.0,1296931295.0,775191213.0,23673866161.000004,20802777972.0,新型电力,公用事业,电力,风力发电,17.84,14.6,0.0
2023-04-06,25.01,25.48,24.76,25.14,25.15,-0.009999999999998,-0.04,12411977.0,199621420.0,1.568,0.00957,0.016012,0.93,33.333,33.333,4.41,6.2238,6.2238,0.0,,1475926818.0,1296931295.0,775191213.0,23659106893.000004,20789808659.0,新型电力,公用事业,电力,风力发电,17.64,14.44,0.0
2023-04-07,25.09,25.32,24.52,24.57,25.14,-0.5700000000000003,-2.27,17490889.0,276327646.0,1.568,0.013486,0.022563,1.25,32.5844,32.5844,4.311,6.084,6.084,0.0,,1475926818.0,1296931295.0,775191213.0,23127773238.0,20322913393.0,新型电力,公用事业,电力,风力发电,17.63,14.43,0.0
2023-04-10,24.65,24.74,24.4,24.59,24.57,0.0199999999999995,0.08,11147989.0,174815308.0,1.568,0.008596,0.014381,0.72,32.6052,32.6052,4.3138,6.0879,6.0879,0.0,,1475926818.0,1296931295.0,775191213.0,23142532506.0,20335882706.0,新型电力,公用事业,电力,风力发电,17.24,14.1,0.0
2023-04-11,24.54,24.76,24.3,24.71,24.59,0.120000000000001,0.49,10493590.0,164348173.0,1.568,0.008091,0.0135369999999999,0.69,32.7716,32.7716,4.3358,6.1189,6.1189,0.0,,1475926818.0,1296931295.0,775191213.0,23260606652.0,20439637209.0,新型电力,公用事业,电力,风力发电,17.25,14.11,0.0
2023-04-12,24.71,24.77,24.19,24.24,24.71,-0.4700000000000024,-1.9,12086089.0,187670908.0,1.568,0.009319,0.0155909999999999,0.9,32.1477,32.1477,4.2532,6.0024,6.0024,0.0,,1475926818.0,1296931295.0,775191213.0,22817828606.0,20050557821.0,新型电力,公用事业,电力,风力发电,17.34,14.18,0.0
2023-04-13,24.24,24.35,23.91,23.91,24.24,-0.3299999999999983,-1.36,10510890.0,161120457.0,1.568,0.008104,0.013559,0.83,31.7111,31.7111,4.1955,5.9209,5.9209,0.0,,1475926818.0,1296931295.0,775191213.0,22507883975.0,19778202249.0,新型电力,公用事业,电力,风力发电,17.01,13.91,0.0
2023-04-14,23.68,25.09,23.61,24.81,23.91,0.8999999999999986,3.76,24711574.0,386917703.0,1.568,0.019054,0.031878,2.0,32.8963,32.8963,4.3523,6.1422,6.1422,0.0,,1475926818.0,1296931295.0,775191213.0,23349162261.0,20517453087.0,新型电力,公用事业,电力,风力发电,16.78,13.73,0.0
2023-04-17,24.81,25.01,24.68,24.9,24.81,0.0899999999999998,0.36,11681835.0,184985334.0,1.568,0.009007,0.0150699999999999,0.85,33.0211,33.0211,4.3688,6.1655,6.1655,0.0,,1475926818.0,1296931295.0,775191213.0,23437717870.0,20595268965.0,新型电力,公用事业,电力,风力发电,17.4,14.24,0.0
2023-04-18,24.93,25.51,24.57,24.65,24.9,-0.25,-1.0,18692397.0,298455495.0,1.568,0.014413,0.024113,1.35,32.6884,32.6884,4.3248,6.1034,6.1034,0.0,,1475926818.0,1296931295.0,775191213.0,23201569579.0,20387759957.0,新型电力,公用事业,电力,风力发电,17.47,14.29,0.0
2023-04-19,24.55,24.6,24.26,24.29,24.65,-0.3599999999999994,-1.46,10794798.0,167777399.0,1.568,0.008323,0.013925,0.69,32.2101,32.2101,4.2615,6.0141,6.0141,0.0,,1475926818.0,1296931295.0,775191213.0,22862106411.0,20089465760.0,新型电力,公用事业,电力,风力发电,17.29,14.15,0.0
2023-04-20,24.27,24.29,23.54,23.65,24.29,-0.6400000000000006,-2.63,13037762.0,197430141.0,1.568,0.010053,0.016819,0.85,31.3576,31.3576,4.1487,5.8549,5.8549,0.0,,1475926818.0,1296931295.0,775191213.0,22256976415.0,19557723929.0,新型电力,公用事业,电力,风力发电,17.04,13.94,0.0
2023-04-21,23.57,23.86,22.64,22.67,23.65,-0.9799999999999968,-4.14,17311735.0,255374359.0,1.568,0.013348,0.022332,1.1,30.0683,30.0683,3.9781,5.6142,5.6142,0.0,,1475926818.0,1296931295.0,775191213.0,21341901788.0,18753626526.0,新型电力,公用事业,电力,风力发电,16.59,13.57,0.0
2023-04-24,22.61,23.82,22.3,23.32,22.67,0.6499999999999986,2.87,15126364.000000002,223884641.0,1.568,0.011663,0.019513,1.06,30.9209,30.9209,4.0909,5.7734,5.7734,0.0,,1475926818.0,1296931295.0,775191213.0,21947031784.0,19285368357.0,新型电力,公用事业,电力,风力发电,15.91,13.01,0.0
2023-04-25,23.18,23.21,21.73,22.12,23.32,-1.1999999999999993,-5.15,19944386.0,281941607.0,1.568,0.015378,0.025728,1.33,29.3405,29.3405,3.8818,5.4783,5.4783,0.0,,1475926818.0,1296931295.0,775191213.0,20825327402.0,18299700572.0,新型电力,公用事业,电力,风力发电,16.36,13.38,0.0
2023-04-26,22.16,23.39,21.9,22.8,22.12,0.6799999999999997,3.07,16521401.999999998,240214682.0,1.568,0.012739,0.021313,1.08,30.2347,30.2347,4.0001,5.6452,5.6452,0.0,,1475926818.0,1296931295.0,775191213.0,21459975934.0,18857381029.0,新型电力,公用事业,电力,风力发电,15.52,12.7,0.0
2023-04-27,22.67,22.94,22.45,22.74,22.8,-0.0600000000000022,-0.26,10773400.0,155728886.0,1.568,0.008307,0.0138979999999999,0.66,30.1515,30.1515,3.9891,5.6297,5.6297,0.0,,1475926818.0,1296931295.0,775191213.0,21400938861.0,18805503778.0,新型电力,公用事业,电力,风力发电,15.99,13.09,0.0
2023-04-28,22.94,23.28,22.66,22.96,22.74,0.2200000000000024,0.97,12612104.0,184416013.0,1.568,0.009725,0.01627,0.79,30.4426,28.1711,3.828,5.6841,5.404,0.0,,1475926818.0,1296931295.0,775191213.0,21607568616.0,18987074159.0,新型电力,公用事业,电力,风力发电,15.95,13.05,0.0
2023-05-04,22.96,23.38,22.81,23.07,22.96,0.1099999999999994,0.48,13035013.0,191922150.0,1.568,0.010051,0.016815,0.87,30.5882,28.3058,3.8463,5.7113,5.4299,0.0,,1475926818.0,1296931295.0,775191213.0,21710883493.0,19077859349.0,新型电力,公用事业,电力,风力发电,16.1,13.18,0.0
2023-05-05,23.03,23.07,22.44,22.59,23.07,-0.4800000000000004,-2.08,11339563.0,164055231.0,1.568,0.0087429999999999,0.014628,0.78,29.9644,27.7285,3.7679,5.5948,5.3191,0.0,,1475926818.0,1296931295.0,775191213.0,21268105447.0,18688779961.0,新型电力,公用事业,电力,风力发电,16.18,13.24,0.0
2023-05-08,22.67,23.03,22.63,22.85,22.59,0.2600000000000015,1.15,9556473.0,139080029.0,1.568,0.007369,0.0123279999999999,0.74,30.2971,28.0364,3.8097,5.6569,5.3782,0.0,,1475926818.0,1296931295.0,775191213.0,21504253738.0,18896288968.0,新型电力,公用事业,电力,风力发电,15.85,12.97,0.0
2023-05-09,22.81,23.05,22.45,22.64,22.85,-0.2100000000000008,-0.92,10542300.0,152739294.0,1.568,0.0081289999999999,0.0136,0.92,30.0267,27.7863,3.7757,5.6064,5.3302,0.0,,1475926818.0,1296931295.0,775191213.0,21312383252.0,18727687900.0,新型电力,公用事业,电力,风力发电,16.03,13.11,0.0
2023-05-10,22.61,23.21,22.56,23.05,22.64,0.4100000000000001,1.81,10915100.0,159740407.0,1.568,0.008416,0.014081,0.96,30.5674,28.2866,3.8437,5.7074,5.4262,0.0,,1475926818.0,1296931295.0,775191213.0,21696124225.0,19064890037.0,新型电力,公用事业,电力,风力发电,15.88,13.0,0.0
2023-05-11,23.16,23.38,22.96,23.24,23.05,0.1899999999999977,0.82,9525970.0,140940683.0,1.568,0.007345,0.012289,0.86,30.8169,28.5175,3.8751,5.754,5.4705,0.0,,1475926818.0,1296931295.0,775191213.0,21873235443.0,19220521792.0,新型电力,公用事业,电力,风力发电,16.17,13.23,0.0
2023-05-12,23.19,23.63,22.8,22.85,23.24,-0.389999999999997,-1.68,12338489.0,181490175.0,1.568,0.009514,0.015917,1.19,30.2971,28.0364,3.8097,5.6569,5.3782,0.0,,1475926818.0,1296931295.0,775191213.0,21504253738.0,18896288968.0,新型电力,公用事业,电力,风力发电,16.3,13.34,0.0
2023-05-15,22.91,24.51,22.91,24.51,22.85,1.66,7.26,36327007.0,555222200.0,1.568,0.02801,0.046862,3.43,32.5012,30.0761,4.0869,6.0684,5.7695,0.0,,1475926818.0,1296931295.0,775191213.0,23068736165.0,20271036141.0,新型电力,公用事业,电力,风力发电,16.03,13.11,0.0
2023-05-16,24.51,24.51,23.86,24.04,24.51,-0.4700000000000024,-1.92,23455751.0,360685807.0,1.568,0.018086,0.0302579999999999,1.47,31.8774,29.4988,4.0085,5.952,5.6587,0.0,,1475926818.0,1296931295.0,775191213.0,22625958120.0,19881956752.0,新型电力,公用事业,电力,风力发电,17.19,14.07,0.0
2023-05-17,24.04,24.27,23.69,24.13,24.04,0.0899999999999998,0.37,13528741.0,206985786.0,1.568,0.010431,0.017452,0.73,32.0022,29.6143,4.0241,5.9753,5.6809,0.0,,1475926818.0,1296931295.0,775191213.0,22714513729.0,19959772630.0,新型电力,公用事业,电力,风力发电,16.86,13.8,0.0
2023-05-18,24.13,24.13,23.46,23.72,24.13,-0.4100000000000001,-1.7,15062960.0,227901352.0,1.568,0.011614,0.019431,0.79,31.4615,29.114,3.9562,5.8743,5.5849,0.0,,1475926818.0,1296931295.0,775191213.0,22330772756.0,19622570493.0,新型电力,公用事业,电力,风力发电,16.93,13.85,0.0
2023-05-19,23.69,23.69,23.25,23.43,23.72,-0.2899999999999991,-1.22,8616367.0,128693047.0,1.568,0.006644,0.011115,0.43,31.0664,28.7484,3.9065,5.8006,5.5148,0.0,,1475926818.0,1296931295.0,775191213.0,22050346661.0,19376153547.0,新型电力,公用事业,电力,风力发电,16.64,13.62,0.0
2023-05-22,23.44,23.88,23.22,23.76,23.43,0.3300000000000018,1.41,12672476.0,191360355.0,1.568,0.009771,0.016348,0.65,31.5031,29.1525,3.9614,5.8821,5.5923,0.0,,1475926818.0,1296931295.0,775191213.0,22360291293.0,19648509119.0,新型电力,公用事业,电力,风力发电,16.43,13.45,0.0
2023-05-23,23.77,23.96,23.43,23.46,23.76,-0.3000000000000007,-1.26,11013790.0,166145396.0,1.568,0.008492,0.014208,0.75,31.108,28.7869,3.9117,5.8083,5.5221,0.0,,1475926818.0,1296931295.0,775191213.0,22079865197.0,19402092173.0,新型电力,公用事业,电力,风力发电,16.67,13.64,0.0
2023-05-24,23.22,23.55,23.02,23.05,23.46,-0.4100000000000001,-1.75,11035281.0,163629887.0,1.568,0.008509,0.014236,0.91,30.5674,28.2866,3.8437,5.7074,5.4262,0.0,,1475926818.0,1296931295.0,775191213.0,21696124225.0,19064890037.0,新型电力,公用事业,电力,风力发电,16.46,13.46,0.0
2023-05-25,22.89,23.24,22.59,23.03,23.05,-0.0199999999999995,-0.09,11095636.0,162542348.0,1.568,0.008555,0.014313,0.95,30.5466,28.2673,3.8411,5.7035,5.4225,0.0,,1475926818.0,1296931295.0,775191213.0,21681364956.0,19051920724.0,新型电力,公用事业,电力,风力发电,16.17,13.23,0.0
2023-05-26,23.05,23.13,22.3,22.41,23.03,-0.620000000000001,-2.69,13658140.0,196218735.0,1.568,0.0105309999999999,0.017619,1.25,29.7148,27.4976,3.7365,5.5482,5.2748,0.0,,1475926818.0,1296931295.0,775191213.0,21090994229.0,18533148206.0,新型电力,公用事业,电力,风力发电,16.16,13.22,0.0
2023-05-29,22.38,22.5,21.92,21.94,22.41,-0.4699999999999988,-2.1,12934326.0,182201416.0,1.568,0.009973,0.016685,1.09,29.091,26.9203,3.6581,5.4317,5.1641,0.0,,1475926818.0,1296931295.0,775191213.0,20648216184.0,18144068817.0,新型电力,公用事业,电力,风力发电,15.72,12.86,0.0
2023-05-30,21.97,22.49,21.92,22.2,21.94,0.259999999999998,1.19,11713089.0,165542832.0,1.568,0.009031,0.0151099999999999,0.98,29.4445,27.2475,3.7025,5.4977,5.2268,0.0,,1475926818.0,1296931295.0,775191213.0,20899123743.0,18364547137.0,新型电力,公用事业,电力,风力发电,15.39,12.59,0.0
2023-05-31,22.11,22.14,21.65,21.97,22.2,-0.2300000000000004,-1.04,10972356.0,152508494.0,1.568,0.00846,0.014154,0.91,29.1326,26.9588,3.6633,5.4395,5.1715,0.0,,1475926818.0,1296931295.0,775191213.0,20677734720.0,18170007443.0,新型电力,公用事业,电力,风力发电,15.58,12.74,0.0
2023-06-01,21.86,22.14,21.62,22.0,21.97,0.0300000000000011,0.14,9378966.0,131542377.0,1.568,0.007232,0.012099,0.78,29.1742,26.9973,3.6685,5.4472,5.1789,0.0,,1475926818.0,1296931295.0,775191213.0,20707253257.0,18195946069.0,新型电力,公用事业,电力,风力发电,15.41,12.61,0.0
2023-06-02,22.01,23.83,21.98,23.35,22.0,1.3500000000000014,6.14,32424285.0,476484169.0,1.568,0.025001,0.0418269999999999,2.76,30.9625,28.6522,3.8934,5.7811,5.4963,0.0,,1475926818.0,1296931295.0,775191213.0,21976550320.0,19311306983.0,新型电力,公用事业,电力,风力发电,15.43,12.63,0.0
2023-06-05,23.24,23.65,23.11,23.38,23.35,0.0299999999999975,0.13,16516167.000000002,246229925.0,1.568,0.012735,0.021306,1.07,31.0041,28.6907,3.8986,5.7889,5.5037,0.0,,1475926818.0,1296931295.0,775191213.0,22006068856.0,19337245608.0,新型电力,公用事业,电力,风力发电,16.38,13.4,0.0
2023-06-06,23.38,23.38,22.47,22.55,23.38,-0.8299999999999983,-3.55,13000515.0,189369824.0,1.568,0.010024,0.016771,0.8,29.902,27.6708,3.7601,5.5831,5.3081,0.0,,1475926818.0,1296931295.0,775191213.0,21223827643.0,18649872022.0,新型电力,公用事业,电力,风力发电,16.4,13.42,0.0
2023-06-07,22.69,22.85,22.11,22.23,22.55,-0.3200000000000003,-1.42,8611141.0,122606827.0,1.568,0.00664,0.011108,0.52,29.4861,27.2859,3.7078,5.5055,5.2342,0.0,,1475926818.0,1296931295.0,775191213.0,20928642279.0,18390485763.0,新型电力,公用事业,电力,风力发电,15.82,12.94,0.0
2023-06-08,22.25,22.83,22.23,22.3,22.23,0.0700000000000002,0.31,12512847.0,179531985.0,1.568,0.009648,0.016142,0.78,29.5693,27.3629,3.7182,5.521,5.249,0.0,,1475926818.0,1296931295.0,775191213.0,20987679352.0,18442363015.0,新型电力,公用事业,电力,风力发电,15.6,12.76,0.0
2023-06-09,22.23,22.67,22.12,22.34,22.3,0.0399999999999991,0.18,13813207.999999998,196933270.0,1.568,0.0106509999999999,0.017819,0.83,29.6317,27.4206,3.7261,5.5327,5.2601,0.0,,1475926818.0,1296931295.0,775191213.0,21031957157.0,18481270954.0,新型电力,公用事业,电力,风力发电,15.64,12.8,0.0
2023-06-12,22.34,22.45,22.06,22.38,22.34,0.0399999999999991,0.18,9696033.0,137520389.0,1.568,0.007476,0.0125079999999999,0.75,29.6732,27.4591,3.7313,5.5404,5.2675,0.0,,1475926818.0,1296931295.0,775191213.0,21061475693.0,18507209580.0,新型电力,公用事业,电力,风力发电,15.68,12.83,0.0
2023-06-13,22.36,22.47,22.2,22.23,22.38,-0.1499999999999985,-0.67,8308200.0,118085470.0,1.568,0.0064059999999999,0.010718,0.72,29.4861,27.2859,3.7078,5.5055,5.2342,0.0,,1475926818.0,1296931295.0,775191213.0,20928642279.0,18390485763.0,新型电力,公用事业,电力,风力发电,15.7,12.84,0.0
2023-06-14,22.3,22.36,21.95,22.0,22.23,-0.2300000000000004,-1.03,10014460.0,140997419.0,1.568,0.007722,0.012919,0.95,29.1742,26.9973,3.6685,5.4472,5.1789,0.0,,1475926818.0,1296931295.0,775191213.0,20707253257.0,18195946069.0,新型电力,公用事业,电力,风力发电,15.6,12.76,0.0
2023-06-15,22.01,22.64,21.87,22.59,22.0,0.5899999999999999,2.68,16556210.999999998,236039199.0,1.568,0.012766,0.021358,1.52,29.9644,27.7285,3.7679,5.5948,5.3191,0.0,,1475926818.0,1296931295.0,775191213.0,21268105447.0,18688779961.0,新型电力,公用事业,电力,风力发电,15.43,12.63,0.0
2023-06-16,22.56,22.75,22.36,22.63,22.59,0.0399999999999991,0.18,11707544.0,168418591.0,1.568,0.009027,0.015103,1.0,30.0059,27.767,3.7731,5.6025,5.3265,0.0,,1475926818.0,1296931295.0,775191213.0,21297623984.0,18714718587.0,新型电力,公用事业,电力,风力发电,15.85,12.97,0.0
2023-06-19,22.56,22.61,22.25,22.27,22.63,-0.3599999999999994,-1.59,9280034.0,132423748.0,1.568,0.007155,0.011971,0.82,29.5277,27.3244,3.713,5.5132,5.2416,0.0,,1475926818.0,1296931295.0,775191213.0,20958160816.0,18416424389.0,新型电力,公用事业,电力,风力发电,15.87,12.99,0.0
2023-06-20,22.3,22.38,22.11,22.16,22.27,-0.1099999999999994,-0.49,7795589.0,110375786.0,1.568,0.006011,0.010056,0.7,29.3821,27.1897,3.6947,5.4861,5.2158,0.0,,1475926818.0,1296931295.0,775191213.0,20854845938.0,18325639198.0,新型电力,公用事业,电力,风力发电,15.62,12.78,0.0
2023-06-21,22.2,22.38,21.73,21.76,22.16,-0.3999999999999986,-1.81,12843017.0,180065017.0,1.568,0.009903,0.016568,1.16,28.8623,26.7087,3.6293,5.389,5.1235,0.0,,1475926818.0,1296931295.0,775191213.0,20485864234.0,18001406375.0,新型电力,公用事业,电力,风力发电,15.54,12.72,0.0
2023-06-26,21.73,22.23,21.64,21.9,21.76,0.139999999999997,0.64,11625615.0,162751450.0,1.568,0.008964,0.014997,1.0,29.0494,26.8819,3.6528,5.4239,5.1567,0.0,,1475926818.0,1296931295.0,775191213.0,20618697647.0,18118130191.0,新型电力,公用事业,电力,风力发电,15.27,12.49,0.0
2023-06-27,21.94,22.45,21.64,22.44,21.9,0.5400000000000027,2.47,17719218.0,249536456.0,1.568,0.013662,0.022858,1.66,29.7564,27.5361,3.7417,5.5559,5.2822,0.0,,1475926818.0,1296931295.0,775191213.0,21120512766.0,18559086831.0,新型电力,公用事业,电力,风力发电,15.37,12.57,0.0
2023-06-28,22.27,22.61,22.19,22.41,22.44,-0.0300000000000011,-0.13,11486032.0,164182218.0,1.568,0.008856,0.014817,0.97,29.7148,27.4976,3.7365,5.5482,5.2748,0.0,,1475926818.0,1296931295.0,775191213.0,21090994229.0,18533148206.0,新型电力,公用事业,电力,风力发电,15.74,12.88,0.0
2023-06-29,22.28,22.39,22.09,22.11,22.41,-0.3000000000000007,-1.34,8901434.0,125921514.0,1.568,0.006863,0.011483,0.72,29.3197,27.132,3.6868,5.4744,5.2047,0.0,,1475926818.0,1296931295.0,775191213.0,20810568134.0,18286731260.0,新型电力,公用事业,电力,风力发电,15.72,12.86,0.0
2023-06-30,22.11,22.67,22.11,22.58,22.11,0.4699999999999988,2.13,15531519.0,222920145.0,1.568,0.011976,0.020036,1.24,29.9436,27.7093,3.7653,5.5909,5.3154,0.0,,1475926818.0,1296931295.0,775191213.0,21253346179.0,18675810648.0,新型电力,公用事业,电力,风力发电,15.51,12.69,0.0
2023-07-03,22.7,22.97,22.61,22.72,22.58,0.1400000000000005,0.62,12979771.0,188477483.0,1.568,0.010008,0.016744,0.99,30.1307,27.8825,3.7888,5.6258,5.3487,0.0,,1475926818.0,1296931295.0,775191213.0,21386179593.000004,18792534465.0,新型电力,公用事业,电力,风力发电,15.84,12.96,0.0
2023-07-04,22.7,22.81,22.49,22.75,22.72,0.0300000000000011,0.13,11531565.0,166482914.0,1.568,0.008891,0.014876,0.87,30.1723,27.921,3.794,5.6336,5.356,0.0,,1475926818.0,1296931295.0,775191213.0,21415698129.0,18818473090.0,新型电力,公用事业,电力,风力发电,15.94,13.04,0.0
2023-07-05,22.88,23.99,22.88,23.66,22.75,0.91,4.0,38402350.0,577219999.0,1.568,0.0296099999999999,0.049539,3.18,31.3784,29.037,3.9457,5.8588,5.5701,0.0,,1475926818.0,1296931295.0,775191213.0,22271735684.000004,19570693242.0,新型电力,公用事业,电力,风力发电,15.96,13.06,0.0
2023-07-06,23.55,23.61,23.13,23.36,23.66,-0.3000000000000007,-1.27,19533499.0,290212584.0,1.568,0.015061,0.025198,1.12,30.9833,28.6714,3.896,5.785,5.5,0.0,,1475926818.0,1296931295.0,775191213.0,21991309588.0,19324276296.0,新型电力,公用事业,电力,风力发电,16.6,13.58,0.0
2023-07-07,23.21,23.55,23.07,23.19,23.36,-0.1699999999999981,-0.73,13438744.0,199685477.0,1.568,0.010362,0.017336,0.69,30.7545,28.4597,3.8673,5.7423,5.4594,0.0,,1475926818.0,1296931295.0,775191213.0,21828957638.0,19181613853.0,新型电力,公用事业,电力,风力发电,16.39,13.41,0.0
2023-07-10,23.5,24.07,23.46,23.76,23.19,0.5700000000000003,2.46,21472261.0,326046068.0,1.568,0.016556,0.0276989999999999,1.12,31.5031,29.1525,3.9614,5.8821,5.5923,0.0,,1475926818.0,1296931295.0,775191213.0,22360291293.0,19648509119.0,新型电力,公用事业,电力,风力发电,16.27,13.31,0.0
2023-07-11,23.76,23.77,23.21,23.52,23.76,-0.240000000000002,-1.01,13800285.999999998,205876843.0,1.568,0.010641,0.017802,0.66,31.1912,28.8638,3.9222,5.8238,5.5369,0.0,,1475926818.0,1296931295.0,775191213.0,22138902270.0,19453969425.0,新型电力,公用事业,电力,风力发电,16.67,13.64,0.0
2023-07-12,23.39,23.55,23.21,23.22,23.52,-0.3000000000000007,-1.28,11938193.0,177629505.0,1.568,0.009205,0.0154,0.56,30.7961,28.4982,3.8725,5.7501,5.4668,0.0,,1475926818.0,1296931295.0,775191213.0,21858476175.0,19207552479.0,新型电力,公用事业,电力,风力发电,16.5,13.5,0.0
2023-07-13,23.33,23.52,23.22,23.3,23.22,0.0800000000000018,0.34,8438173.0,125522754.0,1.568,0.006506,0.010885,0.53,30.9001,28.5944,3.8856,5.7695,5.4852,0.0,,1475926818.0,1296931295.0,775191213.0,21932272515.0,19272399044.0,新型电力,公用事业,电力,风力发电,16.29,13.33,0.0
2023-07-14,23.21,23.21,22.81,22.91,23.3,-0.3900000000000005,-1.67,10858846.0,158808665.0,1.568,0.008373,0.014008,0.79,30.3802,28.1134,3.8202,5.6724,5.393,0.0,,1475926818.0,1296931295.0,775191213.0,21563290811.0,18948166220.0,新型电力,公用事业,电力,风力发电,16.35,13.37,0.0
2023-07-17,22.97,23.21,22.88,23.03,22.91,0.120000000000001,0.52,7316660.000000001,107452484.0,1.568,0.005642,0.009439,0.55,30.5466,28.2673,3.8411,5.7035,5.4225,0.0,,1475926818.0,1296931295.0,775191213.0,21681364956.0,19051920724.0,新型电力,公用事业,电力,风力发电,16.07,13.15,0.0
2023-07-18,22.91,23.08,22.66,22.99,23.03,-0.0400000000000027,-0.17,9091919.0,132489908.0,1.568,0.00701,0.011729,0.87,30.4842,28.2096,3.8333,5.6918,5.4114,0.0,,1475926818.0,1296931295.0,775191213.0,21637087152.0,19013012785.0,新型电力,公用事业,电力,风力发电,16.16,13.22,0.0
2023-07-19,22.85,23.16,22.83,22.94,22.99,-0.0499999999999971,-0.22,5514102.0,80729028.0,1.568,0.004252,0.007113,0.58,30.4218,28.1519,3.8254,5.6802,5.4003,0.0,,1475926818.0,1296931295.0,775191213.0,21592809347.0,18974104846.0,新型电力,公用事业,电力,风力发电,16.13,13.19,0.0
2023-07-20,22.99,23.49,22.96,23.3,22.94,0.3599999999999994,1.57,14718885.0,218308211.0,1.568,0.011349,0.018987,1.79,30.9001,28.5944,3.8856,5.7695,5.4852,0.0,,1475926818.0,1296931295.0,775191213.0,21932272515.0,19272399044.0,新型电力,公用事业,电力,风力发电,16.09,13.17,0.0
2023-07-21,23.14,23.27,22.86,23.02,23.3,-0.2800000000000011,-1.2,9173591.0,134826639.0,1.568,0.007073,0.011834,0.97,30.5258,28.2481,3.8385,5.6996,5.4188,0.0,,1475926818.0,1296931295.0,775191213.0,21666605688.0,19038951411.0,新型电力,公用事业,电力,风力发电,16.35,13.37,0.0
2023-07-24,23.0,23.02,22.09,22.11,23.02,-0.91,-3.95,13968935.999999998,198965008.0,1.568,0.010771,0.01802,1.52,29.3197,27.132,3.6868,5.4744,5.2047,0.0,,1475926818.0,1296931295.0,775191213.0,20810568134.0,18286731260.0,新型电力,公用事业,电力,风力发电,16.15,13.21,0.0
2023-07-25,22.34,22.7,22.34,22.58,22.11,0.4699999999999988,2.13,14789640.0,212840267.0,1.568,0.011404,0.019079,1.41,29.9436,27.7093,3.7653,5.5909,5.3154,0.0,,1475926818.0,1296931295.0,775191213.0,21253346179.0,18675810648.0,新型电力,公用事业,电力,风力发电,15.51,12.69,0.0
2023-07-26,22.58,22.85,22.42,22.55,22.58,-0.0299999999999975,-0.13,8234300.0,118927497.0,1.568,0.006349,0.010622,0.71,29.902,27.6708,3.7601,5.5831,5.3081,0.0,,1475926818.0,1296931295.0,775191213.0,21223827643.0,18649872022.0,新型电力,公用事业,电力,风力发电,15.84,12.96,0.0
2023-07-27,22.7,22.7,22.14,22.27,22.55,-0.2800000000000011,-1.24,8665775.0,123808492.0,1.568,0.006682,0.011179,0.71,29.5277,27.3244,3.713,5.5132,5.2416,0.0,,1475926818.0,1296931295.0,775191213.0,20958160816.0,18416424389.0,新型电力,公用事业,电力,风力发电,15.82,12.94,0.0
2023-07-28,22.2,22.52,22.06,22.47,22.27,0.1999999999999993,0.9,6307804.0,89911538.0,1.568,0.004864,0.008137,0.58,29.798,27.5746,3.747,5.5637,5.2896,0.0,,1475926818.0,1296931295.0,775191213.0,21150031302.0,18585025457.0,新型电力,公用事业,电力,风力发电,15.62,12.78,0.0
2023-07-31,22.55,23.05,22.5,22.86,22.47,0.3900000000000005,1.74,12255258.0,178399170.0,1.568,0.0094489999999999,0.015809,1.18,30.3179,28.0556,3.8123,5.6608,5.3819,0.0,,1475926818.0,1296931295.0,775191213.0,21519013006.000004,18909258281.0,新型电力,公用事业,电力,风力发电,15.76,12.9,0.0
2023-08-01,22.74,22.85,22.66,22.8,22.86,-0.0599999999999987,-0.26,6302300.0,91444352.0,1.568,0.004859,0.00813,0.63,30.2347,27.9787,3.8019,5.6452,5.3671,0.0,,1475926818.0,1296931295.0,775191213.0,21459975934.0,18857381029.0,新型电力,公用事业,电力,风力发电,16.04,13.12,0.0
2023-08-02,22.77,22.78,22.53,22.56,22.8,-0.240000000000002,-1.05,5948689.0,85824402.0,1.568,0.004587,0.0076739999999999,0.71,29.9228,27.69,3.7627,5.587,5.3117,0.0,,1475926818.0,1296931295.0,775191213.0,21238586911.0,18662841335.0,新型电力,公用事业,电力,风力发电,15.99,13.09,0.0
2023-08-03,22.56,22.75,22.47,22.61,22.56,0.0500000000000007,0.22,6850439.999999999,98840373.0,1.568,0.005282,0.008837,0.87,29.9852,27.7478,3.7705,5.5987,5.3228,0.0,,1475926818.0,1296931295.0,775191213.0,21282864716.0,18701749274.0,新型电力,公用事业,电力,风力发电,15.83,12.95,0.0
2023-08-04,22.74,22.91,22.63,22.7,22.61,0.0899999999999998,0.4,8314035.000000001,120621943.0,1.568,0.006411,0.010725,1.1,30.1099,27.8632,3.7862,5.622,5.345,0.0,,1475926818.0,1296931295.0,775191213.0,21371420325.000004,18779565152.0,新型电力,公用事业,电力,风力发电,15.86,12.98,0.0
2023-08-07,22.85,22.86,22.63,22.78,22.7,0.0800000000000018,0.35,5845285.0,84753704.0,1.568,0.004507,0.00754,0.74,30.2139,25.7031,3.6802,5.6414,5.1932,0.0,,1475926818.0,1296931295.0,775191213.0,21445216666.0,18844411716.0,新型电力,公用事业,电力,风力发电,15.93,13.03,0.0
2023-08-08,22.8,22.8,22.36,22.56,22.78,-0.2200000000000024,-0.97,6749742.0,97081902.0,1.568,0.0052039999999999,0.008707,1.01,29.9228,25.4555,3.6447,5.587,5.1432,0.0,,1475926818.0,1296931295.0,775191213.0,21238586911.0,18662841335.0,新型电力,公用事业,电力,风力发电,15.98,13.08,0.0
2023-08-09,22.47,22.61,22.39,22.45,22.56,-0.1099999999999994,-0.49,4614300.0,66096303.0,1.568,0.003558,0.005952,0.68,29.7772,25.3316,3.627,5.5598,5.1181,0.0,,1475926818.0,1296931295.0,775191213.0,21135272034.0,18572056144.0,新型电力,公用事业,电力,风力发电,15.83,12.95,0.0
2023-08-10,22.58,22.81,22.52,22.55,22.45,0.1000000000000014,0.45,4605300.0,66421789.00000001,1.568,0.003551,0.0059409999999999,0.71,29.902,25.4378,3.6422,5.5831,5.1396,0.0,,1475926818.0,1296931295.0,775191213.0,21223827643.0,18649872022.0,新型电力,公用事业,电力,风力发电,15.75,12.89,0.0
2023-08-11,22.67,22.72,22.0,22.06,22.55,-0.490000000000002,-2.17,9312441.0,132117977.0,1.568,0.00718,0.012013,1.55,29.2574,24.8894,3.5637,5.4628,5.0288,0.0,,1475926818.0,1296931295.0,775191213.0,20766290329.0,18247823321.0,新型电力,公用事业,电力,风力发电,15.82,12.94,0.0
2023-08-14,21.95,22.05,21.76,21.92,22.06,-0.139999999999997,-0.63,8565044.0,119418150.0,1.568,0.006604,0.011049,1.38,29.0702,24.7302,3.5409,5.4278,4.9966,0.0,,1475926818.0,1296931295.0,775191213.0,20633456916.0,18131099504.0,新型电力,公用事业,电力,风力发电,15.48,12.66,0.0
2023-08-15,21.89,22.0,21.43,21.62,21.92,-0.3000000000000007,-1.37,7546456.0,104549631.0,1.568,0.0058189999999999,0.009735,1.11,28.6751,24.3941,3.4928,5.3541,4.9287,0.0,,1475926818.0,1296931295.0,775191213.0,20353030820.0,17884682558.0,新型电力,公用事业,电力,风力发电,15.38,12.58,0.0
2023-08-16,21.58,21.73,21.43,21.62,21.62,0.0,0.0,4889796.0,67441066.0,1.568,0.00377,0.006308,0.71,28.6751,24.3941,3.4928,5.3541,4.9287,0.0,,1475926818.0,1296931295.0,775191213.0,20353030820.0,17884682558.0,新型电力,公用事业,电力,风力发电,15.17,12.41,0.0
2023-08-17,21.61,21.8,21.25,21.73,21.62,0.1099999999999994,0.51,6635947.0,91119887.0,1.568,0.005117,0.00856,0.95,28.8207,24.5179,3.5105,5.3812,4.9537,0.0,,1475926818.0,1296931295.0,775191213.0,20456345697.0,17975467749.0,新型电力,公用事业,电力,风力发电,15.17,12.41,0.0
2023-08-18,21.72,21.84,21.26,21.28,21.73,-0.4499999999999993,-2.07,5557817.0,76231406.0,1.568,0.004285,0.0071699999999999,0.75,28.2176,24.0049,3.4371,5.2686,4.8501,0.0,,1475926818.0,1296931295.0,775191213.0,20028326920.0,17599357673.0,新型电力,公用事业,电力,风力发电,15.25,12.47,0.0
2023-08-21,21.28,21.42,20.76,20.78,21.28,-0.5,-2.35,7222225.999999999,97055863.0,1.568,0.0055689999999999,0.0093169999999999,1.09,27.5522,23.4388,3.356,5.1444,4.7357,0.0,,1475926818.0,1296931295.0,775191213.0,19556030339.0,17184339659.0,新型电力,公用事业,电力,风力发电,14.93,12.21,0.0
2023-08-22,20.81,21.0,19.8,20.29,20.78,-0.490000000000002,-2.36,14725232.999999998,190234635.0,1.568,0.011354,0.018996,2.31,26.9076,22.8905,3.2775,5.024,4.6249,0.0,,1475926818.0,1296931295.0,775191213.0,19098493025.0,16782290957.0,新型电力,公用事业,电力,风力发电,14.58,11.93,0.0
2023-08-23,20.31,20.32,19.57,19.57,20.29,-0.7199999999999989,-3.55,9297805.0,117704100.0,1.568,0.007169,0.011994,1.19,25.9511,22.0767,3.161,4.8454,4.4605,0.0,,1475926818.0,1296931295.0,775191213.0,18419566689.0,16185702562.0,新型电力,公用事业,电力,风力发电,14.23,11.65,0.0
2023-08-24,19.57,19.84,19.33,19.54,19.57,-0.0300000000000011,-0.15,6698678.999999999,83778586.0,1.568,0.0051649999999999,0.008641,0.77,25.9095,22.0414,3.1559,4.8377,4.4534,0.0,,1475926818.0,1296931295.0,775191213.0,18390048152.0,16159763936.0,新型电力,公用事业,电力,风力发电,13.73,11.23,0.0
2023-08-25,19.47,19.8,19.26,19.32,19.54,-0.2199999999999988,-1.13,7656597.0,95021334.0,1.568,0.005904,0.009877,0.88,25.6184,21.7937,3.1205,4.7833,4.4033,0.0,,1475926818.0,1296931295.0,775191213.0,18183418398.0,15978193554.0,新型电力,公用事业,电力,风力发电,13.71,11.21,0.0
2023-08-28,20.46,20.59,19.76,19.84,19.32,0.5199999999999996,2.69,19536737.0,252863247.0,1.568,0.015064,0.025202,2.14,26.3046,22.3775,3.204,4.9114,4.5213,0.0,,1475926818.0,1296931295.0,775191213.0,18670474248.0,16406180882.000002,新型电力,公用事业,电力,风力发电,13.55,11.09,0.0
2023-08-29,19.84,20.2,19.74,20.09,19.84,0.25,1.26,10019800.0,127590285.0,1.568,0.0077259999999999,0.012926,0.87,26.6373,22.6605,3.2446,4.9736,4.5785,0.0,,1475926818.0,1296931295.0,775191213.0,18906622539.0,16613689889.0,新型电力,公用事业,电力,风力发电,13.92,11.39,0.0
2023-08-30,20.2,20.29,19.93,20.02,20.09,-0.0700000000000002,-0.35,7171700.0,91832560.0,1.568,0.00553,0.009252,0.67,26.5541,22.5897,3.2344,4.958,4.5642,0.0,,1475926818.0,1296931295.0,775191213.0,18847585466.0,16561812637.0,新型电力,公用事业,电力,风力发电,14.09,11.53,0.0
2023-08-31,20.02,20.05,19.74,19.8,20.02,-0.2199999999999988,-1.1,6497032.0,82212862.0,1.568,0.00501,0.008381,0.64,26.263,22.3441,3.199,4.9037,4.5149,0.0,,1475926818.0,1296931295.0,775191213.0,18640955711.0,16380242256.0,新型电力,公用事业,电力,风力发电,14.05,11.49,0.0
2023-09-01,19.8,19.96,19.65,19.96,19.8,0.1600000000000001,0.81,5059116.0,63955010.0,1.568,0.003901,0.006526,0.5,26.4709,22.521,3.2243,4.9425,4.5506,0.0,,1475926818.0,1296931295.0,775191213.0,18788548393.0,16509935385.0,新型电力,公用事业,电力,风力发电,13.89,11.37,0.0
2023-09-04,20.09,20.48,19.94,20.32,19.96,0.3599999999999994,1.8,11088446.0,143302853.0,1.568,0.00855,0.0143039999999999,1.15,26.9492,22.9279,3.2826,5.0318,4.6328,0.0,,1475926818.0,1296931295.0,775191213.0,19128011561.0,16808229583.0,新型电力,公用事业,电力,风力发电,14.0,11.46,0.0
2023-09-05,20.24,20.37,20.12,20.31,20.32,-0.0100000000000015,-0.05,6700745.0,86610897.0,1.568,0.005167,0.0086439999999999,0.84,26.9284,22.9102,3.2801,5.0279,4.6293,0.0,,1475926818.0,1296931295.0,775191213.0,19113252293.0,16795260270.0,新型电力,公用事业,电力,风力发电,14.26,11.66,0.0
2023-09-06,20.23,20.42,20.16,20.37,20.31,0.0600000000000022,0.3,6763700.0,87533659.0,1.568,0.005215,0.008725,0.93,27.0116,22.981,3.2902,5.0435,4.6436,0.0,,1475926818.0,1296931295.0,775191213.0,19172289366.0,16847137522.0,新型电力,公用事业,电力,风力发电,14.25,11.66,0.0
2023-09-07,20.6,20.65,19.65,19.66,20.37,-0.7100000000000009,-3.49,13516600.0,172132792.0,1.568,0.010422,0.017436,1.87,26.0759,22.1848,3.1762,4.8687,4.4827,0.0,,1475926818.0,1296931295.0,775191213.0,18508122298.0,16263518439.0,新型电力,公用事业,电力,风力发电,14.29,11.69,0.0
2023-09-08,19.4,19.82,19.38,19.68,19.66,0.0199999999999995,0.1,5455886.0,68361127.0,1.568,0.004207,0.007038,0.63,26.0966,22.2025,3.1788,4.8726,4.4863,0.0,,1475926818.0,1296931295.0,775191213.0,18522881566.0,16276487752.0,新型电力,公用事业,电力,风力发电,13.79,11.29,0.0
2023-09-11,19.68,20.1,19.57,19.96,19.68,0.2800000000000011,1.42,6753600.0,85747763.0,1.568,0.005207,0.008712,0.78,26.4709,22.521,3.2243,4.9425,4.5506,0.0,,1475926818.0,1296931295.0,775191213.0,18788548393.0,16509935385.0,新型电力,公用事业,电力,风力发电,13.81,11.3,0.0
2023-09-12,19.94,20.54,19.9,20.1,19.96,0.1400000000000005,0.7,9781600.0,126213646.0,1.568,0.007542,0.012618,1.25,26.6581,22.6802,3.2471,4.9774,4.5828,0.0,,1475926818.0,1296931295.0,775191213.0,18921381807.0,16626659202.0,新型电力,公用事业,电力,风力发电,14.0,11.46,0.0
2023-09-13,20.1,20.16,19.8,19.94,20.1,-0.1600000000000001,-0.8,5336628.0,67976297.0,1.568,0.004115,0.006884,0.63,26.4501,22.5033,3.2218,4.9386,4.547,0.0,,1475926818.0,1296931295.0,775191213.0,18773789125.0,16496966072.0,新型电力,公用事业,电力,风力发电,14.1,11.54,0.0
2023-09-14,19.93,20.02,19.71,19.76,19.94,-0.1799999999999997,-0.9,4500601.0,56833704.0,1.568,0.0034699999999999,0.005806,0.55,26.2006,22.291,3.1914,4.892,4.5042,0.0,,1475926818.0,1296931295.0,775191213.0,18596677907.0,16341334317.0,新型电力,公用事业,电力,风力发电,13.99,11.45,0.0
2023-09-15,19.74,19.84,19.58,19.58,19.76,-0.1800000000000032,-0.91,5103243.0,64038200.0,1.568,0.003935,0.006583,0.8,25.9719,22.0964,3.1636,4.8493,4.4648,0.0,,1475926818.0,1296931295.0,775191213.0,18434325957.0,16198671875.0,新型电力,公用事业,电力,风力发电,13.86,11.34,0.0
2023-09-18,19.51,19.96,19.41,19.76,19.58,0.1800000000000032,0.92,6967200.0,87729646.0,1.568,0.005372,0.008988,1.11,26.2006,22.291,3.1914,4.892,4.5042,0.0,,1475926818.0,1296931295.0,775191213.0,18596677907.0,16341334317.0,新型电力,公用事业,电力,风力发电,13.74,11.24,0.0
2023-09-19,19.68,19.77,19.3,19.51,19.76,-0.25,-1.27,7565802.0,93968091.0,1.568,0.005834,0.00976,1.19,25.8679,22.0079,3.1509,4.8299,4.447,0.0,,1475926818.0,1296931295.0,775191213.0,18360529616.0,16133825310.0,新型电力,公用事业,电力,风力发电,13.86,11.34,0.0
2023-09-20,19.32,19.49,19.15,19.16,19.51,-0.3500000000000014,-1.79,6243001.0,76692889.0,1.568,0.004814,0.008053,1.06,25.4104,21.6187,3.0952,4.7445,4.3683,0.0,,1475926818.0,1296931295.0,775191213.0,18035825716.0,15848500425.0,新型电力,公用事业,电力,风力发电,13.68,11.2,0.0
2023-09-21,19.13,19.24,18.83,18.86,19.16,-0.3000000000000007,-1.57,6171634.0,74749934.0,1.568,0.004759,0.007961,1.02,25.0154,21.2826,3.047,4.6707,4.3004,0.0,,1475926818.0,1296931295.0,775191213.0,17755399621.0,15602083479.0,新型电力,公用事业,电力,风力发电,13.44,11.0,0.0
2023-09-22,18.86,19.08,18.78,19.08,18.86,0.2199999999999988,1.17,6845611.0,82817387.0,1.568,0.005278,0.008831,1.07,25.3065,21.5303,3.0825,4.7251,4.3504,0.0,,1475926818.0,1296931295.0,775191213.0,17962029375.0,15783653860.0,新型电力,公用事业,电力,风力发电,13.23,10.83,0.0
2023-09-25,19.08,19.1,18.57,18.71,19.08,-0.3699999999999974,-1.94,8688374.0,104132071.0,1.568,0.006699,0.011208,1.29,24.8074,21.1057,3.0217,4.6319,4.2646,0.0,,1475926818.0,1296931295.0,775191213.0,17607806939.0,15472390349.0,新型电力,公用事业,电力,风力发电,13.39,10.95,0.0
2023-09-26,18.71,18.72,18.2,18.24,18.71,-0.4700000000000024,-2.51,8832057.0,103419297.0,1.568,0.00681,0.011393,1.24,24.1836,20.5749,2.9457,4.5154,4.1574,0.0,,1475926818.0,1296931295.0,775191213.0,17165028893.0,15083310961.0,新型电力,公用事业,电力,风力发电,13.12,10.74,0.0
2023-09-27,18.17,18.66,18.08,18.36,18.24,0.120000000000001,0.66,9545674.0,111894222.0,1.568,0.00736,0.012314,1.3,24.3499,20.7165,2.966,4.5465,4.186,0.0,,1475926818.0,1296931295.0,775191213.0,17283103039.0,15187065464.000002,新型电力,公用事业,电力,风力发电,12.79,10.47,0.0
2023-09-28,18.44,18.86,18.38,18.66,18.36,0.3000000000000007,1.63,8039035.000000001,95549078.0,1.568,0.006199,0.0103699999999999,1.0,24.745,21.0526,3.0141,4.6203,4.2539,0.0,,1475926818.0,1296931295.0,775191213.0,17563529134.0,15433482411.0,新型电力,公用事业,电力,风力发电,12.88,10.54,0.0
2023-10-09,18.64,18.66,18.36,18.49,18.66,-0.1700000000000017,-0.91,5327841.0,62793186.0,1.568,0.004108,0.006873,0.64,24.5163,20.858,2.9863,4.5775,4.2146,0.0,,1475926818.0,1296931295.0,775191213.0,17401177184.0,15290819968.0,新型电力,公用事业,电力,风力发电,13.09,10.71,0.0
2023-10-10,18.55,19.05,18.55,18.58,18.49,0.0899999999999998,0.49,8480461.0,101298735.0,1.568,0.006539,0.01094,1.05,24.6411,20.9641,3.0015,4.6008,4.236,0.0,,1475926818.0,1296931295.0,775191213.0,17489732793.0,15368635846.0,新型电力,公用事业,电力,风力发电,12.97,10.61,0.0
2023-10-11,18.8,18.82,18.5,18.53,18.58,-0.0499999999999971,-0.27,5619662.0,66761083.0,1.568,0.004333,0.007249,0.7,24.5787,20.9111,2.9939,4.5892,4.2253,0.0,,1475926818.0,1296931295.0,775191213.0,17445454989.0,15329727907.0,新型电力,公用事业,电力,风力发电,13.04,10.67,0.0
2023-10-12,18.63,19.38,18.6,19.29,18.53,0.759999999999998,4.1,19116572.0,232792588.0,1.568,0.01474,0.02466,2.58,25.5768,21.7603,3.1154,4.7756,4.3969,0.0,,1475926818.0,1296931295.0,775191213.0,18153899861.0,15952254929.0,新型电力,公用事业,电力,风力发电,13.0,10.64,0.0
2023-10-13,19.18,19.3,18.91,19.0,19.29,-0.2899999999999991,-1.5,8554407.0,103856625.0,1.568,0.0065959999999999,0.011035,0.92,25.2025,21.4418,3.0698,4.7057,4.3326,0.0,,1475926818.0,1296931295.0,775191213.0,17888233034.0,15718807294.999998,新型电力,公用事业,电力,风力发电,13.53,11.07,0.0
2023-10-16,18.99,19.0,18.36,18.49,19.0,-0.5100000000000016,-2.68,9362126.0,110790524.0,1.568,0.007219,0.012077,0.99,24.5163,20.858,2.9863,4.5775,4.2146,0.0,,1475926818.0,1296931295.0,775191213.0,17401177184.0,15290819968.0,新型电力,公用事业,电力,风力发电,13.33,10.91,0.0
2023-10-17,18.55,18.74,18.46,18.49,18.49,0.0,0.0,6184000.0,73195286.0,1.568,0.004768,0.007977,0.6,24.5163,20.858,2.9863,4.5775,4.2146,0.0,,1475926818.0,1296931295.0,775191213.0,17401177184.0,15290819968.0,新型电力,公用事业,电力,风力发电,12.97,10.61,0.0
2023-10-18,18.47,18.47,17.95,18.0,18.49,-0.4899999999999984,-2.65,8057317.999999999,93195293.0,1.568,0.006213,0.010394,0.82,23.8717,20.3096,2.9077,4.4572,4.1038,0.0,,1475926818.0,1296931295.0,775191213.0,16943639871.0,14888771267.0,新型电力,公用事业,电力,风力发电,12.97,10.61,0.0
2023-10-19,17.83,18.09,17.66,17.69,18.0,-0.3099999999999987,-1.72,8367600.999999999,95074912.0,1.568,0.006452,0.010794,0.82,23.4558,19.9557,2.8571,4.3795,4.0323,0.0,,1475926818.0,1296931295.0,775191213.0,16648454507.0,14629385008.0,新型电力,公用事业,电力,风力发电,12.63,10.33,0.0
2023-10-20,17.58,18.5,17.47,18.19,17.69,0.5,2.83,15307056.0,176952124.0,1.568,0.011803,0.019746,1.89,24.1212,20.5219,2.9381,4.5038,4.1467,0.0,,1475926818.0,1296931295.0,775191213.0,17120751089.000002,15044403022.0,新型电力,公用事业,电力,风力发电,12.41,10.15,0.0
2023-10-23,18.16,18.16,17.48,17.53,18.19,-0.6600000000000001,-3.63,11605671.0,130842157.0,1.568,0.008949,0.014971,1.23,23.2479,19.7788,2.8318,4.3407,3.9965,0.0,,1475926818.0,1296931295.0,775191213.0,16500861825.000002,14499691878.0,新型电力,公用事业,电力,风力发电,12.76,10.44,0.0
2023-10-24,17.67,18.09,17.64,17.98,17.53,0.4499999999999993,2.57,11041461.0,126000090.0,1.568,0.008514,0.014244,1.11,23.8509,20.2919,2.9052,4.4533,4.1002,0.0,,1475926818.0,1296931295.0,775191213.0,16928880602.0,14875801954.0,新型电力,公用事业,电力,风力发电,12.3,10.06,0.0
2023-10-25,18.09,18.27,17.91,18.09,17.98,0.1099999999999994,0.61,8276405.0,95818286.0,1.568,0.006382,0.010677,0.76,23.9964,20.4157,2.9229,4.4805,4.1252,0.0,,1475926818.0,1296931295.0,775191213.0,17032195480.0,14966587144.0,新型电力,公用事业,电力,风力发电,12.62,10.32,0.0
2023-10-26,17.95,17.98,17.53,17.88,18.09,-0.2100000000000008,-1.16,9646471.0,108874032.0,1.568,0.007438,0.012444,0.88,23.7053,20.168,2.8875,4.4261,4.0752,0.0,,1475926818.0,1296931295.0,775191213.0,16825565725.0,14785016763.0,新型电力,公用事业,电力,风力发电,12.69,10.39,0.0
2023-10-27,17.73,18.58,17.69,18.52,17.88,0.6400000000000006,3.58,16209967.000000002,189662287.0,1.568,0.012499,0.020911,1.45,24.5579,20.8934,2.9913,4.5853,4.2217,0.0,,1475926818.0,1296931295.0,775191213.0,17430695721.0,15316758594.0,新型电力,公用事业,电力,风力发电,12.54,10.26,0.0
2023-10-30,18.42,18.61,18.31,18.6,18.52,0.0800000000000018,0.43,9656354.0,113938873.0,1.568,0.007446,0.012457,0.85,24.6619,20.9818,3.004,4.6047,4.2396,0.0,,1475926818.0,1296931295.0,775191213.0,17504492061.0,15381605159.0,新型电力,公用事业,电力,风力发电,12.99,10.63,0.0
2023-10-31,18.71,18.71,18.27,18.38,18.6,-0.2200000000000024,-1.18,7877000.0,92297577.0,1.568,0.006074,0.010161,0.72,24.3707,20.6234,2.9139,4.5504,4.4488,0.0,,1475926818.0,1296931295.0,775191213.0,17297862307.0,15200034777.0,新型电力,公用事业,电力,风力发电,13.05,10.67,0.0
2023-11-01,18.42,18.47,18.13,18.25,18.38,-0.129999999999999,-0.71,6798078.999999999,79181682.0,1.568,0.005242,0.00877,0.66,24.2044,20.4826,2.894,4.5193,4.4184,0.0,,1475926818.0,1296931295.0,775191213.0,17179788162.0,15096280274.0,新型电力,公用事业,电力,风力发电,12.89,10.55,0.0
2023-11-02,18.38,18.39,18.02,18.02,18.25,-0.2300000000000004,-1.26,6794920.0,78644571.0,1.568,0.005239,0.008765,0.68,23.8925,20.2187,2.8567,4.4611,4.3614,0.0,,1475926818.0,1296931295.0,775191213.0,16958399139.0,14901740580.0,新型电力,公用事业,电力,风力发电,12.8,10.48,0.0
2023-11-03,18.03,18.28,18.03,18.19,18.02,0.1700000000000017,0.94,7111139.999999999,82490513.0,1.568,0.005483,0.009173,0.75,24.1212,20.4122,2.884,4.5038,4.4032,0.0,,1475926818.0,1296931295.0,775191213.0,17120751089.000002,15044403022.0,新型电力,公用事业,电力,风力发电,12.64,10.34,0.0
2023-11-06,18.24,18.78,18.22,18.63,18.19,0.4399999999999977,2.42,13257832.999999998,156986483.0,1.568,0.010222,0.017103,1.73,24.7034,20.9049,2.9536,4.6125,4.5095,0.0,,1475926818.0,1296931295.0,775191213.0,17534010598.0,15407543785.000002,新型电力,公用事业,电力,风力发电,12.76,10.44,0.0
2023-11-07,18.6,18.6,18.19,18.33,18.63,-0.3000000000000007,-1.61,12727478.0,148623805.0,1.568,0.009814,0.016419,1.52,24.3084,20.5706,2.9064,4.5387,4.4374,0.0,,1475926818.0,1296931295.0,775191213.0,17253584502.0,15161126839.0,新型电力,公用事业,电力,风力发电,13.07,10.69,0.0
2023-11-08,18.24,18.38,18.03,18.27,18.33,-0.0599999999999987,-0.33,11434339.0,132904158.0,1.568,0.008816,0.01475,1.22,24.2252,20.5002,2.8965,4.5232,4.4222,0.0,,1475926818.0,1296931295.0,775191213.0,17194547430.0,15109249587.0,新型电力,公用事业,电力,风力发电,12.86,10.52,0.0
2023-11-09,18.22,18.5,18.14,18.3,18.27,0.0300000000000011,0.16,9836362.0,115106372.0,1.568,0.007584,0.0126889999999999,0.96,24.2668,20.5354,2.9014,4.531,4.4298,0.0,,1475926818.0,1296931295.0,775191213.0,17224065966.0,15135188213.0,新型电力,公用事业,电力,风力发电,12.82,10.49,0.0
2023-11-10,18.22,18.27,17.95,18.11,18.3,-0.1900000000000012,-1.04,7644975.0,88136827.0,1.568,0.005895,0.009862,0.7,24.0172,20.3242,2.8716,4.4844,4.3842,0.0,,1475926818.0,1296931295.0,775191213.0,17046954748.0,14979556457.0,新型电力,公用事业,电力,风力发电,12.84,10.5,0.0
2023-11-13,18.11,18.3,18.02,18.13,18.11,0.0199999999999995,0.11,6776650.999999999,78306731.0,1.568,0.005225,0.008742,0.62,24.038,20.3418,2.8741,4.4882,4.388,0.0,,1475926818.0,1296931295.0,775191213.0,17061714016.0,14992525770.0,新型电力,公用事业,电力,风力发电,12.71,10.4,0.0
2023-11-14,18.11,18.2,17.81,17.94,18.13,-0.1899999999999977,-1.05,11253019.0,128979410.0,1.568,0.008677,0.014516,1.16,23.7885,20.1307,2.8442,4.4417,4.3425,0.0,,1475926818.0,1296931295.0,775191213.0,16884602797.999998,14836894015.0,新型电力,公用事业,电力,风力发电,12.72,10.4,0.0
2023-11-15,18.03,19.73,18.03,19.73,17.94,1.7899999999999991,9.98,45154096.0,549896955.0,1.568,0.034816,0.058249,4.81,26.159,22.1367,3.1277,4.8843,4.7752,0.0,,1475926818.0,1296931295.0,775191213.0,18567159370.0,16315395691.0,新型电力,公用事业,电力,风力发电,12.58,10.3,0.0
2023-11-16,19.73,19.9,19.3,19.43,19.73,-0.3000000000000007,-1.52,46699441.0,581562403.0,1.568,0.036008,0.060242,2.89,25.7639,21.8024,3.0804,4.8105,4.7031,0.0,,1475926818.0,1296931295.0,775191213.0,18286733275.0,16068978745.0,新型电力,公用事业,电力,风力发电,13.84,11.32,0.0
2023-11-17,19.35,20.78,19.35,20.24,19.43,0.8099999999999987,4.17,62378782.99999999,805281980.0,1.568,0.048097,0.080469,2.65,26.8452,22.7174,3.2097,5.0124,4.9005,0.0,,1475926818.0,1296931295.0,775191213.0,19054215220.0,16743383018.0,新型电力,公用事业,电力,风力发电,13.63,11.15,0.0
2023-11-20,20.35,20.46,19.94,20.15,20.24,-0.0899999999999998,-0.44,27415321.000000004,352074913.0,1.568,0.021139,0.035366,0.8,26.7205,22.6118,3.1948,4.9891,4.8777,0.0,,1475926818.0,1296931295.0,775191213.0,18965659611.0,16665567141.0,新型电力,公用事业,电力,风力发电,14.2,11.62,0.0
2023-11-21,20.2,20.32,19.76,19.84,20.15,-0.3099999999999987,-1.54,20337302.0,258701827.0,1.568,0.015681,0.0262349999999999,0.53,26.3046,22.2599,3.1451,4.9114,4.8018,0.0,,1475926818.0,1296931295.0,775191213.0,18670474248.0,16406180882.000002,新型电力,公用事业,电力,风力发电,14.14,11.57,0.0
2023-11-22,19.66,20.01,19.54,19.58,19.84,-0.2600000000000015,-1.31,15359821.0,192767394.0,1.568,0.011843,0.019814,0.38,25.9719,21.9783,3.1053,4.8493,4.741,0.0,,1475926818.0,1296931295.0,775191213.0,18434325957.0,16198671875.0,新型电力,公用事业,电力,风力发电,13.92,11.39,0.0
2023-11-23,19.46,19.82,19.35,19.82,19.58,0.240000000000002,1.23,15578100.0,194857554.0,1.568,0.012012,0.020096,0.45,26.2838,22.2423,3.1426,4.9076,4.798,0.0,,1475926818.0,1296931295.0,775191213.0,18655714980.0,16393211569.0,新型电力,公用事业,电力,风力发电,13.74,11.24,0.0
2023-11-24,19.74,19.76,19.3,19.35,19.82,-0.4699999999999988,-2.37,12472882.0,154583733.0,1.568,0.009617,0.01609,0.44,25.66,21.7144,3.068,4.7911,4.6841,0.0,,1475926818.0,1296931295.0,775191213.0,18212936934.0,16004132180.000002,新型电力,公用事业,电力,风力发电,13.9,11.38,0.0
2023-11-27,19.29,19.32,18.88,19.02,19.35,-0.3300000000000018,-1.71,12446625.0,151099800.0,1.568,0.009597,0.016056,0.68,25.2233,21.3448,3.0158,4.7096,4.6044,0.0,,1475926818.0,1296931295.0,775191213.0,17902992302.0,15731776608.0,新型电力,公用事业,电力,风力发电,13.57,11.11,0.0
2023-11-28,18.93,19.08,18.75,19.08,19.02,0.0599999999999987,0.32,10224730.0,123593293.0,1.568,0.007884,0.01319,0.67,25.3065,21.4152,3.0257,4.7251,4.6196,0.0,,1475926818.0,1296931295.0,775191213.0,17962029375.0,15783653860.0,新型电力,公用事业,电力,风力发电,13.34,10.92,0.0
2023-11-29,19.22,19.24,18.67,18.74,19.08,-0.3399999999999998,-1.78,10652705.0,128052895.0,1.568,0.008214,0.013742,0.81,24.849,21.0281,2.971,4.6397,4.5361,0.0,,1475926818.0,1296931295.0,775191213.0,17637325475.0,15498328975.0,新型电力,公用事业,电力,风力发电,13.39,10.95,0.0
2023-11-30,18.69,18.86,18.28,18.28,18.74,-0.4599999999999973,-2.45,19233588.0,226175564.0,1.568,0.01483,0.024811,1.57,24.246,20.5178,2.8989,4.5271,4.426,0.0,,1475926818.0,1296931295.0,775191213.0,17209306698.0,15122218899.999998,新型电力,公用事业,电力,风力发电,13.15,10.76,0.0
2023-12-01,18.33,18.47,18.11,18.27,18.28,-0.0100000000000015,-0.05,13185199.0,153617212.0,1.568,0.010166,0.017009,1.01,24.2252,20.5002,2.8965,4.5232,4.4222,0.0,,1475926818.0,1296931295.0,775191213.0,17194547430.0,15109249587.0,新型电力,公用事业,电力,风力发电,12.83,10.49,0.0
2023-12-04,18.28,18.63,18.2,18.41,18.27,0.1400000000000005,0.77,12798000.0,150507199.0,1.568,0.009868,0.016509,0.97,24.4123,20.6586,2.9188,4.5581,4.4563,0.0,,1475926818.0,1296931295.0,775191213.0,17327380843.0,15225973403.0,新型电力,公用事业,电力,风力发电,12.82,10.49,0.0
2023-12-05,18.25,20.24,18.24,20.24,18.41,1.8299999999999983,9.94,45646379.0,579380599.0,1.568,0.035196,0.058884,3.45,26.8452,22.7174,3.2097,5.0124,4.9005,0.0,,1475926818.0,1296931295.0,775191213.0,19054215220.0,16743383018.0,新型电力,公用事业,电力,风力发电,12.91,10.57,0.0
2023-12-06,20.21,22.11,19.91,21.01,20.24,0.7700000000000031,3.8,106625698.0,1428155160.0,1.568,0.082214,0.137548,5.25,27.8641,23.5796,3.3315,5.2026,5.0865,0.0,,1475926818.0,1296931295.0,775191213.0,19777419361.0,17378879353.0,新型电力,公用事业,电力,风力发电,14.2,11.62,0.0
2023-12-07,20.49,20.54,20.04,20.29,21.01,-0.7200000000000024,-3.43,56554657.99999999,732425723.0,1.568,0.0436069999999999,0.072956,1.43,26.9076,22.7702,3.2172,5.024,4.9118,0.0,,1475926818.0,1296931295.0,775191213.0,19098493025.0,16782290957.0,新型电力,公用事业,电力,风力发电,14.74,12.06,0.0
2023-12-08,20.42,20.59,19.99,20.02,20.29,-0.2699999999999996,-1.33,31738820.0,408398353.0,1.568,0.024472,0.0409429999999999,0.68,26.5541,22.471,3.1749,4.958,4.8473,0.0,,1475926818.0,1296931295.0,775191213.0,18847585466.0,16561812637.0,新型电力,公用事业,电力,风力发电,14.23,11.65,0.0
2023-12-11,19.88,20.16,19.38,19.96,20.02,-0.0599999999999987,-0.3,31477380.0,395952465.0,1.568,0.0242709999999999,0.040606,0.62,26.4709,22.4006,3.165,4.9425,4.8321,0.0,,1475926818.0,1296931295.0,775191213.0,18788548393.0,16509935385.0,新型电力,公用事业,电力,风力发电,14.05,11.49,0.0
2023-12-12,19.73,20.15,19.63,19.9,19.96,-0.0600000000000022,-0.3,21024700.0,265501034.0,1.568,0.016211,0.027122,0.39,26.3878,22.3303,3.155,4.927,4.8169,0.0,,1475926818.0,1296931295.0,775191213.0,18729511320.0,16458058134.000002,新型电力,公用事业,电力,风力发电,14.0,11.46,0.0
2023-12-13,19.8,19.91,19.32,19.38,19.9,-0.5199999999999996,-2.61,22499399.0,281160441.0,1.568,0.017348,0.029024,0.45,25.7016,21.7496,3.073,4.7988,4.6917,0.0,,1475926818.0,1296931295.0,775191213.0,18242455470.0,16030070806.0,新型电力,公用事业,电力,风力发电,13.96,11.42,0.0
2023-12-14,19.69,19.82,19.35,19.4,19.38,0.0199999999999995,0.1,24837401.0,309570894.0,1.568,0.019151,0.03204,0.76,25.7224,21.7672,3.0755,4.8027,4.6955,0.0,,1475926818.0,1296931295.0,775191213.0,18257214739.0,16043040119.0,新型电力,公用事业,电力,风力发电,13.6,11.12,0.0
2023-12-15,19.32,20.2,19.26,20.04,19.4,0.6400000000000006,3.3,42709788.0,542257358.0,1.568,0.032931,0.055096,1.62,26.5749,22.4886,3.1774,4.9619,4.8511,0.0,,1475926818.0,1296931295.0,775191213.0,18862344734.0,16574781950.0,新型电力,公用事业,电力,风力发电,13.61,11.13,0.0
2023-12-18,19.88,20.26,19.62,19.85,20.04,-0.1899999999999977,-0.95,28045832.0,356559954.0,1.568,0.021625,0.036179,0.98,26.3254,22.2775,3.1476,4.9153,4.8056,0.0,,1475926818.0,1296931295.0,775191213.0,18685233516.0,16419150195.0,新型电力,公用事业,电力,风力发电,14.06,11.5,0.0
2023-12-19,19.63,20.35,19.33,20.26,19.85,0.4100000000000001,2.07,35034601.0,447736717.0,1.568,0.027013,0.045195,1.26,26.866,22.735,3.2122,5.0163,4.9043,0.0,,1475926818.0,1296931295.0,775191213.0,19068974489.0,16756352331.0,新型电力,公用事业,电力,风力发电,13.93,11.39,0.0
2023-12-20,20.29,20.54,20.01,20.15,20.26,-0.1100000000000029,-0.54,30845236.0,398962271.0,1.568,0.023783,0.03979,1.01,26.7205,22.6118,3.1948,4.9891,4.8777,0.0,,1475926818.0,1296931295.0,775191213.0,18965659611.0,16665567141.0,新型电力,公用事业,电力,风力发电,14.21,11.63,0.0
2023-12-21,19.77,20.62,19.62,20.46,20.15,0.3100000000000023,1.54,31708944.0,407330972.0,1.568,0.024449,0.040905,0.98,27.1364,22.9637,3.2445,5.0667,4.9536,0.0,,1475926818.0,1296931295.0,775191213.0,19260844975.0,16924953400.0,新型电力,公用事业,电力,风力发电,14.14,11.57,0.0
2023-12-22,20.38,21.15,20.04,20.98,20.46,0.5199999999999996,2.54,47339163.0,623893436.0,1.568,0.036501,0.061068,1.41,27.8226,23.5444,3.3266,5.1949,5.0789,0.0,,1475926818.0,1296931295.0,775191213.0,19747900825.0,17352940727.0,新型电力,公用事业,电力,风力发电,14.36,11.75,0.0
2023-12-25,20.82,21.39,20.67,20.71,20.98,-0.2699999999999996,-1.29,35955426.0,481543251.0,1.568,0.027723,0.046383,1.04,27.4691,23.2453,3.2843,5.1289,5.0143,0.0,,1475926818.0,1296931295.0,775191213.0,19496993266.0,17132462407.0,新型电力,公用事业,电力,风力发电,14.72,12.04,0.0
2023-12-26,20.6,20.7,20.16,20.16,20.71,-0.5500000000000007,-2.66,25433747.0,329804962.0,1.568,0.019611,0.03281,0.7,26.7413,22.6294,3.1973,4.993,4.8815,0.0,,1475926818.0,1296931295.0,775191213.0,18980418879.0,16678536454.0,新型电力,公用事业,电力,风力发电,14.53,11.89,0.0
2023-12-27,20.15,20.32,19.36,19.57,20.16,-0.5899999999999999,-2.93,27266652.0,342249028.0,1.568,0.0210239999999999,0.035174,0.8,25.9511,21.9607,3.1028,4.8454,4.7372,0.0,,1475926818.0,1296931295.0,775191213.0,18419566689.0,16185702562.0,新型电力,公用事业,电力,风力发电,14.15,11.57,0.0
2023-12-28,19.57,21.53,19.51,20.87,19.57,1.3000000000000007,6.64,51656845.0,681665694.0,1.568,0.03983,0.066638,1.54,27.677,23.4213,3.3092,5.1677,5.0523,0.0,,1475926818.0,1296931295.0,775191213.0,19644585948.0,17262155536.0,新型电力,公用事业,电力,风力发电,13.73,11.23,0.0
2023-12-29,20.67,20.98,20.62,20.84,20.87,-0.0300000000000011,-0.14,30493885.0,405084248.0,1.568,0.0235119999999999,0.039337,0.81,27.6354,23.3861,3.3042,5.1599,5.0447,0.0,,1475926818.0,1296931295.0,775191213.0,19615067411.0,17236216911.0,新型电力,公用事业,电力,风力发电,14.64,11.98,0.0
2024-01-02,20.78,21.09,20.56,20.9,20.84,0.0599999999999987,0.29,28517278.000000004,380030437.0,1.568,0.0219879999999999,0.036787,0.83,27.7186,23.4564,3.3141,5.1755,5.0599,0.0,,1475926818.0,1296931295.0,775191213.0,19674104484.0,17288094162.0,新型电力,公用事业,电力,风力发电,14.62,11.96,0.0
2024-01-03,20.74,21.8,20.68,21.75,20.9,0.8500000000000014,4.07,54522231.99999999,741279298.0,1.568,0.042039,0.070334,1.67,28.8415,24.4067,3.4484,5.3851,5.2649,0.0,,1475926818.0,1296931295.0,775191213.0,20471104966.0,17988437062.0,新型电力,公用事业,电力,风力发电,14.66,12.0,0.0
2024-01-04,21.5,21.56,21.12,21.36,21.75,-0.3900000000000005,-1.79,31632382.0,430014865.0,1.568,0.02439,0.0408059999999999,0.82,28.3216,23.9668,3.3862,5.2881,5.17,0.0,,1475926818.0,1296931295.0,775191213.0,20102123261.0,17664204238.0,新型电力,公用事业,电力,风力发电,15.26,12.48,0.0
2024-01-05,21.17,21.64,20.43,20.85,21.36,-0.509999999999998,-2.39,30870916.0,414780911.0,1.568,0.023803,0.039824,0.78,27.6562,23.4037,3.3067,5.1638,5.0485,0.0,,1475926818.0,1296931295.0,775191213.0,19629826679.0,17249186224.0,新型电力,公用事业,电力,风力发电,14.98,12.26,0.0
2024-01-08,20.71,21.25,20.56,20.85,20.85,0.0,0.0,21261096.0,284918481.0,1.568,0.016393,0.027427,0.6,27.6562,23.4037,3.3067,5.1638,5.0485,0.0,,1475926818.0,1296931295.0,775191213.0,19629826679.0,17249186224.0,新型电力,公用事业,电力,风力发电,14.63,11.97,0.0
2024-01-09,20.84,21.53,20.62,21.48,20.85,0.629999999999999,3.02,31918109.000000004,432544619.0,1.568,0.02461,0.041174,0.96,28.488,24.1075,3.4061,5.3191,5.2003,0.0,,1475926818.0,1296931295.0,775191213.0,20220197407.0,17767958742.0,新型电力,公用事业,电力,风力发电,14.63,11.97,0.0
2024-01-10,21.28,21.87,20.89,20.92,21.48,-0.5599999999999987,-2.61,38009860.0,519495990.0,1.568,0.029308,0.049033,1.12,27.7394,23.474,3.3166,5.1793,5.0637,0.0,,1475926818.0,1296931295.0,775191213.0,19688863752.0,17301063475.0,新型电力,公用事业,电力,风力发电,15.07,12.33,0.0
2024-01-11,20.78,21.76,20.59,21.54,20.92,0.6199999999999974,2.96,40539590.0,551772477.0,1.568,0.031258,0.0522959999999999,1.32,28.5712,24.1779,3.4161,5.3346,5.2155,0.0,,1475926818.0,1296931295.0,775191213.0,20279234479.0,17819835993.0,新型电力,公用事业,电力,风力发电,14.67,12.01,0.0
2024-01-12,21.34,21.65,21.11,21.17,21.54,-0.3699999999999974,-1.72,27100517.0,369417120.0,1.568,0.0208959999999999,0.03496,0.83,28.0721,23.7556,3.3564,5.2415,5.1244,0.0,,1475926818.0,1296931295.0,775191213.0,19925012043.0,17508572483.0,新型电力,公用事业,电力,风力发电,15.11,12.37,0.0
2024-01-15,20.98,21.4,20.89,20.92,21.17,-0.25,-1.18,18187231.0,244154124.0,1.568,0.014023,0.023462,0.57,27.7394,23.474,3.3166,5.1793,5.0637,0.0,,1475926818.0,1296931295.0,775191213.0,19688863752.0,17301063475.0,新型电力,公用事业,电力,风力发电,14.85,12.15,0.0
2024-01-16,20.92,21.15,20.05,20.56,20.92,-0.360000000000003,-1.72,30530496.000000004,399714423.0,1.568,0.023541,0.039384,0.98,27.2611,23.0693,3.2594,5.09,4.9764,0.0,,1475926818.0,1296931295.0,775191213.0,19349400584.0,17002769276.999998,新型电力,公用事业,电力,风力发电,14.67,12.01,0.0
2024-01-17,20.37,20.38,19.4,19.43,20.56,-1.129999999999999,-5.5,23656201.0,299518114.0,1.568,0.01824,0.030517,0.77,25.7639,21.8024,3.0804,4.8105,4.7031,0.0,,1475926818.0,1296931295.0,775191213.0,18286733275.0,16068978745.0,新型电力,公用事业,电力,风力发电,14.42,11.8,0.0
2024-01-18,19.13,19.9,18.67,19.85,19.43,0.4200000000000017,2.16,23150477.0,284409137.0,1.568,0.0178499999999999,0.029864,0.83,26.3254,22.2775,3.1476,4.9153,4.8056,0.0,,1475926818.0,1296931295.0,775191213.0,18685233516.0,16419150195.0,新型电力,公用事业,电力,风力发电,13.63,11.15,0.0
2024-01-19,19.76,20.15,19.13,19.16,19.85,-0.6900000000000013,-3.48,17039362.0,213672192.0,1.568,0.013138,0.021981,0.69,25.4104,21.5032,3.0382,4.7445,4.6385,0.0,,1475926818.0,1296931295.0,775191213.0,18035825716.0,15848500425.0,新型电力,公用事业,电力,风力发电,13.93,11.39,0.0
2024-01-22,18.97,19.07,17.67,17.89,19.16,-1.2699999999999996,-6.63,25101327.0,292846323.0,1.568,0.019354,0.032381,1.11,23.7261,20.0779,2.8368,4.43,4.3311,0.0,,1475926818.0,1296931295.0,775191213.0,16840324993.0,14797986076.0,新型电力,公用事业,电力,风力发电,13.44,11.0,0.0
2024-01-23,17.92,18.25,17.47,18.09,17.89,0.1999999999999993,1.12,14064151.999999998,161429547.0,1.568,0.010844,0.018143,0.59,23.9964,20.3066,2.8691,4.4805,4.3804,0.0,,1475926818.0,1296931295.0,775191213.0,17032195480.0,14966587144.0,新型电力,公用事业,电力,风力发电,12.55,10.27,0.0
2024-01-24,18.13,18.3,17.28,18.08,18.09,-0.0100000000000015,-0.06,18385715.0,209123267.0,1.568,0.014176,0.023718,0.89,23.9756,20.289,2.8666,4.4766,4.3766,0.0,,1475926818.0,1296931295.0,775191213.0,17017436212.0,14953617830.999998,新型电力,公用事业,电力,风力发电,12.69,10.39,0.0
2024-01-25,18.03,18.82,17.8,18.8,18.08,0.7200000000000024,3.98,21773499.0,255141853.0,1.568,0.016788,0.028088,1.11,24.9322,21.0985,2.981,4.6552,4.5512,0.0,,1475926818.0,1296931295.0,775191213.0,17696362548.0,15550206227.0,新型电力,公用事业,电力,风力发电,12.68,10.38,0.0
2024-01-26,18.6,18.86,18.52,18.58,18.8,-0.2200000000000024,-1.17,14060451.0,167627980.0,1.568,0.010841,0.018138,0.73,24.6411,20.8521,2.9462,4.6008,4.4981,0.0,,1475926818.0,1296931295.0,775191213.0,17489732793.0,15368635846.0,新型电力,公用事业,电力,风力发电,13.19,10.79,0.0
2024-01-29,18.57,18.69,17.73,17.78,18.58,-0.7999999999999972,-4.31,15112837.0,174674247.0,1.568,0.011653,0.019496,0.81,23.5806,19.9547,2.8194,4.4028,4.3045,0.0,,1475926818.0,1296931295.0,775191213.0,16737010116.0,14707200885.0,新型电力,公用事业,电力,风力发电,13.04,10.67,0.0
2024-01-30,17.69,18.09,17.36,17.42,17.78,-0.3599999999999994,-2.02,12769941.0,144298260.0,1.568,0.009846,0.016473,0.77,23.1023,19.55,2.7622,4.3135,4.2172,0.0,,1475926818.0,1296931295.0,775191213.0,16397546948.0,14408906687.0,新型电力,公用事业,电力,风力发电,12.47,10.21,0.0
2024-01-31,17.28,17.56,15.68,15.68,17.42,-1.740000000000002,-9.99,30514528.000000004,317510943.0,1.568,0.0235279999999999,0.0393639999999999,1.86,20.7941,17.5967,2.4862,3.8826,3.7959,0.0,,1475926818.0,1296931295.0,775191213.0,14759268180.0,12969312950.0,新型电力,公用事业,电力,风力发电,12.22,10.0,0.0
2024-02-01,15.44,15.95,15.32,15.4,15.68,-0.2799999999999993,-1.79,18043299.0,179376526.0,1.568,0.013912,0.0232759999999999,0.96,20.4198,17.28,2.4415,3.8127,3.7275,0.0,,1475926818.0,1296931295.0,775191213.0,14493601353.0,12735865317.0,新型电力,公用事业,电力,风力发电,11.0,9.0,0.0
2024-02-02,15.46,15.76,14.27,14.74,15.4,-0.6600000000000001,-4.29,22690835.0,216409455.0,1.568,0.017496,0.029271,1.25,19.5465,16.5409,2.3371,3.6496,3.5681,0.0,,1475926818.0,1296931295.0,775191213.0,13873712089.0,12191154173.0,新型电力,公用事业,电力,风力发电,10.8,8.84,0.0
2024-02-05,14.6,14.61,13.27,13.55,14.74,-1.1899999999999995,-8.07,28287433.0,249667872.0,1.568,0.0218109999999999,0.0364909999999999,1.43,17.9661,15.2036,2.1481,3.3545,3.2796,0.0,,1475926818.0,1296931295.0,775191213.0,12752007708.0,11205486388.999998,新型电力,公用事业,电力,风力发电,10.34,8.46,0.0
2024-02-06,13.56,14.9,13.56,14.9,13.55,1.3499999999999996,9.96,26736822.0,245635823.0,1.568,0.020615,0.034491,1.19,19.7544,16.7169,2.3619,3.6884,3.6061,0.0,,1475926818.0,1296931295.0,775191213.0,14021304771.0,12320847303.0,新型电力,公用事业,电力,风力发电,9.5,7.78,0.0
2024-02-07,15.1,16.15,15.05,15.98,14.9,1.08,7.25,31605854.0,318919714.0,1.568,0.02437,0.040772,1.25,21.1892,17.9311,2.5335,3.9563,3.868,0.0,,1475926818.0,1296931295.0,775191213.0,15039694275.0,13215729896.0,新型电力,公用事业,电力,风力发电,10.45,8.55,0.0
2024-02-08,16.02,17.22,15.92,16.64,15.98,0.6600000000000001,4.13,26851498.0,287340712.0,1.568,0.0207039999999999,0.034639,1.05,22.0626,18.6701,2.6379,4.1194,4.0274,0.0,,1475926818.0,1296931295.0,775191213.0,15659583539.0,13760441040.0,新型电力,公用事业,电力,风力发电,11.21,9.17,0.0
2024-02-19,17.01,17.01,16.26,16.5,16.64,-0.1400000000000005,-0.84,17199737.0,181763385.0,1.568,0.013262,0.022188,0.63,21.8754,18.5118,2.6155,4.0845,3.9932,0.0,,1475926818.0,1296931295.0,775191213.0,15526750125.0,13643717223.0,新型电力,公用事业,电力,风力发电,11.67,9.55,0.0
2024-02-20,16.5,16.5,16.12,16.39,16.5,-0.1099999999999994,-0.67,12830814.0,133229311.0,1.568,0.0098929999999999,0.016552,0.49,21.7299,18.3886,2.5981,4.0573,3.9667,0.0,,1475926818.0,1296931295.0,775191213.0,15423435248.0,13552932033.0,新型电力,公用事业,电力,风力发电,11.57,9.47,0.0
2024-02-21,16.31,17.06,16.18,16.61,16.39,0.2199999999999988,1.34,18642853.0,198649986.0,1.568,0.014375,0.024049,0.81,22.021,18.6349,2.6329,4.1116,4.0198,0.0,,1475926818.0,1296931295.0,775191213.0,15630065003.0,13734502414.0,新型电力,公用事业,电力,风力发电,11.5,9.41,0.0
2024-02-22,16.59,16.81,16.46,16.73,16.61,0.120000000000001,0.72,13181470.000000002,139984829.0,1.568,0.010164,0.017004,0.62,22.1873,18.7757,2.6528,4.1427,4.0502,0.0,,1475926818.0,1296931295.0,775191213.0,15748139148.0,13838256918.0,新型电力,公用事业,电力,风力发电,11.65,9.53,0.0
2024-02-23,16.76,17.11,16.62,17.06,16.73,0.3299999999999983,1.97,15437385.0,166629346.0,1.568,0.0119029999999999,0.019914,0.87,22.624,19.1452,2.705,4.2242,4.1299,0.0,,1475926818.0,1296931295.0,775191213.0,16058083780.0,14110612490.0,新型电力,公用事业,电力,风力发电,11.74,9.6,0.0
2024-02-26,17.11,17.4,16.89,16.98,17.06,-0.0799999999999983,-0.47,15921240.0,173517154.0,1.568,0.012276,0.0205379999999999,1.03,22.5201,19.0573,2.6926,4.2048,4.1109,0.0,,1475926818.0,1296931295.0,775191213.0,15984287438.999998,14045765925.0,新型电力,公用事业,电力,风力发电,11.97,9.79,0.0
2024-02-27,16.86,17.36,16.84,17.36,16.98,0.379999999999999,2.24,15876915.0,173338203.0,1.568,0.012242,0.020481,1.04,23.0191,19.4796,2.7523,4.298,4.202,0.0,,1475926818.0,1296931295.0,775191213.0,16338509875.0,14357029436.000002,新型电力,公用事业,电力,风力发电,11.91,9.75,0.0
2024-02-28,17.51,18.16,17.0,17.01,17.36,-0.3499999999999978,-2.02,29983306.0,338165723.0,1.568,0.023119,0.038679,1.9,22.5616,19.0925,2.6976,4.2126,4.1185,0.0,,1475926818.0,1296931295.0,775191213.0,16013805975.0,14071704551.0,新型电力,公用事业,电力,风力发电,12.18,9.96,0.0
2024-02-29,16.9,17.91,16.89,17.89,17.01,0.879999999999999,5.17,24051502.0,269389137.0,1.568,0.018545,0.031027,1.33,23.7261,20.0779,2.8368,4.43,4.3311,0.0,,1475926818.0,1296931295.0,775191213.0,16840324993.0,14797986076.0,新型电力,公用事业,电力,风力发电,11.94,9.77,0.0
2024-03-01,17.89,18.06,17.61,17.83,17.89,-0.0600000000000022,-0.34,15075073.000000002,171301426.0,1.568,0.011624,0.019447,0.74,23.6429,20.0075,2.8268,4.4145,4.3159,0.0,,1475926818.0,1296931295.0,775191213.0,16781287921.0,14746108824.0,新型电力,公用事业,电力,风力发电,12.55,10.27,0.0
2024-03-04,17.83,18.05,17.62,17.75,17.83,-0.0799999999999983,-0.45,14011295.000000002,158932282.0,1.568,0.010803,0.018075,0.69,23.539,19.9195,2.8144,4.3951,4.2969,0.0,,1475926818.0,1296931295.0,775191213.0,16707491580.0,14681262259.0,新型电力,公用事业,电力,风力发电,12.51,10.23,0.0
2024-03-05,17.56,17.67,17.34,17.44,17.75,-0.3099999999999987,-1.75,12396314.0,138141613.0,1.568,0.009558,0.015991,0.63,23.1231,19.5676,2.7647,4.3174,4.221,0.0,,1475926818.0,1296931295.0,775191213.0,16412306216.0,14421876000.0,新型电力,公用事业,电力,风力发电,12.45,10.19,0.0
2024-03-06,17.33,17.75,17.17,17.5,17.44,0.0599999999999987,0.34,13702785.0,152305592.0,1.568,0.0105659999999999,0.017677,0.72,23.2063,19.638,2.7746,4.3329,4.2362,0.0,,1475926818.0,1296931295.0,775191213.0,16471343289.0,14473753252.0,新型电力,公用事业,电力,风力发电,12.23,10.01,0.0
2024-03-07,17.5,17.62,17.15,17.15,17.5,-0.3500000000000014,-2.0,11695350.0,129980523.0,1.568,0.009018,0.015087,0.74,22.7488,19.2508,2.7199,4.2475,4.1527,0.0,,1475926818.0,1296931295.0,775191213.0,16146639389.0,14188428367.000002,新型电力,公用事业,电力,风力发电,12.28,10.04,0.0
2024-03-08,17.12,17.44,17.0,17.23,17.15,0.0800000000000018,0.47,10705800.0,117601235.0,1.568,0.008255,0.013811,0.8,22.8528,19.3388,2.7324,4.2669,4.1717,0.0,,1475926818.0,1296931295.0,775191213.0,16220435730.0,14253274932.0,新型电力,公用事业,电力,风力发电,12.03,9.85,0.0
2024-03-11,17.37,18.06,17.33,17.98,17.23,0.75,4.35,23639958.0,268558059.0,1.568,0.018228,0.030496,1.89,23.8509,20.1835,2.8517,4.4533,4.3539,0.0,,1475926818.0,1296931295.0,775191213.0,16928880602.0,14875801954.0,新型电力,公用事业,电力,风力发电,12.09,9.89,0.0
2024-03-12,18.05,18.14,17.75,17.81,17.98,-0.1700000000000017,-0.95,17467903.0,198767744.0,1.568,0.013469,0.022534,1.21,23.6221,19.9899,2.8244,4.4106,4.3121,0.0,,1475926818.0,1296931295.0,775191213.0,16766528651.999998,14733139511.0,新型电力,公用事业,电力,风力发电,12.62,10.32,0.0
2024-03-13,17.83,17.91,17.66,17.83,17.81,0.0199999999999995,0.11,12465136.0,141384506.0,1.568,0.009611,0.01608,0.81,23.6429,20.0075,2.8268,4.4145,4.3159,0.0,,1475926818.0,1296931295.0,775191213.0,16781287921.0,14746108824.0,新型电力,公用事业,电力,风力发电,12.5,10.22,0.0
2024-03-14,17.7,17.91,17.45,17.62,17.83,-0.2099999999999973,-1.18,10432700.0,117821566.0,1.568,0.008044,0.013458,0.69,23.3726,19.7787,2.7945,4.364,4.2665,0.0,,1475926818.0,1296931295.0,775191213.0,16589417434.0,14577507756.0,新型电力,公用事业,电力,风力发电,12.51,10.23,0.0
2024-03-15,17.53,17.83,17.44,17.81,17.62,0.1899999999999977,1.08,10522806.0,118546442.0,1.568,0.008114,0.013574,0.7,23.6221,19.9899,2.8244,4.4106,4.3121,0.0,,1475926818.0,1296931295.0,775191213.0,16766528651.999998,14733139511.0,新型电力,公用事业,电力,风力发电,12.36,10.12,0.0
2024-03-18,17.78,18.08,17.78,18.02,17.81,0.2100000000000008,1.18,15951122.0,182599743.0,1.568,0.012299,0.020577,1.07,23.8925,20.2187,2.8567,4.4611,4.3614,0.0,,1475926818.0,1296931295.0,775191213.0,16958399139.0,14901740580.0,新型电力,公用事业,电力,风力发电,12.5,10.22,0.0
2024-03-19,18.06,18.27,17.86,17.86,18.02,-0.1600000000000001,-0.89,12712508.0,146092701.0,1.568,0.009802,0.016399,0.95,23.6845,20.0427,2.8318,4.4222,4.3235,0.0,,1475926818.0,1296931295.0,775191213.0,16810806457.0,14772047450.000002,新型电力,公用事业,电力,风力发电,12.64,10.34,0.0
2024-03-20,17.84,17.98,17.77,17.92,17.86,0.0600000000000022,0.34,8935129.0,101963575.0,1.568,0.0068889999999999,0.011526,0.72,23.7677,20.1131,2.8418,4.4378,4.3387,0.0,,1475926818.0,1296931295.0,775191213.0,16869843529.999998,14823924702.000002,新型电力,公用事业,电力,风力发电,12.53,10.25,0.0
2024-03-21,17.97,18.0,17.66,17.7,17.92,-0.2200000000000024,-1.23,10244301.0,116180426.0,1.568,0.007899,0.013215,0.87,23.4766,19.8667,2.8069,4.3834,4.2855,0.0,,1475926818.0,1296931295.0,775191213.0,16663213775.0,14642354321.0,新型电力,公用事业,电力,风力发电,12.57,10.29,0.0
2024-03-22,17.7,17.73,17.06,17.12,17.7,-0.5799999999999983,-3.28,15449492.000000002,170324424.0,1.568,0.011912,0.01993,1.32,22.7072,19.2156,2.715,4.2398,4.1451,0.0,,1475926818.0,1296931295.0,775191213.0,16117120853.0,14162489741.0,新型电力,公用事业,电力,风力发电,12.42,10.16,0.0
2024-03-25,17.03,17.64,16.87,16.9,17.12,-0.2200000000000024,-1.29,14920276.999999998,163569322.0,1.568,0.011504,0.019247,1.18,22.4161,18.9693,2.6802,4.1854,4.0919,0.0,,1475926818.0,1296931295.0,775191213.0,15910491098.0,13980919360.0,新型电力,公用事业,电力,风力发电,12.01,9.83,0.0
2024-03-26,16.84,17.14,16.56,16.97,16.9,0.0700000000000002,0.41,12277393.0,131929271.0,1.568,0.009466,0.015838,0.99,22.4993,19.0397,2.6901,4.2009,4.1071,0.0,,1475926818.0,1296931295.0,775191213.0,15969528171.000002,14032796612.0,新型电力,公用事业,电力,风力发电,11.86,9.7,0.0
2024-03-27,16.9,17.03,16.15,16.18,16.97,-0.7899999999999991,-4.66,11058125.0,116706843.0,1.568,0.008526,0.014265,0.89,21.4596,18.1598,2.5658,4.0068,3.9173,0.0,,1475926818.0,1296931295.0,775191213.0,15231564762.0,13384330964.0,新型电力,公用事业,电力,风力发电,11.9,9.74,0.0
2024-03-28,16.13,16.56,16.1,16.35,16.18,0.1700000000000017,1.05,9915264.0,103621958.0,1.568,0.007645,0.0127909999999999,0.78,21.6883,18.3534,2.5931,4.0495,3.9591,0.0,,1475926818.0,1296931295.0,775191213.0,15393916712.0,13526993407.0,新型电力,公用事业,电力,风力发电,11.35,9.29,0.0
2024-03-29,16.34,16.61,16.32,16.54,16.35,0.1899999999999977,1.16,7617500.0,80080167.0,1.568,0.005873,0.009827,0.6,21.9378,18.5646,2.623,4.0961,4.0046,0.0,,1475926818.0,1296931295.0,775191213.0,15571027930.0,13682625162.0,新型电力,公用事业,电力,风力发电,11.47,9.39,0.0
2024-04-01,16.76,17.3,16.56,17.19,16.54,0.6500000000000021,3.93,14429800.0,157682971.0,1.568,0.011126,0.018615,1.29,22.7904,19.286,2.7249,4.2553,4.1603,0.0,,1475926818.0,1296931295.0,775191213.0,16176157925.0,14214366993.0,新型电力,公用事业,电力,风力发电,11.61,9.5,0.0
2024-04-02,17.34,17.73,17.12,17.62,17.19,0.4299999999999997,2.5,19631720.0,218706066.0,1.568,0.015137,0.025325,1.78,23.3726,19.7787,2.7945,4.364,4.2665,0.0,,1475926818.0,1296931295.0,775191213.0,16589417434.0,14577507756.0,新型电力,公用事业,电力,风力发电,12.06,9.86,0.0
2024-04-03,17.59,17.73,17.28,17.39,17.62,-0.2300000000000004,-1.31,14903135.999999998,166200109.0,1.568,0.011491,0.019225,1.19,23.0607,19.5148,2.7572,4.3058,4.2096,0.0,,1475926818.0,1296931295.0,775191213.0,16368028412.0,14382968062.0,新型电力,公用事业,电力,风力发电,12.36,10.12,0.0
2024-04-08,17.25,17.64,17.2,17.22,17.39,-0.1700000000000017,-0.98,13172800.0,146150434.0,1.568,0.010157,0.016993,0.99,22.832,19.3212,2.7299,4.2631,4.1679,0.0,,1475926818.0,1296931295.0,775191213.0,16205676462.0,14240305619.0,新型电力,公用事业,电力,风力发电,12.2,9.98,0.0
2024-04-09,17.15,17.75,17.14,17.58,17.22,0.3599999999999994,2.09,17031987.0,190853287.0,1.568,0.0131329999999999,0.0219709999999999,1.22,23.3102,19.7259,2.7871,4.3524,4.2552,0.0,,1475926818.0,1296931295.0,775191213.0,16545139630.0,14538599816.999998,新型电力,公用事业,电力,风力发电,12.08,9.88,0.0
2024-04-10,17.59,17.64,17.26,17.36,17.58,-0.2199999999999988,-1.25,13469534.0,149407826.0,1.568,0.010386,0.017376,0.85,23.0191,19.4796,2.7523,4.298,4.202,0.0,,1475926818.0,1296931295.0,775191213.0,16338509875.0,14357029436.000002,新型电力,公用事业,电力,风力发电,12.33,10.09,0.0
2024-04-11,17.23,17.51,16.98,17.31,17.36,-0.0500000000000007,-0.29,12502845.0,137807479.0,1.568,0.00964,0.016129,0.8,22.9567,19.4268,2.7448,4.2864,4.1906,0.0,,1475926818.0,1296931295.0,775191213.0,16294232071.0,14318121497.0,新型电力,公用事业,电力,风力发电,12.18,9.96,0.0
2024-04-12,17.53,17.55,17.04,17.06,17.31,-0.25,-1.44,12120000.0,133073448.0,1.568,0.009345,0.015635,0.85,22.624,19.1452,2.705,4.2242,4.1299,0.0,,1475926818.0,1296931295.0,775191213.0,16058083780.0,14110612490.0,新型电力,公用事业,电力,风力发电,12.14,9.94,0.0
2024-04-15,16.97,17.25,16.5,16.95,17.06,-0.1099999999999994,-0.64,13561272.0,146008900.0,1.568,0.010456,0.017494,0.99,22.4785,19.0221,2.6876,4.1971,4.1033,0.0,,1475926818.0,1296931295.0,775191213.0,15954768903.0,14019827299.0,新型电力,公用事业,电力,风力发电,11.97,9.79,0.0
2024-04-16,16.75,16.93,15.81,15.84,16.95,-1.1099999999999994,-6.55,18732562.0,194279187.0,1.568,0.0144439999999999,0.024165,1.36,21.0021,17.7727,2.5111,3.9214,3.8338,0.0,,1475926818.0,1296931295.0,775191213.0,14906860862.0,13099006080.0,新型电力,公用事业,电力,风力发电,11.89,9.73,0.0
2024-04-17,15.99,16.73,15.99,16.7,15.84,0.8599999999999994,5.43,16399745.000000002,172800081.0,1.568,0.012645,0.021156,1.16,22.1458,18.7405,2.6478,4.1349,4.0426,0.0,,1475926818.0,1296931295.0,775191213.0,15718620612.000002,13812318292.0,新型电力,公用事业,电力,风力发电,11.11,9.09,0.0
2024-04-18,16.71,16.81,16.31,16.5,16.7,-0.1999999999999993,-1.2,10759567.0,113687485.0,1.568,0.008296,0.0138799999999999,0.73,21.8754,18.5118,2.6155,4.0845,3.9932,0.0,,1475926818.0,1296931295.0,775191213.0,15526750125.0,13643717223.0,新型电力,公用事业,电力,风力发电,11.72,9.59,0.0
2024-04-19,16.39,16.45,15.98,15.98,16.5,-0.5199999999999996,-3.15,10714028.0,110331406.0,1.568,0.008261,0.013821,0.75,21.1892,17.9311,2.5335,3.9563,3.868,0.0,,1475926818.0,1296931295.0,775191213.0,15039694275.0,13215729896.0,新型电力,公用事业,电力,风力发电,11.57,9.47,0.0
2024-04-22,15.96,16.12,15.74,15.82,15.98,-0.1600000000000001,-1.0,8239800.0,83516863.0,1.568,0.006353,0.010629,0.59,20.9813,17.7551,2.5086,3.9175,3.83,0.0,,1475926818.0,1296931295.0,775191213.0,14892101594.0,13086036767.0,新型电力,公用事业,电力,风力发电,11.21,9.17,0.0
2024-04-23,15.85,15.96,15.57,15.66,15.82,-0.1600000000000001,-1.01,7828700.0,78550045.0,1.568,0.006036,0.010099,0.6,20.7733,17.5791,2.4837,3.8787,3.7921,0.0,,1475926818.0,1296931295.0,775191213.0,14744508912.0,12956343637.000002,新型电力,公用事业,电力,风力发电,11.1,9.08,0.0
2024-04-24,15.54,15.71,15.1,15.62,15.66,-0.0400000000000009,-0.26,11015755.0,108443579.0,1.568,0.008494,0.01421,1.02,20.711,17.5263,2.4763,3.867,3.7807,0.0,,1475926818.0,1296931295.0,775191213.0,14700231107.0,12917435698.0,新型电力,公用事业,电力,风力发电,10.99,8.99,0.0
2024-04-25,15.66,16.17,15.63,15.96,15.62,0.3400000000000016,2.18,11400800.0,115997057.0,1.568,0.008791,0.014707,1.17,21.1684,17.9135,2.531,3.9525,3.8642,0.0,,1475926818.0,1296931295.0,775191213.0,15024935007.0,13202760583.0,新型电力,公用事业,电力,风力发电,10.96,8.96,0.0
2024-04-26,15.96,16.28,15.84,16.26,15.96,0.3000000000000007,1.88,12090401.0,124103705.0,1.568,0.009322,0.015597,1.23,21.5635,18.2478,2.5782,4.0262,3.9363,0.0,,1475926818.0,1296931295.0,775191213.0,15305361103.0,13449177529.0,新型电力,公用事业,电力,风力发电,11.2,9.16,0.0
2024-04-29,16.93,17.89,16.92,17.89,16.26,1.629999999999999,10.02,24391743.0,274794263.0,1.568,0.018807,0.031466,2.41,23.3024,19.8349,1.8451,5.6089,5.488,0.0,,1628568967.0000002,1296928295.0,775188213.0,18581971913.0,14797951846.0,新型电力,公用事业,电力,风力发电,11.41,9.33,0.0
2024-04-30,18.09,18.6,17.89,18.24,17.89,0.3499999999999978,1.96,49504973.0,576782681.0,1.568,0.038171,0.063862,3.71,23.7517,20.2174,1.8806,5.717,5.5938,0.0,,1628568967.0000002,1296928295.0,775188213.0,18940257086.0,15083276071.0,新型电力,公用事业,电力,风力发电,12.55,10.27,0.0
2024-05-06,18.47,18.89,18.14,18.27,18.24,0.0300000000000011,0.16,31476583.0,369160239.0,1.568,0.02427,0.040605,1.45,23.7925,20.2521,1.8839,5.7268,5.6034,0.0,,1628568967.0000002,1296928295.0,775188213.0,18972828466.0,15109214637.0,新型电力,公用事业,电力,风力发电,12.79,10.47,0.0
2024-05-07,18.35,18.66,18.24,18.63,18.27,0.3599999999999994,1.97,23973742.0,282243607.0,1.568,0.018485,0.030926,0.93,24.2622,20.652,1.9211,5.8399,5.714,0.0,,1628568967.0000002,1296928295.0,775188213.0,19347399328.0,15407508145.0,新型电力,公用事业,电力,风力发电,12.82,10.49,0.0
2024-05-08,18.63,19.0,18.39,18.44,18.63,-0.1899999999999977,-1.02,32939643.0,393042626.0,1.568,0.025398,0.042492,1.16,24.0172,20.4434,1.9017,5.7809,5.6563,0.0,,1628568967.0000002,1296928295.0,775188213.0,19151971052.0,15251876749.0,新型电力,公用事业,电力,风力发电,13.07,10.69,0.0
2024-05-09,18.46,18.99,18.46,18.77,18.44,0.3299999999999983,1.79,27983066.0,335297388.0,1.568,0.0215759999999999,0.036098,0.86,24.446,20.8084,1.9356,5.8841,5.7573,0.0,,1628568967.0000002,1296928295.0,775188213.0,19493970535.0,15524231691.0,新型电力,公用事业,电力,风力发电,12.94,10.58,0.0
2024-05-10,18.74,19.6,18.71,19.38,18.77,0.6099999999999994,3.25,41360247.0,508833468.0,1.568,0.0318909999999999,0.053355,1.25,25.2425,21.4864,1.9987,6.0759,5.9449,0.0,,1628568967.0000002,1296928295.0,775188213.0,20129112432.0,16030033725.999998,新型电力,公用事业,电力,风力发电,13.17,10.77,0.0
2024-05-13,19.27,19.68,18.83,19.26,19.38,-0.1199999999999974,-0.62,34023966.0,419375000.0,1.568,0.026234,0.043891,1.08,25.0791,21.3473,1.9858,6.0365,5.9064,0.0,,1628568967.0000002,1296928295.0,775188213.0,19998826915.0,15926279463.0,新型电力,公用事业,电力,风力发电,13.6,11.12,0.0
2024-05-14,19.1,19.26,18.91,18.96,19.26,-0.3000000000000007,-1.56,26348405.0,319530494.0,1.568,0.020316,0.03399,0.82,24.6911,21.017,1.955,5.9431,5.815,0.0,,1628568967.0000002,1296928295.0,775188213.0,19689398811.0,15679863087.0,新型电力,公用事业,电力,风力发电,13.51,11.05,0.0
2024-05-15,18.88,19.05,18.44,18.49,18.96,-0.4700000000000024,-2.48,23044537.0,274092945.0,1.568,0.017769,0.0297279999999999,0.71,24.0784,20.4955,1.9065,5.7957,5.6708,0.0,,1628568967.0000002,1296928295.0,775188213.0,19200828121.0,15290784598.0,新型电力,公用事业,电力,风力发电,13.3,10.88,0.0
2024-05-16,18.61,18.75,18.3,18.38,18.49,-0.1099999999999994,-0.59,13782437.0,162711712.0,1.568,0.010627,0.017779,0.45,23.9355,20.3738,1.8952,5.7612,5.6371,0.0,,1628568967.0000002,1296928295.0,775188213.0,19086828293.0,15199999617.000002,新型电力,公用事业,电力,风力发电,12.97,10.61,0.0
2024-05-17,18.3,18.57,18.3,18.55,18.38,0.1700000000000017,0.92,12137065.0,142859571.0,1.568,0.009358,0.015657,0.44,24.1601,20.5651,1.913,5.8153,5.69,0.0,,1628568967.0000002,1296928295.0,775188213.0,19265970880.0,15342661730.0,新型电力,公用事业,电力,风力发电,12.89,10.55,0.0
2024-05-20,18.55,18.86,18.41,18.82,18.55,0.2699999999999996,1.46,18020521.0,215025105.0,1.568,0.013895,0.023247,0.82,24.5073,20.8606,1.9405,5.8989,5.7718,0.0,,1628568967.0000002,1296928295.0,775188213.0,19542827604.0,15563139540.0,新型电力,公用事业,电力,风力发电,13.01,10.65,0.0
2024-05-21,18.74,18.74,18.42,18.47,18.82,-0.3500000000000014,-1.86,11974600.0,141341140.0,1.568,0.009233,0.0154469999999999,0.64,24.058,20.4781,1.9049,5.7907,5.6659,0.0,,1628568967.0000002,1296928295.0,775188213.0,19184542431.0,15277815315.0,新型电力,公用事业,电力,风力发电,13.2,10.8,0.0
2024-05-22,18.42,18.85,18.42,18.67,18.47,0.2000000000000028,1.08,13467200.0,160146433.0,1.568,0.010384,0.017373,0.85,24.3235,20.7041,1.9259,5.8546,5.7285,0.0,,1628568967.0000002,1296928295.0,775188213.0,19396256397.0,15446415992.999998,新型电力,公用事业,电力,风力发电,12.96,10.6,0.0
2024-05-23,18.61,18.63,18.09,18.16,18.67,-0.5100000000000016,-2.73,13673051.999999998,159565115.0,1.568,0.010543,0.017638,0.99,23.6495,20.1305,1.8726,5.6924,5.5697,0.0,,1628568967.0000002,1296928295.0,775188213.0,18858828638.0,15018429656.0,新型电力,公用事业,电力,风力发电,13.1,10.72,0.0
2024-05-24,18.0,18.67,18.0,18.33,18.16,0.1699999999999981,0.94,17034068.0,200679523.0,1.568,0.013134,0.021974,1.23,23.8742,20.3217,1.8904,5.7465,5.6227,0.0,,1628568967.0000002,1296928295.0,775188213.0,19037971224.0,15161091769.0,新型电力,公用事业,电力,风力发电,12.74,10.42,0.0
2024-05-27,18.28,18.5,18.09,18.36,18.33,0.0300000000000011,0.16,14208000.0,165628912.0,1.568,0.010955,0.018328,0.96,23.915,20.3564,1.8936,5.7563,5.6323,0.0,,1628568967.0000002,1296928295.0,775188213.0,19070542604.0,15187030334.0,新型电力,公用事业,电力,风力发电,12.86,10.52,0.0
2024-05-28,18.27,18.99,18.24,18.8,18.36,0.4400000000000013,2.4,31685077.0,377813588.0,1.568,0.0244309999999999,0.0408739999999999,2.25,24.4869,20.8432,1.9389,5.894,5.7669,0.0,,1628568967.0000002,1296928295.0,775188213.0,19526541914.0,15550170257.000002,新型电力,公用事业,电力,风力发电,12.88,10.54,0.0
2024-05-29,18.8,18.82,18.17,18.35,18.8,-0.4499999999999993,-2.39,26426807.0,311310673.0,1.568,0.020376,0.034091,1.47,23.8946,20.3391,1.892,5.7514,5.6275,0.0,,1628568967.0000002,1296928295.0,775188213.0,19054256914.0,15174061052.000002,新型电力,公用事业,电力,风力发电,13.19,10.79,0.0
2024-05-30,18.36,18.69,18.17,18.24,18.35,-0.1100000000000029,-0.6,19179125.0,225164284.0,1.568,0.0147879999999999,0.024741,0.93,23.7517,20.2174,1.8806,5.717,5.5938,0.0,,1628568967.0000002,1296928295.0,775188213.0,18940257086.0,15083276071.0,新型电力,公用事业,电力,风力发电,12.87,10.53,0.0
2024-05-31,18.19,18.58,18.19,18.42,18.24,0.1800000000000032,0.99,15791867.000000002,185421189.0,1.568,0.012176,0.0203719999999999,0.73,23.9967,20.426,1.9001,5.776,5.6515,0.0,,1628568967.0000002,1296928295.0,775188213.0,19135685362.0,15238907466.0,新型电力,公用事业,电力,风力发电,12.79,10.47,0.0
2024-06-03,18.35,18.41,17.98,18.16,18.42,-0.2600000000000015,-1.41,15660797.0,180750434.0,1.568,0.012075,0.020203,0.73,23.6495,20.1305,1.8726,5.6924,5.5697,0.0,,1628568967.0000002,1296928295.0,775188213.0,18858828638.0,15018429656.0,新型电力,公用事业,电力,风力发电,12.93,10.58,0.0
2024-06-04,18.08,18.36,17.88,18.33,18.16,0.1699999999999981,0.94,13056053.0,151415237.0,1.568,0.010067,0.016842,0.6,23.8742,20.3217,1.8904,5.7465,5.6227,0.0,,1628568967.0000002,1296928295.0,775188213.0,19037971224.0,15161091769.0,新型电力,公用事业,电力,风力发电,12.74,10.42,0.0
2024-06-05,18.28,18.5,18.19,18.25,18.33,-0.0799999999999983,-0.44,11691971.0,136932800.0,1.568,0.009015,0.015083,0.65,23.7721,20.2348,1.8823,5.7219,5.5986,0.0,,1628568967.0000002,1296928295.0,775188213.0,18956542776.0,15096245354.0,新型电力,公用事业,电力,风力发电,12.86,10.52,0.0
2024-06-06,18.33,18.55,18.13,18.14,18.25,-0.1099999999999994,-0.6,16958376.0,198697377.0,1.568,0.013076,0.021876,1.12,23.6291,20.1131,1.8709,5.6875,5.5649,0.0,,1628568967.0000002,1296928295.0,775188213.0,18842542948.0,15005460373.0,新型电力,公用事业,电力,风力发电,12.8,10.48,0.0
2024-06-07,18.16,18.35,17.8,18.16,18.14,0.0199999999999995,0.11,16611531.0,190561925.0,1.568,0.012808,0.021429,1.14,23.6495,20.1305,1.8726,5.6924,5.5697,0.0,,1628568967.0000002,1296928295.0,775188213.0,18858828638.0,15018429656.0,新型电力,公用事业,电力,风力发电,12.73,10.41,0.0
2024-06-11,17.97,18.17,17.89,18.13,18.16,-0.0300000000000011,-0.17,8757588.0,100651542.0,1.568,0.006753,0.011297,0.59,23.6087,20.0957,1.8693,5.6826,5.5601,0.0,,1628568967.0000002,1296928295.0,775188213.0,18826257259.0,14992491090.0,新型电力,公用事业,电力,风力发电,12.74,10.42,0.0
2024-06-12,18.09,18.58,18.09,18.46,18.13,0.3300000000000018,1.82,13492349.0,158393088.0,1.568,0.010403,0.017405,1.01,24.0376,20.4607,1.9033,5.7858,5.6611,0.0,,1628568967.0000002,1296931295.0,775191213.0,19168256742.0,15264881342.0,新型电力,公用事业,电力,风力发电,12.72,10.4,0.0
2024-06-13,18.46,18.66,18.06,18.64,18.46,0.1799999999999997,0.98,18737893.0,219798261.0,1.568,0.014448,0.024172,1.39,24.2827,20.6694,1.9227,5.8448,5.7189,0.0,,1628568967.0000002,1296931295.0,775191213.0,19363685018.0,15420513098.0,新型电力,公用事业,电力,风力发电,12.95,10.59,0.0
2024-06-14,18.66,18.66,18.31,18.55,18.64,-0.0899999999999998,-0.48,14262101.999999998,168266406.0,1.568,0.010997,0.018398,0.96,24.1601,20.5651,1.913,5.8153,5.69,0.0,,1628568967.0000002,1296931295.0,775191213.0,19265970880.0,15342697220.0,新型电力,公用事业,电力,风力发电,13.08,10.7,0.0
2024-06-17,18.42,18.78,18.13,18.14,18.55,-0.4100000000000001,-2.21,15418650.0,180863560.0,1.568,0.011889,0.01989,1.07,23.6291,20.1131,1.8709,5.6875,5.5649,0.0,,1628568967.0000002,1296931295.0,775191213.0,18842542948.0,15005495083.000002,新型电力,公用事业,电力,风力发电,13.01,10.65,0.0
2024-06-18,18.11,18.19,17.64,18.13,18.14,-0.0100000000000015,-0.06,13324304.0,152671437.0,1.568,0.010274,0.017188,0.94,23.6087,20.0957,1.8693,5.6826,5.5601,0.0,,1628568967.0000002,1296931295.0,775191213.0,18826257259.0,14992525770.0,新型电力,公用事业,电力,风力发电,12.73,10.41,0.0
2024-06-19,18.03,18.11,17.73,17.77,18.13,-0.3599999999999994,-1.99,9122821.0,103800811.0,1.568,0.007034,0.011768,0.61,23.139,19.6959,1.8321,5.5695,5.4495,0.0,,1628568967.0000002,1296931295.0,775191213.0,18451686396.0,14694231572.0,新型电力,公用事业,电力,风力发电,12.72,10.4,0.0
2024-06-20,17.77,17.88,17.25,17.33,17.77,-0.4400000000000013,-2.48,12561017.0,139781724.0,1.568,0.009685,0.016204,0.89,22.5671,19.2091,1.7869,5.4319,5.3148,0.0,,1628568967.0000002,1296931295.0,775191213.0,17995687085.0,14331090810.0,新型电力,公用事业,电力,风力发电,12.46,10.2,0.0
2024-06-21,17.33,17.98,17.26,17.56,17.33,0.2300000000000004,1.33,15148395.000000002,171285454.0,1.568,0.01168,0.019541,1.17,22.8735,19.4699,1.8111,5.5056,5.387,0.0,,1628568967.0000002,1296931295.0,775191213.0,18239972430.0,14525630504.0,新型电力,公用事业,电力,风力发电,12.16,9.95,0.0
2024-06-24,17.33,17.48,16.93,17.09,17.56,-0.4699999999999988,-2.68,11593255.0,126895484.0,1.568,0.008939,0.014955,0.88,22.2608,18.9484,1.7626,5.3582,5.2427,0.0,,1628568967.0000002,1296931295.0,775191213.0,17751401740.0,14136551116.0,新型电力,公用事业,电力,风力发电,12.32,10.08,0.0
2024-06-25,17.07,17.21,16.68,16.81,17.09,-0.2800000000000011,-1.64,8927756.0,96286165.0,1.5677,0.006884,0.011517,0.72,21.8932,18.6354,1.7335,5.2697,5.1561,0.0,,1628568967.0000002,1296931295.0,775191213.0,17458259326.0,13903103481.999998,新型电力,公用事业,电力,风力发电,11.99,9.81,0.0
2024-06-26,16.84,17.4,16.73,17.4,16.81,0.5899999999999999,3.51,11806201.0,128654938.0,1.568,0.009103,0.0152299999999999,1.03,22.6693,19.296,1.7949,5.4565,5.3389,0.0,,1628568967.0000002,1296931295.0,775191213.0,18077115534.0,14395937375.0,新型电力,公用事业,电力,风力发电,11.79,9.65,0.0
2024-06-27,17.33,17.37,16.78,16.84,17.4,-0.5599999999999987,-3.22,10288100.0,111682592.0,1.568,0.007933,0.0132719999999999,0.86,21.934,18.6702,1.7367,5.2795,5.1657,0.0,,1628568967.0000002,1296931295.0,775191213.0,17490830706.0,13929042108.0,新型电力,公用事业,电力,风力发电,12.21,9.99,0.0
2024-06-28,16.82,17.11,16.76,16.89,16.84,0.0500000000000007,0.3,10260200.0,111072085.0,1.568,0.007911,0.013236,0.89,24.9342,21.2239,1.6136,6.0016,5.8723,0.0,,1846168342.0,1296931295.0,775191213.0,19883233043.0,13967950047.0,新型电力,公用事业,电力,风力发电,11.81,9.67,0.0
2024-07-01,16.78,17.25,16.78,17.17,16.89,0.2800000000000011,1.66,10298800.0,112312333.0,1.568,0.007941,0.013285,0.97,25.3509,21.5787,1.6406,6.1019,5.9704,0.0,,1846168342.0,1296931295.0,775191213.0,20215543345.0,14201397680.0,新型电力,公用事业,电力,风力发电,11.85,9.69,0.0
2024-07-02,17.17,17.2,16.97,17.01,17.17,-0.1600000000000001,-0.93,8376900.0,91191291.0,1.568,0.006459,0.010806,0.81,25.1194,21.3816,1.6256,6.0462,5.9159,0.0,,1846168342.0,1296931295.0,775191213.0,20030926511.0,14071704551.0,新型电力,公用事业,电力,风力发电,12.05,9.86,0.0
2024-07-03,17.01,17.17,16.87,16.98,17.01,-0.0300000000000011,-0.18,8297900.0,90127420.0,1.568,0.006398,0.010704,0.81,25.0731,21.3422,1.6226,6.0351,5.905,0.0,,1846168342.0,1296931295.0,775191213.0,19994003144.0,14045765925.0,新型电力,公用事业,电力,风力发电,11.94,9.77,0.0
2024-07-04,17.01,17.06,16.46,16.51,16.98,-0.4699999999999988,-2.77,7025364.999999999,74902007.0,1.568,0.005417,0.009063,0.74,24.3785,20.751,1.5777,5.8679,5.7414,0.0,,1846168342.0,1296931295.0,775191213.0,19440152641.0,13656686536.0,新型电力,公用事业,电力,风力发电,11.91,9.75,0.0
2024-07-05,16.56,16.68,16.4,16.61,16.51,0.0999999999999978,0.61,5314113.0,56185769.0,1.568,0.004097,0.006855,0.6,24.5175,20.8692,1.5867,5.9013,5.7742,0.0,,1846168342.0,1296931295.0,775191213.0,19550922742.0,13734502414.0,新型电力,公用事业,电力,风力发电,11.58,9.48,0.0
2024-07-08,16.59,16.61,16.24,16.31,16.61,-0.3000000000000007,-1.81,6097000.0,63656677.0,1.568,0.004701,0.007865,0.78,24.0776,20.4948,1.5582,5.7955,5.6706,0.0,,1846168342.0,1296931295.0,775191213.0,19200150757.0,13488085467.999998,新型电力,公用事业,电力,风力发电,11.65,9.53,0.0
2024-07-09,16.32,16.76,16.01,16.59,16.31,0.2800000000000011,1.72,8817793.0,92311900.0,1.568,0.0067989999999999,0.011375,1.26,24.4943,20.8495,1.5852,5.8958,5.7687,0.0,,1846168342.0,1296931295.0,775191213.0,19532461058.0,13721533100.999998,新型电力,公用事业,电力,风力发电,11.44,9.36,0.0
2024-07-10,16.54,17.01,16.42,16.45,16.59,-0.1400000000000005,-0.84,9494300.0,101186585.0,1.568,0.0073209999999999,0.012248,1.34,24.2859,20.6722,1.5717,5.8456,5.7196,0.0,,1846168342.0,1296931295.0,775191213.0,19366305908.0,13604809285.0,新型电力,公用事业,电力,风力发电,11.64,9.52,0.0
2024-07-11,16.75,17.08,16.65,16.97,16.45,0.5199999999999996,3.16,11987124.0,129235871.0,1.568,0.009243,0.015463,1.63,25.0499,21.3225,1.6211,6.0295,5.8996,0.0,,1846168342.0,1296931295.0,775191213.0,19975541460.0,14032796612.0,新型电力,公用事业,电力,风力发电,11.54,9.44,0.0
2024-07-12,16.92,16.98,16.71,16.76,16.97,-0.2099999999999973,-1.24,7527600.0,80750338.0,1.568,0.005804,0.009711,0.9,24.749,21.0663,1.6017,5.9571,5.8287,0.0,,1846168342.0,1296931295.0,775191213.0,19735539576.0,13864195544.0,新型电力,公用事业,电力,风力发电,11.9,9.74,0.0
2024-07-15,16.78,16.89,16.2,16.31,16.76,-0.4500000000000028,-2.68,12686213.0,132514016.0,1.568,0.0097819999999999,0.016365,1.44,24.0776,20.4948,1.5582,5.7955,5.6706,0.0,,1846168342.0,1296931295.0,775191213.0,19200150757.0,13488085467.999998,新型电力,公用事业,电力,风力发电,11.76,9.62,0.0
2024-07-16,16.26,16.37,15.99,16.12,16.31,-0.1899999999999977,-1.16,7976591.0,82033236.0,1.568,0.00615,0.0102899999999999,0.79,23.7998,20.2583,1.5402,5.7286,5.6051,0.0,,1846168342.0,1296931295.0,775191213.0,18978610556.0,13332453713.0,新型电力,公用事业,电力,风力发电,11.44,9.36,0.0
2024-07-17,16.12,16.17,15.88,15.9,16.12,-0.2200000000000006,-1.36,7589300.0,77319921.0,1.568,0.005852,0.00979,0.76,23.4756,19.9824,1.5193,5.6506,5.5288,0.0,,1846168342.0,1296931295.0,775191213.0,18720146988.0,13150883331.0,新型电力,公用事业,电力,风力发电,11.31,9.25,0.0
2024-07-18,15.87,16.07,15.6,16.01,15.9,0.1100000000000012,0.69,7174139.999999999,72557410.0,1.568,0.005532,0.009255,0.75,23.6377,20.1204,1.5297,5.6896,5.567,0.0,,1846168342.0,1296931295.0,775191213.0,18849378772.0,13241668522.0,新型电力,公用事业,电力,风力发电,11.15,9.13,0.0
2024-07-19,16.01,16.06,15.77,15.82,16.01,-0.1900000000000012,-1.19,8196300.0,83019779.0,1.568,0.00632,0.0105729999999999,0.95,23.3599,19.8839,1.5118,5.6227,5.5015,0.0,,1846168342.0,1296931295.0,775191213.0,18627838571.0,13086036767.0,新型电力,公用事业,电力,风力发电,11.23,9.19,0.0
2024-07-22,15.84,15.99,15.66,15.7,15.82,-0.120000000000001,-0.76,8264800.0,83186869.0,1.568,0.006373,0.010662,0.95,23.1747,19.7262,1.4998,5.5781,5.4579,0.0,,1846168342.0,1296931295.0,775191213.0,18480145103.0,12982282263.0,新型电力,公用事业,电力,风力发电,11.1,9.08,0.0
2024-07-23,15.76,15.82,15.21,15.26,15.7,-0.4399999999999995,-2.8,9572100.0,94295101.0,1.568,0.0073809999999999,0.012348,1.22,22.5264,19.1745,1.4578,5.4221,5.3052,0.0,,1846168342.0,1296931295.0,775191213.0,17963217968.0,12619141500.0,新型电力,公用事业,电力,风力发电,11.01,9.01,0.0
2024-07-24,15.23,15.44,15.07,15.08,15.26,-0.1799999999999997,-1.18,7852500.0,76116932.0,1.568,0.006055,0.0101299999999999,0.96,22.2718,18.9577,1.4413,5.3608,5.2453,0.0,,1846168342.0,1296931295.0,775191213.0,17760139450.0,12476479058.0,新型电力,公用事业,电力,风力发电,10.7,8.76,0.0
2024-07-25,15.08,15.6,15.05,15.41,15.08,0.33,2.19,10380262.0,101783304.0,1.568,0.008004,0.013391,1.26,22.7579,19.3715,1.4728,5.4778,5.3598,0.0,,1846168342.0,1296931295.0,775191213.0,18147834802.0,12748834630.0,新型电力,公用事业,电力,风力发电,10.58,8.66,0.0
2024-07-26,15.41,15.77,15.37,15.54,15.41,0.129999999999999,0.84,9373662.0,93181188.0,1.568,0.007228,0.012092,1.06,22.9432,19.5292,1.4848,5.5224,5.4034,0.0,,1846168342.0,1296931295.0,775191213.0,18295528269.0,12852589132.999998,新型电力,公用事业,电力,风力发电,10.81,8.85,0.0
2024-07-29,15.6,15.6,15.23,15.38,15.54,-0.1599999999999983,-1.03,5983446.0,58590489.0,1.568,0.004614,0.007719,0.66,22.7116,19.3321,1.4698,5.4667,5.3489,0.0,,1846168342.0,1296931295.0,775191213.0,18110911435.0,12722896004.000002,新型电力,公用事业,电力,风力发电,10.9,8.92,0.0
2024-07-30,15.38,15.41,15.19,15.32,15.38,-0.0600000000000005,-0.39,5662487.0,55231417.0,1.568,0.004366,0.007305,0.66,22.619,19.2533,1.4638,5.4444,5.327,0.0,,1846168342.0,1296931295.0,775191213.0,18037064701.0,12671018751.999998,新型电力,公用事业,电力,风力发电,10.79,8.83,0.0
2024-07-31,15.32,15.82,15.23,15.81,15.32,0.4900000000000002,3.2,13052946.0,130329715.0,1.568,0.010064,0.016838,1.66,23.3367,19.8642,1.5103,5.6171,5.4961,0.0,,1846168342.0,1296931295.0,775191213.0,18609376887.0,13073067453.999998,新型电力,公用事业,电力,风力发电,10.75,8.79,0.0
2024-08-01,15.81,15.95,15.49,15.55,15.81,-0.2599999999999998,-1.64,11505484.0,114760255.0,1.568,0.008871,0.014842,1.29,22.9663,19.5489,1.4863,5.528,5.4088,0.0,,1846168342.0,1296931295.0,775191213.0,18313989953.0,12865558446.0,新型电力,公用事业,电力,风力发电,11.09,9.07,0.0
2024-08-02,15.52,15.65,15.37,15.38,15.55,-0.1699999999999999,-1.09,7809800.0,77182987.0,1.568,0.006022,0.010075,0.86,22.7116,19.3321,1.4698,5.4667,5.3489,0.0,,1846168342.0,1296931295.0,775191213.0,18110911435.0,12722896004.000002,新型电力,公用事业,电力,风力发电,10.91,8.93,0.0
2024-08-05,15.34,15.65,15.13,15.15,15.38,-0.2300000000000004,-1.5,9443697.0,92522138.0,1.568,0.0072819999999999,0.012182,1.07,22.3644,19.0365,1.4473,5.3831,5.2671,0.0,,1846168342.0,1296931295.0,775191213.0,17833986184.0,12528356310.0,新型电力,公用事业,电力,风力发电,10.79,8.83,0.0
2024-08-06,15.3,15.48,15.18,15.34,15.15,0.1899999999999995,1.25,7702500.0,75281267.0,1.568,0.005939,0.009936,0.81,22.6422,19.273,1.4653,5.45,5.3325,0.0,,1846168342.0,1296931295.0,775191213.0,18055526385.0,12683988065.0,新型电力,公用事业,电力,风力发电,10.63,8.69,0.0
2024-08-07,15.35,15.48,15.16,15.4,15.34,0.0600000000000005,0.39,6281820.0,61486929.0,1.568,0.004844,0.008104,0.63,22.7348,19.3518,1.4713,5.4722,5.3543,0.0,,1846168342.0,1296931295.0,775191213.0,18129373118.0,12735865317.0,新型电力,公用事业,电力,风力发电,10.76,8.8,0.0
2024-08-08,15.3,15.43,15.1,15.34,15.4,-0.0600000000000005,-0.39,6493271.0,63141817.0,1.568,0.005007,0.008376,0.76,22.6422,19.273,1.4653,5.45,5.3325,0.0,,1846168342.0,1296931295.0,775191213.0,18055526385.0,12683988065.0,新型电力,公用事业,电力,风力发电,10.8,8.84,0.0
2024-08-09,15.4,15.48,15.21,15.23,15.34,-0.1099999999999994,-0.72,6529562.0,63757496.0,1.568,0.0050349999999999,0.008423,0.87,22.4801,19.135,1.4548,5.4109,5.2943,0.0,,1846168342.0,1296931295.0,775191213.0,17926294601.0,12593202874.0,新型电力,公用事业,电力,风力发电,10.76,8.8,0.0
2024-08-12,15.24,15.35,15.07,15.08,15.23,-0.1500000000000003,-0.98,5646256.0,54528005.0,1.568,0.004354,0.007284,0.77,22.2718,18.9577,1.4413,5.3608,5.2453,0.0,,1846168342.0,1296931295.0,775191213.0,17760139450.0,12476479058.0,新型电力,公用事业,电力,风力发电,10.68,8.74,0.0
2024-08-13,15.05,15.15,14.74,15.1,15.08,0.0199999999999995,0.13,7158300.0,68376058.0,1.568,0.005519,0.009234,1.1,22.2949,18.9774,1.4428,5.3664,5.2507,0.0,,1846168342.0,1296931295.0,775191213.0,17778601133.0,12489448370.999998,新型电力,公用事业,电力,风力发电,10.58,8.66,0.0
2024-08-14,15.1,15.16,14.83,14.83,15.1,-0.2699999999999996,-1.79,5169400.0,49244140.0,1.568,0.003986,0.006669,0.8,21.9013,18.6424,1.4174,5.2716,5.158,0.0,,1846168342.0,1296931295.0,775191213.0,17464752515.0,12268970051.0,新型电力,公用事业,电力,风力发电,10.59,8.67,0.0
2024-08-15,14.82,15.12,14.61,14.96,14.83,0.1300000000000007,0.88,7923119.0,75324675.0,1.568,0.006109,0.010221,1.28,22.0865,18.8,1.4294,5.3162,5.2016,0.0,,1846168342.0,1296931295.0,775191213.0,17612445983.0,12372724554.0,新型电力,公用事业,电力,风力发电,10.41,8.51,0.0
2024-08-16,14.99,14.99,14.71,14.75,14.96,-0.2100000000000008,-1.4,6055400.0,57168050.0,1.568,0.0046689999999999,0.007811,0.93,21.7856,18.5438,1.4099,5.2438,5.1308,0.0,,1846168342.0,1296931295.0,775191213.0,17372444098.0,12204123486.0,新型电力,公用事业,电力,风力发电,10.49,8.59,0.0
2024-08-19,14.74,14.88,14.5,14.58,14.75,-0.1699999999999999,-1.15,8089800.0,75665646.0,1.568,0.006238,0.010436,1.27,21.5309,18.3271,1.3934,5.1825,5.0708,0.0,,1846168342.0,1296931295.0,775191213.0,17169365581.0,12061461044.0,新型电力,公用事业,电力,风力发电,10.35,8.47,0.0
2024-08-20,14.55,14.69,14.33,14.38,14.58,-0.1999999999999993,-1.37,6261000.0,57696740.0,1.568,0.004828,0.0080769999999999,0.91,21.2299,18.0709,1.3739,5.11,4.9999,0.0,,1846168342.0,1296931295.0,775191213.0,16929363696.0,11892859975.0,新型电力,公用事业,电力,风力发电,10.23,8.37,0.0
2024-08-21,14.33,14.55,14.27,14.39,14.38,0.0099999999999997,0.07,6408000.0,58900794.0,1.568,0.004941,0.008266,0.96,21.2531,18.0906,1.3754,5.1156,5.0054,0.0,,1846168342.0,1296931295.0,775191213.0,16947825380.0,11905829288.000002,新型电力,公用事业,电力,风力发电,10.09,8.25,0.0
2024-08-22,14.33,14.44,14.05,14.08,14.39,-0.3100000000000005,-2.15,7637300.0,69050199.0,1.568,0.005889,0.009852,1.1,20.7901,17.6965,1.3455,5.0041,4.8963,0.0,,1846168342.0,1296931295.0,775191213.0,16578591711.0,11646443029.0,新型电力,公用事业,电力,风力发电,10.1,8.26,0.0
2024-08-23,14.03,14.14,13.96,13.99,14.08,-0.0899999999999998,-0.64,4726756.0,42259313.0,1.568,0.003645,0.006098,0.69,20.6512,17.5782,1.3365,4.9707,4.8636,0.0,,1846168342.0,1296931295.0,775191213.0,16467821611.0,11568627151.0,新型电力,公用事业,电力,风力发电,9.88,8.08,0.0
2024-08-26,14.08,14.43,14.08,14.35,13.99,0.3599999999999994,2.57,6890800.999999999,62910294.0,1.568,0.005313,0.008889,1.04,21.1836,18.0315,1.3709,5.0989,4.989,0.0,,1846168342.0,1296931295.0,775191213.0,16892440329.0,11866921349.0,新型电力,公用事业,电力,风力发电,9.81,8.03,0.0
2024-08-27,14.27,14.33,13.96,14.13,14.35,-0.2199999999999988,-1.53,5635119.0,50615045.0,1.568,0.004345,0.007269,0.88,20.8595,17.7556,1.3499,5.0209,4.9127,0.0,,1846168342.0,1296931295.0,775191213.0,16633976761.0,11685350968.0,新型电力,公用事业,电力,风力发电,10.07,8.24,0.0
2024-08-28,14.38,14.5,14.24,14.49,14.13,0.3599999999999994,2.55,8586846.0,78880022.0,1.568,0.006621,0.0110769999999999,1.37,21.392,18.2088,1.3844,5.149,5.0381,0.0,,1846168342.0,1296931295.0,775191213.0,17058595480.0,11983645166.0,新型电力,公用事业,电力,风力发电,9.91,8.11,0.0
2024-08-29,14.43,14.69,14.38,14.58,14.49,0.0899999999999998,0.62,8850500.0,82104747.0,1.568,0.006824,0.011417,1.32,21.5309,18.3271,1.3934,5.1825,5.0708,0.0,,1846168342.0,1296931295.0,775191213.0,17169365581.0,12061461044.0,新型电力,公用事业,电力,风力发电,10.16,8.32,0.0
2024-08-30,14.69,15.04,14.57,14.9,14.58,0.3200000000000003,2.19,13570385.0,128500626.0,1.568,0.010463,0.017506,1.96,21.9939,17.9993,1.6729,5.2939,5.2682,0.0,,1846168342.0,1296927470.0,775187388.0000001,17538599249.0,12320810965.0,新型电力,公用事业,电力,风力发电,10.23,8.37,0.0
2024-09-02,14.88,14.91,14.6,14.6,14.9,-0.3000000000000007,-2.01,8404800.0,78929987.0,1.568,0.006481,0.010842,0.97,21.5541,17.6393,1.6395,5.188,5.1629,0.0,,1846168342.0,1296927470.0,775187388.0000001,17187827264.0,12074394746.0,新型电力,公用事业,电力,风力发电,10.45,8.55,0.0
2024-09-03,14.6,14.94,14.54,14.74,14.6,0.1400000000000005,0.96,7479700.0,70357432.0,1.568,0.0057669999999999,0.009649,0.83,21.7624,17.8098,1.6553,5.2382,5.2128,0.0,,1846168342.0,1296927470.0,775187388.0000001,17353982415.0,12191118218.0,新型电力,公用事业,电力,风力发电,10.24,8.38,0.0
2024-09-04,14.72,14.8,14.55,14.68,14.74,-0.0600000000000005,-0.41,6453700.0,60483207.0,1.568,0.0049759999999999,0.008325,0.69,21.6698,17.734,1.6483,5.2159,5.1906,0.0,,1846168342.0,1296927470.0,775187388.0000001,17280135681.0,12139241118.999998,新型电力,公用事业,电力,风力发电,10.34,8.46,0.0
2024-09-05,14.69,14.88,14.6,14.68,14.68,0.0,0.0,5968100.0,56030133.0,1.568,0.004602,0.007699,0.67,21.6698,17.734,1.6483,5.2159,5.1906,0.0,,1846168342.0,1296927470.0,775187388.0000001,17280135681.0,12139241118.999998,新型电力,公用事业,电力,风力发电,10.3,8.42,0.0
2024-09-06,14.66,14.75,14.52,14.52,14.68,-0.1600000000000001,-1.09,8060264.0,75331219.0,1.568,0.006215,0.010398,0.96,21.4383,17.5445,1.6307,5.1602,5.1352,0.0,,1846168342.0,1296927470.0,775187388.0000001,17095518847.0,12009548372.0,新型电力,公用事业,电力,风力发电,10.3,8.42,0.0
2024-09-09,14.43,14.61,14.36,14.39,14.52,-0.129999999999999,-0.9,4970200.0,45851976.0,1.568,0.003832,0.006412,0.68,21.2531,17.393,1.6166,5.1156,5.0908,0.0,,1846168342.0,1296927470.0,775187388.0000001,16947825380.0,11905794175.0,新型电力,公用事业,电力,风力发电,10.19,8.33,0.0
2024-09-10,14.46,14.58,14.27,14.52,14.39,0.129999999999999,0.9,5399796.0,49643438.0,1.568,0.004164,0.006966,0.82,21.4383,17.5445,1.6307,5.1602,5.1352,0.0,,1846168342.0,1296927470.0,775187388.0000001,17095518847.0,12009548372.0,新型电力,公用事业,电力,风力发电,10.1,8.26,0.0
2024-09-11,14.52,14.93,14.43,14.75,14.52,0.2300000000000004,1.58,12097283.0,113684656.0,1.568,0.009328,0.015606,1.96,21.7856,17.8287,1.6571,5.2438,5.2183,0.0,,1846168342.0,1296927470.0,775187388.0000001,17372444098.0,12204087493.0,新型电力,公用事业,电力,风力发电,10.19,8.33,0.0
2024-09-12,14.71,14.9,14.6,14.72,14.75,-0.0299999999999993,-0.2,7563300.0,71148976.0,1.568,0.005832,0.009757,1.04,21.7393,17.7908,1.6536,5.2326,5.2072,0.0,,1846168342.0,1296927470.0,775187388.0000001,17335520731.0,12178148943.0,新型电力,公用事业,电力,风力发电,10.35,8.47,0.0
2024-09-13,14.72,14.77,14.44,14.72,14.72,0.0,0.0,8586700.0,79946154.0,1.568,0.006621,0.0110769999999999,1.13,21.7393,17.7908,1.6536,5.2326,5.2072,0.0,,1846168342.0,1296927470.0,775187388.0000001,17335520731.0,12178148943.0,新型电力,公用事业,电力,风力发电,10.33,8.45,0.0
2024-09-18,14.69,14.79,14.35,14.47,14.72,-0.25,-1.7,6618956.0,61249446.0,1.568,0.005104,0.008539,0.86,21.3688,17.4877,1.6254,5.1435,5.1185,0.0,,1846168342.0,1296927470.0,775187388.0000001,17040133797.0,11970640548.0,新型电力,公用事业,电力,风力发电,10.33,8.45,0.0
2024-09-19,14.54,14.86,14.44,14.74,14.47,0.2699999999999996,1.87,8100421.000000001,75944614.0,1.568,0.006246,0.01045,1.01,21.7624,17.8098,1.6553,5.2382,5.2128,0.0,,1846168342.0,1296927470.0,775187388.0000001,17353982415.0,12191118218.0,新型电力,公用事业,电力,风力发电,10.15,8.31,0.0
2024-09-20,14.71,14.75,14.54,14.65,14.74,-0.0899999999999998,-0.61,4652700.0,43402368.0,1.568,0.003587,0.0060019999999999,0.54,21.6235,17.6961,1.6447,5.2048,5.1795,0.0,,1846168342.0,1296927470.0,775187388.0000001,17243212314.0,12113302570.0,新型电力,公用事业,电力,风力发电,10.34,8.46,0.0
2024-09-23,14.55,14.69,14.46,14.52,14.65,-0.1300000000000007,-0.89,4654600.0,43230615.0,1.568,0.003589,0.006004,0.66,21.4383,17.5445,1.6307,5.1602,5.1352,0.0,,1846168342.0,1296927470.0,775187388.0000001,17095518847.0,12009548372.0,新型电力,公用事业,电力,风力发电,10.27,8.41,0.0
2024-09-24,14.58,15.1,14.58,15.1,14.52,0.5800000000000001,3.99,13673688.0,129864116.0,1.568,0.010543,0.017639,2.1,22.2949,18.2456,1.6958,5.3664,5.3403,0.0,,1846168342.0,1296927470.0,775187388.0000001,17778601133.0,12489411536.0,新型电力,公用事业,电力,风力发电,10.19,8.33,0.0
2024-09-25,15.26,15.54,15.12,15.15,15.1,0.0500000000000007,0.33,14443748.000000002,141322853.0,1.568,0.011137,0.018633,1.92,22.3644,18.3024,1.7011,5.3831,5.357,0.0,,1846168342.0,1296927470.0,775187388.0000001,17833986184.0,12528319360.0,新型电力,公用事业,电力,风力发电,10.59,8.67,0.0
2024-09-26,15.15,15.62,15.05,15.62,15.15,0.4699999999999988,3.1,14730059.0,144245133.0,1.568,0.011358,0.0190019999999999,1.62,23.0589,18.8708,1.7539,5.5503,5.5233,0.0,,1846168342.0,1296927470.0,775187388.0000001,18387836686.0,12917397601.0,新型电力,公用事业,电力,风力发电,10.63,8.69,0.0
2024-09-27,15.84,16.9,15.84,16.78,15.62,1.160000000000002,7.43,30141191.0,315816692.0,1.568,0.0232399999999999,0.038882,2.89,24.7721,20.2728,1.8842,5.9626,5.9337,0.0,,1846168342.0,1296927470.0,775187388.0000001,19754001259.0,13877123929.0,新型电力,公用事业,电力,风力发电,10.96,8.96,0.0
2024-09-30,17.56,18.46,17.19,18.42,16.78,1.6400000000000006,9.77,42564415.0,486973510.0,1.568,0.032819,0.054909,2.74,27.203,22.2622,2.0691,6.5477,6.516,0.0,,1846168342.0,1296927470.0,775187388.0000001,21692478019.0,15238897773.0,新型电力,公用事业,电力,风力发电,11.77,9.63,0.0
2024-10-08,20.27,20.27,18.71,19.76,18.42,1.34,7.27,52272394.0,655264545.0,1.568,0.040305,0.0674319999999999,2.26,29.1709,23.8727,2.2188,7.0214,6.9874,0.0,,1846168342.0,1296927470.0,775187388.0000001,23261721109.000004,16341286122.0,新型电力,公用事业,电力,风力发电,12.93,10.58,0.0
2024-10-09,19.19,19.26,17.88,17.89,19.76,-1.870000000000001,-9.46,38274784.0,453046512.0,1.568,0.029512,0.049375,1.24,26.4159,21.6181,2.0093,6.3583,6.3274,0.0,,1846168342.0,1296927470.0,775187388.0000001,21064780782.0,14797942433.0,新型电力,公用事业,电力,风力发电,13.86,11.34,0.0
2024-10-10,17.88,18.5,17.78,17.91,17.89,0.0199999999999995,0.11,23459805.0,270840166.0,1.568,0.018089,0.0302629999999999,0.66,26.439,21.637,2.011,6.3638,6.333,0.0,,1846168342.0,1296927470.0,775187388.0000001,21083242466.0,14810911706.999998,新型电力,公用事业,电力,风力发电,12.55,10.27,0.0
2024-10-11,17.81,17.86,16.9,17.17,17.91,-0.7399999999999984,-4.13,16735629.999999998,184457233.0,1.568,0.012904,0.021589,0.45,25.3509,20.7465,1.9283,6.1019,6.0723,0.0,,1846168342.0,1296927470.0,775187388.0000001,20215543345.0,14201355796.999998,新型电力,公用事业,电力,风力发电,12.56,10.28,0.0
2024-10-14,17.41,17.65,17.01,17.57,17.17,0.3999999999999986,2.33,18250672.0,199450380.0,1.5913,0.014072,0.023544,0.53,25.5593,20.917,2.0005,6.1521,6.1223,0.0,0.014493,1846168342.0,1296927470.0,775187388.0000001,20381698496.0,14318079269.0,新型电力,公用事业,电力,风力发电,11.87,9.71,0.0
2024-10-15,17.58,17.95,17.3,17.38,17.57,-0.1900000000000012,-1.08,16739688.0,185394207.0,1.5913,0.012907,0.021594,0.56,25.2815,20.6897,1.9787,6.0852,6.0557,0.0,0.014652,1846168342.0,1296927470.0,775187388.0000001,20160158295.0,14162447972.0,新型电力,公用事业,电力,风力发电,12.14,9.94,0.0
2024-10-16,17.22,19.1,17.12,19.06,17.38,1.6799999999999995,9.67,61263788.0,714098672.0,1.5913,0.0472379999999999,0.079031,2.7,27.7355,22.698,2.1708,6.6759,6.6435,0.0,0.013356,1846168342.0,1296927470.0,775187388.0000001,22117096737.0,15537191091.0,新型电力,公用事业,电力,风力发电,12.01,9.83,0.0
2024-10-17,19.13,19.21,18.14,18.14,19.06,-0.9199999999999982,-4.83,47349415.0,548708355.0,1.5913,0.036509,0.061081,1.74,26.3927,21.5991,2.0657,6.3527,6.3219,0.0,0.0140349999999999,1846168342.0,1296927470.0,775187388.0000001,21046319099.0,14784973158.0,新型电力,公用事业,电力,风力发电,13.18,10.78,0.0
2024-10-18,17.81,18.59,17.42,18.19,18.14,0.0500000000000007,0.28,37919341.0,426757141.0,1.5913,0.029238,0.048916,1.18,26.4622,21.6559,2.0711,6.3694,6.3385,0.0,0.013998,1846168342.0,1296927470.0,775187388.0000001,21101704149.000004,14823880981.999998,新型电力,公用事业,电力,风力发电,12.54,10.26,0.0
2024-10-21,18.2,18.7,17.87,18.09,18.19,-0.1000000000000014,-0.55,34998426.0,401180908.0,1.5913,0.026986,0.045148,0.96,26.3233,21.5423,2.0603,6.336,6.3053,0.0,0.014072,1846168342.0,1296927470.0,775187388.0000001,20990934049.0,14746065334.0,新型电力,公用事业,电力,风力发电,12.57,10.29,0.0
2024-10-22,18.11,18.19,17.84,18.12,18.09,0.0300000000000011,0.17,20223907.0,228930200.0,1.5913,0.0155939999999999,0.026089,0.51,26.3696,21.5802,2.0639,6.3471,6.3163,0.0,0.014047,1846168342.0,1296927470.0,775187388.0000001,21027857415.0,14772003883.0,新型电力,公用事业,电力,风力发电,12.51,10.23,0.0
2024-10-23,18.12,18.54,17.98,18.3,18.12,0.1799999999999997,0.99,25646901.0,294189793.0,1.5913,0.019775,0.033085,0.64,26.6242,21.7886,2.0838,6.4084,6.3773,0.0,0.013913,1846168342.0,1296927470.0,775187388.0000001,21230935933.0,14914665905.0,新型电力,公用事业,电力,风力发电,12.53,10.25,0.0
2024-10-24,18.27,18.27,17.79,17.87,18.3,-0.4299999999999997,-2.35,16606387.0,187574462.0,1.5913,0.012804,0.021422,0.5,25.9992,21.277,2.0349,6.258,6.2276,0.0,0.014248,1846168342.0,1296927470.0,775187388.0000001,20732470481.0,14564495488.0,新型电力,公用事业,电力,风力发电,12.65,10.35,0.0
2024-10-25,17.87,18.87,17.87,18.67,17.87,0.8000000000000007,4.48,35968309.0,417539362.0,1.5913,0.0277329999999999,0.0464,1.33,27.1567,22.2243,2.1255,6.5366,6.5049,0.0,0.01364,1846168342.0,1296927470.0,775187388.0000001,21655554652.0,15212959223.0,新型电力,公用事业,电力,风力发电,12.35,10.11,0.0
2024-10-28,18.9,18.9,18.4,18.73,18.67,0.0599999999999987,0.32,28479362.0,334112804.0,1.5913,0.021959,0.036739,1.07,27.2493,22.3001,2.1328,6.5589,6.5271,0.0,0.013594,1846168342.0,1296927470.0,775187388.0000001,21729401385.0,15264836322.000002,新型电力,公用事业,电力,风力发电,12.9,10.56,0.0
2024-10-29,18.78,19.18,18.24,18.36,18.73,-0.370000000000001,-1.98,22354800.0,261097467.0,1.5913,0.017237,0.028838,0.88,26.7169,21.8644,2.0911,6.4307,6.3995,0.0,0.013865,1846168342.0,1296927470.0,775187388.0000001,21304782667.0,14966543004.0,新型电力,公用事业,电力,风力发电,12.95,10.59,0.0
2024-10-30,18.3,18.46,17.93,18.24,18.36,-0.120000000000001,-0.65,16686600.0,190773218.0,1.5913,0.0128659999999999,0.021526,0.65,26.5316,21.7128,2.0766,6.3861,6.3552,0.0,0.013962,1846168342.0,1296927470.0,775187388.0000001,21157089199.0,14862788806.0,新型电力,公用事业,电力,风力发电,12.69,10.39,0.0
2024-10-31,18.3,18.81,18.24,18.7,18.24,0.4600000000000008,2.52,31203663.0,363544642.0,1.5913,0.02406,0.04043,1.3,27.203,25.1256,2.1291,6.5477,6.9059,0.0,0.0136169999999999,1846168342.0,1296927470.0,771790687.9999999,21692478019.0,15238897773.0,新型电力,公用事业,电力,风力发电,12.61,10.31,0.0
2024-11-01,18.7,19.27,18.11,18.52,18.7,-0.1799999999999997,-0.96,34561605.0,405827591.0,1.5913,0.026649,0.044781,1.28,26.9484,24.8904,2.1733,6.4864,6.8412,0.0,0.013746,1846168342.0,1296927470.0,771790687.9999999,21489399501.0,15096235751.0,新型电力,公用事业,电力,风力发电,12.93,10.58,0.0
2024-11-04,18.38,18.78,18.11,18.57,18.52,0.0500000000000007,0.27,19288223.0,224142842.0,1.5913,0.014872,0.024992,0.72,27.0178,24.9546,2.1789,6.5032,6.8589,0.0,0.01371,1846168342.0,1296927470.0,771790687.9999999,21544784551.0,15135143575.0,新型电力,公用事业,电力,风力发电,12.8,10.48,0.0
2024-11-05,18.59,18.89,18.46,18.83,18.57,0.259999999999998,1.4,32707241.0,385853481.0,1.5913,0.025219,0.042378,1.32,27.3882,25.2967,2.2088,6.5923,6.9529,0.0,0.013525,1846168342.0,1296927470.0,771790687.9999999,21840171486.0,15342651970.0,新型电力,公用事业,电力,风力发电,12.84,10.5,0.0
2024-11-06,18.83,19.25,18.67,18.89,18.83,0.0600000000000022,0.32,32076543.0,382540572.0,1.5913,0.024733,0.041561,1.19,27.4809,25.3822,2.2163,6.6146,6.9764,0.0,0.013479,1846168342.0,1296927470.0,771790687.9999999,21914018220.0,15394529069.0,新型电力,公用事业,电力,风力发电,13.01,10.65,0.0
2024-11-07,18.67,19.22,18.59,19.19,18.89,0.3000000000000007,1.59,33971514.0,405758193.0,1.5913,0.026194,0.044016,1.13,27.9207,25.7885,2.2518,6.7205,7.0881,0.0,0.013267,1846168342.0,1296927470.0,771790687.9999999,22264790205.0,15640945288.0,新型电力,公用事业,电力,风力发电,13.06,10.68,0.0
2024-11-08,19.25,19.54,18.65,18.78,19.19,-0.4100000000000001,-2.14,37570259.0,449690788.0,1.5913,0.028969,0.048679,1.23,27.3188,25.2326,2.2032,6.5756,6.9353,0.0,0.013559,1846168342.0,1296927470.0,771790687.9999999,21784786436.0,15303744146.0,新型电力,公用事业,电力,风力发电,13.27,10.85,0.0
2024-11-11,18.68,19.18,18.59,19.13,18.78,0.3499999999999978,1.86,29122608.0,347068687.0,1.5913,0.022455,0.037734,0.94,27.8281,25.703,2.2443,6.6982,7.0646,0.0,0.013311,1846168342.0,1296927470.0,771790687.9999999,22190943471.0,15589068189.0,新型电力,公用事业,电力,风力发电,12.98,10.62,0.0
2024-11-12,19.25,20.24,19.25,19.56,19.13,0.4299999999999997,2.25,58978612.0,732629290.0,1.5913,0.045476,0.076418,1.78,28.4532,26.2803,2.2947,6.8487,7.2233,0.0,0.013019,1846168342.0,1296927470.0,771790687.9999999,22689408923.0,15939238606.0,新型电力,公用事业,电力,风力发电,13.22,10.82,0.0
2024-11-13,19.43,20.26,18.92,19.48,19.56,-0.0799999999999983,-0.41,36093796.0,441827131.0,1.5913,0.02783,0.0467659999999999,0.94,28.3375,26.1734,2.2854,6.8208,7.1939,0.0,0.0130719999999999,1846168342.0,1296927470.0,771790687.9999999,22597100506.000004,15874392233.0,新型电力,公用事业,电力,风力发电,13.52,11.06,0.0
2024-11-14,19.48,19.7,18.57,18.59,19.48,-0.8900000000000006,-4.57,28391054.0,339320417.0,1.5913,0.0218909999999999,0.036786,0.73,27.041,24.976,2.1808,6.5087,6.8648,0.0,0.013699,1846168342.0,1296927470.0,771790687.9999999,21563246235.000004,15148112850.0,新型电力,公用事业,电力,风力发电,13.46,11.02,0.0
2024-11-15,18.46,18.62,17.85,17.87,18.59,-0.7199999999999989,-3.87,23515323.0,269402767.0,1.5913,0.018132,0.030469,0.62,25.9992,24.0137,2.0968,6.258,6.6003,0.0,0.014248,1846168342.0,1296927470.0,771790687.9999999,20732470481.0,14564495488.0,新型电力,公用事业,电力,风力发电,12.85,10.51,0.0
2024-11-18,17.97,18.22,17.6,17.71,17.87,-0.1600000000000001,-0.9,17041102.0,191676042.0,1.5913,0.01314,0.02208,0.48,25.7676,23.7999,2.0781,6.2022,6.5415,0.0,0.014376,1846168342.0,1296927470.0,771790687.9999999,20547853646.0,14434802741.0,新型电力,公用事业,电力,风力发电,12.35,10.11,0.0
2024-11-19,17.66,18.57,17.5,18.57,17.71,0.8599999999999994,4.86,23564175.0,267734578.0,1.5913,0.018169,0.030532,0.72,27.0178,24.9546,2.1789,6.5032,6.8589,0.0,0.01371,1846168342.0,1296927470.0,771790687.9999999,21544784551.0,15135143575.0,新型电力,公用事业,电力,风力发电,12.24,10.02,0.0
2024-11-20,18.55,18.6,18.22,18.38,18.57,-0.1900000000000012,-1.02,17297302.0,199920119.0,1.5913,0.013337,0.022412,0.67,26.74,24.698,2.1565,6.4363,6.7884,0.0,0.0138529999999999,1846168342.0,1296927470.0,771790687.9999999,21323244350.0,14979512279.0,新型电力,公用事业,电力,风力发电,12.84,10.5,0.0
2024-11-21,18.3,18.44,17.92,18.12,18.38,-0.259999999999998,-1.41,14843390.0,169054469.0,1.5913,0.011445,0.019232,0.68,26.3696,24.3558,2.1267,6.3471,6.6943,0.0,0.014047,1846168342.0,1296927470.0,771790687.9999999,21027857415.0,14772003883.0,新型电力,公用事业,电力,风力发电,12.71,10.4,0.0
2024-11-22,18.11,18.22,17.36,17.38,18.12,-0.740000000000002,-4.08,18335800.0,204876475.0,1.5913,0.014138,0.023757,0.95,25.2815,23.3508,2.0389,6.0852,6.4181,0.0,0.014652,1846168342.0,1296927470.0,771790687.9999999,20160158295.0,14162447972.0,新型电力,公用事业,电力,风力发电,12.53,10.25,0.0
2024-11-25,17.35,17.7,17.25,17.52,17.38,0.1400000000000005,0.81,12353000.0,135670144.0,1.5913,0.009525,0.016006,0.68,25.4898,23.5433,2.0557,6.1354,6.471,0.0,0.014532,1846168342.0,1296927470.0,771790687.9999999,20326313445.0,14279171445.0,新型电力,公用事业,电力,风力发电,12.01,9.83,0.0
2024-11-26,17.52,17.54,17.07,17.14,17.52,-0.379999999999999,-2.17,12188778.0,132051416.0,1.5913,0.009398,0.0157929999999999,0.71,24.9342,23.0301,2.0109,6.0016,6.3299,0.0,0.014856,1846168342.0,1296927470.0,771790687.9999999,19883233043.0,13967908851.999998,新型电力,公用事业,电力,风力发电,12.11,9.91,0.0
2024-11-27,17.04,17.36,16.64,17.35,17.14,0.2100000000000008,1.23,13494404.999999998,144234725.0,1.5913,0.010405,0.017485,0.9,25.2352,23.308,2.0352,6.0741,6.4063,0.0,0.014679,1846168342.0,1296927470.0,771790687.9999999,20123234928.0,14136509423.0,新型电力,公用事业,电力,风力发电,11.85,9.69,0.0
2024-11-28,17.42,17.44,17.14,17.23,17.35,-0.120000000000001,-0.69,10383700.0,112886510.0,1.5913,0.008006,0.013467,0.73,25.0731,23.1584,2.0221,6.0351,6.3652,0.0,0.014774,1846168342.0,1296927470.0,771031988.0,19994003144.0,14045724500.0,新型电力,公用事业,电力,风力发电,11.99,9.81,0.0
2024-11-29,17.2,17.54,17.03,17.33,17.23,0.0999999999999978,0.58,11789421.0,128257058.0,1.5913,0.00909,0.01529,0.88,25.212,23.2867,2.0333,6.0685,6.4004,0.0,0.014692,1846168342.0,1296927470.0,771031988.0,20104773244.0,14123540148.0,新型电力,公用事业,电力,风力发电,11.91,9.75,0.0
2024-12-02,19.06,19.06,19.06,19.06,17.33,1.7300000000000004,9.98,8685596.0,104053440.0,1.5913,0.006697,0.011265,0.72,27.7355,25.6175,2.2368,6.6759,7.0411,0.0,0.013356,1846168342.0,1296927470.0,771031988.0,22117096737.0,15537191091.0,新型电力,公用事业,电力,风力发电,11.98,9.8,0.0
2024-12-03,20.97,20.97,20.07,20.97,19.06,1.91,10.02,130302957.0,1701198584.0,1.5913,0.100471,0.1689979999999999,11.52,30.5137,28.1835,2.4609,7.3446,7.7464,0.0,0.01214,1846168342.0,1296927470.0,771031988.0,24332498748.0,17093504055.000002,新型电力,公用事业,电力,风力发电,13.18,10.78,0.0
2024-12-04,21.01,22.91,20.46,20.86,20.97,-0.1099999999999994,-0.52,147960434.0,1999830920.0,1.5913,0.114085,0.191899,4.24,30.3516,28.0338,2.4478,7.3056,7.7052,0.0,0.012204,1846168342.0,1296927470.0,771031988.0,24203266964.0,17002719132.0,新型电力,公用事业,电力,风力发电,14.5,11.86,0.0
2024-12-05,20.21,20.56,19.73,19.8,20.86,-1.0599999999999987,-5.08,89485930.0,1125585599.0,1.5913,0.068998,0.11606,1.45,28.8005,26.6011,2.3227,6.9322,7.3114,0.0,0.012862,1846168342.0,1296927470.0,771031988.0,22966334174.0,16133777727.0,新型电力,公用事业,电力,风力发电,14.42,11.8,0.0
2024-12-06,19.57,19.72,19.13,19.46,19.8,-0.3399999999999998,-1.72,53957089.0,657333226.0,1.5913,0.041604,0.06998,0.69,28.3143,26.152,2.2835,6.8152,7.188,0.0,0.013083,1846168342.0,1296927470.0,771031988.0,22578638823.0,15861422958.0,新型电力,公用事业,电力,风力发电,13.68,11.2,0.0
2024-12-09,19.46,20.19,19.29,19.73,19.46,0.2699999999999996,1.39,56629048.0,702622924.0,1.5913,0.038369,0.073446,0.66,28.7079,26.5156,2.3152,6.91,7.2879,0.0,0.012903,1846168342.0,1475922993.0000002,771031988.0,22892487441.0,18301445113.0,新型电力,公用事业,电力,风力发电,13.45,11.01,0.0
2024-12-10,20.32,20.4,19.35,19.38,19.73,-0.3500000000000014,-1.77,50991515.0,631426084.0,1.5913,0.0345489999999999,0.066134,0.53,28.1985,26.0451,2.2742,6.7874,7.1586,0.0,0.013136,1846168342.0,1475922993.0000002,771031988.0,22486330406.0,17976742055.0,新型电力,公用事业,电力,风力发电,13.64,11.16,0.0
2024-12-11,19.32,19.51,19.27,19.41,19.38,0.0300000000000011,0.15,24617821.0,299977293.0,1.5913,0.01668,0.031928,0.31,28.2449,26.0879,2.2779,6.7985,7.1704,0.0,0.013115,1846168342.0,1475922993.0000002,771031988.0,22523253772.0,18006260515.0,新型电力,公用事业,电力,风力发电,13.4,10.96,0.0
2024-12-12,19.33,19.41,19.13,19.38,19.41,-0.0300000000000011,-0.15,25359284.0,307083435.0,1.5913,0.017182,0.03289,0.46,28.1985,26.0451,2.2742,6.7874,7.1586,0.0,0.013136,1846168342.0,1475922993.0000002,771031988.0,22486330406.0,17976742055.0,新型电力,公用事业,电力,风力发电,13.42,10.98,0.0
2024-12-13,19.33,20.11,19.03,19.76,19.38,0.3800000000000025,1.96,57265336.0,707399995.0,1.5913,0.0388,0.074271,1.35,28.7542,26.5583,2.319,6.9211,7.2997,0.0,0.012882,1846168342.0,1475922993.0000002,771031988.0,22929410808.0,18330963573.0,新型电力,公用事业,电力,风力发电,13.4,10.96,0.0
2024-12-16,19.83,19.89,19.18,19.33,19.76,-0.4300000000000032,-2.18,28882217.0,353401600.0,1.5913,0.019569,0.037459,0.67,28.1291,25.981,2.2686,6.7706,7.141,0.0,0.013169,1846168342.0,1475922993.0000002,771031988.0,22430945355.000004,17932464365.0,新型电力,公用事业,电力,风力发电,13.66,11.18,0.0
2024-12-17,19.25,19.51,18.81,18.87,19.33,-0.4599999999999973,-2.38,24038774.0,288705946.0,1.5913,0.016287,0.031177,0.64,27.4577,25.3609,2.2144,6.609,6.9706,0.0,0.013491,1846168342.0,1475922993.0000002,771031988.0,21895556536.0,17504446697.0,新型电力,公用事业,电力,风力发电,13.37,10.94,0.0
2024-12-18,18.87,19.16,18.78,18.9,18.87,0.0299999999999975,0.16,16529206.0,197091103.0,1.5913,0.0111989999999999,0.021438,0.52,27.504,25.4036,2.2181,6.6202,6.9823,0.0,0.013468,1846168342.0,1475922993.0000002,771031988.0,21932479903.0,17533965157.0,新型电力,公用事业,电力,风力发电,13.05,10.67,0.0
2024-12-19,18.7,18.73,18.35,18.59,18.9,-0.3099999999999987,-1.64,18917501.0,220303407.0,1.5913,0.012817,0.024535,0.62,27.041,24.976,2.1808,6.5087,6.8648,0.0,0.013699,1846168342.0,1475922993.0000002,771031988.0,21563246235.000004,17238780558.0,新型电力,公用事业,电力,风力发电,13.07,10.69,0.0
2024-12-20,18.59,18.75,18.51,18.62,18.59,0.0300000000000011,0.16,13436006.0,157134520.0,1.5913,0.009103,0.017426,0.46,27.0873,25.0187,2.1845,6.5199,6.8765,0.0,0.013675,1846168342.0,1475922993.0000002,771031988.0,21600169601.0,17268299018.0,新型电力,公用事业,电力,风力发电,12.85,10.51,0.0
2024-12-23,18.52,18.62,17.98,18.0,18.62,-0.620000000000001,-3.33,18432156.0,211384381.0,1.5913,0.0124889999999999,0.023906,0.91,26.1844,24.1848,2.1117,6.3026,6.6473,0.0,0.014147,1846168342.0,1475922993.0000002,771031988.0,20880163948.0,16692689051.0,新型电力,公用事业,电力,风力发电,12.87,10.53,0.0
2024-12-24,17.98,18.19,17.87,18.05,18.0,0.0500000000000007,0.28,12689266.0,143689862.0,1.5913,0.008598,0.016458,0.69,26.2538,24.2489,2.1173,6.3193,6.6649,0.0,0.014109,1846168342.0,1475922993.0000002,771031988.0,20935548998.0,16736966741.0,新型电力,公用事业,电力,风力发电,12.44,10.18,0.0
2024-12-25,18.06,18.06,17.6,17.81,18.05,-0.240000000000002,-1.33,11663781.0,130258525.0,1.5913,0.007903,0.015127,0.73,25.9065,23.9282,2.0893,6.2357,6.5768,0.0,0.014298,1846168342.0,1475922993.0000002,771031988.0,20658623747.0,16515578292.0,新型电力,公用事业,电力,风力发电,12.47,10.21,0.0
2024-12-26,17.71,17.9,17.68,17.7,17.81,-0.1099999999999994,-0.62,12652086.0,141326607.0,1.5913,0.008572,0.016409,0.84,25.7445,23.7785,2.0762,6.1967,6.5356,0.0,0.014388,1846168342.0,1475922993.0000002,771031988.0,20529391963.0,16412263682.0,新型电力,公用事业,电力,风力发电,12.31,10.07,0.0
2024-12-27,17.66,18.06,17.63,17.92,17.7,0.2200000000000024,1.24,14193971.0,159469566.0,1.5913,0.009617,0.018409,1.03,26.0686,24.0778,2.1024,6.2747,6.6179,0.0,0.01421,1846168342.0,1475922993.0000002,771031988.0,20787855531.0,16618892901.000002,新型电力,公用事业,电力,风力发电,12.23,10.01,0.0
2024-12-30,17.76,17.9,17.19,17.28,17.92,-0.6400000000000006,-3.57,37229202.0,406912501.0,1.5913,0.021983,0.0376569999999999,2.67,25.1425,23.2225,2.0277,6.0518,6.3828,0.0,0.014733,1846168342.0,1693522368.0000002,988631363.0,20049388194.0,18391652916.0,新型电力,公用事业,电力,风力发电,12.39,10.13,0.0
2024-12-31,17.44,17.58,16.9,17.0,17.28,-0.2800000000000011,-1.62,26782019.0,290063135.0,1.5913,0.0158139999999999,0.02709,1.51,24.7258,22.8376,1.9941,5.9515,6.277,0.0,0.014981,1846168342.0,1693522368.0000002,988631363.0,19717077893.0,18086818890.0,新型电力,公用事业,电力,风力发电,11.95,9.77,0.0
2025-01-02,17.06,17.28,16.6,16.72,17.0,-0.2800000000000011,-1.65,22968215.0,244310178.0,1.5913,0.013562,0.023232,1.12,24.3322,22.4741,1.9623,5.8567,6.1771,0.015224,0.015224,1846168342.0,1693522368.0000002,988631363.0,19403229274.0,17798920088.0,新型电力,公用事业,电力,风力发电,11.75,9.61,0.0
2025-01-03,16.98,17.38,16.8,16.98,16.72,0.2600000000000015,1.56,27465767.0,294633032.0,1.5913,0.016218,0.027782,1.21,24.7027,22.8162,1.9922,5.9459,6.2711,0.014995,0.014995,1846168342.0,1693522368.0000002,988631363.0,19698616209.0,18069883667.0,新型电力,公用事业,电力,风力发电,11.56,9.46,0.0
2025-01-06,17.06,17.54,17.03,17.42,16.98,0.4400000000000013,2.59,26956976.0,293190624.0,1.5913,0.015918,0.027267,1.05,25.3509,23.415,2.0445,6.1019,6.4357,0.014612,0.014612,1846168342.0,1693522368.0000002,988631363.0,20215543345.0,18544069930.0,新型电力,公用事业,电力,风力发电,11.74,9.6,0.0
2025-01-07,17.25,17.38,16.88,17.36,17.42,-0.0600000000000022,-0.34,22220966.0,239134777.0,1.5913,0.013121,0.022476,0.79,25.2583,23.3294,2.037,6.0797,6.4122,0.014665,0.014665,1846168342.0,1693522368.0000002,988631363.0,20141696611.0,18476329035.0,新型电力,公用事业,电力,风力发电,12.05,9.86,0.0
2025-01-08,17.28,17.71,17.23,17.68,17.36,0.3200000000000003,1.84,30177100.0,332377562.0,1.5913,0.017819,0.030524,1.19,25.7213,23.7571,2.0744,6.1911,6.5297,0.0144009999999999,0.0144009999999999,1846168342.0,1693522368.0000002,988631363.0,20510930280.0,18815033508.0,新型电力,公用事业,电力,风力发电,12.0,9.82,0.0
2025-01-09,17.5,17.55,17.31,17.41,17.68,-0.2699999999999996,-1.53,17571759.0,192316049.0,1.5913,0.010376,0.017774,0.68,25.3278,23.3936,2.0426,6.0964,6.4298,0.0146249999999999,0.0146249999999999,1846168342.0,1693522368.0000002,988631363.0,20197081661.0,18527134706.0,新型电力,公用事业,电力,风力发电,12.22,10.0,0.0
2025-01-10,17.3,17.35,16.84,16.9,17.41,-0.5100000000000016,-2.93,20080877.0,214216558.0,1.5913,0.011857,0.020312,0.81,24.5869,22.7093,1.9829,5.918,6.2418,0.015066,0.015066,1846168342.0,1693522368.0000002,988631363.0,19606307792.0,17985207548.0,新型电力,公用事业,电力,风力发电,12.03,9.85,0.0
2025-01-13,16.71,17.06,16.49,17.06,16.9,0.1600000000000001,0.95,15244848.000000002,160897804.0,1.5913,0.009002,0.01542,0.65,24.8184,22.9231,2.0016,5.9738,6.3005,0.0149249999999999,0.0149249999999999,1846168342.0,1693522368.0000002,988631363.0,19790924626.0,18154559785.0,新型电力,公用事业,电力,风力发电,11.68,9.56,0.0
2025-01-14,16.98,17.47,16.98,17.41,17.06,0.3500000000000014,2.05,19175594.0,208092053.0,1.5913,0.011323,0.019396,0.91,25.3278,23.3936,2.0426,6.0964,6.4298,0.0146249999999999,0.0146249999999999,1846168342.0,1693522368.0000002,988631363.0,20197081661.0,18527134706.0,新型电力,公用事业,电力,风力发电,11.79,9.65,0.0
2025-01-15,17.44,17.6,17.27,17.31,17.41,-0.1000000000000014,-0.57,16530540.0,180892565.0,1.5913,0.0097609999999999,0.016721,0.81,25.1888,23.2653,2.0314,6.0629,6.3946,0.0147059999999999,0.0147059999999999,1846168342.0,1693522368.0000002,988631363.0,20086311561.0,18425523364.0,新型电力,公用事业,电力,风力发电,12.03,9.85,0.0
2025-01-16,17.41,17.54,17.22,17.41,17.31,0.1000000000000014,0.58,15134984.0,165268054.0,1.5913,0.008937,0.015309,0.85,25.3278,23.3936,2.0426,6.0964,6.4298,0.0146249999999999,0.0146249999999999,1846168342.0,1693522368.0000002,988631363.0,20197081661.0,18527134706.0,新型电力,公用事业,电力,风力发电,11.97,9.79,0.0
2025-01-17,17.33,17.5,17.28,17.47,17.41,0.0599999999999987,0.34,12719790.0,139180333.0,1.5913,0.007511,0.0128659999999999,0.74,25.4204,23.4791,2.0501,6.1187,6.4533,0.014572,0.014572,1846168342.0,1693522368.0000002,988631363.0,20270928395.0,18594875601.0,新型电力,公用事业,电力,风力发电,12.03,9.85,0.0
2025-01-20,17.52,17.65,17.42,17.47,17.47,0.0,0.0,11986520.0,131684792.0,1.5913,0.007078,0.012124,0.76,25.4204,23.4791,2.0501,6.1187,6.4533,0.014572,0.014572,1846168342.0,1693522368.0000002,988631363.0,20270928395.0,18594875601.0,新型电力,公用事业,电力,风力发电,12.08,9.88,0.0
2025-01-21,17.5,17.54,17.3,17.41,17.47,-0.0599999999999987,-0.34,11834057.0,129210819.0,1.5913,0.0069879999999999,0.01197,0.78,25.3278,23.3936,2.0426,6.0964,6.4298,0.0146249999999999,0.0146249999999999,1846168342.0,1693522368.0000002,988631363.0,20197081661.0,18527134706.0,新型电力,公用事业,电力,风力发电,12.08,9.88,0.0
2025-01-22,17.23,17.65,17.23,17.47,17.41,0.0599999999999987,0.34,15969634.0,175241554.0,1.5913,0.00943,0.016153,1.17,25.4204,23.4791,2.0501,6.1187,6.4533,0.014572,0.014572,1846168342.0,1693522368.0000002,988631363.0,20270928395.0,18594875601.0,新型电力,公用事业,电力,风力发电,12.03,9.85,0.0
2025-01-23,17.58,17.65,17.27,17.3,17.47,-0.1699999999999981,-0.97,18732464.0,205424931.0,1.5913,0.011061,0.018948,1.38,25.1657,23.2439,2.0296,6.0574,6.3887,0.014719,0.014719,1846168342.0,1693522368.0000002,988631363.0,20067849878.0,18408588140.0,新型电力,公用事业,电力,风力发电,12.08,9.88,0.0
2025-01-24,17.19,17.36,17.07,17.35,17.3,0.0500000000000007,0.29,13097752.0,142255042.0,1.5913,0.0077339999999999,0.013444,0.92,25.2352,23.308,2.0352,6.0741,6.4063,0.014679,0.014679,1846168342.0,1693522368.0000002,974278263.0,20123234928.0,18459393811.0,新型电力,公用事业,电力,风力发电,11.96,9.78,0.0
2025-01-27,17.49,17.65,17.42,17.5,17.35,0.1499999999999985,0.86,21807463.0,240084887.0,1.5913,0.012877,0.022383,1.52,25.4667,23.5219,2.0538,6.1298,6.4651,0.0145449999999999,0.0145449999999999,1846168342.0,1693522368.0000002,974278263.0,20307851762.0,18628746048.0,新型电力,公用事业,电力,风力发电,11.99,9.81,0.0
2025-02-05,17.5,17.63,17.44,17.6,17.5,0.1000000000000014,0.57,15922200.0,175438276.0,1.5913,0.009402,0.016343,0.98,25.6056,23.6502,2.065,6.1632,6.5004,0.014467,0.014467,1846168342.0,1693522368.0000002,974278263.0,20418621863.0,18730357390.0,新型电力,公用事业,电力,风力发电,12.1,9.9,0.0
2025-02-06,17.52,17.98,17.5,17.95,17.6,0.3499999999999978,1.99,21817528.0,244520197.0,1.5913,0.012883,0.0223939999999999,1.28,26.1149,24.1206,2.1061,6.2858,6.6297,0.014184,0.014184,1846168342.0,1693522368.0000002,974278263.0,20824778898.0,19102932311.0,新型电力,公用事业,电力,风力发电,12.17,9.95,0.0
2025-02-07,17.84,18.06,17.62,17.84,17.95,-0.1099999999999994,-0.61,32511013.0,365192440.0,1.5913,0.019197,0.033369,1.78,25.9528,23.9709,2.093,6.2468,6.5885,0.014273,0.014273,1846168342.0,1693522368.0000002,974278263.0,20695547114.0,18984385745.0,新型电力,公用事业,电力,风力发电,12.41,10.15,0.0
2025-02-10,17.85,17.93,17.76,17.89,17.84,0.0500000000000007,0.28,19871630.0,222971595.0,1.5913,0.011734,0.020396,0.94,26.0223,24.0351,2.0986,6.2635,6.6062,0.014235,0.014235,1846168342.0,1693522368.0000002,974278263.0,20750932164.0,19035191416.0,新型电力,公用事业,电力,风力发电,12.33,10.09,0.0
2025-02-11,17.89,17.9,17.46,17.5,17.89,-0.3900000000000005,-2.18,21534900.0,238022295.0,1.5913,0.012716,0.022103,0.96,25.4667,23.5219,2.0538,6.1298,6.4651,0.0145449999999999,0.0145449999999999,1846168342.0,1693522368.0000002,974278263.0,20307851762.0,18628746048.0,新型电力,公用事业,电力,风力发电,12.36,10.12,0.0
2025-02-12,17.39,17.7,17.28,17.6,17.5,0.1000000000000014,0.57,22224498.0,243977329.0,1.5913,0.013123,0.0228109999999999,1.0,25.6056,23.6502,2.065,6.1632,6.5004,0.014467,0.014467,1846168342.0,1693522368.0000002,974278263.0,20418621863.0,18730357390.0,新型电力,公用事业,电力,风力发电,12.1,9.9,0.0
2025-02-13,17.49,17.71,17.47,17.52,17.6,-0.0800000000000018,-0.45,15139497.0,167141387.0,1.5913,0.00894,0.015539,0.64,25.4898,23.5433,2.0557,6.1354,6.471,0.014532,0.014532,1846168342.0,1693522368.0000002,974278263.0,20326313445.0,18645681272.0,新型电力,公用事业,电力,风力发电,12.17,9.95,0.0
2025-02-14,17.47,17.71,17.42,17.57,17.52,0.0500000000000007,0.29,14882499.0,164322697.0,1.5913,0.008788,0.015422,0.67,25.5593,23.6074,2.0613,6.1521,6.4886,0.014493,0.014493,1846168342.0,1693522368.0000002,965006963.0,20381698496.0,18696486943.0,新型电力,公用事业,电力,风力发电,12.11,9.91,0.0
2025-02-17,17.57,17.79,17.49,17.74,17.57,0.1699999999999981,0.97,27214061.0,301752658.0,1.5913,0.01607,0.028201,1.45,25.8139,23.8426,2.0818,6.2134,6.5533,0.01435,0.01435,1846168342.0,1693522368.0000002,965006963.0,20584777013.0,18882774403.0,新型电力,公用事业,电力,风力发电,12.14,9.94,0.0
2025-02-18,17.82,17.87,17.33,17.36,17.74,-0.379999999999999,-2.14,22265100.0,246025939.0,1.5913,0.0131469999999999,0.023072,1.1,25.2583,23.3294,2.037,6.0797,6.4122,0.014665,0.014665,1846168342.0,1693522368.0000002,965006963.0,20141696611.0,18476329035.0,新型电力,公用事业,电力,风力发电,12.27,10.04,0.0
2025-02-19,17.28,17.39,17.23,17.38,17.36,0.0199999999999995,0.12,18407635.0,200276076.0,1.5913,0.010869,0.0190749999999999,0.9,25.2815,23.3508,2.0389,6.0852,6.4181,0.014652,0.014652,1846168342.0,1693522368.0000002,965006963.0,20160158295.0,18493264259.0,新型电力,公用事业,电力,风力发电,12.0,9.82,0.0
2025-02-20,17.35,17.35,17.14,17.2,17.38,-0.1799999999999997,-1.04,19033203.0,205944354.0,1.5913,0.0112389999999999,0.019723,0.97,25.0268,23.1156,2.0184,6.0239,6.3534,0.014801,0.014801,1846168342.0,1693522368.0000002,965006963.0,19957079777.0,18306976798.0,新型电力,公用事业,电力,风力发电,12.01,9.83,0.0
2025-02-21,17.23,18.78,17.22,18.25,17.2,1.0500000000000007,6.1,71450562.0,812775777.0,1.5913,0.042191,0.074041,3.51,26.5548,24.5269,2.1416,6.3917,6.7413,0.013949,0.013949,1846168342.0,1693522368.0000002,965006963.0,21175550883.0,19424701561.0,新型电力,公用事业,电力,风力发电,11.89,9.73,0.0
2025-02-24,18.44,18.55,18.2,18.32,18.25,0.0700000000000002,0.38,39933587.0,461181315.0,1.5913,0.02358,0.041382,1.26,26.6474,24.6124,2.1491,6.414,6.7648,0.0139009999999999,0.0139009999999999,1846168342.0,1693522368.0000002,965006963.0,21249397616.0,19492442456.0,新型电力,公用事业,电力,风力发电,12.62,10.32,0.0
2025-02-25,18.22,18.75,18.03,18.51,18.32,0.1900000000000012,1.04,40925556.0,473942958.0,1.5913,0.024166,0.04141,1.2,26.9252,24.869,2.1715,6.4809,6.8354,0.013758,0.013758,1846168342.0,1693522368.0000002,988308114.0,21470937817.0,19695665140.0,新型电力,公用事业,电力,风力发电,12.66,10.36,0.0
2025-02-26,18.49,18.62,18.28,18.4,18.51,-0.1100000000000029,-0.59,28882954.0,334334797.0,1.5913,0.017055,0.0292249999999999,0.76,26.7632,24.7194,2.1584,6.4419,6.7942,0.013841,0.013841,1846168342.0,1693522368.0000002,988308114.0,21341706034.0,19577118574.0,新型电力,公用事业,电力,风力发电,12.79,10.47,0.0
2025-02-27,18.4,18.55,17.9,17.95,18.4,-0.4499999999999993,-2.45,28191098.0,320248159.0,1.5913,0.016646,0.028525,0.7,26.1149,24.1206,2.1061,6.2858,6.6297,0.014184,0.014184,1846168342.0,1693522368.0000002,988308114.0,20824778898.0,19102932311.0,新型电力,公用事业,电力,风力发电,12.72,10.4,0.0
2025-02-28,17.95,18.11,17.38,17.46,17.95,-0.4899999999999984,-2.73,27677400.0,308066928.0,1.5913,0.016343,0.028005,0.66,25.3972,23.4577,2.0482,6.1131,6.4475,0.0145849999999999,0.0145849999999999,1846168342.0,1693522368.0000002,988308114.0,20252466712.0,18577940377.0,新型电力,公用事业,电力,风力发电,12.41,10.15,0.0
2025-03-03,17.57,17.9,17.54,17.6,17.46,0.1400000000000005,0.8,21602113.0,240604191.0,1.5913,0.012756,0.021858,0.65,25.6056,23.6502,2.065,6.1632,6.5004,0.014467,0.014467,1846168342.0,1693522368.0000002,988308114.0,20418621863.0,18730357390.0,新型电力,公用事业,电力,风力发电,12.07,9.87,0.0
2025-03-04,17.52,17.66,17.35,17.65,17.6,0.0499999999999971,0.28,16158340.0,177636257.0,1.5913,0.009541,0.016349,0.55,25.675,23.7143,2.0706,6.18,6.518,0.014427,0.014427,1846168342.0,1693522368.0000002,988308114.0,20474006913.0,18781163061.0,新型电力,公用事业,电力,风力发电,12.17,9.95,0.0
2025-03-05,17.62,17.74,17.38,17.52,17.65,-0.129999999999999,-0.74,13441841.0,147610713.0,1.5913,0.007937,0.013601,0.55,25.4898,23.5433,2.0557,6.1354,6.471,0.014532,0.014532,1846168342.0,1693522368.0000002,988308114.0,20326313445.0,18645681272.0,新型电力,公用事业,电力,风力发电,12.2,9.98,0.0
2025-03-06,17.63,17.73,17.57,17.7,17.52,0.1799999999999997,1.03,18832043.0,208876493.0,1.5913,0.01112,0.019055,0.88,25.7445,23.7785,2.0762,6.1967,6.5356,0.014388,0.014388,1846168342.0,1693522368.0000002,988308114.0,20529391963.0,18831968732.0,新型电力,公用事业,电力,风力发电,12.11,9.91,0.0
2025-03-07,17.7,17.74,17.46,17.5,17.7,-0.1999999999999993,-1.13,17197952.0,190058894.0,1.5913,0.010155,0.017401,0.88,25.4667,23.5219,2.0538,6.1298,6.4651,0.0145449999999999,0.0145449999999999,1846168342.0,1693522368.0000002,988308114.0,20307851762.0,18628746048.0,新型电力,公用事业,电力,风力发电,12.23,10.01,0.0
2025-03-10,17.5,17.62,17.41,17.55,17.5,0.0500000000000007,0.29,12852962.0,141414591.0,1.5913,0.007589,0.013005,0.74,25.5361,23.586,2.0594,6.1465,6.4827,0.0145059999999999,0.0145059999999999,1846168342.0,1693522368.0000002,988308114.0,20363236812.0,18679551719.0,新型电力,公用事业,电力,风力发电,12.1,9.9,0.0
2025-03-11,17.38,17.5,17.3,17.5,17.55,-0.0500000000000007,-0.28,16381503.0,179203013.0,1.5913,0.009673,0.016575,1.04,25.4667,23.5219,2.0538,6.1298,6.4651,0.0145449999999999,0.0145449999999999,1846168342.0,1693522368.0000002,988308114.0,20307851762.0,18628746048.0,新型电力,公用事业,电力,风力发电,12.13,9.93,0.0
2025-03-12,17.54,17.57,17.38,17.46,17.5,-0.0399999999999991,-0.23,16389062.0,179750963.0,1.5913,0.009677,0.016583,1.04,25.3972,23.4577,2.0482,6.1131,6.4475,0.0145849999999999,0.0145849999999999,1846168342.0,1693522368.0000002,988308114.0,20252466712.0,18577940377.0,新型电力,公用事业,电力,风力发电,12.1,9.9,0.0
2025-03-13,17.42,17.58,17.33,17.5,17.46,0.0399999999999991,0.23,20756544.0,227661121.0,1.5913,0.012256,0.021002,1.27,25.4667,23.5219,2.0538,6.1298,6.4651,0.0145449999999999,0.0145449999999999,1846168342.0,1693522368.0000002,988308114.0,20307851762.0,18628746048.0,新型电力,公用事业,电力,风力发电,12.07,9.87,0.0
2025-03-14,17.49,17.68,17.46,17.66,17.5,0.1600000000000001,0.91,22115758.0,244630894.0,1.5913,0.013059,0.0223769999999999,1.32,25.6982,23.7357,2.0725,6.1855,6.5239,0.014414,0.014414,1846168342.0,1693522368.0000002,988308114.0,20492468596.0,18798098285.0,新型电力,公用事业,电力,风力发电,12.1,9.9,0.0
2025-03-17,17.62,17.89,17.58,17.77,17.66,0.1099999999999994,0.62,21151489.0,236319273.0,1.5913,0.01249,0.021402,1.2,25.8602,23.8854,2.0856,6.2245,6.565,0.0143239999999999,0.0143239999999999,1846168342.0,1693522368.0000002,988308114.0,20621700380.0,18916644851.0,新型电力,公用事业,电力,风力发电,12.21,9.99,0.0
2025-03-18,17.82,17.87,17.71,17.79,17.77,0.0199999999999995,0.11,18347146.0,205045734.0,1.5913,0.010834,0.018564,0.95,25.8834,23.9068,2.0874,6.2301,6.5709,0.014311,0.014311,1846168342.0,1693526193.0,988308114.0,20640162064.0,18933622838.0,新型电力,公用事业,电力,风力发电,12.29,10.05,0.0
2025-03-19,17.79,17.93,17.62,17.87,17.79,0.0800000000000018,0.45,22232882.0,248662466.0,1.5913,0.0131279999999999,0.022496,1.13,25.9992,24.0137,2.0968,6.258,6.6003,0.014248,0.014248,1846168342.0,1693526193.0,988308114.0,20732470481.0,19018299147.0,新型电力,公用事业,电力,风力发电,12.3,10.06,0.0
2025-03-20,17.85,17.85,17.5,17.55,17.87,-0.3200000000000003,-1.79,24678300.0,274296556.0,1.5913,0.014572,0.02497,1.18,25.5361,23.586,2.0594,6.1465,6.4827,0.0145059999999999,0.0145059999999999,1846168342.0,1693526193.0,988308114.0,20363236812.0,18679593909.0,新型电力,公用事业,电力,风力发电,12.35,10.11,0.0
2025-03-21,17.54,17.87,17.42,17.57,17.55,0.0199999999999995,0.11,22495182.0,249279006.0,1.5913,0.013283,0.022761,1.04,25.5593,23.6074,2.0613,6.1521,6.4886,0.014493,0.014493,1846168342.0,1693526193.0,988308114.0,20381698496.0,18696529171.0,新型电力,公用事业,电力,风力发电,12.13,9.93,0.0
2025-03-24,17.58,17.58,17.17,17.42,17.57,-0.1499999999999985,-0.85,21911711.0,238864217.0,1.5913,0.012939,0.022171,1.01,25.3509,23.415,2.0445,6.1019,6.4357,0.014612,0.014612,1846168342.0,1693526193.0,988308114.0,20215543345.0,18544111813.0,新型电力,公用事业,电力,风力发电,12.14,9.94,0.0
2025-03-25,17.41,18.14,17.28,18.0,17.42,0.5799999999999983,3.33,46745175.0,524514733.0,1.5913,0.027602,0.047298,2.13,26.1844,24.1848,2.1117,6.3026,6.6473,0.014147,0.014147,1846168342.0,1693526193.0,988308114.0,20880163948.0,19153781243.0,新型电力,公用事业,电力,风力发电,12.05,9.86,0.0
2025-03-26,18.12,18.55,18.08,18.28,18.0,0.2800000000000011,1.56,60679026.0,701159632.0,1.5913,0.03583,0.061397,2.2,26.6011,24.5697,2.1453,6.4029,6.7531,0.013925,0.013925,1846168342.0,1693526193.0,988308114.0,21212474250.0,19458615958.0,新型电力,公用事业,电力,风力发电,12.44,10.18,0.0
2025-03-27,18.28,19.03,18.08,18.78,18.28,0.5,2.74,62850590.0,728543319.0,1.5913,0.037112,0.063594,1.78,27.3188,25.2326,2.2032,6.5756,6.9353,0.013559,0.013559,1846168342.0,1693526193.0,988308114.0,21784786436.0,19983609077.0,新型电力,公用事业,电力,风力发电,12.64,10.34,0.0
2025-03-28,18.73,18.73,18.01,18.03,18.78,-0.75,-3.99,42133060.0,484475895.0,1.5913,0.024879,0.042632,0.98,26.2307,24.2275,2.1155,6.3137,6.6591,0.014122,0.014122,1846168342.0,1693526193.0,988308114.0,20917087315.0,19187651767.0,新型电力,公用事业,电力,风力发电,12.98,10.62,0.0
2025-03-31,18.03,18.41,17.9,17.93,18.03,-0.1000000000000014,-0.55,31248590.000000004,355929660.0,1.5913,0.018452,0.031618,0.67,26.0918,24.0992,2.1042,6.2803,6.6238,0.014197,0.014197,1846168342.0,1693526193.0,988308114.0,20806317214.0,19086040195.0,新型电力,公用事业,电力,风力发电,12.46,10.2,0.0
2025-04-01,17.93,18.38,17.89,18.36,17.93,0.4299999999999997,2.4,30124243.0,345379029.0,1.5913,0.0177879999999999,0.0304809999999999,0.62,26.7169,24.6766,2.1547,6.4307,6.7825,0.013865,0.013865,1846168342.0,1693526193.0,988308114.0,21304782667.0,19543292267.0,新型电力,公用事业,电力,风力发电,12.4,10.14,0.0
2025-04-02,18.38,18.46,18.03,18.09,18.36,-0.2699999999999996,-1.47,26162672.0,298903189.0,1.5913,0.015449,0.026472,0.58,26.3233,24.3131,2.1229,6.336,6.6826,0.014072,0.014072,1846168342.0,1693526193.0,988308114.0,20990934049.0,19255392814.0,新型电力,公用事业,电力,风力发电,12.69,10.39,0.0
2025-04-03,17.95,18.28,17.9,18.09,18.09,0.0,0.0,20657950.0,235203058.0,1.5913,0.012198,0.0209019999999999,0.54,26.3233,24.3131,2.1229,6.336,6.6826,0.014072,0.014072,1846168342.0,1693526193.0,988308114.0,20990934049.0,19255392814.0,新型电力,公用事业,电力,风力发电,12.51,10.23,0.0
2025-04-07,17.19,17.5,16.28,16.28,18.09,-1.8099999999999987,-10.01,36966401.0,386542901.0,1.5913,0.021828,0.037404,1.23,23.684,21.8753,1.9101,5.7007,6.0125,0.01564,0.01564,1846168342.0,1693526193.0,988308114.0,18886302139.0,17324772954.0,新型电力,公用事业,电力,风力发电,12.51,10.23,0.0
2025-04-08,16.17,16.47,15.67,16.28,16.28,0.0,0.0,36064563.0,365764430.0,1.5913,0.021296,0.0364909999999999,1.24,23.684,21.8753,1.9101,5.7007,6.0125,0.01564,0.01564,1846168342.0,1693526193.0,988308114.0,18886302139.0,17324772954.0,新型电力,公用事业,电力,风力发电,11.25,9.21,0.0
2025-04-09,16.06,16.22,15.15,16.12,16.28,-0.1600000000000001,-0.98,33541182.0,332135609.0,1.5913,0.019806,0.033938,1.12,23.4525,21.6615,1.8914,5.645,5.9538,0.015795,0.015795,1846168342.0,1693526193.0,988308114.0,18701685304.0,17155420334.999998,新型电力,公用事业,电力,风力发电,11.25,9.21,0.0
2025-04-10,16.37,16.57,16.14,16.15,16.12,0.0299999999999975,0.19,31233840.000000004,320794574.0,1.5913,0.018443,0.031603,1.02,23.4988,21.7043,1.8951,5.6561,5.9655,0.015764,0.015764,1846168342.0,1693526193.0,988308114.0,18738608671.0,17189290859.0,新型电力,公用事业,电力,风力发电,11.14,9.12,0.0
2025-04-11,16.01,16.25,15.93,16.07,16.15,-0.0799999999999983,-0.5,18903250.0,191231290.0,1.5913,0.011162,0.019127,0.6,23.383,21.5974,1.8858,5.6283,5.9361,0.015842,0.015842,1846168342.0,1693526193.0,988308114.0,18646300254.0,17104614549.0,新型电力,公用事业,电力,风力发电,11.17,9.14,0.0
2025-04-14,16.2,16.76,16.2,16.58,16.07,0.509999999999998,3.17,25858740.0,267401922.00000003,1.5913,0.015269,0.0261649999999999,0.83,24.1239,22.2816,1.9455,5.8066,6.1242,0.015355,0.015355,1846168342.0,1693526193.0,988308114.0,19237074124.0,17646542931.0,新型电力,公用事业,电力,风力发电,11.11,9.09,0.0
2025-04-15,16.68,16.68,16.37,16.47,16.58,-0.1099999999999994,-0.66,15649400.0,161836154.0,1.5913,0.009241,0.015835,0.54,23.9618,22.1319,1.9325,5.7676,6.0831,0.015459,0.015459,1846168342.0,1693526193.0,988308114.0,19107842340.0,17527996098.0,新型电力,公用事业,电力,风力发电,11.46,9.38,0.0
2025-04-16,16.39,16.96,16.33,16.63,16.47,0.1600000000000001,0.97,24376718.0,255233258.0,1.5913,0.014394,0.024665,0.97,24.1933,22.3458,1.9511,5.8233,6.1418,0.0153109999999999,0.0153109999999999,1846168342.0,1693526193.0,988308114.0,19292459174.0,17697348717.0,新型电力,公用事业,电力,风力发电,11.39,9.32,0.0
2025-04-17,16.52,16.68,16.36,16.47,16.63,-0.1600000000000001,-0.96,14851934.0,154470436.0,1.5913,0.00877,0.015028,0.64,23.9618,22.1319,1.9325,5.7676,6.0831,0.015459,0.015459,1846168342.0,1693526193.0,988308114.0,19107842340.0,17527996098.0,新型电力,公用事业,电力,风力发电,11.5,9.41,0.0
2025-04-18,16.44,16.47,16.15,16.2,16.47,-0.2699999999999996,-1.64,17203020.0,175601988.0,1.5913,0.010158,0.017407,0.86,23.5682,21.7684,1.9007,5.6729,5.9832,0.015717,0.015717,1846168342.0,1693526193.0,988308114.0,18793993722.0,17240096645.0,新型电力,公用事业,电力,风力发电,11.39,9.32,0.0
2025-04-21,16.26,16.66,16.2,16.49,16.2,0.2899999999999991,1.79,15453298.000000002,159974044.0,1.5913,0.009125,0.015636,0.79,23.985,22.1533,1.9343,5.7732,6.0889,0.015444,0.015444,1846168342.0,1693526193.0,988308114.0,19126304023.0,17544931359.0,新型电力,公用事业,电力,风力发电,11.2,9.16,0.0
2025-04-22,16.45,16.58,16.39,16.49,16.49,0.0,0.0,12830864.0,132932131.0,1.5913,0.007576,0.012983,0.73,23.985,22.1533,1.9343,5.7732,6.0889,0.015444,0.015444,1846168342.0,1693526193.0,988308114.0,19126304023.0,17544931359.0,新型电力,公用事业,电力,风力发电,11.4,9.32,0.0
2025-04-23,16.53,16.58,16.42,16.45,16.49,-0.0399999999999991,-0.24,11992000.0,124291292.0,1.5913,0.007081,0.012134,0.71,23.9387,22.1106,1.9306,5.762,6.0772,0.015474,0.015474,1846168342.0,1693526193.0,988308114.0,19089380656.0,17511060836.0,新型电力,公用事业,电力,风力发电,11.4,9.32,0.0
2025-04-24,16.39,16.82,16.39,16.5,16.45,0.0500000000000007,0.3,19581300.0,203854160.0,1.5913,0.011562,0.019813,1.35,24.0081,22.1747,1.9362,5.7787,6.0948,0.015429,0.015429,1846168342.0,1693526193.0,988308114.0,19144765707.0,17561866621.0,新型电力,公用事业,电力,风力发电,11.37,9.31,0.0
2025-04-25,16.6,17.15,16.55,17.03,16.5,0.5300000000000011,3.21,35956434.0,383177591.0,1.5913,0.021232,0.036382,2.33,24.7721,22.8804,1.9978,5.9626,6.2888,0.014953,0.014953,1846168342.0,1693526193.0,988308114.0,19754001259.0,18120730265.0,新型电力,公用事业,电力,风力发电,11.41,9.33,0.0
2025-04-28,17.3,17.3,16.72,16.72,17.03,-0.3100000000000023,-1.82,28342140.000000004,301827411.0,1.5913,0.016736,0.0293699999999999,1.48,26.6935,26.6935,1.8881,6.3516,6.3516,0.015224,0.015224,1846168342.0,1693526193.0,965006963.0,19403229274.0,17798960288.0,新型电力,公用事业,电力,风力发电,11.77,9.63,0.0
2025-04-29,16.74,17.03,16.49,16.79,16.72,0.0700000000000002,0.42,22203328.0,232984555.0,1.5913,0.012027,0.0198659999999999,1.02,26.7951,26.7951,1.8953,6.3758,6.3758,0.0151659999999999,0.0151659999999999,1846168342.0,1846168342.0,1117652937.0,19477076008.0,19477076008.0,新型电力,公用事业,电力,风力发电,11.56,9.46,0.0
2025-04-30,16.55,16.64,16.22,16.26,16.79,-0.5299999999999976,-3.16,26065000.0,267924793.0,1.5913,0.0141179999999999,0.023321,1.1,25.957,34.4304,1.7945,6.1763,6.5328,0.015656,0.015656,1846168342.0,1846168342.0,1117652937.0,18867840455.0,18867840455.0,新型电力,公用事业,电力,风力发电,11.61,9.5,0.0
2025-05-06,16.34,16.71,16.34,16.61,16.26,0.3499999999999978,2.15,20521982.0,212946059.0,1.5913,0.011116,0.018362,0.78,26.5157,35.1716,1.8331,6.3093,6.6735,0.015326,0.015326,1846168342.0,1846168342.0,1117652937.0,19273997490.0,19273997490.0,新型电力,公用事业,电力,风力发电,11.24,9.2,0.0
2025-05-07,16.72,16.85,16.55,16.69,16.61,0.0800000000000018,0.48,18804457.0,196860546.0,1.5913,0.0101859999999999,0.016825,0.71,26.6427,35.34,1.8419,6.3395,6.7054,0.015253,0.015253,1846168342.0,1846168342.0,1117652937.0,19366305908.0,19366305908.0,新型电力,公用事业,电力,风力发电,11.48,9.4,0.0
2025-05-08,16.58,16.8,16.55,16.72,16.69,0.0299999999999975,0.18,14756620.000000002,154977292.0,1.5913,0.007993,0.013203,0.64,26.6935,35.4074,1.8454,6.3516,6.7182,0.015224,0.015224,1846168342.0,1846168342.0,1117652937.0,19403229274.0,19403229274.0,新型电力,公用事业,电力,风力发电,11.54,9.44,0.0
2025-05-09,16.74,16.88,16.63,16.64,16.72,-0.0799999999999983,-0.48,15027892.000000002,158155075.0,1.5913,0.00814,0.013446,0.73,26.5665,35.2389,1.8366,6.3214,6.6862,0.015296,0.015296,1846168342.0,1846168342.0,1117652937.0,19310920857.0,19310920857.0,新型电力,公用事业,电力,风力发电,11.56,9.46,0.0
2025-05-12,16.84,16.84,16.57,16.66,16.64,0.0199999999999995,0.12,14940548.000000002,156418449.0,1.5913,0.008093,0.013368,0.78,26.5919,35.2726,1.8384,6.3274,6.6926,0.015282,0.015282,1846168342.0,1846168342.0,1117652937.0,19329382541.0,19329382541.0,新型电力,公用事业,电力,风力发电,11.51,9.41,0.0
2025-05-13,16.68,16.74,16.49,16.58,16.66,-0.0800000000000018,-0.48,14805792.000000002,154248031.0,1.5913,0.00802,0.013247,0.88,26.4649,35.1042,1.8296,6.2972,6.6607,0.015355,0.015355,1846168342.0,1846168342.0,1117652937.0,19237074124.0,19237074124.0,新型电力,公用事业,电力,风力发电,11.52,9.42,0.0
2025-05-14,16.5,16.6,16.34,16.53,16.58,-0.0499999999999971,-0.3,15676900.0,162144980.0,1.5913,0.008492,0.014027,1.0,26.3887,35.0031,1.8243,6.2791,6.6415,0.015399,0.015399,1846168342.0,1846168342.0,1117652937.0,19181689073.0,19181689073.0,新型电力,公用事业,电力,风力发电,11.46,9.38,0.0
2025-05-15,16.49,16.5,16.26,16.26,16.53,-0.2699999999999996,-1.63,13895200.0,142766081.0,1.5913,0.007527,0.012432,0.92,25.957,34.4304,1.7945,6.1763,6.5328,0.015656,0.015656,1846168342.0,1846168342.0,1117652937.0,18867840455.0,18867840455.0,新型电力,公用事业,电力,风力发电,11.43,9.35,0.0
2025-05-16,16.23,16.36,16.18,16.2,16.26,-0.0600000000000022,-0.37,11622458.0,118625201.0,1.5913,0.0062949999999999,0.010399,0.78,25.8554,34.2956,1.7875,6.1522,6.5073,0.015717,0.015717,1846168342.0,1846168342.0,1117652937.0,18793993722.0,18793993722.0,新型电力,公用事业,电力,风力发电,11.24,9.2,0.0
2025-05-19,16.22,16.29,16.04,16.23,16.2,0.0300000000000011,0.19,11933140.0,121144591.0,1.5913,0.006464,0.010677,0.84,25.9062,34.363,1.791,6.1642,6.52,0.015686,0.015686,1846168342.0,1846168342.0,1117652937.0,18830917088.0,18830917088.0,新型电力,公用事业,电力,风力发电,11.2,9.16,0.0
2025-05-20,16.23,16.28,16.12,16.25,16.23,0.0199999999999995,0.12,11250715.0,114502201.0,1.5913,0.006094,0.0100659999999999,0.83,25.9316,34.3967,1.7927,6.1703,6.5264,0.015671,0.015671,1846168342.0,1846168342.0,1117652937.0,18849378772.0,18849378772.0,新型电力,公用事业,电力,风力发电,11.22,9.18,0.0
2025-05-21,16.22,16.36,16.18,16.23,16.25,-0.0199999999999995,-0.12,13856315.0,141725133.0,1.5913,0.0075049999999999,0.012398,1.08,25.9062,34.363,1.791,6.1642,6.52,0.015686,0.015686,1846168342.0,1846168342.0,1117652937.0,18830917088.0,18830917088.0,新型电力,公用事业,电力,风力发电,11.23,9.19,0.0
2025-05-22,16.18,16.2,15.91,15.94,16.23,-0.2900000000000009,-1.79,19319692.0,194406547.0,1.5913,0.010465,0.017286,1.54,25.449,33.7566,1.7594,6.0555,6.405,0.015968,0.015968,1846168342.0,1846168342.0,1117652937.0,18498606787.0,18498606787.0,新型电力,公用事业,电力,风力发电,11.22,9.18,0.0
2025-05-23,15.94,16.31,15.88,16.06,15.94,0.1199999999999992,0.75,20227334.0,205173667.0,1.5913,0.0109559999999999,0.018098,1.49,25.6268,33.9924,1.7717,6.0978,6.4497,0.015857,0.015857,1846168342.0,1846168342.0,1117652937.0,18627838571.0,18627838571.0,新型电力,公用事业,电力,风力发电,11.02,9.02,0.0
2025-05-26,16.02,16.02,15.91,15.98,16.06,-0.0799999999999983,-0.5,9960700.0,99889982.0,1.5913,0.005395,0.008912,0.65,25.4998,33.824,1.7629,6.0676,6.4178,0.015936,0.015936,1846168342.0,1846168342.0,1117652937.0,18535530154.0,18535530154.0,新型电力,公用事业,电力,风力发电,11.1,9.08,0.0
2025-05-27,15.99,16.06,15.9,16.02,15.98,0.0399999999999991,0.25,9224406.0,92581720.0,1.5913,0.004997,0.008253,0.62,25.576,33.9251,1.7681,6.0857,6.4369,0.015889,0.015889,1846168342.0,1846168342.0,1117652937.0,18590915204.0,18590915204.0,新型电力,公用事业,电力,风力发电,11.04,9.04,0.0
2025-05-28,16.02,16.06,15.91,15.93,16.02,-0.0899999999999998,-0.56,7583272.0,76011966.0,1.5913,0.004108,0.006785,0.52,25.4236,33.7229,1.7576,6.0494,6.3986,0.015984,0.015984,1846168342.0,1846168342.0,1117652937.0,18480145103.0,18480145103.0,新型电力,公用事业,电力,风力发电,11.08,9.06,0.0
2025-05-29,15.94,16.02,15.87,15.99,15.93,0.0600000000000005,0.38,11037399.0,110782150.0,1.5913,0.005979,0.009876,0.83,25.5252,33.8577,1.7646,6.0736,6.4242,0.01592,0.01592,1846168342.0,1846168342.0,1117652937.0,18553991837.0,18553991837.0,新型电力,公用事业,电力,风力发电,11.01,9.01,0.0
2025-05-30,16.02,16.29,15.99,16.06,15.99,0.0699999999999985,0.44,14753898.000000002,149283565.0,1.5913,0.007992,0.013201,1.27,25.6268,33.9924,1.7717,6.0978,6.4497,0.015857,0.015857,1846168342.0,1846168342.0,1117652937.0,18627838571.0,18627838571.0,新型电力,公用事业,电力,风力发电,11.06,9.05,0.0
2025-06-03,15.99,16.04,15.88,15.91,16.06,-0.1499999999999985,-0.93,10634888.0,106445137.0,1.5913,0.005761,0.009515,1.01,25.3982,33.6892,1.7559,6.0434,6.3922,0.016,0.016,1846168342.0,1846168342.0,1117652937.0,18461683420.0,18461683420.0,新型电力,公用事业,电力,风力发电,11.1,9.08,0.0
2025-06-04,15.94,16.01,15.88,15.94,15.91,0.0299999999999993,0.19,8144260.000000001,81598946.0,1.5913,0.004411,0.007287,0.76,25.449,33.7566,1.7594,6.0555,6.405,0.015968,0.015968,1846168342.0,1846168342.0,1117652937.0,18498606787.0,18498606787.0,新型电力,公用事业,电力,风力发电,11.0,9.0,0.0
2025-06-05,15.96,16.06,15.91,15.99,15.94,0.0500000000000007,0.31,9573254.0,96168134.0,1.5913,0.0051849999999999,0.008565,0.92,25.5252,33.8577,1.7646,6.0736,6.4242,0.01592,0.01592,1846168342.0,1846168342.0,1117652937.0,18553991837.0,18553991837.0,新型电力,公用事业,电力,风力发电,11.02,9.02,0.0
2025-06-06,16.02,16.09,15.98,16.06,15.99,0.0699999999999985,0.44,8984849.0,90512412.0,1.5913,0.004867,0.008039,0.83,25.6268,33.9924,1.7717,6.0978,6.4497,0.015857,0.015857,1846168342.0,1846168342.0,1117652937.0,18627838571.0,18627838571.0,新型电力,公用事业,电力,风力发电,11.06,9.05,0.0
2025-06-09,16.09,16.1,16.04,16.07,16.06,0.0100000000000015,0.06,9829837.0,99318579.0,1.5913,0.005324,0.0087949999999999,0.94,25.6522,34.0261,1.7734,6.1038,6.4561,0.015842,0.015842,1846168342.0,1846168342.0,1117652937.0,18646300254.0,18646300254.0,新型电力,公用事业,电力,风力发电,11.1,9.08,0.0
2025-06-10,16.09,16.1,15.79,15.94,16.07,-0.1300000000000007,-0.81,14965000.0,149877494.0,1.5913,0.008106,0.0133899999999999,1.59,25.449,33.7566,1.7594,6.0555,6.405,0.015968,0.015968,1846168342.0,1846168342.0,1117652937.0,18498606787.0,18498606787.0,新型电力,公用事业,电力,风力发电,11.11,9.09,0.0
2025-06-11,15.91,16.15,15.9,16.06,15.94,0.1199999999999992,0.75,14255088.0,143919404.0,1.5913,0.007721,0.012754,1.38,25.6268,33.9924,1.7717,6.0978,6.4497,0.015857,0.015857,1846168342.0,1846168342.0,1117652937.0,18627838571.0,18627838571.0,新型电力,公用事业,电力,风力发电,11.02,9.02,0.0
2025-06-12,16.02,16.04,15.91,15.94,16.06,-0.1199999999999992,-0.75,9687600.0,97064814.0,1.5913,0.005247,0.008668,0.84,25.449,33.7566,1.7594,6.0555,6.405,0.015968,0.015968,1846168342.0,1846168342.0,1117652937.0,18498606787.0,18498606787.0,新型电力,公用事业,电力,风力发电,11.1,9.08,0.0
2025-06-13,15.93,15.98,15.77,15.87,15.94,-0.0700000000000002,-0.44,17736711.0,176885936.0,1.5913,0.009607,0.01587,1.54,25.322,33.5882,1.7506,6.0252,6.373,0.016048,0.016048,1846168342.0,1846168342.0,1117652937.0,18406298370.0,18406298370.0,新型电力,公用事业,电力,风力发电,11.02,9.02,0.0
2025-06-16,15.83,15.87,15.77,15.8,15.87,-0.0699999999999985,-0.44,8779700.0,87232833.0,1.5913,0.004756,0.007855,0.66,25.2204,33.4534,1.7436,6.0011,6.3475,0.016113,0.016113,1846168342.0,1846168342.0,1117652937.0,18332451636.0,18332451636.0,新型电力,公用事业,电力,风力发电,10.97,8.97,0.0
2025-06-17,15.8,15.82,15.53,15.67,15.8,-0.1300000000000007,-0.82,12410886.0,122141693.0,1.5913,0.006723,0.011104,0.95,25.0172,33.1839,1.7295,5.9527,6.2963,0.016244,0.016244,1846168342.0,1846168342.0,1117652937.0,18184758169.0,18184758169.0,新型电力,公用事业,电力,风力发电,10.92,8.94,0.0
2025-06-18,15.61,15.67,15.4,15.5,15.67,-0.1699999999999999,-1.08,11868601.0,115609329.0,1.5913,0.006429,0.010619,0.94,24.7378,32.8133,1.7102,5.8862,6.226,0.016427,0.016427,1846168342.0,1846168342.0,1117652937.0,17981679651.0,17981679651.0,新型电力,公用事业,电力,风力发电,10.84,8.87,0.0
2025-06-19,15.45,15.61,15.36,15.36,15.5,-0.1400000000000005,-0.9,10577900.0,102699935.0,1.5913,0.00573,0.009464,0.87,24.5093,32.5101,1.6944,5.8319,6.1685,0.0165799999999999,0.0165799999999999,1846168342.0,1846168342.0,1117652937.0,17815524500.0,17815524500.0,新型电力,公用事业,电力,风力发电,10.71,8.77,0.0
2025-06-20,15.37,15.55,15.29,15.36,15.36,0.0,0.0,9018003.0,87243592.0,1.5913,0.004885,0.008069,0.73,24.5093,32.5101,1.6944,5.8319,6.1685,0.0165799999999999,0.0165799999999999,1846168342.0,1846168342.0,1117652937.0,17815524500.0,17815524500.0,新型电力,公用事业,电力,风力发电,10.62,8.69,0.0
2025-06-23,15.29,15.39,15.21,15.36,15.36,0.0,0.0,9297031.0,89435590.0,1.5913,0.005036,0.0083179999999999,0.88,24.5093,32.5101,1.6944,5.8319,6.1685,0.0165799999999999,0.0165799999999999,1846168342.0,1846168342.0,1117652937.0,17815524500.0,17815524500.0,新型电力,公用事业,电力,风力发电,10.62,8.69,0.0
2025-06-24,15.36,15.59,15.34,15.58,15.36,0.2200000000000006,1.43,11434933.0,111364568.0,1.5913,0.006194,0.0102309999999999,1.08,24.8648,32.9818,1.719,5.9165,6.258,0.016343,0.016343,1846168342.0,1846168342.0,1117652937.0,18073988068.0,18073988068.0,新型电力,公用事业,电力,风力发电,10.62,8.69,0.0
2025-06-25,15.59,15.77,15.5,15.72,15.58,0.1400000000000005,0.9,14942328.0,146827457.0,1.5913,0.008094,0.0133689999999999,1.43,25.0934,33.285,1.7348,5.9709,6.3155,0.016194,0.016194,1846168342.0,1846168342.0,1117652937.0,18240143219.0,18240143219.0,新型电力,公用事业,电力,风力发电,10.77,8.81,0.0
2025-06-26,15.71,15.82,15.64,15.64,15.72,-0.08,-0.51,12722660.0,125735211.0,1.5913,0.006891,0.011383,1.15,24.9664,33.1165,1.726,5.9406,6.2835,0.016277,0.016277,1846168342.0,1846168342.0,1117652937.0,18147834802.0,18147834802.0,新型电力,公用事业,电力,风力发电,10.87,8.89,0.0
2025-06-27,15.64,15.77,15.63,15.66,15.64,0.0199999999999995,0.13,8786163.0,86598076.0,1.5913,0.004759,0.007861,0.77,24.9918,33.1502,1.7278,5.9467,6.2899,0.01626,0.01626,1846168342.0,1846168342.0,1117652937.0,18166296485.0,18166296485.0,新型电力,公用事业,电力,风力发电,10.81,8.85,0.0
2025-06-30,15.67,15.71,15.55,15.63,15.66,-0.0299999999999993,-0.19,12501255.0,122632823.0,1.5913,0.006771,0.011185,1.09,24.941,33.0828,1.7242,5.9346,6.2771,0.016293,0.016293,1846168342.0,1846168342.0,1117652937.0,18129373118.0,18129373118.0,新型电力,公用事业,电力,风力发电,10.82,8.86,0.0
2025-07-01,15.63,15.66,15.53,15.61,15.63,-0.0200000000000013,-0.13,8776401.0,86044659.0,1.5913,0.0047539999999999,0.007853,0.73,24.9156,33.0491,1.7225,5.9286,6.2707,0.01631,0.01631,1846168342.0,1846168342.0,1117652937.0,18110911435.0,18110911435.0,新型电力,公用事业,电力,风力发电,10.8,8.84,0.0
2025-07-02,15.61,15.69,15.53,15.69,15.61,0.08,0.51,14235260.0,139636554.0,1.5913,0.007711,0.012737,1.23,25.0426,33.2176,1.7313,5.9588,6.3027,0.016227,0.016227,1846168342.0,1846168342.0,1117652937.0,18203219852.0,18203219852.0,新型电力,公用事业,电力,风力发电,10.79,8.83,0.0
2025-07-03,15.74,15.82,15.63,15.77,15.69,0.08,0.51,13684973.000000002,135224022.0,1.5913,0.0074129999999999,0.012244,1.2,25.1696,33.386,1.7401,5.989,6.3347,0.016145,0.016145,1846168342.0,1846168342.0,1117652937.0,18295528269.0,18295528269.0,新型电力,公用事业,电力,风力发电,10.85,8.87,0.0
2025-07-04,15.75,15.85,15.69,15.69,15.77,-0.08,-0.51,13404600.0,132826955.0,1.5913,0.007261,0.011994,1.16,25.0426,33.2176,1.7313,5.9588,6.3027,0.016227,0.016227,1846168342.0,1846168342.0,1117652937.0,18203219852.0,18203219852.0,新型电力,公用事业,电力,风力发电,10.9,8.92,0.0
2025-07-07,15.83,16.15,15.75,16.07,15.69,0.3800000000000008,2.42,31917540.000000004,320749523.0,1.5913,0.017289,0.028558,2.55,25.6522,34.0261,1.7734,6.1038,6.4561,0.015842,0.015842,1846168342.0,1846168342.0,1117652937.0,18646300254.0,18646300254.0,新型电力,公用事业,电力,风力发电,10.85,8.87,0.0
2025-07-08,16.12,16.12,15.93,16.07,16.07,0.0,0.0,19980398.0,201175193.0,1.5913,0.010823,0.017877,1.22,25.6522,34.0261,1.7734,6.1038,6.4561,0.015842,0.015842,1846168342.0,1846168342.0,1117652937.0,18646300254.0,18646300254.0,新型电力,公用事业,电力,风力发电,11.11,9.09,0.0
2025-07-09,16.09,16.17,15.98,16.01,16.07,-0.0599999999999987,-0.37,13962600.0,140907256.0,1.5913,0.0075629999999999,0.012493,0.75,25.5506,33.8914,1.7664,6.0796,6.4306,0.015905,0.015905,1846168342.0,1846168342.0,1117652937.0,18572453521.0,18572453521.0,新型电力,公用事业,电力,风力发电,11.11,9.09,0.0
2025-07-10,16.01,16.06,15.96,16.02,16.01,0.009999999999998,0.06,9877000.0,99375819.0,1.5913,0.00535,0.008837,0.53,25.576,33.9251,1.7681,6.0857,6.4369,0.015889,0.015889,1846168342.0,1846168342.0,1117652937.0,18590915204.0,18590915204.0,新型电力,公用事业,电力,风力发电,11.07,9.05,0.0
2025-07-11,16.02,16.15,15.93,16.04,16.02,0.0199999999999995,0.12,15187238.0,153139368.0,1.5913,0.008226,0.013589,0.85,25.6014,33.9587,1.7699,6.0917,6.4433,0.0158729999999999,0.0158729999999999,1846168342.0,1846168342.0,1117652937.0,18609376887.0,18609376887.0,新型电力,公用事业,电力,风力发电,11.08,9.06,0.0
2025-07-14,16.12,16.39,16.07,16.17,16.04,0.1300000000000025,0.81,20819808.0,212893402.0,1.5913,0.0112769999999999,0.018628,1.14,25.8046,34.2283,1.7839,6.1401,6.4945,0.0157479999999999,0.0157479999999999,1846168342.0,1846168342.0,1117652937.0,18757070355.0,18757070355.0,新型电力,公用事业,电力,风力发电,11.09,9.07,0.0
2025-07-15,16.01,16.02,15.64,15.77,16.17,-0.4000000000000021,-2.47,26104657.0,259327409.0,1.5913,0.01414,0.023357,1.64,25.1696,33.386,1.7401,5.989,6.3347,0.016145,0.016145,1846168342.0,1846168342.0,1117652937.0,18295528269.0,18295528269.0,新型电力,公用事业,电力,风力发电,11.18,9.14,0.0
2025-07-16,15.75,15.82,15.69,15.74,15.77,-0.0299999999999993,-0.19,11739332.0,116127045.0,1.5913,0.006359,0.010504,0.68,25.1188,33.3186,1.7365,5.9769,6.3219,0.0161779999999999,0.0161779999999999,1846168342.0,1846168342.0,1117652937.0,18258604902.0,18258604902.0,新型电力,公用事业,电力,风力发电,10.9,8.92,0.0
2025-07-17,15.75,15.79,15.66,15.75,15.74,0.0099999999999997,0.06,13153523.000000002,129934217.0,1.5913,0.007125,0.011769,0.79,25.1442,33.3523,1.7383,5.9829,6.3283,0.016162,0.016162,1846168342.0,1846168342.0,1117652937.0,18277066586.0,18277066586.0,新型电力,公用事业,电力,风力发电,10.88,8.9,0.0
2025-07-18,15.75,16.02,15.72,16.01,15.75,0.2600000000000015,1.65,22537213.0,225723887.0,1.5913,0.012208,0.020165,1.3,25.5506,33.8914,1.7664,6.0796,6.4306,0.015905,0.015905,1846168342.0,1846168342.0,1117652937.0,18572453521.0,18572453521.0,新型电力,公用事业,电力,风力发电,10.89,8.91,0.0
2025-07-21,16.04,16.15,16.02,16.14,16.01,0.129999999999999,0.81,19331411.0,195562169.0,1.5913,0.010471,0.017296,1.02,25.7538,34.1609,1.7804,6.128,6.4817,0.015779,0.015779,1846168342.0,1846168342.0,1117652937.0,18720146988.0,18720146988.0,新型电力,公用事业,电力,风力发电,11.07,9.05,0.0
2025-07-22,16.2,16.45,16.04,16.39,16.14,0.25,1.55,33814348.0,346254026.0,1.5913,0.018316,0.030255,1.82,26.1601,34.6999,1.8085,6.2247,6.584,0.015534,0.015534,1846168342.0,1846168342.0,1117652937.0,19015533923.0,19015533923.0,新型电力,公用事业,电力,风力发电,11.15,9.13,0.0
2025-07-23,16.44,16.53,16.17,16.2,16.39,-0.1900000000000012,-1.16,21833163.0,223861029.0,1.5913,0.011826,0.019535,1.09,25.8554,34.2956,1.7875,6.1522,6.5073,0.015717,0.015717,1846168342.0,1846168342.0,1117652937.0,18793993722.0,18793993722.0,新型电力,公用事业,电力,风力发电,11.33,9.27,0.0
2025-07-24,16.2,17.11,16.12,16.85,16.2,0.6500000000000021,4.01,60446068.00000001,635270151.0,1.5913,0.032741,0.054083,2.73,26.8967,35.6769,1.8594,6.3999,6.7693,0.015109,0.015109,1846168342.0,1846168342.0,1117652937.0,19550922742.0,19550922742.0,新型电力,公用事业,电力,风力发电,11.2,9.16,0.0
2025-07-25,17.15,17.2,16.69,16.71,16.85,-0.1400000000000005,-0.83,39003745.0,413514587.0,1.5913,0.0211269999999999,0.034898,1.23,26.6681,35.3737,1.8436,6.3455,6.7118,0.015238,0.015238,1846168342.0,1846168342.0,1117652937.0,19384767591.0,19384767591.0,新型电力,公用事业,电力,风力发电,11.65,9.53,0.0
2025-07-28,16.58,16.64,16.42,16.53,16.71,-0.1799999999999997,-1.08,21994301.0,228279341.0,1.5913,0.011913,0.019679,0.63,26.3887,35.0031,1.8243,6.2791,6.6415,0.015399,0.015399,1846168342.0,1846168342.0,1117652937.0,19181689073.0,19181689073.0,新型电力,公用事业,电力,风力发电,11.55,9.45,0.0
2025-07-29,16.49,16.61,16.31,16.44,16.53,-0.0899999999999998,-0.54,15961910.999999998,164671744.0,1.5913,0.008646,0.014282,0.45,26.2363,34.801,1.8138,6.2428,6.6031,0.015489,0.015489,1846168342.0,1846168342.0,1117652937.0,19070918973.0,19070918973.0,新型电力,公用事业,电力,风力发电,11.43,9.35,0.0
2025-07-30,16.45,16.52,16.23,16.33,16.44,-0.1100000000000029,-0.67,17195924.0,177142930.0,1.5913,0.009314,0.015386,0.54,26.0585,34.5651,1.8015,6.2005,6.5584,0.015595,0.015595,1846168342.0,1846168342.0,1117652937.0,18941687189.0,18941687189.0,新型电力,公用事业,电力,风力发电,11.36,9.3,0.0
2025-07-31,16.29,16.29,15.91,15.94,16.33,-0.3899999999999988,-2.39,28417215.000000004,286727983.0,1.5913,0.0153929999999999,0.025426,0.92,25.449,33.7566,1.7594,6.0555,6.405,0.015968,0.015968,1846168342.0,1846168342.0,1117652937.0,18498606787.0,18498606787.0,新型电力,公用事业,电力,风力发电,11.29,9.23,0.0
2025-08-01,15.96,16.06,15.94,16.04,15.94,0.0999999999999996,0.63,12078408.0,121412765.0,1.5913,0.006542,0.010807,0.49,25.6014,33.9587,1.7699,6.0917,6.4433,0.0158729999999999,0.0158729999999999,1846168342.0,1846168342.0,1117652937.0,18609376887.0,18609376887.0,新型电力,公用事业,电力,风力发电,11.02,9.02,0.0
2025-08-04,15.99,16.04,15.88,16.02,16.04,-0.0199999999999995,-0.12,8483201.0,85215525.0,1.5913,0.004595,0.00759,0.44,25.576,33.9251,1.7681,6.0857,6.4369,0.015889,0.015889,1846168342.0,1846168342.0,1117652937.0,18590915204.0,18590915204.0,新型电力,公用事业,电力,风力发电,11.09,9.07,0.0
2025-08-05,16.06,16.09,15.98,16.07,16.02,0.0500000000000007,0.31,10053355.0,101392478.0,1.5913,0.0054459999999999,0.008995,0.61,25.6522,34.0261,1.7734,6.1038,6.4561,0.015842,0.015842,1846168342.0,1846168342.0,1117652937.0,18646300254.0,18646300254.0,新型电力,公用事业,电力,风力发电,11.08,9.06,0.0
2025-08-06,16.07,16.09,15.96,16.02,16.07,-0.0500000000000007,-0.31,11741600.0,118120321.0,1.5913,0.00636,0.010506,0.77,25.576,33.9251,1.7681,6.0857,6.4369,0.015889,0.015889,1846168342.0,1846168342.0,1117652937.0,18590915204.0,18590915204.0,新型电力,公用事业,电力,风力发电,11.11,9.09,0.0
2025-08-07,16.04,16.09,15.93,16.04,16.02,0.0199999999999995,0.12,14630900.0,147283063.0,1.5913,0.007925,0.0130909999999999,,25.6014,33.9587,1.7699,6.0917,6.4433,0.0158729999999999,0.0158729999999999,1846168342.0,1846168342.0,1117652937.0,18609376887.0,18609376887.0,新型电力,公用事业,电力,风力发电,11.08,9.06,0.0
2025-08-08,16.04,16.26,16.01,16.2,16.04,0.1600000000000001,1.0,18508336.0,187947705.0,1.5913,0.010025,0.01656,,25.8554,34.2956,1.7875,6.1522,6.5073,0.015717,0.015717,1846168342.0,1846168342.0,1117652937.0,18793993722.0,18793993722.0,新型电力,公用事业,电力,风力发电,11.09,9.07,0.0
2025-08-11,16.79,16.92,16.41,16.66,16.2,0.4600000000000008,2.84,39411963.0,411060387.0,1.5913,0.021348,0.035263,,26.5919,35.2726,1.8384,6.3274,6.6926,0.015282,0.015282,1846168342.0,1846168342.0,1117652937.0,19329382541.0,19329382541.0,新型电力,公用事业,电力,风力发电,11.2,9.16,0.0
2025-08-12,16.66,16.68,16.36,16.47,16.66,-0.1900000000000012,-1.14,23987733.0,248074023.0,1.5913,0.012993,0.021463,,26.2871,34.8683,1.8173,6.2549,6.6159,0.015459,0.015459,1846168342.0,1846168342.0,1117652937.0,19107842340.0,19107842340.0,新型电力,公用事业,电力,风力发电,11.52,9.42,0.0
2025-08-13,16.44,16.49,16.36,16.41,16.47,-0.0599999999999987,-0.36,17434635.0,179907781.0,1.5913,0.009444,0.015599,,26.1855,34.7336,1.8103,6.2307,6.5904,0.015519,0.015519,1846168342.0,1846168342.0,1117652937.0,19033995606.0,19033995606.0,新型电力,公用事业,电力,风力发电,11.39,9.32,0.0
2025-08-14,16.44,16.49,16.15,16.17,16.41,-0.2399999999999984,-1.46,17580830.0,179939252.0,1.5913,0.009523,0.01573,,25.8046,34.2283,1.7839,6.1401,6.4945,0.0157479999999999,0.0157479999999999,1846168342.0,1846168342.0,1117652937.0,18757070355.0,18757070355.0,新型电力,公用事业,电力,风力发电,11.34,9.28,0.0
2025-08-15,16.17,16.36,16.12,16.31,16.17,0.13999999999999702,0.87,15118406.0,154629071.0,1.5913,0.008189,0.013527,,26.0332,34.5315,1.7998,6.1945,6.552,0.015609999999999999,0.015609999999999999,1846168342.0000002,1846168342.0000002,1117652937.0,18923225506.0,18923225506.0,新型电力,公用事业,电力,风力发电,11.18,9.14,0.0
