date,open,high,low,close,pre_close,change,pct_chg,volume,amount,factor,turnover_rate,turnover_rate_f,volume_ratio,pe,pe_ttm,pb,ps,ps_ttm,dv_ratio,dv_ttm,total_share,float_share,free_share,total_mv,circ_mv,industry,l1_name,l2_name,l3_name,up_limit,down_limit,is_st
2013-09-18,40.5,46.4,39.88,42.24,44.56,-2.3200000000000003,-5.21,38889754.0,1681303475.6,1.0,0.056664,0.056664,,21.8545,17.1025,2.1389,0.6943,0.6434,,,1686323389.0,686317909.0000001,686317909.0000001,71230299951.0,28990068476.0,家用电器,家用电器,白色家电,空调,49.02,40.1,
2013-09-23,41.9,46.46,40.67,46.2,42.24,3.960000000000001,9.38,31851606.0,1406017543.3,1.0,0.046409,0.046409,,23.9034,18.7058,2.3394,0.7594,0.7037,,,1686323389.0,686317909.0000001,686317909.0000001,77908140572.0,31707887396.0,家用电器,家用电器,白色家电,空调,46.46,38.02,
2013-09-24,45.49,46.15,44.4,44.61,46.2,-1.5900000000000034,-3.44,20004514.0,901506347.0,1.0,0.029148,0.029148,,23.0808,18.0621,2.2589,0.7332,0.6795,,,1686323389.0,686317909.0000001,686317909.0000001,75226886383.0,30616641920.0,家用电器,家用电器,白色家电,空调,50.82,41.58,
2013-09-25,44.01,47.14,44.0,45.05,44.61,0.4399999999999977,0.99,17165136.0,781787170.5,1.0,0.0250099999999999,0.0250099999999999,,23.3084,18.2402,2.2812,0.7405,0.6862,,,1686323389.0,686317909.0000001,686317909.0000001,75968868674.0,30918621800.0,家用电器,家用电器,白色家电,空调,49.07,40.15,
2013-09-26,44.65,45.07,42.45,43.0,45.05,-2.049999999999997,-4.55,14680801.0,640034808.3000001,1.0,0.021391,0.021391,,22.2478,17.4102,2.1774,0.7068,0.6549,,,1686323389.0,686317909.0000001,686317909.0000001,72511905727.0,29511670087.0,家用电器,家用电器,白色家电,空调,49.56,40.55,
2013-09-27,43.0,44.3,42.67,43.0,43.0,0.0,0.0,8561465.0,372250409.1,1.0,0.012474,0.012474,0.35,22.2478,17.4102,2.1774,0.7068,0.6549,,,1686323389.0,686317909.0000001,686317909.0000001,72511905727.0,29511670087.0,家用电器,家用电器,白色家电,空调,47.3,38.7,
2013-09-30,42.99,43.8,42.88,43.24,43.0,0.240000000000002,0.56,7668272.0,331344575.6,1.0,0.0111729999999999,0.0111729999999999,0.42,22.3719,17.5074,2.1895,0.7107,0.6586,,,1686323389.0,686317909.0000001,686317909.0000001,72916623340.0,29676386385.0,家用电器,家用电器,白色家电,空调,47.3,38.7,
2013-10-08,43.0,45.21,42.9,44.99,43.24,1.75,4.05,11112977.0,493442850.7,1.0,0.0161919999999999,0.0161919999999999,0.82,23.2774,18.2159,2.2781,0.7395,0.6853,,,1686323389.0,686317909.0000001,686317909.0000001,75867689271.0,30877442726.0,家用电器,家用电器,白色家电,空调,47.56,38.92,
2013-10-09,44.65,45.54,44.0,44.68,44.99,-0.3100000000000023,-0.69,8305417.999999999,370734066.7000001,1.0,0.0121009999999999,0.0121009999999999,0.7,23.117,18.0904,2.2624,0.7344,0.6805,,,1686323389.0,686317909.0000001,686317909.0000001,75344929021.0,30664684174.0,家用电器,家用电器,白色家电,空调,49.49,40.49,
2013-10-10,44.5,46.36,44.14,45.71,44.68,1.0300000000000011,2.31,15625660.999999998,708889939.8000001,1.0,0.022767,0.022767,1.55,23.6499,18.5074,2.3146,0.7513,0.6962,,,1686323389.0,686317909.0000001,686317909.0000001,77081842111.0,31371591620.0,家用电器,家用电器,白色家电,空调,49.15,40.21,
2013-10-11,46.0,46.05,45.25,45.53,45.71,-0.1799999999999997,-0.39,7969766.0,363516964.6,1.0,0.011612,0.011612,0.78,23.5568,18.4346,2.3055,0.7483,0.6935,,,1686323389.0,686317909.0000001,686317909.0000001,76778303901.0,31248054397.0,家用电器,家用电器,白色家电,空调,50.28,41.14,
2013-10-14,45.52,46.33,44.6,46.0,45.53,0.4699999999999988,1.03,9646785.0,441424913.3,1.0,0.0140559999999999,0.0140559999999999,0.95,23.7999,18.6249,2.3293,0.7561,0.7006,,,1686323389.0,686317909.0000001,686317909.0000001,77570875894.0,31570623814.0,家用电器,家用电器,白色家电,空调,50.08,40.98,
2013-10-15,46.0,46.0,44.85,45.15,46.0,-0.8500000000000014,-1.85,9241988.0,419089541.2,1.0,0.013466,0.013466,0.88,23.3601,18.2807,2.2862,0.7421,0.6877,,,1686323389.0,686317909.0000001,686317909.0000001,76137501013.0,30987253591.0,家用电器,家用电器,白色家电,空调,50.6,41.4,
2013-10-16,44.76,45.88,43.7,44.67,45.15,-0.4799999999999969,-1.06,8918362.0,397199767.5,1.0,0.012995,0.012995,0.88,23.1118,18.0864,2.2619,0.7342,0.6804,,,1686323389.0,686317909.0000001,686317909.0000001,75328065787.0,30657820995.0,家用电器,家用电器,白色家电,空调,49.67,40.64,
2013-10-17,44.68,45.1,44.22,44.61,44.67,-0.0600000000000022,-0.13,5552669.0,247582778.4,1.0,0.008091,0.008091,0.54,23.0808,18.0621,2.2589,0.7332,0.6795,,,1686323389.0,686317909.0000001,686317909.0000001,75226886383.0,30616641920.0,家用电器,家用电器,白色家电,空调,49.14,40.2,
2013-10-18,44.52,46.8,44.3,46.01,44.61,1.3999999999999986,3.14,10420989.0,478846152.2,1.0,0.015184,0.015184,1.26,23.8051,18.6289,2.3298,0.7562,0.7008,,,1686323389.0,686317909.0000001,686317909.0000001,77587739128.0,31577486993.0,家用电器,家用电器,白色家电,空调,49.07,40.15,
2013-10-21,46.2,48.1,45.68,47.85,46.01,1.840000000000004,4.0,13565868.0,638065955.3000001,1.0,0.019766,0.019766,1.55,24.7571,19.3739,2.423,0.7865,0.7288,,,1686323389.0,686317909.0000001,686317909.0000001,80690574164.0,32840311946.0,家用电器,家用电器,白色家电,空调,50.61,41.41,
2013-10-22,47.4,48.31,46.88,47.42,47.85,-0.4299999999999997,-0.9,8214741.0,390719938.2,1.0,0.011969,0.011969,0.86,24.5346,19.1998,2.4012,0.7794,0.7223,,,1686323389.0,686317909.0000001,686317909.0000001,79965455106.0,32545195245.0,家用电器,家用电器,白色家电,空调,52.64,43.07,
2013-10-23,47.47,48.43,45.9,46.09,47.42,-1.3299999999999983,-2.8,8729030.0,407798443.5,1.0,0.012719,0.012719,0.94,23.8465,18.6613,2.3338,0.7575,0.702,,,1686323389.0,686317909.0000001,686317909.0000001,77722644999.0,31632392426.0,家用电器,家用电器,白色家电,空调,52.16,42.68,
2013-10-24,46.0,49.6,45.84,47.5,46.09,1.4099999999999966,3.06,12218451.0,583397301.4,1.0,0.017803,0.017803,1.31,24.576,19.2322,2.4052,0.7807,0.7235,,,1686323389.0,686317909.0000001,686317909.0000001,80100360978.0,32600100678.0,家用电器,家用电器,白色家电,空调,50.7,41.48,
2013-10-25,47.43,48.85,47.11,47.7,47.5,0.2000000000000028,0.42,10233626.0,490068565.0,1.0,0.014911,0.014911,0.96,24.6795,19.3132,2.4154,0.784,0.7265,,,1686323389.0,686317909.0000001,686317909.0000001,80437625655.0,32737364259.0,家用电器,家用电器,白色家电,空调,52.25,42.75,
2013-10-28,47.97,49.5,47.5,49.47,47.7,1.769999999999996,3.71,10446741.0,508354445.0,1.0,0.015221,0.015221,0.99,25.5953,20.0298,2.505,0.8131,0.7535,,,1686323389.0,686317909.0000001,686317909.0000001,83422418054.0,33952146958.0,家用电器,家用电器,白色家电,空调,52.47,42.93,
2013-10-29,49.1,49.68,48.01,48.93,49.47,-0.5399999999999991,-1.09,9652552.0,469601271.5,1.0,0.014064,0.014064,0.97,25.3159,19.8112,2.4776,0.8042,0.7453,,,1686323389.0,686317909.0000001,686317909.0000001,82511803424.0,33581535287.0,家用电器,家用电器,白色家电,空调,54.42,44.52,
2013-10-30,49.01,50.66,48.65,50.17,48.93,1.240000000000002,2.53,12128524.0,604865247.8,1.0,0.017672,0.017672,1.18,25.9574,20.3133,2.5404,0.8246,0.7642,,,1686323389.0,686317909.0000001,686317909.0000001,84602844426.0,34432569495.0,家用电器,家用电器,白色家电,空调,53.82,44.04,
2013-10-31,50.68,50.8,47.93,48.4,50.17,-1.7700000000000031,-3.53,10073288.0,491851069.6,1.0,0.014677,0.014677,0.92,25.0417,17.2938,2.5544,0.7955,0.7121,,,1686323389.0,686317909.0000001,686317909.0000001,81618052028.0,33217786796.0,家用电器,家用电器,白色家电,空调,55.19,45.15,
2013-11-01,47.79,48.79,47.33,47.76,48.4,-0.6400000000000006,-1.32,7205717.0,344516586.6,1.0,0.010499,0.010499,0.69,24.7105,17.0651,2.5206,0.785,0.7027,,,1686323389.0,686317909.0000001,686317909.0000001,80538805059.0,32778543334.0,家用电器,家用电器,白色家电,空调,53.24,43.56,
2013-11-04,47.6,48.5,47.6,47.99,47.76,0.2300000000000039,0.48,4962214.0,238322433.2,1.0,0.0072299999999999,0.0072299999999999,0.5,24.8295,17.1473,2.5328,0.7888,0.7061,,,1686323389.0,686317909.0000001,686317909.0000001,80926659438.0,32936396453.0,家用电器,家用电器,白色家电,空调,52.54,42.98,
2013-11-05,47.52,48.41,47.08,48.19,47.99,0.1999999999999957,0.42,5475095.0,261530183.4,1.0,0.007977,0.007977,0.62,24.933,17.2187,2.5433,0.7921,0.709,,,1686323389.0,686317909.0000001,686317909.0000001,81263924116.0,33073660035.0,家用电器,家用电器,白色家电,空调,52.79,43.19,
2013-11-06,47.98,48.23,46.21,46.75,48.19,-1.4399999999999975,-2.99,6025131.0,284031665.6,1.0,0.008779,0.008779,0.76,24.188,16.7042,2.4673,0.7684,0.6879,,,1686323389.0,686317909.0000001,686317909.0000001,78835618436.0,32085362246.0,家用电器,家用电器,白色家电,空调,53.01,43.37,
2013-11-07,46.52,46.93,45.16,46.22,46.75,-0.5300000000000011,-1.13,6205677.0,283865718.1,1.0,0.009042,0.009042,0.92,23.9137,16.5148,2.4394,0.7597,0.6801,,,1686323389.0,686317909.0000001,686317909.0000001,77941867040.0,31721613754.0,家用电器,家用电器,白色家电,空调,51.43,42.08,
2013-11-08,45.8,46.2,45.33,45.66,46.22,-0.5600000000000023,-1.21,3341133.0,153053748.7,1.0,0.004868,0.004868,0.56,23.624,16.3148,2.4098,0.7505,0.6718,,,1686323389.0,686317909.0000001,686317909.0000001,76997525942.0,31337275725.0,家用电器,家用电器,白色家电,空调,50.84,41.6,
2013-11-11,45.69,46.0,44.61,45.78,45.66,0.1200000000000045,0.26,3580989.0,162564568.70000002,1.0,0.005218,0.005218,0.69,23.6861,16.3576,2.4161,0.7524,0.6736,,,1686323389.0,686317909.0000001,686317909.0000001,77199884748.0,31419633874.0,家用电器,家用电器,白色家电,空调,50.23,41.09,
2013-11-12,45.88,47.02,45.5,46.35,45.78,0.5700000000000003,1.25,6472993.0,301452116.5,1.0,0.009431,0.009431,1.31,23.981,16.5613,2.4462,0.7618,0.682,,,1686323389.0,686317909.0000001,686317909.0000001,78161089080.0,31810835082.0,家用电器,家用电器,白色家电,空调,50.36,41.2,
2013-11-13,45.86,46.34,45.5,45.5,46.35,-0.8500000000000014,-1.83,3048409.0,139594995.3,1.0,0.004442,0.004442,0.59,23.5412,16.2576,2.4014,0.7478,0.6695,,,1686323389.0,686317909.0000001,686317909.0000001,76727714200.0,31227464860.0,家用电器,家用电器,白色家电,空调,50.99,41.72,
2013-11-14,45.55,46.32,44.67,46.0,45.5,0.5,1.1,5436007.0,246139982.6,1.0,0.007921,0.007921,1.2,23.7999,16.4362,2.4278,0.7561,0.6768,,,1686323389.0,686317909.0000001,686317909.0000001,77570875894.0,31570623814.0,家用电器,家用电器,白色家电,空调,50.05,40.95,
2013-11-15,45.87,47.06,45.61,46.2,46.0,0.2000000000000028,0.43,6421521.0,298879163.0,1.0,0.009356,0.009356,1.47,23.9034,16.5077,2.4383,0.7594,0.6798,,,1686323389.0,686317909.0000001,686317909.0000001,77908140572.0,31707887396.0,家用电器,家用电器,白色家电,空调,50.6,41.4,
2013-11-18,46.35,47.08,46.1,46.89,46.2,0.6899999999999977,1.49,4983041.0,232323742.0,1.0,0.007261,0.007261,1.0,24.2604,16.7542,2.4747,0.7707,0.6899,,,1686323389.0,686317909.0000001,686317909.0000001,79071703710.0,32181446753.0,家用电器,家用电器,白色家电,空调,50.82,41.58,
2013-11-19,46.88,47.5,46.51,46.97,46.89,0.0799999999999983,0.17,5316174.0,250109368.0,1.0,0.0077459999999999,0.0077459999999999,1.01,24.3018,16.7828,2.4789,0.772,0.6911,,,1686323389.0,686317909.0000001,686317909.0000001,79206609581.0,32236352186.0,家用电器,家用电器,白色家电,空调,51.58,42.2,
2013-11-20,47.48,47.48,46.41,46.68,46.97,-0.2899999999999991,-0.62,4172673.000000001,195299676.7,1.0,0.0060799999999999,0.0060799999999999,0.83,24.1517,16.6792,2.4636,0.7672,0.6868,,,1686323389.0,686317909.0000001,686317909.0000001,78717575799.0,32037319992.0,家用电器,家用电器,白色家电,空调,51.67,42.27,
2013-11-21,46.7,46.7,45.05,45.71,46.68,-0.9699999999999988,-2.08,6602903.999999999,300714511.3,1.0,0.009621,0.009621,1.25,23.6499,16.3326,2.4124,0.7513,0.6726,,,1686323389.0,686317909.0000001,686317909.0000001,77081842111.0,31371591620.0,家用电器,家用电器,白色家电,空调,51.35,42.01,
2013-11-22,45.85,46.85,45.66,46.58,45.71,0.8699999999999974,1.9,4428863.0,205574946.4,1.0,0.0064529999999999,0.0064529999999999,0.81,24.1,16.6435,2.4584,0.7656,0.6854,,,1686323389.0,686317909.0000001,686317909.0000001,78548943460.0,31968688201.0,家用电器,家用电器,白色家电,空调,50.28,41.14,
2013-11-25,45.83,46.31,45.58,45.96,46.58,-0.6199999999999974,-1.33,6320252.0,289730106.7,1.0,0.009209,0.009209,1.24,23.7792,16.4219,2.4256,0.7554,0.6762,,,1686323389.0,686317909.0000001,686317909.0000001,77503422958.0,31543171098.000004,家用电器,家用电器,白色家电,空调,51.24,41.92,
2013-11-26,45.91,47.2,45.7,47.19,45.96,1.2299999999999969,2.68,7858305.0,367247558.7,1.0,0.01145,0.01145,1.46,24.4156,16.8614,2.4906,0.7756,0.6943,,,1686323389.0,686317909.0000001,686317909.0000001,79577600727.0,32387342126.000004,家用电器,家用电器,白色家电,空调,50.56,41.36,
2013-11-27,47.2,47.29,46.25,46.59,47.19,-0.5999999999999943,-1.27,5417393.0,252670204.7,1.0,0.007893,0.007893,0.92,24.1052,16.6471,2.4589,0.7658,0.6855,,,1686323389.0,686317909.0000001,686317909.0000001,78565806694.0,31975551380.0,家用电器,家用电器,白色家电,空调,51.91,42.47,
2013-11-28,46.6,47.97,46.6,47.67,46.59,1.0799999999999983,2.32,7237994.0,343994300.2,1.0,0.010546,0.010546,1.18,24.664,17.0329,2.5159,0.7835,0.7014,,,1686323389.0,686317909.0000001,686317909.0000001,80387035954.0,32716774722.000004,家用电器,家用电器,白色家电,空调,51.25,41.93,
2013-11-29,47.52,48.0,47.28,47.91,47.67,0.2399999999999948,0.5,5125945.0,244627679.9,1.0,0.007469,0.007469,0.82,24.7881,17.1187,2.5286,0.7875,0.7049,,,1686323389.0,686317909.0000001,686317909.0000001,80791753567.0,32881491020.0,家用电器,家用电器,白色家电,空调,52.44,42.9,
2013-12-02,47.02,47.19,46.03,46.13,47.91,-1.779999999999994,-3.72,6513376.0,304178444.20000005,1.0,0.00949,0.00949,1.02,23.8672,16.4827,2.4346,0.7582,0.6787,,,1686323389.0,686317909.0000001,686317909.0000001,77790097935.0,31659845142.0,家用电器,家用电器,白色家电,空调,52.7,43.12,
2013-12-03,46.0,47.09,46.0,47.02,46.13,0.8900000000000006,1.93,5606801.0,261874434.4,1.0,0.008169,0.008169,0.87,24.3277,16.8007,2.4816,0.7728,0.6918,,,1686323389.0,686317909.0000001,686317909.0000001,79290925751.0,32270668081.0,家用电器,家用电器,白色家电,空调,50.74,41.52,
2013-12-04,47.0,48.4,46.8,47.94,47.02,0.9199999999999946,1.96,5726006.0,274690867.0,1.0,0.008343,0.008343,0.96,24.8037,17.1294,2.5301,0.788,0.7054,,,1686323389.0,686317909.0000001,686317909.0000001,80842343269.0,32902080557.0,家用电器,家用电器,白色家电,空调,51.72,42.32,
2013-12-05,48.06,48.88,47.89,48.54,47.94,0.6000000000000014,1.25,5473742.0,265569524.2,1.0,0.007976,0.007976,0.91,25.1141,17.3438,2.5618,0.7978,0.7142,,,1686323389.0,686317909.0000001,686317909.0000001,81854137302.0,33313871303.0,家用电器,家用电器,白色家电,空调,52.73,43.15,
2013-12-06,48.59,48.63,47.73,48.4,48.54,-0.1400000000000005,-0.29,3844333.0,185057340.9,1.0,0.005601,0.005601,0.68,25.0417,17.2938,2.5544,0.7955,0.7121,,,1686323389.0,686317909.0000001,686317909.0000001,81618052028.0,33217786796.0,家用电器,家用电器,白色家电,空调,53.39,43.69,
2013-12-09,48.45,48.97,47.95,48.49,48.4,0.0900000000000034,0.19,4707669.0,227857524.6,1.0,0.006859,0.006859,0.87,25.0882,17.3259,2.5592,0.797,0.7135,,,1686323389.0,686317909.0000001,686317909.0000001,81769821133.0,33279555407.0,家用电器,家用电器,白色家电,空调,53.24,43.56,
2013-12-10,48.8,50.47,48.8,49.68,48.49,1.1899999999999975,2.45,10813891.0,538909457.8,1.0,0.015756,0.015756,2.13,25.7039,17.7511,2.622,0.8166,0.731,,,1686323389.0,686317909.0000001,686317909.0000001,83776545966.0,34096273719.0,家用电器,家用电器,白色家电,空调,53.34,43.64,
2013-12-11,49.45,50.0,47.84,48.38,49.68,-1.2999999999999972,-2.62,6295245.0,309155364.40000004,1.0,0.009172,0.009172,1.03,25.0313,17.2866,2.5534,0.7952,0.7118,,,1686323389.0,686317909.0000001,686317909.0000001,81584325560.0,33204060437.0,家用电器,家用电器,白色家电,空调,54.65,44.71,
2013-12-12,48.2,49.49,47.68,49.31,48.38,0.9299999999999996,1.92,4568478.0,221437140.2,1.0,0.006657,0.006657,0.73,25.5125,17.6189,2.6024,0.8105,0.7255,,,1686323389.0,686317909.0000001,686317909.0000001,83152606312.0,33842336093.0,家用电器,家用电器,白色家电,空调,53.22,43.54,
2013-12-13,48.51,50.9,48.42,50.15,49.31,0.8399999999999963,1.7,10987469.0,551962433.1,1.0,0.016009,0.016009,1.82,25.9471,17.9191,2.6468,0.8243,0.7379,,,1686323389.0,686317909.0000001,686317909.0000001,84569117958.0,34418843136.0,家用电器,家用电器,白色家电,空调,54.24,44.38,
2013-12-16,50.14,51.5,49.8,49.91,50.15,-0.240000000000002,-0.48,9577462.0,485809113.2000001,1.0,0.013955,0.013955,1.28,25.8229,17.8333,2.6341,0.8203,0.7344,,,1686323389.0,686317909.0000001,686317909.0000001,84164400344.99998,34254126838.000004,家用电器,家用电器,白色家电,空调,55.17,45.14,
2013-12-17,49.96,50.1,48.92,49.0,49.91,-0.9099999999999966,-1.82,6405805.0,315460842.1,1.0,0.009334,0.009334,0.76,25.3521,17.5082,2.5861,0.8054,0.721,,,1686323389.0,686317909.0000001,686317909.0000001,82629846061.0,33629577541.0,家用电器,家用电器,白色家电,空调,54.9,44.92,
2013-12-18,48.98,50.5,48.5,50.49,49.0,1.490000000000002,3.04,6406127.0,318806468.79999995,1.0,0.009334,0.009334,0.85,26.123,18.0406,2.6647,0.8299,0.7429,,,1686323389.0,686317909.0000001,686317909.0000001,85142467910.99998,34652191225.0,家用电器,家用电器,白色家电,空调,53.9,44.1,
2013-12-19,50.75,51.38,49.89,49.89,50.49,-0.6000000000000014,-1.19,6346406.0,320375899.7,1.0,0.009247,0.009247,0.84,25.8126,17.8262,2.6331,0.82,0.7341,,,1686323389.0,686317909.0000001,686317909.0000001,84130673877.00002,34240400480.0,家用电器,家用电器,白色家电,空调,55.54,45.44,
2013-12-20,49.6,52.0,49.41,51.78,49.89,1.8900000000000008,3.79,20368231.0,1029695716.2,1.0,0.029678,0.029678,2.56,26.7904,18.5015,2.7328,0.8511,0.7619,,,1686323389.0,686317909.0000001,686317909.0000001,87317825081.99998,35537541328.0,家用电器,家用电器,白色家电,空调,54.88,44.9,
2013-12-23,51.2,51.7,50.01,50.35,51.78,-1.4299999999999995,-2.76,7054117.0,357126323.4,1.0,0.010278,0.010278,0.72,26.0506,17.9905,2.6573,0.8276,0.7408,,,1686323389.0,686317909.0000001,686317909.0000001,84906382636.0,34556106718.0,家用电器,家用电器,白色家电,空调,56.96,46.6,
2013-12-24,50.8,51.17,49.77,50.81,50.35,0.4600000000000008,0.91,6575973.0,330453340.90000004,1.0,0.009582,0.009582,0.71,26.2886,18.1549,2.6816,0.8351,0.7476,,,1686323389.0,686317909.0000001,686317909.0000001,85682091395.0,34871812956.0,家用电器,家用电器,白色家电,空调,55.39,45.32,
2013-12-25,51.0,51.12,50.14,50.4,50.81,-0.4100000000000037,-0.81,4262422.0,215560125.1,1.0,0.0062109999999999,0.0062109999999999,0.46,26.0764,18.0084,2.66,0.8284,0.7416,,,1686323389.0,686317909.0000001,686317909.0000001,84990698806.0,34590422614.0,家用电器,家用电器,白色家电,空调,55.89,45.73,
2013-12-26,50.16,50.2,47.58,48.45,50.4,-1.949999999999996,-3.87,10590937.0,515988358.3,1.0,0.015432,0.015432,1.19,25.0675,17.3116,2.5571,0.7963,0.7129,,,1686323389.0,686317909.0000001,686317909.0000001,81702368197.0,33252102691.0,家用电器,家用电器,白色家电,空调,55.44,45.36,
2013-12-27,48.0,50.3,47.82,49.78,48.45,1.3299999999999983,2.75,7452613.0,366987474.8,1.0,0.010859,0.010859,0.76,25.7557,17.7869,2.6272,0.8182,0.7324,,,1686323389.0,686317909.0000001,686317909.0000001,83945178304.0,34164905510.0,家用电器,家用电器,白色家电,空调,53.3,43.61,
2013-12-30,49.78,50.54,49.41,49.5,49.78,-0.2800000000000011,-0.56,4380030.0,218806910.7,1.0,0.006382,0.006382,0.61,25.6108,17.6868,2.6125,0.8136,0.7283,,,1686323389.0,686317909.0000001,686317909.0000001,83473007756.0,33972736496.0,家用电器,家用电器,白色家电,空调,54.76,44.8,
2013-12-31,49.41,50.1,48.26,50.0,49.5,0.5,1.01,5985944.0,294099112.29999995,1.0,0.008722,0.008722,0.9,25.8695,17.8655,2.6389,0.8218,0.7357,,,1686323389.0,686317909.0000001,686317909.0000001,84316169450.0,34315895450.0,家用电器,家用电器,白色家电,空调,54.45,44.55,
2014-01-02,49.4,49.82,48.6,48.92,50.0,-1.0799999999999983,-2.16,3946290.0,193220266.5,1.0,0.00575,0.00575,0.6,25.3107,17.4796,2.5819,0.8041,0.7198,,,1686323389.0,686317909.0000001,686317909.0000001,82494940190.0,33574672108.0,家用电器,家用电器,白色家电,空调,55.0,45.0,
2014-01-03,48.4,48.8,47.11,48.07,48.92,-0.8500000000000014,-1.74,7584577.0,362396320.3,1.0,0.011051,0.011051,1.17,24.8709,17.1759,2.537,0.7901,0.7073,,,1686323389.0,686317909.0000001,686317909.0000001,81061565309.0,32991301886.0,家用电器,家用电器,白色家电,空调,53.81,44.03,
2014-01-06,47.88,47.98,46.36,46.61,48.07,-1.4600000000000009,-3.04,5992569.0,279878513.7,1.0,0.008731,0.008731,1.02,24.1155,16.6542,2.4599,0.7661,0.6858,,,1686323389.0,686317909.0000001,686317909.0000001,78599533161.0,31989277738.0,家用电器,家用电器,白色家电,空调,52.88,43.26,
2014-01-07,46.2,47.18,46.2,46.46,46.61,-0.1499999999999985,-0.32,3440935.0,160580651.0,1.0,0.0050139999999999,0.0050139999999999,0.62,24.0379,16.6006,2.452,0.7636,0.6836,,,1686323389.0,686317909.0000001,686317909.0000001,78346584653.0,31886330052.0,家用电器,家用电器,白色家电,空调,51.27,41.95,
2014-01-13,46.0,48.5,45.8,46.5,46.46,0.0399999999999991,0.09,7394698.0,346958966.29999995,1.0,0.0107739999999999,0.0107739999999999,1.37,24.0586,16.6149,2.4541,0.7643,0.6842,,,1686323389.0,686317909.0000001,686317909.0000001,78414037589.0,31913782769.0,家用电器,家用电器,白色家电,空调,51.11,41.81,
2014-01-14,46.5,48.06,46.33,48.01,46.5,1.509999999999998,3.25,5011533.0,237738075.3,1.0,0.0073019999999999,0.0073019999999999,0.88,24.8399,17.1544,2.5338,0.7891,0.7064,,,1686323389.0,686317909.0000001,686317909.0000001,80960385906.0,32950122811.0,家用电器,家用电器,白色家电,空调,51.15,41.85,
2014-01-15,47.7,49.05,47.51,48.4,48.01,0.3900000000000005,0.81,4306796.0,208692015.2,1.0,0.0062749999999999,0.0062749999999999,0.73,25.0417,17.2938,2.5544,0.7955,0.7121,,,1686323389.0,686317909.0000001,686317909.0000001,81618052028.0,33217786796.0,家用电器,家用电器,白色家电,空调,52.81,43.21,
2014-01-16,48.39,49.04,47.81,48.32,48.4,-0.0799999999999983,-0.17,4245118.0,205606086.1,1.0,0.006185,0.006185,0.81,25.0003,17.2652,2.5502,0.7942,0.711,,,1686323389.0,686317909.0000001,686317909.0000001,81483146156.0,33162881363.0,家用电器,家用电器,白色家电,空调,53.24,43.56,
2014-01-17,48.05,48.32,46.67,46.9,48.32,-1.4200000000000017,-2.94,4019015.0,190432273.2,1.0,0.005856,0.005856,0.82,24.2656,16.7578,2.4752,0.7709,0.6901,,,1686323389.0,686317909.0000001,686317909.0000001,79088566944.0,32188309932.0,家用电器,家用电器,白色家电,空调,53.15,43.49,
2014-01-20,46.89,47.84,46.51,47.51,46.9,0.6099999999999994,1.3,3816813.0,180827659.8,1.0,0.005561,0.005561,0.76,24.5812,16.9758,2.5074,0.7809,0.699,,,1686323389.0,686317909.0000001,686317909.0000001,80117224211.0,32606963857.0,家用电器,家用电器,白色家电,空调,51.59,42.21,
2014-01-21,47.5,47.8,46.78,47.0,47.51,-0.509999999999998,-1.07,4335520.0,204014337.5,1.0,0.006317,0.006317,1.01,24.3173,16.7935,2.4805,0.7725,0.6915,,,1686323389.0,686317909.0000001,686317909.0000001,79257199283.0,32256941723.000004,家用电器,家用电器,白色家电,空调,52.26,42.76,
2014-01-22,47.05,47.97,46.85,47.76,47.0,0.759999999999998,1.62,4317868.0,205238258.4,1.0,0.006291,0.006291,1.04,24.7105,17.0651,2.5206,0.785,0.7027,,,1686323389.0,686317909.0000001,686317909.0000001,80538805059.0,32778543334.0,家用电器,家用电器,白色家电,空调,51.7,42.3,
2014-01-23,47.73,49.13,47.32,48.38,47.76,0.6200000000000045,1.3,5500074.0,265863460.8,1.0,0.008014,0.008014,1.33,25.0313,17.2866,2.5534,0.7952,0.7118,,,1686323389.0,686317909.0000001,686317909.0000001,81584325560.0,33204060437.0,家用电器,家用电器,白色家电,空调,52.54,42.98,
2014-01-24,48.38,49.26,47.8,48.61,48.38,0.2299999999999968,0.48,5036662.0,245337713.4,1.0,0.007339,0.007339,1.15,25.1503,17.3688,2.5655,0.799,0.7152,,,1686323389.0,686317909.0000001,686317909.0000001,81972179939.0,33361913556.0,家用电器,家用电器,白色家电,空调,53.22,43.54,
2014-01-27,48.31,48.35,47.15,47.36,48.61,-1.25,-2.57,5422290.0,258565265.0,1.0,0.007901,0.007901,1.18,24.5036,16.9222,2.4995,0.7784,0.6968,,,1686323389.0,686317909.0000001,686317909.0000001,79864275703.0,32504016170.0,家用电器,家用电器,白色家电,空调,53.47,43.75,
2014-01-28,47.83,48.28,47.3,47.91,47.36,0.5499999999999972,1.16,3708992.0,177707761.9,1.0,0.005404,0.005404,0.75,24.7881,17.1187,2.5286,0.7875,0.7049,,,1686323389.0,686317909.0000001,686317909.0000001,80791753567.0,32881491020.0,家用电器,家用电器,白色家电,空调,52.1,42.62,
2014-01-29,48.25,48.37,47.5,47.79,47.91,-0.1199999999999974,-0.25,4006927.0,191411779.3,1.0,0.0058379999999999,0.0058379999999999,0.84,24.7261,17.0758,2.5222,0.7855,0.7032,,,1686323389.0,686317909.0000001,686317909.0000001,80589394760.0,32799132871.0,家用电器,家用电器,白色家电,空调,52.7,43.12,
2014-01-30,47.88,47.9,46.51,46.86,47.79,-0.9299999999999996,-1.95,5455584.0,256146015.3,1.0,0.007949,0.007949,1.15,24.2449,16.7435,2.4731,0.7702,0.6895,,,1686323389.0,686317909.0000001,686317909.0000001,79021114009.0,32160857216.0,家用电器,家用电器,白色家电,空调,52.57,43.01,
2014-02-07,46.41,46.41,44.9,45.71,46.86,-1.1499999999999986,-2.45,9233260.0,419470256.6,1.0,0.013453,0.013453,1.95,23.6499,16.3326,2.4124,0.7513,0.6726,,,1686323389.0,686317909.0000001,686317909.0000001,77081842111.0,31371591620.0,家用电器,家用电器,白色家电,空调,51.55,42.17,
2014-02-10,45.69,47.0,45.4,46.55,45.71,0.8399999999999963,1.84,7058080.0,327990401.1,1.0,0.010284,0.010284,1.27,24.0845,16.6328,2.4568,0.7651,0.6849,,,1686323389.0,686317909.0000001,686317909.0000001,78498353758.0,31948098664.0,家用电器,家用电器,白色家电,空调,50.28,41.14,
2014-02-11,46.52,46.52,45.5,45.95,46.55,-0.5999999999999943,-1.29,6658013.0,305636957.5,1.0,0.009701,0.009701,1.13,23.7741,16.4184,2.4251,0.7552,0.6761,,,1686323389.0,686317909.0000001,686317909.0000001,77486559725.0,31536307919.0,家用电器,家用电器,白色家电,空调,51.21,41.9,
2014-02-12,46.0,47.19,45.66,46.75,45.95,0.7999999999999972,1.74,6370454.0,296686578.7,1.0,0.009282,0.009282,0.98,24.188,16.7042,2.4673,0.7684,0.6879,,,1686323389.0,686317909.0000001,686317909.0000001,78835618436.0,32085362246.0,家用电器,家用电器,白色家电,空调,50.55,41.36,
2014-02-13,46.81,46.81,45.7,46.15,46.75,-0.6000000000000014,-1.28,6856964.999999999,317109261.6,1.0,0.009991,0.009991,0.99,23.8775,16.4898,2.4357,0.7585,0.679,,,1686323389.0,686317909.0000001,686317909.0000001,77823824402.0,31673571500.0,家用电器,家用电器,白色家电,空调,51.43,42.08,
2014-02-14,45.89,46.53,45.81,46.29,46.15,0.1400000000000005,0.3,3965343.0,182979755.1,1.0,0.005778,0.005778,0.55,23.95,16.5399,2.4431,0.7608,0.6811,,,1686323389.0,686317909.0000001,686317909.0000001,78059909677.0,31769656008.0,家用电器,家用电器,白色家电,空调,50.77,41.54,
2014-02-17,46.35,46.58,46.0,46.5,46.29,0.2100000000000008,0.45,5650256.0,260881611.6,1.0,0.008233,0.008233,0.91,24.0586,16.6149,2.4541,0.7643,0.6842,,,1686323389.0,686317909.0000001,686317909.0000001,78414037589.0,31913782769.0,家用电器,家用电器,白色家电,空调,50.92,41.66,
2014-02-18,46.39,46.39,45.66,45.99,46.5,-0.509999999999998,-1.1,4122529.0,189272106.4,1.0,0.006007,0.006007,0.7,23.7947,16.4327,2.4272,0.7559,0.6767,,,1686323389.0,686317909.0000001,686317909.0000001,77554012660.0,31563760635.0,家用电器,家用电器,白色家电,空调,51.15,41.85,
2014-02-19,46.0,46.38,45.5,46.08,45.99,0.0899999999999963,0.2,4387068.0,202089733.3,1.0,0.006392,0.006392,0.81,23.8413,16.4648,2.432,0.7574,0.678,,,1686323389.0,686317909.0000001,686317909.0000001,77705781765.0,31625529247.0,家用电器,家用电器,白色家电,空调,50.59,41.39,
2014-02-20,46.06,46.17,44.7,44.91,46.08,-1.1700000000000017,-2.54,8485159.0,383520522.6,1.0,0.0123629999999999,0.0123629999999999,1.7,23.236,16.0468,2.3702,0.7381,0.6608,,,1686323389.0,686317909.0000001,686317909.0000001,75732783400.0,30822537293.0,家用电器,家用电器,白色家电,空调,50.69,41.47,
2014-02-21,44.95,45.25,44.48,44.7,44.91,-0.2099999999999937,-0.47,4792501.0,214409176.5,1.0,0.006983,0.006983,0.9,23.1273,15.9717,2.3591,0.7347,0.6577,,,1686323389.0,686317909.0000001,686317909.0000001,75378655488.0,30678410532.0,家用电器,家用电器,白色家电,空调,49.4,40.42,
2014-02-24,44.5,44.6,40.3,41.92,44.7,-2.780000000000001,-6.22,13622310.999999998,569681717.1999999,1.0,0.0198479999999999,0.0198479999999999,2.48,21.689,14.9784,2.2124,0.689,0.6168,,,1686323389.0,686317909.0000001,686317909.0000001,70690676467.0,28770446745.000004,家用电器,家用电器,白色家电,空调,49.17,40.23,
2014-02-25,41.8,41.8,40.28,40.34,41.92,-1.5799999999999983,-3.77,15201359.0,619138414.6999999,1.0,0.022149,0.022149,2.15,20.8715,14.4139,2.129,0.663,0.5935,,,1686323389.0,686317909.0000001,686317909.0000001,68026285512.0,27686064449.0,家用电器,家用电器,白色家电,空调,46.11,37.73,
2014-02-26,40.09,40.19,39.0,39.26,40.34,-1.0800000000000054,-2.68,11431274.0,450989052.9,1.0,0.016656,0.016656,1.23,20.3127,14.028,2.072,0.6453,0.5777,,,1686323389.0,686317909.0000001,686317909.0000001,66205056252.0,26944841107.0,家用电器,家用电器,白色家电,空调,44.37,36.31,
2014-02-27,39.43,39.59,37.74,38.16,39.26,-1.1000000000000014,-2.8,14095849.0,541013006.4,1.0,0.0205379999999999,0.0205379999999999,1.32,19.7436,13.6349,2.014,0.6272,0.5615,,,1686323389.0,686317909.0000001,686317909.0000001,64350100524.00001,26189891407.0,家用电器,家用电器,白色家电,空调,43.19,35.33,
2014-02-28,38.2,38.95,37.78,38.94,38.16,0.7800000000000011,2.04,7978905.0,308076484.5,1.0,0.011626,0.011626,0.67,20.1472,13.9136,2.0551,0.64,0.5729,,,1686323389.0,686317909.0000001,686317909.0000001,65665432768.0,26725219376.0,家用电器,家用电器,白色家电,空调,41.98,34.34,
2014-03-03,38.5,40.3,38.5,39.92,38.94,0.980000000000004,2.52,6523906.0,258418199.9,1.0,0.009506,0.009506,0.52,20.6542,14.2638,2.1069,0.6561,0.5874,,,1686323389.0,686317909.0000001,686317909.0000001,67318029689.0,27397810927.0,家用电器,家用电器,白色家电,空调,42.83,35.05,
2014-03-04,39.59,39.59,38.45,38.88,39.92,-1.0399999999999991,-2.61,5829695.0,226270204.1,1.0,0.008494,0.008494,0.53,20.1161,13.8922,2.052,0.639,0.5721,,,1686323389.0,686317909.0000001,686317909.0000001,65564253364.0,26684040302.0,家用电器,家用电器,白色家电,空调,43.91,35.93,
2014-03-05,39.0,39.6,38.55,38.8,38.88,-0.0800000000000054,-0.21,4445050.0,173812818.9,1.0,0.006477,0.006477,0.48,20.0747,13.8636,2.0478,0.6377,0.5709,,,1686323389.0,686317909.0000001,686317909.0000001,65429347493.0,26629134869.0,家用电器,家用电器,白色家电,空调,42.77,34.99,
2014-03-06,38.8,41.01,38.61,40.65,38.8,1.8500000000000008,4.77,11662673.0,468521554.8,1.0,0.016993,0.016993,1.5,21.0319,14.5246,2.1454,0.6681,0.5981,,,1686323389.0,686317909.0000001,686317909.0000001,68549045763.0,27898823001.0,家用电器,家用电器,白色家电,空调,42.68,34.92,
2014-03-07,40.69,41.34,40.32,40.49,40.65,-0.1599999999999966,-0.39,5513560.0,225197534.5,1.0,0.008034,0.008034,0.76,20.9491,14.4675,2.1369,0.6655,0.5958,,,1686323389.0,686317909.0000001,686317909.0000001,68279234020.99999,27789012135.0,家用电器,家用电器,白色家电,空调,44.72,36.59,
2014-03-10,40.0,41.9,39.75,40.64,40.49,0.1499999999999985,0.37,10274375.0,423278118.2000001,1.0,0.01497,0.01497,1.51,21.0267,14.5211,2.1449,0.668,0.598,,,1686323389.0,686317909.0000001,686317909.0000001,68532182529.0,27891959822.0,家用电器,家用电器,白色家电,空调,44.54,36.44,
2014-03-11,41.05,42.66,41.05,41.76,40.64,1.1199999999999974,2.76,10879544.0,457655975.6,1.0,0.0158519999999999,0.0158519999999999,1.44,21.6062,14.9212,2.204,0.6864,0.6144,,,1686323389.0,686317909.0000001,686317909.0000001,70420864725.0,28660635880.0,家用电器,家用电器,白色家电,空调,44.7,36.58,
2014-03-12,42.25,42.45,41.36,42.07,41.76,0.3100000000000023,0.74,6409232.0,268506551.3,1.0,0.009339,0.009339,0.75,21.7666,15.032,2.2203,0.6915,0.619,,,1686323389.0,686317909.0000001,686317909.0000001,70943624975.0,28873394432.0,家用电器,家用电器,白色家电,空调,45.94,37.58,
2014-03-13,42.13,42.36,41.35,41.8,42.07,-0.2700000000000031,-0.64,4887819.0,204431525.4,1.0,0.007122,0.007122,0.55,21.6269,14.9355,2.2061,0.687,0.615,,,1686323389.0,686317909.0000001,686317909.0000001,70488317660.0,28688088596.0,家用电器,家用电器,白色家电,空调,46.28,37.86,
2014-03-14,41.77,42.28,41.01,41.8,41.8,0.0,0.0,4250563.0,177624027.6,1.0,0.006193,0.006193,0.56,21.6269,14.9355,2.2061,0.687,0.615,,,1686323389.0,686317909.0000001,686317909.0000001,70488317660.0,28688088596.0,家用电器,家用电器,白色家电,空调,45.98,37.62,
2014-03-17,41.9,43.05,41.43,43.0,41.8,1.2000000000000028,2.87,7580905.0,321709296.8,1.0,0.011046,0.011046,1.03,22.2478,15.3643,2.2694,0.7068,0.6327,,,1686323389.0,686317909.0000001,686317909.0000001,72511905727.0,29511670087.0,家用电器,家用电器,白色家电,空调,45.98,37.62,
2014-03-18,43.69,43.8,42.07,42.11,43.0,-0.8900000000000006,-2.07,7197753.999999999,306533806.5,1.0,0.010487,0.010487,1.06,21.7873,15.0463,2.2224,0.6921,0.6196,,,1686323389.0,686317909.0000001,686317909.0000001,71011077911.0,28900847148.0,家用电器,家用电器,白色家电,空调,47.3,38.7,
2014-03-19,41.88,42.0,40.5,41.04,42.11,-1.0700000000000005,-2.54,5273720.0,216781124.9,1.0,0.007684,0.007684,0.87,21.2337,14.664,2.166,0.6745,0.6038,,,1686323389.0,686317909.0000001,686317909.0000001,69206711885.0,28166486985.0,家用电器,家用电器,白色家电,空调,46.32,37.9,
2014-03-20,41.04,41.65,39.55,39.79,41.04,-1.25,-3.05,7425367.0,299716621.3,1.0,0.010819,0.010819,1.27,20.5869,14.2173,2.1,0.654,0.5855,,,1686323389.0,686317909.0000001,686317909.0000001,67098807648.0,27308589599.0,家用电器,家用电器,白色家电,空调,45.14,36.94,
2014-03-21,39.79,41.05,39.78,40.85,39.79,1.0600000000000025,2.66,4279616.0,173385626.2,1.0,0.006236,0.006236,0.67,21.1354,14.5961,2.1559,0.6714,0.6011,,,1686323389.0,686317909.0000001,686317909.0000001,68886310441.0,28036086583.0,家用电器,家用电器,白色家电,空调,43.77,35.81,
2014-03-24,40.57,41.36,40.33,41.16,40.85,0.3099999999999951,0.76,4198265.0,171713629.9,1.0,0.006117,0.006117,0.66,21.2958,14.7069,2.1723,0.6765,0.6056,,,1686323389.0,686317909.0000001,686317909.0000001,69409070691.0,28248845134.0,家用电器,家用电器,白色家电,空调,44.94,36.77,
2014-03-25,40.98,42.04,40.7,41.44,41.16,0.2800000000000011,0.68,4006743.0,166315510.0,1.0,0.0058379999999999,0.0058379999999999,0.71,21.4406,14.8069,2.1871,0.6811,0.6097,,,1686323389.0,686317909.0000001,686317909.0000001,69881241240.0,28441014149.000004,家用电器,家用电器,白色家电,空调,45.28,37.04,
2014-03-26,41.41,42.5,41.41,42.28,41.44,0.8400000000000034,2.03,4138661.0,174364926.5,1.0,0.00603,0.00603,0.82,21.8752,15.107,2.2314,0.6949,0.6221,,,1686323389.0,686317909.0000001,686317909.0000001,71297752887.0,29017521193.0,家用电器,家用电器,白色家电,空调,45.58,37.3,
2014-03-27,42.28,42.44,41.75,42.12,42.28,-0.1600000000000037,-0.38,4038076.0,170231817.29999998,1.0,0.005884,0.005884,0.84,21.7925,15.0499,2.223,0.6923,0.6197,,,1686323389.0,686317909.0000001,686317909.0000001,71027941145.0,28907710327.0,家用电器,家用电器,白色家电,空调,46.51,38.05,
2014-03-28,42.21,43.5,42.21,42.85,42.12,0.730000000000004,1.73,7861031.0,337750198.5,1.0,0.0114539999999999,0.0114539999999999,1.9,22.1701,15.3107,2.2615,0.7043,0.6305,,,1686323389.0,686317909.0000001,686317909.0000001,72258957219.0,29408722401.0,家用电器,家用电器,白色家电,空调,46.33,37.91,
2014-03-31,47.14,47.14,44.79,45.08,42.85,2.229999999999997,5.2,32394664.0,1495925787.3,1.0,0.047201,0.047201,6.68,14.2962,14.2962,2.3143,0.6284,0.6284,,,1686323389.0,686317909.0000001,686317909.0000001,76019458376.0,30939211338.0,家用电器,家用电器,白色家电,空调,47.14,38.57,
2014-04-01,45.08,47.43,44.29,47.02,45.08,1.9400000000000048,4.3,24292441.0,1127692978.2,1.0,0.0353949999999999,0.0353949999999999,2.32,14.9114,14.9114,2.4139,0.6554,0.6554,,,1686323389.0,686317909.0000001,686317909.0000001,79290925751.0,32270668081.0,家用电器,家用电器,白色家电,空调,49.59,40.57,
2014-04-02,47.16,47.85,46.2,46.31,47.02,-0.7100000000000009,-1.51,16536316.0,771714339.5,1.0,0.024094,0.024094,1.14,14.6863,14.6863,2.3775,0.6455,0.6455,,,1686323389.0,686317909.0000001,686317909.0000001,78093636145.0,31783382366.0,家用电器,家用电器,白色家电,空调,51.72,42.32,
2014-04-03,46.5,47.47,45.36,46.1,46.31,-0.2100000000000008,-0.45,17307908.0,804169466.9,1.0,0.0252179999999999,0.0252179999999999,1.02,14.6197,14.6197,2.3667,0.6426,0.6426,,,1686323389.0,686317909.0000001,686317909.0000001,77739508233.0,31639255605.0,家用电器,家用电器,白色家电,空调,50.94,41.68,
2014-04-04,45.68,46.36,45.03,46.01,46.1,-0.0900000000000034,-0.2,12139030.0,555344087.6,1.0,0.0176869999999999,0.0176869999999999,0.62,14.5911,14.5911,2.3621,0.6414,0.6414,,,1686323389.0,686317909.0000001,686317909.0000001,77587739128.0,31577486993.0,家用电器,家用电器,白色家电,空调,50.71,41.49,
2014-04-08,45.9,47.01,45.42,46.75,46.01,0.740000000000002,1.61,15452763.0,718320752.0,1.0,0.022515,0.022515,0.75,14.8258,14.8258,2.4001,0.6517,0.6517,,,1686323389.0,686317909.0000001,686317909.0000001,78835618436.0,32085362246.0,家用电器,家用电器,白色家电,空调,50.61,41.41,
2014-04-09,47.0,47.44,46.52,46.84,46.75,0.0900000000000034,0.19,13011942.0,610865903.1999999,1.0,0.018959,0.018959,0.76,14.8544,14.8544,2.4047,0.6529,0.6529,,,1686323389.0,686317909.0000001,686317909.0000001,78987387541.0,32147130858.0,家用电器,家用电器,白色家电,空调,51.43,42.08,
2014-04-10,47.02,47.05,46.02,46.59,46.84,-0.25,-0.53,13733126.0,638814180.9000001,1.0,0.02001,0.02001,0.92,14.7751,14.7751,2.3918,0.6494,0.6494,,,1686323389.0,686317909.0000001,686317909.0000001,78565806694.0,31975551380.0,家用电器,家用电器,白色家电,空调,51.52,42.16,
2014-04-11,46.69,48.26,46.61,47.9,46.59,1.3099999999999952,2.81,21234877.0,1011449960.9,1.0,0.03094,0.03094,1.48,15.1905,15.1905,2.4591,0.6677,0.6677,,,1686323389.0,686317909.0000001,686317909.0000001,80774890333.0,32874627841.0,家用电器,家用电器,白色家电,空调,51.25,41.93,
2014-04-14,47.75,47.95,47.11,47.34,47.9,-0.5599999999999952,-1.17,10648103.0,505394740.7000001,1.0,0.015515,0.015515,0.7,15.0129,15.0129,2.4303,0.6599,0.6599,,,1686323389.0,686317909.0000001,686317909.0000001,79830549235.0,32490289812.0,家用电器,家用电器,白色家电,空调,52.69,43.11,
2014-04-15,47.46,47.46,45.8,45.9,47.34,-1.4400000000000048,-3.04,12848818.0,595582825.4,1.0,0.018721,0.018721,0.87,14.5562,14.5562,2.3564,0.6398,0.6398,,,1686323389.0,686317909.0000001,686317909.0000001,77402243555.0,31501992023.0,家用电器,家用电器,白色家电,空调,52.07,42.61,
2014-04-16,45.6,46.18,45.6,46.16,45.9,0.259999999999998,0.57,6653570.0,305679089.5,1.0,0.009695,0.009695,0.47,14.6387,14.6387,2.3698,0.6434,0.6434,,,1686323389.0,686317409.0,,77840687636.0,31680411599.0,家用电器,家用电器,白色家电,空调,50.49,41.31,
2014-04-17,46.21,46.86,46.2,46.34,46.16,0.1800000000000068,0.39,6163692.0,287072398.1,1.0,0.008981,0.008981,0.47,14.6958,14.6958,2.379,0.646,0.646,,,1686323389.0,686317409.0,,78144225846.0,31803948733.0,家用电器,家用电器,白色家电,空调,50.78,41.54,
2014-04-18,46.1,46.85,45.7,46.7,46.34,0.3599999999999994,0.78,5463762.0,253230785.1,1.0,0.007961,0.007961,0.47,14.81,14.81,2.3975,0.651,0.651,,,1686323389.0,686318029.0,686318029.0,78751302266.0,32051051954.0,家用电器,家用电器,白色家电,空调,50.97,41.71,
2014-04-21,46.2,46.65,45.89,46.0,46.7,-0.7000000000000028,-1.5,6780069.0,313220643.6,1.0,0.009879,0.009879,0.81,14.588,14.588,2.3616,0.6412,0.6412,,,1686323389.0,686318029.0,686318029.0,77570875894.0,31570629334.0,家用电器,家用电器,白色家电,空调,51.37,42.03,
2014-04-22,45.9,46.16,44.13,45.15,46.0,-0.8500000000000014,-1.85,11551874.0,519669810.1,1.0,0.016832,0.016832,1.52,14.3184,14.3184,2.3179,0.6294,0.6294,,,1686323389.0,686318029.0,686318029.0,76137501013.0,30987259009.0,家用电器,家用电器,白色家电,空调,50.6,41.4,
2014-04-23,45.81,46.9,45.72,46.1,45.15,0.9500000000000028,2.1,10679217.0,495039641.6,1.0,0.01556,0.01556,1.46,14.6197,14.6197,2.3667,0.6426,0.6426,,,1686323389.0,686318029.0,686318029.0,77739508233.0,31639261137.0,家用电器,家用电器,白色家电,空调,49.67,40.64,
2014-04-24,45.99,47.27,45.52,47.17,46.1,1.0700000000000005,2.32,11668019.0,544749606.2,1.0,0.017001,0.017001,1.44,14.959,14.959,2.4216,0.6575,0.6575,,,1686323389.0,686318029.0,686318029.0,79543874259.0,32373621428.0,家用电器,家用电器,白色家电,空调,50.71,41.49,
2014-04-25,47.39,47.57,46.75,47.01,47.17,-0.1600000000000037,-0.34,9257239.0,436514884.5,1.0,0.013488,0.013488,1.0,14.9083,14.9083,2.4134,0.6553,0.6553,,,1686323389.0,686318029.0,686318029.0,79274062517.0,32263810543.0,家用电器,家用电器,白色家电,空调,51.89,42.45,
2014-04-28,47.0,47.23,44.99,46.44,47.01,-0.5700000000000003,-1.21,9554304.0,438749335.6,1.0,0.013921,0.013921,0.96,14.7275,14.7275,2.3841,0.6473,0.6473,,,1686323389.0,686318029.0,686318029.0,78312858185.0,31872609267.0,家用电器,家用电器,白色家电,空调,51.71,42.31,
2014-04-29,46.7,47.89,45.89,46.99,46.44,0.5500000000000043,1.18,18898228.0,889389035.4000001,1.0,0.027536,0.027536,1.79,14.9019,11.5937,2.2562,0.655,0.6204,,,1686323389.0,686318029.0,686318029.0,79240336049.0,32250084183.0,家用电器,家用电器,白色家电,空调,51.08,41.8,
2014-04-30,46.68,46.71,44.75,45.09,47.0,-1.9099999999999968,-4.06,27266615.000000004,477911356.0,2.611,0.015892,0.015892,2.27,13.6921,10.6524,2.2932,0.6018,0.57,,0.0463229999999999,4215808472.0,1715795072.0,1715795072.0,72807012311.0,29631780893.0,家用电器,家用电器,白色家电,空调,19.8,16.2,
2014-05-05,44.99,46.19,43.89,45.82,45.09,0.7299999999999969,1.62,21753274.0,373521696.2,2.611,0.012678,0.012678,1.42,13.9141,10.8252,2.3304,0.6116,0.5793,,0.045584,4215808472.0,1715795072.0,1715795072.0,73987438684.0,30112203514.0,家用电器,家用电器,白色家电,空调,19.0,15.54,
2014-05-06,45.43,45.95,44.52,44.78,45.82,-1.0399999999999991,-2.27,16311170.000000002,282295298.6,2.611,0.009506,0.009506,0.94,13.5969,10.5784,2.2773,0.5977,0.5661,,0.046647,4215808472.0,1715795072.0,1715795072.0,72301115295.0,29425885485.0,家用电器,家用电器,白色家电,空调,19.31,15.8,
2014-05-07,44.52,44.54,43.55,43.6,44.78,-1.1799999999999995,-2.64,19678369.0,331937448.3,2.611,0.011469,0.011469,1.05,13.2402,10.3009,2.2175,0.582,0.5512,,0.047904,4215808472.0,1715795072.0,1715795072.0,70404001482.0,28653777702.0,家用电器,家用电器,白色家电,空调,18.87,15.44,
2014-05-08,43.55,44.91,43.11,43.97,43.6,0.3699999999999974,0.85,18181371.0,307329061.8,2.611,0.010596,0.010596,0.87,13.3512,10.3872,2.2361,0.5869,0.5558,,0.047506,4215808472.0,1715795072.0,1715795072.0,70994214668.0,28893989012.000004,家用电器,家用电器,白色家电,空调,18.37,15.03,
2014-05-09,43.86,44.88,43.53,44.73,43.97,0.759999999999998,1.73,15784010.0,267805018.5,2.611,0.009199,0.009199,0.76,13.5811,10.5661,2.2746,0.597,0.5654,,0.046702,4215808472.0,1715795072.0,1715795072.0,72216799125.0,29391569583.0,家用电器,家用电器,白色家电,空调,18.52,15.16,
2014-05-13,45.27,45.95,44.7,44.91,44.73,0.1799999999999997,0.4,17418500.0,302106722.6,2.611,0.010152,0.010152,0.95,13.6366,10.6093,2.2839,0.5994,0.5677,,0.046512,4215808472.0,1715795072.0,1715795072.0,72511905718.0,29511675238.0,家用电器,家用电器,白色家电,空调,18.84,15.42,
2014-05-14,44.78,45.46,44.49,45.12,44.91,0.2100000000000008,0.47,11312073.0,194726035.6,2.611,0.006593,0.006593,0.65,13.7,10.6586,2.2945,0.6022,0.5704,,0.046296,4215808472.0,1715795072.0,1715795072.0,72849170396.0,29648938844.0,家用电器,家用电器,白色家电,空调,18.92,15.48,
2014-05-15,44.67,44.94,44.2,44.41,45.12,-0.7100000000000009,-1.57,14727148.000000002,251184079.1,2.611,0.008583,0.008583,0.89,13.4859,10.4921,2.2587,0.5928,0.5614,,0.047031,4215808472.0,1715795072.0,1715795072.0,71710902109.0,29185674175.0,家用电器,家用电器,白色家电,空调,19.01,15.55,
2014-05-16,44.26,44.78,44.15,44.65,44.41,0.240000000000002,0.54,7755588.0,131990810.1,2.611,0.00452,0.00452,0.5,13.5573,10.5476,2.2706,0.5959,0.5644,,0.046784,4215808472.0,1715795072.0,1715795072.0,72090324871.0,29340095731.0,家用电器,家用电器,白色家电,空调,18.71,15.31,
2014-05-19,43.86,44.26,43.11,43.37,44.65,-1.2800000000000011,-2.87,13631941.0,226902020.2,2.611,0.007945,0.007945,1.02,13.1688,10.2453,2.2056,0.5788,0.5482,,0.048164,4215808472.0,1715795072.0,1715795072.0,70024578720.0,28499356146.0,家用电器,家用电器,白色家电,空调,18.81,15.39,
2014-05-20,43.73,44.33,42.87,43.32,43.37,-0.0499999999999971,-0.12,10190460.0,169399523.5,2.611,0.005939,0.005939,0.79,13.153,10.233,2.2029,0.5781,0.5476,,0.0482219999999999,4215808472.0,1715795072.0,1715795072.0,69940262550.0,28465040244.0,家用电器,家用电器,白色家电,空调,18.27,14.95,
2014-05-21,43.0,43.45,42.59,43.26,43.32,-0.0600000000000022,-0.14,8026694.0,132486374.4,2.611,0.004678,0.004678,0.7,13.1371,10.2207,2.2003,0.5774,0.5469,,0.04828,4215808472.0,1715795072.0,1715795072.0,69855946381.0,28430724343.0,家用电器,家用电器,白色家电,空调,18.25,14.93,
2014-05-22,43.29,44.33,43.19,43.76,43.26,0.5,1.16,13124679.999999998,220767318.8,2.611,0.007649,0.007649,1.21,13.2877,10.3379,2.2255,0.5841,0.5532,,0.047733,4215808472.0,1715795072.0,1715795072.0,70656949991.0,28756725407.0,家用电器,家用电器,白色家电,空调,18.23,14.91,
2014-05-23,43.66,44.33,43.63,44.13,43.76,0.3700000000000045,0.85,6367841.0,107501562.2,2.611,0.003711,0.003711,0.6,13.3987,10.4242,2.2441,0.5889,0.5578,,0.047337,4215808472.0,1715795072.0,1715795072.0,71247163177.0,28996936717.0,家用电器,家用电器,白色家电,空调,18.44,15.08,
2014-05-26,44.36,44.94,43.92,44.39,44.13,0.259999999999998,0.59,11055121.0,188275442.9,2.611,0.006443,0.006443,1.08,13.478,10.4859,2.2574,0.5924,0.5611,,0.047059,4215808472.0,1715795072.0,1715795072.0,71668744024.0,29168516224.000004,家用电器,家用电器,白色家电,空调,18.59,15.21,
2014-05-27,44.47,44.73,44.15,44.23,44.39,-0.1600000000000037,-0.36,8770007.0,149169475.2,2.611,0.005111,0.005111,0.9,13.4304,10.4489,2.2494,0.5903,0.5591,,0.047226,4215808472.0,1715795072.0,1715795072.0,71415795516.0,29065568520.0,家用电器,家用电器,白色家电,空调,18.7,15.3,
2014-05-28,44.23,45.46,43.86,45.25,44.23,1.0200000000000031,2.31,18277634.0,313602043.5,2.611,0.010653,0.010653,1.93,13.7396,10.6895,2.3012,0.6039,0.572,,0.0461629999999999,4215808472.0,1715795072.0,1715795072.0,73059960820.0,29734728598.000004,家用电器,家用电器,白色家电,空调,18.63,15.25,
2014-05-29,45.07,45.93,45.07,45.22,45.25,-0.0300000000000011,-0.07,13825024.0,241014497.8,2.611,0.008058,0.008058,1.2,13.7317,10.6833,2.2999,0.6036,0.5717,,0.046189,4215808472.0,1715795072.0,1715795072.0,73017802735.0,29717570647.0,家用电器,家用电器,白色家电,空调,19.06,15.6,
2014-05-30,45.25,45.82,45.22,45.48,45.22,0.259999999999998,0.57,10916008.0,190497324.1,2.611,0.006362,0.006362,0.94,13.811,10.745,2.3131,0.6071,0.575,,0.0459239999999999,4215808472.0,1715795072.0,1715795072.0,73439383582.0,29889150154.0,家用电器,家用电器,白色家电,空调,19.05,15.59,
2014-06-03,45.61,46.61,45.59,46.03,45.48,0.5500000000000043,1.21,11990267.0,212061210.0,2.611,0.0069879999999999,0.0069879999999999,0.95,13.9775,10.8745,2.341,0.6144,0.5819,,0.045377,4215808472.0,1715795072.0,1715795072.0,74324703361.0,30249467119.0,家用电器,家用电器,白色家电,空调,19.16,15.68,
2014-06-04,46.11,46.19,44.91,45.22,46.03,-0.8100000000000023,-1.76,9268427.0,161046974.0,2.611,0.005402,0.005402,0.73,13.7317,10.6833,2.2999,0.6036,0.5717,,0.046189,4215808472.0,1715795072.0,1715795072.0,73017802735.0,29717570647.0,家用电器,家用电器,白色家电,空调,19.39,15.87,
2014-06-05,45.2,45.93,44.88,45.67,45.22,0.4500000000000028,1.0,8846945.0,154040849.7,2.611,0.0051559999999999,0.0051559999999999,0.69,13.8665,10.7881,2.3224,0.6095,0.5773,,0.0457399999999999,4215808472.0,1715795072.0,1715795072.0,73734490175.0,30009255809.0,家用电器,家用电器,白色家电,空调,19.05,15.59,
2014-06-06,45.64,46.16,45.41,45.69,45.67,0.019999999999996,0.04,7765464.0,136259803.4,2.611,0.004526,0.004526,0.71,13.8744,10.7943,2.3238,0.6099,0.5776,,0.045714,4215808472.0,1715795072.0,1715795072.0,73776648260.0,30026413760.0,家用电器,家用电器,白色家电,空调,19.24,15.74,
2014-06-09,46.11,46.61,45.38,45.88,45.69,0.1900000000000048,0.42,11145844.0,196866694.9,2.611,0.0064959999999999,0.0064959999999999,1.14,13.9299,10.8375,2.333,0.6123,0.5799,,0.045532,4215808472.0,1715795072.0,1715795072.0,74071754853.0,30146519415.0,家用电器,家用电器,白色家电,空调,19.25,15.75,
2014-06-10,46.01,47.96,46.01,47.68,45.88,1.7999999999999972,3.92,33065042.0,596238078.6,2.611,0.019271,0.019271,3.37,14.477,11.2631,2.4247,0.6363,0.6027,,0.043812,4215808472.0,1715795072.0,1715795072.0,76980662699.0,31330418015.0,家用电器,家用电器,白色家电,空调,19.33,15.81,
2014-06-11,47.52,48.07,47.08,47.89,47.68,0.2100000000000008,0.44,19235725.0,351856685.79999995,2.611,0.011211,0.011211,1.37,14.5404,11.3124,2.4353,0.6391,0.6053,,0.043621,4215808472.0,1715795072.0,1715795072.0,77317927376.0,31467681620.0,家用电器,家用电器,白色家电,空调,20.09,16.43,
2014-06-12,47.78,48.46,47.31,48.12,47.89,0.2299999999999968,0.48,18973154.0,349885765.7,2.611,0.0110579999999999,0.0110579999999999,1.18,14.6117,11.368,2.4472,0.6423,0.6083,,0.043407,4215808472.0,1715795072.0,1715795072.0,77697350139.0,31622103177.0,家用电器,家用电器,白色家电,空调,20.17,16.51,
2014-06-13,48.3,50.37,48.3,49.79,48.12,1.6700000000000017,3.47,29482903.000000004,561738413.5,2.611,0.017183,0.017183,1.63,15.1192,11.7627,2.5322,0.6646,0.6294,,0.041951,4215808472.0,1715795072.0,1715795072.0,80395467561.0,32720212023.0,家用电器,家用电器,白色家电,空调,20.27,16.59,
2014-06-16,49.82,50.31,49.3,49.84,49.79,0.0500000000000042,0.1,22383940.0,427953886.9,2.611,0.013046,0.013046,1.0,15.135,11.7751,2.5349,0.6653,0.6301,,0.041907,4215808472.0,1715795072.0,1715795072.0,80479783730.0,32754527924.0,家用电器,家用电器,白色家电,空调,20.98,17.16,
2014-06-17,49.84,49.84,48.17,48.38,49.84,-1.4600000000000009,-2.93,22029781.0,412162271.5,2.611,0.012839,0.012839,0.89,14.691,11.4296,2.4605,0.6457,0.6116,,0.043173,4215808472.0,1715795072.0,1715795072.0,78118930986.0,31793682684.0,家用电器,家用电器,白色家电,空调,21.0,17.18,
2014-06-18,48.3,48.7,47.55,47.86,48.38,-0.5200000000000031,-1.07,12794076.0,235716471.5,2.611,0.007457,0.007457,0.57,14.5325,11.3063,2.434,0.6388,0.605,,0.0436439999999999,4215808472.0,1715795072.0,1715795072.0,77275769292.0,31450523670.0,家用电器,家用电器,白色家电,空调,20.38,16.68,
2014-06-19,47.86,48.41,47.18,48.25,47.86,0.3900000000000005,0.81,15163221.0,277827104.79999995,2.611,0.008837,0.008837,0.72,14.6514,11.3988,2.4539,0.644,0.61,,0.0432899999999999,4215808472.0,1715795072.0,1715795072.0,77908140563.0,31707892931.0,家用电器,家用电器,白色家电,空调,20.16,16.5,
2014-06-20,48.04,48.3,47.55,47.96,48.25,-0.2899999999999991,-0.6,14334879.999999998,263139553.1,2.611,0.008355,0.008355,0.7,14.5642,11.3309,2.4393,0.6402,0.6063,,0.043549,4215808472.0,1715795072.0,1715795072.0,77444401631.0,31519155473.000004,家用电器,家用电器,白色家电,空调,20.33,16.63,
2014-06-23,48.12,48.23,46.95,47.0,47.96,-0.9600000000000009,-2.0,18846585.0,342704678.0,2.611,0.010984,0.010984,1.09,14.2708,11.1027,2.3901,0.6273,0.5941,,0.044444,4215808472.0,1715795072.0,1715795072.0,75884552496.0,30884311296.0,家用电器,家用电器,白色家电,空调,20.21,16.53,
2014-06-24,47.08,47.83,46.53,47.7,47.0,0.7000000000000028,1.49,11460184.0,207800633.1,2.611,0.006679,0.006679,0.69,14.4849,11.2693,2.426,0.6367,0.603,,0.043788,4215808472.0,1715795072.0,1715795072.0,77022820783.0,31347575965.0,家用电器,家用电器,白色家电,空调,19.8,16.2,
2014-06-25,47.76,47.83,47.02,47.73,47.7,0.029999999999994,0.06,11074109.0,201384014.6,2.611,0.006454,0.006454,0.76,14.4928,11.2754,2.4273,0.637,0.6034,,0.043764,4215808472.0,1715795072.0,1715795072.0,77064978868.0,31364733916.000004,家用电器,家用电器,白色家电,空调,20.1,16.44,
2014-06-26,47.73,48.98,47.52,48.75,47.73,1.0200000000000031,2.14,12718902.0,236114254.3,2.611,0.0074129999999999,0.0074129999999999,0.9,14.802,11.516,2.4791,0.6506,0.6162,,0.042849,4215808472.0,1715795072.0,1715795072.0,78709144172.0,32033893994.0,家用电器,家用电器,白色家电,空调,20.11,16.45,
2014-06-27,48.77,50.29,48.59,50.13,48.75,1.3800000000000026,2.83,22721156.0,433543072.0,2.611,0.013242,0.013242,1.66,15.2222,11.8429,2.5495,0.6691,0.6337,,0.0416669999999999,4215808472.0,1715795072.0,1715795072.0,80943522662.0,32943265382.0,家用电器,家用电器,白色家电,空调,20.54,16.8,
2014-06-30,50.16,51.59,50.03,50.44,50.13,0.3099999999999951,0.62,21897483.0,425902575.3,2.611,0.012762,0.012762,1.43,15.3174,11.9169,2.5654,0.6733,0.6377,,0.0414079999999999,4215808472.0,1715795072.0,1715795072.0,81449419679.0,33149160791.000004,家用电器,家用电器,白色家电,空调,21.12,17.28,
2014-07-01,50.37,50.37,49.01,49.32,50.44,-1.1199999999999974,-2.22,20460096.0,387643363.7,2.611,0.0119249999999999,0.0119249999999999,1.28,14.9764,11.6517,2.5083,0.6583,0.6235,,0.04235,4215808472.0,1715795072.0,1715795072.0,79636622036.0,32411368910.0,家用电器,家用电器,白色家电,空调,21.25,17.39,
2014-07-02,49.37,50.6,49.35,50.39,49.32,1.0700000000000005,2.17,20539917.0,394569568.0,2.611,0.011971,0.011971,1.16,15.3015,11.9046,2.5628,0.6726,0.637,,0.041451,4215808472.0,1715795072.0,1715795072.0,81365103510.0,33114844890.0,家用电器,家用电器,白色家电,空调,20.78,17.0,
2014-07-03,50.11,51.62,50.0,51.07,50.39,0.6799999999999997,1.35,18693234.0,366741342.0,2.611,0.0108949999999999,0.0108949999999999,0.95,15.5076,12.065,2.5973,0.6816,0.6456,,0.0409,4215808472.0,1715795072.0,1715795072.0,82461213712.0,33560951608.0,家用电器,家用电器,白色家电,空调,21.23,17.37,
2014-07-04,50.99,51.31,50.44,51.07,51.07,0.0,0.0,11167221.0,217746171.7,2.611,0.006508,0.006508,0.54,15.5076,12.065,2.5973,0.6816,0.6456,,0.0409,4215808472.0,1715795072.0,1715795072.0,82461213712.0,33560951608.0,家用电器,家用电器,白色家电,空调,21.52,17.6,
2014-07-07,51.07,51.07,49.87,50.18,51.07,-0.8900000000000006,-1.74,12343791.0,237354955.4,2.611,0.007194,0.007194,0.67,15.2381,11.8552,2.5521,0.6698,0.6344,,0.041623,4215808472.0,1715795072.0,1715795072.0,81027838832.0,32977581284.0,家用电器,家用电器,白色家电,空调,21.52,17.6,
2014-07-08,50.18,50.63,49.27,50.58,50.18,0.3999999999999986,0.8,14699807.999999998,280774721.1,2.611,0.008567,0.008567,0.88,15.357,11.9478,2.5721,0.675,0.6393,,0.041301,4215808472.0,1715795072.0,1715795072.0,81660210103.0,33234950545.0,家用电器,家用电器,白色家电,空调,21.14,17.3,
2014-07-09,50.39,50.42,49.22,49.58,50.58,-1.0,-1.98,11777864.0,224093022.1,2.611,0.006864,0.006864,0.76,15.0557,11.7134,2.5216,0.6618,0.6268,,0.042127,4215808472.0,1715795072.0,1715795072.0,80058202883.0,32582948417.000004,家用电器,家用电器,白色家电,空调,21.31,17.43,
2014-07-10,49.43,49.79,49.17,49.22,49.58,-0.3599999999999994,-0.73,9179462.0,173468301.29999998,2.611,0.00535,0.00535,0.67,14.9447,11.627,2.503,0.6569,0.6222,,0.04244,4215808472.0,1715795072.0,1715795072.0,79467989697.0,32342737107.0,家用电器,家用电器,白色家电,空调,20.89,17.09,
2014-07-11,49.11,49.77,48.72,49.61,49.22,0.3900000000000005,0.79,13970185.999999998,264004198.5,2.611,0.008142,0.008142,1.18,15.0637,11.7195,2.5229,0.6621,0.6271,,0.042105,4215808472.0,1715795072.0,1715795072.0,80100360968.0,32600106368.0,家用电器,家用电器,白色家电,空调,20.74,16.97,
2014-07-14,49.58,49.95,48.83,49.9,49.61,0.2899999999999991,0.58,13777834.0,259984664.1,2.611,0.00803,0.00803,1.11,15.1509,11.7874,2.5375,0.666,0.6308,,0.041863,4215808472.0,1715795072.0,1715795072.0,80564099900.0,32788843826.0,家用电器,家用电器,白色家电,空调,20.9,17.1,
2014-07-15,50.42,51.18,50.08,50.39,49.9,0.490000000000002,0.98,17368896.0,336158628.2,2.611,0.010123,0.010123,1.37,15.3015,11.9046,2.5628,0.6726,0.637,,0.041451,4215808472.0,1715795072.0,1715795072.0,81365103510.0,33114844890.0,家用电器,家用电器,白色家电,空调,21.02,17.2,
2014-07-16,50.55,50.55,49.37,49.66,50.39,-0.730000000000004,-1.45,10351296.0,197410327.9,2.611,0.0060329999999999,0.0060329999999999,0.78,15.0795,11.7319,2.5256,0.6628,0.6278,,0.042061,4215808472.0,1715795072.0,1715795072.0,80184677137.0,32634422269.0,家用电器,家用电器,白色家电,空调,21.23,17.37,
2014-07-17,49.66,50.0,49.35,49.64,49.66,-0.019999999999996,-0.04,7502005.0,142503922.6,2.611,0.004372,0.004372,0.58,15.0716,11.7257,2.5243,0.6625,0.6275,,0.042083,4215808472.0,1715795072.0,1715795072.0,80142519053.0,32617264319.000004,家用电器,家用电器,白色家电,空调,20.92,17.12,
2014-07-18,49.35,50.39,49.09,50.29,49.64,0.6499999999999986,1.31,13017917.0,249317180.6,2.611,0.007587,0.007587,1.03,15.2698,11.8799,2.5575,0.6712,0.6357,,0.041537,4215808472.0,1715795072.0,1715795072.0,81196471171.0,33046213087.0,家用电器,家用电器,白色家电,空调,20.91,17.11,
2014-07-21,50.16,50.86,50.03,50.18,50.29,-0.1099999999999994,-0.22,10922202.0,211067008.8,2.611,0.006366,0.006366,0.88,15.2381,11.8552,2.5521,0.6698,0.6344,,0.041623,4215808472.0,1715795072.0,1715795072.0,81027838832.0,32977581284.0,家用电器,家用电器,白色家电,空调,21.19,17.33,
2014-07-22,49.97,51.07,49.95,50.42,50.18,0.240000000000002,0.48,14758162.0,286586784.5,2.611,0.008601,0.008601,1.25,15.3094,11.9108,2.5641,0.6729,0.6374,,0.041429,4215808472.0,1715795072.0,1715795072.0,81407261594.0,33132002840.0,家用电器,家用电器,白色家电,空调,21.14,17.3,
2014-07-23,50.42,50.86,49.95,50.55,50.42,0.1299999999999954,0.26,12177776.0,234917262.4,2.611,0.007097,0.007097,1.08,15.3491,11.9416,2.5707,0.6747,0.639,,0.041322,4215808472.0,1715795072.0,1715795072.0,81618052018.0,33217792594.0,家用电器,家用电器,白色家电,空调,21.24,17.38,
2014-07-24,50.55,52.61,50.52,52.48,50.55,1.93,3.82,33685363.0,667305293.6,2.611,0.019633,0.019633,2.89,15.9358,12.398,2.669,0.7005,0.6634,,0.039801,4215808472.0,1715795072.0,1715795072.0,84737750287.0,34487480947.0,家用电器,家用电器,白色家电,空调,21.3,17.42,
2014-07-25,52.61,53.13,51.99,52.74,52.48,0.2600000000000051,0.5,20875503.0,420956575.1,2.611,0.0121669999999999,0.0121669999999999,1.23,16.015,12.4597,2.6823,0.7039,0.6667,,0.039604,4215808472.0,1715795072.0,1715795072.0,85159331133.99998,34659060454.0,家用电器,家用电器,白色家电,空调,22.11,18.09,
2014-07-28,53.13,55.09,52.87,54.91,52.74,2.1699999999999946,4.11,29942430.0,621315114.3000001,2.611,0.017451,0.017451,1.62,16.6731,12.9717,2.7925,0.7329,0.6941,,0.038041,4215808472.0,1715795072.0,1715795072.0,88658452166.00002,36083170364.0,家用电器,家用电器,白色家电,空调,22.22,18.18,
2014-07-29,55.09,55.98,54.31,54.6,54.91,-0.3099999999999951,-0.56,23137218.0,487003202.8,2.611,0.013485,0.013485,1.04,16.578,12.8977,2.7766,0.7287,0.6902,,0.038259,4215808472.0,1715795072.0,1715795072.0,88152555150.0,35877274956.0,家用电器,家用电器,白色家电,空调,23.13,18.93,
2014-07-30,54.47,55.33,53.89,54.2,54.6,-0.3999999999999986,-0.73,16730801.999999998,348585469.2,2.611,0.009751,0.009751,0.7,16.459,12.8051,2.7566,0.7235,0.6852,,0.038536,4215808472.0,1715795072.0,1715795072.0,87520183879.0,35619905695.0,家用电器,家用电器,白色家电,空调,23.0,18.82,
2014-07-31,54.2,55.88,54.0,55.82,54.2,1.6199999999999974,2.99,17369542.0,366621470.4,2.611,0.010123,0.010123,0.7,16.9506,13.1876,2.839,0.7451,0.7057,,0.037418,4215808472.0,1715795072.0,1715795072.0,90133985131.0,36683698639.0,家用电器,家用电器,白色家电,空调,22.84,18.68,
2014-08-01,55.64,57.44,55.38,56.03,55.82,0.2100000000000008,0.38,20773805.0,448924339.6,2.611,0.012107,0.012107,0.96,17.014,13.2369,2.8496,0.7479,0.7083,,0.037279,4215808472.0,1715795072.0,1715795072.0,90471249809.00002,36820962245.0,家用电器,家用电器,白色家电,空调,23.52,19.24,
2014-08-04,56.03,57.31,56.03,57.26,56.03,1.2299999999999969,2.2,17023942.0,369586025.1,2.611,0.009922,0.009922,0.79,17.3866,13.5268,2.912,0.7642,0.7238,,0.03648,4215808472.0,1715795072.0,1715795072.0,92452679791.0,37627385929.0,家用电器,家用电器,白色家电,空调,23.61,19.31,
2014-08-05,57.23,57.91,56.42,56.79,57.26,-0.4699999999999988,-0.82,20265131.0,442545593.4,2.611,0.011811,0.011811,1.07,17.2439,13.4158,2.8881,0.758,0.7179,,0.036782,4215808472.0,1715795072.0,1715795072.0,91693834266.0,37318542816.0,家用电器,家用电器,白色家电,空调,24.12,19.74,
2014-08-06,56.45,56.5,55.04,55.61,56.79,-1.1799999999999995,-2.08,22883444.0,486200009.0,2.611,0.013337,0.013337,1.24,16.8872,13.1382,2.8283,0.7423,0.703,,0.037559,4215808472.0,1715795072.0,1715795072.0,89796720454.0,36546435034.0,家用电器,家用电器,白色家电,空调,23.93,19.58,
2014-08-07,55.59,56.14,54.47,54.62,55.61,-0.990000000000002,-1.78,24027691.0,507362134.3,2.611,0.014004,0.014004,1.22,16.5859,12.9038,2.7779,0.729,0.6905,,0.038241,4215808472.0,1715795072.0,1715795072.0,88194713234.0,35894432906.0,家用电器,家用电器,白色家电,空调,23.43,19.17,
2014-08-08,54.57,55.61,54.57,55.38,54.62,0.7600000000000051,1.39,14042749.0,296334501.2,2.611,0.008184,0.008184,0.67,16.8158,13.0827,2.8164,0.7391,0.7001,,0.037718,4215808472.0,1715795072.0,1715795072.0,89417297690.99998,36392013477.0,家用电器,家用电器,白色家电,空调,23.01,18.83,
2014-08-11,55.35,55.8,55.04,55.61,55.38,0.2299999999999968,0.42,14215701.0,301969127.8,2.611,0.008285,0.008285,0.72,16.8872,13.1382,2.8283,0.7423,0.703,,0.037559,4215808472.0,1715795072.0,1715795072.0,89796720454.0,36546435034.0,家用电器,家用电器,白色家电,空调,23.33,19.09,
2014-08-12,55.51,55.51,54.62,54.83,55.61,-0.7800000000000011,-1.4,20833584.0,437355886.1,2.611,0.012142,0.012142,1.09,16.6493,12.9532,2.7885,0.7318,0.6931,,0.038095,4215808472.0,1715795072.0,1715795072.0,88531977912.00002,36031696512.0,家用电器,家用电器,白色家电,空调,23.43,19.17,
2014-08-13,54.73,55.35,54.62,55.04,54.83,0.2100000000000008,0.38,14055960.999999998,295815854.3,2.611,0.008192,0.008192,0.73,16.7127,13.0025,2.7991,0.7346,0.6958,,0.037951,4215808472.0,1715795072.0,1715795072.0,88869242590.0,36168960118.0,家用电器,家用电器,白色家电,空调,23.1,18.9,
2014-08-14,55.09,55.51,54.49,54.94,55.04,-0.1000000000000014,-0.18,12292236.0,258775053.6,2.611,0.007164,0.007164,0.71,16.681,12.9778,2.7938,0.7332,0.6945,,0.038023,4215808472.0,1715795072.0,1715795072.0,88700610251.0,36100328315.0,家用电器,家用电器,白色家电,空调,23.19,18.97,
2014-08-15,54.96,55.41,54.7,55.22,54.94,0.2800000000000011,0.51,12492294.0,263661234.2,2.611,0.0072809999999999,0.0072809999999999,0.83,16.7682,13.0457,2.8084,0.737,0.6981,,0.037825,4215808472.0,1715795072.0,1715795072.0,89164349182.99998,36289065773.0,家用电器,家用电器,白色家电,空调,23.14,18.94,
2014-08-18,55.41,56.42,55.41,56.21,55.22,0.990000000000002,1.79,15187348.000000002,325124307.3,2.611,0.008851,0.008851,1.03,17.0695,13.2801,2.8589,0.7503,0.7106,,0.037157,4215808472.0,1715795072.0,1715795072.0,90766356402.0,36941067900.0,家用电器,家用电器,白色家电,空调,23.27,19.04,
2014-08-19,57.42,58.2,56.92,57.18,56.21,0.9699999999999988,1.73,29747331.0,655245317.5999999,2.611,0.017386,0.017386,1.99,17.3628,9.9481,2.5842,0.7632,0.6975,,0.03653,4215808472.0,1710957395.0,1710957395.0,92326205537.0,37469966951.0,家用电器,家用电器,白色家电,空调,23.68,19.38,
2014-08-20,57.23,57.52,56.55,57.23,57.18,0.0499999999999971,0.09,15353391.0,335355816.6,2.611,0.008974,0.008974,0.92,17.3787,9.9572,2.5865,0.7639,0.6981,,0.036496,4215808472.0,1710957395.0,1710957395.0,92410521706.00002,37504186098.0,家用电器,家用电器,白色家电,空调,24.09,19.71,
2014-08-21,57.02,57.13,56.08,57.05,57.23,-0.1799999999999997,-0.31,17737408.0,384433044.6,2.611,0.010367,0.010367,1.04,17.3232,9.9254,2.5783,0.7614,0.6959,,0.036613,4215808472.0,1710957395.0,1710957395.0,92115415113.0,37384419081.0,家用电器,家用电器,白色家电,空调,24.11,19.73,
2014-08-22,57.05,59.53,56.87,59.17,57.05,2.1200000000000045,3.72,28246001.0,633692152.0999999,2.611,0.016509,0.016509,1.56,17.9654,10.2934,2.6739,0.7897,0.7217,,0.035305,4215808472.0,1710957395.0,1710957395.0,95530219976.0,38770294571.0,家用电器,家用电器,白色家电,空调,24.04,19.67,
2014-08-25,59.27,59.37,58.23,58.43,59.17,-0.740000000000002,-1.25,14404026.0,323359400.4,2.611,0.008419,0.008419,0.68,17.7434,10.1662,2.6408,0.7799,0.7128,,0.035746,4215808472.0,1710957395.0,1710957395.0,94349793603.0,38291226500.0,家用电器,家用电器,白色家电,空调,24.93,20.39,
2014-08-26,58.23,58.33,56.63,57.18,58.43,-1.25,-2.14,17533485.0,385078036.6,2.611,0.010248,0.010248,0.83,17.3628,9.9481,2.5842,0.7632,0.6975,,0.03653,4215808472.0,1710957395.0,1710957395.0,92326205537.0,37469966951.0,家用电器,家用电器,白色家电,空调,24.62,20.14,
2014-08-27,57.15,57.99,57.0,57.73,57.18,0.5499999999999972,0.96,10147588.0,223814796.9,2.611,0.005931,0.005931,0.54,17.5293,10.0435,2.609,0.7705,0.7042,,0.036183,4215808472.0,1710957395.0,1710957395.0,93211525316.0,37829268003.0,家用电器,家用电器,白色家电,空调,24.09,19.71,
2014-08-28,57.76,57.83,56.82,56.92,57.73,-0.8099999999999952,-1.4,12905541.0,282559115.5,2.611,0.0075429999999999,0.0075429999999999,0.73,17.2836,9.9027,2.5724,0.7597,0.6943,,0.036697,4215808472.0,1710957395.0,1710957395.0,91904624690.0,37298871211.0,家用电器,家用电器,白色家电,空调,24.32,19.9,
2014-08-29,56.97,57.7,56.87,57.44,56.92,0.519999999999996,0.91,6834499.000000001,149869235.4,2.611,0.003995,0.003995,0.41,17.4421,9.9936,2.596,0.7667,0.7007,,0.036364,4215808472.0,1710957395.0,1710957395.0,92747786384.0,37641062690.0,家用电器,家用电器,白色家电,空调,23.98,19.62,
2014-09-01,57.42,58.23,56.95,58.02,57.44,0.5800000000000054,1.01,10760479.0,238085734.9,2.611,0.006289,0.006289,0.87,17.6165,10.0935,2.6219,0.7743,0.7077,,0.036004,4215808472.0,1710957395.0,1710957395.0,93675264247.99998,38017473317.0,家用电器,家用电器,白色家电,空调,24.2,19.8,
2014-09-02,58.12,58.59,57.83,58.38,58.02,0.3599999999999994,0.62,18414539.0,410640975.7,2.611,0.010763,0.010763,1.58,17.7275,10.1571,2.6385,0.7792,0.7122,,0.035778,4215808472.0,1710957395.0,1710957395.0,94265477434.0,38257007352.0,家用电器,家用电器,白色家电,空调,24.44,20.0,
2014-09-03,58.43,58.85,57.86,58.25,58.38,-0.1300000000000025,-0.22,21104512.0,470988385.5,2.611,0.012335,0.012335,1.79,17.6879,10.1344,2.6326,0.7775,0.7106,,0.035858,4215808472.0,1710957395.0,1710957395.0,94054687010.0,38171459482.0,家用电器,家用电器,白色家电,空调,24.6,20.12,
2014-09-04,58.09,58.12,57.23,57.52,58.25,-0.7299999999999969,-1.25,29144131.0,641314572.1,2.611,0.017034,0.017034,2.08,17.4659,10.0072,2.5995,0.7677,0.7016,,0.036314,4215808472.0,1710957395.0,1710957395.0,92874260638.0,37692391412.0,家用电器,家用电器,白色家电,空调,24.54,20.08,
2014-09-05,57.55,58.12,57.44,58.09,57.52,0.5700000000000003,0.99,20898472.0,462841190.6,2.611,0.012214,0.012214,1.21,17.6403,10.1071,2.6255,0.7754,0.7087,,0.035955,4215808472.0,1710957395.0,1710957395.0,93801738502.0,38068802039.0,家用电器,家用电器,白色家电,空调,24.23,19.83,
2014-09-09,58.12,58.28,57.18,57.36,58.09,-0.730000000000004,-1.26,17677094.0,388660858.0,2.611,0.010332,0.010332,0.88,17.4183,9.9799,2.5924,0.7656,0.6997,,0.036413,4215808472.0,1710957395.0,1710957395.0,92621312130.0,37589733968.0,家用电器,家用电器,白色家电,空调,24.48,20.03,
2014-09-10,57.18,57.18,56.21,56.35,57.36,-1.009999999999998,-1.76,24581210.0,532903619.3,2.611,0.014367,0.014367,1.15,17.1091,9.8028,2.5464,0.752,0.6873,,0.037071,4215808472.0,1710957395.0,1710957395.0,90977146826.00002,36922460584.0,家用电器,家用电器,白色家电,空调,24.17,19.77,
2014-09-11,56.35,57.13,55.82,56.01,56.35,-0.3400000000000034,-0.6,26731446.000000004,576701517.0,2.611,0.015624,0.015624,1.18,17.0061,9.7437,2.5311,0.7475,0.6832,,0.037296,4215808472.0,1710957395.0,1710957395.0,90429091724.0,36700036123.0,家用电器,家用电器,白色家电,空调,23.74,19.42,
2014-09-12,55.93,56.48,55.82,56.37,56.01,0.3599999999999994,0.64,13222471.0,283989719.2,2.611,0.007728,0.007728,0.56,17.1171,9.8073,2.5476,0.7524,0.6876,,0.037054,4215808472.0,1710957395.0,1710957395.0,91019304910.0,36939570158.0,家用电器,家用电器,白色家电,空调,23.6,19.31,
2014-09-15,55.98,55.98,54.26,54.96,56.37,-1.4099999999999966,-2.5,32137879.0,675610263.4000001,2.611,0.0187969999999999,0.018784,1.56,16.6889,9.562,2.4839,0.7336,0.6704,,0.038005,4215808472.0,1709759224.9999998,,88742768336.0,35990431686.0,家用电器,家用电器,白色家电,空调,23.75,19.43,
2014-09-16,54.83,55.25,54.13,54.15,54.96,-0.8100000000000023,-1.47,20126228.0,420711908.6,2.611,0.011771,0.011763,0.88,16.4432,9.4212,2.4473,0.7228,0.6606,,0.0385729999999999,4215808472.0,1709759224.9999998,,87435867709.0,35460406327.0,家用电器,家用电器,白色家电,空调,23.16,18.95,
2014-09-17,54.8,54.8,54.05,54.57,54.15,0.4200000000000017,0.78,11769439.0,244946400.0,2.611,0.006884,0.006879,0.5,16.57,9.4939,2.4662,0.7283,0.6657,,0.038278,4215808472.0,1709759224.9999998,,88110397065.0,35733967803.0,家用电器,家用电器,白色家电,空调,22.81,18.67,
2014-09-18,54.31,55.33,54.1,54.78,54.57,0.2100000000000008,0.38,16288029.0,341002428.7,2.611,0.007276,0.0084219999999999,0.78,16.6334,9.5302,2.4756,0.7311,0.6682,,0.038132,4215808472.0,2238521375.0,1934021375.0,88447661743.0,46964178448.0,家用电器,家用电器,白色家电,空调,22.99,18.81,
2014-09-19,54.83,54.88,53.29,54.33,54.78,-0.4500000000000028,-0.82,17639032.0,365997063.9,2.611,0.00788,0.00912,0.94,16.4987,9.453,2.4556,0.7252,0.6628,,0.038443,4215808472.0,2238521375.0,1934021375.0,87730974302.0,46583629814.0,家用电器,家用电器,白色家电,空调,23.08,18.88,
2014-09-22,54.18,54.18,52.77,52.87,54.33,-1.4600000000000009,-2.69,24076496.0,490006703.6,2.611,0.0107559999999999,0.0124489999999999,1.23,16.0547,9.1986,2.3895,0.7057,0.645,,0.039506,4215808472.0,2238521375.0,1934021375.0,85370121558.0,45330057844.0,家用电器,家用电器,白色家电,空调,22.89,18.73,
2014-09-23,52.74,53.39,52.51,53.26,52.87,0.3900000000000005,0.74,15866232.0,322241063.4,2.611,0.007088,0.008204,0.88,16.1736,9.2668,2.4072,0.7109,0.6497,,0.039216,4215808472.0,2238521375.0,1934021375.0,86002492829.0,45665836050.00001,家用电器,家用电器,白色家电,空调,22.28,18.23,
2014-09-24,53.26,54.18,52.87,54.05,53.26,0.7899999999999991,1.48,21678315.0,444010472.6,2.611,0.009684,0.011209,1.27,16.4115,9.403,2.4426,0.7214,0.6593,,0.038647,4215808472.0,2238521375.0,1934021375.0,87267235370.0,46337392463.0,家用电器,家用电器,白色家电,空调,22.44,18.36,
2014-09-25,54.2,54.96,54.07,54.23,54.05,0.1799999999999997,0.33,19178809.0,399710658.5,2.611,0.008568,0.009917,1.0,16.467,9.4348,2.4508,0.7238,0.6615,,0.038517,4215808472.0,2238521375.0,1934021375.0,87562341963.0,46494088959.0,家用电器,家用电器,白色家电,空调,22.77,18.63,
2014-09-26,54.05,54.13,53.29,53.63,54.23,-0.5999999999999943,-1.11,13260025.0,272262231.2,2.611,0.005924,0.006856,0.67,16.2846,9.3304,2.4237,0.7158,0.6542,,0.038948,4215808472.0,2238521375.0,1934021375.0,86592706015.00002,45979229042.99999,家用电器,家用电器,白色家电,空调,22.85,18.69,
2014-09-29,53.21,53.37,51.46,51.72,53.63,-1.910000000000004,-3.56,58352873.0,1160256317.5,2.611,0.0260679999999999,0.0301719999999999,3.1,15.7058,8.9987,2.3376,0.6904,0.6309,,0.040384,4215808472.0,2238521375.0,1934021375.0,83515165830.0,44345108439.0,家用电器,家用电器,白色家电,空调,22.59,18.49,
2014-09-30,51.75,52.09,51.49,51.93,51.72,0.2100000000000008,0.41,20026996.0,396879604.5,2.611,0.008947,0.010355,0.78,15.7693,9.0351,2.347,0.6931,0.6335,,0.040221,4215808472.0,2238521375.0,1934021375.0,83852430508.0,44524190149.0,家用电器,家用电器,白色家电,空调,21.79,17.83,
2014-10-08,52.06,52.98,51.99,52.98,51.93,1.0499999999999972,2.02,24190755.0,486573194.7,2.611,0.010807,0.0125079999999999,0.91,16.0864,9.2168,2.3942,0.7071,0.6462,,0.039428,4215808472.0,2238521375.0,1934021375.0,85538753897.0,45419598699.0,家用电器,家用电器,白色家电,空调,21.88,17.9,
2014-10-09,53.08,53.45,52.56,52.82,52.98,-0.1599999999999966,-0.3,18472230.0,374680742.4,2.611,0.008252,0.0095509999999999,0.68,16.0388,9.1895,2.3871,0.705,0.6443,,0.039545,4215808472.0,2238521375.0,1934021375.0,85285805388.99998,45285287416.0,家用电器,家用电器,白色家电,空调,22.32,18.26,
2014-10-10,52.61,52.9,52.25,52.35,52.82,-0.4699999999999988,-0.89,17755804.0,356663706.2,2.611,0.007932,0.009181,0.66,15.8961,9.1078,2.3659,0.6987,0.6386,,0.0399,4215808472.0,2238521375.0,1934021375.0,84526959864.0,44882353569.0,家用电器,家用电器,白色家电,空调,22.25,18.21,
2014-10-13,52.09,52.14,51.18,52.01,52.35,-0.3400000000000034,-0.65,18133261.0,358653781.20000005,2.611,0.008101,0.009376,0.65,15.7931,9.0487,2.3505,0.6942,0.6344,,0.0401609999999999,4215808472.0,2238521375.0,1934021375.0,83978904762.0,44591345790.0,家用电器,家用电器,白色家电,空调,22.06,18.05,
2014-10-14,51.88,52.12,51.57,51.88,52.01,-0.1299999999999954,-0.25,13716954.999999998,272146619.9,2.611,0.006128,0.007092,0.7,15.7534,9.026,2.3446,0.6924,0.6329,,0.040262,4215808472.0,2238521375.0,1934021375.0,83768114339.0,44479419721.0,家用电器,家用电器,白色家电,空调,21.91,17.93,
2014-10-15,51.78,52.69,51.75,52.53,51.88,0.6499999999999986,1.25,19314527.0,386898542.5,2.611,0.008628,0.009987,1.05,15.9516,9.1396,2.3741,0.7012,0.6408,,0.039761,4215808472.0,2238521375.0,1934021375.0,84822066457.0,45039050065.0,家用电器,家用电器,白色家电,空调,21.86,17.88,
2014-10-16,52.22,53.34,51.99,52.85,52.53,0.3200000000000003,0.61,27265863.0,551678011.4,2.611,0.01218,0.014098,1.56,16.0468,9.1941,2.3883,0.7053,0.6446,,0.039526,4215808472.0,2238521375.0,1934021375.0,85327963473.0,45307672630.0,家用电器,家用电器,白色家电,空调,22.13,18.11,
2014-10-17,53.0,53.53,52.4,53.29,52.85,0.4399999999999977,0.83,24324812.0,493682766.9,2.611,0.010866,0.012577,1.26,16.1815,9.2713,2.4084,0.7113,0.65,,0.039196,4215808472.0,2238521375.0,1934021375.0,86044650914.0,45688221264.00001,家用电器,家用电器,白色家电,空调,22.26,18.22,
2014-10-20,53.68,54.23,53.08,53.37,53.29,0.0799999999999983,0.15,18254209.0,374414884.5,2.611,0.008155,0.009438,0.89,16.2053,9.2849,2.4119,0.7123,0.651,,0.039139,4215808472.0,2238521375.0,1934021375.0,86171125168.0,45755376904.99999,家用电器,家用电器,白色家电,空调,22.45,18.37,
2014-10-21,53.26,53.58,52.59,52.64,53.37,-0.7299999999999969,-1.37,14236804.0,289347102.20000005,2.611,0.00636,0.0073609999999999,0.69,15.9833,9.1577,2.3789,0.7025,0.6421,,0.039683,4215808472.0,2238521375.0,1934021375.0,84990698796.0,45128590920.0,家用电器,家用电器,白色家电,空调,22.48,18.4,
2014-10-22,52.64,53.53,52.51,53.29,52.64,0.6499999999999986,1.23,15204845.000000002,309262009.4,2.611,0.006792,0.007862,0.74,16.1815,9.2713,2.4084,0.7113,0.65,,0.039196,4215808472.0,2238521375.0,1934021375.0,86044650914.0,45688221264.00001,家用电器,家用电器,白色家电,空调,22.18,18.14,
2014-10-23,53.32,53.97,52.82,52.98,53.29,-0.3100000000000023,-0.58,18539980.0,379641897.4,2.611,0.008282,0.009586,0.93,16.0864,9.2168,2.3942,0.7071,0.6462,,0.039428,4215808472.0,2238521375.0,1934021375.0,85538753897.0,45419598699.0,家用电器,家用电器,白色家电,空调,22.45,18.37,
2014-10-24,53.13,53.13,51.44,52.25,52.98,-0.7299999999999969,-1.38,21758729.0,433891576.2,2.611,0.00972,0.011251,1.2,15.8644,8.2282,2.2148,0.6973,0.6189,,0.03998,4215808472.0,2238521375.0,1934021375.0,84358327525.0,44792812714.0,家用电器,家用电器,白色家电,空调,22.32,18.26,
2014-10-27,51.83,51.83,50.65,51.07,52.25,-1.1799999999999995,-2.26,17452485.0,341714599.8,2.611,0.007796,0.0090239999999999,0.99,15.5076,8.0431,2.165,0.6816,0.6049,,0.0409,4215808472.0,2238521375.0,1934021375.0,82461213712.0,43785478095.00001,家用电器,家用电器,白色家电,空调,22.01,18.01,
2014-10-28,51.18,51.91,51.15,51.83,51.07,0.759999999999998,1.49,14295847.0,282236245.6,2.611,0.0063859999999999,0.0073919999999999,0.82,15.7376,8.1624,2.1971,0.6917,0.6139,,0.040302,4215808472.0,2238521375.0,1934021375.0,83683798169.0,44434649294.0,家用电器,家用电器,白色家电,空调,21.52,17.6,
2014-10-29,52.09,53.53,51.62,53.37,51.83,1.5399999999999991,2.97,28175976.0,566019856.8,2.611,0.012587,0.014569,1.61,16.2053,8.405,2.2624,0.7123,0.6322,,0.039139,4215808472.0,2238521375.0,1934021375.0,86171125168.0,45755376904.99999,家用电器,家用电器,白色家电,空调,21.84,17.87,
2014-10-30,53.42,53.63,52.45,52.59,53.37,-0.779999999999994,-1.46,22421591.0,454077103.8,2.611,0.010016,0.011593,1.12,15.9675,8.2816,2.2292,0.7019,0.6229,,0.039722,4215808472.0,2238521375.0,1934021375.0,84906382625.99998,45083820493.0,家用电器,家用电器,白色家电,空调,22.48,18.4,
2014-10-31,52.61,54.73,52.61,54.57,52.59,1.9799999999999969,3.76,50759890.0,1048196516.8,2.611,0.0226759999999999,0.026246,2.44,16.57,8.5941,2.3133,0.7283,0.6464,,0.038278,4215808472.0,2238521375.0,1934021375.0,88110397065.0,46785096738.0,家用电器,家用电器,白色家电,空调,22.15,18.13,
2014-11-03,54.57,54.96,54.2,54.36,54.57,-0.2100000000000008,-0.38,25264040.0,527023762.7,2.611,0.011286,0.013063,0.95,16.5066,8.5612,2.3045,0.7255,0.6439,,0.038425,4215808472.0,2238521375.0,1934021375.0,87773132387.0,46606015028.0,家用电器,家用电器,白色家电,空调,22.99,18.81,
2014-11-04,54.33,54.33,53.42,53.92,54.36,-0.4399999999999977,-0.81,22041243.0,454300499.5,2.611,0.009846,0.011397,0.78,16.3718,8.4913,2.2857,0.7196,0.6387,,0.038741,4215808472.0,2238521375.0,1934021375.0,87056444947.0,46225466394.0,家用电器,家用电器,白色家电,空调,22.9,18.74,
2014-11-05,53.79,54.67,53.58,53.76,53.92,-0.1600000000000037,-0.3,16282626.999999998,337430366.0,2.611,0.007274,0.008419,0.55,16.3242,8.4667,2.279,0.7175,0.6368,,0.038854,4215808472.0,2238521375.0,1934021375.0,86803496438.0,46091155111.0,家用电器,家用电器,白色家电,空调,22.72,18.59,
2014-11-06,53.79,54.15,52.43,52.82,53.76,-0.9399999999999976,-1.75,28249464.0,572173115.4,2.611,0.01262,0.014607,1.03,16.0388,8.3186,2.2392,0.705,0.6257,,0.039545,4215808472.0,2238521375.0,1934021375.0,85285805388.99998,45285287416.0,家用电器,家用电器,白色家电,空调,22.65,18.53,
2014-11-07,52.87,54.07,52.69,54.07,52.82,1.25,2.37,40603869.0,832550920.9,2.611,0.018139,0.020995,1.42,16.4194,8.516,2.2923,0.7217,0.6405,,0.038629,4215808472.0,2238521375.0,1934021375.0,87309393455.0,46359777676.0,家用电器,家用电器,白色家电,空调,22.25,18.21,
2014-11-10,54.33,56.71,53.81,56.66,54.07,2.5899999999999963,4.79,55412709.0,1186099729.0,2.611,0.024754,0.028652,2.09,17.2043,8.9231,2.4019,0.7562,0.6711,,0.0368659999999999,4215808472.0,2238521375.0,1934021375.0,91483043842.0,48575913838.0,家用电器,家用电器,白色家电,空调,22.78,18.64,
2014-11-11,56.82,57.42,55.69,57.05,56.66,0.3900000000000005,0.69,60022711.0,1307188977.2,2.611,0.026814,0.031035,1.85,17.3232,8.9848,2.4185,0.7614,0.6758,,0.036613,4215808472.0,2238521375.0,1934021375.0,92115415113.0,48911692044.0,家用电器,家用电器,白色家电,空调,23.87,19.53,
2014-11-12,57.08,58.7,56.42,57.99,57.05,0.9400000000000048,1.65,35115726.0,777630477.6,2.611,0.015687,0.018157,0.88,17.6086,9.1328,2.4583,0.774,0.6869,,0.0360199999999999,4215808472.0,2238521375.0,1934021375.0,93633106163.0,49717559739.0,家用电器,家用电器,白色家电,空调,24.04,19.67,
2014-11-13,57.96,58.64,56.66,58.15,57.99,0.1599999999999966,0.28,37529036.0,830110412.9,2.611,0.016765,0.019405,0.86,17.6562,9.1575,2.465,0.7761,0.6888,,0.035923,4215808472.0,2238521375.0,1934021375.0,93886054671.0,49851871021.0,家用电器,家用电器,白色家电,空调,24.43,19.99,
2014-11-14,57.83,58.62,57.42,57.83,58.15,-0.3200000000000003,-0.55,26676138.0,591775906.1,2.611,0.011917,0.013793,0.58,17.5611,9.1081,2.4517,0.7719,0.685,,0.0361169999999999,4215808472.0,2238521375.0,1934021375.0,93380157655.0,49583248456.0,家用电器,家用电器,白色家电,空调,24.5,20.04,
2014-11-17,57.81,58.43,56.82,57.42,57.83,-0.4099999999999966,-0.71,30596965.000000004,673208357.3000001,2.611,0.013668,0.01582,0.71,17.4342,9.0424,2.434,0.7663,0.6801,,0.0363799999999999,4215808472.0,2238521375.0,1934021375.0,92705628299.0,49225085036.00001,家用电器,家用电器,白色家电,空调,24.37,19.94,
2014-11-18,57.08,57.36,55.46,55.9,57.42,-1.5200000000000031,-2.65,23480725.0,505901085.7,2.611,0.010489,0.0121409999999999,0.62,16.9744,8.8039,2.3698,0.7461,0.6622,,0.037366,4215808472.0,2238521375.0,1934021375.0,90260459386.0,47926742639.0,家用电器,家用电器,白色家电,空调,24.19,19.79,
2014-11-19,55.69,56.24,55.43,55.88,55.9,-0.019999999999996,-0.04,11780515.0,252146961.2,2.611,0.005263,0.006091,0.38,16.9664,8.7997,2.3687,0.7458,0.6618,,0.037383,4215808472.0,2238521375.0,1934021375.0,90218301301.0,47904357425.0,家用电器,家用电器,白色家电,空调,23.55,19.27,
2014-11-20,55.61,55.82,55.17,55.74,55.88,-0.1400000000000005,-0.25,11055839.0,234770857.7,2.611,0.004939,0.005717,0.43,16.9268,8.7792,2.3631,0.744,0.6603,,0.037471,4215808472.0,2238521375.0,1934021375.0,90007510877.0,47792431356.0,家用电器,家用电器,白色家电,空调,23.54,19.26,
2014-11-21,55.61,57.39,55.48,56.92,55.74,1.1799999999999995,2.12,15963612.0,345562948.1,2.611,0.0071309999999999,0.008254,0.77,17.2836,8.9642,2.413,0.7597,0.6742,,0.036697,4215808472.0,2238521375.0,1934021375.0,91904624690.0,48799765975.0,家用电器,家用电器,白色家电,空调,23.49,19.22,
2014-11-24,58.75,58.83,57.13,57.76,56.92,0.8399999999999963,1.48,33626687.0,746108837.3000001,2.611,0.015022,0.017387,1.81,17.5373,9.0958,2.4484,0.7709,0.6841,,0.036166,4215808472.0,2238521375.0,1934021375.0,93253683401.0,49516092814.99999,家用电器,家用电器,白色家电,空调,23.98,19.62,
2014-11-25,57.76,58.23,56.97,58.17,57.76,0.4100000000000037,0.71,27006818.0,594468846.3,2.611,0.012065,0.013964,1.41,17.6641,9.1616,2.4661,0.7764,0.6891,,0.035907,4215808472.0,2238521375.0,1934021375.0,93928212756.0,49874256235.0,家用电器,家用电器,白色家电,空调,24.33,19.91,
2014-11-26,58.2,58.75,57.44,58.49,58.17,0.3200000000000003,0.55,30689736.0,681911284.6999999,2.611,0.01371,0.015868,1.54,17.7593,9.2109,2.4794,0.7806,0.6928,,0.035714,4215808472.0,2238521375.0,1934021375.0,94434109773.0,50142878800.0,家用电器,家用电器,白色家电,空调,24.51,20.05,
2014-11-27,58.51,58.88,57.7,58.09,58.49,-0.3999999999999986,-0.68,32629918.0,727138505.9,2.611,0.014577,0.016872,1.38,17.6403,9.1493,2.4628,0.7754,0.6881,,0.035955,4215808472.0,2238521375.0,1934021375.0,93801738502.0,49807100594.0,家用电器,家用电器,白色家电,空调,24.64,20.16,
2014-11-28,57.96,58.15,56.55,57.73,58.09,-0.3600000000000065,-0.62,31871006.0,697570765.5,2.611,0.0142379999999999,0.016479,1.14,17.5293,9.0917,2.4473,0.7705,0.6838,,0.036183,4215808472.0,2238521375.0,1934021375.0,93211525316.0,49493707600.99999,家用电器,家用电器,白色家电,空调,24.48,20.03,
2014-12-01,57.7,62.3,57.6,60.97,57.73,3.240000000000002,5.61,60456065.0,1409387373.2,2.611,0.027007,0.031259,1.94,18.5124,9.6016,2.5845,0.8137,0.7222,,0.034261,4215808472.0,2238521375.0,1934021375.0,98439127821.0,52269474106.0,家用电器,家用电器,白色家电,空调,24.32,19.9,
2014-12-02,60.91,64.86,60.21,64.05,60.97,3.0799999999999983,5.05,58727638.0,1415482586.5,2.611,0.0262349999999999,0.030366,1.61,19.448,10.0868,2.7151,0.8548,0.7587,,0.0326129999999999,4215808472.0,2238521375.0,1934021375.0,103413781818.0,54910929329.0,家用电器,家用电器,白色家电,空调,25.69,21.02,
2014-12-03,64.83,69.3,63.47,65.8,64.05,1.75,2.73,81694968.0,2085027874.4,2.611,0.036495,0.042241,1.91,19.9792,10.3623,2.7893,0.8782,0.7794,,0.0317459999999999,4215808472.0,2238521375.0,1934021375.0,106238373494.0,56410738650.0,家用电器,家用电器,白色家电,空调,26.98,22.08,
2014-12-04,66.76,68.07,64.57,66.97,65.8,1.1700000000000017,1.78,45637574.0,1160537838.5,2.611,0.020387,0.023597,0.86,20.3359,10.5474,2.8391,0.8939,0.7933,,0.031189,4215808472.0,2238521375.0,1934021375.0,108135487307.0,57418073269.0,家用电器,家用电器,白色家电,空调,27.72,22.68,
2014-12-05,67.76,67.89,62.93,64.49,66.97,-2.480000000000004,-3.7,59345292.00000001,1480129293.5,2.611,0.026511,0.0306849999999999,1.07,19.5828,10.1567,2.7339,0.8608,0.7639,,0.032389,4215808472.0,2238521375.0,1934021375.0,104130469258.0,55291477962.99999,家用电器,家用电器,白色家电,空调,28.22,23.09,
2014-12-15,70.94,70.94,67.62,68.36,64.49,3.870000000000005,6.0,136735990.0,3634176799.4,2.611,0.061083,0.0707,2.24,20.7561,10.7653,2.8978,0.9123,0.8097,,0.030558,4215808472.0,2238521375.0,1934021375.0,110369865797.0,58604489598.0,家用电器,家用电器,白色家电,空调,27.17,22.23,
2014-12-16,68.67,69.14,66.61,67.52,68.36,-0.8400000000000034,-1.23,54345660.0,1405624654.3,2.611,0.024277,0.0281,0.71,20.5024,10.6337,2.8623,0.9012,0.7998,,0.0309359999999999,4215808472.0,2238521375.0,1934021375.0,109020807086.0,57888162758.0,家用电器,家用电器,白色家电,空调,28.8,23.56,
2014-12-17,67.31,67.49,65.33,66.5,67.52,-1.019999999999996,-1.51,45381095.0,1153433614.0,2.611,0.020273,0.023465,0.6,20.1932,10.4733,2.8192,0.8876,0.7877,,0.03141,4215808472.0,2238521375.0,1934021375.0,107376641782.00002,57015139421.0,家用电器,家用电器,白色家电,空调,28.45,23.27,
2014-12-18,66.5,73.11,66.32,72.85,66.5,6.349999999999994,9.55,79474729.0,2153946495.2,2.611,0.035503,0.041093,1.16,22.1198,11.4726,3.0881,0.9723,0.8629,,0.0286739999999999,4215808472.0,2238521375.0,1934021375.0,117621056369.0,62454746363.0,家用电器,家用电器,白色家电,空调,28.02,22.92,
2014-12-19,72.82,74.1,71.33,72.14,72.85,-0.7099999999999937,-0.97,49447512.0,1374486987.8,2.611,0.0220889999999999,0.025567,0.66,21.9057,11.3615,3.0583,0.9629,0.8545,,0.028954,4215808472.0,2238521375.0,1934021375.0,116482788081.0,61850345591.0,家用电器,家用电器,白色家电,空调,30.69,25.11,
2014-12-22,71.52,74.13,69.79,72.72,72.14,0.5799999999999983,0.8,48149718.0,1320646199.1999998,2.611,0.0215099999999999,0.0248959999999999,0.66,22.0801,11.452,3.0826,0.9705,0.8613,,0.028725,4215808472.0,2238521375.0,1934021375.0,117410265945.0,62342820294.0,家用电器,家用电器,白色家电,空调,30.39,24.87,
2014-12-23,72.27,78.33,71.28,74.02,72.72,1.2999999999999972,1.79,68282305.0,1978414048.2,2.611,0.030503,0.035306,1.23,22.4766,11.6576,3.1379,0.988,0.8768,,0.0282189999999999,4215808472.0,2238521375.0,1934021375.0,119518170181.00002,63462080981.0,家用电器,家用电器,白色家电,空调,30.64,25.07,
2014-12-24,74.31,75.01,71.72,72.22,74.02,-1.7999999999999972,-2.43,41371957.0,1156965622.7,2.611,0.018482,0.021392,0.71,21.9295,11.3739,3.0616,0.9639,0.8555,,0.028923,4215808472.0,2238521375.0,1934021375.0,116609262336.0,61917501233.0,家用电器,家用电器,白色家电,空调,31.19,25.52,
2014-12-25,72.46,74.54,70.5,72.27,72.22,0.0499999999999971,0.07,39073180.0,1083890759.7,2.611,0.017455,0.020203,0.68,21.9454,11.3821,3.0638,0.9646,0.8561,,0.028902,4215808472.0,2238521375.0,1934021375.0,116693578505.0,61962271660.0,家用电器,家用电器,白色家电,空调,30.43,24.89,
2014-12-26,72.59,74.91,70.81,73.97,72.27,1.7000000000000028,2.35,42035900.0,1168808573.2,2.611,0.018778,0.021735,0.85,22.4607,11.6494,3.1357,0.9873,0.8762,,0.028239,4215808472.0,2238521375.0,1934021375.0,119433854012.0,63417310554.0,家用电器,家用电器,白色家电,空调,30.45,24.91,
2014-12-29,74.15,76.5,71.28,72.17,73.97,-1.7999999999999972,-2.43,41842144.0,1175422396.5,2.611,0.018692,0.021635,0.88,21.9137,11.3656,3.0594,0.9632,0.8548,,0.028944,4215808472.0,2238521375.0,1934021375.0,116524946166.0,61872730805.0,家用电器,家用电器,白色家电,空调,31.16,25.5,
2014-12-30,72.32,72.38,69.22,70.08,72.17,-2.0900000000000034,-2.9,40508324.0,1094935805.6999998,2.611,0.018096,0.020945,0.87,21.2794,11.0367,2.9708,0.9353,0.8301,,0.029806,4215808472.0,2238521375.0,1934021375.0,113152299388.0,60081913705.0,家用电器,家用电器,白色家电,空调,30.4,24.88,
2014-12-31,70.08,71.8,69.71,71.65,70.08,1.5700000000000074,2.24,34814204.0,946378226.7,2.611,0.015552,0.018001,0.85,21.7551,11.2834,3.0372,0.9562,0.8487,,0.029155,4215808472.0,2238521375.0,1934021375.0,115681784472.0,61425026530.0,家用电器,家用电器,白色家电,空调,29.52,24.16,
2015-01-05,72.79,78.59,72.79,78.02,71.65,6.36999999999999,8.89,97408991.0,2869142868.3,2.611,0.043515,0.050366,2.46,23.6896,12.2867,3.3073,1.0413,0.9241,0.026774,0.026774,4215808472.0,2238521375.0,1934021375.0,125968357142.99998,66887018685.0,家用电器,家用电器,白色家电,空调,30.18,24.7,
2015-01-06,77.96,84.83,76.92,82.79,78.02,4.77000000000001,6.11,87127770.0,2743939032.2,2.611,0.038922,0.04505,1.7,25.1404,13.0392,3.5099,1.105,0.9807,0.0252289999999999,0.0252289999999999,4215808472.0,2238521375.0,1934021375.0,133683286647.0,70983512801.0,家用电器,家用电器,白色家电,空调,32.87,26.89,
2015-01-07,82.82,84.41,80.73,82.64,82.79,-0.1500000000000056,-0.18,36827428.0,1158683570.0,2.611,0.016452,0.019042,0.61,25.0929,13.0146,3.5032,1.103,0.9789,0.025276,0.025276,4215808472.0,2238521375.0,1934021375.0,133430338139.0,70849201519.0,家用电器,家用电器,白色家电,空调,34.88,28.54,
2015-01-08,82.14,85.54,80.68,83.81,82.64,1.1700000000000017,1.42,53117488.0,1697994859.5,2.611,0.023729,0.027465,0.9,25.4497,13.1996,3.553,1.1186,0.9928,0.024922,0.024922,4215808472.0,2238521375.0,1934021375.0,135327451951.0,71856536138.0,家用电器,家用电器,白色家电,空调,34.82,28.49,
2015-01-09,83.47,85.64,81.18,81.23,83.81,-2.5799999999999983,-3.08,43316849.0,1390729209.3,2.611,0.019351,0.022397,0.7,24.6648,12.7925,3.4434,1.0841,0.9622,0.025715,0.025715,4215808472.0,2238521375.0,1934021375.0,131153801564.0,69640399976.0,家用电器,家用电器,白色家电,空调,35.31,28.89,
2015-01-12,81.15,85.25,79.64,83.6,81.23,2.3699999999999903,2.92,43823471.0,1396137821.1999998,2.611,0.019577,0.022659,0.69,25.3862,13.1667,3.5442,1.1159,0.9903,0.024984,0.024984,4215808472.0,2238521375.0,1934021375.0,134990187273.0,71677454428.0,家用电器,家用电器,白色家电,空调,34.22,28.0,
2015-01-13,83.58,87.42,82.27,86.69,83.6,3.0900000000000034,3.7,45576502.0,1491650105.1,2.611,0.02036,0.0235659999999999,0.86,26.3218,13.6519,3.6748,1.157,1.0268,0.024096,0.024096,4215808472.0,2238521375.0,1934021375.0,139964841270.0,74318909650.0,家用电器,家用电器,白色家电,空调,35.22,28.82,
2015-01-14,87.18,87.21,81.99,83.24,86.69,-3.450000000000003,-3.98,36526991.0,1177626008.8,2.611,0.0163169999999999,0.018887,0.82,25.2752,13.1091,3.5287,1.111,0.986,0.0250939999999999,0.0250939999999999,4215808472.0,2238521375.0,1934021375.0,134399974087.0,71364061435.0,家用电器,家用电器,白色家电,空调,36.52,29.88,
2015-01-15,83.16,84.73,81.07,83.68,83.24,0.4400000000000119,0.53,30902757.0,978807926.9,2.611,0.013805,0.015978,0.69,25.41,13.1791,3.5475,1.1169,0.9912,0.024961,0.024961,4215808472.0,2238521375.0,1934021375.0,135116661528.0,71744610069.0,家用电器,家用电器,白色家电,空调,35.07,28.69,
2015-01-16,83.55,83.68,81.33,82.19,83.68,-1.490000000000009,-1.78,37834397.0,1188067588.6,2.611,0.016902,0.019563,0.95,24.9581,12.9447,3.4844,1.097,0.9736,0.025413,0.025413,4215808472.0,2238521375.0,1934021375.0,132713650699.0,70468652885.0,家用电器,家用电器,白色家电,空调,35.26,28.85,
2015-01-19,78.33,80.94,73.97,76.95,82.19,-5.239999999999995,-6.38,61883378.0,1831044778.2,2.611,0.027645,0.031997,1.59,23.3645,12.1181,3.2619,1.027,0.9114,0.027146,0.027146,4215808472.0,2238521375.0,1934021375.0,124239875670.0,65969224921.0,家用电器,家用电器,白色家电,空调,34.63,28.33,
2015-01-20,77.05,80.6,76.97,79.64,76.95,2.6899999999999977,3.5,44534828.0,1341859259.4,2.611,0.019895,0.023027,1.05,24.1811,12.5417,3.3759,1.0629,0.9433,0.02623,0.02623,4215808472.0,2238521375.0,1934021375.0,128582158396.0,68274901937.99999,家用电器,家用电器,白色家电,空调,32.42,26.52,
2015-01-21,79.79,82.04,78.56,81.41,79.64,1.769999999999996,2.22,38473000.0,1182623437.2,2.611,0.0171869999999999,0.019893,0.91,24.7203,12.8213,3.4512,1.0866,0.9643,0.025657,0.025657,4215808472.0,2238521375.0,1934021375.0,131448908157.0,69797096473.0,家用电器,家用电器,白色家电,空调,33.55,27.45,
2015-01-22,81.44,81.93,79.64,80.58,81.41,-0.8299999999999983,-1.02,26107290.0,806314048.1999999,2.611,0.011663,0.013499,0.61,24.4665,12.6897,3.4158,1.0754,0.9544,0.025924,0.025924,4215808472.0,2238521375.0,1934021375.0,130099849445.99998,69080769633.0,家用电器,家用电器,白色家电,空调,34.3,28.06,
2015-01-23,80.65,81.67,79.14,79.64,80.58,-0.9399999999999976,-1.17,26872719.0,822756786.4,2.611,0.0120049999999999,0.013895,0.64,24.1811,12.5417,3.3759,1.0629,0.9433,0.02623,0.02623,4215808472.0,2238521375.0,1934021375.0,128582158396.0,68274901937.99999,家用电器,家用电器,白色家电,空调,33.95,27.77,
2015-01-26,80.42,81.18,79.74,80.42,79.64,0.7800000000000011,0.98,24519211.0,755111194.5,2.611,0.010953,0.012678,0.62,24.419,12.665,3.4091,1.0733,0.9526,0.025974,0.025974,4215808472.0,2238521375.0,1934021375.0,129846900938.00002,68946458350.0,家用电器,家用电器,白色家电,空调,33.55,27.45,
2015-01-27,80.99,81.72,78.98,80.55,80.42,0.1299999999999954,0.16,35751833.0,1102678183.1,2.611,0.015971,0.018486,1.11,24.4586,12.6856,3.4147,1.0751,0.9541,0.025932,0.025932,4215808472.0,2238521375.0,1934021375.0,130057691361.0,69058384419.0,家用电器,家用电器,白色家电,空调,33.88,27.72,
2015-01-28,79.5,80.44,78.49,79.32,80.55,-1.230000000000004,-1.53,22639316.0,688043452.1,2.611,0.010114,0.011706,0.75,24.086,12.4923,3.3626,1.0587,0.9396,0.026333,0.026333,4215808472.0,2238521375.0,1934021375.0,128076261379.0,68006279373.0,家用电器,家用电器,白色家电,空调,33.94,27.77,
2015-01-29,77.36,79.11,77.29,78.07,79.32,-1.25,-1.58,23934492.0,714512247.6,2.611,0.010692,0.012376,0.88,23.7054,12.295,3.3095,1.042,0.9247,0.026756,0.026756,4215808472.0,2238521375.0,1934021375.0,126052673313.0,66931789113.0,家用电器,家用电器,白色家电,空调,33.42,27.34,
2015-01-30,78.23,80.68,78.2,78.41,78.07,0.3400000000000034,0.44,26077875.0,794075675.5,2.611,0.01165,0.013484,0.98,23.8085,12.3484,3.3239,1.0465,0.9288,0.02664,0.02664,4215808472.0,2238521375.0,1934021375.0,126600728414.0,67222796891.0,家用电器,家用电器,白色家电,空调,32.89,26.91,
2015-02-02,77.02,78.17,75.41,75.43,78.41,-2.9799999999999898,-3.8,23259089.0,681058826.4,2.611,0.01039,0.0120259999999999,0.87,22.9047,11.8797,3.1977,1.0068,0.8935,0.027691,0.027691,4215808472.0,2238521375.0,1934021375.0,121794706756.0,64670882524.0,家用电器,家用电器,白色家电,空调,33.03,27.03,
2015-02-03,76.92,77.02,75.72,76.69,75.43,1.259999999999991,1.67,17933455.0,524301375.2,2.611,0.008011,0.009273,0.68,23.2852,12.077,3.2508,1.0235,0.9083,0.027239,0.027239,4215808472.0,2238521375.0,1934021375.0,123818294823.0,65745372784.0,家用电器,家用电器,白色家电,空调,31.78,26.0,
2015-02-04,77.7,79.03,76.5,76.53,76.69,-0.1599999999999966,-0.21,20930397.0,624896147.2,2.611,0.00935,0.010822,0.92,23.2377,12.0524,3.2442,1.0214,0.9065,0.027294,0.027294,4215808472.0,2238521375.0,1934021375.0,123565346314.0,65611061501.0,家用电器,家用电器,白色家电,空调,32.31,26.43,
2015-02-05,78.33,79.61,75.72,75.72,76.53,-0.8100000000000023,-1.06,29547882.0,881037150.5,2.611,0.0132,0.015278,1.32,22.9919,11.9249,3.2099,1.0106,0.8969,0.027586,0.027586,4215808472.0,2238521375.0,1934021375.0,122258445688.0,64917119875.0,家用电器,家用电器,白色家电,空调,32.24,26.38,
2015-02-06,75.75,77.63,74.44,76.01,75.72,0.2900000000000062,0.38,15643109.0,456274575.2000001,2.611,0.0069879999999999,0.008088,0.66,23.0791,11.9701,3.2221,1.0144,0.9003,0.027482,0.027482,4215808472.0,2238521375.0,1934021375.0,122722184620.0,65163357226.0,家用电器,家用电器,白色家电,空调,31.9,26.1,
2015-02-09,76.19,78.3,75.75,77.18,76.01,1.1700000000000017,1.54,18004002.0,531394693.6999999,2.611,0.008043,0.009309,0.84,23.4359,12.1552,3.2719,1.0301,0.9142,0.0270639999999999,0.0270639999999999,4215808472.0,2238521375.0,1934021375.0,124619298432.0,66170691845.00001,家用电器,家用电器,白色家电,空调,32.02,26.2,
2015-02-10,78.07,79.84,77.55,79.5,77.18,2.319999999999993,3.01,23668571.0,716106939.3,2.611,0.0105729999999999,0.012238,1.16,24.1415,12.5211,3.3704,1.0611,0.9417,0.026273,0.026273,4215808472.0,2238521375.0,1934021375.0,128371367972.0,68162975869.00001,家用电器,家用电器,白色家电,空调,32.52,26.6,
2015-02-11,80.42,80.42,78.9,79.3,79.5,-0.2000000000000028,-0.25,16115712.0,491666594.8,2.611,0.007199,0.008333,0.75,24.0781,12.4882,3.3615,1.0584,0.9393,0.0263419999999999,0.0263419999999999,4215808472.0,2238521375.0,1934021375.0,128034103295.00002,67983894159.0,家用电器,家用电器,白色家电,空调,33.5,27.41,
2015-02-12,79.64,80.31,78.75,79.35,79.3,0.0499999999999971,0.06,13467539.000000002,409651061.5,2.611,0.006016,0.006963,0.65,24.0939,12.4965,3.3637,1.059,0.9399,0.026324,0.026324,4215808472.0,2238521375.0,1934021375.0,128118419464.0,68028664585.99999,家用电器,家用电器,白色家电,空调,33.41,27.33,
2015-02-13,79.66,80.31,78.7,79.19,79.35,-0.1599999999999966,-0.2,22937091.0,697578081.0,2.611,0.010247,0.0118599999999999,1.32,24.0464,12.4718,3.3571,1.057,0.938,0.026377,0.026377,4215808472.0,2238521375.0,1934021375.0,127865470956.0,67894353304.0,家用电器,家用电器,白色家电,空调,33.43,27.35,
2015-02-16,79.48,79.64,78.33,78.8,79.19,-0.3900000000000005,-0.49,19525981.0,589191996.4,2.611,0.008723,0.010096,1.04,23.9274,12.4101,3.3405,1.0517,0.9334,0.0265079999999999,0.0265079999999999,4215808472.0,2238521375.0,1934021375.0,127233099685.0,67558575098.0,家用电器,家用电器,白色家电,空调,33.36,27.3,
2015-02-17,79.11,83.13,78.59,82.48,78.8,3.680000000000007,4.67,38347961.0,1197468853.5,2.611,0.017131,0.019828,2.0,25.0453,12.9899,3.4966,1.1009,0.977,0.025324,0.025324,4215808472.0,2238521375.0,1934021375.0,133177389630.0,70714890236.0,家用电器,家用电器,白色家电,空调,33.2,27.16,
2015-02-25,83.29,84.47,81.72,83.0,82.48,0.519999999999996,0.63,36733475.0,1169279084.9,2.611,0.01641,0.018993,1.66,25.2039,13.0721,3.5187,1.1078,0.9832,0.025165,0.025165,4215808472.0,2238521375.0,1934021375.0,134020551325.0,71162594511.0,家用电器,家用电器,白色家电,空调,34.75,28.43,
2015-02-26,82.66,83.0,81.25,82.9,83.0,-0.0999999999999943,-0.12,18684346.0,588438219.0,2.611,0.008347,0.009661,0.71,25.1722,13.0557,3.5143,1.1064,0.9819,0.0251969999999999,0.0251969999999999,4215808472.0,2238521375.0,1934021375.0,133851918986.00002,71073053656.0,家用电器,家用电器,白色家电,空调,34.97,28.61,
2015-02-27,82.77,83.5,81.44,82.14,82.9,-0.7600000000000051,-0.92,19939362.0,628723850.1,2.611,0.008907,0.01031,0.73,24.9422,12.9364,3.4822,1.0963,0.973,0.025429,0.025429,4215808472.0,2238521375.0,1934021375.0,132629334529.0,70423882458.0,家用电器,家用电器,白色家电,空调,34.93,28.58,
2015-03-02,82.35,83.11,81.31,82.14,82.14,0.0,0.0,26377669.0,829426908.8,2.611,0.011784,0.0136389999999999,0.99,24.9422,12.9364,3.4822,1.0963,0.973,0.025429,0.025429,4215808472.0,2238521375.0,1934021375.0,132629334529.0,70423882458.0,家用电器,家用电器,白色家电,空调,34.61,28.31,
2015-03-03,81.38,82.3,79.11,79.22,82.14,-2.9200000000000017,-3.55,28407783.0,876160823.9,2.611,0.01269,0.014688,1.01,24.0543,12.4759,3.3582,1.0573,0.9383,0.026368,0.026368,4215808472.0,2238521375.0,1934021375.0,127907629039.99998,67916738518.0,家用电器,家用电器,白色家电,空调,34.61,28.31,
2015-03-04,79.11,81.31,78.72,80.42,79.22,1.2000000000000028,1.51,24591449.0,754765670.7,2.611,0.010986,0.012715,0.94,24.419,12.665,3.4091,1.0733,0.9526,0.025974,0.025974,4215808472.0,2238521375.0,1934021375.0,129846900938.00002,68946458350.0,家用电器,家用电器,白色家电,空调,33.37,27.31,
2015-03-05,78.85,79.61,77.02,77.55,80.42,-2.8700000000000045,-3.57,34709544.0,1034165923.9,2.611,0.0155059999999999,0.017947,1.47,23.5469,12.2127,3.2874,1.035,0.9185,0.026936,0.026936,4215808472.0,2238521375.0,1934021375.0,125209511618.00002,66484084837.99999,家用电器,家用电器,白色家电,空调,33.88,27.72,
2015-03-06,77.68,78.2,76.24,76.82,77.55,-0.730000000000004,-0.94,21417572.0,631626261.5,2.611,0.009568,0.0110739999999999,0.8,23.3249,12.0976,3.2564,1.0252,0.9099,0.0271919999999999,0.0271919999999999,4215808472.0,2238521375.0,1934021375.0,124029085245.99998,65857298853.0,家用电器,家用电器,白色家电,空调,32.67,26.73,
2015-03-09,75.72,78.33,75.2,78.28,76.82,1.460000000000008,1.9,25717020.0,754379062.2,2.611,0.011488,0.013297,0.95,23.7689,12.3279,3.3184,1.0448,0.9272,0.026684,0.026684,4215808472.0,2238521375.0,1934021375.0,126389937991.0,67110870823.0,家用电器,家用电器,白色家电,空调,32.36,26.48,
2015-03-10,77.94,79.19,77.44,77.83,78.28,-0.4500000000000028,-0.57,18973677.0,567670946.4,2.611,0.008476,0.00981,0.7,23.6341,12.258,3.2995,1.0388,0.922,0.026837,0.026837,4215808472.0,2238521375.0,1934021375.0,125673250550.0,66730322189.0,家用电器,家用电器,白色家电,空调,32.98,26.98,
2015-03-11,77.86,80.86,77.83,80.86,77.83,3.030000000000001,3.89,32050462.0,984717488.7,2.611,0.0143179999999999,0.016572,1.28,24.5538,12.735,3.4279,1.0793,0.9578,0.025831,0.025831,4215808472.0,2238521375.0,1934021375.0,130563588378.0,69327006984.0,家用电器,家用电器,白色家电,空调,32.79,26.83,
2015-03-12,81.78,81.93,80.05,80.11,80.86,-0.75,-0.93,20273051.0,626647856.8,2.611,0.009056,0.010482,0.76,24.3238,12.6157,3.3958,1.0692,0.9489,0.026076,0.026076,4215808472.0,2238521375.0,1934021375.0,129341003921.0,68677835785.0,家用电器,家用电器,白色家电,空调,34.07,27.87,
2015-03-13,80.13,82.25,79.9,80.94,80.11,0.8299999999999983,1.04,19703512.0,610843504.9000001,2.611,0.0088019999999999,0.010188,0.83,24.5775,12.7473,3.4313,1.0803,0.9588,0.025806,0.025806,4215808472.0,2238521375.0,1934021375.0,130690062632.0,69394162625.0,家用电器,家用电器,白色家电,空调,33.75,27.61,
2015-03-16,81.46,82.51,80.16,82.25,80.94,1.3100000000000025,1.62,24284228.0,759688512.2,2.611,0.010848,0.012556,1.04,24.974,12.9529,3.4866,1.0977,0.9742,0.025397,0.025397,4215808472.0,2238521375.0,1934021375.0,132797966868.0,70513423313.0,家用电器,家用电器,白色家电,空调,34.1,27.9,
2015-03-17,82.9,82.98,81.46,82.17,82.25,-0.0799999999999983,-0.1,29110958.0,914548646.9,2.611,0.013005,0.015052,1.26,24.9502,12.9406,3.4833,1.0967,0.9733,0.025421,0.025421,4215808472.0,2238521375.0,1934021375.0,132671492614.0,70446267671.0,家用电器,家用电器,白色家电,空调,34.65,28.35,
2015-03-18,82.77,83.55,81.78,83.53,82.17,1.3599999999999994,1.66,37977215.0,1202635555.6,2.611,0.0169649999999999,0.019636,1.51,25.3624,13.1544,3.5408,1.1148,0.9894,0.025008,0.025008,4215808472.0,2238521375.0,1934021375.0,134863713019.0,71610298786.0,家用电器,家用电器,白色家电,空调,34.62,28.32,
2015-03-19,84.02,85.33,82.74,83.55,83.53,0.019999999999996,0.02,34273180.0,1097843455.7,2.611,0.0153109999999999,0.017721,1.3,25.3704,13.1585,3.542,1.1152,0.9897,0.025,0.025,4215808472.0,2238521375.0,1934021375.0,134905871104.0,71632684000.0,家用电器,家用电器,白色家电,空调,35.19,28.79,
2015-03-20,83.19,84.34,82.14,82.27,83.55,-1.2800000000000011,-1.53,31521775.0,997473400.8,2.611,0.0140819999999999,0.0162989999999999,1.08,24.9819,12.957,3.4877,1.0981,0.9745,0.025389,0.025389,4215808472.0,2238521375.0,1934021375.0,132840124953.0,70535808526.0,家用电器,家用电器,白色家电,空调,35.2,28.8,
2015-03-23,83.06,85.04,82.51,84.1,82.27,1.8299999999999983,2.22,31957728.000000004,1027188084.8,2.611,0.014276,0.016524,1.02,25.5369,13.2448,3.5652,1.1225,0.9962,0.0248369999999999,0.0248369999999999,4215808472.0,2238521375.0,1934021375.0,135791190883.00002,72102773489.0,家用电器,家用电器,白色家电,空调,34.66,28.36,
2015-03-24,85.14,85.59,82.32,83.79,84.1,-0.309999999999988,-0.37,39188921.0,1251489002.5,2.611,0.0175069999999999,0.020263,1.19,25.4417,13.1955,3.5519,1.1183,0.9925,0.0249299999999999,0.0249299999999999,4215808472.0,2238521375.0,1934021375.0,135285293866.00002,71834150924.0,家用电器,家用电器,白色家电,空调,35.43,28.99,
2015-03-25,82.51,83.11,81.99,82.35,83.79,-1.440000000000012,-1.72,28349878.000000004,894341731.7,2.611,0.012665,0.014659,0.81,25.0057,12.9693,3.491,1.0991,0.9755,0.025365,0.025365,4215808472.0,2238521375.0,1934021375.0,132966599207.0,70602964168.0,家用电器,家用电器,白色家电,空调,35.3,28.88,
2015-03-31,90.58,90.58,84.88,86.03,82.35,3.680000000000007,4.47,75600452.0,2544112366.4,2.611,0.033772,0.03909,2.29,13.2268,13.2268,3.5194,0.9805,0.9805,0.024279,0.024279,4215808472.0,2238521375.0,1934021375.0,138910889152.0,73759279306.0,家用电器,家用电器,白色家电,空调,34.69,28.39,
2015-04-01,86.14,90.08,85.38,89.24,86.03,3.2099999999999937,3.73,47880133.0,1625659207.8,2.611,0.021349,0.024703,1.16,13.7206,13.7206,3.6507,1.0171,1.0171,0.0234059999999999,0.0234059999999999,4215808472.0,2242735943.0,1938235943.0,144096333573.0,76656714532.0,家用电器,家用电器,白色家电,空调,36.25,29.66,
2015-04-02,90.26,90.55,87.29,89.4,89.24,0.1600000000000108,0.18,40829397.0,1388517375.9,2.611,0.018205,0.021065,0.92,13.7446,13.7446,3.6571,1.0189,1.0189,0.023364,0.023364,4215808472.0,2242735943.0,1938235943.0,144349282081.0,76791278688.0,家用电器,家用电器,白色家电,空调,37.6,30.76,
2015-04-03,89.11,89.11,87.34,88.46,89.4,-0.940000000000012,-1.05,36814454.0,1241541730.7,2.611,0.016415,0.018994,0.79,13.6001,13.6001,3.6187,1.0082,1.0082,0.023613,0.023613,4215808472.0,2242735943.0,1938235943.0,142831591031.0,75983893749.0,家用电器,家用电器,白色家电,空调,37.66,30.82,
2015-04-07,89.58,91.1,88.04,89.17,88.46,0.710000000000008,0.8,48914359.0,1669415851.1999998,2.611,0.02181,0.025237,1.07,13.7085,13.7085,3.6475,1.0162,1.0162,0.023426,0.023426,4215808472.0,2242735943.0,1938235943.0,143969859319.0,76589432453.0,家用电器,家用电器,白色家电,空调,37.27,30.49,
2015-04-08,89.43,89.51,86.97,88.54,89.17,-0.6299999999999955,-0.71,37363989.0,1263790170.1,2.611,0.0166599999999999,0.019277,0.75,13.6122,13.6122,3.6219,1.0091,1.0091,0.023592,0.023592,4215808472.0,2242735943.0,1938235943.0,142958065286.0,76051175827.0,家用电器,家用电器,白色家电,空调,37.57,30.74,
2015-04-09,88.54,88.64,84.94,85.85,88.54,-2.690000000000012,-3.04,40755073.0,1347286956.4,2.611,0.018172,0.021027,0.96,13.1987,13.1987,3.5119,0.9785,0.9785,0.024331,0.024331,4215808472.0,2242735943.0,1938235943.0,138615782559.0,73741157806.0,家用电器,家用电器,白色家电,空调,37.3,30.52,
2015-04-10,84.65,87.73,84.65,87.52,85.85,1.6700000000000017,1.95,35420757.0,1173751441.8,2.611,0.015794,0.018275,0.87,13.4556,13.4556,3.5802,0.9975,0.9975,0.023866,0.023866,4215808472.0,2242735943.0,1938235943.0,141313899981.0,75176508809.0,家用电器,家用电器,白色家电,空调,36.17,29.59,
2015-04-13,87.99,89.43,85.64,86.16,87.52,-1.3599999999999994,-1.55,72082948.0,2402703012.4,2.611,0.032141,0.03719,1.81,13.2469,13.2469,3.5247,0.982,0.982,0.024242,0.024242,4215808472.0,2242735943.0,1938235943.0,139121679576.0,74010286119.0,家用电器,家用电器,白色家电,空调,36.87,30.17,
2015-04-14,86.11,87.34,85.22,86.71,86.16,0.5499999999999972,0.64,42832251.0,1414253611.1,2.611,0.019098,0.022099,0.91,13.3312,13.3312,3.5471,0.9883,0.9883,0.024089,0.024089,4215808472.0,2242735943.0,1938235943.0,140006999355.0,74481260667.0,家用电器,家用电器,白色家电,空调,36.3,29.7,
2015-04-15,86.55,86.55,83.63,83.63,86.71,-3.0799999999999983,-3.55,41864167.0,1364833344.7,2.611,0.018667,0.021599,0.92,12.8575,12.8575,3.4211,0.9532,0.9532,0.024977,0.024977,4215808472.0,2242735943.0,1938235943.0,135032345358.0,71834832254.0,家用电器,家用电器,白色家电,空调,36.53,29.89,
2015-04-16,83.63,87.21,83.19,87.21,83.63,3.5799999999999983,4.28,42619132.0,1403986913.5,2.611,0.019003,0.021989,0.91,13.4075,13.4075,3.5674,0.9939,0.9939,0.023952,0.023952,4215808472.0,2242735943.0,1938235943.0,140808002965.0,74907380496.0,家用电器,家用电器,白色家电,空调,35.23,28.83,
2015-04-17,89.17,95.3,87.94,93.42,87.21,6.210000000000008,7.12,78378234.0,2753413394.0,2.611,0.034948,0.040438,1.67,14.3628,14.3628,3.8216,1.0648,1.0648,0.022359,0.022359,4215808472.0,2242735943.0,1938235943.0,150841627128.0,80245092041.0,家用电器,家用电器,白色家电,空调,36.74,30.06,
2015-04-20,93.21,95.28,90.42,91.65,93.42,-1.769999999999996,-1.89,57472197.0,2037619460.9,2.611,0.025626,0.0296519999999999,1.03,14.0899,14.0899,3.749,1.0445,1.0445,0.022792,0.022792,4215808472.0,2242735943.0,1938235943.0,147974877367.0,78720031599.0,家用电器,家用电器,白色家电,空调,39.36,32.2,
2015-04-21,92.66,97.0,91.85,96.61,91.65,4.959999999999994,5.41,57130309.0,2084685386.4,2.611,0.025473,0.0294749999999999,1.09,14.8526,14.8526,3.9519,1.1011,1.1011,0.021622,0.021622,4215808472.0,2242735943.0,1938235943.0,155984913464.0,82981229891.0,家用电器,家用电器,白色家电,空调,38.61,31.59,
2015-04-22,98.43,101.52,96.61,96.63,96.61,0.019999999999996,0.02,55425353.0,2090318125.4,2.611,0.024713,0.028596,1.0,14.8566,14.8566,3.953,1.1014,1.1014,0.021616,0.021616,4215808472.0,2242735943.0,1938235943.0,156027071549.0,83003657250.0,家用电器,家用电器,白色家电,空调,40.7,33.3,
2015-04-23,96.74,97.89,94.44,95.38,96.63,-1.25,-1.29,36886226.0,1348921183.9,2.611,0.016447,0.019031,0.63,14.6639,14.6639,3.9017,1.0871,1.0871,0.0219,0.0219,4215808472.0,2242735943.0,1938235943.0,154003483482.0,81927143998.0,家用电器,家用电器,白色家电,空调,40.71,33.31,
2015-04-24,94.65,96.53,93.47,94.52,95.38,-0.8599999999999994,-0.9,33808178.0,1226160170.0,2.611,0.015075,0.017443,0.59,14.5314,14.5314,3.8665,1.0773,1.0773,0.022099,0.022099,4215808472.0,2242735943.0,1938235943.0,152612266686.0,81187041137.0,家用电器,家用电器,白色家电,空调,40.18,32.88,
2015-04-27,95.56,97.76,94.41,95.51,94.52,0.9900000000000092,1.05,33569165.0,1229272896.2,2.611,0.0149679999999999,0.017319,0.7,14.684,14.684,3.9071,1.0886,1.0886,0.0218699999999999,0.0218699999999999,4215808472.0,2242735943.0,1938235943.0,154214273906.0,82039280795.0,家用电器,家用电器,白色家电,空调,39.82,32.58,
2015-04-28,97.86,101.52,95.95,97.57,95.51,2.059999999999988,2.16,81213187.0,3077442714.7,2.611,0.036212,0.041901,1.87,15.0011,15.0011,3.9915,1.1121,1.1121,0.021408,0.021408,4215808472.0,2242735943.0,1938235943.0,157544762599.0,83811042190.0,家用电器,家用电器,白色家电,空调,40.24,32.92,
2015-04-29,98.75,100.18,97.31,97.78,97.57,0.2100000000000079,0.22,46196056.0,1737329723.7,2.611,0.020598,0.023834,0.96,15.0332,13.9651,3.6769,1.1144,1.0833,0.021362,0.021362,4215808472.0,2242735943.0,1938235943.0,157882027276.0,83990461065.0,家用电器,家用电器,白色家电,空调,41.11,33.63,
2015-04-30,97.3,101.0,96.55,99.15,97.76,1.3900000000000006,1.42,54409365.0,2013059397.8,2.682,0.02426,0.028072,1.17,14.8405,13.7861,4.0249,1.1002,1.0694,0.021639,0.027049,4215808472.0,2242735943.0,1938235943.0,155858439210.0,82913947813.0,家用电器,家用电器,白色家电,空调,40.1,32.81,
2015-05-04,99.1,99.13,96.28,96.77,99.15,-2.3800000000000097,-2.4,37443021.0,1354295623.5,2.682,0.016695,0.019318,0.75,14.4833,13.4542,3.928,1.0737,1.0437,0.022173,0.0277159999999999,4215808472.0,2242735943.0,1938235943.0,152106369670.0,80917912823.0,家用电器,家用电器,白色家电,空调,40.67,33.27,
2015-05-05,96.28,96.5,90.84,91.43,96.77,-5.339999999999989,-5.52,41778503.0,1448340874.7,2.682,0.018628,0.021555,0.83,13.6844,12.7121,3.7114,1.0145,0.9861,0.023467,0.029334,4215808472.0,2242735943.0,1938235943.0,143716910810.0,76454868297.0,家用电器,家用电器,白色家电,空调,39.69,32.47,
2015-05-06,93.33,93.68,90.95,91.54,91.43,0.1099999999999994,0.12,35435003.0,1220652189.0,2.682,0.0158,0.018282,0.68,13.7005,12.727,3.7157,1.0157,0.9872,0.02344,0.0293,4215808472.0,2242735943.0,1938235943.0,143885543149.0,76544577735.0,家用电器,家用电器,白色家电,空调,37.5,30.68,
2015-05-07,91.19,94.22,90.44,93.55,91.54,2.009999999999991,2.2,28520621.000000004,982493596.3,2.682,0.012717,0.014715,0.66,14.0016,13.0067,3.7974,1.038,1.0089,0.022936,0.02867,4215808472.0,2242735943.0,1938235943.0,147047399503.0,78226629692.0,家用电器,家用电器,白色家电,空调,37.54,30.72,
2015-05-08,95.21,96.18,93.2,94.41,93.55,0.8599999999999994,0.92,34991257.0,1233945865.0,2.682,0.015602,0.018053,0.89,14.13,13.126,3.8322,1.0475,1.0182,0.022727,0.028409,4215808472.0,2242735943.0,1938235943.0,148396458214.0,78944305194.0,家用电器,家用电器,白色家电,空调,38.37,31.39,
2015-05-11,94.14,95.61,92.74,95.61,94.41,1.2000000000000028,1.27,40356486.0,1418239407.1,2.682,0.017994,0.020821,1.13,14.3106,13.2938,3.8812,1.0609,1.0312,0.02244,0.02805,4215808472.0,2242735943.0,1938235943.0,150293572027.0,79953536368.0,家用电器,家用电器,白色家电,空调,38.72,31.68,
2015-05-12,95.75,97.03,94.14,95.1,95.61,-0.5100000000000051,-0.53,32285610.0,1144930460.5,2.682,0.0143959999999999,0.0166569999999999,0.89,14.2344,13.223,3.8605,1.0552,1.0257,0.022561,0.028201,4215808472.0,2242735943.0,1938235943.0,149492568417.0,79527416539.0,家用电器,家用电器,白色家电,空调,39.22,32.09,
2015-05-13,95.35,97.89,94.41,96.28,95.1,1.1800000000000068,1.24,38728922.0,1388811795.3000002,2.682,0.017269,0.019982,1.13,14.411,13.3871,3.9084,1.0683,1.0384,0.022284,0.0278549999999999,4215808472.0,2242735943.0,1938235943.0,151347524145.0,80514220354.0,家用电器,家用电器,白色家电,空调,39.01,31.91,
2015-05-14,95.94,96.95,94.54,94.97,96.28,-1.3100000000000025,-1.36,23474537.0,835156553.9000001,2.682,0.0104669999999999,0.012111,0.67,14.2143,13.2043,3.8551,1.0537,1.0243,0.0225919999999999,0.028241,4215808472.0,2242735943.0,1938235943.0,149281777994.0,79415279742.0,家用电器,家用电器,白色家电,空调,39.49,32.31,
2015-05-15,94.54,94.65,91.08,91.72,94.97,-3.25,-3.42,26969868.0,927394552.9,2.682,0.012025,0.013915,0.79,13.7286,12.7531,3.7233,1.0177,0.9893,0.023392,0.02924,4215808472.0,2242735943.0,1938235943.0,144180649742.0,76701569251.0,家用电器,家用电器,白色家电,空调,38.95,31.87,
2015-05-18,91.19,91.19,88.85,89.07,91.72,-2.6500000000000057,-2.89,30773506.0,1028329366.9,2.682,0.013721,0.015877,0.95,13.3312,12.384,3.6156,0.9883,0.9606,0.024089,0.030111,4215808472.0,2242735943.0,1938235943.0,140006999355.0,74481260667.0,家用电器,家用电器,白色家电,空调,37.62,30.78,
2015-05-19,89.39,93.87,89.31,93.41,89.07,4.340000000000003,4.87,35521083.0,1217427334.7,2.682,0.015838,0.018327,1.17,13.9815,12.9881,3.7919,1.0365,1.0075,0.022969,0.028711,4215808472.0,2242735943.0,1938235943.0,146836609080.0,78114492895.0,家用电器,家用电器,白色家电,空调,36.53,29.89,
2015-05-20,95.48,98.05,94.46,96.12,93.41,2.710000000000008,2.9,48865405.0,1757078678.3,2.682,0.021788,0.025211,1.57,14.3869,13.3647,3.9019,1.0665,1.0367,0.022321,0.027902,4215808472.0,2242735943.0,1938235943.0,151094575636.0,80379656197.0,家用电器,家用电器,白色家电,空调,38.31,31.35,
2015-05-21,97.84,103.2,97.84,102.18,96.12,6.060000000000002,6.3,49851521.0,1877053025.0,2.682,0.0222279999999999,0.02572,1.51,15.2941,14.2074,4.1479,1.1338,1.1021,0.020997,0.026247,4215808472.0,2242735943.0,1938235943.0,160622302783.0,85448239428.0,家用电器,家用电器,白色家电,空调,39.42,32.26,
2015-05-22,102.72,103.39,99.29,102.24,102.18,0.059999999999988,0.06,35661092.0,1349015805.4,2.682,0.015901,0.018399,0.93,15.3022,14.2149,4.1501,1.1344,1.1027,0.0209859999999999,0.026233,4215808472.0,2242735943.0,1938235943.0,160706618953.0,85493094147.0,家用电器,家用电器,白色家电,空调,41.91,34.29,
2015-05-25,102.32,104.17,100.58,103.47,102.24,1.230000000000004,1.2,37949597.0,1454409539.1,2.682,0.016921,0.019579,0.95,15.4868,14.3864,4.2002,1.1481,1.116,0.0207359999999999,0.02592,4215808472.0,2242735943.0,1938235943.0,162645890850.0,86524752681.00002,家用电器,家用电器,白色家电,空调,41.93,34.31,
2015-05-26,103.47,111.28,103.42,108.84,103.47,5.3700000000000045,5.19,49675847.0,2002994871.2,2.682,0.02215,0.025629,1.2,16.2897,15.1322,4.4179,1.2076,1.1738,0.019714,0.024643,4215808472.0,2242735943.0,1938235943.0,171077507794.0,91010224567.00002,家用电器,家用电器,白色家电,空调,42.44,34.72,
2015-05-27,108.89,110.15,105.64,106.29,108.84,-2.549999999999997,-2.34,33975049.0,1357280851.1,2.682,0.015149,0.017529,0.77,15.9083,14.778,4.3145,1.1793,1.1463,0.020187,0.025233,4215808472.0,2242735943.0,1938235943.0,167072489745.0,88879625421.0,家用电器,家用电器,白色家电,空调,44.64,36.52,
2015-05-28,106.29,107.28,98.7,98.8,106.29,-7.490000000000009,-7.05,39237335.0,1510353317.1,2.682,0.017495,0.0202439999999999,0.95,14.7883,13.7376,4.0108,1.0963,1.0656,0.021716,0.0271439999999999,4215808472.0,2242735943.0,1938235943.0,155310384108.0,82622392140.0,家用电器,家用电器,白色家电,空调,43.59,35.67,
2015-05-29,98.83,100.58,94.67,99.23,98.8,0.4300000000000068,0.44,42695899.0,1568373515.1,2.682,0.019037,0.022028,1.09,14.8526,13.7973,4.0282,1.1011,1.0703,0.021622,0.027027,4215808472.0,2242735943.0,1938235943.0,155984913464.0,82981229891.0,家用电器,家用电器,白色家电,空调,40.52,33.16,
2015-06-01,99.53,103.26,99.18,102.99,99.23,3.759999999999991,3.79,34768076.0,1322991780.1,2.682,0.015503,0.017938,0.85,15.4146,14.3193,4.1806,1.1427,1.1108,0.020833,0.026042,4215808472.0,2242735943.0,1938235943.0,161887045325.0,86121060211.0,家用电器,家用电器,白色家电,空调,40.7,33.3,
2015-06-02,103.02,103.53,100.31,103.1,102.99,0.1099999999999994,0.11,36818747.0,1398865619.3,2.682,0.016417,0.018996,0.92,15.4306,14.3342,4.185,1.1439,1.1119,0.020812,0.026015,4215808472.0,2242735943.0,1938235943.0,162055677664.0,86210769649.0,家用电器,家用电器,白色家电,空调,42.24,34.56,
2015-06-03,103.12,106.21,102.83,104.87,103.1,1.7700000000000102,1.72,41423504.0,1614196091.9,2.682,0.01847,0.021372,1.1,15.6955,14.5803,4.2568,1.1636,1.131,0.02046,0.025575,4215808472.0,2242735943.0,1938235943.0,164838111255.0,87690975371.0,家用电器,家用电器,白色家电,空调,42.28,34.6,
2015-06-04,104.6,104.6,94.51,102.0,104.87,-2.8700000000000045,-2.74,36413101.0,1358142395.4,2.682,0.016236,0.018787,0.93,15.266,14.1813,4.1403,1.1317,1.1001,0.021036,0.026295,4215808472.0,2242735943.0,1938235943.0,160327196190.0,85291247912.00002,家用电器,家用电器,白色家电,空调,43.01,35.19,
2015-06-05,102.61,104.54,99.1,101.06,102.0,-0.9399999999999976,-0.92,45745356.0,1742067814.4,2.682,0.020397,0.0236019999999999,1.19,15.1255,14.0508,4.1022,1.1213,1.0899,0.021231,0.026539,4215808472.0,2242735943.0,1938235943.0,158851663225.0,84506290332.0,家用电器,家用电器,白色家电,空调,41.83,34.23,
2015-06-08,101.17,105.89,99.77,105.59,101.06,4.530000000000001,4.48,63114809.0,2440146582.5,2.682,0.028142,0.032563,1.62,15.8039,14.681,4.2862,1.1716,1.1388,0.02032,0.0254,4215808472.0,2242735943.0,1938235943.0,165976379543.0,88296514076.0,家用电器,家用电器,白色家电,空调,41.45,33.91,
2015-06-09,105.67,106.8,102.45,103.58,105.59,-2.010000000000005,-1.9,41610362.0,1627174955.7,2.682,0.018553,0.0214679999999999,0.93,15.5029,14.4013,4.2046,1.1493,1.1171,0.0207149999999999,0.025893,4215808472.0,2242735943.0,1938235943.0,162814523189.0,86614462119.0,家用电器,家用电器,白色家电,空调,43.31,35.43,
2015-06-10,102.21,105.62,101.38,103.98,103.58,0.4000000000000057,0.39,33060813.0,1279451908.6,2.682,0.0147409999999999,0.017057,0.72,15.5631,14.4573,4.2209,1.1537,1.1215,0.020635,0.025793,4215808472.0,2242735943.0,1938235943.0,163446894459.0,86950872510.0,家用电器,家用电器,白色家电,空调,42.48,34.76,
2015-06-11,103.98,105.3,101.14,102.13,103.98,-1.8500000000000083,-1.78,30427905.0,1164746121.7,2.682,0.013567,0.015699,0.69,15.2861,14.2,4.1458,1.1332,1.1015,0.021008,0.026261,4215808472.0,2242735943.0,1938235943.0,160537986614.0,85403384708.99998,家用电器,家用电器,白色家电,空调,42.65,34.89,
2015-06-12,102.13,103.77,100.71,101.57,102.13,-0.5600000000000023,-0.55,36525158.0,1388734977.9,2.682,0.016286,0.018845,0.85,15.2018,14.1217,4.1229,1.1269,1.0954,0.0211249999999999,0.026406,4215808472.0,2242735943.0,1938235943.0,159652666835.0,84932410161.0,家用电器,家用电器,白色家电,空调,41.89,34.27,
2015-06-15,101.73,102.13,97.52,97.92,101.57,-3.649999999999992,-3.59,43517491.0,1608845731.2,2.682,0.0194039999999999,0.022452,1.06,14.6559,13.6145,3.9748,1.0865,1.0561,0.021812,0.027265,4215808472.0,2242735943.0,1938235943.0,153919167313.0,81882289279.0,家用电器,家用电器,白色家电,空调,41.66,34.08,
2015-06-16,98.08,99.61,95.83,97.76,97.92,-0.1599999999999966,-0.16,33203355.0,1209704239.4,2.682,0.0148049999999999,0.017131,0.9,14.6318,13.5922,3.9683,1.0847,1.0544,0.021848,0.0273099999999999,4215808472.0,2242735943.0,1938235943.0,153666218804.0,81747725122.0,家用电器,家用电器,白色家电,空调,40.16,32.86,
2015-06-17,98.56,99.77,96.58,99.18,97.76,1.4200000000000017,1.45,25990068.0,950098864.9,2.682,0.011589,0.0134089999999999,0.74,14.8445,13.7898,4.026,1.1005,1.0697,0.021535,0.026918,4215808472.0,2242735943.0,1938235943.0,155900597295.0,82936375172.0,家用电器,家用电器,白色家电,空调,40.1,32.81,
2015-06-18,99.18,99.61,96.18,96.31,99.18,-2.8700000000000045,-2.89,30265565.000000004,1103264291.5,2.682,0.013495,0.015615,0.89,14.415,13.3908,3.9095,1.0686,1.0387,0.022176,0.0277199999999999,4215808472.0,2242735943.0,1938235943.0,151389682230.0,80536647713.0,家用电器,家用电器,白色家电,空调,40.68,33.28,
2015-06-19,95.99,98.8,88.51,93.92,96.31,-2.390000000000001,-2.48,35452538.0,1271766078.6,2.682,0.015808,0.0182909999999999,1.05,14.0578,13.0589,3.8126,1.0421,1.013,0.02274,0.028425,4215808472.0,2242735943.0,1938235943.0,147637612689.0,78540612724.0,家用电器,家用电器,白色家电,空调,39.5,32.32,
2015-06-23,93.82,102.32,93.33,101.92,93.92,8.0,8.52,52787031.99999999,1937786932.9,2.682,0.023537,0.027235,1.57,15.254,14.1702,4.1371,1.1308,1.0992,0.020957,0.026196,4215808472.0,2242735943.0,1938235943.0,160200721936.0,85223965834.0,家用电器,家用电器,白色家电,空调,38.52,31.52,
2015-06-24,102.05,104.6,100.04,104.17,101.92,2.25,2.21,51962160.0,1989228917.6,2.682,0.023169,0.026809,1.46,15.5912,14.4834,4.2285,1.1558,1.1235,0.020503,0.025629,4215808472.0,2242735943.0,1938235943.0,163742001052.0,87107864026.0,家用电器,家用电器,白色家电,空调,41.8,34.2,
2015-06-25,104.87,106.96,96.55,98.46,104.17,-5.710000000000008,-5.48,57041384.0,2181446385.1,2.682,0.0251969999999999,0.029113,1.45,14.8037,13.7518,3.9797,1.0974,1.0667,0.021415,0.0267689999999999,4235122597.0,2263778847.0,1959278847.0,155471350536.0,83103321473.0,家用电器,家用电器,白色家电,空调,42.72,34.96,
2015-06-26,96.02,98.19,89.04,92.29,98.46,-6.169999999999988,-6.27,52991654.0,1844983531.5,2.682,0.023408,0.0270469999999999,1.16,14.0564,13.0576,3.6659,1.042,1.0129,0.022846,0.028558,4290122597.0,2263778847.0,1959278847.0,147623118563.0,77896630125.0,家用电器,家用电器,白色家电,空调,40.38,33.04,
2015-06-29,96.55,98.27,87.16,91.99,92.29,-0.3000000000000113,-0.33,90937483.0,3191557516.0,2.682,0.040171,0.046414,1.82,14.0114,13.0159,3.6542,1.0387,1.0097,0.02292,0.02865,4290122597.0,2263778847.0,1959278847.0,147151205077.0,77647614452.0,家用电器,家用电器,白色家电,空调,37.85,30.97,
2015-06-30,91.91,100.25,90.65,99.98,91.99,7.990000000000009,8.69,75078868.0,2693630567.2,2.682,0.033165,0.03832,1.23,15.2288,14.1467,3.9717,1.1289,1.0974,0.021088,0.026359,4290122597.0,2263778847.0,1959278847.0,159935770416.0,84393675416.0,家用电器,家用电器,白色家电,空调,37.73,30.87,
2015-07-01,99.23,101.38,95.26,95.48,99.98,-4.5,-4.5,48541770.0,1794035022.0,2.682,0.021443,0.024775,0.74,14.5425,13.5092,3.7927,1.0781,1.0479,0.022083,0.027603,4290122597.0,2263778847.0,1959278847.0,152728364453.0,80590526953.0,家用电器,家用电器,白色家电,空调,41.01,33.55,
2015-07-02,97.09,97.89,90.33,96.53,95.48,1.0499999999999972,1.1,48577902.0,1719085128.8,2.682,0.021459,0.024794,0.75,14.7018,13.6572,3.8342,1.0899,1.0594,0.0218429999999999,0.027304,4290122597.0,2263778847.0,1959278847.0,154401512266.0,81473400704.0,家用电器,家用电器,白色家电,空调,39.16,32.04,
2015-07-03,96.55,96.55,87.86,89.31,96.53,-7.219999999999999,-7.48,60874387.0,2089743175.8,2.682,0.0268909999999999,0.03107,0.96,13.6029,12.6364,3.5477,1.0084,0.9802,0.0236079999999999,0.02951,4290122597.0,2263778847.0,1959278847.0,142861082480.0,75383835605.0,家用电器,家用电器,白色家电,空调,39.59,32.39,
2015-07-06,98.03,98.03,88.48,93.87,89.31,4.560000000000002,5.11,75178048.0,2585614658.6000004,2.682,0.033209,0.03837,1.16,14.2974,13.2815,3.7288,1.0599,1.0303,0.022461,0.028077,4290122597.0,2263778847.0,1959278847.0,150154290895.0,79232259645.0,家用电器,家用电器,白色家电,空调,36.63,29.97,
2015-07-07,91.21,93.71,88.24,91.8,93.87,-2.0700000000000074,-2.21,77361419.0,2625066230.7000003,2.682,0.034174,0.039485,1.25,13.9828,12.9893,3.6467,1.0366,1.0076,0.022966,0.028708,4290122597.0,2263778847.0,1959278847.0,146850896495.0,77489149933.0,家用电器,家用电器,白色家电,空调,38.5,31.5,
2015-07-08,82.63,84.48,82.63,82.63,91.8,-9.170000000000002,-9.99,115388476.0,3574854289.0,2.682,0.0509719999999999,0.058893,1.86,12.5858,11.6915,3.2824,0.933,0.9069,0.025516,0.031895,4290122597.0,2263778847.0,1959278847.0,132178677214.0,69747026276.0,家用电器,家用电器,白色家电,空调,37.65,30.81,
2015-07-09,82.63,90.89,77.78,90.89,82.63,8.260000000000005,10.0,62243192.00000001,2013181033.2,2.682,0.027495,0.031768,0.82,13.844,12.8603,3.6105,1.0263,0.9976,0.023197,0.028996,4290122597.0,2263778847.0,1959278847.0,145392254812.0,76719465125.0,家用电器,家用电器,白色家电,空调,33.89,27.73,
2015-07-10,91.19,99.98,90.89,99.9,90.89,9.010000000000003,9.91,72185400.0,2651565392.0,2.682,0.031887,0.036843,0.92,15.2165,14.1353,3.9685,1.128,1.0965,0.0211039999999999,0.026381,4290122597.0,2263778847.0,1959278847.0,159807066738.0,84325762051.0,家用电器,家用电器,白色家电,空调,37.28,30.5,
2015-07-13,100.01,105.62,97.57,102.16,99.9,2.259999999999991,2.26,78097567.0,2958227906.4,2.682,0.034499,0.03986,0.97,15.5596,14.4541,4.058,1.1535,1.1212,0.0206389999999999,0.025799,4290122597.0,2263778847.0,1959278847.0,163410769720.0,86227336282.0,家用电器,家用电器,白色家电,空调,40.98,33.53,
2015-07-14,100.12,100.71,96.58,96.66,102.16,-5.5,-5.38,52213203.0,1909335113.8,2.682,0.023065,0.026649,0.64,14.7222,13.6762,3.8396,1.0914,1.0609,0.021813,0.027266,4290122597.0,2263778847.0,1959278847.0,154616018396.0,81586589646.0,家用电器,家用电器,白色家电,空调,41.9,34.28,
2015-07-15,95.05,97.89,90.68,96.55,96.66,-0.1099999999999994,-0.11,36258369.0,1268218385.9,2.682,0.016017,0.018506,0.48,14.7059,13.661,3.8353,1.0902,1.0597,0.021837,0.027297,4290122597.0,2263778847.0,1959278847.0,154444413492.0,81496038492.0,家用电器,家用电器,白色家电,空调,39.64,32.44,
2015-07-16,96.55,97.62,93.55,95.48,96.55,-1.0699999999999932,-1.11,30862238.0,1105386570.1,2.682,0.013633,0.015752,0.51,14.5425,13.5092,3.7927,1.0781,1.0479,0.022083,0.027603,4290122597.0,2263778847.0,1959278847.0,152728364453.0,80590526953.0,家用电器,家用电器,白色家电,空调,39.6,32.4,
2015-07-17,96.87,99.1,95.48,97.68,95.48,2.200000000000003,2.3,35328116.0,1277383492.3,2.682,0.015606,0.018031,0.66,14.8775,13.8204,3.88,1.1029,1.0721,0.021559,0.026949,4290122597.0,2263778847.0,1959278847.0,156246264983.0,82446825608.0,家用电器,家用电器,白色家电,空调,39.16,32.04,
2015-07-20,98.03,98.05,94.67,95.56,97.68,-2.1200000000000045,-2.17,29121421.000000004,1046133938.8,2.682,0.012864,0.014863,0.63,14.5547,13.5206,3.7959,1.079,1.0488,0.022037,0.027547,4290122597.0,2263778847.0,1959278847.0,152857068131.0,80658440319.0,家用电器,家用电器,白色家电,空调,40.06,32.78,
2015-07-21,94.03,95.21,93.49,93.95,95.56,-1.6099999999999994,-1.68,21271203.0,747400352.5,2.682,0.009396,0.010857,0.58,14.3096,13.2929,3.732,1.0608,1.0311,0.0224149999999999,0.028019,4290122597.0,2263778847.0,1959278847.0,150282994573.0,79300173010.0,家用电器,家用电器,白色家电,空调,39.19,32.07,
2015-07-22,94.97,95.91,91.46,92.18,93.95,-1.769999999999996,-1.88,36019291.0,1250358867.9,2.682,0.0159109999999999,0.018384,1.18,14.04,13.0425,3.6616,1.0408,1.0117,0.022845,0.028557,4290122597.0,2263778847.0,1959278847.0,147451513659.0,77806078971.0,家用电器,家用电器,白色家电,空调,38.53,31.53,
2015-07-23,91.99,93.87,91.19,93.47,92.18,1.289999999999992,1.4,31869269.0,1104377598.5,2.682,0.014078,0.016266,1.04,14.2361,13.2246,3.7128,1.0554,1.0258,0.022531,0.028163,4290122597.0,2263778847.0,1959278847.0,149510772505.0,78892692818.0,家用电器,家用电器,白色家电,空调,37.81,30.93,
2015-07-24,93.47,95.21,91.72,92.15,93.47,-1.3199999999999932,-1.41,30540891.0,1067331948.9,2.682,0.013491,0.015588,0.99,14.0359,13.0387,3.6606,1.0405,1.0114,0.022852,0.028565,4290122597.0,2263778847.0,1959278847.0,147408612433.0,77783441183.0,家用电器,家用电器,白色家电,空调,38.34,31.37,
2015-07-27,90.95,91.75,83.17,84.48,92.15,-7.670000000000002,-8.32,44932006.0,1488742844.0,2.682,0.0198479999999999,0.022933,1.51,12.8676,11.9534,3.3559,0.9539,0.9272,0.024927,0.031158,4290122597.0,2263778847.0,1959278847.0,135138861806.0,71309033681.0,家用电器,家用电器,白色家电,空调,37.8,30.92,
2015-07-28,82.79,89.98,81.96,88.18,84.48,3.700000000000003,4.38,56326707.99999999,1814197735.2,2.682,0.024882,0.0287489999999999,1.71,13.4314,12.477,3.5029,0.9957,0.9679,0.023881,0.029851,4290122597.0,2263778847.0,1959278847.0,141059230989.0,74433048489.0,家用电器,家用电器,白色家电,空调,34.65,28.35,
2015-07-29,88.51,89.93,87.27,89.63,88.18,1.4499999999999886,1.64,28478986.0,939612403.5,2.682,0.01258,0.014535,0.71,13.652,12.682,3.5604,1.0121,0.9838,0.023495,0.029368,4290122597.0,2263778847.0,1959278847.0,143375897192.0,75655489067.0,家用电器,家用电器,白色家电,空调,36.17,29.59,
2015-07-30,89.53,90.6,86.09,86.49,89.63,-3.140000000000001,-3.5,20397588.0,675772260.9,2.682,0.00901,0.0104109999999999,0.53,13.174,12.238,3.4358,0.9766,0.9493,0.0243469999999999,0.030434,4290122597.0,2263778847.0,1959278847.0,138356453753.0,73006867816.0,家用电器,家用电器,白色家电,空调,36.76,30.08,
2015-07-31,85.15,89.07,84.78,88.91,86.49,2.4200000000000017,2.8,32407553.000000004,1060298559.4,2.682,0.014316,0.016541,0.9,13.5417,12.5795,3.5317,1.0039,0.9758,0.023686,0.029608,4290122597.0,2263778847.0,1959278847.0,142217564091.0,75044268778.0,家用电器,家用电器,白色家电,空调,35.48,29.03,
2015-08-03,87.38,91.19,87.11,91.19,88.91,2.280000000000001,2.56,31154772.0,1035419181.2,2.682,0.013731,0.015901,0.85,13.9057,12.9176,3.6183,1.0309,1.002,0.023094,0.0288669999999999,4295306148.0,2268962398.0,1959278847.0,146040409032.0,77144721532.0,家用电器,家用电器,白色家电,空调,36.47,29.84,
2015-08-04,91.0,91.43,88.61,91.35,91.19,0.1599999999999966,0.18,22825969.0,769591016.0,2.682,0.01006,0.0116189999999999,0.68,13.9302,12.9404,3.6247,1.0327,1.0038,0.023053,0.028817,4295306148.0,2268962398.0,1964462398.0,146298127401.0,77280859276.0,家用电器,家用电器,白色家电,空调,37.4,30.6,
2015-08-05,95.21,96.53,91.99,92.29,91.35,0.940000000000012,1.03,35487734.0,1247682327.3,2.682,0.015641,0.018065,1.31,14.0734,13.0734,3.662,1.0433,1.0141,0.022819,0.028523,4295306148.0,2268962398.0,1964462398.0,147801484553.0,78074996115.0,家用电器,家用电器,白色家电,空调,37.47,30.65,
2015-08-06,90.62,92.53,88.53,90.71,92.29,-1.5800000000000125,-1.71,17598970.0,594223362.1999999,2.682,0.007756,0.008959,0.62,13.8321,12.8492,3.5992,1.0254,0.9967,0.023378,0.029222,4295306148.0,2268962398.0,1964462398.0,145267253925.0,76736308300.0,家用电器,家用电器,白色家电,空调,37.85,30.97,
2015-08-07,91.97,92.53,90.65,91.78,90.71,1.0700000000000074,1.18,14913699.0,510442118.2000001,2.682,0.00666,0.007708,0.53,13.8992,12.9117,3.7086,1.0304,1.0016,0.023105,0.028881,4265714504.0,2239370754.0,1934870754.0,145972750327.0,76631267202.0,家用电器,家用电器,白色家电,空调,37.2,30.44,
2015-08-10,91.78,94.19,90.12,93.74,91.78,1.9599999999999933,2.14,30259810.0,1038542956.8,2.682,0.0135129999999999,0.015639,1.24,14.1957,13.1871,3.7877,1.0524,1.0229,0.022622,0.0282779999999999,4265714504.0,2239370754.0,1934870754.0,149086721915.0,78266007852.0,家用电器,家用电器,白色家电,空调,37.64,30.8,
2015-08-11,93.07,93.74,92.31,92.8,93.74,-0.9399999999999976,-1.0,24720311.0,856974727.1999999,2.682,0.011039,0.012776,1.02,14.0536,13.055,3.7497,1.0418,1.0127,0.022851,0.028564,4265714504.0,2239370754.0,1934870754.0,147593721838.0,77482228088.0,家用电器,家用电器,白色家电,空调,38.45,31.46,
2015-08-12,92.82,93.71,89.85,89.87,92.8,-2.9299999999999926,-3.16,22699831.0,776570547.9,2.682,0.010137,0.011732,0.92,13.6108,12.6438,3.6316,1.009,0.9808,0.023594,0.029493,4265714504.0,2239370754.0,1934870754.0,142944093029.0,75041313967.0,家用电器,家用电器,白色家电,空调,38.06,31.14,
2015-08-13,89.61,90.84,88.51,90.2,89.87,0.3299999999999983,0.37,15754251.0,526669883.1,2.682,0.007035,0.008142,0.71,13.6596,12.689,3.6446,1.0126,0.9843,0.02351,0.029387,4265714504.0,2239370754.0,1934870754.0,143455978770.0,75310038457.0,家用电器,家用电器,白色家电,空调,36.86,30.16,
2015-08-14,90.22,90.36,89.04,89.31,90.2,-0.8900000000000006,-0.99,17502360.0,585784887.6,2.682,0.007816,0.009046,0.81,13.5255,12.5645,3.6089,1.0027,0.9746,0.023743,0.029679,4265714504.0,2239370754.0,1934870754.0,142048292983.0,74571046108.0,家用电器,家用电器,白色家电,空调,36.99,30.27,
2015-08-17,89.15,89.15,87.16,87.65,89.31,-1.6599999999999966,-1.86,17147961.0,560748490.0,2.682,0.007657,0.008863,0.77,13.2737,12.3306,3.5417,0.984,0.9565,0.024193,0.030242,4265714504.0,2239370754.0,1934870754.0,139403549991.0,73182636241.0,家用电器,家用电器,白色家电,空调,36.63,29.97,
2015-08-18,87.65,88.45,82.31,82.95,87.65,-4.700000000000003,-5.36,25517502.0,816157621.1,2.682,0.0113949999999999,0.013188,1.3,12.5629,11.6703,3.352,0.9313,0.9053,0.025562,0.031953,4265714504.0,2239370754.0,1934870754.0,131938549609.0,69263737421.0,家用电器,家用电器,白色家电,空调,35.95,29.41,
2015-08-19,81.99,84.21,80.46,83.87,82.95,0.9200000000000016,1.11,25889059.0,796330855.4,2.682,0.0115609999999999,0.01338,1.31,12.701,11.7986,3.3889,0.9416,0.9152,0.025284,0.031605,4265714504.0,2239370754.0,1934870754.0,133388892540.0,70025123478.0,家用电器,家用电器,白色家电,空调,34.02,27.84,
2015-08-20,81.96,83.09,80.49,80.49,83.87,-3.3800000000000097,-4.03,24042295.0,727157502.8000001,2.682,0.010736,0.012426,1.18,12.1892,11.3232,3.2523,0.9036,0.8784,0.0263459999999999,0.032932,4265714504.0,2239370754.0,1934870754.0,128014092265.00002,67203516328.0,家用电器,家用电器,白色家电,空调,34.4,28.14,
2015-08-21,79.63,80.43,75.1,75.31,80.49,-5.179999999999993,-6.44,30028068.0,868411375.2,2.682,0.0134089999999999,0.015519,1.36,11.4053,10.5949,3.0431,0.8455,0.8219,0.028157,0.035196,4265714504.0,2239370754.0,1934870754.0,119781263272.0,62881530772.0,家用电器,家用电器,白色家电,空调,33.01,27.01,
2015-08-24,72.36,72.39,67.77,67.8,75.31,-7.510000000000005,-9.97,52360311.0,1331971302.4,2.682,0.023382,0.027061,2.13,10.268,9.5385,2.7397,0.7612,0.7399,0.031275,0.039094,4265714504.0,2239370754.0,1934870754.0,107837262661.0,56611292661.0,家用电器,家用电器,白色家电,空调,30.89,25.27,
2015-08-25,63.99,70.21,62.57,63.72,67.8,-4.079999999999998,-6.02,54896159.0,1355341746.1,2.682,0.024514,0.028372,1.74,9.6507,8.965,2.575,0.7154,0.6954,0.033276,0.041595,4265714504.0,2239370754.0,1934870754.0,101353376615.0,53207449115.00001,家用电器,家用电器,白色家电,空调,27.81,22.75,
2015-08-26,64.85,70.05,64.05,67.67,63.72,3.950000000000003,6.2,54967201.0,1383446093.1,2.682,0.024546,0.028409,1.47,10.2477,9.5196,2.7343,0.7597,0.7384,0.031337,0.039172,4265714504.0,2239370754.0,1934870754.0,107623976936.00002,56499324123.0,家用电器,家用电器,白色家电,空调,26.14,21.38,
2015-08-27,70.27,71.42,67.51,71.18,67.67,3.510000000000005,5.19,40262972.0,1051756005.8,2.682,0.01798,0.020809,0.93,10.7798,10.0139,2.8762,0.7991,0.7768,0.0297909999999999,0.037238,4265714504.0,2239370754.0,1934870754.0,113212062936.0,59432899811.00001,家用电器,家用电器,白色家电,空调,27.75,22.71,
2015-08-28,71.66,74.21,71.37,73.35,71.18,2.1699999999999875,3.05,36457571.0,991774805.8,2.682,0.01628,0.018842,0.78,11.1088,10.3195,2.964,0.8235,0.8005,0.028908,0.036135,4265714504.0,2239370754.0,1934870754.0,116667291684.00002,61246790122.0,家用电器,家用电器,白色家电,空调,29.19,23.89,
2015-08-31,74.56,77.21,71.21,77.21,73.35,3.86,5.26,49991081.0,1384090659.7,2.682,0.022324,0.025837,1.05,11.6937,10.053,2.7142,0.8669,0.8363,0.027462,0.034328,4265714504.0,2239370754.0,1934870754.0,122809920570.0,64471484008.0,家用电器,家用电器,白色家电,空调,30.09,24.62,
2015-09-01,75.07,77.46,73.27,77.32,77.21,0.1099999999999994,0.14,48440981.0,1367208741.6,2.682,0.021632,0.025036,1.02,11.71,10.067,2.718,0.8681,0.8375,0.027424,0.03428,4265714504.0,2239370754.0,1934870754.0,122980549149.99998,64561058838.0,家用电器,家用电器,白色家电,空调,31.67,25.91,
2015-09-02,74.69,77.7,73.27,77.11,77.32,-0.2099999999999937,-0.27,64347291.0,1821117146.2,2.682,0.028735,0.033257,1.4,11.6775,10.0391,2.7105,0.8657,0.8352,0.027501,0.034376,4265714504.0,2239370754.0,1934870754.0,122639291989.99998,64381909178.0,家用电器,家用电器,白色家电,空调,31.71,25.95,
2015-09-07,76.57,77.75,71.66,72.04,77.11,-5.069999999999993,-6.58,43830923.0,1216507790.9,2.682,0.019573,0.022653,0.92,10.9098,9.3791,2.5323,0.8088,0.7803,0.029436,0.036795,4265714504.0,2239370754.0,1934870754.0,114577091577.0,60149498452.0,家用电器,家用电器,白色家电,空调,31.63,25.88,
2015-09-08,71.48,73.7,70.03,73.49,72.04,1.4499999999999886,2.01,20686655.0,556197338.8000001,2.682,0.009238,0.0106909999999999,0.43,11.1291,9.5677,2.5832,0.825,0.7959,0.028855,0.036069,4265714504.0,2239370754.0,1934870754.0,116880577410.0,61358758660.00001,家用电器,家用电器,白色家电,空调,29.55,24.17,
2015-09-09,73.51,75.71,72.76,74.83,73.49,1.3400000000000034,1.82,26777285.0,743461532.5,2.682,0.011958,0.0138389999999999,0.59,11.3322,9.7423,2.6303,0.8401,0.8105,0.028338,0.035423,4265714504.0,2239370754.0,1934870754.0,119013434662.0,62478444037.0,家用电器,家用电器,白色家电,空调,30.14,24.66,
2015-09-10,73.81,74.51,73.3,73.38,74.83,-1.4500000000000028,-1.94,14092056.0,387788465.2,2.682,0.006293,0.0072829999999999,0.35,11.1129,9.5537,2.5794,0.8238,0.7948,0.028898,0.036122,4265714504.0,2239370754.0,1934870754.0,116709948829.0,61269183829.0,家用电器,家用电器,白色家电,空调,30.69,25.11,
2015-09-11,73.57,73.89,72.76,73.08,73.38,-0.2999999999999971,-0.41,9503818.0,259649576.8,2.682,0.004244,0.004912,0.28,11.0682,9.5153,2.569,0.8205,0.7916,0.029014,0.0362679999999999,4265714504.0,2239370754.0,1934870754.0,116240720234.0,61022853047.0,家用电器,家用电器,白色家电,空调,30.1,24.62,
2015-09-14,73.49,73.54,68.39,69.76,73.08,-3.319999999999993,-4.54,24433888.0,641743877.2,2.682,0.0109109999999999,0.0126279999999999,1.06,10.5646,9.0823,2.4521,0.7832,0.7556,0.030398,0.037997,4265714504.0,2239370754.0,1934870754.0,110951234249.00002,58246033312.0,家用电器,家用电器,白色家电,空调,29.98,24.53,
2015-09-15,69.41,69.41,66.25,67.05,69.76,-2.710000000000008,-3.88,20303484.0,510613868.3,2.682,0.0090669999999999,0.0104929999999999,1.06,10.1543,8.7296,2.3569,0.7528,0.7262,0.031626,0.039532,4265714504.0,2239370754.0,1934870754.0,106642862600.0,55984268850.0,家用电器,家用电器,白色家电,空调,28.61,23.41,
2015-09-16,67.59,72.36,67.0,71.45,67.05,4.400000000000006,6.56,20269228.0,521919850.0,2.682,0.009051,0.010476,1.07,10.8204,9.3023,2.5115,0.8021,0.7739,0.029679,0.037098,4265714504.0,2239370754.0,1934870754.0,113638634387.0,59656836887.0,家用电器,家用电器,白色家电,空调,27.5,22.5,
2015-09-17,71.13,71.61,67.85,68.39,71.45,-3.0600000000000023,-4.28,19481563.0,512478656.1,2.682,0.0087,0.010069,1.1,10.3574,8.9042,2.4041,0.7678,0.7407,0.031006,0.038757,4265714504.0,2239370754.0,1934870754.0,108775719852.00002,57103954227.0,家用电器,家用电器,白色家电,空调,29.3,23.98,
2015-09-18,68.87,69.65,68.69,69.41,68.39,1.019999999999996,1.49,11668951.0,301106457.1,2.682,0.005211,0.006031,0.62,10.5117,9.0369,2.4399,0.7793,0.7518,0.03055,0.038188,4265714504.0,2239370754.0,1934870754.0,110396691364.0,57954915114.0,家用电器,家用电器,白色家电,空调,28.05,22.95,
2015-09-21,68.5,71.23,68.44,71.15,69.41,1.740000000000009,2.51,13657649.0,355562303.5,2.682,0.006099,0.0070589999999999,0.71,10.7758,9.2639,2.5012,0.7988,0.7707,0.029802,0.037252,4265714504.0,2239370754.0,1934870754.0,113169405791.0,59410506104.0,家用电器,家用电器,白色家电,空调,28.47,23.29,
2015-09-22,70.8,72.31,70.78,71.48,71.15,0.3299999999999983,0.46,15591573.000000002,416417409.8,2.682,0.006962,0.008058,0.91,10.8245,9.3058,2.5125,0.8024,0.7742,0.029668,0.037084,4265714504.0,2239370754.0,1934870754.0,113681291532.0,59679230594.0,家用电器,家用电器,白色家电,空调,29.18,23.88,
2015-09-23,70.8,70.8,69.14,69.3,71.48,-2.180000000000007,-3.05,12130958.0,316300449.4,2.682,0.005417,0.00627,0.75,10.4955,9.0229,2.4361,0.7781,0.7506,0.030598,0.038247,4265714504.0,2239370754.0,1934870754.0,110226062783.0,57865340283.0,家用电器,家用电器,白色家电,空调,29.32,23.99,
2015-09-24,69.92,71.23,69.36,70.08,69.3,0.7800000000000011,1.13,12004218.0,315204773.8,2.682,0.005361,0.0062039999999999,0.83,10.6133,9.1242,2.4635,0.7868,0.759,0.0302579999999999,0.037822,4265714504.0,2239370754.0,1934870754.0,111463119990.0,58514757802.0,家用电器,家用电器,白色家电,空调,28.42,23.26,
2015-09-25,69.76,69.87,66.92,67.32,70.08,-2.760000000000005,-3.94,18559580.0,469431649.9,2.682,0.008288,0.009592,1.43,10.1949,8.7645,2.3664,0.7558,0.7291,0.0315,0.039375,4265714504.0,2239370754.0,1934870754.0,107069434050.0,56208205925.0,家用电器,家用电器,白色家电,空调,28.74,23.52,
2015-09-28,67.37,67.45,66.33,67.32,67.32,0.0,0.0,10799093.0,269359235.3,2.682,0.004822,0.005581,0.75,10.1949,8.7645,2.3664,0.7558,0.7291,0.0315,0.039375,4265714504.0,2239370754.0,1934870754.0,107069434050.0,56208205925.0,家用电器,家用电器,白色家电,空调,27.61,22.59,
2015-09-29,66.49,66.86,65.63,65.9,67.32,-1.4199999999999875,-2.11,11615717.0,286236721.1,2.682,0.005187,0.006003,0.84,9.9797,8.5795,2.3164,0.7398,0.7137,0.032179,0.040224,4265714504.0,2239370754.0,1934870754.0,104808605363.0,55021339426.0,家用电器,家用电器,白色家电,空调,27.61,22.59,
2015-09-30,66.3,68.07,66.3,67.67,65.9,1.769999999999996,2.69,12239911.0,307349095.2,2.682,0.0054659999999999,0.006326,0.94,10.2477,8.8099,2.3786,0.7597,0.7329,0.031337,0.039172,4265714504.0,2239370754.0,1934870754.0,107623976936.00002,56499324123.0,家用电器,家用电器,白色家电,空调,27.03,22.11,
2015-10-08,71.07,74.4,71.07,72.71,67.67,5.039999999999992,7.45,37937094.0,1030189038.0,2.682,0.0169409999999999,0.019607,2.91,11.0113,9.4664,2.5559,0.8163,0.7875,0.029164,0.036455,4265714504.0,2239370754.0,1934870754.0,115643520203.00002,60709341141.0,家用电器,家用电器,白色家电,空调,27.75,22.71,
2015-10-09,72.55,73.08,71.72,72.68,72.71,-0.0299999999999869,-0.04,14428276.0,390128311.3,2.682,0.006443,0.007457,0.79,11.0073,9.4629,2.5549,0.816,0.7872,0.029175,0.036469,4265714504.0,2239370754.0,1934870754.0,115600863058.0,60686947433.0,家用电器,家用电器,白色家电,空调,29.82,24.4,
2015-10-12,73.0,76.12,72.41,75.87,72.68,3.1899999999999977,4.39,27868677.0,774116743.7,2.682,0.012445,0.014403,1.6,11.4906,9.8784,2.6671,0.8518,0.8218,0.027948,0.034935,4265714504.0,2239370754.0,1934870754.0,120677063318.0,63351798631.0,家用电器,家用电器,白色家电,空调,29.81,24.39,
2015-10-13,75.63,75.63,74.1,74.88,75.87,-0.9900000000000092,-1.3,17334722.0,483528289.9,2.682,0.007741,0.008959,0.83,11.3403,9.7492,2.6322,0.8407,0.811,0.028318,0.035398,4265714504.0,2239370754.0,1934870754.0,119098748951.99998,62523231452.0,家用电器,家用电器,白色家电,空调,31.12,25.46,
2015-10-14,74.05,74.4,72.15,72.33,74.88,-2.549999999999997,-3.41,20817983.0,566828938.6,2.682,0.009296,0.010759,0.95,10.9545,9.4175,2.5427,0.8121,0.7834,0.029316,0.036644,4265714504.0,2239370754.0,1934870754.0,115046320173.0,60395829234.99999,家用电器,家用电器,白色家电,空调,30.71,25.13,
2015-10-15,72.25,73.92,71.96,73.81,72.33,1.480000000000004,2.05,20791003.0,565110522.6999999,2.682,0.009284,0.010745,0.88,11.1779,9.6096,2.5945,0.8286,0.7994,0.02873,0.035912,4265714504.0,2239370754.0,1934870754.0,117392463150.0,61627483150.00001,家用电器,家用电器,白色家电,空调,29.67,24.27,
2015-10-16,73.51,75.31,73.22,74.18,73.81,0.3700000000000045,0.5,22177382.0,614033656.8,2.682,0.009903,0.011462,1.1,11.2347,9.6585,2.6077,0.8329,0.8035,0.028584,0.03573,4265714504.0,2239370754.0,1934870754.0,117989663181.0,61940995056.0,家用电器,家用电器,白色家电,空调,30.27,24.77,
2015-10-19,74.29,74.51,72.74,73.54,74.18,-0.6400000000000006,-0.86,20203015.0,555874239.1,2.682,0.009022,0.010442,0.93,11.1373,9.5746,2.5851,0.8256,0.7965,0.028834,0.036043,4265714504.0,2239370754.0,1934870754.0,116965891700.0,61403546075.0,家用电器,家用电器,白色家电,空调,30.43,24.89,
2015-10-20,73.49,73.81,72.95,73.75,73.54,0.2099999999999937,0.29,14827495.000000002,405439507.7,2.682,0.006621,0.007663,0.73,11.1697,9.6026,2.5926,0.828,0.7988,0.028751,0.035938,4265714504.0,2239370754.0,1934870754.0,117307148860.0,61582695735.0,家用电器,家用电器,白色家电,空调,30.16,24.68,
2015-10-21,74.02,74.72,71.26,71.53,73.75,-2.219999999999999,-3.01,22840290.0,622333914.0,2.682,0.010199,0.011805,1.16,10.8326,9.3128,2.5144,0.803,0.7747,0.029645,0.037057,4265714504.0,2239370754.0,1934870754.0,113766605822.0,59724018009.0,家用电器,家用电器,白色家电,空调,30.25,24.75,
2015-10-22,71.21,72.36,71.1,72.28,71.53,0.75,1.05,17596734.0,470640798.8,2.682,0.007858,0.0090949999999999,0.87,10.9464,9.4105,2.5408,0.8115,0.7829,0.029337,0.0366719999999999,4265714504.0,2239370754.0,1934870754.0,114961005883.00002,60351041820.0,家用电器,家用电器,白色家电,空调,29.34,24.0,
2015-10-23,72.63,74.4,72.63,73.97,72.28,1.6899999999999975,2.34,19668186.0,540536704.7,2.682,0.008783,0.010165,1.01,11.2022,9.6305,2.6002,0.8305,0.8012,0.0286669999999999,0.035834,4265714504.0,2239370754.0,1934870754.0,117648406020.0,61761845395.0,家用电器,家用电器,白色家电,空调,29.65,24.26,
2015-10-26,75.66,75.9,73.92,74.56,73.97,0.5900000000000034,0.8,22144343.0,616032511.9000001,2.682,0.009889,0.011445,1.16,11.2916,9.7073,2.6209,0.8371,0.8076,0.02844,0.03555,4265714504.0,2239370754.0,1934870754.0,118586863211.0,62254506961.0,家用电器,家用电器,白色家电,空调,30.34,24.82,
2015-10-27,73.54,74.48,72.01,73.43,74.56,-1.1299999999999957,-1.52,19402375.0,527449217.9,2.682,0.008664,0.0100279999999999,1.0,11.121,9.5607,2.5813,0.8244,0.7954,0.028877,0.0360959999999999,4265714504.0,2239370754.0,1934870754.0,116795263120.00002,61313971245.0,家用电器,家用电器,白色家电,空调,30.58,25.02,
2015-10-28,73.57,73.57,71.39,71.85,73.43,-1.5800000000000125,-2.15,24692178.0,665857515.0,2.682,0.011026,0.012762,1.21,10.8814,9.3547,2.5257,0.8067,0.7782,0.0295129999999999,0.036891,4265714504.0,2239370754.0,1934870754.0,114278491561.99998,59992742500.0,家用电器,家用电器,白色家电,空调,30.12,24.64,
2015-10-29,72.47,74.77,71.72,74.45,71.85,2.6000000000000085,3.62,32052941.0,873601677.7,2.682,0.014313,0.016566,1.55,11.2754,9.427,2.4835,0.8359,0.8226,0.028481,0.035602,4265714504.0,2239370754.0,1934870754.0,118416234631.0,62164932131.0,家用电器,家用电器,白色家电,空调,29.47,24.11,
2015-10-30,74.08,76.17,73.16,75.12,74.45,0.6700000000000017,0.9,28765588.0,804238413.6,2.682,0.012845,0.0148669999999999,1.22,11.3769,9.5119,2.5059,0.8434,0.83,0.028227,0.035284,4265714504.0,2239370754.0,1934870754.0,119482663257.0,62724774820.0,家用电器,家用电器,白色家电,空调,30.54,24.98,
2015-11-02,74.24,77.7,73.97,76.12,75.12,1.0,1.33,28336160.0,810188654.5,2.682,0.012654,0.0146449999999999,1.12,11.5272,9.6376,2.539,0.8545,0.8409,0.027859,0.034824,4265714504.0,2239370754.0,1934870754.0,121060977624.0,63553341999.0,家用电器,家用电器,白色家电,空调,30.81,25.21,
2015-11-03,76.12,76.62,74.83,75.58,76.12,-0.5400000000000063,-0.71,15305351.0,432520990.0,2.682,0.006835,0.00791,0.57,11.4459,9.5696,2.5211,0.8485,0.835,0.028057,0.035071,4265714504.0,2239370754.0,1934870754.0,120207834723.0,63105467847.99999,家用电器,家用电器,白色家电,空调,31.22,25.54,
2015-11-04,75.58,78.82,75.5,78.72,75.58,3.140000000000001,4.15,28064575.0,815220458.3000001,2.682,0.012532,0.0145049999999999,1.09,11.9212,9.967,2.6257,0.8837,0.8697,0.026938,0.033673,4265714504.0,2239370754.0,1934870754.0,125198720692.0,65725531630.0,家用电器,家用电器,白色家电,空调,31.0,25.36,
2015-11-05,78.72,81.85,77.94,80.59,78.72,1.8700000000000043,2.38,39684055.0,1187986405.0,2.682,0.017721,0.02051,1.5,12.2055,10.2047,2.6884,0.9048,0.8904,0.026311,0.032889,4265714504.0,2239370754.0,1934870754.0,128184720845.0,67293091158.0,家用电器,家用电器,白色家电,空调,32.29,26.42,
2015-11-06,80.11,81.05,79.66,80.78,80.59,0.1899999999999977,0.24,25523951.0,765096861.4000001,2.682,0.0113979999999999,0.0131919999999999,0.91,12.2339,10.2285,2.6946,0.9069,0.8925,0.02625,0.032812,4265714504.0,2239370754.0,1934870754.0,128483320859.99998,67449847110.0,家用电器,家用电器,白色家电,空调,33.06,27.05,
2015-11-09,80.73,83.14,80.54,81.26,80.78,0.480000000000004,0.59,26975435.0,821175119.1999999,2.682,0.012046,0.013942,0.99,12.307,10.2896,2.7107,0.9124,0.8978,0.026094,0.032617,4265714504.0,2239370754.0,1934870754.0,129251149471.0,67852933846.00001,家用电器,家用电器,白色家电,空调,33.13,27.11,
2015-11-10,80.62,81.05,78.98,79.47,81.26,-1.7900000000000065,-2.2,23258701.0,692802444.7,2.682,0.010386,0.0120209999999999,0.86,12.0349,10.0621,2.6508,0.8922,0.878,0.026684,0.033355,4265714504.0,2239370754.0,1934870754.0,126393120754.0,66352555440.99999,家用电器,家用电器,白色家电,空调,33.33,27.27,
2015-11-11,79.66,79.76,78.39,78.96,79.47,-0.5100000000000051,-0.64,17340451.0,510869047.8,2.682,0.007743,0.008962,0.6,11.9577,9.9975,2.6338,0.8865,0.8724,0.026856,0.03357,4265714504.0,2239370754.0,1934870754.0,125582634998.0,65927074998.0,家用电器,家用电器,白色家电,空调,32.59,26.67,
2015-11-12,79.49,80.06,78.9,79.74,78.96,0.7800000000000011,0.99,14703937.0,436293424.8,2.682,0.006566,0.007599,0.55,12.0755,10.096,2.6597,0.8952,0.8809,0.026594,0.033243,4265714504.0,2239370754.0,1934870754.0,126819692204.0,66576492516.0,家用电器,家用电器,白色家电,空调,32.38,26.5,
2015-11-13,78.9,78.93,77.3,77.75,79.74,-1.9899999999999949,-2.5,20128419.0,585517548.9000001,2.682,0.008988,0.010403,0.93,11.7749,9.8447,2.5935,0.8729,0.859,0.027273,0.034091,4265714504.0,2239370754.0,1934870754.0,123663063471.00002,64919358158.0,家用电器,家用电器,白色家电,空调,32.7,26.76,
2015-11-16,76.95,77.51,76.49,77.24,77.75,-0.5100000000000051,-0.66,29743834.000000004,852226596.1,2.682,0.013282,0.015373,1.45,11.6978,9.7802,2.5765,0.8672,0.8534,0.0274529999999999,0.034316,4265714504.0,2239370754.0,1934870754.0,122852577715.0,64493877715.0,家用电器,家用电器,白色家电,空调,31.89,26.09,
2015-11-17,77.78,79.07,77.3,77.8,77.24,0.5600000000000023,0.73,32210345.0,940608917.3,2.682,0.014384,0.016647,1.53,11.7831,9.8515,2.5953,0.8735,0.8596,0.027254,0.034068,4265714504.0,2239370754.0,1934870754.0,123748377761.0,64964145574.0,家用电器,家用电器,白色家电,空调,31.68,25.92,
2015-11-18,78.1,78.21,75.98,76.03,77.8,-1.769999999999996,-2.28,30147848.0,863942315.9000001,2.682,0.013463,0.015581,1.32,11.515,9.6274,2.5363,0.8536,0.8401,0.027889,0.034861,4265714504.0,2239370754.0,1934870754.0,120933006188.0,63486160876.0,家用电器,家用电器,白色家电,空调,31.91,26.11,
2015-11-19,76.17,76.65,74.83,76.36,76.03,0.3299999999999983,0.43,35089474.0,991226961.2,2.682,0.015669,0.018135,1.38,11.5637,9.6681,2.547,0.8572,0.8436,0.027771,0.034714,4265714504.0,2239370754.0,1934870754.0,121444891929.0,63754885366.0,家用电器,家用电器,白色家电,空调,31.19,25.52,
2015-11-20,76.41,76.57,74.88,75.58,76.36,-0.7800000000000011,-1.02,40774150.0,1148034313.7,2.682,0.018208,0.0210729999999999,1.38,11.4459,9.5696,2.5211,0.8485,0.835,0.028057,0.035071,4265714504.0,2239370754.0,1934870754.0,120207834723.0,63105467847.99999,家用电器,家用电器,白色家电,空调,31.32,25.62,
2015-11-23,75.55,76.12,74.83,75.36,75.58,-0.2199999999999988,-0.29,25663306.0,722055684.9,2.682,0.01146,0.013264,0.76,11.4135,9.5425,2.5139,0.8461,0.8326,0.028137,0.035171,4265714504.0,2239370754.0,1934870754.0,119866577562.0,62926318187.0,家用电器,家用电器,白色家电,空调,31.0,25.36,
2015-11-24,75.47,76.62,75.15,76.44,75.36,1.0799999999999983,1.43,19402960.0,547501681.6,2.682,0.008664,0.0100279999999999,0.59,11.5759,9.6783,2.5497,0.8582,0.8445,0.027742,0.034677,4265714504.0,2239370754.0,1934870754.0,121572863364.0,63822066489.0,家用电器,家用电器,白色家电,空调,30.91,25.29,
2015-11-25,76.41,76.62,75.36,75.87,76.44,-0.5699999999999932,-0.75,31692169.0,896717561.6999999,2.682,0.014152,0.0163789999999999,1.05,11.4906,9.607,2.5309,0.8518,0.8383,0.027948,0.034935,4265714504.0,2239370754.0,1934870754.0,120677063318.0,63351798631.0,家用电器,家用电器,白色家电,空调,31.35,25.65,
2015-11-26,76.14,77.62,75.9,76.79,75.87,0.9200000000000016,1.21,31111582.0,890293574.0,2.682,0.0138929999999999,0.016079,1.02,11.6287,9.7225,2.5613,0.8621,0.8484,0.027616,0.03452,4265714504.0,2239370754.0,1934870754.0,122127406250.0,64113184687.0,家用电器,家用电器,白色家电,空调,31.12,25.46,
2015-11-27,76.28,76.36,72.41,72.71,76.79,-4.0800000000000125,-5.31,28239940.000000004,785533128.0,2.682,0.012611,0.014595,0.95,11.0113,9.2063,2.4253,0.8163,0.8033,0.029164,0.036455,4265714504.0,2239370754.0,1934870754.0,115643520203.00002,60709341141.0,家用电器,家用电器,白色家电,空调,31.49,25.77,
2015-11-30,73.16,73.35,70.19,71.96,72.71,-0.75,-1.03,21306430.0,571032635.6999999,2.682,0.009514,0.011012,0.78,10.8976,9.1112,2.4003,0.8079,0.795,0.029469,0.036836,4265714504.0,2239370754.0,1934870754.0,114449120142.0,60082317330.0,家用电器,家用电器,白色家电,空调,29.82,24.4,
2015-12-01,72.04,75.66,71.1,74.64,71.96,2.680000000000007,3.72,24238541.0,666026206.0,2.682,0.010824,0.012527,0.92,11.3038,9.4508,2.4898,0.838,0.8246,0.02841,0.035512,4265714504.0,2239370754.0,1934870754.0,118714834646.0,62321688084.00001,家用电器,家用电器,白色家电,空调,29.51,24.15,
2015-12-02,74.51,81.35,74.02,78.58,74.64,3.9399999999999977,5.28,58529163.0,1709867374.0,2.682,0.026136,0.03025,2.14,11.9009,9.95,2.6213,0.8822,0.8682,0.0269839999999999,0.03373,4265714504.0,2239370754.0,1934870754.0,124985434967.0,65613563092.0,家用电器,家用电器,白色家电,空调,30.61,25.05,
2015-12-03,78.02,78.96,77.24,78.05,78.58,-0.5300000000000011,-0.67,22658944.0,660217133.8,2.682,0.010118,0.011711,0.69,11.8196,9.8821,2.6034,0.8762,0.8623,0.02717,0.033962,4265714504.0,2239370754.0,1934870754.0,124132292065.99998,65165688941.0,家用电器,家用电器,白色家电,空调,32.23,26.37,
2015-12-04,77.4,78.8,76.57,78.02,78.05,-0.0300000000000011,-0.04,24958190.0,724199296.6999999,2.682,0.011145,0.012899,0.81,11.8156,9.8787,2.6025,0.8759,0.862,0.027179,0.033974,4265714504.0,2239370754.0,1934870754.0,124089634921.0,65143295234.0,家用电器,家用电器,白色家电,空调,32.01,26.19,
2015-12-07,78.13,79.47,76.79,78.61,78.02,0.5900000000000034,0.76,23481550.0,686734184.6999999,2.682,0.010486,0.012136,0.77,11.9049,9.9534,2.6222,0.8825,0.8685,0.026975,0.033719,4265714504.0,2239370754.0,1934870754.0,125028092112.0,65635956800.0,家用电器,家用电器,白色家电,空调,32.0,26.18,
2015-12-08,77.83,77.83,75.23,75.58,78.61,-3.030000000000001,-3.85,18228108.0,518709868.2000001,2.682,0.00814,0.009421,0.59,11.4459,9.5696,2.5211,0.8485,0.835,0.028057,0.035071,4265714504.0,2239370754.0,1934870754.0,120207834723.0,63105467847.99999,家用电器,家用电器,白色家电,空调,32.24,26.38,
2015-12-09,75.26,77.64,75.26,76.46,75.58,0.8799999999999955,1.16,18739548.0,536198984.6,2.682,0.008368,0.009685,0.63,11.58,9.6817,2.5506,0.8585,0.8448,0.027732,0.034665,4265714504.0,2239370754.0,1934870754.0,121615520508.99998,63844460197.0,家用电器,家用电器,白色家电,空调,31.0,25.36,
2015-12-10,76.71,79.01,76.65,77.46,76.46,1.0,1.31,30528259.000000004,891339971.2,2.682,0.013633,0.015778,1.41,11.7303,9.8074,2.5837,0.8696,0.8558,0.027377,0.034221,4265714504.0,2239370754.0,1934870754.0,123193834876.0,64673027376.0,家用电器,家用电器,白色家电,空调,31.36,25.66,
2015-12-11,77.54,79.17,76.6,78.8,77.46,1.3400000000000034,1.73,23987307.0,699824344.2,2.682,0.010712,0.012397,1.03,11.9334,9.9772,2.6284,0.8846,0.8706,0.026911,0.033639,4265714504.0,2239370754.0,1934870754.0,125326692128.0,65792712753.0,家用电器,家用电器,白色家电,空调,31.77,25.99,
2015-12-14,78.26,81.1,77.86,80.59,78.8,1.7900000000000065,2.27,33349745.0,996293423.0,2.682,0.014892,0.017236,1.45,12.2055,10.2047,2.6884,0.9048,0.8904,0.026311,0.032889,4265714504.0,2239370754.0,1934870754.0,128184720845.0,67293091158.0,家用电器,家用电器,白色家电,空调,32.32,26.44,
2015-12-15,80.41,81.26,79.31,80.59,80.59,0.0,0.0,22226396.0,665497685.5,2.682,0.009925,0.011487,0.89,12.2055,10.2047,2.6884,0.9048,0.8904,0.026311,0.032889,4265714504.0,2239370754.0,1934870754.0,128184720845.0,67293091158.0,家用电器,家用电器,白色家电,空调,33.06,27.05,
2015-12-16,80.59,80.73,79.66,79.87,80.59,-0.7199999999999989,-0.89,11969167.0,357186014.90000004,2.682,0.005345,0.006186,0.46,12.0958,10.113,2.6642,0.8967,0.8824,0.026549,0.033187,4265714504.0,2239370754.0,1934870754.0,127032977929.0,66688461054.0,家用电器,家用电器,白色家电,空调,33.06,27.05,
2015-12-17,80.14,82.18,80.14,80.94,79.87,1.0699999999999932,1.34,20260577.0,614293593.6999999,2.682,0.009047,0.010471,0.83,12.2583,10.2488,2.7,0.9087,0.8943,0.0261969999999999,0.032747,4265714504.0,2239370754.0,1934870754.0,128739263731.0,67584209356.00001,家用电器,家用电器,白色家电,空调,32.76,26.8,
2015-12-18,80.94,81.75,79.12,79.71,80.94,-1.230000000000004,-1.52,16047235.0,480553901.9,2.682,0.007166,0.008294,0.72,12.0715,10.0926,2.6588,0.8949,0.8807,0.0266029999999999,0.033254,4265714504.0,2239370754.0,1934870754.0,126777035059.0,66554098809.0,家用电器,家用电器,白色家电,空调,33.2,27.16,
2015-12-21,79.92,87.38,79.71,85.48,79.71,5.77000000000001,7.24,46886750.0,1482978693.4,2.682,0.020937,0.024232,2.26,12.9447,10.8227,2.8512,0.9596,0.9444,0.024808,0.03101,4265714504.0,2239370754.0,1934870754.0,135948321242.0,71368745930.0,家用电器,家用电器,白色家电,空调,32.69,26.75,
2015-12-22,85.5,88.18,84.8,87.03,85.48,1.5499999999999972,1.81,27299101.0,881777997.4,2.682,0.012191,0.014109,1.16,13.1803,11.0197,2.9031,0.9771,0.9615,0.024365,0.0304559999999999,4265714504.0,2239370754.0,1934870754.0,138422435655.0,72667580967.0,家用电器,家用电器,白色家电,空调,35.06,28.68,
2015-12-23,86.36,89.26,85.5,87.03,87.03,0.0,0.0,32333920.0,1064031767.4,2.682,0.014439,0.016711,1.32,13.1803,11.0197,2.9031,0.9771,0.9615,0.024365,0.0304559999999999,4265714504.0,2239370754.0,1934870754.0,138422435655.0,72667580967.0,家用电器,家用电器,白色家电,空调,35.7,29.21,
2015-12-24,86.98,86.98,83.6,85.02,87.03,-2.010000000000005,-2.31,16999229.0,538114861.0,2.682,0.007591,0.008786,0.6,12.8757,10.765,2.836,0.9545,0.9393,0.024941,0.031177,4265714504.0,2239370754.0,1934870754.0,135223149777.0,70988052902.0,家用电器,家用电器,白色家电,空调,35.7,29.21,
2015-12-25,85.15,86.47,85.07,86.23,85.02,1.210000000000008,1.42,11185471.0,357723550.40000004,2.682,0.004995,0.005781,0.4,13.0585,10.9178,2.8762,0.9681,0.9527,0.024592,0.03074,4265714504.0,2239370754.0,1934870754.0,137142721304.0,71995769741.0,家用电器,家用电器,白色家电,空调,34.87,28.53,
2015-12-28,86.41,87.19,83.14,83.14,86.23,-3.0900000000000034,-3.58,20393580.0,647355431.0,2.682,0.0091069999999999,0.01054,0.76,12.5914,10.5273,2.7734,0.9334,0.9186,0.025505,0.031881,4265714504.0,2239370754.0,1934870754.0,132237149624.0,69420493374.0,家用电器,家用电器,白色家电,空调,35.37,28.94,
2015-12-29,83.28,91.13,82.23,88.75,83.14,5.609999999999999,6.75,36755288.0,1191961428.5,2.682,0.016413,0.018996,1.7,13.4403,11.237,2.9603,0.9964,0.9805,0.023894,0.0298669999999999,4265714504.0,2239370754.0,1934870754.0,141152492937.0,74100778250.0,家用电器,家用电器,白色家电,空调,34.1,27.9,
2015-12-30,88.53,91.99,88.18,89.66,88.75,0.9099999999999966,1.03,44558105.0,1502908344.5,2.682,0.019898,0.023029,1.89,13.5784,11.3525,2.9907,1.0066,4.348,0.023651,0.029563,4265714504.0,2239370754.0,1934870754.0,142602835869.0,74862164306.0,家用电器,家用电器,白色家电,空调,36.4,29.78,
2015-12-31,89.71,90.06,87.3,88.02,89.66,-1.6400000000000006,-1.83,17833301.0,589581678.4,2.682,0.007964,0.009217,0.69,13.3306,11.1453,2.9362,0.9882,0.9725,0.0240899999999999,0.0301129999999999,4265714504.0,2239370754.0,1934870754.0,140000750021.0,73496148146.0,家用电器,家用电器,白色家电,空调,36.77,30.09,
2016-01-04,88.02,88.99,79.23,79.71,88.02,-8.310000000000002,-9.44,20033877.0,637157835.7,2.682,0.0089459999999999,0.010354,0.77,12.0715,10.0926,2.6588,0.8949,0.8807,0.033254,0.033254,4265714504.0,2239370754.0,1934870754.0,126777035059.0,66554098809.0,家用电器,家用电器,白色家电,空调,36.1,29.54,0.0
2016-01-05,79.71,84.43,79.2,84.03,79.71,4.320000000000007,5.42,31216593.0,962833784.0,2.682,0.01394,0.016134,1.12,12.7254,10.6394,2.8029,0.9434,0.9284,0.031545,0.031545,4265714504.0,2239370754.0,1934870754.0,133644835410.0,70159485723.0,家用电器,家用电器,白色家电,空调,32.69,26.75,0.0
2016-01-06,83.89,85.69,82.93,84.72,84.03,0.6899999999999977,0.82,20197645.0,634290658.9000001,2.682,0.009019,0.010439,0.67,12.831,10.7276,2.8261,0.9512,0.9361,0.031285,0.031285,4265714504.0,2239370754.0,1934870754.0,134753921181.0,70741722119.0,家用电器,家用电器,白色家电,空调,34.46,28.2,0.0
2016-01-07,82.87,83.09,77.46,77.89,84.72,-6.829999999999998,-8.06,6375400.0,191155844.1,2.682,0.002847,0.003295,0.24,11.7953,9.8617,2.598,0.8744,0.8605,0.034032,0.034032,4265714504.0,2239370754.0,1934870754.0,123876349196.0,65031326696.0,家用电器,家用电器,白色家电,空调,34.75,28.43,0.0
2016-01-08,81.02,82.04,77.05,79.95,77.89,2.0600000000000023,2.64,37458179.0,1117506922.8,2.682,0.016727,0.01936,1.96,12.108,10.1232,2.6669,0.8976,0.8833,0.033153,0.033153,4265714504.0,2239370754.0,1934870754.0,127160949364.0,66755642177.0,家用电器,家用电器,白色家电,空调,31.94,26.14,0.0
2016-01-11,77.78,79.23,75.61,76.17,79.95,-3.780000000000001,-4.73,28231103.000000004,816072618.0999999,2.682,0.012607,0.014591,1.22,11.5353,9.6444,2.5407,0.8551,0.8415,0.034799,0.034799,4265714504.0,2239370754.0,1934870754.0,121146291914.00002,63598129414.0,家用电器,家用电器,白色家电,空调,32.79,26.83,0.0
2016-01-12,76.76,78.23,75.58,77.27,76.17,1.0999999999999943,1.44,21424986.0,616486993.0,2.682,0.0095669999999999,0.011073,0.87,11.7018,9.7836,2.5774,0.8675,0.8537,0.034304,0.034304,4265714504.0,2239370754.0,1934870754.0,122895234860.0,64516271423.00001,家用电器,家用电器,白色家电,空调,31.24,25.56,0.0
2016-01-13,77.94,80.27,76.57,77.75,77.27,0.480000000000004,0.62,19005027.0,555836414.8000001,2.682,0.008487,0.009822,0.84,11.7749,9.8447,2.5935,0.8729,0.859,0.034091,0.034091,4265714504.0,2239370754.0,1934870754.0,123663063471.00002,64919358158.0,家用电器,家用电器,白色家电,空调,31.69,25.93,0.0
2016-01-14,75.15,79.87,75.12,79.39,77.75,1.6400000000000006,2.11,26566028.000000004,773073114.3000001,2.682,0.0118629999999999,0.01373,1.18,12.0227,10.0519,2.6481,0.8913,0.8771,0.033389,0.033389,4265714504.0,2239370754.0,1934870754.0,126265149318.0,66285374318.0,家用电器,家用电器,白色家电,空调,31.89,26.09,0.0
2016-01-15,79.39,79.98,75.36,76.14,79.39,-3.25,-4.09,24067914.0,696595364.3000001,2.682,0.010748,0.012439,0.91,11.5312,9.641,2.5399,0.8548,0.8412,0.0348119999999999,0.0348119999999999,4265714504.0,2239370754.0,1934870754.0,121103634769.0,63575735706.0,家用电器,家用电器,白色家电,空调,32.56,26.64,0.0
2016-01-18,74.4,76.57,73.49,74.56,76.14,-1.5799999999999983,-2.08,21498633.0,600503862.8,2.682,0.0096,0.011111,0.9,11.2916,9.4406,2.4871,0.8371,0.8238,0.03555,0.03555,4265714504.0,2239370754.0,1934870754.0,118586863211.0,62254506961.0,家用电器,家用电器,白色家电,空调,31.23,25.55,0.0
2016-01-19,74.61,78.53,74.18,77.3,74.56,2.739999999999995,3.67,21806148.0,619797731.6,2.682,0.009738,0.01127,0.97,11.7059,9.787,2.5783,0.8678,0.854,0.0342919999999999,0.0342919999999999,4265714504.0,2239370754.0,1934870754.0,122937892005.0,64538665130.0,家用电器,家用电器,白色家电,空调,30.58,25.02,0.0
2016-01-20,76.97,77.78,74.16,75.18,77.3,-2.1199999999999903,-2.74,23014583.0,649803615.4,2.682,0.010277,0.011895,1.02,11.385,9.5187,2.5076,0.844,0.8306,0.035259,0.035259,4265714504.0,2239370754.0,1934870754.0,119567977547.0,62769562235.0,家用电器,家用电器,白色家电,空调,31.7,25.94,0.0
2016-01-21,74.1,75.71,72.47,72.49,75.18,-2.690000000000012,-3.58,21196691.0,584255376.5999999,2.682,0.009465,0.010955,0.91,10.9788,9.1791,2.4182,0.8139,0.8009,0.036563,0.036563,4265714504.0,2239370754.0,1934870754.0,115302263043.00002,60530191481.0,家用电器,家用电器,白色家电,空调,30.83,25.23,0.0
2016-01-22,73.46,73.59,71.07,72.63,72.49,0.1400000000000005,0.19,16937202.0,456262215.6,2.682,0.0075629999999999,0.008754,0.76,10.9992,9.1961,2.4227,0.8154,0.8024,0.036496,0.036496,4265714504.0,2239370754.0,1934870754.0,115515548768.0,60642160018.0,家用电器,家用电器,白色家电,空调,29.73,24.33,0.0
2016-01-25,73.0,73.73,72.6,72.95,72.63,0.3200000000000074,0.44,9353881.0,255115185.7,2.682,0.004177,0.004834,0.45,11.0479,9.2368,2.4334,0.819,0.806,0.036335,0.036335,4265714504.0,2239370754.0,1934870754.0,116027434509.0,60910884508.99999,家用电器,家用电器,白色家电,空调,29.79,24.37,0.0
2016-01-26,72.52,73.03,69.12,69.33,72.95,-3.620000000000005,-4.96,19729485.0,521849849.5,2.682,0.00881,0.010197,1.07,10.4996,8.7784,2.3126,0.7784,0.766,0.038232,0.038232,4265714504.0,2239370754.0,1934870754.0,110268719927.99998,57887733991.0,家用电器,家用电器,白色家电,空调,29.92,24.48,0.0
2016-01-27,69.73,70.89,67.45,70.35,69.33,1.019999999999996,1.47,18425264.0,476125034.0,2.682,0.008228,0.009523,1.02,10.6539,8.9074,2.3466,0.7898,0.7772,0.0376779999999999,0.0376779999999999,4265714504.0,2239370754.0,1934870754.0,111889691440.0,58738694877.00001,家用电器,家用电器,白色家电,空调,28.44,23.27,0.0
2016-01-28,69.81,72.33,69.41,71.1,70.35,0.75,1.07,13262051.999999998,351633301.90000004,2.682,0.0059219999999999,0.006854,0.77,10.7676,9.0025,2.3717,0.7982,0.7855,0.03728,0.03728,4265714504.0,2239370754.0,1934870754.0,113084091501.0,59365718689.0,家用电器,家用电器,白色家电,空调,28.85,23.61,0.0
2016-01-29,70.67,73.75,70.27,73.25,71.1,2.1500000000000057,3.02,12192388.0,331295242.8,2.682,0.005445,0.006301,0.78,11.0926,9.2742,2.4432,0.8223,0.8092,0.036188,0.036188,4265714504.0,2239370754.0,1934870754.0,116496663104.0,61157215292.0,家用电器,家用电器,白色家电,空调,29.16,23.86,0.0
2016-02-01,73.27,73.92,72.71,73.35,73.25,0.0999999999999943,0.14,8426900.0,230327638.9,2.682,0.003763,0.004355,0.58,11.1088,9.2878,2.4468,0.8235,0.8104,0.036135,0.036135,4265714504.0,2239370754.0,1934870754.0,116667291684.00002,61246790122.0,家用电器,家用电器,白色家电,空调,30.04,24.58,0.0
2016-02-02,73.35,75.04,73.22,74.05,73.35,0.7000000000000028,0.95,10567871.0,293500209.8,2.682,0.004719,0.005462,0.73,11.2144,9.3761,2.4701,0.8314,0.8181,0.035795,0.035795,4265714504.0,2239370754.0,1934870754.0,117776377455.0,61829026518.0,家用电器,家用电器,白色家电,空调,30.09,24.62,0.0
2016-02-03,73.7,73.97,71.9,72.87,74.05,-1.1799999999999926,-1.59,13041001.0,353568908.70000005,2.682,0.005824,0.00674,1.04,11.0357,9.2267,2.4307,0.8181,0.8051,0.036375,0.036375,4265714504.0,2239370754.0,1934870754.0,115899463074.0,60843703386.0,家用电器,家用电器,白色家电,空调,30.37,24.85,0.0
2016-02-04,73.0,74.21,72.71,73.19,72.87,0.3199999999999932,0.44,9208826.0,252010643.5,2.682,0.004112,0.004759,0.8,11.0845,9.2674,2.4414,0.8217,0.8086,0.036215,0.036215,4265714504.0,2239370754.0,1934870754.0,116411348814.0,61112427877.0,家用电器,家用电器,白色家电,空调,29.89,24.45,0.0
2016-02-05,73.49,74.24,73.14,73.54,73.19,0.3500000000000085,0.48,10029004.0,275667516.40000004,2.682,0.0044779999999999,0.005183,0.94,11.1373,9.3116,2.4531,0.8256,0.8125,0.036043,0.036043,4265714504.0,2239370754.0,1934870754.0,116965891700.0,61403546075.0,家用电器,家用电器,白色家电,空调,30.02,24.56,0.0
2016-02-15,72.28,73.16,71.66,72.31,73.54,-1.230000000000004,-1.67,11744093.0,317039841.0,2.682,0.0052439999999999,0.00607,1.15,10.9504,9.1553,2.4119,0.8118,0.7989,0.0366579999999999,0.0366579999999999,4265714504.0,2239370754.0,1934870754.0,115003663028.0,60373435528.0,家用电器,家用电器,白色家电,空调,30.16,24.68,0.0
2016-02-16,73.3,74.56,72.68,74.4,72.31,2.0900000000000034,2.89,13392115.0,368560308.6,2.682,0.00598,0.006921,1.23,11.2672,9.4202,2.4817,0.8353,0.822,0.035627,0.035627,4265714504.0,2239370754.0,1934870754.0,118330920341.0,62120144716.0,家用电器,家用电器,白色家电,空调,29.66,24.26,0.0
2016-02-17,74.18,75.69,74.05,74.96,74.4,0.5599999999999881,0.75,11642326.0,325527212.5,2.682,0.005199,0.006017,1.01,11.3525,9.4915,2.5005,0.8416,0.8282,0.03536,0.03536,4265714504.0,2239370754.0,1934870754.0,119226720387.0,62590412573.99999,家用电器,家用电器,白色家电,空调,30.51,24.97,0.0
2016-02-18,75.44,75.87,74.51,74.72,74.96,-0.2399999999999948,-0.32,6958189.0,194440092.9,2.682,0.003107,0.003596,0.62,11.316,9.461,2.4924,0.8389,0.8255,0.035474,0.035474,4265714504.0,2239370754.0,1934870754.0,118842806081.00002,62388869206.0,家用电器,家用电器,白色家电,空调,30.75,25.16,0.0
2016-02-19,74.59,74.91,73.75,74.02,74.72,-0.7000000000000028,-0.94,6615046.000000001,183255843.9,2.682,0.002954,0.0034189999999999,0.62,11.2104,9.3727,2.4692,0.8311,0.8178,0.035808,0.035808,4265714504.0,2239370754.0,1934870754.0,117733720310.0,61806632810.00001,家用电器,家用电器,白色家电,空调,30.65,25.07,0.0
2016-02-22,75.07,75.5,73.81,75.2,74.02,1.1800000000000068,1.59,11233411.0,313698026.6,2.682,0.005016,0.005806,1.12,11.3891,9.5221,2.5085,0.8443,0.8309,0.035246,0.035246,4265714504.0,2239370754.0,1934870754.0,119610634692.0,62791955942.0,家用电器,家用电器,白色家电,空调,30.36,24.84,0.0
2016-02-23,75.28,75.36,74.35,74.75,75.2,-0.4500000000000028,-0.6,9740294.0,271761113.6,2.682,0.00435,0.0050339999999999,0.98,11.32,9.4644,2.4933,0.8392,0.8258,0.035461,0.035461,4265714504.0,2239370754.0,1934870754.0,118885463226.0,62411262914.00001,家用电器,家用电器,白色家电,空调,30.84,25.24,0.0
2016-02-24,74.56,74.99,73.27,74.67,74.75,-0.0799999999999983,-0.11,8208646.000000001,226804316.0,2.682,0.003666,0.004242,0.89,11.3078,9.4542,2.4907,0.8383,0.8249,0.035499,0.035499,4265714504.0,2239370754.0,1934870754.0,118757491791.0,62344081791.0,家用电器,家用电器,白色家电,空调,30.66,25.08,0.0
2016-02-25,74.35,74.64,69.73,70.99,74.67,-3.680000000000007,-4.93,16250632.999999998,437138500.5,2.682,0.007257,0.008399,1.9,10.7514,8.9889,2.3681,0.797,0.7843,0.0373369999999999,0.0373369999999999,4265714504.0,2239370754.0,1934870754.0,112913462921.0,59276143858.0,家用电器,家用电器,白色家电,空调,30.62,25.06,0.0
2016-02-26,71.31,72.17,70.97,71.98,70.99,0.9900000000000092,1.39,9505338.0,253976907.4,2.682,0.004245,0.004913,0.91,10.9017,9.1146,2.4012,0.8082,0.7953,0.036822,0.036822,4265714504.0,2239370754.0,1934870754.0,114491777287.00002,60104711037.0,家用电器,家用电器,白色家电,空调,29.12,23.82,0.0
2016-02-29,71.82,71.85,68.98,69.92,71.98,-2.0600000000000023,-2.86,13187816.0,343619108.8,2.682,0.005889,0.006816,1.2,10.5889,8.8531,2.3323,0.785,0.7725,0.037909,0.037909,4265714504.0,2239370754.0,1934870754.0,111207177119.0,58380395557.0,家用电器,家用电器,白色家电,空调,29.52,24.16,0.0
2016-03-01,70.13,72.33,69.97,72.31,69.92,2.390000000000001,3.42,11008693.0,294041808.1,2.682,0.004916,0.00569,0.97,10.9504,9.1553,2.4119,0.8118,0.7989,0.0366579999999999,0.0366579999999999,4265714504.0,2239370754.0,1934870754.0,115003663028.0,60373435528.0,家用电器,家用电器,白色家电,空调,28.68,23.46,0.0
2016-03-02,72.92,78.26,72.33,78.26,72.31,5.950000000000003,8.23,35574638.0,1016690715.3,2.682,0.015886,0.018386,3.06,11.8521,9.9092,2.6105,0.8786,0.8646,0.0338689999999999,0.0338689999999999,4265714504.0,2239370754.0,1934870754.0,124473549227.00002,65344838602.0,家用电器,家用电器,白色家电,空调,29.66,24.26,0.0
2016-03-03,78.18,78.58,76.44,76.71,78.26,-1.5500000000000114,-1.98,14825167.000000002,427886489.4,2.682,0.00662,0.0076619999999999,0.87,11.6165,9.7123,2.5586,0.8612,0.8475,0.034556,0.034556,4265714504.0,2239370754.0,1934870754.0,121999434814.0,64046003564.0,家用电器,家用电器,白色家电,空调,32.1,26.26,0.0
2016-03-04,77.19,79.79,76.57,78.1,76.71,1.3900000000000006,1.81,26245662.0,767632501.1,2.682,0.01172,0.013565,1.56,11.8277,9.8889,2.6052,0.8768,0.8629,0.033939,0.033939,4265714504.0,2239370754.0,1934870754.0,124217606356.0,65210476356.0,家用电器,家用电器,白色家电,空调,31.46,25.74,0.0
2016-03-07,78.31,80.25,77.38,78.39,78.1,0.2900000000000062,0.37,11665002.0,342677227.7,2.682,0.005209,0.006029,0.58,11.8724,9.9262,2.615,0.8801,0.8661,0.033811,0.033811,4265714504.0,2239370754.0,1934870754.0,124686834952.0,65456807139.0,家用电器,家用电器,白色家电,空调,32.03,26.21,0.0
2016-03-08,78.45,78.58,75.85,77.38,78.39,-1.0100000000000051,-1.29,9247334.0,265065474.5,2.682,0.004129,0.004779,0.47,11.7181,9.7972,2.581,0.8687,0.8549,0.034257,0.034257,4265714504.0,2239370754.0,1934870754.0,123065863440.0,64605846253.00001,家用电器,家用电器,白色家电,空调,32.15,26.31,0.0
2016-03-09,76.57,78.72,75.95,77.19,77.38,-0.1899999999999977,-0.25,9429059.0,273531614.40000004,2.682,0.0042109999999999,0.004873,0.48,11.6896,9.7734,2.5747,0.8666,0.8528,0.03434,0.03434,4265714504.0,2239370754.0,1934870754.0,122767263425.0,64449090300.0,家用电器,家用电器,白色家电,空调,31.74,25.97,0.0
2016-03-10,77.11,79.55,76.95,77.86,77.19,0.6700000000000017,0.87,10550977.0,307604919.5,2.682,0.004712,0.005453,0.74,11.7912,9.8583,2.5971,0.8741,0.8602,0.034044,0.034044,4265714504.0,2239370754.0,1934870754.0,123833692051.0,65008932989.0,家用电器,家用电器,白色家电,空调,31.66,25.9,0.0
2016-03-11,77.35,78.8,77.0,77.78,77.86,-0.0799999999999983,-0.1,6235392.0,181117664.2,2.682,0.002784,0.0032229999999999,0.46,11.779,9.8481,2.5944,0.8732,0.8593,0.034079,0.034079,4265714504.0,2239370754.0,1934870754.0,123705720616.0,64941751866.0,家用电器,家用电器,白色家电,空调,31.93,26.13,0.0
2016-03-14,78.69,80.86,78.66,79.25,77.78,1.4699999999999989,1.89,16184907.0,482072270.3,2.682,0.007227,0.008365,1.72,12.0024,10.0349,2.6436,0.8898,0.8756,0.033445,0.033445,4265714504.0,2239370754.0,1934870754.0,126051863593.0,66173405780.99999,家用电器,家用电器,白色家电,空调,31.9,26.1,0.0
2016-03-15,79.87,79.92,77.78,79.49,79.25,0.2399999999999948,0.3,11624030.0,342046187.8,2.682,0.005191,0.006008,1.13,12.039,10.0654,2.6517,0.8925,0.8783,0.033343,0.033343,4265714504.0,2239370754.0,1934870754.0,126435777899.0,66374949149.0,家用电器,家用电器,白色家电,空调,32.51,26.6,0.0
2016-03-16,79.41,79.41,78.05,78.48,79.49,-1.009999999999991,-1.27,7424657.000000001,217418592.1,2.682,0.003316,0.0038369999999999,0.69,11.8846,9.9364,2.6177,0.881,0.867,0.033777,0.033777,4265714504.0,2239370754.0,1934870754.0,124814806386.99998,65523988262.0,家用电器,家用电器,白色家电,空调,32.6,26.68,0.0
2016-03-17,79.15,80.43,78.93,80.06,78.48,1.5799999999999983,2.01,10487447.0,311932952.40000004,2.682,0.004683,0.00542,1.01,12.1243,10.1368,2.6705,0.8988,0.8845,0.033109,0.033109,4265714504.0,2239370754.0,1934870754.0,127331577943.99998,66845217007.0,家用电器,家用电器,白色家电,空调,32.19,26.33,0.0
2016-03-18,80.73,81.69,79.68,80.57,80.06,0.5099999999999909,0.64,24572539.0,738878003.9,2.682,0.010973,0.0127,2.36,12.2014,10.2013,2.6875,0.9045,0.8901,0.032899,0.032899,4265714504.0,2239370754.0,1934870754.0,128142063699.99998,67270697450.0,家用电器,家用电器,白色家电,空调,32.84,26.87,0.0
2016-03-21,80.86,82.04,80.51,81.48,80.57,0.9100000000000108,1.13,19835515.0,600612482.1999999,2.682,0.008858,0.0102519999999999,1.41,12.3395,10.3167,2.7179,0.9148,0.9002,0.032531,0.032531,4265714504.0,2239370754.0,1934870754.0,129592406632.0,68032083507.0,家用电器,家用电器,白色家电,空调,33.04,27.04,0.0
2016-03-22,81.67,83.01,81.24,81.91,81.48,0.4299999999999926,0.53,13510526.999999998,413263150.9,2.682,0.0060329999999999,0.006983,0.91,12.4045,10.3711,2.7322,0.9196,0.9049,0.032361,0.032361,4265714504.0,2239370754.0,1934870754.0,130274920952.0,68390382827.0,家用电器,家用电器,白色家电,空调,33.42,27.34,0.0
2016-03-23,81.24,82.07,80.41,81.21,81.91,-0.7000000000000028,-0.85,9657849.0,292222905.90000004,2.682,0.004313,0.004991,0.64,12.2989,10.2828,2.7089,0.9117,0.8972,0.032639,0.032639,4265714504.0,2239370754.0,1934870754.0,129165835181.00002,67808146431.0,家用电器,家用电器,白色家电,空调,33.59,27.49,0.0
2016-03-24,80.54,83.81,79.87,82.79,81.21,1.5800000000000125,1.95,21918238.0,666782859.0,2.682,0.009788,0.011328,1.4,12.5385,10.4831,2.7617,0.9295,0.9147,0.0320149999999999,0.0320149999999999,4265714504.0,2239370754.0,1934870754.0,131682606738.00002,69129375176.0,家用电器,家用电器,白色家电,空调,33.31,27.25,0.0
2016-03-25,82.07,84.91,81.96,84.21,82.79,1.4199999999999875,1.72,16853836.0,526500835.6,2.682,0.007526,0.008711,0.94,12.7538,10.6631,2.8091,0.9455,0.9304,0.031475,0.031475,4265714504.0,2239370754.0,1934870754.0,133943435426.0,70316241676.0,家用电器,家用电器,白色家电,空调,33.96,27.78,0.0
2016-03-28,85.85,86.55,81.8,82.07,84.21,-2.140000000000001,-2.54,25684031.0,803340048.7,2.682,0.0114609999999999,0.013263,1.57,10.2766,10.2766,2.6535,0.9432,0.9432,0.032289,0.032289,4267391228.0,2241047478.0,1936547478.0,130582171577.0,68576052827.0,家用电器,家用电器,白色家电,空调,34.54,28.26,0.0
2016-03-29,82.47,82.55,79.92,80.43,82.07,-1.6399999999999864,-2.0,16149949.0,488349312.0,2.682,0.007206,0.00834,0.92,10.0718,10.0718,2.6006,0.9244,0.9244,0.032946,0.032946,4267391228.0,2241047478.0,1936547478.0,127979062928.0,67209013865.0,家用电器,家用电器,白色家电,空调,33.66,27.54,0.0
2016-03-30,80.89,81.94,80.41,81.88,80.43,1.4499999999999886,1.8,19376003.0,586461151.6,2.682,0.008646,0.010005,1.07,10.2531,10.2531,2.6474,0.9411,0.9411,0.032363,0.032363,4267391228.0,2241047478.0,1936547478.0,130283454191.0,68419179503.0,家用电器,家用电器,白色家电,空调,32.99,26.99,0.0
2016-03-31,82.28,84.19,82.28,82.74,81.88,0.8599999999999994,1.05,20354021.0,631765079.9,2.682,0.009082,0.0105099999999999,1.02,10.3606,10.3606,2.6752,0.9509,0.9509,0.032027,0.032027,4267391228.0,2241047478.0,1936547478.0,131649019384.0,69136314696.0,家用电器,家用电器,白色家电,空调,33.58,27.48,0.0
2016-04-01,83.14,83.14,81.0,82.04,82.74,-0.6999999999999886,-0.85,10261031.0,313282077.2,2.682,0.004579,0.005299,0.52,10.2733,10.2733,2.6526,0.9429,0.9429,0.032299,0.032299,4267391228.0,2241047478.0,1936547478.0,130539497665.0,68553642352.0,家用电器,家用电器,白色家电,空调,33.94,27.77,0.0
2016-04-05,81.16,82.98,81.16,82.58,82.04,0.539999999999992,0.66,14647165.0,449341186.9,2.682,0.0065359999999999,0.0075639999999999,0.8,10.3404,10.3404,2.67,0.9491,0.9491,0.03209,0.03209,4267391228.0,2241047478.0,1936547478.0,131392975910.0,69001851848.0,家用电器,家用电器,白色家电,空调,33.65,27.53,0.0
2016-04-06,82.34,83.06,81.96,82.47,82.58,-0.1099999999999994,-0.13,11321474.0,348560313.0,2.682,0.005052,0.005846,0.7,10.327,10.327,2.6665,0.9479,0.9479,0.032131,0.032131,4267391228.0,2241047478.0,1936547478.0,131222280261.0,68912209949.0,家用电器,家用电器,白色家电,空调,33.87,27.71,0.0
2016-04-07,82.63,82.95,80.59,80.73,82.47,-1.7399999999999949,-2.11,14125067.000000002,429399313.6,2.682,0.006303,0.007294,0.93,10.1087,10.1087,2.6101,0.9278,0.9278,0.032825,0.032825,4267391228.0,2241047478.0,1936547478.0,128448475963.0,67455529088.0,家用电器,家用电器,白色家电,空调,33.83,27.68,0.0
2016-04-08,80.46,81.35,80.03,80.51,80.73,-0.2199999999999988,-0.27,8435194.0,253197759.4,2.682,0.003764,0.004356,0.6,10.0818,10.0818,2.6032,0.9254,0.9254,0.032913,0.032913,4267391228.0,2241047478.0,1936547478.0,128107084664.99998,67276245290.0,家用电器,家用电器,白色家电,空调,33.11,27.09,0.0
2016-04-11,81.08,81.94,81.0,81.53,80.51,1.019999999999996,1.27,15007610.999999998,456355575.9,2.682,0.006697,0.00775,1.28,10.2095,10.2095,2.6361,0.9371,0.9371,0.032501,0.032501,4267391228.0,2241047478.0,1936547478.0,129728693331.0,68127843331.00001,家用电器,家用电器,白色家电,空调,33.02,27.02,0.0
2016-04-12,81.53,81.91,81.0,81.69,81.53,0.1599999999999966,0.2,8291086.0,251867134.2,2.682,0.0037,0.004281,0.65,10.2296,10.2296,2.6413,0.9389,0.9389,0.032437,0.032437,4267391228.0,2241047478.0,1936547478.0,129984736805.0,68262306180.0,家用电器,家用电器,白色家电,空调,33.44,27.36,0.0
2016-04-13,82.07,83.36,81.85,82.28,81.69,0.5900000000000034,0.72,18590698.0,573945631.7,2.682,0.008296,0.0096,1.63,10.3035,10.3035,2.6604,0.9457,0.9457,0.032205,0.032205,4267391228.0,2241047478.0,1936547478.0,130923562875.0,68755336625.0,家用电器,家用电器,白色家电,空调,33.51,27.41,0.0
2016-04-14,82.58,83.33,82.34,82.93,82.28,0.6500000000000057,0.79,11793469.0,364153514.7,2.682,0.005262,0.00609,0.91,10.3841,10.3841,2.6812,0.9531,0.9531,0.031955,0.031955,4267391228.0,2241047478.0,1936547478.0,131947736769.99998,69293188020.0,家用电器,家用电器,白色家电,空调,33.75,27.61,0.0
2016-04-15,83.01,83.41,82.61,83.03,82.93,0.0999999999999943,0.12,8702882.0,269355551.7,2.682,0.0038829999999999,0.004494,0.7,10.3975,10.3975,2.6847,0.9543,0.9543,0.031913,0.031913,4267391228.0,2241047478.0,1936547478.0,132118432419.0,69382829919.0,家用电器,家用电器,白色家电,空调,34.01,27.83,0.0
2016-04-18,83.03,83.03,81.67,82.12,83.03,-0.9099999999999966,-1.1,9097038.0,278480445.5,2.682,0.004059,0.004698,0.73,10.2833,10.2833,2.6552,0.9438,0.9438,0.032268,0.032268,4267391228.0,2241047478.0,1936547478.0,130667519401.0,68620873776.0,家用电器,家用电器,白色家电,空调,34.06,27.86,0.0
2016-04-19,82.36,82.74,81.53,82.55,82.12,0.4299999999999926,0.52,7885010.000000001,240876603.0,2.682,0.003518,0.004072,0.7,10.3371,10.3371,2.6691,0.9488,0.9488,0.0321,0.0321,4267391228.0,2241047478.0,1936547478.0,131350301998.0,68979441373.0,家用电器,家用电器,白色家电,空调,33.68,27.56,0.0
2016-04-20,82.55,82.55,79.15,80.14,82.55,-2.4099999999999966,-2.92,20241714.0,606508917.0,2.682,0.009032,0.010452,1.81,10.0348,10.0348,2.591,0.921,0.921,0.033067,0.033067,4267391228.0,2241047478.0,1936547478.0,127509649893.0,66962498642.99999,家用电器,家用电器,白色家电,空调,33.86,27.7,0.0
2016-04-21,79.92,80.67,79.52,79.76,80.14,-0.3799999999999954,-0.47,8115302.0,242668317.0,2.682,0.0036209999999999,0.0041909999999999,0.7,9.9878,9.9878,2.5789,0.9167,0.9167,0.0332229999999999,0.0332229999999999,4267391228.0,2241047478.0,1936547478.0,126912215121.0,66648751996.0,家用电器,家用电器,白色家电,空调,32.87,26.89,0.0
2016-04-22,79.39,82.95,79.28,82.61,79.76,2.8499999999999943,3.57,14925479.999999998,455267184.9,2.682,0.00666,0.007707,1.38,10.3438,10.3438,2.6708,0.9494,0.9494,0.0320789999999999,0.0320789999999999,4267391228.0,2241047478.0,1936547478.0,131435649822.0,69024262322.0,家用电器,家用电器,白色家电,空调,32.71,26.77,0.0
2016-04-25,82.61,84.62,82.34,83.68,82.61,1.0700000000000074,1.3,21088323.0,659180191.4,2.682,0.00941,0.01089,1.75,10.4781,10.4781,2.7055,0.9617,0.9617,0.031668,0.031668,4267391228.0,2241047478.0,1936547478.0,133142606314.0,69920681314.0,家用电器,家用电器,白色家电,空调,33.88,27.72,0.0
2016-04-26,83.76,84.99,83.41,84.16,83.68,0.4799999999999897,0.57,10523476.0,330326171.90000004,2.682,0.004696,0.005434,0.73,10.5386,10.5386,2.7211,0.9673,0.9673,0.031486,0.031486,4267391228.0,2241047478.0,1936547478.0,133910736735.0,70324069860.0,家用电器,家用电器,白色家电,空调,34.32,28.08,0.0
2016-04-27,83.89,84.4,82.93,83.09,84.16,-1.0699999999999932,-1.27,10963294.0,341910714.1,2.682,0.004892,0.005661,0.73,10.4042,10.4042,2.6864,0.9549,0.9549,0.031893,0.031893,4267391228.0,2241047478.0,1936547478.0,132203780243.0,69427650868.0,家用电器,家用电器,白色家电,空调,34.52,28.24,0.0
2016-04-28,83.46,84.56,81.91,82.55,83.09,-0.5400000000000063,-0.65,13898550.0,429000121.4,2.682,0.006202,0.007177,1.06,10.3371,10.3371,2.6691,0.9488,0.9488,0.0321,0.0321,4267391228.0,2241047478.0,1936547478.0,131350301998.0,68979441373.0,家用电器,家用电器,白色家电,空调,34.08,27.88,0.0
2016-04-29,83.2,86.52,83.2,86.09,82.55,3.5400000000000063,4.29,25404055.0,809800974.3,2.682,0.0113359999999999,0.013118,1.78,10.7804,10.7804,2.7836,0.9895,0.9895,0.0307759999999999,0.0307759999999999,4267391228.0,2241047478.0,1936547478.0,136983258419.0,71937624044.0,家用电器,家用电器,白色家电,空调,33.86,27.7,0.0
2016-05-03,86.39,91.4,86.36,90.76,86.09,4.670000000000002,5.42,29626941.0,991403733.6,2.682,0.01322,0.015313,1.81,11.3647,10.8808,2.6813,1.0431,1.0748,0.029194,,4267391228.0,2241047478.0,1934720483.0,144408519156.0,75837046656.0,家用电器,家用电器,白色家电,空调,35.31,28.89,0.0
2016-05-04,89.31,90.62,87.97,88.4,90.76,-2.3599999999999994,-2.6,27683061.0,917913733.2,2.682,0.012353,0.014309,1.53,11.0692,10.5979,2.6116,1.016,1.0469,0.029973,,4267391228.0,2241047478.0,1934720483.0,140653214875.0,73864924875.0,家用电器,家用电器,白色家电,空调,37.22,30.46,0.0
2016-05-05,88.69,89.15,88.1,88.48,88.4,0.0799999999999983,0.09,19547683.0,644939341.7,2.682,0.008723,0.010104,0.91,11.0793,10.6075,2.614,1.0169,1.0478,0.029946,,4267391228.0,2241047478.0,1934720483.0,140781236612.0,73932156299.0,家用电器,家用电器,白色家电,空调,36.26,29.66,0.0
2016-05-06,87.57,88.28,84.98,84.98,88.49,-3.509999999999991,-3.97,38785799.0,804154759.6,4.176,0.011538,0.013365,1.67,10.2514,9.8149,2.6728,0.9409,0.9695,0.032364,0.039312,6401086842.0,3361571217.0,2902080724.0,130262117235.0,68407974266.0,家用电器,家用电器,白色家电,空调,23.31,19.07,0.0
2016-05-09,83.85,86.44,83.48,84.98,84.98,0.0,0.0,32284589.0,656633625.6999999,4.176,0.009604,0.011125,1.14,10.2514,9.8149,2.6728,0.9409,0.9695,0.032364,0.039312,6401086842.0,3361571217.0,2902080724.0,130262117235.0,68407974266.0,家用电器,家用电器,白色家电,空调,22.39,18.32,0.0
2016-05-10,85.19,90.16,84.15,88.03,84.98,3.049999999999997,3.59,48148741.0,1008644010.2,4.176,0.0143229999999999,0.016591,1.63,10.6192,10.167,2.7687,0.9747,1.0043,0.031243,0.037951,6401086842.0,3361571217.0,2902080724.0,134934910629.0,70861921254.0,家用电器,家用电器,白色家电,空调,22.39,18.32,0.0
2016-05-11,88.36,92.75,88.07,91.7,88.03,3.6700000000000017,4.17,58911732.99999999,1280862760.8,4.176,0.017525,0.0203,1.77,11.0625,10.5914,2.8842,1.0154,1.0462,0.029991,0.03643,6401086842.0,3361571217.0,2902080724.0,140567867050.0,73820103925.0,家用电器,家用电器,白色家电,空调,23.19,18.97,0.0
2016-05-12,90.2,94.17,88.95,91.45,91.7,-0.25,-0.27,40702798.0,895938410.2,4.176,0.012108,0.014025,1.03,11.0323,10.5625,2.8763,1.0126,1.0434,0.030073,0.03653,6401086842.0,3361571217.0,2902080724.0,140183801840.0,73618409652.0,家用电器,家用电器,白色家电,空调,24.16,19.76,0.0
2016-05-13,91.08,92.83,89.45,89.83,91.45,-1.6200000000000043,-1.77,21455461.0,467593178.9,4.176,0.006383,0.0073929999999999,0.49,10.8358,10.3744,2.8251,0.9946,1.0248,0.030619,0.0371919999999999,6401086842.0,3361571217.0,2902080724.0,137687377971.0,72307396878.0,家用电器,家用电器,白色家电,空调,24.09,19.71,0.0
2016-05-16,89.83,91.87,89.83,91.04,89.83,1.210000000000008,1.35,17884946.0,388807826.0,4.176,0.00532,0.0061629999999999,0.44,10.9819,10.5143,2.8632,1.008,1.0386,0.030211,0.036697,6401086842.0,3361571217.0,2902080724.0,139543693156.0,73282252531.0,家用电器,家用电器,白色家电,空调,23.66,19.36,0.0
2016-05-17,90.41,91.04,88.95,89.16,91.04,-1.8800000000000097,-2.07,18828846.0,404102261.2,4.176,0.005601,0.006488,0.5,10.7552,10.2972,2.8041,0.9872,1.0172,0.030848,0.037471,6401086842.0,3361571217.0,2902080724.0,136663204077.0,71769545483.0,家用电器,家用电器,白色家电,空调,23.98,19.62,0.0
2016-06-01,96.47,97.93,93.71,95.46,89.16,6.299999999999997,7.07,79182460.0,1815074214.0,4.176,0.023555,0.027285,2.51,11.5159,11.0255,3.0024,1.057,1.0891,0.028811,0.034996,6401086842.0,3361571217.0,2902080724.0,146328845208.0,76845518021.0,家用电器,家用电器,白色家电,空调,23.49,19.22,0.0
2016-06-02,94.84,95.55,93.38,94.21,95.46,-1.25,-1.31,38735296.0,873208177.3,4.176,0.011523,0.013347,1.09,11.3647,10.8808,2.963,1.0431,1.0748,0.029194,0.035461,6401086842.0,3361571217.0,2902080724.0,144408519156.0,75837046656.0,家用电器,家用电器,白色家电,空调,25.15,20.57,0.0
2016-06-03,94.21,97.01,93.75,96.38,94.21,2.1700000000000017,2.3,36714646.0,841547724.4,4.176,0.010922,0.0126509999999999,1.04,11.6267,11.1316,3.0313,1.0671,1.0996,0.028536,0.034662,6401086842.0,3361571217.0,2902080724.0,147737084313.0,77585063688.0,家用电器,家用电器,白色家电,空调,24.82,20.3,0.0
2016-06-06,96.47,100.35,96.05,99.1,96.38,2.719999999999999,2.82,44767955.0,1056676695.9,4.176,0.013318,0.015426,1.17,11.9541,11.4451,3.1167,1.0972,1.1306,0.0277539999999999,0.033713,6401086842.0,3361571217.0,2902080724.0,151897790761.0,79770084979.0,家用电器,家用电器,白色家电,空调,25.39,20.77,0.0
2016-06-07,99.1,99.51,96.05,96.59,99.1,-2.509999999999991,-2.53,37615544.0,872772122.8,4.176,0.01119,0.012962,0.86,11.6519,11.1557,3.0379,1.0695,1.102,0.028474,0.034587,6401086842.0,3361571217.0,2902080724.0,148057138655.0,77753142249.0,家用电器,家用电器,白色家电,空调,26.1,21.36,0.0
2016-06-08,96.05,96.05,93.96,94.71,96.59,-1.8800000000000097,-1.95,27385702.0,620325679.9,4.176,0.008147,0.009437,0.58,11.4252,10.9387,2.9788,1.0487,1.0805,0.029039,0.035273,6401086842.0,3361571217.0,2902080724.0,145176649577.0,76240435202.0,家用电器,家用电器,白色家电,空调,25.44,20.82,0.0
2016-06-13,93.58,95.34,92.92,93.12,94.71,-1.5899999999999892,-1.68,27585859.000000004,620447226.0,4.176,0.008206,0.009506,0.74,11.2338,10.7554,2.9289,1.0311,1.0624,0.0295339999999999,0.035874,6401086842.0,3361571217.0,2902080724.0,142744236577.0,74963038139.0,家用电器,家用电器,白色家电,空调,24.95,20.41,0.0
2016-06-14,93.12,94.75,92.33,94.29,93.12,1.1700000000000017,1.26,20476417.0,459586299.5,4.176,0.006091,0.007056,0.59,11.3748,10.8905,2.9657,1.044,1.0758,0.029168,0.03543,6401086842.0,3361571217.0,2902080724.0,144536540892.0,75904278080.0,家用电器,家用电器,白色家电,空调,24.53,20.07,0.0
2016-06-15,92.54,96.3,92.41,95.13,94.29,0.8399999999999892,0.89,28236018.0,641982565.0,4.176,0.0084,0.0097299999999999,0.89,11.4756,10.9869,2.9919,1.0533,1.0853,0.028912,0.035119,6401086842.0,3361571217.0,2902080724.0,145816758261.0,76576592323.0,家用电器,家用电器,白色家电,空调,24.84,20.32,0.0
2016-06-16,94.54,94.84,92.62,93.38,95.13,-1.75,-1.84,17580475.0,393835727.4,4.176,0.00523,0.006058,0.62,11.264,10.7844,2.9368,1.0339,1.0653,0.029455,0.035778,6401086842.0,3361571217.0,2902080724.0,143128301787.0,75164732412.0,家用电器,家用电器,白色家电,空调,25.06,20.5,0.0
2016-06-17,95.09,95.63,92.79,93.67,93.38,0.2900000000000062,0.31,27595876.0,622869397.6,4.176,0.008209,0.009509,1.14,11.2992,10.8181,2.946,1.0371,1.0686,0.029363,0.035667,6401086842.0,3361571217.0,2902080724.0,143576377866.0,75400042397.0,家用电器,家用电器,白色家电,空调,24.6,20.12,0.0
2016-06-20,92.96,96.17,92.75,95.88,93.67,2.2099999999999937,2.36,36062846.0,818210664.8000001,4.176,0.010728,0.0124269999999999,1.48,11.5662,11.0737,3.0156,1.0616,1.0939,0.028685,0.034843,6401086842.0,3361571217.0,2902080724.0,146968953892.0,77181675142.0,家用电器,家用电器,白色家电,空调,24.67,20.19,0.0
2016-06-21,96.01,96.67,94.5,94.88,95.88,-1.0,-1.04,23291425.0,534140250.8,4.176,0.0069289999999999,0.008026,0.9,11.4453,10.958,2.984,1.0505,1.0824,0.028988,0.035211,6401086842.0,3361571217.0,2902080724.0,145432693050.0,76374898050.0,家用电器,家用电器,白色家电,空调,25.26,20.66,0.0
2016-06-22,94.42,96.17,94.13,95.88,94.88,1.0,1.05,18079780.0,413277502.5,4.176,0.0053779999999999,0.00623,0.68,11.5662,11.0737,3.0156,1.0616,1.0939,0.028685,0.034843,6401086842.0,3361571217.0,2902080724.0,146968953892.0,77181675142.0,家用电器,家用电器,白色家电,空调,24.99,20.45,0.0
2016-06-23,95.84,96.17,94.38,94.8,95.88,-1.0799999999999983,-1.13,17928263.0,408680867.5,4.176,0.005333,0.006178,0.73,11.4353,10.9483,2.9814,1.0496,1.0815,0.029014,0.035242,6401086842.0,3361571217.0,2902080724.0,145304671313.0,76307666626.0,家用电器,家用电器,白色家电,空调,25.26,20.66,0.0
2016-06-24,94.96,97.01,93.96,95.34,94.8,0.5400000000000063,0.57,39087493.0,896873369.8,4.176,0.011628,0.013469,1.59,11.5007,11.011,2.9985,1.0556,1.0877,0.028848,0.035042,6401086842.0,3361571217.0,2902080724.0,146136812603.0,76744670884.0,家用电器,家用电器,白色家电,空调,24.97,20.43,0.0
2016-06-27,94.63,99.68,94.63,98.72,95.34,3.3799999999999955,3.55,41463643.0,972892318.6,4.176,0.012335,0.014288,1.54,11.9088,11.4017,3.1049,1.093,1.1263,0.02786,0.033841,6401086842.0,3361571217.0,2902080724.0,151321692945.0,79467543570.0,家用电器,家用电器,白色家电,空调,25.11,20.55,0.0
2016-06-28,98.22,98.22,95.92,97.51,98.72,-1.2099999999999935,-1.23,50758050.0,1180515157.3000002,4.176,0.0151,0.01749,1.81,11.7627,11.2618,3.0668,1.0796,1.1125,0.028206,0.034261,6401086842.0,3361571217.0,2902080724.0,149465377761.0,78492687917.0,家用电器,家用电器,白色家电,空调,26.0,21.28,0.0
2016-06-29,97.22,98.01,96.42,97.59,97.51,0.0799999999999983,0.08,31857127.0,741261901.1999999,4.176,0.009477,0.0109769999999999,0.95,11.7728,11.2715,3.0694,1.0806,1.1134,0.028182,0.034232,6401086842.0,3361571217.0,2902080724.0,149593399498.0,78559919341.0,家用电器,家用电器,白色家电,空调,25.69,21.02,0.0
2016-06-30,97.89,99.31,97.01,99.05,97.59,1.4599999999999935,1.5,51989503.0,1223986875.4,4.176,0.015466,0.017915,1.44,11.9491,11.4403,3.1154,1.0967,1.1301,0.027766,0.033727,6401086842.0,3361571217.0,2902080724.0,151833779892.0,79736469267.0,家用电器,家用电器,白色家电,空调,25.71,21.03,0.0
2016-07-01,99.35,102.85,99.35,100.56,99.05,1.5100000000000051,1.52,47416456.0,1150129066.5,4.176,0.014105,0.016339,1.1,12.1304,11.6139,3.1627,1.1134,1.1472,0.027351,0.0332229999999999,6401086842.0,3361571217.0,2902080724.0,154138171155.0,80946634905.0,家用电器,家用电器,白色家电,空调,26.09,21.35,0.0
2016-07-04,100.27,104.73,99.93,102.1,100.56,1.539999999999992,1.53,65046066.0,1598368616.6999998,4.176,0.01935,0.022414,1.46,12.3168,11.7924,3.2113,1.1305,1.1649,0.026937,0.03272,6401086842.0,3361571217.0,2902080724.0,156506573287.0,82190416256.0,家用电器,家用电器,白色家电,空调,26.49,21.67,0.0
2016-07-05,102.52,102.69,100.31,100.64,102.1,-1.4599999999999935,-1.43,42663992.0,1030258619.3,4.176,0.012692,0.0147009999999999,0.86,12.1405,11.6236,3.1653,1.1143,1.1482,0.027328,0.033195,6401086842.0,3361571217.0,2902080724.0,154266192892.0,81013866330.0,家用电器,家用电器,白色家电,空调,26.9,22.01,0.0
2016-07-06,100.43,102.14,99.64,101.81,100.64,1.1700000000000017,1.16,40593291.0,980967027.7,4.176,0.012076,0.013988,0.85,12.2816,11.7586,3.2021,1.1273,1.1615,0.027014,0.032814,6401086842.0,3361571217.0,2902080724.0,156058497208.0,81955106270.0,家用电器,家用电器,白色家电,空调,26.51,21.69,0.0
2016-07-07,102.1,104.23,101.6,102.06,101.81,0.25,0.25,59545975.0,1471120384.9,4.176,0.017714,0.020518,1.2,12.3118,11.7876,3.21,1.13,1.1644,0.026948,0.032733,6401086842.0,3361571217.0,2902080724.0,156442562418.0,82156800543.0,家用电器,家用电器,白色家电,空调,26.82,21.94,0.0
2016-07-08,102.81,103.36,100.43,100.85,102.06,-1.210000000000008,-1.19,37377178.0,907840166.6,4.176,0.011119,0.012879,0.73,12.1657,11.6477,3.1719,1.1166,1.1506,0.0272719999999999,0.033126,6401086842.0,3361571217.0,2902080724.0,154586247234.0,81181944891.0,家用电器,家用电器,白色家电,空调,26.88,22.0,0.0
2016-07-11,101.69,105.32,100.89,104.23,100.85,3.3800000000000097,3.35,66505082.99999999,1655500522.5,4.176,0.019784,0.022916,1.36,12.5737,12.0384,3.2783,1.1541,1.1892,0.026387,0.0320509999999999,6401086842.0,3361571217.0,2902080724.0,159771127576.0,83904817576.0,家用电器,家用电器,白色家电,空调,26.57,21.74,0.0
2016-07-12,104.61,114.67,104.32,114.67,104.23,10.439999999999998,10.02,115331093.0,3078897015.3,4.176,0.034309,0.039741,2.34,13.8331,13.2441,3.6066,1.2697,1.3083,0.023984,0.029133,6401086842.0,3361571217.0,2902080724.0,175773844681.0,92308745618.99998,家用电器,家用电器,白色家电,空调,27.46,22.46,0.0
2016-07-13,116.39,119.81,112.96,114.21,114.67,-0.4600000000000079,-0.4,89421783.0,2479972926.7000003,4.176,0.026601,0.030813,1.4,13.7777,13.1911,3.5922,1.2646,1.303,0.024081,0.0292499999999999,6401086842.0,3361571217.0,2902080724.0,175069725129.0,91938972785.0,家用电器,家用电器,白色家电,空调,30.21,24.71,0.0
2016-07-14,113.42,115.47,111.79,112.92,114.21,-1.289999999999992,-1.13,45623148.0,1237514554.1,4.176,0.0135719999999999,0.015721,0.62,13.6216,13.0415,3.5514,1.2502,1.2883,0.024357,0.029586,6401086842.0,3361571217.0,2902080724.0,173085388208.0,90896885708.00002,家用电器,家用电器,白色家电,空调,30.09,24.62,0.0
2016-07-15,113.0,123.48,113.0,119.64,112.92,6.719999999999999,5.95,86992561.0,2457773426.3,4.176,0.025879,0.029976,1.23,14.4326,13.8181,3.7629,1.3247,1.365,0.0229879999999999,0.027923,6401086842.0,3361571217.0,2902080724.0,183391138023.0,96309015366.99998,家用电器,家用电器,白色家电,空调,29.74,24.34,0.0
2016-07-18,118.56,122.32,116.97,118.85,119.64,-0.7900000000000063,-0.66,55213848.0,1577573104.4,4.176,0.016425,0.019026,0.68,14.3369,13.7264,3.7379,1.3159,1.3559,0.023142,0.02811,6401086842.0,3361571217.0,2902080724.0,182174931523.0,95670316835.99998,家用电器,家用电器,白色家电,空调,31.52,25.79,0.0
2016-07-19,118.26,119.22,113.21,114.63,118.85,-4.219999999999999,-3.55,60078343.00000001,1661231131.7,4.176,0.017872,0.0207019999999999,0.77,13.8281,13.2393,3.6053,1.2692,1.3078,0.023993,0.029144,6401086842.0,3361571217.0,2902080724.0,175709833813.0,92275129907.00002,家用电器,家用电器,白色家电,空调,31.31,25.61,0.0
2016-07-20,114.8,116.01,112.79,114.0,114.63,-0.6299999999999955,-0.55,31844826.0,867871970.9,4.176,0.009473,0.010973,0.47,13.7525,13.1669,3.5856,1.2623,1.3006,0.024125,0.029304,6401086842.0,3361571217.0,2902080724.0,174749670787.0,91770894224.0,家用电器,家用电器,白色家电,空调,30.2,24.71,0.0
2016-07-21,115.17,122.32,114.84,117.22,114.0,3.219999999999999,2.82,64280665.0,1825547525.0,4.176,0.019122,0.02215,1.15,14.1404,13.5383,3.6867,1.2979,1.3373,0.0234629999999999,0.0285,6401086842.0,3361571217.0,2902080724.0,179678507655.00003,94359304061.0,家用电器,家用电器,白色家电,空调,30.03,24.57,0.0
2016-07-22,117.35,118.18,112.75,113.92,117.22,-3.299999999999997,-2.82,52475526.0,1443097731.2,4.176,0.0156099999999999,0.018082,0.88,13.7425,13.1573,3.583,1.2613,1.2997,0.0241429999999999,0.0293259999999999,6401086842.0,3361571217.0,2902080724.0,174621649050.0,91703662800.0,家用电器,家用电器,白色家电,空调,30.88,25.26,0.0
2016-07-25,112.79,114.55,111.17,111.33,113.92,-2.5900000000000034,-2.27,47954066.0,1291139367.8,4.176,0.014265,0.016524,0.91,13.4301,12.8583,3.5015,1.2327,1.2702,0.024704,0.030008,6401086842.0,3361571217.0,2902080724.0,170652975207.99997,89619488644.99998,家用电器,家用电器,白色家电,空调,30.01,24.55,0.0
2016-07-26,111.46,115.38,110.25,115.01,111.33,3.680000000000007,3.31,63149661.0,1709602142.1999998,4.176,0.018786,0.02176,1.23,13.8734,13.2827,3.6171,1.2734,1.3121,0.023915,0.029049,6401086842.0,3361571217.0,2902080724.0,176285931629.0,92577671316.0,家用电器,家用电器,白色家电,空调,29.33,23.99,0.0
2016-07-27,115.26,115.68,110.08,112.58,115.01,-2.430000000000007,-2.11,61224193.99999999,1657006184.6,4.176,0.018213,0.021097,1.18,13.5813,13.003,3.5409,1.2465,1.2844,0.024429,0.029674,6401086842.0,3361571217.0,2902080724.0,172573301259.99997,90627960010.0,家用电器,家用电器,白色家电,空调,30.29,24.79,0.0
2016-07-28,112.58,118.51,111.92,116.01,112.58,3.430000000000007,3.05,80619290.0,2243058230.3,4.176,0.0239829999999999,0.02778,1.39,13.9943,13.3985,3.6486,1.2845,1.3235,0.023708,0.028798,6401086842.0,3361571217.0,2902080724.0,177822192471.0,93384448408.0,家用电器,家用电器,白色家电,空调,29.66,24.26,0.0
2016-07-29,116.01,120.27,114.92,117.76,116.01,1.75,1.51,72082505.0,2041009367.0,4.176,0.021443,0.024838,1.18,14.2059,13.601,3.7038,1.3039,1.3435,0.023355,0.028369,6401086842.0,3361571217.0,2902080724.0,180510648944.0,94796308319.0,家用电器,家用电器,白色家电,空调,30.56,25.0,0.0
2016-08-01,117.1,119.35,114.88,115.93,117.76,-1.8299999999999983,-1.55,47797885.0,1335042426.4,4.176,0.0142189999999999,0.01647,0.74,13.9843,13.3888,3.646,1.2835,1.3226,0.023725,0.028818,6401086842.0,3361571217.0,2902080724.0,177694170733.99997,93317216984.0,家用电器,家用电器,白色家电,空调,31.02,25.38,0.0
2016-08-02,115.59,115.84,112.63,115.26,115.93,-0.6700000000000017,-0.58,43686022.0,1192078736.9,4.176,0.012996,0.015053,0.67,13.9037,13.3116,3.625,1.2761,1.3149,0.023863,0.028986,6401086842.0,3361571217.0,2902080724.0,176669996839.0,92779365589.0,家用电器,家用电器,白色家电,空调,30.54,24.98,0.0
2016-08-03,114.51,117.26,113.88,116.97,115.26,1.7099999999999935,1.48,37767455.0,1048249166.5,4.176,0.011235,0.013014,0.62,14.1102,13.5094,3.6788,1.2951,1.3345,0.023513,0.028561,6401086842.0,3361571217.0,2902080724.0,179294442443.99997,94157609788.0,家用电器,家用电器,白色家电,空调,30.36,24.84,0.0
2016-08-04,116.3,117.43,114.97,115.63,116.97,-1.3400000000000034,-1.15,35255512.0,977595423.9,4.176,0.0104879999999999,0.012148,0.63,13.949,13.355,3.6368,1.2803,1.3192,0.0237849999999999,0.028891,6401086842.0,3361571217.0,2902080724.0,177246094655.0,93081906999.0,家用电器,家用电器,白色家电,空调,30.81,25.21,0.0
2016-08-05,115.47,118.85,115.09,116.8,115.63,1.1700000000000017,1.01,44837432.0,1259936292.9,4.176,0.013338,0.0154499999999999,0.95,14.0901,13.4901,3.6736,1.2932,1.3326,0.023547,0.028602,6401086842.0,3361571217.0,2902080724.0,179038398971.00003,94023146939.0,家用电器,家用电器,白色家电,空调,30.46,24.92,0.0
2016-08-08,116.76,116.76,113.5,115.63,116.8,-1.1700000000000017,-1.0,34470242.0,947532729.3,4.176,0.010254,0.011878,0.82,13.949,13.355,3.6368,1.2803,1.3192,0.0237849999999999,0.028891,6401086842.0,3361571217.0,2902080724.0,177246094655.0,93081906999.0,家用电器,家用电器,白色家电,空调,30.77,25.17,0.0
2016-08-09,116.47,117.14,114.13,116.22,115.63,0.5900000000000034,0.51,33570092.0,929091226.7,4.176,0.009986,0.011568,0.86,14.0195,13.4226,3.6552,1.2868,1.3259,0.023665,0.028746,6401086842.0,3361571217.0,2902080724.0,178142246813.0,93552526969.00002,家用电器,家用电器,白色家电,空调,30.46,24.92,0.0
2016-08-10,115.59,116.89,113.13,113.71,116.22,-2.510000000000005,-2.16,43563723.0,1196222227.7,4.176,0.012959,0.015011,1.17,13.7173,13.1332,3.5764,1.259,1.2973,0.024187,0.029379,6401086842.0,3361571217.0,2902080724.0,174301594708.0,91535584239.0,家用电器,家用电器,白色家电,空调,30.61,25.05,0.0
2016-08-11,113.84,115.22,113.42,113.75,113.71,0.0400000000000062,0.04,29570906.0,809177499.7,4.176,0.008797,0.01019,0.77,13.7223,13.138,3.5777,1.2595,1.2978,0.024178,0.029369,6401086842.0,3361571217.0,2902080724.0,174365605576.0,91569199951.00002,家用电器,家用电器,白色家电,空调,29.95,24.51,0.0
2016-08-12,113.75,114.21,110.25,112.92,113.75,-0.8299999999999983,-0.73,49373286.0,1323216763.7,4.176,0.014688,0.017013,1.33,13.6216,13.0415,3.5514,1.2502,1.2883,0.024357,0.029586,6401086842.0,3361571217.0,2902080724.0,173085388208.0,90896885708.00002,家用电器,家用电器,白色家电,空调,29.96,24.52,0.0
2016-08-15,112.96,117.05,111.29,116.59,112.92,3.6700000000000017,3.25,67775783.0,1862533921.1,4.176,0.020162,0.023354,1.78,14.0649,13.466,3.667,1.2909,1.3302,0.023589,0.0286529999999999,6401086842.0,3361571217.0,2902080724.0,178718344629.00003,93855068379.0,家用电器,家用电器,白色家电,空调,29.74,24.34,0.0
2016-08-16,116.97,121.73,116.97,118.39,116.59,1.7999999999999972,1.54,69474666.0,1990160778.8,4.176,0.020667,0.02394,1.55,14.2815,13.6734,3.7235,1.3108,1.3507,0.023231,0.0282189999999999,6401086842.0,3361571217.0,2902080724.0,181470811971.0,95300544002.0,家用电器,家用电器,白色家电,空调,30.71,25.13,0.0
2016-08-17,119.43,121.52,118.06,118.72,118.39,0.3299999999999983,0.28,45391157.0,1301493533.9,4.176,0.013503,0.015641,0.87,14.3218,13.712,3.734,1.3145,1.3545,0.023166,0.0281389999999999,6401086842.0,3361571217.0,2902080724.0,181982898918.0,95569469699.00002,家用电器,家用电器,白色家电,空调,31.19,25.52,0.0
2016-08-18,118.43,118.97,116.26,117.22,118.72,-1.5,-1.26,35350670.0,991996054.1,4.176,0.010516,0.0121809999999999,0.68,14.1404,13.5383,3.6867,1.2979,1.3373,0.0234629999999999,0.0285,6401086842.0,3361571217.0,2902080724.0,179678507655.00003,94359304061.0,家用电器,家用电器,白色家电,空调,31.27,25.59,0.0
2016-08-19,116.68,118.1,115.59,116.34,117.22,-0.8799999999999955,-0.75,27703782.0,772131780.8,4.176,0.008241,0.009546,0.52,14.0346,13.437,3.6591,1.2882,1.3273,0.0236399999999999,0.028715,6401086842.0,3361571217.0,2902080724.0,178334279417.99997,93653374105.99998,家用电器,家用电器,白色家电,空调,30.88,25.26,0.0
2016-08-22,116.34,116.34,114.09,114.51,116.34,-1.8299999999999983,-1.57,25824868.0,710455369.3000001,4.176,0.007682,0.008899,0.53,13.813,13.2248,3.6013,1.2678,1.3064,0.024019,0.029176,6401086842.0,3361571217.0,2902080724.0,175517801208.0,92174282770.0,家用电器,家用电器,白色家电,空调,30.65,25.07,0.0
2016-08-23,114.84,117.26,114.42,115.38,114.51,0.8699999999999903,0.76,27643936.0,767354041.3000001,4.176,0.008224,0.009526,0.68,13.9188,13.3261,3.6289,1.2775,1.3164,0.023837,0.028954,6401086842.0,3361571217.0,2902080724.0,176862029444.0,92880212726.0,家用电器,家用电器,白色家电,空调,30.16,24.68,0.0
2016-08-24,115.68,116.05,113.63,114.0,115.38,-1.3799999999999957,-1.2,22811351.0,624708703.5,4.176,0.0067859999999999,0.00786,0.7,13.7525,13.1669,3.5856,1.2623,1.3006,0.024125,0.029304,6401086842.0,3361571217.0,2902080724.0,174749670787.0,91770894224.0,家用电器,家用电器,白色家电,空调,30.39,24.87,0.0
2016-08-25,113.8,115.8,112.75,114.84,114.0,0.8400000000000034,0.74,22906820.0,625824416.5,4.176,0.006814,0.007893,0.82,13.8533,13.2634,3.6119,1.2715,1.3102,0.0239489999999999,0.029091,6401086842.0,3361571217.0,2902080724.0,176029888155.0,92443208468.0,家用电器,家用电器,白色家电,空调,30.03,24.57,0.0
2016-08-26,114.8,115.8,113.29,113.67,114.84,-1.1700000000000017,-1.02,20064586.0,550993563.0,4.176,0.0059689999999999,0.006914,0.79,13.7122,13.1284,3.5751,1.2586,1.2968,0.024196,0.02939,6401086842.0,3361571217.0,2902080724.0,174237583839.00003,91501968527.0,家用电器,家用电器,白色家电,空调,30.25,24.75,0.0
2016-08-29,113.5,114.13,112.25,112.96,113.67,-0.710000000000008,-0.62,21566295.0,583192655.8,4.176,0.006416,0.007431,0.9,13.6266,13.0464,3.5528,1.2507,1.2887,0.024348,0.029575,6401086842.0,3361571217.0,2902080724.0,173149399076.0,90930501420.00002,家用电器,家用电器,白色家电,空调,29.94,24.5,0.0
2016-08-30,112.96,113.59,111.54,112.21,112.96,-0.75,-0.66,24497489.0,658946903.8,4.176,0.007288,0.0084409999999999,1.07,13.5359,12.9596,3.5291,1.2424,1.2802,0.0245109999999999,0.029773,6401086842.0,3361571217.0,2902080724.0,171997203445.0,90325418600.99998,家用电器,家用电器,白色家电,空调,29.76,24.35,0.0
2016-08-31,112.96,115.59,112.88,114.42,112.21,2.210000000000008,1.97,36784708.0,1008493451.9,4.176,0.010868,0.010868,1.64,13.8543,12.6841,3.1815,1.2716,1.3191,0.023948,0.029089,6424934259.0,3384816909.0,3384816909.0,176043198697.0,92743983307.0,家用电器,家用电器,白色家电,空调,29.56,24.18,0.0
2016-09-01,114.13,115.34,113.38,114.71,114.42,0.289999999999992,0.25,25285622.0,693932731.7,4.176,0.00747,0.00747,1.0,13.8897,12.7165,3.1896,1.2749,1.3225,0.023887,0.029015,6424934259.0,3384816909.0,3384816909.0,176492944095.0,92980920490.0,家用电器,家用电器,白色家电,空调,30.14,24.66,0.0
2016-09-02,116.01,117.22,112.38,113.25,114.71,-1.4599999999999935,-1.27,37396799.0,1022135905.0,4.176,0.011048,0.011048,1.46,13.7128,12.5544,3.149,1.2586,1.3056,0.024195,0.029389,6424934259.0,3384816909.0,3384816909.0,174244217104.0,91796234572.0,家用电器,家用电器,白色家电,空调,30.22,24.72,0.0
2016-09-05,113.29,115.01,112.33,114.55,113.25,1.2999999999999972,1.15,28757195.0,786319447.3,4.176,0.008496,0.008496,0.99,13.8695,12.6979,3.185,1.273,1.3206,0.023921,0.029057,6424934259.0,3384816909.0,3384816909.0,176235946724.0,92845527814.0,家用电器,家用电器,白色家电,空调,29.83,24.41,0.0
2016-09-06,114.0,114.59,112.33,114.05,114.55,-0.5,-0.44,30546714.0,828005775.0,4.176,0.009025,0.009025,1.0,13.8088,12.6424,3.1711,1.2674,1.3148,0.024026,0.029185,6424934259.0,3384816909.0,3384816909.0,175464954613.0,92439349785.0,家用电器,家用电器,白色家电,空调,30.17,24.69,0.0
2016-09-07,113.96,114.34,113.21,113.71,114.05,-0.3400000000000034,-0.3,19284352.0,525836839.1,4.176,0.005697,0.005697,0.61,13.7684,12.6054,3.1618,1.2637,1.3109,0.024097,0.02927,6424934259.0,3384816909.0,3384816909.0,174950959873.0,92168564432.0,家用电器,家用电器,白色家电,空调,30.04,24.58,0.0
2016-09-08,113.71,114.63,113.13,113.63,113.71,-0.0799999999999983,-0.07,20133941.0,548851311.2,4.176,0.005948,0.005948,0.71,13.7583,12.5961,3.1595,1.2628,1.31,0.024115,0.029292,6424934259.0,3384816909.0,3384816909.0,174822461187.0,92100868094.0,家用电器,家用电器,白色家电,空调,29.95,24.51,0.0
2016-09-09,113.88,113.88,112.67,112.84,113.63,-0.789999999999992,-0.7,18190721.0,492979435.0,4.176,0.005374,0.005374,0.67,13.6622,12.5081,3.1374,1.254,1.3008,0.024284,0.029498,6424934259.0,3384816909.0,3384816909.0,173601723678.0,91457752881.0,家用电器,家用电器,白色家电,空调,29.93,24.49,0.0
2016-09-12,111.67,111.67,109.04,109.79,112.84,-3.049999999999997,-2.7,35950103.0,947670606.1,4.176,0.010621,0.010621,1.54,13.2931,12.1702,3.0526,1.2201,1.2657,0.024959,0.0303169999999999,6424934259.0,3384816909.0,3384816909.0,168911521669.0,88986836538.0,家用电器,家用电器,白色家电,空调,29.72,24.32,0.0
2016-09-13,110.5,110.87,109.7,110.0,109.79,0.2099999999999937,0.19,16457279.999999998,434327968.6,4.176,0.004862,0.004862,0.66,13.3184,12.1934,3.0584,1.2224,1.2681,0.024911,0.030259,6424934259.0,3384816909.0,3384816909.0,169232768382.0,89156077383.0,家用电器,家用电器,白色家电,空调,28.92,23.66,0.0
2016-09-14,109.45,109.45,105.15,106.07,110.0,-3.930000000000007,-3.57,39798629.0,1021454467.6,4.176,0.011758,0.011758,1.81,12.8431,11.7582,2.9493,1.1788,1.2228,0.025833,0.031379,6424934259.0,3384816909.0,3384816909.0,163193330179.0,85974349489.0,家用电器,家用电器,白色家电,空调,28.97,23.71,0.0
2016-09-19,106.07,109.62,106.03,108.58,106.07,2.510000000000005,2.37,26556893.0,690391436.2,4.176,0.004188,0.006482,1.02,13.1464,12.036,3.019,1.2066,1.2517,0.025237,0.030655,6424934259.0,6341691909.0,4097316909.0,167048290734.0,164883989634.0,家用电器,家用电器,白色家电,空调,27.94,22.86,0.0
2016-09-20,108.91,108.91,107.49,108.2,108.58,-0.3799999999999954,-0.35,9971872.0,258218038.2,4.176,0.001572,0.002434,0.36,13.1009,11.9943,3.0085,1.2025,1.2474,0.025325,0.030762,6424934259.0,6341691909.0,4097316909.0,166470046651.0,164313237362.0,家用电器,家用电器,白色家电,空调,28.6,23.4,0.0
2016-09-21,108.62,108.78,108.07,108.45,108.2,0.25,0.23,9294078.0,241438466.8,4.176,0.001466,0.002268,0.36,13.1313,12.0221,3.0155,1.2052,1.2503,0.025266,0.03069,6424934259.0,6341691909.0,4097316909.0,166855542706.0,164693738877.0,家用电器,家用电器,白色家电,空调,28.5,23.32,0.0
2016-09-22,108.99,109.95,108.28,109.2,108.45,0.75,0.69,22010478.0,575505646.5,4.176,0.003471,0.005372,1.08,13.2223,12.1054,3.0364,1.2136,1.2589,0.025092,0.030479,6424934259.0,6341691909.0,4097316909.0,168012030873.0,165835243420.0,家用电器,家用电器,白色家电,空调,28.57,23.37,0.0
2016-09-23,109.45,110.08,109.08,109.66,109.2,0.4599999999999937,0.42,13288004.0,348663690.40000004,4.176,0.002095,0.003243,0.62,13.2779,12.1563,3.0491,1.2187,1.2642,0.024987,0.030352,6424934259.0,6341691909.0,4097316909.0,168718773641.00003,166532829530.0,家用电器,家用电器,白色家电,空调,28.77,23.54,0.0
2016-09-26,109.62,109.87,108.58,108.66,109.66,-1.0,-0.91,11500682.0,301076065.79999995,4.176,0.001814,0.002807,0.71,13.1566,12.0452,3.0213,1.2076,1.2527,0.0252179999999999,0.030631,6424934259.0,6341691909.0,4097316909.0,167176789419.0,165010823472.0,家用电器,家用电器,白色家电,空调,28.89,23.63,0.0
2016-09-27,107.99,109.41,107.57,109.24,108.66,0.5799999999999983,0.53,10749633.0,279575534.1,4.176,0.001695,0.002624,0.81,13.2273,12.11,3.0375,1.2141,1.2594,0.025083,0.030468,6424934259.0,6341691909.0,4097316909.0,168076280215.0,165898660339.0,家用电器,家用电器,白色家电,空调,28.62,23.42,0.0
2016-09-28,109.58,110.25,109.08,109.37,109.24,0.1300000000000096,0.12,11223630.0,294764802.1,4.176,0.0017699999999999,0.0027389999999999,0.84,13.2425,12.1239,3.041,1.2155,1.2609,0.025054,0.0304329999999999,6424934259.0,6341691909.0,4097316909.0,168269028243.0,166088911097.0,家用电器,家用电器,白色家电,空调,28.78,23.54,0.0
2016-09-29,109.79,110.87,109.41,110.66,109.37,1.289999999999992,1.18,12280360.0,324708060.2,4.176,0.001936,0.002997,0.89,13.3993,12.2674,3.077,1.2298,1.2758,0.024761,0.030077,6424934259.0,6341691909.0,4097316909.0,170260757864.0,168054835589.0,家用电器,家用电器,白色家电,空调,28.81,23.57,0.0
2016-09-30,111.04,113.46,110.71,112.79,110.66,2.1300000000000097,1.92,20465989.0,552535509.5,4.176,0.003227,0.004995,1.73,13.6571,12.5035,3.1362,1.2535,1.3004,0.024293,0.0295089999999999,6424934259.0,6341691909.0,4097316909.0,173537474336.0,171289098462.0,家用电器,家用电器,白色家电,空调,29.15,23.85,0.0
2016-10-10,113.5,113.59,110.75,112.54,112.79,-0.25,-0.22,25921181.0,696636601.3,4.176,0.004087,0.006326,1.96,13.6268,12.4757,3.1293,1.2507,1.2975,0.0243469999999999,0.029574,6424934259.0,6341691909.0,4097316909.0,173151978280.00003,170908596948.0,家用电器,家用电器,白色家电,空调,29.71,24.31,0.0
2016-10-11,112.33,113.34,111.42,112.75,112.54,0.2099999999999937,0.19,22004789.0,592389006.0,4.176,0.0034699999999999,0.005371,1.36,13.6521,12.4989,3.1351,1.253,1.2999,0.024302,0.02952,6424934259.0,6341691909.0,4097316909.0,173473224993.0,171225681543.0,家用电器,家用电器,白色家电,空调,29.65,24.26,0.0
2016-10-12,112.67,112.67,111.75,111.96,112.75,-0.7900000000000063,-0.7,12125548.0,325080754.5,4.176,0.001912,0.002959,0.66,13.556,12.4109,3.113,1.2442,1.2907,0.0244749999999999,0.029729,6424934259.0,6341691909.0,4097316909.0,172252487484.0,170020760080.0,家用电器,家用电器,白色家电,空调,29.7,24.3,0.0
2016-10-13,112.21,112.21,109.79,109.83,111.96,-2.1299999999999955,-1.9,22568949.0,597663597.5,4.176,0.003559,0.005508,1.22,13.2981,12.1748,3.0538,1.2206,1.2662,0.024949,0.030305,6424934259.0,6341691909.0,4097316909.0,168975771012.0,166786497207.0,家用电器,家用电器,白色家电,空调,29.49,24.13,0.0
2016-10-14,109.91,110.75,109.62,110.12,109.83,0.2900000000000062,0.26,17300794.0,456589383.7,4.176,0.002728,0.004222,0.84,13.3335,12.2072,3.0619,1.2238,1.2695,0.024883,0.030225,6424934259.0,6341691909.0,4097316909.0,169425516410.0,167230415640.0,家用电器,家用电器,白色家电,空调,28.93,23.67,0.0
2016-10-17,110.58,110.79,109.45,109.7,110.12,-0.4200000000000017,-0.38,14033212.0,370332583.6,4.176,0.002213,0.003425,0.7,13.283,12.161,3.0503,1.2192,1.2647,0.0249779999999999,0.03034,6424934259.0,6341691909.0,4097316909.0,168783022984.0,166596246449.0,家用电器,家用电器,白色家电,空调,29.01,23.73,0.0
2016-10-18,108.99,110.08,108.78,110.04,109.7,0.3400000000000034,0.31,22703193.0,594479906.3000001,4.176,0.00358,0.005541,1.29,13.3234,12.198,3.0596,1.2229,1.2686,0.024902,0.030248,6424934259.0,6341691909.0,4097316909.0,169297017725.0,167103581802.0,家用电器,家用电器,白色家电,空调,28.9,23.64,0.0
2016-10-19,110.08,110.2,108.91,109.16,110.04,-0.8800000000000097,-0.8,15399856.0,403273965.3,4.176,0.002428,0.003759,0.87,13.2172,12.1008,3.0352,1.2131,1.2585,0.025102,0.030491,6424934259.0,6341691909.0,4097316909.0,167947781530.0,165771826501.0,家用电器,家用电器,白色家电,空调,28.99,23.72,0.0
2016-10-20,109.16,110.0,108.53,109.62,109.16,0.4600000000000079,0.42,15570390.0,407467350.3,4.176,0.002455,0.0038,0.85,13.2729,12.1517,3.048,1.2182,1.2638,0.024997,0.030363,6424934259.0,6341691909.0,4097316909.0,168654524299.00003,166469412611.0,家用电器,家用电器,白色家电,空调,28.75,23.53,0.0
2016-10-21,109.33,110.79,109.24,110.16,109.62,0.539999999999992,0.49,23097359.0,608799355.5,4.176,0.003642,0.005637,1.36,13.3386,12.2119,3.0631,1.2243,1.27,0.024874,0.030213,6424934259.0,6341691909.0,4097316909.0,169489765752.0,167293832559.0,家用电器,家用电器,白色家电,空调,28.88,23.63,0.0
2016-10-24,110.79,111.71,110.2,111.33,110.16,1.1700000000000017,1.06,34696954.0,922414258.2,4.176,0.005471,0.008468,1.91,13.4802,12.3415,3.0956,1.2373,1.2835,0.024612,0.029896,6424934259.0,6341691909.0,4097316909.0,171288747344.99997,169069506294.0,家用电器,家用电器,白色家电,空调,29.02,23.74,0.0
2016-10-25,111.33,112.25,110.79,111.92,111.33,0.5900000000000034,0.53,29063381.0,777320449.6,4.176,0.004583,0.007093,1.3,13.551,12.4063,3.1118,1.2438,1.2902,0.024484,0.02974,6424934259.0,6341691909.0,4097316909.0,172188238141.0,169957343161.0,家用电器,家用电器,白色家电,空调,29.33,23.99,0.0
2016-10-26,111.92,112.13,111.04,111.37,111.92,-0.5499999999999972,-0.49,18388687.0,491053877.3,4.176,0.0029,0.004488,0.78,13.4852,12.3461,3.0968,1.2377,1.284,0.024603,0.029885,6424934259.0,6341691909.0,4097316909.0,171352996688.0,169132923213.0,家用电器,家用电器,白色家电,空调,29.48,24.12,0.0
2016-10-27,111.33,111.5,110.25,111.42,111.37,0.0499999999999971,0.04,12449359.0,330062958.4,4.176,0.001963,0.003038,0.52,13.4903,12.3508,3.0979,1.2382,1.2845,0.024594,0.029874,6424934259.0,6341691909.0,4097316909.0,171417246030.0,169196340132.0,家用电器,家用电器,白色家电,空调,29.34,24.0,0.0
2016-10-28,111.25,112.04,110.62,111.75,111.42,0.3299999999999983,0.3,20745154.0,553742337.9000001,4.176,0.003271,0.005063,0.88,13.5307,12.3878,3.1072,1.2419,1.2883,0.02452,0.029784,6424934259.0,6341691909.0,4097316909.0,171931240771.0,169703675485.0,家用电器,家用电器,白色家电,空调,29.35,24.01,0.0
2016-10-31,112.17,113.55,111.37,113.38,111.75,1.6299999999999957,1.46,41947232.0,1131912604.0,4.176,0.0066149999999999,0.010238,1.82,13.7279,12.028,2.9877,1.26,1.2161,0.024071,0.029239,6424934259.0,6341691909.0,4097316909.0,174436965132.0,172176935329.00003,家用电器,家用电器,白色家电,空调,29.44,24.08,0.0
2016-11-01,113.59,116.55,113.46,115.97,113.38,2.5900000000000034,2.28,40892220.0,1127865216.0,4.176,0.006448,0.00998,1.67,14.0414,12.3026,3.0559,1.2888,1.2438,0.023534,0.028586,6424934259.0,6341691909.0,4097316909.0,178420424372.0,176108784313.0,家用电器,家用电器,白色家电,空调,29.87,24.44,0.0
2016-11-02,115.72,115.72,114.0,114.76,115.97,-1.2099999999999935,-1.04,23445241.0,645368478.0,4.176,0.0036969999999999,0.005722,0.87,13.8948,12.1742,3.024,1.2753,1.2308,0.023782,0.0288879999999999,6424934259.0,6341691909.0,4097316909.0,176557193437.0,174269693659.0,家用电器,家用电器,白色家电,空调,30.55,24.99,0.0
2016-11-03,114.0,115.63,114.0,114.42,114.76,-0.3400000000000034,-0.3,15732378.0,433094867.0,4.176,0.0024809999999999,0.00384,0.56,13.8543,12.1387,3.0152,1.2716,1.2273,0.023852,0.028972,6424934259.0,6341691909.0,4097316909.0,176043198697.0,173762358307.0,家用电器,家用电器,白色家电,空调,30.23,24.73,0.0
2016-11-04,114.0,115.09,112.67,112.71,114.42,-1.710000000000008,-1.49,20128149.0,547120477.0,4.176,0.003174,0.004913,0.7,13.647,11.9571,2.9701,1.2526,1.2089,0.024214,0.0294119999999999,6424934259.0,6341691909.0,4097316909.0,173408975650.0,171162264624.0,家用电器,家用电器,白色家电,空调,30.14,24.66,0.0
2016-11-07,112.84,113.17,111.75,112.54,112.71,-0.1699999999999875,-0.15,14285566.0,384758705.0,4.176,0.002253,0.003487,0.5,13.6268,11.9394,2.9657,1.2507,1.2071,0.0242499999999999,0.029456,6424934259.0,6341691909.0,4097316909.0,173151978280.00003,170908596948.0,家用电器,家用电器,白色家电,空调,29.69,24.29,0.0
2016-11-08,112.88,115.26,112.88,114.42,112.54,1.879999999999996,1.67,18522343.0,506591227.0,4.176,0.002921,0.004521,0.81,13.8543,12.1387,3.0152,1.2716,1.2273,0.023852,0.028972,6424934259.0,6341691909.0,4097316909.0,176043198697.0,173762358307.0,家用电器,家用电器,白色家电,空调,29.65,24.26,0.0
2016-11-09,114.8,114.8,112.33,113.5,114.42,-0.9200000000000016,-0.8,21096697.0,573731132.0,4.176,0.003327,0.005149,1.15,13.7431,12.0413,2.991,1.2614,1.2174,0.024045,0.029207,6424934259.0,6341691909.0,4097316909.0,174629713160.0,172367186087.0,家用电器,家用电器,白色家电,空调,30.14,24.66,0.0
2016-11-10,114.0,115.84,114.0,115.13,113.5,1.6299999999999957,1.44,22722922.0,627256004.0,4.176,0.003583,0.005546,1.27,13.9403,12.214,3.0339,1.2795,1.2349,0.0237049999999999,0.028794,6424934259.0,6341691909.0,4097316909.0,177135437520.99997,174840445931.0,家用电器,家用电器,白色家电,空调,29.9,24.46,0.0
2016-11-11,115.05,115.68,113.96,114.55,115.13,-0.5799999999999983,-0.5,19100786.0,524189184.0,4.176,0.003012,0.004662,0.99,13.8695,12.152,3.0185,1.273,1.2286,0.023826,0.02894,6424934259.0,6341691909.0,4097316909.0,176235946724.0,173952609064.0,家用电器,家用电器,白色家电,空调,30.33,24.81,0.0
2016-11-14,115.09,115.38,112.67,113.17,114.55,-1.3799999999999957,-1.2,32829345.0,893464369.0,4.176,0.005177,0.008012,1.71,13.7026,12.0058,2.9822,1.2577,1.2138,0.024116,0.029293,6424934259.0,6341691909.0,4097316909.0,174115718419.0,171859850733.99997,家用电器,家用电器,白色家电,空调,30.17,24.69,0.0
2016-11-15,112.96,113.13,112.21,112.75,113.17,-0.4200000000000017,-0.37,23755301.0,639687083.0,4.176,0.0037459999999999,0.005798,1.04,13.6521,11.9615,2.9712,1.253,1.2093,0.024205,0.029401,6424934259.0,6341691909.0,4097316909.0,173473224993.0,171225681543.0,家用电器,家用电器,白色家电,空调,29.81,24.39,0.0
2016-11-16,112.75,113.04,112.17,112.5,112.75,-0.25,-0.22,11325381.0,305149838.0,4.176,0.001786,0.002764,0.47,13.6217,11.9349,2.9646,1.2503,1.2066,0.024259,0.029467,6424934259.0,6341691909.0,4097316909.0,173087728937.0,170845180028.0,家用电器,家用电器,白色家电,空调,29.7,24.3,0.0
2016-11-17,112.75,113.5,112.13,112.75,112.5,0.25,0.22,16811777.0,453307123.0,4.176,0.002651,0.004103,0.77,13.6521,11.9615,2.9712,1.253,1.2093,0.024205,0.029401,6424934259.0,6341691909.0,4097316909.0,173473224993.0,171225681543.0,家用电器,家用电器,白色家电,空调,29.63,24.25,0.0
2016-11-18,112.84,113.67,112.46,113.29,112.75,0.5400000000000063,0.48,14911388.0,403465285.0,4.176,0.002351,0.003639,0.72,13.7178,12.0191,2.9855,1.2591,1.2152,0.024089,0.029261,6424934259.0,6341691909.0,4097316909.0,174308466446.99997,172050101490.99997,家用电器,家用电器,白色家电,空调,29.7,24.3,0.0
2016-11-21,113.29,116.01,113.29,115.17,113.29,1.879999999999996,1.66,35242593.0,970001577.0,4.176,0.0055569999999999,0.008601,1.77,13.9453,12.2185,3.035,1.28,1.2353,0.023696,0.028783,6424934259.0,6341691909.0,4097316909.0,177199686862.99997,174903862850.0,家用电器,家用电器,白色家电,空调,29.84,24.42,0.0
2016-11-22,115.3,116.01,114.42,114.59,115.17,-0.5799999999999983,-0.5,17065789.0,470056101.0,4.176,0.002691,0.0041649999999999,0.84,13.8746,12.1564,3.0196,1.2735,1.229,0.0238169999999999,0.0289299999999999,6424934259.0,6341691909.0,4097316909.0,176300196067.0,174016025983.0,家用电器,家用电器,白色家电,空调,30.34,24.82,0.0
2016-11-23,114.71,117.76,114.71,117.14,114.59,2.549999999999997,2.23,45671206.0,1277341747.0,4.176,0.0072019999999999,0.011147,2.39,14.183,12.4267,3.0867,1.3018,1.2564,0.023299,0.028301,6424934259.0,6341691909.0,4097316909.0,180219405965.00003,177884458046.99997,家用电器,家用电器,白色家电,空调,30.18,24.7,0.0
2016-11-24,116.09,123.19,115.63,121.02,117.14,3.879999999999996,3.31,77506821.0,2227223879.0,4.176,0.012222,0.018916,2.99,14.6532,12.8387,3.1891,1.3449,1.298,0.022551,0.027393,6424934259.0,6341691909.0,4097316909.0,186194594826.0,183782231523.0,家用电器,家用电器,白色家电,空调,30.86,25.25,0.0
2016-11-25,120.64,122.36,117.76,121.1,121.02,0.0799999999999983,0.07,35865533.0,1035308658.0,4.176,0.005656,0.008753,0.94,14.6633,12.8476,3.1913,1.3459,1.2989,0.022536,0.027374,6424934259.0,6341691909.0,4097316909.0,186323093511.0,183909065361.0,家用电器,家用电器,白色家电,空调,31.88,26.08,0.0
2016-11-28,122.57,127.33,120.27,125.78,121.1,4.680000000000007,3.86,80168715.0,2371494707.0,4.176,0.012642,0.019566,1.9,15.2297,13.3437,3.3145,1.3978,1.3491,0.021698,0.026356,6424934259.0,6341691909.0,4097316909.0,193519019881.0,191011760299.0,家用电器,家用电器,白色家电,空调,31.9,26.1,0.0
2016-11-29,125.28,134.68,124.74,131.42,125.78,5.639999999999986,4.48,120873013.0,3777693476.0,4.176,0.01906,0.029501,2.36,15.9123,13.9418,3.4631,1.4605,1.4095,0.020767,0.025225,6424934259.0,6341691909.0,4097316909.0,202192681131.0,199573044376.00003,家用电器,家用电器,白色家电,空调,33.13,27.11,0.0
2016-11-30,129.83,130.75,125.86,126.45,131.42,-4.969999999999985,-3.78,60767554.0,1851255104.0,4.176,0.009582,0.014831,0.84,15.3106,13.4146,3.3321,1.4053,1.3562,0.021583,0.026217,6424934259.0,6341691909.0,4097316909.0,194547009363.0,192026431005.0,家用电器,家用电器,白色家电,空调,34.62,28.32,0.0
2016-12-01,130.71,134.47,126.95,128.83,126.45,2.3800000000000097,1.88,90766574.0,2828150395.0,4.176,0.014313,0.022153,1.21,15.5988,13.6671,3.3949,1.4317,1.3818,0.0211839999999999,0.0257319999999999,6424934259.0,6341691909.0,4097316909.0,198209221890.0,195641195393.0,家用电器,家用电器,白色家电,空调,33.31,27.25,0.0
2016-12-02,129.46,129.46,123.36,124.74,128.83,-4.090000000000018,-3.17,50794271.0,1521112059.0,4.176,0.00801,0.012397,0.65,15.1032,13.233,3.287,1.3862,1.3379,0.021879,0.026576,6424934259.0,6341691909.0,4097316909.0,191912786316.0,189426337322.0,家用电器,家用电器,白色家电,空调,33.94,27.77,0.0
2016-12-05,118.56,122.27,118.18,119.52,124.74,-5.219999999999999,-4.18,58194538.0,1672072989.0,4.176,0.009177,0.0142029999999999,0.72,14.4712,12.6792,3.1495,1.3282,1.2819,0.022835,0.0277369999999999,6424934259.0,6341691909.0,4097316909.0,183881618493.0,181499222436.0,家用电器,家用电器,白色家电,空调,32.86,26.88,0.0
2016-12-06,120.35,122.86,120.23,120.56,119.52,1.0400000000000065,0.87,32569360.0,948520347.0,4.176,0.0051359999999999,0.007949,0.43,14.5976,12.79,3.177,1.3398,1.2931,0.022637,0.0274969999999999,6424934259.0,6341691909.0,4097316909.0,185487852057.0,183084645413.0,家用电器,家用电器,白色家电,空调,31.48,25.76,0.0
2016-12-07,120.64,122.02,119.93,120.64,120.56,0.0799999999999983,0.07,23746911.0,687204388.0,4.176,0.003745,0.005796,0.41,14.6077,12.7988,3.1792,1.3408,1.294,0.022622,0.027478,6424934259.0,6341691909.0,4097316909.0,185616350743.0,183211479251.0,家用电器,家用电器,白色家电,空调,31.76,25.98,0.0
2016-12-08,121.27,122.57,120.69,121.56,120.64,0.9200000000000016,0.76,26205361.0,763643730.0,4.176,0.004132,0.006396,0.51,14.719,12.8963,3.2034,1.351,1.3038,0.022451,0.02727,6424934259.0,6341691909.0,4097316909.0,187029836279.0,184606651471.00003,家用电器,家用电器,白色家电,空调,31.78,26.0,0.0
2016-12-09,122.02,127.62,121.65,126.03,121.56,4.469999999999999,3.68,61417364.0,1840673511.0,4.176,0.009685,0.01499,1.6,15.26,13.3703,3.3211,1.4006,1.3518,0.021655,0.026303,6424934259.0,6341691909.0,4097316909.0,193904515937.0,191392261814.0,家用电器,家用电器,白色家电,空调,32.02,26.2,0.0
2016-12-12,125.07,125.28,121.86,122.32,126.03,-3.710000000000008,-2.94,34994743.0,1034597366.0,4.176,0.0055179999999999,0.008541,0.87,14.81,12.976,3.2232,1.3593,1.3119,0.022313,0.027103,6424934259.0,6341691909.0,4097316909.0,188186324446.0,185748156015.0,家用电器,家用电器,白色家电,空调,33.2,27.16,0.0
2016-12-13,121.35,123.19,118.51,120.27,122.32,-2.049999999999997,-1.68,39018212.0,1126343750.0,4.176,0.006153,0.009523,1.09,14.5622,12.7589,3.1693,1.3366,1.29,0.022692,0.027564,6424934259.0,6341691909.0,4097316909.0,185038106659.0,182640726979.0,家用电器,家用电器,白色家电,空调,32.22,26.36,0.0
2016-12-14,120.48,121.61,118.6,118.6,120.27,-1.6700000000000017,-1.39,20756608.0,596990525.0,4.176,0.003273,0.005066,0.56,14.36,12.5817,3.1252,1.318,1.272,0.023012,0.0279519999999999,6424934259.0,6341691909.0,4097316909.0,182468132956.0,180104050216.0,家用电器,家用电器,白色家电,空调,31.68,25.92,0.0
2016-12-15,118.1,118.18,114.84,116.22,118.6,-2.3799999999999955,-2.01,29346213.0,818175209.0,4.176,0.004628,0.0071619999999999,0.8,14.0718,12.3292,3.0625,1.2916,1.2465,0.023483,0.028525,6424934259.0,6341691909.0,4097316909.0,178805920428.00003,176489285827.0,家用电器,家用电器,白色家电,空调,31.24,25.56,0.0
2016-12-16,116.51,121.94,116.51,121.94,116.22,5.719999999999999,4.92,38413579.0,1090722532.0,4.176,0.006057,0.009375,1.04,14.7645,12.9362,3.2133,1.3551,1.3079,0.022381,0.027186,6424934259.0,6341691909.0,4097316909.0,187608080363.0,185177403743.0,家用电器,家用电器,白色家电,空调,30.61,25.05,0.0
2016-12-19,121.1,122.36,119.68,120.48,121.94,-1.4599999999999935,-1.2,21110573.0,612115048.0,4.176,0.003329,0.005152,0.65,14.5875,12.7811,3.1748,1.3389,1.2922,0.022653,0.027516,6424934259.0,6341691909.0,4097316909.0,185359353372.0,182957811575.0,家用电器,家用电器,白色家电,空调,32.12,26.28,0.0
2016-12-20,120.44,121.23,117.01,117.89,120.48,-2.5900000000000034,-2.15,21744842.0,618197955.0,4.176,0.0034289999999999,0.0053069999999999,0.73,14.274,12.5064,3.1065,1.3101,1.2644,0.02315,0.02812,6424934259.0,6341691909.0,4097316909.0,181375894132.0,179025962591.0,家用电器,家用电器,白色家电,空调,31.74,25.97,0.0
2016-12-21,118.31,120.06,117.8,118.51,117.89,0.6200000000000045,0.53,19134370.0,543882528.0,4.176,0.003017,0.00467,0.73,14.3499,12.5729,3.123,1.3171,1.2711,0.023028,0.027972,6424934259.0,6341691909.0,4097316909.0,182339634270.0,179977216377.0,家用电器,家用电器,白色家电,空调,31.05,25.41,0.0
2016-12-22,118.35,119.43,117.18,118.51,118.51,0.0,0.0,14758889.000000002,418630607.0,4.176,0.002327,0.003602,0.57,14.3499,12.5729,3.123,1.3171,1.2711,0.023028,0.027972,6424934259.0,6341691909.0,4097316909.0,182339634270.0,179977216377.0,家用电器,家用电器,白色家电,空调,31.22,25.54,0.0
2016-12-23,118.43,119.35,117.18,117.47,118.51,-1.0400000000000065,-0.88,13529635.0,382057652.0,4.176,0.002133,0.003302,0.59,14.2234,12.4621,3.0955,1.3055,1.2599,0.023233,0.02822,6424934259.0,6341691909.0,4097316909.0,180733400706.0,178391793400.0,家用电器,家用电器,白色家电,空调,31.22,25.54,0.0
2016-12-26,117.35,118.39,116.55,118.22,117.47,0.75,0.64,16129045.000000002,453797721.0,4.176,0.002543,0.003936,0.89,14.3145,12.5419,3.1153,1.3138,1.268,0.023085,0.028041,6424934259.0,6341691909.0,4097316909.0,181889888872.00003,179533297944.0,家用电器,家用电器,白色家电,空调,30.94,25.32,0.0
2016-12-27,118.22,119.52,117.76,118.18,118.22,-0.039999999999992,-0.03,23458942.0,666870582.0,4.176,0.003699,0.005725,1.38,14.3094,12.5374,3.1142,1.3134,1.2676,0.023093,0.028051,6424934259.0,6341691909.0,4097316909.0,181825639530.00003,179469881025.0,家用电器,家用电器,白色家电,空调,31.14,25.48,0.0
2016-12-28,118.18,118.47,116.51,117.22,118.18,-0.960000000000008,-0.81,17691965.0,496430266.0,4.176,0.00279,0.004318,1.02,14.1931,12.4355,3.0889,1.3027,1.2573,0.0232819999999999,0.028281,6424934259.0,6341691909.0,4097316909.0,180347904650.0,178011291886.0,家用电器,家用电器,白色家电,空调,31.13,25.47,0.0
2016-12-29,116.93,117.51,116.8,117.01,117.22,-0.2099999999999937,-0.18,17665394.0,495542358.0,4.176,0.002786,0.004311,1.03,14.1678,12.4134,3.0834,1.3004,1.255,0.0233239999999999,0.028331,6424934259.0,6341691909.0,4097316909.0,180026657936.99997,177694207289.99997,家用电器,家用电器,白色家电,空调,30.88,25.26,0.0
2016-12-30,117.14,118.26,116.51,117.64,117.01,0.6299999999999955,0.54,17263516.0,485375893.0,4.176,0.002722,0.004213,0.98,14.2437,12.4798,3.0999,1.3073,1.2617,0.0232,0.02818,6424934259.0,6341691909.0,4097316909.0,180990398076.0,178645461077.0,家用电器,家用电器,白色家电,空调,30.82,25.22,0.0
2017-01-03,119.64,123.19,119.52,121.61,117.64,3.969999999999999,3.37,44108241.0,1282988882.0,4.176,0.006955,0.010765,2.39,14.724,12.9007,3.2045,1.3514,1.3043,0.027261,0.027261,6424934259.0,6341691909.0,4097316909.0,187094085622.0,184670068390.00003,家用电器,家用电器,白色家电,空调,30.99,25.35,0.0
2017-01-04,121.65,125.2,121.65,124.57,121.61,2.9599999999999937,2.43,35806832.0,1057612147.0,4.176,0.005646,0.008739,1.49,15.083,13.2153,3.2826,1.3844,1.3361,0.026612,0.026612,6424934259.0,6341691909.0,4097316909.0,191655788946.0,189172669645.0,家用电器,家用电器,白色家电,空调,32.03,26.21,0.0
2017-01-05,124.53,124.99,123.23,123.99,124.57,-0.5799999999999983,-0.47,19176212.0,568420712.0,4.176,0.003024,0.00468,0.72,15.0122,13.1532,3.2672,1.3779,1.3298,0.0267379999999999,0.0267379999999999,6424934259.0,6341691909.0,4097316909.0,190756298150.0,188284832778.0,家用电器,家用电器,白色家电,空调,32.81,26.85,0.0
2017-01-06,123.99,123.99,121.94,122.73,123.99,-1.259999999999991,-1.02,19794180.0,580370040.0,4.176,0.003121,0.0048309999999999,0.74,14.8605,13.0203,3.2342,1.364,1.3164,0.02701,0.02701,6424934259.0,6341691909.0,4097316909.0,188828817872.0,186382325206.0,家用电器,家用电器,白色家电,空调,32.66,26.72,0.0
2017-01-09,123.11,123.19,120.73,122.15,122.73,-0.5799999999999983,-0.47,17747932.0,517889512.0,4.176,0.002799,0.004332,0.65,14.7898,12.9583,3.2188,1.3575,1.3101,0.02714,0.02714,6424934259.0,6341691909.0,4097316909.0,187929327076.0,185494488338.0,家用电器,家用电器,白色家电,空调,32.33,26.45,0.0
2017-01-10,121.1,122.82,121.1,121.86,122.15,-0.2900000000000062,-0.24,16612513.0,484385895.0,4.176,0.00262,0.0040539999999999,0.61,14.7544,12.9273,3.2111,1.3542,1.307,0.027205,0.027205,6424934259.0,6341691909.0,4097316909.0,187479581678.00003,185050569905.0,家用电器,家用电器,白色家电,空调,32.18,26.33,0.0
2017-01-11,121.4,122.11,118.93,119.43,121.86,-2.4299999999999926,-1.99,24037092.0,692519330.0,4.176,0.00379,0.005867,1.1,14.4611,12.6703,3.1473,1.3273,1.281,0.027757,0.027757,6424934259.0,6341691909.0,4097316909.0,183753119807.0,181372388597.00003,家用电器,家用电器,白色家电,空调,32.1,26.26,0.0
2017-01-12,119.43,120.48,117.68,117.76,119.43,-1.6700000000000017,-1.4,25368155.0,721008989.0,4.176,0.004,0.0061909999999999,1.3,14.2588,12.4931,3.1032,1.3087,1.2631,0.0281499999999999,0.0281499999999999,6424934259.0,6341691909.0,4097316909.0,181183146104.0,178835711834.0,家用电器,家用电器,白色家电,空调,31.46,25.74,0.0
2017-01-13,117.93,119.02,117.72,117.85,117.76,0.0899999999999892,0.08,19486113.0,551763385.0,4.176,0.003073,0.004756,0.94,14.269,12.502,3.1054,1.3097,1.264,0.02813,0.02813,6424934259.0,6341691909.0,4097316909.0,181311644789.0,178962545672.0,家用电器,家用电器,白色家电,空调,31.02,25.38,0.0
2017-01-16,117.85,119.52,116.05,117.97,117.85,0.1200000000000045,0.1,29154002.0,823699857.0,4.176,0.004597,0.007115,1.41,14.2841,12.5153,3.1087,1.3111,1.2653,0.0281,0.0281,6424934259.0,6341691909.0,4097316909.0,181504392817.0,179152796429.0,家用电器,家用电器,白色家电,空调,31.04,25.4,0.0
2017-01-17,117.76,120.9,117.55,120.73,117.97,2.760000000000005,2.34,23461039.0,670703528.0,4.176,0.003699,0.005726,1.02,14.6178,12.8077,3.1814,1.3417,1.2949,0.0274589999999999,0.0274589999999999,6424934259.0,6341691909.0,4097316909.0,185744849428.0,183338313089.0,家用电器,家用电器,白色家电,空调,31.08,25.43,0.0
2017-01-18,120.1,123.28,120.1,121.69,120.73,0.9599999999999936,0.8,33983685.0,996433491.0,4.176,0.005359,0.008294,1.4,14.7341,12.9096,3.2067,1.3524,1.3052,0.027242,0.027242,6424934259.0,6341691909.0,4097316909.0,187222584307.0,184796902228.0,家用电器,家用电器,白色家电,空调,31.8,26.02,0.0
2017-01-19,121.1,121.73,119.35,120.14,121.69,-1.5499999999999972,-1.27,37098442.0,1069010751.0,4.176,0.0058499999999999,0.009054,1.41,14.547,12.7457,3.166,1.3352,1.2886,0.027593,0.027593,6424934259.0,6341691909.0,4097316909.0,184845358631.0,182450476222.0,家用电器,家用电器,白色家电,空调,32.05,26.23,0.0
2017-01-20,120.02,122.57,119.93,122.02,120.14,1.879999999999996,1.56,32630800.0,952583487.0,4.176,0.0051449999999999,0.007964,1.14,14.7746,12.945,3.2155,1.3561,1.3088,0.027168,0.027168,6424934259.0,6341691909.0,4097316909.0,187736579048.00003,185304237581.0,家用电器,家用电器,白色家电,空调,31.65,25.89,0.0
2017-01-23,122.61,123.11,120.69,120.94,122.02,-1.0799999999999983,-0.89,25106865.0,732238773.0,4.176,0.003959,0.006128,0.8,14.6431,12.8298,3.1869,1.344,1.2971,0.027412,0.027412,6424934259.0,6341691909.0,4097316909.0,186066096141.00003,183655397685.0,家用电器,家用电器,白色家电,空调,32.14,26.3,0.0
2017-01-24,120.98,122.36,120.27,121.52,120.94,0.5799999999999983,0.48,26808705.0,777495403.0,4.176,0.004227,0.006543,0.88,14.7139,12.8919,3.2023,1.3505,1.3034,0.02728,0.02728,6424934259.0,6341691909.0,4097316909.0,186965586937.0,184543234552.00003,家用电器,家用电器,白色家电,空调,31.86,26.06,0.0
2017-01-25,121.23,123.57,120.94,122.77,121.52,1.25,1.03,28451758.0,836778108.0,4.176,0.004486,0.006944,0.91,14.8656,13.0248,3.2353,1.3644,1.3168,0.027001,0.027001,6424934259.0,6341691909.0,4097316909.0,188893067215.00003,186445742125.0,家用电器,家用电器,白色家电,空调,32.01,26.19,0.0
2017-01-26,122.98,125.86,122.98,124.86,122.77,2.0900000000000034,1.7,34191530.0,1022714703.0,4.176,0.005392,0.008345,1.14,15.1184,13.2463,3.2903,1.3876,1.3392,0.0265499999999999,0.0265499999999999,6424934259.0,6341691909.0,4097316909.0,192105534344.0,189616588079.0,家用电器,家用电器,白色家电,空调,32.34,26.46,0.0
2017-02-03,124.03,125.49,122.77,124.86,124.86,0.0,0.0,23840976.0,708232113.0,4.176,0.003759,0.0058189999999999,0.81,15.1184,13.2463,3.2903,1.3876,1.3392,0.0265499999999999,0.0265499999999999,6424934259.0,6341691909.0,4097316909.0,192105534344.0,189616588079.0,家用电器,家用电器,白色家电,空调,32.89,26.91,0.0
2017-02-06,124.86,127.2,124.7,125.24,124.86,0.3799999999999954,0.3,29719260.0,896997426.0,4.176,0.004686,0.0072529999999999,1.07,15.1639,13.2861,3.3002,1.3918,1.3433,0.0264699999999999,0.0264699999999999,6424934259.0,6341691909.0,4097316909.0,192683778427.0,190187340351.00003,家用电器,家用电器,白色家电,空调,32.89,26.91,0.0
2017-02-07,125.28,125.99,123.36,123.82,125.24,-1.4200000000000017,-1.13,32400398.0,965184287.0,4.176,0.005109,0.007908,1.13,14.992,13.1355,3.2628,1.376,1.328,0.026774,0.026774,6424934259.0,6341691909.0,4097316909.0,190499300779.0,188031165102.0,家用电器,家用电器,白色家电,空调,32.99,26.99,0.0
2017-02-08,123.82,125.57,123.53,124.78,123.82,0.960000000000008,0.78,25621590.0,763569863.0,4.176,0.00404,0.006253,0.86,15.1083,13.2374,3.2881,1.3867,1.3383,0.026568,0.026568,6424934259.0,6341691909.0,4097316909.0,191977035659.00003,189489754241.0,家用电器,家用电器,白色家电,空调,32.62,26.69,0.0
2017-02-09,125.03,125.78,124.74,125.36,124.78,0.5799999999999983,0.46,25101671.0,753527779.0,4.176,0.003958,0.006126,0.86,15.1791,13.2994,3.3035,1.3932,1.3446,0.026444,0.026444,6424934259.0,6341691909.0,4097316909.0,192876526455.0,190377591108.00003,家用电器,家用电器,白色家电,空调,32.87,26.89,0.0
2017-02-10,125.7,127.28,125.24,125.78,125.36,0.4200000000000017,0.34,26991885.0,814459157.0,4.176,0.0042559999999999,0.006588,0.99,15.2297,13.3437,3.3145,1.3978,1.3491,0.026356,0.026356,6424934259.0,6341691909.0,4097316909.0,193519019881.0,191011760299.0,家用电器,家用电器,白色家电,空调,33.02,27.02,0.0
2017-02-13,125.49,129.21,125.49,129.08,125.78,3.300000000000012,2.62,44650847.0,1368505944.0,4.176,0.007012,0.010898,1.6,15.692,13.7488,3.4151,1.4403,1.39,0.025682,0.025682,6450774771.0,6367532421.0,4097316909.0,199393448172.0,196820427133.0,家用电器,家用电器,白色家电,空调,33.13,27.11,0.0
2017-02-14,129.46,130.67,127.79,128.16,129.08,-0.920000000000016,-0.71,26523718.0,818126119.0,4.176,0.0041649999999999,0.006473,0.86,15.5803,13.6509,3.3908,1.43,1.3801,0.0258659999999999,0.0258659999999999,6450774771.0,6367532421.0,4097316909.0,197974277722.0,195419570000.0,家用电器,家用电器,白色家电,空调,34.0,27.82,0.0
2017-02-15,128.75,131.34,128.2,129.71,128.16,1.5500000000000114,1.21,30427042.0,947849153.0,4.176,0.004778,0.007426,1.02,15.7681,13.8155,3.4317,1.4473,1.3968,0.025558,0.025558,6450774771.0,6367532421.0,4097316909.0,200361064387.00003,197775556996.0,家用电器,家用电器,白色家电,空调,33.76,27.62,0.0
2017-02-16,129.46,134.05,129.16,133.76,129.71,4.049999999999983,3.12,41327408.0,1302878001.0,4.176,0.00649,0.010086,1.34,16.2605,14.247,3.5389,1.4925,1.4404,0.024784,0.024784,6450774771.0,6367532421.0,4097316909.0,206618315915.0,203952063445.0,家用电器,家用电器,白色家电,空调,34.17,27.95,0.0
2017-02-17,134.05,136.22,132.8,134.68,133.76,0.920000000000016,0.69,39304285.0,1264349116.0,4.176,0.006173,0.009593,1.16,16.3722,14.3448,3.5632,1.5027,1.4503,0.024615,0.024615,6450774771.0,6367532421.0,4097316909.0,208037486365.0,205352920577.0,家用电器,家用电器,白色家电,空调,35.23,28.83,0.0
2017-02-20,134.76,139.77,134.38,136.05,134.68,1.3700000000000043,1.02,67515453.0,2228769528.0,4.176,0.010603,0.016478,1.85,16.5398,14.4916,3.5997,1.5181,1.4651,0.024366,0.024366,6450774771.0,6367532421.0,4097316909.0,210166242039.0,207454206276.0,家用电器,家用电器,白色家电,空调,35.48,29.03,0.0
2017-02-21,136.6,137.27,134.05,135.51,136.05,-0.5400000000000205,-0.4,38615740.0,1252870460.0,4.176,0.006064,0.009425,0.94,16.4738,14.4338,3.5853,1.512,1.4593,0.024463,0.024463,6450774771.0,6367532421.0,4097316909.0,209327641319.0,206626427061.0,家用电器,家用电器,白色家电,空调,35.84,29.32,0.0
2017-02-22,135.18,139.14,134.93,138.02,135.51,2.51000000000002,1.85,33187653.000000004,1093311015.0,4.176,0.005212,0.0081,0.76,16.7784,14.7007,3.6516,1.54,1.4863,0.024019,0.024019,6450774771.0,6367532421.0,4097316909.0,213198106182.0,210446946514.0,家用电器,家用电器,白色家电,空调,35.7,29.21,0.0
2017-02-23,138.06,138.98,136.14,138.23,138.02,0.2099999999999795,0.15,31137295.0,1025755646.0,4.176,0.00489,0.007599,0.71,16.8038,14.7229,3.6571,1.5423,1.4885,0.0239829999999999,0.0239829999999999,6450774771.0,6367532421.0,4097316909.0,213520644920.0,210765323135.0,家用电器,家用电器,白色家电,空调,36.36,29.75,0.0
2017-02-24,137.72,137.89,134.38,135.18,138.23,-3.049999999999983,-2.21,33884254.0,1099578017.0,4.176,0.005321,0.00827,0.81,16.4332,14.3982,3.5764,1.5083,1.4557,0.024524,0.024524,6450774771.0,6367532421.0,4097316909.0,208811579337.0,206117024468.0,家用电器,家用电器,白色家电,空调,36.41,29.79,0.0
2017-02-27,135.22,135.26,131.88,132.0,135.18,-3.180000000000007,-2.35,33444675.0,1065158504.0,4.176,0.005252,0.008163,0.82,16.0473,14.0602,3.4925,1.4729,1.4215,0.025114,0.025114,6450774771.0,6367532421.0,4097316909.0,203908990511.0,201277699828.0,家用电器,家用电器,白色家电,空调,35.61,29.13,0.0
2017-02-28,132.17,133.97,131.79,133.05,132.0,1.0500000000000114,0.8,21088826.0,671010959.0,4.176,0.003312,0.005147,0.62,16.1742,14.1714,3.5201,1.4845,1.4328,0.024916,0.024916,6450774771.0,6367532421.0,4097316909.0,205521684204.0,202869582933.0,家用电器,家用电器,白色家电,空调,34.77,28.45,0.0
2017-03-01,132.8,133.84,132.76,133.76,133.05,0.7099999999999795,0.53,19301163.0,615952755.0,4.176,0.003031,0.004711,0.63,16.2605,14.247,3.5389,1.4925,1.4404,0.024784,0.024784,6450774771.0,6367532421.0,4097316909.0,206618315915.0,203952063445.0,家用电器,家用电器,白色家电,空调,35.05,28.67,0.0
2017-03-02,133.76,134.3,131.04,131.5,133.76,-2.259999999999991,-1.69,21626204.0,683771083.0,4.176,0.003396,0.005278,0.78,15.9864,14.0068,3.4792,1.4673,1.4161,0.025209,0.025209,6450774771.0,6367532421.0,4097316909.0,203134897539.0,200513595937.0,家用电器,家用电器,白色家电,空调,35.23,28.83,0.0
2017-03-03,131.5,132.5,130.0,132.46,131.5,0.960000000000008,0.73,29981615.000000004,942871472.0,4.176,0.004709,0.007317,1.16,16.1032,14.1091,3.5046,1.478,1.4265,0.025026,0.025026,6450774771.0,6367532421.0,4097316909.0,204618575736.00003,201978128394.0,家用电器,家用电器,白色家电,空调,34.64,28.34,0.0
2017-03-06,131.63,138.23,131.63,137.35,132.46,4.889999999999986,3.69,43259618.0,1406128913.0,4.176,0.006794,0.010558,1.72,16.6971,14.6295,3.6339,1.5325,1.4791,0.024136,0.024136,6450774771.0,6367532421.0,4097316909.0,212165982218.0,209428141327.0,家用电器,家用电器,白色家电,空调,34.89,28.55,0.0
2017-03-07,137.39,138.52,135.93,137.85,137.35,0.5,0.36,27466130.0,903570033.0,4.176,0.004313,0.006703,1.02,16.7581,14.6829,3.6472,1.5381,1.4845,0.024048,0.024048,6450774771.0,6367532421.0,4097316909.0,212940075191.0,210192245217.0,家用电器,家用电器,白色家电,空调,36.18,29.6,0.0
2017-03-08,138.56,140.23,136.97,138.98,137.85,1.1299999999999957,0.82,36485727.0,1213541800.0,4.176,0.00573,0.008905,1.29,16.8951,14.803,3.677,1.5507,1.4966,0.023853,0.023853,6450774771.0,6367532421.0,4097316909.0,214681784379.0,211911478971.00003,家用电器,家用电器,白色家电,空调,36.31,29.71,0.0
2017-03-09,139.06,140.65,137.31,137.47,138.98,-1.509999999999991,-1.09,23799594.0,788991173.0,4.176,0.003738,0.005809,0.75,16.7124,14.6428,3.6372,1.5339,1.4804,0.024114,0.024114,6450774771.0,6367532421.0,4097316909.0,212359505461.00003,209619167299.0,家用电器,家用电器,白色家电,空调,36.61,29.95,0.0
2017-03-10,137.31,143.24,136.85,142.9,137.47,5.430000000000007,3.95,48077585.0,1624041044.0,4.176,0.00755,0.011734,1.49,17.3723,15.2211,3.7808,1.5945,1.5389,0.023198,0.023198,6450774771.0,6367532421.0,4097316909.0,220745512664.0,217896959447.0,家用电器,家用电器,白色家电,空调,36.21,29.63,0.0
2017-03-13,143.15,145.28,140.9,141.57,142.9,-1.3300000000000125,-0.93,45004050.0,1537993414.0,4.176,0.007068,0.010984,1.26,17.2099,15.0787,3.7455,1.5796,1.5245,0.023417,0.023417,6450774771.0,6367532421.0,4097316909.0,218681264737.00003,215859349072.0,家用电器,家用电器,白色家电,空调,37.64,30.8,0.0
2017-03-14,141.73,142.65,139.39,142.07,141.57,0.5,0.35,34191078.0,1154170220.0,4.176,0.00537,0.008345,0.95,17.2708,15.1321,3.7588,1.5852,1.5299,0.023334,0.023334,6450774771.0,6367532421.0,4097316909.0,219455357709.0,216623452962.0,家用电器,家用电器,白色家电,空调,37.29,30.51,0.0
2017-03-15,141.48,144.2,141.15,143.74,142.07,1.670000000000016,1.18,32086789.0,1096873461.0,4.176,0.005039,0.007831,0.86,17.4739,15.31,3.8029,1.6038,1.5479,0.0230629999999999,0.0230629999999999,6450774771.0,6367532421.0,4097316909.0,222035667618.0,219170465931.0,家用电器,家用电器,白色家电,空调,37.42,30.62,0.0
2017-03-16,144.11,145.16,141.23,141.9,143.74,-1.840000000000004,-1.28,43333001.0,1478349862.0,4.176,0.006805,0.010576,1.18,17.2505,15.1143,3.7543,1.5833,1.5281,0.0233619999999999,0.0233619999999999,6450774771.0,6367532421.0,4097316909.0,219197326719.0,216368751666.0,家用电器,家用电器,白色家电,空调,37.86,30.98,0.0
2017-03-17,141.27,142.19,139.19,139.52,141.9,-2.3799999999999955,-1.68,37922880.0,1274319167.0,4.176,0.005956,0.009256,0.94,16.9611,14.8608,3.6914,1.5568,1.5025,0.02376,0.02376,6450774771.0,6367532421.0,4097316909.0,215520385099.0,212739258186.0,家用电器,家用电器,白色家电,空调,37.38,30.58,0.0
2017-03-20,139.73,141.02,137.81,139.81,139.52,0.289999999999992,0.21,33955841.0,1130342565.0,4.176,0.005333,0.008287,0.88,16.9967,14.8919,3.6991,1.56,1.5056,0.023711,0.023711,6450774771.0,6367532421.0,4097316909.0,215971939333.0,213184985455.0,家用电器,家用电器,白色家电,空调,36.75,30.07,0.0
2017-03-21,139.48,143.28,139.31,143.28,139.81,3.469999999999999,2.48,41419431.0,1403674544.0,4.176,0.0065049999999999,0.010109,1.14,17.418,15.2611,3.7908,1.5987,1.5429,0.0231369999999999,0.0231369999999999,6450774771.0,6367532421.0,4097316909.0,221326082393.0,218470037365.0,家用电器,家用电器,白色家电,空调,36.83,30.13,0.0
2017-03-22,142.49,143.74,141.9,143.49,143.28,0.2100000000000079,0.15,34298780.0,1173042349.0,4.176,0.0053869999999999,0.008371,0.91,17.4434,15.2834,3.7963,1.601,1.5452,0.023104,0.023104,6450774771.0,6367532421.0,4097316909.0,221648621132.0,218788413986.0,家用电器,家用电器,白色家电,空调,37.74,30.88,0.0
2017-03-23,143.53,145.74,142.32,145.12,143.49,1.6299999999999957,1.14,37418815.0,1291101108.0,4.176,0.005877,0.009133,0.98,17.6414,15.4568,3.8394,1.6192,1.5627,0.022844,0.022844,6450774771.0,6367532421.0,4097316909.0,224164423292.0,221271751630.0,家用电器,家用电器,白色家电,空调,37.8,30.92,0.0
2017-03-24,145.16,148.92,144.53,145.83,145.12,0.710000000000008,0.49,43208129.0,1520361504.0,4.176,0.0067859999999999,0.010545,1.17,17.7277,15.5324,3.8582,1.6271,1.5704,0.022733,0.022733,6450774771.0,6367532421.0,4097316909.0,225261055003.0,222354232141.0,家用电器,家用电器,白色家电,空调,38.23,31.28,0.0
2017-03-27,145.83,147.62,141.98,142.61,145.83,-3.219999999999999,-2.21,34969871.0,1210503403.0,4.176,0.005492,0.008535,0.92,17.3368,15.1899,3.7731,1.5912,1.5357,0.023246,0.023246,6450774771.0,6367532421.0,4097316909.0,220293958430.0,217451232177.0,家用电器,家用电器,白色家电,空调,38.41,31.43,0.0
2017-03-28,142.4,143.24,140.61,141.78,142.61,-0.8300000000000125,-0.58,35172768.0,1190715963.0,4.176,0.005524,0.008584,0.92,17.2353,15.101,3.751,1.5819,1.5267,0.0233829999999999,0.0233829999999999,6450774771.0,6367532421.0,4097316909.0,219003803475.0,216177725693.0,家用电器,家用电器,白色家电,空调,37.57,30.74,0.0
2017-03-29,141.78,142.36,139.02,141.15,141.78,-0.6299999999999955,-0.44,40609335.0,1368888654.0,4.176,0.006378,0.009911,1.1,17.1591,15.0343,3.7344,1.5749,1.52,0.0234859999999999,0.0234859999999999,6450774771.0,6367532421.0,4097316909.0,218036187260.0,215222595830.0,家用电器,家用电器,白色家电,空调,37.35,30.56,0.0
2017-03-30,140.94,141.4,137.01,138.35,141.15,-2.800000000000012,-1.98,44539893.0,1482720598.0,4.176,0.006995,0.0108709999999999,1.16,16.819,14.7363,3.6604,1.5437,1.4899,0.023961,0.023961,6450774771.0,6367532421.0,4097316909.0,213714168163.0,210956349108.0,家用电器,家用电器,白色家电,空调,37.18,30.42,0.0
2017-03-31,138.35,140.27,137.1,139.06,138.35,0.710000000000008,0.51,39796406.0,1321769363.0,4.176,0.00644,0.010113,1.0,14.6467,14.6467,3.5185,1.3523,1.3523,0.023784,0.023784,6458766808.0,6179721548.0,3935346548.0,215076934706.0,205784727548.0,家用电器,家用电器,白色家电,空调,36.44,29.82,0.0
2017-04-05,138.77,139.98,136.97,138.6,139.06,-0.4600000000000079,-0.33,57047461.0,1891523419.0,4.176,0.009231,0.014496,1.46,14.5983,14.5983,3.5069,1.3478,1.3478,0.023863,0.023863,6458766808.0,6179721548.0,3935346548.0,214366470358.0,205104958178.0,家用电器,家用电器,白色家电,空调,36.63,29.97,0.0
2017-04-06,138.89,141.52,137.81,141.52,138.6,2.920000000000016,2.11,44007551.0,1469071629.0,4.176,0.007121,0.011183,1.01,14.9062,14.9062,3.5809,1.3763,1.3763,0.02337,0.02337,6458766808.0,6179721548.0,3935346548.0,218887607123.0,209430763262.0,家用电器,家用电器,白色家电,空调,36.51,29.87,0.0
2017-04-07,141.32,142.49,140.15,140.52,141.52,-1.0,-0.71,36043637.0,1218565584.0,4.176,0.005833,0.009159,0.8,14.8006,14.8006,3.5555,1.3665,1.3665,0.023537,0.023537,6458766808.0,6179721548.0,3935346548.0,217337503089.0,207947630090.0,家用电器,家用电器,白色家电,空调,37.28,30.5,0.0
2017-04-10,140.56,140.98,137.39,137.39,140.52,-3.130000000000024,-2.23,40077667.0,1330706593.0,4.176,0.0064849999999999,0.010184,0.9,14.4707,14.4707,3.4763,1.3361,1.3361,0.024073,0.024073,6458766808.0,6179721548.0,3935346548.0,212493427983.00003,203312838929.0,家用电器,家用电器,白色家电,空调,37.02,30.29,0.0
2017-04-11,137.1,138.06,133.01,135.3,137.39,-2.089999999999975,-1.52,55991780.00000001,1810877217.0,4.176,0.009061,0.014228,1.29,14.2508,14.2508,3.4234,1.3158,1.3158,0.024445,0.024445,6458766808.0,6179721548.0,3935346548.0,209264044579.0,200222978155.0,家用电器,家用电器,白色家电,空调,36.19,29.61,0.0
2017-04-12,134.84,136.76,133.84,135.3,135.3,0.0,0.0,25606535.0,830673202.0,4.176,0.004144,0.006507,0.55,14.2508,14.2508,3.4234,1.3158,1.3158,0.024445,0.024445,6458766808.0,6179721548.0,3935346548.0,209264044579.0,200222978155.0,家用电器,家用电器,白色家电,空调,35.64,29.16,0.0
2017-04-13,135.09,138.31,135.01,137.64,135.3,2.339999999999975,1.73,24885559.0,818579557.0,4.176,0.004027,0.006324,0.62,14.4971,14.4971,3.4826,1.3385,1.3385,0.024029,0.024029,6458766808.0,6179721548.0,3935346548.0,212880953992.0,203683622222.0,家用电器,家用电器,白色家电,空调,35.64,29.16,0.0
2017-04-14,137.64,138.23,135.3,136.3,137.64,-1.339999999999975,-0.97,16940131.0,552502008.0,4.176,0.002741,0.004305,0.46,14.3564,14.3564,3.4488,1.3255,1.3255,0.024265,0.024265,6458766808.0,6179721548.0,3935346548.0,210814148613.0,201706111327.0,家用电器,家用电器,白色家电,空调,36.26,29.66,0.0
2017-04-17,136.22,139.27,135.68,138.56,136.3,2.259999999999991,1.66,38024165.0,1257959595.0,4.176,0.006153,0.0096619999999999,1.16,14.5939,14.5939,3.5059,1.3474,1.3474,0.02387,0.02387,6458766808.0,6179721548.0,3935346548.0,214301882689.0,205043160963.0,家用电器,家用电器,白色家电,空调,35.9,29.38,0.0
2017-04-18,138.56,142.9,138.48,142.32,138.56,3.759999999999991,2.71,49227457.0,1668283100.0,4.176,0.0079659999999999,0.012509,1.52,14.9897,14.9897,3.6009,1.384,1.384,0.0232399999999999,0.0232399999999999,6458766808.0,6179721548.0,3935346548.0,220114772817.0,210604910356.0,家用电器,家用电器,白色家电,空调,36.5,29.86,0.0
2017-04-19,141.69,143.03,140.52,142.94,142.32,0.6200000000000045,0.44,38721919.0,1314734731.0,4.176,0.006266,0.00984,1.25,15.0557,15.0557,3.6168,1.3901,1.3901,0.023138,0.023138,6458766808.0,6179721548.0,3935346548.0,221083587838.0,211531868588.0,家用电器,家用电器,白色家电,空调,37.49,30.67,0.0
2017-04-20,143.07,146.33,143.03,144.07,142.94,1.1299999999999957,0.79,51740265.0,1800422369.0,4.176,0.008373,0.013148,1.54,15.1745,15.1745,3.6453,1.401,1.401,0.022957,0.022957,6458766808.0,6179721548.0,3935346548.0,222827454876.0,213200393406.0,家用电器,家用电器,白色家电,空调,37.65,30.81,0.0
2017-04-21,143.11,144.28,141.57,142.94,144.07,-1.1299999999999957,-0.78,29418329.0,1004821432.0,4.176,0.0047599999999999,0.007475,0.76,15.0557,15.0557,3.6168,1.3901,1.3901,0.023138,0.023138,6458766808.0,6179721548.0,3935346548.0,221083587838.0,211531868588.0,家用电器,家用电器,白色家电,空调,37.95,31.05,0.0
2017-04-24,141.98,141.98,137.85,138.31,142.94,-4.629999999999996,-3.24,35097510.0,1175095023.0,4.176,0.005679,0.008919,0.85,14.5675,14.5675,3.4995,1.345,1.345,0.023913,0.023913,6458766808.0,6179721548.0,3935346548.0,213914356681.0,204672377670.0,家用电器,家用电器,白色家电,空调,37.65,30.81,0.0
2017-04-25,138.64,143.24,137.85,142.99,138.31,4.680000000000007,3.38,39809302.0,1340561925.0,4.176,0.006442,0.010116,0.97,15.0601,15.0601,3.6179,1.3905,1.3905,0.023131,0.023131,6458766808.0,6179721548.0,3935346548.0,221148175506.0,211593665804.0,家用电器,家用电器,白色家电,空调,36.43,29.81,0.0
2017-04-26,143.78,147.0,142.11,143.24,142.99,0.25,0.17,56487892.00000001,1957592135.0,4.176,0.009141,0.014354,1.45,15.0865,15.0865,3.6242,1.3929,1.3929,0.023091,0.023091,6458766808.0,6179721548.0,3935346548.0,221535701514.0,211964449096.0,家用电器,家用电器,白色家电,空调,37.66,30.82,0.0
2017-04-27,143.24,143.24,139.27,142.15,143.24,-1.0900000000000034,-0.76,34837622.0,1174443295.0,4.176,0.005637,0.008852,0.82,14.9722,14.9722,3.5967,1.3824,1.3824,0.023267,0.023267,6458766808.0,6179721548.0,3935346548.0,219856422144.0,210357721494.0,家用电器,家用电器,白色家电,空调,37.73,30.87,0.0
2017-04-28,142.15,142.15,137.64,140.56,142.15,-1.5900000000000034,-1.12,41803695.0,1390913787.0,4.176,0.006765,0.010623,1.07,14.805,14.805,3.5566,1.3669,1.3669,0.02353,0.02353,6458766808.0,6179721548.0,3935346548.0,217402090757.0,208009427306.0,家用电器,家用电器,白色家电,空调,37.44,30.64,0.0
2017-05-02,138.68,145.83,138.43,145.83,140.56,5.27000000000001,3.75,59691490.0,2053124181.0,4.176,0.009659,0.015168,1.43,15.3592,14.9071,3.4416,1.4181,1.2498,0.022681,0.022681,6458766808.0,6179721548.0,3935346548.0,225540136935.0,215795876456.0,家用电器,家用电器,白色家电,空调,37.03,30.29,0.0
2017-05-03,145.83,147.62,143.61,146.95,145.83,1.119999999999976,0.77,35366400.0,1235841395.0,4.176,0.005717,0.008987,0.76,15.4945,15.0385,3.4719,1.4306,1.2608,0.022507,0.022507,6465677368.0,6186632108.0,3935346548.0,227527186580.0,217707583881.0,家用电器,家用电器,白色家电,空调,38.41,31.43,0.0
2017-05-04,147.2,148.58,146.29,147.41,146.95,0.4600000000000079,0.31,42046195.0,1487632340.0,4.176,0.006796,0.010684,0.92,15.543,15.0855,3.4828,1.4351,1.2648,0.0224359999999999,0.0224359999999999,6465677368.0,6186632108.0,3935346548.0,228238411090.0,218388113412.00003,家用电器,家用电器,白色家电,空调,38.71,31.67,0.0
2017-05-05,148.25,151.63,147.62,150.96,147.41,3.550000000000012,2.41,55059063.0,1980293394.0,4.176,0.0089,0.014246,1.29,15.9172,15.4487,3.5666,1.4696,1.2952,0.021909,0.021909,6465677368.0,6186632108.0,3864922560.0,233734236853.0,223646750704.0,家用电器,家用电器,白色家电,空调,38.83,31.77,0.0
2017-05-08,150.71,152.38,146.29,149.0,150.96,-1.960000000000008,-1.3,31844236.0,1139028395.0,4.176,0.005147,0.008239,0.68,15.7103,15.2479,3.5203,1.4505,1.2784,0.022198,,6465677368.0,6186632108.0,3864922560.0,230695368490.0,220739033613.0,家用电器,家用电器,白色家电,空调,39.77,32.54,0.0
2017-05-09,149.42,149.42,144.32,147.41,149.0,-1.5900000000000034,-1.07,38161916.0,1337877360.0,4.176,0.006168,0.009874,0.85,15.543,15.0855,3.4828,1.4351,1.2648,0.0224359999999999,,6465677368.0,6186632108.0,3864922560.0,228238411090.0,218388113412.00003,家用电器,家用电器,白色家电,空调,39.25,32.11,0.0
2017-05-10,148.02,151.85,147.25,151.07,147.42,3.6500000000000057,2.48,39320934.0,1367506688.0,4.298,0.006356,0.010174,0.97,15.4769,15.0214,3.8476,1.429,1.2594,0.022532,0.02845,6465677368.0,6186632108.0,3864922560.0,227268559485.0,217460118596.0,家用电器,家用电器,白色家电,空调,37.73,30.87,0.0
2017-05-11,150.26,154.64,149.31,153.95,151.07,2.8799999999999955,1.91,40898787.0,1451845781.0,4.298,0.006611,0.010582,0.99,15.7719,15.3077,3.9209,1.4562,1.2834,0.022111,0.027917,6465677368.0,6186632108.0,3864922560.0,231600563322.0,221605162109.0,家用电器,家用电器,白色家电,空调,38.67,31.64,0.0
2017-05-12,154.6,156.23,151.76,153.65,153.95,-0.2999999999999829,-0.19,38187857.0,1364622351.0,4.298,0.006173,0.009881,0.93,15.7411,15.2778,3.9132,1.4534,1.2809,0.0221539999999999,0.027972,6465677368.0,6186632108.0,3864922560.0,231147965906.0,221172097861.0,家用电器,家用电器,白色家电,空调,39.4,32.24,0.0
2017-05-15,152.06,154.73,151.2,151.76,153.65,-1.8900000000000148,-1.23,51852105.0,1837233408.0,4.298,0.008381,0.0134159999999999,1.38,15.5474,15.0897,3.8651,1.4355,1.2651,0.02243,0.028321,6465677368.0,6186632108.0,3864922560.0,228303067864.0,218449979733.0,家用电器,家用电器,白色家电,空调,39.33,32.18,0.0
2017-05-16,148.45,152.54,147.08,151.81,151.76,0.0500000000000113,0.03,63049159.0,2196001436.0,4.298,0.0101909999999999,0.016313,1.51,15.5518,15.094,3.8662,1.4359,1.2655,0.022424,0.028313,6465677368.0,6186632108.0,3864922560.0,228367724638.0,218511846055.0,家用电器,家用电器,白色家电,空调,38.84,31.78,0.0
2017-05-17,150.86,151.29,147.46,147.72,151.81,-4.090000000000003,-2.69,50169996.0,1741741544.0,4.298,0.008109,0.012981,1.08,15.1335,14.688,3.7622,1.3973,1.2314,0.023044,0.029095,6465677368.0,6186632108.0,3864922560.0,222225331138.0,212634545552.0,家用电器,家用电器,白色家电,空调,38.85,31.79,0.0
2017-05-18,147.25,150.69,146.99,148.2,147.72,0.4799999999999897,0.32,38248848.0,1327757701.0,4.298,0.006182,0.009896,0.78,15.1819,14.735,3.7742,1.4017,1.2354,0.02297,0.029002,6465677368.0,6186632108.0,3864922560.0,222936555649.0,213315075084.0,家用电器,家用电器,白色家电,空调,37.81,30.93,0.0
2017-05-19,149.18,152.92,149.14,152.75,148.2,4.550000000000011,3.07,50578699.0,1784970839.0,4.298,0.008175,0.013087,1.05,15.6486,15.188,3.8903,1.4448,1.2734,0.022285,0.028137,6465677368.0,6186632108.0,3864922560.0,229790173659.0,219872905118.0,家用电器,家用电器,白色家电,空调,37.93,31.03,0.0
2017-05-22,151.63,156.02,151.63,155.63,152.75,2.8799999999999955,1.89,47794903.0,1711710914.0,4.298,0.0077259999999999,0.0123659999999999,0.94,15.9436,15.4744,3.9636,1.4721,1.2974,0.021873,0.027617,6465677368.0,6186632108.0,3864922560.0,234122177495.0,224017948631.0,家用电器,家用电器,白色家电,空调,39.09,31.99,0.0
2017-05-23,155.8,157.22,152.79,156.1,155.63,0.4699999999999988,0.3,52276026.0,1889503285.0,4.298,0.00845,0.013526,1.05,15.9921,15.5214,3.9756,1.4765,1.3013,0.021806,0.027533,6465677368.0,6186632108.0,3864922560.0,234833402006.0,224698478163.0,家用电器,家用电器,白色家电,空调,39.83,32.59,0.0
2017-05-24,155.42,156.79,153.22,155.2,156.1,-0.9000000000000057,-0.58,28275462.0,1021390212.0,4.298,0.00457,0.007316,0.59,15.8996,15.4316,3.9527,1.468,1.2938,0.0219329999999999,0.027693,6465677368.0,6186632108.0,3864922560.0,233475609758.0,223399285420.0,家用电器,家用电器,白色家电,空调,39.95,32.69,0.0
2017-05-25,154.17,155.16,151.29,151.85,155.2,-3.3499999999999943,-2.16,41093926.0,1463033883.0,4.298,0.006642,0.0106329999999999,0.95,15.5562,15.0983,3.8673,1.4363,1.2658,0.022417,0.0283049999999999,6465677368.0,6186632108.0,3864922560.0,228432381411.0,218573712376.0,家用电器,家用电器,白色家电,空调,39.72,32.5,0.0
2017-05-26,151.76,154.47,151.76,153.31,151.85,1.460000000000008,0.96,32801198.0,1170518543.0,4.298,0.005302,0.008487,0.75,15.7059,15.2436,3.9045,1.4501,1.278,0.022204,0.028035,6465677368.0,6186632108.0,3864922560.0,230630711717.0,220677167292.00003,家用电器,家用电器,白色家电,空调,38.86,31.8,0.0
2017-05-31,153.78,155.24,150.95,155.24,153.31,1.9300000000000068,1.26,36876452.0,1315310954.0,4.298,0.0059609999999999,0.009541,0.91,15.904,15.4359,3.9537,1.4684,1.2942,0.021927,0.027685,6465677368.0,6186632108.0,3864922560.0,233540266532.0,223461151741.0,家用电器,家用电器,白色家电,空调,39.24,32.1,0.0
2017-06-01,155.42,157.61,154.73,156.88,155.24,1.6399999999999864,1.06,40649503.0,1480882589.0,4.298,0.006571,0.010518,1.06,16.0713,15.5983,3.9953,1.4838,1.3078,0.021699,0.027397,6465677368.0,6186632108.0,3864922560.0,235997223932.0,225812071942.00003,家用电器,家用电器,白色家电,空调,39.73,32.51,0.0
2017-06-02,156.88,157.52,153.87,156.4,156.88,-0.4799999999999897,-0.31,34580414.0,1255234084.0,4.298,0.00559,0.008947,0.96,16.0229,15.5513,3.9833,1.4794,1.3038,0.021764,0.02748,6465677368.0,6186632108.0,3864922560.0,235285999422.0,225131542410.0,家用电器,家用电器,白色家电,空调,40.15,32.85,0.0
2017-06-05,155.97,158.25,155.59,156.4,156.4,0.0,0.0,25682969.0,938757130.0,4.298,0.004151,0.006645,0.69,16.0229,15.5513,3.9833,1.4794,1.3038,0.021764,0.02748,6465677368.0,6186632108.0,3864922560.0,235285999422.0,225131542410.0,家用电器,家用电器,白色家电,空调,40.03,32.75,0.0
2017-06-06,156.88,163.37,156.66,163.32,156.4,6.919999999999988,4.42,47849505.0,1789235212.0,4.298,0.0077339999999999,0.01238,1.4,16.7318,16.2393,4.1595,1.5448,1.3615,0.020842,0.026316,6465677368.0,6186632108.0,3864922560.0,245695739984.0,235092020104.0,家用电器,家用电器,白色家电,空调,40.03,32.75,0.0
2017-06-07,163.32,168.14,162.51,166.33,163.32,3.01000000000002,1.84,53353161.0,2052782435.0,4.298,0.008624,0.013804,1.44,17.04,16.5385,4.2362,1.5733,1.3866,0.020465,0.02584,6465677368.0,6186632108.0,3864922560.0,250221714142.0,239422662580.0,家用电器,家用电器,白色家电,空调,41.8,34.2,0.0
2017-06-08,166.38,172.99,166.38,172.99,166.33,6.659999999999997,4.0,45198892.0,1789706679.0,4.298,0.007306,0.011695,1.12,17.7225,17.2008,4.4058,1.6363,1.4421,0.019677,0.024845,6465677368.0,6186632108.0,3864922560.0,260243514062.0,249011942347.00003,家用电器,家用电器,白色家电,空调,42.57,34.83,0.0
2017-06-09,173.6,176.48,170.93,173.21,172.99,0.2199999999999988,0.13,48933750.0,1982802646.0,4.298,0.00791,0.012661,1.18,17.7445,17.2222,4.4113,1.6383,1.4439,0.019653,0.024814,6465677368.0,6186632108.0,3864922560.0,260566797930.0,249321273952.0,家用电器,家用电器,白色家电,空调,44.28,36.23,0.0
2017-06-12,172.56,176.82,171.1,173.9,173.21,0.6899999999999977,0.4,46562276.0,1880663314.0,4.298,0.007526,0.012047,1.05,17.815,17.2906,4.4288,1.6448,1.4496,0.019575,0.024716,6465677368.0,6186632108.0,3864922560.0,261601306309.0,250311135090.0,家用电器,家用电器,白色家电,空调,44.33,36.27,0.0
2017-06-13,173.9,174.93,171.71,172.61,173.9,-1.289999999999992,-0.74,29422737.0,1182718545.0,4.298,0.004756,0.007613,0.61,17.6829,17.1624,4.396,1.6326,1.4389,0.019721,0.0249,6465677368.0,6186632108.0,3864922560.0,259661603099.0,248455145457.0,家用电器,家用电器,白色家电,空调,44.51,36.41,0.0
2017-06-14,172.09,172.78,167.28,168.05,172.61,-4.560000000000002,-2.64,47401821.0,1865659774.0,4.298,0.0076619999999999,0.012265,1.06,17.2161,16.7094,4.2799,1.5895,1.4009,0.020256,0.025575,6465677368.0,6186632108.0,3864922560.0,252807985089.00003,241897315423.0,家用电器,家用电器,白色家电,空调,44.18,36.14,0.0
2017-06-15,168.7,172.05,167.66,170.63,168.05,2.579999999999984,1.54,40391966.0,1594147484.0,4.298,0.006434,0.010209,0.93,17.4825,16.9679,4.3456,1.6141,1.4226,0.019947,0.025186,6466480018.0,6278214808.0,3956505260.0,256719256715.0,249245127878.0,家用电器,家用电器,白色家电,空调,43.01,35.19,0.0
2017-06-16,171.58,173.55,167.36,167.88,170.63,-2.75,-1.61,45990378.0,1819097869.0,4.298,0.007325,0.011624,1.08,17.2622,16.7541,4.2643,1.5938,1.4047,0.020202,0.025507,6489610018.0,6278214808.0,3956505260.0,253484167303.00003,245227070400.0,家用电器,家用电器,白色家电,空调,43.67,35.73,0.0
2017-06-19,170.2,174.28,169.86,173.38,167.88,5.5,3.28,58573578.0,2346748482.0,4.298,0.00933,0.014804,1.4,17.8279,17.3031,4.4041,1.646,1.4507,0.019561,0.024698,6489610018.0,6278214808.0,3956505260.0,261790868126.00003,253263185355.0,家用电器,家用电器,白色家电,空调,42.97,35.15,0.0
2017-06-20,174.07,177.38,172.09,175.7,173.38,2.319999999999993,1.34,55267388.0,2249834179.0,4.298,0.008803,0.013969,1.25,18.0665,17.5347,4.463,1.6681,1.4701,0.019303,0.0243719999999999,6489610018.0,6278214808.0,3956505260.0,265295257536.0,256653421351.0,家用电器,家用电器,白色家电,空调,44.37,36.31,0.0
2017-06-21,176.99,183.91,174.5,183.91,175.7,8.210000000000008,4.67,49051689.0,2046649826.0,4.298,0.007813,0.012398,0.99,18.9106,18.354,4.6715,1.746,1.5388,0.018441,0.023284,6489610018.0,6278214808.0,3956505260.0,277690412670.0,268644811634.00003,家用电器,家用电器,白色家电,空调,44.97,36.79,0.0
2017-06-22,184.13,186.71,181.38,182.66,183.91,-1.25,-0.68,62591806.00000001,2681685111.0,4.298,0.00997,0.01582,1.26,18.7825,18.2296,4.6399,1.7342,1.5284,0.018567,0.023443,6489610018.0,6278214808.0,3956505260.0,275808425765.0,266824129340.0,家用电器,家用电器,白色家电,空调,47.07,38.51,0.0
2017-06-23,183.74,191.56,181.63,191.18,182.66,8.52000000000001,4.66,47558268.0,2056736925.0,4.298,0.0075749999999999,0.01202,0.88,19.6575,19.0789,4.856,1.815,1.5996,0.01774,0.022399,6489610018.0,6278214808.0,3956505260.0,288657853601.0,279254994660.0,家用电器,家用电器,白色家电,空调,46.75,38.25,0.0
2017-06-26,189.84,195.09,189.11,190.19,191.18,-0.9900000000000092,-0.52,60043128.0,2681264195.0,4.298,0.009564,0.015176,1.1,19.5559,18.9802,4.8309,1.8056,1.5913,0.017832,0.0225159999999999,6489610018.0,6278214808.0,3956505260.0,287165243297.0,277811005254.0,家用电器,家用电器,白色家电,空调,48.93,40.03,0.0
2017-06-27,190.83,190.92,185.07,189.11,190.19,-1.079999999999984,-0.57,49851795.0,2176423865.0,4.298,0.00794,0.0126,0.91,19.4454,18.873,4.8036,1.7954,1.5823,0.017934,0.022643,6489610018.0,6278214808.0,3956505260.0,285542840792.0,276241451552.0,家用电器,家用电器,白色家电,空调,48.68,39.83,0.0
2017-06-28,187.52,187.52,182.66,183.87,189.11,-5.240000000000009,-2.77,58544780.00000001,2515804867.0,4.298,0.009325,0.014797,1.09,18.9062,18.3497,4.6705,1.7456,1.5384,0.018445,0.023289,6489610018.0,6278214808.0,3956505260.0,277625516570.0,268582029486.00003,家用电器,家用电器,白色家电,空调,48.4,39.6,0.0
2017-06-29,183.87,185.89,182.88,185.5,183.87,1.6299999999999957,0.89,45394479.0,1947619517.0,4.298,0.0072299999999999,0.011473,0.81,19.0741,18.5127,4.7119,1.7611,1.5521,0.018283,0.0230839999999999,6489610018.0,6278214808.0,3956505260.0,280091568377.0,270967751113.0,家用电器,家用电器,白色家电,空调,47.06,38.5,0.0
2017-06-30,184.81,186.36,182.88,184.99,185.5,-0.5099999999999909,-0.27,39196385.0,1685646648.0,4.298,0.0062429999999999,0.009907,0.75,19.0211,18.4612,4.6988,1.7562,1.5478,0.018334,0.023149,6489610018.0,6278214808.0,3956505260.0,279312815175.0,270214365336.0,家用电器,家用电器,白色家电,空调,47.48,38.84,0.0
2017-07-03,184.17,184.17,178.62,179.66,184.99,-5.3300000000000125,-2.88,51331243.0,2156580933.0,4.298,0.008176,0.012974,1.01,18.4731,17.9294,4.5635,1.7056,1.5032,0.018878,0.023835,6489610018.0,6278214808.0,3956505260.0,271265698752.0,262429378974.0,家用电器,家用电器,白色家电,空调,47.34,38.74,0.0
2017-07-04,179.66,179.74,175.87,178.37,179.66,-1.289999999999992,-0.72,51000258.0,2104852484.0,4.298,0.008123,0.0128899999999999,1.04,18.3405,17.8007,4.5307,1.6934,1.4924,0.019014,0.0240079999999999,6489610018.0,6278214808.0,3956505260.0,269318815747.00003,260545914532.0,家用电器,家用电器,白色家电,空调,45.98,37.62,0.0
2017-07-05,177.94,184.64,177.51,184.56,178.37,6.189999999999998,3.47,44130678.0,1868284416.0,4.298,0.007029,0.0111539999999999,0.9,18.9769,18.4183,4.6879,1.7521,1.5442,0.0183769999999999,0.0232019999999999,6489610018.0,6278214808.0,3956505260.0,278663854173.0,269586543856.0,家用电器,家用电器,白色家电,空调,45.65,37.35,0.0
2017-07-06,184.51,184.81,179.01,183.09,184.56,-1.4699999999999989,-0.8,45566724.0,1926026719.0,4.298,0.007258,0.011517,0.99,18.8267,18.2725,4.6508,1.7382,1.532,0.018523,0.023388,6489610018.0,6278214808.0,3956505260.0,276457386767.0,267451950821.0,家用电器,家用电器,白色家电,空调,47.23,38.65,0.0
2017-07-07,181.07,182.58,177.34,178.93,183.09,-4.159999999999997,-2.27,40535361.0,1689133843.0,4.298,0.006457,0.0102449999999999,0.88,18.398,17.8564,4.5449,1.6987,1.4971,0.018955,0.023933,6489610018.0,6278214808.0,3956505260.0,270162465049.0,261362082457.00003,家用电器,家用电器,白色家电,空调,46.86,38.34,0.0
2017-07-10,177.51,179.96,177.08,177.81,178.93,-1.1200000000000043,-0.63,29679155.0,1229483355.0,4.298,0.004727,0.007501,0.64,18.2831,17.7449,4.5165,1.6881,1.4877,0.019074,0.024083,6489610018.0,6278214808.0,3956505260.0,268475166445.0,259729746607.0,家用电器,家用电器,白色家电,空调,45.79,37.47,0.0
2017-07-11,177.94,186.1,177.94,184.6,177.81,6.789999999999992,3.82,68685309.0,2919625386.0,4.298,0.01094,0.01736,1.63,18.9813,18.4226,4.689,1.7525,1.5446,0.018372,0.023197,6489610018.0,6278214808.0,3956505260.0,278728750273.0,269649326004.0,家用电器,家用电器,白色家电,空调,45.51,37.23,0.0
2017-07-12,184.0,185.54,178.15,179.23,184.6,-5.3700000000000045,-2.91,42562092.0,1799570653.0,4.298,0.0067789999999999,0.010757,0.93,18.4289,17.8865,4.5525,1.7015,1.4996,0.018923,0.023892,6489610018.0,6278214808.0,3956505260.0,270616737751.0,261801557494.0,家用电器,家用电器,白色家电,空调,47.25,38.66,0.0
2017-07-13,178.37,183.14,177.72,180.47,179.23,1.240000000000009,0.69,27696758.0,1166065054.0,4.298,0.004412,0.0069999999999999,0.61,18.5571,18.0109,4.5842,1.7134,1.51,0.018792,0.023727,6489610018.0,6278214808.0,3956505260.0,272498724656.0,263622239788.0,家用电器,家用电器,白色家电,空调,45.87,37.53,0.0
2017-07-14,179.66,182.19,177.85,181.25,180.47,0.7800000000000011,0.43,23161858.0,970662279.0,4.298,0.003689,0.005854,0.55,18.6366,18.0881,4.6039,1.7207,1.5165,0.018712,0.023626,6489610018.0,6278214808.0,3956505260.0,273666854459.0,264752318453.0,家用电器,家用电器,白色家电,空调,46.19,37.79,0.0
2017-07-17,180.95,182.66,174.07,179.05,181.25,-2.1999999999999886,-1.21,46048766.0,1907521304.0,4.298,0.007335,0.011639,1.2,18.4112,17.8693,4.5482,1.6999,1.4982,0.018941,0.023915,6489610018.0,6278214808.0,3956505260.0,270357153350.0,261550428901.0,家用电器,家用电器,白色家电,空调,46.39,37.95,0.0
2017-07-18,178.24,179.74,174.84,176.22,179.05,-2.8300000000000125,-1.58,37581523.0,1540916070.0,4.298,0.005986,0.009499,0.9,18.1196,17.5862,4.4761,1.673,1.4744,0.019246,0.0243,6489610018.0,6278214808.0,3956505260.0,266074010738.0,257406807128.0,家用电器,家用电器,白色家电,空调,45.83,37.49,0.0
2017-07-19,177.08,180.22,175.92,177.16,176.22,0.9399999999999976,0.53,31519178.000000004,1304514804.0,4.298,0.00502,0.0079659999999999,0.89,18.2168,17.6806,4.5001,1.6819,1.4823,0.019143,0.024171,6489610018.0,6278214808.0,3956505260.0,267501724942.0,258788014386.0,家用电器,家用电器,白色家电,空调,45.1,36.9,0.0
2017-07-20,177.51,182.02,174.93,181.59,177.16,4.430000000000007,2.5,46636660.0,1940264121.0,4.298,0.007428,0.011787,1.4,18.672,18.1224,4.6126,1.724,1.5194,0.018677,0.0235809999999999,6489610018.0,6278214808.0,3956505260.0,274186023261.0,265254575638.0,家用电器,家用电器,白色家电,空调,45.34,37.1,0.0
2017-07-21,181.98,182.49,179.14,180.09,181.59,-1.5,-0.83,29503966.0,1242799389.0,4.298,0.004699,0.007457,0.8,18.5173,17.9723,4.5744,1.7097,1.5068,0.018833,0.023778,6489610018.0,6278214808.0,3956505260.0,271914659754.0,263057200455.0,家用电器,家用电器,白色家电,空调,46.48,38.03,0.0
2017-07-24,180.13,187.18,178.8,186.62,180.09,6.530000000000001,3.63,60522159.0,2602473527.0,4.298,0.00964,0.015297,1.58,19.1891,18.6242,4.7403,1.7717,1.5615,0.0181729999999999,0.022946,6489610018.0,6278214808.0,3956505260.0,281778866982.0,272600086963.0,家用电器,家用电器,白色家电,空调,46.09,37.71,0.0
2017-07-25,186.71,187.61,184.6,186.62,186.62,0.0,0.0,32736712.0,1417603513.0,4.298,0.005214,0.008274,0.8,19.1891,18.6242,4.7403,1.7717,1.5615,0.0181729999999999,0.022946,6489610018.0,6278214808.0,3956505260.0,281778866982.0,272600086963.0,家用电器,家用电器,白色家电,空调,47.76,39.08,0.0
2017-07-26,187.39,187.39,180.22,181.98,186.62,-4.640000000000015,-2.49,38917650.0,1655228164.0,4.298,0.006199,0.009836,0.97,18.7118,18.161,4.6224,1.7276,1.5226,0.018637,0.023531,6489610018.0,6278214808.0,3956505260.0,274770088162.0,265819614971.0,家用电器,家用电器,白色家电,空调,47.76,39.08,0.0
2017-07-27,181.98,181.98,175.23,177.08,181.98,-4.899999999999977,-2.69,41800681.0,1724985916.0,4.298,0.006658,0.010565,1.0,18.2079,17.672,4.498,1.6811,1.4816,0.019153,0.024182,6489610018.0,6278214808.0,3956505260.0,267371932742.0,258662450090.0,家用电器,家用电器,白色家电,空调,46.57,38.11,0.0
2017-07-28,177.21,179.83,176.52,177.94,177.08,0.8599999999999852,0.49,24093240.0,998490204.0,4.298,0.003838,0.00609,0.59,18.2963,17.7578,4.5198,1.6893,1.4888,0.01906,0.024066,6489610018.0,6278214808.0,3956505260.0,268669854745.0,259918093051.0,家用电器,家用电器,白色家电,空调,45.32,37.08,0.0
2017-07-31,178.71,178.71,175.27,177.08,177.94,-0.8599999999999852,-0.48,33013694.0,1355932986.0,4.298,0.005258,0.008344,0.83,18.2079,17.672,4.498,1.6811,1.4816,0.019153,0.024182,6489610018.0,6278214808.0,3956505260.0,267371932742.0,258662450090.0,家用电器,家用电器,白色家电,空调,45.54,37.26,0.0
2017-08-01,177.12,178.75,175.57,177.03,177.08,-0.0500000000000113,-0.03,34303389.0,1411054271.0,4.298,0.005464,0.00867,1.01,18.2035,17.6677,4.4969,1.6807,1.4813,0.019157,0.024188,6489610018.0,6278214808.0,3956505260.0,267307036641.0,258599667942.0,家用电器,家用电器,白色家电,空调,45.32,37.08,0.0
2017-08-02,176.99,176.99,175.14,175.36,177.03,-1.6699999999999875,-0.94,25701585.0,1050314612.0,4.298,0.0040939999999999,0.0064959999999999,0.75,18.0312,17.5004,4.4543,1.6648,1.4672,0.01934,0.024419,6489610018.0,6278214808.0,3956505260.0,264776088734.0,256151164166.0,家用电器,家用电器,白色家电,空调,45.31,37.07,0.0
2017-08-03,174.54,176.22,171.49,172.26,175.36,-3.1000000000000227,-1.77,35773018.0,1437369308.0,4.298,0.005698,0.009042,1.13,17.713,17.1916,4.3757,1.6354,1.4413,0.019688,0.0248579999999999,6489610018.0,6278214808.0,3956505260.0,260103569521.0,251630849505.0,家用电器,家用电器,白色家电,空调,44.88,36.72,0.0
2017-08-04,172.74,173.6,169.26,169.56,172.26,-2.6999999999999886,-1.57,30704481.0,1218981967.0,4.298,0.0048909999999999,0.007761,1.0,17.4345,16.9214,4.3069,1.6097,1.4187,0.020002,0.025255,6489610018.0,6278214808.0,3956505260.0,256015115210.00003,247675574176.0,家用电器,家用电器,白色家电,空调,44.09,36.07,0.0
2017-08-07,169.13,173.77,166.2,173.17,169.56,3.609999999999985,2.13,42068653.0,1670024909.0,4.298,0.006701,0.0106329999999999,1.32,17.8058,17.2817,4.3986,1.644,1.4489,0.0195849999999999,0.024729,6489610018.0,6278214808.0,3956505260.0,261466387625.0,252949274614.0,家用电器,家用电器,白色家电,空调,43.4,35.51,0.0
2017-08-08,172.78,173.98,171.45,171.83,173.17,-1.339999999999975,-0.77,21244041.0,852359159.0,4.298,0.003384,0.005369,0.63,17.6688,17.1487,4.3648,1.6313,1.4378,0.019737,0.02492,6489610018.0,6278214808.0,3956505260.0,259454608520.00003,251003028024.0,家用电器,家用电器,白色家电,空调,44.32,36.26,0.0
2017-08-09,172.48,177.72,169.81,175.36,171.83,3.530000000000001,2.05,29355858.0,1193145165.0,4.298,0.004676,0.0074199999999999,0.94,18.0312,17.5004,4.4543,1.6648,1.4672,0.01934,0.024419,6489610018.0,6278214808.0,3956505260.0,264776088734.0,256151164166.0,家用电器,家用电器,白色家电,空调,43.98,35.98,0.0
2017-08-10,174.89,176.99,173.21,175.57,175.36,0.2099999999999795,0.12,22906180.0,935040716.0,4.298,0.003649,0.005789,0.72,18.0533,17.5219,4.4597,1.6668,1.469,0.019317,0.02439,6489610018.0,6278214808.0,3956505260.0,265100569235.0,256465074907.0,家用电器,家用电器,白色家电,空调,44.88,36.72,0.0
2017-08-11,173.21,175.79,170.2,170.37,175.57,-5.199999999999989,-2.96,23561244.0,944958208.0,4.298,0.003753,0.005955,0.81,17.5185,17.0029,4.3276,1.6175,1.4255,0.019906,0.025134,6489610018.0,6278214808.0,3956505260.0,257248141114.0,248868434989.0,家用电器,家用电器,白色家电,空调,44.94,36.77,0.0
2017-08-14,170.46,173.85,170.2,172.44,170.37,2.069999999999993,1.22,21084953.0,844438676.0,4.298,0.003358,0.005329,0.76,17.7306,17.2088,4.38,1.6371,1.4428,0.019668,0.0248329999999999,6489610018.0,6278214808.0,3956505260.0,260363153922.0,251881978097.0,家用电器,家用电器,白色家电,空调,43.6,35.68,0.0
2017-08-15,172.44,172.44,170.37,170.93,172.44,-1.509999999999991,-0.88,24780374.0,986854475.0,4.298,0.003947,0.0062629999999999,1.05,17.576,17.0586,4.3418,1.6228,1.4302,0.019841,0.0250519999999999,6489610018.0,6278214808.0,3956505260.0,258091790416.0,249684602914.0,家用电器,家用电器,白色家电,空调,44.13,36.11,0.0
2017-08-16,170.59,170.59,166.81,167.84,170.93,-3.0900000000000034,-1.81,31826165.000000004,1243694754.0,4.298,0.005069,0.008044,1.31,17.2578,16.7498,4.2632,1.5934,1.4043,0.020207,0.025514,6489610018.0,6278214808.0,3956505260.0,253419271203.0,245164288252.0,家用电器,家用电器,白色家电,空调,43.75,35.79,0.0
2017-08-17,167.88,169.56,166.98,169.0,167.84,1.1599999999999966,0.69,26038664.0,1017919387.0,4.298,0.004147,0.006581,1.05,17.3771,16.8656,4.2927,1.6044,1.414,0.020068,0.025339,6489610018.0,6278214808.0,3956505260.0,255171465908.0,246859406251.00003,家用电器,家用电器,白色家电,空调,42.96,35.15,0.0
2017-08-18,167.54,169.51,167.19,168.18,169.0,-0.8199999999999932,-0.49,17084395.0,669361446.0,4.298,0.002721,0.004318,0.67,17.2931,16.7841,4.272,1.5967,1.4072,0.020166,0.025462,6489610018.0,6278214808.0,3956505260.0,253938440004.0,245666545437.0,家用电器,家用电器,白色家电,空调,43.25,35.39,0.0
2017-08-21,168.14,171.36,167.41,170.67,168.18,2.4899999999999807,1.48,22168379.0,878293329.0,4.298,0.003531,0.005603,0.92,17.5495,17.0329,4.3353,1.6203,1.428,0.019871,0.0250899999999999,6489610018.0,6278214808.0,3956505260.0,257702413815.0,249307910026.0,家用电器,家用电器,白色家电,空调,43.04,35.22,0.0
2017-08-22,171.4,175.06,171.4,173.85,170.67,3.180000000000007,1.86,29682321.000000004,1201100030.0,4.298,0.0047279999999999,0.007502,1.22,17.8765,17.3503,4.4161,1.6505,1.4547,0.019508,0.024631,6489610018.0,6278214808.0,3956505260.0,262504725228.0,253953788984.0,家用电器,家用电器,白色家电,空调,43.68,35.74,0.0
2017-08-23,174.5,175.87,172.87,175.4,173.85,1.5500000000000114,0.89,18080682.0,734549606.0,4.298,0.0028799999999999,0.00457,0.71,18.0356,17.5047,4.4554,1.6652,1.4676,0.019336,0.024413,6489610018.0,6278214808.0,3956505260.0,264840984835.0,256213946314.0,家用电器,家用电器,白色家电,空调,44.5,36.41,0.0
2017-08-24,176.13,178.58,176.0,178.45,175.4,3.049999999999983,1.74,33450867.0,1381480169.0,4.298,0.005328,0.008455,1.48,18.3494,17.8093,4.5329,1.6942,1.4931,0.019005,0.023996,6489610018.0,6278214808.0,3956505260.0,269448607947.0,260671478828.00003,家用电器,家用电器,白色家电,空调,44.89,36.73,0.0
2017-08-25,179.79,180.52,178.24,180.09,178.45,1.6400000000000148,0.92,34759225.0,1452770130.0,4.298,0.005536,0.008785,1.44,18.5173,17.9723,4.5744,1.7097,1.5068,0.018833,0.023778,6489610018.0,6278214808.0,3956505260.0,271914659754.0,263057200455.0,家用电器,家用电器,白色家电,空调,45.67,37.37,0.0
2017-08-28,180.52,183.05,180.3,181.68,180.09,1.5900000000000034,0.88,35895607.0,1519785078.0,4.298,0.005717,0.009073,1.3,18.6808,18.131,4.6148,1.7248,1.5201,0.018668,0.02357,6489610018.0,6278214808.0,3956505260.0,274315815461.00003,265380139934.0,家用电器,家用电器,白色家电,空调,46.09,37.71,0.0
2017-08-29,182.15,182.54,178.37,179.23,181.68,-2.450000000000017,-1.35,23764808.0,994369254.0,4.298,0.003785,0.006007,0.78,18.4289,17.8865,4.5525,1.7015,1.4996,0.018923,0.023892,6489610018.0,6278214808.0,3956505260.0,270616737751.0,261801557494.0,家用电器,家用电器,白色家电,空调,46.5,38.04,0.0
2017-08-30,179.36,180.9,179.23,180.43,179.23,1.200000000000017,0.67,14924066.0,625646533.0,4.298,0.0023769999999999,0.0037719999999999,0.51,18.5527,18.0066,4.5831,1.7129,1.5097,0.0187969999999999,0.023733,6489610018.0,6278214808.0,3956505260.0,272433828556.0,263559457640.0,家用电器,家用电器,白色家电,空调,45.87,37.53,0.0
2017-08-31,180.39,181.29,173.55,176.22,180.43,-4.210000000000008,-2.33,46229662.0,1897402408.0,4.298,0.007329,0.011684,1.62,18.2034,16.7074,4.0309,1.6807,1.2978,0.019157,0.024188,6519637198.0,6307960738.0,3956505260.0,267305125118.0,258626390258.0,家用电器,家用电器,白色家电,空调,46.18,37.78,0.0
2017-09-01,176.91,178.07,174.07,175.53,176.22,-0.6899999999999977,-0.39,30481215.000000004,1247809033.0,4.298,0.004832,0.007704,0.98,18.1324,16.6422,4.0152,1.6741,1.2927,0.019232,0.024283,6519637198.0,6307960738.0,3956505260.0,266261983166.0,257617116540.0,家用电器,家用电器,白色家电,空调,45.1,36.9,0.0
2017-09-04,175.49,178.45,174.58,177.77,175.53,2.240000000000009,1.28,27304359.000000004,1126919110.0,4.298,0.004329,0.006901,0.9,18.3632,16.8541,4.0663,1.6955,1.3092,0.018991,0.023978,6519637198.0,6307960738.0,3956505260.0,269652194509.0,260897256124.0,家用电器,家用电器,白色家电,空调,44.92,36.76,0.0
2017-09-05,177.72,179.66,175.79,177.98,177.77,0.2099999999999795,0.12,25158242.0,1042408264.0,4.298,0.003988,0.006359,0.88,18.3854,16.8745,4.0712,1.6975,1.3108,0.018968,0.0239489999999999,6519637198.0,6307960738.0,3956505260.0,269978176369.0,261212654161.0,家用电器,家用电器,白色家电,空调,45.5,37.22,0.0
2017-09-06,178.37,178.71,175.06,176.09,177.98,-1.8899999999999864,-1.06,17151743.0,703761909.0,4.298,0.0027189999999999,0.004335,0.6,18.1901,16.6952,4.0279,1.6795,1.2968,0.019171,0.024206,6519637198.0,6307960738.0,3956505260.0,267109536002.0,258437151436.0,家用电器,家用电器,白色家电,空调,45.55,37.27,0.0
2017-09-07,176.09,177.46,174.97,176.09,176.09,0.0,0.0,19205366.0,788505233.0,4.298,0.003045,0.004854,0.66,18.1901,16.6952,4.0279,1.6795,1.2968,0.019171,0.024206,6519637198.0,6307960738.0,3956505260.0,267109536002.0,258437151436.0,家用电器,家用电器,白色家电,空调,45.07,36.87,0.0
2017-09-08,176.13,177.21,175.06,176.18,176.09,0.0900000000000034,0.05,17128418.0,701775701.0,4.298,0.002715,0.004329,0.72,18.199,16.7033,4.0299,1.6803,1.2975,0.019162,0.024194,6519637198.0,6307960738.0,3956505260.0,267239928746.0,258563310651.0,家用电器,家用电器,白色家电,空调,45.07,36.87,0.0
2017-09-11,177.34,177.51,172.56,173.25,176.18,-2.930000000000007,-1.66,24046789.0,976858848.0,4.298,0.003812,0.006078,1.13,17.897,16.4262,3.9631,1.6524,1.2759,0.019485,0.024602,6519637198.0,6307960738.0,3956505260.0,262806575451.0,254273897349.0,家用电器,家用电器,白色家电,空调,45.09,36.89,0.0
2017-09-12,173.08,173.6,170.59,172.87,173.25,-0.3799999999999954,-0.22,31150030.0,1244801302.0,4.298,0.004938,0.007873,1.52,17.8571,16.3896,3.9542,1.6487,1.2731,0.019529,0.024657,6519637198.0,6307960738.0,3956505260.0,262219808104.00003,253706180882.0,家用电器,家用电器,白色家电,空调,44.34,36.28,0.0
2017-09-13,173.17,177.03,172.22,177.03,172.87,4.159999999999997,2.41,27752314.0,1132987670.0,4.298,0.0044,0.007014,1.28,18.2878,16.7848,4.0496,1.6885,1.3038,0.019069,0.024077,6519637198.0,6307960738.0,3956505260.0,268543856186.0,259824902798.00003,家用电器,家用电器,白色家电,空调,44.24,36.2,0.0
2017-09-14,176.73,177.55,174.24,175.79,177.03,-1.240000000000009,-0.7,15707238.0,643176840.0,4.298,0.00249,0.00397,0.66,18.159,16.6667,4.0211,1.6766,1.2946,0.019204,0.024248,6519637198.0,6307960738.0,3956505260.0,266653161398.0,257995594184.0,家用电器,家用电器,白色家电,空调,45.31,37.07,0.0
2017-09-15,175.4,181.16,174.93,180.64,175.79,4.849999999999994,2.76,43362414.0,1810947654.0,4.298,0.006874,0.01096,1.87,18.6607,17.1271,4.1322,1.7229,1.3304,0.018688,0.023596,6519637198.0,6307960738.0,3956505260.0,274020351432.0,265123589818.0,家用电器,家用电器,白色家电,空调,44.99,36.81,0.0
2017-09-18,181.46,182.41,179.7,180.64,180.64,0.0,0.0,28821528.000000004,1214377116.0,4.298,0.004569,0.007285,1.01,18.6607,17.1271,4.1322,1.7229,1.3304,0.018688,0.023596,6519637198.0,6307960738.0,3956505260.0,274020351432.0,265123589818.0,家用电器,家用电器,白色家电,空调,46.23,37.83,0.0
2017-09-19,179.91,181.72,179.4,180.52,180.64,-0.1199999999999761,-0.07,27063511.0,1138284610.0,4.298,0.0042899999999999,0.00684,0.92,18.6474,17.1149,4.1292,1.7217,1.3294,0.018701,0.023612,6519637198.0,6307960738.0,3956505260.0,273824762316.0,264934350996.0,家用电器,家用电器,白色家电,空调,46.23,37.83,0.0
2017-09-20,181.76,186.1,181.76,186.06,180.52,5.539999999999992,3.07,48886244.0,2099765360.0,4.298,0.00775,0.012356,1.71,19.2201,17.6406,4.256,1.7746,1.3703,0.018144,0.022909,6519637198.0,6307960738.0,3956505260.0,282235094301.0,273071620348.0,家用电器,家用电器,白色家电,空调,46.2,37.8,0.0
2017-09-21,186.45,188.68,184.6,185.24,186.06,-0.8199999999999932,-0.44,32622117.0,1416880379.0,4.298,0.0051719999999999,0.008245,1.0,19.1358,17.5632,4.2374,1.7668,1.3642,0.018224,0.02301,6519637198.0,6307960738.0,3956505260.0,280996363234.0,271873107808.0,家用电器,家用电器,白色家电,空调,47.62,38.96,0.0
2017-09-22,185.67,190.87,184.86,189.54,185.24,4.299999999999983,2.32,36755010.0,1616034707.0,4.298,0.005827,0.00929,1.02,19.5797,17.9707,4.3357,1.8078,1.3959,0.017811,0.022488,6519637198.0,6307960738.0,3956505260.0,287516000432.0,278181068546.0,家用电器,家用电器,白色家电,空调,47.41,38.79,0.0
2017-09-25,189.54,190.7,183.31,185.2,189.54,-4.340000000000003,-2.29,32661697.0,1426475079.0,4.298,0.005178,0.008255,0.94,19.1313,17.5591,4.2364,1.7664,1.3639,0.018228,0.0230149999999999,6519637198.0,6307960738.0,3956505260.0,280931166862.0,271810028200.0,家用电器,家用电器,白色家电,空调,48.51,39.69,0.0
2017-09-26,185.72,185.89,182.11,183.44,185.2,-1.759999999999991,-0.95,18245532.0,779859778.0,4.298,0.002892,0.004612,0.51,18.9493,17.392,4.1961,1.7496,1.351,0.018403,0.023236,6519637198.0,6307960738.0,3956505260.0,278258115611.0,269223764298.0,家用电器,家用电器,白色家电,空调,47.4,38.78,0.0
2017-09-27,183.05,189.11,183.05,188.3,183.44,4.860000000000014,2.65,23227331.0,1010546587.0,4.298,0.003682,0.0058709999999999,0.69,19.451,17.8525,4.3072,1.7959,1.3867,0.017929,0.022637,6519637198.0,6307960738.0,3956505260.0,285625305644.0,276351759932.0,家用电器,家用电器,白色家电,空调,46.95,38.41,0.0
2017-09-28,188.12,188.42,184.0,186.66,188.3,-1.6400000000000148,-0.87,23933935.0,1037368469.0,4.298,0.003794,0.006049,0.83,19.2823,17.6976,4.2698,1.7803,1.3747,0.018085,0.022835,6519637198.0,6307960738.0,3956505260.0,283147843509.0,273954734851.0,家用电器,家用电器,白色家电,空调,48.19,39.43,0.0
2017-09-29,187.39,191.69,185.72,189.93,186.66,3.2700000000000102,1.75,25174214.0,1112118658.0,4.298,0.003991,0.006363,0.93,19.6197,18.0073,4.3445,1.8115,1.3987,0.017774,0.022442,6519637198.0,6307960738.0,3956505260.0,288102767780.0,278748785012.0,家用电器,家用电器,白色家电,空调,47.77,39.09,0.0
2017-10-09,192.55,202.44,191.13,199.73,189.93,9.799999999999985,5.16,41920536.0,1932882746.0,4.298,0.006646,0.010595,1.7,20.632,18.9364,4.5687,1.9049,1.4709,0.016902,0.021341,6519637198.0,6307960738.0,3956505260.0,302967540591.0,293130935495.0,家用电器,家用电器,白色家电,空调,48.61,39.77,0.0
2017-10-10,199.73,201.92,195.04,200.54,199.73,0.8100000000000023,0.41,37407346.0,1731026499.0,4.298,0.0059299999999999,0.009455,1.41,20.7163,19.0139,4.5874,1.9127,1.4769,0.016834,0.021254,6519637198.0,6307960738.0,3956505260.0,304206271659.0,294329448035.0,家用电器,家用电器,白色家电,空调,51.12,41.82,0.0
2017-10-11,198.78,206.22,198.78,202.44,200.54,1.9000000000000057,0.95,41363337.0,1957611619.0,4.298,0.0065569999999999,0.010455,1.36,20.9117,19.1932,4.6306,1.9308,1.4909,0.016676,0.021056,6519637198.0,6307960738.0,3956505260.0,307074912026.0,297104950760.0,家用电器,家用电器,白色家电,空调,51.33,41.99,0.0
2017-10-12,203.3,206.3,201.92,204.93,202.44,2.490000000000009,1.23,21306740.0,1014602926.0,4.298,0.003378,0.005385,0.63,21.1692,19.4295,4.6876,1.9545,1.5092,0.016473,0.0208,6519637198.0,6307960738.0,3956505260.0,310856301601.0,300763567988.0,家用电器,家用电器,白色家电,空调,51.81,42.39,0.0
2017-10-13,204.58,206.99,202.01,204.93,204.93,0.0,0.0,19697715.0,938036261.0,4.298,0.003123,0.004979,0.59,21.1692,19.4295,4.6876,1.9545,1.5092,0.016473,0.0208,6519637198.0,6307960738.0,3956505260.0,310856301601.0,300763567988.0,家用电器,家用电器,白色家电,空调,52.45,42.91,0.0
2017-10-16,204.8,206.69,201.28,201.32,204.93,-3.6100000000000136,-1.76,23805154.0,1128973846.0,4.298,0.003774,0.006017,0.74,20.7963,19.0872,4.6051,1.9201,1.4826,0.016769,0.021173,6519637198.0,6307960738.0,3956505260.0,305379806354.0,295464880968.0,家用电器,家用电器,白色家电,空调,52.45,42.91,0.0
2017-10-17,200.72,207.25,199.94,206.95,201.32,5.629999999999996,2.8,36346209.0,1733884751.0,4.298,0.005762,0.009186,1.27,21.3779,19.621,4.7338,1.9738,1.5241,0.016313,0.0205969999999999,6519637198.0,6307960738.0,3956505260.0,313920531084.0,303728309535.0,家用电器,家用电器,白色家电,空调,51.52,42.16,0.0
2017-10-18,206.3,209.44,205.36,209.44,206.95,2.490000000000009,1.2,24221414.0,1166840618.0,4.298,0.00384,0.006122,0.85,21.6354,19.8574,4.7909,1.9976,1.5425,0.016118,0.0203509999999999,6519637198.0,6307960738.0,3956505260.0,317701920659.0,307386926763.0,家用电器,家用电器,白色家电,空调,52.97,43.34,0.0
2017-10-19,209.1,211.68,206.99,209.01,209.44,-0.4300000000000068,-0.21,22164343.0,1079617067.0,4.298,0.0035139999999999,0.005602,0.88,21.591,19.8166,4.781,1.9935,1.5393,0.016152,0.0203929999999999,6519637198.0,6307960738.0,3956505260.0,317049956939.0,306756130689.0,家用电器,家用电器,白色家电,空调,53.6,43.86,0.0
2017-10-20,207.59,207.77,202.01,204.76,209.01,-4.25,-2.03,23929619.0,1137891959.0,4.298,0.003794,0.006048,0.95,21.1515,19.4132,4.6837,1.9529,1.508,0.016487,0.020817,6519637198.0,6307960738.0,3956505260.0,310595516113.0,300511249558.0,家用电器,家用电器,白色家电,空调,53.49,43.77,0.0
2017-10-23,204.11,207.38,203.12,204.71,204.76,-0.0499999999999829,-0.02,23285739.0,1110662819.0,4.298,0.003691,0.005885,0.89,21.147,19.4091,4.6827,1.9525,1.5076,0.016491,0.020821,6519637198.0,6307960738.0,3956505260.0,310530319741.0,300448169951.0,家用电器,家用电器,白色家电,空调,52.4,42.88,0.0
2017-10-24,204.84,209.1,203.34,208.84,204.71,4.129999999999996,2.02,25010907.0,1206999118.0,4.298,0.003965,0.006321,0.96,21.5732,19.8003,4.7771,1.9918,1.538,0.016165,0.0204099999999999,6519637198.0,6307960738.0,3956505260.0,316789171451.0,306503812259.0,家用电器,家用电器,白色家电,空调,52.39,42.87,0.0
2017-10-25,208.84,217.01,208.5,216.62,208.84,7.780000000000001,3.73,36001360.0,1792741000.0,4.298,0.005707,0.009099,1.52,22.3769,20.5379,4.9551,2.066,1.5953,0.015584,0.019677,6519637198.0,6307960738.0,3956505260.0,328589714779.0,317921221195.0,家用电器,家用电器,白色家电,空调,53.45,43.73,0.0
2017-10-26,217.13,221.39,214.69,214.73,216.62,-1.8900000000000148,-0.87,40079253.0,2028650894.0,4.298,0.0063539999999999,0.0101299999999999,1.54,22.1815,20.3586,4.9118,2.048,1.5814,0.015722,0.01985,6519637198.0,6307960738.0,3956505260.0,325721074412.0,315145718470.0,家用电器,家用电器,白色家电,空调,55.44,45.36,0.0
2017-10-27,215.72,220.06,214.73,217.99,214.73,3.26000000000002,1.52,24075081.0,1216523700.0,4.298,0.0038169999999999,0.006085,0.81,22.5189,20.6683,4.9865,2.0791,1.6054,0.015486,0.019553,6519637198.0,6307960738.0,3956505260.0,330675998683.0,319939768631.0,家用电器,家用电器,白色家电,空调,54.96,44.96,0.0
2017-10-30,220.06,222.46,214.47,222.46,217.99,4.469999999999999,2.05,32499286.0,1651851044.0,4.298,0.005152,0.008214,1.09,22.9807,21.0921,5.0888,2.1218,1.6384,0.015175,0.01916,6519637198.0,6307960738.0,3956505260.0,337456421368.0,326500047799.0,家用电器,家用电器,白色家电,空调,55.79,45.65,0.0
2017-10-31,221.78,225.0,216.19,219.2,222.46,-3.26000000000002,-1.47,37760565.0,1936277382.0,4.298,0.005986,0.009219,1.2,22.7436,19.7916,4.6887,2.0999,1.4545,0.015333,0.01936,6548526448.0,6307960738.0,4095914125.0,333974848848.0,321705997638.0,家用电器,家用电器,白色家电,空调,56.94,46.58,0.0
2017-11-01,219.46,224.7,216.19,217.52,219.2,-1.6799999999999784,-0.77,35858680.0,1834346480.0,4.298,0.005685,0.0087549999999999,1.05,22.5697,19.6403,4.6529,2.0838,1.4434,0.015451,0.019509,6548526448.0,6307960738.0,4095914125.0,331420923533.0,319245892950.0,家用电器,家用电器,白色家电,空调,56.1,45.9,0.0
2017-11-02,217.05,220.79,215.76,220.23,217.52,2.7099999999999795,1.25,22831186.0,1161765217.0,4.298,0.003619,0.005574,0.67,22.8506,19.8848,4.7108,2.1098,1.4613,0.015261,0.019269,6548526448.0,6307960738.0,4095914125.0,335546495195.99994,323219908215.0,家用电器,家用电器,白色家电,空调,55.67,45.55,0.0
2017-11-03,220.4,222.72,216.62,217.69,220.23,-2.539999999999992,-1.15,27045180.0,1378434432.0,4.298,0.004287,0.006603,0.88,22.5875,19.6558,4.6565,2.0855,1.4445,0.015439,0.019494,6548526448.0,6307960738.0,4095914125.0,331682864591.0,319498211380.0,家用电器,家用电器,白色家电,空调,56.36,46.12,0.0
2017-11-06,218.34,228.48,216.28,226.46,217.69,8.77000000000001,4.03,45891893.0,2386966267.0,4.298,0.007275,0.011204,1.47,23.4972,20.4475,4.8441,2.1695,1.5027,0.014841,0.018739,6548526448.0,6307960738.0,4095914125.0,345041858545.00006,332366451285.0,家用电器,家用电器,白色家电,空调,55.72,45.59,0.0
2017-11-07,226.5,232.44,223.07,226.72,226.46,0.2599999999999909,0.11,48327874.0,2551838629.0,4.298,0.007661,0.0117989999999999,1.43,23.524,20.4708,4.8496,2.1719,1.5044,0.0148239999999999,0.018718,6548526448.0,6307960738.0,4095914125.0,345434770132.0,332744928930.0,家用电器,家用电器,白色家电,空调,57.96,47.42,0.0
2017-11-08,226.76,235.01,218.34,221.26,226.72,-5.460000000000008,-2.41,82439110.0,4344083496.0,4.298,0.0130689999999999,0.020127,2.29,22.9576,19.9779,4.7328,2.1197,1.4682,0.0151899999999999,0.0191789999999999,6548526448.0,6307960738.0,4095914125.0,337118141542.99994,324733818792.0,家用电器,家用电器,白色家电,空调,58.03,47.48,0.0
2017-11-09,221.65,226.29,216.4,226.07,221.26,4.810000000000002,2.17,46254572.0,2381451846.0,4.298,0.0073329999999999,0.011293,1.02,23.4571,20.4126,4.8358,2.1658,1.5001,0.0148669999999999,0.018771,6548526448.0,6307960738.0,4095914125.0,344452491165.0,331798734819.0,家用电器,家用电器,白色家电,空调,56.63,46.33,0.0
2017-11-10,226.2,230.63,223.93,229.51,226.07,3.4399999999999977,1.52,41188030.0,2190665660.0,4.298,0.00653,0.010056,0.82,23.8139,20.723,4.9094,2.1987,1.5229,0.0146439999999999,0.01849,6548526448.0,6307960738.0,4095914125.0,349691312323.0,336845103408.99994,家用电器,家用电器,白色家电,空调,57.86,47.34,0.0
2017-11-13,231.02,233.81,228.44,230.85,229.51,1.3400000000000034,0.58,32995163.0,1775960537.0,4.298,0.005231,0.008056,0.62,23.9521,20.8433,4.9379,2.2115,1.5318,0.0145589999999999,0.018383,6548526448.0,6307960738.0,4095914125.0,351721355522.0,338800571238.0,家用电器,家用电器,白色家电,空调,58.74,48.06,0.0
2017-11-14,230.5,230.5,222.21,224.83,230.85,-6.019999999999982,-2.61,37915612.0,1992144078.0,4.298,0.006011,0.009257,0.75,23.3278,20.3,4.8092,2.1538,1.4919,0.0149489999999999,0.018875,6548526448.0,6307960738.0,4095914125.0,342553418495.0,329969426205.0,家用电器,家用电器,白色家电,空调,59.08,48.34,0.0
2017-11-15,223.07,226.72,220.62,224.7,224.83,-0.1300000000000238,-0.06,35900494.0,1870389662.0,4.298,0.005691,0.008765,0.75,23.3144,20.2884,4.8064,2.1526,1.491,0.014958,0.018886,6548526448.0,6307960738.0,4095914125.0,342356962701.0,329780187383.0,家用电器,家用电器,白色家电,空调,57.54,47.08,0.0
2017-11-16,224.36,227.88,221.82,227.28,224.7,2.5800000000000125,1.15,40644684.0,2128432509.0,4.298,0.006443,0.009923,1.05,23.582,20.5212,4.8616,2.1773,1.5081,0.0147879999999999,0.018671,6548526448.0,6307960738.0,4095914125.0,346286078570.0,333564963825.0,家用电器,家用电器,白色家电,空调,57.51,47.05,0.0
2017-11-17,227.36,233.38,225.22,230.59,227.28,3.3100000000000023,1.46,49510561.0,2649534447.0,4.298,0.007849,0.012088,1.31,23.9254,20.82,4.9323,2.209,1.5301,0.014576,0.018404,6548526448.0,6307960738.0,4095914125.0,351328443935.0,338422093593.99994,家用电器,家用电器,白色家电,空调,58.17,47.59,0.0
2017-11-20,229.94,234.93,225.86,234.76,230.59,4.169999999999988,1.81,41519874.0,2233210123.0,4.298,0.006582,0.010137,1.05,24.3579,21.1965,5.0215,2.2489,1.5577,0.014317,0.018077,6548526448.0,6307960738.0,4095914125.0,357680514590.0,344540815510.0,家用电器,家用电器,白色家电,空调,59.02,48.29,0.0
2017-11-21,236.18,247.87,236.0,247.82,234.76,13.060000000000002,5.56,65145452.0,3696071464.0,4.298,0.010327,0.015905,1.59,25.7136,22.3762,5.301,2.3741,1.6444,0.013562,0.017124,6548526448.0,6307960738.0,4095914125.0,377588034992.0,363717016153.0,家用电器,家用电器,白色家电,空调,60.08,49.16,0.0
2017-11-22,247.52,248.98,238.75,242.54,247.82,-5.280000000000001,-2.13,51109551.0,2899690083.0,4.298,0.008102,0.012478,1.1,25.1651,21.8989,5.1879,2.3235,1.6094,0.0138579999999999,0.017497,6548526448.0,6307960738.0,4095914125.0,369533347461.0,355958224445.0,家用电器,家用电器,白色家电,空调,63.43,51.89,0.0
2017-11-23,241.12,241.25,228.22,229.69,242.54,-12.849999999999994,-5.3,46045347.0,2521104119.0,4.298,0.0073,0.011242,0.93,23.8317,20.7385,4.913,2.2004,1.5241,0.014633,0.018476,6548526448.0,6307960738.0,4095914125.0,349953253381.0,337097421839.0,家用电器,家用电器,白色家电,空调,62.07,50.79,0.0
2017-11-24,229.08,232.87,221.95,232.52,229.69,2.8300000000000125,1.23,56545436.0,2988624841.0,4.298,0.008964,0.013805,1.12,24.126,20.9947,4.9737,2.2275,1.5429,0.014454,0.01825,6548526448.0,6307960738.0,4095914125.0,354275280837.0,341260675926.0,家用电器,家用电器,白色家电,空调,58.78,48.1,0.0
2017-11-27,229.51,229.51,222.42,226.25,232.52,-6.27000000000001,-2.7,43389581.0,2272582852.0,4.298,0.006879,0.0105929999999999,0.83,23.4749,20.4281,4.8395,2.1674,1.5013,0.014855,0.018757,6548526448.0,6307960738.0,4095914125.0,344714432223.0,332051053248.0,家用电器,家用电器,白色家电,空调,59.51,48.69,0.0
2017-11-28,224.36,228.09,222.55,226.03,226.25,-0.2199999999999988,-0.1,29884085.0,1561551143.0,4.298,0.004738,0.007296,0.57,23.4526,20.4087,4.8349,2.1654,1.4998,0.01487,0.018774,6548526448.0,6307960738.0,4095914125.0,344387005900.00006,331735655211.0,家用电器,家用电器,白色家电,空调,57.9,47.38,0.0
2017-11-29,226.03,226.81,215.76,219.63,226.03,-6.400000000000006,-2.83,44736356.0,2288830891.0,4.298,0.007092,0.010922,0.99,22.7882,19.8304,4.6979,2.104,1.4574,0.015303,0.019322,6548526448.0,6307960738.0,4095914125.0,334629701493.0,322336793712.0,家用电器,家用电器,白色家电,空调,57.85,47.33,0.0
2017-11-30,218.34,223.75,217.52,219.97,219.63,0.3400000000000034,0.15,29733361.0,1521289753.0,4.298,0.0047139999999999,0.007259,0.67,22.8239,19.8615,4.7053,2.1073,1.4596,0.015279,0.019292,6548526448.0,6307960738.0,4095914125.0,335153583609.0,322841430571.0,家用电器,家用电器,白色家电,空调,56.21,45.99,0.0
2017-12-01,222.08,222.08,217.05,217.39,219.97,-2.5800000000000125,-1.17,24294916.0,1238478316.0,4.298,0.003851,0.005932,0.59,22.5563,19.6287,4.6501,2.0826,1.4425,0.01546,0.019521,6548526448.0,6307960738.0,4095914125.0,331224467740.0,319056654128.0,家用电器,家用电器,白色家电,空调,56.3,46.06,0.0
2017-12-04,217.95,223.75,216.28,221.35,217.39,3.960000000000008,1.82,30062853.000000004,1544572382.0,4.298,0.004766,0.00734,0.87,22.9666,19.9857,4.7347,2.1205,1.4688,0.015184,0.019172,6548526448.0,6307960738.0,4095914125.0,337249112072.0,324859978007.0,家用电器,家用电器,白色家电,空调,55.64,45.52,0.0
2017-12-05,220.49,225.77,220.06,224.27,221.35,2.920000000000016,1.32,39244179.0,2041291166.0,4.298,0.006221,0.009581,1.24,23.2698,20.2496,4.7972,2.1485,1.4882,0.014986,0.018922,6548526448.0,6307960738.0,4095914125.0,341702110057.0,329149391309.0,家用电器,家用电器,白色家电,空调,56.65,46.35,0.0
2017-12-06,223.5,223.71,216.36,218.98,224.27,-5.2900000000000205,-2.36,33188207.0,1695821993.0,4.298,0.005261,0.008103,0.99,22.7213,19.7722,4.6841,2.0978,1.4531,0.0153479999999999,0.019379,6548526448.0,6307960738.0,4095914125.0,333647422526.0,321390599601.0,家用电器,家用电器,白色家电,空调,57.4,46.96,0.0
2017-12-07,218.73,219.54,210.82,211.16,218.98,-7.819999999999993,-3.57,38042881.0,1893349719.0,4.298,0.006031,0.009288,1.22,21.9096,19.0659,4.5168,2.0229,1.4012,0.015917,0.020097,6548526448.0,6307960738.0,4095914125.0,321729104390.0,309910111058.0,家用电器,家用电器,白色家电,空调,56.05,45.86,0.0
2017-12-08,212.32,220.06,212.32,216.75,211.16,5.590000000000003,2.65,45882313.0,2316395377.0,4.298,0.007274,0.011202,1.39,22.4894,19.5704,4.6363,2.0764,1.4382,0.0155059999999999,0.019579,6548526448.0,6307960738.0,4095914125.0,330242188773.0,318110460017.0,家用电器,家用电器,白色家电,空调,54.04,44.22,0.0
2017-12-11,217.48,231.28,217.48,230.46,216.75,13.710000000000008,6.33,48072655.0,2520510640.0,4.298,0.007621,0.011737,1.29,23.912,20.8084,4.9296,2.2078,1.5292,0.014584,0.018414,6548526448.0,6307960738.0,4095914125.0,351131988142.0,338232854772.0,家用电器,家用电器,白色家电,空调,55.47,45.39,0.0
2017-12-12,231.58,235.01,227.84,229.08,230.46,-1.3799999999999957,-0.6,32142095.0,1729024710.0,4.298,0.005095,0.007847,0.79,23.7693,20.6842,4.9002,2.1946,1.5201,0.014671,0.018524,6548526448.0,6307960738.0,4095914125.0,349036459678.0,336214307334.99994,家用电器,家用电器,白色家电,空调,58.98,48.26,0.0
2017-12-13,228.95,236.82,228.14,235.96,229.08,6.879999999999996,3.0,32577657.0,1770328790.0,4.298,0.0051649999999999,0.007954,0.83,24.4828,21.3051,5.0473,2.2605,1.5657,0.014244,0.017984,6548526448.0,6307960738.0,4095914125.0,359514101995.0,346307044516.0,家用电器,家用电器,白色家电,空调,58.63,47.97,0.0
2017-12-14,236.65,236.69,230.8,234.24,235.96,-1.7199999999999989,-0.73,30514945.0,1659069477.0,4.298,0.004838,0.00745,0.78,24.3044,21.1499,5.0105,2.244,1.5543,0.014348,0.018116,6548526448.0,6307960738.0,4095914125.0,356894691416.0,343783860221.0,家用电器,家用电器,白色家电,空调,60.39,49.41,0.0
2017-12-15,234.03,234.07,228.35,230.8,234.24,-3.4399999999999977,-1.47,25802765.0,1385703936.0,4.298,0.004091,0.0063,0.68,23.9477,20.8394,4.9369,2.2111,1.5315,0.0145619999999999,0.018386,6548526448.0,6307960738.0,4095914125.0,351655870258.0,338737491630.99994,家用电器,家用电器,白色家电,空调,59.95,49.05,0.0
2017-12-18,228.65,237.77,228.65,237.77,230.8,6.969999999999999,3.02,36266819.0,1990338367.0,4.298,0.005749,0.0088539999999999,1.07,24.6701,21.4681,5.0859,2.2778,1.5777,0.014136,0.017848,6548526448.0,6307960738.0,4095914125.0,362264483103.0,348956388025.99994,家用电器,家用电器,白色家电,空调,59.07,48.33,0.0
2017-12-19,236.3,239.7,235.32,238.28,237.77,0.5099999999999909,0.21,32728878.000000004,1808678014.0,4.298,0.005189,0.007991,1.04,24.7236,21.5147,5.0969,2.2827,1.5811,0.014105,0.017809,6548526448.0,6307960738.0,4095914125.0,363050306277.0,349713343315.0,家用电器,家用电器,白色家电,空调,60.85,49.79,0.0
2017-12-20,238.07,241.25,235.75,236.69,238.28,-1.5900000000000034,-0.67,33082275.0,1838169602.0,4.298,0.005245,0.0080769999999999,1.05,24.5586,21.3711,5.0629,2.2675,1.5706,0.0141999999999999,0.017929,6548526448.0,6307960738.0,4095914125.0,360627351491.0,347379397842.0,家用电器,家用电器,白色家电,空调,60.98,49.9,0.0
2017-12-21,237.03,242.67,236.82,240.43,236.69,3.740000000000009,1.58,28896345.0,1615692990.0,4.298,0.004581,0.007055,0.91,24.9466,21.7087,5.1429,2.3033,1.5954,0.0139789999999999,0.01765,6548526448.0,6307960738.0,4095914125.0,366324569501.0,352867323684.0,家用电器,家用电器,白色家电,空调,60.58,49.56,0.0
2017-12-22,239.18,243.87,238.54,243.18,240.43,2.75,1.14,21377621.0,1200106860.0,4.298,0.0033889999999999,0.005219,0.68,25.232,21.9571,5.2017,2.3296,1.6136,0.013821,0.01745,6548526448.0,6307960738.0,4095914125.0,370515626428.00006,356904418556.0,家用电器,家用电器,白色家电,空调,61.53,50.35,0.0
2017-12-25,243.27,250.79,243.27,248.73,243.18,5.549999999999983,2.28,36405829.0,2101831781.0,4.298,0.0057709999999999,0.008888,1.19,25.8073,22.4577,5.3203,2.3828,1.6504,0.0135129999999999,0.017061,6548526448.0,6307960738.0,4095914125.0,378963225546.0,365041687908.0,家用电器,家用电器,白色家电,空调,62.24,50.92,0.0
2017-12-26,248.47,248.77,238.75,241.98,248.73,-6.75,-2.71,34915633.0,1971165539.0,4.298,0.005535,0.008525,1.14,25.1071,21.8484,5.176,2.3181,1.6057,0.01389,0.017537,6548526448.0,6307960738.0,4095914125.0,368682039022.0,355138189548.99994,家用电器,家用电器,白色家电,空调,63.66,52.08,0.0
2017-12-27,242.11,243.65,233.77,233.77,241.98,-8.20999999999998,-3.39,34708280.0,1915094392.0,4.298,0.005502,0.008474,1.12,24.2554,21.1072,5.0004,2.2395,1.5512,0.014377,0.018153,6548526448.0,6307960738.0,4095914125.0,356174353507.0,343089984540.00006,家用电器,家用电器,白色家电,空调,61.93,50.67,0.0
2017-12-28,234.28,241.63,231.88,238.75,233.77,4.97999999999999,2.13,33099025.0,1832583975.0,4.298,0.005247,0.008081,1.06,24.7727,21.5574,5.107,2.2872,1.5843,0.014077,0.017774,6548526448.0,6307960738.0,4095914125.0,363770644186.0,350407218996.0,家用电器,家用电器,白色家电,空调,59.83,48.95,0.0
2017-12-29,240.22,244.9,235.79,238.24,238.75,-0.5099999999999909,-0.21,30633465.000000004,1715093926.0,4.298,0.004856,0.007479,0.95,24.7191,21.5108,5.096,2.2823,1.5808,0.014108,0.017813,6548526448.0,6307960738.0,4095914125.0,362984821013.0,349650263707.0,家用电器,家用电器,白色家电,空调,61.11,50.0,0.0
2018-01-02,241.33,245.33,240.77,242.32,238.24,4.079999999999984,1.71,32972518.0,1866579510.0,4.298,0.005227,0.00805,0.97,25.1428,21.8795,5.1833,2.3214,1.6079,0.017512,0.017512,6548526448.0,6307960738.0,4095914125.0,369205921138.0,355642826408.0,家用电器,家用电器,白色家电,空调,60.97,49.89,0.0
2018-01-03,243.09,246.06,238.2,239.83,242.32,-2.4899999999999807,-1.03,42836833.0,2412127948.0,4.298,0.006791,0.010458,1.29,24.8842,21.6544,5.13,2.2975,1.5914,0.017694,0.017694,6548526448.0,6307960738.0,4095914125.0,365407775798.0,351984209180.0,家用电器,家用电器,白色家电,空调,62.02,50.74,0.0
2018-01-04,240.77,246.28,239.91,246.23,239.83,6.399999999999977,2.67,40555708.0,2306429666.0,4.298,0.006429,0.009902,1.16,25.5486,22.2326,5.267,2.3589,1.6339,0.017234,0.017234,6548526448.0,6307960738.0,4095914125.0,375165080206.0,361383070680.00006,家用电器,家用电器,白色家电,空调,61.38,50.22,0.0
2018-01-05,247.56,250.14,243.91,249.11,246.23,2.880000000000024,1.17,37185423.0,2137344306.0,4.298,0.005895,0.009079,1.03,25.8474,22.4926,5.3286,2.3865,1.653,0.017035,0.017035,6548526448.0,6307960738.0,4095914125.0,379552592926.0,365609404374.0,家用电器,家用电器,白色家电,空调,63.02,51.56,0.0
2018-01-08,247.99,250.57,243.78,247.82,249.11,-1.2900000000000205,-0.52,36788480.0,2115094001.0,4.298,0.005832,0.008982,1.0,25.7136,22.3762,5.301,2.3741,1.6444,0.017124,0.017124,6548526448.0,6307960738.0,4095914125.0,377588034992.0,363717016153.0,家用电器,家用电器,白色家电,空调,63.76,52.16,0.0
2018-01-09,248.42,257.67,246.02,255.65,247.82,7.8300000000000125,3.16,44805413.0,2638563276.0,4.298,0.007103,0.010939,1.18,26.5253,23.0825,5.4683,2.449,1.6963,0.0166,0.0166,6548526448.0,6307960738.0,4095914125.0,389506353127.00006,375197504696.0,家用电器,家用电器,白色家电,空调,63.43,51.89,0.0
2018-01-10,256.12,263.47,253.15,260.29,255.65,4.640000000000015,1.81,44896688.0,2694648762.0,4.298,0.007117,0.010961,1.11,27.0069,23.5016,5.5676,2.4935,1.7272,0.016304,0.016304,6548526448.0,6307960738.0,4095914125.0,396578761691.0,382010102293.0,家用电器,家用电器,白色家电,空调,65.43,53.53,0.0
2018-01-11,257.92,261.66,253.07,256.25,260.29,-4.0400000000000205,-1.55,31603528.000000004,1888981548.0,4.298,0.00501,0.007716,0.77,26.5877,23.1368,5.4812,2.4548,1.7003,0.016561,0.016561,6548526448.0,6307960738.0,4095914125.0,390423146830.0,376080619200.0,家用电器,家用电器,白色家电,空调,66.62,54.5,0.0
2018-01-12,256.25,262.95,254.87,261.32,256.25,5.069999999999993,1.98,25290020.0,1525807288.0,4.298,0.0040089999999999,0.006174,0.65,27.1139,23.5947,5.5897,2.5034,1.734,0.016239,0.016239,6548526448.0,6307960738.0,4095914125.0,398150408038.0,383524012870.0,家用电器,家用电器,白色家电,空调,65.58,53.66,0.0
2018-01-15,263.55,269.31,262.18,262.87,261.32,1.5500000000000114,0.59,36722573.0,2266432850.0,4.298,0.005822,0.008966,1.0,27.2745,23.7344,5.6228,2.5182,1.7443,0.016144,0.016144,6548526448.0,6307960738.0,4095914125.0,400507877560.0,385794878736.0,家用电器,家用电器,白色家电,空调,66.88,54.72,0.0
2018-01-16,262.18,265.75,258.31,262.56,262.87,-0.3100000000000023,-0.12,28936528.000000004,1768100967.0,4.298,0.004587,0.007065,0.79,27.2432,23.7073,5.6163,2.5153,1.7423,0.016162,0.016162,6548526448.0,6307960738.0,4095914125.0,400049480708.0,385353321484.0,家用电器,家用电器,白色家电,空调,67.28,55.04,0.0
2018-01-17,262.18,262.22,251.22,252.51,262.56,-10.050000000000011,-3.83,41403703.0,2459742680.0,4.298,0.0065639999999999,0.010109,1.24,26.1997,22.7992,5.4012,2.419,1.6755,0.016806,0.016806,6548526448.0,6307960738.0,4095914125.0,384725928820.0,370592693358.0,家用电器,家用电器,白色家电,空调,67.2,54.98,0.0
2018-01-18,253.58,256.98,251.43,253.37,252.51,0.8600000000000136,0.34,22378155.0,1323941735.0,4.298,0.003548,0.005464,0.68,26.2889,22.8768,5.4196,2.4272,1.6812,0.016749,0.016749,6548526448.0,6307960738.0,4095914125.0,386035634110.0,371854285505.0,家用电器,家用电器,白色家电,空调,64.63,52.88,0.0
2018-01-19,253.37,254.05,248.85,250.01,253.37,-3.3600000000000136,-1.33,31387869.0,1830960804.0,4.298,0.0049759999999999,0.007663,1.01,25.9411,22.5741,5.3479,2.3951,1.659,0.016973,0.016973,6548526448.0,6307960738.0,4095914125.0,380927783480.0,366934076129.0,家用电器,家用电器,白色家电,空调,64.85,53.06,0.0
2018-01-22,251.78,264.5,251.78,264.03,250.01,14.019999999999982,5.61,45850148.0,2764421354.0,4.298,0.007269,0.0111939999999999,1.43,27.3949,23.8392,5.6476,2.5293,1.752,0.016073,0.016073,6548526448.0,6307960738.0,4095914125.0,402275979701.0,387498028135.0,家用电器,家用电器,白色家电,空调,63.99,52.35,0.0
2018-01-23,263.81,269.23,258.87,266.99,264.03,2.9600000000000364,1.12,38647252.0,2373486892.0,4.298,0.006127,0.009436,1.14,27.7026,24.107,5.711,2.5577,1.7716,0.015894,0.015894,6548526448.0,6307960738.0,4095914125.0,406794462950.0,391850521045.00006,家用电器,家用电器,白色家电,空调,67.57,55.29,0.0
2018-01-24,268.15,269.27,258.74,259.64,266.99,-7.350000000000023,-2.75,32612654.0,1984093147.0,4.298,0.00517,0.007962,0.91,26.94,23.4434,5.5538,2.4873,1.7229,0.016344,0.016344,6548526448.0,6307960738.0,4095914125.0,395596482724.0,381063908183.0,家用电器,家用电器,白色家电,空调,68.33,55.91,0.0
2018-01-25,261.32,263.98,253.58,263.47,259.64,3.830000000000041,1.48,28256417.0,1707172485.0,4.298,0.004479,0.006899,0.83,27.3369,23.7888,5.6357,2.524,1.7483,0.016107,0.016107,6548526448.0,6307960738.0,4095914125.0,401424671262.0,386677993239.0,家用电器,家用电器,白色家电,空调,66.45,54.37,0.0
2018-01-26,263.47,269.44,260.16,266.48,263.47,3.009999999999991,1.14,33351639.0,2063068378.0,4.298,0.0052869999999999,0.008143,0.94,27.6491,24.0604,5.7,2.5528,1.7682,0.015925,0.015925,6548526448.0,6307960738.0,4095914125.0,406008639776.0,391093565756.0,家用电器,家用电器,白色家电,空调,67.43,55.17,0.0
2018-01-29,266.35,267.25,253.15,257.32,266.48,-9.160000000000023,-3.44,46708583.0,2810319406.0,4.298,0.007405,0.011404,1.31,26.6992,23.2338,5.5042,2.4651,1.7075,0.016492,0.016492,6548526448.0,6307960738.0,4095914125.0,392060278442.0,377657609384.0,家用电器,家用电器,白色家电,空调,68.2,55.8,0.0
2018-01-30,255.39,260.8,251.43,252.55,257.32,-4.769999999999982,-1.85,30951625.0,1841490341.0,4.298,0.004907,0.007557,0.86,26.2042,22.8031,5.4021,2.4194,1.6758,0.016803,0.016803,6548526448.0,6307960738.0,4095914125.0,384791414084.0,370655772965.0,家用电器,家用电器,白色家电,空调,65.86,53.88,0.0
2018-01-31,250.7,259.69,250.14,257.11,252.55,4.560000000000002,1.81,25407243.0,1512097801.0,4.298,0.004028,0.0062029999999999,0.74,26.6769,23.2144,5.4996,2.463,1.706,0.016505,0.016505,6548526448.0,6307960738.0,4095914125.0,391732852119.00006,377342211347.0,家用电器,家用电器,白色家电,空调,64.64,52.88,0.0
2018-02-01,257.88,258.31,249.89,255.04,257.11,-2.0700000000000216,-0.81,38003198.0,2240855710.0,4.298,0.006025,0.009278,1.15,26.4628,23.0282,5.4555,2.4433,1.6924,0.016639,0.016639,6548526448.0,6307960738.0,4095914125.0,388589559424.0,374314390193.0,家用电器,家用电器,白色家电,空调,65.8,53.84,0.0
2018-02-02,253.37,258.27,251.0,257.45,255.04,2.4099999999999966,0.94,22489736.0,1339453852.0,4.298,0.003565,0.005491,0.64,26.7126,23.2455,5.5069,2.4663,1.7083,0.016483,0.016483,6548526448.0,6307960738.0,4095914125.0,392256734235.0,377846848206.0,家用电器,家用电器,白色家电,空调,65.27,53.41,0.0
2018-02-05,253.2,255.9,242.84,246.36,257.45,-11.089999999999977,-4.31,55463901.0,3207265994.0,4.298,0.008793,0.013541,1.7,25.562,22.2443,5.2697,2.3601,1.6347,0.017225,0.017225,6548526448.0,6307960738.0,4095914125.0,375361535999.0,361572309502.0,家用电器,家用电器,白色家电,空调,65.89,53.91,0.0
2018-02-06,239.4,239.87,231.32,238.54,246.36,-7.820000000000022,-3.17,88034248.0,4837552400.0,4.298,0.013846,0.021233,2.55,24.8318,21.6088,5.1192,2.2927,1.588,0.017732,0.017732,6570062196.0,6358119286.0,4146072673.0,364638451878.0,352875620373.0,家用电器,家用电器,白色家电,空调,63.05,51.59,0.0
2018-02-07,242.41,243.18,226.55,226.89,238.54,-11.650000000000006,-4.88,53353862.0,2912160602.0,4.298,0.008391,0.0128689999999999,1.16,23.6386,20.5705,4.8629,2.1825,1.5117,0.018627,0.018627,6575447196.0,6358119286.0,4146072673.0,347117857477.0,335645117108.0,家用电器,家用电器,白色家电,空调,61.05,49.95,0.0
2018-02-08,226.07,233.98,225.69,231.1,226.89,4.210000000000008,1.86,43978228.0,2353183880.0,4.298,0.0069169999999999,0.010607,0.85,24.0774,20.9524,4.9532,2.223,1.5398,0.018287,0.018287,6575447196.0,6358119286.0,4146072673.0,353561795729.0,341876074008.0,家用电器,家用电器,白色家电,空调,58.07,47.51,0.0
2018-02-09,223.28,225.43,215.54,223.41,231.1,-7.689999999999998,-3.33,60364840.0,3107079216.0,4.298,0.009494,0.01456,1.15,23.2759,20.2549,4.7883,2.149,1.4885,0.018917,0.018917,6575447196.0,6358119286.0,4146072673.0,341791745248.0,330495040486.0,家用电器,家用电器,白色家电,空调,59.15,48.39,0.0
2018-02-12,223.41,235.87,223.37,233.9,223.41,10.490000000000007,4.7,37456167.0,2020911734.0,4.298,0.0058909999999999,0.009034,0.62,24.3685,21.2057,5.0131,2.2499,1.5584,0.0180689999999999,0.0180689999999999,6575447196.0,6358119286.0,4146072673.0,357835836406.00006,346008851544.0,家用电器,家用电器,白色家电,空调,57.18,46.78,0.0
2018-02-13,236.56,242.84,235.01,237.72,233.9,3.819999999999993,1.63,25892044.0,1439646656.0,4.298,0.004072,0.006245,0.46,24.767,21.5525,5.0951,2.2867,1.5839,0.017778,0.017778,6575447196.0,6358119286.0,4146072673.0,363687984411.0,351667577709.00006,家用电器,家用电器,白色家电,空调,59.86,48.98,0.0
2018-02-14,239.01,245.42,235.19,244.64,237.72,6.919999999999988,2.91,21957439.0,1235236270.0,4.298,0.003453,0.0052959999999999,0.5,25.488,22.1798,5.2434,2.3533,1.63,0.017275,0.017275,6575447196.0,6358119286.0,4146072673.0,374274454396.0,361904149759.0,家用电器,家用电器,白色家电,空调,60.84,49.78,0.0
2018-02-22,250.57,251.52,245.85,249.89,244.64,5.25,2.15,25152719.0,1461224847.0,4.298,0.003956,0.006067,0.66,26.0343,22.6552,5.3558,2.4037,1.6649,0.016913,0.016913,6575447196.0,6358119286.0,4146072673.0,382296499975.0,369661055288.00006,家用电器,家用电器,白色家电,空调,62.61,51.23,0.0
2018-02-23,251.22,251.35,244.56,247.35,249.89,-2.539999999999992,-1.02,18050179.0,1039074373.0,4.298,0.002839,0.004354,0.53,25.7701,22.4253,5.3014,2.3793,1.6481,0.017086,0.017086,6575447196.0,6358119286.0,4146072673.0,378416986130.0,365909764909.0,家用电器,家用电器,白色家电,空调,63.95,52.33,0.0
2018-02-26,247.48,250.53,244.99,247.99,247.35,0.6400000000000148,0.26,24626625.0,1424718751.0,4.298,0.0038729999999999,0.00594,0.96,25.8372,22.4838,5.3152,2.3855,1.6523,0.0170419999999999,0.0170419999999999,6575447196.0,6358119286.0,4146072673.0,379403303209.0,366863482802.0,家用电器,家用电器,白色家电,空调,63.31,51.8,0.0
2018-02-27,248.38,248.38,234.58,234.67,247.99,-13.320000000000022,-5.37,47885316.0,2667769406.0,4.298,0.0075309999999999,0.01155,2.07,24.4491,21.2758,5.0297,2.2574,1.5636,0.018009,0.018009,6575447196.0,6358119286.0,4146072673.0,359019416902.0,347153313016.0,家用电器,家用电器,白色家电,空调,63.47,51.93,0.0
2018-02-28,233.6,239.83,230.8,236.18,234.67,1.510000000000019,0.64,31872104.0,1752933198.0,4.298,0.005013,0.007687,1.16,24.6058,21.4122,5.0619,2.2718,1.5736,0.017895,0.017895,6575447196.0,6358119286.0,4146072673.0,361320823420.0,349378654766.0,家用电器,家用电器,白色家电,空调,60.06,49.14,0.0
2018-03-01,236.35,242.79,235.62,238.97,236.18,2.789999999999992,1.18,23790009.0,1325327535.0,4.298,0.0037419999999999,0.005738,0.81,24.8969,21.6655,5.1218,2.2987,1.5922,0.017685,0.017685,6575447196.0,6358119286.0,4146072673.0,365594864098.0,353511432302.0,家用电器,家用电器,白色家电,空调,60.45,49.46,0.0
2018-03-02,235.79,247.91,235.4,241.63,238.97,2.6599999999999966,1.11,36490364.0,2064011403.0,4.298,0.0057389999999999,0.008801,1.25,25.1745,21.9071,5.1789,2.3243,1.61,0.01749,0.01749,6575447196.0,6358119286.0,4146072673.0,369671641359.0,357453466259.0,家用电器,家用电器,白色家电,空调,61.16,50.04,0.0
2018-03-05,241.16,243.05,238.62,240.77,241.63,-0.8599999999999852,-0.36,20417101.0,1142843072.0,4.298,0.003211,0.004924,0.62,25.085,21.8291,5.1605,2.3161,1.6042,0.017553,0.017553,6575447196.0,6358119286.0,4146072673.0,368356551920.0,356181842402.0,家用电器,家用电器,白色家电,空调,61.84,50.6,0.0
2018-03-06,242.97,243.65,235.96,241.55,240.77,0.7800000000000011,0.32,19503043.0,1084322728.0,4.298,0.003067,0.004704,0.61,25.1656,21.8993,5.1771,2.3235,1.6094,0.017497,0.017497,6575447196.0,6358119286.0,4146072673.0,369540132415.0,357326303873.0,家用电器,家用电器,白色家电,空调,61.62,50.42,0.0
2018-03-07,241.81,245.67,239.96,241.81,241.55,0.2599999999999909,0.11,20892502.0,1183915592.0,4.298,0.003286,0.005039,0.79,25.1924,21.9227,5.1826,2.326,1.6111,0.017478,0.017478,6575447196.0,6358119286.0,4146072673.0,369934659247.0,357707791030.0,家用电器,家用电器,白色家电,空调,61.82,50.58,0.0
2018-03-08,244.43,254.44,242.41,254.31,241.81,12.5,5.17,38051889.0,2206248601.0,4.298,0.005985,0.0091779999999999,1.57,26.4955,23.0566,5.4507,2.4463,1.6944,0.016618,0.016618,6575447196.0,6358119286.0,4146072673.0,389069210587.0,376209918153.0,家用电器,家用电器,白色家电,空调,61.89,50.63,0.0
2018-03-09,255.6,259.56,252.42,257.49,254.31,3.180000000000007,1.25,39472938.0,2356572671.0,4.298,0.006208,0.009521,1.46,26.8268,23.3449,5.5188,2.4769,1.7156,0.016413,0.016413,6575447196.0,6358119286.0,4146072673.0,393935041512.0,380914926424.0,家用电器,家用电器,白色家电,空调,65.09,53.25,0.0
2018-03-12,262.09,268.8,259.38,261.02,257.49,3.5299999999999727,1.37,46132537.0,2831384970.0,4.298,0.007256,0.011127,1.67,27.194,23.6645,5.5944,2.5108,1.7391,0.016191,0.016191,6575447196.0,6358119286.0,4146072673.0,399326908213.0,386128584239.0,家用电器,家用电器,白色家电,空调,65.9,53.92,0.0
2018-03-13,260.89,267.29,259.0,262.44,261.02,1.420000000000016,0.54,37782389.0,2320438068.0,4.298,0.0059419999999999,0.009113,1.15,27.3418,23.7931,5.6248,2.5244,1.7486,0.016104,0.016104,6575447196.0,6358119286.0,4146072673.0,401496805788.0,388226763603.0,家用电器,家用电器,白色家电,空调,66.8,54.66,0.0
2018-03-14,260.89,264.89,257.67,259.6,262.44,-2.839999999999975,-1.08,27207216.0,1652444132.0,4.298,0.004279,0.006562,0.75,27.0463,23.5359,5.564,2.4972,1.7297,0.01628,0.01628,6575447196.0,6358119286.0,4146072673.0,397157010638.0,384030404874.0,家用电器,家用电器,白色家电,空调,67.17,54.95,0.0
2018-03-15,257.45,266.05,257.02,263.94,259.6,4.339999999999975,1.67,26696301.0,1632419118.0,4.298,0.004199,0.006439,0.71,27.4985,23.9294,5.657,2.5389,1.7586,0.016012,0.016012,6575447196.0,6358119286.0,4146072673.0,403798212306.0,390452105353.0,家用电器,家用电器,白色家电,空调,66.44,54.36,0.0
2018-03-16,262.61,264.03,255.73,256.55,263.94,-7.389999999999986,-2.8,25810503.0,1555874365.0,4.298,0.004059,0.006225,0.73,26.7283,23.2592,5.4986,2.4678,1.7093,0.016474,0.016474,6575447196.0,6358119286.0,4146072673.0,392488443129.0,379516140181.0,家用电器,家用电器,白色家电,空调,67.55,55.27,0.0
2018-03-19,256.55,259.08,253.58,256.03,256.55,-0.5200000000000387,-0.2,21159783.0,1260029782.0,4.298,0.003328,0.005104,0.65,26.6746,23.2124,5.4875,2.4628,1.7059,0.016507,0.016507,6575447196.0,6358119286.0,4146072673.0,391699389466.0,378753165867.0,家用电器,家用电器,白色家电,空调,65.66,53.72,0.0
2018-03-20,254.05,256.29,250.57,255.04,256.03,-0.9899999999999808,-0.39,17763764.0,1046101321.0,4.298,0.0027939999999999,0.004284,0.64,26.5716,23.1228,5.4663,2.4533,1.6993,0.016571,0.016571,6575447196.0,6358119286.0,4146072673.0,390187036611.0,377290798431.0,家用电器,家用电器,白色家电,空调,65.53,53.61,0.0
2018-03-21,256.29,257.71,250.49,250.49,255.04,-4.549999999999983,-1.78,19725169.0,1164919607.0,4.298,0.0031019999999999,0.004758,0.83,26.097,22.7098,5.3687,2.4095,1.669,0.016872,0.016872,6575447196.0,6358119286.0,4146072673.0,383217062583.0,370551191988.0,家用电器,家用电器,白色家电,空调,65.27,53.41,0.0
2018-03-22,253.07,253.15,242.24,244.56,250.49,-5.930000000000007,-2.37,32937831.0,1886620309.0,4.298,0.00518,0.007944,1.48,25.479,22.172,5.2416,2.3524,1.6294,0.017281,0.017281,6575447196.0,6358119286.0,4146072673.0,374142945452.0,361776987373.0,家用电器,家用电器,白色家电,空调,64.11,52.45,0.0
2018-03-23,235.1,242.62,230.93,241.72,244.56,-2.8400000000000034,-1.16,64162714.0,3526483698.0,4.298,0.010091,0.015476,2.73,25.1835,21.9149,5.1808,2.3252,1.6105,0.017484,0.017484,6575447196.0,6358119286.0,4146072673.0,369803150303.0,357580628645.0,家用电器,家用电器,白色家电,空调,62.59,51.21,0.0
2018-03-26,238.54,240.6,232.52,237.55,241.72,-4.169999999999988,-1.73,37309849.0,2054321670.0,4.298,0.005868,0.008999,1.2,24.7491,21.5369,5.0914,2.2851,1.5828,0.0177909999999999,0.0177909999999999,6575447196.0,6358119286.0,4146072673.0,363424966523.0,351413252937.0,家用电器,家用电器,白色家电,空调,61.86,50.62,0.0
2018-03-27,241.42,242.32,232.56,234.71,237.55,-2.8400000000000034,-1.2,47106361.0,2602536138.0,4.298,0.007409,0.011362,1.37,24.4536,21.2797,5.0306,2.2578,1.5639,0.018006,0.018006,6575447196.0,6358119286.0,4146072673.0,359085171374.0,347216894208.0,家用电器,家用电器,白色家电,空调,60.8,49.74,0.0
2018-03-28,229.9,232.09,223.54,228.31,234.71,-6.400000000000006,-2.73,54450412.0,2880441044.0,4.298,0.008564,0.0131329999999999,1.35,23.7864,20.6991,4.8933,2.1962,1.5212,0.018511,0.018511,6575447196.0,6358119286.0,4146072673.0,349287755052.0,337743296472.00006,家用电器,家用电器,白色家电,空调,60.07,49.15,0.0
2018-03-29,229.6,239.74,224.79,237.68,228.31,9.370000000000005,4.1,38594720.0,2098813873.0,4.298,0.00607,0.009309,0.82,24.7626,21.5486,5.0942,2.2863,1.5836,0.017781,0.017781,6575447196.0,6358119286.0,4146072673.0,363622229939.0,351603996516.00006,家用电器,家用电器,白色家电,空调,58.43,47.81,0.0
2018-03-30,236.39,237.94,233.64,234.37,237.68,-3.3100000000000023,-1.39,30881466.0,1696101255.0,4.298,0.004857,0.007448,0.64,24.4178,21.2485,5.0232,2.2545,1.5616,0.018032,0.018032,6575447196.0,6358119286.0,4146072673.0,358559135598.0,346708244666.0,家用电器,家用电器,白色家电,空调,60.83,49.77,0.0
2018-04-02,229.08,236.39,226.42,227.11,234.37,-7.259999999999991,-3.1,41715150.0,2227714703.0,4.298,0.006561,0.010061,1.0,20.1026,20.1026,4.6863,1.4434,1.4434,0.018585,0.018585,6575447196.0,6358119286.0,4146072673.0,347446629837.0,335963023072.0,家用电器,家用电器,白色家电,空调,59.98,49.08,0.0
2018-04-03,226.46,230.5,224.27,225.73,227.11,-1.380000000000024,-0.61,31189520.0,1645036115.0,4.298,0.004899,0.0075229999999999,0.73,20.0069,20.0069,4.664,1.4365,1.4365,0.018698,0.018698,6584022574.0,6366694664.0,4146072673.0,345792865586.0,334378803753.0,家用电器,家用电器,白色家电,空调,58.12,47.56,0.0
2018-04-04,227.02,232.52,223.75,227.84,225.73,2.1100000000000136,0.93,37152821.0,1980456944.0,4.298,0.005835,0.008961,0.94,20.1935,20.1935,4.7075,1.4499,1.4499,0.018525,0.018525,6584022574.0,6366694664.0,4146072673.0,349019036648.00006,337498484139.0,家用电器,家用电器,白色家电,空调,57.77,47.27,0.0
2018-04-09,227.41,229.13,219.2,220.49,227.84,-7.349999999999994,-3.23,42797042.0,2210491847.0,4.298,0.006722,0.010322,1.19,19.5421,19.5421,4.5557,1.4032,1.4032,0.019143,0.019143,6584022574.0,6366694664.0,4146072673.0,337760358046.0,326611436263.0,家用电器,家用电器,白色家电,空调,58.31,47.71,0.0
2018-04-10,221.13,226.93,219.97,226.81,220.49,6.319999999999993,2.87,35424096.0,1846478110.0,4.298,0.005564,0.008544,0.96,20.1021,20.1021,4.6862,1.4434,1.4434,0.01861,0.01861,6584022574.0,6366694664.0,4146072673.0,347438871230.00006,335970477419.0,家用电器,家用电器,白色家电,空调,56.43,46.17,0.0
2018-04-11,226.85,230.5,225.26,227.71,226.81,0.9000000000000057,0.4,46761431.0,2476801817.0,4.298,0.007345,0.011278,1.24,20.1821,20.1821,4.7049,1.4491,1.4491,0.018536,0.018536,6584022574.0,6366694664.0,4146072673.0,348821515971.0,337307483298.99994,家用电器,家用电器,白色家电,空调,58.05,47.49,0.0
2018-04-12,227.41,227.54,222.81,222.94,227.71,-4.77000000000001,-2.09,25207452.0,1317128205.0,4.298,0.003959,0.0060799999999999,0.65,19.7593,19.7593,4.6063,1.4188,1.4188,0.018932,0.018932,6584022574.0,6366694664.0,4146072673.0,341513250913.00006,330240452222.0,家用电器,家用电器,白色家电,空调,58.28,47.68,0.0
2018-04-13,225.22,225.52,219.24,220.57,222.94,-2.3700000000000045,-1.06,24021567.0,1241813085.0,4.298,0.003773,0.005794,0.64,19.5498,19.5498,4.5575,1.4037,1.4037,0.019135,0.019135,6584022574.0,6366694664.0,4146072673.0,337892038498.0,326738770156.0,家用电器,家用电器,白色家电,空调,57.06,46.68,0.0
2018-04-16,220.53,222.64,211.25,214.0,220.57,-6.569999999999993,-2.98,44470974.0,2228866673.0,4.298,0.006985,0.010726,1.28,18.9669,18.9669,4.4216,1.3619,1.3619,0.019723,0.019723,6584022574.0,6366694664.0,4146072673.0,327818483959.0,316997727321.0,家用电器,家用电器,白色家电,空调,56.45,46.19,0.0
2018-04-17,213.78,217.26,208.84,214.43,214.0,0.4300000000000068,0.2,31343761.0,1555082597.0,4.298,0.004923,0.00756,0.89,19.005,19.005,4.4305,1.3646,1.3646,0.019684,0.019684,6584022574.0,6366694664.0,4146072673.0,328476886217.0,317634396787.0,家用电器,家用电器,白色家电,空调,54.77,44.81,0.0
2018-04-18,217.48,217.61,206.09,209.44,214.43,-4.990000000000009,-2.33,41607964.0,2037850000.0,4.298,0.006535,0.010036,1.21,18.5631,18.5631,4.3275,1.3329,1.3329,0.020152,0.020152,6584022574.0,6366694664.0,4146072673.0,320839420031.0,310249030977.0,家用电器,家用电器,白色家电,空调,54.88,44.9,0.0
2018-04-19,212.02,221.65,210.6,221.65,209.44,12.210000000000008,5.83,43366015.0,2193162137.0,4.298,0.006811,0.01046,1.3,19.645,19.645,4.5797,1.4106,1.4106,0.019043,0.019043,6584022574.0,6366694664.0,4146072673.0,339538044141.0,328330443822.0,家用电器,家用电器,白色家电,空调,53.6,43.86,0.0
2018-04-20,222.59,227.79,218.98,220.92,221.65,-0.7300000000000182,-0.33,43041624.0,2233312240.0,4.298,0.00676,0.010381,1.16,19.5802,19.5802,4.5646,1.4059,1.4059,0.019106,0.019106,6584022574.0,6366694664.0,4146072673.0,338418760304.0,327248105730.0,家用电器,家用电器,白色家电,空调,56.73,46.41,0.0
2018-04-23,223.07,227.28,219.2,223.71,220.92,2.7900000000000205,1.26,28904416.0,1499909828.0,4.298,0.00454,0.006972,0.71,19.8278,19.8278,4.6223,1.4237,1.4237,0.018867,0.018867,6584022574.0,6366694664.0,4146072673.0,342698374977.0,331386457261.0,家用电器,家用电器,白色家电,空调,56.54,46.26,0.0
2018-04-24,225.09,231.53,225.09,230.16,223.71,6.449999999999989,2.88,37387115.0,1996954467.0,4.298,0.005872,0.0090169999999999,0.99,20.3993,20.3993,4.7555,1.4647,1.4647,0.018338,0.018338,6584022574.0,6366694664.0,4146072673.0,352574408838.0,340936499257.0,家用电器,家用电器,白色家电,空调,57.26,46.85,0.0
2018-04-25,229.73,230.63,223.07,226.16,230.16,-4.0,-1.74,36380149.0,1916903762.0,4.298,0.005714,0.008775,0.94,20.045,20.045,4.6729,1.4393,1.4393,0.018663,0.018663,6584022574.0,6366694664.0,4146072673.0,346451267844.0,335015473220.0,家用电器,家用电器,白色家电,空调,58.91,48.2,0.0
2018-04-26,222.12,224.91,218.73,220.92,226.16,-5.240000000000009,-2.32,33110245.0,1707726691.0,4.298,0.005201,0.007986,0.88,19.5802,19.5802,4.5646,1.4059,1.4059,0.019106,0.019106,6584022574.0,6366694664.0,4146072673.0,338418760304.0,327248105730.0,家用电器,家用电器,白色家电,空调,57.88,47.36,0.0
2018-04-27,225.3,225.3,217.26,222.12,220.92,1.200000000000017,0.54,40346569.0,2075967214.0,4.298,0.006337,0.009731,1.13,19.6869,19.6869,4.5894,1.4136,1.4136,0.0190019999999999,0.0190019999999999,6584022574.0,6366694664.0,4146072673.0,340262286624.0,329030780236.0,家用电器,家用电器,白色家电,空调,56.54,46.26,0.0
2018-05-02,220.19,223.97,216.79,220.7,222.12,-1.420000000000016,-0.64,30686239.0,1570439080.0,4.298,0.00482,0.007386,0.87,19.5612,18.5893,4.2674,1.4045,1.3486,0.019124,0.019124,6584022574.0,6366694664.0,4154648051.0,338089559174.99994,326929770996.0,家用电器,家用电器,白色家电,空调,56.85,46.51,0.0
2018-05-03,219.84,228.87,218.47,228.65,220.7,7.950000000000017,3.6,30789023.0,1608563745.0,4.298,0.004836,0.007411,0.87,20.2659,19.259,4.4212,1.4551,1.3972,0.018459,0.018459,6584022574.0,6366694664.0,4154648051.0,350270000937.0,338708156125.0,家用电器,家用电器,白色家电,空调,56.49,46.22,0.0
2018-05-04,229.26,231.81,224.03,224.69,228.64,-3.9499999999999886,-1.73,30284288.0,1561168880.0,4.397,0.004757,0.007289,0.88,19.466,18.4988,4.717,1.3977,1.342,0.019218,0.042701,6584022574.0,6366694664.0,4154648051.0,336443553531.0,325338097330.0,家用电器,家用电器,白色家电,空调,57.2,46.8,0.0
2018-05-07,225.96,230.89,224.03,230.4,224.69,5.710000000000008,2.54,29061967.0,1509943122.0,4.397,0.004565,0.006995,0.88,19.9612,18.9694,4.837,1.4333,1.3762,0.018741,0.041642,6584022574.0,6366694664.0,4154648051.0,345002782878.0,333614800394.0,家用电器,家用电器,白色家电,空调,56.21,45.99,0.0
2018-05-08,230.53,239.06,230.49,237.0,230.4,6.599999999999994,2.86,42279551.0,2267541992.0,4.397,0.006641,0.010176,1.31,20.5326,19.5124,4.9755,1.4743,1.4156,0.018219,0.040483,6584022574.0,6366694664.0,4154648051.0,354878816739.0,343164842390.0,家用电器,家用电器,白色家电,空调,57.64,47.16,0.0
2018-05-09,235.28,237.88,235.06,237.22,237.0,0.2199999999999988,0.09,17405405.0,935733594.0,4.397,0.002734,0.004189,0.53,20.5516,19.5305,4.9801,1.4757,1.4169,0.018203,0.040445,6584022574.0,6366694664.0,4154648051.0,355208017867.0,343483177123.0,家用电器,家用电器,白色家电,空调,59.29,48.51,0.0
2018-05-10,238.76,240.21,237.0,239.11,237.22,1.8900000000000148,0.8,22149533.0,1201775590.0,4.397,0.003479,0.005331,0.74,20.7154,19.6862,5.0198,1.4874,1.4282,0.018059,0.022067,6584022574.0,6366694664.0,4154648051.0,358039147574.0,346220855828.0,家用电器,家用电器,白色家电,空调,59.35,48.56,0.0
2018-05-11,240.96,241.31,235.5,236.34,239.11,-2.7700000000000102,-1.16,17019063.0,921004923.0,4.397,0.002673,0.004096,0.6,20.4754,19.4581,4.9617,1.4702,1.4116,0.0182699999999999,0.022326,6584022574.0,6366694664.0,4154648051.0,353891213353.0,342209838190.0,家用电器,家用电器,白色家电,空调,59.82,48.94,0.0
2018-05-14,237.39,243.73,236.56,242.89,236.34,6.549999999999983,2.77,32394961.0,1777225761.0,4.397,0.005088,0.0077969999999999,1.27,21.043,19.9975,5.0992,1.5109,1.4508,0.017777,0.021723,6584022574.0,6366694664.0,4154648051.0,363701406988.0,351696213239.0,家用电器,家用电器,白色家电,空调,59.13,48.38,0.0
2018-05-15,244.17,245.57,240.3,242.8,242.89,-0.0899999999999749,-0.04,28209713.0,1554553011.0,4.397,0.004431,0.00679,1.07,21.0354,19.9903,5.0974,1.5104,1.4503,0.017784,0.0217309999999999,6584022574.0,6366694664.0,4154648051.0,363569726536.0,351568879346.00006,家用电器,家用电器,白色家电,空调,60.76,49.72,0.0
2018-05-16,241.35,242.36,237.48,239.2,242.8,-3.6000000000000227,-1.48,24342727.0,1327516671.0,4.397,0.0038229999999999,0.005859,1.04,20.7231,19.6934,5.0217,1.488,1.4287,0.018052,0.022059,6584022574.0,6366694664.0,4154648051.0,358170828025.99994,346348189722.0,家用电器,家用电器,白色家电,空调,60.74,49.7,0.0
2018-05-17,238.32,238.76,233.13,233.57,239.2,-5.629999999999996,-2.35,22899693.0,1223353980.0,4.397,0.003597,0.005512,0.92,20.2355,19.23,4.9035,1.453,1.3951,0.018487,0.02259,6584022574.0,6366694664.0,4154648051.0,349743279130.99994,338198820552.00006,家用电器,家用电器,白色家电,空调,59.84,48.96,0.0
2018-05-18,234.27,237.31,230.45,236.95,233.57,3.3799999999999955,1.45,24445890.0,1299383544.0,4.397,0.00384,0.005884,0.98,20.5288,19.5088,4.9746,1.474,1.4153,0.018223,0.022268,6584022574.0,6366694664.0,4154648051.0,354812976513.0,343101175443.0,家用电器,家用电器,白色家电,空调,58.43,47.81,0.0
2018-05-21,239.11,239.86,235.28,237.22,236.95,0.2700000000000102,0.11,17949718.0,969125519.0,4.397,0.002819,0.00432,0.68,20.5516,19.5305,4.9801,1.4757,1.4169,0.018203,0.022243,6584022574.0,6366694664.0,4154648051.0,355208017867.0,343483177123.0,家用电器,家用电器,白色家电,空调,59.28,48.5,0.0
2018-05-22,237.0,237.0,228.64,231.41,237.22,-5.810000000000002,-2.45,35126289.0,1846227336.0,4.397,0.005514,0.008447,1.49,20.061,19.0643,4.8612,1.4404,1.3831,0.018648,0.022787,6588039865.0,6370681729.999999,4158635117.0,346728538095.0,335288979450.0,家用电器,家用电器,白色家电,空调,59.35,48.56,0.0
2018-05-23,230.84,230.84,227.46,227.76,231.41,-3.6500000000000057,-1.58,22108868.0,1149466460.0,4.397,0.0034699999999999,0.0053159999999999,0.89,19.7447,18.7636,4.7846,1.4177,1.3613,0.018946,0.023152,6588039865.0,6370681729.999999,4158635117.0,341260465007.0,330001313614.0,家用电器,家用电器,白色家电,空调,57.89,47.37,0.0
2018-05-24,227.72,228.56,222.71,223.81,227.76,-3.9499999999999886,-1.73,22246115.0,1140837630.0,4.397,0.003492,0.005349,0.91,19.4016,18.4376,4.7014,1.3931,1.3376,0.019281,0.023561,6588039865.0,6370681729.999999,4158635117.0,335331229129.0,324267700057.0,家用电器,家用电器,白色家电,空调,56.98,46.62,0.0
2018-05-25,223.37,226.14,221.17,222.44,223.81,-1.3700000000000043,-0.61,26159630.0,1329483347.0,4.397,0.004106,0.00629,1.07,19.2834,18.3253,4.6728,1.3846,1.3295,0.0194,0.023706,6588039865.0,6370681729.999999,4158635117.0,333288936770.0,322292788721.0,家用电器,家用电器,白色家电,空调,55.99,45.81,0.0
2018-05-28,223.81,229.66,221.17,228.38,222.44,5.939999999999998,2.67,27788643.0,1432263186.0,4.397,0.0043619999999999,0.006682,1.12,19.798,18.8143,4.7975,1.4215,1.3649,0.018895,0.023089,6588039865.0,6370681729.999999,4158635117.0,342182790588.0,330893209056.0,家用电器,家用电器,白色家电,空调,55.65,45.53,0.0
2018-05-29,226.45,229.48,225.39,226.4,228.38,-1.979999999999989,-0.87,21660695.0,1119651378.0,4.397,0.0034,0.005209,0.81,19.6265,18.6513,4.7559,1.4092,1.3531,0.0190609999999999,0.023291,6588039865.0,6370681729.999999,4158635117.0,339218172649.0,328026402278.0,家用电器,家用电器,白色家电,空调,57.13,46.75,0.0
2018-05-30,220.95,226.09,219.32,222.97,226.4,-3.430000000000007,-1.52,26919428.000000004,1359774128.0,4.397,0.004224,0.006471,1.12,19.3341,18.3735,4.6851,1.3882,1.333,0.019349,0.023644,6589715683.0,6372357548.0,4160310935.0,334164482285.0,323142251259.0,家用电器,家用电器,白色家电,空调,56.64,46.34,0.0
2018-05-31,224.47,234.14,223.81,232.65,222.97,9.680000000000009,4.34,48836676.0,2559326201.0,4.397,0.0076549999999999,0.011718,1.96,20.1729,19.1706,4.8883,1.4485,1.3908,0.018544,0.02266,6589715683.0,6379555714.0,4167509101.0,348661856788.0,337542292827.99994,家用电器,家用电器,白色家电,空调,55.78,45.64,0.0
2018-06-01,230.84,232.51,228.38,229.3,232.65,-3.3499999999999943,-1.44,24488663.0,1281257848.0,4.397,0.003839,0.005876,0.81,19.8831,18.8952,4.8181,1.4277,1.3708,0.018815,0.022991,6589715683.0,6379555714.0,4167509101.0,343653672868.0,332693830485.0,家用电器,家用电器,白色家电,空调,58.2,47.62,0.0
2018-06-04,232.6,238.76,231.81,237.39,229.3,8.089999999999975,3.53,48720867.0,2627372964.0,4.397,0.007637,0.011691,1.63,20.5847,19.5619,4.9881,1.478,1.4192,0.0181729999999999,0.0222069999999999,6589715683.0,6379555714.0,4167509101.0,355778749724.99994,344432212999.0,家用电器,家用电器,白色家电,空调,57.37,46.94,0.0
2018-06-05,240.96,242.27,236.21,241.7,237.39,4.310000000000002,1.82,41321079.0,2258778409.0,4.397,0.006477,0.009915,1.21,20.9583,19.917,5.0787,1.5049,1.4449,0.017849,0.0218109999999999,6589715683.0,6379555714.0,4167509101.0,362236671095.0,350684177599.00006,家用电器,家用电器,白色家电,空调,59.39,48.59,0.0
2018-06-06,243.02,243.77,239.24,240.69,241.7,-1.009999999999991,-0.42,26008408.0,1428692636.0,4.397,0.004077,0.006241,0.68,20.8706,19.8336,5.0574,1.4986,1.4389,0.017924,0.021903,6589715683.0,6379555714.0,4167509101.0,360721036487.0,349216879784.0,家用电器,家用电器,白色家电,空调,60.47,49.47,0.0
2018-06-07,242.14,243.2,237.66,238.76,240.69,-1.9300000000000068,-0.8,26488957.0,1445351129.0,4.397,0.004152,0.006356,0.7,20.7028,19.6742,5.0168,1.4865,1.4273,0.01807,0.02208,6589715683.0,6379555714.0,4167509101.0,357821561586.99994,346409875270.0,家用电器,家用电器,白色家电,空调,60.21,49.27,0.0
2018-06-08,238.01,242.71,237.53,240.34,238.76,1.5800000000000125,0.66,36371121.0,1986285601.0,4.397,0.005701,0.008727,1.09,20.8401,19.8047,5.05,1.4964,1.4368,0.0179509999999999,0.0219349999999999,6589715683.0,6379555714.0,4167509101.0,360193859233.0,348706515327.0,家用电器,家用电器,白色家电,空调,59.73,48.87,0.0
2018-06-11,240.34,249.09,240.16,247.64,240.34,7.299999999999983,3.04,58158396.0,3241913785.0,4.397,0.0091159999999999,0.013955,1.63,21.473,20.4061,5.2034,1.5418,1.4804,0.017421,0.021288,6589715683.0,6379555714.0,4167509101.0,371132787267.0,359296577812.0,家用电器,家用电器,白色家电,空调,60.13,49.19,0.0
2018-06-12,247.68,253.93,245.75,251.46,247.64,3.8200000000000216,1.54,58518081.00000001,3335129558.0,4.397,0.009173,0.0140419999999999,1.55,21.8047,20.7213,5.2838,1.5656,1.5033,0.017156,0.0209649999999999,6589715683.0,6379555714.0,4167509101.0,376865839911.0,364846791284.0,家用电器,家用电器,白色家电,空调,61.95,50.69,0.0
2018-06-13,252.34,255.25,249.71,250.59,251.46,-0.8700000000000045,-0.35,36054642.0,2066765954.0,4.397,0.005652,0.0086509999999999,0.88,21.7285,20.6489,5.2653,1.5602,1.498,0.017217,0.021038,6589715683.0,6379555714.0,4167509101.0,375547896774.0,363570880141.0,家用电器,家用电器,白色家电,空调,62.91,51.47,0.0
2018-06-14,251.51,252.52,243.64,245.26,250.59,-5.3300000000000125,-2.13,35484600.0,1996542957.0,4.397,0.005562,0.008515,0.82,21.2671,20.2105,5.1535,1.527,1.4662,0.0175899999999999,0.021495,6589715683.0,6379555714.0,4167509101.0,367574340798.0,355851617726.99994,家用电器,家用电器,白色家电,空调,62.69,51.29,0.0
2018-06-15,245.88,250.41,244.47,247.46,245.26,2.200000000000017,0.9,31075241.0,1748373796.0,4.397,0.0048709999999999,0.007457,0.69,21.4578,20.3916,5.1997,1.5407,1.4794,0.017434,0.021304,6589715683.0,6379555714.0,4167509101.0,370869198639.0,359041395584.0,家用电器,家用电器,白色家电,空调,61.36,50.2,0.0
2018-06-19,242.27,246.23,236.47,240.16,247.46,-7.300000000000011,-2.95,59114247.0,3263370603.0,4.397,0.009266,0.014185,1.35,20.8249,19.7902,5.0463,1.4953,1.4357,0.017964,0.021951,6589715683.0,6379555714.0,4167509101.0,359930270605.00006,348451333099.0,家用电器,家用电器,白色家电,空调,61.91,50.65,0.0
2018-06-20,240.16,245.22,238.14,242.54,240.16,2.3799999999999955,0.99,29650740.000000004,1630126327.0,4.397,0.004645,0.007107,0.67,21.0449,19.9993,5.0996,1.5111,1.4509,0.017776,0.021721,6594149247.0,6383895778.0,4171849165.0,363733272465.0,352135691114.0,家用电器,家用电器,白色家电,空调,60.08,49.16,0.0
2018-06-21,244.03,246.45,238.32,238.41,242.54,-4.129999999999996,-1.7,30744809.000000004,1700455369.0,4.397,0.004816,0.00737,0.8,20.7508,19.7198,4.9887,1.49,1.4306,0.018028,0.022029,6614719247.0,6383895778.0,4171849165.0,358650077572.0,346134829083.0,家用电器,家用电器,白色家电,空调,60.68,49.64,0.0
2018-06-22,236.03,236.03,230.14,235.9,238.41,-2.509999999999991,-1.05,35857836.0,1903580681.0,4.397,0.005617,0.008595,0.96,20.5326,19.5125,4.9363,1.4743,1.4156,0.018219,0.022263,6614719247.0,6383895778.0,4171849165.0,354879687602.0,342496008490.0,家用电器,家用电器,白色家电,空调,59.64,48.8,0.0
2018-06-25,236.12,238.05,232.43,232.6,235.9,-3.300000000000012,-1.4,27206565.000000004,1456438251.0,4.397,0.004262,0.006521,0.73,20.2456,19.2397,4.8673,1.4537,1.3958,0.018478,0.022579,6614719247.0,6383895778.0,4171849165.0,349918648166.0,337708086656.0,家用电器,家用电器,白色家电,空调,59.02,48.29,0.0
2018-06-26,228.86,233.04,227.59,230.1,232.6,-2.5,-1.07,30275701.0,1584092953.0,4.397,0.004743,0.007257,0.83,20.0275,19.0324,4.8148,1.438,1.3808,0.0186789999999999,0.022825,6614719247.0,6383895778.0,4171849165.0,346148258196.0,334069266063.0,家用电器,家用电器,白色家电,空调,58.19,47.61,0.0
2018-06-27,230.49,233.35,221.96,221.96,230.1,-8.139999999999986,-3.54,42651620.0,2194726267.0,4.397,0.006671,0.010201,1.39,19.3471,18.3858,4.6512,1.3892,1.3339,0.019336,0.023628,6624185795.0,6393362326.0,4181315713.0,334388898932.0,322736930216.0,家用电器,家用电器,白色家电,空调,57.56,47.1,0.0
2018-06-28,220.07,225.21,217.7,220.29,221.96,-1.670000000000016,-0.75,36103579.0,1820036677.0,4.397,0.005647,0.008635,1.08,19.2014,18.2474,4.6162,1.3787,1.3238,0.019482,0.023807,6624185795.0,6393362326.0,4181315713.0,331871708330.0,320307452533.0,家用电器,家用电器,白色家电,空调,55.53,45.43,0.0
2018-06-29,222.49,230.4,220.33,229.61,220.29,9.320000000000022,4.23,29130409.000000004,1498577043.0,4.397,0.0044979999999999,0.006832,0.85,20.014,19.0196,4.8116,1.437,1.3798,0.018692,0.02284,6624185795.0,6475862326.0,4263815713.0,345914982215.0,338169530664.0,家用电器,家用电器,白色家电,空调,55.11,45.09,0.0
2018-07-02,228.25,228.25,211.06,214.05,229.61,-15.560000000000002,-6.78,57171168.00000001,2849314556.0,4.397,0.008828,0.013408,1.73,18.6572,17.7302,4.4854,1.3396,1.2863,0.020051,0.024501,6624185795.0,6475862326.0,4263815713.0,322465364501.0,315244978030.0,家用电器,家用电器,白色家电,空调,57.44,47.0,0.0
2018-07-03,214.13,215.89,199.54,210.0,214.05,-4.050000000000011,-1.89,78129039.0,3678015984.0,4.397,0.012065,0.018324,2.0,18.3046,17.3951,4.4006,1.3143,1.262,0.0204369999999999,0.024973,6624185795.0,6475862326.0,4263815713.0,316371113569.0,309287184690.0,家用电器,家用电器,白色家电,空调,53.55,43.81,0.0
2018-07-04,210.0,210.48,197.87,198.35,210.0,-11.650000000000006,-5.55,59623106.00000001,2748494685.0,4.397,0.009207,0.013984,1.23,17.289,16.43,4.1565,1.2414,1.192,0.021638,0.02644,6624185795.0,6475862326.0,4263815713.0,298817021212.0,292126149526.0,家用电器,家用电器,白色家电,空调,52.54,42.98,0.0
2018-07-05,204.42,207.98,201.56,202.48,198.35,4.129999999999996,2.08,63779643.00000001,2968462017.0,4.397,0.009849,0.014958,1.23,17.6492,16.7723,4.2431,1.2673,1.2168,0.021196,0.025901,6624185795.0,6475862326.0,4263815713.0,305043755860.0,298213460112.0,家用电器,家用电器,白色家电,空调,49.62,40.6,0.0
2018-07-06,204.81,210.97,201.38,208.42,202.48,5.939999999999998,2.93,48587499.0,2282804403.0,4.397,0.0075029999999999,0.0113949999999999,0.84,18.1666,17.264,4.3675,1.3044,1.2525,0.020592,0.025163,6624185795.0,6475862326.0,4263815713.0,313986406683.0,306955874252.0,家用电器,家用电器,白色家电,空调,50.66,41.45,0.0
2018-07-09,210.57,215.89,208.42,215.67,208.42,7.25,3.48,36584156.0,1773736487.0,4.397,0.0056489999999999,0.0085799999999999,0.6,18.799,17.865,4.5195,1.3498,1.2961,0.0199,0.024316,6624185795.0,6475862326.0,4263815713.0,324916313245.0,317641047090.0,家用电器,家用电器,白色家电,空调,52.14,42.66,0.0
2018-07-10,216.33,216.99,208.55,213.25,215.67,-2.4199999999999875,-1.12,42437801.0,2047604988.0,4.397,0.006553,0.009953,0.74,18.5882,17.6647,4.4688,1.3347,1.2815,0.020125,0.024592,6624185795.0,6475862326.0,4263815713.0,321273011058.0,314079322811.0,家用电器,家用电器,白色家电,空调,53.96,44.15,0.0
2018-07-11,205.38,209.6,204.33,207.54,213.25,-5.710000000000008,-2.68,36314578.0,1708613018.0,4.397,0.0056079999999999,0.008517,0.72,18.09,17.1912,4.349,1.2989,1.2472,0.020679,0.02527,6624185795.0,6475862326.0,4263815713.0,312661569524.0,305660701787.0,家用电器,家用电器,白色家电,空调,53.35,43.65,0.0
2018-07-12,207.32,213.25,207.1,210.31,207.54,2.7700000000000102,1.33,43200092.0,2066086370.0,4.397,0.006671,0.010132,0.95,18.3314,17.4206,4.4071,1.3162,1.2638,0.020407,0.024937,6624185795.0,6475862326.0,4263815713.0,316834806575.0,309740495053.0,家用电器,家用电器,白色家电,空调,51.92,42.48,0.0
2018-07-13,210.62,211.94,208.86,210.35,210.31,0.039999999999992,0.02,32400430.0,1548794302.0,4.397,0.005003,0.007599,0.78,18.3353,17.4243,4.408,1.3165,1.2641,0.0204029999999999,0.024932,6624185795.0,6475862326.0,4263815713.0,316901048433.0,309805253676.0,家用电器,家用电器,白色家电,空调,52.61,43.05,0.0
2018-07-16,212.33,214.75,206.92,208.33,210.35,-2.019999999999982,-0.96,33477047.0,1598678387.0,4.397,0.00517,0.007851,0.88,18.159,17.2567,4.3656,1.3039,1.2519,0.0206009999999999,0.025174,6624185795.0,6475862326.0,4263815713.0,313853922967.0,306826357006.0,家用电器,家用电器,白色家电,空调,52.62,43.06,0.0
2018-07-17,208.29,208.33,202.35,204.33,208.33,-4.0,-1.92,39608762.0,1836892316.0,4.397,0.006116,0.00929,1.05,17.8102,16.9253,4.2818,1.2788,1.2279,0.021004,0.025667,6624185795.0,6475862326.0,4263815713.0,307825913894.0,300933322289.0,家用电器,家用电器,白色家电,空调,52.12,42.64,0.0
2018-07-18,205.34,207.19,201.73,201.82,204.33,-2.51000000000002,-1.23,34287284.0,1588486960.0,4.397,0.0052949999999999,0.008041,0.93,17.5917,16.7177,4.2292,1.2631,1.2128,0.021265,0.025985,6624185795.0,6475862326.0,4263815713.0,304050127991.0,297242080763.0,家用电器,家用电器,白色家电,空调,51.12,41.82,0.0
2018-07-19,203.63,204.9,201.16,203.8,201.82,1.9800000000000184,0.98,25385150.0,1173236488.0,4.397,0.00392,0.005954,0.69,17.7642,16.8816,4.2707,1.2755,1.2247,0.021059,0.025733,6624185795.0,6475862326.0,4263815713.0,307031011598.0,300156218810.0,家用电器,家用电器,白色家电,空调,50.49,41.31,0.0
2018-07-20,203.36,206.22,198.88,204.77,203.8,0.9699999999999988,0.48,50060292.0,2296204680.0,4.397,0.00773,0.011741,1.52,17.8485,16.9617,4.291,1.2816,1.2305,0.020959,0.025611,6624185795.0,6475862326.0,4263815713.0,308488332473.0,301580908522.0,家用电器,家用电器,白色家电,空调,50.99,41.72,0.0
2018-07-23,203.93,204.86,200.9,204.81,204.77,0.039999999999992,0.02,35740990.0,1649543727.0,4.397,0.005519,0.0083819999999999,0.98,17.8524,16.9654,4.2919,1.2818,1.2308,0.0209549999999999,0.025606,6624185795.0,6475862326.0,4263815713.0,308554574331.0,301645667145.0,家用电器,家用电器,白色家电,空调,51.23,41.91,0.0
2018-07-24,206.66,213.52,206.66,212.73,204.81,7.9199999999999875,3.87,71936095.0,3452914190.0,4.397,0.011108,0.016871,1.94,18.5422,17.621,4.4578,1.3314,1.2784,0.020175,0.024653,6624185795.0,6475862326.0,4263815713.0,320478108762.0,313302219332.0,家用电器,家用电器,白色家电,空调,51.24,41.92,0.0
2018-07-25,213.87,213.91,209.08,209.65,212.73,-3.079999999999984,-1.45,39620880.0,1895609404.0,4.397,0.006118,0.009292,0.91,18.2739,17.366,4.3933,1.3121,1.2599,0.020471,0.025015,6624185795.0,6475862326.0,4263815713.0,315841178706.0,308769115704.0,家用电器,家用电器,白色家电,空调,53.22,43.54,0.0
2018-07-26,210.18,213.08,209.6,210.35,209.65,0.6999999999999886,0.33,43717177.0,2099583172.0,4.397,0.006751,0.010253,0.98,18.3353,17.4243,4.408,1.3165,1.2641,0.0204029999999999,0.024932,6624185795.0,6475862326.0,4263815713.0,316901048433.0,309805253676.0,家用电器,家用电器,白色家电,空调,52.45,42.91,0.0
2018-07-27,211.63,211.63,207.19,207.49,210.35,-2.859999999999985,-1.36,27249570.0,1293155816.0,4.397,0.004208,0.006391,0.57,18.0861,17.1875,4.3481,1.2986,1.2469,0.020684,0.025275,6624185795.0,6475862326.0,4263815713.0,312595327666.0,305595943164.0,家用电器,家用电器,白色家电,空调,52.62,43.06,0.0
2018-07-30,208.42,209.65,206.66,208.68,207.49,1.1899999999999975,0.57,26460552.0,1250354892.0,4.397,0.004086,0.006206,0.61,18.1896,17.2859,4.373,1.3061,1.2541,0.020566,0.025131,6624185795.0,6475862326.0,4263815713.0,314383857831.0,307344425992.0,家用电器,家用电器,白色家电,空调,51.91,42.47,0.0
2018-07-31,207.76,209.96,206.7,209.34,208.68,0.6599999999999966,0.32,27984983.0,1329361575.0,4.397,0.004321,0.0065569999999999,0.67,18.2471,17.3405,4.3868,1.3102,1.258,0.020501,0.0250519999999999,6624185795.0,6475862326.0,4268243265.000001,315377485700.0,308315805341.0,家用电器,家用电器,白色家电,空调,52.21,42.71,0.0
2018-08-01,210.62,211.5,203.14,203.49,209.34,-5.849999999999994,-2.79,32261268.0,1519389233.0,4.397,0.004978,0.007558,0.98,17.7447,16.863,4.3017,1.2741,1.2234,0.021082,0.025761,6626911513.0,6480289878.0,4268243265.000001,306693464822.0,299907815554.0,家用电器,家用电器,白色家电,空调,52.37,42.85,0.0
2018-08-02,202.7,202.7,192.94,193.82,203.49,-9.670000000000016,-4.75,66072330.00000001,2942194007.0,4.397,0.010196,0.01548,2.1,16.9012,16.0614,4.0972,1.2135,1.1652,0.022134,0.0270469999999999,6626911513.0,6480289878.0,4268243265.000001,292114259493.0,285651177822.0,家用电器,家用电器,白色家电,空调,50.91,41.65,0.0
2018-08-03,193.42,193.47,182.08,184.15,193.82,-9.669999999999987,-4.99,70101644.0,2978175038.0,4.397,0.010818,0.016424,1.95,16.0576,15.2598,3.8927,1.153,1.1071,0.023297,0.028468,6626911513.0,6480289878.0,4268243265.000001,277535054164.0,271394540091.0,家用电器,家用电器,白色家电,空调,48.49,39.67,0.0
2018-08-06,184.72,188.94,183.79,185.99,184.15,1.840000000000004,1.0,50608598.0,2144920587.0,4.397,0.00781,0.011857,1.14,16.2187,15.4128,3.9317,1.1645,1.1182,0.023065,0.0281849999999999,6626911513.0,6480289878.0,4268243265.000001,280318357000.0,274116261839.0,家用电器,家用电器,白色家电,空调,46.07,37.69,0.0
2018-08-07,188.81,196.72,186.87,196.37,185.99,10.379999999999995,5.58,49870844.0,2171929618.0,4.397,0.007696,0.011684,1.01,17.1235,16.2727,4.1511,1.2295,1.1806,0.021847,0.026696,6626911513.0,6480289878.0,4268243265.000001,295957868171.0,289409745951.0,家用电器,家用电器,白色家电,空调,46.53,38.07,0.0
2018-08-08,197.38,197.38,193.12,194.13,196.37,-2.240000000000009,-1.14,43869719.0,1949283577.0,4.397,0.00677,0.010278,0.82,16.928,16.0869,4.1037,1.2155,1.1671,0.022099,0.027004,6626911513.0,6480289878.0,4268243265.000001,292578143299.0,286104798114.0,家用电器,家用电器,白色家电,空调,49.13,40.19,0.0
2018-08-09,193.73,201.43,191.27,198.48,194.13,4.349999999999994,2.24,36049234.0,1625745246.0,4.397,0.005563,0.008446,0.64,17.3076,16.4476,4.1957,1.2427,1.1932,0.021614,0.026412,6626911513.0,6480289878.0,4268243265.000001,299138785697.0,292520285093.0,家用电器,家用电器,白色家电,空调,48.57,39.74,0.0
2018-08-10,197.87,201.07,196.85,197.78,198.48,-0.6999999999999886,-0.35,28001415.000000004,1264938163.0,4.397,0.004321,0.00656,0.56,17.2462,16.3893,4.1808,1.2383,1.189,0.021691,0.026506,6626911513.0,6480289878.0,4268243265.000001,298078479855.0,291483438712.0,家用电器,家用电器,白色家电,空调,49.65,40.63,0.0
2018-08-13,196.11,197.21,192.59,196.06,197.78,-1.7199999999999989,-0.87,22556873.0,999740459.0,4.397,0.003481,0.005285,0.54,17.0967,16.2472,4.1446,1.2276,1.1787,0.0218809999999999,0.0267379999999999,6626911513.0,6480289878.0,4268243265.000001,295493984365.0,288956125660.0,家用电器,家用电器,白色家电,空调,49.48,40.48,0.0
2018-08-14,196.41,196.41,191.05,191.93,196.06,-4.129999999999996,-2.11,28926176.0,1270602457.0,4.397,0.004464,0.006777,0.8,16.7363,15.9047,4.0572,1.2017,1.1539,0.0223519999999999,0.027313,6626911513.0,6480289878.0,4268243265.000001,289264687542.0,282864653175.0,家用电器,家用电器,白色家电,空调,49.05,40.13,0.0
2018-08-15,191.67,191.67,184.19,184.76,191.93,-7.170000000000016,-3.74,41465949.0,1758445506.0,4.397,0.006399,0.009715,1.3,16.1113,15.3108,3.9057,1.1568,1.1108,0.023219,0.028373,6626911513.0,6480289878.0,4268243265.000001,278462821776.0,272301780674.0,家用电器,家用电器,白色家电,空调,48.02,39.29,0.0
2018-08-16,181.01,188.62,180.57,186.07,184.75,1.3199999999999932,0.71,32217105.0,1354274311.0,4.3967,0.004972,0.007548,1.03,16.2263,15.4201,3.9336,1.1651,1.1187,0.023055,0.028172,6626911513.0,6480289878.0,4268243265.000001,280450895230.0,274245867637.0,家用电器,家用电器,白色家电,空调,46.22,37.82,0.0
2018-08-17,187.48,188.71,180.35,180.79,186.07,-5.280000000000001,-2.84,31582729.0,1314589212.0,4.3967,0.004874,0.007399,1.03,15.7662,14.9829,3.8221,1.1321,1.087,0.023727,0.028994,6626911513.0,6480289878.0,4268243265.000001,272498601415.0,266469519783.0,家用电器,家用电器,白色家电,空调,46.55,38.09,0.0
2018-08-20,180.79,183.34,178.11,183.34,180.79,2.550000000000012,1.41,29979363.0,1234034388.0,4.3967,0.004626,0.007024,0.96,15.9886,15.1942,3.876,1.148,1.1023,0.023397,0.028591,6626911513.0,6480289878.0,4268243265.000001,276342210092.0,270228087913.0,家用电器,家用电器,白色家电,空调,45.23,37.01,0.0
2018-08-21,184.66,188.35,182.77,187.12,183.34,3.780000000000001,2.06,37206702.0,1575726239.0,4.3967,0.005742,0.008717,1.13,16.3184,15.5076,3.9559,1.1717,1.125,0.022925,0.028013,6626911513.0,6480289878.0,4268243265.000001,282041353993.0,275801137208.0,家用电器,家用电器,白色家电,空调,45.87,37.53,0.0
2018-08-22,185.98,186.86,182.51,183.39,187.12,-3.730000000000018,-1.99,21473436.0,898024796.0,4.3967,0.0033139999999999,0.005031,0.62,15.9924,15.1979,3.8769,1.1483,1.1026,0.023392,0.028584,6626911513.0,6480289878.0,4268243265.000001,276408479207.0,270292890811.0,家用电器,家用电器,白色家电,空调,46.82,38.3,0.0
2018-08-23,182.02,184.88,178.46,181.23,183.39,-2.1599999999999966,-1.18,33759546.0,1393122591.0,4.3967,0.00521,0.007909,1.11,15.8046,15.0193,3.8314,1.1348,1.0896,0.02367,0.028924,6626911513.0,6480289878.0,4268243265.000001,273161292566.0,267117548771.0,家用电器,家用电器,白色家电,空调,45.88,37.54,0.0
2018-08-24,180.26,183.65,179.65,181.94,181.23,0.710000000000008,0.39,23057495.0,954254306.0,4.3967,0.003558,0.005402,0.75,15.8659,15.0776,3.8462,1.1392,1.0939,0.023578,0.028812,6626911513.0,6480289878.0,4268243265.000001,274221598408.0,268154395152.0,家用电器,家用电器,白色家电,空调,45.34,37.1,0.0
2018-08-27,184.0,188.88,183.34,188.66,181.94,6.719999999999999,3.69,38032813.0,1615957754.0,4.3967,0.005869,0.008911,1.31,16.4526,15.6351,3.9884,1.1813,1.1343,0.022738,0.027785,6626911513.0,6480289878.0,4268243265.000001,284360773023.0,278069238665.0,家用电器,家用电器,白色家电,空调,45.52,37.24,0.0
2018-08-28,189.86,193.03,188.68,190.43,188.68,1.75,0.93,33174235.0,1439081390.0,4.397,0.005119,0.007772,1.08,16.6059,15.7808,4.0256,1.1923,1.1449,0.022528,0.027528,6626911513.0,6480289878.0,4268243265.000001,287011537628.0,280661354616.0,家用电器,家用电器,白色家电,空调,47.2,38.62,0.0
2018-08-29,189.07,190.21,185.77,186.92,190.43,-3.51000000000002,-1.84,24046861.0,1026363471.0,4.397,0.003711,0.005634,0.8,16.2992,15.4894,3.9513,1.1703,1.1237,0.022952,0.028046,6626911513.0,6480289878.0,4268243265.000001,281710008418.0,275477122714.0,家用电器,家用电器,白色家电,空调,47.64,38.98,0.0
2018-08-30,186.61,188.59,183.53,183.79,186.92,-3.1299999999999955,-1.67,25955451.0,1093950546.0,4.397,0.004005,0.006081,0.85,16.027,15.2306,3.8853,1.1508,1.105,0.0233409999999999,0.028522,6626911513.0,6480289878.0,4268243265.000001,277004901243.0,270876116900.0,家用电器,家用电器,白色家电,空调,46.76,38.26,0.0
2018-08-31,183.79,183.88,178.52,182.92,183.79,-0.8700000000000045,-0.47,39138383.0,1613498597.0,4.397,0.00604,0.00917,1.36,15.9503,14.2035,3.4776,1.1453,1.0649,0.023397,0.02859,6626911513.0,6480289878.0,4268243265.000001,275679518941.0,269580058925.0,家用电器,家用电器,白色家电,空调,45.98,37.62,0.0
2018-09-03,182.43,184.01,179.79,183.49,182.92,0.5700000000000216,0.31,22296425.0,923664988.0,4.397,0.003441,0.0052239999999999,0.7,16.0001,14.2479,3.4885,1.1488,1.0682,0.0233239999999999,0.028501,6626911513.0,6480289878.0,4268243265.000001,276541017437.0,270422496609.0,家用电器,家用电器,白色家电,空调,45.76,37.44,0.0
2018-09-04,184.67,186.78,180.94,185.91,183.49,2.4199999999999875,1.32,24493000.0,1026406662.0,4.397,0.00378,0.005738,0.85,16.211,14.4357,3.5344,1.164,1.0823,0.023021,0.02813,6626911513.0,6480289878.0,4268243265.000001,280185818770.0,273986656042.00003,家用电器,家用电器,白色家电,空调,45.9,37.56,0.0
2018-09-05,184.06,184.67,180.28,180.28,185.91,-5.629999999999996,-3.03,23670445.0,979468971.0,4.397,0.003653,0.005546,0.87,15.7202,13.9987,3.4274,1.1287,1.0495,0.023739,0.029009,6626911513.0,6480289878.0,4268243265.000001,271703372033.0,265691884998.0,家用电器,家用电器,白色家电,空调,46.51,38.05,0.0
2018-09-06,179.62,182.12,177.07,177.37,180.28,-2.9099999999999966,-1.61,26366032.0,1075515249.0,4.397,0.004069,0.006177,0.97,15.4672,13.7733,3.3723,1.1106,1.0326,0.0241279999999999,0.029483,6626911513.0,6480289878.0,4268243265.000001,267329610434.0,261414893679.0,家用电器,家用电器,白色家电,空调,45.1,36.9,0.0
2018-09-07,178.3,181.16,175.7,177.2,177.37,-0.1700000000000159,-0.1,20397164.0,826452500.0,4.397,0.003148,0.004779,0.75,15.4518,13.7597,3.3689,1.1095,1.0316,0.024152,0.029512,6626911513.0,6480289878.0,4268243265.000001,267064533974.0,261155682083.0,家用电器,家用电器,白色家电,空调,44.37,36.31,0.0
2018-10-29,163.13,166.56,159.48,159.48,177.2,-17.72,-10.0,98122244.0,3610734351.0,4.397,0.015142,0.022989,4.19,13.9066,12.3837,3.032,0.9985,0.9284,0.0268279999999999,0.032783,6626911513.0,6480289878.0,4268243265.000001,240358080577.0,235040113875.0,家用电器,家用电器,白色家电,空调,44.33,36.27,0.0
2018-10-30,149.94,161.68,149.94,159.74,159.48,0.2600000000000193,0.16,65590811.0,2344670896.0,4.397,0.0101219999999999,0.0153669999999999,1.7,13.9296,12.4042,3.037,1.0002,0.93,0.026784,0.032729,6626911513.0,6480289878.0,4268243265.000001,240755695267.0,235428931268.0,家用电器,家用电器,白色家电,空调,39.9,32.64,0.0
2018-10-31,157.68,163.04,156.36,162.86,159.74,3.1200000000000045,1.95,47864888.0,1748865778.0,4.397,0.007386,0.011214,1.02,14.2019,12.1601,2.9622,1.0197,0.9458,0.026271,0.032102,6626911513.0,6480289878.0,4268243265.000001,245460802442.0,240029937081.0,家用电器,家用电器,白色家电,空调,39.96,32.7,0.0
2018-11-01,166.47,172.89,166.21,169.81,162.86,6.949999999999989,4.27,49778281.0,1919656150.0,4.397,0.007661,0.0116619999999999,0.96,14.8473,12.7128,3.0968,1.0661,0.9888,0.025196,0.030788,6644656857.0,6498035222.0,4268243265.000001,256616647817.0,250954120274.0,家用电器,家用电器,白色家电,空调,40.74,33.34,0.0
2018-11-02,179.88,182.92,175.84,180.19,169.81,10.379999999999995,6.11,74607086.0,3045071079.0,4.397,0.0114809999999999,0.017407,1.32,15.7546,13.4896,3.2861,1.1312,1.0492,0.023745,0.029015,6644656857.0,6498035222.0,4285988609.000001,272298038000.0,266289483398.0,家用电器,家用电器,白色家电,空调,42.48,34.76,0.0
2018-11-05,179.44,181.86,178.65,181.51,180.19,1.3199999999999932,0.73,34163776.0,1400072273.0,4.397,0.005258,0.007971,0.51,15.87,13.5884,3.3101,1.1395,1.0569,0.023572,0.028804,6644656857.0,6498035222.0,4285988609.000001,274291435057.0,268238893964.0,家用电器,家用电器,白色家电,空调,45.08,36.88,0.0
2018-11-06,179.4,180.72,175.62,176.67,181.51,-4.840000000000003,-2.67,33423766.0,1346925655.0,4.397,0.0051439999999999,0.007798,0.61,15.4471,13.2263,3.2219,1.1091,1.0288,0.024218,0.0295929999999999,6644656857.0,6498035222.0,4285988609.000001,266982312514.0,261091055220.0,家用电器,家用电器,白色家电,空调,45.41,37.15,0.0
2018-11-07,176.67,181.51,174.65,179.31,176.67,2.640000000000015,1.49,34861319.0,1418465079.0,4.397,0.005365,0.008134,0.73,15.6777,13.4238,3.27,1.1257,1.0441,0.023861,0.029158,6644656857.0,6498035222.0,4285988609.000001,270969106628.0,264989876353.0,家用电器,家用电器,白色家电,空调,44.2,36.16,0.0
2018-11-08,181.55,182.17,178.08,178.65,179.31,-0.6599999999999966,-0.37,26445652.0,1080657733.0,4.397,0.00407,0.00617,0.58,15.6201,13.3744,3.258,1.1216,1.0403,0.0239489999999999,0.029265,6644656857.0,6498035222.0,4285988609.000001,269972408100.0,264015171070.0,家用电器,家用电器,白色家电,空调,44.86,36.7,0.0
2018-11-09,176.8,178.12,174.56,174.87,178.65,-3.780000000000001,-2.12,24056423.0,960992654.0,4.397,0.0037019999999999,0.005613,0.59,15.2894,13.0913,3.189,1.0978,1.0183,0.024467,0.0298979999999999,6644656857.0,6498035222.0,4285988609.000001,264258003203.00003,258426860779.0,家用电器,家用电器,白色家电,空调,44.69,36.57,0.0
2018-11-12,174.87,177.24,171.53,176.5,174.87,1.6299999999999957,0.93,21328024.0,851523086.0,4.397,0.0032819999999999,0.0049759999999999,0.7,15.4317,13.2131,3.2187,1.108,1.0277,0.024242,0.029623,6644656857.0,6498035222.0,4285988609.000001,266716526240.00003,260831133811.0,家用电器,家用电器,白色家电,空调,43.75,35.79,0.0
2018-11-13,173.68,182.08,172.8,181.6,176.5,5.099999999999994,2.89,33918405.0,1380602381.0,4.397,0.00522,0.007914,1.21,15.8776,13.595,3.3117,1.1401,1.0574,0.023561,0.028791,6644656857.0,6498035222.0,4285988609.000001,274424328194.0,268368854669.0,家用电器,家用电器,白色家电,空调,44.15,36.13,0.0
2018-11-14,181.82,181.9,179.18,179.62,181.6,-1.979999999999989,-1.09,18178784.0,745008860.0,4.397,0.002798,0.004241,0.65,15.7046,13.4468,3.2756,1.1276,1.0459,0.02382,0.029108,6644656857.0,6498035222.0,4285988609.000001,271434232608.0,265444738819.0,家用电器,家用电器,白色家电,空调,45.43,37.17,0.0
2018-11-15,178.52,181.33,178.12,180.76,179.62,1.1399999999999864,0.63,17224535.0,705975094.0,4.397,0.002651,0.004019,0.69,15.8046,13.5324,3.2965,1.1348,1.0526,0.02367,0.028924,6644656857.0,6498035222.0,4285988609.000001,273161843391.0,267134227976.0,家用电器,家用电器,白色家电,空调,44.94,36.77,0.0
2018-11-16,180.76,187.05,179.84,184.67,180.76,3.9099999999999966,2.16,30313927.0,1268911053.0,4.397,0.004665,0.007073,1.32,16.1468,13.8254,3.3679,1.1594,1.0754,0.023168,0.028311,6644656857.0,6498035222.0,4285988609.000001,279075587994.0,272917479324.0,家用电器,家用电器,白色家电,空调,45.22,37.0,0.0
2018-11-19,184.23,186.87,181.38,185.99,184.67,1.3200000000000216,0.71,20720684.0,868819011.0,4.397,0.003189,0.004835,0.86,16.2621,13.9241,3.3919,1.1677,1.083,0.0230039999999999,0.02811,6644656857.0,6498035222.0,4285988609.000001,281068985051.0,274866889891.00003,家用电器,家用电器,白色家电,空调,46.2,37.8,0.0
2018-11-20,184.23,185.82,177.2,179.4,185.99,-6.590000000000003,-3.54,27752447.0,1148012121.0,4.397,0.004271,0.006475,1.15,15.6854,13.4304,3.2716,1.1262,1.0446,0.0238499999999999,0.029143,6644656857.0,6498035222.0,4285988609.000001,271101999766.0,265119837058.0,家用电器,家用电器,白色家电,空调,46.53,38.07,0.0
2018-11-21,176.32,180.63,176.14,177.29,179.4,-2.1100000000000136,-1.18,23220091.0,939488734.0,4.397,0.003573,0.0054179999999999,1.02,15.5009,13.2724,3.2331,1.113,1.0323,0.024134,0.02949,6644656857.0,6498035222.0,4285988609.000001,267912564474.0,262000780151.0,家用电器,家用电器,白色家电,空调,44.88,36.72,0.0
2018-11-22,179.22,180.1,176.32,178.65,177.29,1.3600000000000136,0.77,18218720.0,738494853.0,4.397,0.0028039999999999,0.004251,0.76,15.6201,13.3744,3.258,1.1216,1.0403,0.0239489999999999,0.029265,6644656857.0,6498035222.0,4285988609.000001,269972408100.0,264015171070.0,家用电器,家用电器,白色家电,空调,44.35,36.29,0.0
2018-11-23,177.68,180.36,175.04,175.35,178.65,-3.300000000000012,-1.85,22076481.0,888505532.0,4.397,0.003397,0.005151,0.92,15.3317,13.1275,3.1979,1.1009,1.0211,0.0243999999999999,0.029816,6644656857.0,6498035222.0,4285988609.000001,264988915457.0,259141644653.0,家用电器,家用电器,白色家电,空调,44.69,36.57,0.0
2018-11-26,174.12,177.02,173.68,175.97,175.35,0.6200000000000045,0.35,13640194.0,545341985.0,4.397,0.002099,0.003183,0.61,15.3856,13.1736,3.2091,1.1047,1.0247,0.024314,0.0297109999999999,6644656857.0,6498035222.0,4285988609.000001,265919167417.0,260051369584.0,家用电器,家用电器,白色家电,空调,43.87,35.89,0.0
2018-11-27,176.32,177.99,173.02,174.39,175.97,-1.5800000000000125,-0.9,16303285.0,652125513.0,4.397,0.002509,0.003804,0.78,15.2472,13.0551,3.1802,1.0948,1.0154,0.024535,0.029981,6644656857.0,6498035222.0,4285988609.000001,263527090949.0,257712076905.0,家用电器,家用电器,白色家电,空调,44.02,36.02,0.0
2018-11-28,172.58,177.11,172.58,175.97,174.39,1.5800000000000125,0.91,15096882.999999998,602172517.0,4.397,0.002323,0.003522,0.81,15.3856,13.1736,3.2091,1.1047,1.0247,0.024314,0.0297109999999999,6644656857.0,6498035222.0,4285988609.000001,265919167417.0,260051369584.0,家用电器,家用电器,白色家电,空调,43.63,35.69,0.0
2018-11-29,177.2,177.51,170.3,170.6,175.97,-5.3700000000000045,-3.05,24955020.0,984225120.0,4.397,0.00384,0.005822,1.46,14.9165,12.772,3.1113,1.071,0.9934,0.0250789999999999,0.030646,6644656857.0,6498035222.0,4285988609.000001,257812686052.0,252123766614.0,家用电器,家用电器,白色家电,空调,44.02,36.02,0.0
2018-11-30,171.04,171.75,168.32,170.12,170.6,-0.4799999999999897,-0.28,21609333.0,832245887.0,4.397,0.003326,0.005042,1.17,14.8742,12.7358,3.1024,1.068,0.9906,0.02515,0.030733,6644656857.0,6498035222.0,4285988609.000001,257081773797.0,251408982739.0,家用电器,家用电器,白色家电,空调,42.68,34.92,0.0
2018-12-03,175.88,180.28,174.69,179.53,170.12,9.409999999999997,5.53,52639184.0,2130194418.0,4.397,0.008101,0.012282,2.87,15.697,13.4402,3.274,1.1271,1.0454,0.023832,0.029122,6644656857.0,6498035222.0,4285988609.000001,271301339471.0,265314778114.0,家用电器,家用电器,白色家电,空调,42.56,34.82,0.0
2018-12-04,176.89,179.31,176.89,178.25,179.53,-1.2800000000000011,-0.71,21390619.0,867008921.0,4.397,0.003292,0.004991,0.82,15.5855,13.3448,3.2508,1.1191,1.038,0.024003,0.02933,6644656857.0,6498035222.0,4285988609.000001,269374388983.0,263430347900.0,家用电器,家用电器,白色家电,空调,44.91,36.75,0.0
2018-12-05,175.88,177.2,175.04,175.88,178.25,-2.3700000000000045,-1.33,19192821.0,768053603.0,4.397,0.002954,0.0044779999999999,0.71,15.3779,13.167,3.2075,1.1042,1.0241,0.024327,0.029726,6644656857.0,6498035222.0,4285988609.000001,265786274280.0,259921408880.0,家用电器,家用电器,白色家电,空调,44.59,36.49,0.0
2018-12-06,172.41,174.65,170.96,171.31,175.88,-4.569999999999993,-2.6,21269118.0,833847745.0,4.397,0.003273,0.0049619999999999,0.76,14.978,12.8247,3.1241,1.0755,0.9975,0.0249759999999999,0.03052,6644656857.0,6498035222.0,4285988609.000001,258875831149.0,253163452249.0,家用电器,家用电器,白色家电,空调,44.0,36.0,0.0
2018-12-07,171.53,172.32,168.19,169.2,171.31,-2.1100000000000136,-1.23,22666047.0,872710039.0,4.397,0.0034879999999999,0.005288,0.83,14.7935,12.6667,3.0856,1.0622,0.9852,0.0252879999999999,0.0308999999999999,6644656857.0,6498035222.0,4285988609.000001,255686395857.00003,250044395343.0,家用电器,家用电器,白色家电,空调,42.86,35.06,0.0
2018-12-10,167.09,167.75,161.41,162.95,169.2,-6.25,-3.69,34656826.0,1288199875.0,4.397,0.005333,0.008086,1.26,14.2476,12.1992,2.9717,1.023,0.9489,0.0262559999999999,0.032084,6644656857.0,6498035222.0,4285988609.000001,246250983120.0,240817185327.0,家用电器,家用电器,白色家电,空调,42.33,34.63,0.0
2018-12-11,162.03,163.83,160.31,162.86,162.95,-0.0899999999999749,-0.06,27087698.0,996533804.0,4.397,0.004169,0.00632,1.14,14.2399,12.1927,2.9701,1.0225,0.9484,0.026271,0.032102,6644656857.0,6498035222.0,4285988609.000001,246118089983.0,240687224623.0,家用电器,家用电器,白色家电,空调,40.77,33.35,0.0
2018-12-12,164.76,167.13,163.39,165.94,162.86,3.079999999999984,1.89,26212518.0,983251039.0,4.397,0.0040339999999999,0.006116,1.05,14.509,12.4231,3.0263,1.0418,0.9663,0.025783,0.031506,6644656857.0,6498035222.0,4285988609.000001,250769349783.0,245235849278.0,家用电器,家用电器,白色家电,空调,40.74,33.34,0.0
2018-12-13,167.09,177.42,166.6,176.41,165.94,10.47,6.31,73813055.0,2920106207.0,4.397,0.011359,0.017222,2.8,15.424,13.2065,3.2171,1.1075,1.0272,0.0242539999999999,0.0296369999999999,6644656857.0,6498035222.0,4285988609.000001,266583633103.0,260701173107.0,家用电器,家用电器,白色家电,空调,41.51,33.97,0.0
2018-12-14,175.0,176.8,173.68,174.78,176.41,-1.6299999999999957,-0.92,32482923.0,1294255775.0,4.397,0.004999,0.007579,0.88,15.2818,13.0847,3.1874,1.0973,1.0177,0.02448,0.029913,6644656857.0,6498035222.0,4285988609.000001,264125110066.0,258296900075.0,家用电器,家用电器,白色家电,空调,44.13,36.11,0.0
2018-12-17,175.75,176.63,171.75,173.51,174.78,-1.2700000000000102,-0.73,30275497.0,1196622235.0,4.397,0.004659,0.007064,0.78,15.1703,12.9893,3.1642,1.0893,1.0103,0.02466,0.030133,6644656857.0,6498035222.0,4285988609.000001,262198159577.0,256412469860.0,家用电器,家用电器,白色家电,空调,43.73,35.78,0.0
2018-12-18,172.14,173.77,169.37,170.65,173.51,-2.859999999999985,-1.65,32806107.0,1276899831.0,4.397,0.005049,0.0076539999999999,0.86,14.9204,12.7753,3.1121,1.0713,0.9937,0.0250729999999999,0.030638,6644656857.0,6498035222.0,4285988609.000001,257879132620.0,252188746966.0,家用电器,家用电器,白色家电,空调,43.41,35.51,0.0
2018-12-19,170.65,172.27,167.53,168.19,170.65,-2.460000000000008,-1.44,18387980.0,711325677.0,4.397,0.0028299999999999,0.0042899999999999,0.47,14.7051,12.591,3.0672,1.0559,0.9793,0.02544,0.031086,6644656857.0,6498035222.0,4285988609.000001,254158124780.0,248549847242.0,家用电器,家用电器,白色家电,空调,42.69,34.93,0.0
2018-12-20,167.88,170.12,166.6,168.54,168.19,0.3499999999999943,0.21,20858219.0,799129970.0,4.397,0.00321,0.004867,0.56,14.7358,12.6173,3.0736,1.0581,0.9814,0.025386,0.031021,6644656857.0,6498035222.0,4285988609.000001,254689697329.0,249069690059.0,家用电器,家用电器,白色家电,空调,42.08,34.43,0.0
2018-12-21,167.48,168.19,164.01,166.73,168.54,-1.8100000000000025,-1.07,25844948.0,973696353.0,4.397,0.003977,0.00603,0.96,14.5782,12.4823,3.0407,1.0467,0.9709,0.025661,0.0313569999999999,6644656857.0,6498035222.0,4285988609.000001,251965388017.0,246405495618.0,家用电器,家用电器,白色家电,空调,42.16,34.5,0.0
2018-12-24,164.58,166.16,162.78,165.94,166.73,-0.789999999999992,-0.47,16464210.0,615507715.0,4.397,0.002534,0.003841,0.64,14.509,12.4231,3.0263,1.0418,0.9663,0.025733,0.031445,6644656857.0,6498035222.0,4285988609.000001,250769349783.0,245235849278.0,家用电器,家用电器,白色家电,空调,41.71,34.13,0.0
2018-12-25,162.78,165.99,161.37,164.36,165.94,-1.579999999999984,-0.95,19271255.0,715052123.0,4.397,0.002966,0.004496,0.84,14.3706,12.3046,2.9974,1.0318,0.9571,0.025981,0.031748,6644656857.0,6498035222.0,4285988609.000001,248377273315.0,242896556598.0,家用电器,家用电器,白色家电,空调,41.51,33.97,0.0
2018-12-26,164.45,166.65,162.25,163.26,164.36,-1.1000000000000227,-0.67,15094726.0,563234725.0,4.397,0.002323,0.003522,0.75,14.2745,12.2223,2.9773,1.0249,0.9507,0.026156,0.031962,6644656857.0,6498035222.0,4285988609.000001,246716109100.0,241272047793.0,家用电器,家用电器,白色家电,空调,41.12,33.64,0.0
2018-12-27,166.69,167.35,161.81,161.81,163.26,-1.4499999999999886,-0.89,23074745.0,864454239.0,4.397,0.003551,0.005384,1.18,14.1476,12.1137,2.9509,1.0158,0.9422,0.026391,0.032248,6644656857.0,6498035222.0,4285988609.000001,244523372338.0,239127696170.0,家用电器,家用电器,白色家电,空调,40.84,33.42,0.0
2018-12-28,161.59,164.45,159.66,162.07,161.81,0.2599999999999909,0.16,21167603.0,782455535.0,4.397,0.0032579999999999,0.004939,1.06,14.1707,12.1334,2.9557,1.0175,0.9437,0.0263479999999999,0.0321959999999999,6644656857.0,6498035222.0,4285988609.000001,244922051749.0,239517578283.0,家用电器,家用电器,白色家电,空调,40.48,33.12,0.0
2019-01-02,163.57,164.36,159.61,160.23,162.07,-1.840000000000004,-1.14,20862411.0,764857118.0,4.397,0.003202,0.004848,1.1,14.0465,12.0271,2.9298,1.0086,0.9355,0.032544,0.032544,6662324608.999999,6515149849.0,4303103236.0,242775108752.0,237412060498.0,家用电器,家用电器,白色家电,空调,40.55,33.17,0.0
2019-01-03,159.44,161.94,158.29,159.17,160.23,-1.0600000000000025,-0.66,14323343.0,520938086.0,4.397,0.002198,0.003329,0.72,13.954,11.9478,2.9105,1.0019,0.9293,0.03276,0.03276,6662324608.999999,6515149849.0,4303103236.0,241176150846.00003,235848424534.0,家用电器,家用电器,白色家电,空调,40.08,32.8,0.0
2019-01-04,158.25,163.0,157.41,162.65,159.17,3.480000000000018,2.19,27711832.0,1012555409.0,4.397,0.004253,0.00644,1.47,14.2585,12.2086,2.974,1.0238,0.9496,0.03206,0.03206,6662324608.999999,6515149849.0,4303103236.0,246439387287.0,240995392915.0,家用电器,家用电器,白色家电,空调,39.82,32.58,0.0
2019-01-07,165.59,165.59,161.19,162.65,162.65,0.0,0.0,25299657.0,937395171.0,4.397,0.0038829999999999,0.005879,1.18,14.2585,12.2086,2.974,1.0238,0.9496,0.03206,0.03206,6662324608.999999,6515149849.0,4303103236.0,246439387287.0,240995392915.0,家用电器,家用电器,白色家电,空调,40.69,33.29,0.0
2019-01-08,162.91,163.57,161.28,162.07,162.65,-0.5800000000000125,-0.36,13469806.0,496396722.0,4.397,0.002067,0.00313,0.62,14.2084,12.1657,2.9636,1.0202,0.9463,0.032173,0.032173,6662324608.999999,6515149849.0,4303103236.0,245573285088.0,240148423434.0,家用电器,家用电器,白色家电,空调,40.69,33.29,0.0
2019-01-09,168.19,173.68,166.29,171.48,162.07,9.409999999999997,5.81,82585850.0,3201852582.0,4.397,0.012676,0.019192,4.06,15.0333,12.872,3.1356,1.0794,1.0012,0.030408,0.030408,6662324608.999999,6515149849.0,4303103236.0,259830659751.0,254090844111.0,家用电器,家用电器,白色家电,空调,40.55,33.17,0.0
2019-01-10,170.87,174.91,169.72,172.76,171.48,1.2800000000000011,0.75,35595556.0,1398943848.0,4.397,0.005544,0.008272,1.09,14.9305,12.784,3.2721,1.072,0.9943,0.030617,0.030617,6567925490.999999,6420750731.0,4303103236.0,258053792541.0,252271296221.0,家用电器,家用电器,白色家电,空调,42.9,35.1,0.0
2019-01-11,173.68,175.66,170.82,175.18,172.76,2.420000000000016,1.4,27813944.0,1098274247.0,4.397,0.004332,0.006609,0.75,15.1395,12.9629,3.3179,1.087,1.0083,0.030194,0.030194,6567925490.999999,6420750731.0,4208704118.0,261666151561.0,255802709123.00003,家用电器,家用电器,白色家电,空调,43.22,35.36,0.0
2019-01-14,175.48,177.46,172.89,173.46,175.18,-1.7199999999999989,-0.98,18716051.0,743527539.0,4.397,0.0029149999999999,0.0044469999999999,0.51,14.9913,12.836,3.2854,1.0764,0.9984,0.030493,0.030493,6567925490.999999,6420750731.0,4208704118.0,259104660620.0,253298616338.0,家用电器,家用电器,白色家电,空调,43.82,35.86,0.0
2019-01-15,173.68,180.36,172.93,180.28,173.46,6.819999999999993,3.93,40219032.0,1629499422.0,4.397,0.006264,0.009556,1.13,15.5803,13.3403,3.4145,1.1187,1.0376,0.02934,0.02934,6567925490.999999,6420750731.0,4208704118.0,269284945131.0,263250779971.0,家用电器,家用电器,白色家电,空调,43.4,35.51,0.0
2019-01-16,180.28,182.3,178.61,181.16,180.28,0.8799999999999955,0.49,28623403.000000004,1177411062.0,4.397,0.004458,0.006801,0.7,15.6563,13.4054,3.4312,1.1242,1.0427,0.0291979999999999,0.0291979999999999,6567925490.999999,6420750731.0,4208704118.0,270598530229.0,264534930117.0,家用电器,家用电器,白色家电,空调,45.1,36.9,0.0
2019-01-17,181.16,183.35,179.75,179.88,181.16,-1.2800000000000011,-0.71,25974048.0,1073148520.0,4.397,0.004045,0.0061719999999999,0.86,15.5461,13.3111,3.407,1.1162,1.0353,0.029405,0.029405,6567925490.999999,6420750731.0,4208704118.0,268693831837.0,262672912405.0,家用电器,家用电器,白色家电,空调,45.32,37.08,0.0
2019-01-18,182.26,185.11,180.45,185.03,179.88,5.150000000000006,2.86,38442799.0,1603555662.0,4.397,0.005987,0.009134,1.36,15.9907,13.6918,3.5045,1.1482,1.065,0.0285869999999999,0.0285869999999999,6567925490.999999,6420750731.0,4208704118.0,276378304661.0,270185190760.0,家用电器,家用电器,白色家电,空调,45.0,36.82,0.0
2019-01-21,185.55,188.19,182.92,185.07,185.03,0.039999999999992,0.02,29411593.0,1241232667.0,4.397,0.004581,0.0069879999999999,0.97,15.9945,13.695,3.5053,1.1484,1.0652,0.02858,0.02858,6567925490.999999,6420750731.0,4208704118.0,276443983916.0,270249398268.0,家用电器,家用电器,白色家电,空调,46.29,37.87,0.0
2019-01-22,185.11,186.04,180.36,181.6,185.07,-3.469999999999999,-1.87,24468218.0,1012517244.0,4.397,0.003806,0.005803,0.75,15.7125,13.4536,3.4435,1.1282,1.0464,0.029093,0.029093,6575563128.0,6428521143.0,4216474530.0,271570757186.0,265497923206.0,家用电器,家用电器,白色家电,空调,46.3,37.88,0.0
2019-01-23,180.23,184.89,180.23,182.3,181.6,0.700000000000017,0.39,19227308.0,800266571.0,4.397,0.0029909999999999,0.00456,0.65,15.7734,13.5057,3.4568,1.1326,1.0505,0.028981,0.028981,6575563128.0,6428521143.0,4216474530.0,272622847287.0,266526486589.0,家用电器,家用电器,白色家电,空调,45.43,37.17,0.0
2019-01-24,183.79,185.07,181.2,182.87,182.3,0.5699999999999932,0.31,21956286.0,914100254.0,4.397,0.003415,0.005207,0.8,15.8229,13.5481,3.4677,1.1361,1.0538,0.02889,0.02889,6575563128.0,6428521143.0,4216474530.0,273477670494.00003,267362194337.0,家用电器,家用电器,白色家电,空调,45.61,37.31,0.0
2019-01-25,183.49,185.11,178.96,184.23,182.87,1.3599999999999852,0.74,26754815.000000004,1112391466.0,4.397,0.004162,0.006345,1.0,15.9408,13.649,3.4935,1.1446,1.0616,0.028676,0.028676,6575563128.0,6428521143.0,4216474530.0,275516095063.0,269355035892.0,家用电器,家用电器,白色家电,空调,45.75,37.43,0.0
2019-01-28,185.47,189.07,183.79,183.97,184.23,-0.2599999999999909,-0.14,34221268.0,1454201792.0,4.397,0.005323,0.008116,1.4,15.918,13.6295,3.4885,1.1429,1.0601,0.028718,0.028718,6575563128.0,6428521143.0,4216474530.0,275121561276.0,268969324623.0,家用电器,家用电器,白色家电,空调,46.09,37.71,0.0
2019-01-29,183.97,189.07,182.3,189.07,183.97,5.099999999999994,2.77,36969152.0,1565725524.0,4.397,0.0057509999999999,0.008768,1.46,16.3593,14.0074,3.5852,1.1746,1.0895,0.027936,0.027936,6575563128.0,6428521143.0,4216474530.0,282749214504.0,276426409149.0,家用电器,家用电器,白色家电,空调,46.02,37.66,0.0
2019-01-30,188.15,188.63,185.11,185.11,189.07,-3.95999999999998,-2.09,29219142.0,1242106824.0,4.397,0.004545,0.0069299999999999,1.05,16.0169,13.7142,3.5102,1.1501,1.0667,0.028533,0.028533,6575563128.0,6428521143.0,4216474530.0,276831207689.0,270640740120.0,家用电器,家用电器,白色家电,空调,47.3,38.7,0.0
2019-01-31,188.54,191.71,186.65,191.4,185.11,6.289999999999992,3.4,38921536.0,1676325685.0,4.397,0.006055,0.009231,1.31,16.5609,14.18,3.6294,1.1891,1.1029,0.027596,0.027596,6575563128.0,6428521143.0,4216474530.0,286234262962.0,279833525355.0,家用电器,家用电器,白色家电,空调,46.31,37.89,0.0
2019-02-01,195.01,195.67,191.4,194.61,191.4,3.210000000000008,1.68,31220321.000000004,1378311583.0,4.397,0.004857,0.0074039999999999,0.94,16.8387,14.4178,3.6903,1.2091,1.1214,0.027141,0.027141,6575563128.0,6428521143.0,4216474530.0,291034424045.0,284526345789.0,家用电器,家用电器,白色家电,空调,47.88,39.18,0.0
2019-02-11,193.29,203.67,193.03,202.61,194.61,8.0,4.11,34905404.0,1588661129.0,4.397,0.00543,0.008278,1.02,17.5311,15.0107,3.842,1.2588,1.1675,0.026069,0.026069,6575563128.0,6428521143.0,4216474530.0,303001948938.0,296226254269.0,家用电器,家用电器,白色家电,空调,48.69,39.83,0.0
2019-02-12,202.26,206.22,200.72,204.42,202.61,1.8099999999999736,0.89,30289403.000000004,1404091094.0,4.397,0.004712,0.007184,0.88,17.6871,15.1442,3.8762,1.27,1.1779,0.0258389999999999,0.0258389999999999,6575563128.0,6428521143.0,4216474530.0,305697929821.0,298861947938.0,家用电器,家用电器,白色家电,空调,50.69,41.47,0.0
2019-02-13,205.52,207.67,201.82,205.78,204.42,1.3600000000000136,0.67,32414274.0,1511519913.0,4.397,0.005042,0.007688,0.98,17.805,15.2452,3.9021,1.2784,1.1858,0.025668,0.025668,6575563128.0,6428521143.0,4216474530.0,307736354390.0,300854789492.0,家用电器,家用电器,白色家电,空调,51.14,41.84,0.0
2019-02-14,206.22,208.02,204.46,207.32,205.78,1.539999999999992,0.75,22921397.0,1077612635.0,4.397,0.0035659999999999,0.005436,0.68,17.9382,15.3592,3.9313,1.288,1.1947,0.025477,0.025477,6575563128.0,6428521143.0,4216474530.0,310037801485.0,303104771892.0,家用电器,家用电器,白色家电,空调,51.48,42.12,0.0
2019-02-15,205.56,205.56,197.87,199.05,207.32,-8.269999999999982,-3.99,46535959.0,2121611351.0,4.397,0.007239,0.0110369999999999,1.53,17.2229,14.7468,3.7745,1.2366,1.147,0.026535,0.026535,6575563128.0,6428521143.0,4216474530.0,297675742805.0,291019152144.0,家用电器,家用电器,白色家电,空调,51.87,42.44,0.0
2019-02-18,201.38,204.28,200.28,204.02,199.05,4.969999999999999,2.5,32570218.0,1500350038.0,4.397,0.005064,0.007719,0.97,17.6612,15.1221,3.8706,1.2681,1.1762,0.025883,0.025883,6578675492.0,6431633506.999999,4219586894.0,305250542829.0,298427794725.0,家用电器,家用电器,白色家电,空调,49.8,40.74,0.0
2019-02-19,204.37,208.15,200.55,202.61,204.02,-1.4099999999999966,-0.69,28075864.0,1303139829.0,4.397,0.004365,0.006654,0.85,17.5394,15.0178,3.8439,1.2594,1.1681,0.026063,0.026063,6578675492.0,6431633506.999999,4219586894.0,303145366671.0,296369672003.0,家用电器,家用电器,白色家电,空调,51.04,41.76,0.0
2019-02-21,204.46,208.51,200.68,201.65,202.61,-0.960000000000008,-0.47,41442275.0,1917916038.0,4.397,0.006442,0.009818,1.28,17.4557,14.9461,3.8255,1.2534,1.1625,0.026188,0.026188,6578675492.0,6433262507.0,4221215894.0,301698058063.0,295029418571.0,家用电器,家用电器,白色家电,空调,50.69,41.47,0.0
2019-02-22,201.82,201.82,195.01,200.55,201.65,-1.0999999999999943,-0.55,38882485.0,1750311007.0,4.397,0.006044,0.009211,1.13,17.3605,14.8646,3.8047,1.2465,1.1562,0.026331,0.026331,6578675492.0,6433262507.0,4221215894.0,300053389190.0,293421102944.0,家用电器,家用电器,白色家电,空调,50.45,41.27,0.0
2019-02-25,208.86,217.17,205.3,216.2,200.55,15.649999999999975,7.8,72852267.0,3466143742.0,4.397,0.011324,0.017259,1.94,18.7155,16.0248,4.1016,1.3438,1.2464,0.024387,0.024387,6578675492.0,6433262507.0,4221215894.0,323473473942.0,316323517469.0,家用电器,家用电器,白色家电,空调,50.17,41.05,0.0
2019-02-26,212.59,214.13,208.2,208.24,216.2,-7.9599999999999795,-3.68,49051749.0,2357420867.0,4.397,0.007625,0.0116199999999999,1.15,18.0266,15.4349,3.9506,1.2944,1.2005,0.0253189999999999,0.0253189999999999,6578675492.0,6433262507.0,4221215894.0,311566071301.0,304679312332.0,家用电器,家用电器,白色家电,空调,54.09,44.25,0.0
2019-02-27,207.32,211.98,207.32,209.47,208.24,1.2299999999999898,0.59,31870518.0,1519672018.0,4.397,0.004954,0.00755,0.69,18.1332,15.5262,3.974,1.302,1.2076,0.0251699999999999,0.0251699999999999,6578675492.0,6433262507.0,4221215894.0,313408100439.0,306480625833.0,家用电器,家用电器,白色家电,空调,52.1,42.62,0.0
2019-02-28,209.52,211.85,208.64,210.09,209.47,0.6200000000000045,0.3,25324278.0,1209359036.0,4.397,0.003936,0.005999,0.54,18.1865,15.5718,3.9857,1.3058,1.2112,0.025097,0.025097,6578675492.0,6433262507.0,4221215894.0,314329115008.0,307381282584.0,家用电器,家用电器,白色家电,空调,52.4,42.88,0.0
2019-03-01,211.5,214.0,210.48,213.56,210.09,3.469999999999999,1.65,35840055.0,1732559947.0,4.397,0.005562,0.00847,0.82,18.5158,15.8538,4.0578,1.3295,1.2331,0.0246879999999999,0.0246879999999999,6588872561.0,6443412076.0,4231365463.0,320021540288.0,312956524531.0,家用电器,家用电器,白色家电,空调,52.56,43.0,0.0
2019-03-04,215.94,220.73,213.69,215.28,213.56,1.7199999999999989,0.81,54264368.00000001,2680277816.0,4.397,0.0084219999999999,0.012824,1.26,18.6645,15.9811,4.0904,1.3402,1.243,0.024492,0.024492,6588872561.0,6443412076.0,4231365463.0,322591200587.0,315469455241.0,家用电器,家用电器,白色家电,空调,53.43,43.71,0.0
2019-03-05,217.3,217.65,214.18,215.45,215.28,0.1699999999999875,0.08,30924255.0,1516133283.0,4.397,0.004799,0.007308,0.79,18.6797,15.9942,4.0938,1.3412,1.244,0.024472,0.024472,6588872561.0,6443412076.0,4231365463.0,322854755489.0,315727191724.0,家用电器,家用电器,白色家电,空调,53.86,44.06,0.0
2019-03-06,217.12,218.44,214.13,215.89,215.45,0.4399999999999977,0.2,31652373.0,1553672307.0,4.397,0.004912,0.00748,0.89,18.7179,16.0268,4.1021,1.344,1.2466,0.024422,0.024422,6588872561.0,6443412076.0,4231365463.0,323513642745.0,316371532932.0,家用电器,家用电器,白色家电,空调,53.9,44.1,0.0
2019-03-07,215.45,215.45,207.45,209.12,215.89,-6.769999999999982,-3.14,51162679.0,2450618685.0,4.397,0.00794,0.012091,1.44,18.1308,15.5242,3.9735,1.3018,1.2075,0.025213,0.025213,6588872561.0,6443412076.0,4231365463.0,313366779001.0,306448678335.0,家用电器,家用电器,白色家电,空调,54.01,44.19,0.0
2019-03-08,205.16,207.67,200.94,201.38,209.12,-7.740000000000009,-3.7,46300910.0,2143103988.0,4.397,0.007186,0.010942,1.14,17.4598,14.9497,3.8264,1.2537,1.1628,0.0261819999999999,0.0261819999999999,6588872561.0,6443412076.0,4231365463.0,301770363294.0,295108273081.0,家用电器,家用电器,白色家电,空调,52.32,42.8,0.0
2019-03-11,201.6,205.25,201.6,204.81,201.38,3.430000000000007,1.7,29056058.0,1345836614.0,4.397,0.004509,0.006867,0.68,17.7572,15.2043,3.8916,1.275,1.1826,0.025743,0.025743,6588872561.0,6443412076.0,4231365463.0,306909683891.0,300134134500.0,家用电器,家用电器,白色家电,空调,50.38,41.22,0.0
2019-03-12,208.42,209.39,201.21,202.97,204.81,-1.840000000000004,-0.9,41167837.0,1923704514.0,4.397,0.006389,0.009729,1.09,17.5971,15.0672,3.8565,1.2635,1.1719,0.025977,0.025977,6588872561.0,6443412076.0,4231365463.0,304142357416.0,297427901428.0,家用电器,家用电器,白色家电,空调,51.24,41.92,0.0
2019-03-13,203.05,205.08,200.2,203.27,202.97,0.3000000000000113,0.15,34880545.0,1601035403.0,4.397,0.005413,0.008243,0.87,17.6238,15.09,3.8623,1.2654,1.1737,0.025938,0.025938,6588872561.0,6443412076.0,4231365463.0,304603578495.0,297878940273.0,家用电器,家用电器,白色家电,空调,50.78,41.54,0.0
2019-03-14,203.14,207.41,202.92,204.06,203.27,0.789999999999992,0.39,34423123.0,1607571195.0,4.397,0.005342,0.008135,0.85,17.6924,15.1488,3.8774,1.2704,1.1783,0.025837,0.025837,6588872561.0,6443412076.0,4231365463.0,305789575556.0,299038754447.0,家用电器,家用电器,白色家电,空调,50.85,41.61,0.0
2019-03-15,207.98,213.61,205.96,210.75,204.06,6.689999999999998,3.28,67236236.0,3208694077.0,4.397,0.010435,0.01589,1.81,18.2718,15.6449,4.0044,1.312,1.2169,0.025018,0.025018,6588872561.0,6443412076.0,4231365463.0,315804661849.0,308832740803.0,家用电器,家用电器,白色家电,空调,51.05,41.77,0.0
2019-03-18,208.86,217.65,207.98,216.86,210.75,6.110000000000014,2.9,51499192.0,2513133993.0,4.397,0.007993,0.012171,1.25,18.8017,16.0986,4.1205,1.35,1.2522,0.0243129999999999,0.0243129999999999,6588872561.0,6443412076.0,4231365463.0,324963194709.0,317789083588.0,家用电器,家用电器,白色家电,空调,52.72,43.14,0.0
2019-03-19,217.78,218.84,214.05,216.55,216.86,-0.3100000000000023,-0.14,29701916.0,1458253078.0,4.397,0.00461,0.007019,0.65,18.775,16.0758,4.1147,1.3481,1.2504,0.024348,0.024348,6588872561.0,6443412076.0,4231365463.0,324501973629.0,317338044743.0,家用电器,家用电器,白色家电,空调,54.25,44.39,0.0
2019-03-20,216.55,217.43,212.73,215.01,216.55,-1.5400000000000205,-0.71,29175155.0,1427029779.0,4.397,0.004528,0.006895,0.67,18.6416,15.9615,4.0854,1.3385,1.2415,0.024522,0.024522,6588872561.0,6443412076.0,4231365463.0,322195868233.0,315082850516.0,家用电器,家用电器,白色家电,空调,54.18,44.33,0.0
2019-03-21,213.91,214.57,211.41,212.11,215.01,-2.8999999999999773,-1.35,25832581.0,1248826262.0,4.397,0.0040089999999999,0.006105,0.61,18.39,15.7461,4.0303,1.3204,1.2247,0.024857,0.024857,6588872561.0,6443412076.0,4231365463.0,317847212343.0,310830198546.0,家用电器,家用电器,白色家电,空调,53.79,44.01,0.0
2019-03-22,212.38,214.66,209.78,213.69,212.11,1.579999999999984,0.74,22708007.0,1095838362.0,4.397,0.003524,0.0053669999999999,0.56,18.5272,15.8636,4.0604,1.3303,1.2339,0.0246729999999999,0.0246729999999999,6588872561.0,6443412076.0,4231365463.0,320219206465.0,313149826894.0,家用电器,家用电器,白色家电,空调,53.06,43.42,0.0
2019-03-25,209.65,211.94,204.72,205.3,213.69,-8.389999999999986,-3.93,32685557.0,1548505467.0,4.397,0.0050729999999999,0.0077249999999999,1.03,17.7991,15.2402,3.9008,1.278,1.1854,0.0256829999999999,0.0256829999999999,6588872561.0,6443412076.0,4231365463.0,307634459873.0,300842909828.0,家用电器,家用电器,白色家电,空调,53.46,43.74,0.0
2019-03-26,207.1,207.1,201.87,204.77,205.3,-0.5300000000000011,-0.26,22442361.0,1045158394.0,4.397,0.003483,0.005304,0.8,17.7534,15.201,3.8908,1.2747,1.1824,0.025749,0.025749,6588872561.0,6443412076.0,4231365463.0,306843795166.0,300069700379.0,家用电器,家用电器,白色家电,空调,51.36,42.02,0.0
2019-03-27,206.57,210.18,204.86,209.17,204.77,4.399999999999977,2.15,22752274.0,1077398364.0,4.397,0.003531,0.005377,0.86,18.1346,15.5274,3.9743,1.3021,1.2077,0.025207,0.025207,6588872561.0,6443412076.0,4231365463.0,313432667727.0,306513112455.0,家用电器,家用电器,白色家电,空调,51.23,41.91,0.0
2019-03-28,209.21,209.91,205.82,207.27,209.17,-1.8999999999999773,-0.91,20235793.0,955165290.0,4.397,0.0031409999999999,0.004782,0.8,17.9707,15.3871,3.9384,1.2903,1.1968,0.0254369999999999,0.0254369999999999,6588872561.0,6443412076.0,4231365463.0,310599452526.0,303742445263.0,家用电器,家用电器,白色家电,空调,52.33,42.81,0.0
2019-03-29,206.7,214.93,206.7,214.27,207.27,7.0,3.38,43946365.0,2127847649.0,4.397,0.00682,0.010386,1.82,18.5768,15.9061,4.0712,1.3339,1.2372,0.024607,0.024607,6588872561.0,6443412076.0,4231365463.0,321075759898.0,313987470463.0,家用电器,家用电器,白色家电,空调,51.85,42.43,0.0
2019-04-01,216.77,235.55,216.55,232.73,214.27,18.45999999999998,8.62,97458863.0,5041465396.0,4.397,0.015125,0.023032,3.43,20.1779,17.277,4.4221,1.4488,1.3438,0.0226549999999999,0.0226549999999999,6588872561.0,6443412076.0,4231365463.0,348749024654.0,341049801183.0,家用电器,家用电器,白色家电,空调,53.6,43.86,0.0
2019-04-02,232.73,234.62,227.46,228.2,232.73,-4.530000000000001,-1.95,55677616.0,2906671781.0,4.397,0.008641,0.013158,1.35,19.7853,16.9408,4.3361,1.4206,1.3177,0.023104,0.023104,6588872561.0,6443412076.0,4231365463.0,341962485916.0,334413086744.0,家用电器,家用电器,白色家电,空调,58.22,47.64,0.0
2019-04-03,226.27,231.11,226.23,229.52,228.2,1.3200000000000216,0.58,37881297.0,1971575177.0,4.397,0.005879,0.008952,0.79,19.8996,17.0387,4.3611,1.4288,1.3253,0.022972,0.022972,6588872561.0,6443412076.0,4231365463.0,343939147684.0,336346110367.0,家用电器,家用电器,白色家电,空调,57.09,46.71,0.0
2019-04-04,229.52,237.35,229.48,235.9,229.52,6.379999999999996,2.78,53724512.0,2868122017.0,4.397,0.008338,0.012697,1.05,20.4524,17.512,4.4823,1.4685,1.3621,0.022351,0.022351,6588872561.0,6443412076.0,4231365463.0,353493012898.00006,345689057877.0,家用电器,家用电器,白色家电,空调,57.42,46.98,0.0
2019-04-08,235.9,244.74,233.92,238.23,235.9,2.329999999999984,0.99,52200536.0,2836276737.0,4.397,0.008093,0.012317,0.9,20.6635,17.6927,4.5338,1.4837,1.3762,0.022122,0.022122,6591751075.0,6450244007.0,4238197394.0,357141073244.0,349474220299.0,家用电器,家用电器,白色家电,空调,59.02,48.29,0.0
2019-04-09,244.08,247.77,238.32,241.88,238.23,3.6500000000000057,1.53,41411208.0,2279920426.0,4.397,0.00642,0.009771,0.7,20.98,17.9638,4.6033,1.5064,1.3972,0.021789,0.021789,6591751075.0,6450244007.0,4238197394.0,362612226636.0,354827922825.0,家用电器,家用电器,白色家电,空调,59.6,48.76,0.0
2019-04-10,240.52,244.34,235.9,240.6,241.88,-1.2800000000000011,-0.53,39869943.0,2167514768.0,4.397,0.006181,0.009407,0.83,20.8694,17.8691,4.579,1.4985,1.3899,0.021904,0.021904,6591751075.0,6450244007.0,4238197394.0,360700618824.0,352957352063.0,家用电器,家用电器,白色家电,空调,60.51,49.51,0.0
2019-04-11,240.6,240.74,230.01,230.58,240.6,-10.019999999999982,-4.16,51552545.0,2735915625.0,4.397,0.007992,0.012164,1.15,19.9999,17.1245,4.3882,1.436,1.332,0.022856,0.022856,6591751075.0,6450244007.0,4238197394.0,345671426373.0,338250795727.0,家用电器,家用电器,白色家电,空调,60.19,49.25,0.0
2019-04-12,227.98,230.53,221.92,225.52,230.58,-5.060000000000002,-2.19,46963565.0,2408399124.0,4.397,0.0072809999999999,0.011081,0.98,19.5613,16.749,4.292,1.4045,1.3028,0.023369,0.023369,6591751075.0,6450244007.0,4238197394.0,338090912637.0,330833015119.0,家用电器,家用电器,白色家电,空调,57.68,47.2,0.0
2019-04-15,228.86,234.36,226.45,226.45,225.52,0.9299999999999784,0.41,40118707.0,2099197416.0,4.397,0.00622,0.009466,0.86,19.6414,16.8176,4.3096,1.4103,1.3081,0.023274,0.023274,6591751075.0,6450244007.0,4238197394.0,339475180363.00006,332187566361.0,家用电器,家用电器,白色家电,空调,56.42,46.16,0.0
2019-04-16,224.25,232.51,222.71,232.51,226.45,6.060000000000002,2.68,31212763.0,1619936652.0,4.397,0.0048389999999999,0.007365,0.71,20.1677,17.2682,4.4251,1.4481,1.3431,0.022666,0.022666,6591751075.0,6450244007.0,4238197394.0,348571796846.00006,341088903090.0,家用电器,家用电器,白色家电,空调,56.65,46.35,0.0
2019-04-17,233.61,235.64,228.51,233.04,232.51,0.5300000000000011,0.23,36187013.0,1906297240.0,4.397,0.00561,0.008538,0.86,20.2134,17.3074,4.4351,1.4514,1.3462,0.022615,0.022615,6591751075.0,6450244007.0,4238197394.0,349362806975.0,341862932371.0,家用电器,家用电器,白色家电,空调,58.17,47.59,0.0
2019-04-18,235.37,238.89,233.48,234.89,233.04,1.8499999999999943,0.79,26587494.0,1427725087.0,4.397,0.004122,0.006273,0.65,20.3736,17.4445,4.4702,1.4629,1.3569,0.022437,0.022437,6591751075.0,6450244007.0,4238197394.0,352131342427.00006,344572034854.0,家用电器,家用电器,白色家电,空调,58.3,47.7,0.0
2019-04-19,234.58,245.13,231.72,242.19,234.89,7.300000000000011,3.11,37099542.0,2009741084.0,4.397,0.005752,0.008754,1.02,21.0067,17.9866,4.6092,1.5083,1.399,0.021761,0.021761,6591751075.0,6450244007.0,4238197394.0,363073649211.0,355279439906.0,家用电器,家用电器,白色家电,空调,58.76,48.08,0.0
2019-04-22,241.79,241.79,229.52,232.12,242.19,-10.069999999999991,-4.16,41516788.0,2213184521.0,4.397,0.006436,0.009796,1.21,17.2005,17.2005,4.4059,1.3401,1.3401,0.022665,0.022665,6591751075.0,6450244007.0,4238197394.0,347978539249.0,340508381130.0,家用电器,家用电器,白色家电,空调,60.59,49.57,0.0
2019-04-23,229.52,232.38,226.75,229.83,232.12,-2.289999999999992,-0.99,36013507.0,1876295374.0,4.397,0.005583,0.008497,1.04,17.031,17.031,4.3625,1.3269,1.3269,0.02289,0.02289,6591751075.0,6450244007.0,4238197394.0,344550828690.0,337154254246.0,家用电器,家用电器,白色家电,空调,58.07,47.51,0.0
2019-04-24,230.84,232.29,226.67,231.28,229.83,1.4499999999999886,0.63,28905902.0,1510805576.0,4.397,0.004481,0.00682,0.81,17.1385,17.1385,4.3901,1.3353,1.3353,0.022747,0.022747,6591751075.0,6450244007.0,4238197394.0,346726106545.0,339282834768.0,家用电器,家用电器,白色家电,空调,57.5,47.04,0.0
2019-04-25,229.96,229.96,225.48,226.05,231.28,-5.22999999999999,-2.26,25679535.0,1328686004.0,4.397,0.003981,0.006059,0.75,16.7508,16.7508,4.2907,1.3051,1.3051,0.023273,0.023273,6591751075.0,6450244007.0,4238197394.0,338881922766.00006,331607044400.0,家用电器,家用电器,白色家电,空调,57.86,47.34,0.0
2019-04-26,224.12,225.83,216.6,217.08,226.05,-8.969999999999999,-3.97,45929376.0,2296898142.0,4.397,0.007121,0.010837,1.36,16.0861,16.0861,4.1205,1.2533,1.2533,0.024235,0.024235,6591751075.0,6450244007.0,4238197394.0,325434750573.0,318448546626.0,家用电器,家用电器,白色家电,空调,56.55,46.27,0.0
2019-04-29,217.08,228.56,217.04,225.61,217.08,8.530000000000001,3.93,44756287.0,2296294398.0,4.397,0.006939,0.01056,1.26,16.7182,16.7182,4.2824,1.3025,1.3025,0.023319,0.023319,6591751075.0,6450244007.0,4238197394.0,338222747658.0,330962019999.0,家用电器,家用电器,白色家电,空调,54.31,44.43,0.0
2019-04-30,226.01,235.24,226.01,230.4,225.61,4.789999999999992,2.12,45987952.0,2407890584.0,4.397,0.00713,0.010851,1.27,17.0734,16.3673,4.3734,1.3302,1.3028,0.022833,0.022833,6591751075.0,6450244007.0,4238197394.0,345407756330.0,337992785967.0,家用电器,家用电器,白色家电,空调,56.44,46.18,0.0
2019-05-06,219.41,224.42,215.45,215.76,230.4,-14.640000000000017,-6.35,66323494.99999999,3318296818.0,4.397,0.010282,0.015649,1.73,15.9884,15.3271,3.6096,1.2457,1.22,0.024383,,6591751075.0,6450244007.0,4238197394.0,323457225250.0,316513473423.0,家用电器,家用电器,白色家电,空调,57.64,47.16,0.0
2019-05-07,221.17,226.4,219.41,223.15,215.76,7.390000000000015,3.43,71785225.0,3653919598.0,4.397,0.011129,0.0169379999999999,1.57,16.5358,15.8519,3.7332,1.2883,1.2617,0.023576,,6591751075.0,6450244007.0,4238197394.0,334531367056.0,327349883355.0,家用电器,家用电器,白色家电,空调,53.98,44.16,0.0
2019-05-22,226.49,234.01,224.25,226.05,223.15,2.9000000000000057,1.3,80369414.0,4187357486.0,4.397,0.012436,0.018907,1.46,16.7866,16.0924,3.7874,1.3079,1.2809,0.0232649999999999,,6605842687.0,6462855519.0,4250808906.0,339606372539.0,332255402232.0,家用电器,家用电器,白色家电,空调,55.83,45.68,0.0
2019-05-23,222.93,223.37,217.21,217.7,226.05,-8.350000000000023,-3.69,42114999.0,2104165315.0,4.397,0.0065159999999999,0.009908,0.68,16.1662,15.4976,3.6474,1.2595,1.2336,0.024157,,6605842687.0,6462855519.0,4250808906.0,327055271433.0,319975976746.0,家用电器,家用电器,白色家电,空调,56.55,46.27,0.0
2019-05-24,216.68,221.08,215.5,219.06,217.7,1.3600000000000136,0.62,29940665.000000004,1489846494.0,4.397,0.004633,0.007044,0.49,16.2674,15.5947,3.6703,1.2674,1.2413,0.024007,,6605842687.0,6462855519.0,4250808906.0,329103082666.0,321979461957.0,家用电器,家用电器,白色家电,空调,54.46,44.56,0.0
2019-05-27,219.06,220.2,214.93,218.75,219.06,-0.3100000000000023,-0.14,28480786.0,1406654784.0,4.397,0.0044069999999999,0.0067,0.49,16.2446,15.5727,3.6651,1.2656,1.2395,0.024041,,6605842687.0,6462855519.0,4250808906.0,328640673678.0,321527062070.0,家用电器,家用电器,白色家电,空调,54.8,44.84,0.0
2019-05-28,218.84,225.21,218.84,222.09,218.75,3.3400000000000034,1.53,34988936.0,1771284994.0,4.397,0.0054139999999999,0.008231,0.69,16.4927,15.8106,3.7211,1.285,1.2585,0.023679,,6605842687.0,6462855519.0,4250808906.0,333661114120.0,326438832265.0,家用电器,家用电器,白色家电,空调,54.73,44.78,0.0
2019-05-29,220.07,223.9,219.19,221.52,222.09,-0.5699999999999932,-0.26,21849380.0,1100280782.0,4.397,0.003381,0.00514,0.51,16.4503,15.77,3.7115,1.2817,1.2552,0.02374,,6605842687.0,6462855519.0,4250808906.0,332802354571.0,325598661047.0,家用电器,家用电器,白色家电,空调,55.56,45.46,0.0
2019-05-30,222.81,224.39,218.88,223.17,221.5,1.6699999999999875,0.75,32332955.0,1586232809.0,4.513,0.005003,0.007606,1.03,16.1466,15.4788,4.0276,1.258,1.2321,0.024187,0.02621,6605842687.0,6462855519.0,4250808906.0,326658920872.0,319588205415.0,家用电器,家用电器,白色家电,空调,53.99,44.17,0.0
2019-05-31,221.14,226.33,220.91,223.84,223.17,0.6700000000000159,0.3,24107766.0,1201722988.0,4.513,0.00373,0.005671,0.82,16.1956,15.5258,4.0398,1.2618,1.2358,0.024114,0.02613,6605842687.0,6462855519.0,4250808906.0,327649797275.0,320557633742.0,家用电器,家用电器,白色家电,空调,54.4,44.51,0.0
2019-06-03,224.7,230.12,224.52,226.19,223.84,2.3499999999999943,1.05,22801010.0,1147776867.0,4.513,0.003528,0.005364,0.8,16.3654,15.6886,4.0821,1.275,1.2487,0.023863,0.025859,6605842687.0,6462855519.0,4250808906.0,331084835472.0,323918318612.0,家用电器,家用电器,白色家电,空调,54.56,44.64,0.0
2019-06-04,226.24,228.31,222.08,224.3,226.19,-1.8899999999999864,-0.84,16344731.0,811702804.0,4.513,0.002529,0.003845,0.6,16.2283,15.5571,4.0479,1.2644,1.2383,0.024065,0.026078,6605842687.0,6462855519.0,4250808906.0,328310381544.0,321203919294.0,家用电器,家用电器,白色家电,空调,55.13,45.11,0.0
2019-06-05,227.55,228.09,222.27,223.44,224.3,-0.8600000000000136,-0.38,22979619.0,1147254243.0,4.513,0.003556,0.0054059999999999,0.98,16.1662,15.4976,4.0325,1.2595,1.2336,0.024157,0.026178,6605842687.0,6462855519.0,4250808906.0,327055271433.0,319975976746.0,家用电器,家用电器,白色家电,空调,54.67,44.73,0.0
2019-06-06,226.1,226.1,220.55,221.68,223.44,-1.759999999999991,-0.79,18573924.0,918001247.0,4.513,0.002874,0.00437,0.78,16.0389,15.3755,4.0007,1.2496,1.2238,0.024349,0.026386,6605842687.0,6462855519.0,4250808906.0,324478992785.0,317455463093.0,家用电器,家用电器,白色家电,空调,54.46,44.56,0.0
2019-06-10,223.66,225.65,222.67,224.57,221.68,2.8899999999999864,1.3,24381043.0,1213075623.0,4.513,0.0037719999999999,0.005736,1.16,16.2479,15.5759,4.0528,1.2659,1.2398,0.024036,0.026046,6605842687.0,6462855519.0,4250808906.0,328706732105.0,321591690625.0,家用电器,家用电器,白色家电,空调,54.03,44.21,0.0
2019-06-11,224.25,233.95,223.84,232.28,224.57,7.710000000000008,3.43,37427417.0,1912923617.0,4.513,0.0057909999999999,0.008805,1.78,16.8062,16.1111,4.1921,1.3094,1.2824,0.0232379999999999,0.025181,6605842687.0,6462855519.0,4250808906.0,340002723100.0,332643173563.0,家用电器,家用电器,白色家电,空调,54.74,44.78,0.0
2019-06-12,231.7,232.96,229.4,232.46,232.28,0.1800000000000068,0.08,21263683.0,1089754701.0,4.513,0.00329,0.0050019999999999,0.89,16.8193,16.1237,4.1954,1.3104,1.2834,0.023219,0.025161,6605842687.0,6462855519.0,4250808906.0,340266956806.99994,332901687784.0,家用电器,家用电器,白色家电,空调,56.62,46.32,0.0
2019-06-13,233.28,233.28,226.6,230.3,232.46,-2.1599999999999966,-0.93,20181618.0,1027154861.0,4.513,0.003123,0.004748,0.81,16.6625,15.9734,4.1563,1.2982,1.2714,0.023438,0.025398,6605842687.0,6462855519.0,4250808906.0,337096152318.0,329799517135.0,家用电器,家用电器,白色家电,空调,56.66,46.36,0.0
2019-06-14,231.43,234.22,228.13,228.22,230.3,-2.0800000000000125,-0.9,13592896.0,692935413.0,4.513,0.002103,0.003198,0.56,16.5123,15.8294,4.1188,1.2865,1.26,0.023651,0.025629,6605842687.0,6462855519.0,4250808906.0,334057464682.0,326826603596.0,家用电器,家用电器,白色家电,空调,56.13,45.93,0.0
2019-06-17,229.58,231.29,227.41,229.22,228.22,1.0,0.44,13274503.0,674222037.0,4.513,0.002054,0.003123,0.57,16.5842,15.8983,4.1367,1.2921,1.2654,0.023549,0.025518,6605842687.0,6462855519.0,4250808906.0,335510750073.0,328248431810.0,家用电器,家用电器,白色家电,空调,55.63,45.51,0.0
2019-06-18,229.08,231.52,227.91,229.76,229.22,0.539999999999992,0.24,12021879.0,613259814.0,4.513,0.0018599999999999,0.002828,0.57,16.6234,15.9359,4.1465,1.2951,1.2684,0.023493,0.0254579999999999,6605842687.0,6462855519.0,4250808906.0,336303451194.99994,329023974472.0,家用电器,家用电器,白色家电,空调,55.87,45.71,0.0
2019-06-19,236.93,239.05,234.72,234.72,229.76,4.960000000000008,2.16,26345355.0,1381397040.0,4.513,0.004075,0.006194,1.64,16.9898,16.2871,4.2379,1.3237,1.2964,0.022986,0.024909,6608665050.0,6465677881.999999,4253631269.0,343716669251.0,336279906643.0,家用电器,家用电器,白色家电,空调,56.0,45.82,0.0
2019-06-20,236.3,243.48,235.17,240.5,234.72,5.780000000000001,2.46,44843750.0,2389697357.0,4.513,0.006936,0.010542,2.63,18.2605,17.5053,4.5548,1.4227,1.3934,0.022434,0.024311,6932322526.0,6465677881.999999,4253631269.0,369423467411.0,344555974332.0,家用电器,家用电器,白色家电,空调,57.21,46.81,0.0
2019-06-21,238.33,241.76,233.91,235.17,240.5,-5.3300000000000125,-2.22,62281987.0,3260271975.0,4.513,0.009177,0.013614,2.83,17.8561,17.1176,3.8311,1.3912,1.3625,0.021871,0.0237,6932322526.0,6786971758.0,4574925145.0,361243326830.0,353669098309.0,家用电器,家用电器,白色家电,空调,58.62,47.96,0.0
2019-06-24,233.91,237.47,231.97,235.49,235.17,0.3200000000000216,0.14,37697202.0,1965902486.0,4.513,0.005554,0.0082399999999999,1.19,17.8801,17.1406,3.8363,1.3931,1.3643,0.021842,0.023669,6932322526.0,6786971758.0,4574925145.0,361728589407.0,354144186332.0,家用电器,家用电器,白色家电,空调,57.32,46.9,0.0
2019-06-25,234.68,235.49,230.16,232.15,235.49,-3.3400000000000034,-1.42,33048049.0,1701992981.0,4.513,0.004869,0.007224,0.9,17.6265,16.8975,3.7819,1.3733,1.345,0.022156,0.024009,6932322526.0,6786971758.0,4574925145.0,356598670737.00006,349121827232.0,家用电器,家用电器,白色家电,空调,57.4,46.96,0.0
2019-06-26,232.46,233.91,231.61,232.46,232.15,0.3100000000000023,0.13,20254883.0,1043841121.0,4.513,0.002984,0.0044269999999999,0.5,17.6505,16.9205,3.787,1.3752,1.3468,0.022126,0.023976,6932322526.0,6786971758.0,4574925145.0,357083933314.0,349596915255.0,家用电器,家用电器,白色家电,空调,56.58,46.3,0.0
2019-06-27,233.32,235.94,231.74,233.64,232.46,1.1799999999999784,0.51,34520988.0,1789191029.0,4.513,0.005086,0.007546,0.87,17.7396,17.006,3.8061,1.3821,1.3536,0.0220149999999999,0.023856,6932322526.0,6786955982.0,4574909369.0,358886337171.0,351360711188.0,家用电器,家用电器,白色家电,空调,56.66,46.36,0.0
2019-06-28,233.28,235.53,231.97,234.04,233.64,0.4000000000000057,0.17,16957648.0,878142832.0,4.513,0.002497,0.0037019999999999,0.45,17.7705,17.0355,3.8128,1.3845,1.356,0.021977,0.023815,6932322526.0,6792520564.999999,4580473952.0,359510246198.0,352260116501.0,家用电器,家用电器,白色家电,空调,56.95,46.59,0.0
2019-07-01,239.05,245.73,238.11,244.11,234.04,10.070000000000022,4.3,61163012.0,3287136780.0,4.513,0.009004,0.0133529999999999,2.15,18.5346,17.768,3.9767,1.4441,1.4143,0.021071,0.022833,6932322526.0,6792520564.999999,4580473952.0,374969325431.0,367407437361.00006,家用电器,家用电器,白色家电,空调,57.05,46.67,0.0
2019-07-02,242.17,248.67,241.72,247.36,244.11,3.25,1.33,50048615.0,2731208814.0,4.513,0.007368,0.010927,1.51,18.7813,18.0046,4.0296,1.4633,1.4331,0.020794,0.0225329999999999,6932322526.0,6792520564.999999,4580473952.0,379960597650.0,372298052168.0,家用电器,家用电器,白色家电,空调,59.5,48.68,0.0
2019-07-03,249.21,249.66,242.26,244.11,247.36,-3.25,-1.31,35433551.0,1936469749.0,4.513,0.005217,0.007736,0.97,18.5346,17.768,3.9767,1.4441,1.4143,0.021071,0.022833,6932322526.0,6792520564.999999,4580473952.0,374969325431.0,367407437361.00006,家用电器,家用电器,白色家电,空调,60.29,49.33,0.0
2019-07-04,245.73,248.67,243.7,245.51,244.11,1.3999999999999773,0.57,32522651.0,1778536106.0,4.513,0.004788,0.0070999999999999,0.82,18.6408,17.8699,3.9995,1.4523,1.4224,0.020951,0.022703,6932322526.0,6792520564.999999,4580473952.0,377118345414.0,369513118736.0,家用电器,家用电器,白色家电,空调,59.5,48.68,0.0
2019-07-05,245.37,250.47,241.72,249.43,245.51,3.920000000000016,1.6,38708518.0,2121442309.0,4.513,0.0056989999999999,0.008451,0.99,18.9389,18.1557,4.0635,1.4756,1.4451,0.020621,0.022345,6932322526.0,6792520564.999999,4580473952.0,383149466012.0,375422611628.0,家用电器,家用电器,白色家电,空调,59.84,48.96,0.0
2019-07-08,246.95,248.44,243.75,245.46,249.43,-3.969999999999999,-1.59,30569091.0,1668586982.0,4.513,0.0045,0.006674,0.7,18.6374,17.8666,3.9988,1.4521,1.4221,0.020954,0.022707,6932322526.0,6792520564.999999,4580473952.0,377049022189.0,369445193530.0,家用电器,家用电器,白色家电,空调,60.8,49.74,0.0
2019-07-09,245.06,245.87,240.81,242.98,245.46,-2.480000000000018,-1.01,25543296.0,1374182506.0,4.513,0.003761,0.0055769999999999,0.68,18.4489,17.6859,3.9583,1.4374,1.4077,0.021168,0.0229389999999999,6932322526.0,6792520564.999999,4580473952.0,373236244800.0,365709307220.0,家用电器,家用电器,白色家电,空调,59.83,48.95,0.0
2019-07-10,245.06,245.06,241.36,243.25,242.98,0.2700000000000102,0.11,14552591.0,783260388.0,4.513,0.002142,0.0031769999999999,0.45,18.4695,17.7056,3.9627,1.439,1.4093,0.021145,0.022913,6932322526.0,6792520564.999999,4580473952.0,373652184151.0,366116858454.0,家用电器,家用电器,白色家电,空调,59.22,48.46,0.0
2019-07-11,243.79,249.43,243.34,245.46,243.25,2.210000000000008,0.91,24381195.0,1332480112.0,4.513,0.003602,0.005323,0.86,18.6504,17.8791,4.0015,1.4531,1.4231,0.020926,0.0226759999999999,6937155281.999999,6768782071.0,4580473952.0,377311875788.0,368154056842.0,家用电器,家用电器,白色家电,空调,59.29,48.51,0.0
2019-07-12,245.73,248.89,244.51,247.22,245.46,1.759999999999991,0.72,19806829.0,1085347581.0,4.513,0.002926,0.004347,0.74,18.7841,18.0073,4.0302,1.4635,1.4333,0.020777,0.022515,6937155281.999999,6768782071.0,4556735458.0,380017366348.0,370793881849.0,家用电器,家用电器,白色家电,空调,59.83,48.95,0.0
2019-07-15,246.0,249.57,242.26,246.73,247.22,-0.4900000000000091,-0.2,24296257.0,1323497518.0,4.513,0.003589,0.005332,1.06,18.7464,17.9711,4.0221,1.4606,1.4304,0.020819,0.0225599999999999,6937155281.999999,6768782071.0,4556735458.0,379254279267.00006,370049315822.0,家用电器,家用电器,白色家电,空调,60.26,49.3,0.0
2019-07-16,247.31,247.54,239.69,241.54,246.73,-5.189999999999998,-2.1,26009223.0,1396638230.0,4.513,0.0038429999999999,0.0057079999999999,1.2,18.3521,17.5931,3.9375,1.4298,1.4003,0.0212659999999999,0.023045,6937155281.999999,6768782071.0,4556735458.0,371276550693.00006,362265216440.0,家用电器,家用电器,白色家电,空调,60.14,49.2,0.0
2019-07-17,240.68,241.31,237.02,237.93,241.54,-3.609999999999985,-1.49,22648983.0,1198886764.0,4.513,0.003346,0.00497,1.04,18.0777,17.3301,3.8787,1.4085,1.3794,0.021589,0.0233939999999999,6937155281.999999,6768782071.0,4556735458.0,365726826467.0,356850190783.0,家用电器,家用电器,白色家电,空调,58.87,48.17,0.0
2019-07-18,236.93,238.83,234.77,237.79,237.93,-0.1400000000000147,-0.06,17885712.0,937199745.0,4.513,0.002642,0.003925,0.76,18.0675,17.3202,3.8765,1.4077,1.3786,0.021601,0.023408,6937155281.999999,6768782071.0,4556735458.0,365518711809.0,356647127321.0,家用电器,家用电器,白色家电,空调,57.99,47.45,0.0
2019-07-19,240.95,240.95,236.89,237.34,237.79,-0.4499999999999886,-0.19,20817364.0,1100783162.0,4.513,0.003075,0.004568,0.94,18.0332,17.2874,3.8691,1.405,1.376,0.021642,0.023452,6937155281.999999,6768782071.0,4556735458.0,364824996280.0,355970249114.0,家用电器,家用电器,白色家电,空调,57.96,47.42,0.0
2019-07-22,237.84,240.09,234.68,238.29,237.34,0.9499999999999886,0.4,19181022.0,1013260120.0,4.513,0.0028339999999999,0.004209,0.86,18.1052,17.3564,3.8846,1.4106,1.3815,0.021556,0.023359,6937155281.999999,6768782071.0,4556735458.0,366281798890.0,357391693349.0,家用电器,家用电器,白色家电,空调,57.85,47.33,0.0
2019-07-23,238.29,240.18,237.88,240.09,238.29,1.8000000000000114,0.76,14246298.000000002,755836383.0,4.513,0.002105,0.003126,0.67,18.2423,17.4879,3.914,1.4213,1.392,0.021394,0.023183,6937155281.999999,6768782071.0,4556735458.0,369056661002.0,360099206177.00006,家用电器,家用电器,白色家电,空调,58.08,47.52,0.0
2019-07-24,241.85,243.25,240.54,240.9,240.09,0.8100000000000023,0.34,17738632.0,950135763.0,4.513,0.002621,0.0038929999999999,0.94,18.3041,17.547,3.9272,1.4261,1.3967,0.021322,0.023105,6937155281.999999,6768782071.0,4556735458.0,370305348953.0,361317586950.0,家用电器,家用电器,白色家电,空调,58.52,47.88,0.0
2019-07-25,240.9,242.08,239.37,241.22,240.9,0.3199999999999932,0.13,16926346.0,902112473.0,4.513,0.002499,0.003711,0.94,18.3327,17.5745,3.9358,1.4283,1.3989,0.021303,0.0230839999999999,6938903035.0,6773252922.0,4561206309.0,370884367221.0,362030368681.0,家用电器,家用电器,白色家电,空调,58.72,48.04,0.0
2019-07-26,239.64,241.9,239.28,241.13,241.22,-0.0900000000000034,-0.04,12894364.0,688512790.0,4.513,0.001904,0.002827,0.73,18.3258,17.5679,3.9343,1.4278,1.3983,0.021311,0.023093,6938903035.0,6773252922.0,4561206309.0,370745589160.0,361894903622.0,家用电器,家用电器,白色家电,空调,58.8,48.11,0.0
2019-07-29,242.08,245.42,241.04,243.75,241.13,2.6200000000000045,1.09,22742228.0,1226826330.0,4.513,0.003358,0.004986,1.4,18.5248,17.7586,3.977,1.4433,1.4135,0.021082,0.022845,6938903035.0,6773252922.0,4561206309.0,374770152920.00006,365823390317.0,家用电器,家用电器,白色家电,空调,58.77,48.09,0.0
2019-07-30,244.97,249.93,244.83,249.12,243.75,5.3700000000000045,2.2,34870480.0,1921787802.0,4.513,0.005148,0.007645,2.06,18.9329,18.1499,4.0646,1.4751,1.4447,0.020627,0.0223519999999999,6938903035.0,6773252922.0,4561206309.0,383027447532.0,373883561294.0,家用电器,家用电器,白色家电,空调,59.41,48.61,0.0
2019-07-31,248.8,251.19,246.23,246.86,249.12,-2.259999999999991,-0.91,19831720.0,1089621499.0,4.513,0.002928,0.004348,0.94,18.7614,17.9855,4.0278,1.4617,1.4316,0.0208159999999999,0.022557,6938903035.0,6773252922.0,4561206309.0,379557996015.0,370496934833.0,家用电器,家用电器,白色家电,空调,60.72,49.68,0.0
2019-08-01,245.46,248.12,239.87,241.9,246.86,-4.960000000000008,-2.01,24127303.0,1301037112.0,4.513,0.003562,0.00529,1.12,18.3841,17.6238,3.9468,1.4323,1.4028,0.0212429999999999,0.02302,6938903035.0,6773252922.0,4561206309.0,371925202676.0,363046356619.0,家用电器,家用电器,白色家电,空调,60.17,49.23,0.0
2019-08-02,232.42,239.19,230.39,238.06,241.9,-3.8400000000000034,-1.59,34176395.0,1781518220.0,4.513,0.005046,0.007493,1.49,18.0926,17.3443,3.8842,1.4096,1.3805,0.021585,0.023391,6938903035.0,6773252922.0,4561206309.0,366027135096.0,357289091636.0,家用电器,家用电器,白色家电,空调,58.96,48.24,0.0
2019-08-05,233.01,237.61,232.51,232.87,238.06,-5.189999999999998,-2.18,28786276.0,1491986471.0,4.513,0.00425,0.006311,1.06,17.6982,16.9662,3.7995,1.3789,1.3504,0.022066,0.023912,6938903035.0,6773252922.0,4561206309.0,358047396606.0,349499850775.0,家用电器,家用电器,白色家电,空调,58.03,47.48,0.0
2019-08-06,228.4,232.78,222.58,232.46,232.87,-0.4099999999999966,-0.18,34173928.0,1729709497.0,4.513,0.0050449999999999,0.0074919999999999,1.21,17.6673,16.9366,3.7929,1.3765,1.3481,0.022105,0.023954,6938903035.0,6773252922.0,4561206309.0,357422895333.0,348890258012.0,家用电器,家用电器,白色家电,空调,56.76,46.44,0.0
2019-08-07,233.59,234.13,230.3,230.3,232.46,-2.1599999999999966,-0.93,14531751.0,747701381.0,4.513,0.0021449999999999,0.003186,0.51,17.5026,16.7788,3.7576,1.3637,1.3355,0.022313,0.024179,6938903035.0,6773252922.0,4561206309.0,354092221876.0,345639096610.0,家用电器,家用电器,白色家电,空调,56.66,46.36,0.0
2019-08-08,231.2,234.68,231.07,233.77,230.3,3.469999999999999,1.51,13192393.0,681638820.0,4.513,0.001948,0.002892,0.49,17.7667,17.032,3.8143,1.3842,1.3557,0.021981,0.02382,6938903035.0,6773252922.0,4561206309.0,359435177213.0,350854501360.0,家用电器,家用电器,白色家电,空调,56.13,45.93,0.0
2019-08-09,235.13,236.26,230.21,231.16,233.77,-2.6100000000000136,-1.12,14981329.0,772372659.0,4.513,0.002212,0.003285,0.6,17.5678,16.8413,3.7716,1.3687,1.3405,0.02223,0.024089,6938903035.0,6773252922.0,4561206309.0,355410613452.99994,346926014665.0,家用电器,家用电器,白色家电,空调,56.98,46.62,0.0
2019-08-12,230.16,233.23,227.95,231.29,231.16,0.1299999999999954,0.06,19425189.0,991191225.0,4.513,0.002868,0.004259,0.92,17.5781,16.8511,3.7738,1.3695,1.3413,0.0222169999999999,0.024075,6938903035.0,6773252922.0,4561206309.0,355618780544.0,347129212253.0,家用电器,家用电器,白色家电,空调,56.34,46.1,0.0
2019-08-13,230.39,233.14,225.88,227.09,231.29,-4.199999999999989,-1.82,26444142.0,1336555044.0,4.513,0.003904,0.005798,1.37,17.2591,16.5453,3.7053,1.3447,1.3169,0.022628,0.02452,6938903035.0,6773252922.0,4561206309.0,349165600721.0,340830087035.0,家用电器,家用电器,白色家电,空调,56.38,46.13,0.0
2019-08-14,230.57,231.07,225.92,226.42,227.09,-0.6700000000000159,-0.3,22387840.0,1128730652.0,4.513,0.003305,0.004908,1.26,17.2077,16.496,3.6942,1.3407,1.313,0.022695,0.0245929999999999,6938903035.0,6773252922.0,4561206309.0,348124765266.00006,339814099097.0,家用电器,家用电器,白色家电,空调,55.35,45.29,0.0
2019-08-15,222.49,226.15,219.38,225.47,226.42,-0.9499999999999886,-0.42,26817341.0,1327724301.0,4.513,0.003959,0.005879,1.39,17.1357,16.427,3.6788,1.3351,1.3075,0.022791,0.024697,6938903035.0,6773252922.0,4561206309.0,346667595629.0,338391715983.0,家用电器,家用电器,白色家电,空调,55.19,45.15,0.0
2019-08-16,225.65,228.58,223.8,227.09,225.47,1.6200000000000043,0.72,20221393.0,1016999287.0,4.513,0.002985,0.004433,0.92,17.2591,16.5453,3.7053,1.3447,1.3169,0.022628,0.02452,6938903035.0,6773252922.0,4561206309.0,349165600721.0,340830087035.0,家用电器,家用电器,白色家电,空调,54.96,44.96,0.0
2019-08-19,229.26,233.55,228.13,232.74,227.09,5.650000000000006,2.49,23181902.0,1188231856.0,4.513,0.003423,0.005082,1.01,17.6879,16.9563,3.7973,1.3781,1.3497,0.022079,0.023926,6938903035.0,6773252922.0,4561206309.0,357839229515.0,349296653188.0,家用电器,家用电器,白色家电,空调,55.35,45.29,0.0
2019-08-20,232.74,234.09,230.98,232.24,232.74,-0.5,-0.21,15096726.999999998,777716947.0,4.513,0.002229,0.00331,0.63,17.6501,16.9202,3.7892,1.3751,1.3468,0.022126,0.023977,6938903035.0,6773252922.0,4561206309.0,357075950181.0,348551595366.0,家用电器,家用电器,白色家电,空调,56.73,46.41,0.0
2019-08-21,231.07,234.9,230.25,233.28,232.24,1.039999999999992,0.45,21018022.0,1085459217.0,4.513,0.003103,0.004608,0.98,17.729,16.9958,3.8062,1.3813,1.3528,0.022028,0.02387,6938903035.0,6773252922.0,4561206309.0,358671897879.0,350109443538.0,家用电器,家用电器,白色家电,空调,56.61,46.31,0.0
2019-08-22,234.22,236.17,231.83,233.91,233.28,0.6299999999999955,0.27,18928894.0,979992742.0,4.513,0.002795,0.00415,0.89,17.777,17.0418,3.8165,1.385,1.3565,0.021969,0.0238059999999999,6938903035.0,6773252922.0,4561206309.0,359643344304.0,351057698947.0,家用电器,家用电器,白色家电,空调,56.86,46.52,0.0
2019-08-23,235.35,237.61,233.23,235.8,233.91,1.8900000000000148,0.81,21767789.0,1137619137.0,4.513,0.003214,0.004772,1.11,17.9211,17.1799,3.8474,1.3963,1.3675,0.021792,0.023614,6938903035.0,6773252922.0,4561206309.0,362557683579.0,353902465175.0,家用电器,家用电器,白色家电,空调,57.01,46.65,0.0
2019-08-26,231.02,232.46,228.49,230.34,235.8,-5.460000000000008,-2.32,27597047.0,1408348051.0,4.513,0.0040739999999999,0.00605,1.38,17.5061,16.7821,3.7583,1.3639,1.3358,0.022309,0.024174,6938903035.0,6773252922.0,4561206309.0,354161610906.0,345706829139.0,家用电器,家用电器,白色家电,空调,57.48,47.03,0.0
2019-08-27,232.42,236.44,231.56,234.9,230.34,4.560000000000002,1.98,27139138.0,1413827333.0,4.513,0.004007,0.0059499999999999,1.3,17.8525,17.1142,3.8327,1.3909,1.3622,0.021876,0.0237049999999999,6938903035.0,6773252922.0,4561206309.0,361169902972.0,352547814590.0,家用电器,家用电器,白色家电,空调,56.14,45.94,0.0
2019-08-28,234.77,236.71,233.1,235.67,234.9,0.7699999999999818,0.33,21467533.0,1116742228.0,4.513,0.003169,0.004707,0.92,17.9108,17.1701,3.8452,1.3955,1.3667,0.021804,0.023628,6938903035.0,6773252922.0,4561206309.0,362349516488.0,353699267587.0,家用电器,家用电器,白色家电,空调,57.26,46.85,0.0
2019-08-29,235.35,236.93,232.87,234.36,235.67,-1.309999999999974,-0.56,20860063.0,1082409055.0,4.513,0.00308,0.004573,0.89,17.8113,17.0747,3.8238,1.3877,1.3591,0.021926,0.02376,6938903035.0,6773252922.0,4561206309.0,360337234608.0,351735024239.0,家用电器,家用电器,白色家电,空调,57.44,47.0,0.0
2019-08-30,237.38,240.99,235.13,238.2,234.36,3.839999999999975,1.64,27827187.0,1466006867.0,4.513,0.004108,0.006101,1.17,18.1029,17.3542,3.8864,1.4104,1.3813,0.021573,0.023377,6938903035.0,6773252922.0,4561206309.0,366235302187.0,357492289223.00006,家用电器,家用电器,白色家电,空调,57.12,46.74,0.0
2019-09-02,242.35,247.09,241.49,244.74,238.2,6.5400000000000205,2.75,51561473.0,2799660557.0,4.513,0.007613,0.011304,2.06,18.6002,16.7384,4.0642,1.4492,1.3895,0.020996,0.0227519999999999,6938903035.0,6773252922.0,4561206309.0,376296711588.0,367313505960.0,家用电器,家用电器,白色家电,空调,58.06,47.5,0.0
2019-09-03,247.22,248.17,244.06,245.1,244.74,0.3599999999999852,0.15,30740897.0,1673365680.0,4.513,0.004539,0.00674,1.03,18.6276,16.7631,4.0702,1.4513,1.3916,0.0209649999999999,0.022719,6938903035.0,6773252922.0,4561206309.0,376851823831.0,367855366194.0,家用电器,家用电器,白色家电,空调,59.65,48.81,0.0
2019-09-04,244.83,247.22,241.9,245.73,245.1,0.6299999999999955,0.26,31752482.0,1719758546.0,4.513,0.004688,0.006961,1.04,18.6757,16.8063,4.0807,1.455,1.3952,0.020911,0.02266,6938903035.0,6773252922.0,4561206309.0,377823270256.0,368803621603.0,家用电器,家用电器,白色家电,空调,59.74,48.88,0.0
2019-09-05,247.67,248.08,242.93,243.25,245.73,-2.4799999999999898,-1.01,30236192.0,1646454665.0,4.513,0.004464,0.006629,0.93,18.487,16.6366,4.0394,1.4403,1.3811,0.0211249999999999,0.022892,6938903035.0,6773252922.0,4561206309.0,374006873587.0,365078332496.0,家用电器,家用电器,白色家电,空调,59.9,49.01,0.0
2019-09-06,244.15,245.42,241.31,244.65,243.25,1.4000000000000057,0.58,24858028.0,1342155873.0,4.513,0.00367,0.00545,0.72,18.5933,16.7323,4.0627,1.4486,1.389,0.021004,0.022761,6938903035.0,6773252922.0,4561206309.0,376157933527.0,367178040902.0,家用电器,家用电器,白色家电,空调,59.29,48.51,0.0
2019-09-09,246.82,247.72,242.89,244.2,244.65,-0.450000000000017,-0.18,29073611.0,1580083905.0,4.513,0.004292,0.0063739999999999,0.86,18.5591,16.7014,4.0552,1.446,1.3864,0.021043,0.022803,6938903035.0,6773252922.0,4561206309.0,375464043224.00006,366500715609.0,家用电器,家用电器,白色家电,空调,59.63,48.79,0.0
2019-09-10,243.7,244.06,240.09,242.98,244.2,-1.2199999999999989,-0.5,23586608.0,1262801292.0,4.513,0.003482,0.005171,0.8,18.4664,16.6181,4.0349,1.4387,1.3795,0.0211479999999999,0.022917,6938903035.0,6773252922.0,4561206309.0,373590539404.0,364671937320.0,家用电器,家用电器,白色家电,空调,59.52,48.7,0.0
2019-09-11,243.7,245.51,239.87,240.99,242.98,-1.989999999999981,-0.82,19608350.0,1050689308.0,4.513,0.002895,0.004299,0.7,18.3155,16.4822,4.002,1.427,1.3682,0.0213229999999999,0.023106,6938903035.0,6773252922.0,4561206309.0,370537422069.0,361691706035.0,家用电器,家用电器,白色家电,空调,59.22,48.46,0.0
2019-09-12,243.16,245.06,241.54,244.15,240.99,3.1599999999999966,1.31,21300122.0,1150492105.0,4.513,0.003145,0.00467,0.84,18.5556,16.6983,4.0544,1.4457,1.3862,0.0210469999999999,0.022807,6938903035.0,6773252922.0,4561206309.0,375394654194.0,366432983080.0,家用电器,家用电器,白色家电,空调,58.74,48.06,0.0
2019-09-16,245.51,245.55,240.77,241.31,244.15,-2.8400000000000034,-1.16,23680967.0,1271436954.0,4.513,0.003496,0.005192,1.0,18.3395,16.5039,4.0072,1.4289,1.37,0.021295,0.023076,6938903035.0,6773252922.0,4561206309.0,371023145281.0,362165833739.0,家用电器,家用电器,白色家电,空调,59.51,48.69,0.0
2019-09-17,240.32,241.26,238.02,239.19,241.31,-2.1200000000000045,-0.88,20692273.0,1096214834.0,4.513,0.003055,0.004537,0.88,18.1783,16.3588,3.972,1.4163,1.358,0.021484,0.02328,6938903035.0,6773252922.0,4561206309.0,367761860855.0,358982404865.99994,家用电器,家用电器,白色家电,空调,58.82,48.12,0.0
2019-09-18,240.41,240.41,237.25,237.88,239.19,-1.3100000000000025,-0.55,22507122.0,1189760022.0,4.513,0.003323,0.004934,1.03,18.0789,16.2693,3.9502,1.4085,1.3506,0.021602,0.023408,6938903035.0,6773252922.0,4561206309.0,365749578975.0,357018161519.0,家用电器,家用电器,白色家电,空调,58.3,47.7,0.0
2019-09-19,239.6,241.17,237.29,238.47,237.88,0.5900000000000034,0.25,20497104.0,1084251083.0,4.513,0.0030259999999999,0.004494,0.95,18.1235,16.3094,3.96,1.412,1.3539,0.021549,0.023351,6938903035.0,6773252922.0,4561206309.0,366651636369.0,357898684398.0,家用电器,家用电器,白色家电,空调,57.98,47.44,0.0
2019-09-20,239.73,240.09,235.13,237.84,238.47,-0.6299999999999955,-0.26,27546435.0,1449282885.0,4.513,0.004067,0.006039,1.27,18.0754,16.2662,3.9495,1.4083,1.3503,0.021606,0.023413,6938903035.0,6773252922.0,4561206309.0,365680189945.0,356950428989.0,家用电器,家用电器,白色家电,空调,58.12,47.56,0.0
2019-09-23,237.56,237.56,233.28,235.04,237.84,-2.800000000000012,-1.18,20687251.0,1074655308.0,4.513,0.003054,0.004535,0.9,17.8628,16.0748,3.903,1.3917,1.3344,0.021863,0.023692,6938903035.0,6773252922.0,4561206309.0,361378070063.0,352751012178.0,家用电器,家用电器,白色家电,空调,57.97,47.43,0.0
2019-09-24,234.86,236.71,232.69,234.99,235.04,-0.0499999999999829,-0.02,20724643.0,1079858834.0,4.513,0.00306,0.004544,0.93,17.8594,16.0717,3.9023,1.3914,1.3342,0.021867,0.023696,6938903035.0,6773252922.0,4561206309.0,361308681032.00006,352683279649.0,家用电器,家用电器,白色家电,空调,57.29,46.87,0.0
2019-09-25,234.68,234.68,230.21,230.52,234.99,-4.469999999999999,-1.9,29297398.0,1500046377.0,4.513,0.004325,0.006423,1.31,17.5198,15.7662,3.8281,1.365,1.3088,0.022291,0.024155,6938903035.0,6773252922.0,4561206309.0,354439167028.0,345977759256.0,家用电器,家用电器,白色家电,空调,57.28,46.86,0.0
2019-09-26,231.02,232.28,227.91,230.16,230.52,-0.3600000000000136,-0.16,24543470.0,1253262533.0,4.513,0.003624,0.005381,1.03,17.4924,15.7415,3.8221,1.3628,1.3068,0.022326,0.024193,6938903035.0,6773252922.0,4561206309.0,353884054785.0,345435899022.0,家用电器,家用电器,白色家电,空调,56.19,45.97,0.0
2019-09-27,230.16,231.92,228.63,231.61,230.16,1.450000000000017,0.63,19973277.0,1020461785.0,4.513,0.002949,0.004379,0.81,17.6021,15.8402,3.8461,1.3714,1.315,0.022187,0.0240419999999999,6938903035.0,6773252922.0,4561206309.0,356104503756.0,347603339957.0,家用电器,家用电器,白色家电,空调,56.1,45.9,0.0
2019-09-30,230.61,233.68,229.76,230.61,231.61,-1.0,-0.43,16370844.0,840760127.0,4.513,0.002417,0.003589,0.71,17.5267,15.7723,3.8296,1.3655,1.3093,0.022282,0.024146,6938903035.0,6773252922.0,4561206309.0,354577945089.0,346113224314.0,家用电器,家用电器,白色家电,空调,56.45,46.19,0.0
2019-10-08,231.97,238.33,231.29,237.61,230.61,7.0,3.04,42248580.0,2205801864.0,4.513,0.006238,0.009263,1.9,18.0583,16.2508,3.9458,1.4069,1.349,0.021626,0.023435,6938903035.0,6773252922.0,4561206309.0,365333244793.0,356611766343.0,家用电器,家用电器,白色家电,空调,56.21,45.99,0.0
2019-10-09,235.76,237.61,234.27,236.93,237.61,-0.6800000000000068,-0.29,18848868.0,984741139.0,4.513,0.002783,0.004132,0.71,18.0068,16.2045,3.9345,1.4029,1.3452,0.021688,0.023502,6938903035.0,6773252922.0,4561206309.0,364292409338.0,355595778405.0,家用电器,家用电器,白色家电,空调,57.92,47.39,0.0
2019-10-10,236.84,236.84,233.64,235.49,236.93,-1.4399999999999975,-0.61,17120946.0,891734275.0,4.513,0.002528,0.003754,0.7,17.8971,16.1057,3.9105,1.3944,1.337,0.021821,0.0236459999999999,6938903035.0,6773252922.0,4561206309.0,362071960366.0,353428337470.0,家用电器,家用电器,白色家电,空调,57.75,47.25,0.0
2019-10-11,236.62,239.41,235.17,238.83,235.49,3.3400000000000034,1.42,21816588.0,1149133834.0,4.513,0.003221,0.004783,0.95,18.1509,16.3341,3.966,1.4142,1.356,0.021516,0.023315,6938903035.0,6773252922.0,4561206309.0,367206748612.0,358440544632.0,家用电器,家用电器,白色家电,空调,57.4,46.96,0.0
2019-10-14,240.68,242.89,239.64,241.22,238.83,2.3899999999999864,1.0,26469717.0,1417849089.0,4.513,0.003908,0.005803,1.14,18.3327,16.4977,4.0057,1.4283,1.3695,0.021303,0.0230839999999999,6938903035.0,6773252922.0,4561206309.0,370884367221.0,362030368681.0,家用电器,家用电器,白色家电,空调,58.21,47.63,0.0
2019-10-15,242.57,243.43,239.96,241.31,241.22,0.0900000000000034,0.04,16760704.999999998,898589050.0,4.513,0.0024749999999999,0.003675,0.66,18.3395,16.5039,4.0072,1.4289,1.37,0.021295,0.023076,6938903035.0,6773252922.0,4561206309.0,371023145281.0,362165833739.0,家用电器,家用电器,白色家电,空调,58.8,48.11,0.0
2019-10-16,242.66,244.6,241.26,242.17,241.31,0.8599999999999852,0.36,20609323.0,1110490861.0,4.513,0.003043,0.0045179999999999,1.02,18.4047,16.5625,4.0214,1.4339,1.3749,0.021219,0.022994,6938903035.0,6773252922.0,4561206309.0,372341536858.0,363452751795.0,家用电器,家用电器,白色家电,空调,58.82,48.12,0.0
2019-10-17,243.84,243.84,239.01,240.18,242.17,-1.989999999999981,-0.82,18456847.0,984182969.0,4.513,0.002725,0.004046,0.9,18.2538,16.4267,3.9885,1.4222,1.3636,0.021395,0.023184,6938903035.0,6773252922.0,4561206309.0,369288419523.0,360472520509.0,家用电器,家用电器,白色家电,空调,59.03,48.29,0.0
2019-10-18,241.76,243.57,236.71,237.61,240.18,-2.569999999999993,-1.07,18127971.0,963901655.0,4.513,0.002676,0.003974,0.87,18.0583,16.2508,3.9458,1.4069,1.349,0.021626,0.023435,6938903035.0,6773252922.0,4561206309.0,365333244793.0,356611766343.0,家用电器,家用电器,白色家电,空调,58.54,47.9,0.0
2019-10-21,237.84,242.12,237.84,241.36,237.61,3.75,1.58,18151273.0,968542638.0,4.513,0.00268,0.003979,0.9,18.343,16.5069,4.008,1.4291,1.3703,0.021291,0.023071,6938903035.0,6773252922.0,4561206309.0,371092534312.0,362233566269.0,家用电器,家用电器,白色家电,空调,57.92,47.39,0.0
2019-10-22,242.71,244.42,241.45,243.43,241.36,2.069999999999993,0.86,18741017.0,1009190430.0,4.513,0.002767,0.004109,1.02,18.5007,16.6489,4.0424,1.4414,1.3821,0.021109,0.022875,6938903035.0,6773252922.0,4561206309.0,374284429708.0,365349262613.0,家用电器,家用电器,白色家电,空调,58.83,48.13,0.0
2019-10-23,241.81,244.15,241.45,242.48,243.43,-0.950000000000017,-0.39,13121082.999999998,705748659.0,4.513,0.001937,0.002877,0.7,18.4287,16.5841,4.0267,1.4358,1.3767,0.021192,0.022964,6938903035.0,6773252922.0,4561206309.0,372827260071.0,363926879499.0,家用电器,家用电器,白色家电,空调,59.33,48.55,0.0
2019-10-24,242.98,243.25,240.36,242.57,242.48,0.0900000000000034,0.04,13907667.000000002,746186418.0,4.513,0.002053,0.003049,0.8,18.4356,16.5903,4.0282,1.4363,1.3772,0.0211839999999999,0.022955,6938903035.0,6773252922.0,4561206309.0,372966038131.0,364062344558.0,家用电器,家用电器,白色家电,空调,59.1,48.36,0.0
2019-10-25,243.61,243.61,238.2,242.8,242.57,0.2300000000000182,0.09,18203157.0,975561711.0,4.513,0.002688,0.003991,1.11,18.4527,16.6057,4.0319,1.4377,1.3785,0.021164,0.022934,6938903035.0,6773252922.0,4561206309.0,373312983283.0,364401007204.0,家用电器,家用电器,白色家电,空调,59.13,48.38,0.0
2019-10-28,243.7,244.24,240.86,241.85,242.8,-0.950000000000017,-0.39,19337787.0,1040511989.0,4.513,0.002855,0.00424,1.18,18.3807,16.5409,4.0162,1.4321,1.3731,0.021247,0.023024,6938903035.0,6773252922.0,4561206309.0,371855813646.0,362978624090.0,家用电器,家用电器,白色家电,空调,59.18,48.42,0.0
2019-10-29,243.48,245.82,242.35,243.7,241.85,1.8499999999999943,0.76,22941030.0,1240223651.0,4.513,0.003387,0.00503,1.38,18.5213,16.6674,4.0469,1.443,1.3836,0.021086,0.0228489999999999,6938903035.0,6773252922.0,4561206309.0,374700763890.0,365755657788.00006,家用电器,家用电器,白色家电,空调,58.95,48.23,0.0
2019-10-30,242.26,243.7,239.46,241.31,243.7,-2.3899999999999864,-0.98,16028642.000000002,856636594.0,4.513,0.002366,0.0035139999999999,0.92,18.3395,16.5039,4.0072,1.4289,1.37,0.021295,0.023076,6938903035.0,6773252922.0,4561206309.0,371023145281.0,362165833739.0,家用电器,家用电器,白色家电,空调,59.4,48.6,0.0
2019-10-31,248.22,252.68,246.14,250.47,241.31,9.159999999999997,3.8,62793044.99999999,3468759352.0,4.513,0.009271,0.013767,3.47,19.0358,16.2861,3.92,1.4831,1.4013,0.020516,0.022232,6938903035.0,6773252922.0,4561206309.0,385109118443.0,375915537171.0,家用电器,家用电器,白色家电,空调,58.82,48.12,0.0
2019-11-01,251.83,268.52,250.92,265.77,250.47,15.299999999999985,6.11,74565185.0,4327653033.0,4.513,0.011009,0.016348,2.68,20.1985,17.2809,4.1595,1.5737,1.4869,0.019335,0.020952,6938903035.0,6773252922.0,4561206309.0,408631999731.0,398876864577.0,家用电器,家用电器,白色家电,空调,61.05,49.95,0.0
2019-11-04,268.75,270.78,264.96,266.9,265.77,1.1299999999999957,0.43,38428516.0,2278842509.0,4.513,0.005674,0.008425,0.98,20.2843,17.3542,4.1771,1.5804,1.4932,0.019253,0.020863,6938903035.0,6773252922.0,4561206309.0,410366725490.0,400570177807.0,家用电器,家用电器,白色家电,空调,64.78,53.0,0.0
2019-11-05,268.48,271.14,265.27,268.03,266.9,1.1299999999999957,0.42,34345106.0,2049225098.0,4.513,0.005071,0.00753,0.8,20.37,17.4276,4.1948,1.5871,1.4995,0.019172,0.020775,6938903035.0,6773252922.0,4561206309.0,412101451249.0,402263491038.0,家用电器,家用电器,白色家电,空调,65.05,53.23,0.0
2019-11-06,269.74,272.13,267.49,270.06,268.03,2.0300000000000296,0.76,26435143.0,1579236926.0,4.513,0.003903,0.005796,0.58,20.5244,17.5596,4.2266,1.5991,1.5109,0.019028,0.020619,6938903035.0,6773252922.0,4561206309.0,415223957614.0,405311454852.0,家用电器,家用电器,白色家电,空调,65.33,53.45,0.0
2019-11-07,269.43,269.43,265.32,268.52,270.06,-1.5400000000000205,-0.57,20338733.0,1203867467.0,4.513,0.003003,0.004459,0.43,20.4078,17.4599,4.2026,1.59,1.5023,0.019137,0.020737,6938903035.0,6773252922.0,4561206309.0,412864730583.00006,403008548859.0,家用电器,家用电器,白色家电,空调,65.82,53.86,0.0
2019-11-08,274.3,274.39,267.76,269.07,268.52,0.5500000000000114,0.2,31004691.0,1862039127.0,4.513,0.004578,0.006797,0.8,20.4489,17.4951,4.211,1.5932,1.5053,0.019098,0.020695,6938903035.0,6773252922.0,4561206309.0,413697398947.0,403821339210.0,家用电器,家用电器,白色家电,空调,65.45,53.55,0.0
2019-11-11,264.69,264.96,257.24,258.14,269.07,-10.930000000000009,-4.06,43571185.0,2504319026.0,4.513,0.0064329999999999,0.009553,1.45,19.6189,16.7849,4.0401,1.5285,1.4442,0.019906,0.0215709999999999,6938903035.0,6773252922.0,4561206309.0,396905253602.0,387430067138.0,家用电器,家用电器,白色家电,空调,65.58,53.66,0.0
2019-11-12,255.89,257.69,251.6,253.13,258.14,-5.009999999999991,-1.94,36157575.0,2034644283.0,4.513,0.005338,0.007927,1.16,19.2382,16.4592,3.9617,1.4989,1.4162,0.0203,0.021998,6938903035.0,6773252922.0,4561206309.0,389203071233.0,379911756395.0,家用电器,家用电器,白色家电,空调,62.92,51.48,0.0
2019-11-13,256.7,256.83,253.22,255.21,253.13,2.0800000000000125,0.82,22896460.0,1292170243.0,4.513,0.00338,0.00502,0.73,19.3959,16.5942,3.9942,1.5112,1.4278,0.020135,0.021819,6938903035.0,6773252922.0,4561206309.0,392394966629.0,383027452739.0,家用电器,家用电器,白色家电,空调,61.7,50.48,0.0
2019-11-14,256.7,257.15,250.97,255.39,255.21,0.1799999999999784,0.07,20979039.0,1184487511.0,4.513,0.003097,0.004599,0.68,19.4097,16.6059,3.997,1.5122,1.4288,0.020121,0.021803,6938903035.0,6773252922.0,4561206309.0,392672522751.0,383298382856.0,家用电器,家用电器,白色家电,空调,62.21,50.9,0.0
2019-11-15,255.98,257.24,254.35,255.21,255.39,-0.1799999999999784,-0.07,14196674.0,804716992.0,4.513,0.002096,0.0031119999999999,0.46,19.3959,16.5942,3.9942,1.5112,1.4278,0.020135,0.021819,6938903035.0,6773252922.0,4561206309.0,392394966629.0,383027452739.0,家用电器,家用电器,白色家电,空调,62.25,50.93,0.0
2019-11-18,255.21,257.15,251.83,255.84,255.21,0.6299999999999955,0.25,18003795.0,1013839197.0,4.513,0.0026579999999999,0.003947,0.65,19.444,16.6353,4.0041,1.5149,1.4313,0.020085,0.021765,6938903035.0,6773252922.0,4561206309.0,393366413054.0,383975708148.0,家用电器,家用电器,白色家电,空调,62.21,50.9,0.0
2019-11-19,255.35,261.66,254.53,260.99,255.84,5.150000000000006,2.01,25267943.0,1454112718.0,4.513,0.003731,0.00554,1.13,19.835,16.9698,4.0846,1.5454,1.4601,0.019611,0.021252,6938903035.0,6773252922.0,4561206309.0,401276762514.0,391697216479.0,家用电器,家用电器,白色家电,空调,62.36,51.02,0.0
2019-11-20,261.75,261.8,257.74,257.92,260.99,-3.069999999999993,-1.18,13982370.000000002,803578175.0,4.513,0.002064,0.003065,0.69,19.6017,16.7703,4.0366,1.5272,1.4429,0.0198449999999999,0.021504,6938903035.0,6773252922.0,4561206309.0,396558308450.0,387091404492.0,家用电器,家用电器,白色家电,空调,63.61,52.05,0.0
2019-11-21,257.24,258.37,251.6,253.63,257.92,-4.2900000000000205,-1.66,19883507.0,1116276034.0,4.513,0.002936,0.004359,1.08,19.2759,16.4915,3.9695,1.5018,1.419,0.0201799999999999,0.021868,6938903035.0,6773252922.0,4561206309.0,389966350567.0,380656814216.0,家用电器,家用电器,白色家电,空调,62.87,51.44,0.0
2019-11-22,254.85,258.14,250.29,251.51,253.63,-2.1200000000000045,-0.84,20682680.0,1163712896.0,4.513,0.003054,0.004534,1.13,19.1147,16.3536,3.9363,1.4892,1.4071,0.02035,0.022052,6938903035.0,6773252922.0,4561206309.0,386705066141.0,377473385343.0,家用电器,家用电器,白色家电,空调,61.82,50.58,0.0
2019-11-25,251.51,255.17,248.31,255.12,251.51,3.6100000000000136,1.44,18012920.0,1007833444.0,4.513,0.002659,0.0039489999999999,0.92,19.3891,16.5883,3.9928,1.5106,1.4273,0.020062,0.02174,6938903035.0,6773252922.0,4561206309.0,392256188569.0,382891987681.0,家用电器,家用电器,白色家电,空调,61.3,50.16,0.0
2019-11-26,258.59,258.82,253.36,255.26,255.12,0.1399999999999863,0.05,18770569.0,1064900753.0,4.513,0.002771,0.004115,0.96,19.3994,16.5971,3.9949,1.5114,1.428,0.020052,0.021729,6938903035.0,6773252922.0,4561206309.0,392464355660.0,383095185268.0,家用电器,家用电器,白色家电,空调,62.18,50.88,0.0
2019-11-27,250.16,250.88,246.73,248.8,255.26,-6.45999999999998,-2.53,29081051.0,1601368250.0,4.513,0.004294,0.006376,1.59,18.9089,16.1775,3.8939,1.4732,1.3919,0.020572,0.022292,6938903035.0,6773252922.0,4561206309.0,382541724320.0,373409433590.0,家用电器,家用电器,白色家电,空调,62.22,50.9,0.0
2019-11-28,251.55,251.55,247.13,248.98,248.8,0.1799999999999784,0.07,20312020.0,1119845390.0,4.513,0.002999,0.0044529999999999,0.95,18.9226,16.1893,3.8967,1.4743,1.3929,0.020557,0.0222759999999999,6938903035.0,6773252922.0,4561206309.0,382819280441.0,373680363707.0,家用电器,家用电器,白色家电,空调,60.64,49.62,0.0
2019-11-29,248.71,248.85,242.26,245.06,248.98,-3.919999999999988,-1.57,25382652.0,1378994037.0,4.513,0.003747,0.005565,1.19,18.6242,15.934,3.8353,1.451,1.371,0.020886,0.022633,6938903035.0,6773252922.0,4561206309.0,376782434801.0,367787633665.0,家用电器,家用电器,白色家电,空调,60.69,49.65,0.0
2019-12-02,246.32,248.62,245.15,247.09,245.06,2.030000000000001,0.83,18098747.0,991131412.0,4.513,0.002672,0.003968,0.81,18.7786,16.066,3.8671,1.4631,1.3823,0.0207149999999999,0.0224469999999999,6938903035.0,6773252922.0,4561206309.0,379904941166.0,370835597480.00006,家用电器,家用电器,白色家电,空调,59.73,48.87,0.0
2019-12-03,247.13,248.35,244.11,246.09,247.09,-1.0,-0.4,20887582.0,1136020557.0,4.513,0.003084,0.004579,0.94,18.7031,16.0014,3.8515,1.4572,1.3768,0.020798,0.022538,6938903035.0,6773252922.0,4561206309.0,378378382499.0,369345481837.0,家用电器,家用电器,白色家电,空调,60.23,49.28,0.0
2019-12-04,245.01,249.98,243.7,249.84,246.09,3.75,1.52,27380472.0,1504232867.0,4.513,0.004042,0.006003,1.2,18.9878,16.245,3.9102,1.4794,1.3977,0.020486,0.0222,6938903035.0,6773252922.0,4561206309.0,384137672018.00006,374967281762.0,家用电器,家用电器,白色家电,空调,59.98,49.08,0.0
2019-12-05,252.05,252.14,248.71,250.61,249.84,0.7700000000000102,0.31,20504444.0,1136835403.0,4.513,0.003027,0.004495,0.91,19.0461,16.2949,3.9222,1.4839,1.402,0.020424,0.022132,6938903035.0,6773252922.0,4561206309.0,385317285534.0,376118734759.0,家用电器,家用电器,白色家电,空调,60.9,49.82,0.0
2019-12-06,251.1,256.07,250.61,253.63,250.61,3.019999999999982,1.21,23793593.0,1335781003.0,4.513,0.003513,0.005217,1.06,19.2759,16.4915,3.9695,1.5018,1.419,0.0201799999999999,0.021868,6938903035.0,6773252922.0,4561206309.0,389966350567.0,380656814216.0,家用电器,家用电器,白色家电,空调,61.08,49.98,0.0
2019-12-09,255.44,259.5,253.54,256.38,253.63,2.75,1.08,20851491.0,1185262387.0,4.513,0.003079,0.004571,0.94,19.4851,16.6705,4.0126,1.5181,1.4344,0.019964,0.021633,6938903035.0,6773252922.0,4561206309.0,394199081418.0,384788498499.0,家用电器,家用电器,白色家电,空调,61.82,50.58,0.0
2019-12-10,255.98,261.21,255.89,260.17,256.38,3.790000000000021,1.48,20717666.0,1192082669.0,4.513,0.003059,0.004542,0.91,19.7732,16.917,4.0719,1.5406,1.4556,0.019673,0.021318,6938903035.0,6773252922.0,4561206309.0,400027759968.0,390478030953.0,家用电器,家用电器,白色家电,空调,62.49,51.13,0.0
2019-12-11,260.26,260.76,256.34,257.51,260.17,-2.660000000000025,-1.02,13965464.000000002,798133053.0,4.513,0.002062,0.003062,0.62,19.5709,16.7439,4.0302,1.5248,1.4407,0.019876,0.0215379999999999,6938903035.0,6773252922.0,4561206309.0,395933807177.0,386481811729.0,家用电器,家用电器,白色家电,空调,63.42,51.89,0.0
2019-12-12,259.63,260.26,256.34,256.88,257.51,-0.6299999999999955,-0.24,12708431.0,725814978.0,4.513,0.0018759999999999,0.002786,0.64,19.5228,16.7028,4.0203,1.521,1.4371,0.019925,0.021591,6938903035.0,6773252922.0,4561206309.0,394962360752.0,385533556320.0,家用电器,家用电器,白色家电,空调,62.77,51.35,0.0
2019-12-13,261.75,264.01,259.81,263.56,256.88,6.680000000000007,2.6,28444325.0,1654545943.0,4.513,0.0042,0.006236,1.55,20.0305,17.1371,4.1249,1.5606,1.4745,0.01942,0.021044,6938903035.0,6773252922.0,4561206309.0,405231937244.0,395557970645.0,家用电器,家用电器,白色家电,空调,62.61,51.23,0.0
2019-12-16,262.21,263.24,260.85,262.25,263.56,-1.3100000000000025,-0.5,21648748.0,1256913292.0,4.513,0.003196,0.004746,1.12,19.931,17.052,4.1044,1.5528,1.4672,0.019517,0.021149,6938903035.0,6773252922.0,4561206309.0,403219655364.0,393593727297.0,家用电器,家用电器,白色家电,空调,64.24,52.56,0.0
2019-12-17,262.25,266.04,260.58,264.01,262.25,1.759999999999991,0.67,25584712.0,1493694028.0,4.513,0.003777,0.0056089999999999,1.31,20.0648,17.1664,4.1319,1.5633,1.477,0.019387,0.021008,6938903035.0,6773252922.0,4561206309.0,405925827548.0,396235295937.0,家用电器,家用电器,白色家电,空调,63.92,52.3,0.0
2019-12-18,265.36,267.62,261.35,262.66,264.01,-1.349999999999966,-0.51,23648827.0,1385586164.0,4.513,0.003492,0.0051849999999999,1.16,19.9619,17.0784,4.1107,1.5553,1.4695,0.019487,0.021117,6938903035.0,6773252922.0,4561206309.0,403844156637.0,394203320060.0,家用电器,家用电器,白色家电,空调,64.35,52.65,0.0
2019-12-19,261.75,264.01,261.12,262.12,262.66,-0.5400000000000205,-0.21,13476376.999999998,783171964.0,4.513,0.00199,0.0029549999999999,0.6,19.9207,17.0432,4.1023,1.552,1.4664,0.019527,0.02116,6938903035.0,6773252922.0,4561206309.0,403011488273.0,393390529710.0,家用电器,家用电器,白色家电,空调,64.02,52.38,0.0
2019-12-20,263.33,264.46,260.85,260.85,262.12,-1.2699999999999818,-0.48,18136622.0,1055026085.0,4.513,0.002678,0.003976,0.8,19.8247,16.961,4.0825,1.5446,1.4594,0.019622,0.021263,6938903035.0,6773252922.0,4561206309.0,401068595423.0,391494018892.0,家用电器,家用电器,白色家电,空调,63.89,52.27,0.0
2019-12-23,263.2,263.2,257.15,258.46,260.85,-2.390000000000043,-0.92,24086744.0,1385004834.0,4.513,0.003556,0.005281,1.18,19.6429,16.8055,4.0451,1.5304,1.446,0.019803,0.021459,6938903035.0,6773252922.0,4561206309.0,397390976814.0,387904194843.0,家用电器,家用电器,白色家电,空调,63.58,52.02,0.0
2019-12-24,258.55,259.5,256.25,257.6,258.46,-0.8599999999999568,-0.33,17334535.0,987672144.0,4.513,0.002559,0.0038,0.83,19.5777,16.7497,4.0316,1.5253,1.4412,0.019869,0.0215309999999999,6938903035.0,6773252922.0,4561206309.0,396072585238.0,386617276788.0,家用电器,家用电器,白色家电,空调,63.0,51.54,0.0
2019-12-25,258.14,260.63,257.24,258.14,257.6,0.5399999999999636,0.21,16225738.0,930232505.0,4.513,0.002396,0.003557,0.84,19.6189,16.7849,4.0401,1.5285,1.4442,0.0198269999999999,0.021486,6938903035.0,6773252922.0,4561206309.0,396905253602.0,387430067138.0,家用电器,家用电器,白色家电,空调,62.79,51.37,0.0
2019-12-26,259.05,260.54,257.96,259.95,258.14,1.8100000000000025,0.7,14261992.000000002,819037124.0,4.513,0.002106,0.0031269999999999,0.8,19.7561,16.9023,4.0684,1.5392,1.4543,0.01969,0.021336,6938903035.0,6773252922.0,4561206309.0,399680814816.0,390139368307.0,家用电器,家用电器,白色家电,空调,62.92,51.48,0.0
2019-12-27,260.85,262.34,257.96,258.14,259.95,-1.8100000000000025,-0.7,18158831.0,1046161391.0,4.513,0.002681,0.003981,1.01,19.6189,16.7849,4.0401,1.5285,1.4442,0.0198269999999999,0.021486,6938903035.0,6773252922.0,4561206309.0,396905253602.0,387430067138.0,家用电器,家用电器,白色家电,空调,63.36,51.84,0.0
2019-12-30,257.24,264.46,255.66,262.79,258.14,4.650000000000034,1.8,23802863.0,1375567222.0,4.513,0.0035139999999999,0.005219,1.32,19.9722,17.0872,4.1129,1.5561,1.4702,0.019477,0.021106,6938903035.0,6773252922.0,4561206309.0,404052323728.0,394406517648.0,家用电器,家用电器,白色家电,空调,62.92,51.48,0.0
2019-12-31,262.52,263.56,261.35,262.88,262.79,0.0899999999999749,0.03,15979354.999999998,929450260.0,4.513,0.002359,0.003503,0.89,19.979,17.0931,4.1143,1.5566,1.4707,0.01947,0.021098,6938903035.0,6773252922.0,4561206309.0,404191101789.00006,394541982707.0,家用电器,家用电器,白色家电,空调,64.05,52.41,0.0
2020-01-02,264.74,270.3,263.62,269.66,262.89,6.770000000000039,2.58,34622557.0,2050141335.0,4.5132,0.005112,0.007591,1.96,20.4935,17.5332,4.2202,1.5967,1.5086,0.020569,0.020569,6938903035.0,6773252922.0,4561206309.0,414599456341.0,404701862090.0,家用电器,家用电器,白色家电,空调,64.08,52.43,0.0
2020-01-03,270.34,270.61,262.58,262.94,269.66,-6.720000000000027,-2.49,27004255.0,1587220595.0,4.5132,0.003987,0.00592,1.26,19.9824,17.096,4.115,1.5569,1.471,0.021095,0.021095,6938903035.0,6773252922.0,4561206309.0,404260490819.0,394609715236.0,家用电器,家用电器,白色家电,空调,65.73,53.78,0.0
2020-01-06,260.86,262.67,252.74,258.16,262.94,-4.779999999999973,-1.82,28842533.0,1656276948.0,4.5132,0.004258,0.006323,1.21,19.6189,16.7849,4.0401,1.5285,1.4442,0.021486,0.021486,6938903035.0,6773252922.0,4561206309.0,396905253602.0,387430067138.0,家用电器,家用电器,白色家电,空调,64.09,52.43,0.0
2020-01-07,259.06,262.71,258.16,261.99,258.16,3.829999999999984,1.48,22526507.0,1304633782.0,4.5132,0.003326,0.004939,0.86,19.9104,17.0344,4.1001,1.5512,1.4657,0.021171,0.021171,6938903035.0,6773252922.0,4561206309.0,402803321182.0,393187332122.0,家用电器,家用电器,白色家电,空调,62.92,51.48,0.0
2020-01-08,259.55,266.19,258.92,263.03,261.99,1.0399999999999636,0.4,25321048.0,1471083460.0,4.5132,0.003738,0.005551,0.98,19.9893,17.1019,4.1164,1.5574,1.4715,0.021088,0.021088,6938903035.0,6773252922.0,4561206309.0,404399268880.0,394745180294.0,家用电器,家用电器,白色家电,空调,63.86,52.25,0.0
2020-01-09,265.38,269.57,264.02,268.31,263.03,5.28000000000003,2.01,29635395.0,1757281375.0,4.5132,0.004375,0.006497,1.07,20.3906,17.4452,4.199,1.5887,1.501,0.020673,0.020673,6938903035.0,6773252922.0,4561206309.0,412517785431.0,402669886213.0,家用电器,家用电器,白色家电,空调,64.11,52.45,0.0
2020-01-10,270.66,273.0,268.31,270.75,268.31,2.4399999999999977,0.91,28070612.0,1683152339.0,4.5132,0.004144,0.006154,1.05,20.5758,17.6036,4.2372,1.6031,1.5146,0.020486,0.020486,6938903035.0,6773252922.0,4561206309.0,416264793070.0,406327442791.0,家用电器,家用电器,白色家电,空调,65.4,53.51,0.0
2020-01-13,273.05,273.77,268.54,271.29,270.75,0.5400000000000205,0.2,27951167.0,1678723651.0,4.5132,0.004104,0.006077,1.04,20.7291,17.7348,4.2687,1.615,1.5259,0.020416,0.020416,6976650331.999999,6811351576.0,4599304963.0,419366451457.0,409430343233.0,家用电器,家用电器,白色家电,空调,65.99,53.99,0.0
2020-01-14,273.05,274.4,269.53,270.25,271.29,-1.0400000000000205,-0.38,16250035.0,976486535.0,4.5132,0.002386,0.003533,0.61,20.6498,17.667,4.2524,1.6089,1.5201,0.020494,0.020494,6976650331.999999,6811351576.0,4599304963.0,417761821880.0,407863732371.0,家用电器,家用电器,白色家电,空调,66.12,54.1,0.0
2020-01-15,270.34,270.79,265.74,268.54,270.25,-1.7099999999999795,-0.63,21489973.0,1272651578.0,4.5132,0.003155,0.004672,0.84,20.5188,17.5548,4.2254,1.5986,1.5104,0.020625,0.020625,6976650331.999999,6811351576.0,4599304963.0,415110694754.0,405275418772.0,家用电器,家用电器,白色家电,空调,65.87,53.89,0.0
2020-01-16,270.79,271.06,267.32,269.26,268.54,0.7199999999999704,0.27,19981398.0,1192330868.0,4.5132,0.002934,0.004344,0.81,20.5739,17.602,4.2368,1.6029,1.5145,0.0205699999999999,0.0205699999999999,6976650331.999999,6811351576.0,4599304963.0,416226958807.0,406365235024.00006,家用电器,家用电器,白色家电,空调,65.45,53.55,0.0
2020-01-17,270.75,275.31,268.49,272.19,269.26,2.930000000000007,1.09,21713278.0,1312054699.0,4.5132,0.003188,0.004721,0.95,20.7981,17.7938,4.2829,1.6204,1.531,0.020348,0.020348,6976650331.999999,6811351576.0,4599304963.0,420761781523.0,410792613549.0,家用电器,家用电器,白色家电,空调,65.63,53.69,0.0
2020-01-20,274.4,275.12,270.02,271.69,272.19,-0.5,-0.18,20191079.0,1217493005.0,4.5132,0.002964,0.00439,0.94,20.7602,17.7614,4.2751,1.6174,1.5282,0.020385,0.020385,6976650331.999999,6811351576.0,4599304963.0,419994349986.0,410043364875.0,家用电器,家用电器,白色家电,空调,66.34,54.28,0.0
2020-01-21,269.44,269.71,261.9,262.22,271.69,-9.46999999999997,-3.49,27643206.0,1617441935.0,4.5132,0.004058,0.00601,1.39,20.036,17.1418,4.126,1.561,1.4749,0.021122,0.021122,6976650331.999999,6811351576.0,4599304963.0,405343384289.00006,395739526566.0,家用电器,家用电器,白色家电,空调,66.22,54.18,0.0
2020-01-22,259.6,261.59,252.74,259.42,262.22,-2.800000000000012,-1.07,41160619.0,2335993233.0,4.5132,0.006043,0.008949,1.85,19.8222,16.9589,4.082,1.5444,1.4592,0.0213499999999999,0.0213499999999999,6976650331.999999,6811351576.0,4599304963.0,401017861083.0,391516488588.0,家用电器,家用电器,白色家电,空调,63.91,52.29,0.0
2020-01-23,253.19,256.08,248.23,248.68,259.42,-10.740000000000007,-4.14,59653651.0,3313820978.0,4.5132,0.008758,0.0129699999999999,2.28,19.0014,16.2567,3.913,1.4804,1.3988,0.022272,0.022272,6976650331.999999,6811351576.0,4599304963.0,384413433293.0,375305471838.0,家用电器,家用电器,白色家电,空调,63.23,51.73,0.0
2020-02-03,223.81,237.35,223.81,226.52,248.68,-22.16,-8.91,70506720.0,3565939364.0,4.5132,0.0103509999999999,0.01533,2.07,17.3082,14.808,3.5643,1.3485,1.2741,0.024451,0.024451,6976650331.999999,6811351576.0,4599304963.0,350158080163.0,341861735599.0,家用电器,家用电器,白色家电,空调,60.61,49.59,0.0
2020-02-04,227.01,238.39,227.01,238.25,226.52,11.72999999999999,5.18,40413099.0,2097010018.0,4.5132,0.005933,0.008787,0.92,18.2048,15.5751,3.7489,1.4184,1.3401,0.023246,0.023246,6976650331.999999,6811351576.0,4599304963.0,368297371026.0,359571249697.0,家用电器,家用电器,白色家电,空调,55.21,45.17,0.0
2020-02-05,238.84,241.32,236.72,238.61,238.25,0.3600000000000136,0.15,34895006.0,1848774201.0,4.5132,0.005123,0.007587,0.73,18.2324,15.5987,3.7546,1.4205,1.3421,0.023211,0.023211,6976650331.999999,6811351576.0,4599304963.0,368855503053.0,360116157823.0,家用电器,家用电器,白色家电,空调,58.07,47.51,0.0
2020-02-06,238.61,243.53,236.31,242.77,238.61,4.159999999999997,1.74,39366799.0,2086495959.0,4.5132,0.0057799999999999,0.008559,0.8,18.5497,15.8702,3.8199,1.4452,1.3655,0.022814,0.022814,6976650331.999999,6811351576.0,4599304963.0,375274021358.0,366382601273.0,家用电器,家用电器,白色家电,空调,58.16,47.58,0.0
2020-02-07,241.46,241.59,235.59,238.43,242.77,-4.340000000000003,-1.79,34409001.0,1811882957.0,4.5132,0.005052,0.007481,0.7,18.2186,15.5869,3.7518,1.4194,1.3411,0.023229,0.023229,6976650331.999999,6811351576.0,4599304963.0,368576437040.00006,359843703760.0,家用电器,家用电器,白色家电,空调,59.17,48.41,0.0
2020-02-10,236.04,238.21,233.42,236.04,238.43,-2.390000000000015,-1.0,34604769.0,1804543411.0,4.5132,0.00508,0.0075239999999999,0.79,18.0358,15.4306,3.7141,1.4052,1.3277,0.023464,0.023464,6976650331.999999,6811351576.0,4599304963.0,364878812364.0,356233687425.0,家用电器,家用电器,白色家电,空调,58.11,47.55,0.0
2020-02-11,240.06,248.18,238.3,246.78,236.04,10.740000000000007,4.55,49388233.0,2684341234.0,4.5132,0.007251,0.010738,1.34,18.8566,16.1328,3.8831,1.4691,1.3881,0.022443,0.022443,6976650331.999999,6811351576.0,4599304963.0,381483240154.0,372444704176.0,家用电器,家用电器,白色家电,空调,57.53,47.07,0.0
2020-02-12,246.29,249.85,243.8,247.73,246.78,0.9499999999999886,0.38,23433771.0,1284759463.0,4.5132,0.00344,0.005095,0.61,18.929,16.1947,3.898,1.4748,1.3934,0.022357,0.022357,6976650331.999999,6811351576.0,4599304963.0,382948336723.00006,373875088007.0,家用电器,家用电器,白色家电,空调,60.15,49.21,0.0
2020-02-13,246.24,246.33,241.46,242.81,247.73,-4.919999999999988,-1.99,31930659.000000004,1723256903.0,4.5132,0.004688,0.006942,0.88,18.5531,15.8731,3.8206,1.4455,1.3657,0.02281,0.02281,6976650331.999999,6811351576.0,4599304963.0,375343787862.0,366450714789.0,家用电器,家用电器,白色家电,空调,60.38,49.4,0.0
2020-02-14,241.46,243.53,240.01,242.54,242.81,-0.2700000000000102,-0.11,21004387.0,1125281556.0,4.5132,0.003084,0.004567,0.6,18.5324,15.8554,3.8164,1.4439,1.3642,0.022835,0.022835,6976650331.999999,6811351576.0,4599304963.0,374925188842.0,366042033694.0,家用电器,家用电器,白色家电,空调,59.18,48.42,0.0
2020-02-17,240.73,245.61,240.28,245.52,242.54,2.980000000000018,1.23,32505251.0,1751927715.0,4.5132,0.004765,0.007067,1.01,18.7878,16.0739,3.869,1.4638,1.383,0.022525,0.022525,6986992499.000001,6821648743.0,4599304963.0,380092391946.0,371097691619.0,家用电器,家用电器,白色家电,空调,59.11,48.37,0.0
2020-02-18,245.52,245.52,240.64,241.59,245.52,-3.930000000000007,-1.6,33203504.0,1783036933.0,4.5132,0.004867,0.007203,1.05,18.4874,15.8169,3.8071,1.4404,1.3609,0.0228909999999999,0.0228909999999999,6986992499.000001,6821648743.0,4609602130.0,374013708471.0,365162857213.0,家用电器,家用电器,白色家电,空调,59.84,48.96,0.0
2020-02-19,240.82,243.13,239.97,241.64,241.59,0.0499999999999829,0.02,23732854.0,1270519685.0,4.5132,0.003478,0.005147,0.84,18.4908,15.8198,3.8078,1.4406,1.3612,0.022887,0.022887,6986992499.000001,6822989493.0,4610942880.0,374083578396.0,365302857455.0,家用电器,家用电器,白色家电,空调,58.88,48.18,0.0
2020-02-20,242.36,248.14,240.64,247.59,241.64,5.950000000000017,2.46,37041152.0,2013322150.0,4.5132,0.005429,0.008033,1.3,18.9467,16.2099,3.9017,1.4762,1.3947,0.022336,0.022336,6986992499.000001,6822989493.0,4610942880.0,383306408495.0,374309203586.0,家用电器,家用电器,白色家电,空调,58.89,48.19,0.0
2020-02-21,245.97,247.41,243.8,244.98,247.59,-2.6100000000000136,-1.05,29779869.0,1616397369.0,4.5132,0.004365,0.006459,1.01,18.7464,16.0385,3.8604,1.4606,1.38,0.0225749999999999,0.0225749999999999,6986992499.000001,6822989493.0,4610942880.0,379253952846.0,370351869680.0,家用电器,家用电器,白色家电,空调,60.35,49.37,0.0
2020-02-24,249.85,249.9,245.74,247.82,244.98,2.8400000000000034,1.16,40782414.0,2243496137.0,4.5132,0.005976,0.008841,1.3,18.9693,16.2292,3.9063,1.4779,1.3964,0.02231,0.02231,6988952498.0,6824899492.0,4612852879.0,383763381665.0,374755231106.0,家用电器,家用电器,白色家电,空调,59.71,48.85,0.0
2020-02-25,243.71,245.79,242.81,245.65,247.82,-2.1699999999999875,-0.88,31546203.000000004,1706738502.0,4.5132,0.004622,0.006839,0.96,18.8035,16.0873,3.8722,1.465,1.3842,0.0225059999999999,0.0225059999999999,6988952498.0,6824899492.0,4612852879.0,380408684466.0,371479279350.0,家用电器,家用电器,白色家电,空调,60.4,49.42,0.0
2020-02-26,242.36,249.67,240.15,245.07,245.65,-0.5800000000000125,-0.24,38724015.0,2107804633.0,4.5132,0.005674,0.008395,1.19,18.7586,16.0489,3.8629,1.4615,1.3809,0.0225599999999999,0.0225599999999999,6988952498.0,6824899492.0,4612852879.0,379500120641.0,370592042416.0,家用电器,家用电器,白色家电,空调,59.87,48.99,0.0
2020-02-27,245.07,249.13,244.66,247.82,245.07,2.75,1.12,28493463.0,1563743469.0,4.5132,0.004175,0.006177,0.8,18.9693,16.2292,3.9063,1.4779,1.3964,0.02231,0.02231,6988952498.0,6824899492.0,4612852879.0,383763381665.0,374755231106.0,家用电器,家用电器,白色家电,空调,59.73,48.87,0.0
2020-02-28,243.17,244.53,238.25,239.43,247.82,-8.389999999999986,-3.39,33405713.0,1788324822.0,4.5132,0.004895,0.0072419999999999,0.99,18.3267,15.6794,3.774,1.4279,1.3491,0.023092,0.023092,6988952498.0,6824899492.0,4612852879.0,370763930019.0,362060918051.0,家用电器,家用电器,白色家电,空调,60.4,49.42,0.0
2020-03-02,239.43,247.1,239.43,245.25,239.43,5.819999999999993,2.43,31893449.0,1725854576.0,4.5132,0.004673,0.006914,0.92,18.7724,16.0607,3.8658,1.4626,1.3819,0.0225439999999999,0.0225439999999999,6988952498.0,6824899492.0,4612852879.0,379779678741.0,370865038395.0,家用电器,家用电器,白色家电,空调,58.36,47.75,0.0
2020-03-03,246.01,248.23,243.58,245.97,245.25,0.7199999999999989,0.29,26499919.0,1441435067.0,4.5132,0.0038829999999999,0.005745,0.81,18.8276,16.108,3.8772,1.4669,1.386,0.022477,0.022477,6988952498.0,6824899492.0,4612852879.0,380897911141.0,371957022314.0,家用电器,家用电器,白色家电,空调,59.77,48.91,0.0
2020-03-04,243.71,245.7,241.95,244.84,245.97,-1.1299999999999957,-0.46,23908427.0,1290728835.0,4.5132,0.003503,0.005183,0.75,18.7413,16.0341,3.8594,1.4602,1.3796,0.022581,0.022581,6988952498.0,6824899492.0,4612852879.0,379150673017.00006,370250797441.0,家用电器,家用电器,白色家电,空调,59.95,49.05,0.0
2020-03-05,246.2,256.35,245.29,255.18,244.84,10.340000000000003,4.22,57571838.0,3214972954.0,4.5132,0.008436,0.0124809999999999,2.0,19.5324,16.7109,4.0223,1.5218,1.4378,0.0216659999999999,0.0216659999999999,6988952498.0,6824899492.0,4612852879.0,395155374237.0,385879817278.0,家用电器,家用电器,白色家电,空调,59.68,48.83,0.0
2020-03-06,251.93,254.09,250.66,251.84,255.18,-3.3400000000000034,-1.31,28024324.0,1565437998.0,4.5132,0.004106,0.006075,0.81,19.2767,16.4922,3.9697,1.5019,1.419,0.0219539999999999,0.0219539999999999,6988952498.0,6824899492.0,4612852879.0,389983549388.0,380829391654.0,家用电器,家用电器,白色家电,空调,62.19,50.89,0.0
2020-03-09,245.52,245.83,242.86,243.22,251.84,-8.620000000000005,-3.42,35634254.0,1925269108.0,4.5132,0.005221,0.0077249999999999,1.06,18.6169,15.9277,3.8338,1.4505,1.3704,0.022732,0.022732,6988952498.0,6824899492.0,4612852879.0,376634650117.0,367793833624.0,家用电器,家用电器,白色家电,空调,61.38,50.22,0.0
2020-03-10,243.22,251.29,243.22,249.67,243.22,6.449999999999989,2.65,37563181.0,2061033028.0,4.5132,0.005504,0.008143,1.09,19.1109,16.3504,3.9355,1.489,1.4068,0.022144,0.022144,6988952498.0,6824899492.0,4612852879.0,386628852189.0,377553439897.0,家用电器,家用电器,白色家电,空调,59.28,48.5,0.0
2020-03-11,248.77,249.67,245.79,245.83,249.67,-3.839999999999975,-1.54,19260673.0,1053884394.0,4.5132,0.002822,0.004175,0.53,18.8173,16.0991,3.875,1.4661,1.3852,0.02249,0.02249,6988952498.0,6824899492.0,4612852879.0,380688242566.0,371752275329.0,家用电器,家用电器,白色家电,空调,60.85,49.79,0.0
2020-03-12,243.04,243.13,238.66,239.97,245.83,-5.860000000000014,-2.38,34405501.0,1833239648.0,4.5132,0.005041,0.007459,0.97,18.359,15.707,3.7839,1.4304,1.3515,0.0230419999999999,0.0230419999999999,6985445998.0,6824899492.0,4612852879.0,371416163714.0,362879905990.0,家用电器,家用电器,白色家电,空调,59.92,49.02,0.0
2020-03-13,229.59,239.02,225.98,234.24,239.97,-5.72999999999999,-2.39,45208351.0,2323212180.0,4.5132,0.006624,0.0098009999999999,1.46,17.9204,15.3318,3.6936,1.3962,1.3192,0.023606,0.023606,6985445998.0,6824899492.0,4612852879.0,362544647296.0,354212283635.0,家用电器,家用电器,白色家电,空调,58.49,47.85,0.0
2020-03-16,235.59,235.9,225.66,226.11,234.24,-8.129999999999995,-3.47,39667900.0,2019157775.0,4.5132,0.005812,0.008599,1.15,17.2989,14.8001,3.5655,1.3478,1.2734,0.0244539999999999,0.0244539999999999,6985445998.0,6824899492.0,4612852879.0,349970844500.0,341927464548.99994,家用电器,家用电器,白色家电,空调,57.09,46.71,0.0
2020-03-17,223.94,231.53,219.21,221.15,226.11,-4.960000000000008,-2.19,47708177.0,2365286578.0,4.5132,0.00699,0.010342,1.35,16.9191,14.4752,3.4872,1.3182,1.2455,0.025003,0.025003,6985445998.0,6824899492.0,4612852879.0,342286853901.99994,334420075108.0,家用电器,家用电器,白色家电,空调,55.11,45.09,0.0
2020-03-18,224.31,234.19,223.76,224.31,221.15,3.1599999999999966,1.43,58605924.0,2974941630.0,4.5132,0.008587,0.012705,1.57,17.1608,14.6819,3.537,1.337,1.2633,0.024651,0.024651,6985445998.0,6824899492.0,4612852879.0,347176666101.0,339197504752.0,家用电器,家用电器,白色家电,空调,53.9,44.1,0.0
2020-03-19,227.24,228.37,214.38,219.34,224.31,-4.969999999999999,-2.22,55486856.00000001,2708244368.0,4.5132,0.00813,0.012029,1.23,16.781,14.357,3.4587,1.3074,1.2353,0.025209,0.025209,6985445998.0,6824899492.0,4612852879.0,339492675503.0,331690115311.0,家用电器,家用电器,白色家电,空调,54.67,44.73,0.0
2020-03-20,222.28,224.44,218.89,221.37,219.34,2.030000000000001,0.93,36706699.0,1803574241.0,4.5132,0.0053779999999999,0.0079569999999999,0.74,16.9364,14.4899,3.4907,1.3195,1.2467,0.0249779999999999,0.0249779999999999,6985445998.0,6824899492.0,4612852879.0,342636126202.0,334761320083.0,家用电器,家用电器,白色家电,空调,53.46,43.74,0.0
2020-03-23,214.38,216.54,208.96,209.86,221.37,-11.509999999999993,-5.2,47703623.0,2237270202.0,4.5132,0.00699,0.010341,1.0,16.0559,13.7366,3.3093,1.2509,1.1819,0.0263479999999999,0.0263479999999999,6985445998.0,6824899492.0,4612852879.0,324823238907.0,317357826378.0,家用电器,家用电器,白色家电,空调,53.96,44.15,0.0
2020-03-24,213.7,217.76,211.71,216.59,209.86,6.72999999999999,3.21,41957601.0,2000208162.0,4.5132,0.006148,0.009096,0.85,16.5704,14.1768,3.4153,1.291,1.2198,0.025529,0.025529,6985445998.0,6824899492.0,4612852879.0,335231553444.0,327526926621.0,家用电器,家用电器,白色家电,空调,51.15,41.85,0.0
2020-03-25,223.4,226.38,220.51,223.36,216.59,6.77000000000001,3.13,39011329.0,1934918463.0,4.5132,0.005716,0.008457,0.81,17.0883,14.6199,3.522,1.3314,1.2579,0.024756,0.024756,6985445998.0,6824899492.0,4612852879.0,345709722441.0,337764275859.0,家用电器,家用电器,白色家电,空调,52.79,43.19,0.0
2020-03-26,222.95,224.62,220.42,221.15,223.36,-2.210000000000008,-0.99,23248406.0,1145809963.0,4.5132,0.003406,0.00504,0.53,16.9191,14.4752,3.4872,1.3182,1.2455,0.025003,0.025003,6985445998.0,6824899492.0,4612852879.0,342286853901.99994,334420075108.0,家用电器,家用电器,白色家电,空调,54.44,44.54,0.0
2020-03-27,225.66,227.69,222.86,223.18,221.15,2.030000000000001,0.92,26015438.0,1296483242.0,4.5132,0.003812,0.0056399999999999,0.69,17.0745,14.6081,3.5192,1.3303,1.2569,0.024776,0.024776,6985445998.0,6824899492.0,4612852879.0,345430304601.0,337491279878.99994,家用电器,家用电器,白色家电,空调,53.9,44.1,0.0
2020-03-30,220.24,220.24,214.38,217.04,223.18,-6.140000000000015,-2.75,37052228.0,1778812488.0,4.5132,0.005429,0.008032,1.04,16.6049,14.2063,3.4224,1.2937,1.2223,0.025476,0.025476,6985445998.0,6824899492.0,4612852879.0,335930098044.0,328209416570.0,家用电器,家用电器,白色家电,空调,54.4,44.51,0.0
2020-03-31,220.06,222.73,218.17,218.53,217.04,1.490000000000009,0.69,22525299.0,1098690179.0,4.5132,0.0033,0.004883,0.67,16.7188,14.3038,3.4459,1.3026,1.2307,0.025303,0.025303,6985445998.0,6824899492.0,4612852879.0,338235295223.0,330461633403.0,家用电器,家用电器,白色家电,空调,52.9,43.28,0.0
2020-04-01,220.92,222.59,216.86,219.25,218.53,0.7199999999999989,0.33,23439135.0,1141225440.0,4.5132,0.003434,0.005081,0.79,16.7741,14.3511,3.4573,1.3069,1.2348,0.025219,0.025219,6985445998.0,6824899492.0,4612852879.0,339352966583.0,331553617321.0,家用电器,家用电器,白色家电,空调,53.26,43.58,0.0
2020-04-02,217.4,221.15,215.73,220.97,219.25,1.7199999999999989,0.78,23514383.0,1135456594.0,4.5132,0.0034449999999999,0.005098,0.89,16.9053,14.4633,3.4843,1.3171,1.2444,0.025024,0.025024,6985445998.0,6824899492.0,4612852879.0,342007436062.0,334147079128.0,家用电器,家用电器,白色家电,空调,53.44,43.72,0.0
2020-04-03,220.24,221.42,217.58,218.35,220.97,-2.6200000000000045,-1.19,19638219.0,953656658.0,4.5132,0.002877,0.004257,0.74,16.705,14.292,3.443,1.3015,1.2297,0.025324,0.025324,6985445998.0,6824899492.0,4612852879.0,337955877383.00006,330188637423.0,家用电器,家用电器,白色家电,空调,53.86,44.06,0.0
2020-04-07,222.09,222.95,219.79,221.01,218.35,2.6599999999999966,1.22,40048598.0,1962977182.0,4.5132,0.005868,0.008682,1.59,16.9088,14.4663,3.485,1.3174,1.2447,0.025019,0.025019,6985445998.0,6824899492.0,4612852879.0,342077290522.0,334215328123.0,家用电器,家用电器,白色家电,空调,53.22,43.54,0.0
2020-04-08,219.34,219.93,216.9,217.72,221.01,-3.289999999999992,-1.49,24426776.0,1182191602.0,4.5132,0.003579,0.0052949999999999,0.95,16.6567,14.2506,3.4331,1.2977,1.2261,0.025397,0.025397,6985445998.0,6824899492.0,4612852879.0,336977914944.0,329233151494.0,家用电器,家用电器,白色家电,空调,53.87,44.07,0.0
2020-04-09,218.98,219.12,217.13,217.99,217.72,0.2700000000000102,0.12,17139926.0,828409215.0,4.5132,0.0025109999999999,0.0037159999999999,0.65,16.6774,14.2684,3.4374,1.2994,1.2277,0.025366,0.025366,6985445998.0,6824899492.0,4612852879.0,337397041703.0,329642645464.0,家用电器,家用电器,白色家电,空调,53.06,43.42,0.0
2020-04-10,217.99,228.19,216.81,222.41,217.99,4.419999999999988,2.03,41246137.0,2043406853.0,4.5132,0.006043,0.008942,1.65,17.0158,14.5579,3.5071,1.3257,1.2526,0.024861,0.024861,6985445998.0,6824899492.0,4612852879.0,344242778781.0,336331046966.0,家用电器,家用电器,白色家电,空调,53.13,43.47,0.0
2020-04-13,223.81,228.28,222.5,225.16,222.41,2.75,1.24,31076533.0,1555138946.0,4.5132,0.004553,0.006737,1.09,17.2264,14.7381,3.5505,1.3421,1.2681,0.024557,0.024557,6985445998.0,6824899492.0,4612852879.0,348503900840.0,340494235656.0,家用电器,家用电器,白色家电,空调,54.21,44.35,0.0
2020-04-14,228.68,228.82,223.85,227.83,225.16,2.670000000000016,1.19,30794169.0,1550039697.0,4.5132,0.0045119999999999,0.006676,1.0,17.4301,14.9124,3.5925,1.358,1.2831,0.02427,0.02427,6985445998.0,6824899492.0,4612852879.0,352625313979.0,344520926356.0,家用电器,家用电器,白色家电,空调,54.88,44.9,0.0
2020-04-15,225.66,231.44,222.05,226.56,227.83,-1.2700000000000102,-0.56,39591536.0,1989237126.0,4.5132,0.005801,0.008583,1.37,17.3335,14.8296,3.5726,1.3505,1.276,0.0244059999999999,0.0244059999999999,6985445998.0,6824899492.0,4612852879.0,350669389099.99994,342609954498.0,家用电器,家用电器,白色家电,空调,55.53,45.43,0.0
2020-04-16,226.56,226.56,222.37,223.36,226.56,-3.1999999999999886,-1.41,27929419.0,1385041878.0,4.5132,0.004092,0.006055,0.87,17.0883,14.6199,3.522,1.3314,1.2579,0.024756,0.024756,6985445998.0,6824899492.0,4612852879.0,345709722441.0,337764275859.0,家用电器,家用电器,白色家电,空调,55.22,45.18,0.0
2020-04-17,225.66,227.06,223.85,226.07,223.36,2.7099999999999795,1.21,35249869.0,1761719075.0,4.5132,0.0051649999999999,0.0076419999999999,1.03,17.2955,14.7972,3.5647,1.3475,1.2732,0.0244589999999999,0.0244589999999999,6985445998.0,6824899492.0,4612852879.0,349900990040.0,341859215554.0,家用电器,家用电器,白色家电,空调,54.44,44.54,0.0
2020-04-20,226.97,230.08,225.71,228.95,226.07,2.8799999999999955,1.27,20885741.0,1058635859.0,4.5132,0.00306,0.004528,0.63,17.5165,14.9862,3.6103,1.3647,1.2894,0.024151,0.024151,6985445998.0,6824899492.0,4612852879.0,354371675479.0,346227151229.0,家用电器,家用电器,白色家电,空调,55.1,45.08,0.0
2020-04-21,230.13,230.17,225.66,226.79,228.95,-2.1599999999999966,-0.94,20971264.0,1056179837.0,4.5132,0.003073,0.004546,0.68,17.3507,14.8444,3.5761,1.3518,1.2772,0.024381,0.024381,6985445998.0,6824899492.0,4612852879.0,351018661400.0,342951199473.0,家用电器,家用电器,白色家电,空调,55.8,45.66,0.0
2020-04-22,226.56,232.29,225.61,231.98,226.79,5.189999999999998,2.29,20763713.0,1056618276.0,4.5132,0.003042,0.004501,0.72,17.7478,15.1841,3.658,1.3828,1.3065,0.023836,0.023836,6985445998.0,6824899492.0,4612852879.0,359051924297.0,350799833888.99994,家用电器,家用电器,白色家电,空调,55.28,45.23,0.0
2020-04-23,233.29,236.45,231.57,234.64,231.98,2.6599999999999966,1.15,27116594.0,1408264470.0,4.5132,0.003973,0.0058779999999999,1.08,17.9515,15.3584,3.7,1.3986,1.3215,0.023565,0.023565,6985445998.0,6824899492.0,4612852879.0,363173337436.00006,354826524589.0,家用电器,家用电器,白色家电,空调,56.54,46.26,0.0
2020-04-24,234.87,236.04,233.38,234.73,234.64,0.0900000000000034,0.04,13341557.0,693211313.0,4.5132,0.001955,0.002892,0.53,17.9584,15.3643,3.7014,1.3992,1.322,0.023556,0.023556,6985445998.0,6824899492.0,4612852879.0,363313046356.0,354963022579.0,家用电器,家用电器,白色家电,空调,57.19,46.79,0.0
2020-04-27,231.39,235.77,229.5,232.43,234.73,-2.299999999999983,-0.98,21523478.0,1108515152.0,4.5132,0.003154,0.004666,1.04,17.7823,15.2137,3.6651,1.3854,1.309,0.02379,0.02379,6985445998.0,6824899492.0,4612852879.0,359750468897.0,351482323838.0,家用电器,家用电器,白色家电,空调,57.21,46.81,0.0
2020-04-28,232.43,234.42,229.04,233.74,232.43,1.3100000000000025,0.56,25183537.0,1297098144.0,4.5132,0.00369,0.005459,1.21,17.8825,15.2994,3.6857,1.3932,1.3164,0.023656,0.023656,6985445998.0,6824899492.0,4612852879.0,361776248236.0,353461544691.0,家用电器,家用电器,白色家电,空调,56.65,46.35,0.0
2020-04-29,231.98,238.16,230.85,235.81,233.74,2.069999999999993,0.89,20623516.0,1072765101.0,4.5132,0.003022,0.004471,0.96,18.0413,15.4352,3.7185,1.4056,1.3281,0.023448,0.023448,6985445998.0,6824899492.0,4612852879.0,364989553396.0,356600998457.00006,家用电器,家用电器,白色家电,空调,56.97,46.61,0.0
2020-04-30,240.55,244.43,240.55,242.58,235.81,6.77000000000001,2.87,34032348.0,1831860874.0,4.5132,0.0049759999999999,0.007378,1.58,15.5391,16.4338,3.5491,1.3523,1.4413,0.022757,0.022757,6999467315.0,6838920808.999999,4612852879.0,376221368181.0,367591993484.0,家用电器,家用电器,白色家电,空调,57.48,47.03,0.0
2020-05-06,239.2,244.62,237.85,244.62,242.58,2.039999999999992,0.84,32856535.0,1765766097.0,4.5132,0.004804,0.007101,1.43,15.6692,16.5714,3.5788,1.3636,1.4534,0.022568,0.022568,6999467315.0,6838920808.999999,4626874196.0,379371128473.0,370669507848.0,家用电器,家用电器,白色家电,空调,59.13,48.38,0.0
2020-05-07,244.57,245.74,242.99,243.71,244.62,-0.9099999999999966,-0.37,21375539.0,1156808782.0,4.5132,0.003126,0.00462,0.8,15.6114,16.5102,3.5656,1.3586,1.448,0.0226509999999999,0.0226509999999999,6999467315.0,6838920808.999999,4626874196.0,377971235010.0,369301723686.00006,家用电器,家用电器,白色家电,空调,59.62,48.78,0.0
2020-05-08,245.88,254.91,244.75,254.23,243.71,10.519999999999982,4.32,40962101.0,2296022244.0,4.5132,0.00599,0.008853,1.53,16.285,17.2226,3.7195,1.4172,1.5105,0.021714,0.021714,6999467315.0,6838920808.999999,4626874196.0,394279993854.0,385236409171.0,家用电器,家用电器,白色家电,空调,59.4,48.6,0.0
2020-05-11,255.4,264.02,254.63,256.85,254.23,2.620000000000033,1.03,37959771.0,2188821583.0,4.5132,0.005551,0.008204,1.27,16.4527,17.3999,3.7577,1.4318,1.5261,0.021493,0.021493,6999467315.0,6838920808.999999,4626874196.0,398339684897.0,389202983240.0,家用电器,家用电器,白色家电,空调,61.96,50.7,0.0
2020-05-12,259.51,263.48,257.39,261.77,256.85,4.919999999999959,1.92,28603367.0,1655218903.0,4.5132,0.004182,0.006182,0.86,16.7678,17.7332,3.8297,1.4592,1.5553,0.021089,0.021089,6999467315.0,6838920808.999999,4626874196.0,405969104270.0,396657406922.0,家用电器,家用电器,白色家电,空调,62.6,51.22,0.0
2020-05-13,259.96,261.77,256.85,260.64,261.77,-1.1299999999999957,-0.43,21938551.0,1260866631.0,4.5132,0.003208,0.004742,0.68,16.6955,17.6568,3.8132,1.4529,1.5486,0.021181,0.021181,6999467315.0,6838920808.999999,4626874196.0,404219237441.0,394947676720.0,家用电器,家用电器,白色家电,空调,63.8,52.2,0.0
2020-05-14,260.64,263.12,259.55,261.77,260.64,1.1299999999999957,0.43,18002002.0,1044096208.0,4.5132,0.002632,0.003891,0.6,16.7678,17.7332,3.8297,1.4592,1.5553,0.021089,0.021089,6999467315.0,6838920808.999999,4626874196.0,405969104270.0,396657406922.0,家用电器,家用电器,白色家电,空调,63.53,51.98,0.0
2020-05-15,261.77,262.22,256.67,257.03,261.77,-4.740000000000009,-1.81,23361701.0,1338687939.0,4.5132,0.003416,0.005049,0.79,16.4643,17.4122,3.7604,1.4328,1.5271,0.021478,0.021478,6999467315.0,6838920808.999999,4626874196.0,398619663589.00006,389476540073.0,家用电器,家用电器,白色家电,空调,63.8,52.2,0.0
2020-05-18,259.51,262.67,255.58,259.46,257.03,2.430000000000007,0.95,26177546.0,1505218949.0,4.5132,0.003828,0.005658,1.01,16.6204,17.5773,3.796,1.4464,1.5416,0.021276,0.021276,6999467315.0,6838920808.999999,4626874196.0,402399375939.0,393169557309.0,家用电器,家用电器,白色家电,空调,62.65,51.26,0.0
2020-05-19,263.57,267.18,261.77,265.2,259.46,5.740000000000009,2.21,27855120.0,1638536811.0,4.5132,0.004073,0.00602,1.18,16.9875,17.9656,3.8799,1.4783,1.5757,0.0208159999999999,0.0208159999999999,6999467315.0,6838920808.999999,4626874196.0,411288699429.0,401854986737.0,家用电器,家用电器,白色家电,空调,63.24,51.74,0.0
2020-05-20,264.16,266.73,264.11,266.41,265.2,1.2100000000000364,0.46,19061535.0,1123661205.0,4.5132,0.002787,0.0041199999999999,0.81,17.0656,18.0481,3.8977,1.4851,1.5829,0.020721,0.020721,6999467315.0,6838920808.999999,4626874196.0,413178555604.0,403701495355.0,家用电器,家用电器,白色家电,空调,64.64,52.88,0.0
2020-05-21,268.76,269.17,263.39,265.02,266.41,-1.3900000000000432,-0.52,14913472.0,876854201.0,4.5132,0.0021809999999999,0.0032229999999999,0.65,16.976,17.9533,3.8773,1.4773,1.5746,0.020831,0.020831,6999467315.0,6838920808.999999,4626874196.0,411008720737.00006,401581429904.0,家用电器,家用电器,白色家电,空调,64.93,53.13,0.0
2020-05-22,263.75,264.25,255.49,257.79,265.02,-7.229999999999961,-2.73,26086194.0,1493147025.0,4.5132,0.003814,0.005638,1.17,16.5134,17.4641,3.7716,1.437,1.5317,0.021414,0.021414,6999467315.0,6838920808.999999,4626874196.0,399809573033.0,390639156610.0,家用电器,家用电器,白色家电,空调,64.59,52.85,0.0
2020-05-25,263.12,263.53,253.37,256.53,257.79,-1.2600000000000475,-0.49,15944517.000000002,905625786.0,4.5132,0.002331,0.003446,0.7,16.4325,17.3785,3.7531,1.43,1.5242,0.02152,0.02152,6999467315.0,6838920808.999999,4626874196.0,397849722185.00006,388724258784.0,家用电器,家用电器,白色家电,空调,62.83,51.41,0.0
2020-05-26,258.61,262.89,256.21,261.77,256.53,5.240000000000009,2.04,18430786.0,1061005402.0,4.5132,0.002695,0.0039829999999999,0.89,16.7678,17.7332,3.8297,1.4592,1.5553,0.021089,0.021089,6999467315.0,6838920808.999999,4626874196.0,405969104270.0,396657406922.0,家用电器,家用电器,白色家电,空调,62.52,51.16,0.0
2020-05-27,262.89,267.99,261.27,262.89,261.77,1.1200000000000043,0.43,25806522.0,1517718678.0,4.5132,0.003773,0.005578,1.37,16.8401,17.8096,3.8462,1.4655,1.562,0.020999,0.020999,6999467315.0,6838920808.999999,4626874196.0,407718971099.0,398367137124.0,家用电器,家用电器,白色家电,空调,63.8,52.2,0.0
2020-05-28,267.05,267.95,261.0,262.44,262.89,-0.4499999999999886,-0.17,20603063.0,1207714971.0,4.5132,0.003013,0.0044529999999999,1.02,16.8112,17.7791,3.8396,1.463,1.5593,0.0210349999999999,0.0210349999999999,6999467315.0,6838920808.999999,4626874196.0,407019024367.0,397683245043.0,家用电器,家用电器,白色家电,空调,64.08,52.43,0.0
2020-05-29,261.72,267.41,261.72,266.37,262.44,3.930000000000007,1.5,18254941.0,1073961447.0,4.5132,0.002669,0.003945,0.85,17.0627,18.0451,3.8971,1.4848,1.5827,0.0207249999999999,0.0207249999999999,6999467315.0,6838920808.999999,4626874196.0,413108560931.0,403633106147.0,家用电器,家用电器,白色家电,空调,63.97,52.34,0.0
2020-06-01,267.63,272.96,267.63,272.69,266.37,6.319999999999993,2.37,29480294.0,1776563605.0,4.5132,0.004311,0.006372,1.49,17.4674,18.4731,3.9895,1.5201,1.6202,0.020245,,6999467315.0,6838920808.999999,4626874196.0,422907815172.0,413207595280.0,家用电器,家用电器,白色家电,空调,64.92,53.12,0.0
2020-06-02,276.53,276.53,271.39,272.08,272.68,-0.6000000000000227,-0.22,20680547.0,1218477896.0,4.6351,0.003024,0.00447,0.92,16.9702,17.9472,4.3307,1.4768,1.5741,0.020838,0.027093,6999467315.0,6838920808.999999,4626874196.0,410868731391.0,401444651488.0,家用电器,家用电器,白色家电,空调,64.71,52.95,0.0
2020-06-03,274.17,275.19,268.42,270.37,272.08,-1.7099999999999795,-0.63,18092904.0,1059003035.0,4.6351,0.002646,0.00391,0.79,16.8632,17.8341,4.3034,1.4675,1.5641,0.02097,0.027264,6999467315.0,6838920808.999999,4626874196.0,408278928484.0,398914250789.0,家用电器,家用电器,白色家电,空调,64.57,52.83,0.0
2020-06-04,272.78,277.64,272.13,272.78,270.37,2.409999999999968,0.89,14025768.0,827157600.0,4.6351,0.002051,0.003031,0.65,17.0135,17.9931,4.3418,1.4806,1.5781,0.020785,0.027024,6999467315.0,6838920808.999999,4626874196.0,411918651488.0,402470489610.0,家用电器,家用电器,白色家电,空调,64.16,52.5,0.0
2020-06-05,273.42,274.31,271.62,273.24,272.78,0.4600000000000364,0.17,12725949.0,749286684.0,4.6351,0.0018609999999999,0.00275,0.63,17.0425,18.0237,4.3492,1.4831,1.5808,0.020749,0.026978,6999467315.0,6838920808.999999,4626874196.0,412618598219.0,403154381691.0,家用电器,家用电器,白色家电,空调,64.74,52.97,0.0
2020-06-08,275.32,285.34,273.61,278.85,273.24,5.610000000000014,2.05,35943983.0,2180630902.0,4.6351,0.0052559999999999,0.007769,1.89,17.3923,18.3936,4.4384,1.5135,1.6132,0.020332,0.026435,6999467315.0,6838834558.999999,4626874196.0,421087953670.0,411424287069.0,家用电器,家用电器,白色家电,空调,64.85,53.06,0.0
2020-06-09,280.66,284.73,279.4,281.17,278.85,2.319999999999993,0.83,24013535.0,1463794178.0,4.6351,0.003511,0.00519,1.18,17.5368,18.5465,4.4753,1.5261,1.6266,0.020164,0.026217,6999467315.0,6838834558.999999,4626787946.0,424587687328.0,414843704349.0,家用电器,家用电器,白色家电,空调,66.18,54.14,0.0
2020-06-10,283.11,283.71,278.94,279.59,281.17,-1.580000000000041,-0.56,19014845.0,1153412205.0,4.6351,0.00278,0.00411,0.91,17.4385,18.4425,4.4502,1.5176,1.6175,0.020278,0.026365,6999467315.0,6838834558.999999,4626787946.0,422207868441.0,412518500599.0,家用电器,家用电器,白色家电,空调,66.73,54.59,0.0
2020-06-11,279.73,280.93,273.93,276.53,279.59,-3.0600000000000023,-1.09,20137719.0,1204181863.0,4.6351,0.0029449999999999,0.004352,0.95,17.2477,18.2407,4.4015,1.5009,1.5998,0.020502,0.026657,6999467315.0,6838834558.999999,4626787946.0,417588220013.0,408004869790.0,家用电器,家用电器,白色家电,空调,66.35,54.29,0.0
2020-06-12,272.08,278.11,271.15,278.01,276.53,1.4800000000000182,0.54,18519009.0,1097620789.0,4.6351,0.002708,0.004003,0.83,17.3402,18.3386,4.4251,1.509,1.6084,0.0203929999999999,0.026514,6999467315.0,6838834558.999999,4626787946.0,419828049554.0,410193296849.0,家用电器,家用电器,白色家电,空调,65.63,53.69,0.0
2020-06-15,273.89,275.46,268.84,268.84,278.01,-9.170000000000016,-3.3,32000406.0,1872474026.0,4.6351,0.004679,0.006916,1.36,16.7678,17.7332,4.2791,1.4592,1.5553,0.021089,0.02742,6999467315.0,6838834558.999999,4626787946.0,405969104270.0,396652404422.0,家用电器,家用电器,白色家电,空调,65.98,53.98,0.0
2020-06-16,272.03,274.86,271.57,273.47,268.84,4.630000000000052,1.72,18308826.0,1077626691.0,4.6351,0.002677,0.003957,0.81,17.0569,18.0389,4.3528,1.4843,1.5821,0.020732,0.026955,6999467315.0,6838834558.999999,4626787946.0,412968571585.0,403491238981.00006,家用电器,家用电器,白色家电,空调,63.8,52.2,0.0
2020-06-17,272.59,272.91,267.21,268.37,273.47,-5.100000000000023,-1.86,22128310.0,1285597241.0,4.6351,0.003236,0.004783,1.02,16.7389,17.7026,4.2717,1.4567,1.5526,0.021126,0.027467,6999467315.0,6838834558.999999,4626787946.0,405269157539.0,395968520966.00006,家用电器,家用电器,白色家电,空调,64.9,53.1,0.0
2020-06-18,268.14,268.79,264.94,268.14,268.37,-0.2300000000000182,-0.09,26722486.0,1537168004.0,4.6351,0.003907,0.005776,1.2,16.7244,17.6873,4.268,1.4554,1.5513,0.021144,0.0274909999999999,6999467315.0,6838834558.999999,4626787946.0,404919184173.0,395626579238.0,家用电器,家用电器,白色家电,空调,63.69,52.11,0.0
2020-06-19,268.14,278.01,268.14,277.04,268.14,8.900000000000034,3.32,32428005.0,1923447883.0,4.6351,0.0047399999999999,0.007009,1.38,17.2851,18.2803,4.4111,1.5042,1.6033,0.0204579999999999,0.0265989999999999,7001732717.0,6841099961.0,4626787946.0,418493564495.0,408892544669.0,家用电器,家用电器,白色家电,空调,63.64,52.07,0.0
2020-06-22,276.25,277.87,273.1,273.89,277.04,-3.150000000000034,-1.14,21979729.0,1306914551.0,4.6351,0.00321,0.004743,0.84,17.0885,18.0723,4.3609,1.4871,1.585,0.020694,0.026905,7001732717.0,6846632461.0,4634585848.0,413732386248.0,404567512120.0,家用电器,家用电器,白色家电,空调,65.75,53.79,0.0
2020-06-23,272.82,275.6,271.06,273.47,273.89,-0.4199999999999591,-0.15,18114636.0,1068928529.0,4.6351,0.002646,0.003909,0.75,17.0624,18.0448,4.3542,1.4848,1.5826,0.0207249999999999,0.0269459999999999,7001732717.0,6846632461.0,4634585848.0,413102230303.0,403951315199.0,家用电器,家用电器,白色家电,空调,65.0,53.18,0.0
2020-06-24,274.4,278.94,273.89,276.72,273.47,3.25,1.19,20031990.0,1194505230.0,4.6351,0.002926,0.0043219999999999,0.83,17.2649,18.2589,4.4059,1.5024,1.6014,0.020482,0.0266299999999999,7001732717.0,6846632461.0,4634585848.0,418003443205.0,408743957922.0,家用电器,家用电器,白色家电,空调,64.9,53.1,0.0
2020-06-29,276.72,278.11,272.13,277.87,276.72,1.1499999999999773,0.42,26106135.0,1557837552.0,4.6351,0.00381,0.005627,1.09,17.3497,18.3485,4.4275,1.5098,1.6093,0.0203819999999999,0.0265,7006778320.000001,6851348064.0,4639301451.0,420056360284.0,410738316437.00006,家用电器,家用电器,白色家电,空调,65.67,53.73,0.0
2020-06-30,278.11,282.74,275.79,277.13,277.87,-0.7400000000000091,-0.27,26125157.0,1577689211.0,4.6351,0.0038129999999999,0.005631,1.1,17.3034,18.2996,4.4157,1.5058,1.605,0.0204369999999999,0.0265709999999999,7006778320.000001,6851348064.0,4639301451.0,418935275753.0,409642100747.0,家用电器,家用电器,白色家电,空调,65.95,53.96,0.0
2020-07-01,276.72,289.65,273.1,289.42,277.13,12.29000000000002,4.43,44260978.0,2719438555.0,4.6351,0.006457,0.009533,1.97,18.0703,19.1106,4.6114,1.5725,1.6761,0.019561,0.025432,7006778320.000001,6855052189.0,4643005576.0,437503238301.0,428029458681.0,家用电器,家用电器,白色家电,空调,65.77,53.81,0.0
2020-07-02,286.5,293.96,285.57,291.78,289.42,2.359999999999957,0.82,43526154.0,2715825420.0,4.6351,0.00635,0.009375,1.62,18.2179,19.2667,4.6491,1.5854,1.6898,0.019402,0.025226,7006778320.000001,6855052189.0,4643005576.0,441076695244.00006,431525535298.0,家用电器,家用电器,白色家电,空调,68.68,56.2,0.0
2020-07-03,292.47,296.41,286.59,289.18,291.78,-2.599999999999966,-0.89,34079825.0,2137708206.0,4.6351,0.004971,0.00734,1.06,18.0558,19.0953,4.6078,1.5713,1.6748,0.019577,0.025453,7006778320.000001,6855052189.0,4643005576.0,437152899385.0,427686706072.0,家用电器,家用电器,白色家电,空调,69.25,56.66,0.0
2020-07-06,291.13,301.24,289.74,296.79,289.18,7.610000000000014,2.63,59925805.00000001,3811821943.0,4.6351,0.008742,0.012907,1.72,18.5304,19.5973,4.7289,1.6126,1.7188,0.0190749999999999,0.024801,7006778320.000001,6855052189.0,4643005576.0,448644015830.0,438928991662.0,家用电器,家用电器,白色家电,空调,68.63,56.15,0.0
2020-07-07,297.3,313.1,297.11,298.41,296.79,1.6200000000000043,0.55,49039047.0,3224341189.0,4.6351,0.007154,0.010562,1.18,18.6317,19.7044,4.7547,1.6214,1.7282,0.018971,0.024666,7006778320.000001,6855052189.0,4643005576.0,451096388242.0,441328259928.0,家用电器,家用电器,白色家电,空调,70.43,57.63,0.0
2020-07-08,298.04,302.67,293.22,296.55,298.41,-1.8600000000000136,-0.62,28482031.0,1818108347.0,4.6351,0.004155,0.006134,0.62,18.5159,19.582,4.7252,1.6113,1.7174,0.01909,0.02482,7006778320.000001,6855052189.0,4643005576.0,448293676914.0,438586239052.0,家用电器,家用电器,白色家电,空调,70.82,57.94,0.0
2020-07-09,296.65,301.28,292.01,301.19,296.55,4.639999999999986,1.56,31228061.0,1993727704.0,4.6351,0.004555,0.0067259999999999,0.73,18.8053,19.888,4.799,1.6365,1.7443,0.018796,0.024438,7006778320.000001,6855052189.0,4643005576.0,455300455234.0,445441291241.0,家用电器,家用电器,白色家电,空调,70.38,57.58,0.0
2020-07-10,298.96,299.06,292.94,293.87,301.19,-7.319999999999993,-2.43,27329673.0,1741014720.0,4.6351,0.003987,0.005886,0.67,18.3481,19.4045,4.6823,1.5967,1.7019,0.019265,0.025047,7006778320.000001,6855052189.0,4643005576.0,444229745488.0,434610308783.00006,家用电器,家用电器,白色家电,空调,71.48,58.48,0.0
2020-07-13,291.64,297.11,291.27,293.17,293.87,-0.6999999999999886,-0.24,34467867.0,2186339088.0,4.6351,0.005028,0.0074239999999999,0.88,18.3047,19.3586,4.6713,1.5929,1.6979,0.01931,0.025107,7006778320.000001,6855052189.0,4643005576.0,443178728740.0,433582050954.0,家用电器,家用电器,白色家电,空调,69.74,57.06,0.0
2020-07-14,296.0,296.04,283.62,286.63,293.17,-6.5400000000000205,-2.23,38295985.0,2377225465.0,4.6351,0.005587,0.008248,1.12,17.8966,18.927,4.5671,1.5574,1.66,0.019751,0.0256789999999999,7006778320.000001,6855052189.0,4643005576.0,433299171309.0,423916427368.0,家用电器,家用电器,白色家电,空调,69.58,56.93,0.0
2020-07-15,286.87,296.65,286.68,291.92,286.63,5.2900000000000205,1.85,43694916.0,2750957937.0,4.6351,0.0063939999999999,0.009454,1.37,18.2576,19.3088,4.6593,1.5888,1.6935,0.019368,0.025182,7018717307.0,6833651176.0,4621604563.0,442038815995.0,430383351064.0,家用电器,家用电器,白色家电,空调,68.02,55.66,0.0
2020-07-16,292.01,298.92,283.16,283.39,291.92,-8.53000000000003,-2.92,36958887.0,2326871245.0,4.6351,0.005408,0.0079969999999999,1.06,17.7242,18.7446,4.5231,1.5424,1.644,0.019951,0.0259399999999999,7018717307.0,6833651176.0,4621604563.0,429124376150.0,417809432901.0,家用电器,家用电器,白色家电,空调,69.28,56.68,0.0
2020-07-17,281.81,298.59,281.44,296.18,283.39,12.79000000000002,4.51,36087627.0,2269485712.0,4.6351,0.005281,0.007808,1.0,18.5243,19.5908,4.7273,1.612,1.7182,0.01909,0.02482,7018717307.0,6833651176.0,4621604563.0,448496035917.0,436670310146.0,家用电器,家用电器,白色家电,空调,67.25,55.03,0.0
2020-07-20,296.18,313.7,293.31,312.31,296.18,16.129999999999995,5.45,60069359.0,3970335086.0,4.6351,0.00879,0.012998,1.58,19.5331,20.6577,4.9848,1.6998,1.8118,0.018104,0.023538,7018717307.0,6833651176.0,4621604563.0,472921172146.0,460451416239.0,家用电器,家用电器,白色家电,空调,70.29,57.51,0.0
2020-07-21,310.55,314.82,306.24,312.17,312.31,-0.1399999999999863,-0.04,32874716.0,2206459249.0,4.6351,0.004811,0.007113,0.76,19.5244,20.6485,4.9825,1.6991,1.811,0.018112,0.023548,7018717307.0,6833651176.0,4621604563.0,472710610626.0,460246406704.0,家用电器,家用电器,白色家电,空调,74.12,60.64,0.0
2020-07-22,309.62,315.09,307.35,312.17,312.17,0.0,0.0,30389752.0,2045490786.0,4.6351,0.0044469999999999,0.0065759999999999,0.72,19.5244,20.6485,4.9825,1.6991,1.811,0.018112,0.023548,7018717307.0,6833651176.0,4621604563.0,472710610626.0,460246406704.0,家用电器,家用电器,白色家电,空调,74.09,60.62,0.0
2020-07-23,308.23,326.64,307.59,325.34,312.17,13.16999999999996,4.22,48715945.0,3361999484.0,4.6351,0.007129,0.010541,1.24,20.3477,21.5192,5.1926,1.7707,1.8874,0.017379,0.022595,7018717307.0,6833651176.0,4621604563.0,492643767778.0,479653976043.0,家用电器,家用电器,白色家电,空调,74.09,60.62,0.0
2020-07-24,320.61,325.15,305.92,308.23,325.34,-17.109999999999957,-5.26,40925587.0,2781427887.0,4.6351,0.0059889999999999,0.008855,0.98,19.278,20.3879,4.9197,1.6776,1.7881,0.018343,0.023849,7018717307.0,6833651176.0,4621604563.0,466744700916.0,454437803204.0,家用电器,家用电器,白色家电,空调,77.21,63.17,0.0
2020-07-27,313.38,314.26,300.35,311.39,308.23,3.159999999999968,1.03,27302925.0,1806012286.0,4.6351,0.003995,0.005908,0.64,19.4752,20.5964,4.97,1.6948,1.8064,0.018158,0.0236079999999999,7018717307.0,6833651176.0,4621604563.0,471517428684.0,459084686004.0,家用电器,家用电器,白色家电,空调,73.15,59.85,0.0
2020-07-28,311.39,317.69,308.79,311.06,311.39,-0.3299999999999841,-0.11,23410296.0,1580820575.0,4.6351,0.003426,0.0050649999999999,0.65,19.4549,20.575,4.9648,1.693,1.8045,0.018176,0.023632,7018717307.0,6833651176.0,4621604563.0,471026118473.0,458606330421.0,家用电器,家用电器,白色家电,空调,73.9,60.46,0.0
2020-07-29,312.17,333.73,312.17,332.01,311.06,20.94999999999999,6.74,46054192.0,3268094875.0,4.6351,0.006739,0.009965,1.35,20.7652,21.9607,5.2992,1.8071,1.9261,0.017029,0.022141,7018717307.0,6833651176.0,4621604563.0,502750720700.0,489494433737.0,家用电器,家用电器,白色家电,空调,73.82,60.4,0.0
2020-07-30,331.87,335.12,325.62,328.95,332.01,-3.0600000000000023,-0.92,19480756.0,1385613240.0,4.6351,0.002851,0.004215,0.52,20.5739,21.7584,5.2504,1.7904,1.9083,0.017188,0.022347,7018717307.0,6833651176.0,4621604563.0,498118367278.0,484984223961.0,家用电器,家用电器,白色家电,空调,78.79,64.47,0.0
2020-07-31,327.15,341.84,324.78,332.57,328.95,3.620000000000005,1.1,29357548.0,2117686421.0,4.6351,0.0042959999999999,0.006352,0.93,20.8,21.9975,5.3081,1.8101,1.9293,0.017001,0.022104,7018717307.0,6833651176.0,4621604563.0,503592966777.0,490314471878.0,家用电器,家用电器,白色家电,空调,78.07,63.87,0.0
2020-08-03,333.73,346.43,332.85,336.0,332.57,3.430000000000007,1.03,34330969.0,2510509104.0,4.6351,0.005024,0.007428,1.18,21.0145,22.2244,5.3628,1.8287,1.9492,0.016827,0.021878,7018717307.0,6833651176.0,4621604563.0,508786817584.0,495371373748.0,家用电器,家用电器,白色家电,空调,78.93,64.58,0.0
2020-08-04,333.73,335.03,325.99,333.96,336.0,-2.0400000000000205,-0.61,29227141.0,2081709108.0,4.6351,0.004274,0.006317,0.96,20.8961,22.0992,5.3354,1.8184,1.9382,0.016923,0.022002,7021795879.0,6838948247.999999,4626901635.0,505920393082.0,492746221268.0,家用电器,家用电器,白色家电,空调,79.74,65.24,0.0
2020-08-05,329.09,335.58,328.17,330.95,333.96,-3.009999999999991,-0.9,19111758.0,1362330037.0,4.6351,0.002795,0.004131,0.6,20.7076,21.8998,5.2873,1.802,1.9207,0.017077,0.022203,7021795879.0,6838948247.999999,4626901635.0,501356225761.0,488300904907.0,家用电器,家用电器,白色家电,空调,79.26,64.85,0.0
2020-08-06,329.09,332.8,324.64,327.24,330.95,-3.70999999999998,-1.12,21873467.0,1545541041.0,4.6351,0.003198,0.004727,0.83,20.4756,21.6544,5.2281,1.7818,1.8992,0.01727,0.022454,7021795879.0,6838948247.999999,4626901635.0,495738789057.0,482829746309.0,家用电器,家用电器,白色家电,空调,78.54,64.26,0.0
2020-08-07,326.22,329.6,319.13,327.01,327.24,-0.2300000000000182,-0.07,25414414.0,1782876109.0,4.6351,0.0037159999999999,0.005493,0.95,20.4611,21.6391,5.2244,1.7806,1.8979,0.017283,0.02247,7021795879.0,6838948247.999999,4626901635.0,495387699263.0,482487798896.0,家用电器,家用电器,白色家电,空调,77.66,63.54,0.0
2020-08-10,325.38,335.58,321.21,333.73,327.01,6.720000000000027,2.05,24105482.0,1710556589.0,4.6351,0.003525,0.00521,0.93,20.8816,22.0838,5.3317,1.8172,1.9369,0.016935,0.022018,7021795879.0,6838948247.999999,4626901635.0,505569303288.0,492404273856.0,家用电器,家用电器,白色家电,空调,77.61,63.5,0.0
2020-08-11,334.42,340.63,329.93,330.48,333.73,-3.25,-0.97,20568061.0,1492137506.0,4.6351,0.003007,0.004445,0.86,20.6786,21.8691,5.2799,1.7995,1.918,0.0171009999999999,0.0222339999999999,7021795879.0,6838948247.999999,4626901635.0,500654046173.0,487617010082.0,家用电器,家用电器,白色家电,空调,79.2,64.8,0.0
2020-08-12,327.52,331.92,320.61,322.88,330.48,-7.600000000000023,-2.3,28973831.0,2027499314.0,4.6351,0.004237,0.006262,1.3,20.203,21.3661,5.1585,1.7581,1.8739,0.017503,0.022757,7021795879.0,6838948247.999999,4626901635.0,489138300931.0,476401134956.0,家用电器,家用电器,白色家电,空调,78.43,64.17,0.0
2020-08-13,323.58,329.46,323.44,324.5,322.88,1.6200000000000043,0.5,13064516.0,917532052.0,4.6351,0.00191,0.0028239999999999,0.54,20.3045,21.4735,5.1844,1.767,1.8833,0.017416,0.022644,7021795879.0,6838948247.999999,4626901635.0,491595929489.0,478794766842.0,家用电器,家用电器,白色家电,空调,76.63,62.69,0.0
2020-08-14,324.46,334.05,323.21,333.91,324.5,9.410000000000023,2.9,16119697.0,1148282707.0,4.6351,0.0023569999999999,0.0034839999999999,0.72,20.8932,22.0961,5.3347,1.8182,1.938,0.016925,0.022006,7021795879.0,6838948247.999999,4626901635.0,505850175123.0,492677831786.0,家用电器,家用电器,白色家电,空调,77.01,63.01,0.0
2020-08-17,335.58,342.07,330.95,334.33,333.91,0.4199999999999591,0.13,24517214.0,1785517673.0,4.6351,0.0035849999999999,0.005299,1.19,20.9193,22.1237,5.3414,1.8205,1.9404,0.016904,0.021978,7021795879.0,6838948247.999999,4626901635.0,506482136752.0,493293337128.00006,家用电器,家用电器,白色家电,空调,79.24,64.84,0.0
2020-08-18,334.38,337.16,329.37,332.8,334.33,-1.5299999999999727,-0.46,19301461.0,1382264209.0,4.6351,0.002822,0.004172,0.93,20.8236,22.0225,5.3169,1.8121,1.9315,0.016982,0.022079,7021795879.0,6838948247.999999,4626901635.0,504164944112.0,491036484206.0,家用电器,家用电器,白色家电,空调,79.34,64.92,0.0
2020-08-19,332.34,335.12,324.46,325.01,332.8,-7.79000000000002,-2.34,25327310.0,1791352682.0,4.6351,0.003703,0.005474,1.24,20.3364,21.5072,5.1925,1.7697,1.8863,0.0173889999999999,0.022608,7021795879.0,6838948247.999999,4626901635.0,492368327035.0,479547051150.0,家用电器,家用电器,白色家电,空调,78.98,64.62,0.0
2020-08-20,323.53,324.87,318.2,320.01,325.01,-5.0,-1.54,21907644.0,1513934316.0,4.6351,0.0032029999999999,0.004735,1.11,20.0231,21.176,5.1126,1.7425,1.8572,0.017661,0.0229619999999999,7021795879.0,6838948247.999999,4626901635.0,484784787486.0,472160987042.0,家用电器,家用电器,白色家电,空调,77.13,63.11,0.0
2020-08-21,320.52,323.9,319.13,321.58,320.01,1.5699999999999932,0.49,12645605.0,876813908.0,4.6351,0.001849,0.0027329999999999,0.59,20.1218,21.2802,5.1377,1.7511,1.8664,0.017574,0.0228489999999999,7021795879.0,6838948247.999999,4626901635.0,487172198085.0,474486229446.0,家用电器,家用电器,白色家电,空调,75.94,62.14,0.0
2020-08-24,321.21,326.26,320.56,326.17,321.58,4.590000000000032,1.43,17427938.0,1215646639.0,4.6351,0.002548,0.003767,0.84,20.4089,21.5839,5.211,1.776,1.893,0.017327,0.022528,7021795879.0,6838948247.999999,4626901635.0,494123776005.0,481256788212.0,家用电器,家用电器,白色家电,空调,76.32,62.44,0.0
2020-08-25,326.08,326.31,322.32,324.36,326.17,-1.8100000000000025,-0.55,17931823.0,1254921571.0,4.6351,0.0026219999999999,0.003876,0.93,20.2958,21.4643,5.1822,1.7662,1.8825,0.017423,0.022653,7021795879.0,6838948247.999999,4626901635.0,491385275612.0,478589598395.0,家用电器,家用电器,白色家电,空调,77.41,63.33,0.0
2020-08-26,324.36,330.95,318.2,321.17,324.36,-3.1899999999999977,-0.98,23770209.0,1661357463.0,4.6351,0.003476,0.005137,1.25,20.0956,21.2526,5.1311,1.7488,1.864,0.017597,0.022879,7021795879.0,6838948247.999999,4626901635.0,486540236456.0,473870724104.00006,家用电器,家用电器,白色家电,空调,76.98,62.98,0.0
2020-08-27,321.21,323.76,310.97,315.14,321.17,-6.03000000000003,-1.88,34293199.0,2327750659.0,4.6351,0.0050139999999999,0.0074119999999999,1.83,19.7186,20.8539,5.0348,1.716,1.829,0.0179329999999999,0.023316,7021795879.0,6838948247.999999,4626901635.0,477411901813.0,464980091382.0,家用电器,家用电器,白色家电,空调,76.22,62.36,0.0
2020-08-28,312.41,326.87,311.02,325.75,315.14,10.610000000000014,3.37,32318623.0,2228514546.0,4.6351,0.004726,0.006985,1.52,20.3828,21.5563,5.2044,1.7738,1.8906,0.017349,0.022557,7021795879.0,6838948247.999999,4626901635.0,493491814376.0,480641282869.0,家用电器,家用电器,白色家电,空调,74.79,61.19,0.0
2020-08-31,329.23,340.63,326.91,326.96,325.75,1.2099999999999795,0.37,25868305.0,1852443294.0,4.6351,0.0037819999999999,0.005591,1.03,20.4582,21.5802,4.7205,1.7803,1.8797,0.017282,0.02247,7021795879.0,6838948247.999999,4626901635.0,495317481305.00006,482419409414.0,家用电器,家用电器,白色家电,空调,77.31,63.25,0.0
2020-09-01,327.05,334.75,327.01,332.34,326.96,5.379999999999996,1.65,20547663.0,1468837506.0,4.6351,0.003005,0.004441,0.77,20.7946,21.935,4.7982,1.8096,1.9106,0.017002,0.022106,7021795879.0,6838948247.999999,4626901635.0,503462764524.0,490352589382.0,家用电器,家用电器,白色家电,空调,77.59,63.49,0.0
2020-09-02,333.73,336.0,326.22,328.77,332.34,-3.569999999999993,-1.07,18310804.0,1304982310.0,4.6351,0.002677,0.003957,0.67,20.5713,21.6995,4.7466,1.7902,1.8901,0.0171869999999999,0.0223459999999999,7021795879.0,6838948247.999999,4626901635.0,498055981697.0,485086599231.0,家用电器,家用电器,白色家电,空调,78.87,64.53,0.0
2020-09-03,329.09,338.27,327.79,328.77,328.77,0.0,0.0,32530873.0,2340687057.0,4.6351,0.004757,0.0070309999999999,1.24,20.5713,21.6995,4.7466,1.7902,1.8901,0.0171869999999999,0.0223459999999999,7021795879.0,6838948247.999999,4626901635.0,498055981697.0,485086599231.0,家用电器,家用电器,白色家电,空调,78.02,63.84,0.0
2020-09-04,322.14,323.9,316.11,318.85,328.77,-9.91999999999996,-3.02,35933576.0,2474691327.0,4.6351,0.005254,0.0077659999999999,1.39,19.9506,21.0448,4.6034,1.7362,1.833,0.017722,0.023041,7021795879.0,6838948247.999999,4626901635.0,483029338516.0,470451249980.00006,家用电器,家用电器,白色家电,空调,78.02,63.84,0.0
2020-09-07,315.65,318.29,308.19,309.16,318.85,-9.689999999999998,-3.04,44222648.0,2971282423.0,4.6351,0.0064659999999999,0.009558,1.66,19.3445,20.4054,4.4636,1.6834,1.7773,0.018277,0.023763,7021795879.0,6838948247.999999,4626901635.0,468353785129.0,456157848142.0,家用电器,家用电器,白色家电,空调,75.67,61.91,0.0
2020-09-08,309.16,310.55,304.25,310.0,309.16,0.839999999999975,0.27,26350941.0,1747654428.0,4.6351,0.0038529999999999,0.005695,0.87,19.3967,20.4605,4.4756,1.688,1.7821,0.018228,0.0236989999999999,7021795879.0,6838948247.999999,4626901635.0,469617708388.0,457388858826.0,家用电器,家用电器,白色家电,空调,73.37,60.03,0.0
2020-09-09,305.92,308.6,300.03,300.63,310.0,-9.370000000000005,-3.02,28454172.0,1861646756.0,4.6351,0.004161,0.00615,0.9,18.8109,19.8425,4.3404,1.637,1.7283,0.018795,0.024437,7021795879.0,6838948247.999999,4626901635.0,455433680712.0,443574183365.0,家用电器,家用电器,白色家电,空调,73.57,60.19,0.0
2020-09-10,303.65,306.89,300.86,305.45,300.63,4.819999999999993,1.6,21030173.0,1381763382.0,4.6351,0.003075,0.004545,0.63,19.1125,20.1607,4.41,1.6632,1.756,0.018499,0.0240519999999999,7021795879.0,6838948247.999999,4626901635.0,462736348426.0,450686689543.0,家用电器,家用电器,白色家电,空调,71.35,58.37,0.0
2020-09-11,303.6,309.62,299.33,306.75,305.45,1.3000000000000114,0.43,21512672.0,1421649986.0,4.6351,0.003146,0.0046489999999999,0.69,19.1937,20.2463,4.4288,1.6703,1.7635,0.018421,0.02395,7021795879.0,6838948247.999999,4626901635.0,464702451272.0,452601595053.0,家用电器,家用电器,白色家电,空调,72.49,59.31,0.0
2020-09-14,307.21,316.35,306.84,315.19,306.75,8.439999999999998,2.75,21739269.0,1469293455.0,4.6351,0.003179,0.004698,0.77,19.7215,20.8031,4.5506,1.7162,1.812,0.017928,0.023309,7021795879.0,6838948247.999999,4626901635.0,477482119772.0,465048480864.0,家用电器,家用电器,白色家电,空调,72.8,59.56,0.0
2020-09-15,317.6,328.03,317.32,326.4,315.19,11.20999999999998,3.56,29001582.0,2033590884.0,4.6351,0.004241,0.006268,1.22,20.4234,21.5434,4.7125,1.7773,1.8765,0.017311,0.022508,7021795879.0,6838948247.999999,4626901635.0,494474865799.0,481598735624.0,家用电器,家用电器,白色家电,空调,74.8,61.2,0.0
2020-09-16,325.8,333.63,320.75,322.88,326.4,-3.519999999999982,-1.08,29121345.0,2060063617.0,4.6351,0.004258,0.0062939999999999,1.2,20.203,21.3109,4.6616,1.7581,1.8562,0.0175,0.022753,7021795879.0,6838948247.999999,4626901635.0,489138300931.0,476401134956.0,家用电器,家用电器,白色家电,空调,77.46,63.38,0.0
2020-09-17,323.53,329.09,321.26,327.24,322.88,4.360000000000014,1.35,27443479.0,1932446433.0,4.6351,0.004013,0.005931,1.12,20.4756,21.5985,4.7245,1.7818,1.8813,0.0172669999999999,0.02245,7021795879.0,6838948247.999999,4626901635.0,495738789057.0,482829746309.0,家用电器,家用电器,白色家电,空调,76.63,62.69,0.0
2020-09-18,329.65,330.62,324.64,325.75,327.24,-1.490000000000009,-0.46,21751479.0,1538451545.0,4.6351,0.003181,0.004701,0.81,20.3828,21.5006,4.7031,1.7738,1.8727,0.017346,0.022553,7021795879.0,6838948247.999999,4626901635.0,493491814376.0,480641282869.0,家用电器,家用电器,白色家电,空调,77.66,63.54,0.0
2020-09-21,325.62,329.83,321.72,324.6,325.75,-1.1499999999999773,-0.35,16561025.0,1164163889.0,4.6351,0.002422,0.003579,0.64,20.3103,21.4241,4.6864,1.7675,1.8661,0.017408,0.022633,7021795879.0,6838948247.999999,4626901635.0,491736365406.0,478931545807.0,家用电器,家用电器,白色家电,空调,77.31,63.25,0.0
2020-09-22,322.14,327.05,321.95,323.95,324.6,-0.6500000000000341,-0.2,13996729.0,978793363.0,4.6351,0.0020469999999999,0.003025,0.56,20.2697,21.3813,4.677,1.7639,1.8624,0.017443,0.0226779999999999,7021795879.0,6838948247.999999,4626901635.0,490753313983.0,477974093053.0,家用电器,家用电器,白色家电,空调,77.03,63.03,0.0
2020-09-23,324.5,330.76,322.05,329.42,323.95,5.470000000000027,1.69,17144539.0,1211864648.0,4.6351,0.0025069999999999,0.003705,0.79,20.6119,21.7423,4.756,1.7937,1.8938,0.017153,0.022302,7021795879.0,6838948247.999999,4626901635.0,499039033121.0,486044051985.0,家用电器,家用电器,白色家电,空调,76.88,62.9,0.0
2020-09-24,327.05,328.86,322.93,326.59,329.42,-2.830000000000041,-0.86,20075766.0,1410207324.0,4.6351,0.002936,0.004339,1.04,20.435,21.5557,4.7152,1.7783,1.8775,0.0173019999999999,0.0224949999999999,7021795879.0,6838948247.999999,4626901635.0,494755737634.00006,481872293554.00006,家用电器,家用电器,白色家电,空调,78.18,63.96,0.0
2020-09-25,327.47,332.66,324.83,325.85,326.59,-0.7399999999999523,-0.23,12081513.0,855869344.0,4.6351,0.001767,0.002611,0.67,20.3886,21.5067,4.7045,1.7743,1.8733,0.017341,0.022546,7021795879.0,6838948247.999999,4626901635.0,493632250294.0,480778061834.0,家用电器,家用电器,白色家电,空调,77.51,63.41,0.0
2020-09-28,325.85,331.41,324.27,328.63,325.85,2.7799999999999727,0.85,17393725.0,1235538585.0,4.6351,0.002543,0.003759,1.09,20.5626,21.6903,4.7446,1.7894,1.8893,0.017194,0.022355,7021795879.0,6838948247.999999,4626901635.0,497845327821.0,484881430783.0,家用电器,家用电器,白色家电,空调,77.33,63.27,0.0
2020-09-29,329.09,337.9,329.09,335.81,328.63,7.180000000000007,2.18,23391359.0,1692268567.0,4.6351,0.00342,0.005056,1.45,21.0121,22.1645,4.8484,1.8285,1.9306,0.016826,0.021877,7021795879.0,6838948247.999999,4626901635.0,508729111434.0,495481800568.0,家用电器,家用电器,白色家电,空调,77.99,63.81,0.0
2020-09-30,337.9,341.28,335.03,336.51,335.81,0.6999999999999886,0.21,22133662.0,1618394621.0,4.6351,0.003236,0.004784,1.23,21.0556,22.2104,4.8584,1.8323,1.9346,0.016792,0.0218319999999999,7021795879.0,6838948247.999999,4626901635.0,509782380815.0,496507642805.0,家用电器,家用电器,白色家电,空调,79.7,65.21,0.0
2020-10-09,338.64,343.74,338.41,340.17,336.51,3.660000000000025,1.09,25158747.0,1853607137.0,4.6351,0.003679,0.005437,1.32,21.2847,22.4521,4.9113,1.8523,1.9556,0.016611,0.0215969999999999,7021795879.0,6838948247.999999,4626901635.0,515329599560.0,501910411921.00006,家用电器,家用电器,白色家电,空调,79.86,65.34,0.0
2020-10-12,336.51,342.9,335.12,342.9,340.17,2.7299999999999613,0.8,26325624.0,1930035640.0,4.6351,0.003849,0.00569,1.31,21.4559,22.6326,4.9507,1.8672,1.9713,0.016478,0.021425,7021795879.0,6838948247.999999,4626901635.0,519472459128.0,505945391387.0,家用电器,家用电器,白色家电,空调,80.73,66.05,0.0
2020-10-13,342.9,352.04,340.4,351.76,342.9,8.860000000000014,2.58,25577466.0,1920061020.0,4.6351,0.00374,0.005528,1.12,22.0098,23.2169,5.0786,1.9154,2.0222,0.016064,0.0208849999999999,7021795879.0,6838948247.999999,4626901635.0,532884089257.0,519007782541.0,家用电器,家用电器,白色家电,空调,81.38,66.58,0.0
2020-10-14,348.1,354.45,346.71,348.79,351.76,-2.9699999999999704,-0.84,19613367.0,1478023724.0,4.6351,0.002868,0.004239,0.8,21.8242,23.0211,5.0357,1.8992,2.0052,0.0162,0.021063,7021795879.0,6838948247.999999,4626901635.0,528390139895.0,514630855662.0,家用电器,家用电器,白色家电,空调,83.48,68.3,0.0
2020-10-15,347.77,356.72,346.61,352.73,348.79,3.9399999999999977,1.13,19211037.0,1462783204.0,4.6351,0.002809,0.004152,0.81,22.0707,23.2811,5.0926,1.9207,2.0278,0.016019,0.020828,7021795879.0,6838948247.999999,4626901635.0,534358666392.0,520443961673.0,家用电器,家用电器,白色家电,空调,82.78,67.73,0.0
2020-10-16,350.88,354.03,346.24,346.71,352.73,-6.020000000000039,-1.71,14591721.0,1096650311.0,4.6351,0.002134,0.003154,0.63,21.6937,22.8834,5.0056,1.8879,1.9932,0.016298,0.02119,7021795879.0,6838948247.999999,4626901635.0,525230331749.0,511553328950.00006,家用电器,家用电器,白色家电,空调,83.71,68.49,0.0
2020-10-19,346.8,357.6,345.36,347.63,346.71,0.920000000000016,0.27,17779197.0,1345916770.0,4.6351,0.0026,0.0038429999999999,0.84,21.7517,22.9446,5.019,1.8929,1.9985,0.016248,0.0211249999999999,7021795879.0,6838948247.999999,4626901635.0,526634690925.0,512921118600.0,家用电器,家用电器,白色家电,空调,82.28,67.32,0.0
2020-10-20,345.36,356.81,345.36,353.66,347.63,6.03000000000003,1.73,15435375.0,1175374815.0,4.6351,0.002257,0.003336,0.8,22.1287,23.3423,5.106,1.9257,2.0332,0.015971,0.020765,7021795879.0,6838948247.999999,4626901635.0,535763025568.0,521811751322.0,家用电器,家用电器,白色家电,空调,82.5,67.5,0.0
2020-10-21,351.71,361.77,351.71,359.22,353.66,5.560000000000002,1.57,21388893.0,1651445121.0,4.6351,0.003128,0.0046229999999999,1.23,22.4767,23.7094,5.1863,1.956,2.0651,0.015724,0.020443,7021795879.0,6838948247.999999,4626901635.0,544189180623.0,530018489220.0,家用电器,家用电器,白色家电,空调,83.93,68.67,0.0
2020-10-22,358.29,364.13,353.19,363.39,359.22,4.169999999999959,1.16,15650185.0,1213225342.0,4.6351,0.002288,0.003382,0.89,22.7378,23.9848,5.2465,1.9787,2.0891,0.015543,0.020209,7021795879.0,6838948247.999999,4626901635.0,550508796914.0,536173542643.00006,家用电器,家用电器,白色家电,空调,85.25,69.75,0.0
2020-10-23,360.38,362.7,348.1,348.14,363.39,-15.25,-4.2,18123307.0,1388457539.0,4.6351,0.00265,0.003917,1.07,21.7836,22.9783,5.0264,1.8957,2.0014,0.016224,0.0210939999999999,7021795879.0,6838948247.999999,4626901635.0,527407088472.0,513673402907.00006,家用电器,家用电器,白色家电,空调,86.24,70.56,0.0
2020-10-26,347.54,355.98,341.14,355.33,348.14,7.189999999999998,2.07,16590543.0,1253614089.0,4.6351,0.002426,0.0035859999999999,0.94,22.2331,23.4524,5.1301,1.9348,2.0428,0.015896,0.020667,7021795879.0,6838948247.999999,4626901635.0,538290872084.00006,524273772692.0,家用电器,家用电器,白色家电,空调,82.62,67.6,0.0
2020-10-27,352.73,355.93,349.44,350.92,355.33,-4.409999999999968,-1.24,15692141.0,1194229494.0,4.6351,0.002295,0.003392,0.9,21.9576,23.1618,5.0665,1.9108,2.0174,0.0160949999999999,0.0209269999999999,7021795879.0,6838948247.999999,4626901635.0,531620165999.0,517776771856.0,家用电器,家用电器,白色家电,空调,84.33,68.99,0.0
2020-10-28,351.16,359.22,350.55,355.56,350.92,4.639999999999986,1.32,18721616.0,1439052208.0,4.6351,0.002737,0.004046,1.07,22.2476,23.4677,5.1334,1.9361,2.0441,0.015886,0.020654,7021795879.0,6838948247.999999,4626901635.0,538641961878.0,524615720104.0,家用电器,家用电器,白色家电,空调,83.28,68.14,0.0
2020-10-29,352.27,379.57,351.34,376.28,355.56,20.71999999999997,5.83,37779375.0,3012418003.0,4.6351,0.005524,0.008165,2.23,23.544,24.8352,5.4326,2.0489,2.1632,0.015011,0.019517,7021795879.0,6838948247.999999,4626901635.0,570029389457.0,555185818773.0,家用电器,家用电器,白色家电,空调,84.38,69.04,0.0
2020-10-30,380.31,382.4,359.45,360.94,376.28,-15.339999999999977,-4.08,32841662.0,2596624765.0,4.6351,0.004802,0.007098,1.54,22.584,23.8226,5.2111,1.9653,2.075,0.015649,0.020346,7021795879.0,6838948247.999999,4626901635.0,546787245098.0,532548900072.0,家用电器,家用电器,白色家电,空调,89.3,73.06,0.0
2020-11-02,366.22,393.98,366.17,386.57,360.94,25.629999999999995,7.1,52225315.0,4312907451.0,4.6351,0.0076359999999999,0.011287,2.15,24.1879,23.506,5.188,2.1049,2.1368,0.014611,0.018997,7021795879.0,6838948247.999999,4626901635.0,585617776309.0,570368283883.0,家用电器,家用电器,白色家电,空调,85.66,70.08,0.0
2020-11-03,386.61,386.8,374.98,382.63,386.57,-3.9399999999999977,-1.02,35157480.0,2886059068.0,4.6351,0.005141,0.0075549999999999,1.12,23.9413,23.2664,5.1352,2.0835,2.1151,0.0147619999999999,0.019193,7021795879.0,6838948247.999999,4653724235.0,579649249811.0,564555177872.0,家用电器,家用电器,白色家电,空调,91.74,75.06,0.0
2020-11-04,382.86,402.7,381.01,397.04,382.63,14.410000000000023,3.77,38958346.0,3330212465.0,4.6351,0.005697,0.008371,1.1,24.8433,24.143,5.3286,2.1619,2.1947,0.014226,0.018496,7021795879.0,6838948247.999999,4653724235.0,601487034995.0,585824306924.0,家用电器,家用电器,白色家电,空调,90.81,74.3,0.0
2020-11-05,398.85,410.21,394.17,399.13,397.04,2.089999999999975,0.53,35623998.0,3083809644.0,4.6351,0.005209,0.0076549999999999,0.9,24.9738,24.2698,5.3566,2.1733,2.2063,0.014151,0.018399,7021795879.0,6838948247.999999,4653724235.0,604646843141.0,588901833635.0,家用电器,家用电器,白色家电,空调,94.23,77.09,0.0
2020-11-06,399.22,423.18,394.59,417.81,399.13,18.680000000000007,4.68,46803613.0,4177205857.0,4.6351,0.006844,0.010057,1.2,26.1426,25.4056,5.6073,2.275,2.3095,0.013519,0.017577,7021795879.0,6838948247.999999,4653724235.0,632944680533.0,616462795075.0,家用电器,家用电器,白色家电,空调,94.72,77.5,0.0
2020-11-09,419.29,437.83,414.52,420.5,417.81,2.6899999999999977,0.64,47078602.0,4296715661.0,4.6351,0.006884,0.010116,1.13,26.3108,25.5691,5.6434,2.2897,2.3244,0.013432,0.017464,7021795879.0,6838948247.999999,4653724235.0,637017322143.0,620429385059.0,家用电器,家用电器,白色家电,空调,99.15,81.13,0.0
2020-11-10,415.77,415.86,400.98,415.58,420.5,-4.920000000000016,-1.17,35238345.0,3113825058.0,4.6351,0.005153,0.007572,0.87,26.0034,25.2703,5.5775,2.2629,2.2972,0.0135909999999999,0.017671,7021795879.0,6838948247.999999,4653724235.0,629574218511.0,613180099916.0,家用电器,家用电器,白色家电,空调,99.79,81.65,0.0
2020-11-11,408.82,416.09,401.77,408.35,415.58,-7.229999999999961,-1.74,34198027.0,3021631444.0,4.6351,0.005,0.007349,0.84,25.551,24.8307,5.4804,2.2235,2.2573,0.013832,0.017984,7021795879.0,6838948247.999999,4653724235.0,618620216940.0,602511340649.0,家用电器,家用电器,白色家电,空调,98.63,80.69,0.0
2020-11-12,419.48,420.82,408.95,419.94,408.35,11.589999999999977,2.84,28223843.0,2536913939.0,4.6351,0.004127,0.006065,0.71,26.276,25.5353,5.6359,2.2866,2.3213,0.01345,0.017487,7021795879.0,6838948247.999999,4653724235.0,636174706637.0,619608711269.0,家用电器,家用电器,白色家电,空调,96.91,79.29,0.0
2020-11-13,418.55,419.75,411.55,419.57,419.94,-0.3700000000000045,-0.09,21605166.0,1936924438.0,4.6351,0.003159,0.0046429999999999,0.56,26.2528,25.5127,5.631,2.2846,2.3193,0.013462,0.017503,7021795879.0,6838948247.999999,4653724235.0,635612962967.0,619061595409.0,家用电器,家用电器,白色家电,空调,99.66,81.54,0.0
2020-11-16,424.11,425.5,403.53,414.19,419.57,-5.379999999999996,-1.28,37272431.0,3320826097.0,4.6351,0.00545,0.0080089999999999,1.12,25.9164,25.1858,5.5588,2.2553,2.2895,0.013637,0.01773,7021795879.0,6838948247.999999,4653724235.0,627467679747.0,611128415441.0,家用电器,家用电器,白色家电,空调,99.57,81.47,0.0
2020-11-17,416.23,424.11,414.24,416.79,414.19,2.6000000000000227,0.63,28968907.0,2613751006.0,4.6351,0.004236,0.006225,0.93,26.0788,25.3436,5.5936,2.2695,2.3039,0.013552,0.01762,7021795879.0,6838948247.999999,4653724235.0,631399885440.0,614958226460.0,家用电器,家用电器,白色家电,空调,98.3,80.42,0.0
2020-11-18,417.34,424.34,408.58,413.87,416.79,-2.920000000000016,-0.7,22952687.0,2060518096.0,4.6351,0.003356,0.004932,0.76,25.8961,25.1661,5.5544,2.2536,2.2877,0.013647,0.017744,7021795879.0,6838948247.999999,4653724235.0,626976154036.0,610649689064.0,家用电器,家用电器,白色家电,空调,98.91,80.93,0.0
2020-11-19,417.16,441.82,414.89,435.7,413.87,21.829999999999984,5.27,41315578.0,3844141237.0,4.6351,0.0060409999999999,0.008878,1.49,27.2621,26.4936,5.8474,2.3724,2.4084,0.012964,0.016855,7021795879.0,6838948247.999999,4653724235.0,660048812626.0,642861135312.0,家用电器,家用电器,白色家电,空调,98.22,80.36,0.0
2020-11-20,436.3,439.36,423.93,424.53,435.7,-11.170000000000016,-2.56,46160647.0,4276105442.0,4.6351,0.00675,0.009919,1.52,26.5631,25.8143,5.6975,2.3116,2.3467,0.013305,0.017298,7021795879.0,6838948247.999999,4653724235.0,643126284558.0,626379270034.0,家用电器,家用电器,白色家电,空调,103.4,84.6,0.0
2020-11-23,419.48,434.22,414.47,433.24,424.53,8.710000000000036,2.05,45691390.0,4209477921.0,4.6351,0.006681,0.009785,1.29,27.1084,26.3442,5.8145,2.3591,2.3948,0.013037,0.01695,7021795879.0,6838948247.999999,4669769535.0,656327260810.0,639236492741.0,家用电器,家用电器,白色家电,空调,100.75,82.43,0.0
2020-11-24,433.01,433.15,412.57,420.17,433.24,-13.069999999999991,-3.02,39966866.0,3622773270.0,4.6351,0.005844,0.008559,1.08,26.2905,25.5494,5.639,2.2879,2.3226,0.013443,0.017478,7021795879.0,6838948247.999999,4669769535.0,636525796431.0,619950658681.0,家用电器,家用电器,白色家电,空调,102.82,84.12,0.0
2020-11-25,420.17,423.6,411.83,415.12,420.17,-5.050000000000011,-1.2,29159518.0,2615178239.0,4.6351,0.004264,0.0062439999999999,0.74,25.9744,25.2422,5.5712,2.2604,2.2947,0.013606,0.0176899999999999,7021795879.0,6838948247.999999,4669769535.0,628872038923.0,612496205091.0,家用电器,家用电器,白色家电,空调,99.72,81.59,0.0
2020-11-26,412.52,415.12,398.66,403.35,415.12,-11.769999999999982,-2.84,47509582.0,4132461362.0,4.6351,0.006947,0.010174,1.17,25.2377,24.5263,5.4132,2.1963,2.2296,0.014003,0.018207,7021795879.0,6838948247.999999,4669769535.0,611036677391.0,595125276541.0,家用电器,家用电器,白色家电,空调,98.52,80.6,0.0
2020-11-27,405.39,411.87,401.12,406.96,403.35,3.609999999999957,0.9,23037330.0,2020721656.0,4.6351,0.0033689999999999,0.004933,0.55,25.464,24.7461,5.4617,2.216,2.2496,0.0138789999999999,0.018045,7021795879.0,6838948247.999999,4669769535.0,616513678176.0,600459656174.0,家用电器,家用电器,白色家电,空调,95.72,78.32,0.0
2020-11-30,404.69,410.21,399.82,402.56,406.96,-4.399999999999977,-1.08,29926909.000000004,2612282346.0,4.6351,0.004376,0.006409,0.81,25.1884,24.4784,5.4027,2.192,2.2252,0.014031,0.018242,7021795879.0,6838948247.999999,4669769535.0,609842972091.0,593962655339.0,家用电器,家用电器,白色家电,空调,96.58,79.02,0.0
2020-12-01,399.78,407.89,399.78,407.52,402.56,4.95999999999998,1.23,23692498.0,2071081957.0,4.6351,0.003464,0.0050739999999999,0.7,25.4988,24.7799,5.4692,2.219,2.2526,0.0138599999999999,0.01802,7021795879.0,6838948247.999999,4669769535.0,617356293682.0,601280329964.0,家用电器,家用电器,白色家电,空调,95.54,78.17,0.0
2020-12-02,412.52,419.89,410.39,416.74,407.52,9.220000000000027,2.26,36607195.0,3286902392.0,4.6351,0.005353,0.007839,1.19,26.0759,25.3408,5.593,2.2692,2.3036,0.0135529999999999,0.017622,7021795879.0,6838948247.999999,4669769535.0,631329667481.0,614889836978.0,家用电器,家用电器,白色家电,空调,96.71,79.13,0.0
2020-12-03,416.19,417.53,408.86,415.3,416.74,-1.4399999999999975,-0.35,25552024.0,2276665595.0,4.6351,0.0037359999999999,0.005472,0.79,25.986,25.2534,5.5737,2.2614,2.2957,0.0136,0.017683,7021795879.0,6838948247.999999,4669769535.0,629152910758.0,612769763021.0,家用电器,家用电器,白色家电,空调,98.9,80.92,0.0
2020-12-04,411.69,412.8,404.04,409.56,415.3,-5.740000000000009,-1.38,32722623.0,2876036668.0,4.6351,0.004785,0.007007,1.18,25.6264,24.9039,5.4966,2.2301,2.2639,0.013791,0.017931,7021795879.0,6838948247.999999,4669769535.0,620445883868.0,604289467193.0,家用电器,家用电器,白色家电,空调,98.56,80.64,0.0
2020-12-07,411.97,412.52,405.66,408.17,409.56,-1.3899999999999864,-0.34,20228496.0,1786091233.0,4.6351,0.002958,0.004332,0.68,25.5394,24.8194,5.4779,2.2225,2.2562,0.013838,0.0179919999999999,7021795879.0,6838948247.999999,4669769535.0,618339345105.0,602237782719.0,家用电器,家用电器,白色家电,空调,97.2,79.52,0.0
2020-12-08,405.66,408.49,396.07,401.86,408.17,-6.310000000000002,-1.55,36690024.0,3164772039.0,4.6351,0.005365,0.007857,1.32,25.1449,24.4361,5.3933,2.1882,2.2214,0.014055,0.018274,7021795879.0,6838948247.999999,4669769535.0,608789702709.0,592936813102.0,家用电器,家用电器,白色家电,空调,96.87,79.25,0.0
2020-12-09,398.66,401.49,387.03,387.31,401.86,-14.550000000000011,-3.62,46112571.0,3893407709.0,4.6351,0.006743,0.009875,1.52,24.2343,23.5511,5.198,2.1089,2.1409,0.0145829999999999,0.018961,7021795879.0,6838948247.999999,4669769535.0,586741263649.0,571462515603.0,家用电器,家用电器,白色家电,空调,95.37,78.03,0.0
2020-12-10,387.03,396.07,387.03,394.45,387.31,7.139999999999986,1.84,25300125.0,2144184257.0,4.6351,0.003699,0.0054179999999999,0.78,24.6809,23.9851,5.2938,2.1478,2.1804,0.014319,0.018618,7021795879.0,6838948247.999999,4669769535.0,597554829303.0,581994495905.0,家用电器,家用电器,白色家电,空调,91.92,75.2,0.0
2020-12-11,398.16,398.16,386.61,389.35,394.45,-5.099999999999966,-1.29,22506139.0,1901113978.0,4.6351,0.003291,0.00482,0.7,24.3619,23.6751,5.2254,2.12,2.1522,0.014507,0.018861,7021795879.0,6838948247.999999,4669769535.0,589830853836.0,574471652832.0,家用电器,家用电器,白色家电,空调,93.61,76.59,0.0
2020-12-14,398.06,398.62,386.24,391.39,389.35,2.039999999999964,0.52,26247011.0,2213586002.0,4.6351,0.003838,0.005621,0.87,24.4895,23.7991,5.2527,2.1312,2.1635,0.014431,0.018763,7021795879.0,6838948247.999999,4669769535.0,592920444023.0,577480790061.0,家用电器,家用电器,白色家电,空调,92.4,75.6,0.0
2020-12-15,393.61,400.47,386.57,397.37,391.39,5.980000000000018,1.53,32812014.0,2794791700.0,4.6351,0.004798,0.007026,1.05,24.8636,24.1627,5.333,2.1637,2.1965,0.014214,0.018481,7021795879.0,6838948247.999999,4669769535.0,601978560707.0,586303033301.0,家用电器,家用电器,白色家电,空调,92.88,76.0,0.0
2020-12-16,399.13,412.85,398.29,408.35,397.37,10.980000000000018,2.76,41302146.0,3638872835.0,4.6351,0.006039,0.0088449999999999,1.35,25.551,24.8307,5.4804,2.2235,2.2573,0.013832,0.017984,7021795879.0,6838948247.999999,4669769535.0,618620216940.0,602511340649.0,家用电器,家用电器,白色家电,空调,94.3,77.16,0.0
2020-12-17,411.13,420.77,409.97,415.63,408.35,7.279999999999973,1.78,31646076.0,2841397961.0,4.6351,0.004627,0.006777,1.07,26.0063,25.2732,5.5781,2.2631,2.2975,0.01359,0.017669,7021795879.0,6838948247.999999,4669769535.0,629644436470.0,613248489398.0,家用电器,家用电器,白色家电,空调,96.91,79.29,0.0
2020-12-18,413.03,417.11,409.37,413.91,415.63,-1.7199999999999704,-0.41,27477717.0,2446471117.0,4.6351,0.004018,0.005884,0.89,25.899,25.1689,5.5551,2.2538,2.288,0.013646,0.017742,7021795879.0,6838948247.999999,4669769535.0,627046371995.0,610718078546.0,家用电器,家用电器,白色家电,空调,98.64,80.7,0.0
2020-12-21,415.86,415.86,403.44,411.64,413.91,-2.2700000000000387,-0.55,28368934.000000004,2499704930.0,4.6351,0.004148,0.006075,0.89,25.7569,25.0308,5.5246,2.2414,2.2754,0.013721,0.01784,7021795879.0,6838948247.999999,4669769535.0,623605692014.0,607366993905.0,家用电器,家用电器,白色家电,空调,98.23,80.37,0.0
2020-12-22,409.42,420.77,405.2,416.0,411.64,4.360000000000014,1.06,31071453.000000004,2775989183.0,4.6351,0.004543,0.006654,0.96,26.0295,25.2957,5.5831,2.2652,2.2995,0.0135769999999999,0.017653,7021795879.0,6838948247.999999,4669769535.0,630206180140.0,613795605258.0,家用电器,家用电器,白色家电,空调,97.69,79.93,0.0
2020-12-23,417.07,433.38,414.98,426.43,416.0,10.430000000000009,2.51,39054660.0,3606420446.0,4.6351,0.005711,0.008363,1.22,26.6821,25.9299,5.723,2.322,2.3572,0.013245,0.017221,7021795879.0,6838948247.999999,4669769535.0,646005220868.0,629183238816.0,家用电器,家用电器,白色家电,空调,98.73,80.78,0.0
2020-12-24,426.43,430.55,419.71,430.55,426.43,4.1200000000000045,0.97,19778311.0,1823517285.0,4.6351,0.002892,0.004235,0.63,26.9402,26.1807,5.7784,2.3444,2.38,0.013119,0.017056,7021795879.0,6838948247.999999,4669769535.0,652254619200.0,635269902757.0,家用电器,家用电器,白色家电,空调,101.2,82.8,0.0
2020-12-25,429.53,436.72,424.11,433.75,430.55,3.1999999999999886,0.74,21707194.0,2025214058.0,4.6351,0.003174,0.004648,0.74,27.1403,26.3752,5.8213,2.3618,2.3977,0.013022,0.01693,7021795879.0,6838948247.999999,4669769535.0,657099658357.0,639988777048.0,家用电器,家用电器,白色家电,空调,102.18,83.6,0.0
2020-12-28,433.29,451.23,432.96,444.04,433.75,10.29000000000002,2.37,39478573.0,3781019562.0,4.6351,0.005773,0.008454,1.41,27.7841,27.0009,5.9594,2.4179,2.4545,0.01272,0.016538,7021795879.0,6838948247.999999,4669769535.0,672688045208.0,655171242158.0,家用电器,家用电器,白色家电,空调,102.94,84.22,0.0
2020-12-29,443.86,444.0,434.59,441.22,444.04,-2.819999999999993,-0.64,21655220.0,2053512082.0,4.6351,0.003166,0.004637,0.72,27.6072,26.829,5.9215,2.4025,2.4389,0.012802,0.016644,7021795879.0,6838948247.999999,4669769535.0,668404749722.0,650999483727.0,家用电器,家用电器,白色家电,空调,105.38,86.22,0.0
2020-12-30,442.65,447.75,436.67,444.88,441.22,3.659999999999968,0.83,23164406.0,2212516055.0,4.6351,0.003387,0.004961,0.82,27.8363,27.0516,5.9706,2.4224,2.4592,0.012696,0.016507,7021795879.0,6838948247.999999,4669769535.0,673951968466.0,656402252843.0,家用电器,家用电器,白色家电,空调,104.71,85.67,0.0
2020-12-31,444.97,458.78,444.88,456.28,444.88,11.399999999999975,2.56,26867176.0,2633031804.0,4.6351,0.003929,0.005753,1.07,28.5498,27.745,6.1236,2.4845,2.5222,0.012379,0.0160949999999999,7021795879.0,6838948247.999999,4669769535.0,691225586329.0,673226065532.9999,家用电器,家用电器,白色家电,空调,105.58,86.38,0.0
2021-01-04,458.41,472.55,454.38,458.92,456.28,2.640000000000043,0.58,33882680.0,3379358338.0,4.6351,0.004954,0.007256,1.28,28.7151,27.9056,6.1591,2.4989,2.5368,0.016002,0.016002,7021795879.0,6838948247.999999,4669769535.0,695228009980.0,677124266034.0001,家用电器,家用电器,白色家电,空调,108.28,88.6,0.0
2021-01-05,454.56,472.5,449.6,470.65,458.92,11.72999999999996,2.56,35114801.0,3515823440.0,4.6351,0.005135,0.00752,1.21,29.4489,28.6187,6.3165,2.5627,2.6016,0.015603,0.015603,7021795879.0,6838948247.999999,4669769535.0,712993153554.0,694426805101.9999,家用电器,家用电器,白色家电,空调,108.91,89.11,0.0
2021-01-06,477.42,485.76,461.89,467.96,470.65,-2.6899999999999977,-0.57,36020338.0,3662399226.0,4.6351,0.005249,0.0076749999999999,1.28,29.3153,28.4889,6.2878,2.5511,2.5898,0.015683,0.015683,7030113759.0,6862438628.0,4693259915.0,709760285109.0,692831803883.0,家用电器,家用电器,白色家电,空调,111.69,91.39,0.0
2021-01-07,472.77,489.78,469.06,485.84,467.95,17.889999999999986,3.82,45140052.0,4687111402.0,4.635,0.006578,0.009618,1.46,30.4362,29.5781,6.5282,2.6486,2.6888,0.015106,0.015106,7030113759.0,6862438628.0,4693259915.0,736896524218.0,719320816987.0,家用电器,家用电器,白色家电,空调,111.06,90.86,0.0
2021-01-08,482.04,485.28,469.29,477.45,485.84,-8.389999999999986,-1.73,33069048.0,3409516335.0,4.635,0.004819,0.007046,0.93,29.9106,29.0674,6.4155,2.6029,2.6424,0.015371,0.015371,7030113759.0,6862438628.0,4693259915.0,724172018314.9999,706899803070.0,家用电器,家用电器,白色家电,空调,115.3,94.34,0.0
2021-01-11,478.33,483.57,463.5,468.13,477.45,-9.319999999999991,-1.95,34189187.0,3506431349.0,4.635,0.0049819999999999,0.007285,0.93,29.327,28.5002,6.2903,2.5521,2.5908,0.015677,0.015677,7030113759.0,6862438628.0,4693259915.0,710041489659.0,693106301428.0,家用电器,家用电器,白色家电,空调,113.31,92.71,0.0
2021-01-12,464.94,483.34,464.94,482.5,468.13,14.370000000000005,3.07,35529586.0,3670971677.0,4.635,0.005177,0.00757,0.97,30.2271,29.375,6.4834,2.6305,2.6704,0.01521,0.01521,7030113759.0,6862438628.0,4693259915.0,731834842312.0,714379861175.0001,家用电器,家用电器,白色家电,空调,111.1,90.9,0.0
2021-01-13,486.67,489.97,472.96,478.98,482.5,-3.519999999999982,-0.73,34348739.0,3560584734.0,4.635,0.0050049999999999,0.007319,0.93,30.0064,29.1605,6.4361,2.6113,2.6509,0.015322,0.015322,7030113759.0,6862438628.0,4693259915.0,726491955855.0,709164407818.0,家用电器,家用电器,白色家电,空调,114.51,93.69,0.0
2021-01-14,480.19,483.85,460.67,461.65,478.98,-17.33000000000004,-3.62,37381528.0,3780641251.0,4.635,0.005447,0.007965,1.03,28.9204,28.1052,6.2031,2.5167,2.5549,0.015898,0.015898,7030113759.0,6862438628.0,4693259915.0,700199330396.0,683498887349.0,家用电器,家用电器,白色家电,空调,113.67,93.01,0.0
2021-01-15,459.0,464.29,448.58,462.06,461.65,0.410000000000025,0.09,35743823.0,3524028265.0,4.635,0.005209,0.007616,1.02,28.9466,28.1306,6.2087,2.519,2.5572,0.015883,0.015883,7030113759.0,6862438628.0,4693259915.0,700832040635.0,684116506825.0,家用电器,家用电器,白色家电,空调,109.56,89.64,0.0
2021-01-18,460.67,464.8,451.96,459.42,462.06,-2.6399999999999864,-0.57,28677180.0,2849767542.0,4.635,0.0041789999999999,0.00611,0.81,28.7811,27.9697,6.1732,2.5046,2.5426,0.015975,0.015975,7030113759.0,6862438628.0,4693259915.0,696824875792.0,680204916807.0,家用电器,家用电器,白色家电,空调,109.66,89.72,0.0
2021-01-19,462.06,464.01,437.91,439.63,459.42,-19.79000000000002,-4.31,42307807.0,4087923629.0,4.635,0.006165,0.009015,1.23,27.5412,26.7648,5.9073,2.3967,2.4331,0.016694,0.016694,7030113759.0,6862438628.0,4693259915.0,666806290041.0,650902303866.0,家用电器,家用电器,白色家电,空调,109.03,89.21,0.0
2021-01-20,444.96,454.79,442.64,446.26,439.63,6.629999999999996,1.51,32202327.0,3113133925.0,4.635,0.004693,0.006861,0.9,27.9564,27.1683,5.9964,2.4329,2.4698,0.016446,0.016446,7030113759.0,6862438628.0,4693259915.0,676859352717.0,660715591104.0,家用电器,家用电器,白色家电,空调,104.34,85.37,0.0
2021-01-21,450.71,468.13,449.55,463.96,446.26,17.69999999999999,3.97,40930171.0,4074982807.0,4.635,0.005964,0.008721,1.16,29.0656,28.2462,6.2343,2.5294,2.5678,0.015818,0.015818,7030113759.0,6862438628.0,4693259915.0,703714387275.9999,686930106663.0,家用电器,家用电器,白色家电,空调,105.91,86.65,0.0
2021-01-22,463.5,470.59,454.65,466.14,463.96,2.180000000000007,0.47,30775582.0,3069095083.0,4.635,0.004485,0.0065569999999999,0.86,29.2021,28.3789,6.2635,2.5413,2.5798,0.015744,0.015744,7030113759.0,6862438628.0,4693259915.0,707018540743.0,690155452818.0,家用电器,家用电器,白色家电,空调,110.11,90.09,0.0
2021-01-25,468.13,476.8,457.47,472.68,466.14,6.5400000000000205,1.4,37735992.0,3802697804.0,4.635,0.005499,0.00804,1.08,29.6115,28.7767,6.3514,2.5769,2.616,0.015527,0.015527,7030113759.0,6862438628.0,4693259915.0,716931001143.0,699831491283.0,家用电器,家用电器,白色家电,空调,110.63,90.51,0.0
2021-01-26,468.13,468.13,450.06,453.95,472.68,-18.73000000000001,-3.96,40767026.0,4006657956.0,4.635,0.0059409999999999,0.008686,1.11,28.4384,27.6367,6.0997,2.4748,2.5123,0.016152,0.016152,7030113759.0,6862438628.0,4693259915.0,688529341556.0,672107239226.0,家用电器,家用电器,白色家电,空调,112.18,91.78,0.0
2021-01-27,450.01,462.76,446.72,454.0,453.95,0.0500000000000113,0.01,28326851.0,2781047165.0,4.635,0.004128,0.006036,0.78,28.4413,27.6396,6.1004,2.4751,2.5126,0.01615,0.01615,7030113759.0,6862438628.0,4693259915.0,688599642694.0,672175863613.0001,家用电器,家用电器,白色家电,空调,107.73,88.15,0.0
2021-01-28,447.42,449.55,438.01,441.07,454.0,-12.930000000000009,-2.85,31057214.0,2959282874.0,4.635,0.004526,0.006617,0.87,27.6312,26.8523,5.9266,2.4046,2.441,0.016623,0.016623,7030113759.0,6862438628.0,4693259915.0,668985625306.0,653029659840.0,家用电器,家用电器,白色家电,空调,107.75,88.16,0.0
2021-01-29,441.95,453.26,434.21,446.49,441.07,5.420000000000016,1.23,37246508.0,3576339185.0,4.635,0.005422,0.007925,1.1,27.9977,27.2084,6.0052,2.4364,2.4734,0.016422,0.016422,7036840249.0,6869165118.0,4699986405.0,677858821186.0,661706675817.0,家用电器,家用电器,白色家电,空调,104.68,85.64,0.0
2021-02-01,446.49,456.59,438.75,455.16,446.49,8.670000000000016,1.94,28606271.000000004,2784442679.0,4.635,0.004164,0.006086,0.82,28.5412,27.7366,6.1218,2.4837,2.5214,0.016109,0.016109,7036840249.0,6869165118.0,4699986405.0,691017712451.9999,674552014588.0,家用电器,家用电器,白色家电,空调,105.96,86.7,0.0
2021-02-02,451.45,464.43,451.45,456.92,455.16,1.759999999999991,0.39,31544355.0,3125263982.0,4.635,0.004592,0.006712,0.95,28.6517,27.8439,6.1455,2.4934,2.5312,0.016047,0.016047,7036840249.0,6869165118.0,4699986405.0,693691711746.0,677162297332.0,家用电器,家用电器,白色家电,空调,108.02,88.38,0.0
2021-02-03,461.18,465.35,445.89,452.56,456.92,-4.360000000000014,-0.95,32395536.0,3178416761.0,4.635,0.004716,0.006893,1.03,28.3785,27.5784,6.0869,2.4696,2.507,0.016201,0.016201,7036840249.0,6869165118.0,4699986405.0,687077081912.0,670705282122.0,家用电器,家用电器,白色家电,空调,108.44,88.72,0.0
2021-02-04,446.3,452.33,441.39,446.81,452.56,-5.75,-1.27,36486402.0,3514921395.0,4.635,0.005312,0.007763,1.13,28.0181,27.2282,6.0096,2.4382,2.4752,0.01641,0.01641,7036840249.0,6869165118.0,4699986405.0,678351400004.0001,662187517375.0,家用电器,家用电器,白色家电,空调,107.4,87.88,0.0
2021-02-05,449.5,455.94,440.32,450.75,446.81,3.9399999999999977,0.88,37262393.0,3600456019.0,4.635,0.005423,0.007928,1.12,28.2756,27.4785,6.0648,2.4606,2.498,0.01626,0.01626,7039450590.0,6871775459.0,4699986405.0,684586569878.0,668280163388.0,家用电器,家用电器,白色家电,空调,106.04,86.76,0.0
2021-02-08,450.8,451.91,437.54,448.02,450.75,-2.730000000000018,-0.61,37743563.0,3614401923.0,4.635,0.005492,0.008024,1.13,28.104,27.3118,6.028,2.4457,2.4828,0.016359,0.016359,7039450590.0,6873067542.0,4703888829.0,680433294029.0,664350708610.0,家用电器,家用电器,白色家电,空调,106.98,87.53,0.0
2021-02-09,452.33,472.31,449.09,472.31,448.02,24.29000000000002,5.42,53712247.0,5347054458.0,4.635,0.0078149999999999,0.0114189999999999,1.53,29.6276,28.7924,6.3548,2.5783,2.6174,0.015518,0.015518,7039450590.0,6873067542.0,4703888829.0,717320015121.0,700365582530.0,家用电器,家用电器,白色家电,空调,106.33,86.99,0.0
2021-02-10,477.03,500.58,470.45,496.45,472.31,24.139999999999983,5.11,53679906.99999999,5641813861.0,4.635,0.00781,0.011412,1.36,31.1424,30.2645,6.6797,2.7101,2.7512,0.014763,0.014763,7039450590.0,6873067542.0,4703888829.0,753995552695.0,736174264423.9999,家用电器,家用电器,白色家电,空调,112.09,91.71,0.0
2021-02-18,496.5,497.61,449.59,455.62,496.45,-40.829999999999984,-8.22,94042908.0,9433652348.0,4.635,0.013683,0.019993,2.15,28.5809,27.7752,6.1303,2.4872,2.5249,0.016086,0.016086,7039450590.0,6873067542.0,4703888829.0,691977992997.0001,675622539379.0001,家用电器,家用电器,白色家电,空调,117.82,96.4,0.0
2021-02-19,440.37,455.76,440.37,454.18,455.62,-1.4399999999999975,-0.32,69387709.0,6722204870.0,4.635,0.010096,0.014751,1.26,28.4907,27.6876,6.111,2.4794,2.517,0.016137,0.016137,7039450590.0,6873067542.0,4703888829.0,689795763314.0001,673491888441.0,家用电器,家用电器,白色家电,空调,108.13,88.47,0.0
2021-02-22,450.89,450.89,418.91,419.19,454.18,-34.99000000000001,-7.7,90398609.0,8324148676.0,4.635,0.013153,0.019218,1.46,26.2956,25.5543,5.6401,2.2883,2.323,0.017485,0.017485,7039450590.0,6873067542.0,4703888829.0,636647911360.0,621600228498.0,家用电器,家用电器,白色家电,空调,107.79,88.19,0.0
2021-02-23,412.75,426.42,411.73,421.51,419.19,2.319999999999993,0.55,60475531.00000001,5494666678.0,4.635,0.008799,0.012856,0.84,26.4409,25.6956,5.6713,2.301,2.3359,0.017388,0.017388,7039450590.0,6873067542.0,4703888829.0,640167636655.0,625036762269.0,家用电器,家用电器,白色家电,空调,99.48,81.4,0.0
2021-02-24,445.42,457.01,431.61,440.42,421.51,18.910000000000025,4.49,100354633.0,9587929017.0,4.635,0.014597,0.021334,1.36,27.635,26.856,5.9274,2.4049,2.4414,0.016637,0.016637,7041435667.0,6875002619.0,4703888829.0,669077217078.0,653262748857.0,家用电器,家用电器,白色家电,空调,100.03,81.85,0.0
2021-02-25,439.86,443.99,426.88,435.41,440.42,-5.009999999999991,-1.14,41637020.0,3934052806.0,4.635,0.006056,0.008848,0.5,27.3209,26.5507,5.86,2.3775,2.4136,0.016828,0.016828,7041435667.0,6875002619.0,4705823906.0,661472466558.0,645837746029.0,家用电器,家用电器,白色家电,空调,104.52,85.52,0.0
2021-02-26,426.42,437.96,421.88,431.43,435.41,-3.980000000000018,-0.91,60112303.0,5569084604.0,4.635,0.008744,0.012774,0.83,27.0708,26.3076,5.8064,2.3558,2.3915,0.016984,0.016984,7041435667.0,6875002619.0,4705823906.0,655416831884.0,639925243777.0,家用电器,家用电器,白色家电,空调,103.33,84.55,0.0
2021-03-01,432.91,441.72,425.63,432.58,431.43,1.1499999999999773,0.27,37084402.0,3475175712.0,4.635,0.0053939999999999,0.007881,0.53,27.1435,26.3783,5.822,2.3621,2.3979,0.0169379999999999,0.0169379999999999,7041435667.0,6875002619.0,4705823906.0,657177190801.0,641643994431.0,家用电器,家用电器,白色家电,空调,102.39,83.77,0.0
2021-03-02,439.72,444.22,429.66,433.47,432.58,0.8900000000000432,0.21,47339822.0,4469317460.0,4.635,0.006886,0.01006,0.79,27.1988,26.432,5.8338,2.3669,2.4028,0.016904,0.016904,7041435667.0,6875002619.0,4705823906.0,658515063578.0,642950244929.0,家用电器,家用电器,白色家电,空调,102.66,84.0,0.0
2021-03-03,429.8,434.39,424.1,433.33,433.47,-0.1400000000000432,-0.03,33059187.0,3072269141.0,4.635,0.004809,0.007025,0.58,27.19,26.4235,5.832,2.3662,2.4021,0.016909,0.016909,7041435667.0,6875002619.0,4705823906.0,658303820508.0,642743994850.0,家用电器,家用电器,白色家电,空调,102.87,84.17,0.0
2021-03-04,427.44,429.11,414.55,416.69,433.33,-16.639999999999986,-3.84,44634820.0,4041856217.0,4.635,0.006492,0.009485,1.02,26.1459,25.4089,5.608,2.2753,2.3098,0.017585,0.017585,7041435667.0,6875002619.0,4705823906.0,633025066463.0,618062735448.0,家用电器,家用电器,白色家电,空调,102.84,84.14,0.0
2021-03-05,405.89,418.4,398.75,414.83,416.69,-1.8600000000000136,-0.45,40948709.0,3626107488.0,4.635,0.005956,0.008702,0.92,26.0296,25.2958,5.5831,2.2652,2.2995,0.0176629999999999,0.0176629999999999,7041435667.0,6875002619.0,4705823906.0,630208492197.0,615312734401.0,家用电器,家用电器,白色家电,空调,98.89,80.91,0.0
2021-03-08,410.2,415.81,396.01,396.29,414.83,-18.539999999999964,-4.47,48829340.0,4260904988.0,4.635,0.007102,0.010376,1.2,24.8663,24.1653,5.3335,2.1639,2.1968,0.01849,0.01849,7041435667.0,6875002619.0,4705823906.0,602042749529.0,587812723925.0,家用电器,家用电器,白色家电,空调,98.45,80.55,0.0
2021-03-09,392.35,393.51,378.68,380.02,396.29,-16.27000000000004,-4.11,56896332.99999999,4741767513.0,4.635,0.008276,0.012091,1.32,23.8454,23.1732,5.1146,2.0751,2.1066,0.019281,0.019281,7041435667.0,6875002619.0,4705823906.0,577327310337.0,563681464732.0,家用电器,家用电器,白色家电,空调,94.05,76.95,0.0
2021-03-10,389.34,392.4,380.3,387.76,380.02,7.740000000000009,2.04,47316765.0,3942944036.0,4.635,0.006882,0.010055,1.05,24.3311,23.6452,5.2188,2.1174,2.1495,0.018896,0.018896,7041435667.0,6875002619.0,4705823906.0,589086507901.0,575162719106.0,家用电器,家用电器,白色家电,空调,90.19,73.79,0.0
2021-03-11,392.03,400.93,387.02,398.38,387.76,10.620000000000005,2.74,40811644.0,3495579073.0,4.635,0.005936,0.008673,0.86,24.9971,24.2925,5.3616,2.1753,2.2083,0.018393,0.018393,7041435667.0,6875002619.0,4705823906.0,605211395579.0,590906475103.0,家用电器,家用电器,白色家电,空调,92.03,75.29,0.0
2021-03-12,398.47,408.02,394.95,398.42,398.38,0.0400000000000204,0.01,32364532.0,2806048361.0,4.635,0.004708,0.0068779999999999,0.69,25.0001,24.2953,5.3622,2.1756,2.2086,0.018391,0.018391,7041435667.0,6875002619.0,4705823906.0,605281809935.0,590975225129.0,家用电器,家用电器,白色家电,空调,94.55,77.36,0.0
2021-03-15,393.09,393.23,375.44,381.46,398.42,-16.960000000000036,-4.26,49051385.0,4035896117.0,4.635,0.007135,0.010424,1.08,23.9356,23.2608,5.1339,2.083,2.1145,0.019208,0.019208,7041435667.0,6875002619.0,4705823906.0,579510155394.0,565812715544.0,家用电器,家用电器,白色家电,空调,94.56,77.36,0.0
2021-03-16,381.97,384.84,377.98,382.76,381.46,1.3000000000000114,0.34,34926115.0,2877253721.0,4.635,0.00508,0.007422,0.77,24.017,23.34,5.1514,2.09,2.1217,0.019143,0.019143,7041435667.0,6875002619.0,4705823906.0,581481757381.0,567737716277.0,家用电器,家用电器,白色家电,空调,90.53,74.07,0.0
2021-03-17,380.12,390.64,377.1,389.66,382.76,6.900000000000034,1.8,37095228.0,3081574544.0,4.635,0.005396,0.007883,0.91,24.4504,23.7611,5.2443,2.1277,2.16,0.018804,0.018804,7041435667.0,6875002619.0,4705823906.0,591973496525.0,577981470179.0,家用电器,家用电器,白色家电,空调,90.84,74.32,0.0
2021-03-18,393.88,403.25,393.05,401.9,389.66,12.239999999999952,3.14,34703588.0,2986372291.0,4.635,0.005048,0.007375,0.89,25.2182,24.5073,5.409,2.1946,2.2279,0.0182319999999999,0.0182319999999999,7041435667.0,6875002619.0,4705823906.0,610562886686.0,596131477093.0,家用电器,家用电器,白色家电,空调,92.48,75.66,0.0
2021-03-19,393.97,401.39,391.15,395.41,401.9,-6.489999999999952,-1.61,30529185.0,2610073941.0,4.635,0.004441,0.006488,0.81,24.811,24.1116,5.3217,2.1591,2.1919,0.018531,0.018531,7041435667.0,6875002619.0,4705823906.0,600704876752.0,586506473427.0,家用电器,家用电器,白色家电,空调,95.38,78.04,0.0
2021-03-22,393.93,396.43,381.46,386.47,395.41,-8.939999999999998,-2.26,31409285.0,2620969353.0,4.635,0.004569,0.0066749999999999,0.84,24.2497,23.5661,5.2013,2.1103,2.1423,0.0189599999999999,0.0189599999999999,7041435667.0,6875002619.0,4705823906.0,587114905914.0,573237718372.0,家用电器,家用电器,白色家电,空调,93.84,76.78,0.0
2021-03-23,386.47,386.74,375.76,377.61,386.47,-8.860000000000014,-2.29,36969597.0,3027477688.0,4.635,0.005377,0.007856,1.1,23.6942,23.0262,5.0822,2.0619,2.0932,0.0194039999999999,0.0194039999999999,7041435667.0,6875002619.0,4705823906.0,573665763790.0,560106463370.0,家用电器,家用电器,白色家电,空调,91.72,75.04,0.0
2021-03-24,377.75,382.29,376.64,378.59,377.61,0.9799999999999612,0.26,23536758.0,1923709265.0,4.635,0.003424,0.0050019999999999,0.69,23.7553,23.0856,5.0953,2.0673,2.0986,0.019354,0.019354,7041435667.0,6875002619.0,4705823906.0,575144465281.0,561550213920.0,家用电器,家用电器,白色家电,空调,89.62,73.32,0.0
2021-03-25,375.76,377.75,367.56,373.95,378.59,-4.639999999999986,-1.23,24752483.0,1990607891.0,4.635,0.0036,0.00526,0.79,23.4645,22.803,5.0329,2.0419,2.0729,0.019594,0.019594,7041435667.0,6875002619.0,4705823906.0,568103029614.0,554675211301.0,家用电器,家用电器,白色家电,空调,89.85,73.51,0.0
2021-03-26,375.9,382.39,370.61,380.12,373.95,6.170000000000016,1.65,31083020.0,2533340710.0,4.635,0.004521,0.006605,1.06,23.8513,23.1789,5.1158,2.0756,2.1071,0.019276,0.019276,7041435667.0,6875002619.0,4705823906.0,577468139051.0,563818964784.0,家用电器,家用电器,白色家电,空调,88.75,72.61,0.0
2021-03-29,379.88,382.25,375.44,377.61,380.12,-2.509999999999991,-0.66,29453524.0,2406536460.0,4.635,0.004284,0.006259,1.0,23.6942,23.0262,5.0822,2.0619,2.0932,0.0194039999999999,0.0194039999999999,7041435667.0,6875002619.0,4705823906.0,573665763790.0,560106463370.0,家用电器,家用电器,白色家电,空调,90.21,73.81,0.0
2021-03-30,379.42,386.98,375.94,382.25,377.61,4.639999999999986,1.23,35197152.0,2898062093.0,4.635,0.00512,0.007479,1.21,23.985,23.3089,5.1445,2.0873,2.1189,0.019169,0.019169,7041435667.0,6875002619.0,4705823906.0,580707199457.0,566981465989.0,家用电器,家用电器,白色家电,空调,89.62,73.32,0.0
2021-03-31,383.78,384.61,376.59,381.14,382.25,-1.1100000000000136,-0.29,27352508.0,2245618464.0,4.635,0.003979,0.005812,0.95,23.9152,23.2411,5.1296,2.0812,2.1127,0.019225,0.019225,7041435667.0,6875002619.0,4705823906.0,579017254897.0,565331465360.0,家用电器,家用电器,白色家电,空调,90.72,74.22,0.0
2021-04-01,380.07,398.05,379.14,395.97,381.14,14.83000000000004,3.89,35204512.0,2987621061.0,4.635,0.005121,0.007481,1.19,24.8459,24.1455,5.3292,2.1622,2.195,0.018505,0.018505,7041435667.0,6875002619.0,4705823906.0,601549849032.0,587331473741.0,家用电器,家用电器,白色家电,空调,90.45,74.01,0.0
2021-04-02,396.29,410.2,393.51,403.75,395.97,7.779999999999973,1.96,29152538.0,2546245045.0,4.635,0.00424,0.006195,0.92,25.3345,24.6203,5.434,2.2047,2.2381,0.018148,0.018148,7041435667.0,6875002619.0,4705823906.0,613379460952.0,598881478141.0,家用电器,家用电器,白色家电,空调,93.97,76.89,0.0
2021-04-06,403.99,406.49,389.34,391.1,403.75,-12.649999999999975,-3.13,25766840.0,2190978643.0,4.635,0.003748,0.005476,0.82,24.5405,23.8487,5.2637,2.1356,2.168,0.0187349999999999,0.0187349999999999,7041435667.0,6875002619.0,4705823906.0,594156341581.0,580112720991.0,家用电器,家用电器,白色家电,空调,95.82,78.4,0.0
2021-04-07,391.1,391.61,379.51,383.41,391.1,-7.689999999999998,-1.97,29977466.0,2467818330.0,4.635,0.00436,0.00637,0.98,24.0578,23.3795,5.1601,2.0936,2.1253,0.019111,0.019111,7041435667.0,6875002619.0,4705823906.0,582467558374.0,568700216644.0,家用电器,家用电器,白色家电,空调,92.82,75.94,0.0
2021-04-08,382.43,384.33,379.84,383.22,383.41,-0.1899999999999977,-0.05,18211406.0,1502128962.0,4.635,0.002649,0.00387,0.62,24.0461,23.3682,5.1576,2.0926,2.1243,0.0191199999999999,0.0191199999999999,7041435667.0,6875002619.0,4705823906.0,582185900948.0,568425216539.0,家用电器,家用电器,白色家电,空调,90.99,74.45,0.0
2021-04-09,384.61,384.61,371.91,372.89,383.22,-10.33000000000004,-2.7,32238556.0,2610503420.0,4.635,0.004689,0.006851,1.17,23.3976,22.738,5.0185,2.0361,2.067,0.01965,0.01965,7041435667.0,6875002619.0,4705823906.0,566483499410.0,553093960699.0,家用电器,家用电器,白色家电,空调,90.95,74.41,0.0
2021-04-12,372.19,376.64,366.16,367.56,372.89,-5.329999999999984,-1.43,25277487.0,2012933376.0,4.635,0.003677,0.005372,0.93,23.0631,22.4129,4.9468,2.007,2.0375,0.019935,0.019935,7041435667.0,6875002619.0,4705823906.0,558385848393.0,545187707687.00006,家用电器,家用电器,白色家电,空调,88.5,72.41,0.0
2021-04-13,365.93,369.97,362.09,364.73,367.56,-2.829999999999984,-0.77,21362828.0,1686748572.0,4.635,0.003107,0.00454,0.81,22.8857,22.2405,4.9087,1.9916,2.0218,0.02009,0.02009,7041435667.0,6875002619.0,4705823906.0,554090572636.0,540993956089.00006,家用电器,家用电器,白色家电,空调,87.23,71.37,0.0
2021-04-14,366.03,373.72,365.66,371.4,364.73,6.669999999999959,1.83,21069229.0,1685738018.0,4.635,0.003065,0.004477,0.83,23.3045,22.6475,4.9986,2.028,2.0588,0.019729,0.019729,7041435667.0,6875002619.0,4705823906.0,564230239997.0,550893959860.0,家用电器,家用电器,白色家电,空调,86.56,70.82,0.0
2021-04-15,371.4,375.44,365.98,372.1,371.4,0.7000000000000455,0.19,17445281.0,1393503616.0,4.635,0.0025369999999999,0.003707,0.74,23.3481,22.6899,5.0079,2.0318,2.0626,0.019692,0.019692,7041435667.0,6875002619.0,4705823906.0,565286455347.0,551925210253.0,家用电器,家用电器,白色家电,空调,88.14,72.12,0.0
2021-04-16,372.19,373.58,365.7,370.34,372.1,-1.7600000000000475,-0.47,15347818.0,1222574469.0,4.635,0.002232,0.003261,0.65,23.2376,22.5825,4.9842,2.0222,2.0529,0.019785,0.019785,7041435667.0,6875002619.0,4705823906.0,562610709793.0,549312709258.00006,家用电器,家用电器,白色家电,空调,88.31,72.25,0.0
2021-04-19,370.8,380.58,366.16,378.54,370.34,8.200000000000045,2.21,26759356.0,2175802611.0,4.635,0.003892,0.005686,1.33,23.7524,23.0828,5.0946,2.067,2.0984,0.019357,0.019357,7041435667.0,6875002619.0,4705823906.0,575074050924.0,561481463894.0,家用电器,家用电器,白色家电,空调,87.89,71.91,0.0
2021-04-20,375.81,377.75,370.94,375.34,378.54,-3.200000000000045,-0.85,23153386.0,1866628041.0,4.635,0.003368,0.00492,1.14,23.5517,22.8878,5.0516,2.0495,2.0806,0.0195219999999999,0.0195219999999999,7041435667.0,6875002619.0,4705823906.0,570215460314.0,556737712087.0,家用电器,家用电器,白色家电,空调,89.84,73.5,0.0
2021-04-21,370.8,373.12,368.48,368.95,375.34,-6.389999999999986,-1.7,25190606.0,2010416382.0,4.635,0.003664,0.005353,1.21,23.1504,22.4977,4.9655,2.0146,2.0452,0.01986,0.01986,7041435667.0,6875002619.0,4705823906.0,560498279093.0,547250208472.0,家用电器,家用电器,白色家电,空调,89.08,72.88,0.0
2021-04-22,369.04,372.14,366.21,371.96,368.95,3.009999999999991,0.82,23096878.0,1841507581.0,4.635,0.00336,0.004908,1.07,23.3394,22.6814,5.0061,2.0311,2.0619,0.019699,0.019699,7041435667.0,6875002619.0,4705823906.0,565075212277.0,551718960175.0,家用电器,家用电器,白色家电,空调,87.56,71.64,0.0
2021-04-23,372.75,389.34,372.01,388.69,371.96,16.730000000000018,4.5,45141558.0,3741273480.0,4.635,0.006566,0.009593,1.99,24.3893,23.7017,5.2312,2.1224,2.1546,0.018851,0.018851,7041435667.0,6875002619.0,4705823906.0,590494795035.0,576537719629.0,家用电器,家用电器,白色家电,空调,88.28,72.23,0.0
2021-04-26,390.45,393.97,370.38,370.94,388.69,-17.75,-4.57,41802919.0,3424838078.0,4.635,0.0060799999999999,0.008883,1.46,23.2754,22.6193,4.9923,2.0255,2.0562,0.019753,0.019753,7041435667.0,6875002619.0,4705823906.0,563526096430.0,550206459599.0,家用电器,家用电器,白色家电,空调,92.25,75.47,0.0
2021-04-27,370.66,378.36,367.09,374.14,370.94,3.1999999999999886,0.86,19000053.0,1531692781.0,4.635,0.002764,0.004038,0.6,23.4761,22.8143,5.0354,2.043,2.074,0.019584,0.019584,7041435667.0,6875002619.0,4705823906.0,568384687040.0,554950211406.0,家用电器,家用电器,白色家电,空调,88.03,72.03,0.0
2021-04-28,375.44,378.68,371.17,377.98,374.14,3.840000000000032,1.03,17902575.0,1452688936.0,4.635,0.002604,0.003804,0.58,23.7175,23.0489,5.0871,2.064,2.0953,0.019385,0.019385,7041435667.0,6875002619.0,4705823906.0,574229078644.0,560656463579.0,家用电器,家用电器,白色家电,空调,88.79,72.65,0.0
2021-04-29,380.35,390.5,379.47,386.7,377.98,8.71999999999997,2.31,29815963.0,2474034002.0,4.635,0.004337,0.006336,1.01,24.2642,23.5802,5.2044,2.1115,2.1436,0.018948,0.018948,7041435667.0,6875002619.0,4705823906.0,587466977698.0,573581468503.0,家用电器,家用电器,白色家电,空调,89.71,73.4,0.0
2021-04-30,392.58,392.58,369.87,371.59,386.7,-15.110000000000014,-3.91,58237700.0,4702118111.0,4.635,0.008463,0.012359,1.89,20.755,19.5638,4.8073,1.9879,1.8302,0.019701,0.019701,7047686070.0,6881253022.0,4712074309.0,565012992232.0,551670054774.0,家用电器,家用电器,白色家电,空调,91.77,75.09,0.0
2021-05-06,362.97,369.73,359.17,359.49,371.59,-12.099999999999966,-3.26,49115946.0,3841342540.0,4.635,0.007138,0.010423,1.47,20.0793,18.9269,4.6508,1.9232,1.7706,0.020364,0.020364,7047686070.0,6881253022.0,4712074309.0,546618531589.0,533709984386.00006,家用电器,家用电器,白色家电,空调,88.19,72.15,0.0
2021-05-07,358.75,359.44,347.62,348.0,359.49,-11.490000000000007,-3.2,43729514.0,3308412782.0,4.635,0.0063549999999999,0.00928,1.26,19.4373,18.3217,4.5021,1.8617,1.714,0.021037,0.021037,7047686070.0,6881253022.0,4712074309.0,529140270136.0,516644476892.0,家用电器,家用电器,白色家电,空调,85.32,69.8,0.0
2021-05-10,351.47,367.09,351.47,361.53,348.0,13.529999999999973,3.89,54943986.0,4265793301.0,4.635,0.0079849999999999,0.0116599999999999,1.38,20.1932,19.0342,4.6772,1.9341,1.7807,0.020249,0.020249,7047686070.0,6881253022.0,4712074309.0,549719513460.0,536737735716.0,家用电器,家用电器,白色家电,空调,82.59,67.57,0.0
2021-05-11,357.64,366.16,354.99,363.11,361.53,1.580000000000041,0.44,27333464.0,2127125363.0,4.635,0.003972,0.005801,0.58,20.2812,19.1172,4.6976,1.9426,1.7884,0.020162,0.020162,7047686070.0,6881253022.0,4712074309.0,552115726724.0,539077361743.0,家用电器,家用电器,白色家电,空调,85.8,70.2,0.0
2021-05-12,365.7,365.7,354.35,358.15,363.11,-4.960000000000036,-1.37,27341035.0,2106351405.0,4.635,0.003973,0.005802,0.59,20.0042,18.8561,4.6334,1.916,1.764,0.0204409999999999,0.0204409999999999,7047686070.0,6881253022.0,4712074309.0,544574702629.0,531714421010.00006,家用电器,家用电器,白色家电,空调,86.17,70.51,0.0
2021-05-13,352.82,354.58,347.62,348.32,358.15,-9.829999999999984,-2.74,32950762.0,2482149422.0,4.635,0.004788,0.006993,0.81,19.4554,18.3387,4.5063,1.8635,1.7156,0.021017,0.021017,7047686070.0,6881253022.0,4712074309.0,529633608161.0,517126164603.0,家用电器,家用电器,白色家电,空调,85.0,69.54,0.0
2021-05-14,349.02,354.9,341.23,354.3,348.32,5.980000000000018,1.72,30481113.0,2297770135.0,4.635,0.00443,0.006469,0.82,19.7894,18.6535,4.5836,1.8954,1.7451,0.020663,0.020663,7047686070.0,6881253022.0,4712074309.0,538725123191.0,526002981002.0,家用电器,家用电器,白色家电,空调,82.67,67.64,0.0
2021-05-17,356.89,367.79,356.34,363.38,354.3,9.079999999999984,2.56,41809230.0,3276114961.0,4.635,0.006076,0.0088729999999999,1.21,20.2968,19.1318,4.7012,1.944,1.7898,0.020146,0.020146,7047686070.0,6881253022.0,4712074309.0,552538587888.0,539490236925.0,家用电器,家用电器,白色家电,空调,84.08,68.8,0.0
2021-05-18,369.87,370.8,357.82,360.79,363.38,-2.589999999999975,-0.71,26855515.000000004,2106345388.0,4.635,0.003903,0.0056989999999999,0.84,20.1518,18.9952,4.6676,1.9302,1.777,0.020291,0.020291,7047686070.0,6881253022.0,4712074309.0,548591883689.0,535636735232.0,家用电器,家用电器,白色家电,空调,86.24,70.56,0.0
2021-05-19,357.13,360.42,354.58,358.42,360.79,-2.3700000000000045,-0.66,22505269.0,1736145799.0,4.635,0.003271,0.004776,0.71,20.0198,18.8707,4.637,1.9175,1.7654,0.020425,0.020425,7047686070.0,6881253022.0,4712074309.0,544997563793.0,532127296191.0,家用电器,家用电器,白色家电,空调,85.62,70.06,0.0
2021-05-20,366.16,374.79,359.54,374.04,358.42,15.620000000000005,4.36,73533093.0,5884598445.0,4.635,0.010686,0.015605,2.38,20.8922,19.6931,4.8391,2.0011,1.8423,0.019572,0.019572,7047686070.0,6881253022.0,4712074309.0,568748265849.0,555317118875.0,家用电器,家用电器,白色家电,空调,85.06,69.6,0.0
2021-05-21,375.9,385.17,374.83,377.98,374.04,3.9399999999999977,1.05,50222428.0,4119754982.0,4.635,0.007298,0.010658,1.29,21.1123,19.9005,4.89,2.0222,1.8617,0.019368,0.019368,7047686070.0,6881253022.0,4712074309.0,574738799009.0,561166183944.0,家用电器,家用电器,白色家电,空调,88.77,72.63,0.0
2021-05-24,382.99,384.7,375.2,381.0,377.98,3.019999999999982,0.8,36014944.0,2956298659.0,4.635,0.005234,0.007643,0.84,21.2806,20.0591,4.929,2.0383,1.8766,0.019215,0.019215,7047686070.0,6881253022.0,4712074309.0,579319794954.0,565638998408.0,家用电器,家用电器,白色家电,空调,89.71,73.4,0.0
2021-05-25,384.57,390.27,381.65,386.0,381.0,5.0,1.31,41746744.0,3478155176.0,4.635,0.006067,0.00886,1.0,21.5602,20.3227,4.9938,2.0651,1.9012,0.018966,0.018966,7047686070.0,6881253022.0,4712074309.0,586931295910.0,573070751672.0,家用电器,家用电器,白色家电,空调,90.42,73.98,0.0
2021-05-26,388.88,393.93,382.16,390.87,386.0,4.8700000000000045,1.26,36038191.0,3021930596.0,4.635,0.005237,0.007648,0.8,21.8242,20.5715,5.0575,2.0903,1.9245,0.018736,0.018736,7045159320.0,6881133022.0,4711954309.0,594118285456.0,580285947745.0,家用电器,家用电器,白色家电,空调,91.61,74.95,0.0
2021-05-27,393.93,394.11,386.7,388.88,390.87,-1.990000000000009,-0.51,29615660.0,2486863194.0,4.635,0.004304,0.006285,0.62,21.7129,20.4667,5.0317,2.0797,1.9147,0.018832,0.018832,7045159320.0,6881133022.0,4711954309.0,591088866948.0,577327060546.0,家用电器,家用电器,白色家电,空调,92.76,75.9,0.0
2021-05-28,386.0,386.05,380.07,382.53,388.88,-6.350000000000023,-1.63,38741514.0,3196831619.0,4.635,0.00563,0.008222,1.0,21.3583,20.1325,4.9496,2.0457,1.8834,0.019145,0.019145,7045159320.0,6881133022.0,4711954309.0,581436998680.0,567899908306.0,家用电器,家用电器,白色家电,空调,92.29,75.51,0.0
2021-05-31,383.31,383.31,369.59,375.44,382.53,-7.089999999999975,-1.85,52395101.0,4208270644.000001,4.635,0.0076139999999999,0.01112,1.44,20.9624,19.7592,4.8578,2.0078,1.8485,0.019506,0.019506,7045159320.0,6881133022.0,4711954309.0,570657904920.0,557371774782.0,家用电器,家用电器,白色家电,空调,90.78,74.28,0.0
2021-06-01,375.02,375.02,367.65,371.59,375.44,-3.850000000000023,-1.03,47337082.0,3776569523.0,4.635,0.006879,0.010046,1.19,20.7476,19.5568,4.808,1.9872,1.8296,0.019708,0.019708,7045159320.0,6881133022.0,4711954309.0,564810422684.0,551660434374.0,家用电器,家用电器,白色家电,空调,89.1,72.9,0.0
2021-06-02,375.4,375.88,371.15,375.88,371.62,4.259999999999991,1.15,34284654.0,2706286214.0,4.728,0.0049819999999999,0.007276,0.84,20.5742,19.3933,5.2637,1.9706,1.8143,0.019874,0.019758,7045159320.0,6881133022.0,4711954309.0,560090165940.0,547050075249.0,家用电器,家用电器,白色家电,空调,86.46,70.74,0.0
2021-06-03,375.88,377.48,366.33,368.45,375.88,-7.430000000000007,-1.98,41669046.0,3262957927.0,4.728,0.006056,0.008843,1.03,20.1679,19.0103,5.1598,1.9317,1.7784,0.0202749999999999,0.020156,7045159320.0,6881133022.0,4711954309.0,549029265808.0,536246696404.0,家用电器,家用电器,白色家电,空调,87.45,71.55,0.0
2021-06-04,365.99,371.15,361.83,367.51,368.45,-0.9399999999999976,-0.26,28306603.000000004,2194930977.0,4.728,0.004113,0.006007,0.66,20.1161,18.9615,5.1465,1.9267,1.7739,0.020327,0.020208,7045159320.0,6881536271.0,4712357558.0,547620233944.0,534901814345.0,家用电器,家用电器,白色家电,空调,85.72,70.14,0.0
2021-06-07,367.6,367.7,360.04,363.02,367.51,-4.490000000000009,-1.22,27727499.0,2124176470.0,4.728,0.004029,0.005884,0.68,19.8703,18.7298,5.0836,1.9032,1.7522,0.020579,0.0204579999999999,7045159320.0,6881536271.0,4712357558.0,540927332590.00006,528364354887.0,家用电器,家用电器,白色家电,空调,85.5,69.96,0.0
2021-06-08,363.58,365.47,357.58,359.42,363.02,-3.599999999999966,-0.99,32089344.0,2446270922.0,4.728,0.004663,0.00681,0.89,19.6736,18.5444,5.0333,1.8844,1.7349,0.0207839999999999,0.020663,7045159320.0,6881536271.0,4712357558.0,535573011506.0,523134387321.0,家用电器,家用电器,白色家电,空调,84.46,69.1,0.0
2021-06-09,360.6,362.26,355.55,357.39,359.42,-2.0300000000000296,-0.56,25138005.0,1900479893.0,4.728,0.003653,0.005334,0.77,19.5623,18.4395,5.0049,1.8737,1.725,0.0209019999999999,0.02078,7045159320.0,6881536271.0,4712357558.0,532543592999.0,520175326725.0,家用电器,家用电器,白色家电,空调,83.62,68.42,0.0
2021-06-10,357.91,359.04,354.13,356.49,357.39,-0.8999999999999773,-0.25,32075563.0,2419455653.0,4.728,0.004661,0.006807,1.04,19.5131,18.3932,4.9923,1.869,1.7207,0.0209549999999999,0.020833,7045159320.0,6881536271.0,4712357558.0,531205012728.0,518867834833.0,家用电器,家用电器,白色家电,空调,83.15,68.03,0.0
2021-06-11,356.49,357.44,347.56,349.87,356.49,-6.6200000000000045,-1.86,46521367.0,3444045477.0,4.728,0.00676,0.0098719999999999,1.6,19.1508,18.0516,4.8996,1.8343,1.6888,0.021352,0.021227,7045159320.0,6881536271.0,4712357558.0,521341789680.0,509233684054.0,家用电器,家用电器,白色家电,空调,82.94,67.86,0.0
2021-06-15,349.26,352.24,340.42,346.28,349.87,-3.590000000000032,-1.03,44590030.0,3245305091.0,4.728,0.00648,0.009462,1.36,18.9541,17.8662,4.8493,1.8154,1.6714,0.021573,0.0214469999999999,7045159320.0,6881536271.0,4712357558.0,515987468597.0,504003716488.0,家用电器,家用电器,白色家电,空调,81.4,66.6,0.0
2021-06-16,349.4,355.83,346.09,354.6,346.28,8.32000000000005,2.4,44970185.0,3359892667.0,4.728,0.006535,0.009543,1.25,19.4096,18.2956,4.9658,1.8591,1.7116,0.021067,0.0209439999999999,7045159320.0,6881536271.0,4712357558.0,528386949000.0,516115220325.0,家用电器,家用电器,白色家电,空调,80.56,65.92,0.0
2021-06-17,355.55,356.16,346.56,347.32,354.6,-7.28000000000003,-2.05,29929238.0,2214198276.0,4.728,0.004349,0.006351,0.77,19.0111,17.9199,4.8638,1.8209,1.6764,0.021509,0.021383,7045159320.0,6881536271.0,4712357558.0,517537403647.0,505517654468.0,家用电器,家用电器,白色家电,空调,82.5,67.5,0.0
2021-06-18,346.7,350.86,341.17,348.93,347.32,1.6100000000000136,0.46,38817863.0,2831313013.0,4.728,0.005641,0.008237,0.98,19.099,18.0029,4.8863,1.8293,1.6842,0.0214089999999999,0.021284,7045159320.0,6881536271.0,4712357558.0,519932757816.0,507857376800.0,家用电器,家用电器,白色家电,空调,80.81,66.11,0.0
2021-06-21,349.02,349.07,336.49,340.42,348.93,-8.509999999999991,-2.44,47738643.0,3450150410.0,4.728,0.006937,0.010131,1.17,18.6332,17.5638,4.7672,1.7847,1.6431,0.021945,0.021816,7045159320.0,6881536271.0,4712357558.0,507251471040.0,495470611512.0,家用电器,家用电器,白色家电,空调,81.18,66.42,0.0
2021-06-22,339.94,344.58,335.12,337.01,340.42,-3.410000000000025,-1.0,41034169.0,2942649258.0,4.728,0.005963,0.008708,1.0,18.4469,17.3881,4.7195,1.7669,1.6267,0.022166,0.022037,7045159320.0,6881536271.0,4712357558.0,502178956330.0,490515905397.0,家用电器,家用电器,白色家电,空调,79.2,64.8,0.0
2021-06-23,336.68,346.52,334.27,345.95,337.01,8.939999999999998,2.65,43404358.0,3139531924.0,4.728,0.006307,0.009211,1.07,18.936,17.8492,4.8446,1.8137,1.6698,0.021594,0.0214679999999999,7045159320.0,6881536271.0,4712357558.0,515494307444.0,503522008949.0,家用电器,家用电器,白色家电,空调,78.41,64.15,0.0
2021-06-24,352.24,352.24,343.77,346.09,345.95,0.1399999999999863,0.04,28702816.0,2103271900.0,4.728,0.004171,0.006091,0.71,18.9438,17.8565,4.8466,1.8145,1.6705,0.021585,0.021459,7045159320.0,6881536271.0,4712357558.0,515705662224.0,503728455037.0,家用电器,家用电器,白色家电,空调,80.49,65.85,0.0
2021-06-25,347.84,348.83,343.16,345.95,346.09,-0.1399999999999863,-0.04,41255201.0,3019079359.0,4.728,0.005995,0.0087549999999999,1.03,18.936,17.8492,4.8446,1.8137,1.6698,0.021594,0.0214679999999999,7045159320.0,6881536271.0,4712357558.0,515494307444.0,503522008949.0,家用电器,家用电器,白色家电,空调,80.52,65.88,0.0
2021-06-28,346.0,349.4,342.78,346.14,345.95,0.1899999999999977,0.05,30684568.0,2240502743.0,4.728,0.004459,0.006512,0.76,18.9464,17.8589,4.8473,1.8147,1.6707,0.021579,0.021453,7045159320.0,6881536271.0,4712357558.0,515776113817.0,503797270400.0,家用电器,家用电器,白色家电,空调,80.49,65.85,0.0
2021-06-29,348.83,348.93,336.82,337.86,346.14,-8.279999999999973,-2.39,34979911.0,2518377824.0,4.728,0.005081,0.007419,0.94,18.5003,17.4385,4.7332,1.772,1.6314,0.022102,0.021973,7047771468.0,6883999669.0,4714820956.0,503633749103.0,491930616347.0,家用电器,家用电器,白色家电,空调,80.53,65.89,0.0
2021-06-30,336.16,339.94,334.98,337.44,337.86,-0.4200000000000159,-0.12,28444413.0,2022265551.0,4.728,0.00413,0.006029,0.79,18.477,17.4165,4.7272,1.7697,1.6293,0.02213,0.022001,7047771468.0,6887042923.0,4717864210.0,502999449671.0,491528253415.0,家用电器,家用电器,白色家电,空调,78.61,64.31,0.0
2021-07-01,337.11,346.99,333.61,346.28,337.44,8.839999999999975,2.62,44641783.0,3221962175.0,4.728,0.006482,0.009462,1.36,18.9611,17.8729,4.8511,1.8161,1.672,0.0215649999999999,0.021439,7047771468.0,6887042923.0,4717864210.0,516178782316.0,504407023681.0,家用电器,家用电器,白色家电,空调,78.51,64.23,0.0
2021-07-02,343.39,343.96,334.08,336.16,346.28,-10.119999999999948,-2.92,40318436.0,2873257072.0,4.728,0.005854,0.008546,1.12,18.4071,17.3506,4.7093,1.7631,1.6232,0.022214,0.022084,7047771468.0,6887042923.0,4717864210.0,501096551375.0,489668751825.0,家用电器,家用电器,白色家电,空调,80.56,65.92,0.0
2021-07-05,332.28,332.71,315.74,322.45,336.16,-13.710000000000036,-4.08,78081102.0,5309270148.0,4.728,0.011337,0.01655,2.18,17.6563,16.6429,4.5172,1.6911,1.557,0.023159,0.023023,7047771468.0,6887042923.0,4717864210.0,480658014118.0,469696327349.0,家用电器,家用电器,白色家电,空调,78.21,63.99,0.0
2021-07-06,319.9,327.89,315.88,324.39,322.45,1.9399999999999973,0.6,41063662.0,2802133748.0,4.728,0.0059619999999999,0.008704,0.91,17.7625,16.743,4.5444,1.7013,1.5663,0.02302,0.022886,7047771468.0,6887042923.0,4717864210.0,483547600419.0,472520014947.0,家用电器,家用电器,白色家电,空调,75.02,61.38,0.0
2021-07-07,326.0,340.18,324.39,332.8,324.39,8.410000000000025,2.59,55959761.0,3961973980.0,4.728,0.008125,0.011861,1.2,18.2233,17.1774,4.6623,1.7454,1.607,0.022438,0.022307,7047771468.0,6887042923.0,4717864210.0,496092633633.00006,484778951350.0,家用电器,家用电器,白色家电,空调,75.47,61.75,0.0
2021-07-08,330.96,334.7,325.57,330.96,332.8,-1.840000000000032,-0.55,35977037.0,2508845301.0,4.728,0.0052239999999999,0.0076259999999999,0.69,18.1223,17.0822,4.6365,1.7358,1.5981,0.022563,0.022431,7047771468.0,6887042923.0,4717864210.0,493344002760.0,482093004610.0,家用电器,家用电器,白色家电,空调,77.43,63.35,0.0
2021-07-09,328.83,333.7,324.86,327.18,330.96,-3.7799999999999727,-1.14,29079830.0,2016604915.0,4.728,0.004222,0.0061639999999999,0.58,17.9152,16.887,4.5835,1.7159,1.5798,0.022824,0.022691,7047771468.0,6887042923.0,4717864210.0,487705785586.0,476583370272.0,家用电器,家用电器,白色家电,空调,77.0,63.0,0.0
2021-07-12,329.26,338.05,325.85,334.27,327.18,7.089999999999975,2.17,40495549.0,2860148826.0,4.728,0.005879,0.008582,0.84,18.3065,17.2558,4.6836,1.7534,1.6143,0.022336,0.022206,7048895741.0,6888072196.0,4718893483.0,498356928889.0,486986704257.0,家用电器,家用电器,白色家电,空调,76.12,62.28,0.0
2021-07-13,334.65,346.7,333.7,344.2,334.27,9.930000000000009,2.97,47453241.0,3430086441.0,4.728,0.006884,0.0100439999999999,1.17,18.8502,17.7683,4.8227,1.8055,1.6623,0.021692,0.0215649999999999,7048895741.0,6893726825.0,4724548112.0,513159609945.0,501863312860.0,家用电器,家用电器,白色家电,空调,77.77,63.63,0.0
2021-07-14,342.54,344.2,338.34,340.42,344.2,-3.7799999999999727,-1.1,33405515.000000004,2405155834.0,4.728,0.004846,0.0070709999999999,0.8,18.6431,17.5731,4.7697,1.7857,1.644,0.0219329999999999,0.0218049999999999,7048895741.0,6893726825.0,4724548112.0,507520493352.0,496348331400.0,家用电器,家用电器,白色家电,空调,80.08,65.52,0.0
2021-07-15,340.42,342.07,333.84,336.49,340.42,-3.930000000000007,-1.15,31970243.0,2276242685.0,4.728,0.004638,0.006767,0.86,18.4282,17.3705,4.7147,1.7651,1.625,0.022189,0.022059,7048895741.0,6893726825.0,4724548112.0,501669909887.0,490626538135.0,家用电器,家用电器,白色家电,空调,79.2,64.8,0.0
2021-07-16,337.11,337.11,325.29,329.54,336.49,-6.949999999999989,-2.07,45691025.0,3180537683.0,4.728,0.0066279999999999,0.0096709999999999,1.25,18.0476,17.0117,4.6173,1.7286,1.5915,0.0226569999999999,0.022524,7048895741.0,6893726825.0,4724548112.0,491308033148.0,480492759703.0,家用电器,家用电器,白色家电,空调,78.29,64.05,0.0
2021-07-19,329.97,332.38,324.34,331.62,329.54,2.079999999999984,0.63,30561168.0,2124892125.0,4.728,0.004438,0.006479,0.77,18.1668,17.1241,4.6478,1.74,1.602,0.022508,0.022376,7050973554.0,6885864638.0,4716685925.0,494555285078.0,482974545709.0,家用电器,家用电器,白色家电,空调,76.67,62.73,0.0
2021-07-20,329.35,332.0,326.28,329.12,331.62,-2.5,-0.75,23094780.0,1603201065.0,4.728,0.003351,0.0048909999999999,0.61,18.0296,16.9948,4.6127,1.7269,1.5899,0.022679,0.022547,7050973554.0,6891353600.0,4722174887.0,490818269094.0,479707124096.0,家用电器,家用电器,白色家电,空调,77.15,63.13,0.0
2021-07-21,329.64,330.58,320.61,321.46,329.12,-7.660000000000025,-2.33,51518657.0,3525935836.0,4.728,0.007476,0.01091,1.56,17.61,16.5992,4.5054,1.6867,1.5529,0.02322,0.0230839999999999,7050973554.0,6891353600.0,4722174887.0,479395691936.0,468543131264.0,家用电器,家用电器,白色家电,空调,76.57,62.65,0.0
2021-07-22,321.46,330.44,316.68,322.92,321.46,1.4600000000000364,0.45,42883759.0,2952043815.0,4.728,0.0062229999999999,0.009081,1.17,17.6903,16.6749,4.5259,1.6944,1.56,0.023114,0.022979,7050973554.0,6891353600.0,4722174887.0,481581493738.0,470679450880.0,家用电器,家用电器,白色家电,空调,74.79,61.19,0.0
2021-07-23,322.92,325.66,314.46,316.59,322.92,-6.330000000000041,-1.96,42451336.0,2851914803.0,4.728,0.00616,0.00899,1.1,17.3432,16.3478,4.4371,1.6611,1.5294,0.023577,0.023439,7050973554.0,6891353600.0,4722174887.0,472133189176.0,461445037056.0,家用电器,家用电器,白色家电,空调,75.13,61.47,0.0
2021-07-26,310.06,312.38,301.98,305.81,316.59,-10.779999999999973,-3.41,57012881.00000001,3709400702.0,4.728,0.008273,0.012073,1.5,16.7527,15.7911,4.286,1.6046,1.4773,0.024408,0.024265,7050973554.0,6891353600.0,4722174887.0,456056969473.0,445732750848.0,家用电器,家用电器,白色家电,空调,73.66,60.26,0.0
2021-07-27,305.76,307.23,290.3,290.3,305.81,-15.509999999999993,-5.07,61869875.0,3893777293.0,4.728,0.008978,0.013102,1.43,15.9031,14.9903,4.0687,1.5232,1.4024,0.025712,0.025562,7050973554.0,6891353600.0,4722174887.0,432929776216.0,423129111040.0,家用电器,家用电器,白色家电,空调,71.15,58.21,0.0
2021-07-28,290.3,301.65,288.93,299.19,290.3,8.889999999999986,3.06,47782907.0,2994650503.0,4.728,0.006934,0.010119,0.93,16.39,15.4493,4.1933,1.5699,1.4453,0.024948,0.024802,7050973554.0,6891353600.0,4722174887.0,446185606497.0,436084855808.0,家用电器,家用电器,白色家电,空调,67.54,55.26,0.0
2021-07-29,304.96,304.96,296.11,299.28,299.19,0.0899999999999749,0.03,39271265.0,2485962571.0,4.728,0.0056989999999999,0.008316,0.78,16.3952,15.4542,4.1946,1.5703,1.4458,0.02494,0.024794,7050973554.0,6891353600.0,4722174887.0,446326625968.0,436222682880.0,家用电器,家用电器,白色家电,空调,69.61,56.95,0.0
2021-07-30,298.29,302.97,292.95,300.28,299.28,1.0,0.33,41977874.0,2648623981.0,4.728,0.006091,0.00889,0.85,16.4496,15.5055,4.2085,1.5756,1.4506,0.0248579999999999,0.024712,7050973554.0,6891353600.0,4722174887.0,447807330415.0,437669867136.0,家用电器,家用电器,白色家电,空调,69.63,56.97,0.0
2021-08-02,300.23,315.17,295.88,312.43,300.28,12.150000000000034,4.05,54445260.0,3553099532.0,4.728,0.007901,0.01153,1.1,17.1153,16.1329,4.3788,1.6393,1.5093,0.023891,0.023751,7050973554.0,6891353600.0,4722174887.0,465928332448.0,455380645888.0,家用电器,家用电器,白色家电,空调,69.86,57.16,0.0
2021-08-03,309.68,341.65,308.17,335.31,312.43,22.879999999999995,7.32,89992768.0,6224743064.0,4.728,0.013059,0.019057,1.83,18.3689,17.3146,4.6995,1.7594,1.6198,0.022261,0.02213,7050973554.0,6891353600.0,4722174887.0,500055044450.0,488734797312.0,家用电器,家用电器,白色家电,空调,72.69,59.47,0.0
2021-08-04,332.85,338.9,329.68,330.91,335.31,-4.399999999999977,-1.31,42636229.0,3000695827.0,4.728,0.006187,0.009029,0.78,18.128,17.0875,4.6379,1.7363,1.5986,0.022556,0.022424,7050973554.0,6891353600.0,4722174887.0,493497639044.0,482325838464.0,家用电器,家用电器,白色家电,空调,78.01,63.83,0.0
2021-08-05,328.36,338.57,326.66,330.49,330.91,-0.4200000000000159,-0.13,45338268.0,3201066025.0,4.728,0.006579,0.009601,0.84,18.1047,17.0656,4.6319,1.7341,1.5965,0.022585,0.0224529999999999,7050973554.0,6891353600.0,4722174887.0,492863051425.0,481705616640.0,家用电器,家用电器,白色家电,空调,76.99,62.99,0.0
2021-08-06,330.96,335.92,321.74,332.61,330.49,2.1200000000000045,0.64,34481766.0,2410493994.0,4.728,0.005004,0.0073019999999999,0.63,18.2212,17.1754,4.6618,1.7452,1.6068,0.022441,0.02231,7050973554.0,6891353600.0,4722174887.0,496035989524.0,484806725760.0,家用电器,家用电器,白色家电,空调,76.89,62.91,0.0
2021-08-09,329.07,347.51,327.98,342.64,332.61,10.029999999999973,3.02,51361921.0,3711851356.0,4.728,0.0074529999999999,0.010877,0.96,18.7703,17.693,4.8022,1.7978,1.6552,0.0217839999999999,0.021657,7050973554.0,6891353600.0,4722174887.0,510984053458.0,499416395392.0,家用电器,家用电器,白色家电,空调,77.39,63.32,0.0
2021-08-10,340.89,344.43,334.88,344.43,342.64,1.7900000000000205,0.52,32371545.0,2326129708.0,4.728,0.004697,0.006855,0.61,18.8688,17.7858,4.8274,1.8073,1.6639,0.021671,0.0215439999999999,7050973554.0,6891353600.0,4722174887.0,513663423409.0,502035109760.00006,家用电器,家用电器,白色家电,空调,79.72,65.22,0.0
2021-08-11,342.02,347.74,339.8,340.09,344.43,-4.340000000000032,-1.26,28560714.0,2073013760.0,4.728,0.004144,0.006048,0.69,18.6305,17.5612,4.7665,1.7844,1.6429,0.021948,0.02182,7050973554.0,6891353600.0,4722174887.0,507176527739.0,495695064448.0,家用电器,家用电器,白色家电,空调,80.14,65.57,0.0
2021-08-12,338.05,342.64,333.8,335.31,340.09,-4.779999999999973,-1.41,30539265.000000004,2176736608.0,4.728,0.004432,0.006467,0.79,18.3689,17.3146,4.6995,1.7594,1.6198,0.022261,0.02213,7050973554.0,6891353600.0,4722174887.0,500055044450.0,488734797312.0,家用电器,家用电器,白色家电,空调,79.12,64.74,0.0
2021-08-13,335.31,340.32,330.01,338.57,335.31,3.259999999999991,0.97,30301304.0,2153012741.0,4.728,0.004397,0.006417,0.85,18.5476,17.483,4.7452,1.7765,1.6356,0.022046,0.021917,7050973554.0,6891353600.0,4722174887.0,504920216202.0,493489831296.00006,家用电器,家用电器,白色家电,空调,78.01,63.83,0.0
2021-08-16,338.57,356.73,337.82,354.55,338.57,15.980000000000018,4.72,66305581.99999999,4925830244.0,4.728,0.009618,0.014034,1.91,19.4294,18.3142,4.9709,1.861,1.7133,0.0210449999999999,0.020922,7053284814.000001,6893664860.0,4724486147.0,528925828202.00006,516955927851.0,家用电器,家用电器,白色家电,空调,78.77,64.45,0.0
2021-08-17,354.51,356.96,345.66,347.04,354.55,-7.509999999999991,-2.12,41410311.0,3078533153.0,4.728,0.006007,0.008765,1.1,19.0174,17.9259,4.8655,1.8215,1.677,0.021501,0.021376,7053284814.000001,6893664860.0,4724486147.0,517711105348.0,505995000724.00006,家用电器,家用电器,白色家电,空调,82.49,67.49,0.0
2021-08-18,346.99,354.6,343.73,352.24,347.04,5.199999999999989,1.5,32617317.0,2419424671.0,4.728,0.004731,0.006904,0.83,19.3024,18.1946,4.9384,1.8488,1.7021,0.0211839999999999,0.02106,7053284814.000001,6893664860.0,4724486147.0,525469718643.0,513578032070.0,家用电器,家用电器,白色家电,空调,80.74,66.06,0.0
2021-08-19,354.41,355.92,339.8,340.13,352.24,-12.110000000000014,-3.44,32866221.000000004,2403024430.0,4.728,0.004768,0.006957,0.82,18.6392,17.5694,4.7687,1.7853,1.6436,0.021938,0.021809,7053284814.000001,6893664860.0,4724486147.0,507413309519.0,495930250028.0,家用电器,家用电器,白色家电,空调,81.95,67.05,0.0
2021-08-20,335.64,342.73,329.97,340.42,340.13,0.2900000000000204,0.09,30129822.0,2143875729.0,4.728,0.004371,0.006377,0.74,18.6547,17.584,4.7727,1.7868,1.645,0.021919,0.021791,7053284814.000001,6893664860.0,4724486147.0,507836506608.0,496343869920.0,家用电器,家用电器,白色家电,空调,79.13,64.75,0.0
2021-08-23,339.0,343.02,331.57,333.84,340.42,-6.580000000000041,-1.93,24216401.0,1715542962.0,4.728,0.003513,0.0051259999999999,0.6,18.2946,17.2445,4.6805,1.7523,1.6133,0.022351,0.02222,7053284814.000001,6893664860.0,4724486147.0,498032440717.0,486761675765.0,家用电器,家用电器,白色家电,空调,79.2,64.8,0.0
2021-08-24,331.91,336.4,322.36,333.32,333.84,-0.5199999999999818,-0.16,38744022.0,2700934790.0,4.728,0.00562,0.008201,1.2,18.2661,17.2177,4.6732,1.7495,1.6107,0.022386,0.0222549999999999,7053284814.000001,6893664860.0,4724486147.0,497256579387.0,486003372630.0,家用电器,家用电器,白色家电,空调,77.67,63.55,0.0
2021-08-25,331.43,334.27,326.23,326.94,333.32,-6.379999999999996,-1.91,25351879.0,1761336902.0,4.728,0.003678,0.0053659999999999,0.8,17.9163,16.888,4.5837,1.716,1.5799,0.022823,0.022689,7053284814.000001,6893664860.0,4724486147.0,487734644888.0,476696925069.0,家用电器,家用电器,白色家电,空调,77.55,63.45,0.0
2021-08-26,326.89,329.31,319.19,321.17,326.94,-5.769999999999982,-1.76,30560914.0,2082846695.0,4.728,0.004433,0.006469,1.01,17.6002,16.59,4.5029,1.6858,1.552,0.023233,0.023097,7053284814.000001,6893664860.0,4724486147.0,479129637415.0,468286653940.0,家用电器,家用电器,白色家电,空调,76.07,62.24,0.0
2021-08-27,321.17,326.14,318.57,320.56,321.17,-0.6100000000000136,-0.19,24556080.0,1670326402.0,4.728,0.0036,0.005278,0.82,17.3873,16.3893,4.6677,1.6654,1.5332,0.023517,0.02338,6981308571.0,6821688617.0,4652509904.0,473332721114.0,462510488233.0,家用电器,家用电器,白色家电,空调,74.72,61.14,0.0
2021-08-30,321.27,322.02,308.79,311.95,320.56,-8.610000000000014,-2.69,45344420.0,2990768858.0,4.728,0.0066469999999999,0.009746,1.58,16.9205,15.9494,4.5424,1.6207,1.4921,0.024166,0.0240249999999999,6981308571.0,6821688617.0,4652509904.0,460626739515.0,450095014950.0,家用电器,家用电器,白色家电,空调,74.58,61.02,0.0
2021-08-31,311.58,320.98,308.55,312.05,311.95,0.1000000000000227,0.03,31964102.0,2120020156.0,4.728,0.004686,0.00687,0.97,16.9256,16.2794,4.2569,1.6212,1.4446,0.024159,0.024017,6981308571.0,6821688617.0,4652509904.0,460766365686.0,450231448722.0,家用电器,家用电器,白色家电,空调,72.58,59.38,0.0
2021-09-01,314.46,330.25,308.17,326.94,312.05,14.889999999999986,4.77,54120472.0,3688604134.0,4.728,0.007934,0.011633,1.72,17.7335,17.0563,4.46,1.6985,1.5135,0.023058,0.022923,6981308571.0,6821688617.0,4652509904.0,482757487685.0,471719767866.0,家用电器,家用电器,白色家电,空调,72.6,59.4,0.0
2021-09-02,328.97,328.97,320.79,327.13,326.94,0.1899999999999977,0.06,42761283.0,2930294690.0,4.728,0.006268,0.009191,1.15,17.7437,17.0662,4.4626,1.6995,1.5144,0.023045,0.02291,6981308571.0,6821688617.0,4652509904.0,483036740027.0,471992635410.0,家用电器,家用电器,白色家电,空调,76.07,62.24,0.0
2021-09-03,326.09,331.57,322.45,331.15,327.13,4.019999999999982,1.23,28680784.000000004,1995822443.0,4.728,0.004204,0.006165,0.72,17.9617,17.2759,4.5175,1.7204,1.533,0.022765,0.022632,6981308571.0,6821688617.0,4652509904.0,488970852313.0,477791070735.0,家用电器,家用电器,白色家电,空调,76.11,62.27,0.0
2021-09-06,331.53,346.28,331.48,340.98,331.15,9.83000000000004,2.97,39610616.0,2853865986.0,4.728,0.005807,0.008514,0.98,18.4951,17.7889,4.6516,1.7715,1.5785,0.022109,0.021979,6981308571.0,6821688617.0,4652509904.0,503491974141.0,491980183058.0,家用电器,家用电器,白色家电,空调,77.04,63.04,0.0
2021-09-07,343.73,349.54,339.52,345.24,340.98,4.259999999999991,1.25,38937022.0,2852011278.0,4.728,0.0057079999999999,0.008369,0.99,18.7259,18.0109,4.7097,1.7936,1.5982,0.021836,0.0217079999999999,6981308571.0,6821688617.0,4652509904.0,509775151854.0,498119702813.0,家用电器,家用电器,白色家电,空调,79.33,64.91,0.0
2021-09-08,345.14,348.22,341.41,343.82,345.24,-1.420000000000016,-0.41,26682359.000000004,1945966049.0,4.728,0.003911,0.005735,0.65,18.649,17.9369,4.6903,1.7862,1.5917,0.021926,0.021798,6981308571.0,6821688617.0,4652509904.0,507680759283.0,496073196228.0,家用电器,家用电器,白色家电,空调,80.32,65.72,0.0
2021-09-09,343.82,346.8,336.78,340.51,343.82,-3.3100000000000023,-0.96,22350846.0,1611240093.0,4.728,0.003276,0.004804,0.63,18.4695,17.7642,4.6452,1.769,1.5763,0.022139,0.02201,6981308571.0,6821688617.0,4652509904.0,502793843283.0,491298014196.0,家用电器,家用电器,白色家电,空调,79.99,65.45,0.0
2021-09-10,340.51,345.14,336.16,342.31,340.51,1.8000000000000114,0.53,21079581.0,1520883789.0,4.728,0.00309,0.004531,0.67,18.5669,17.858,4.6697,1.7784,1.5847,0.022023,0.021894,6981308571.0,6821688617.0,4652509904.0,505446740540.0,493890255871.0,家用电器,家用电器,白色家电,空调,79.22,64.82,0.0
2021-09-13,341.93,343.68,334.41,335.59,342.31,-6.720000000000027,-1.96,21293772.0,1519720223.0,4.728,0.003121,0.004577,0.72,18.2028,17.5077,4.5781,1.7435,1.5536,0.0224639999999999,0.022332,6981308571.0,6821688617.0,4652509904.0,495533282370.00006,484203458035.0,家用电器,家用电器,白色家电,空调,79.64,65.16,0.0
2021-09-14,335.69,337.58,322.5,323.54,335.59,-12.049999999999956,-3.59,30703335.0,2132022305.0,4.728,0.004501,0.006599,1.18,17.5488,16.8787,4.4136,1.6808,1.4978,0.023301,0.0231639999999999,6981308571.0,6821688617.0,4652509904.0,477730945514.0,466808152061.0,家用电器,家用电器,白色家电,空调,78.08,63.88,0.0
2021-09-15,321.55,323.49,311.1,314.51,323.54,-9.03000000000003,-2.79,39630658.0,2652852006.0,4.728,0.0058099999999999,0.008518,1.62,17.059,16.4076,4.2904,1.6339,1.456,0.0239699999999999,0.02383,6981308571.0,6821688617.0,4652509904.0,464396646143.0,453778726803.0,家用电器,家用电器,白色家电,空调,75.27,61.59,0.0
2021-09-16,314.51,317.63,311.1,311.81,314.51,-2.6999999999999886,-0.86,29466222.0,1952956773.0,4.728,0.004319,0.006333,1.09,16.9128,16.267,4.2537,1.6199,1.4435,0.024177,0.024036,6981308571.0,6821688617.0,4652509904.0,460417300257.0,449890364291.0,家用电器,家用电器,白色家电,空调,73.17,59.87,0.0
2021-09-17,313.75,322.83,312.47,322.73,311.81,10.920000000000016,3.5,26097737.0,1757915165.0,4.728,0.003826,0.0056089999999999,0.92,17.5052,16.8368,4.4026,1.6767,1.494,0.023359,0.023222,6981308571.0,6821688617.0,4652509904.0,476544123056.0,465648464996.0,家用电器,家用电器,白色家电,空调,72.55,59.36,0.0
2021-09-22,316.78,318.19,311.48,312.43,322.73,-10.300000000000011,-3.19,23967787.0,1589166507.0,4.728,0.003513,0.005152,0.81,16.9462,16.2991,4.262,1.6231,1.4463,0.024124,0.0239829999999999,6981308571.0,6821688617.0,4652509904.0,461324870372.0,450777183811.0,家用电器,家用电器,白色家电,空调,75.09,61.43,0.0
2021-09-23,315.64,317.25,312.05,315.78,312.43,3.349999999999966,1.07,19943038.0,1327533718.0,4.728,0.002923,0.004287,0.67,17.1282,16.4742,4.3078,1.6406,1.4619,0.023868,0.023728,6981308571.0,6821688617.0,4652509904.0,466281599457.0,455620582729.0,家用电器,家用电器,白色家电,空调,72.69,59.47,0.0
2021-09-24,314.41,322.45,312.47,317.72,315.78,1.9400000000000543,0.61,27372409.000000004,1841748628.0,4.728,0.004013,0.005883,0.98,17.2334,16.5753,4.3343,1.6506,1.4708,0.023722,0.023583,6981308571.0,6821688617.0,4652509904.0,469143935971.0,458417475062.0,家用电器,家用电器,白色家电,空调,73.47,60.11,0.0
2021-09-27,317.67,332.8,315.69,324.81,317.72,7.089999999999975,2.23,33266460.0,2292141631.0,4.728,0.004877,0.00715,1.31,17.6181,16.9453,4.431,1.6875,1.5037,0.023204,0.0230679999999999,6981308571.0,6821688617.0,4652509904.0,479615898828.0,468650007988.0,家用电器,家用电器,白色家电,空调,73.92,60.48,0.0
2021-09-28,321.83,333.32,318.24,332.24,324.81,7.430000000000007,2.29,34751438.0,2424145960.0,4.728,0.005094,0.007469,1.33,18.0207,17.3326,4.5323,1.726,1.538,0.022686,0.022553,6981308571.0,6821688617.0,4652509904.0,490576553284.0,479360059117.0,家用电器,家用电器,白色家电,空调,75.57,61.83,0.0
2021-09-29,330.72,335.22,327.56,332.24,332.24,0.0,0.0,29530820.0,2075477390.0,4.728,0.004329,0.006347,1.06,18.0207,17.3326,4.5323,1.726,1.538,0.022686,0.022553,6981308571.0,6821688617.0,4652509904.0,490576553284.0,479360059117.0,家用电器,家用电器,白色家电,空调,77.3,63.24,0.0
2021-09-30,332.24,336.3,328.6,329.07,332.24,-3.170000000000016,-0.95,21879116.0,1537243044.0,4.728,0.0032069999999999,0.004703,0.76,17.8489,17.1673,4.4891,1.7096,1.5234,0.022904,0.02277,6981308571.0,6821688617.0,4652509904.0,485899076542.0,474789527743.0,家用电器,家用电器,白色家电,空调,77.3,63.24,0.0
2021-10-08,331.91,343.16,329.78,342.78,329.07,13.70999999999998,4.17,41613373.0,2987690472.0,4.728,0.0060999999999999,0.008944,1.42,18.5926,17.8826,4.6761,1.7808,1.5868,0.0219879999999999,0.021859,6981308571.0,6821688617.0,4652509904.0,506144871398.0,494572424733.0,家用电器,家用电器,白色家电,空调,76.56,62.64,0.0
2021-10-11,343.73,345.62,336.07,336.07,342.78,-6.70999999999998,-1.96,23449247.0,1683573325.0,4.728,0.003437,0.00504,0.73,18.2284,17.5324,4.5845,1.7459,1.5558,0.022427,0.022296,6981308571.0,6821688617.0,4652509904.0,496231413227.0,484885626896.0,家用电器,家用电器,白色家电,空调,79.75,65.25,0.0
2021-10-12,336.21,343.16,331.34,338.62,336.07,2.550000000000012,0.76,21599019.0,1548732744.0,4.728,0.003166,0.004642,0.71,18.3669,17.6656,4.6194,1.7592,1.5676,0.022258,0.022128,6981308571.0,6821688617.0,4652509904.0,500001319855.0,488569338750.0,家用电器,家用电器,白色家电,空调,78.19,63.97,0.0
2021-10-13,340.42,341.46,332.14,335.69,338.62,-2.930000000000007,-0.87,16055890.0,1139319628.0,4.728,0.002354,0.003451,0.58,18.2079,17.5126,4.5794,1.744,1.554,0.022452,0.022321,6981308571.0,6821688617.0,4652509904.0,495672908541.0,484339891807.0,家用电器,家用电器,白色家电,空调,78.78,64.46,0.0
2021-10-14,335.83,338.62,329.31,331.57,335.69,-4.1200000000000045,-1.23,16233357.999999998,1143450650.0,4.728,0.0023799999999999,0.003489,0.65,17.9848,17.2981,4.5233,1.7226,1.535,0.0227309999999999,0.0225979999999999,6981308571.0,6821688617.0,4652509904.0,489599170084.0,478405022710.0,家用电器,家用电器,白色家电,空调,78.1,63.9,0.0
2021-10-15,335.69,339.38,332.66,335.69,331.57,4.1200000000000045,1.24,20425107.0,1447693569.0,4.728,0.002994,0.00439,0.86,18.2079,17.5126,4.5794,1.744,1.554,0.022452,0.022321,6981308571.0,6821688617.0,4652509904.0,495672908541.0,484339891807.0,家用电器,家用电器,白色家电,空调,77.14,63.12,0.0
2021-10-18,335.69,335.69,326.23,329.16,335.69,-6.529999999999973,-1.95,21901873.0,1524555399.0,4.728,0.003211,0.004708,1.12,17.854,17.1723,4.4904,1.7101,1.5238,0.0228969999999999,0.022764,6981308571.0,6821688617.0,4652509904.0,486038702713.0,474925961516.00006,家用电器,家用电器,白色家电,空调,78.1,63.9,0.0
2021-10-19,327.7,333.13,326.47,330.39,329.16,1.2299999999999611,0.37,18104497.0,1265164859.0,4.728,0.002654,0.003891,0.94,17.9207,17.2364,4.5071,1.7165,1.5295,0.022812,0.022679,6981308571.0,6821688617.0,4652509904.0,487853842941.0,476699600556.0,家用电器,家用电器,白色家电,空调,76.58,62.66,0.0
2021-10-20,330.96,333.32,321.6,321.83,330.39,-8.560000000000002,-2.59,30276609.000000004,2074541249.0,4.728,0.004438,0.006508,1.63,17.4565,16.7899,4.3904,1.672,1.4899,0.023419,0.0232819999999999,6981308571.0,6821688617.0,4652509904.0,475217674428.0,464352344159.0,家用电器,家用电器,白色家电,空调,76.87,62.89,0.0
2021-10-21,322.83,329.97,321.69,329.45,321.83,7.620000000000003,2.37,20597302.0,1416973726.0,4.728,0.003019,0.0044269999999999,0.96,17.8694,17.1871,4.4942,1.7115,1.5251,0.022878,0.022744,6981308571.0,6821688617.0,4652509904.0,486457581227.0,475335262833.0,家用电器,家用电器,白色家电,空调,74.88,61.26,0.0
2021-10-22,330.82,354.6,330.72,352.24,329.45,22.79000000000002,6.92,81947936.0,6030294050.0,4.728,0.012013,0.017614,3.68,19.1055,18.3759,4.8051,1.8299,1.6306,0.021398,0.021272,6981308571.0,6821688617.0,4652509904.0,520107488540.0,508215801967.0,家用电器,家用电器,白色家电,空调,76.65,62.71,0.0
2021-10-25,349.82,351.29,338.52,342.31,352.24,-9.930000000000009,-2.82,43058106.0,3124400474.0,4.728,0.006312,0.009255,1.25,18.5669,17.858,4.6697,1.7784,1.5847,0.022018,0.02189,6981308571.0,6821688617.0,4652509904.0,505446740540.0,493890255871.0,家用电器,家用电器,白色家电,空调,81.95,67.05,0.0
2021-10-26,339.23,340.32,331.05,331.05,342.31,-11.259999999999993,-3.29,39644810.0,2798221885.0,4.728,0.005812,0.0085209999999999,1.02,17.9566,17.2709,4.5162,1.7199,1.5326,0.022767,0.0226339999999999,6981308571.0,6821688617.0,4652509904.0,488831226141.0,477654636962.0,家用电器,家用电器,白色家电,空调,79.64,65.16,0.0
2021-10-27,326.52,328.36,316.78,316.78,331.05,-14.27000000000004,-4.31,67849700.0,4597497865.0,4.728,0.009946,0.0145829999999999,1.57,17.1821,16.526,4.3214,1.6457,1.4665,0.023793,0.023654,6981308571.0,6821688617.0,4652509904.0,467747674257.0,457053137339.00006,家用电器,家用电器,白色家电,空调,77.02,63.02,0.0
2021-10-28,314.41,323.16,312.24,322.07,316.78,5.2900000000000205,1.67,27797860.0,1876958742.0,4.728,0.004075,0.005975,0.55,17.4693,16.8023,4.3936,1.6732,1.491,0.023402,0.0232649999999999,6981308571.0,6821688617.0,4652509904.0,475566739857.0,464693428590.0,家用电器,家用电器,白色家电,空调,73.7,60.3,0.0
2021-10-29,318.81,328.6,318.19,325.14,322.07,3.069999999999993,0.95,28202116.0,1933712606.0,4.728,0.004134,0.006062,0.54,17.636,16.9626,4.4355,1.6892,1.5052,0.0231809999999999,0.023045,6981308571.0,6821688617.0,4652509904.0,480104590428.0,469127526191.0,家用电器,家用电器,白色家电,空调,74.93,61.31,0.0
2021-11-01,336.96,349.49,334.03,344.25,325.14,19.110000000000014,5.88,74811069.0,5437920545.0,4.728,0.010967,0.01608,1.81,18.6721,17.7359,4.2884,1.7884,1.5459,0.021894,0.021766,6981308571.0,6821688617.0,4652509904.0,508309077055.0,496687148204.0,家用电器,家用电器,白色家电,空调,75.65,61.89,0.0
2021-11-02,344.25,346.99,332.76,334.79,344.25,-9.45999999999998,-2.75,33979598.0,2430850401.0,4.728,0.004981,0.007303,0.71,18.1592,17.2487,4.1706,1.7393,1.5035,0.022513,0.022381,6981308571.0,6821688617.0,4652509904.0,494346459913.0,483043770970.0,家用电器,家用电器,白色家电,空调,80.09,65.53,0.0
2021-11-03,331.1,338.05,327.74,327.74,334.79,-7.050000000000011,-2.11,22136290.0,1550205587.0,4.728,0.003245,0.004758,0.48,17.7771,16.8858,4.0829,1.7027,1.4718,0.022997,0.022862,6981308571.0,6821688617.0,4652509904.0,483944310142.0,472879454930.0,家用电器,家用电器,白色家电,空调,77.89,63.73,0.0
2021-11-04,330.96,336.82,328.55,334.36,327.74,6.6200000000000045,2.02,23674066.0,1667235035.0,4.728,0.0034699999999999,0.005088,0.63,18.1361,17.2268,4.1653,1.7371,1.5016,0.022541,0.02241,6981308571.0,6821688617.0,4652509904.0,493718142141.00006,482429818994.00006,家用电器,家用电器,白色家电,空调,76.25,62.39,0.0
2021-11-05,332.43,339.52,329.97,334.51,334.36,0.1499999999999772,0.04,18630632.0,1321929414.0,4.728,0.002731,0.004004,0.51,18.1438,17.2341,4.1671,1.7378,1.5022,0.022532,0.0224,6981308571.0,6821688617.0,4652509904.0,493927581398.0,482634469653.0,家用电器,家用电器,白色家电,空调,77.79,63.65,0.0
2021-11-08,333.94,335.5,330.01,333.04,334.51,-1.4699999999999704,-0.44,14960996.0,1051451981.0,4.728,0.002193,0.003216,0.43,18.0643,17.1586,4.1488,1.7302,1.4956,0.022631,0.0224989999999999,6981308571.0,6821688617.0,4652509904.0,491763375741.0,480519746181.0,家用电器,家用电器,白色家电,空调,77.83,63.68,0.0
2021-11-09,332.61,332.61,323.25,326.23,333.04,-6.810000000000002,-2.04,22767037.0,1571550505.0,4.728,0.003337,0.004893,1.0,17.695,16.8078,4.064,1.6948,1.465,0.023103,0.022968,6981308571.0,6821688617.0,4652509904.0,481710291399.0,470696514573.0,家用电器,家用电器,白色家电,空调,77.48,63.4,0.0
2021-11-10,324.77,330.01,321.6,328.97,326.23,2.740000000000009,0.84,23735791.0,1632341271.0,4.728,0.003479,0.005102,1.16,17.8437,16.9491,4.0982,1.7091,1.4774,0.022911,0.022777,6981308571.0,6821688617.0,4652509904.0,485759450370.0,474653093971.0,家用电器,家用电器,白色家电,空调,75.9,62.1,0.0
2021-11-11,327.13,342.12,325.76,340.61,328.97,11.639999999999986,3.54,36332028.0,2604623041.0,4.728,0.005326,0.007809,1.75,18.4746,17.5483,4.2431,1.7695,1.5296,0.022128,0.021999,6981308571.0,6821688617.0,4652509904.0,502933469455.0,491434447969.0,家用电器,家用电器,白色家电,空调,76.54,62.62,0.0
2021-11-12,339.85,349.3,338.52,341.22,340.61,0.6100000000000136,0.18,26614392.0,1929374935.0,4.728,0.003901,0.0057199999999999,1.14,18.5079,17.58,4.2507,1.7727,1.5324,0.022088,0.021959,6981308571.0,6821688617.0,4652509904.0,503841039569.0,492321267489.0,家用电器,家用电器,白色家电,空调,79.24,64.84,0.0
2021-11-15,340.42,345.14,338.05,342.69,341.22,1.4699999999999704,0.43,21497317.0,1553116114.0,4.728,0.0031509999999999,0.004621,0.86,18.5874,17.6555,4.269,1.7803,1.5389,0.021994,0.021865,6981308571.0,6821688617.0,4652509904.0,506005245226.0,494435990960.0,家用电器,家用电器,白色家电,空调,79.39,64.95,0.0
2021-11-16,345.14,347.51,342.26,343.87,342.69,1.1800000000000068,0.34,21140190.0,1540309641.0,4.728,0.003099,0.004544,0.81,18.6516,17.7164,4.2837,1.7865,1.5442,0.021918,0.0217899999999999,6981308571.0,6821688617.0,4652509904.0,507750572369.0,496141413114.0,家用电器,家用电器,白色家电,空调,79.73,65.23,0.0
2021-11-17,341.6,346.09,338.15,340.94,343.87,-2.930000000000007,-0.85,14390329.999999998,1039576297.0,4.728,0.002109,0.003093,0.56,18.4926,17.5654,4.2472,1.7712,1.5311,0.022107,0.021978,6981308571.0,6821688617.0,4652509904.0,503422161055.0,491911966172.0,家用电器,家用电器,白色家电,空调,80.0,65.46,0.0
2021-11-18,339.61,339.66,330.87,332.0,340.94,-8.939999999999998,-2.62,19413431.0,1370784033.0,4.728,0.002846,0.004173,0.81,18.0079,17.105,4.1359,1.7248,1.4909,0.022702,0.022569,6981308571.0,6821688617.0,4652509904.0,490227487856.0,479018974686.0,家用电器,家用电器,白色家电,空调,79.32,64.9,0.0
2021-11-19,332.0,333.32,327.7,330.96,332.0,-1.0400000000000205,-0.31,25102995.0,1750975581.0,4.728,0.00368,0.005396,1.22,17.9514,17.0514,4.1229,1.7194,1.4863,0.0227729999999999,0.0226399999999999,6981308571.0,6821688617.0,4652509904.0,488691599970.0,477518203190.0,家用电器,家用电器,白色家电,空调,77.24,63.2,0.0
2021-11-22,329.68,332.28,328.6,330.72,330.96,-0.2399999999999522,-0.07,22966239.0,1602179694.0,4.728,0.003367,0.0049359999999999,1.13,17.9386,17.0392,4.12,1.7182,1.4852,0.022789,0.022656,6981308571.0,6821688617.0,4652509904.0,488342534541.0,477177118759.0,家用电器,家用电器,白色家电,空调,77.0,63.0,0.0
2021-11-23,330.68,330.68,326.33,328.45,330.72,-2.2700000000000387,-0.69,22415718.0,1554230541.0,4.728,0.003286,0.004818,1.09,17.8155,16.9223,4.0917,1.7064,1.475,0.022947,0.022813,6981308571.0,6821688617.0,4652509904.0,484991506427.0,473902708223.0,家用电器,家用电器,白色家电,空调,76.95,62.96,0.0
2021-11-24,331.67,332.71,326.33,331.67,328.45,3.220000000000028,0.98,25270993.0,1761908032.0,4.728,0.003705,0.005432,1.21,17.9899,17.0879,4.1318,1.7231,1.4895,0.022724,0.0225919999999999,6981308571.0,6821688617.0,4652509904.0,489738796256.0,478541456483.0,家用电器,家用电器,白色家电,空调,76.42,62.52,0.0
2021-11-25,330.96,330.96,326.61,326.89,331.67,-4.78000000000003,-1.44,18110345.0,1254877493.0,4.728,0.002655,0.0038929999999999,0.79,17.7309,16.8419,4.0723,1.6983,1.468,0.023056,0.0229219999999999,6981308571.0,6821688617.0,4652509904.0,482687674599.0,471651550979.00006,家用电器,家用电器,白色家电,空调,77.17,63.14,0.0
2021-11-26,326.23,328.36,324.25,325.33,326.89,-1.5600000000000025,-0.48,14048378.0,969361339.0,4.728,0.002059,0.00302,0.62,17.6463,16.7615,4.0528,1.6902,1.461,0.023167,0.023032,6981308571.0,6821688617.0,4652509904.0,480383842771.0,469400393736.0,家用电器,家用电器,白色家电,空调,76.05,62.23,0.0
2021-11-29,321.46,324.25,320.18,322.31,325.33,-3.019999999999982,-0.93,20002100.0,1361366065.0,4.728,0.002932,0.004299,0.97,17.4821,16.6056,4.0151,1.6745,1.4474,0.023385,0.023248,6981308571.0,6821688617.0,4652509904.0,475915805285.0,465034513021.0,家用电器,家用电器,白色家电,空调,75.69,61.93,0.0
2021-11-30,320.84,326.94,319.94,320.46,322.31,-1.8500000000000227,-0.57,19543671.0,1332560745.0,4.728,0.002865,0.004201,0.98,17.3821,16.5106,3.9922,1.6649,1.4391,0.023519,0.023382,6981308571.0,6821688617.0,4652509904.0,473193094942.0,462374054460.0,家用电器,家用电器,白色家电,空调,74.99,61.35,0.0
2021-12-01,319.94,322.45,317.72,322.26,320.46,1.8000000000000114,0.56,18010101.0,1220013294.0,4.728,0.00264,0.003871,0.93,17.4796,16.6032,4.0145,1.6742,1.4472,0.023388,0.023251,6981308571.0,6821688617.0,4652509904.0,475845992199.0,464966296135.0,家用电器,家用电器,白色家电,空调,74.56,61.0,0.0
2021-12-02,318.57,321.36,317.3,320.27,322.26,-1.990000000000009,-0.62,17292840.0,1169569317.0,4.728,0.002533,0.003713,0.96,17.3772,16.506,3.9936,1.6644,1.4387,0.023531,0.023393,6983471099.0,6826932218.000001,4657753505.0,473060332246.0,462456388447.0,家用电器,家用电器,白色家电,空调,74.98,61.34,0.0
2021-12-03,320.13,320.13,315.26,317.53,320.27,-2.740000000000009,-0.86,21709179.0,1455435330.0,4.728,0.00318,0.004661,1.22,17.2285,16.3647,3.9594,1.6502,1.4264,0.023734,0.023595,6983471099.0,6826932218.000001,4657753505.0,469009919009.0,458496767761.0,家用电器,家用电器,白色家电,空调,74.51,60.97,0.0
2021-12-06,317.53,325.19,317.3,324.2,317.53,6.670000000000016,2.1,28156018.0,1927815523.0,4.728,0.004124,0.006045,1.46,17.5902,16.7082,4.0425,1.6848,1.4564,0.023246,0.02311,6983471099.0,6826932218.000001,4657753505.0,478856613258.0,468122742188.0,家用电器,家用电器,白色家电,空调,73.88,60.44,0.0
2021-12-07,326.7,332.85,326.7,332.05,324.2,7.850000000000023,2.42,45996100.0,3221759578.0,4.728,0.006737,0.009875,2.2,18.016,17.1127,4.1404,1.7256,1.4916,0.022697,0.022564,6983471099.0,6826932218.000001,4657753505.0,490449175283.0,479455449670.0,家用电器,家用电器,白色家电,空调,75.43,61.71,0.0
2021-12-08,332.8,333.09,326.23,330.91,332.05,-1.1399999999999864,-0.34,24448618.0,1705575366.0,4.728,0.0035809999999999,0.005249,0.93,17.9544,17.0542,4.1263,1.7197,1.4865,0.022774,0.022641,6983471099.0,6826932218.000001,4657753505.0,488773142219.0,477816985938.0,家用电器,家用电器,白色家电,空调,77.25,63.21,0.0
2021-12-09,338.05,343.96,335.12,341.46,330.91,10.549999999999956,3.19,58720574.0,4231464731.0,4.728,0.008601,0.012607,2.13,18.5265,17.5976,4.2577,1.7745,1.5339,0.022071,0.021942,6983471099.0,6826932218.000001,4657753505.0,504346282770.0,493041044784.0,家用电器,家用电器,白色家电,空调,76.99,62.99,0.0
2021-12-10,338.81,342.31,334.27,339.94,341.46,-1.5199999999999818,-0.45,29774271.000000004,2133466230.0,4.728,0.004361,0.006392,0.83,18.4444,17.5196,4.2389,1.7666,1.5271,0.0221689999999999,0.02204,6983471099.0,6826932218.000001,4657753505.0,502111572018.00006,490856426474.0,家用电器,家用电器,白色家电,空调,79.44,65.0,0.0
2021-12-13,343.96,355.88,342.87,344.91,339.94,4.970000000000027,1.46,54392976.0,4021351648.0,4.728,0.007967,0.011678,1.45,18.7138,17.7755,4.3008,1.7924,1.5494,0.02185,0.021722,6983471099.0,6826932218.000001,4657753505.0,509444216672.0,498024705303.0,家用电器,家用电器,白色家电,空调,79.09,64.71,0.0
2021-12-14,341.6,342.69,335.92,335.92,344.91,-8.990000000000009,-2.61,25330123.0,1813446503.0,4.728,0.0037099999999999,0.0054379999999999,0.59,18.2264,17.3125,4.1888,1.7457,1.509,0.022435,0.022303,6983471099.0,6826932218.000001,4657753505.0,496175621584.0,485053534089.0,家用电器,家用电器,白色家电,空调,80.25,65.66,0.0
2021-12-15,335.64,337.63,331.81,332.61,335.92,-3.3100000000000023,-0.99,16566926.999999998,1169764120.0,4.728,0.002427,0.003557,0.43,18.0468,17.142,4.1475,1.7285,1.4942,0.022658,0.022525,6983471099.0,6826932218.000001,4657753505.0,491287191815.0,480274681536.0,家用电器,家用电器,白色家电,空调,78.16,63.95,0.0
2021-12-16,333.09,335.12,330.11,332.85,332.61,0.2400000000000091,0.07,15360353.0,1077897221.0,4.728,0.00225,0.0032979999999999,0.42,18.0596,17.1541,4.1504,1.7298,1.4952,0.022642,0.022509,6983471099.0,6826932218.000001,4657753505.0,491636365370.0,480616028147.0,家用电器,家用电器,白色家电,空调,77.39,63.32,0.0
2021-12-17,331.39,332.19,324.81,324.81,332.85,-8.04000000000002,-2.42,20467841.0,1419353357.0,4.728,0.002998,0.004394,0.72,17.6235,16.7399,4.0502,1.688,1.4591,0.0232019999999999,0.023066,6983471099.0,6826932218.000001,4657753505.0,479764464501.0,469010243377.0,家用电器,家用电器,白色家电,空调,77.44,63.36,0.0
2021-12-20,325.66,332.57,325.33,329.16,324.81,4.350000000000023,1.34,20657979.0,1440391946.0,4.728,0.0030259999999999,0.004435,0.78,17.8595,16.9641,4.1044,1.7106,1.4787,0.022895,0.022761,6983471099.0,6826932218.000001,4657753505.0,486189257912.0,475291021017.0,家用电器,家用电器,白色家电,空调,75.57,61.83,0.0
2021-12-21,329.12,341.03,328.6,338.76,329.16,9.599999999999966,2.92,31759660.0,2268444039.0,4.728,0.004652,0.0068189999999999,1.61,18.3803,17.4587,4.2241,1.7605,1.5218,0.022247,0.022117,6983471099.0,6826932218.000001,4657753505.0,500365704243.0,489149693420.0,家用电器,家用电器,白色家电,空调,76.58,62.66,0.0
2021-12-22,337.82,339.94,331.1,338.19,338.76,-0.5699999999999932,-0.17,22483108.0,1595253317.0,4.728,0.003293,0.004827,1.07,18.3495,17.4295,4.2171,1.7575,1.5192,0.022284,0.0221539999999999,6983471099.0,6826932218.000001,4657753505.0,499527687711.0,488330461554.0,家用电器,家用电器,白色家电,空调,78.82,64.49,0.0
2021-12-23,336.11,344.53,335.69,339.8,338.19,1.6100000000000136,0.48,19654181.0,1412656991.0,4.728,0.002879,0.00422,0.89,18.4367,17.5123,4.2371,1.7659,1.5265,0.022179,0.022049,6983471099.0,6826932218.000001,4657753505.0,501902067885.00006,490651618508.0,家用电器,家用电器,白色家电,空调,78.68,64.38,0.0
2021-12-24,337.25,341.6,334.88,341.17,339.8,1.3700000000000043,0.4,16377482.0,1174612543.0,4.728,0.002399,0.003516,0.71,18.5111,17.583,4.2542,1.773,1.5326,0.0220889999999999,0.02196,6983471099.0,6826932218.000001,4657753505.0,503927274504.0,492631428851.0,家用电器,家用电器,白色家电,空调,79.06,64.68,0.0
2021-12-27,341.36,349.87,339.94,345.38,341.17,4.20999999999998,1.23,27562336.0,2020201843.0,4.728,0.004036,0.005915,1.24,18.7442,17.8044,4.3078,1.7953,1.5519,0.021815,0.0216869999999999,6985258567.999999,6828719687.0,4659540974.0,510273138392.0,498837973135.0,家用电器,家用电器,白色家电,空调,79.38,64.94,0.0
2021-12-28,345.38,356.77,345.38,355.45,345.38,10.069999999999991,2.92,51272047.0,3839791457.0,4.728,0.007508,0.011004,2.18,19.2908,18.3236,4.4334,1.8477,1.5972,0.021197,0.0210729999999999,6985258567.999999,6828719687.0,4659540974.0,525151739142.0,513383146069.0,家用电器,家用电器,白色家电,空调,80.36,65.75,0.0
2021-12-29,354.6,357.2,348.69,349.92,355.45,-5.529999999999973,-1.56,21584258.0,1603790662.0,4.728,0.0031609999999999,0.004632,0.79,18.9905,18.0384,4.3644,1.8189,1.5723,0.021532,0.021406,6985258567.999999,6828719687.0,4659540974.0,516978986618.0,505393544035.0,家用电器,家用电器,白色家电,空调,82.7,67.66,0.0
2021-12-30,349.87,352.24,346.0,349.68,349.92,-0.2400000000000091,-0.07,21829008.0,1615514267.0,4.728,0.0031969999999999,0.004685,0.8,18.9777,18.0262,4.3614,1.8177,1.5712,0.021546,0.0214199999999999,6985258567.999999,6828719687.0,4659540974.0,516629723689.0,505052108051.0,家用电器,家用电器,白色家电,空调,81.41,66.61,0.0
2021-12-31,349.4,351.95,344.1,348.97,349.68,-0.7099999999999795,-0.2,21673393.0,1593276844.0,4.728,0.003174,0.004651,0.78,18.9392,17.9897,4.3526,1.814,1.5681,0.0215899999999999,0.0214639999999999,6985258567.999999,6828719687.0,4659540974.0,515581934904.0,504027800097.0,家用电器,家用电器,白色家电,空调,81.36,66.56,0.0
2022-01-04,349.87,356.96,347.98,356.3,348.97,7.329999999999984,2.1,31040801.0,2323005428.0,4.728,0.004546,0.006662,1.08,19.3369,18.3674,4.444,1.8521,1.601,0.021022,0.021022,6985258567.999999,6828719687.0,4659540974.0,526409085684.0,514612315612.0,家用电器,家用电器,白色家电,空调,81.19,66.43,0.0
2022-01-05,356.49,377.44,353.37,360.6,356.3,4.300000000000011,1.21,61369922.0,4743653586.0,4.728,0.008987,0.0131709999999999,2.08,19.5704,18.5892,4.4976,1.8745,1.6203,0.020772,0.020772,6985258567.999999,6828719687.0,4659540974.0,532765670981.0,520826450527.0,家用电器,家用电器,白色家电,空调,82.9,67.82,0.0
2022-01-06,358.43,369.68,353.65,354.51,360.6,-6.090000000000032,-1.69,34188949.0,2599839611.0,4.728,0.005007,0.007337,1.09,19.2394,18.2748,4.4216,1.8428,1.5929,0.021129,0.021129,6985258567.999999,6828719687.0,4659540974.0,523754687429.0,512017402131.0,家用电器,家用电器,白色家电,空调,83.9,68.64,0.0
2022-01-07,356.87,371.05,354.65,367.74,354.51,13.230000000000018,3.73,43722085.0,3393184312.0,4.728,0.006403,0.009383,1.29,19.9579,18.9573,4.5867,1.9116,1.6524,0.020368,0.020368,6985258567.999999,6828719687.0,4659540974.0,543313411419.0,531137817255.0,家用电器,家用电器,白色家电,空调,82.48,67.48,0.0
2022-01-10,369.73,382.4,364.06,367.84,367.74,0.0999999999999659,0.03,35252163.0,2760629556.0,4.728,0.005162,0.007566,0.92,19.963,18.9621,4.5879,1.9121,1.6528,0.020363,0.020363,6985258567.999999,6828719687.0,4659540974.0,543453116590.0,531274391649.0,家用电器,家用电器,白色家电,空调,85.56,70.0,0.0
2022-01-11,364.15,372.66,356.96,357.44,367.84,-10.399999999999975,-2.83,33694529.0,2592315666.0,4.728,0.004934,0.007231,0.82,19.3985,18.4259,4.4581,1.858,1.6061,0.020956,0.020956,6985258567.999999,6828719687.0,4659540974.0,528085547741.0,516251208337.0,家用电器,家用电器,白色家电,空调,85.58,70.02,0.0
2022-01-12,359.75,360.84,345.29,351.2,357.44,-6.240000000000009,-1.75,38464129.0,2852050497.0,4.728,0.005633,0.008255,0.92,19.0598,18.1042,4.3803,1.8256,1.578,0.021328,0.021328,6985258567.999999,6828719687.0,4659540974.0,518865006431.0,507237298350.0,家用电器,家用电器,白色家电,空调,83.16,68.04,0.0
2022-01-13,352.61,356.3,341.36,341.93,351.2,-9.269999999999982,-2.64,26732585.0,1957650624.0,4.728,0.003915,0.005737,0.72,18.5569,17.6265,4.2647,1.7774,1.5364,0.021906,0.021906,6985258567.999999,6828719687.0,4659540974.0,505173899638.0,493853007764.0,家用电器,家用电器,白色家电,空调,81.71,66.85,0.0
2022-01-14,340.89,344.43,337.58,340.42,341.93,-1.509999999999991,-0.44,20996990.0,1516106943.0,4.728,0.003075,0.004506,0.59,18.4748,17.5485,4.2458,1.7695,1.5296,0.0220029999999999,0.0220029999999999,6985258567.999999,6828719687.0,4659540974.0,502938616896.0,491667817464.0,家用电器,家用电器,白色家电,空调,79.55,65.09,0.0
2022-01-17,340.89,347.22,339.09,345.29,340.42,4.8700000000000045,1.43,20381136.0,1481637501.0,4.728,0.002985,0.004374,0.66,18.7391,17.7995,4.3066,1.7948,1.5515,0.021688,0.021688,6985258567.999999,6828719687.0,4659540974.0,510133433221.0,498701398742.0,家用电器,家用电器,白色家电,空调,79.2,64.8,0.0
2022-01-18,344.25,348.36,340.51,346.56,345.29,1.2699999999999818,0.37,21307718.0,1554810615.0,4.728,0.00312,0.004573,0.76,18.8084,17.8653,4.3225,1.8015,1.5572,0.021609,0.021609,6985258567.999999,6828719687.0,4659540974.0,512019453034.0,500545153057.0,家用电器,家用电器,白色家电,空调,80.33,65.73,0.0
2022-01-19,348.45,360.23,347.32,355.69,346.56,9.129999999999995,2.63,40401059.0,3035602735.0,4.728,0.005916,0.008671,1.58,19.3036,18.3357,4.4363,1.8489,1.5982,0.021054,0.021054,6985258567.999999,6828719687.0,4659540974.0,525501002071.0,513724582053.00006,家用电器,家用电器,白色家电,空调,80.63,65.97,0.0
2022-01-20,355.5,372.57,355.12,371.72,355.69,16.03000000000003,4.51,50662197.0,3941616640.0,4.728,0.007419,0.0108729999999999,1.95,20.1734,19.162,4.6362,1.9322,1.6702,0.020146,0.020146,6985258567.999999,6828719687.0,4659540974.0,549181028616.0,536873941792.0,家用电器,家用电器,白色家电,空调,82.75,67.71,0.0
2022-01-21,369.35,372.66,362.31,365.99,371.72,-5.730000000000018,-1.54,30226221.000000004,2345227569.0,4.728,0.004426,0.006487,0.98,19.863,18.8671,4.5649,1.9025,1.6445,0.020461,0.020461,6985258567.999999,6828719687.0,4659540974.0,540728865749.0,528611190971.0,家用电器,家用电器,白色家电,空调,86.48,70.76,0.0
2022-01-24,363.11,373.65,361.69,364.43,365.99,-1.5600000000000025,-0.43,16913071.0,1307756734.0,4.728,0.002477,0.00363,0.52,19.7783,18.7866,4.5454,1.8944,1.6375,0.0205489999999999,0.0205489999999999,6985258567.999999,6828719687.0,4659540974.0,538423730421.0,526357713474.0,家用电器,家用电器,白色家电,空调,85.15,69.67,0.0
2022-01-25,363.11,372.57,355.64,358.62,364.43,-5.810000000000002,-1.59,25185151.0,1938021218.0,4.728,0.003688,0.005405,0.79,19.4627,18.4869,4.4729,1.8642,1.6114,0.020882,0.020882,6985258567.999999,6828719687.0,4659540974.0,529831862383.00006,517958388259.00006,家用电器,家用电器,白色家电,空调,84.79,69.37,0.0
2022-01-26,361.55,366.56,357.15,361.74,358.62,3.1200000000000045,0.87,17996504.0,1376378669.0,4.728,0.002635,0.003862,0.55,19.632,18.6477,4.5118,1.8804,1.6254,0.0207019999999999,0.0207019999999999,6985258567.999999,6828719687.0,4659540974.0,534442133038.0,522465343252.0,家用电器,家用电器,白色家电,空调,83.44,68.27,0.0
2022-01-27,358.15,362.97,352.28,353.75,361.74,-7.990000000000009,-2.21,25896559.0,1951701429.0,4.728,0.003792,0.005558,0.92,19.1984,18.2358,4.4121,1.8388,1.5895,0.02117,0.02117,6985258567.999999,6828719687.0,4659540974.0,522637046058.0,510924806981.0,家用电器,家用电器,白色家电,空调,84.16,68.86,0.0
2022-01-28,353.8,359.33,345.29,346.09,353.75,-7.660000000000025,-2.17,26921924.0,1996946181.0,4.728,0.003942,0.005778,1.16,18.7827,17.841,4.3166,1.799,1.5551,0.021638,0.021638,6985258567.999999,6828719687.0,4659540974.0,511320927178.0,499862281088.0,家用电器,家用电器,白色家电,空调,82.3,67.34,0.0
2022-02-07,352.24,357.63,346.94,353.18,346.09,7.090000000000032,2.05,21295784.0,1582887131.0,4.728,0.003119,0.00457,0.94,19.1676,18.2066,4.4051,1.8359,1.587,0.021204,0.021204,6985258567.999999,6828719687.0,4659540974.0,521798815030.0,510105360619.0,家用电器,家用电器,白色家电,空调,80.52,65.88,0.0
2022-02-08,351.76,354.13,345.14,351.29,353.18,-1.8899999999999864,-0.54,25222789.0,1858705327.0,4.728,0.003694,0.005413,1.08,19.065,18.1091,4.3815,1.8261,1.5785,0.021318,0.021318,6985258567.999999,6828719687.0,4659540974.0,519004711602.0,507373872744.00006,家用电器,家用电器,白色家电,空调,82.17,67.23,0.0
2022-02-09,352.71,364.39,349.4,362.12,351.29,10.829999999999984,3.08,30821130.0,2329350901.0,4.728,0.004513,0.0066149999999999,1.31,19.6526,18.6672,4.5165,1.8823,1.6271,0.02068,0.02068,6985258567.999999,6828719687.0,4659540974.0,535000953723.0,523011640827.0,家用电器,家用电器,白色家电,空调,81.73,66.87,0.0
2022-02-10,359.8,362.21,347.51,348.22,362.12,-13.899999999999975,-3.84,40093808.0,2986309640.0,4.728,0.0058709999999999,0.008605,1.54,18.8982,17.9507,4.3431,1.8101,1.5647,0.0215059999999999,0.0215059999999999,6985258567.999999,6828719687.0,4659540974.0,514464293533.0,502935204948.0,家用电器,家用电器,白色家电,空调,84.25,68.93,0.0
2022-02-11,345.85,352.71,342.69,350.53,348.22,2.309999999999945,0.66,26315615.000000004,1943208565.0,4.728,0.003854,0.0056479999999999,0.91,19.0239,18.0701,4.372,1.8221,1.5751,0.021364,0.021364,6985258567.999999,6828719687.0,4659540974.0,517887070232.0,506281277594.0,家用电器,家用电器,白色家电,空调,81.02,66.29,0.0
2022-02-14,347.51,347.65,338.52,345.14,350.53,-5.389999999999986,-1.54,19833640.0,1443390305.0,4.728,0.002904,0.004257,0.69,18.7314,17.7922,4.3048,1.7941,1.5509,0.021697,0.021697,6985258567.999999,6828719687.0,4659540974.0,509923875464.00006,498496537151.0,家用电器,家用电器,白色家电,空调,81.55,66.73,0.0
2022-02-15,343.82,346.56,339.94,340.56,345.14,-4.579999999999984,-1.33,22662561.0,1639397266.0,4.728,0.003319,0.004864,0.8,18.4825,17.5558,4.2476,1.7703,1.5302,0.02199,0.02199,6985258567.999999,6828719687.0,4659540974.0,503148174653.0,491872679055.0,家用电器,家用电器,白色家电,空调,80.3,65.7,0.0
2022-02-16,341.27,347.46,339.47,346.56,340.56,6.0,1.76,18939258.0,1380576750.0,4.728,0.002773,0.004065,0.68,18.8084,17.8653,4.3225,1.8015,1.5572,0.021609,0.021609,6985258567.999999,6828719687.0,4659540974.0,512019453034.0,500545153057.0,家用电器,家用电器,白色家电,空调,79.23,64.83,0.0
2022-02-17,345.19,348.93,340.94,341.69,346.56,-4.8700000000000045,-1.41,17712319.0,1288420221.0,4.728,0.002594,0.003801,0.69,18.5441,17.6143,4.2618,1.7762,1.5353,0.021917,0.021917,6985258567.999999,6828719687.0,4659540974.0,504824636709.0,493511571779.0,家用电器,家用电器,白色家电,空调,80.63,65.97,0.0
2022-02-18,339.42,345.81,337.15,345.14,341.69,3.4499999999999886,1.01,15392510.999999998,1114787733.0,4.728,0.002254,0.003303,0.73,18.7314,17.7922,4.3048,1.7941,1.5509,0.021697,0.021697,6985258567.999999,6828719687.0,4659540974.0,509923875464.00006,498496537151.0,家用电器,家用电器,白色家电,空调,79.5,65.04,0.0
2022-02-21,344.2,344.29,340.42,343.73,345.14,-1.4099999999999682,-0.41,10709058.0,776053567.0,4.728,0.001568,0.002298,0.57,18.6544,17.7191,4.2871,1.7867,1.5445,0.021787,0.021787,6985258567.999999,6828719687.0,4659540974.0,507828297894.0,496447921245.0,家用电器,家用电器,白色家电,空调,80.3,65.7,0.0
2022-02-22,340.89,341.13,327.41,331.76,343.73,-11.970000000000027,-3.48,36301446.0,2550080183.0,4.728,0.0053159999999999,0.007791,2.12,18.0052,17.1025,4.1379,1.7246,1.4907,0.022572,0.022572,6985258567.999999,6828719687.0,4659540974.0,490155593717.0,479171260437.0,家用电器,家用电器,白色家电,空调,79.97,65.43,0.0
2022-02-23,331.2,333.99,329.54,333.23,331.76,1.4700000000000273,0.44,19598560.0,1377756703.0,4.728,0.0028699999999999,0.004206,0.99,18.0848,17.178,4.1562,1.7322,1.4973,0.022473,0.022473,6985258567.999999,6828719687.0,4659540974.0,492321023873.0,481288163540.0,家用电器,家用电器,白色家电,空调,77.19,63.15,0.0
2022-02-24,328.69,329.83,318.95,322.92,333.23,-10.310000000000002,-3.09,41899669.0,2867573788.0,4.728,0.006136,0.008992,2.1,17.5254,16.6467,4.0277,1.6786,1.451,0.02319,0.02319,6985258567.999999,6828719687.0,4659540974.0,477093160194.0,466401554622.0,家用电器,家用电器,白色家电,空调,77.53,63.43,0.0
2022-02-25,325.05,326.0,320.61,322.07,322.92,-0.8500000000000227,-0.26,22417097.0,1528873766.0,4.728,0.003283,0.004811,0.9,17.4792,16.6028,4.017,1.6742,1.4472,0.023252,0.023252,6985258567.999999,6828719687.0,4659540974.0,475835813652.0,465172385078.0,家用电器,家用电器,白色家电,空调,75.13,61.47,0.0
2022-02-28,319.14,319.71,309.68,315.45,322.07,-6.6200000000000045,-2.06,48362395.0,3207726547.0,4.728,0.007082,0.010379,1.85,17.12,16.2616,3.9345,1.6398,1.4174,0.02374,0.02374,6985258567.999999,6828719687.0,4659540974.0,466056451657.00006,455612177517.0,家用电器,家用电器,白色家电,空调,74.93,61.31,0.0
2022-03-01,314.93,323.35,310.54,323.06,315.45,7.610000000000014,2.41,40633496.0,2724504804.0,4.728,0.0059499999999999,0.00872,1.21,17.5331,16.654,4.0294,1.6793,1.4516,0.02318,0.02318,6985258567.999999,6828719687.0,4659540974.0,477302717951.00006,466606416213.0,家用电器,家用电器,白色家电,空调,73.39,60.05,0.0
2022-03-02,319.14,319.14,312.99,316.4,323.06,-6.660000000000025,-2.06,24786934.0,1658320777.0,4.728,0.00363,0.00532,0.72,17.1713,16.3104,3.9463,1.6447,1.4217,0.023669,0.023669,6985258567.999999,6828719687.0,4659540974.0,467453503371.0,456977921454.0,家用电器,家用电器,白色家电,空调,75.16,61.5,0.0
2022-03-03,317.96,317.96,311.81,315.22,316.4,-1.17999999999995,-0.37,26230556.0,1743964879.0,4.728,0.003841,0.0056289999999999,0.74,17.1071,16.2494,3.9315,1.6385,1.4164,0.023757,0.023757,6985258567.999999,6828719687.0,4659540974.0,465707188729.0,455270741532.0,家用电器,家用电器,白色家电,空调,73.61,60.23,0.0
2022-03-04,311.81,313.61,307.75,310.16,315.22,-5.060000000000002,-1.61,30520427.0,2001514125.0,4.728,0.004469,0.00655,0.94,16.8326,15.9886,3.8684,1.6122,1.3936,0.024145,0.024145,6985258567.999999,6828719687.0,4659540974.0,458232962061.0,447964011467.0,家用电器,家用电器,白色家电,空调,73.34,60.0,0.0
2022-03-07,305.33,305.33,293.33,295.55,310.16,-14.610000000000014,-4.71,47645242.0,2998946563.0,4.728,0.006977,0.010225,1.4,16.0397,15.2355,3.6862,1.5363,1.328,0.025339,0.025339,6985258567.999999,6828719687.0,4659540974.0,436648513086.0,426863267634.00006,家用电器,家用电器,白色家电,空调,72.16,59.04,0.0
2022-03-08,292.66,297.86,282.26,282.55,295.55,-13.0,-4.4,57768669.99999999,3513393049.0,4.728,0.00846,0.012398,1.7,15.3341,14.5653,3.5241,1.4687,1.2696,0.026505,0.026505,6985258567.999999,6828719687.0,4659540974.0,417439052024.0,408084288495.0,家用电器,家用电器,白色家电,空调,68.76,56.26,0.0
2022-03-09,280.28,283.73,267.65,281.41,282.55,-1.1399999999999864,-0.4,56275806.99999999,3289964731.0,4.728,0.008241,0.012078,1.51,15.2725,14.5068,3.5099,1.4628,1.2645,0.026611,0.026611,6985258567.999999,6828719687.0,4659540974.0,415762589967.0,406445395770.0,家用电器,家用电器,白色家电,空调,65.74,53.78,0.0
2022-03-10,289.4,290.25,274.79,278.34,281.41,-3.07000000000005,-1.09,47362869.0,2809518529.0,4.728,0.006936,0.010165,1.08,15.1057,14.3483,3.4716,1.4468,1.2507,0.026905,0.026905,6985258567.999999,6828719687.0,4659540974.0,411222171898.0,402006727974.0,家用电器,家用电器,白色家电,空调,65.47,53.57,0.0
2022-03-11,275.64,282.12,271.06,280.75,278.34,2.410000000000025,0.87,35638996.0,2080976811.0,4.728,0.005212,0.0076339999999999,0.74,15.2566,14.4917,3.5062,1.4613,1.2632,0.026674,0.026674,6994436540.0,6837917659.0,4668738946.0,415329641745.00006,406035550591.0,家用电器,家用电器,白色家电,空调,64.76,52.98,0.0
2022-03-14,274.32,279.38,268.03,268.03,280.75,-12.720000000000027,-4.53,31918608.0,1851362819.0,4.728,0.004668,0.0068369999999999,0.65,14.5654,13.8352,3.3474,1.3951,1.2059,0.027906,0.027906,6994436540.0,6837917659.0,4668738946.0,396514607453.0,387641552089.0,家用电器,家用电器,白色家电,空调,65.32,53.44,0.0
2022-03-15,265.71,270.58,256.64,257.2,268.03,-10.829999999999984,-4.04,49926766.0,2779415595.0,4.728,0.0073009999999999,0.0106939999999999,1.09,13.9771,13.2763,3.2122,1.3387,1.1572,0.029081,0.029081,6994436540.0,6837917659.0,4668738946.0,380497347776.0,371982720650.0,家用电器,家用电器,白色家电,空调,62.36,51.02,0.0
2022-03-16,265.71,270.96,256.49,269.45,257.2,12.25,4.76,52945781.00000001,2962039193.0,4.728,0.007743,0.01134,1.2,14.6425,13.9084,3.3651,1.4025,1.2123,0.027759,0.027759,6994436540.0,6837917659.0,4668738946.0,398612938415.0,389692927386.0,家用电器,家用电器,白色家电,空调,59.84,48.96,0.0
2022-03-17,281.03,282.17,272.38,277.53,269.45,8.079999999999984,3.0,52266437.0,3071637071.0,4.728,0.007644,0.011195,1.2,15.0819,14.3257,3.4661,1.4446,1.2487,0.0269499999999999,0.0269499999999999,6994436540.0,6837917659.0,4668738946.0,410573424898.0,401385766583.0,家用电器,家用电器,白色家电,空调,62.69,51.29,0.0
2022-03-18,277.53,279.0,272.57,278.48,277.53,0.9500000000000456,0.34,36839305.0,2148265062.0,4.728,0.0053879999999999,0.007891,0.83,15.1333,14.3745,3.4779,1.4495,1.2529,0.026859,0.026859,6994436540.0,6837917659.0,4668738946.0,411972312206.0,402753350115.0,家用电器,家用电器,白色家电,空调,64.57,52.83,0.0
2022-03-21,279.09,281.55,274.22,276.35,278.48,-2.1299999999999955,-0.76,30641715.000000004,1798629636.0,4.728,0.004481,0.006563,0.68,15.0176,14.2647,3.4513,1.4384,1.2434,0.027066,0.027066,6994436540.0,6837917659.0,4668738946.0,408824815763.0,399676287169.0,家用电器,家用电器,白色家电,空调,64.79,53.01,0.0
2022-03-22,274.7,278.67,274.32,276.97,276.35,0.6200000000000045,0.22,19403969.0,1134303592.0,4.728,0.002838,0.004156,0.44,15.051,14.2964,3.459,1.4416,1.2461,0.027006,0.027006,6994436540.0,6837917659.0,4668738946.0,409734092513.0,400565216464.0,家用电器,家用电器,白色家电,空调,64.3,52.61,0.0
2022-03-23,277.68,278.29,273.89,274.22,276.97,-2.75,-0.99,24373729.0,1418165962.0,4.728,0.003564,0.005221,0.63,14.902,14.1549,3.4248,1.4273,1.2338,0.0272759999999999,0.0272759999999999,6994436540.0,6837917659.0,4668738946.0,405677319320.0,396599224222.0,家用电器,家用电器,白色家电,空调,64.44,52.72,0.0
2022-03-24,271.86,273.37,270.02,272.24,274.22,-1.9800000000000184,-0.72,23678670.0,1361843502.0,4.728,0.003463,0.005072,0.72,14.7941,14.0524,3.4,1.417,1.2249,0.027475,0.027475,6994436540.0,6837917659.0,4668738946.0,402739655973.0,393727298805.00006,家用电器,家用电器,白色家电,空调,63.8,52.2,0.0
2022-03-25,272.29,273.85,265.0,265.19,272.24,-7.050000000000011,-2.59,25216369.0,1430819628.0,4.728,0.003688,0.005401,0.93,14.4113,13.6887,3.312,1.3803,1.1932,0.0282039999999999,0.0282039999999999,6994436540.0,6837917659.0,4668738946.0,392317945529.0,383538801493.0,家用电器,家用电器,白色家电,空调,63.34,51.82,0.0
2022-03-28,264.15,265.52,259.09,263.82,265.19,-1.3700000000000043,-0.52,21585282.0,1198968556.0,4.728,0.0031569999999999,0.0046229999999999,0.88,14.3368,13.618,3.2949,1.3732,1.187,0.028351,0.028351,6994436540.0,6837917659.0,4668738946.0,390289558932.0,381555805372.0,家用电器,家用电器,白色家电,空调,61.7,50.48,0.0
2022-03-29,265.29,265.86,257.49,258.39,263.82,-5.430000000000007,-2.06,25242958.0,1391082042.0,4.728,0.0036919999999999,0.0054069999999999,1.1,14.0413,13.3373,3.227,1.3449,1.1625,0.028948,0.028948,6994436540.0,6837917659.0,4668738946.0,382245956911.0,373692200064.0,家用电器,家用电器,白色家电,空调,61.38,50.22,0.0
2022-03-30,259.99,269.5,259.8,269.5,258.39,11.110000000000014,4.3,33900253.0,1899860141.0,4.728,0.004958,0.007261,1.41,14.6451,13.9108,3.3657,1.4027,1.2125,0.0277539999999999,0.0277539999999999,6994436540.0,6837917659.0,4668738946.0,398682882780.0,389761306563.0,家用电器,家用电器,白色家电,空调,60.12,49.19,0.0
2022-03-31,269.02,270.44,265.81,269.5,269.5,0.0,0.0,25133597.0,1428403894.0,4.728,0.003676,0.005383,0.97,14.6451,13.9108,3.3657,1.4027,1.2125,0.0277539999999999,0.0277539999999999,6994436540.0,6837917659.0,4668738946.0,398682882780.0,389761306563.0,家用电器,家用电器,白色家电,空调,62.7,51.3,0.0
2022-04-01,267.13,280.09,263.87,277.06,269.5,7.560000000000002,2.81,45775170.0,2655473470.0,4.728,0.006694,0.009805,1.75,15.0562,14.3013,3.4602,1.4421,1.2466,0.026996,0.026996,6994436540.0,6837917659.0,4668738946.0,409873981244.0,400701974817.00006,家用电器,家用电器,白色家电,空调,62.7,51.3,0.0
2022-04-06,274.46,279.8,273.75,276.16,277.06,-0.8999999999999773,-0.32,30753172.0,1798592443.0,4.728,0.004497,0.0065869999999999,1.01,15.0074,14.2549,3.449,1.4374,1.2425,0.027084,0.027084,6994436540.0,6837917659.0,4668738946.0,408545038301.0,399402770462.0,家用电器,家用电器,白色家电,空调,64.46,52.74,0.0
2022-04-07,272.57,279.52,272.38,272.81,276.16,-3.3500000000000227,-1.21,26942029.0,1567998977.0,4.728,0.00394,0.0057709999999999,0.84,14.8249,14.0817,3.407,1.4199,1.2274,0.0274169999999999,0.0274169999999999,6994436540.0,6837917659.0,4668738946.0,403578988358.0,394547848924.0,家用电器,家用电器,白色家电,空调,64.25,52.57,0.0
2022-04-08,272.81,273.85,268.74,271.06,272.81,-1.75,-0.64,22682729.0,1297780224.0,4.728,0.003317,0.004858,0.7,14.7299,13.9914,3.3852,1.4108,1.2196,0.0275939999999999,0.0275939999999999,6994436540.0,6837917659.0,4668738946.0,400991046838.0,392017819390.0,家用电器,家用电器,白色家电,空调,63.47,51.93,0.0
2022-04-11,271.62,271.72,261.32,261.74,271.06,-9.319999999999991,-3.44,33812428.0,1894585190.0,4.728,0.004945,0.0072419999999999,1.12,14.2237,13.5106,3.2689,1.3624,1.1776,0.028576,0.028576,6994436540.0,6837917659.0,4668738946.0,387212006854.0,378547121602.0,家用电器,家用电器,白色家电,空调,63.06,51.6,0.0
2022-04-12,263.54,271.86,261.41,271.58,261.74,9.839999999999977,3.76,29717487.0,1671057316.0,4.728,0.004346,0.0063649999999999,0.93,14.7581,14.0182,3.3917,1.4135,1.2219,0.027542,0.027542,6994436540.0,6837917659.0,4668738946.0,401760434858.0,392769990333.0,家用电器,家用电器,白色家电,空调,60.9,49.82,0.0
2022-04-13,269.4,271.62,266.8,267.46,271.58,-4.1200000000000045,-1.52,21198659.0,1206396766.0,4.728,0.0031,0.004541,0.74,14.5346,13.8059,3.3403,1.3921,1.2034,0.027965,0.027965,6994436540.0,6837917659.0,4668738946.0,395675275068.00006,386821001970.0,家用电器,家用电器,白色家电,空调,63.18,51.7,0.0
2022-04-14,269.59,279.33,269.59,277.63,267.46,10.170000000000016,3.8,42741664.0,2497101925.0,4.728,0.006251,0.009155,1.59,15.087,14.3306,3.4673,1.445,1.2491,0.026941,0.026941,6994436540.0,6837917659.0,4668738946.0,410713313629.0,401522524936.00006,家用电器,家用电器,白色家电,空调,62.23,50.91,0.0
2022-04-15,275.74,280.37,274.98,277.3,277.63,-0.3299999999999841,-0.12,21242110.0,1246877156.0,4.728,0.003107,0.00455,0.71,15.069,14.3135,3.4631,1.4433,1.2476,0.0269729999999999,0.0269729999999999,6994436540.0,6837917659.0,4668738946.0,410223703071.0,401043870700.0,家用电器,家用电器,白色家电,空调,64.59,52.85,0.0
2022-04-18,276.59,276.59,272.0,272.19,277.3,-5.110000000000014,-1.84,15468204.999999998,893259008.0,4.728,0.002262,0.003313,0.52,14.7915,14.0499,3.3994,1.4167,1.2247,0.027479,0.027479,6994436540.0,6837917659.0,4668738946.0,402669711608.0,393658919629.0,家用电器,家用电器,白色家电,空调,64.52,52.79,0.0
2022-04-19,272.57,274.93,269.78,270.91,272.19,-1.2799999999999727,-0.47,16849454.0,971057233.0,4.728,0.002464,0.003609,0.65,14.7222,13.984,3.3834,1.4101,1.2189,0.0276089999999999,0.0276089999999999,6994436540.0,6837917659.0,4668738946.0,400781213742.0,391812681861.0,家用电器,家用电器,白色家电,空调,63.33,51.81,0.0
2022-04-20,273.04,278.43,269.5,272.14,270.91,1.2299999999999611,0.45,21662822.0,1255101325.0,4.728,0.003168,0.00464,0.92,14.789,14.0475,3.3988,1.4165,1.2244,0.027484,0.027484,6994436540.0,6837917659.0,4668738946.0,402599767242.0,393590540452.0,家用电器,家用电器,白色家电,空调,63.03,51.57,0.0
2022-04-21,269.97,274.18,262.88,264.91,272.14,-7.229999999999961,-2.66,27999954.0,1586256607.0,4.728,0.004095,0.005997,1.19,14.3959,13.6741,3.3084,1.3788,1.1919,0.028235,0.028235,6994436540.0,6837917659.0,4668738946.0,391898279336.0,383128526434.0,家用电器,家用电器,白色家电,空调,63.32,51.8,0.0
2022-04-22,262.88,271.95,258.53,269.35,264.91,4.439999999999998,1.68,24469829.0,1373768018.0,4.728,0.003579,0.005241,1.19,14.6374,13.9035,3.3639,1.402,1.2119,0.027769,0.027769,6994436540.0,6837917659.0,4668738946.0,398473049684.0,389556169033.0,家用电器,家用电器,白色家电,空调,61.63,50.43,0.0
2022-04-25,267.37,271.81,260.18,260.37,269.35,-8.980000000000018,-3.33,32560068.0,1837475014.0,4.728,0.004757,0.006964,1.53,14.1545,13.4448,3.2548,1.3557,1.1719,0.028719,0.028719,6997053441.0,6844430403.0,4675251690.0,385327732996.0,376922782293.0,家用电器,家用电器,白色家电,空调,62.67,51.27,0.0
2022-04-26,260.37,262.26,243.54,244.86,260.37,-15.509999999999993,-5.96,63204589.0,3336916857.0,4.728,0.009234,0.013519,2.56,13.3115,12.644,3.061,1.275,1.1021,0.030538,0.030538,6997053441.0,6844430403.0,4675251690.0,362377397709.00006,354473050571.0,家用电器,家用电器,白色家电,空调,60.58,49.56,0.0
2022-04-27,239.85,252.24,238.76,251.06,244.86,6.199999999999989,2.53,37571041.0,1983750318.0,4.728,0.005489,0.008036,1.11,13.6482,12.9639,3.1384,1.3072,1.13,0.029785,0.029785,6997053441.0,6844430403.0,4675251690.0,371543537717.0,363439254399.00006,家用电器,家用电器,白色家电,空调,56.97,46.61,0.0
2022-04-28,252.95,253.89,246.19,251.91,251.06,0.8499999999999943,0.34,25258916.0,1335819842.0,4.728,0.00369,0.005403,0.68,13.6944,13.0078,3.149,1.3117,1.1338,0.029684,0.029684,6997053441.0,6844430403.0,4675251690.0,372803007336.0,364671251872.0,家用电器,家用电器,白色家电,空调,58.41,47.79,0.0
2022-04-29,255.31,270.87,251.91,269.92,251.91,18.01000000000002,7.15,57524101.0,3198610308.0,4.728,0.008405,0.0123039999999999,1.57,14.6737,13.938,3.3742,1.4055,1.2149,0.027703,0.027703,6997053441.0,6844430403.0,4675251690.0,399461780947.0,390748531707.0,家用电器,家用电器,白色家电,空调,58.61,47.95,0.0
2022-05-05,274.46,280.75,273.51,277.53,269.92,7.609999999999957,2.82,46790722.0,2748594256.0,4.728,0.006836,0.010008,1.08,14.3743,14.0261,3.1061,1.2037,1.1765,0.026943,0.026943,6997053441.0,6844430403.0,4675251690.0,410727036987.00006,401768064656.0,家用电器,家用电器,白色家电,空调,62.8,51.38,0.0
2022-05-06,272.33,276.59,271.34,275.17,277.53,-2.359999999999957,-0.85,21216998.0,1232140905.0,4.728,0.0031,0.0045379999999999,0.46,14.2519,13.9067,3.0796,1.1934,1.1665,0.0271749999999999,0.0271749999999999,6997053441.0,6844430403.0,4675251690.0,407228510266.00006,398345849455.0,家用电器,家用电器,白色家电,空调,64.57,52.83,0.0
2022-05-09,270.68,271.95,263.68,266.47,275.17,-8.699999999999989,-3.16,21529684.0,1216418056.0,4.728,0.003146,0.004605,0.57,13.8013,13.467,2.9822,1.1557,1.1296,0.028062,0.028062,6997053441.0,6844430403.0,4675251690.0,394353931935.0,385752097513.0,家用电器,家用电器,白色家电,空调,64.02,52.38,0.0
2022-05-10,261.13,268.98,260.04,267.6,266.47,1.1299999999999957,0.42,30057137.0,1689113755.0,4.728,0.004391,0.006429,0.87,13.8601,13.5243,2.9949,1.1606,1.1344,0.027943,0.027943,6997053441.0,6844430403.0,4675251690.0,396033224761.0,387394760810.0,家用电器,家用电器,白色家电,空调,62.0,50.72,0.0
2022-05-11,267.04,271.86,264.77,267.98,267.6,0.3799999999999954,0.14,35911506.0,2038556236.0,4.728,0.005247,0.007681,1.01,13.8797,13.5435,2.9992,1.1622,1.136,0.0279039999999999,0.0279039999999999,6997053441.0,6844430403.0,4675251690.0,396592989036.0,387942315242.0,家用电器,家用电器,白色家电,空调,62.26,50.94,0.0
2022-05-12,267.51,267.51,261.36,263.54,267.98,-4.439999999999998,-1.66,22579089.0,1261668407.0,4.728,0.003299,0.004829,0.73,13.6495,13.3189,2.9494,1.143,1.1172,0.028374,0.028374,6997053441.0,6844430403.0,4675251690.0,390015758801.0,381508550663.0,家用电器,家用电器,白色家电,空调,62.35,51.01,0.0
2022-05-13,267.23,270.3,265.71,269.54,263.54,6.0,2.28,24432011.0,1386786846.0,4.728,0.00357,0.005226,0.93,13.9605,13.6223,3.0166,1.169,1.1426,0.027742,0.027742,6997053441.0,6844430403.0,4675251690.0,398902016671.0,390200977275.0,家用电器,家用电器,白色家电,空调,61.31,50.17,0.0
2022-05-16,271.95,277.77,262.64,265.71,269.54,-3.830000000000041,-1.42,28664501.0,1624257211.0,4.728,0.004188,0.006131,1.07,13.7621,13.4288,2.9738,1.1524,1.1264,0.028142,0.028142,6997053441.0,6844430403.0,4675251690.0,393234403384.0,384656988649.0,家用电器,家用电器,白色家电,空调,62.71,51.31,0.0
2022-05-17,264.77,271.86,263.35,271.34,265.71,5.629999999999996,2.12,22831367.0,1301041283.0,4.728,0.003336,0.004883,0.81,14.0535,13.7131,3.0367,1.1768,1.1502,0.027558,0.027558,6997053441.0,6844430403.0,4675251690.0,401560896979.0,392801860828.0,家用电器,家用电器,白色家电,空调,61.82,50.58,0.0
2022-05-18,271.86,272.66,264.39,267.75,271.34,-3.589999999999975,-1.32,22269749.0,1258738707.0,4.728,0.003254,0.004763,0.83,13.8674,13.5315,2.9965,1.1612,1.135,0.027928,0.027928,6997053441.0,6844430403.0,4675251690.0,396243136364.0,387600093722.0,家用电器,家用电器,白色家电,空调,63.13,51.65,0.0
2022-05-19,263.78,265.67,261.6,263.92,267.75,-3.829999999999984,-1.43,20195890.0,1125169384.0,4.728,0.0029509999999999,0.00432,0.84,13.6691,13.338,2.9537,1.1446,1.1188,0.028334,0.028334,6997053441.0,6844430403.0,4675251690.0,390575523077.0,382056105095.0,家用电器,家用电器,白色家电,空调,62.29,50.97,0.0
2022-05-20,264.3,270.06,261.74,269.02,263.92,5.099999999999966,1.93,26608469.0,1502431004.0,4.728,0.003888,0.005691,1.12,13.9335,13.596,3.0108,1.1667,1.1404,0.0277959999999999,0.0277959999999999,6997053441.0,6844430403.0,4675251690.0,398132340793.0,389448089931.0,家用电器,家用电器,白色家电,空调,61.4,50.24,0.0
2022-05-23,266.42,267.13,255.74,256.78,269.02,-12.240000000000007,-4.55,55783104.0,3054327110.0,4.728,0.00815,0.011932,2.31,13.2993,12.9772,2.8738,1.1136,1.0885,0.029121,0.029121,6997053441.0,6844430403.0,4675251690.0,380009972381.0,371721015187.00006,家用电器,家用电器,白色家电,空调,62.59,51.21,0.0
2022-05-24,255.6,258.57,253.18,254.32,256.78,-2.4599999999999795,-0.96,26346272.0,1425290686.0,4.728,0.003849,0.005635,0.89,13.172,12.8529,2.8462,1.103,1.0781,0.029403,0.029403,6997053441.0,6844430403.0,4675251690.0,376371504591.0,368161911377.0,家用电器,家用电器,白色家电,空调,59.74,48.88,0.0
2022-05-25,252.95,254.37,250.58,252.48,254.32,-1.840000000000004,-0.72,22197439.0,1182899111.0,4.728,0.003243,0.004748,0.73,13.0765,12.7597,2.8256,1.095,1.0703,0.029618,0.029618,6997053441.0,6844430403.0,4675251690.0,373642653749.0,365492583520.0,家用电器,家用电器,白色家电,空调,59.17,48.41,0.0
2022-05-26,252.48,255.69,244.91,254.46,252.48,1.9800000000000184,0.78,42382765.0,2242918334.0,4.728,0.006192,0.009065,1.4,13.1793,12.8601,2.8478,1.1036,1.0787,0.029386,0.029386,6997053441.0,6844430403.0,4675251690.0,376581416195.0,368367244289.00006,家用电器,家用电器,白色家电,空调,58.74,48.06,0.0
2022-05-27,257.35,259.05,250.63,251.15,254.46,-3.3100000000000023,-1.3,35255705.0,1897823157.0,4.728,0.005151,0.007541,1.02,13.0079,12.6928,2.8108,1.0892,1.0647,0.029774,0.029774,6997053441.0,6844430403.0,4675251690.0,371683478786.0,363576143007.0,家用电器,家用电器,白色家电,空调,59.2,48.44,0.0
2022-05-30,251.29,254.37,250.63,252.48,251.15,1.329999999999984,0.53,21638531.0,1152606788.0,4.728,0.0031609999999999,0.004628,0.59,13.0765,12.7597,2.8256,1.095,1.0703,0.029618,0.029618,6997053441.0,6844430403.0,4675251690.0,373642653749.0,365492583520.0,家用电器,家用电器,白色家电,空调,58.43,47.81,0.0
2022-05-31,252.9,257.58,251.06,257.58,252.48,5.099999999999994,2.02,35509917.0,1910341886.0,4.728,0.005188,0.0075949999999999,1.2,13.3409,13.0178,2.8828,1.1171,1.0919,0.02903,0.02903,6997053441.0,6844430403.0,4675251690.0,381199471466.0,372884568355.0,家用电器,家用电器,白色家电,空调,58.74,48.06,0.0
2022-06-01,256.73,258.95,254.6,256.59,257.58,-0.9900000000000092,-0.38,29205803.000000004,1584914303.0,4.728,0.004267,0.006247,0.93,13.2895,12.9676,2.8716,1.1128,1.0877,0.029143,0.029143,6997053441.0,6844430403.0,4675251690.0,379730090243.0,371447237971.0,家用电器,家用电器,白色家电,空调,59.93,49.03,0.0
2022-06-02,257.37,257.47,254.05,256.39,256.59,-0.1999999999999886,-0.08,27584641.0,1445923346.0,4.8781,0.00403,0.0059,0.84,12.8708,12.559,3.0506,1.0778,1.0534,0.030091,0.031753,6997053441.0,6844430403.0,4675251690.0,367765128859.0,359743261982.0,家用电器,家用电器,白色家电,空调,57.86,47.34,0.0
2022-06-06,256.49,258.2,251.61,257.51,256.39,1.1200000000000043,0.44,36520890.0,1916117643.0,4.8781,0.005336,0.007812,1.22,12.9271,12.614,3.0639,1.0825,1.058,0.02996,0.031614,6997053441.0,6844430403.0,4675251690.0,369374451150.0,361317480974.0,家用电器,家用电器,白色家电,空调,57.82,47.3,0.0
2022-06-07,256.1,259.17,254.15,258.54,257.51,1.0300000000000296,0.4,29169548.0,1540591783.0,4.8781,0.004262,0.006239,0.97,12.9785,12.6641,3.0761,1.0868,1.0623,0.029841,0.0314889999999999,6997053441.0,6844430403.0,4675251690.0,370843832373.0,362754811359.0,家用电器,家用电器,白色家电,空调,58.07,47.51,0.0
2022-06-08,258.59,262.44,256.25,258.49,258.54,-0.0500000000000113,-0.02,36297664.0,1921801465.0,4.8781,0.0053029999999999,0.007764,1.15,12.9761,12.6618,3.0755,1.0866,1.0621,0.029847,0.031495,6997053441.0,6844430403.0,4675251690.0,370773861839.0,362686367055.0,家用电器,家用电器,白色家电,空调,58.3,47.7,0.0
2022-06-09,257.81,259.27,254.59,255.51,258.49,-2.980000000000018,-1.15,28683558.0,1507868964.0,4.8781,0.0041909999999999,0.006135,0.9,12.8267,12.516,3.0401,1.0741,1.0498,0.030194,0.031862,6997053441.0,6844430403.0,4675251690.0,366505659240.0,358511264509.00006,家用电器,家用电器,白色家电,空调,58.29,47.69,0.0
2022-06-10,254.2,255.32,252.44,254.88,255.51,-0.6299999999999955,-0.25,30034887.0,1563195289.0,4.8781,0.004388,0.006424,0.95,12.7949,12.4849,3.0326,1.0714,1.0472,0.030269,0.031941,6997053441.0,6844430403.0,4675251690.0,365596042292.0,357621488557.0,家用电器,家用电器,白色家电,空调,57.62,47.14,0.0
2022-06-13,252.69,252.93,247.12,249.08,254.88,-5.799999999999983,-2.28,40426293.0,2064281836.0,4.8781,0.005906,0.008647,1.26,12.5035,12.2006,2.9635,1.047,1.0234,0.030975,0.032685,6997053441.0,6844430403.0,4675251690.0,357269548697.0,349476616377.0,家用电器,家用电器,白色家电,空调,57.48,47.03,0.0
2022-06-14,245.37,251.51,244.49,250.88,249.08,1.799999999999983,0.72,34842410.0,1764306398.0,4.8781,0.005091,0.0074529999999999,1.06,12.5941,12.289,2.985,1.0546,1.0308,0.030752,0.03245,6997053441.0,6844430403.0,4675251690.0,359858458471.0,352009055626.0,家用电器,家用电器,白色家电,空调,56.17,45.95,0.0
2022-06-15,249.37,268.3,249.37,265.56,250.88,14.680000000000009,5.85,91507776.0,4906858801.0,4.8781,0.01337,0.019573,2.69,13.3311,13.0082,3.1597,1.1163,1.0911,0.0290519999999999,0.030656,6997053441.0,6844430403.0,4675251690.0,380919589328.0,372610791139.0,家用电器,家用电器,白色家电,空调,56.57,46.29,0.0
2022-06-16,265.71,267.95,260.93,262.59,265.56,-2.970000000000028,-1.12,35938169.0,1942251730.0,4.8781,0.005251,0.007687,0.8,13.1818,12.8625,3.1243,1.1038,1.0789,0.029381,0.031003,6997053441.0,6844430403.0,4675251690.0,376651386729.0,368435688593.0,家用电器,家用电器,白色家电,空调,59.88,49.0,0.0
2022-06-17,258.69,270.3,256.2,267.12,262.59,4.53000000000003,1.73,53813436.0,2909185799.0,4.8781,0.007862,0.01151,1.16,13.4095,13.0847,3.1782,1.1229,1.0975,0.0288819999999999,0.0304769999999999,6997053441.0,6844430403.0,4675251690.0,383158646429.0,374801008868.0,家用电器,家用电器,白色家电,空调,59.21,48.45,0.0
2022-06-20,269.08,280.73,269.08,278.34,267.12,11.21999999999997,4.2,76530884.0,4349794665.0,4.8781,0.011181,0.016369,1.49,13.9727,13.6343,3.3117,1.17,1.1436,0.027718,0.029248,6997053441.0,6844430403.0,4675251690.0,399251869343.0,390543198795.0,家用电器,家用电器,白色家电,空调,60.24,49.28,0.0
2022-06-21,278.54,284.83,276.34,279.47,278.34,1.1300000000000523,0.41,53707727.0,3093973214.0,4.8781,0.007847,0.011488,0.92,14.0291,13.6892,3.3251,1.1747,1.1482,0.027607,0.029131,6997053441.0,6844430403.0,4675251690.0,400861191635.00006,392117417788.00006,家用电器,家用电器,白色家电,空调,62.77,51.35,0.0
2022-06-22,279.37,279.37,273.17,273.17,279.47,-6.300000000000011,-2.25,29721130.0,1674082885.0,4.8781,0.0043419999999999,0.006357,0.48,13.7132,13.381,3.2502,1.1483,1.1224,0.028242,0.029802,6997053441.0,6844807486.000001,4675628773.0,391834992696.0,383309219216.0,家用电器,家用电器,白色家电,空调,63.02,51.56,0.0
2022-06-23,272.98,275.47,269.76,273.12,273.17,-0.0500000000000113,-0.02,30453200.0,1698132572.0,4.8781,0.004449,0.006513,0.61,13.7107,13.3786,3.2496,1.1481,1.1222,0.028248,0.029807,6997053441.0,6844807486.000001,4675628773.0,391765022162.0,383240771141.0,家用电器,家用电器,白色家电,空调,61.6,50.4,0.0
2022-06-24,273.12,287.56,272.0,281.95,273.12,8.829999999999984,3.23,73201062.0,4236370540.0,4.8781,0.0106939999999999,0.015656,1.5,14.1539,13.8111,3.3547,1.1852,1.1585,0.027363,0.028874,6997053441.0,6844807486.000001,4675628773.0,404429688890.0,395629872691.0,家用电器,家用电器,白色家电,空调,61.59,50.39,0.0
2022-06-27,284.39,293.08,284.39,288.3,281.95,6.350000000000023,2.25,58158368.00000001,3454900579.0,4.8781,0.008497,0.012439,1.1,14.4723,14.1217,3.4301,1.2119,1.1845,0.026761,0.028239,6997053441.0,6844807486.000001,4675628773.0,413525858363.0,404528122423.0,家用电器,家用电器,白色家电,空调,63.58,52.02,0.0
2022-06-28,290.73,290.73,285.12,288.3,288.3,0.0,0.0,32252221.000000004,1902451600.0,4.8781,0.00471,0.006894,0.66,14.4723,14.1217,3.4301,1.2119,1.1845,0.026761,0.028239,6997053441.0,6847599185.0,4678420472.0,413525858363.0,404693111834.0,家用电器,家用电器,白色家电,空调,65.01,53.19,0.0
2022-06-29,290.15,295.81,288.83,289.12,288.3,0.8199999999999932,0.28,42072308.0,2520771106.0,4.8781,0.0061439999999999,0.008993,0.94,14.5139,14.1623,3.44,1.2153,1.1879,0.026684,0.028158,6997053441.0,6847599185.0,4678420472.0,414715357448.0,405857203695.0,家用电器,家用电器,白色家电,空调,65.01,53.19,0.0
2022-06-30,289.56,295.91,287.81,294.59,289.12,5.46999999999997,1.89,37053894.0,2223920748.0,4.8781,0.005411,0.00792,0.78,14.7882,14.43,3.505,1.2383,1.2104,0.026189,0.0276359999999999,6997053441.0,6847599185.0,4678420472.0,422552057302.0,413526514782.00006,家用电器,家用电器,白色家电,空调,65.2,53.34,0.0
2022-07-01,293.61,293.61,283.71,286.78,294.59,-7.810000000000002,-2.65,33785737.0,1992141899.0,4.8781,0.004934,0.0072219999999999,0.7,14.3964,14.0476,3.4121,1.2055,1.1783,0.026902,0.028388,6997053441.0,6847599185.0,4678420472.0,411356771796.0,402570356086.0,家用电器,家用电器,白色家电,空调,66.43,54.35,0.0
2022-07-04,280.69,292.98,280.69,292.54,286.78,5.760000000000048,2.01,31375014.0,1867732492.0,4.8781,0.004582,0.006706,0.77,14.6853,14.3296,3.4806,1.2297,1.202,0.026373,0.027829,6997053441.0,6847599185.0,4678420472.0,419613294857.0,410650523124.0,家用电器,家用电器,白色家电,空调,64.67,52.91,0.0
2022-07-05,291.47,299.95,287.32,290.44,292.54,-2.1000000000000227,-0.72,28384693.0,1695670010.0,4.8781,0.0041449999999999,0.006067,0.8,14.58,14.2268,3.4557,1.2209,1.1933,0.026563,0.02803,6997053441.0,6847599185.0,4678420472.0,416604561877.00006,407706055475.0,家用电器,家用电器,白色家电,空调,65.97,53.97,0.0
2022-07-06,292.93,297.71,286.2,289.17,290.44,-1.2699999999999818,-0.44,30764043.0,1828885012.0,4.8781,0.004493,0.0065759999999999,0.89,14.5164,14.1647,3.4406,1.2155,1.1881,0.02668,0.028153,6997053441.0,6847599185.0,4678420472.0,414785327982.0,405925679687.0,家用电器,家用电器,白色家电,空调,65.49,53.59,0.0
2022-07-07,287.91,291.71,285.37,286.34,289.17,-2.830000000000041,-0.98,19747189.0,1165987949.0,4.8781,0.002884,0.004221,0.61,14.3743,14.0261,3.4069,1.2037,1.1765,0.026943,0.028431,6997053441.0,6847599185.0,4678420472.0,410727036987.00006,401954072160.0,家用电器,家用电器,白色家电,空调,65.21,53.35,0.0
2022-07-08,288.39,288.39,282.44,285.76,286.34,-0.5799999999999841,-0.2,22725014.0,1326085879.0,4.8781,0.003319,0.004857,0.79,14.3461,13.9985,3.4002,1.2013,1.1742,0.026997,0.028487,6997595841.0,6847975276.0,4678796563.0,409919164366.0,401154391668.0,家用电器,家用电器,白色家电,空调,64.57,52.83,0.0
2022-07-11,284.2,288.78,281.56,287.32,285.76,1.5600000000000025,0.55,27354736.0,1600533212.0,4.8781,0.003992,0.00584,1.03,14.4244,14.075,3.4188,1.2078,1.1806,0.02685,0.028333,6997595841.0,6853222776.0,4684044063.0,412158395035.0,403654821506.0,家用电器,家用电器,白色家电,空调,64.44,52.72,0.0
2022-07-12,288.05,296.98,288.05,293.17,287.32,5.850000000000023,2.04,40810385.0,2451083764.0,4.8781,0.005955,0.008713,1.58,14.7183,14.3618,3.4884,1.2325,1.2046,0.026314,0.027767,6997595841.0,6853222776.0,4684044063.0,420555510044.0,411878688838.0,家用电器,家用电器,白色家电,空调,64.79,53.01,0.0
2022-07-13,293.08,293.91,283.08,284.39,293.17,-8.78000000000003,-2.99,38790065.0,2277523772.0,4.8781,0.0056599999999999,0.008281,1.37,14.2775,13.9316,3.384,1.1955,1.1686,0.027126,0.028624,6997595841.0,6853222776.0,4684044063.0,407959837530.0,399542887841.00006,家用电器,家用电器,白色家电,空调,66.11,54.09,0.0
2022-07-14,287.81,288.73,272.44,274.15,284.39,-10.240000000000007,-3.6,54519966.0,3101127519.0,4.8781,0.007955,0.01164,1.82,13.7632,13.4298,3.2621,1.1525,1.1265,0.02814,0.0296939999999999,6997595841.0,6853222776.0,4684044063.0,393264886264.0,385151120011.00006,家用电器,家用电器,白色家电,空调,64.13,52.47,0.0
2022-07-15,272.2,276.0,269.03,269.27,274.15,-4.879999999999996,-1.78,30267863.0,1686983214.0,4.8781,0.004417,0.006462,0.82,13.5183,13.1908,3.204,1.132,1.1064,0.02865,0.030232,6997595841.0,6853222776.0,4684044063.0,386267290423.0,378297897235.0,家用电器,家用电器,白色家电,空调,61.82,50.58,0.0
2022-07-18,269.27,272.59,263.42,269.71,269.27,0.4399999999999977,0.16,23549370.0,1297826117.0,4.8781,0.003442,0.00504,0.61,13.5412,13.2132,3.2094,1.1339,1.1083,0.028601,0.030181,6998021902.0,6841447337.0,4672268624.0,386920630962.0,378263623263.0,家用电器,家用电器,白色家电,空调,60.72,49.68,0.0
2022-07-19,268.78,271.52,267.12,268.44,269.71,-1.2699999999999818,-0.47,19709717.0,1084831637.0,4.8781,0.002878,0.0042109999999999,0.52,13.4775,13.151,3.1944,1.1286,1.1031,0.028736,0.030323,6998021902.0,6849346924.000001,4680168211.0,385101145267.0,376919561228.0,家用电器,家用电器,白色家电,空调,60.82,49.76,0.0
2022-07-20,270.59,274.88,268.78,270.39,268.44,1.9499999999999889,0.73,21705190.0,1207951154.0,4.8781,0.003169,0.004638,0.65,13.5755,13.2466,3.2176,1.1368,1.1111,0.028529,0.030104,6998021902.0,6849346924.000001,4680168211.0,387900354028.0,379659299997.0,家用电器,家用电器,白色家电,空调,60.53,49.53,0.0
2022-07-21,270.73,272.69,267.32,267.76,270.39,-2.6299999999999955,-0.97,16384697.0,902059284.0,4.8781,0.002392,0.003501,0.55,13.4432,13.1176,3.1862,1.1257,1.1003,0.02881,0.0304009999999999,6998021902.0,6849346924.000001,4680168211.0,384121422201.0,375960652658.0,家用电器,家用电器,白色家电,空调,60.97,49.89,0.0
2022-07-22,266.59,270.59,264.88,268.73,267.76,0.9700000000000272,0.36,18646088.0,1022770983.0,4.8781,0.002722,0.003984,0.84,13.4922,13.1654,3.1978,1.1298,1.1043,0.0287049999999999,0.0302899999999999,6998021902.0,6849346924.000001,4680168211.0,385521026581.0,377330522043.0,家用电器,家用电器,白色家电,空调,60.38,49.4,0.0
2022-07-25,268.78,276.69,268.34,275.37,268.73,6.639999999999986,2.47,36027403.0,2023496096.0,4.8781,0.00526,0.007698,1.8,13.8253,13.4904,3.2768,1.1577,1.1316,0.028013,0.02956,6998021902.0,6849346924.000001,4680168211.0,395038336368.0,386645633860.0,家用电器,家用电器,白色家电,空调,60.6,49.58,0.0
2022-07-26,275.61,282.25,274.98,280.0,275.37,4.629999999999996,1.68,26304234.000000004,1507831169.0,4.8781,0.00384,0.00562,1.17,14.0579,13.7174,3.3319,1.1772,1.1506,0.0275499999999999,0.029071,6998021902.0,6849346924.000001,4680168211.0,401686457175.0,393152513438.0,家用电器,家用电器,白色家电,空调,62.1,50.81,0.0
2022-07-27,279.03,279.27,272.05,272.78,280.0,-7.220000000000027,-2.58,24440950.0,1372601235.0,4.8781,0.003568,0.005222,1.03,13.6955,13.3637,3.246,1.1468,1.1209,0.028279,0.029841,6998021902.0,6849346924.000001,4680168211.0,391329384760.00006,383015479990.0,家用电器,家用电器,白色家电,空调,63.14,51.66,0.0
2022-07-28,273.17,273.86,270.78,271.95,272.78,-0.8299999999999841,-0.3,14614701.999999998,815071057.0,4.8781,0.002134,0.003123,0.6,13.6538,13.3231,3.2361,1.1433,1.1175,0.028365,0.029932,6998021902.0,6849346924.000001,4680168211.0,390139721037.0,381851091013.0,家用电器,家用电器,白色家电,空调,61.51,50.33,0.0
2022-07-29,272.93,274.15,267.22,268.2,271.95,-3.75,-1.38,23747370.0,1312270362.0,4.8781,0.003467,0.0050739999999999,0.99,13.4652,13.1391,3.1915,1.1275,1.1021,0.028762,0.030351,6998021902.0,6849346924.000001,4680168211.0,384751244172.0,376577093882.0,家用电器,家用电器,白色家电,空调,61.33,50.18,0.0
2022-08-01,269.52,269.76,263.81,266.39,268.2,-1.8100000000000025,-0.67,18646747.0,1017042234.0,4.8781,0.002722,0.003984,0.75,13.3746,13.0506,3.17,1.1199,1.0947,0.028957,0.030556,6998021902.0,6849346924.000001,4680168211.0,382161976068.0,374042835520.0,家用电器,家用电器,白色家电,空调,60.48,49.48,0.0
2022-08-02,263.81,263.91,258.05,261.47,266.39,-4.919999999999959,-1.85,26048594.0,1393045271.0,4.8781,0.003803,0.005566,1.21,13.1273,12.8093,3.1113,1.0992,1.0744,0.0295029999999999,0.031132,6998021902.0,6849346924.000001,4680168211.0,375093973947.0,367124995126.0,家用电器,家用电器,白色家电,空调,60.07,49.15,0.0
2022-08-03,259.56,263.47,254.05,254.88,261.47,-6.590000000000032,-2.52,31878019.0,1682530016.0,4.8781,0.004654,0.006811,1.48,12.7966,12.4867,3.033,1.0715,1.0474,0.030265,0.031937,6998021902.0,6849346924.000001,4680168211.0,365646644380.0,357878376779.0,家用电器,家用电器,白色家电,空调,58.96,48.24,0.0
2022-08-04,255.61,257.42,254.15,256.1,254.88,1.2200000000000273,0.48,13529107.0,709252637.0,4.8781,0.001975,0.002891,0.59,12.8579,12.5464,3.0475,1.0767,1.0524,0.030121,0.031785,6998021902.0,6849346924.000001,4680168211.0,367396149855.0,359590713510.00006,家用电器,家用电器,白色家电,空调,57.48,47.03,0.0
2022-08-05,257.27,258.39,254.05,258.39,256.1,2.289999999999964,0.89,19819083.0,1039336002.0,4.8781,0.002894,0.004235,0.87,12.973,12.6587,3.0748,1.0863,1.0618,0.029854,0.031502,6998021902.0,6849346924.000001,4680168211.0,370685220149.0,362809906564.0,家用电器,家用电器,白色家电,空调,57.75,47.25,0.0
2022-08-08,256.34,258.39,255.27,255.76,258.39,-2.6299999999999955,-1.02,21808178.0,1144520138.0,4.8781,0.003184,0.00466,0.99,12.8407,12.5297,3.0434,1.0752,1.051,0.0301609999999999,0.031827,6998021902.0,6849346924.000001,4680168211.0,366906288322.0,359111259225.0,家用电器,家用电器,白色家电,空调,58.27,47.67,0.0
2022-08-09,255.86,258.83,254.88,256.88,255.76,1.1200000000000043,0.44,16051579.999999998,846230165.0,4.8781,0.002344,0.00343,0.71,12.8971,12.5846,3.0568,1.08,1.0556,0.03003,0.031688,6998021902.0,6849346924.000001,4680168211.0,368515833359.0,360686609018.0,家用电器,家用电器,白色家电,空调,57.67,47.19,0.0
2022-08-10,256.73,256.73,252.54,252.83,256.88,-4.049999999999983,-1.58,16302356.0,847521283.0,4.8781,0.0023799999999999,0.003483,0.79,12.6938,12.3863,3.0086,1.0629,1.0389,0.030511,0.032195,6998021902.0,6849346924.000001,4680168211.0,362707475181.0,355001651071.0,家用电器,家用电器,白色家电,空调,57.93,47.39,0.0
2022-08-11,255.12,258.44,253.08,258.15,252.83,5.319999999999965,2.1,22953884.0,1206195924.0,4.8781,0.003351,0.004904,1.31,12.9607,12.6468,3.0719,1.0853,1.0608,0.029882,0.031532,6998021902.0,6849346924.000001,4680168211.0,370335319054.0,362467439218.0,家用电器,家用电器,白色家电,空调,57.01,46.65,0.0
2022-08-12,257.12,260.78,255.76,259.32,258.15,1.170000000000016,0.45,16987856.0,899862141.0,4.8781,0.00248,0.00363,0.88,13.0195,12.7041,3.0858,1.0902,1.0656,0.029747,0.03139,6998021902.0,6849346924.000001,4680168211.0,372014844310.0,364111282480.00006,家用电器,家用电器,白色家电,空调,58.21,47.63,0.0
2022-08-15,259.37,261.47,256.2,257.56,259.32,-1.759999999999991,-0.68,18323472.0,969855784.0,4.8781,0.002675,0.003915,0.97,12.9313,12.6181,3.0649,1.0828,1.0584,0.02995,0.031604,6998021902.0,6849346924.000001,4680168211.0,369495556426.0,361645517587.0,家用电器,家用电器,白色家电,空调,58.48,47.84,0.0
2022-08-16,257.66,258.0,255.12,256.59,257.56,-0.9700000000000272,-0.38,16335748.000000002,858701197.0,4.8781,0.002385,0.0034899999999999,0.9,12.8824,12.5703,3.0533,1.0787,1.0544,0.030064,0.031724,6998021902.0,6849346924.000001,4680168211.0,368095952045.0,360275648202.00006,家用电器,家用电器,白色家电,空调,58.08,47.52,0.0
2022-08-17,256.88,262.83,254.2,260.64,256.59,4.050000000000011,1.58,23843481.0,1266823797.0,4.8781,0.003481,0.005095,1.31,13.0856,12.7687,3.1015,1.0957,1.071,0.029597,0.031231,6998021902.0,6849346924.000001,4680168211.0,373904310224.0,365960606149.0,家用电器,家用电器,白色家电,空调,57.86,47.34,0.0
2022-08-18,259.03,259.76,255.66,256.69,260.64,-3.9499999999999886,-1.52,14088456.0,742672220.0,4.8781,0.002057,0.00301,0.72,12.8873,12.5751,3.0545,1.0791,1.0548,0.030052,0.031712,6998021902.0,6849346924.000001,4680168211.0,368235912483.0,360412635141.0,家用电器,家用电器,白色家电,空调,58.77,48.09,0.0
2022-08-19,256.98,257.61,254.88,256.64,256.69,-0.0500000000000113,-0.02,13215250.0,695288655.0,4.8781,0.001929,0.0028239999999999,0.74,12.8848,12.5727,3.0539,1.0789,1.0546,0.0300579999999999,0.031718,6998021902.0,6849346924.000001,4680168211.0,368165932264.0,360344141672.0,家用电器,家用电器,白色家电,空调,57.88,47.36,0.0
2022-08-22,255.91,261.22,255.08,258.73,256.64,2.090000000000032,0.81,23817591.0,1266026528.0,4.8781,0.003477,0.005089,1.39,12.9901,12.6755,3.0788,1.0877,1.0632,0.0298139999999999,0.031461,6998021902.0,6849346924.000001,4680168211.0,371175081682.0,363289360849.0,家用电器,家用电器,白色家电,空调,57.87,47.35,0.0
2022-08-23,258.3,259.03,253.66,254.25,258.73,-4.480000000000018,-1.73,22034863.0,1151798157.0,4.8781,0.003217,0.004708,1.21,12.7648,12.4556,3.0254,1.0689,1.0448,0.030341,0.032016,6998021902.0,6849346924.000001,4680168211.0,364736901532.0,356987961679.00006,家用电器,家用电器,白色家电,空调,58.34,47.74,0.0
2022-08-24,254.15,254.54,250.3,250.69,254.25,-3.5600000000000023,-1.4,21584197.0,1113905675.0,4.8781,0.0031509999999999,0.004612,1.11,12.586,12.2811,2.9831,1.0539,1.0301,0.030772,0.032471,6998021902.0,6849346924.000001,4680168211.0,359628345544.0,351987938424.0,家用电器,家用电器,白色家电,空调,57.33,46.91,0.0
2022-08-25,250.69,255.66,248.64,254.78,250.69,4.090000000000003,1.63,20989258.0,1083006134.0,4.8781,0.003064,0.004485,1.11,12.7917,12.4819,3.0318,1.0711,1.047,0.030277,0.031949,6998021902.0,6849346924.000001,4680168211.0,365506683941.0,357741389841.0,家用电器,家用电器,白色家电,空调,56.53,46.25,0.0
2022-08-26,256.0,256.88,253.12,254.78,254.78,0.0,0.0,16040626.999999998,837907694.0,4.8781,0.002342,0.003427,0.79,12.7917,12.4819,3.0318,1.0711,1.047,0.030277,0.031949,6998021902.0,6849346924.000001,4680168211.0,365506683941.0,357741389841.0,家用电器,家用电器,白色家电,空调,57.45,47.01,0.0
2022-08-29,251.71,257.91,251.27,255.03,254.78,0.25,0.1,16456070.000000002,857943932.0,4.8781,0.002403,0.003516,0.79,12.804,12.4938,3.0347,1.0722,1.048,0.030248,0.031918,6998021902.0,6849346924.000001,4680168211.0,365856585037.0,358083857187.0,家用电器,家用电器,白色家电,空调,57.45,47.01,0.0
2022-08-30,256.05,259.56,254.05,255.12,255.03,0.0900000000000034,0.04,20270847.0,1065091301.0,4.8781,0.00296,0.004331,1.04,12.8089,12.4986,3.0359,1.0726,1.0484,0.030236,0.031906,6998021902.0,6849346924.000001,4680168211.0,365996545475.0,358220844125.0,家用电器,家用电器,白色家电,空调,57.51,47.05,0.0
2022-08-31,254.15,261.71,254.1,259.71,255.12,4.589999999999975,1.8,46283836.0,2459353194.0,4.8781,0.006757,0.009889,2.43,13.0391,12.604,2.8734,1.0918,1.0642,0.029702,0.031343,6998021902.0,6849346924.000001,4680168211.0,372574686062.0,364659230234.0,家用电器,家用电器,白色家电,空调,57.53,47.07,0.0
2022-09-01,259.66,270.73,259.66,268.83,259.71,9.120000000000005,3.51,64210544.99999999,3521209362.0,4.8781,0.009375,0.01372,2.67,13.4971,13.0467,2.9743,1.1302,1.1016,0.028695,0.0302789999999999,6998021902.0,6849346924.000001,4680168211.0,385660987019.0,377467508982.0,家用电器,家用电器,白色家电,空调,58.56,47.92,0.0
2022-09-02,268.83,268.83,259.37,261.71,268.83,-7.1200000000000045,-2.65,36746048.0,1976289178.0,4.8781,0.005365,0.007851,1.13,13.1395,12.701,2.8955,1.1003,1.0724,0.0294749999999999,0.031103,6998021902.0,6849346924.000001,4680168211.0,375443875042.0,367467462473.0,家用电器,家用电器,白色家电,空调,60.62,49.6,0.0
2022-09-05,259.03,263.42,257.95,262.44,261.71,0.7300000000000182,0.28,19027545.0,1017336572.0,4.8781,0.002778,0.004066,0.52,13.1763,12.7365,2.9036,1.1033,1.0754,0.029393,0.031016,6998021902.0,6849346924.000001,4680168211.0,376493578328.0,368494864511.0,家用电器,家用电器,白色家电,空调,59.02,48.29,0.0
2022-09-06,262.49,264.44,260.49,260.78,262.44,-1.660000000000025,-0.63,17796217.0,953823605.0,4.8781,0.0025979999999999,0.003802,0.48,13.093,12.6561,2.8852,1.0964,1.0686,0.02958,0.031214,6998021902.0,6849346924.000001,4680168211.0,374114250881.0,366166086557.0,家用电器,家用电器,白色家电,空调,59.18,48.42,0.0
2022-09-07,261.81,261.91,258.44,258.78,260.78,-2.0,-0.77,20995308.0,1116835915.0,4.8781,0.003065,0.004486,0.57,12.9926,12.559,2.8631,1.088,1.0604,0.029809,0.031455,6998021902.0,6849346924.000001,4680168211.0,371245061901.0,363357854318.0,家用电器,家用电器,白色家电,空调,58.81,48.11,0.0
2022-09-08,258.78,262.2,258.78,260.34,258.78,1.5600000000000025,0.6,15365676.999999998,822398889.0,4.8781,0.002243,0.003283,0.48,13.0709,12.6347,2.8804,1.0945,1.0668,0.02963,0.0312659999999999,6998021902.0,6849346924.000001,4680168211.0,373484428910.0,365549645334.0,家用电器,家用电器,白色家电,空调,58.36,47.75,0.0
2022-09-09,260.34,271.37,259.81,270.44,260.34,10.100000000000025,3.88,52388062.0,2884912065.0,4.8781,0.007649,0.0111939999999999,2.38,13.5779,13.1248,2.9921,1.137,1.1082,0.0285239999999999,0.030099,6998021902.0,6849346924.000001,4680168211.0,387970334247.0,379727793467.0,家用电器,家用电器,白色家电,空调,58.71,48.03,0.0
2022-09-13,270.44,277.56,268.64,275.56,270.44,5.1200000000000045,1.89,34602446.0,1947119369.0,4.8781,0.005052,0.0073929999999999,1.38,13.8351,13.3734,3.0488,1.1585,1.1292,0.0279939999999999,0.02954,6998021902.0,6849346924.000001,4680168211.0,395318257244.0,386919607737.0,家用电器,家用电器,白色家电,空调,60.98,49.9,0.0
2022-09-14,270.73,274.39,270.25,272.83,275.56,-2.730000000000018,-0.99,18747266.0,1046314871.0,4.8781,0.002737,0.004006,0.66,13.6979,13.2408,3.0185,1.147,1.118,0.028274,0.0298349999999999,6998021902.0,6849346924.000001,4680168211.0,391399364979.0,383083973459.0,家用电器,家用电器,白色家电,空调,62.14,50.84,0.0
2022-09-15,272.64,279.03,271.66,274.83,272.83,2.0,0.73,28969848.0,1636891139.0,4.8781,0.00423,0.00619,1.02,13.7983,13.3379,3.0407,1.1554,1.1262,0.028068,0.029618,6998021902.0,6849346924.000001,4680168211.0,394268553959.00006,385892205698.0,家用电器,家用电器,白色家电,空调,61.52,50.34,0.0
2022-09-16,273.12,273.66,267.81,268.88,274.83,-5.949999999999989,-2.16,25993997.0,1439024736.0,4.8781,0.003795,0.005554,0.87,13.4995,13.049,2.9748,1.1304,1.1018,0.028689,0.030274,6998021902.0,6849346924.000001,4680168211.0,385730967238.00006,377536002451.0,家用电器,家用电器,白色家电,空调,61.97,50.71,0.0
2022-09-19,266.69,270.44,264.0,268.2,268.88,-0.6800000000000068,-0.25,20360049.0,1115777266.0,4.8781,0.002973,0.00435,0.63,13.4652,13.0159,2.9673,1.1275,1.099,0.028754,0.0303419999999999,6998021902.0,6849346924.000001,4680168211.0,384751244172.0,376577093882.0,家用电器,家用电器,白色家电,空调,60.63,49.61,0.0
2022-09-20,267.56,268.78,260.0,261.08,268.2,-7.1200000000000045,-2.65,35065981.0,1883992924.0,4.8781,0.00512,0.0074919999999999,1.36,13.1077,12.6703,2.8885,1.0976,1.0698,0.029539,0.03117,6998021902.0,6849346924.000001,4680168211.0,374534132195.0,366577047372.0,家用电器,家用电器,白色家电,空调,60.48,49.48,0.0
2022-09-21,265.51,265.66,255.32,257.81,261.08,-3.269999999999982,-1.25,26775169.0,1414578653.0,4.8781,0.003909,0.005721,1.04,12.9436,12.5116,2.8523,1.0838,1.0564,0.029913,0.0315649999999999,6998021902.0,6849346924.000001,4680168211.0,369845457521.0,361987984933.0,家用电器,家用电器,白色家电,空调,58.87,48.17,0.0
2022-09-22,257.27,257.32,250.2,251.22,257.81,-6.590000000000003,-2.56,40143184.0,2075058537.0,4.8781,0.005861,0.008577,1.46,12.613,12.192,2.7794,1.0562,1.0295,0.030697,0.032393,6998021902.0,6849346924.000001,4680168211.0,360398127953.0,352741366586.0,家用电器,家用电器,白色家电,空调,58.14,47.57,0.0
2022-09-23,249.32,253.12,248.78,250.44,251.22,-0.7800000000000011,-0.31,17517602.0,899511432.0,4.8781,0.002558,0.003743,0.59,12.5738,12.1542,2.7708,1.0529,1.0263,0.030793,0.032493,6998021902.0,6849346924.000001,4680168211.0,359278444449.0,351645471078.0,家用电器,家用电器,白色家电,空调,56.65,46.35,0.0
2022-09-26,248.78,253.66,248.25,249.03,250.44,-1.4099999999999966,-0.56,20553286.0,1055235704.0,4.8781,0.0030009999999999,0.004392,0.73,12.5027,12.0855,2.7552,1.0469,1.0205,0.030968,0.032678,6998021902.0,6849346924.000001,4680168211.0,357249018097.0,349659160470.0,家用电器,家用电器,白色家电,空调,56.47,46.21,0.0
2022-09-27,249.51,253.08,245.37,252.1,249.03,3.069999999999993,1.23,24764967.0,1268264653.0,4.8781,0.003616,0.005291,0.88,12.657,12.2347,2.7892,1.0599,1.0331,0.03059,0.03228,6998021902.0,6849346924.000001,4680168211.0,361657771895.0,353974249032.0,家用电器,家用电器,白色家电,空调,56.16,45.95,0.0
2022-09-28,251.22,252.54,249.27,249.61,252.1,-2.4899999999999807,-0.99,13557668.0,697308166.0,4.8781,0.001979,0.002897,0.52,12.5321,12.1139,2.7616,1.0494,1.0229,0.030895,0.032601,6998021902.0,6849346924.000001,4680168211.0,358088780725.0,350481082101.0,家用电器,家用电器,白色家电,空调,56.85,46.51,0.0
2022-09-29,251.08,252.49,245.37,246.34,249.61,-3.2700000000000102,-1.31,25319493.0,1286757816.0,4.8781,0.0036969999999999,0.00541,1.09,12.368,11.9553,2.7255,1.0357,1.0095,0.031305,0.033034,6998021902.0,6849346924.000001,4680168211.0,353400106051.0,345892019662.0,家用电器,家用电器,白色家电,空调,56.29,46.05,0.0
2022-09-30,244.54,246.69,240.54,240.54,246.34,-5.800000000000011,-2.35,35563830.0,1767860148.0,4.8781,0.005192,0.007599,1.75,12.0766,11.6736,2.6613,1.0113,0.9857,0.032061,0.033831,6998021902.0,6849346924.000001,4680168211.0,345072459988.0,337741296822.0,家用电器,家用电器,白色家电,空调,55.55,45.45,0.0
2022-10-10,240.54,243.86,236.39,237.56,240.54,-2.9799999999999898,-1.24,26014496.0,1282724398.0,4.8781,0.003798,0.005558,1.09,11.9272,11.5292,2.6283,0.9987,0.9735,0.032462,0.034255,6998021902.0,6849346924.000001,4680168211.0,340803666627.0,333563195199.0,家用电器,家用电器,白色家电,空调,54.24,44.38,0.0
2022-10-11,237.51,238.3,234.15,235.95,237.56,-1.6100000000000136,-0.68,22003690.0,1061344410.0,4.8781,0.0032129999999999,0.004701,0.88,11.8464,11.4511,2.6105,0.992,0.9669,0.032684,0.034489,6998021902.0,6849346924.000001,4680168211.0,338494319400.0,331302910714.0,家用电器,家用电器,白色家电,空调,53.57,43.83,0.0
2022-10-12,234.39,235.61,229.27,235.47,235.95,-0.4799999999999897,-0.2,24097124.0,1147459231.0,4.8781,0.003518,0.005149,0.98,11.8219,11.4274,2.6051,0.9899,0.9649,0.032751,0.03456,6998021902.0,6849346924.000001,4680168211.0,337794517210.0,330617976021.0,家用电器,家用电器,白色家电,空调,53.21,43.53,0.0
2022-10-13,234.1,234.15,229.32,229.56,235.47,-5.909999999999997,-2.51,27745374.0,1314811925.0,4.8781,0.004051,0.005928,1.04,11.5255,11.1409,2.5398,0.9651,0.9407,0.033594,0.035449,6998021902.0,6849346924.000001,4680168211.0,329326910708.0,322330266243.0,家用电器,家用电器,白色家电,空调,53.1,43.44,0.0
2022-10-14,230.49,235.37,229.76,234.1,229.56,4.539999999999992,1.98,31338771.000000004,1498957703.0,4.8781,0.004575,0.006696,1.16,11.7533,11.3611,2.59,0.9842,0.9593,0.032943,0.034762,6998021902.0,6849346924.000001,4680168211.0,335835071077.0,328700158883.0,家用电器,家用电器,白色家电,空调,51.77,42.35,0.0
2022-10-17,232.73,233.42,230.73,232.54,234.1,-1.5600000000000025,-0.67,23501711.0,1116822628.0,4.8781,0.003431,0.0050219999999999,0.9,11.6749,11.2853,2.5727,0.9776,0.9529,0.033164,0.034995,6998021902.0,6849346924.000001,4680168211.0,333595704068.0,326508367867.0,家用电器,家用电器,白色家电,空调,52.79,43.19,0.0
2022-10-18,234.05,234.88,230.88,231.42,232.54,-1.1200000000000043,-0.48,27008601.0,1286487097.0,4.8781,0.0039429999999999,0.0057709999999999,1.05,11.6186,11.2309,2.5603,0.9729,0.9483,0.033324,0.035165,6998021902.0,6849346924.000001,4680168211.0,331986159031.0,324933018075.0,家用电器,家用电器,白色家电,空调,52.44,42.9,0.0
2022-10-19,231.03,231.03,220.34,220.59,231.42,-10.829999999999984,-4.68,55654921.0,2560635750.0,4.8781,0.008126,0.011892,2.08,11.0749,10.7053,2.4405,0.9274,0.9039,0.03496,0.036891,6998021902.0,6849346924.000001,4680168211.0,316450550408.0,309727467903.0,家用电器,家用电器,白色家电,空调,52.18,42.7,0.0
2022-10-20,218.54,220.88,213.95,216.49,220.59,-4.099999999999994,-1.86,36647844.0,1635034406.0,4.8781,0.005351,0.00783,1.11,10.8692,10.5065,2.3952,0.9101,0.8871,0.035622,0.037589,6998021902.0,6849346924.000001,4680168211.0,310572212011.0,303974016487.0,家用电器,家用电器,白色家电,空调,49.74,40.7,0.0
2022-10-21,216.54,218.44,213.51,214.64,216.49,-1.8500000000000227,-0.85,27243190.000000004,1202555595.0,4.8781,0.003977,0.005821,0.78,10.7761,10.4165,2.3747,0.9024,0.8795,0.03593,0.0379139999999999,6998021902.0,6849346924.000001,4680168211.0,307912963688.0,301371264656.0,家用电器,家用电器,白色家电,空调,48.82,39.94,0.0
2022-10-24,213.17,216.2,206.34,206.78,214.64,-7.859999999999985,-3.66,45916936.0,1972598643.0,4.8781,0.006704,0.009811,1.35,10.3818,10.0354,2.2878,0.8693,0.8474,0.037294,0.039354,6998021902.0,6849346924.000001,4680168211.0,296646148426.0,290343816108.0,家用电器,家用电器,白色家电,空调,48.4,39.6,0.0
2022-10-25,208.78,209.51,204.78,204.98,206.78,-1.8000000000000114,-0.87,41440111.0,1755695125.0,4.8781,0.00605,0.0088539999999999,1.08,10.2912,9.9478,2.2678,0.8617,0.84,0.037623,0.0397,6998021902.0,6849346924.000001,4680168211.0,294056880322.0,287809557746.0,家用电器,家用电器,白色家电,空调,46.63,38.15,0.0
2022-10-26,205.86,210.78,205.66,207.12,204.98,2.140000000000015,1.04,36281405.0,1546847301.0,4.8781,0.0052949999999999,0.007748,0.88,10.3956,10.0487,2.2931,0.8705,0.8485,0.037256,0.039313,6995749087.0,6852134071.0,4682955358.0,297039506234.0,290941612655.0,家用电器,家用电器,白色家电,空调,46.22,37.82,0.0
2022-10-27,208.29,209.76,206.34,207.71,207.12,0.5900000000000034,0.28,22640281.0,965896179.0,4.8781,0.003304,0.004835,0.6,10.425,10.0771,2.2995,0.8729,0.8509,0.037151,0.039202,6995749087.0,6852134071.0,4682955358.0,297878996124.0,291763868743.0,家用电器,家用电器,白色家电,空调,46.71,38.21,0.0
2022-10-28,205.9,206.73,198.15,198.83,207.71,-8.879999999999995,-4.28,40175030.0,1664548587.0,4.8781,0.005863,0.008579,1.16,9.9794,9.6463,2.2013,0.8356,0.8145,0.038809,0.0409529999999999,6995749087.0,6852134071.0,4682955358.0,285146732786.0,279292984734.0,家用电器,家用电器,白色家电,空调,46.84,38.32,0.0
2022-10-31,198.69,199.03,195.61,196.0,198.83,-2.8300000000000125,-1.42,34553505.0,1396541436.0,4.8781,0.005043,0.007379,0.93,9.8374,9.5,2.0207,0.8237,0.8025,0.0393699999999999,0.041544,6995749087.0,6852134071.0,4682955358.0,281089198316.0,275318746973.0,家用电器,家用电器,白色家电,空调,44.84,36.68,0.0
2022-11-01,197.95,202.93,195.56,202.93,196.0,6.930000000000007,3.54,48067142.0,1965965682.0,4.8781,0.007015,0.010264,1.37,10.185,9.8357,2.0921,0.8529,0.8309,0.038026,0.040126,6995749087.0,6852134071.0,4682955358.0,291023162019.0,285048777354.0,家用电器,家用电器,白色家电,空调,44.2,36.16,0.0
2022-11-02,201.95,207.81,201.08,205.27,202.93,2.3400000000000034,1.15,38019949.0,1594625960.0,4.8781,0.0055489999999999,0.008119,1.05,10.3025,9.9492,2.1163,0.8627,0.8405,0.037592,0.039668,6995749087.0,6852134071.0,4682955358.0,294381121581.0,288337801708.0,家用电器,家用电器,白色家电,空调,45.76,37.44,0.0
2022-11-03,203.9,204.25,200.98,202.83,205.27,-2.4399999999999977,-1.19,28853488.0,1197662698.0,4.8781,0.0042109999999999,0.006161,0.79,10.1801,9.831,2.0911,0.8524,0.8305,0.0380439999999999,0.040145,6995749087.0,6852134071.0,4682955358.0,290883247037.0,284911734672.0,家用电器,家用电器,白色家电,空调,46.29,37.87,0.0
2022-11-04,203.08,211.47,202.83,210.2,202.83,7.369999999999976,3.63,45749125.0,1955851185.0,4.8781,0.006677,0.009769,1.21,10.5498,10.188,2.167,0.8834,0.8606,0.036711,0.038738,6995749087.0,6852134071.0,4682955358.0,301446828159.0,295258457119.0,家用电器,家用电器,白色家电,空调,45.74,37.42,0.0
2022-11-07,209.76,211.03,207.37,210.05,210.2,-0.1499999999999772,-0.07,33159614.0,1424760638.0,4.8781,0.0048389999999999,0.007081,0.85,10.5425,10.1809,2.1655,0.8828,0.86,0.036737,0.038765,6995749087.0,6852134071.0,4682955358.0,301236955686.0,295052893097.0,家用电器,家用电器,白色家电,空调,47.4,38.78,0.0
2022-11-08,210.34,211.17,207.71,209.76,210.05,-0.2900000000000204,-0.14,30558188.0,1312592117.0,4.8781,0.00446,0.0065249999999999,0.79,10.5278,10.1668,2.1625,0.8816,0.8588,0.036788,0.038819,6995749087.0,6852134071.0,4682955358.0,300817210741.0,294641765053.0,家用电器,家用电器,白色家电,空调,47.37,38.75,0.0
2022-11-09,211.66,213.9,209.51,209.95,209.76,0.1899999999999977,0.09,22990425.0,995215200.0,4.8781,0.003355,0.004909,0.65,10.5376,10.1762,2.1645,0.8824,0.8596,0.0367539999999999,0.038783,6995749087.0,6852134071.0,4682955358.0,301097040704.0,294915850416.0,家用电器,家用电器,白色家电,空调,47.3,38.7,0.0
2022-11-10,208.54,209.66,207.47,209.61,209.95,-0.339999999999975,-0.16,22305399.0,954033824.0,4.8781,0.003255,0.004763,0.69,10.5204,10.1597,2.161,0.8809,0.8582,0.036813,0.038846,6995749087.0,6852134071.0,4682955358.0,300607338268.0,294436201031.0,家用电器,家用电器,白色家电,空调,47.34,38.74,0.0
2022-11-11,217.22,225.37,213.22,222.59,209.61,12.97999999999999,6.19,82883508.0,3734773540.0,4.8781,0.012096,0.017699,2.68,11.1717,10.7886,2.2948,0.9355,0.9114,0.0346669999999999,0.0365819999999999,6995749087.0,6852134071.0,4682955358.0,319216030840.0,312662877660.0,家用电器,家用电器,白色家电,空调,47.27,38.67,0.0
2022-11-14,233.76,239.56,230.73,233.17,222.59,10.579999999999984,4.75,100020407.0,4791202404.0,4.8781,0.014597,0.021358,2.61,11.703,11.3016,2.4039,0.98,0.9547,0.033094,0.034921,6995749087.0,6852134071.0,4682955358.0,334396806359.0,327532008594.0,家用电器,家用电器,白色家电,空调,50.19,41.07,0.0
2022-11-15,236.59,241.86,232.69,239.37,233.17,6.200000000000017,2.66,51228792.0,2501777032.0,4.8781,0.007476,0.010939,0.99,12.0139,11.6019,2.4678,1.006,0.9801,0.032237,0.034017,6995749087.0,6852134071.0,4682955358.0,343281407699.0,336234218864.0,家用电器,家用电器,白色家电,空调,52.58,43.02,0.0
2022-11-16,240.98,240.98,234.93,236.39,239.37,-2.980000000000018,-1.24,25992649.0,1264627973.0,4.8781,0.003793,0.00555,0.47,11.8646,11.4577,2.4371,0.9935,0.9679,0.032643,0.034446,6995749087.0,6852134071.0,4682955358.0,339014000756.0,332054417081.0,家用电器,家用电器,白色家电,空调,53.98,44.16,0.0
2022-11-17,236.05,239.51,232.59,233.95,236.39,-2.4399999999999977,-1.03,19284595.0,927024366.0,4.8781,0.0028139999999999,0.004118,0.34,11.7422,11.3395,2.412,0.9832,0.9579,0.032983,0.034805,6995749087.0,6852134071.0,4682955358.0,335516126213.0,328628350045.0,家用电器,家用电器,白色家电,空调,53.31,43.61,0.0
2022-11-18,235.9,236.78,232.59,234.0,233.95,0.0500000000000113,0.02,16067621.0,772609930.0,4.8781,0.002345,0.003431,0.29,11.7446,11.3418,2.4125,0.9835,0.9581,0.032976,0.0347969999999999,6995749087.0,6852134071.0,4682955358.0,335586083703.0,328696871386.0,家用电器,家用电器,白色家电,空调,52.76,43.16,0.0
2022-11-21,231.56,231.56,225.56,226.05,234.0,-7.949999999999989,-3.4,34523382.0,1604372658.0,4.8781,0.005038,0.007372,0.81,11.3455,10.9565,2.3305,0.95,0.9256,0.034136,0.036021,6995749087.0,6852134071.0,4682955358.0,324183012692.0,317527892850.0,家用电器,家用电器,白色家电,空调,52.77,43.17,0.0
2022-11-22,226.34,229.47,223.9,225.86,226.05,-0.1899999999999977,-0.08,23569157.0,1092152104.0,4.8781,0.00344,0.0050329999999999,0.8,11.3357,10.947,2.3285,0.9492,0.9248,0.034166,0.036052,6995749087.0,6852134071.0,4682955358.0,323903182728.0,317253807487.0,家用电器,家用电器,白色家电,空调,50.97,41.71,0.0
2022-11-23,225.51,227.03,224.49,225.76,225.86,-0.1000000000000227,-0.04,14255219.0,659509322.0,4.8781,0.00208,0.003044,0.6,11.3308,10.9423,2.3275,0.9488,0.9244,0.0341809999999999,0.0360679999999999,6995749087.0,6852134071.0,4682955358.0,323763267746.0,317116764806.0,家用电器,家用电器,白色家电,空调,50.93,41.67,0.0
2022-11-24,228.05,230.25,223.32,223.95,225.76,-1.8100000000000025,-0.8,21379992.0,987544043.0,4.8781,0.00312,0.004565,0.99,11.2402,10.8548,2.3089,0.9412,0.917,0.034456,0.036359,6995749087.0,6852134071.0,4682955358.0,321174840584.0,314581475200.0,家用电器,家用电器,白色家电,空调,50.91,41.65,0.0
2022-11-25,223.95,229.71,223.56,227.76,223.95,3.8100000000000014,1.7,24697464.0,1150838919.0,4.8781,0.003604,0.005274,1.12,11.4312,11.0392,2.3481,0.9572,0.9325,0.03388,0.035751,6995749087.0,6852134071.0,4682955358.0,326631524872.0,319926139775.0,家用电器,家用电器,白色家电,空调,50.5,41.32,0.0
2022-11-28,222.83,226.59,220.64,225.81,227.76,-1.9499999999999889,-0.86,22655140.0,1036165230.0,4.8781,0.003306,0.004838,0.96,11.3333,10.9446,2.328,0.949,0.9246,0.034173,0.03606,6995749087.0,6852134071.0,4682955358.0,323833225237.0,317185286147.0,家用电器,家用电器,白色家电,空调,51.36,42.02,0.0
2022-11-29,234.15,237.95,228.88,236.2,225.81,10.389999999999986,4.6,38928672.0,1868785967.0,4.8781,0.005681,0.008313,1.83,11.8548,11.4482,2.4351,0.9927,0.9671,0.03267,0.034474,6995749087.0,6852134071.0,4682955358.0,338734170793.0,331780331718.0,家用电器,家用电器,白色家电,空调,50.92,41.66,0.0
2022-11-30,235.03,238.93,231.66,233.51,236.2,-2.6899999999999977,-1.14,27287554.0,1310967680.0,4.8781,0.003982,0.005827,1.12,11.7201,11.3182,2.4074,0.9814,0.9561,0.033045,0.03487,6995749087.0,6852134071.0,4682955358.0,334886508795.0,328011657979.0,家用电器,家用电器,白色家电,空调,53.26,43.58,0.0
2022-12-01,238.1,240.64,235.47,235.66,233.51,2.1500000000000057,0.92,27604487.0,1344223508.0,4.8781,0.004029,0.005895,1.02,11.8278,11.4222,2.4296,0.9904,0.9649,0.032744,0.034552,6995749087.0,6852134071.0,4682955358.0,337964638393.0,331026596970.0,家用电器,家用电器,白色家电,空调,52.66,43.08,0.0
2022-12-02,234.34,237.08,232.98,234.34,235.66,-1.3199999999999932,-0.56,17015014.0,818020498.0,4.8781,0.002483,0.003633,0.6,11.7617,11.3584,2.416,0.9849,0.9595,0.032928,0.034747,6995749087.0,6852134071.0,4682955358.0,336075786139.0,329176520771.0,家用电器,家用电器,白色家电,空调,53.14,43.48,0.0
2022-12-05,236.54,243.91,236.1,242.44,234.34,8.099999999999994,3.46,36106842.0,1785930108.0,4.8781,0.005269,0.00771,1.35,12.1682,11.7509,2.4995,1.0189,0.9927,0.0318279999999999,0.033586,6995749087.0,6852134071.0,4682955358.0,347688729623.99994,340551063329.0,家用电器,家用电器,白色家电,空调,52.84,43.24,0.0
2022-12-06,242.39,247.12,239.12,243.91,242.44,1.4699999999999989,0.61,32526956.0,1629245814.0,4.8781,0.004747,0.006946,1.11,12.2416,11.8218,2.5146,1.0251,0.9987,0.031637,0.033385,6995749087.0,6852134071.0,4682955358.0,349787454350.0,342606703549.99994,家用电器,家用电器,白色家电,空调,54.67,44.73,0.0
2022-12-07,243.91,252.1,241.47,250.0,243.91,6.090000000000003,2.5,43656379.0,2229128245.0,4.8781,0.006371,0.009322,1.55,12.5476,12.1174,2.5774,1.0507,1.0236,0.0308659999999999,0.03257,6995749087.0,6852134071.0,4682955358.0,358532140709.0,351171871139.0,家用电器,家用电器,白色家电,空调,55.0,45.0,0.0
2022-12-08,250.49,256.0,248.0,252.44,250.0,2.4399999999999977,0.98,39078018.0,2028801619.0,4.8781,0.005703,0.008345,1.25,12.6701,12.2356,2.6026,1.0609,1.0336,0.0305679999999999,0.032256,6995749087.0,6852134071.0,4682955358.0,362030015252.0,354597938174.0,家用电器,家用电器,白色家电,空调,56.38,46.13,0.0
2022-12-09,253.47,265.03,252.73,264.88,252.44,12.439999999999998,4.93,69940581.0,3745342826.0,4.8781,0.0102069999999999,0.014935,2.08,13.2944,12.8385,2.7308,1.1132,1.0845,0.0291319999999999,0.030741,6995749087.0,6852134071.0,4682955358.0,379869175424.0,372070880055.00006,家用电器,家用电器,白色家电,空调,56.93,46.58,0.0
2022-12-12,261.95,268.15,260.0,265.51,264.88,0.6299999999999955,0.24,46663287.0,2533376175.0,4.8781,0.00681,0.0099639999999999,1.05,13.3262,12.8692,2.7374,1.1159,1.0871,0.029063,0.030667,6995749087.0,6852134071.0,4682955358.0,380778622805.0,372961657485.0,家用电器,家用电器,白色家电,空调,59.73,48.87,0.0
2022-12-13,264.44,265.37,261.71,263.17,265.51,-2.339999999999975,-0.88,30619330.0,1650838607.0,4.8781,0.004469,0.006538,0.66,13.2087,12.7557,2.7132,1.106,1.0776,0.029321,0.03094,6995749087.0,6852134071.0,4682955358.0,377420663244.0,369672633130.0,家用电器,家用电器,白色家电,空调,59.87,48.99,0.0
2022-12-14,260.73,268.59,260.73,267.76,263.17,4.589999999999975,1.74,26085029.0,1420701035.0,4.8781,0.0038069999999999,0.00557,0.57,13.4388,12.978,2.7605,1.1253,1.0963,0.0288189999999999,0.03041,6995749087.0,6852134071.0,4682955358.0,383996667385.0,376113639157.00006,家用电器,家用电器,白色家电,空调,59.35,48.56,0.0
2022-12-15,267.81,272.2,259.76,261.61,267.76,-6.149999999999977,-2.3,27804272.0,1498675160.0,4.8781,0.004058,0.005937,0.65,13.1303,12.6801,2.6971,1.0995,1.0712,0.029496,0.031125,6995749087.0,6852134071.0,4682955358.0,375182023536.0,367479950228.0,家用电器,家用电器,白色家电,空调,60.38,49.4,0.0
2022-12-16,259.91,264.15,257.42,263.42,261.61,1.8100000000000025,0.69,19744959.0,1058833013.0,4.8781,0.002882,0.004216,0.49,13.2209,12.7676,2.7157,1.1071,1.0785,0.0292939999999999,0.030912,6995749087.0,6852134071.0,4682955358.0,377770450698.0,370015239834.0,家用电器,家用电器,白色家电,空调,58.99,48.27,0.0
2022-12-19,263.42,265.27,259.91,261.86,263.42,-1.5600000000000025,-0.59,16076366.0,864239617.0,4.8781,0.002346,0.003432,0.53,13.1444,12.6936,2.7,1.1007,1.0723,0.0294649999999999,0.0310919999999999,6996695895.999999,6853080880.0,4683902167.0,375582635697.0,367873381638.0,家用电器,家用电器,白色家电,空调,59.4,48.6,0.0
2022-12-20,258.54,258.98,251.47,251.56,261.86,-10.300000000000011,-3.93,27245386.0,1417537681.0,4.8781,0.003976,0.005817,1.13,12.6277,12.1947,2.5939,1.0574,1.0302,0.03067,0.032364,6996695895.999999,6853080880.0,4683902167.0,360819607357.0,353413380982.0,家用电器,家用电器,白色家电,空调,59.05,48.31,0.0
2022-12-21,250.2,256.05,250.2,252.1,251.56,0.539999999999992,0.21,13074160.0,679672974.0,4.8781,0.001908,0.002791,0.56,12.6546,12.2207,2.5994,1.0597,1.0324,0.030605,0.032295,6996695895.999999,6853080880.0,4683902167.0,361589243905.0,354167219878.0,家用电器,家用电器,白色家电,空调,56.73,46.41,0.0
2022-12-22,253.37,259.91,252.54,254.64,252.1,2.539999999999992,1.01,22812320.0,1199123082.0,4.8781,0.003329,0.00487,1.1,12.782,12.3436,2.6256,1.0703,1.0427,0.0302999999999999,0.031973,6996695895.999999,6853080880.0,4683902167.0,365227525771.0,357730821936.0,家用电器,家用电器,白色家电,空调,56.85,46.51,0.0
2022-12-23,253.56,259.27,250.88,255.51,254.64,0.8700000000000045,0.34,16343914.000000002,860296627.0,4.8781,0.002385,0.003489,0.83,12.826,12.3862,2.6346,1.074,1.0463,0.030196,0.031863,6996695895.999999,6853080880.0,4683902167.0,366486931032.00006,358964376494.00006,家用电器,家用电器,白色家电,空调,57.42,46.98,0.0
2022-12-26,256.98,257.95,250.54,251.22,255.51,-4.289999999999992,-1.68,15387918.0,795665125.0,4.8781,0.002245,0.003285,0.81,12.6106,12.1781,2.5903,1.056,1.0288,0.030712,0.032408,6996695895.999999,6853080880.0,4683902167.0,360329838644.0,352933665320.0,家用电器,家用电器,白色家电,空调,57.62,47.14,0.0
2022-12-27,252.64,258.69,250.78,258.25,251.22,7.030000000000001,2.8,17339127.0,911438654.0,4.8781,0.00253,0.0037019999999999,0.91,12.9632,12.5186,2.6628,1.0855,1.0575,0.029876,0.031526,6996695895.999999,6853080880.0,4683902167.0,370405080734.0,362802101787.0,家用电器,家用电器,白色家电,空调,56.65,46.35,0.0
2022-12-28,255.76,257.32,253.17,253.91,258.25,-4.340000000000003,-1.68,16322910.999999998,852152449.0,4.8781,0.002382,0.003485,0.96,12.7452,12.3082,2.618,1.0672,1.0397,0.030387,0.032065,6996695895.999999,6853080880.0,4683902167.0,364178021387.0,356702859804.00006,家用电器,家用电器,白色家电,空调,58.23,47.65,0.0
2022-12-29,251.81,254.59,248.88,252.34,253.91,-1.5699999999999932,-0.62,11995050.0,619844870.0,4.8781,0.0017499999999999,0.002561,0.68,12.6669,12.2325,2.6019,1.0607,1.0333,0.030575,0.032264,6996695895.999999,6853080880.0,4683902167.0,361939078700.0,354509873922.0,家用电器,家用电器,白色家电,空调,57.26,46.85,0.0
2022-12-30,252.69,256.1,252.2,252.69,252.34,0.3499999999999943,0.14,12773275.0,665300213.0,4.8781,0.001864,0.002727,0.83,12.684,12.2491,2.6054,1.0621,1.0347,0.030534,0.03222,6996695895.999999,6853080880.0,4683902167.0,362428847413.0,354989589584.00006,家用电器,家用电器,白色家电,空调,56.9,46.56,0.0
2023-01-03,253.66,254.78,249.91,253.08,252.69,0.3900000000000148,0.15,16362801.999999998,846525405.0,4.8781,0.002388,0.003493,1.11,12.7036,12.268,2.6095,1.0638,1.0363,0.03217,0.03217,6996695895.999999,6853080880.0,4683902167.0,362988583084.0,355537836054.00006,家用电器,家用电器,白色家电,空调,56.98,46.62,0.0
2023-01-04,252.15,262.59,251.95,262.2,253.08,9.119999999999976,3.6,26134113.0,1390708575.0,4.8781,0.0038129999999999,0.00558,1.75,13.1615,12.7102,2.7035,1.1021,1.0737,0.031051,0.031051,6996695895.999999,6853080880.0,4683902167.0,376072404410.0,368353097300.0,家用电器,家用电器,白色家电,空调,57.07,46.69,0.0
2023-01-05,263.42,268.25,263.17,267.86,262.2,5.660000000000025,2.16,29421668.0,1608128838.0,4.8781,0.004293,0.006281,1.76,13.4456,12.9845,2.7619,1.1259,1.0969,0.030395,0.030395,6996695895.999999,6853080880.0,4683902167.0,384188571649.0,376302671121.0,家用电器,家用电器,白色家电,空调,59.13,48.38,0.0
2023-01-06,268.15,269.08,262.98,263.47,267.86,-4.389999999999986,-1.64,19500149.0,1058139217.0,4.8781,0.002845,0.004163,1.01,13.2252,12.7716,2.7166,1.1074,1.0789,0.030902,0.030902,6996695895.999999,6853080880.0,4683902167.0,377891545343.0,370134898329.0,家用电器,家用电器,白色家电,空调,60.4,49.42,0.0
2023-01-09,263.91,265.61,260.49,263.95,263.47,0.4799999999999613,0.18,20427678.0,1101325466.0,4.8781,0.0029809999999999,0.004361,0.98,13.2497,12.7953,2.7216,1.1095,1.0809,0.030842,0.030842,6996695895.999999,6853080880.0,4683902167.0,378591214933.0,370820206417.0,家用电器,家用电器,白色家电,空调,59.41,48.61,0.0
2023-01-10,263.37,265.37,260.64,260.98,263.95,-2.9699999999999704,-1.13,15434014.000000002,829875435.0,4.8781,0.002252,0.003295,0.69,13.1003,12.651,2.6909,1.097,1.0687,0.031194,0.031194,6996695895.999999,6853080880.0,4683902167.0,374323230436.0,366639827080.0,家用电器,家用电器,白色家电,空调,59.52,48.7,0.0
2023-01-11,260.73,269.17,260.49,265.86,260.98,4.879999999999996,1.87,21461041.0,1171606255.0,4.8781,0.003132,0.004582,0.97,13.3452,12.8875,2.7412,1.1175,1.0887,0.030621,0.030621,6996695895.999999,6853080880.0,4683902167.0,381319926332.0,373492907960.0,家用电器,家用电器,白色家电,空调,58.85,48.15,0.0
2023-01-12,264.88,268.3,263.47,267.17,265.86,1.3100000000000025,0.49,14581825.0,797908670.0,4.8781,0.0021279999999999,0.003113,0.69,13.4113,12.9514,2.7548,1.123,1.0941,0.03047,0.03047,6996695895.999999,6853080880.0,4683902167.0,383209034224.0,375343239798.0,家用电器,家用电器,白色家电,空调,59.95,49.05,0.0
2023-01-13,267.66,273.17,265.86,272.93,267.17,5.759999999999991,2.16,26580330.0,1471250757.0,4.8781,0.003879,0.005675,1.45,13.7002,13.2304,2.8142,1.1472,1.1176,0.029828,0.029828,6996695895.999999,6853080880.0,4683902167.0,391465135381.0,383429875236.0,家用电器,家用电器,白色家电,空调,60.25,49.29,0.0
2023-01-16,273.32,284.69,273.27,281.47,272.93,8.54000000000002,3.13,33018079.0,1899010907.0,4.8781,0.004818,0.007049,1.68,14.1287,13.6442,2.9022,1.1831,1.1526,0.028923,0.028923,6996695895.999999,6853080880.0,4683902167.0,403709353199.0,395422766776.0,家用电器,家用电器,白色家电,空调,61.55,50.36,0.0
2023-01-17,281.42,283.81,278.78,282.93,281.47,1.4599999999999795,0.52,18811356.0,1087194817.0,4.8781,0.002745,0.004016,0.85,14.2022,13.7152,2.9173,1.1892,1.1586,0.028774,0.028774,6996695895.999999,6853080880.0,4683902167.0,405808361968.0,397478691040.0,家用电器,家用电器,白色家电,空调,63.47,51.93,0.0
2023-01-18,282.93,285.37,279.86,280.98,282.93,-1.9499999999999889,-0.69,13035753.0,751785488.0,4.8781,0.001902,0.002783,0.57,14.1042,13.6206,2.8972,1.181,1.1506,0.028973,0.028973,6996695895.999999,6853080880.0,4683902167.0,403009683610.0,394737458688.0,家用电器,家用电器,白色家电,空调,63.8,52.2,0.0
2023-01-19,280.3,280.73,276.59,279.91,280.98,-1.0699999999999932,-0.38,19467945.0,1110365667.0,4.8781,0.002841,0.004156,0.92,14.0504,13.5685,2.8861,1.1765,1.1462,0.029084,0.029084,6996695895.999999,6853080880.0,4683902167.0,401470410512.0,393229780894.0,家用电器,家用电器,白色家电,空调,63.36,51.84,0.0
2023-01-20,280.3,282.15,277.86,278.44,279.91,-1.4700000000000273,-0.53,10860828.0,621198692.0,4.8781,0.001585,0.002319,0.49,13.9769,13.4976,2.871,1.1704,1.1402,0.029237,0.029237,6996695895.999999,6853080880.0,4683902167.0,399371401744.0,391173856630.0,家用电器,家用电器,白色家电,空调,63.12,51.64,0.0
2023-01-30,280.2,283.32,271.17,271.47,278.44,-6.96999999999997,-2.5,25619569.0,1445902234.0,4.8781,0.003738,0.00547,1.35,13.6268,13.1595,2.7991,1.1411,1.1117,0.029989,0.029989,6996695895.999999,6853080880.0,4683902167.0,389366126612.0,381373950972.0,家用电器,家用电器,白色家电,空调,62.79,51.37,0.0
2023-01-31,270.25,273.91,268.3,269.27,271.47,-2.200000000000045,-0.81,23259835.0,1290578245.0,4.8781,0.003394,0.004966,1.32,13.5166,13.053,2.7765,1.1318,1.1027,0.030233,0.030233,6996695895.999999,6853080880.0,4683902167.0,386217613459.0,378290064576.0,家用电器,家用电器,白色家电,空调,61.22,50.09,0.0
2023-02-01,269.71,273.12,265.61,270.73,269.27,1.4600000000000364,0.54,26724709.000000004,1474820029.0,4.8781,0.0039,0.005706,1.45,13.59,13.124,2.7915,1.138,1.1087,0.03007,0.03007,6996695895.999999,6853080880.0,4683902167.0,388316622228.0,380345988840.00006,家用电器,家用电器,白色家电,空调,60.72,49.68,0.0
2023-02-02,270.49,271.22,261.56,263.22,270.73,-7.509999999999991,-2.77,36767804.0,1990832647.0,4.8781,0.005365,0.00785,1.74,13.2129,12.7598,2.7141,1.1064,1.0779,0.030928,0.030928,6996695895.999999,6853080880.0,4683902167.0,377541710548.0,369792244285.0,家用电器,家用电器,白色家电,空调,61.05,49.95,0.0
2023-02-03,261.95,263.17,257.86,260.05,263.22,-3.170000000000016,-1.2,20830020.0,1109569943.0,4.8781,0.0030399999999999,0.0044469999999999,0.85,13.0538,12.6061,2.6814,1.0931,1.0649,0.031305,0.031305,6996695895.999999,6853080880.0,4683902167.0,372993858216.0,365337741713.0,家用电器,家用电器,白色家电,空调,59.36,48.56,0.0
2023-02-06,257.61,257.61,249.17,250.0,260.05,-10.050000000000011,-3.86,42185653.0,2172641979.0,4.8781,0.006156,0.009007,1.58,12.5493,12.119,2.5778,1.0508,1.0238,0.032563,0.032563,6996695895.999999,6853080880.0,4683902167.0,358580664670.0,351220395100.0,家用电器,家用电器,白色家电,空调,58.64,47.98,0.0
2023-02-07,250.54,252.2,249.27,251.22,250.0,1.2199999999999989,0.49,20900869.0,1075310677.0,4.8781,0.0030499999999999,0.004462,0.7,12.6106,12.1781,2.5903,1.056,1.0288,0.0324049999999999,0.0324049999999999,6996695895.999999,6853080880.0,4683902167.0,360329838644.0,352933665320.0,家用电器,家用电器,白色家电,空调,56.38,46.13,0.0
2023-02-08,250.69,251.22,248.1,248.83,251.22,-2.3899999999999864,-0.95,19101762.0,976761616.0,4.8781,0.002787,0.004078,0.65,12.4906,12.0622,2.5657,1.0459,1.019,0.0327159999999999,0.0327159999999999,6996695895.999999,6853080880.0,4683902167.0,356901457655.0,349575655688.99994,家用电器,家用电器,白色家电,空调,56.65,46.35,0.0
2023-02-09,247.81,252.34,246.3,251.37,248.83,2.539999999999992,1.02,22738253.0,1167989709.0,4.8781,0.0033179999999999,0.004855,0.81,12.6179,12.1852,2.5919,1.0566,1.0294,0.032386,0.032386,6996695895.999999,6853080880.0,4683902167.0,360539739521.0,353139257746.0,家用电器,家用电器,白色家电,空调,56.11,45.91,0.0
2023-02-10,250.49,252.44,250.2,251.81,251.37,0.4399999999999977,0.18,13988866.0,720948239.0,4.8781,0.002041,0.002987,0.56,12.6399,12.2065,2.5964,1.0584,1.0312,0.03233,0.03233,6996695895.999999,6853080880.0,4683902167.0,361169442152.0,353756035026.0,家用电器,家用电器,白色家电,空调,56.68,46.38,0.0
2023-02-13,251.22,256.49,248.93,255.81,251.81,4.0,1.59,30639111.0,1588991529.0,4.8781,0.004471,0.006541,1.29,12.8407,12.4004,2.6376,1.0752,1.0475,0.031824,0.031824,6996695895.999999,6853080880.0,4683902167.0,366906732786.0,359375561347.0,家用电器,家用电器,白色家电,空调,56.78,46.46,0.0
2023-02-14,255.86,256.83,252.73,254.69,255.81,-1.1200000000000043,-0.44,21437513.0,1116499050.0,4.8781,0.003128,0.004577,1.0,12.7844,12.346,2.6261,1.0705,1.0429,0.031964,0.031964,6996695895.999999,6853080880.0,4683902167.0,365297492730.0,357799352745.0,家用电器,家用电器,白色家电,空调,57.68,47.2,0.0
2023-02-15,254.64,254.69,249.66,250.49,254.69,-4.199999999999989,-1.65,17948800.0,924114015.0,4.8781,0.002619,0.003832,0.83,12.5738,12.1426,2.5828,1.0529,1.0258,0.0325,0.0325,6996695895.999999,6853080880.0,4683902167.0,359280334260.0,351905703188.0,家用电器,家用电器,白色家电,空调,57.43,46.99,0.0
2023-02-16,249.27,252.44,247.81,250.15,250.49,-0.3400000000000034,-0.14,21698675.0,1115558778.0,4.8781,0.003166,0.004633,1.02,12.5567,12.1261,2.5793,1.0515,1.0244,0.032544,0.032544,6996695895.999999,6853080880.0,4683902167.0,358790565547.0,351425987526.0,家用电器,家用电器,白色家电,空调,56.49,46.22,0.0
2023-02-17,249.03,251.22,248.88,250.64,250.15,0.4899999999999807,0.2,15806609.0,811189152.0,4.8781,0.002306,0.003375,0.75,12.5812,12.1497,2.5843,1.0535,1.0264,0.032481,0.032481,6996695895.999999,6853080880.0,4683902167.0,359490235136.0,352111295613.99994,家用电器,家用电器,白色家电,空调,56.41,46.15,0.0
2023-02-20,251.22,261.91,249.32,260.0,250.64,9.360000000000014,3.73,38313606.0,2019572889.0,4.8781,0.005591,0.00818,1.78,13.0513,12.6038,2.6809,1.0929,1.0647,0.031311,0.031311,6996695895.999999,6853080880.0,4683902167.0,372923891257.0,365269210904.0,家用电器,家用电器,白色家电,空调,56.52,46.24,0.0
2023-02-21,260.0,262.44,257.22,261.17,260.0,1.170000000000016,0.45,25649338.0,1369820914.0,4.8781,0.003743,0.005476,1.11,13.1101,12.6605,2.693,1.0978,1.0695,0.03117,0.03117,6996695895.999999,6853080880.0,4683902167.0,374603098272.0,366913950315.0,家用电器,家用电器,白色家电,空调,58.63,47.97,0.0
2023-02-22,258.54,259.42,255.66,257.47,261.17,-3.6999999999999886,-1.42,22911545.0,1208465938.0,4.8781,0.003343,0.004892,0.96,12.924,12.4808,2.6547,1.0822,1.0543,0.031619,0.031619,6996695895.999999,6853080880.0,4683902167.0,369285609391.0,361705608846.0,家用电器,家用电器,白色家电,空调,58.89,48.19,0.0
2023-02-23,257.51,262.83,257.51,260.34,257.47,2.869999999999948,1.11,24010720.0,1283774547.0,4.8781,0.0035039999999999,0.0051259999999999,0.97,13.0685,12.6203,2.6844,1.0943,1.0661,0.03127,0.03127,6996695895.999999,6853080880.0,4683902167.0,373413659970.0,365748926566.0,家用电器,家用电器,白色家电,空调,58.06,47.5,0.0
2023-02-24,259.42,260.44,257.66,258.44,260.34,-1.8999999999999773,-0.73,16927779.0,898514540.0,4.8781,0.00247,0.003614,0.67,12.973,12.5281,2.6648,1.0863,1.0583,0.0315,0.0315,6996695895.999999,6853080880.0,4683902167.0,370684948570.0,363076225022.0,家用电器,家用电器,白色家电,空调,58.71,48.03,0.0
2023-02-27,256.59,258.44,252.98,255.61,258.44,-2.829999999999984,-1.1,16947143.0,888727921.0,4.8781,0.002473,0.003618,0.66,12.8309,12.3909,2.6356,1.0744,1.0467,0.0318489999999999,0.0318489999999999,6996695895.999999,6853080880.0,4683902167.0,366626864950.0,359101438112.0,家用电器,家用电器,白色家电,空调,58.28,47.68,0.0
2023-02-28,253.76,259.22,253.76,255.91,255.61,0.2999999999999829,0.12,19404536.0,1019960547.0,4.8781,0.002832,0.004143,0.91,12.8456,12.4051,2.6386,1.0756,1.0479,0.031812,0.031812,6996695895.999999,6853080880.0,4683902167.0,367046666704.0,359512622965.0,家用电器,家用电器,白色家电,空调,57.64,47.16,0.0
2023-03-01,256.15,268.25,256.15,266.44,255.91,10.53,4.11,43297470.0,2350199969.0,4.8781,0.006318,0.009244,2.16,13.3745,12.9159,2.7473,1.1199,1.0911,0.030554,0.030554,6996695895.999999,6853080880.0,4683902167.0,382159529840.0,374315277666.0,家用电器,家用电器,白色家电,空调,57.71,47.21,0.0
2023-03-02,266.34,271.61,264.15,267.56,266.44,1.1200000000000043,0.42,25548979.0,1408679946.0,4.8781,0.003728,0.005455,1.06,13.4309,12.9703,2.7588,1.1247,1.0957,0.030426,0.030426,6996695895.999999,6853080880.0,4683902167.0,383768769896.0,375891486268.0,家用电器,家用电器,白色家电,空调,60.08,49.16,0.0
2023-03-03,269.52,272.39,266.64,269.27,267.56,1.7099999999999795,0.64,19741500.0,1090871927.0,4.8781,0.002881,0.004215,0.81,13.5166,13.053,2.7765,1.1318,1.1027,0.030233,0.030233,6996695895.999999,6853080880.0,4683902167.0,386217613459.0,378290064576.0,家用电器,家用电器,白色家电,空调,60.34,49.37,0.0
2023-03-06,267.52,268.3,262.49,262.59,269.27,-6.680000000000007,-2.48,25935684.0,1403695330.0,4.8781,0.003785,0.0055369999999999,1.04,13.1811,12.7291,2.7075,1.1037,1.0753,0.031003,0.031003,6996695895.999999,6853080880.0,4683902167.0,376632140082.0,368901343770.0,家用电器,家用电器,白色家电,空调,60.72,49.68,0.0
2023-03-07,262.64,265.22,257.08,257.86,262.59,-4.729999999999961,-1.8,19473791.0,1041648712.0,4.8781,0.002842,0.004158,0.73,12.9436,12.4997,2.6588,1.0838,1.0559,0.0315709999999999,0.0315709999999999,6996695895.999999,6853080880.0,4683902167.0,369845345063.0,362253855317.0,家用电器,家用电器,白色家电,空调,59.21,48.45,0.0
2023-03-08,256.83,257.56,254.0,255.08,257.86,-2.780000000000001,-1.08,14494798.000000002,759112018.0,4.8781,0.002115,0.003095,0.54,12.804,12.3649,2.6301,1.0722,1.0445,0.031916,0.031916,6996695895.999999,6853080880.0,4683902167.0,365857228402.0,358347599215.0,家用电器,家用电器,白色家电,空调,58.15,47.57,0.0
2023-03-09,255.08,259.76,254.98,257.08,255.08,1.999999999999972,0.78,13013102.0,688042450.0,4.8781,0.001899,0.002778,0.62,12.9044,12.4619,2.6507,1.0806,1.0527,0.031667,0.031667,6996695895.999999,6853080880.0,4683902167.0,368725873719.0,361157362376.0,家用电器,家用电器,白色家电,空调,57.52,47.06,0.0
2023-03-10,254.83,256.1,248.88,249.51,257.08,-7.569999999999993,-2.94,19213389.0,991798894.0,4.8781,0.0028039999999999,0.004102,1.04,12.5249,12.0953,2.5727,1.0488,1.0218,0.032627,0.032627,6996695895.999999,6853080880.0,4683902167.0,357880995080.0,350535087012.0,家用电器,家用电器,白色家电,空调,57.97,47.43,0.0
2023-03-13,248.83,254.83,248.78,253.95,249.51,4.439999999999998,1.78,19483658.0,1009855801.0,4.8781,0.002843,0.00416,1.06,12.7477,12.3105,2.6185,1.0674,1.0399,0.032057,0.032057,6996695895.999999,6853080880.0,4683902167.0,364247988346.0,356771390613.0,家用电器,家用电器,白色家电,空调,56.27,46.04,0.0
2023-03-14,252.3,253.22,247.32,249.51,253.95,-4.439999999999998,-1.75,16501073.000000002,844706515.0,4.8781,0.002408,0.003523,0.96,12.5249,12.0953,2.5727,1.0488,1.0218,0.032627,0.032627,6996695895.999999,6853080880.0,4683902167.0,357880995080.0,350535087012.0,家用电器,家用电器,白色家电,空调,57.27,46.85,0.0
2023-03-15,251.22,251.86,245.86,246.15,249.51,-3.359999999999985,-1.35,20945617.0,1067097771.0,4.8781,0.0030559999999999,0.004472,1.27,12.3559,11.9322,2.538,1.0346,1.008,0.033073,0.033073,6996695895.999999,6853080880.0,4683902167.0,353053274912.0,345806461205.0,家用电器,家用电器,白色家电,空调,56.27,46.04,0.0
2023-03-16,244.3,245.81,242.2,244.1,246.15,-2.050000000000012,-0.83,12181953.0,610120756.0,4.8781,0.001778,0.002601,0.68,12.2531,11.8329,2.5169,1.026,0.9996,0.033351,0.033351,6996695895.999999,6853080880.0,4683902167.0,350114662636.0,342928167235.0,家用电器,家用电器,白色家电,空调,55.51,45.41,0.0
2023-03-17,246.34,249.66,244.2,245.51,244.1,1.4099999999999966,0.58,20123077.0,1018389815.0,4.8781,0.002936,0.0042959999999999,1.14,12.3241,11.9014,2.5315,1.032,1.0054,0.033158,0.033158,6996695895.999999,6853080880.0,4683902167.0,352143704446.0,344915560690.0,家用电器,家用电器,白色家电,空调,55.04,45.04,0.0
2023-03-20,244.78,249.42,244.39,246.05,245.51,0.5400000000000205,0.22,16301524.0,826038623.0,4.8781,0.002379,0.0034799999999999,0.91,12.351,11.9275,2.537,1.0342,1.0076,0.033086,0.033086,6996695895.999999,6853080880.0,4683902167.0,352913340994.0,345669399587.0,家用电器,家用电器,白色家电,空调,55.36,45.3,0.0
2023-03-21,246.59,254.34,246.59,254.15,246.05,8.099999999999994,3.29,23146646.0,1191368462.0,4.8781,0.003378,0.0049419999999999,1.34,12.7575,12.32,2.6205,1.0683,1.0407,0.032032,0.032032,6996695895.999999,6853080880.0,4683902167.0,364527856182.0,357045513848.0,家用电器,家用电器,白色家电,空调,55.48,45.4,0.0
2023-03-22,254.64,254.98,250.25,252.2,254.15,-1.950000000000017,-0.77,13554248.000000002,700825341.0,4.8781,0.001978,0.002894,0.73,12.6595,12.2254,2.6004,1.0601,1.0328,0.03228,0.03228,6996695895.999999,6853080880.0,4683902167.0,361729177823.0,354304281496.0,家用电器,家用电器,白色家电,空调,57.31,46.89,0.0
2023-03-23,251.12,253.66,250.69,252.78,252.2,0.5800000000000125,0.23,12379007.0,641022829.0,4.8781,0.001806,0.002643,0.73,12.6889,12.2538,2.6064,1.0625,1.0351,0.032205,0.032205,6996695895.999999,6853080880.0,4683902167.0,362568781331.0,355126651202.0,家用电器,家用电器,白色家电,空调,56.87,46.53,0.0
2023-03-24,252.78,254.49,251.91,254.1,252.78,1.3199999999999932,0.52,13277563.0,689957504.0,4.8781,0.001937,0.002835,0.78,12.755,12.3176,2.62,1.0681,1.0405,0.032038,0.032038,6996695895.999999,6853080880.0,4683902167.0,364457889223.00006,356976983039.00006,家用电器,家用电器,白色家电,空调,57.0,46.64,0.0
2023-03-27,254.1,255.91,252.2,252.93,254.1,-1.1699999999999875,-0.46,12768345.0,663222020.0,4.8781,0.0018629999999999,0.002726,0.81,12.6963,12.2609,2.608,1.0631,1.0357,0.032186,0.032186,6996695895.999999,6853080880.0,4683902167.0,362778682208.0,355332243628.0,家用电器,家用电器,白色家电,空调,57.3,46.88,0.0
2023-03-28,252.2,254.05,249.08,249.22,252.93,-3.710000000000008,-1.47,12867893.0,660858734.0,4.8781,0.001878,0.002747,0.86,12.5102,12.0812,2.5697,1.0476,1.0206,0.032665,0.032665,6996695895.999999,6853080880.0,4683902167.0,357461193327.0,350123902158.99994,家用电器,家用电器,白色家电,空调,57.04,46.67,0.0
2023-03-29,250.64,251.56,249.27,250.73,249.22,1.509999999999991,0.61,12803042.0,656903325.0,4.8781,0.0018679999999999,0.0027329999999999,0.99,12.5861,12.1545,2.5853,1.0539,1.0268,0.032468,0.032468,6996695895.999999,6853080880.0,4683902167.0,359630169054.0,352248357232.0,家用电器,家用电器,白色家电,空调,56.2,45.98,0.0
2023-03-30,250.49,267.32,250.25,265.71,250.73,14.97999999999999,5.97,57157412.0,3061435505.0,4.8781,0.00834,0.0122029999999999,4.46,13.3378,12.8804,2.7397,1.1169,1.0881,0.030638,0.030638,6996695895.999999,6853080880.0,4683902167.0,381110025455.0,373287315534.0,家用电器,家用电器,白色家电,空调,56.54,46.26,0.0
2023-03-31,263.95,266.44,260.3,262.49,265.71,-3.2199999999999704,-1.21,27788750.0,1500198904.0,4.8781,0.004055,0.005933,1.28,13.1762,12.7244,2.7065,1.1033,1.0749,0.031014,0.031014,6996695895.999999,6853080880.0,4683902167.0,376492206164.00006,368764282153.0,家用电器,家用电器,白色家电,空调,59.92,49.02,0.0
2023-04-03,268.3,270.25,264.39,266.78,262.49,4.289999999999964,1.63,37391478.0,2056019795.0,4.8781,0.005456,0.007983,1.52,13.3917,12.9324,2.7508,1.1214,1.0925,0.030515,0.030515,6996695895.999999,6853080880.0,4683902167.0,382649298552.0,374794993327.0,家用电器,家用电器,白色家电,空调,59.19,48.43,0.0
2023-04-04,265.86,266.93,262.2,266.49,266.78,-0.2899999999999636,-0.11,17989125.0,975597257.0,4.8781,0.002625,0.003841,0.61,13.377,12.9183,2.7478,1.1201,1.0913,0.030549,0.030549,6996695895.999999,6853080880.0,4683902167.0,382229496798.0,374383808474.0,家用电器,家用电器,白色家电,空调,60.16,49.22,0.0
2023-04-06,265.47,268.3,262.2,263.51,266.49,-2.980000000000018,-1.12,15243479.0,827518348.0,4.8781,0.002224,0.003254,0.5,13.2276,12.774,2.7171,1.1076,1.0791,0.030893,0.030893,6996695895.999999,6853080880.0,4683902167.0,377961512302.0,370203429138.0,家用电器,家用电器,白色家电,空调,60.09,49.17,0.0
2023-04-07,262.98,269.61,262.98,266.73,263.51,3.220000000000028,1.22,15864067.000000002,869954356.0,4.8781,0.002315,0.003387,0.51,13.3892,12.9301,2.7503,1.1212,1.0923,0.030521,0.030521,6996695895.999999,6853080880.0,4683902167.0,382579331593.0,374726462518.0,家用电器,家用电器,白色家电,空调,59.42,48.62,0.0
2023-04-10,265.37,268.59,263.47,267.12,266.73,0.3899999999999863,0.15,15649254.999999998,853817627.0,4.8781,0.002284,0.003341,0.68,13.4088,12.949,2.7543,1.1228,1.0939,0.030476,0.030476,6996695895.999999,6853080880.0,4683902167.0,383139067265.0,375274708989.0,家用电器,家用电器,白色家电,空调,60.15,49.21,0.0
2023-04-11,265.42,274.98,265.37,272.39,267.12,5.269999999999982,1.97,32436552.0,1815026843.0,4.8781,0.004733,0.006925,1.59,13.6733,13.2044,2.8086,1.145,1.1155,0.029887,0.029887,6996695895.999999,6853080880.0,4683902167.0,390695498833.0,382676036339.0,家用电器,家用电器,白色家电,空调,60.24,49.28,0.0
2023-04-12,272.39,276.83,270.25,270.73,272.39,-1.6599999999999682,-0.61,22302460.0,1251325789.0,4.8781,0.003254,0.004762,1.15,13.59,13.124,2.7915,1.138,1.1087,0.03007,0.03007,6996695895.999999,6853080880.0,4683902167.0,388316622228.0,380345988840.00006,家用电器,家用电器,白色家电,空调,61.42,50.26,0.0
2023-04-13,268.54,269.71,264.1,264.1,270.73,-6.629999999999996,-2.45,18259494.0,994810155.0,4.8781,0.002664,0.003898,0.9,13.257,12.8024,2.7231,1.1101,1.0815,0.030825,0.030825,6996695895.999999,6853080880.0,4683902167.0,378801115809.0,371025798843.0,家用电器,家用电器,白色家电,空调,61.05,49.95,0.0
2023-04-14,264.3,266.59,262.59,263.12,264.1,-0.9800000000000182,-0.37,14212447.0,771635252.0,4.8781,0.002074,0.003034,0.68,13.208,12.7551,2.7131,1.106,1.0775,0.030939,0.030939,6996695895.999999,6853080880.0,4683902167.0,377401776630.0,369655182667.0,家用电器,家用电器,白色家电,空调,59.55,48.73,0.0
2023-04-17,262.98,271.12,262.88,270.34,263.12,7.21999999999997,2.74,26228048.0,1444699532.0,4.8781,0.0038269999999999,0.0056,1.27,13.5704,13.1051,2.7875,1.1363,1.1071,0.0301129999999999,0.0301129999999999,6996695895.999999,6853080880.0,4683902167.0,387756886556.0,379797742370.00006,家用电器,家用电器,白色家电,空调,59.33,48.55,0.0
2023-04-18,269.27,280.0,269.12,276.98,270.34,6.640000000000043,2.46,38706349.0,2197663192.0,4.8781,0.0056479999999999,0.008264,1.71,13.9035,13.4267,2.8559,1.1642,1.1342,0.029392,0.029392,6996695895.999999,6853080880.0,4683902167.0,397272392975.0,389117932366.0,家用电器,家用电器,白色家电,空调,60.96,49.88,0.0
2023-04-19,276.98,279.27,273.42,273.56,276.98,-3.420000000000016,-1.23,19188658.0,1084909581.0,4.8781,0.0028,0.004097,0.8,13.732,13.2611,2.8207,1.1499,1.1202,0.029759,0.029759,6996695895.999999,6853080880.0,4683902167.0,392374705848.0,384320775750.0,家用电器,家用电器,白色家电,空调,62.46,51.1,0.0
2023-04-20,274.05,283.12,274.05,278.25,273.56,4.689999999999998,1.71,36794925.0,2114956905.0,4.8781,0.005348,0.007856,1.58,14.017,13.5363,2.8807,1.1737,1.1435,0.029156,0.029156,7021698756.0,6880114243.0,4683902167.0,400517697042.0,392441716421.0,家用电器,家用电器,白色家电,空调,61.69,50.47,0.0
2023-04-21,280.0,285.86,276.83,277.32,278.25,-0.9300000000000068,-0.33,39892402.0,2311553652.0,4.8781,0.005798,0.008468,1.48,13.9703,13.4913,2.8711,1.1698,1.1397,0.029253,0.029253,7021698756.0,6880114243.0,4710935530.0,399183574279.0,391134494715.0,家用电器,家用电器,白色家电,空调,62.74,51.34,0.0
2023-04-24,274.15,286.59,273.22,278.2,277.32,0.8799999999999955,0.32,33992120.0,1960933654.0,4.8781,0.004941,0.007216,1.06,14.0146,13.534,2.8802,1.1735,1.1433,0.029161,0.029161,7021698756.0,6880114243.0,4710935530.0,400447480055.00006,392372915278.0,家用电器,家用电器,白色家电,空调,62.54,51.17,0.0
2023-04-25,278.05,283.12,271.47,281.22,278.2,3.0200000000000387,1.09,42962096.0,2450369691.0,4.8781,0.0062439999999999,0.00912,1.27,14.1669,13.6811,2.9115,1.1863,1.1557,0.028848,0.028848,7021698756.0,6880114243.0,4710935530.0,404800933283.0,396638586109.0,家用电器,家用电器,白色家电,空调,62.73,51.33,0.0
2023-04-26,278.15,279.76,273.03,276.59,281.22,-4.630000000000052,-1.65,23934184.0,1357589707.0,4.8781,0.003479,0.005081,0.69,13.9335,13.4557,2.8635,1.1667,1.1367,0.029331,0.029331,7021698756.0,6880114243.0,4710935530.0,398130319465.00006,390102477578.0,家用电器,家用电器,白色家电,空调,63.42,51.89,0.0
2023-04-27,274.0,281.71,274.0,279.32,276.59,2.730000000000018,0.99,15777059.0,898336283.0,4.8781,0.002293,0.0033489999999999,0.44,14.0711,13.5886,2.8918,1.1783,1.1479,0.029044,0.029044,7021698756.0,6880114243.0,4710935530.0,402062470769.0,393955341554.0,家用电器,家用电器,白色家电,空调,62.37,51.03,0.0
2023-04-28,279.27,279.76,274.2,276.98,279.32,-2.339999999999975,-0.84,15690551.0,891005835.0,4.8781,0.002281,0.003331,0.5,13.9531,13.4746,2.8675,1.1684,1.1383,0.0292899999999999,0.0292899999999999,7021698756.0,6880114243.0,4710935530.0,398692055366.0,390652886718.0,家用电器,家用电器,白色家电,空调,62.99,51.53,0.0
2023-05-04,279.12,285.12,272.44,276.0,276.98,-0.9800000000000182,-0.35,26856562.0,1525949937.0,4.8781,0.003904,0.005701,1.01,13.443,13.0612,2.6089,1.1552,1.1358,0.029393,0.029393,7021698756.0,6880114243.0,4710935530.0,397287715614.0,389276863869.0,家用电器,家用电器,白色家电,空调,62.46,51.1,0.0
2023-05-05,275.12,275.12,263.81,269.91,276.0,-6.089999999999975,-2.21,34212287.0,1879206731.0,4.8781,0.004973,0.0072619999999999,1.37,13.146,12.7726,2.5512,1.1297,1.1107,0.030057,0.030057,7021698756.0,6880114243.0,4710935530.0,388510592169.0,380676721065.0,家用电器,家用电器,白色家电,空调,62.24,50.92,0.0
2023-05-08,269.91,273.12,265.71,268.34,269.91,-1.57000000000005,-0.58,20872170.0,1151128787.0,4.8781,0.003034,0.004431,0.9,13.07,12.6988,2.5365,1.1231,1.1042,0.030232,0.030232,7021698756.0,6880114243.0,4710935530.0,386263648568.0,378475084507.0,家用电器,家用电器,白色家电,空调,60.86,49.8,0.0
2023-05-09,267.32,271.03,263.47,267.32,268.34,-1.0199999999999818,-0.38,18139372.0,995439011.0,4.8781,0.002636,0.00385,0.8,13.0201,12.6503,2.5268,1.1188,1.1,0.030348,0.030348,7021698756.0,6880114243.0,4710935530.0,384789091829.0,377030260516.0,家用电器,家用电器,白色家电,空调,60.51,49.51,0.0
2023-05-10,265.86,273.17,262.83,270.25,267.32,2.930000000000007,1.1,17462598.0,965082241.0,4.8781,0.002538,0.003707,0.75,13.1626,12.7888,2.5544,1.1311,1.1121,0.030019,0.030019,7021698756.0,6880114243.0,4710935530.0,389002111082.0,381158329062.0,家用电器,家用电器,白色家电,空调,60.28,49.32,0.0
2023-05-11,270.98,276.69,269.95,270.49,270.25,0.2400000000000091,0.09,12622453.0,706491978.0,4.8781,0.001835,0.002679,0.54,13.1745,12.8003,2.5568,1.1321,1.1131,0.029992,0.029992,7021698756.0,6880114243.0,4710935530.0,389353196020.0,381502334774.0,家用电器,家用电器,白色家电,空调,60.94,49.86,0.0
2023-05-12,269.91,280.44,269.81,272.3,270.49,1.8100000000000025,0.67,16559010.0,935578508.0,4.8781,0.002407,0.003515,0.8,13.2624,12.8857,2.5738,1.1397,1.1205,0.029793,0.029793,7021698756.0,6880114243.0,4710935530.0,391951224560.0,384047977044.0,家用电器,家用电器,白色家电,空调,61.0,49.91,0.0
2023-05-15,272.49,276.78,268.34,276.05,272.3,3.75,1.38,14066647.0,786956985.0,4.8781,0.002045,0.002986,0.82,13.4454,13.0635,2.6093,1.1554,1.136,0.029388,0.029388,7021698756.0,6880114243.0,4710935530.0,397357932602.0,389345665011.00006,家用电器,家用电器,白色家电,空调,61.4,50.24,0.0
2023-05-16,276.05,279.22,268.83,270.0,276.05,-6.050000000000011,-2.19,13612588.0,760273937.0,4.8781,0.001979,0.0028899999999999,0.86,13.1508,12.7772,2.5521,1.1301,1.1111,0.030046,0.030046,7021698756.0,6880114243.0,4710935530.0,388651026145.0,380814323350.0,家用电器,家用电器,白色家电,空调,62.25,50.93,0.0
2023-05-17,269.37,275.12,267.37,268.39,270.0,-1.6100000000000136,-0.6,9076272.0,501402350.0,4.8781,0.0013189999999999,0.001927,0.61,13.0724,12.7011,2.5369,1.1233,1.1044,0.030226,0.030226,7021698756.0,6880114243.0,4710935530.0,386333865555.0,378543885650.0,家用电器,家用电器,白色家电,空调,60.89,49.82,0.0
2023-05-18,269.03,270.34,266.1,268.3,268.39,-0.0899999999999749,-0.03,11069523.0,609452710.0,4.8781,0.001609,0.0023499999999999,0.84,13.0676,12.6964,2.536,1.1229,1.104,0.030237,0.030237,7021698756.0,6880114243.0,4710935530.0,386193431580.0,378406283365.0,家用电器,家用电器,白色家电,空调,60.52,49.52,0.0
2023-05-19,266.64,277.37,266.64,272.2,268.3,3.899999999999977,1.45,20384343.0,1140023139.0,4.8781,0.002963,0.004327,1.58,13.2577,12.8811,2.5729,1.1393,1.1201,0.029804,0.029804,7021698756.0,6880114243.0,4710935530.0,391810790585.0,383910374759.0,家用电器,家用电器,白色家电,空调,60.5,49.5,0.0
2023-05-22,272.2,277.81,272.2,276.64,272.2,4.439999999999998,1.63,15199782.999999998,860397294.0,4.8781,0.002209,0.003226,1.11,13.4739,13.0912,2.6149,1.1578,1.1384,0.029324,0.029324,7021698756.0,6880114243.0,4710935530.0,398200536453.0,390171278721.00006,家用电器,家用电器,白色家电,空调,61.38,50.22,0.0
2023-05-23,276.54,277.81,272.59,272.93,276.64,-3.70999999999998,-1.34,15585135.999999998,878179042.0,4.8781,0.002265,0.0033079999999999,1.12,13.2933,12.9158,2.5798,1.1423,1.1231,0.029722,0.029722,7021698756.0,6880114243.0,4710935530.0,392864045398.00006,384942391896.0,家用电器,家用电器,白色家电,空调,62.38,51.04,0.0
2023-05-24,272.3,272.64,260.98,261.47,272.93,-11.45999999999998,-4.2,26674242.0,1447402650.0,4.8781,0.003877,0.005662,1.87,12.735,12.3733,2.4715,1.0943,1.0759,0.031025,0.031025,7021698756.0,6880114243.0,4710935530.0,376363053322.0,368774123425.0,家用电器,家用电器,白色家电,空调,61.55,50.36,0.0
2023-05-25,260.49,265.81,256.98,263.47,261.47,2.0,0.76,17143391.0,923732853.0,4.8781,0.002492,0.003639,0.96,12.8333,12.4688,2.4905,1.1028,1.0842,0.03079,0.03079,7022181291.0,6880596777.999999,4711418065.0,379268011527.0,371621031980.0,家用电器,家用电器,白色家电,空调,58.96,48.24,0.0
2023-05-26,263.47,265.61,260.88,264.69,263.47,1.2199999999999704,0.46,11166052.0,602101038.0,4.8781,0.001623,0.0023699999999999,0.59,12.8927,12.5265,2.5021,1.1079,1.0893,0.0306479999999999,0.0306479999999999,7022181291.0,6880596777.999999,4711418065.0,381023556850.0,373341181174.0,家用电器,家用电器,白色家电,空调,59.41,48.61,0.0
2023-05-29,264.73,266.78,258.93,260.73,264.69,-3.95999999999998,-1.5,17433449.0,936727538.0,4.8781,0.002534,0.0037,1.02,12.7002,12.3395,2.4647,1.0914,1.073,0.031112,0.031112,7022181291.0,6880596777.999999,4711418065.0,375335590004.0,367767897784.0,家用电器,家用电器,白色家电,空调,59.69,48.83,0.0
2023-05-30,260.73,261.76,252.64,255.27,260.73,-5.460000000000008,-2.09,32084604.0,1678415610.0,4.8781,0.004663,0.00681,1.82,12.4341,12.0809,2.4131,1.0685,1.0505,0.031778,0.031778,7022181291.0,6880596777.999999,4711418065.0,367470746958.0,360061629393.0,家用电器,家用电器,白色家电,空调,58.8,48.11,0.0
2023-05-31,256.54,257.08,249.27,250.39,255.27,-4.880000000000024,-1.91,28064959.000000004,1445385156.0,4.8781,0.004079,0.005957,1.34,12.1965,11.8501,2.3669,1.0481,1.0304,0.032397,0.032397,7022181291.0,6880596777.999999,4711418065.0,360448565667.0,353181032615.0,家用电器,家用电器,白色家电,空调,57.56,47.1,0.0
2023-06-01,251.08,255.08,248.57,250.41,250.36,0.0499999999999829,0.02,34893493.0,1711949689.0,5.122,0.005071,0.007406,1.65,11.6167,11.2868,2.5413,0.9982,0.9815,0.034014,0.0840809999999999,7022181291.0,6880596777.999999,4711418065.0,343314443317.0,336392376476.0,家用电器,家用电器,白色家电,空调,53.77,43.99,0.0
2023-06-02,256.1,266.86,256.05,265.32,250.41,14.909999999999997,5.95,49939227.0,2566107482.0,5.122,0.007258,0.0106,2.02,12.3081,11.9586,2.6925,1.0577,1.0399,0.032103,0.047255,7022181291.0,6880596777.999999,4711418065.0,363748990874.0,356414913100.0,家用电器,家用电器,白色家电,空调,53.78,44.0,0.0
2023-06-05,268.96,277.36,264.24,276.28,265.32,10.95999999999998,4.13,39939970.0,2119331989.0,5.122,0.005805,0.008477,1.23,12.8166,12.4526,2.8038,1.1014,1.0828,0.03083,0.04538,7022181291.0,6880596777.999999,4711418065.0,378776458837.0,371139390205.0,家用电器,家用电器,白色家电,空调,56.98,46.62,0.0
2023-06-06,276.28,283.3,271.72,277.66,276.28,1.3800000000000523,0.5,34261827.0,1866611024.0,5.122,0.004979,0.007272,0.93,12.8808,12.5149,2.8178,1.1069,1.0883,0.030676,0.045154,7022181291.0,6880596777.999999,4711418065.0,380672447785.0,372997151335.0,家用电器,家用电器,白色家电,空调,59.33,48.55,0.0
2023-06-07,284.27,285.65,279.1,282.99,277.66,5.329999999999984,1.92,36908674.0,2035955381.0,5.122,0.005364,0.007834,0.99,13.1279,12.755,2.8719,1.1281,1.1091,0.030099,0.0443039999999999,7022181291.0,6880596777.999999,4711418065.0,387975516328.0,380152971985.0,家用电器,家用电器,白色家电,空调,59.63,48.79,0.0
2023-06-08,285.3,292.52,282.73,291.39,282.99,8.399999999999977,2.97,47553147.0,2680031436.0,5.122,0.006911,0.010093,1.21,13.5176,13.1336,2.9571,1.1616,1.1421,0.0292309999999999,0.0430269999999999,7022181291.0,6880596777.999999,4711418065.0,399491893645.0,391437150700.0,家用电器,家用电器,白色家电,空调,60.78,49.73,0.0
2023-06-09,294.51,295.85,285.65,287.4,291.39,-3.990000000000009,-1.37,41065187.0,2319633365.0,5.122,0.005968,0.008716,0.98,13.3322,12.9536,2.9166,1.1457,1.1264,0.0296369999999999,0.043625,7022181291.0,6880596777.999999,4711418065.0,394014592238.00006,386070285214.0,家用电器,家用电器,白色家电,空调,62.58,51.2,0.0
2023-06-12,287.45,296.15,285.3,293.75,287.4,6.350000000000023,2.21,39621001.0,2256003427.0,5.122,0.005758,0.0084099999999999,0.99,13.6269,13.2398,2.981,1.171,1.1513,0.028996,0.042682,7022181291.0,6880596777.999999,4711418065.0,402722097039.0,394602225218.0,家用电器,家用电器,白色家电,空调,61.72,50.5,0.0
2023-06-13,293.29,295.9,288.16,289.96,293.75,-3.790000000000021,-1.29,24850143.0,1409611782.0,5.122,0.003612,0.005274,0.62,13.451,13.069,2.9426,1.1559,1.1364,0.029375,0.04324,7022181291.0,6880596777.999999,4711418065.0,397525682884.0,389510583603.0,家用电器,家用电器,白色家电,空调,63.09,51.62,0.0
2023-06-14,293.13,296.97,290.01,292.36,289.96,2.400000000000034,0.83,36000680.0,2057761143.0,5.122,0.005232,0.007641,0.95,13.5627,13.1775,2.967,1.1655,1.1459,0.029134,0.042884,7022181291.0,6880596777.999999,4711418065.0,400826108090.0,392744464088.0,家用电器,家用电器,白色家电,空调,62.27,50.95,0.0
2023-06-15,293.29,300.05,292.01,297.08,292.36,4.71999999999997,1.61,31276544.0,1814552067.0,5.122,0.004546,0.006638,0.83,13.7813,13.3899,3.0148,1.1843,1.1643,0.028671,0.042203,7022181291.0,6880596777.999999,4711418065.0,407286514878.0,399074613124.0,家用电器,家用电器,白色家电,空调,62.79,51.37,0.0
2023-06-16,299.12,302.15,294.0,298.87,297.08,1.7900000000000205,0.6,30006082.0,1745695208.0,5.122,0.004361,0.006369,0.87,13.8645,13.4707,3.033,1.1914,1.1714,0.0285,0.04195,7022181291.0,6880596777.999999,4711418065.0,409744278330.0,401482821996.00006,家用电器,家用电器,白色家电,空调,63.8,52.2,0.0
2023-06-19,297.08,297.79,290.42,290.98,298.87,-7.889999999999986,-2.64,28911037.0,1651975820.0,5.122,0.004202,0.006136,0.89,13.4986,13.1152,2.953,1.16,1.1405,0.029272,0.043087,7022181291.0,6880596777.999999,4711418065.0,398930119142.0,390886702958.0,家用电器,家用电器,白色家电,空调,64.19,52.52,0.0
2023-06-20,291.54,301.79,290.93,294.92,290.98,3.9399999999999977,1.35,24381022.0,1413907766.0,5.122,0.003543,0.005175,0.81,13.6815,13.2929,2.993,1.1757,1.1559,0.028881,0.042511,7022181291.0,6880596777.999999,4711418065.0,404337198736.0,396184762477.0,家用电器,家用电器,白色家电,空调,62.49,51.13,0.0
2023-06-21,297.08,305.27,294.0,298.51,294.92,3.589999999999975,1.22,45130347.0,2649838248.0,5.122,0.006559,0.0095789999999999,1.5,13.8479,13.4545,3.0294,1.19,1.17,0.028534,0.042001,7022181291.0,6880596777.999999,4711418065.0,409252725639.0,401001180222.00006,家用电器,家用电器,白色家电,空调,63.34,51.82,0.0
2023-06-26,306.45,307.06,296.05,297.79,298.51,-0.7199999999999704,-0.24,33558138.0,1957482192.0,5.122,0.004877,0.007123,1.05,13.8146,13.4222,3.0221,1.1871,1.1672,0.028602,0.042102,7022181291.0,6880596777.999999,4711418065.0,408269620259.0,400037896673.0,家用电器,家用电器,白色家电,空调,64.11,52.45,0.0
2023-06-27,298.2,308.09,296.46,305.73,297.79,7.939999999999998,2.67,48123655.0,2851634265.0,5.122,0.006994,0.010214,1.49,14.1829,13.7801,3.1027,1.2188,1.1983,0.02786,0.0410079999999999,7022181291.0,6880596777.999999,4711418065.0,419154001260.0,410702821679.00006,家用电器,家用电器,白色家电,空调,63.95,52.33,0.0
2023-06-28,304.5,309.98,303.27,305.78,305.73,0.0499999999999545,0.02,32790073.0,1964640593.0,5.122,0.004766,0.0069599999999999,0.91,14.1853,13.7824,3.1032,1.219,1.1985,0.0278549999999999,0.041002,7022181291.0,6880596777.999999,4711418065.0,419224223073.0,410771627647.0,家用电器,家用电器,白色家电,空调,65.66,53.72,0.0
2023-06-29,305.89,306.24,298.2,302.92,305.78,-2.859999999999957,-0.94,27678349.0,1635162204.0,5.122,0.004023,0.005875,0.75,14.0522,13.6531,3.0741,1.2075,1.1872,0.028119,0.04139,7022181291.0,6880596777.999999,4711418065.0,415291801550.0,406918493451.0,家用电器,家用电器,白色家电,空调,65.67,53.73,0.0
2023-06-30,303.38,306.4,299.94,301.79,302.92,-1.1299999999999957,-0.37,26487591.0,1563113127.0,5.122,0.00385,0.005622,0.71,13.9999,13.6023,3.0626,1.203,1.1828,0.028224,0.041544,7022181291.0,6880596777.999999,4711418065.0,413746921666.0,405404762160.0,家用电器,家用电器,白色家电,空调,65.05,53.23,0.0
2023-07-03,301.58,309.27,298.77,302.51,301.79,0.7199999999999704,0.24,31876184.000000004,1892919808.0,5.122,0.004631,0.006762,0.95,14.0332,13.6346,3.0699,1.2059,1.1856,0.028157,0.041446,7022181291.0,6883163174.000001,4713984461.0,414730027046.0,406519617056.0,家用电器,家用电器,白色家电,空调,64.81,53.03,0.0
2023-07-04,303.63,305.27,297.69,301.69,302.51,-0.8199999999999932,-0.27,21944569.0,1290009362.0,5.122,0.003188,0.004655,0.66,13.9952,13.5977,3.0616,1.2026,1.1824,0.028233,0.041558,7022181291.0,6883163174.000001,4713984461.0,413606478040.0,405418310949.0,家用电器,家用电器,白色家电,空调,64.97,53.15,0.0
2023-07-05,302.66,303.89,299.23,302.81,301.69,1.1200000000000043,0.37,18701574.0,1103273064.0,5.122,0.002717,0.003967,0.66,14.0474,13.6485,3.073,1.2071,1.1868,0.028128,0.0414039999999999,7022181291.0,6883163174.000001,4713984461.0,415151357924.0,406932606847.0,家用电器,家用电器,白色家电,空调,64.79,53.01,0.0
2023-07-06,302.86,306.04,298.61,298.97,302.81,-3.839999999999975,-1.27,16957694.0,995554523.0,5.122,0.002464,0.003597,0.67,13.8692,13.4753,3.034,1.1918,1.1718,0.02849,0.041936,7022181291.0,6883163174.000001,4713984461.0,409884721956.0,401770234466.0,家用电器,家用电器,白色家电,空调,65.03,53.21,0.0
2023-07-07,297.28,300.1,292.98,295.8,298.97,-3.170000000000016,-1.06,29379608.0,1698410265.0,5.122,0.004268,0.006232,1.27,13.7219,13.3322,3.0018,1.1792,1.1593,0.028796,0.042386,7022181291.0,6883487341.0,4714308628.0,405530969555.0,397521393943.0,家用电器,家用电器,白色家电,空调,64.21,52.53,0.0
2023-07-10,296.15,296.72,287.04,290.06,295.8,-5.740000000000009,-1.94,32085974.0,1818167156.0,5.122,0.004661,0.0068059999999999,1.35,13.4558,13.0736,2.9436,1.1563,1.1368,0.029365,0.043224,7022181291.0,6883487341.0,4714308628.0,397666126509.0,389811888121.0,家用电器,家用电器,白色家电,空调,63.53,51.98,0.0
2023-07-11,290.93,292.36,288.88,290.21,290.06,0.1499999999999772,0.05,15802795.000000002,896629010.0,5.122,0.002296,0.003352,0.66,13.4629,13.0806,2.9452,1.1569,1.1374,0.02935,0.043201,7022181291.0,6883487341.0,4714308628.0,397876791948.0,390018392741.0,家用电器,家用电器,白色家电,空调,62.29,50.97,0.0
2023-07-12,291.44,297.49,288.88,292.41,290.21,2.200000000000045,0.76,18781502.0,1079865899.0,5.122,0.002728,0.003984,0.83,13.5651,13.1798,2.9675,1.1657,1.1461,0.029129,0.042876,7022181291.0,6883487341.0,4714308628.0,400896329903.0,392978292298.0,家用电器,家用电器,白色家电,空调,62.33,50.99,0.0
2023-07-13,292.98,298.72,292.98,296.05,292.41,3.6399999999999855,1.24,16930674.0,978559177.0,5.122,0.002458,0.003588,0.75,13.7338,13.3437,3.0044,1.1802,1.1603,0.028771,0.042349,7022181291.0,6888384851.000001,4719206138.0,405882078620.00006,398148644388.0,家用电器,家用电器,白色家电,空调,62.8,51.38,0.0
2023-07-14,295.8,298.46,292.06,294.31,296.05,-1.740000000000009,-0.59,10500005.0,603243716.0,5.122,0.001524,0.002225,0.46,13.653,13.2652,2.9867,1.1732,1.1535,0.0289409999999999,0.0426,7022181291.0,6888384851.000001,4719206138.0,403494536981.0,395806593538.0,家用电器,家用电器,白色家电,空调,63.58,52.02,0.0
2023-07-17,292.98,292.98,288.37,292.62,294.31,-1.6899999999999975,-0.57,9042488.0,512387287.0,5.122,0.001316,0.001916,0.48,13.5762,13.1906,2.9699,1.1666,1.147,0.029105,0.042841,7022984950.999999,6871190925.0,4719206138.0,401223130251.0,392551137545.0,家用电器,家用电器,白色家电,空调,63.21,51.71,0.0
2023-07-18,294.0,294.0,285.14,290.62,292.62,-2.0,-0.68,23988228.0,1351665336.0,5.122,0.003486,0.00509,1.69,13.4835,13.1005,2.9497,1.1587,1.1392,0.0293049999999999,0.043136,7022984950.999999,6882042007.0,4712863294.0,398484166120.00006,390487063477.0,家用电器,家用电器,白色家电,空调,62.84,51.42,0.0
2023-07-19,291.39,298.87,290.26,297.74,290.62,7.1200000000000045,2.45,27804425.0,1601948634.0,5.122,0.00404,0.0059,1.75,13.8138,13.4215,3.0219,1.187,1.1671,0.0286039999999999,0.042104,7022984950.999999,6882042007.0,4712863294.0,408246115202.0,400053101867.0,家用电器,家用电器,白色家电,空调,62.41,51.07,0.0
2023-07-20,296.56,300.41,294.21,294.67,297.74,-3.069999999999993,-1.03,14051590.0,815686031.0,5.122,0.002042,0.002982,0.8,13.6712,13.2829,2.9907,1.1748,1.155,0.028902,0.042543,7022984950.999999,6882042007.0,4712863294.0,404032324231.0,395923876663.0,家用电器,家用电器,白色家电,空调,63.94,52.32,0.0
2023-07-21,294.77,297.49,291.9,292.62,294.67,-2.050000000000012,-0.7,12070921.0,693513021.0,5.122,0.001754,0.002561,0.71,13.5762,13.1906,2.9699,1.1666,1.147,0.029105,0.042841,7022984950.999999,6882042007.0,4712863294.0,401223130251.0,393171059860.0,家用电器,家用电器,白色家电,空调,63.28,51.78,0.0
2023-07-24,292.62,293.8,287.5,290.78,292.62,-1.840000000000032,-0.63,11588757.0,657937835.0,5.122,0.001684,0.002459,0.67,13.4906,13.1074,2.9512,1.1593,1.1398,0.029289,0.043113,7022984950.999999,6882042007.0,4712863294.0,398694855668.0,390693524737.0,家用电器,家用电器,白色家电,空调,62.84,51.42,0.0
2023-07-25,296.36,303.63,296.05,302.1,290.78,11.32000000000005,3.89,37648119.0,2216891659.0,5.122,0.00547,0.007988,2.1,14.0158,13.6177,3.0661,1.2044,1.1842,0.028192,0.041497,7022984950.999999,6882042007.0,4712863294.0,414215652410.0,405902837573.0,家用电器,家用电器,白色家电,空调,62.45,51.09,0.0
2023-07-26,301.22,304.96,299.53,300.05,302.1,-2.050000000000012,-0.68,18752582.0,1105031414.0,5.122,0.002725,0.003979,0.91,13.9207,13.5254,3.0453,1.1962,1.1761,0.028384,0.041781,7022984950.999999,6882042007.0,4712863294.0,411406458430.0,403150020770.0,家用电器,家用电器,白色家电,空调,64.88,53.08,0.0
2023-07-27,299.89,302.81,298.87,299.53,300.05,-0.5200000000000387,-0.17,15197044.0,893501893.0,5.122,0.002208,0.003225,0.81,13.897,13.5023,3.0401,1.1942,1.1741,0.028433,0.041852,7022984950.999999,6882042007.0,4712863294.0,410704159934.0,402461816569.00006,家用电器,家用电器,白色家电,空调,64.44,52.72,0.0
2023-07-28,300.66,306.4,297.64,305.99,299.53,6.460000000000036,2.16,24004126.0,1424164599.0,5.122,0.0034879999999999,0.0050929999999999,1.26,14.1964,13.7932,3.1056,1.2199,1.1994,0.027833,0.040969,7022984950.999999,6882042007.0,4712863294.0,419553120973.0,411133189498.0,家用电器,家用电器,白色家电,空调,64.33,52.63,0.0
2023-07-31,312.19,313.98,302.97,303.84,305.99,-2.150000000000034,-0.7,32518268.0,1952524583.0,5.122,0.004725,0.0069,1.52,14.0966,13.6962,3.0838,1.2113,1.191,0.02803,0.04126,7022984950.999999,6882042007.0,4712863294.0,416603467293.0,408242731855.00006,家用电器,家用电器,白色家电,空调,65.71,53.77,0.0
2023-08-01,303.84,305.73,297.74,298.36,303.84,-5.479999999999961,-1.8,20418627.0,1197877269.0,5.122,0.002967,0.004333,0.8,13.8423,13.4492,3.0281,1.1895,1.1695,0.0285449999999999,0.042017,7022984950.999999,6882042007.0,4712863294.0,409088873396.0,400878946908.00006,家用电器,家用电器,白色家电,空调,65.25,53.39,0.0
2023-08-02,297.59,301.28,295.9,298.61,298.36,0.25,0.08,23543608.0,1370719586.0,5.122,0.003421,0.004996,1.06,13.8542,13.4607,3.0307,1.1905,1.1705,0.028521,0.041981,7022984950.999999,6882042007.0,4712863294.0,409440022643.00006,401223049008.0,家用电器,家用电器,白色家电,空调,64.08,52.43,0.0
2023-08-03,296.97,298.1,291.9,296.97,298.61,-1.6399999999999864,-0.55,23362911.0,1344124458.0,5.122,0.003395,0.004957,1.01,13.7782,13.3868,3.0141,1.184,1.1641,0.028678,0.042213,7022984950.999999,6882042007.0,4712863294.0,407192667459.0,399020795566.0,家用电器,家用电器,白色家电,空调,64.13,52.47,0.0
2023-08-04,298.61,302.15,296.1,296.67,296.97,-0.3000000000000113,-0.1,19663692.0,1147020985.0,5.122,0.002857,0.004172,0.79,13.7639,13.373,3.011,1.1828,1.1629,0.028708,0.0422569999999999,7022984950.999999,6882042007.0,4712863294.0,406771288362.0,398607873045.0,家用电器,家用电器,白色家电,空调,63.78,52.18,0.0
2023-08-07,296.0,298.05,293.7,296.46,296.67,-0.2100000000000363,-0.07,15370696.0,887391729.0,5.122,0.002233,0.003261,0.64,13.7544,13.3637,3.0089,1.1819,1.1621,0.0287279999999999,0.042286,7022984950.999999,6882042007.0,4712863294.0,406490368964.0,398332591365.0,家用电器,家用电器,白色家电,空调,63.71,52.13,0.0
2023-08-08,294.51,294.77,291.75,291.95,296.46,-4.509999999999991,-1.52,13635468.0,779253638.0,5.122,0.001981,0.002893,0.67,13.5453,13.1605,2.9632,1.164,1.1444,0.029171,0.042939,7022984950.999999,6882042007.0,4712863294.0,400310142207.00006,392276394399.00006,家用电器,家用电器,白色家电,空调,63.67,52.09,0.0
2023-08-09,292.93,295.54,292.16,294.82,291.95,2.8700000000000045,0.98,15143409.0,868904097.0,5.122,0.0022,0.0032129999999999,0.79,13.6783,13.2898,2.9923,1.1754,1.1556,0.028887,0.042521,7022984950.999999,6882042007.0,4712863294.0,404243013780.0,396130337923.0,家用电器,家用电器,白色家电,空调,62.7,51.3,0.0
2023-08-10,293.03,293.49,284.27,288.62,294.82,-6.199999999999989,-2.1,38530464.0,2159087492.0,5.122,0.005599,0.008176,2.21,13.3908,13.0105,2.9294,1.1507,1.1313,0.029508,0.043434,7022984950.999999,6882042007.0,4712863294.0,395745201989.0,387803067094.0,家用电器,家用电器,白色家电,空调,63.32,51.8,0.0
2023-08-11,288.32,289.14,282.43,282.63,288.62,-5.990000000000009,-2.08,25533312.0,1419423215.0,5.122,0.0037099999999999,0.0054179999999999,1.25,13.1128,12.7403,2.8686,1.1268,1.1079,0.030133,0.044355,7022984950.999999,6882042007.0,4712863294.0,387528309596.0,379751077946.0,家用电器,家用电器,白色家电,空调,61.99,50.72,0.0
2023-08-14,279.15,284.63,278.02,283.96,282.63,1.329999999999984,0.47,19516687.0,1073370152.0,5.122,0.002836,0.004141,0.9,13.1746,12.8004,2.8821,1.1321,1.1131,0.029992,0.044147,7022984950.999999,6882042007.0,4712863294.0,389354285683.0,381540408868.0,家用电器,家用电器,白色家电,空调,60.7,49.66,0.0
2023-08-15,283.3,284.58,279.66,282.53,283.96,-1.4300000000000068,-0.5,16370434.0,901353362.0,5.122,0.002379,0.0034739999999999,0.73,13.108,12.7357,2.8675,1.1264,1.1075,0.030144,0.044371,7022984950.999999,6882042007.0,4712863294.0,387387849897.0,379613437106.00006,家用电器,家用电器,白色家电,空调,60.98,49.9,0.0
2023-08-16,280.69,283.55,278.43,282.89,282.53,0.3600000000000136,0.13,15358726.0,843256905.0,5.122,0.002232,0.003259,0.67,13.1247,12.7519,2.8712,1.1278,1.1089,0.030106,0.044315,7022984950.999999,6882042007.0,4712863294.0,387879458844.0,380095180047.0,家用电器,家用电器,白色家电,空调,60.68,49.64,0.0
2023-08-17,281.2,286.52,279.3,286.01,282.89,3.1200000000000045,1.1,15216504.0,842880581.0,5.122,0.002211,0.003229,0.66,13.2696,12.8927,2.9029,1.1403,1.1211,0.029777,0.0438309999999999,7022984950.999999,6882042007.0,4712863294.0,392163479664.0,384293225671.00006,家用电器,家用电器,白色家电,空调,60.75,49.71,0.0
2023-08-18,285.71,286.06,279.81,280.63,286.01,-5.379999999999996,-1.88,13463834.0,741138399.0,5.122,0.001956,0.002857,0.73,13.0201,12.6503,2.8483,1.1188,1.1,0.030348,0.044671,7022984950.999999,6882042007.0,4712863294.0,384789345465.0,377067081564.0,家用电器,家用电器,白色家电,空调,61.42,50.26,0.0
2023-08-21,279.71,283.55,278.38,278.53,280.63,-2.1000000000000227,-0.75,13117157.999999998,718680501.0,5.122,0.001906,0.002783,0.82,12.9227,12.5556,2.827,1.1105,1.0918,0.030577,0.045008,7022984950.999999,6882042007.0,4712863294.0,381909921635.00006,374245444341.0,家用电器,家用电器,白色家电,空调,60.27,49.31,0.0
2023-08-22,278.12,280.07,273.57,278.48,278.53,-0.0499999999999545,-0.02,23054276.0,1249497364.0,5.122,0.00335,0.004892,1.57,12.9203,12.5533,2.8264,1.1103,1.0916,0.0305819999999999,0.045016,7022984950.999999,6882042007.0,4712863294.0,381839691786.0,374176623921.0,家用电器,家用电器,白色家电,空调,59.82,48.94,0.0
2023-08-23,277.2,279.97,274.54,275.15,278.48,-3.330000000000041,-1.2,15798313.0,854634875.0,5.122,0.002296,0.003352,0.98,12.7658,12.4032,2.7927,1.097,1.0785,0.030952,0.045561,7022984950.999999,6882042007.0,4712863294.0,377274751568.0,369703296616.0,家用电器,家用电器,白色家电,空调,59.81,48.93,0.0
2023-08-24,276.54,284.01,274.03,281.97,275.15,6.82000000000005,2.48,25583579.0,1398433375.0,5.122,0.003717,0.005428,1.59,13.0819,12.7103,2.8618,1.1242,1.1052,0.0302039999999999,0.04446,7022984950.999999,6882042007.0,4712863294.0,386615321553.0,378856412485.0,家用电器,家用电器,白色家电,空调,59.09,48.35,0.0
2023-08-25,281.45,286.78,279.25,283.04,281.97,1.0699999999999932,0.38,16472788.0,907722078.0,5.122,0.002394,0.003495,0.9,13.1318,12.7588,2.8727,1.1284,1.1095,0.03009,0.044291,7022984950.999999,6882042007.0,4712863294.0,388090148392.0,380301641307.0,家用电器,家用电器,白色家电,空调,60.56,49.55,0.0
2023-08-28,293.49,296.97,285.71,287.65,283.04,4.609999999999957,1.63,28800377.0,1624044691.0,5.122,0.0041849999999999,0.006111,1.53,13.3457,12.9666,2.9195,1.1468,1.1275,0.029607,0.043581,7022984950.999999,6882042007.0,4712863294.0,394410834848.00006,386495479113.00006,家用电器,家用电器,白色家电,空调,60.79,49.73,0.0
2023-08-29,286.22,289.34,284.53,287.09,287.65,-0.5600000000000023,-0.19,21787121.0,1221870560.0,5.122,0.003166,0.0046229999999999,0.99,13.3195,12.9412,2.9138,1.1446,1.1253,0.029666,0.043667,7022984950.999999,6882042007.0,4712863294.0,393638306504.0,385738454492.0,家用电器,家用电器,白色家电,空调,61.78,50.54,0.0
2023-08-30,287.04,292.88,285.35,291.03,287.09,3.9399999999999977,1.37,23366421.0,1323189377.0,5.122,0.003395,0.004958,1.08,13.5025,13.119,2.9538,1.1603,1.1408,0.029264,0.043075,7022984950.999999,6882042007.0,4712863294.0,399046004916.0,391037626838.0,家用电器,家用电器,白色家电,空调,61.66,50.45,0.0
2023-08-31,293.49,296.05,289.29,289.44,291.03,-1.589999999999975,-0.55,28083765.000000004,1596998960.0,5.122,0.004081,0.005959,1.21,13.4288,12.484,2.7114,1.154,1.1078,0.029424,0.043311,7022984950.999999,6882042007.0,4712863294.0,396868879581.0,388904193816.0,家用电器,家用电器,白色家电,空调,62.5,51.14,0.0
2023-09-01,291.95,299.64,291.9,296.72,289.44,7.28000000000003,2.52,26650564.0,1541478628.0,5.122,0.003872,0.005655,1.12,13.7663,12.7977,2.7796,1.183,1.1357,0.028703,0.0422499999999999,7022984950.999999,6882042007.0,4712863294.0,406841518211.0,398676693466.00006,家用电器,家用电器,白色家电,空调,62.16,50.86,0.0
2023-09-04,299.64,301.17,295.13,298.2,296.72,1.4799999999999611,0.5,20090011.0,1169057320.0,5.122,0.0029189999999999,0.004263,0.78,13.8352,12.8617,2.7935,1.1889,1.1413,0.02856,0.042039,7022984950.999999,6882042007.0,4712863294.0,408878183847.0,400672485648.0,家用电器,家用电器,白色家电,空调,63.72,52.14,0.0
2023-09-05,298.41,299.59,295.08,295.95,298.2,-2.25,-0.75,15309015.0,887170820.0,5.122,0.002224,0.0032479999999999,0.64,13.7306,12.7645,2.7724,1.1799,1.1327,0.028777,0.042359,7022984950.999999,6882042007.0,4712863294.0,405788070469.0,397644387164.0,家用电器,家用电器,白色家电,空调,64.04,52.4,0.0
2023-09-06,294.57,297.08,291.34,292.88,295.95,-3.069999999999993,-1.04,20888335.0,1194824718.0,5.122,0.003035,0.004432,0.92,13.588,12.632,2.7436,1.1676,1.1209,0.029079,0.042804,7022984950.999999,6882042007.0,4712863294.0,401574279498.0,393515161960.0,家用电器,家用电器,白色家电,空调,63.56,52.0,0.0
2023-09-07,292.41,292.57,289.39,289.75,292.88,-3.1299999999999955,-1.07,13639910.999999998,774015905.0,5.122,0.001982,0.002894,0.61,13.4431,12.4972,2.7143,1.1552,1.109,0.029393,0.043265,7022984950.999999,6882042007.0,4712863294.0,397290258678.0,389317116336.0,家用电器,家用电器,白色家电,空调,62.9,51.46,0.0
2023-09-08,290.62,291.08,285.86,287.24,289.75,-2.509999999999991,-0.87,8400181.0,471931158.0,5.122,0.001221,0.001782,0.43,13.3266,12.389,2.6908,1.1452,1.0994,0.02965,0.043643,7022984950.999999,6882042007.0,4712863294.0,393848996052.0,385944915753.0,家用电器,家用电器,白色家电,空调,62.23,50.91,0.0
2023-09-11,288.42,291.34,286.88,289.03,287.24,1.7899999999999636,0.62,14072129.999999998,793322668.0,5.122,0.002045,0.002986,0.9,13.4098,12.4663,2.7076,1.1523,1.1062,0.029466,0.043373,7022984950.999999,6882042007.0,4712863294.0,396307040785.0,388353630455.0,家用电器,家用电器,白色家电,空调,61.69,50.47,0.0
2023-09-12,288.98,295.64,288.37,293.03,289.03,4.0,1.38,16403440.0,937947089.0,5.122,0.002384,0.003481,1.13,13.5952,12.6386,2.745,1.1683,1.1215,0.029064,0.042781,7022984950.999999,6882042007.0,4712863294.0,401784969047.00006,393721623220.0,家用电器,家用电器,白色家电,空调,62.07,50.79,0.0
2023-09-13,292.47,294.72,290.42,291.95,293.03,-1.079999999999984,-0.37,10743402.0,613122121.0,5.122,0.0015609999999999,0.00228,0.73,13.5453,12.5922,2.7349,1.164,1.1174,0.029171,0.042939,7022984950.999999,6882042007.0,4712863294.0,400310142207.00006,392276394399.00006,家用电器,家用电器,白色家电,空调,62.93,51.49,0.0
2023-09-14,292.01,293.29,288.16,289.65,291.95,-2.300000000000012,-0.79,10289465.0,581688866.0,5.122,0.001495,0.002183,0.81,13.4383,12.4928,2.7134,1.1548,1.1086,0.029403,0.043281,7022984950.999999,6882042007.0,4712863294.0,397149798979.0,389179475496.0,家用电器,家用电器,白色家电,空调,62.7,51.3,0.0
2023-09-15,290.11,290.37,283.25,285.76,289.65,-3.8899999999999855,-1.34,16451182.0,917665599.0,5.122,0.0023899999999999,0.003491,1.37,13.2577,12.3249,2.6769,1.1393,1.0937,0.029804,0.0438699999999999,7022984950.999999,6882042007.0,4712863294.0,391812330416.0,383949123571.0,家用电器,家用电器,白色家电,空调,62.21,50.9,0.0
2023-09-18,285.81,289.85,282.79,287.34,285.76,1.579999999999984,0.55,14427793.0,808841172.0,5.122,0.002096,0.003061,1.06,13.3314,12.3934,2.6918,1.1456,1.0998,0.029639,0.043628,7022984950.999999,6882042007.0,4712863294.0,393989455751.0,386082556593.0,家用电器,家用电器,白色家电,空调,61.37,50.21,0.0
2023-09-19,286.78,287.6,284.01,287.09,287.34,-0.25,-0.09,12366126.0,689874974.0,5.122,0.001797,0.002624,0.91,13.3195,12.3823,2.6894,1.1446,1.0988,0.029666,0.043667,7022984950.999999,6882042007.0,4712863294.0,393638306504.0,385738454492.0,家用电器,家用电器,白色家电,空调,61.71,50.49,0.0
2023-09-20,286.99,293.18,285.45,291.39,287.09,4.300000000000011,1.5,21380110.0,1210967114.0,5.122,0.003107,0.004537,1.66,13.5191,12.5679,2.7297,1.1617,1.1153,0.029228,0.043022,7022984950.999999,6882042007.0,4712863294.0,399537613862.00006,391519369778.0,家用电器,家用电器,白色家电,空调,61.66,50.45,0.0
2023-09-21,291.34,291.34,286.93,288.47,291.39,-2.919999999999959,-1.0,16769142.000000002,946858135.0,5.122,0.002437,0.003558,1.12,13.3837,12.442,2.7023,1.1501,1.1041,0.029523,0.0434569999999999,7022984950.999999,6882042007.0,4712863294.0,395534512440.0,387596605834.00006,家用电器,家用电器,白色家电,空调,62.58,51.2,0.0
2023-09-22,289.85,292.52,287.7,292.21,288.47,3.739999999999952,1.3,22170248.0,1259327923.0,5.122,0.003221,0.004704,1.36,13.5571,12.6033,2.7373,1.165,1.1184,0.029146,0.0429009999999999,7022984950.999999,6882042007.0,4712863294.0,400661291455.0,392620496499.0,家用电器,家用电器,白色家电,空调,61.95,50.69,0.0
2023-09-25,291.39,291.39,288.01,290.06,292.21,-2.1499999999999773,-0.74,16643159.0,941423313.0,5.122,0.002418,0.003531,0.96,13.4573,12.5105,2.7172,1.1564,1.1102,0.029362,0.043219,7022984950.999999,6882042007.0,4712863294.0,397711637775.00006,389730038856.0,家用电器,家用电器,白色家电,空调,62.76,51.35,0.0
2023-09-26,290.72,292.98,286.83,286.83,290.06,-3.230000000000018,-1.11,18934941.0,1067479335.0,5.122,0.002751,0.004018,1.06,13.3076,12.3713,2.687,1.1436,1.0978,0.029692,0.0437059999999999,7022984950.999999,6882042007.0,4712863294.0,393287157256.0,385394352392.00006,家用电器,家用电器,白色家电,空调,62.29,50.97,0.0
2023-09-27,286.83,290.21,283.91,287.81,286.83,0.9800000000000182,0.34,18810949.0,1054884218.0,5.122,0.0027329999999999,0.003991,0.98,13.3528,12.4133,2.6961,1.1474,1.1015,0.029592,0.043558,7022984950.999999,6882042007.0,4712863294.0,394621524397.0,386701940373.0,家用电器,家用电器,白色家电,空调,61.6,50.4,0.0
2023-09-28,288.83,289.39,283.81,284.17,287.81,-3.6399999999999855,-1.26,17097578.0,953613284.0,5.122,0.002484,0.003628,0.92,13.1841,12.2564,2.662,1.1329,1.0876,0.02997,0.044115,7022984950.999999,6882042007.0,4712863294.0,389635205081.0,381815690548.0,家用电器,家用电器,白色家电,空调,61.81,50.57,0.0
2023-10-09,284.07,287.4,281.2,285.6,284.17,1.4300000000000068,0.5,28659545.0,1591907096.0,5.122,0.004164,0.006081,1.53,13.2506,12.3183,2.6754,1.1386,1.0931,0.02982,0.043894,7022984950.999999,6882042007.0,4712863294.0,391601640868.0,383742662310.0,家用电器,家用电器,白色家电,空调,61.03,49.93,0.0
2023-10-10,284.22,285.65,278.74,280.53,285.6,-5.07000000000005,-1.78,21499637.0,1179223500.0,5.122,0.003124,0.004562,1.07,13.0153,12.0996,2.6279,1.1184,1.0737,0.0303589999999999,0.044687,7022984950.999999,6882042007.0,4712863294.0,384648885766.0,376929440723.0,家用电器,家用电器,白色家电,空调,61.34,50.18,0.0
2023-10-11,280.43,286.27,279.15,280.53,280.53,0.0,0.0,20418379.0,1123573121.0,5.122,0.002967,0.004332,0.97,13.0153,12.0996,2.6279,1.1184,1.0737,0.0303589999999999,0.044687,7022984950.999999,6882042007.0,4712863294.0,384648885766.0,376929440723.0,家用电器,家用电器,白色家电,空调,60.25,49.29,0.0
2023-10-12,281.71,284.17,279.71,283.14,280.53,2.6100000000000136,0.93,17604242.0,970427692.0,5.122,0.002558,0.003735,0.83,13.1365,12.2122,2.6524,1.1288,1.0837,0.030045,0.044226,7022984950.999999,6882042007.0,4712863294.0,388230608091.0,380439282147.0,家用电器,家用电器,白色家电,空调,60.25,49.29,0.0
2023-10-13,282.68,283.96,279.3,281.66,283.14,-1.4799999999999611,-0.52,12996004.0,712981554.0,5.122,0.001888,0.002758,0.62,13.0676,12.1482,2.6385,1.1229,1.078,0.0302039999999999,0.044459,7022984950.999999,6882042007.0,4712863294.0,386193942455.0,378443489965.0,家用电器,家用电器,白色家电,空调,60.81,49.75,0.0
2023-10-16,280.69,283.81,280.69,282.12,281.66,0.4599999999999795,0.16,15020214.000000002,826944835.0,5.122,0.002183,0.0031869999999999,0.74,13.089,12.1681,2.6428,1.1248,1.0798,0.0301549999999999,0.044386,7022984950.999999,6882042007.0,4712863294.0,386826011101.0,379062873746.0,家用电器,家用电器,白色家电,空调,60.49,49.49,0.0
2023-10-17,282.12,286.78,281.97,286.22,282.12,4.100000000000023,1.45,16830158.0,936368372.0,5.122,0.002446,0.0035709999999999,0.96,13.2791,12.3448,2.6812,1.1411,1.0955,0.029723,0.043751,7022984950.999999,6882042007.0,4712863294.0,392444399062.0,384568507351.0,家用电器,家用电器,白色家电,空调,60.59,49.57,0.0
2023-10-18,285.19,286.27,282.79,284.12,286.22,-2.1000000000000227,-0.73,10637084.0,590623193.0,5.122,0.0015459999999999,0.002257,0.64,13.1817,12.2542,2.6615,1.1327,1.0874,0.029943,0.044074,7022984950.999999,6882042007.0,4712863294.0,389564975232.0,381746870128.0,家用电器,家用电器,白色家电,空调,61.47,50.29,0.0
2023-10-19,283.2,283.2,277.51,277.77,284.12,-6.350000000000023,-2.23,20196084.0,1103206370.0,5.122,0.0029349999999999,0.004285,1.38,12.887,11.9803,2.602,1.1074,1.0631,0.030627,0.045082,7022984950.999999,6882042007.0,4712863294.0,380856473893.00006,373213138040.0,家用电器,家用电器,白色家电,空调,61.02,49.92,0.0
2023-10-20,276.28,276.9,270.85,272.39,277.77,-5.379999999999996,-1.94,21089804.0,1123754128.0,5.122,0.003064,0.004475,1.39,12.6375,11.7483,2.5517,1.086,1.0425,0.031232,0.045972,7022984950.999999,6882042007.0,4712863294.0,373482339694.00006,365986993932.0,家用电器,家用电器,白色家电,空调,59.65,48.81,0.0
2023-10-23,271.47,274.69,269.98,272.75,272.39,0.3600000000000136,0.13,16864366.0,897561653.0,5.122,0.00245,0.003578,1.01,12.6541,11.7638,2.555,1.0874,1.0439,0.031191,0.0459119999999999,7022984950.999999,6882042007.0,4712863294.0,373973948641.0,366468736873.0,家用电器,家用电器,白色家电,空调,58.5,47.86,0.0
2023-10-24,271.52,273.98,267.37,272.39,272.75,-0.3600000000000136,-0.13,25019782.0,1323069266.0,5.122,0.003636,0.005309,1.46,12.6375,11.7483,2.5517,1.086,1.0425,0.031232,0.045972,7022984950.999999,6882042007.0,4712863294.0,373482339694.00006,365986993932.0,家用电器,家用电器,白色家电,空调,58.58,47.93,0.0
2023-10-25,275.51,276.64,267.06,268.5,272.39,-3.8899999999999855,-1.43,25856546.0,1364767551.0,5.122,0.003757,0.0054859999999999,1.38,12.4569,11.5804,2.5152,1.0704,1.0276,0.031685,0.046639,7022984950.999999,6882042007.0,4712863294.0,368144871131.0,360756642007.0,家用电器,家用电器,白色家电,空调,58.5,47.86,0.0
2023-10-26,267.47,270.03,266.5,268.96,268.5,0.4599999999999795,0.17,15165512.0,794020501.0,5.122,0.002204,0.003218,0.7,12.4783,11.6003,2.5195,1.0723,1.0294,0.03163,0.0465589999999999,7022984950.999999,6882042007.0,4712863294.0,368776939777.0,361376025788.0,家用电器,家用电器,白色家电,空调,57.66,47.18,0.0
2023-10-27,268.19,276.59,267.42,275.26,268.96,6.300000000000011,2.34,25318794.0,1352282943.0,5.122,0.003679,0.005372,1.22,12.7706,11.872,2.5785,1.0974,1.0535,0.030906,0.045493,7022984950.999999,6882042007.0,4712863294.0,377415211267.0,369840937456.0,家用电器,家用电器,白色家电,空调,57.76,47.26,0.0
2023-10-30,273.16,279.87,273.16,279.15,275.26,3.8899999999999855,1.41,16488474.0,892765170.0,5.122,0.002396,0.003499,0.76,12.9512,12.0399,2.615,1.1129,1.0684,0.030475,0.044859,7022984950.999999,6882042007.0,4712863294.0,382752679830.0,375071289382.0,家用电器,家用电器,白色家电,空调,59.11,48.37,0.0
2023-10-31,278.12,278.12,269.93,271.06,279.15,-8.089999999999975,-2.9,23807212.0,1263696550.0,5.122,0.0034549999999999,0.005043,1.1,12.5897,11.3432,2.3816,1.0819,1.0203,0.031385,0.0461979999999999,7030771234.0,6889828290.0,4720649577.0,372068413703.0,364609713107.0,家用电器,家用电器,白色家电,空调,59.95,49.05,0.0
2023-11-01,270.49,273.82,269.93,271.52,271.06,0.4599999999999795,0.17,18933823.0,1004719416.0,5.122,0.002748,0.004011,0.89,12.6111,11.3625,2.3856,1.0837,1.022,0.031332,0.04612,7030771234.0,6889828290.0,4720649577.0,372701183114.0,365229797653.0,家用电器,家用电器,白色家电,空调,58.21,47.63,0.0
2023-11-02,271.47,278.69,270.49,272.39,271.52,0.8700000000000045,0.32,20085478.0,1072266180.0,5.122,0.0029149999999999,0.004255,1.01,12.6515,11.3989,2.3933,1.0872,1.0253,0.031232,0.045972,7030771234.0,6889828290.0,4720649577.0,373896414224.0,366401068462.0,家用电器,家用电器,白色家电,空调,58.31,47.71,0.0
2023-11-03,272.08,273.26,270.03,270.44,272.39,-1.9499999999999889,-0.72,17740644.0,939971081.0,5.122,0.002575,0.003758,0.85,12.5611,11.3175,2.3762,1.0794,1.018,0.031457,0.046303,7030771234.0,6889828290.0,4720649577.0,371224721155.00006,363782933712.0,家用电器,家用电器,白色家电,空调,58.5,47.86,0.0
2023-11-06,271.47,273.0,269.93,272.18,270.44,1.740000000000009,0.64,24918224.0,1322403103.0,5.122,0.003617,0.005279,1.28,12.642,11.3903,2.3915,1.0864,1.0246,0.031255,0.046007,7030771234.0,6889828290.0,4720649577.0,373615183375.0,366125475331.0,家用电器,家用电器,白色家电,空调,58.08,47.52,0.0
2023-11-07,271.98,272.9,269.31,271.98,272.18,-0.1999999999999886,-0.07,18898188.0,999762782.0,5.122,0.0027429999999999,0.004003,0.9,12.6325,11.3818,2.3897,1.0855,1.0238,0.031279,0.046042,7030771234.0,6889828290.0,4720649577.0,373333952525.0,365849882199.0,家用电器,家用电器,白色家电,空调,58.45,47.83,0.0
2023-11-08,269.67,271.41,268.96,270.7,271.98,-1.2800000000000296,-0.47,21385728.0,1128009345.0,5.122,0.003104,0.00453,1.06,12.573,11.3282,2.3784,1.0804,1.019,0.031427,0.0462589999999999,7030771234.0,6889828290.0,4720649577.0,371576259717.0,364127425127.0,家用电器,家用电器,白色家电,空调,58.41,47.79,0.0
2023-11-09,270.85,273.16,268.14,268.65,270.7,-2.050000000000012,-0.76,14146893.0,743811714.0,5.122,0.002053,0.002997,0.69,12.4778,11.2424,2.3604,1.0722,1.0113,0.031667,0.046612,7030771234.0,6889828290.0,4720649577.0,368763951223.0,361371493811.0,家用电器,家用电器,白色家电,空调,58.14,47.57,0.0
2023-11-10,267.88,270.75,267.62,269.93,268.65,1.2800000000000296,0.48,13027077.0,685147777.0,5.122,0.0018909999999999,0.00276,0.67,12.5373,11.296,2.3717,1.0774,1.0161,0.031516,0.046391,7030771234.0,6889828290.0,4720649577.0,370521644032.0,363093950883.0,家用电器,家用电器,白色家电,空调,57.7,47.21,0.0
2023-11-13,269.62,269.62,259.58,261.53,269.93,-8.400000000000034,-3.11,38291558.0,1957444236.0,5.122,0.005558,0.008112,2.07,12.1472,10.9445,2.2979,1.0438,0.9845,0.032529,0.047881,7030771234.0,6889828290.0,4720649577.0,358991179208.0,351794632487.0,家用电器,家用电器,白色家电,空调,57.97,47.43,0.0
2023-11-14,261.32,263.37,260.2,261.68,261.53,0.1500000000000341,0.06,24802793.0,1266466646.0,5.122,0.0035989999999999,0.005254,1.17,12.143,10.9407,2.2999,1.0435,0.9841,0.03254,0.0478979999999999,7024215000.0,6890652360.0,4720649577.0,358867144350.0,352043429072.0,家用电器,家用电器,白色家电,空调,56.17,45.95,0.0
2023-11-15,263.48,265.11,260.97,263.99,261.68,2.3100000000000023,0.88,19636284.0,1010107978.0,5.122,0.0028499999999999,0.0041589999999999,0.88,12.2499,11.0371,2.3201,1.0527,0.9928,0.032256,0.0474789999999999,7024215000.0,6890652360.0,4721473647.0,362028041100.0,355144222634.00006,家用电器,家用电器,白色家电,空调,56.2,45.98,0.0
2023-11-16,263.27,267.32,262.81,265.06,263.99,1.0699999999999932,0.41,21605533.0,1121013155.0,5.122,0.003135,0.004576,0.98,12.2998,11.0821,2.3296,1.0569,0.9968,0.032125,0.0472869999999999,7024215000.0,6890652360.0,4721473647.0,363503126250.0,356591259630.0,家用电器,家用电器,白色家电,空调,56.69,46.39,0.0
2023-11-17,264.3,266.19,262.3,265.63,265.06,0.5699999999999932,0.22,13513422.0,697252680.0,5.122,0.001961,0.002862,0.58,12.326,11.1056,2.3345,1.0592,0.9989,0.032057,0.047186,7024215000.0,6890652360.0,4721473647.0,364275789900.0,357349231390.0,家用电器,家用电器,白色家电,空调,56.93,46.58,0.0
2023-11-20,263.99,270.95,263.99,268.55,265.63,2.920000000000016,1.1,18219075.0,955124720.0,5.122,0.002644,0.003859,0.77,12.4615,11.2277,2.3602,1.0708,1.0099,0.031708,0.046673,7024215000.0,6890652360.0,4721473647.0,368279592450.0,361276903235.0,家用电器,家用电器,白色家电,空调,57.05,46.67,0.0
2023-11-21,269.52,272.44,268.65,268.65,268.55,0.0999999999999659,0.04,15845901.999999998,836507594.0,5.122,0.0023,0.003356,0.81,12.4662,11.232,2.3611,1.0712,1.0103,0.031696,0.046656,7024215000.0,6890652360.0,4721473647.0,368420076750.0,361414716282.0,家用电器,家用电器,白色家电,空调,57.67,47.19,0.0
2023-11-22,268.65,269.42,265.83,267.11,268.65,-1.5399999999999636,-0.57,9786906.0,511071755.0,5.122,0.0014199999999999,0.002073,0.55,12.3949,11.1677,2.3476,1.0651,1.0045,0.031879,0.046924,7024215000.0,6890652360.0,4721473647.0,366312812250.0,359347520574.00006,家用电器,家用电器,白色家电,空调,57.7,47.21,0.0
2023-11-23,267.11,271.11,265.58,270.24,267.11,3.1299999999999955,1.17,10103351.0,529662623.0,5.122,0.001466,0.00214,0.64,12.5399,11.2983,2.3751,1.0776,1.0163,0.0315099999999999,0.046381,7024215000.0,6890652360.0,4721473647.0,370597583400.00006,363550818514.0,家用电器,家用电器,白色家电,空调,57.37,46.94,0.0
2023-11-24,270.44,270.7,266.7,268.8,270.24,-1.4399999999999975,-0.53,15724529.999999998,822539515.0,5.122,0.0022819999999999,0.00333,1.17,12.4733,11.2384,2.3625,1.0719,1.0109,0.031678,0.046629,7024215000.0,6890652360.0,4721473647.0,368630803200.0,361621435853.0,家用电器,家用电器,白色家电,空调,58.04,47.48,0.0
2023-11-27,268.55,268.55,265.06,266.19,268.8,-2.6100000000000136,-0.97,15922506.0,827425456.0,5.122,0.002311,0.003372,1.14,12.3521,11.1292,2.3395,1.0614,1.0011,0.031989,0.047087,7024215000.0,6890652360.0,4721473647.0,365048453550.0,358107203149.00006,家用电器,家用电器,白色家电,空调,57.73,47.23,0.0
2023-11-28,267.37,270.44,263.94,269.06,266.19,2.8700000000000045,1.08,21787637.0,1138681641.0,5.122,0.003162,0.004615,1.62,12.4852,11.2491,2.3647,1.0729,1.0118,0.031648,0.046585,7024215000.0,6890652360.0,4721473647.0,368982013950.00006,361965968471.0,家用电器,家用电器,白色家电,空调,57.17,46.77,0.0
2023-11-29,269.06,269.31,264.91,266.4,269.06,-2.660000000000025,-0.99,12426538.0,646048742.0,5.122,0.001803,0.002632,0.85,12.3616,11.1377,2.3413,1.0623,1.0018,0.031964,0.04705,7024215000.0,6890652360.0,4721473647.0,365329422150.00006,358382829244.0,家用电器,家用电器,白色家电,空调,57.78,47.28,0.0
2023-11-30,265.37,266.34,263.32,264.65,266.4,-1.75,-0.66,12861862.0,664815261.0,5.122,0.001867,0.002724,0.85,12.2808,11.0649,2.326,1.0553,0.9953,0.0321749999999999,0.04736,7024215000.0,6890652360.0,4721473647.0,362941189050.0,356040007441.0,家用电器,家用电器,白色家电,空调,57.21,46.81,0.0
2023-12-01,267.88,268.19,257.79,258.92,264.65,-5.729999999999961,-2.17,31604983.0,1604750727.0,5.122,0.004586,0.006693,2.01,12.0153,10.8257,2.2757,1.0325,0.9738,0.032886,0.048407,7024597408.0,6891034767.999999,4721856055.0,355093398974.0,348341807522.0,家用电器,家用电器,白色家电,空调,56.84,46.5,0.0
2023-12-04,258.56,260.15,255.28,256.56,258.92,-2.3600000000000136,-0.91,22058672.0,1107559874.0,5.122,0.003201,0.004672,1.17,11.9059,10.7272,2.255,1.0231,0.9649,0.033188,0.048851,7024597408.0,6891034767.999999,4721856055.0,351862084167.0,345171931529.0,家用电器,家用电器,白色家电,空调,55.61,45.5,0.0
2023-12-05,256.56,257.07,252.1,252.1,256.56,-4.460000000000008,-1.74,22510318.0,1120255577.0,5.122,0.003267,0.004767,1.12,11.6991,10.5408,2.2158,1.0053,0.9481,0.033774,0.0497149999999999,7024597408.0,6891034767.999999,4721856055.0,345750684422.0,339176731281.0,家用电器,家用电器,白色家电,空调,55.1,45.08,0.0
2023-12-06,251.29,254.31,249.7,251.9,252.1,-0.1999999999999886,-0.08,19114114.0,942351431.0,5.122,0.002774,0.0040479999999999,0.94,11.6896,10.5323,2.214,1.0045,0.9474,0.033802,0.049755,7024597408.0,6891034767.999999,4721856055.0,345469700525.0,338901089890.0,家用电器,家用电器,白色家电,空调,54.14,44.3,0.0
2023-12-07,252.82,258.61,252.1,257.23,251.9,5.3300000000000125,2.12,25021860.0,1251685067.0,5.122,0.0036309999999999,0.005299,1.16,11.9368,10.755,2.2608,1.0258,0.9674,0.033102,0.048725,7024597408.0,6891034767.999999,4721856055.0,352775281830.0,346067766049.0,家用电器,家用电器,白色家电,空调,54.1,44.26,0.0
2023-12-08,257.02,261.63,256.56,257.84,257.23,0.6099999999999568,0.24,21811340.0,1102240031.0,5.122,0.003165,0.004619,0.91,11.9654,10.7807,2.2662,1.0282,0.9697,0.033023,0.048609,7024597408.0,6891034767.999999,4721856055.0,353618233518.99994,346894690221.0,家用电器,家用电器,白色家电,空调,55.24,45.2,0.0
2023-12-11,255.33,263.27,252.1,261.32,257.84,3.480000000000018,1.35,25201467.0,1272635678.0,5.122,0.003657,0.005337,1.14,12.127,10.9263,2.2969,1.0421,0.9828,0.032583,0.047961,7024597408.0,6891034767.999999,4721856055.0,358394959755.99994,351580593863.0,家用电器,家用电器,白色家电,空调,55.37,45.31,0.0
2023-12-12,263.78,264.04,259.79,261.22,261.32,-0.0999999999999659,-0.04,17204815.0,879672020.0,5.122,0.002497,0.003644,0.76,12.1222,10.922,2.296,1.0417,0.9824,0.032596,0.047979,7024597408.0,6891034767.999999,4721856055.0,358254467808.0,351442773168.0,家用电器,家用电器,白色家电,空调,56.12,45.92,0.0
2023-12-13,260.71,261.17,258.71,259.63,261.22,-1.5900000000000318,-0.61,12858695.0,652164458.0,5.122,0.0018659999999999,0.0027229999999999,0.59,12.0485,10.8556,2.282,1.0354,0.9765,0.032795,0.048273,7024597408.0,6891034767.999999,4721856055.0,356076842612.00006,349306552390.0,家用电器,家用电器,白色家电,空调,56.1,45.9,0.0
2023-12-14,260.76,263.63,259.07,260.66,259.63,1.0300000000000296,0.4,16563410.0,847402713.0,5.122,0.002404,0.003508,0.81,12.0961,10.8985,2.291,1.0394,0.9803,0.032666,0.048083,7024597408.0,6891034767.999999,4721856055.0,357481762092.99994,350684759344.0,家用电器,家用电器,白色家电,空调,55.76,45.62,0.0
2023-12-15,258.71,261.73,257.64,257.79,260.66,-2.8700000000000045,-1.1,20470155.0,1034871742.0,5.122,0.0029709999999999,0.004335,1.09,11.963,10.7786,2.2658,1.028,0.9695,0.033029,0.0486179999999999,7024597408.0,6891034767.999999,4721856055.0,353547987545.0,346825779873.0,家用电器,家用电器,白色家电,空调,55.98,45.8,0.0
2023-12-18,256.25,262.14,254.82,261.68,257.79,3.8899999999999855,1.51,22307469.0,1133044740.0,5.122,0.003237,0.004724,1.21,12.1436,10.9413,2.3,1.0435,0.9842,0.032538,0.047895,7024597408.0,6891034767.999999,4721856055.0,358886681575.0,352062966297.0,家用电器,家用电器,白色家电,空调,55.36,45.3,0.0
2023-12-19,261.63,261.63,258.46,259.94,261.68,-1.740000000000009,-0.66,16954533.0,859776400.0,5.122,0.00246,0.0035909999999999,0.95,12.0628,10.8685,2.2847,1.0366,0.9776,0.032756,0.048216,7024597408.0,6891034767.999999,4721856055.0,356498318456.0,349720014476.0,家用电器,家用电器,白色家电,空调,56.2,45.98,0.0
2023-12-20,259.94,263.27,258.76,261.38,259.94,1.4399999999999975,0.55,25417029.0,1298397556.0,5.122,0.003688,0.005383,1.43,12.1294,10.9285,2.2973,1.0423,0.983,0.032576,0.0479509999999999,7024597408.0,6891034767.999999,4721856055.0,358465205730.0,351649504211.0,家用电器,家用电器,白色家电,空调,55.83,45.68,0.0
2023-12-21,262.35,267.78,260.56,266.45,261.38,5.069999999999993,1.94,27421212.0,1422425462.0,5.122,0.003979,0.005807,1.35,12.3647,11.1405,2.3419,1.0625,1.0021,0.031956,0.047039,7024597408.0,6891034767.999999,4721856055.0,365419557164.0,358471628631.0,家用电器,家用电器,白色家电,空调,56.13,45.93,0.0
2023-12-22,265.88,271.41,264.81,270.29,266.45,3.840000000000032,1.44,22728114.0,1194539708.0,5.122,0.0032979999999999,0.004813,1.01,12.5429,11.3011,2.3756,1.0778,1.0165,0.031502,0.0463699999999999,7024597408.0,6891034767.999999,4721856055.0,370688005220.0,363639904707.00006,家用电器,家用电器,白色家电,空调,57.22,46.82,0.0
2023-12-25,269.52,272.75,268.55,269.78,270.29,-0.5100000000000477,-0.19,11314960.0,598032182.0,5.122,0.001642,0.002396,0.49,12.5192,11.2797,2.3711,1.0758,1.0146,0.031562,0.046458,7024597408.0,6891034767.999999,4721856055.0,369985545479.0,362950801231.0,家用电器,家用电器,白色家电,空调,58.05,47.49,0.0
2023-12-26,269.52,272.64,269.06,270.44,269.78,0.660000000000025,0.24,16152328.0,855413703.0,5.122,0.002344,0.003421,0.78,12.5501,11.3075,2.377,1.0785,1.0171,0.031484,0.046344,7024597408.0,6891034767.999999,4721856055.0,370898743142.0,363846635750.0,家用电器,家用电器,白色家电,空调,57.94,47.4,0.0
2023-12-27,270.34,275.05,270.03,274.54,270.44,4.100000000000023,1.52,20306883.0,1081963247.0,5.122,0.002947,0.004301,0.99,12.7402,11.4788,2.413,1.0948,1.0325,0.031014,0.045652,7024597408.0,6891034767.999999,4721856055.0,376518421069.0,369359463565.0,家用电器,家用电器,白色家电,空调,58.08,47.52,0.0
2023-12-28,273.72,277.41,272.75,276.84,274.54,2.2999999999999545,0.84,24728048.0,1331261038.0,5.122,0.003588,0.005237,1.26,12.8472,11.5752,2.4333,1.104,1.0412,0.030756,0.045272,7024597408.0,6891034767.999999,4721856055.0,379679489902.0,372460429210.0,家用电器,家用电器,白色家电,空调,58.96,48.24,0.0
2023-12-29,276.95,281.61,275.15,279.81,276.84,2.970000000000028,1.07,25937253.0,1410074987.0,5.122,0.003764,0.005493,1.36,12.985,11.6994,2.4594,1.1158,1.0524,0.03043,0.044791,7024597408.0,6891034767.999999,4721856055.0,383753756399.0,376457229376.0,家用电器,家用电器,白色家电,空调,59.46,48.65,0.0
2024-01-02,279.81,281.97,277.61,279.46,279.81,-0.3500000000000227,-0.13,23905697.0,1305162004.0,5.122,0.003469,0.005063,1.21,12.9684,11.6844,2.4562,1.1144,1.051,0.044849,0.044849,7024597408.0,6891034767.999999,4721856055.0,383262034580.0,375974856942.0,家用电器,家用电器,白色家电,空调,60.09,49.17,0.0
2024-01-03,279.61,280.69,277.1,278.89,279.46,-0.5699999999999932,-0.2,20689673.0,1126649739.0,5.122,0.003002,0.004382,0.93,12.9423,11.6609,2.4513,1.1122,1.0489,0.044939,0.044939,7024597408.0,6891034767.999999,4721856055.0,382489328866.0,375216843118.0,家用电器,家用电器,白色家电,空调,60.02,49.1,0.0
2024-01-04,279.97,283.35,278.89,282.99,278.89,4.100000000000023,1.47,26702502.0,1467886385.0,5.122,0.003875,0.005655,1.16,13.1324,11.8322,2.4873,1.1285,1.0643,0.0442889999999999,0.0442889999999999,7024597408.0,6891034767.999999,4721856055.0,388109006792.0,380729670932.0,家用电器,家用电器,白色家电,空调,59.9,49.01,0.0
2024-01-05,282.73,287.24,280.94,284.78,282.99,1.7899999999999636,0.63,30042877.0,1669357551.0,5.122,0.00436,0.006363,1.23,13.2156,11.9072,2.503,1.1356,1.071,0.04401,0.04401,7024597408.0,6891034767.999999,4721856055.0,390567615885.0,383141533101.0,家用电器,家用电器,白色家电,空调,60.78,49.73,0.0
2024-01-08,284.78,284.78,279.76,281.71,284.78,-3.069999999999993,-1.08,27809739.0,1531117699.0,5.122,0.004036,0.0058899999999999,1.09,13.073,11.7787,2.476,1.1234,1.0595,0.04449,0.04449,7024597408.0,6891034767.999999,4721856055.0,386352857440.0,379006912240.0,家用电器,家用电器,白色家电,空调,61.16,50.04,0.0
2024-01-09,280.22,283.4,277.15,282.58,281.71,0.8700000000000045,0.31,21607041.0,1184711712.0,5.122,0.003136,0.004576,0.84,13.1134,11.8151,2.4837,1.1269,1.0628,0.044353,0.044353,7024597408.0,6891034767.999999,4721856055.0,387547038999.0,380178388151.0,家用电器,家用电器,白色家电,空调,60.5,49.5,0.0
2024-01-10,282.58,285.65,280.89,282.84,282.58,0.2599999999999909,0.09,17820813.0,984854746.0,5.122,0.0025859999999999,0.003774,0.7,13.1253,11.8258,2.4859,1.1279,1.0637,0.044313,0.044313,7024597408.0,6891034767.999999,4721856055.0,387898268870.0,380522939889.0,家用电器,家用电器,白色家电,空调,60.69,49.65,0.0
2024-01-11,282.84,284.22,280.33,281.71,282.84,-1.1299999999999957,-0.4,21236920.0,1168392665.0,5.122,0.0030819999999999,0.0044979999999999,0.86,13.073,11.7787,2.476,1.1234,1.0595,0.04449,0.04449,7024597408.0,6891034767.999999,4721856055.0,386352857440.0,379006912240.0,家用电器,家用电器,白色家电,空调,60.74,49.7,0.0
2024-01-12,281.2,285.35,279.56,281.71,281.71,0.0,0.0,24361080.0,1343879865.0,5.122,0.003534,0.005157,1.03,13.0775,11.7827,2.4769,1.1238,1.0598,0.044475,0.044475,7027004020.999999,6893348860.000001,4724170147.0,386485221155.00006,379134187300.0,家用电器,家用电器,白色家电,空调,60.5,49.5,0.0
2024-01-15,280.89,286.73,279.97,286.22,281.71,4.510000000000048,1.6,19124097.0,1063527119.0,5.122,0.002774,0.0040479999999999,0.85,13.2867,11.9712,2.5165,1.1418,1.0768,0.043774,0.043774,7027004020.999999,6893348860.000001,4724170147.0,392668984693.0,385200334297.0,家用电器,家用电器,白色家电,空调,60.5,49.5,0.0
2024-01-16,284.83,291.7,282.22,291.54,286.22,5.319999999999993,1.86,33730399.0,1903147107.0,5.122,0.004893,0.00714,1.62,13.534,12.194,2.5633,1.163,1.0968,0.042975,0.042975,7027004020.999999,6893348860.000001,4724170147.0,399977068875.0,392369417111.0,家用电器,家用电器,白色家电,空调,61.47,50.29,0.0
2024-01-17,290.06,293.44,288.73,288.73,291.54,-2.8100000000000023,-0.96,26914126.0,1530395102.0,5.122,0.003904,0.005697,1.16,13.4032,12.0762,2.5386,1.1518,1.0862,0.043394,0.043394,7027004020.999999,6893348860.000001,4724170147.0,396112216664.0,388578075238.0,家用电器,家用电器,白色家电,空调,62.61,51.23,0.0
2024-01-18,290.88,291.9,282.12,288.88,288.73,0.1499999999999772,0.05,39023100.0,2175726536.0,5.122,0.005661,0.00826,1.56,13.4104,12.0826,2.5399,1.1524,1.0868,0.043371,0.043371,7027004020.999999,6893348860.000001,4724170147.0,396323026784.0,388784875704.0,家用电器,家用电器,白色家电,空调,62.01,50.73,0.0
2024-01-19,286.83,289.91,286.11,287.55,288.88,-1.329999999999984,-0.46,29937004.0,1681993909.0,5.122,0.004343,0.006337,1.05,13.3485,12.0269,2.5282,1.1471,1.0818,0.043572,0.043572,7027004020.999999,6893348860.000001,4724170147.0,394496005739.0,386992605000.0,家用电器,家用电器,白色家电,空调,62.04,50.76,0.0
2024-01-22,286.22,290.21,282.12,283.45,287.55,-4.100000000000023,-1.43,35980322.0,2017295149.0,5.122,0.00522,0.007616,1.21,13.1583,11.8555,2.4922,1.1307,1.0664,0.044202,0.044202,7027004020.999999,6893348860.000001,4724170147.0,388874402522.0,381477925912.0,家用电器,家用电器,白色家电,空调,61.75,50.53,0.0
2024-01-23,284.37,290.37,280.69,288.78,283.45,5.329999999999984,1.88,28848518.0,1612570166.0,5.122,0.0041849999999999,0.006107,0.87,13.4056,12.0783,2.539,1.152,1.0864,0.0433859999999999,0.0433859999999999,7027004020.999999,6893348860.000001,4724170147.0,396182486704.0,388647008727.0,家用电器,家用电器,白色家电,空调,60.87,49.81,0.0
2024-01-24,287.6,294.21,286.93,292.93,288.78,4.150000000000034,1.44,26463721.000000004,1503303923.0,5.122,0.003839,0.005602,0.82,13.5982,12.2519,2.5755,1.1685,1.102,0.042772,0.042772,7027004020.999999,6893348860.000001,4724170147.0,401874359961.0,394230621303.0,家用电器,家用电器,白色家电,空调,62.02,50.74,0.0
2024-01-25,293.49,294.46,288.06,288.62,292.93,-4.310000000000002,-1.47,24963629.0,1412367268.0,5.122,0.0036209999999999,0.005284,0.78,13.3985,12.0719,2.5377,1.1514,1.0859,0.043409,0.043409,7027004020.999999,6893348860.000001,4724170147.0,395971676583.0,388440208261.0,家用电器,家用电器,白色家电,空调,62.91,51.47,0.0
2024-01-26,288.62,295.8,288.62,294.57,288.62,5.949999999999989,2.06,32745737.0,1874299633.0,5.122,0.00475,0.006932,1.12,13.6743,12.3204,2.5899,1.1751,1.1082,0.042534,0.042534,7027004020.999999,6893348860.000001,4724170147.0,404123001248.0,396436492939.0,家用电器,家用电器,白色家电,空调,61.99,50.72,0.0
2024-01-29,296.56,304.66,295.49,300.61,294.57,6.0400000000000205,2.05,37498736.0,2204469370.0,5.122,0.00544,0.0079379999999999,1.26,13.9549,12.5732,2.6431,1.1992,1.131,0.041679,0.041679,7027004020.999999,6893348860.000001,4724170147.0,412414865992.0,404570644593.0,家用电器,家用电器,白色家电,空调,63.26,51.76,0.0
2024-01-30,300.66,303.22,297.08,298.2,300.61,-2.410000000000025,-0.8,27373299.0,1604993046.0,5.122,0.00397,0.005792,0.91,13.8471,12.4761,2.6226,1.1899,1.1222,0.042003,0.042003,7029042158.0,6895386997.0,4726208284.0,409230834439.0,401449430965.0,家用电器,家用电器,白色家电,空调,64.56,52.82,0.0
2024-01-31,296.62,301.89,294.11,298.36,298.2,0.160000000000025,0.05,25544153.0,1486711039.0,5.122,0.003705,0.005405,0.86,13.8543,12.4826,2.624,1.1905,1.1228,0.041981,0.041981,7029042158.0,6895386997.0,4726208284.0,409441705704.0,401656292575.0,家用电器,家用电器,白色家电,空调,64.04,52.4,0.0
2024-02-01,298.25,304.55,297.08,301.22,298.36,2.8600000000000136,0.96,30340175.0,1785789271.0,5.122,0.0044,0.00642,1.02,13.9874,12.6026,2.6492,1.202,1.1336,0.041581,0.041581,7029042158.0,6895386997.0,4726208284.0,413377969312.0,405517709294.0,家用电器,家用电器,白色家电,空调,64.08,52.43,0.0
2024-02-02,299.64,301.58,293.54,298.36,301.22,-2.8600000000000136,-0.95,28950504.0,1687829337.0,5.122,0.004199,0.006126,0.94,13.8543,12.4826,2.624,1.1905,1.1228,0.041981,0.041981,7029042158.0,6895386997.0,4726208284.0,409441705704.0,401656292575.0,家用电器,家用电器,白色家电,空调,64.69,52.93,0.0
2024-02-05,297.08,305.27,296.15,304.5,298.36,6.139999999999986,2.06,46160268.0,2724269122.0,5.122,0.006694,0.009767,1.54,14.1397,12.7397,2.6781,1.215,1.1459,0.041134,0.041134,7029042158.0,6895386997.0,4726208284.0,417876556293.0,409930756972.0,家用电器,家用电器,白色家电,空调,64.08,52.43,0.0
2024-02-06,303.53,311.37,302.3,307.06,304.5,2.5600000000000023,0.84,37946385.0,2279549238.0,5.122,0.005503,0.008029,1.2,14.2586,12.8469,2.7006,1.2253,1.1556,0.040791,0.040791,7029042158.0,6895386997.0,4726208284.0,421391077372.0,413378450470.0,家用电器,家用电器,白色家电,空调,65.4,53.51,0.0
2024-02-07,303.68,313.31,302.35,313.01,307.06,5.949999999999989,1.94,46195919.0,2791586567.0,5.122,0.0067,0.009774,1.37,14.5345,13.0955,2.7528,1.249,1.1779,0.0400159999999999,0.0400159999999999,7029042158.0,6895386997.0,4726208284.0,429544766275.0,421377099387.0,家用电器,家用电器,白色家电,空调,65.95,53.96,0.0
2024-02-08,313.93,319.41,307.22,308.81,313.01,-4.199999999999989,-1.34,34723180.0,2112587867.0,5.122,0.005036,0.007347,0.92,14.3394,12.9197,2.7159,1.2322,1.1621,0.040561,0.040561,7029042158.0,6895386997.0,4726208284.0,423780951706.0,415722882049.0,家用电器,家用电器,白色家电,空调,67.22,55.0,0.0
2024-02-19,316.03,316.03,306.35,310.39,308.81,1.579999999999984,0.51,35695854.0,2157379733.0,5.122,0.005228,0.0076619999999999,0.92,14.2752,12.8618,2.7037,1.2267,1.1569,0.040743,0.040743,6961748977.0,6828093816.0,4658915103.0,421881988006.0,413782485250.0,家用电器,家用电器,白色家电,空调,66.32,54.26,0.0
2024-02-20,308.86,316.49,305.63,316.03,310.39,5.639999999999986,1.82,29630917.0,1807531882.0,5.122,0.00434,0.00636,0.74,14.5343,13.0953,2.7528,1.249,1.1779,0.040017,0.040017,6961748977.0,6828093816.0,4658915103.0,429539911881.0,421293388447.0,家用电器,家用电器,白色家电,空调,66.66,54.54,0.0
2024-02-21,312.44,320.38,310.8,316.08,316.03,0.0500000000000113,0.02,27797182.0,1719403866.0,5.122,0.004071,0.005966,0.75,14.5367,13.0974,2.7532,1.2492,1.1781,0.04001,0.04001,6961748977.0,6828093816.0,4658915103.0,429609529371.0,421361669385.0,家用电器,家用电器,白色家电,空调,67.87,55.53,0.0
2024-02-22,313.52,316.49,312.6,314.23,316.08,-1.849999999999966,-0.59,19259055.0,1180530930.0,5.122,0.002821,0.004134,0.55,14.4519,13.021,2.7372,1.2419,1.1712,0.0402449999999999,0.0402449999999999,6961748977.0,6828093816.0,4658915103.0,427103299739.0,418903555612.0,家用电器,家用电器,白色家电,空调,67.88,55.54,0.0
2024-02-23,315.92,318.08,303.84,305.37,314.23,-8.860000000000014,-2.82,43093597.0,2580957129.0,5.122,0.006311,0.00925,1.46,14.0443,12.6538,2.66,1.2069,1.1382,0.041413,0.041413,6961748977.0,6828093816.0,4658915103.0,415059474009.0,407090953310.0,家用电器,家用电器,白色家电,空调,67.49,55.22,0.0
2024-02-26,306.55,315.0,306.55,308.86,305.37,3.490000000000009,1.14,34097731.0,2070387072.0,5.122,0.004994,0.007319,1.1,14.2045,12.7982,2.6903,1.2206,1.1512,0.0409459999999999,0.0409459999999999,6961748977.0,6828093816.0,4658915103.0,419793463313.0,411734057105.0,家用电器,家用电器,白色家电,空调,65.58,53.66,0.0
2024-02-27,310.34,317.51,307.83,317.15,308.86,8.289999999999964,2.68,28014795.0,1720508595.0,5.122,0.004103,0.0060129999999999,0.91,14.5861,13.142,2.7626,1.2534,1.1821,0.039875,0.039875,6961748977.0,6828093816.0,4658915103.0,431071496656.0,422795569087.0,家用电器,家用电器,白色家电,空调,66.33,54.27,0.0
2024-02-28,317.56,319.15,312.19,316.64,317.15,-0.5099999999999909,-0.16,25367364.0,1568616989.0,5.122,0.003715,0.005445,0.83,14.5626,13.1208,2.7582,1.2514,1.1802,0.039939,0.039939,6961748977.0,6828093816.0,4658915103.0,430375321758.00006,422112759705.0,家用电器,家用电器,白色家电,空调,68.11,55.73,0.0
2024-02-29,317.56,325.14,316.28,320.79,316.64,4.150000000000034,1.31,48920998.0,3071855396.0,5.122,0.007165,0.010501,1.63,14.7534,13.2927,2.7943,1.2678,1.1957,0.039423,0.039423,6961748977.0,6828093816.0,4658915103.0,436014338430.0,427643515696.0,家用电器,家用电器,白色家电,空调,68.0,55.64,0.0
2024-03-01,325.25,330.42,322.07,330.22,320.79,9.430000000000009,2.94,32844906.0,2102800960.0,5.122,0.00481,0.00705,0.91,15.1868,13.6832,2.8764,1.305,1.2308,0.038298,0.038298,6961748977.0,6828093816.0,4658915103.0,448823956547.00006,440207208318.0,家用电器,家用电器,白色家电,空调,68.89,56.37,0.0
2024-03-04,332.93,338.05,325.25,330.88,330.22,0.6599999999999682,0.2,37384392.0,2415284580.0,5.122,0.005475,0.008024,1.1,15.2174,13.7108,2.8822,1.3077,1.2333,0.03822,0.03822,6961748977.0,6828093816.0,4658915103.0,449728983914.0,441094860514.0,家用电器,家用电器,白色家电,空调,70.92,58.02,0.0
2024-03-05,331.14,334.98,324.99,333.13,330.88,2.25,0.68,35525326.0,2288367736.0,5.122,0.005203,0.007625,1.03,15.3211,13.8042,2.9018,1.3166,1.2417,0.0379619999999999,0.0379619999999999,6961748977.0,6828093816.0,4658915103.0,452792153464.0,444099221793.0,家用电器,家用电器,白色家电,空调,71.06,58.14,0.0
2024-03-06,332.42,335.64,329.34,330.42,333.13,-2.7099999999999795,-0.81,21923001.0,1422222516.0,5.122,0.003211,0.004706,0.61,15.1962,13.6917,2.8782,1.3058,1.2316,0.038274,0.038274,6961748977.0,6828093816.0,4658915103.0,449102426506.0,440480332070.0,家用电器,家用电器,白色家电,空调,71.54,58.54,0.0
2024-03-07,330.11,341.38,328.83,337.03,330.42,6.609999999999957,2.0,30634033.0,2020641414.0,5.122,0.004486,0.006575,0.87,15.5001,13.9655,2.9357,1.332,1.2562,0.037523,0.037523,6961748977.0,6828093816.0,4658915103.0,458083082687.00006,449288573093.0,家用电器,家用电器,白色家电,空调,70.96,58.06,0.0
2024-03-08,337.39,340.56,332.32,338.56,337.03,1.5300000000000296,0.45,26125410.0,1714883401.0,5.122,0.003822,0.005598,0.83,15.589,14.0455,2.9526,1.3396,1.2634,0.0373099999999999,0.0373099999999999,6969871538.0,6836216377.0,4667037664.0,460708508662.0,451873902520.0,家用电器,家用电器,白色家电,空调,72.38,59.22,0.0
2024-03-11,338.51,338.56,330.68,335.08,338.56,-3.480000000000018,-1.03,28027002.0,1826293592.0,5.122,0.0040999999999999,0.006005,0.92,15.4286,13.901,2.9222,1.3258,1.2504,0.037697,0.037697,6969871538.0,6836216377.0,4667037664.0,455968996016.0,447225275383.0,家用电器,家用电器,白色家电,空调,72.71,59.49,0.0
2024-03-12,334.72,334.72,322.94,328.47,335.08,-6.609999999999957,-1.97,50739915.0,3241294651.0,5.122,0.007422,0.010872,1.78,15.1244,13.6269,2.8646,1.2997,1.2257,0.038456,0.038456,6969871538.0,6836340734.0,4667162021.0,446977861732.0,438414531271.0,家用电器,家用电器,白色家电,空调,71.96,58.88,0.0
2024-03-13,326.07,329.5,322.69,328.17,328.47,-0.3000000000000113,-0.09,32723164.0,2084900582.0,5.122,0.004787,0.007011,1.04,15.1102,13.6142,2.8619,1.2984,1.2246,0.038492,0.038492,6969871538.0,6836340734.0,4667162021.0,446559669440.0,438004350827.0,家用电器,家用电器,白色家电,空调,70.54,57.72,0.0
2024-03-14,327.09,331.65,325.76,330.37,328.17,2.1999999999999886,0.67,31531677.0,2026233407.0,5.122,0.004612,0.006756,0.94,15.2116,13.7056,2.8811,1.3072,1.2328,0.038235,0.038235,6969871538.0,6836340734.0,4667162021.0,449556714201.00006,440943977343.0,家用电器,家用电器,白色家电,空调,70.48,57.66,0.0
2024-03-15,329.81,330.37,324.22,327.91,330.37,-2.4599999999999795,-0.74,25463904.0,1624685427.0,5.122,0.003725,0.005456,0.75,15.0984,13.6036,2.8596,1.2974,1.2236,0.038522,0.038522,6969871538.0,6836340734.0,4667162021.0,446211175863.0,437662533791.0,家用电器,家用电器,白色家电,空调,70.95,58.05,0.0
2024-03-18,327.19,327.24,319.36,319.41,327.91,-8.5,-2.59,42501113.0,2667915014.0,5.122,0.006217,0.009106,1.26,14.7069,13.2508,2.7855,1.2638,1.1919,0.039547,0.039547,6969871538.0,6836340734.0,4667162021.0,434641189110.0,426314208172.0,家用电器,家用电器,白色家电,空调,70.42,57.62,0.0
2024-03-19,318.59,323.3,318.43,320.64,319.41,1.2299999999999611,0.39,29794618.0,1867932284.0,5.122,0.004358,0.006384,0.81,14.7635,13.3018,2.7962,1.2687,1.1965,0.039396,0.039396,6969871538.0,6836340734.0,4667162021.0,436313958279.0,427954929948.0,家用电器,家用电器,白色家电,空调,68.6,56.12,0.0
2024-03-20,318.59,320.12,314.49,316.95,320.64,-3.6899999999999977,-1.15,37790890.0,2337851554.0,5.122,0.005528,0.008097,1.17,14.5937,13.1488,2.7641,1.2541,1.1827,0.039854,0.039854,6969871538.0,6836340734.0,4667162021.0,431295650771.0,423032764620.0,家用电器,家用电器,白色家电,空调,68.86,56.34,0.0
2024-03-21,317.1,317.77,307.99,310.14,316.95,-6.810000000000002,-2.15,39189153.0,2377326996.0,5.122,0.005732,0.008397,1.17,14.2801,12.8662,2.7046,1.2271,1.1573,0.0407289999999999,0.0407289999999999,6969871538.0,6836340734.0,4667162021.0,422025721626.00006,413940431444.0,家用电器,家用电器,白色家电,空调,68.07,55.69,0.0
2024-03-22,310.19,320.89,309.88,320.74,310.14,10.600000000000025,3.42,43156777.0,2671677605.0,5.122,0.006313,0.009247,1.23,14.7682,13.3061,2.7971,1.2691,1.1969,0.039383,0.039383,6969871538.0,6836340734.0,4667162021.0,436453355710.0,428091656763.0,家用电器,家用电器,白色家电,空调,66.61,54.5,0.0
2024-03-25,318.54,326.07,316.44,322.17,320.74,1.4300000000000068,0.45,26903326.0,1694247611.0,5.122,0.003935,0.005764,0.7,14.8343,13.3656,2.8096,1.2747,1.2022,0.039208,0.039208,6969871538.0,6836340734.0,4667162021.0,438404919740.0,430005832169.0,家用电器,家用电器,白色家电,空调,68.88,56.36,0.0
2024-03-26,319.15,323.97,319.15,321.25,322.17,-0.920000000000016,-0.29,25353749.0,1591428438.0,5.122,0.003709,0.005432,0.72,14.7899,13.3256,2.8016,1.2709,1.1986,0.039325,0.039325,6968950723.999999,6836340734.0,4667162021.0,437092589409.0,428775290836.0,家用电器,家用电器,白色家电,空调,69.19,56.61,0.0
2024-03-27,320.28,332.32,320.18,326.12,321.25,4.8700000000000045,1.52,34842794.0,2227887825.0,5.122,0.005097,0.007466,1.01,15.0139,13.5274,2.844,1.2902,1.2168,0.0387389999999999,0.0387389999999999,6968950723.999999,6836340734.0,4667162021.0,443713092597.0,435269814534.0,家用电器,家用电器,白色家电,空调,68.99,56.45,0.0
2024-03-28,328.99,334.93,323.61,330.78,326.12,4.659999999999968,1.43,45185411.0,2915943394.0,5.122,0.00661,0.009682,1.33,13.3468,13.3468,2.7635,1.2097,1.2097,0.038193,0.038193,6968950723.999999,6836340734.0,4667162021.0,450054837756.0,441490884602.0,家用电器,家用电器,白色家电,空调,70.04,57.3,0.0
2024-03-29,330.78,336.67,326.07,328.93,330.78,-1.849999999999966,-0.56,25468858.0,1638381690.0,5.122,0.0037259999999999,0.005457,0.73,13.2724,13.2724,2.7481,1.203,1.203,0.038407,0.038407,6968950723.999999,6836340734.0,4667162021.0,447546015495.00006,439029801937.0,家用电器,家用电器,白色家电,空调,71.04,58.12,0.0
2024-04-01,330.37,339.49,328.32,339.18,328.93,10.25,3.12,32771225.0,2146737286.0,5.122,0.004794,0.007022,1.04,13.6858,13.6858,2.8337,1.2404,1.2404,0.037247,0.037247,6968950723.999999,6836340734.0,4667162021.0,461483916943.00006,452702483405.0,家用电器,家用电器,白色家电,空调,70.64,57.8,0.0
2024-04-02,338.05,340.77,336.77,339.33,339.18,0.1499999999999772,0.04,22653632.0,1497277780.0,5.122,0.0033139999999999,0.004854,0.69,13.692,13.692,2.835,1.241,1.241,0.03723,0.03723,6968950723.999999,6836340734.0,4667162021.0,461692985465.0,452907573628.0,家用电器,家用电器,白色家电,空调,72.84,59.6,0.0
2024-04-03,339.08,342.66,337.95,341.79,339.33,2.4600000000000364,0.72,20626495.0,1370613983.0,5.122,0.003017,0.004419,0.64,13.7912,13.7912,2.8555,1.25,1.25,0.036962,0.036962,6968950723.999999,6836340734.0,4667162021.0,465038081813.0,456189017180.0,家用电器,家用电器,白色家电,空调,72.88,59.63,0.0
2024-04-08,341.74,342.41,331.24,334.57,341.79,-7.220000000000027,-2.11,32434492.0,2125546169.0,5.122,0.004744,0.00695,1.11,13.4998,13.4998,2.7952,1.2236,1.2236,0.0377599999999999,0.0377599999999999,6968950723.999999,6836340734.0,4667162021.0,455211861292.0,446549776745.00006,家用电器,家用电器,白色家电,空调,73.4,60.06,0.0
2024-04-09,332.93,336.0,332.01,333.13,334.57,-1.4399999999999975,-0.43,19478279.0,1270147986.0,5.122,0.002849,0.004173,0.73,13.4419,13.4419,2.7832,1.2183,1.2183,0.037923,0.037923,6968950723.999999,6836340734.0,4667162021.0,453260555089.0,444635601339.0,家用电器,家用电器,白色家电,空调,71.85,58.79,0.0
2024-04-10,332.26,339.08,330.68,333.8,333.13,0.6700000000000159,0.2,18081970.0,1184377719.0,5.122,0.002645,0.003874,0.71,13.4688,13.4688,2.7888,1.2208,1.2208,0.037847,0.037847,6968950723.999999,6836340734.0,4667162021.0,454166518683.0,445524325635.0,家用电器,家用电器,白色家电,空调,71.54,58.54,0.0
2024-04-11,332.67,337.8,330.93,333.29,333.8,-0.5099999999999909,-0.15,19004769.0,1239842458.0,5.122,0.00278,0.004072,0.84,13.4481,13.4481,2.7845,1.2189,1.2189,0.037905,0.037905,6968950723.999999,6836340734.0,4667162021.0,453469623611.00006,444840691561.0,家用电器,家用电器,白色家电,空调,71.69,58.65,0.0
2024-04-12,332.88,336.0,330.78,332.37,333.29,-0.920000000000016,-0.28,21734388.0,1414407755.0,5.122,0.003179,0.004657,0.99,13.4109,13.4109,2.7768,1.2155,1.2155,0.03801,0.03801,6968950723.999999,6836340734.0,4667162021.0,452215212480.00006,443610150229.0,家用电器,家用电器,白色家电,空调,71.58,58.56,0.0
2024-04-15,332.37,343.17,331.44,342.35,332.37,9.980000000000018,3.0,31783741.0,2102897321.0,5.122,0.0046489999999999,0.00681,1.44,13.8139,13.8139,2.8602,1.252,1.252,0.036901,0.036901,6968950723.999999,6836340734.0,4667162021.0,465804666392.0,456941014661.0,家用电器,家用电器,白色家电,空调,71.38,58.4,0.0
2024-04-16,342.05,352.24,340.97,349.88,342.35,7.529999999999973,2.2,39191380.0,2659237097.0,5.122,0.005733,0.008397,1.78,14.1177,14.1177,2.9231,1.2796,1.2796,0.036107,0.036107,6968950723.999999,6836340734.0,4667162021.0,476049023956.0,466990435540.0,家用电器,家用电器,白色家电,空调,73.52,60.16,0.0
2024-04-17,348.3,352.39,343.07,351.27,349.88,1.3899999999999864,0.4,24549649.0,1664966380.0,5.122,0.0035909999999999,0.00526,0.95,14.1735,14.1735,2.9347,1.2846,1.2846,0.035965,0.035965,6968950723.999999,6836340734.0,4667162021.0,477930640652.0,468836247538.0,家用电器,家用电器,白色家电,空调,75.14,61.48,0.0
2024-04-18,351.27,365.35,350.24,358.54,351.27,7.270000000000039,2.07,39542136.0,2777734457.0,5.122,0.005784,0.008472,1.45,14.467,14.467,2.9954,1.3112,1.3112,0.035236,0.035236,6968950723.999999,6836340734.0,4667162021.0,487826550680.00006,478543851380.0,家用电器,家用电器,白色家电,空调,75.44,61.72,0.0
2024-04-19,355.62,361.51,355.62,358.54,358.54,0.0,0.0,28812335.0,2017233100.0,5.122,0.004215,0.006173,0.92,14.467,14.467,2.9954,1.3112,1.3112,0.035236,0.035236,6968950723.999999,6836340734.0,4667162021.0,487826550680.00006,478543851380.0,家用电器,家用电器,白色家电,空调,77.0,63.0,0.0
2024-04-22,359.56,364.64,355.98,358.44,358.54,-0.1000000000000227,-0.03,28943754.0,2032072605.0,5.122,0.004232,0.006202,0.88,14.4687,14.4687,2.9958,1.3114,1.3114,0.035231,0.035231,6971763397.0,6839153406.999999,4667162021.0,487884002522.0,478603955422.0,家用电器,家用电器,白色家电,空调,77.0,63.0,0.0
2024-04-23,357.67,358.54,346.2,350.29,358.44,-8.149999999999977,-2.27,38217940.0,2605557575.0,5.122,0.0055879999999999,0.008184,1.19,14.14,14.14,2.9277,1.2816,1.2816,0.036051,0.036051,6971763397.0,6839153406.999999,4669974694.0,476798898721.00006,467729701505.0,家用电器,家用电器,白色家电,空调,76.98,62.98,0.0
2024-04-24,350.04,351.57,341.89,347.78,350.29,-2.510000000000048,-0.72,30783047.0,2079963046.0,5.122,0.004501,0.006592,0.96,14.0387,14.0387,2.9068,1.2724,1.2724,0.036311,0.036311,6971763397.0,6839153406.999999,4669974694.0,473382734656.0,464378516335.0,家用电器,家用电器,白色家电,空调,75.23,61.55,0.0
2024-04-25,343.84,351.16,343.84,349.53,347.78,1.75,0.5,22033298.0,1500859468.0,5.122,0.003222,0.004718,0.66,14.109,14.109,2.9213,1.2788,1.2788,0.03613,0.03613,6971763397.0,6839153406.999999,4669974694.0,475753134211.0,466703828494.0,家用电器,家用电器,白色家电,空调,74.69,61.11,0.0
2024-04-26,349.58,351.63,345.33,350.19,349.53,0.660000000000025,0.19,24225747.0,1650078938.0,5.122,0.003542,0.005188,0.81,14.1358,14.1358,2.9269,1.2812,1.2812,0.036061,0.036061,6971763397.0,6839153406.999999,4669974694.0,476659463453.0,467592918437.0,家用电器,家用电器,白色家电,空调,75.06,61.42,0.0
2024-04-29,349.83,352.8,344.35,349.32,350.19,-0.8700000000000045,-0.25,33226398.0,2264197665.0,5.122,0.004858,0.007115,1.15,14.1007,14.1007,2.9196,1.278,1.278,0.036151,0.036151,6971763397.0,6839153406.999999,4669974694.0,475474263675.0,466430262357.0,家用电器,家用电器,白色家电,空调,75.21,61.53,0.0
2024-04-30,342.35,364.43,342.15,357.41,349.32,8.090000000000032,2.32,57131843.00000001,3988190598.0,5.122,0.00835,0.012234,1.92,14.4329,14.0341,2.8213,1.3081,1.2744,0.035332,0.035332,6974420601.0,6841810611.000001,4669974694.0,486675069538.0,477421544436.0,家用电器,家用电器,白色家电,空调,75.02,61.38,0.0
2024-05-06,361.1,366.02,356.75,363.71,357.41,6.2999999999999545,1.76,46179914.0,3263609833.0,5.122,0.00675,0.009883,1.38,14.6873,14.2815,2.8711,1.3312,1.2969,0.034707,0.034707,6974420601.0,6841810611.000001,4672631898.0,495253606877.00006,485836971487.0,家用电器,家用电器,白色家电,空调,76.76,62.8,0.0
2024-05-07,362.69,370.47,361.72,364.17,363.71,0.4600000000000364,0.13,30431457.0,2176139138.0,5.122,0.004448,0.006513,0.83,14.7059,14.2996,2.8747,1.3329,1.2985,0.034663,0.034663,6974420601.0,6841810611.000001,4672631898.0,495881304731.0,486452734442.0,家用电器,家用电器,白色家电,空调,78.11,63.91,0.0
2024-05-08,361.1,365.4,360.54,362.38,364.17,-1.7900000000000205,-0.49,17661960.0,1252248295.0,5.122,0.002581,0.00378,0.46,14.6335,14.2292,2.8605,1.3263,1.2921,0.034835,0.034835,6974420601.0,6841810611.000001,4672631898.0,493440257521.0,484058100728.0,家用电器,家用电器,白色家电,空调,78.21,63.99,0.0
2024-05-09,363.66,370.53,361.72,368.02,362.38,5.639999999999986,1.56,28571831.0,2046734810.0,5.122,0.004176,0.006114,0.77,14.8629,14.4523,2.9054,1.3471,1.3124,0.034297,0.034297,6975318129.0,6842708138.999999,4673529426.0,501176607569.0,491648579787.0,家用电器,家用电器,白色家电,空调,77.83,63.68,0.0
2024-05-10,369.81,370.47,365.4,368.17,368.02,0.1500000000000341,0.04,22487905.0,1616063316.0,5.122,0.003286,0.004812,0.62,14.8691,14.4583,2.9066,1.3477,1.313,0.034283,0.034283,6975318129.0,6842708138.999999,4673529426.0,501385867113.0,491853861031.0,家用电器,家用电器,白色家电,空调,79.04,64.67,0.0
2024-05-13,368.17,373.85,362.13,372.42,368.17,4.25,1.15,27167410.0,1965130433.0,5.122,0.00397,0.005813,0.93,15.0408,14.6252,2.9402,1.3632,1.3281,0.033891,0.033891,6975318129.0,6842708138.999999,4673529426.0,507175381160.0,497533308787.0,家用电器,家用电器,白色家电,空调,79.07,64.69,0.0
2024-05-14,372.27,373.34,359.56,362.84,372.42,-9.58000000000004,-2.57,39923610.0,2827063811.0,5.122,0.005834,0.008542,1.58,14.654,14.2491,2.8646,1.3282,1.294,0.034786,0.034786,6975318129.0,6842708138.999999,4673529426.0,494131536258.0,484737444567.0,家用电器,家用电器,白色家电,空调,79.98,65.44,0.0
2024-05-15,366.26,374.82,364.18,373.0,362.84,10.160000000000023,2.8,30189455.0,2090761786.0,5.3469,0.004412,0.00646,1.11,14.4306,14.0319,3.2072,1.3079,1.2742,0.035325,0.07803,6975318129.0,6842708138.999999,4673529426.0,486598192679.0,477347319777.0,家用电器,家用电器,白色家电,空调,74.65,61.07,0.0
2024-05-16,373.0,373.21,367.87,370.75,373.0,-2.25,-0.6,24600403.0,1703048548.0,5.3469,0.0035949999999999,0.005264,0.83,14.3437,13.9474,3.1879,1.3001,1.2666,0.035539,0.078502,6975318129.0,6842708138.999999,4673529426.0,483668559065.0,474473382358.0,家用电器,家用电器,白色家电,空调,76.74,62.78,0.0
2024-05-17,367.76,371.61,355.68,363.75,370.75,-7.0,-1.89,41848256.0,2828611123.0,5.3469,0.006116,0.008954,1.45,14.0727,13.6839,3.1277,1.2755,1.2426,0.036223,0.080014,6975318129.0,6842708138.999999,4673529426.0,474530892316.0,465509434696.0,家用电器,家用电器,白色家电,空调,76.27,62.41,0.0
2024-05-20,358.3,362.95,354.02,355.94,363.75,-7.810000000000002,-2.15,42643037.0,2846862349.0,5.3469,0.006232,0.009124,1.3,13.7707,13.3902,3.0606,1.2481,1.216,0.037017,0.081769,6975318129.0,6842708138.999999,4673529426.0,464346927848.0,455519080813.0,家用电器,家用电器,白色家电,空调,74.83,61.23,0.0
2024-05-21,354.34,359.85,353.96,355.84,355.94,-0.1000000000000227,-0.03,24358794.0,1626841822.0,5.3469,0.00356,0.005212,0.68,13.7666,13.3862,3.0597,1.2477,1.2156,0.037028,0.0817929999999999,6975318129.0,6842708138.999999,4673529426.0,464207421485.0,455382226650.0,家用电器,家用电器,白色家电,空调,73.23,59.91,0.0
2024-05-22,354.71,355.78,349.21,349.74,355.84,-6.099999999999966,-1.71,26105215.0,1715205332.0,5.3469,0.003815,0.005586,0.8,13.5307,13.1569,3.0073,1.2264,1.1948,0.037674,0.0832189999999999,6975318129.0,6842708138.999999,4673529426.0,456255558818.00006,447581539372.0,家用电器,家用电器,白色家电,空调,73.21,59.9,0.0
2024-05-23,349.69,353.91,347.55,351.51,349.74,1.7699999999999818,0.51,24096149.0,1582459055.0,5.3469,0.003521,0.0051559999999999,0.76,13.599,13.2233,3.0224,1.2326,1.2008,0.037485,0.0828009999999999,6975318129.0,6842708138.999999,4673529426.0,458557413800.0,449839633058.0,家用电器,家用电器,白色家电,空调,71.95,58.87,0.0
2024-05-24,349.69,358.14,348.08,356.21,351.51,4.699999999999989,1.34,25926968.0,1724580967.0,5.3469,0.003789,0.005548,0.82,13.781,13.4003,3.0629,1.2491,1.2169,0.036989,0.081708,6975318129.0,6842708138.999999,4673529426.0,464695693754.0,455861216220.0,家用电器,家用电器,白色家电,空调,72.31,59.17,0.0
2024-05-27,355.57,365.09,350.44,361.4,356.21,5.189999999999998,1.46,30546219.0,2062139516.0,5.3469,0.004464,0.0065359999999999,1.07,13.9817,13.5954,3.1075,1.2672,1.2346,0.036459,0.080535,6975318129.0,6842708138.999999,4673529426.0,471461752339.00006,462498643115.0,家用电器,家用电器,白色家电,空调,73.28,59.96,0.0
2024-05-28,361.45,362.41,355.57,358.4,361.4,-3.0,-0.83,19173667.0,1284865352.0,5.3469,0.002802,0.004103,0.73,13.8659,13.4827,3.0817,1.2567,1.2244,0.036763,0.0812079999999999,6975318129.0,6842708138.999999,4673529426.0,467555574187.0,458666726557.0,家用电器,家用电器,白色家电,空调,74.35,60.83,0.0
2024-05-29,356.1,359.31,350.22,352.09,358.4,-6.310000000000002,-1.76,24132098.0,1590410761.0,5.3469,0.003527,0.0051639999999999,0.96,13.6218,13.2454,3.0275,1.2346,1.2028,0.037422,0.0826629999999999,6975318129.0,6842708138.999999,4673529426.0,459324698795.0,450592330953.0,家用电器,家用电器,白色家电,空调,73.73,60.33,0.0
2024-05-30,351.34,353.91,348.3,348.51,352.09,-3.579999999999984,-1.02,19358623.0,1269509292.0,5.3469,0.002829,0.004142,0.78,13.4832,13.1106,2.9967,1.2221,1.1906,0.037807,0.083513,6975318129.0,6842708138.999999,4673529426.0,454651235648.0,446007716500.0,家用电器,家用电器,白色家电,空调,72.44,59.27,0.0
2024-05-31,348.56,350.6,345.14,346.27,348.51,-2.240000000000009,-0.64,26129419.0,1696172930.0,5.3469,0.003819,0.005591,1.1,13.3963,13.0261,2.9774,1.2142,1.1829,0.038052,0.084054,6975318129.0,6842708138.999999,4673529426.0,451721602034.0,443133779082.00006,家用电器,家用电器,白色家电,空调,71.7,58.66,0.0
2024-06-03,346.91,354.5,343.65,347.66,346.27,1.3900000000000432,0.4,35755629.0,2337233616.0,5.3469,0.005225,0.007651,1.5,13.4501,13.0784,2.9893,1.2191,1.1877,0.0379,0.045818,6975318129.0,6842708138.999999,4673529426.0,453535184748.0,444912883198.0,家用电器,家用电器,白色家电,空调,71.24,58.28,0.0
2024-06-04,347.5,347.5,338.99,345.84,347.66,-1.82000000000005,-0.52,30621198.0,1969401516.0,5.3469,0.004475,0.006552,1.23,13.3797,13.01,2.9737,1.2127,1.1814,0.038099,0.046059,6975318129.0,6842708138.999999,4673529426.0,451163576584.0,442586362431.0,家用电器,家用电器,白色家电,空调,71.52,58.52,0.0
2024-06-05,345.14,348.62,341.13,341.77,345.84,-4.069999999999993,-1.18,28331925.0,1825603150.0,5.3469,0.00414,0.006062,1.04,13.2225,12.8572,2.9387,1.1984,1.1676,0.038552,0.046607,6975318129.0,6842708138.999999,4673529426.0,445862334806.0,437385904245.00006,家用电器,家用电器,白色家电,空调,71.15,58.21,0.0
2024-06-06,341.13,353.06,341.13,351.61,341.77,9.840000000000032,2.88,43603719.0,2848032777.0,5.3469,0.006372,0.00933,1.56,13.6031,13.2273,3.0233,1.2329,1.2012,0.037473,0.045303,6975318129.0,6842708138.999999,4673529426.0,458696920163.0,449976487221.0,家用电器,家用电器,白色家电,空调,70.31,57.53,0.0
2024-06-07,348.62,349.95,340.65,348.4,351.61,-3.2100000000000364,-0.91,40064590.0,2591739293.0,5.3469,0.005855,0.0085729999999999,1.22,13.479,13.1066,2.9958,1.2217,1.1902,0.037818,0.04572,6975318129.0,6842708138.999999,4673529426.0,454511729286.0,445870862337.0,家用电器,家用电器,白色家电,空调,72.34,59.18,0.0
2024-06-11,344.88,355.57,343.16,347.55,348.4,-0.8499999999999659,-0.24,33689664.0,2188026772.0,5.3469,0.004923,0.007209,0.94,13.4459,13.0744,2.9884,1.2187,1.1873,0.037911,0.045833,6975318129.0,6842708138.999999,4673529426.0,453395678385.0,444776029035.0,家用电器,家用电器,白色家电,空调,71.68,58.64,0.0
2024-06-12,346.69,351.51,345.04,348.4,347.55,0.8499999999999659,0.24,25707199.0,1675974671.0,5.3469,0.003757,0.005501,0.73,13.479,13.1066,2.9958,1.2217,1.1902,0.037818,0.04572,6975318129.0,6842708138.999999,4673529426.0,454511729286.0,445870862337.0,家用电器,家用电器,白色家电,空调,71.5,58.5,0.0
2024-06-13,349.21,349.95,340.38,341.77,348.4,-6.629999999999996,-1.9,27485047.0,1763239544.0,5.3469,0.004017,0.005881,0.8,13.2225,12.8572,2.9387,1.1984,1.1676,0.038552,0.046607,6975318129.0,6842708138.999999,4673529426.0,445862334806.0,437385904245.00006,家用电器,家用电器,白色家电,空调,71.68,58.64,0.0
2024-06-14,339.58,351.61,339.53,350.81,341.77,9.04000000000002,2.65,37924447.0,2468107111.0,5.3469,0.005542,0.008115,1.11,13.5721,13.1971,3.0164,1.2301,1.1984,0.037559,0.045406,6975318129.0,6842708138.999999,4673529426.0,457650622444.0,448950081000.0,家用电器,家用电器,白色家电,空调,70.31,57.53,0.0
2024-06-17,351.61,351.61,343.16,345.04,350.81,-5.769999999999982,-1.64,25335808.0,1639603939.0,5.3469,0.0037,0.005416,0.77,13.3579,12.9888,2.9688,1.2107,1.1795,0.038161,0.046135,6980115778.0,6847505788.0,4678327075.0,450426871154.0,441869548500.0,家用电器,家用电器,白色家电,空调,72.17,59.05,0.0
2024-06-18,343.81,348.56,340.44,346.69,345.04,1.6499999999999773,0.48,21867469.0,1409611739.0,5.3469,0.0031929999999999,0.004674,0.73,13.4221,13.0512,2.9831,1.2165,1.1852,0.037979,0.045914,6980115778.0,6847505788.0,4678327075.0,452590707046.0,443992275294.0,家用电器,家用电器,白色家电,空调,70.98,58.08,0.0
2024-06-19,346.32,347.98,335.79,342.2,346.69,-4.490000000000009,-1.3,34699957.0,2206055298.0,5.3469,0.005068,0.007417,1.25,13.2482,12.8821,2.9445,1.2008,1.1698,0.038477,0.046517,6980115778.0,6847505788.0,4678327075.0,446727409792.0,438240370432.0,家用电器,家用电器,白色家电,空调,71.32,58.36,0.0
2024-06-20,341.67,346.21,339.74,344.71,342.2,2.509999999999991,0.73,28085788.0,1806800938.0,5.3469,0.004102,0.006003,0.95,13.3455,12.9767,2.9616,1.2096,1.1784,0.038197,0.046178,6980115778.0,6847505788.0,4678327075.0,450008064208.0,441458698152.0,家用电器,家用电器,白色家电,空调,70.4,57.6,0.0
2024-06-21,344.82,346.21,339.53,341.93,344.71,-2.7799999999999727,-0.81,24153669.0,1544527731.0,5.3469,0.003527,0.005163,0.82,13.2378,12.8721,2.9377,1.1998,1.1689,0.038507,0.046553,6980115778.0,6847505788.0,4678327075.0,446378404003.00006,437897995143.00006,家用电器,家用电器,白色家电,空调,70.92,58.02,0.0
2024-06-24,340.65,350.49,340.12,346.91,341.93,4.980000000000018,1.46,30799053.000000004,1993977958.0,5.3469,0.0044979999999999,0.006583,1.15,13.4303,13.0593,2.9804,1.2173,1.1859,0.037955,0.0458859999999999,6980115778.0,6847783704.0,4678604991.0,452869911677.0,444284206716.0,家用电器,家用电器,白色家电,空调,70.35,57.56,0.0
2024-06-25,346.77,351.8,345.01,349.13,346.93,2.1999999999999886,0.63,25309206.0,1652171356.0,5.3473,0.0036959999999999,0.00541,0.91,13.5152,13.1418,2.9993,1.225,1.1934,0.037717,0.045598,6980115778.0,6847783704.0,4678604991.0,455731759146.0,447091798034.0,家用电器,家用电器,白色家电,空调,71.37,58.39,0.0
2024-06-26,347.61,349.64,341.73,343.54,349.11,-5.569999999999993,-1.6,23831407.0,1531598024.0,5.347,0.0034799999999999,0.005094,0.83,13.2999,12.9324,2.9515,1.2055,1.1744,0.038328,0.046336,6980115778.0,6847783704.0,4678604991.0,448472438737.0,439970102982.0,家用电器,家用电器,白色家电,空调,71.82,58.76,0.0
2024-06-27,342.48,344.77,339.37,342.74,343.54,-0.8000000000000114,-0.23,27409461.0,1750926675.0,5.347,0.004003,0.0058579999999999,1.04,13.2689,12.9023,2.9446,1.2026,1.1717,0.038417,0.046444,6980115778.0,6847783704.0,4678604991.0,447425421370.0,438942935426.0,家用电器,家用电器,白色家电,空调,70.68,57.83,0.0
2024-06-28,339.53,346.43,339.43,344.88,342.74,2.1399999999999864,0.62,25195612.0,1624767679.0,5.347,0.003679,0.005385,0.96,13.3517,12.9828,2.963,1.2101,1.179,0.038179,0.0461559999999999,6980115778.0,6847783704.0,4678604991.0,450217467681.0,441682048908.0,家用电器,家用电器,白色家电,空调,70.51,57.69,0.0
2024-07-01,343.76,349.59,340.07,342.69,344.88,-2.1899999999999977,-0.64,19528313.0,1255074545.0,5.347,0.002852,0.004174,0.74,13.2668,12.9002,2.9441,1.2024,1.1715,0.038423,0.046451,6980115778.0,6847783704.0,4678604991.0,447355620212.0,438874457589.0,家用电器,家用电器,白色家电,空调,70.95,58.05,0.0
2024-07-02,340.6,343.28,335.79,336.86,342.69,-5.829999999999984,-1.7,29181345.0,1843585722.0,5.347,0.004261,0.006237,1.2,13.0412,12.6808,2.8941,1.182,1.1515,0.039088,0.047255,6980115778.0,6847783704.0,4678604991.0,439747294014.0,431410373352.0,家用电器,家用电器,白色家电,空调,70.5,57.68,0.0
2024-07-03,337.13,340.5,335.47,337.02,336.86,0.1599999999999681,0.05,18120842.0,1145370115.0,5.347,0.002646,0.0038729999999999,0.72,13.0474,12.6869,2.8955,1.1826,1.1521,0.039069,0.047233,6980115778.0,6847783704.0,4678604991.0,439956697487.0,431615806863.0,家用电器,家用电器,白色家电,空调,69.3,56.7,0.0
2024-07-04,337.93,348.62,337.93,345.42,337.02,8.400000000000034,2.49,27753098.0,1794060146.0,5.347,0.004053,0.005932,1.16,13.3724,13.0029,2.9676,1.212,1.1808,0.03812,0.046085,6980115778.0,6847783704.0,4678604991.0,450915479259.0,442366827278.0,家用电器,家用电器,白色家电,空调,69.33,56.73,0.0
2024-07-05,344.88,348.36,336.86,342.21,345.42,-3.2100000000000364,-0.93,26479582.0,1686503681.0,5.347,0.0038669999999999,0.0056599999999999,1.11,13.2482,12.8821,2.94,1.2008,1.1698,0.038477,0.046517,6980115778.0,6847783704.0,4678604991.0,446727409792.0,438258157056.0,家用电器,家用电器,白色家电,空调,71.06,58.14,0.0
2024-07-08,340.07,346.06,337.77,343.44,342.21,1.2300000000000182,0.36,19443576.0,1247645531.0,5.347,0.002839,0.004156,0.8,13.2958,12.9284,2.9506,1.2051,1.174,0.03834,0.0463499999999999,6980115778.0,6847783704.0,4678604991.0,448332836421.0,439833147308.0,家用电器,家用电器,白色家电,空调,70.4,57.6,0.0
2024-07-09,341.19,345.79,340.18,342.74,343.44,-0.6999999999999886,-0.2,21664464.0,1392889372.0,5.347,0.003164,0.004631,0.9,13.269,12.9023,2.9446,1.2026,1.1717,0.038417,0.046444,6980167587.0,6847790513.000001,4678611800.0,447428742327.0,438943371883.0,家用电器,家用电器,白色家电,空调,70.65,57.81,0.0
2024-07-10,345.1,347.88,341.19,341.19,342.74,-1.5500000000000114,-0.45,15846909.0,1016718370.0,5.347,0.002314,0.003387,0.7,13.2089,12.844,2.9313,1.1972,1.1664,0.038592,0.0466549999999999,6980167587.0,6847790513.000001,4678611800.0,445404493726.0,436957512635.0,家用电器,家用电器,白色家电,空调,70.51,57.69,0.0
2024-07-11,341.41,344.61,334.29,341.67,341.19,0.4800000000000182,0.14,27182655.0,1727208383.0,5.347,0.003967,0.005804,1.22,13.2276,12.8621,2.9354,1.1989,1.168,0.038537,0.046589,6980167587.0,6852405460.0,4683226747.0,446032708809.0,437868708894.0,家用电器,家用电器,白色家电,空调,70.19,57.43,0.0
2024-07-12,341.09,348.62,340.28,347.56,341.67,5.889999999999986,1.72,24574092.0,1588658353.0,5.347,0.0035859999999999,0.005247,1.11,13.4553,13.0835,2.986,1.2195,1.1881,0.037885,0.045801,6980167587.0,6852405460.0,4683226747.0,453710893155.0,445406354900.0,家用电器,家用电器,白色家电,空调,70.29,57.51,0.0
2024-07-15,346.38,348.41,344.13,347.23,347.56,-0.3299999999999841,-0.09,17045913.0,1104204269.0,5.347,0.0024879999999999,0.00364,0.78,13.4429,13.0714,2.9832,1.2184,1.187,0.0379199999999999,0.0458429999999999,6980167587.0,6852405460.0,4683226747.0,453292083100.0,444995210572.0,家用电器,家用电器,白色家电,空调,71.5,58.5,0.0
2024-07-16,345.58,347.34,340.87,343.65,347.23,-3.580000000000041,-1.03,20406778.0,1313240364.0,5.347,0.002978,0.004357,0.96,13.3042,12.9366,2.9524,1.2058,1.1748,0.038315,0.046321,6980167587.0,6852405460.0,4683226747.0,448615370816.0,440404098914.0,家用电器,家用电器,白色家电,空调,71.43,58.45,0.0
2024-07-17,342.42,344.24,329.7,335.95,343.65,-7.699999999999989,-2.24,46462849.0,2909157024.0,5.347,0.006781,0.009921,2.21,13.0061,12.6467,2.8863,1.1788,1.1484,0.039194,0.0473829999999999,6980167587.0,6852405460.0,4683226747.0,438563929491.0,430536635052.0,家用电器,家用电器,白色家电,空调,70.7,57.84,0.0
2024-07-18,331.57,344.67,331.57,341.67,335.95,5.720000000000027,1.7,34532462.0,2193053871.0,5.347,0.005039,0.007374,1.27,13.2276,12.8621,2.9354,1.1989,1.168,0.038537,0.046589,6980167587.0,6852405460.0,4683226747.0,446032708809.0,437868708894.0,家用电器,家用电器,白色家电,空调,69.11,56.55,0.0
2024-07-19,338.79,341.03,336.27,340.07,341.67,-1.6000000000000227,-0.47,21796963.0,1381064608.0,5.347,0.00318,0.004652,0.76,13.1692,12.8054,2.9225,1.1936,1.1629,0.038708,0.046796,6982157274.0,6854315147.000001,4685136434.0,444065202626.0,435934443349.0,家用电器,家用电器,白色家电,空调,70.29,57.51,0.0
2024-07-22,339.27,345.63,338.57,340.23,340.07,0.160000000000025,0.05,19930345.0,1273643439.0,5.347,0.002907,0.004251,0.71,13.1754,12.8114,2.9239,1.1942,1.1634,0.03869,0.0467729999999999,6982157274.0,6857152959.0,4687974246.0,444274667345.0,436320642781.0,家用电器,家用电器,白色家电,空调,69.96,57.24,0.0
2024-07-23,340.23,341.09,333.55,333.55,340.23,-6.680000000000007,-1.96,18537845.0,1165932040.0,5.347,0.002702,0.003952,0.65,12.9224,12.5653,2.8677,1.1712,1.1411,0.039447,0.047689,6985274216.999999,6860173902.0,4690995189.0,435741405656.0,427937648007.0,家用电器,家用电器,白色家电,空调,69.99,57.27,0.0
2024-07-24,331.57,335.36,318.9,321.25,333.55,-12.300000000000011,-3.69,45547336.0,2757887294.0,5.347,0.006639,0.00971,1.61,12.4459,12.102,2.762,1.128,1.099,0.0409579999999999,0.049515,6985274216.999999,6860173902.0,4690995189.0,419675274957.0,412159248032.0,家用电器,家用电器,白色家电,空调,68.62,56.14,0.0
2024-07-25,318.25,321.3,314.94,317.61,321.25,-3.6399999999999855,-1.13,30109151.0,1787253322.0,5.347,0.004388,0.006416,1.07,12.305,11.9651,2.7307,1.1153,1.0865,0.041426,0.050082,6985274216.999999,6862097628.0,4692918915.0,414925288490.0,407608599103.0,家用电器,家用电器,白色家电,空调,66.09,54.07,0.0
2024-07-26,335.95,336.81,328.31,336.01,317.61,18.399999999999977,5.79,57740171.0,3598947643.0,5.347,0.008414,0.0123039999999999,2.12,13.0177,12.658,2.8889,1.1799,1.1495,0.039159,0.04734,6985274216.999999,6862097628.0,4692918915.0,438954631796.0,431214214944.0,家用电器,家用电器,白色家电,空调,65.34,53.46,0.0
2024-07-29,333.12,337.98,332.37,336.22,336.01,0.2100000000000363,0.06,20712828.0,1297587355.0,5.347,0.003018,0.004414,0.6,13.0259,12.666,2.8907,1.1806,1.1502,0.039134,0.04731,6985274216.999999,6862097628.0,4692918915.0,439234042765.0,431488698849.00006,家用电器,家用电器,白色家电,空调,69.12,56.56,0.0
2024-07-30,334.24,335.63,324.03,326.49,336.22,-9.730000000000018,-2.89,22575846.0,1381015834.0,5.347,0.003287,0.004803,0.65,12.6489,12.2994,2.807,1.1464,1.1169,0.0403,0.04872,6985274216.999999,6869152395.0,4699973682.0,426520843690.0,419430445239.0,家用电器,家用电器,白色家电,空调,69.17,56.59,0.0
2024-07-31,324.72,341.46,324.72,340.92,326.49,14.430000000000009,4.42,40174739.0,2530147580.0,5.347,0.005849,0.008548,1.14,13.2082,12.8433,2.9312,1.1971,1.1663,0.0385939999999999,0.046657,6985274216.999999,6869152395.0,4699973682.0,445381084076.0,437977156705.0,家用电器,家用电器,白色家电,空调,67.17,54.95,0.0
2024-08-01,341.14,345.79,339.05,339.96,340.92,-0.9600000000000364,-0.28,24406833.0,1561027259.0,5.347,0.003553,0.005193,0.71,13.171,12.807,2.9229,1.1938,1.163,0.038703,0.046789,6985274216.999999,6869152395.0,4699973682.0,444123734717.0,436740709274.0,家用电器,家用电器,白色家电,空调,70.14,57.38,0.0
2024-08-02,338.47,343.71,334.56,336.81,339.96,-3.1499999999999773,-0.93,20261524.0,1280021474.0,5.347,0.00295,0.004311,0.61,13.0487,12.6882,2.8958,1.1827,1.1522,0.0390649999999999,0.047228,6985274216.999999,6869152395.0,4699973682.0,440002422929.00006,432687909361.0,家用电器,家用电器,白色家电,空调,69.94,57.22,0.0
2024-08-05,334.4,343.81,329.16,329.64,336.81,-7.170000000000016,-2.13,35476754.0,2214817315.0,5.347,0.0051649999999999,0.007548,1.38,12.7711,12.4183,2.8342,1.1575,1.1277,0.039914,0.048254,6985274216.999999,6869152395.0,4699973682.0,430642155478.0,423483245152.0,家用电器,家用电器,白色家电,空调,69.29,56.69,0.0
2024-08-06,329.43,332.9,318.25,320.39,329.64,-9.25,-2.81,38493182.0,2316733895.0,5.347,0.005604,0.00819,1.35,12.4128,12.0698,2.7546,1.125,1.0961,0.041067,0.049647,6985274216.999999,6869152395.0,4699973682.0,418557631083.0,411599611508.0,家用电器,家用电器,白色家电,空调,67.82,55.49,0.0
2024-08-07,320.39,328.2,316.76,324.56,320.39,4.170000000000016,1.3,25298592.0,1535238304.0,5.347,0.003683,0.005383,0.8,12.5743,12.2269,2.7905,1.1397,1.1103,0.040539,0.049009,6985274216.999999,6869152395.0,4699973682.0,424006144972.0,416957550377.0,家用电器,家用电器,白色家电,空调,65.91,53.93,0.0
2024-08-08,323.07,328.73,321.94,325.95,324.56,1.3899999999999864,0.43,14231910.0,867672450.0,5.347,0.002072,0.003028,0.49,12.6282,12.2793,2.8024,1.1446,1.1151,0.040366,0.0487999999999999,6985274216.999999,6869152395.0,4699973682.0,425822316268.0,418743529999.0,家用电器,家用电器,白色家电,空调,66.77,54.63,0.0
2024-08-09,325.36,329.91,322.58,323.49,325.95,-2.4599999999999795,-0.75,13802375.0,839905714.0,5.347,0.002009,0.002937,0.52,12.5329,12.1866,2.7813,1.1359,1.1067,0.040673,0.0491709999999999,6985274216.999999,6869152395.0,4699973682.0,422609090129.0,415583719898.0,家用电器,家用电器,白色家电,空调,67.06,54.86,0.0
2024-08-12,323.49,332.26,322.48,328.2,323.49,4.70999999999998,1.46,16949235.0,1042597208.0,5.347,0.002467,0.003606,0.67,12.7152,12.3639,2.8217,1.1525,1.1228,0.04009,0.0484659999999999,6985274216.999999,6869152395.0,4699973682.0,428756131439.0,421628574005.0,家用电器,家用电器,白色家电,空调,66.55,54.45,0.0
2024-08-13,328.2,332.1,325.74,328.09,328.2,-0.1100000000000136,-0.03,9835074.0,602892300.0,5.347,0.001432,0.002093,0.45,12.7111,12.3599,2.8208,1.1521,1.1224,0.040103,0.048482,6985274216.999999,6869152395.0,4699973682.0,428616425955.0,421491190957.00006,家用电器,家用电器,白色家电,空调,67.52,55.24,0.0
2024-08-14,328.09,328.79,324.03,325.63,328.09,-2.4599999999999795,-0.75,11227780.0,685993302.0,5.347,0.001635,0.002389,0.7,12.6158,12.2672,2.7997,1.1434,1.114,0.040406,0.048848,6985274216.999999,6869152395.0,4699973682.0,425403199815.0,418331380856.00006,家用电器,家用电器,白色家电,空调,67.5,55.22,0.0
2024-08-15,324.56,328.04,322.37,326.17,325.63,0.5400000000000205,0.17,19163262.0,1166672167.0,5.347,0.00279,0.004077,1.45,12.6365,12.2873,2.8043,1.1453,1.1158,0.04034,0.048768,6985274216.999999,6869152395.0,4699973682.0,426101727237.0,419018296095.0,家用电器,家用电器,白色家电,空调,66.99,54.81,0.0
2024-08-16,325.15,330.98,324.4,330.12,326.17,3.9499999999999886,1.21,18066988.0,1112521867.0,5.347,0.00263,0.003844,1.27,12.7898,12.4364,2.8383,1.1592,1.1293,0.0398559999999999,0.048184,6985274216.999999,6869152395.0,4699973682.0,431270830158.0,424101468867.0,家用电器,家用电器,白色家电,空调,67.1,54.9,0.0
2024-08-19,329.86,337.66,329.75,333.44,330.12,3.319999999999993,1.01,17275349.0,1075574308.0,5.347,0.002515,0.003676,1.15,12.9182,12.5613,2.8668,1.1709,1.1407,0.03946,0.047705,6985274216.999999,6869152395.0,4699973682.0,435601700172.0,428360343352.0,家用电器,家用电器,白色家电,空调,67.91,55.57,0.0
2024-08-20,339.43,339.48,330.23,336.97,333.44,3.5300000000000296,1.06,25780974.0,1623775567.0,5.347,0.003753,0.005485,1.71,13.0549,12.1298,2.6712,1.1832,1.1221,0.039047,0.047205,6985274216.999999,6869152395.0,4699973682.0,440211981155.00006,432893983933.0,家用电器,家用电器,白色家电,空调,68.6,56.12,0.0
2024-08-21,335.31,340.6,333.28,337.72,336.97,0.75,0.22,21187130.0,1337959065.0,5.347,0.003084,0.004508,1.16,13.0839,12.1567,2.6772,1.1859,1.1246,0.03896,0.047101,6985274216.999999,6869152395.0,4699973682.0,441189919546.0,433855665268.0,家用电器,家用电器,白色家电,空调,69.32,56.72,0.0
2024-08-22,337.56,344.83,335.36,342.69,337.72,4.96999999999997,1.47,24978743.0,1597113183.0,5.347,0.003636,0.0053149999999999,1.23,13.2766,12.3357,2.7166,1.2033,1.1411,0.038395,0.046417,6985274216.999999,6869152395.0,4699973682.0,447686224568.0,440243976996.00006,家用电器,家用电器,白色家电,空调,69.48,56.84,0.0
2024-08-23,342.21,352.69,341.57,350.01,342.69,7.319999999999993,2.14,29047135.0,1895805009.0,5.347,0.004229,0.00618,1.35,13.5604,12.5994,2.7747,1.2291,1.1655,0.037591,0.045446,6985274216.999999,6869152395.0,4699973682.0,457256050245.0,449654715777.0,家用电器,家用电器,白色家电,空调,70.5,57.68,0.0
2024-08-26,352.58,356.38,347.02,354.61,350.01,4.600000000000023,1.31,33958151.0,2241141518.0,5.347,0.004944,0.007225,1.44,13.7386,12.765,2.8111,1.2452,1.1808,0.037104,0.044856,6985274216.999999,6869152395.0,4699973682.0,463263386071.0,455562186836.0,家用电器,家用电器,白色家电,空调,72.01,58.91,0.0
2024-08-27,352.9,355.47,350.18,352.85,354.61,-1.759999999999991,-0.5,24113793.0,1590912374.0,5.347,0.0035099999999999,0.005131,0.89,13.6702,12.7014,2.7971,1.239,1.1749,0.0372889999999999,0.0450809999999999,6985274216.999999,6869152395.0,4699973682.0,460958245580.0,453295366546.0,家用电器,家用电器,白色家电,空调,72.95,59.69,0.0
2024-08-28,352.8,353.7,345.26,347.18,352.85,-5.670000000000016,-1.61,26542959.000000004,1726057217.0,5.347,0.003864,0.005647,1.0,13.4506,12.4974,2.7522,1.2191,1.1561,0.037898,0.045817,6985274216.999999,6869152395.0,4699973682.0,453553854910.0,446014065007.0,家用电器,家用电器,白色家电,空调,72.59,59.39,0.0
2024-08-29,344.45,349.21,341.94,341.94,347.18,-5.240000000000009,-1.51,23285563.0,1500197088.0,5.347,0.00339,0.004954,0.84,13.2476,12.3088,2.7106,1.2007,1.1386,0.038479,0.046519,6985274216.999999,6869152395.0,4699973682.0,446708286177.00006,439282295660.0,家用电器,家用电器,白色家电,空调,71.42,58.44,0.0
2024-08-30,339.43,351.89,338.89,346.22,341.94,4.28000000000003,1.25,33386334.000000004,2160911498.0,5.347,0.00486,0.007104,1.22,13.4133,12.4628,2.7446,1.2157,1.1529,0.0380039999999999,0.045944,6985274216.999999,6869152395.0,4699973682.0,452296505551.0,444777617576.0,家用电器,家用电器,白色家电,空调,70.35,57.56,0.0
2024-09-02,344.88,355.68,344.56,348.78,346.22,2.559999999999945,0.74,26075882.0,1706301995.0,5.347,0.003796,0.005548,0.92,13.5128,12.5552,2.7649,1.2247,1.1614,0.037724,0.045606,6985274216.999999,6869152395.0,4699973682.0,455649437175.0,448074810726.0,家用电器,家用电器,白色家电,空调,71.23,58.28,0.0
2024-09-03,347.61,355.47,347.56,352.74,348.78,3.960000000000037,1.14,24237888.0,1599193264.0,5.347,0.003529,0.005157,0.91,13.6661,12.6976,2.7963,1.2386,1.1746,0.037301,0.045094,6985274216.999999,6869152395.0,4699973682.0,460818540095.0,453157983498.0,家用电器,家用电器,白色家电,空调,71.75,58.71,0.0
2024-09-04,352.15,356.64,349.48,350.12,352.74,-2.6200000000000045,-0.74,27499633.0,1814975104.0,5.347,0.004003,0.0058509999999999,1.03,13.5646,12.6033,2.7755,1.2294,1.1659,0.03758,0.045432,6985274216.999999,6869152395.0,4699973682.0,457395755729.0,449792098825.0,家用电器,家用电器,白色家电,空调,72.57,59.37,0.0
2024-09-05,347.29,349.69,339.43,340.02,350.12,-10.100000000000025,-2.88,43212322.0,2763225151.0,5.347,0.006291,0.009194,1.61,13.173,12.2395,2.6954,1.1939,1.1322,0.038697,0.046782,6985274216.999999,6869152395.0,4699973682.0,444193587459.0,436809400798.0,家用电器,家用电器,白色家电,空调,72.03,58.93,0.0
2024-09-06,340.07,345.15,336.33,336.97,340.02,-3.0499999999999545,-0.9,23320164.0,1480652837.0,5.347,0.003395,0.0049619999999999,0.76,13.0549,12.1298,2.6712,1.1832,1.1221,0.039047,0.047205,6985274216.999999,6869152395.0,4699973682.0,440211981155.00006,432893983933.0,家用电器,家用电器,白色家电,空调,69.95,57.23,0.0
2024-09-09,328.04,332.58,324.46,326.65,336.97,-10.32000000000005,-3.06,54840638.0,3359451100.0,5.347,0.007984,0.011668,1.9,12.6551,11.7583,2.5894,1.147,1.0877,0.040235,0.048642,6985274216.999999,6869152395.0,4699973682.0,426730401917.0,419636519811.0,家用电器,家用电器,白色家电,空调,69.32,56.72,0.0
2024-09-10,323.39,329.59,323.39,324.83,326.65,-1.8199999999999927,-0.56,40111034.0,2451075854.0,5.347,0.005839,0.008534,1.16,12.5847,11.6929,2.575,1.1406,1.0816,0.04046,0.048914,6985274216.999999,6869152395.0,4699973682.0,424355408683.0,417301007996.0,家用电器,家用电器,白色家电,空调,67.2,54.98,0.0
2024-09-11,323.6,331.94,319.22,329.7,324.83,4.8700000000000045,1.5,41921762.0,2572399328.0,5.347,0.006103,0.00892,1.11,12.7732,11.868,2.6136,1.1577,1.0979,0.039863,0.048192,6985274216.999999,6869152395.0,4699973682.0,430712008220.0,423551936676.0,家用电器,家用电器,白色家电,空调,66.83,54.68,0.0
2024-09-12,330.44,336.06,329.7,333.49,329.7,3.790000000000021,1.15,27616861.0,1719561913.0,5.347,0.004016,0.005866,0.68,12.9348,12.0182,2.6467,1.1724,1.1117,0.039409,0.047644,6993130851.0,6877009029.0,4707830316.0,436161571177.00006,428919053139.0,家用电器,家用电器,白色家电,空调,67.83,55.49,0.0
2024-09-13,331.78,341.03,329.32,339.59,333.49,6.099999999999966,1.83,32148994.0,2037679478.0,5.347,0.004675,0.0068289999999999,0.86,13.1713,12.2378,2.695,1.1938,1.1321,0.038702,0.0467879999999999,6993130851.0,6877009029.0,4707830316.0,444133740347.0,436758843432.0,家用电器,家用电器,白色家电,空调,68.61,56.13,0.0
2024-09-18,340.18,351.35,339.0,348.89,339.59,9.300000000000011,2.74,29502596.000000004,1915513518.0,5.347,0.004289,0.006265,0.75,14.6303,13.5935,2.5597,1.326,1.2575,0.037662,0.04553,7560645150.0,6878568027.999999,4709389315.0,493332096038.0,448826563827.00006,家用电器,家用电器,白色家电,空调,69.86,57.16,0.0
2024-09-19,333.12,351.46,333.12,349.05,348.89,0.160000000000025,0.05,47611503.0,3085181571.0,5.347,0.006922,0.01011,1.39,14.637,13.5997,2.5609,1.3266,1.258,0.037644,0.04551,7560645150.0,6878568027.999999,4709389315.0,493558915392.0,449032920868.0,家用电器,家用电器,白色家电,空调,71.78,58.73,0.0
2024-09-20,347.07,354.51,346.27,353.22,349.05,4.170000000000016,1.19,39801250.0,2608979309.0,5.347,0.005786,0.008451,1.11,14.8119,13.7622,2.5915,1.3425,1.2731,0.0372,0.044972,7560645150.0,6878568027.999999,4709389315.0,499456218609.0,454398203930.0,家用电器,家用电器,白色家电,空调,71.81,58.75,0.0
2024-09-23,355.36,363.01,353.97,361.46,353.22,8.239999999999952,2.33,39162141.0,2643088028.0,5.347,0.005693,0.008316,1.11,15.1572,14.0831,2.6519,1.3738,1.3028,0.036352,0.043948,7560645150.0,6878568027.999999,4709389315.0,511099612140.0,464991198693.0,家用电器,家用电器,白色家电,空调,72.67,59.45,0.0
2024-09-24,361.46,364.93,353.97,363.81,361.46,2.3500000000000227,0.65,50090152.0,3378454557.0,5.347,0.0072819999999999,0.010636,1.33,15.2559,14.1747,2.6691,1.3827,1.3112,0.0361169999999999,0.0436639999999999,7560645150.0,6878568027.999999,4709389315.0,514426296006.0,468017768625.0,家用电器,家用电器,白色家电,空调,74.36,60.84,0.0
2024-09-25,364.72,382.31,364.72,374.88,363.81,11.069999999999991,3.04,62766129.0,4428074584.0,5.347,0.009125,0.013328,1.52,15.72,14.606,2.7503,1.4248,1.3511,0.035044,0.042366,7560645150.0,6878568027.999999,4709389315.0,530076831467.0,482256404443.00006,家用电器,家用电器,白色家电,空调,74.84,61.24,0.0
2024-09-26,374.29,393.97,373.17,393.33,374.88,18.44999999999999,4.92,50134212.0,3592524658.0,5.347,0.007288,0.010646,1.05,16.4935,15.3247,2.8857,1.4949,1.4176,0.0334,0.040379,7560645150.0,6878568027.999999,4709389315.0,556161057234.0,505987464140.0,家用电器,家用电器,白色家电,空调,77.12,63.1,0.0
2024-09-27,399.69,408.51,380.44,390.33,393.33,-3.0,-0.76,85744787.0,6253333702.0,5.347,0.012463,0.018202,1.77,16.3709,15.2108,2.8642,1.4838,1.4071,0.033657,0.040689,7562005832.0,6879928710.0,4710749997.0,552026425736.0,502234795830.0,家用电器,家用电器,白色家电,空调,80.92,66.2,0.0
2024-09-30,391.19,411.18,385.14,406.69,390.33,16.360000000000014,4.19,125166492.0,9344041944.0,5.347,0.018193,0.02657,2.17,17.2486,16.0263,2.9535,1.5633,1.4825,0.032303,0.0390519999999999,7646899031.999999,6879928710.0,4710749997.0,581623140374.0,523287377683.0,家用电器,家用电器,白色家电,空调,80.3,65.7,0.0
2024-10-08,447.38,447.38,420.97,428.78,406.69,22.08999999999997,5.43,135239267.0,11050056032.0,5.347,0.019657,0.028709,1.81,18.1852,16.8965,3.1139,1.6482,1.563,0.030628,0.037028,7646899031.999999,6879928710.0,4710749997.0,613204833376.0,551701483255.0,家用电器,家用电器,白色家电,空调,83.67,68.45,0.0
2024-10-09,419.2,424.12,395.78,401.08,428.78,-27.69999999999999,-6.46,89550113.0,6896386875.0,5.347,0.013016,0.01901,0.98,17.0105,15.805,2.9127,1.5418,1.462,0.032743,0.039585,7646899031.999999,6879928710.0,4710749997.0,573593896390.0,516063452537.0,家用电器,家用电器,白色家电,空调,88.21,72.17,0.0
2024-10-10,406.1,424.44,405.68,418.67,401.08,17.590000000000032,4.39,67303399.0,5259062088.0,5.347,0.009783,0.014287,0.69,17.7566,16.4983,3.0405,1.6094,1.5262,0.031368,0.037922,7646899031.999999,6879928710.0,4710749997.0,598752194206.0,538698417993.0,家用电器,家用电器,白色家电,空调,82.51,67.51,0.0
2024-10-11,417.07,418.3,405.84,410.49,418.67,-8.180000000000007,-1.95,38060178.0,2930030642.0,5.347,0.005532,0.008079,0.38,17.4097,16.1759,2.9811,1.5779,1.4963,0.031993,0.038677,7646899031.999999,6879928710.0,4710749997.0,587052438687.0,528172127067.0,家用电器,家用电器,白色家电,空调,86.13,70.47,0.0
2024-10-14,411.88,423.96,409.58,422.41,410.49,11.920000000000016,2.9,46282832.0,3620244782.0,5.347,0.0067269999999999,0.009825,0.51,17.9154,16.6458,3.0677,1.6238,1.5398,0.03109,0.037586,7646899031.999999,6879928710.0,4710749997.0,604105023528.0,543514368090.0,家用电器,家用电器,白色家电,空调,84.45,69.09,0.0
2024-10-15,422.41,422.41,406.37,406.37,422.41,-16.04000000000002,-3.8,37583316.0,2905639306.0,5.347,0.005463,0.0079779999999999,0.5,17.235,16.0136,2.9512,1.5621,1.4813,0.032317,0.039069,7646899031.999999,6879928710.0,4710749997.0,581164326432.0,522874581960.0,家用电器,家用电器,白色家电,空调,86.9,71.1,0.0
2024-10-16,399.42,403.7,394.23,402.31,406.37,-4.060000000000002,-1.0,34282949.0,2559503194.0,5.347,0.004983,0.007278,0.61,17.0627,15.8535,2.9217,1.5465,1.4665,0.032643,0.039464,7646899031.999999,6879928710.0,4710749997.0,575352683168.0,517645836140.0,家用电器,家用电器,白色家电,空调,83.6,68.4,0.0
2024-10-17,402.31,403.86,389.8,390.76,402.31,-11.550000000000011,-2.87,39437630.0,2920853670.0,5.347,0.005732,0.008372,0.88,16.5728,15.3984,2.8378,1.5021,1.4244,0.033608,0.04063,7646899031.999999,6879928710.0,4710749997.0,558835381259.0,502785190127.0,家用电器,家用电器,白色家电,空调,82.76,67.72,0.0
2024-10-18,390.76,407.44,388.46,401.08,390.76,10.319999999999991,2.64,42785106.0,3180240270.0,5.347,0.006219,0.009082,1.09,17.0105,15.805,2.9127,1.5418,1.462,0.032743,0.039585,7646899031.999999,6879928710.0,4710749997.0,573593896390.0,516063452537.0,家用电器,家用电器,白色家电,空调,80.39,65.77,0.0
2024-10-21,402.9,406.27,391.83,396.11,401.08,-4.96999999999997,-1.24,34322896.0,2547898013.0,5.347,0.004989,0.007286,0.86,16.7996,15.6091,2.8766,1.5226,1.4439,0.0331539999999999,0.040082,7646899031.999999,6879928710.0,4710749997.0,566482280291.0,509665118837.0,家用电器,家用电器,白色家电,空调,82.51,67.51,0.0
2024-10-22,397.55,411.51,396.43,409.05,396.11,12.939999999999998,3.27,40405973.0,3073890031.0,5.347,0.005873,0.008577,1.07,17.3484,16.119,2.9706,1.5724,1.4911,0.0321059999999999,0.038814,7646899031.999999,6879928710.0,4710749997.0,584987775948.0,526314546315.0,家用电器,家用电器,白色家电,空调,81.49,66.67,0.0
2024-10-23,409.58,415.89,406.37,408.4,409.05,-0.6500000000000341,-0.16,26831280.0,2053544728.0,5.347,0.0039,0.005696,0.7,17.3212,16.0937,2.9659,1.5699,1.4887,0.032156,0.038875,7646899031.999999,6879928710.0,4710749997.0,584070148064.0,525488954870.00006,家用电器,家用电器,白色家电,空调,84.15,68.85,0.0
2024-10-24,406.96,408.83,402.63,404.45,408.4,-3.9499999999999886,-0.97,17108673.0,1296926992.0,5.347,0.002487,0.003632,0.47,17.1534,15.9378,2.9372,1.5547,1.4743,0.032471,0.039255,7646899031.999999,6879928710.0,4710749997.0,578411442780.0,520397807624.0,家用电器,家用电器,白色家电,空调,84.02,68.74,0.0
2024-10-25,403.27,405.62,399.8,402.47,404.45,-1.979999999999961,-0.49,21057289.0,1583775153.0,5.347,0.003061,0.00447,0.65,17.0695,15.8598,2.9228,1.5471,1.4671,0.03263,0.039448,7646899031.999999,6879928710.0,4710749997.0,575582090139.0,517852234002.0,家用电器,家用电器,白色家电,空调,83.2,68.08,0.0
2024-10-28,403.65,404.13,395.73,400.33,402.47,-2.140000000000043,-0.53,28059096.000000004,2091524794.0,5.347,0.004078,0.005956,1.0,16.9788,15.7755,2.9073,1.5389,1.4593,0.032805,0.039659,7646899031.999999,6879928710.0,4710749997.0,572523330526.0,515100262518.0,家用电器,家用电器,白色家电,空调,82.8,67.74,0.0
2024-10-29,398.94,403.7,394.61,396.05,400.33,-4.279999999999973,-1.07,29727177.0,2214621306.0,5.347,0.004321,0.00631,1.11,16.7974,15.607,2.8762,1.5224,1.4437,0.033159,0.040087,7646899031.999999,6879928710.0,4710749997.0,566405811300.0,509596319550.0,家用电器,家用电器,白色家电,空调,82.36,67.38,0.0
2024-10-30,394.07,397.55,385.63,388.99,396.05,-7.060000000000002,-1.78,40413734.0,2939634796.0,5.347,0.005874,0.008579,1.65,16.498,15.3289,2.825,1.4953,1.418,0.033761,0.040815,7646899031.999999,6879928710.0,4710749997.0,556311904578.0,500514813653.0,家用电器,家用电器,白色家电,空调,81.48,66.66,0.0
2024-10-31,390.17,394.02,380.17,381.88,388.99,-7.110000000000014,-1.83,50046867.0,3595551677.0,5.347,0.007274,0.010624,1.84,16.1964,14.4859,2.6145,1.468,1.3657,0.034358,0.041537,7646899031.999999,6879928710.0,4710749997.0,546141528865.0,491364508468.0,家用电器,家用电器,白色家电,空调,80.03,65.48,0.0
2024-11-01,381.99,390.33,376.32,386.32,381.88,4.439999999999998,1.16,41651482.0,3009423819.0,5.347,0.006046,0.008825,1.23,16.4034,14.6711,2.6479,1.4867,1.3831,0.033963,0.04106,7655673083.0,6888702761.0,4719524048.0,553122380247.0,497708774482.0,家用电器,家用电器,白色家电,空调,78.56,64.28,0.0
2024-11-04,385.73,392.31,383.38,389.48,386.32,3.160000000000025,0.82,23231578.0,1680407656.0,5.347,0.003372,0.004922,0.61,16.5374,14.7909,2.6696,1.4989,1.3944,0.0336879999999999,0.040727,7655673083.0,6888702761.0,4719524048.0,557639227366.0,501773109111.0,家用电器,家用电器,白色家电,空调,79.48,65.03,0.0
2024-11-05,387.66,392.9,380.76,391.03,389.48,1.5499999999999543,0.4,41696728.0,3027068197.0,5.347,0.0060529999999999,0.0088349999999999,1.13,16.6032,14.8498,2.6802,1.5048,1.4,0.033555,0.040566,7655673083.0,6888702761.0,4719524048.0,559859372560.0,503770832912.0,家用电器,家用电器,白色家电,空调,80.12,65.56,0.0
2024-11-06,391.08,391.08,379.48,380.55,391.03,-10.47999999999996,-2.68,52593143.00000001,3768679119.0,5.347,0.0076349999999999,0.011144,1.33,16.1582,14.4518,2.6084,1.4645,1.3625,0.034479,0.041683,7655673083.0,6888702761.0,4719524048.0,544854253317.0,490268975500.0,家用电器,家用电器,白色家电,空调,80.44,65.82,0.0
2024-11-07,376.16,385.52,373.7,385.52,380.55,4.96999999999997,1.31,54774602.0,3895318881.0,5.347,0.007951,0.011606,1.31,16.3694,14.6406,2.6424,1.4837,1.3803,0.034034,0.0411449999999999,7655673083.0,6888702761.0,4719524048.0,551974029284.0,496675469068.0,家用电器,家用电器,白色家电,空调,78.29,64.05,0.0
2024-11-08,388.51,394.39,380.17,388.09,385.52,2.569999999999993,0.67,59337381.99999999,4283549293.0,5.347,0.008614,0.012573,1.39,16.4783,14.7381,2.66,1.4935,1.3895,0.033809,0.040873,7655673083.0,6888702761.0,4719524048.0,555648752364.0,499982046393.00006,家用电器,家用电器,白色家电,空调,79.31,64.89,0.0
2024-11-11,380.87,384.13,378.67,382.85,388.09,-5.239999999999952,-1.35,44207913.0,3153791634.0,5.347,0.006417,0.009367,0.95,16.2558,14.5391,2.6241,1.4734,1.3707,0.034272,0.041432,7655673083.0,6888702761.0,4719524048.0,548146192743.0,493231117688.0,家用电器,家用电器,白色家电,空调,79.84,65.32,0.0
2024-11-12,384.5,400.44,383.86,387.07,382.85,4.21999999999997,1.1,57547722.0,4231304809.000001,5.347,0.008354,0.012194,1.14,16.4352,14.6995,2.6531,1.4896,1.3858,0.033898,0.0409799999999999,7655673083.0,6888702761.0,4719524048.0,554194174478.0,498673192869.0,家用电器,家用电器,白色家电,空调,78.76,64.44,0.0
2024-11-13,387.55,397.28,387.44,392.47,387.07,5.400000000000034,1.4,45841657.0,3373337471.0,5.347,0.0066549999999999,0.009713,0.85,16.6645,14.9046,2.6901,1.5104,1.4052,0.033431,0.040416,7655673083.0,6888702761.0,4719524048.0,561926404292.0,505630782657.0,家用电器,家用电器,白色家电,空调,79.63,65.15,0.0
2024-11-14,392.9,400.44,386.75,393.75,392.47,1.2799999999999727,0.33,40843466.0,3020822981.0,5.347,0.005929,0.008654,0.78,16.719,14.9533,2.6989,1.5153,1.4098,0.033322,0.040285,7655673083.0,6888702761.0,4719524048.0,563763765832.0,507284071320.0,家用电器,家用电器,白色家电,空调,80.74,66.06,0.0
2024-11-15,391.13,396.27,384.18,386.32,393.75,-7.430000000000007,-1.89,34282515.0,2496870647.0,5.347,0.004977,0.007264,0.69,16.4034,14.6711,2.6479,1.4867,1.3831,0.033963,0.04106,7655673083.0,6888702761.0,4719524048.0,553122380247.0,497708774482.0,家用电器,家用电器,白色家电,空调,81.0,66.28,0.0
2024-11-18,385.89,390.22,378.73,379.9,386.32,-6.420000000000016,-1.66,31938599.0,2292938837.0,5.347,0.004636,0.006767,0.72,16.131,14.4274,2.604,1.462,1.3602,0.034537,0.041753,7655673083.0,6888702761.0,4719524048.0,543935572547.0,489442331169.0,家用电器,家用电器,白色家电,空调,79.48,65.03,0.0
2024-11-19,379.9,383.65,378.03,381.29,379.9,1.3900000000000432,0.37,22665163.0,1614053712.0,5.347,0.00329,0.004802,0.54,16.19,14.4802,2.6135,1.4674,1.3652,0.034411,0.041601,7655673083.0,6888702761.0,4719524048.0,545926047549.0,491233393887.0,家用电器,家用电器,白色家电,空调,78.16,63.95,0.0
2024-11-20,381.67,383.11,378.25,381.94,381.29,0.6499999999999773,0.17,22637119.0,1610809493.0,5.347,0.003286,0.004796,0.64,16.2183,14.5055,2.618,1.47,1.3675,0.034351,0.041528,7656144984.0,6889174662.0,4719995949.0,546878436207.0,492093746107.0,家用电器,家用电器,白色家电,空调,78.44,64.18,0.0
2024-11-21,381.62,381.72,377.23,378.78,381.94,-3.160000000000025,-0.83,21652845.0,1534662636.0,5.347,0.003143,0.004587,0.71,16.0843,14.3856,2.5964,1.4578,1.3562,0.034637,0.041874,7656144984.0,6889174662.0,4719995949.0,542361310667.0,488029133056.0,家用电器,家用电器,白色家电,空调,78.57,64.29,0.0
2024-11-22,378.73,389.37,375.47,376.38,378.78,-2.3999999999999773,-0.63,38845820.0,2781161792.0,5.347,0.005639,0.00823,1.46,15.9821,14.2943,2.5799,1.4486,1.3476,0.034859,0.042142,7656144984.0,6889174662.0,4719995949.0,538916045424.0,484929004458.0,家用电器,家用电器,白色家电,空调,77.92,63.76,0.0
2024-11-25,374.88,387.02,374.88,376.38,376.38,0.0,0.0,38586774.0,2737579009.0,5.347,0.005601,0.008175,1.4,15.9821,14.2943,2.5799,1.4486,1.3476,0.034859,0.042142,7656144984.0,6889174662.0,4719995949.0,538916045424.0,484929004458.0,家用电器,家用电器,白色家电,空调,77.43,63.35,0.0
2024-11-26,374.88,380.71,370.81,377.5,376.38,1.1200000000000043,0.3,27418796.000000004,1932586725.0,5.347,0.00398,0.005809,0.95,16.0298,14.3369,2.5876,1.4529,1.3516,0.034755,0.042017,7656144984.0,6889174662.0,4719995949.0,540523835870.0,486375731137.0,家用电器,家用电器,白色家电,空调,77.43,63.35,0.0
2024-11-27,376.0,382.31,372.9,381.35,377.5,3.850000000000023,1.02,26482499.0,1875798199.0,5.347,0.003844,0.005611,0.89,16.1933,14.4831,2.614,1.4677,1.3654,0.034404,0.041592,7656144984.0,6889174662.0,4719995949.0,546036260259.0,491335936894.0,家用电器,家用电器,白色家电,空调,77.66,63.54,0.0
2024-11-28,384.98,384.98,373.01,375.31,381.35,-6.0400000000000205,-1.58,32328951.0,2275593420.0,5.347,0.004693,0.0068489999999999,1.06,15.9367,14.2536,2.5726,1.4444,1.3438,0.034958,0.042262,7656144984.0,6889174662.0,4719995949.0,537384816427.0,483551169526.0,家用电器,家用电器,白色家电,空调,78.45,64.19,0.0
2024-11-29,372.58,378.41,371.88,374.99,375.31,-0.3199999999999932,-0.09,27750141.0,1951115164.0,5.347,0.004028,0.005879,0.85,15.9231,14.2415,2.5704,1.4432,1.3426,0.034988,0.042298,7656144984.0,6889174662.0,4719995949.0,536925447728.0,483137819046.0,家用电器,家用电器,白色家电,空调,77.21,63.17,0.0
2024-12-02,375.09,377.12,370.17,374.72,374.99,-0.2699999999999818,-0.07,35790565.0,2500096040.0,5.347,0.005195,0.0075829999999999,1.17,15.9117,14.2313,2.5686,1.4422,1.3417,0.035013,0.042328,7656144984.0,6889174662.0,4719995949.0,536542640479.0,482793360313.0,家用电器,家用电器,白色家电,空调,77.14,63.12,0.0
2024-12-03,374.29,374.29,371.08,373.49,374.72,-1.2300000000000182,-0.33,31317422.0,2181594388.0,5.347,0.004546,0.0066349999999999,1.05,15.8595,14.1846,2.5601,1.4374,1.3373,0.035128,0.042468,7656144984.0,6889174662.0,4719995949.0,534781727132.0,481208850141.0,家用电器,家用电器,白色家电,空调,77.09,63.07,0.0
2024-12-04,373.65,384.93,372.15,382.26,373.49,8.769999999999982,2.35,53195506.00000001,3779094534.0,5.347,0.007722,0.01127,1.73,16.2319,14.5176,2.6202,1.4712,1.3687,0.034321,0.041492,7656144984.0,6889174662.0,4719995949.0,547337804906.0,492507096586.0,家用电器,家用电器,白色家电,空调,76.84,62.87,0.0
2024-12-05,382.85,389.69,381.88,383.49,382.26,1.2300000000000182,0.32,36764463.0,2647263413.0,5.347,0.005336,0.007789,1.02,16.2848,14.565,2.6288,1.476,1.3731,0.034211,0.041358,7656468325.0,6889498003.0,4720319290.0,549121908269.0,494114796775.0,家用电器,家用电器,白色家电,空调,78.64,64.34,0.0
2024-12-06,383.81,391.03,382.36,389.53,383.49,6.039999999999964,1.58,45677846.0,3318584662.0,5.347,0.00663,0.009677,1.24,16.5414,14.7944,2.6702,1.4992,1.3948,0.03368,0.0407169999999999,7656468325.0,6889498003.0,4720319290.0,557773717476.0,501899929519.0,家用电器,家用电器,白色家电,空调,78.89,64.55,0.0
2024-12-09,385.04,395.04,381.29,391.03,389.53,1.5,0.39,41321923.0,3017126124.0,5.347,0.005998,0.008754,1.02,16.6049,14.8513,2.6805,1.505,1.4001,0.033551,0.040561,7656468325.0,6889498003.0,4720319290.0,559917528607.0,503828988959.00006,家用电器,家用电器,白色家电,空调,80.14,65.57,0.0
2024-12-10,409.1,409.9,394.56,394.82,391.03,3.790000000000021,0.97,55513289.0,4164810151.0,5.347,0.008058,0.01176,1.33,16.7662,14.9955,2.7065,1.5196,1.4137,0.033228,0.040171,7656468325.0,6889498003.0,4720319290.0,565353621118.0,508720532542.0,家用电器,家用电器,白色家电,空调,80.44,65.82,0.0
2024-12-11,394.07,402.79,393.54,401.56,394.82,6.740000000000009,1.71,33543390.000000004,2512587263.0,5.347,0.004869,0.007106,0.72,17.0523,15.2514,2.7527,1.5455,1.4379,0.032671,0.039497,7656468325.0,6889498003.0,4720319290.0,575000771208.0,517401300025.0,家用电器,家用电器,白色家电,空调,81.22,66.46,0.0
2024-12-12,402.09,405.04,397.66,404.02,401.56,2.4599999999999795,0.61,28639814.0,2153602254.0,5.347,0.004157,0.006067,0.67,17.1567,15.3448,2.7695,1.555,1.4467,0.032472,0.039257,7656468325.0,6889498003.0,4720319290.0,578522746637.0,520570469107.0,家用电器,家用电器,白色家电,空调,82.61,67.59,0.0
2024-12-13,402.09,402.25,392.1,395.68,404.02,-8.339999999999975,-2.06,37063334.0,2744782532.0,5.347,0.00538,0.007852,0.91,16.8025,15.028,2.7124,1.5229,1.4168,0.033157,0.040084,7656468325.0,6889498003.0,4720319290.0,566578656050.0,509822852222.0,家用电器,家用电器,白色家电,空调,83.12,68.0,0.0
2024-12-16,396.21,398.08,388.46,391.51,395.68,-4.170000000000016,-1.05,28047059.000000004,2054964896.0,5.347,0.004071,0.0059409999999999,0.72,16.6226,14.8671,2.6838,1.5066,1.4016,0.033516,0.040519,7655197190.0,6889947266.000001,4720768553.0,560513538252.0,504481938817.0,家用电器,家用电器,白色家电,空调,81.4,66.6,0.0
2024-12-17,391.4,399.31,389.32,393.91,391.51,2.400000000000034,0.61,27887305.0,2058385955.0,5.347,0.0040479999999999,0.005907,0.76,16.7248,14.9585,2.7003,1.5159,1.4102,0.033311,0.040271,7655197190.0,6889947266.000001,4720768553.0,563958376987.0,507582415086.0,家用电器,家用电器,白色家电,空调,80.54,65.9,0.0
2024-12-18,393.86,398.78,393.43,396.21,393.91,2.2999999999999545,0.58,22578549.0,1675256403.0,5.347,0.003277,0.004783,0.73,16.8224,15.0458,2.7161,1.5247,1.4185,0.033118,0.040037,7655197190.0,6889947266.000001,4720768553.0,567250111779.0,510545092411.0,家用电器,家用电器,白色家电,空调,81.04,66.3,0.0
2024-12-19,394.93,402.25,391.61,398.03,396.21,1.8199999999999927,0.46,25355278.0,1893593092.0,5.347,0.00368,0.005371,0.88,16.8996,15.1148,2.7286,1.5317,1.425,0.0329669999999999,0.039854,7655197190.0,6889947266.000001,4720768553.0,569852878824.0,512887674481.0,家用电器,家用电器,白色家电,空调,81.51,66.69,0.0
2024-12-20,397.98,399.9,393.86,395.68,398.03,-2.349999999999966,-0.59,20939651.0,1552494957.0,5.347,0.003039,0.004436,0.74,16.7997,15.0255,2.7124,1.5227,1.4166,0.033163,0.040091,7655197190.0,6889947266.000001,4720768553.0,566484592060.0,509856097684.0,家用电器,家用电器,白色家电,空调,81.88,67.0,0.0
2024-12-23,395.68,402.36,395.41,398.94,395.68,3.259999999999991,0.82,22602881.0,1689849270.0,5.347,0.003281,0.004788,0.91,16.9382,15.1494,2.7348,1.5352,1.4282,0.032891,0.039764,7655197190.0,6889947266.000001,4720768553.0,571154262346.0,514058965516.0,家用电器,家用电器,白色家电,空调,81.4,66.6,0.0
2024-12-24,397.82,408.4,397.82,407.71,398.94,8.769999999999982,2.2,34414101.0,2606513926.0,5.347,0.004995,0.00729,1.44,17.3105,15.4823,2.7949,1.569,1.4596,0.032184,0.038908,7655197190.0,6889947266.000001,4720768553.0,583708785738.0,525358479033.0,家用电器,家用电器,白色家电,空调,82.07,67.15,0.0
2024-12-25,407.98,409.58,401.24,403.91,407.71,-3.7999999999999545,-0.93,22733866.0,1719267176.0,5.347,0.0033,0.004816,0.9,17.1493,15.3382,2.7689,1.5543,1.446,0.032486,0.039274,7655197190.0,6889947266.000001,4720768553.0,578273595733.0,520466616474.0,家用电器,家用电器,白色家电,空调,83.88,68.63,0.0
2024-12-26,402.42,407.66,399.15,406.27,403.91,2.359999999999957,0.58,24214292.0,1829497500.0,5.347,0.0035139999999999,0.005129,0.96,17.2492,15.4275,2.785,1.5634,1.4545,0.032298,0.039047,7655197190.0,6889947266.000001,4720768553.0,581641882496.0,523498193271.0,家用电器,家用电器,白色家电,空调,83.09,67.99,0.0
2024-12-27,406.27,406.64,399.96,403.27,406.27,-3.0,-0.74,19842117.0,1493951286.0,5.347,0.0028799999999999,0.004203,0.79,17.1221,15.3138,2.7645,1.5519,1.4437,0.032538,0.039337,7655197190.0,6889947266.000001,4720768553.0,577354972070.0,519639822802.0,家用电器,家用电器,白色家电,空调,83.58,68.38,0.0
2024-12-30,401.03,407.33,400.6,402.74,403.27,-0.5299999999999727,-0.13,22182724.0,1676164969.0,5.347,0.00322,0.004699,0.9,17.0998,15.2939,2.7609,1.5499,1.4419,0.03258,0.039388,7655380624.000001,6890030699.999999,4720851987.0,576603268600.0,518957112324.0,家用电器,家用电器,白色家电,空调,82.96,67.88,0.0
2024-12-31,401.56,406.64,399.37,402.2,402.74,-0.5400000000000205,-0.13,30766003.000000004,2324365541.0,5.347,0.004465,0.0065169999999999,1.25,17.0771,15.2736,2.7572,1.5478,1.4399,0.032624,0.03944,7655380624.000001,6890030699.999999,4720851987.0,575837730537.0,518268109254.0,家用电器,家用电器,白色家电,空调,82.85,67.79,0.0
2025-01-02,403.16,412.79,401.03,402.74,402.2,0.5400000000000205,0.13,41367089.0,3143071622.0,5.347,0.006004,0.008763,1.73,17.0998,15.2939,2.7609,1.5499,1.4419,0.039388,0.039388,7655380624.000001,6890030699.999999,4720851987.0,576603268600.0,518957112324.0,家用电器,家用电器,白色家电,空调,82.74,67.7,0.0
2025-01-03,401.03,406.69,395.14,399.37,402.74,-3.3700000000000045,-0.84,29642200.0,2225340636.0,5.347,0.004302,0.006279,1.07,16.9567,15.166,2.7378,1.5369,1.4298,0.03972,0.03972,7655380624.000001,6890030699.999999,4720851987.0,571780378807.0,514616392983.0,家用电器,家用电器,白色家电,空调,82.85,67.79,0.0
2025-01-06,399.31,407.87,397.18,403.06,399.37,3.6899999999999977,0.92,30681009.000000004,2308954916.0,5.347,0.0044529999999999,0.006499,1.07,17.1134,15.3061,2.7631,1.5511,1.443,0.039353,0.039353,7655380624.000001,6890030699.999999,4720851987.0,577062591437.0,519370514166.0,家用电器,家用电器,白色家电,空调,82.16,67.22,0.0
2025-01-07,401.03,410.44,398.35,406.0,403.06,2.9399999999999977,0.73,25178525.0,1913943076.0,5.347,0.003654,0.005333,0.81,17.2396,15.4189,2.7835,1.5625,1.4537,0.039068,0.039068,7655955882.999999,6890605959.0,4721427246.0,581316730196.0,523203710467.0,家用电器,家用电器,白色家电,空调,82.92,67.84,0.0
2025-01-08,403.75,415.25,403.32,414.82,406.0,8.819999999999993,2.17,40692962.0,3129132562.0,5.347,0.005906,0.008619,1.29,17.6142,15.754,2.8439,1.5965,1.4852,0.038237,0.038237,7655955882.999999,6890605959.0,4721427246.0,593949057403.0,534573210299.0,家用电器,家用电器,白色家电,空调,83.52,68.34,0.0
2025-01-09,415.46,422.41,412.79,420.97,414.82,6.150000000000034,1.48,34598694.0,2715146336.0,5.347,0.005021,0.007328,1.03,17.8753,15.9875,2.8861,1.6201,1.5073,0.037679,0.037679,7655955882.999999,6890605959.0,4721427246.0,602753406669.0,542497407152.0,家用电器,家用电器,白色家电,空调,85.34,69.82,0.0
2025-01-10,420.97,421.82,408.35,408.35,420.97,-12.620000000000005,-3.0,27109567.0,2093133229.0,5.347,0.003934,0.005742,0.84,17.3395,15.5083,2.7996,1.5716,1.4621,0.038843,0.038843,7655955882.999999,6890605959.0,4721427246.0,584685350785.0,526235577089.0,家用电器,家用电器,白色家电,空调,86.6,70.86,0.0
2025-01-13,404.29,406.48,395.3,397.28,408.35,-11.07000000000005,-2.71,25584606.0,1911136129.0,5.347,0.003713,0.005419,0.81,16.8695,15.0879,2.7237,1.529,1.4224,0.039925,0.039925,7655955882.999999,6890605959.0,4721427246.0,568837522107.0,511972022754.0,家用电器,家用电器,白色家电,空调,84.01,68.73,0.0
2025-01-14,397.28,402.9,392.63,398.99,397.28,1.7100000000000364,0.43,28858396.000000004,2150563704.0,5.347,0.004188,0.0061119999999999,0.94,16.9421,15.1529,2.7354,1.5356,1.4286,0.039754,0.039754,7655955882.999999,6890605959.0,4721427246.0,571287427989.0,514177016661.0,家用电器,家用电器,白色家电,空调,81.73,66.87,0.0
2025-01-15,399.1,405.14,393.54,394.72,398.99,-4.269999999999982,-1.07,25663453.0,1910565918.0,5.347,0.003724,0.005436,0.82,16.7605,14.9904,2.7061,1.5191,1.4133,0.040185,0.040185,7655955882.999999,6890605959.0,4721427246.0,565162663283.0,508664531893.0,家用电器,家用电器,白色家电,空调,82.08,67.16,0.0
2025-01-16,395.62,403.43,395.14,396.16,394.72,1.4399999999999975,0.36,26233035.0,1953070088.0,5.347,0.0038069999999999,0.005555,0.92,16.8235,15.0468,2.7163,1.5248,1.4186,0.040034,0.040034,7656751356.0,6891401432.000001,4722222719.0,567288707966.0,510583932097.00006,家用电器,家用电器,白色家电,空调,81.2,66.44,0.0
2025-01-17,396.11,400.33,393.7,397.55,396.16,1.3899999999999864,0.35,15928751.0,1184446629.0,5.347,0.002311,0.0033729999999999,0.6,16.8826,15.0996,2.7258,1.5302,1.4235,0.039894,0.039894,7656751356.0,6891401432.000001,4722222719.0,569279463319.0,512375696469.0,家用电器,家用电器,白色家电,空调,81.5,66.68,0.0
2025-01-20,401.56,410.33,400.38,400.44,397.55,2.8899999999999864,0.73,29699251.0,2245932516.0,5.347,0.00431,0.006289,1.21,17.0052,15.2093,2.7456,1.5413,1.4339,0.039606,0.039606,7656751356.0,6891401432.000001,4722222719.0,573414109051.0,516097053242.0,家用电器,家用电器,白色家电,空调,81.79,66.92,0.0
2025-01-21,402.42,402.58,396.85,397.82,400.44,-2.6200000000000045,-0.65,16286276.999999998,1217315662.0,5.347,0.002363,0.003449,0.64,16.8939,15.1098,2.7277,1.5312,1.4245,0.039867,0.039867,7656751356.0,6891401432.000001,4722222719.0,569662300886.0,512720266541.0,家用电器,家用电器,白色家电,空调,82.38,67.4,0.0
2025-01-22,397.71,397.71,386.48,390.33,397.82,-7.490000000000009,-1.88,32217997.0,2351219471.0,5.347,0.004675,0.006823,1.42,16.576,14.8255,2.6763,1.5024,1.3977,0.040632,0.040632,7656751356.0,6891401432.000001,4722222719.0,558942848988.0,503072304536.0,家用电器,家用电器,白色家电,空调,81.84,66.96,0.0
2025-01-23,392.47,395.25,387.12,392.52,390.33,2.1899999999999977,0.56,27008672.0,1981526548.0,5.347,0.003919,0.0057189999999999,1.12,16.6691,14.9087,2.6914,1.5108,1.4056,0.0404049999999999,0.0404049999999999,7656751356.0,6891401432.000001,4722222719.0,562082117044.0,505897779123.0,家用电器,家用电器,白色家电,空调,80.3,65.7,0.0
2025-01-24,390.38,393.75,387.92,389.37,392.52,-3.1499999999999773,-0.8,30486076.0,2224547325.0,5.347,0.004424,0.006456,1.26,16.5352,14.7889,2.6697,1.4987,1.3943,0.040732,0.040732,7656751356.0,6891401432.000001,4722222719.0,557564633744.0,501831852278.0,家用电器,家用电器,白色家电,空调,80.75,66.07,0.0
2025-01-27,389.58,397.28,388.3,395.04,389.37,5.670000000000016,1.46,28011516.0,2066038991.0,5.347,0.004065,0.005932,1.03,16.7759,15.0042,2.7086,1.5205,1.4146,0.040148,0.040148,7656751356.0,6891401432.000001,4722222719.0,565680790181.0,509136737796.0,家用电器,家用电器,白色家电,空调,80.1,65.54,0.0
2025-02-05,392.47,394.02,383.27,386.11,395.04,-8.930000000000007,-2.26,36351088.0,2623254186.0,5.347,0.0052749999999999,0.007698,1.36,16.3967,14.665,2.6474,1.4861,1.3826,0.0410759999999999,0.0410759999999999,7656751356.0,6891401432.000001,4722222719.0,552894015417.0,497628097405.00006,家用电器,家用电器,白色家电,空调,81.27,66.49,0.0
2025-02-06,385.95,387.98,381.94,386.43,386.11,0.3199999999999932,0.08,28567493.0,2058313211.0,5.347,0.0041449999999999,0.00605,0.93,16.4103,14.6772,2.6496,1.4874,1.3837,0.041033,0.041033,7656751356.0,6891401432.000001,4722222719.0,553353420498.0,498041581491.0,家用电器,家用电器,白色家电,空调,79.43,64.99,0.0
2025-02-07,387.12,392.68,383.22,392.68,386.43,6.25,1.62,35534968.0,2588044043.0,5.347,0.005155,0.0075229999999999,1.18,16.6793,14.9178,2.693,1.5117,1.4064,0.040379,0.040379,7658302044.0,6892952120.000001,4723773407.0,562425702111.0,506218403693.0,家用电器,家用电器,白色家电,空调,79.5,65.04,0.0
2025-02-10,392.04,392.1,387.66,390.38,392.68,-2.300000000000012,-0.59,31864987.0,2324957366.0,5.347,0.0046229999999999,0.0067459999999999,1.0,16.5817,14.8305,2.6772,1.5029,1.3982,0.040617,0.040617,7658302044.0,6892952120.000001,4723773407.0,559132632232.0,503254434281.0,家用电器,家用电器,白色家电,空调,80.78,66.1,0.0
2025-02-11,392.68,394.93,388.25,394.07,390.38,3.6899999999999977,0.95,30044016.0,2200715457.0,5.347,0.004359,0.00636,0.94,16.7384,14.9706,2.7025,1.5171,1.4114,0.0402369999999999,0.0402369999999999,7658302044.0,6892952120.000001,4723773407.0,564416860643.0,508010571244.0,家用电器,家用电器,白色家电,空调,80.31,65.71,0.0
2025-02-12,392.79,393.49,388.62,391.83,394.07,-2.240000000000009,-0.57,22807278.0,1667138730.0,5.347,0.003309,0.004828,0.7,16.643,14.8853,2.6871,1.5085,1.4033,0.040467,0.040467,7658302044.0,6892952120.000001,4723773407.0,561200373784.0,505115531354.0,家用电器,家用电器,白色家电,空调,81.07,66.33,0.0
2025-02-13,390.33,392.42,385.68,385.73,391.83,-6.099999999999966,-1.56,41066444.0,2979276852.0,5.347,0.005958,0.008694,1.38,16.3841,14.6538,2.6453,1.485,1.3815,0.041107,0.041107,7658302044.0,6892952120.000001,4723773407.0,552469909454.0,497257565937.0,家用电器,家用电器,白色家电,空调,80.61,65.95,0.0
2025-02-14,385.63,388.67,384.45,387.6,385.73,1.8700000000000043,0.48,23435076.0,1697819619.0,5.347,0.0034,0.004961,0.73,16.4636,14.7249,2.6582,1.4922,1.3882,0.040908,0.040908,7658302044.0,6892952120.000001,4723773407.0,555150315170.0,499670099179.00006,家用电器,家用电器,白色家电,空调,79.35,64.93,0.0
2025-02-17,386.32,387.5,380.97,385.2,387.6,-2.400000000000034,-0.62,40235806.0,2886662764.0,5.347,0.005837,0.008518,1.35,16.3614,14.6335,2.6417,1.4829,1.3796,0.041164,0.041164,7658302044.0,6892952120.000001,4723773407.0,551704079250.0,496568270725.0,家用电器,家用电器,白色家电,空调,79.74,65.24,0.0
2025-02-18,384.93,388.46,382.47,384.45,385.2,-0.75,-0.19,29346513.0,2117878259.0,5.347,0.004257,0.006213,0.93,16.3296,14.605,2.6365,1.48,1.3769,0.0412439999999999,0.0412439999999999,7658302044.0,6892952120.000001,4723773407.0,550631916964.0,495603257428.0,家用电器,家用电器,白色家电,空调,79.24,64.84,0.0
2025-02-19,381.24,384.82,379.64,382.04,384.45,-2.409999999999968,-0.63,33715017.0,2408852125.0,5.347,0.0048909999999999,0.007137,1.07,16.2274,14.5136,2.62,1.4708,1.3683,0.041504,0.041504,7658302044.0,6892952120.000001,4723773407.0,547185681044.0,492501428974.0,家用电器,家用电器,白色家电,空调,79.09,64.71,0.0
2025-02-20,381.83,383.43,379.96,380.87,382.04,-1.170000000000016,-0.31,31420228.000000004,2241810157.0,5.347,0.0045579999999999,0.006652,0.94,16.1774,14.4689,2.612,1.4663,1.3641,0.0416319999999999,0.0416319999999999,7658302044.0,6892952120.000001,4723773407.0,545500854594.0,490984979508.0,家用电器,家用电器,白色家电,空调,78.6,64.31,0.0
2025-02-21,379.74,380.87,375.36,377.44,380.87,-3.430000000000007,-0.9,55339013.0,3903770927.0,5.347,0.008028,0.011715,1.75,16.032,14.3389,2.5885,1.4531,1.3518,0.04201,0.04201,7658302044.0,6892952120.000001,4723773407.0,540599541286.0,486573490151.0,家用电器,家用电器,白色家电,空调,78.35,64.11,0.0
2025-02-24,377.77,382.31,375.79,379.05,377.44,1.6100000000000136,0.43,46937741.0,3326317437.0,5.347,0.00681,0.009936,1.23,16.1002,14.3999,2.5995,1.4593,1.3576,0.041832,0.041832,7658302044.0,6892952120.000001,4723773407.0,542897031899.00006,488641375787.0,家用电器,家用电器,白色家电,空调,77.65,63.53,0.0
2025-02-25,376.96,377.87,368.84,369.1,379.05,-9.949999999999989,-2.62,56599867.00000001,3932087508.0,5.347,0.008211,0.011982,1.44,15.6777,14.022,2.5313,1.421,1.322,0.042959,0.042959,7658302044.0,6892952120.000001,4723773407.0,528652590097.0,475820484844.0,家用电器,家用电器,白色家电,空调,77.98,63.8,0.0
2025-02-26,367.39,375.15,367.34,374.93,369.1,5.829999999999984,1.58,40412376.0,2820753654.0,5.347,0.005863,0.008555,0.9,15.9253,14.2434,2.5713,1.4434,1.3428,0.0422909999999999,0.0422909999999999,7658302044.0,6892952120.000001,4723773407.0,537000139325.0,483333802654.0,家用电器,家用电器,白色家电,空调,75.93,62.13,0.0
2025-02-27,379.64,388.78,377.66,387.55,374.93,12.620000000000005,3.37,65248235.0,4700242778.0,5.347,0.009466,0.0138129999999999,1.41,16.4613,14.7228,2.6578,1.492,1.388,0.040914,0.040914,7658302044.0,6892952120.000001,4723773407.0,555073732149.0,499601169658.0,家用电器,家用电器,白色家电,空调,77.13,63.11,0.0
2025-02-28,388.99,393.0,385.52,390.6,387.55,3.050000000000012,0.79,50647934.0,3702978856.0,5.347,0.007348,0.010722,0.96,16.5907,14.8386,2.6787,1.5037,1.3989,0.040595,0.040595,7658302044.0,6892952120.000001,4723773407.0,559438964314.0,503530152366.0,家用电器,家用电器,白色家电,空调,79.73,65.23,0.0
2025-03-03,388.73,390.28,378.83,379.64,390.6,-10.960000000000036,-2.81,40591782.0,2908667199.0,5.347,0.005889,0.008593,0.78,16.1252,14.4222,2.6035,1.4615,1.3597,0.041767,0.041767,7658302044.0,6892952120.000001,4723773407.0,543739445124.0,489399600520.0,家用电器,家用电器,白色家电,空调,80.36,65.75,0.0
2025-03-04,381.13,387.5,381.13,384.82,379.64,5.180000000000007,1.36,30041994.0,2159097772.0,5.347,0.004358,0.00636,0.59,16.3455,14.6192,2.6391,1.4815,1.3783,0.041204,0.041204,7658302044.0,6892952120.000001,4723773407.0,551167998107.0,496085764076.0,家用电器,家用电器,白色家电,空调,78.1,63.9,0.0
2025-03-05,384.45,385.79,380.71,383.65,384.82,-1.170000000000016,-0.3,28618620.0,2050696436.0,5.347,0.004152,0.006058,0.63,16.2955,14.5745,2.631,1.477,1.374,0.04133,0.04133,7658302044.0,6892952120.000001,4723773407.0,549483171657.00006,494569314610.0,家用电器,家用电器,白色家电,空调,79.17,64.77,0.0
2025-03-06,384.5,384.82,376.54,380.39,383.65,-3.259999999999991,-0.85,40239881.0,2857881528.0,5.347,0.0058379999999999,0.008519,0.94,16.157,14.4506,2.6087,1.4644,1.3624,0.041676,0.041676,7658302044.0,6892952120.000001,4723773407.0,544811607410.0,490364613817.0,家用电器,家用电器,白色家电,空调,78.93,64.58,0.0
2025-03-07,380.28,380.92,375.68,378.51,380.39,-1.879999999999996,-0.49,31482660.0,2228492957.0,5.347,0.004566,0.006663,0.83,16.0806,14.3823,2.5963,1.4575,1.3559,0.041882,0.041882,7659775595.0,6894425671.0,4725246958.0,542235514370.0,488056393250.0,家用电器,家用电器,白色家电,空调,78.25,64.03,0.0
2025-03-10,378.62,381.03,377.02,380.01,378.51,1.5,0.4,27344026.0,1937259286.0,5.347,0.003966,0.005787,0.8,16.1442,14.4392,2.6066,1.4632,1.3613,0.041717,0.041717,7659775595.0,6894425671.0,4725246958.0,544380251537.0,489986832438.0,家用电器,家用电器,白色家电,空调,77.87,63.71,0.0
2025-03-11,376.96,381.99,375.89,379.26,380.01,-0.75,-0.2,25282497.0,1788427242.0,5.347,0.003667,0.005351,0.8,16.1124,14.4108,2.6015,1.4604,1.3586,0.041799,0.041799,7659775595.0,6894425671.0,4725246958.0,543307882953.0,489021612844.0,家用电器,家用电器,白色家电,空调,78.18,63.96,0.0
2025-03-12,379.53,379.53,374.82,374.82,379.26,-4.439999999999998,-1.17,30130110.0,2117631624.0,5.347,0.00437,0.006376,0.98,15.9238,14.2421,2.571,1.4433,1.3427,0.042294,0.042294,7659775595.0,6894425671.0,4725246958.0,536950269210.0,483299239537.0,家用电器,家用电器,白色家电,空调,78.02,63.84,0.0
2025-03-13,374.34,377.77,373.27,374.34,374.82,-0.4800000000000182,-0.13,25262164.0,1774959974.0,5.347,0.003664,0.005346,0.82,15.9034,14.2238,2.5677,1.4414,1.341,0.042349,0.042349,7659775595.0,6894425671.0,4725246958.0,536260889406.0,482678741227.0,家用电器,家用电器,白色家电,空调,77.11,63.09,0.0
2025-03-14,374.45,385.52,373.33,384.29,374.34,9.950000000000044,2.66,42544964.0,3036261982.0,5.347,0.0061709999999999,0.009004,1.52,16.3259,14.6017,2.6359,1.4797,1.3766,0.041253,0.041253,7659775595.0,6894425671.0,4725246958.0,550508072013.0,495502372975.0,家用电器,家用电器,白色家电,空调,77.01,63.01,0.0
2025-03-17,387.76,387.76,382.85,384.34,384.29,0.0499999999999545,0.01,34733287.0,2497780791.0,5.347,0.005038,0.007351,1.15,16.3282,14.6038,2.6363,1.4799,1.3768,0.041247,0.041247,7659775595.0,6894425671.0,4725246958.0,550584669769.0,495571317231.0,家用电器,家用电器,白色家电,空调,79.06,64.68,0.0
2025-03-18,384.98,406.91,382.9,400.92,384.34,16.58000000000004,4.31,77931396.0,5762238290.0,5.347,0.011304,0.016493,2.47,17.0324,15.2336,2.75,1.5437,1.4362,0.039542,0.039542,7659775595.0,6894425671.0,4725246958.0,574329974113.0,516944036812.0,家用电器,家用电器,白色家电,空调,79.07,64.69,0.0
2025-03-19,412.95,416.75,401.19,409.1,400.92,8.180000000000007,2.04,106626103.0,8164296255.0,5.347,0.015466,0.0225649999999999,2.53,17.3799,15.5444,2.8061,1.5752,1.4655,0.038751,0.038751,7659775595.0,6894425671.0,4725246958.0,586049430773.0,527492508088.0,家用电器,家用电器,白色家电,空调,82.48,67.48,0.0
2025-03-20,408.51,410.92,401.56,401.93,409.1,-7.170000000000016,-1.75,58569318.99999999,4434498828.0,5.347,0.008495,0.012395,1.02,17.0755,15.2722,2.757,1.5477,1.4398,0.039442,0.039442,7659775595.0,6894425671.0,4725246958.0,575785331476.0,518253977689.0,家用电器,家用电器,白色家电,空调,84.16,68.86,0.0
2025-03-21,399.8,408.67,399.8,402.52,401.93,0.589999999999975,0.15,38452793.0,2903191225.0,5.347,0.0055769999999999,0.008138,0.6,17.1005,15.2945,2.761,1.5499,1.4419,0.039384,0.039384,7659775595.0,6894425671.0,4725246958.0,576627906792.0,519012364513.0,家用电器,家用电器,白色家电,空调,82.69,67.65,0.0
2025-03-24,400.38,409.05,400.06,406.69,402.52,4.170000000000016,1.04,38734811.0,2945134162.0,5.347,0.005618,0.008197,0.61,17.2777,15.453,2.7896,1.566,1.4569,0.03898,0.03898,7659775595.0,6894425671.0,4725246958.0,582602531756.0,524390016536.0,家用电器,家用电器,白色家电,空调,82.81,67.75,0.0
2025-03-25,410.7,414.39,408.35,410.97,406.69,4.28000000000003,1.05,32418622.0,2493718323.0,5.347,0.004702,0.006861,0.51,17.4594,15.6155,2.819,1.5824,1.4722,0.038574,0.038574,7659775595.0,6894425671.0,4725246958.0,588730352232.0,529905557073.0,家用电器,家用电器,白色家电,空调,83.67,68.45,0.0
2025-03-26,408.89,413.86,405.68,410.6,410.97,-0.3700000000000045,-0.09,23706858.0,1814277211.0,5.347,0.0034389999999999,0.005017,0.43,17.4435,15.6013,2.8164,1.581,1.4708,0.03861,0.03861,7659775595.0,6894425671.0,4725246958.0,588194167940.0,529422947276.0,家用电器,家用电器,白色家电,空调,84.55,69.17,0.0
2025-03-27,410.6,414.39,408.08,409.05,410.6,-1.5500000000000114,-0.38,25721538.0,1974042919.0,5.347,0.003731,0.005443,0.67,17.3776,15.5424,2.8057,1.575,1.4653,0.038756,0.038756,7659775595.0,6894425671.0,4725246958.0,585972833018.0,527423563832.0,家用电器,家用电器,白色家电,空调,84.47,69.11,0.0
2025-03-28,407.49,412.68,404.66,411.02,409.05,1.9699999999999704,0.48,24911431.0,1909917934.0,5.347,0.003613,0.005272,0.78,17.4617,15.6176,2.8193,1.5827,1.4724,0.038569,0.038569,7659775595.0,6894425671.0,4725246958.0,588806949988.0,529974501330.0,家用电器,家用电器,白色家电,空调,84.15,68.85,0.0
2025-03-31,411.18,430.43,411.18,419.74,411.02,8.720000000000027,2.12,68968445.0,5458996643.0,5.347,0.01,0.014588,2.37,15.6041,15.6041,2.7743,1.4769,1.4769,0.037765,0.037765,7660355772.000001,6897003085.0,4727824372.0,601337928102.0,541414742173.0,家用电器,家用电器,白色家电,空调,84.56,69.18,0.0
2025-04-01,417.6,421.24,402.09,403.11,419.74,-16.629999999999995,-3.96,55181654.0,4204786523.0,5.347,0.008001,0.011672,1.57,14.9859,14.9859,2.6644,1.4184,1.4184,0.039323,0.039323,7660355772.000001,6897003085.0,4727824372.0,577514221651.0,519965062578.0,家用电器,家用电器,白色家电,空调,86.35,70.65,0.0
2025-04-02,402.9,410.6,402.04,406.16,403.11,3.050000000000012,0.76,26853625.0,2036925144.0,5.347,0.003894,0.0056799999999999,0.68,15.0992,15.0992,2.6846,1.4292,1.4292,0.039028,0.039028,7660355772.000001,6897003085.0,4727824372.0,581880624441.0,523896354337.0,家用电器,家用电器,白色家电,空调,82.93,67.85,0.0
2025-04-03,398.89,400.12,391.13,392.26,406.16,-13.900000000000034,-3.42,56598874.0,4179850012.0,5.347,0.008206,0.011971,1.4,14.5824,14.5824,2.5927,1.3802,1.3802,0.040411,0.040411,7660355772.000001,6897003085.0,4727824372.0,561963699434.0,505964146316.0,家用电器,家用电器,白色家电,空调,83.56,68.36,0.0
2025-04-07,364.77,371.46,353.01,359.21,392.26,-33.05000000000001,-8.43,88089693.0,5986991841.0,5.347,0.0127719999999999,0.018632,1.89,13.3539,13.3539,2.3743,1.264,1.264,0.0441289999999999,0.0441289999999999,7660355772.000001,6897003085.0,4727824372.0,514622700763.0,463340667250.0,家用电器,家用电器,白色家电,空调,80.7,66.02,0.0
2025-04-08,363.6,376.96,362.47,375.52,359.21,16.310000000000002,4.54,74473332.0,5151771418.0,5.347,0.010798,0.015752,1.26,13.9602,13.9602,2.4821,1.3213,1.3213,0.042213,0.042213,7660355772.000001,6897003085.0,4727824372.0,537986785868.0,484376526660.0,家用电器,家用电器,白色家电,空调,73.9,60.46,0.0
2025-04-09,369.96,376.96,365.84,372.53,375.52,-2.990000000000009,-0.8,57883954.0,4027838482.0,5.347,0.008393,0.0122429999999999,0.96,13.8489,13.8489,2.4623,1.3108,1.3108,0.0425349999999999,0.0425349999999999,7660355772.000001,6897003085.0,4727824372.0,533696986635.00006,480514204932.0,家用电器,家用电器,白色家电,空调,77.25,63.21,0.0
2025-04-10,377.5,382.79,374.99,380.12,372.53,7.590000000000032,2.04,45084852.0,3199356700.0,5.347,0.006534,0.00953,0.74,14.1362,14.1362,2.5134,1.338,1.338,0.041685,0.041685,7663128033.0,6899775346.0,4730596633.0,544771771866.0,490505029347.0,家用电器,家用电器,白色家电,空调,76.64,62.7,0.0
2025-04-11,377.07,378.25,372.31,376.91,380.12,-3.2099999999999795,-0.84,29562589.0,2075657472.0,5.347,0.004285,0.006249,0.46,14.0169,14.0169,2.4922,1.3267,1.3267,0.042039,0.042039,7663128033.0,6899775346.0,4730596633.0,540173895046.00006,486365164140.0,家用电器,家用电器,白色家电,空调,78.2,63.98,0.0
2025-04-14,378.14,379.1,372.74,373.86,376.91,-3.050000000000012,-0.81,34883505.0,2447104070.0,5.347,0.005056,0.007374,0.59,13.9039,13.9039,2.4721,1.316,1.316,0.042381,0.042381,7663315681.0,6899962994.0,4730784281.0,535819032416.0,482445412540.0,家用电器,家用电器,白色家电,空调,77.54,63.44,0.0
2025-04-15,374.82,384.08,372.63,382.2,373.86,8.339999999999975,2.23,34366681.0,2441442777.0,5.347,0.004981,0.007264,0.71,14.2143,14.2143,2.5272,1.3454,1.3454,0.041456,0.041456,7663423197.0,6900070510.0,4730891797.0,547781490122.0,493217040055.00006,家用电器,家用电器,白色家电,空调,76.91,62.93,0.0
2025-04-16,380.65,382.2,376.27,379.64,382.2,-2.5600000000000023,-0.67,26672943.0,1890971340.0,5.347,0.003866,0.005638,0.66,14.1191,14.1191,2.5102,1.3364,1.3364,0.041736,0.041736,7663513665.0,6900160978.0,4730982265.0,544109470215.0,489911429438.0,家用电器,家用电器,白色家电,空调,78.63,64.33,0.0
2025-04-17,378.25,380.55,376.11,379.37,379.64,-0.2699999999999818,-0.07,19591273.0,1388823325.0,5.347,0.002839,0.004141,0.57,14.1092,14.1092,2.5084,1.3355,1.3355,0.041765,0.041765,7663573245.0,6900220558.0,4731041845.0,543730521733.0,489570648590.0,家用电器,家用电器,白色家电,空调,78.1,63.9,0.0
2025-04-18,379.37,381.4,376.8,379.21,379.37,-0.160000000000025,-0.04,15448382.999999998,1094653676.0,5.347,0.0022389999999999,0.003265,0.53,14.1034,14.1034,2.5073,1.3349,1.3349,0.041782,0.041782,7663626568.0,6900273881.0,4731095168.0,543504396203.0,489367423641.0,家用电器,家用电器,白色家电,空调,78.05,63.86,0.0
2025-04-21,378.46,382.9,376.96,381.72,379.21,2.510000000000048,0.66,17751380.0,1262930782.0,5.347,0.0025729999999999,0.0037519999999999,0.68,14.1968,14.1968,2.524,1.3437,1.3437,0.0415069999999999,0.0415069999999999,7663626568.0,6900273881.0,4731095168.0,547106300690.0,492610552365.0,家用电器,家用电器,白色家电,空调,78.01,63.83,0.0
2025-04-22,381.24,386.21,380.76,383.49,381.72,1.7699999999999818,0.46,22615500.0,1626765493.0,5.347,0.003277,0.0047799999999999,0.99,14.2625,14.2625,2.5356,1.35,1.35,0.041316,0.041316,7663654486.0,6900301799.0,4731123086.0,549637299736.0,494889645024.00006,家用电器,家用电器,白色家电,空调,78.53,64.25,0.0
2025-04-23,385.52,387.23,383.91,384.18,383.49,0.6899999999999977,0.18,22586871.0,1627423197.0,5.347,0.003273,0.004774,1.11,14.2884,14.2884,2.5402,1.3524,1.3524,0.041241,0.041241,7663654486.0,6900301799.0,4731123086.0,550633574819.0,495786684258.00006,家用电器,家用电器,白色家电,空调,78.89,64.55,0.0
2025-04-24,387.12,391.35,384.77,390.06,384.18,5.879999999999996,1.53,23180750.0,1684714693.0,5.347,0.0033589999999999,0.0049,1.18,14.5074,14.5074,2.5791,1.3731,1.3731,0.040618,0.040618,7663788878.0,6900436191.0,4731123086.0,559073398650.0,503386820133.0,家用电器,家用电器,白色家电,空调,79.04,64.67,0.0
2025-04-25,390.06,390.33,387.02,388.99,390.06,-1.0699999999999932,-0.27,17097238.0,1244078508.0,5.347,0.0024779999999999,0.003614,0.84,14.4677,14.4677,2.572,1.3694,1.3694,0.04073,0.04073,7663831528.0,6900478841.0,4731257478.0,557543743662.0,502009835683.0,家用电器,家用电器,白色家电,空调,80.25,65.66,0.0
2025-04-28,392.42,393.43,389.26,391.56,388.99,2.569999999999993,0.66,23966015.0,1755320152.0,5.347,0.003473,0.0050649999999999,1.16,14.5633,14.5633,2.589,1.3784,1.3784,0.040463,0.040463,7663912833.0,6900560146.0,4731381433.0,561228336761.0,505328019492.0,家用电器,家用电器,白色家电,空调,80.03,65.48,0.0
2025-04-29,391.72,397.66,389.58,396.75,391.56,5.189999999999998,1.33,23497383.0,1733740168.0,5.347,0.003405,0.004966,1.07,14.7562,14.7562,2.6232,1.3967,1.3967,0.039934,0.039934,7663912833.0,6900560146.0,4731381433.0,568662332209.0,512021562833.0,家用电器,家用电器,白色家电,空调,80.55,65.91,0.0
2025-04-30,401.03,401.67,392.74,393.65,396.75,-3.1000000000000227,-0.78,47810026.0,3548715615.0,5.347,0.0069289999999999,0.010105,2.17,14.6408,13.4467,2.4547,1.3858,1.3155,0.040248,0.040248,7663912833.0,6900436496.0,4731381433.0,564217262765.0,508010134836.0,家用电器,家用电器,白色家电,空调,81.62,66.78,0.0
2025-05-06,396.91,397.71,390.87,395.95,393.65,2.300000000000012,0.58,34641179.0,2556249632.0,5.347,0.00502,0.0073219999999999,1.28,14.7263,13.5253,2.4691,1.3939,1.3232,0.040015,0.040015,7663912833.0,6900436496.0,4731257783.0,567512745284.0,510977322529.0,家用电器,家用电器,白色家电,空调,80.98,66.26,0.0
2025-05-07,399.8,401.99,395.68,397.6,395.95,1.650000000000034,0.42,30028102.0,2239595605.0,5.347,0.004352,0.006347,1.02,14.788,13.5819,2.4794,1.3997,1.3288,0.039848,0.039848,7663912833.0,6900436496.0,4731257783.0,569888558262.0,513116457843.0,家用电器,家用电器,白色家电,空调,81.46,66.65,0.0
2025-05-08,397.55,404.45,395.04,401.03,397.6,3.42999999999995,0.86,27707567.0,2081094569.0,5.347,0.004015,0.005856,0.87,14.9153,13.6988,2.5007,1.4118,1.3402,0.039505,0.039505,7663912833.0,6900436496.0,4731257783.0,574793462475.0,517532737200.0,家用电器,家用电器,白色家电,空调,81.8,66.92,0.0
2025-05-09,400.97,406.53,399.47,405.3,401.03,4.270000000000039,1.06,24563898.0,1861536388.0,5.347,0.00356,0.005191,0.75,15.0753,13.8457,2.5273,1.4269,1.3546,0.039087,0.039087,7664360188.0,6900883851.0,4731705138.0,580958502250.0,523086995906.0,家用电器,家用电器,白色家电,空调,82.5,67.5,0.0
2025-05-12,406.91,410.33,405.84,409.47,405.3,4.170000000000016,1.03,27223912.0,2078979154.0,5.347,0.003945,0.005753,0.83,15.2309,13.9886,2.5532,1.4416,1.3686,0.038687,0.038687,7664608384.0,6901132047.0,4731953334.0,586955710047.0,528488692159.0,家用电器,家用电器,白色家电,空调,83.38,68.22,0.0
2025-05-13,411.72,412.79,408.72,412.31,409.47,2.839999999999975,0.69,25527841.0,1963341233.0,5.347,0.003699,0.0053939999999999,0.89,15.3369,14.086,2.5708,1.4517,1.3781,0.038417,0.038417,7664915546.0,6901439209.0,4732260496.0,591041637752.0,532169977406.0,家用电器,家用电器,白色家电,空调,84.24,68.92,0.0
2025-05-14,411.18,414.66,407.07,412.2,412.31,-0.1100000000000136,-0.03,29249633.0,2248759306.0,5.347,0.004238,0.00618,1.08,15.3343,14.0836,2.5698,1.4514,1.3778,0.038424,0.038424,7665588946.0,6902112609.0,4732933896.0,590940251847.0,532083861028.0,家用电器,家用电器,白色家电,空调,84.82,69.4,0.0
2025-05-15,409.9,412.09,408.08,409.05,412.2,-3.1499999999999773,-0.76,20490185.0,1571335906.0,5.347,0.002968,0.004329,0.76,15.2182,13.977,2.5499,1.4404,1.3674,0.038717,,7666260562.0,6902784225.0,4733605512.0,586468932993.0,528062993213.0,家用电器,家用电器,白色家电,空调,84.8,69.38,0.0
2025-05-16,407.49,410.86,404.07,409.58,409.05,0.5299999999999727,0.13,23865992.0,1819974356.0,5.347,0.003457,0.005041,0.94,15.2394,13.9965,2.553,1.4424,1.3693,0.038664,,7666894074.0,6903417737.0,4734239024.0,587284086068.0,528801798654.0,家用电器,家用电器,白色家电,空调,84.15,68.85,0.0
2025-05-19,408.72,415.57,407.92,414.82,409.58,5.240000000000009,1.28,26308625.0,2031022754.0,5.347,0.003811,0.0055569999999999,1.04,15.435,14.1761,2.5855,1.4609,1.3869,0.038174,,7667229140.0,6903752803.0,4734574090.0,594823636681.0,535593142457.0,家用电器,家用电器,白色家电,空调,84.26,68.94,0.0
2025-05-20,414.55,422.95,414.29,420.65,414.82,5.829999999999984,1.41,27799540.000000004,2184604655.0,5.347,0.004027,0.0058709999999999,1.11,15.6526,14.376,2.6217,1.4815,1.4065,0.03764,,7667582142.0,6904105805.0,4734927092.0,603208687111.0,543146003679.0,家用电器,家用电器,白色家电,空调,85.34,69.82,0.0
2025-05-21,419.74,424.77,419.58,421.34,420.65,0.6899999999999977,0.16,20543826.0,1619842976.0,5.347,0.0029749999999999,0.004338,0.8,15.6804,14.4015,2.6263,1.4842,1.409,0.037572,,7668536133.0,6905059796.0,4735881083.0,604280647280.0,544118711925.0,家用电器,家用电器,白色家电,空调,86.54,70.8,0.0
2025-05-22,420.97,425.41,418.72,424.34,421.34,3.0,0.71,23403426.0,1850376659.0,5.347,0.0033889999999999,0.004941,0.98,15.794,14.5058,2.6437,1.4949,1.4192,0.037302,,7669562028.0,6906085691.0,4736906978.0,608656442542.0,548066960438.0,家用电器,家用电器,白色家电,空调,86.68,70.92,0.0
2025-05-23,424.34,430.33,420.92,421.82,424.34,-2.519999999999982,-0.59,29974589.0,2385953118.0,5.347,0.00434,0.006327,1.23,15.7026,14.4219,2.6276,1.4863,1.4109,0.037512,,7670593610.0,6907117273.0,4737938560.0,605133129893.0,544902481667.0,家用电器,家用电器,白色家电,空调,87.3,71.42,0.0
2025-05-26,420.92,423.43,414.98,418.51,421.82,-3.3100000000000023,-0.78,24168884.0,1893696279.0,5.347,0.003498,0.005101,0.94,15.5835,14.3125,2.606,1.475,1.4002,0.037801,,7672745179.0,6909268842.0,4737938560.0,600545765160.0,540788472263.0,家用电器,家用电器,白色家电,空调,86.78,71.0,0.0
2025-05-27,418.14,421.82,417.17,419.63,418.51,1.1200000000000043,0.27,20644898.0,1620472097.0,5.347,0.002987,0.004354,0.82,15.6285,14.3538,2.6123,1.4793,1.4043,0.037694,,7674294738.0,6910818401.0,4741639688.0,602278651038.0,542361028110.0,家用电器,家用电器,白色家电,空调,86.1,70.44,0.0
2025-05-28,422.31,428.29,420.81,424.12,419.63,4.490000000000009,1.07,24044877.0,1911343092.0,5.347,0.003479,0.00507,1.01,15.7982,14.5097,2.6397,1.4953,1.4195,0.037287,,7675467002.0,6911990665.0,4742811952.0,608818042599.0,548259099548.0,家用电器,家用电器,白色家电,空调,86.33,70.63,0.0
2025-05-29,422.79,425.03,418.99,422.31,424.12,-1.8100000000000025,-0.43,25167731.0,1988440748.0,5.347,0.00364,0.005305,1.03,15.7332,14.45,2.6278,1.4892,1.4137,0.037441,,7676824510.0,6913348173.0,4744169460.0,606315599800.0,546016238704.0,家用电器,家用电器,白色家电,空调,87.25,71.39,0.0
2025-05-30,421.02,425.14,418.67,422.73,422.31,0.4200000000000159,0.1,21573317.0,1703126097.0,5.347,0.00312,0.004546,0.87,15.7517,14.467,2.6299,1.4909,1.4154,0.0374,,7678037542.0,6914561205.0,4745382492.0,607025648071.0,546665208867.0,家用电器,家用电器,白色家电,空调,86.88,71.08,0.0
2025-06-03,422.68,422.68,404.61,405.89,422.73,-16.840000000000032,-3.98,56190781.00000001,4293054877.000001,5.347,0.008126,0.0118389999999999,2.43,15.1225,13.8891,2.5247,1.4314,1.3588,0.03896,,7677244824.0,6915262030.0,4746083317.0,582779654590.0,524937540697.0,家用电器,家用电器,白色家电,空调,86.97,71.15,0.0
2025-06-04,405.2,409.47,403.7,404.02,405.89,-1.8700000000000043,-0.46,36755439.0,2790934593.0,5.347,0.0053149999999999,0.007744,1.24,15.0528,13.8251,2.513,1.4248,1.3526,0.039141,,7677244824.0,6915262030.0,4746083317.0,580092618901.0,522517198987.0,家用电器,家用电器,白色家电,空调,83.5,68.32,0.0
2025-06-05,403.38,405.84,401.29,402.36,404.02,-1.6599999999999682,-0.41,23580308.0,1776718063.0,5.347,0.00341,0.004968,0.72,14.991,13.7684,2.5027,1.4189,1.347,0.039302,,7677244824.0,6915262030.0,4746083317.0,577712673006.0,520373467758.0,家用电器,家用电器,白色家电,空调,83.12,68.0,0.0
2025-06-06,403.0,405.46,401.56,404.77,402.36,2.409999999999968,0.6,27555948.0,2081019011.0,5.347,0.003985,0.005806,0.84,15.0807,13.8507,2.5177,1.4274,1.3551,0.039068,,7677244824.0,6915262030.0,4746083317.0,581167433177.0,523485335671.00006,家用电器,家用电器,白色家电,空调,82.78,67.73,0.0
2025-06-09,402.36,404.13,396.05,403.16,404.77,-1.6099999999999568,-0.4,46695588.0,3500234348.0,5.347,0.006753,0.009839,1.41,15.0209,13.7958,2.5077,1.4217,1.3497,0.039224,,7677244824.0,6915262030.0,4746083317.0,578864259730.0,521410757062.00006,家用电器,家用电器,白色家电,空调,83.27,68.13,0.0
2025-06-10,404.39,409.05,401.29,401.29,403.16,-1.8700000000000043,-0.46,32107412.0,2433498302.0,5.347,0.0046429999999999,0.006765,0.84,14.9512,13.7318,2.4961,1.4151,1.3434,0.039407,,7677244824.0,6915262030.0,4746083317.0,576177224041.0,518990415352.0,家用电器,家用电器,白色家电,空调,82.94,67.86,0.0
2025-06-11,402.09,405.3,400.12,403.65,401.29,2.359999999999957,0.59,26308346.000000004,1986827774.0,5.347,0.003804,0.005543,0.79,15.0388,13.8123,2.5107,1.4234,1.3513,0.039177,,7677244824.0,6915262030.0,4746083317.0,579555211764.0,522033130645.0,家用电器,家用电器,白色家电,空调,82.56,67.55,0.0
2025-06-12,406.45,407.4,400.95,404.71,403.64,1.0699999999999932,0.27,34702892.0,2510413458.0,5.6054,0.005018,0.007312,1.11,14.3834,13.2103,2.7157,1.3614,1.2924,0.040962,0.048183,7677244824.0,6915262030.0,4746083317.0,554297076293.0,499281918566.0,家用电器,家用电器,白色家电,空调,79.21,64.81,0.0
2025-06-13,401.35,404.49,397.98,400.67,404.71,-4.039999999999964,-1.0,30045204.0,2148718105.0,5.6054,0.004345,0.006331,0.9,14.24,13.0786,2.6886,1.3478,1.2795,0.041375,0.048669,7677244824.0,6915262030.0,4746083317.0,548769460020.0,494302929904.0,家用电器,家用电器,白色家电,空调,79.42,64.98,0.0
2025-06-16,401.35,402.47,397.14,399.44,400.67,-1.2300000000000182,-0.31,25020494.0,1784037774.0,5.6054,0.003618,0.005272,0.74,14.1962,13.0383,2.6803,1.3437,1.2756,0.041502,0.048819,7677244824.0,6915262030.0,4746083317.0,547080466158.0,492781572258.0,家用电器,家用电器,白色家电,空调,78.63,64.33,0.0
2025-06-17,402.47,409.64,402.47,403.93,399.44,4.490000000000009,1.12,32639478.000000004,2362020250.0,5.6054,0.0047199999999999,0.0068769999999999,1.1,14.3555,13.1847,2.7104,1.3588,1.2899,0.0410419999999999,0.048277,7677244824.0,6915262030.0,4746083317.0,553222262017.0,498313781882.0,家用电器,家用电器,白色家电,空调,78.39,64.13,0.0
2025-06-18,404.65,407.18,403.7,404.15,403.93,0.2199999999999704,0.05,17528837.0,1265648159.0,5.6054,0.002535,0.003693,0.59,14.3635,13.192,2.7119,1.3595,1.2906,0.041019,0.04825,7677244824.0,6915262030.0,4746083317.0,553529351810.0,498590392363.0,家用电器,家用电器,白色家电,空调,79.27,64.85,0.0
2025-06-19,404.71,405.89,398.71,399.83,404.15,-4.319999999999993,-1.07,21125341.0,1512893148.0,5.6054,0.003055,0.004451,0.75,14.2101,13.0511,2.6829,1.345,1.2768,0.041462,0.048771,7677244824.0,6915262030.0,4746083317.0,547617873296.0,493265640600.0,家用电器,家用电器,白色家电,空调,79.31,64.89,0.0
2025-06-20,399.95,405.72,399.44,405.72,399.83,5.890000000000043,1.47,22986421.0,1655767156.0,5.6054,0.0033239999999999,0.004843,0.91,14.4193,13.2432,2.7224,1.3648,1.2956,0.04086,0.048064,7677244824.0,6915262030.0,4746083317.0,555678980361.0,500526665731.0,家用电器,家用电器,白色家电,空调,78.46,64.2,0.0
2025-06-23,403.59,405.44,400.56,402.02,405.72,-3.7000000000000455,-0.91,21054495.0,1510951196.0,5.6054,0.003045,0.004436,0.88,14.2878,13.1225,2.6976,1.3524,1.2838,0.0412359999999999,0.048506,7677244824.0,6915262030.0,4746083317.0,550611998777.0,495962592792.0,家用电器,家用电器,白色家电,空调,79.62,65.14,0.0
2025-06-24,404.15,411.1,403.59,408.07,402.02,6.050000000000011,1.5,27050087.0,1971805636.0,5.6054,0.003912,0.0056989999999999,1.17,14.5029,13.3201,2.7382,1.3727,1.3031,0.040624,0.047786,7677244824.0,6915262030.0,4746083317.0,558903423187.0,503431075784.0,家用电器,家用电器,白色家电,空调,78.89,64.55,0.0
2025-06-25,408.07,411.04,405.27,410.2,408.07,2.1299999999999955,0.52,24327543.0,1772058946.0,5.6054,0.003518,0.0051259999999999,1.11,14.5786,13.3896,2.7525,1.3799,1.31,0.040413,0.047538,7677244824.0,6915262030.0,4746083317.0,561820776220.0,506058875355.0,家用电器,家用电器,白色家电,空调,80.08,65.52,0.0
2025-06-26,409.19,412.5,407.79,409.75,410.2,-0.4499999999999886,-0.11,22672619.0,1658102065.0,5.6054,0.003284,0.004788,0.97,14.5417,13.3556,2.7455,1.3764,1.3066,0.040522,0.047665,7666154083.0,6904171289.0,4734992576.0,560395863467.0,504694921226.0,家用电器,家用电器,白色家电,空调,80.5,65.86,0.0
2025-06-27,409.53,410.26,404.82,405.16,409.75,-4.589999999999975,-1.12,22364021.0,1623349472.0,5.6054,0.003239,0.004723,0.95,14.3786,13.2058,2.7147,1.3609,1.292,0.040981,0.048206,7666154083.0,6904171289.0,4734992576.0,554109617119.0,499033500769.0,家用电器,家用电器,白色家电,空调,80.41,65.79,0.0
2025-06-30,404.99,406.84,403.48,404.71,405.16,-0.4500000000000455,-0.11,19302259.0,1394828333.0,5.6054,0.002796,0.004077,0.82,14.3626,13.1912,2.7117,1.3594,1.2905,0.0410269999999999,0.04826,7666154083.0,6904171289.0,4734992576.0,553496324793.0,498481167066.0,家用电器,家用电器,白色家电,空调,79.51,65.05,0.0
2025-07-01,405.16,405.55,402.47,404.21,404.71,-0.5,-0.12,18625209.0,1341760455.0,5.6054,0.002698,0.003934,0.8,14.3447,13.1748,2.7084,1.3577,1.2889,0.041078,0.04832,7666154083.0,6904171289.0,4734992576.0,552806370925.0,497859791650.0,家用电器,家用电器,白色家电,空调,79.42,64.98,0.0
2025-07-02,404.21,409.75,402.52,406.39,404.21,2.180000000000007,0.54,26615479.0,1929453681.0,5.6054,0.003855,0.005621,1.24,14.4223,13.246,2.723,1.3651,1.2959,0.040857,0.04806,7666154083.0,6904171289.0,4734992576.0,555796171018.0,500552418453.0,家用电器,家用电器,白色家电,空调,79.32,64.9,0.0
2025-07-03,408.02,408.91,405.49,408.58,406.39,2.1899999999999977,0.54,17936923.0,1304399831.0,5.6054,0.0025979999999999,0.003788,0.82,14.4999,13.3173,2.7377,1.3724,1.3029,0.0406379999999999,0.047803,7666154083.0,6904171289.0,4734992576.0,558785971110.0,503245045255.0,家用电器,家用电器,白色家电,空调,79.75,65.25,0.0
2025-07-04,408.52,413.9,406.95,411.88,408.58,3.300000000000012,0.81,21146224.0,1548790547.0,5.6054,0.003063,0.004466,1.01,14.6173,13.4251,2.7598,1.3835,1.3134,0.040312,0.047419,7666154083.0,6904171289.0,4734992576.0,563309002019.0,507318506316.0,家用电器,家用电器,白色家电,空调,80.18,65.6,0.0
2025-07-07,410.32,411.72,405.44,406.67,411.88,-5.20999999999998,-1.26,21545334.0,1567324871.0,5.6054,0.003121,0.00455,1.04,14.4323,13.2552,2.7249,1.366,1.2968,0.040814,0.048009,7666154083.0,6904171289.0,4734992576.0,556179478722.0,500897627017.0,家用电器,家用电器,白色家电,空调,80.83,66.13,0.0
2025-07-08,406.67,407.51,403.98,404.82,406.67,-1.8500000000000227,-0.45,25686651.0,1856483047.0,5.6054,0.003719,0.005422,1.21,14.3714,13.1993,2.7118,1.3603,1.2913,0.040995,0.0482219999999999,7668710797.0,6906728003.0,4737549290.0,553834293759.0,498803896377.0,家用电器,家用电器,白色家电,空调,79.81,65.3,0.0
2025-07-09,403.98,405.55,402.47,402.47,404.82,-2.349999999999966,-0.58,27205267.0,1958489420.0,5.6054,0.003938,0.005742,1.2,14.2896,13.1241,2.6958,1.3525,1.284,0.041231,0.0484999999999999,7669643521.0,6907660727.0,4737549290.0,550680404808.0,495970040199.0,家用电器,家用电器,白色家电,空调,79.44,65.0,0.0
2025-07-10,402.69,403.42,399.83,401.8,402.47,-0.6700000000000159,-0.17,23151388.0,1656983409.0,5.6054,0.003351,0.004885,1.02,14.2669,13.1033,2.6912,1.3504,1.2819,0.041298,0.048579,7670275927.0,6908293133.0,4739114420.0,549805378447.0,495186451773.0,家用电器,家用电器,白色家电,空调,78.98,64.62,0.0
2025-07-11,402.13,408.07,401.85,406.28,401.8,4.479999999999961,1.11,32055369.0,2324470998.0,5.6054,0.00464,0.006763,1.35,14.4268,13.2502,2.7211,1.3655,1.2963,0.040842,0.048042,7670656588.0,6908673794.0,4739495081.0,555969189498.0,500740676589.0,家用电器,家用电器,白色家电,空调,78.85,64.51,0.0
2025-07-14,406.22,410.37,403.48,409.75,406.28,3.470000000000028,0.85,23373900.0,1702246964.0,5.6054,0.003382,0.004929,0.9,14.5502,13.3635,2.7444,1.3772,1.3074,0.040492,0.04763,7670656588.0,6911192494.0,4742013781.0,560724996583.0,505208171311.0,家用电器,家用电器,白色家电,空调,79.73,65.23,0.0
2025-07-15,409.81,412.0,408.13,410.37,409.75,0.6200000000000045,0.15,24900978.0,1821265543.0,5.6054,0.003603,0.00525,0.95,14.5734,13.3848,2.7483,1.3794,1.3095,0.040429,0.047556,7671328700.0,6911864606.0,4742685893.0,561617974127.0,506017607805.0,家用电器,家用电器,白色家电,空调,80.41,65.79,0.0
2025-07-16,411.83,415.3,408.07,408.58,410.37,-1.7900000000000205,-0.44,20688807.0,1514278424.0,5.6054,0.002993,0.0043619999999999,0.79,14.5103,13.3268,2.7363,1.3734,1.3038,0.040605,0.047764,7671658750.999999,6912194656.999999,4743015944.0,559187206360.0,503829868549.0,家用电器,家用电器,白色家电,空调,80.53,65.89,0.0
2025-07-17,407.79,411.6,406.95,407.12,408.58,-1.4599999999999795,-0.36,24729994.0,1804135157.0,5.6054,0.0035759999999999,0.005211,1.0,14.459,13.2797,2.7264,1.3686,1.2992,0.040748,0.0479319999999999,7671901050.0,6914859656.0,4745680943.0,557210173262.0,502226256815.0,家用电器,家用电器,白色家电,空调,80.18,65.6,0.0
2025-07-18,408.47,410.76,406.5,408.24,407.12,1.1200000000000043,0.28,21951230.0,1596482224.0,5.6054,0.003174,0.004625,0.87,14.4995,13.3169,2.7338,1.3724,1.3028,0.040635,0.0477989999999999,7672249296.0,6915207902.0,4746029189.0,558769916228.0,503634591503.00006,家用电器,家用电器,白色家电,空调,79.89,65.37,0.0
2025-07-21,407.01,408.97,405.83,406.67,408.24,-1.5699999999999932,-0.38,30897062.0,2244011063.0,5.6054,0.004466,0.006507,1.34,14.4442,13.2661,2.7232,1.3672,1.2979,0.040791,0.047982,7672506592.0,6917748550.0,4748569837.0,556640353250.0,501882657303.0,家用电器,家用电器,白色家电,空调,80.11,65.55,0.0
2025-07-22,406.84,410.43,405.05,410.26,406.67,3.589999999999975,0.88,35720411.0,2602924271.0,5.6054,0.005163,0.007522,1.45,14.572,13.3835,2.7473,1.3793,1.3094,0.0404319999999999,0.04756,7672705045.0,6917947003.0,4748768290.0,561565282244.0,506324541150.0,家用电器,家用电器,白色家电,空调,79.81,65.3,0.0
2025-07-23,410.32,413.96,410.2,412.0,410.26,1.740000000000009,0.42,36987240.0,2718700800.0,5.6054,0.005346,0.007788,1.38,14.6343,13.4407,2.7589,1.3852,1.315,0.04026,0.047358,7673009587.0,6918251544.999999,4749072832.0,563966204645.0,508491488558.0,家用电器,家用电器,白色家电,空调,80.51,65.87,0.0
2025-07-24,413.12,414.52,409.7,412.05,412.0,0.0500000000000113,0.01,29069915.000000004,2134051794.0,5.6054,0.004202,0.006121,0.97,14.6369,13.4431,2.7592,1.3854,1.3152,0.040253,0.0473489999999999,7673315630.0,6918557588.0,4749378875.0,564065431961.0,508583168294.0,家用电器,家用电器,白色家电,空调,80.85,66.15,0.0
2025-07-25,411.44,411.44,406.67,407.85,412.05,-4.199999999999989,-1.02,24456208.0,1780421843.0,5.6054,0.003535,0.005149,0.79,14.4881,13.3065,2.731,1.3713,1.3018,0.040667,0.047836,7673618158.0,6918480768.0,4749302055.0,558332457176.0,503388660680.00006,家用电器,家用电器,白色家电,空调,80.86,66.16,0.0
2025-07-28,408.19,408.75,402.47,403.25,407.85,-4.600000000000023,-1.13,37773632.0,2725637108.0,5.6054,0.005456,0.007945,1.2,14.3251,13.1568,2.7001,1.3559,1.2872,0.041129,0.04838,7673773749.000001,6923454198.0,4754275485.0,552051283503.0,498073295004.0,家用电器,家用电器,白色家电,空调,80.04,65.48,0.0
2025-07-29,403.25,403.98,398.1,399.33,403.25,-3.920000000000016,-0.97,39836931.0,2843589788.0,5.6054,0.005754,0.008379,1.21,14.1861,13.0291,2.6738,1.3427,1.2747,0.041532,0.0488539999999999,7673976565.0,6923657014.0,4754478301.0,546694090491.0,493241325677.0,家用电器,家用电器,白色家电,空调,79.13,64.75,0.0
2025-07-30,400.73,407.74,399.1,404.21,399.33,4.879999999999996,1.22,41132530.0,2964849148.0,5.6054,0.0059409999999999,0.0086509999999999,1.22,14.3598,13.1886,2.7064,1.3592,1.2903,0.04103,0.048263,7674195328.0,6923875777.0,4754697064.0,553386225102.0,499280682279.0,家用电器,家用电器,白色家电,空调,78.36,64.12,0.0
2025-07-31,403.59,403.7,391.71,393.44,404.21,-10.769999999999982,-2.66,69477714.0,4895784250.0,5.6054,0.010034,0.014612,2.02,13.9778,12.8378,2.6342,1.323,1.256,0.042152,0.049583,7674411683.0,6924092132.0,4754913419.0,538666956030.0,486002026745.00006,家用电器,家用电器,白色家电,空调,79.32,64.9,0.0
2025-08-01,393.5,397.82,392.94,396.81,393.44,3.3700000000000045,0.86,28644667.0,2019147913.0,5.6054,0.004137,0.006024,0.67,14.0975,12.9477,2.6567,1.3343,1.2667,0.041793,0.049161,7674494142.0,6924174591.0,4754995878.0,543277440312.0,490162319297.0,家用电器,家用电器,白色家电,空调,77.21,63.17,0.0
2025-08-04,395.46,397.98,393.5,397.65,396.81,0.839999999999975,0.21,19776642.0,1398398728.0,5.6054,0.002856,0.0041589999999999,0.46,14.1277,12.9755,2.6623,1.3372,1.2694,0.041704,0.0490559999999999,7674704145.0,6924384594.000001,4755205881.0,544443512046.0,491215843098.0,家用电器,家用电器,白色家电,空调,77.87,63.71,0.0
2025-08-05,398.6,400.84,396.19,400.11,397.65,2.4600000000000364,0.62,19174845.0,1365340860.0,5.6054,0.0027689999999999,0.004032,0.48,14.2155,13.0561,2.6788,1.3455,1.2773,0.041447,0.048753,7674804565.0,6924485013.999999,4755306301.0,547827549850.0,494269740299.0,家用电器,家用电器,白色家电,空调,78.03,63.85,0.0
2025-08-06,400.11,402.36,397.93,401.91,400.11,1.8000000000000114,0.45,22135849.0,1583549584.0,5.6054,0.0031969999999999,0.004655,0.62,14.2794,13.1148,2.6908,1.3516,1.2831,0.041262,0.048536,7674874340.0,6924554789.0,4755376076.0,550288490178.0,496490578371.0,家用电器,家用电器,白色家电,空调,78.52,64.24,0.0
2025-08-07,400.84,403.2,399.16,400.67,401.91,-1.240000000000009,-0.31,20361565.0,1456650769.0,5.6054,0.00294,0.004282,,14.2357,13.0747,2.6825,1.3474,1.2791,0.041388,0.048685,7674962020.000001,6924642469.0,4755463756.0,548606285190.0,494973443684.0,家用电器,家用电器,白色家电,空调,78.87,64.53,0.0
2025-08-08,400.23,402.64,399.61,401.23,400.67,0.5600000000000023,0.14,20118405.0,1439938213.0,5.6054,0.0029049999999999,0.0042309999999999,,14.2558,13.0931,2.6862,1.3493,1.2809,0.04133,0.048616,7675022820.0,6924703269.0,4755524556.0,549378133456.0,495670259995.0,家用电器,家用电器,白色家电,空调,78.63,64.33,0.0
2025-08-11,399.67,402.58,399.05,402.24,401.23,1.009999999999991,0.25,17912366.0,1282650770.0,5.6054,0.002587,0.003767,,14.2917,13.1261,2.693,1.3527,1.2842,0.041226,0.048494,7675083810.000001,6924764259.0,4755585546.0,550764014206.0,496921083226.0,家用电器,家用电器,白色家电,空调,78.74,64.42,0.0
2025-08-12,402.19,406.06,401.35,403.2,402.24,0.9599999999999796,0.24,24047589.0,1734351324.0,5.6054,0.003473,0.005057,,14.3257,13.1573,2.6993,1.3559,1.2872,0.041128,0.048379,7675122990.0,6924803439.0,4755624726.0,552071596671.0,498101111367.0,家用电器,家用电器,白色家电,空调,78.94,64.58,0.0
2025-08-13,403.48,405.21,401.35,402.58,403.2,-0.6200000000000045,-0.15,25384669.0,1827058280.0,5.6054,0.003666,0.005338,,14.3039,13.1373,2.6952,1.3539,1.2853,0.041191,0.048452,7675219578.0,6924900027.0,4755721314.0,551234270092.0,497346319939.0,家用电器,家用电器,白色家电,空调,79.12,64.74,0.0
2025-08-14,402.47,409.47,402.02,405.44,402.58,2.8600000000000136,0.71,45514924.0,3301054398.0,5.6054,0.006573,0.00957,,14.4057,13.2308,2.7143,1.3635,1.2944,0.0409,0.04811,7675328957.0,6925009406.0,4755830693.0,555156543460.0,500885930336.0,家用电器,家用电器,白色家电,空调,79.0,64.64,0.0
2025-08-15,405.44,405.83,402.52,405.27,405.44,-0.17000000000001592,-0.04,27469955.0,1980637245.0,5.6054,0.003967,0.005776,,14.3997,13.2253,2.7131,1.363,1.2939,0.040917,0.04813,7675328957.0,6925009406.0,4755830693.0,554926283591.0,500678180054.0,家用电器,家用电器,白色家电,空调,79.56,65.1,0.0
